download_league,download_season,download_season_id,id,homeID,awayID,season,status,roundID,game_week,revised_game_week,homeGoals,awayGoals,homeGoalCount,awayGoalCount,totalGoalCount,team_a_corners,team_b_corners,totalCornerCount,team_a_offsides,team_b_offsides,team_a_yellow_cards,team_b_yellow_cards,team_a_red_cards,team_b_red_cards,team_a_shotsOnTarget,team_b_shotsOnTarget,team_a_shotsOffTarget,team_b_shotsOffTarget,team_a_shots,team_b_shots,team_a_fouls,team_b_fouls,team_a_possession,team_b_possession,refereeID,coach_a_ID,coach_b_ID,stadium_name,stadium_location,team_a_cards_num,team_b_cards_num,odds_ft_1,odds_ft_x,odds_ft_2,odds_ft_over05,odds_ft_over15,odds_ft_over25,odds_ft_over35,odds_ft_over45,odds_ft_under05,odds_ft_under15,odds_ft_under25,odds_ft_under35,odds_ft_under45,odds_btts_yes,odds_btts_no,odds_team_a_cs_yes,odds_team_a_cs_no,odds_team_b_cs_yes,odds_team_b_cs_no,odds_doublechance_1x,odds_doublechance_12,odds_doublechance_x2,odds_1st_half_result_1,odds_1st_half_result_x,odds_1st_half_result_2,odds_2nd_half_result_1,odds_2nd_half_result_x,odds_2nd_half_result_2,odds_dnb_1,odds_dnb_2,odds_corners_over_75,odds_corners_over_85,odds_corners_over_95,odds_corners_over_105,odds_corners_over_115,odds_corners_under_75,odds_corners_under_85,odds_corners_under_95,odds_corners_under_105,odds_corners_under_115,odds_corners_1,odds_corners_x,odds_corners_2,odds_team_to_score_first_1,odds_team_to_score_first_x,odds_team_to_score_first_2,odds_win_to_nil_1,odds_win_to_nil_2,odds_1st_half_over05,odds_1st_half_over15,odds_1st_half_over25,odds_1st_half_over35,odds_1st_half_under05,odds_1st_half_under15,odds_1st_half_under25,odds_1st_half_under35,odds_2nd_half_over05,odds_2nd_half_over15,odds_2nd_half_over25,odds_2nd_half_over35,odds_2nd_half_under05,odds_2nd_half_under15,odds_2nd_half_under25,odds_2nd_half_under35,odds_btts_1st_half_yes,odds_btts_1st_half_no,odds_btts_2nd_half_yes,odds_btts_2nd_half_no,overallGoalCount,ht_goals_team_a,ht_goals_team_b,goals_2hg_team_a,goals_2hg_team_b,GoalCount_2hg,HTGoalCount,date_unix,winningTeam,no_home_away,btts_potential,btts_fhg_potential,btts_2hg_potential,goalTimingDisabled,attendance,corner_timings_recorded,card_timings_recorded,team_a_fh_corners,team_b_fh_corners,team_a_2h_corners,team_b_2h_corners,corner_fh_count,corner_2h_count,team_a_fh_cards,team_b_fh_cards,team_a_2h_cards,team_b_2h_cards,total_fh_cards,total_2h_cards,attacks_recorded,team_a_dangerous_attacks,team_b_dangerous_attacks,team_a_attacks,team_b_attacks,team_a_xg,team_b_xg,total_xg,team_a_penalties_won,team_b_penalties_won,team_a_penalty_goals,team_b_penalty_goals,team_a_penalty_missed,team_b_penalty_missed,pens_recorded,goal_timings_recorded,team_a_0_10_min_goals,team_b_0_10_min_goals,team_a_corners_0_10_min,team_b_corners_0_10_min,team_a_cards_0_10_min,team_b_cards_0_10_min,throwins_recorded,team_a_throwins,team_b_throwins,freekicks_recorded,team_a_freekicks,team_b_freekicks,goalkicks_recorded,team_a_goalkicks,team_b_goalkicks,o45_potential,o35_potential,o25_potential,o15_potential,o05_potential,o15HT_potential,o05HT_potential,o05_2H_potential,o15_2H_potential,corners_potential,offsides_potential,cards_potential,avg_potential,home_url,home_image,home_name,away_url,away_image,away_name,home_ppg,away_ppg,pre_match_home_ppg,pre_match_away_ppg,pre_match_teamA_overall_ppg,pre_match_teamB_overall_ppg,u45_potential,u35_potential,u25_potential,u15_potential,u05_potential,corners_o85_potential,corners_o95_potential,corners_o105_potential,team_a_xg_prematch,team_b_xg_prematch,total_xg_prematch,match_url,competition_id,matches_completed_minimum,over05,over15,over25,over35,over45,over55,btts,homeGoals_timings,awayGoals_timings
MLS,2025,13973,8229327,10,20,2025,complete,120240,0,-1,"['67', '69']","['38', '53', '63', '76']",2,4,6,5,2,7,2,2,2,2,0,0,6,6,10,5,16,11,10,10,54,46,70481.0,2.0,28121.0,,,2,2,2.05,3.75,3.05,1.03,1.17,1.55,2.29,3.85,13.0,6.0,2.4,1.55,1.22,1.41,2.5,3.55,1.25,5.0,1.13,1.33,0.0,1.83,2.5,2.3,3.7,2.25,2.7,3.3,0.0,0.0,1.23,1.42,1.7,2.1,2.62,3.6,2.62,2.05,1.66,1.42,1.6,8.5,2.45,0.0,0.0,0.0,4.4,7.0,1.28,2.15,5.25,13.5,3.3,1.55,1.14,1.02,1.15,1.73,3.2,6.5,4.75,2.0,1.3,1.08,0,0,0,0,6,0,1,2,3,5,1,1745802000,20,0,38,13,0,0,19271,2,1,1,2,4,0,3,4,1,0,1,2,1,3,1,62,26,108,85,1.88,1.31,3.19,0,1,0,1,0,0,1,1,0,0,0,0,0,0,1,16,22,1,10,9,1,3,9,13,13,50,88,88,13,75,88,63,9.75,2.5,4.25,2.63,/clubs/la-galaxy-10,teams/usa-la-galaxy.png,LA Galaxy,/clubs/portland-timbers-20,teams/usa-portland-timbers.png,Portland Timbers,1.35,0.89,0.25,1.75,0.33,1.67,88,88,50,13,13,63,50,38,1.33,1.39,2.72,/usa/la-galaxy-vs-portland-timbers-h2h-stats#8229327,13973,34,True,True,True,True,True,True,True,"['67', '69']","['38', '53', '63', '76']"
MLS,2025,13973,8229328,18,1015,2025,complete,120240,0,-1,"['55', '83']","['51', '54', '58']",2,3,5,9,0,9,1,0,1,4,0,0,2,6,8,7,10,13,13,15,65,35,,25.0,55946.0,,,1,4,1.8,3.6,4.2,1.0,1.3,2.0,3.6,7.0,9.5,3.2,1.85,1.25,1.08,1.8,1.95,2.45,1.5,4.0,1.2,1.3,0.0,1.85,2.56,2.15,4.45,2.4,2.3,4.0,0.0,0.0,1.27,1.47,1.8,2.15,2.88,3.3,2.5,1.97,1.62,1.36,1.37,8.0,3.8,0.0,0.0,0.0,3.1,7.0,1.44,3.04,6.5,23.0,2.85,1.39,1.07,1.02,1.25,2.2,4.7,12.0,3.6,1.6,1.14,1.02,0,0,0,0,5,0,0,2,3,5,0,1748815200,1015,0,34,22,21,0,31491,2,1,3,0,6,0,3,6,0,2,1,2,2,3,1,96,24,126,70,1.47,1.42,2.88,0,1,0,1,0,0,1,1,0,0,0,0,0,0,1,17,13,1,15,12,1,7,13,21,28,48,54,81,48,60,67,28,10.36,3.64,2.95,2.5,/clubs/seattle-sounders-fc-18,teams/usa-seattle-sounders-fc.png,Seattle Sounders,/clubs/minnesota-united-fc-1015,teams/usa-minnesota-united-fc.png,Minnesota United,2.17,1.58,2.43,1.5,1.63,1.69,80,73,53,47,20,55,41,34,1.8,1.25,3.05,/usa/seattle-sounders-fc-vs-minnesota-united-fc-h2h-stats#8229328,13973,37,True,True,True,True,True,False,True,"['55', '83']","['51', '54', '58']"
MLS,2025,13973,8229329,7,1016,2025,complete,120240,0,-1,"['14', '86']",['80'],2,1,3,9,1,10,1,1,2,3,0,0,8,2,10,11,18,13,10,9,52,48,,14.0,762.0,,,2,3,2.14,3.9,3.03,1.02,1.14,1.5,2.2,3.6,15.0,4.7,2.38,1.57,1.18,1.48,2.5,3.6,1.25,5.0,1.13,1.25,0.0,1.78,2.62,2.4,3.5,2.5,2.8,2.95,0.0,0.0,1.23,1.49,1.87,2.45,3.08,3.3,2.35,1.78,1.57,1.28,1.7,8.0,2.45,0.0,0.0,0.0,4.75,6.0,1.25,2.15,5.0,10.0,3.5,1.64,1.15,1.03,1.15,1.72,3.2,6.5,4.75,1.98,1.3,1.08,0,0,0,0,3,1,0,1,1,2,1,1746901800,7,0,43,20,33,0,22741,2,1,7,0,2,1,7,3,0,2,2,1,2,3,1,56,34,89,84,2.09,1.21,3.3,1,0,1,0,0,0,1,1,0,0,1,0,0,0,1,21,24,1,8,10,1,8,10,10,33,58,80,80,20,55,80,70,8.55,3.7,4.8,2.6,/clubs/chicago-fire-7,teams/usa-chicago-fire.png,Chicago Fire,/clubs/atlanta-united-fc-1016,teams/usa-atlanta-united-fc.png,Atlanta United FC,1.42,0.47,0.8,0.25,1.18,0.91,90,68,43,20,20,40,30,20,1.48,1.26,2.74,/usa/chicago-fire-vs-atlanta-united-fc-h2h-stats#8229329,13973,34,True,True,True,False,False,False,True,"['14', '86']",['80']
MLS,2025,13973,8229330,10,5,2025,complete,120240,0,-1,"['2', '60', '77']",[],3,0,3,6,7,13,2,0,1,5,0,1,8,1,4,4,12,5,7,17,56,44,13864.0,,,,,1,6,2.13,3.52,3.05,1.04,1.2,1.68,2.72,4.8,13.0,4.3,2.28,1.47,1.17,1.55,2.3,3.4,1.29,4.33,1.18,1.33,0.0,1.62,2.8,2.05,3.2,2.6,2.5,3.2,0.0,0.0,1.17,1.42,1.8,2.1,2.65,4.05,2.62,1.9,1.65,1.41,2.1,8.2,2.25,0.0,0.0,0.0,4.4,5.5,1.28,2.3,5.75,17.0,3.3,1.5,1.12,1.02,1.2,1.91,3.75,8.5,4.0,1.8,1.25,1.07,0,0,0,0,3,1,0,2,0,2,1,1751682600,10,0,47,18,24,0,-1,2,1,4,1,2,6,5,8,1,1,0,5,2,5,1,37,42,58,52,1.58,0.69,2.27,1,0,1,0,0,0,1,1,1,0,2,0,0,0,1,21,15,1,16,7,1,3,1,18,29,47,66,84,23,60,72,43,11.6,2.72,3.64,2.5,/clubs/la-galaxy-10,teams/usa-la-galaxy.png,LA Galaxy,/clubs/vancouver-whitecaps-fc-5,teams/canada-vancouver-whitecaps-fc.png,Vancouver Whitecaps,1.35,1.65,0.63,2.0,0.45,2.0,83,71,53,35,17,64,64,59,1.39,1.34,2.73,/usa/vancouver-whitecaps-fc-vs-la-galaxy-h2h-stats#8229330,13973,34,True,True,True,False,False,False,False,"['2', '60', '77']",[]
MLS,2025,13973,8229331,2,1016,2025,complete,120240,0,-1,"['44', '55', '57', '59']",[],4,0,4,5,5,10,3,2,0,0,0,0,6,4,5,4,11,8,8,6,56,44,70173.0,,,,,0,0,1.88,3.65,3.88,1.0,1.17,1.55,2.3,4.0,12.0,4.5,2.25,1.52,1.2,1.53,2.4,3.2,1.3,5.0,1.12,1.26,0.0,1.88,2.56,2.1,3.9,2.3,2.62,3.5,0.0,0.0,1.17,1.37,1.65,1.98,2.55,3.8,2.8,2.1,1.72,1.45,1.5,7.0,2.75,0.0,0.0,0.0,4.0,7.5,1.28,2.51,4.9,13.0,3.3,1.56,1.13,1.02,1.14,1.81,3.55,6.75,4.5,1.9,1.27,1.07,0,0,0,0,4,1,0,3,0,3,1,1749771000,2,0,44,6,27,0,-1,2,-1,5,2,0,3,7,3,0,0,0,0,0,0,1,9,4,27,9,1.17,0.81,1.98,0,0,0,0,0,0,1,1,0,0,3,0,-1,-1,1,5,4,1,6,8,1,11,3,0,13,57,84,100,18,62,88,60,11.03,3.08,4.11,2.52,/clubs/new-york-city-fc-2,teams/usa-new-york-city-fc.png,New York City,/clubs/atlanta-united-fc-1016,teams/usa-atlanta-united-fc.png,Atlanta United FC,1.89,0.47,2.0,0.29,1.47,1.0,100,88,44,17,0,72,65,52,1.64,1.18,2.82,/usa/new-york-city-fc-vs-atlanta-united-fc-h2h-stats#8229331,13973,34,True,True,True,True,False,False,False,"['44', '55', '57', '59']",[]
MLS,2025,13973,8229332,13,5,2025,complete,120240,0,-1,[],['54'],0,1,1,2,8,10,0,2,2,2,0,0,0,5,6,3,6,8,16,15,43,57,57.0,28222.0,5362.0,,,2,2,2.35,3.65,2.95,1.04,1.22,1.7,2.6,4.9,13.0,4.3,2.1,1.44,1.15,1.57,2.35,3.4,1.25,4.0,1.2,1.4,0.0,1.62,2.92,2.15,3.5,2.57,2.5,3.2,0.0,0.0,1.38,1.5,2.1,2.62,3.4,2.8,2.1,1.67,1.42,1.25,1.93,6.25,2.15,0.0,0.0,0.0,4.75,5.75,1.3,2.45,5.5,17.0,3.27,1.47,1.11,1.01,1.17,1.87,3.7,8.5,4.33,1.82,1.25,1.05,0,0,0,0,1,0,0,0,1,1,0,1742085000,5,0,100,0,100,0,11004,2,1,2,6,0,2,8,2,1,0,1,2,1,3,1,41,71,94,103,0.69,1.37,2.06,0,0,0,0,0,0,1,1,0,0,0,0,0,0,1,28,24,1,15,16,1,6,8,50,100,100,100,100,50,50,100,100,16.0,8.0,2.0,4.5,/clubs/fc-dallas-13,teams/usa-fc-dallas.png,FC Dallas,/clubs/vancouver-whitecaps-fc-5,teams/canada-vancouver-whitecaps-fc.png,Vancouver Whitecaps,1.22,1.65,0.0,3.0,1.33,3.0,50,0,0,0,0,50,50,50,1.62,2.38,4.0,/usa/vancouver-whitecaps-fc-vs-fc-dallas-h2h-stats#8229332,13973,36,True,False,False,False,False,False,False,[],['54']
MLS,2025,13973,8229333,698284,6,2025,complete,120240,0,-1,"['31', '41']","['80', '89']",2,2,4,5,4,9,2,0,3,1,0,0,4,6,8,12,12,18,12,11,47,53,65836.0,21189.0,20.0,,,3,1,2.05,3.4,3.65,1.02,1.3,1.95,3.3,6.5,9.5,3.3,1.8,1.29,1.09,1.75,2.0,2.6,1.44,3.8,1.2,1.25,0.0,1.8,2.25,2.15,4.4,2.36,2.45,4.0,0.0,0.0,1.28,1.49,2.06,2.32,3.08,3.42,2.4,1.85,1.57,1.28,1.67,8.0,2.55,0.0,0.0,0.0,3.3,6.5,1.37,2.7,6.2,23.0,2.8,1.4,1.08,1.02,1.24,2.1,4.6,13.0,3.5,1.65,1.16,1.04,0,0,0,0,4,2,0,0,2,2,2,1754785800,-1,0,41,18,23,0,20738,2,1,3,2,2,2,5,4,1,0,2,1,1,3,1,41,36,45,61,1.32,1.81,3.13,0,1,0,1,0,0,1,1,0,0,0,1,0,0,1,11,11,1,11,11,1,5,6,9,18,36,59,78,23,50,64,32,10.18,3.64,4.55,2.14,/clubs/austin-fc-698284,teams/usa-austin-fc.png,Austin,/clubs/houston-dynamo-6,teams/usa-houston-dynamo.png,Houston Dynamo,1.56,1.12,1.55,1.18,1.43,1.13,91,82,64,41,23,78,64,50,1.5,1.06,2.56,/usa/houston-dynamo-vs-austin-fc-h2h-stats#8229333,13973,34,True,True,True,True,False,False,True,"['31', '41']","['80', '89']"
MLS,2025,13973,8229334,7,6490,2025,complete,120240,0,-1,"['10', '70']","['19', '81']",2,2,4,1,6,7,0,1,4,2,0,0,3,6,8,6,11,12,7,10,49,51,59668.0,14.0,43902.0,,,4,2,2.35,3.45,2.9,1.0,1.19,1.57,2.45,4.0,13.0,4.3,2.25,1.44,1.17,1.53,2.38,3.6,1.25,4.33,1.18,1.4,0.0,1.6,2.9,2.29,3.4,2.63,2.8,3.15,0.0,0.0,1.28,1.47,1.75,2.32,3.05,3.25,2.5,1.86,1.6,1.32,1.85,7.5,2.4,0.0,0.0,0.0,4.75,5.8,1.27,2.32,5.25,15.0,3.4,1.55,1.13,1.03,1.16,1.83,3.5,9.0,4.4,1.85,1.25,1.07,0,0,0,0,4,1,1,1,1,2,2,1754785800,-1,0,61,43,30,0,19831,2,1,1,3,0,3,4,3,1,0,3,2,1,5,1,35,40,80,73,1.16,1.47,2.63,0,1,0,1,0,0,1,1,1,0,1,0,0,0,1,20,9,1,10,6,1,8,7,26,47,56,71,91,52,81,71,39,8.65,2.96,5.03,3.07,/clubs/chicago-fire-7,teams/usa-chicago-fire.png,Chicago Fire,/clubs/los-angeles-fc-6490,teams/usa-los-angeles-fc.png,Los Angeles FC,1.42,1.53,1.18,1.11,1.46,1.64,75,53,44,29,9,61,51,42,1.57,1.34,2.91,/usa/chicago-fire-vs-los-angeles-fc-h2h-stats#8229334,13973,37,True,True,True,True,False,False,True,"['10', '70']","['19', '81']"
MLS,2025,13973,8229335,15,13401,2025,complete,120240,0,-1,"['8', '16', '20', '81', '89', '90+2']",['45+2'],6,1,7,3,4,7,2,3,2,2,0,0,10,10,10,6,20,16,9,13,44,56,13864.0,21032.0,13006.0,,,2,2,2.15,3.61,2.87,1.03,1.11,1.44,2.23,3.8,12.0,4.75,2.6,1.69,1.22,1.43,2.88,3.6,1.25,5.0,1.13,1.25,0.0,1.67,2.55,2.34,3.48,2.45,2.75,3.1,0.0,0.0,1.16,1.29,1.5,1.76,2.25,4.4,3.14,2.43,1.9,1.47,1.8,6.75,2.12,0.0,0.0,0.0,4.6,7.0,1.22,2.21,4.3,10.5,3.4,1.65,1.17,1.02,1.15,1.68,2.95,6.0,5.2,2.05,1.3,1.09,0,0,0,0,7,3,1,3,0,3,4,1743973200,15,0,75,38,50,0,14196,2,1,1,2,2,2,3,4,0,1,2,1,1,3,1,39,46,87,110,2.24,2.05,4.29,1,0,1,0,0,0,1,1,1,0,1,0,0,0,1,14,20,1,12,9,1,7,12,25,63,75,88,100,63,100,88,63,17.5,4.5,3.5,3.5,/clubs/san-jose-earthquakes-15,teams/usa-san-jose-earthquakes.png,SJ Earthquakes,/clubs/dc-united-13401,teams/usa-dc-united.png,DC United,1.24,0.76,1.0,0.5,1.17,1.0,75,38,25,13,0,100,100,100,1.9,1.8,3.7,/usa/san-jose-earthquakes-vs-dc-united-h2h-stats#8229335,13973,34,True,True,True,True,True,True,True,"['8', '16', '20', '81', '89', '90+2']",['45+2']
MLS,2025,13973,8229336,15,4,2025,complete,120240,0,-1,['58'],['19'],1,1,2,9,7,16,3,4,2,2,1,1,3,4,12,6,15,10,9,13,58,42,,21032.0,,,,3,4,1.94,4.0,3.8,1.03,1.13,1.44,2.2,3.48,19.0,5.0,2.5,1.67,1.24,1.4,2.62,3.3,1.29,5.5,1.11,1.25,0.0,1.83,2.51,2.5,4.0,2.05,2.85,3.6,0.0,0.0,1.22,1.44,2.09,2.2,3.04,3.5,2.47,1.94,1.53,1.29,1.73,8.5,2.33,0.0,0.0,0.0,4.2,8.5,1.25,2.33,4.75,13.0,3.6,1.65,1.18,1.03,1.13,1.7,2.9,6.5,4.75,2.0,1.3,1.08,0,0,0,0,2,0,1,1,0,1,1,1751769000,-1,0,65,40,15,0,17580,2,1,4,1,5,6,5,11,0,0,3,3,0,6,1,66,67,103,104,1.63,1.4,3.03,0,0,0,0,0,0,1,1,0,0,0,0,0,0,1,18,11,1,13,9,1,4,9,30,35,55,80,90,40,85,85,25,10.4,5.1,4.8,3.25,/clubs/san-jose-earthquakes-15,teams/usa-san-jose-earthquakes.png,SJ Earthquakes,/clubs/new-york-red-bulls-4,teams/usa-new-york-red-bulls.png,New York RB,1.24,0.59,1.3,0.6,1.35,1.45,70,65,45,20,10,65,45,30,1.86,1.08,2.94,/usa/new-york-red-bulls-vs-san-jose-earthquakes-h2h-stats#8229336,13973,34,True,True,False,False,False,False,True,['58'],['19']
MLS,2025,13973,8229337,6490,19,2025,complete,120240,0,-1,"['13', '69']",[],2,0,2,3,6,9,3,0,1,1,0,1,7,3,10,8,17,11,11,11,45,55,70481.0,,,,,1,3,1.49,3.95,5.1,1.01,1.2,1.64,2.3,4.5,13.0,4.4,2.12,1.54,1.17,1.81,2.04,2.3,1.55,6.5,1.08,1.18,1.19,2.65,2.05,2.4,5.5,1.71,2.89,5.75,0.0,0.0,1.24,1.46,2.08,2.2,3.14,3.34,2.5,1.85,1.57,1.27,1.4,8.0,4.0,1.37,17.75,3.14,2.45,12.0,1.3,2.54,5.75,12.5,3.2,1.5,1.11,1.03,1.18,1.83,3.66,8.5,4.2,1.8,1.22,1.06,0,0,0,0,2,1,0,1,0,1,1,1759977600,6490,0,51,19,29,0,-1,2,1,2,3,1,3,5,4,1,0,0,2,1,2,1,63,60,99,126,2.01,1.35,3.36,0,0,0,0,0,0,1,1,0,0,1,0,0,0,1,3,15,1,10,11,1,3,12,13,31,44,69,97,28,72,72,47,9.32,3.07,3.44,2.66,/clubs/los-angeles-fc-6490,teams/usa-los-angeles-fc.png,Los Angeles FC,/clubs/toronto-fc-19,teams/canada-toronto-fc.png,Toronto,2.11,0.94,2.0,1.0,1.81,0.91,88,69,57,32,3,53,44,28,1.79,1.04,2.83,/usa/toronto-fc-vs-los-angeles-fc-h2h-stats#8229337,13973,34,True,True,False,False,False,False,False,"['13', '69']",[]
MLS,2025,13973,8229338,1016,677447,2025,complete,120240,0,-1,['20'],['66'],1,1,2,2,8,10,1,2,3,1,0,0,2,5,4,5,6,10,5,6,37,63,70173.0,762.0,48648.0,,,3,1,2.19,3.25,3.1,1.01,1.16,1.55,2.5,4.4,12.0,4.33,2.25,1.5,1.2,1.5,2.4,3.45,1.25,4.5,1.17,1.3,0.0,1.7,2.7,2.38,3.29,2.41,2.5,3.26,0.0,0.0,1.21,1.43,2.01,2.2,2.92,3.58,2.54,1.97,1.6,1.31,1.77,8.5,2.25,0.0,0.0,0.0,4.2,6.5,1.27,2.32,5.0,15.0,3.25,1.53,1.15,1.0,1.15,1.8,3.25,7.5,4.6,1.95,1.25,1.05,0,0,0,0,2,1,0,0,1,1,1,1746297900,-1,0,59,29,17,0,41893,2,1,2,2,0,6,4,6,1,0,2,1,1,3,1,38,69,80,109,0.8,1.49,2.29,0,0,0,0,0,0,1,1,0,0,1,0,0,0,1,18,14,1,6,5,1,7,4,17,29,63,84,92,54,92,59,29,12.17,4.92,3.33,3.0,/clubs/atlanta-united-fc-1016,teams/usa-atlanta-united-fc.png,Atlanta United FC,/clubs/nashville-sc-mls-677447,teams/usa-nashville-sc-mls.png,Nashville SC,1.18,0.95,1.33,0.75,0.9,1.6,84,71,38,17,9,71,46,38,1.52,1.35,2.87,/usa/atlanta-united-fc-vs-nashville-sc-mls-h2h-stats#8229338,13973,34,True,True,False,False,False,False,True,['20'],['66']
MLS,2025,13973,8229339,1398748,6,2025,complete,120240,0,-1,"['25', '54', '67']","['36', '45+2', '87', '90+10']",3,4,7,5,2,7,1,1,1,6,0,0,7,5,7,2,14,7,8,15,59,41,13841.0,,,,,1,6,1.58,4.1,4.6,1.0,1.19,1.6,2.45,4.2,15.0,4.6,2.3,1.55,1.2,1.6,2.14,2.55,1.48,6.0,1.09,1.22,0.0,2.3,2.0,2.45,5.3,1.91,2.84,4.75,0.0,0.0,1.21,1.36,1.6,2.05,2.74,3.86,2.7,2.17,1.7,1.35,1.51,7.5,3.1,0.0,0.0,0.0,2.9,9.5,1.3,2.44,4.9,13.0,3.5,1.59,1.13,1.02,1.16,1.77,3.3,8.5,4.75,1.9,1.29,1.05,0,0,0,0,7,1,2,2,2,4,3,1751769000,6,0,42,21,11,0,-1,2,1,4,1,1,1,5,2,0,0,1,6,0,7,1,73,32,107,72,1.9,1.03,2.93,0,1,0,1,0,0,1,1,0,0,1,0,0,0,1,28,16,1,15,7,1,4,6,16,32,47,79,79,31,63,69,37,10.76,3.48,4.74,2.58,/clubs/san-diego-fc-1398748,teams/usa-san-diego-fc.png,San Diego,/clubs/houston-dynamo-6,teams/usa-houston-dynamo.png,Houston Dynamo,1.67,1.12,2.1,1.11,1.95,1.15,85,69,53,21,21,69,49,43,1.7,0.97,2.67,/usa/houston-dynamo-vs-san-diego-fc-h2h-stats#8229339,13973,34,True,True,True,True,True,True,True,"['25', '54', '67']","['36', '45+2', '87', '90+10']"
MLS,2025,13973,8229340,10,1398748,2025,complete,120240,0,-1,[],"['52', '90+3']",0,2,2,1,3,4,1,2,0,2,0,0,3,6,4,3,7,9,10,14,49,51,3.0,2.0,44567.0,,,0,2,0.0,0.0,0.0,0.0,0.0,0.0,0.0,0.0,0.0,0.0,0.0,0.0,0.0,0.0,0.0,0.0,0.0,0.0,0.0,0.0,0.0,0.0,0.0,0.0,0.0,0.0,0.0,0.0,0.0,0.0,0.0,0.0,0.0,0.0,0.0,0.0,0.0,0.0,0.0,0.0,0.0,0.0,0.0,0.0,0.0,0.0,0.0,0.0,0.0,0.0,0.0,0.0,0.0,0.0,0.0,0.0,0.0,0.0,0.0,0.0,0.0,0.0,0.0,0.0,0,0,0,0,2,0,0,0,2,2,0,1740355200,1398748,0,0,0,0,0,25224,2,1,0,2,1,1,2,2,0,1,0,1,1,1,1,34,49,97,110,0.91,1.35,2.27,0,0,0,0,0,0,1,1,0,0,0,1,0,0,1,17,18,1,14,10,1,6,4,0,0,0,0,0,0,0,0,0,0.0,0.0,0.0,0.0,/clubs/la-galaxy-10,teams/usa-la-galaxy.png,LA Galaxy,/clubs/san-diego-fc-1398748,teams/usa-san-diego-fc.png,San Diego,1.35,2.11,0.0,0.0,0.0,0.0,0,0,0,0,0,0,0,0,0.0,0.0,0.0,/usa/la-galaxy-vs-san-diego-fc-h2h-stats#8229340,13973,34,True,True,False,False,False,False,False,[],"['52', '90+3']"
MLS,2025,13973,8229341,2,1,2025,complete,120240,0,-1,[],['48'],0,1,1,3,11,14,0,2,2,2,0,0,2,7,8,12,10,19,14,11,60,40,11.0,21302.0,47980.0,,,2,2,1.83,3.7,3.7,1.02,1.25,1.7,3.0,5.31,16.0,3.95,2.1,1.42,1.15,1.62,2.14,2.8,1.38,4.75,1.15,1.22,0.0,1.83,2.36,2.29,4.4,2.2,2.45,4.33,0.0,0.0,1.18,1.38,1.69,2.11,2.74,3.85,2.55,2.04,1.62,1.4,1.52,6.75,2.62,0.0,0.0,0.0,3.6,6.5,1.33,2.7,6.75,19.0,3.2,1.4,1.09,1.01,1.23,1.93,4.0,10.5,3.75,1.75,1.18,1.04,0,0,0,0,1,0,0,0,1,1,0,1746919800,1,0,49,10,17,0,19679,2,1,2,6,1,5,8,6,1,1,1,1,2,2,1,19,17,103,81,0.92,1.81,2.74,0,0,0,0,0,0,1,1,0,0,0,1,0,0,1,2,4,1,11,14,1,12,5,7,7,49,62,94,27,55,84,23,11.83,3.65,4.18,2.17,/clubs/new-york-city-fc-2,teams/usa-new-york-city-fc.png,New York City,/clubs/montreal-impact-1,teams/canada-montreal-impact.png,Montreal Impact,1.89,0.94,2.4,0.25,1.55,0.27,94,94,52,39,7,75,75,63,1.83,1.09,2.92,/usa/montreal-impact-vs-new-york-city-fc-h2h-stats#8229341,13973,34,True,False,False,False,False,False,False,[],['48']
MLS,2025,13973,8229342,1,16,2025,complete,120240,0,-1,['45+3'],"['2', '84']",1,2,3,6,2,8,1,0,4,3,0,0,2,4,10,5,12,9,19,18,59,41,42.0,47980.0,48141.0,,,4,3,2.7,3.22,2.59,1.01,1.31,1.85,3.32,6.73,8.7,3.3,1.85,1.32,1.1,1.75,2.0,3.3,1.28,3.1,1.29,1.52,0.0,1.4,3.4,2.07,3.1,2.8,2.5,2.87,0.0,0.0,1.26,1.4,1.8,2.15,2.65,3.4,2.64,2.08,1.64,1.4,1.96,7.8,2.21,0.0,0.0,0.0,5.0,4.33,1.4,2.7,6.5,23.0,2.9,1.42,1.08,1.02,1.22,2.0,4.4,12.0,3.9,1.62,1.16,1.03,0,0,0,0,3,1,1,0,1,1,2,1746315000,16,0,25,13,25,0,17011,2,1,3,2,3,0,5,3,2,0,2,3,2,5,1,5,7,114,82,0.95,0.91,1.86,0,0,0,0,0,0,1,1,0,1,0,0,0,0,1,5,2,1,18,19,1,5,9,13,13,25,38,75,13,50,50,38,14.0,5.75,5.25,1.75,/clubs/montreal-impact-1,teams/canada-montreal-impact.png,Montreal Impact,/clubs/philadelphia-union-16,teams/usa-philadelphia-union.png,Philadelphia Union,0.71,1.61,0.5,1.5,0.3,1.9,88,88,75,63,25,88,75,50,1.64,1.73,3.37,/usa/montreal-impact-vs-philadelphia-union-h2h-stats#8229342,13973,34,True,True,True,False,False,False,True,['45+3'],"['2', '84']"
MLS,2025,13973,8229343,6,14,2025,complete,120240,0,-1,['16'],"['1', '45+5']",1,2,3,9,6,15,4,0,3,1,0,0,2,5,13,5,15,10,9,13,52,48,42.0,20.0,8.0,,,3,1,1.9,3.25,3.6,1.01,1.24,1.75,2.8,5.3,9.75,3.6,2.0,1.38,1.09,1.65,2.1,2.9,1.36,4.33,1.18,1.3,0.0,1.77,2.55,2.2,3.8,2.3,2.5,3.5,0.0,0.0,1.33,1.43,1.77,2.3,3.2,2.8,2.5,1.88,1.51,1.3,1.62,6.75,2.7,0.0,0.0,0.0,3.7,6.25,1.37,2.57,6.0,17.0,3.12,1.48,1.1,1.01,1.2,1.95,4.3,9.0,4.0,1.75,1.17,1.04,0,0,0,0,3,1,2,0,0,0,3,1742085000,14,0,50,0,25,0,15263,2,1,4,3,5,3,7,8,1,1,2,0,2,2,1,77,59,100,101,1.64,1.41,3.05,0,0,0,0,0,0,1,1,0,1,0,1,0,0,1,14,17,1,13,9,1,4,9,25,75,100,100,100,25,100,100,100,8.5,4.0,4.0,4.0,/clubs/houston-dynamo-6,teams/usa-houston-dynamo.png,Houston Dynamo,/clubs/real-salt-lake-14,teams/usa-real-salt-lake.png,Real Salt Lake,1.06,0.72,0.0,0.0,0.33,1.0,75,25,0,0,0,50,50,50,1.02,2.27,3.29,/usa/houston-dynamo-vs-real-salt-lake-h2h-stats#8229343,13973,34,True,True,True,False,False,False,True,['16'],"['1', '45+5']"
MLS,2025,13973,8229344,13,8,2025,complete,120240,0,-1,"['37', '39']",['32'],2,1,3,2,7,9,2,3,2,1,0,0,2,5,5,8,7,13,12,12,37,63,24.0,28222.0,18.0,,,2,1,1.8,3.8,4.15,0.0,0.0,1.66,0.0,0.0,0.0,0.0,2.15,0.0,0.0,0.0,0.0,0.0,0.0,0.0,0.0,0.0,0.0,0.0,0.0,0.0,0.0,0.0,0.0,0.0,0.0,0.0,0.0,0.0,0.0,0.0,0.0,0.0,0.0,0.0,0.0,0.0,0.0,0.0,0.0,0.0,0.0,0.0,0.0,0.0,0.0,0.0,0.0,0.0,0.0,0.0,0.0,0.0,0.0,0.0,0.0,0.0,0.0,0.0,0.0,0.0,0,0,0,0,3,2,1,0,0,0,3,1743294600,13,0,50,0,50,0,11004,2,1,1,4,1,3,5,4,1,1,1,0,2,1,1,23,89,59,139,0.75,1.82,2.57,0,0,0,0,0,0,1,1,0,0,0,2,0,0,1,13,20,1,12,12,1,14,8,0,25,50,50,100,0,0,100,50,5.0,3.5,5.0,2.25,/clubs/fc-dallas-13,teams/usa-fc-dallas.png,FC Dallas,/clubs/sporting-kansas-city-8,teams/usa-sporting-kansas-city.png,Sporting KC,1.22,0.65,0.0,0.0,1.4,0.2,100,75,50,50,0,25,25,0,1.15,0.78,1.93,/usa/sporting-kansas-city-vs-fc-dallas-h2h-stats#8229344,13973,34,True,True,True,False,False,False,True,"['37', '39']",['32']
MLS,2025,13973,8229345,4,677447,2025,complete,120240,0,-1,"['7', '30']",[],2,0,2,1,5,6,2,4,3,2,0,0,5,2,7,8,12,10,13,17,43,57,13812.0,1313.0,48648.0,,,3,2,1.79,3.5,4.52,1.04,1.35,2.1,3.55,6.5,13.0,3.5,1.75,1.25,1.08,1.99,1.86,2.25,1.57,4.33,1.18,1.28,0.0,2.07,2.25,2.3,4.75,2.2,2.3,4.1,0.0,0.0,1.32,1.48,1.9,2.38,3.05,3.0,2.28,1.79,1.5,1.3,1.57,9.0,3.44,0.0,0.0,0.0,2.8,7.5,1.38,2.75,8.0,26.0,2.81,1.4,1.08,1.02,1.22,2.3,5.0,10.0,3.3,1.75,1.2,1.04,0,0,0,0,2,2,0,0,0,0,2,1740875400,4,0,0,0,0,0,18843,2,1,1,3,0,2,4,2,1,0,2,2,1,4,1,27,29,96,65,1.31,0.98,2.29,0,0,0,0,0,0,1,1,1,0,1,1,0,0,1,21,12,1,17,13,1,4,4,0,0,0,0,0,0,0,0,0,0.0,0.0,0.0,0.0,/clubs/new-york-red-bulls-4,teams/usa-new-york-red-bulls.png,New York RB,/clubs/nashville-sc-mls-677447,teams/usa-nashville-sc-mls.png,Nashville SC,1.94,0.95,0.0,0.0,0.0,1.0,0,0,0,0,0,0,0,0,0.0,0.0,0.0,/usa/new-york-red-bulls-vs-nashville-sc-mls-h2h-stats#8229345,13973,34,True,True,False,False,False,False,False,"['7', '30']",[]
MLS,2025,13973,8229346,11,1,2025,complete,120240,0,-1,['3'],"['9', '36', '90+5']",1,3,4,3,3,6,2,0,5,2,0,0,4,5,15,6,19,11,10,10,62,38,11.0,13.0,47980.0,,,5,2,1.7,3.8,4.4,1.01,1.12,1.5,2.1,3.83,17.0,5.25,2.09,1.62,1.25,1.5,2.5,3.2,1.33,6.0,1.09,1.25,0.0,2.1,2.26,2.5,4.2,2.05,2.85,4.0,0.0,0.0,1.28,1.48,1.75,2.2,2.88,3.2,2.5,1.95,1.55,1.35,1.58,6.5,2.7,0.0,0.0,0.0,3.6,9.0,1.34,2.1,4.8,12.0,3.31,1.67,1.15,1.02,1.15,1.71,3.4,6.75,5.0,2.02,1.3,1.07,0,0,0,0,4,1,2,0,1,1,3,1753486200,1,0,52,14,27,0,17992,2,1,0,2,3,1,2,4,1,0,4,2,1,6,1,48,34,110,58,1.83,1.29,3.11,0,0,0,0,0,0,1,1,1,1,0,0,0,0,1,2,3,1,10,10,1,3,12,18,22,48,70,91,32,66,86,36,10.65,5.0,4.03,2.57,/clubs/new-england-revolution-11,teams/usa-new-england-revolution.png,New England Revolution,/clubs/montreal-impact-1,teams/canada-montreal-impact.png,Montreal Impact,0.94,0.94,0.8,0.69,1.09,0.63,83,79,52,31,9,57,52,44,1.21,1.09,2.3,/usa/montreal-impact-vs-new-england-revolution-h2h-stats#8229346,13973,34,True,True,True,True,False,False,True,['3'],"['9', '36', '90+5']"
MLS,2025,13973,8229347,1015,6490,2025,complete,120240,0,-1,[],['42'],0,1,1,10,3,13,2,1,4,3,0,0,3,6,7,1,10,7,12,11,55,45,84.0,55946.0,43902.0,,,4,3,2.4,3.25,2.85,1.02,1.25,1.81,2.6,5.65,10.0,3.8,2.05,1.42,1.13,1.6,2.2,3.4,1.29,3.6,1.22,1.3,0.0,1.6,3.2,2.16,3.1,2.8,2.5,3.1,0.0,0.0,1.23,1.44,1.78,2.35,3.2,3.6,2.5,1.87,1.5,1.33,2.15,6.5,2.05,0.0,0.0,0.0,4.8,5.25,1.32,2.55,5.7,12.0,3.1,1.45,1.1,1.0,1.17,2.0,4.0,9.0,3.8,1.73,1.2,1.03,0,0,0,0,1,0,1,0,0,0,1,1752712200,6490,0,70,51,42,0,19774,2,1,2,3,8,0,5,8,3,0,1,3,3,4,1,68,27,110,78,1.34,1.07,2.41,0,1,0,1,0,0,1,1,0,0,0,2,1,0,1,23,10,1,11,11,1,3,5,33,65,70,85,96,60,76,85,51,8.08,3.33,4.18,3.7,/clubs/minnesota-united-fc-1015,teams/usa-minnesota-united-fc.png,Minnesota United,/clubs/los-angeles-fc-6490,teams/usa-los-angeles-fc.png,Los Angeles FC,1.58,1.53,1.91,0.88,1.82,1.68,68,35,31,16,5,54,48,43,1.52,1.38,2.9,/usa/minnesota-united-fc-vs-los-angeles-fc-h2h-stats#8229347,13973,37,True,False,False,False,False,False,False,[],['42']
MLS,2025,13973,8229348,7,4,2025,complete,120240,0,-1,['44'],[],1,0,1,3,1,4,1,3,0,2,0,0,7,3,7,7,14,10,5,11,51,49,3.0,14.0,1313.0,,,0,2,1.9,3.51,3.8,1.03,1.17,1.53,2.2,4.09,12.0,5.0,2.45,1.65,1.22,1.5,2.38,3.0,1.33,6.0,1.1,1.25,0.0,2.1,2.1,2.35,4.64,2.1,2.7,4.0,0.0,0.0,1.27,1.59,1.85,2.23,2.8,3.3,2.25,1.85,1.57,1.36,1.55,6.9,3.3,0.0,0.0,0.0,3.45,9.0,1.25,2.25,5.0,13.0,3.65,1.55,1.15,1.02,1.14,1.73,3.0,7.5,4.75,1.93,1.28,1.08,0,0,0,0,1,1,0,0,0,0,1,1753576200,7,0,55,23,19,0,29273,2,1,2,1,1,0,3,1,0,0,0,2,0,2,1,39,52,86,109,1.66,1.23,2.88,1,0,1,0,0,0,1,1,0,0,0,1,0,0,1,17,24,1,10,5,1,12,10,14,19,42,73,82,37,73,73,29,9.8,3.45,5.18,2.29,/clubs/chicago-fire-7,teams/usa-chicago-fire.png,Chicago Fire,/clubs/new-york-red-bulls-4,teams/usa-new-york-red-bulls.png,New York RB,1.42,0.59,1.0,0.58,1.39,1.38,86,81,59,28,19,64,46,28,1.56,1.07,2.63,/usa/new-york-red-bulls-vs-chicago-fire-h2h-stats#8229348,13973,34,True,False,False,False,False,False,False,['44'],[]
MLS,2025,13973,8229349,6,5,2025,complete,120240,0,-1,[],"['4', '42', '56']",0,3,3,6,1,7,0,1,5,4,0,0,2,7,9,5,11,12,19,10,59,41,69.0,20.0,5362.0,,,5,4,2.05,3.45,3.25,1.05,1.24,1.86,2.9,5.0,9.5,4.0,1.96,1.4,1.15,1.62,2.2,2.9,1.3,4.33,1.2,1.3,0.0,1.7,2.81,2.22,4.2,2.28,2.5,3.4,0.0,0.0,1.22,1.44,1.66,2.11,2.55,3.65,2.6,2.1,1.67,1.44,1.7,6.9,2.7,0.0,0.0,0.0,3.9,6.0,1.33,2.69,5.7,21.0,3.34,1.49,1.09,1.02,1.2,2.0,4.2,9.0,4.0,1.75,1.22,1.03,0,0,0,0,3,0,2,0,1,1,2,1752712200,5,0,50,23,23,0,15266,2,1,2,1,4,0,3,4,1,2,4,2,3,6,1,32,28,95,58,1.07,1.45,2.52,0,0,0,0,0,0,1,1,0,1,0,0,0,0,1,15,10,1,10,18,1,8,12,14,36,60,69,87,41,64,73,46,12.73,2.18,4.82,2.64,/clubs/houston-dynamo-6,teams/usa-houston-dynamo.png,Houston Dynamo,/clubs/vancouver-whitecaps-fc-5,teams/canada-vancouver-whitecaps-fc.png,Vancouver Whitecaps,1.06,1.65,1.18,1.64,1.18,1.81,87,64,41,32,14,73,73,64,1.59,1.29,2.88,/usa/vancouver-whitecaps-fc-vs-houston-dynamo-h2h-stats#8229349,13973,34,True,True,True,False,False,False,False,[],"['4', '42', '56']"
MLS,2025,13973,8229350,8,945555,2025,complete,120240,0,-1,"['71', '88']",[],2,0,2,3,4,7,2,1,1,3,0,0,7,4,4,7,11,11,11,14,52,48,50024.0,18.0,1620.0,,,1,3,2.0,3.5,3.5,1.05,1.2,1.72,3.09,4.75,11.0,3.8,2.0,1.38,1.14,1.6,2.22,3.2,1.3,4.2,1.18,1.33,0.0,1.65,2.7,2.2,3.6,2.5,2.5,3.3,0.0,0.0,1.2,1.42,1.73,2.0,2.62,4.15,2.62,2.0,1.65,1.42,1.62,8.5,3.0,0.0,0.0,0.0,3.7,6.0,1.34,2.55,5.8,21.0,3.0,1.48,1.1,1.01,1.18,2.0,3.8,8.5,3.9,1.8,1.22,1.06,0,0,0,0,2,0,0,2,0,2,0,1743899400,8,0,34,17,17,0,18116,2,1,1,1,2,3,2,5,1,1,0,2,2,2,1,40,29,124,59,1.49,1.18,2.67,0,0,0,0,0,0,1,1,0,0,0,0,0,0,1,19,18,1,14,11,1,7,2,17,17,50,67,84,34,84,50,33,11.33,4.0,6.67,2.5,/clubs/sporting-kansas-city-8,teams/usa-sporting-kansas-city.png,Sporting KC,/clubs/st-louis-city-sc-945555,teams/usa-st-louis-city-sc.png,St. Louis City,1.0,0.82,0.33,1.33,0.17,1.33,84,84,50,34,17,67,50,50,1.63,0.76,2.39,/usa/sporting-kansas-city-vs-st-louis-city-sc-h2h-stats#8229350,13973,34,True,True,False,False,False,False,False,"['71', '88']",[]
MLS,2025,13973,8229351,9,1016,2025,complete,120240,0,-1,"['23', '32', '42']",['56'],3,1,4,7,3,10,4,0,1,4,0,0,10,2,9,7,19,9,4,12,63,37,13864.0,,,,,1,4,1.54,4.15,3.8,1.02,1.13,1.44,2.13,3.2,12.0,5.8,2.8,1.73,1.3,1.44,2.63,3.2,1.3,6.0,1.09,1.22,0.0,2.1,1.93,2.55,3.8,1.96,2.98,4.0,0.0,0.0,1.2,1.42,1.7,2.1,2.8,3.6,2.62,2.05,1.67,1.37,1.4,9.5,3.5,0.0,0.0,0.0,3.75,9.5,1.18,2.14,3.9,10.0,4.2,1.77,1.2,1.02,1.09,1.65,2.9,6.0,5.8,2.2,1.35,1.09,0,0,0,0,4,3,0,0,1,1,3,1750894200,9,0,54,20,29,0,-1,2,1,4,0,3,3,4,6,0,1,1,3,1,4,1,11,4,8,8,1.96,0.73,2.69,0,0,0,0,0,0,1,1,0,0,1,0,0,0,1,1,0,1,12,4,1,7,7,10,28,62,85,90,32,72,74,54,10.55,4.08,2.75,2.84,/clubs/columbus-crew-9,teams/usa-columbus-crew.png,Columbus Crew,/clubs/atlanta-united-fc-1016,teams/usa-atlanta-united-fc.png,Atlanta United FC,1.94,0.47,1.9,0.25,1.72,0.94,90,73,39,15,10,60,39,17,1.64,1.13,2.77,/usa/columbus-crew-vs-atlanta-united-fc-h2h-stats#8229351,13973,34,True,True,True,True,False,False,True,"['23', '32', '42']",['56']
MLS,2025,13973,8229352,1,8043,2025,complete,120240,0,-1,['90'],"['45', '65', '83']",1,3,4,3,0,3,2,1,3,0,0,0,4,11,6,4,10,15,12,8,53,47,59668.0,,,,,3,0,3.0,3.5,1.97,1.03,1.18,1.62,2.56,4.4,13.0,4.9,2.38,1.54,1.2,1.51,2.45,4.5,1.17,3.6,1.25,1.3,0.0,1.36,3.52,2.4,2.78,3.2,2.6,2.5,0.0,0.0,1.33,1.61,1.84,2.65,2.95,3.0,2.15,1.72,1.42,1.33,1.95,7.5,2.15,0.0,0.0,0.0,6.5,4.5,1.29,2.47,4.9,14.0,3.56,1.58,1.13,1.03,1.18,1.8,3.6,7.5,4.6,1.91,1.24,1.05,0,0,0,0,4,0,1,1,2,3,1,1750894200,8043,0,54,25,22,0,-1,2,1,3,0,0,0,3,0,1,0,2,0,1,2,1,9,7,10,10,0.97,1.75,2.72,0,0,0,0,0,0,1,1,0,0,0,0,0,0,1,6,4,1,8,12,1,5,6,22,30,49,66,93,42,81,66,35,9.76,3.51,5.29,2.78,/clubs/montreal-impact-1,teams/canada-montreal-impact.png,Montreal Impact,/clubs/fc-cincinnati-8043,teams/usa-fc-cincinnati.png,FC Cincinnati,0.71,1.94,0.43,1.6,0.61,1.83,78,71,52,35,7,55,45,37,1.21,1.52,2.73,/usa/montreal-impact-vs-fc-cincinnati-h2h-stats#8229352,13973,34,True,True,True,True,False,False,True,['90'],"['45', '65', '83']"
MLS,2025,13973,8229353,11,677447,2025,complete,120240,0,-1,"['15', '49']","['45+2', '51', '58']",2,3,5,5,6,11,3,1,2,3,0,0,4,6,5,9,9,15,10,20,50,50,62506.0,,,,,2,3,2.85,3.42,2.4,1.02,1.22,1.91,3.1,6.0,9.5,3.7,1.93,1.33,1.11,1.67,2.15,3.6,1.25,3.3,1.29,1.33,0.0,1.4,3.4,2.1,2.9,3.0,2.4,2.8,0.0,0.0,1.3,1.53,1.82,2.28,3.0,3.2,2.3,1.86,1.48,1.26,2.18,8.5,1.85,0.0,0.0,0.0,5.0,4.4,1.35,2.87,5.8,17.5,2.9,1.42,1.09,1.02,1.22,2.0,4.3,11.0,3.6,1.7,1.17,1.02,0,0,0,0,5,1,1,1,2,3,2,1750894200,677447,0,40,15,13,0,-1,2,1,0,3,5,3,3,8,1,1,1,2,2,3,1,3,9,8,7,0.86,1.42,2.28,0,1,0,1,0,0,1,1,0,0,0,0,0,0,1,7,3,1,20,9,1,5,10,0,13,40,75,92,28,63,71,34,10.05,6.25,3.88,2.19,/clubs/new-england-revolution-11,teams/usa-new-england-revolution.png,New England Revolution,/clubs/nashville-sc-mls-677447,teams/usa-nashville-sc-mls.png,Nashville SC,0.94,0.95,1.17,1.38,1.44,1.78,100,88,61,25,9,69,42,29,1.0,1.39,2.39,/usa/new-england-revolution-vs-nashville-sc-mls-h2h-stats#8229353,13973,34,True,True,True,True,True,False,True,"['15', '49']","['45+2', '51', '58']"
MLS,2025,13973,8229354,13,6,2025,complete,120240,0,-1,[],"['64', '81']",0,2,2,7,6,13,1,0,3,2,0,0,3,4,8,5,11,9,14,18,47,53,50024.0,,,,,3,2,2.3,3.3,3.3,1.06,1.28,1.98,3.6,7.0,9.0,3.2,1.78,1.25,1.08,1.77,2.06,2.7,1.4,3.55,1.25,1.35,0.0,1.65,2.75,2.04,3.75,2.62,2.3,3.5,0.0,0.0,1.31,1.59,2.34,2.64,3.58,3.0,2.16,1.71,1.4,1.21,1.93,6.35,2.15,0.0,0.0,0.0,3.75,5.5,1.37,3.08,7.0,23.0,2.8,1.38,1.06,1.02,1.27,2.2,4.7,11.0,3.4,1.6,1.14,1.04,0,0,0,0,2,0,0,0,2,2,0,1747531500,6,0,50,20,10,0,-1,2,1,4,5,3,1,9,4,0,1,3,1,1,4,1,48,34,51,49,1.24,1.09,2.33,0,0,0,0,0,0,1,1,0,0,0,0,0,0,1,16,16,1,18,14,1,5,7,0,20,30,60,80,20,60,60,10,7.4,4.6,5.0,1.9,/clubs/fc-dallas-13,teams/usa-fc-dallas.png,FC Dallas,/clubs/houston-dynamo-6,teams/usa-houston-dynamo.png,Houston Dynamo,1.22,1.12,0.8,0.6,1.33,1.0,100,80,70,40,20,60,30,20,0.97,0.83,1.8,/usa/houston-dynamo-vs-fc-dallas-h2h-stats#8229354,13973,34,True,True,False,False,False,False,False,[],"['64', '81']"
MLS,2025,13973,8229355,7,1,2025,complete,120240,0,-1,['40'],['50'],1,1,2,2,8,10,1,5,2,1,0,0,2,7,4,10,6,17,19,14,43,57,13858.0,14.0,47980.0,,,2,1,1.67,4.3,4.3,0.0,0.0,1.7,0.0,0.0,0.0,0.0,2.1,0.0,0.0,0.0,0.0,0.0,0.0,0.0,0.0,0.0,0.0,0.0,0.0,0.0,0.0,0.0,0.0,0.0,0.0,0.0,0.0,0.0,0.0,0.0,0.0,0.0,0.0,0.0,0.0,0.0,0.0,0.0,0.0,0.0,0.0,0.0,0.0,0.0,0.0,0.0,0.0,0.0,0.0,0.0,0.0,0.0,0.0,0.0,0.0,0.0,0.0,0.0,0.0,0.0,0,0,0,0,2,1,0,0,1,1,1,1743294600,-1,0,60,50,60,0,16278,2,1,2,1,0,7,3,7,0,1,2,0,1,2,1,28,38,63,91,0.73,1.84,2.56,0,0,0,0,0,0,1,1,0,0,0,0,0,0,1,21,16,1,14,19,1,11,8,10,60,70,80,90,50,70,90,70,9.4,1.2,3.4,3.1,/clubs/chicago-fire-7,teams/usa-chicago-fire.png,Chicago Fire,/clubs/montreal-impact-1,teams/canada-montreal-impact.png,Montreal Impact,1.42,0.94,1.0,0.2,2.0,0.2,90,40,30,20,10,70,70,70,1.22,1.03,2.25,/usa/montreal-impact-vs-chicago-fire-h2h-stats#8229355,13973,34,True,True,False,False,False,False,True,['40'],['50']
MLS,2025,13973,8229356,14,19,2025,complete,120240,0,-1,[],['9'],0,1,1,8,1,9,2,3,2,5,1,0,5,1,18,1,23,2,16,14,68,32,19856.0,8.0,11434.0,,,4,5,1.7,3.8,4.5,1.01,1.23,1.88,3.33,6.66,14.0,3.6,2.03,1.39,1.12,1.75,2.0,2.4,1.5,4.75,1.15,1.32,0.0,2.05,2.15,2.25,4.8,2.05,2.62,4.33,0.0,0.0,1.33,1.48,1.85,2.4,3.5,3.25,2.49,1.77,1.49,1.24,1.53,9.0,2.8,0.0,0.0,0.0,2.9,8.5,1.39,2.94,6.25,21.0,3.09,1.43,1.09,1.01,1.2,1.93,3.95,8.5,4.2,1.77,1.2,1.04,0,0,0,0,1,0,1,0,0,0,1,1745112600,19,0,53,33,20,0,19802,2,1,4,0,4,1,4,5,0,2,3,3,2,6,1,77,11,125,62,2.35,0.29,2.64,0,0,0,0,0,0,1,1,0,1,0,0,0,0,1,37,16,1,14,16,1,3,17,10,33,43,88,100,55,90,65,43,7.15,4.35,5.3,2.83,/clubs/real-salt-lake-14,teams/usa-real-salt-lake.png,Real Salt Lake,/clubs/toronto-fc-19,teams/canada-toronto-fc.png,Toronto,1.65,0.94,1.5,0.4,1.13,0.5,90,68,58,13,0,55,35,10,1.15,1.05,2.2,/usa/real-salt-lake-vs-toronto-fc-h2h-stats#8229356,13973,34,True,False,False,False,False,False,False,[],['9']
MLS,2025,13973,8229357,14,13,2025,complete,120240,0,-1,[],['45+7'],0,1,1,4,6,10,3,2,4,5,1,0,2,6,9,9,11,15,16,15,44,56,70173.0,8.0,28222.0,,,6,5,1.88,3.5,3.5,1.02,1.22,1.67,2.87,5.0,10.5,4.0,2.05,1.42,1.18,1.6,2.25,2.9,1.36,4.75,1.15,1.22,0.0,1.85,2.56,2.22,3.65,2.25,2.7,3.55,0.0,0.0,1.27,1.51,1.9,2.3,2.9,3.42,2.3,1.92,1.52,1.35,1.44,6.75,2.65,0.0,0.0,0.0,3.8,7.0,1.33,2.71,5.7,15.0,3.1,1.5,1.11,1.03,1.16,1.8,3.8,7.5,4.1,1.85,1.25,1.05,0,0,0,0,1,0,1,0,0,0,1,1742693400,13,0,75,50,25,0,19650,2,1,0,4,4,2,4,6,2,1,3,4,3,7,1,37,45,81,99,1.11,1.69,2.8,0,0,0,0,0,0,1,1,0,0,0,1,0,0,1,18,12,1,15,15,1,8,4,25,50,75,100,100,50,100,100,75,5.5,5.0,5.0,3.75,/clubs/real-salt-lake-14,teams/usa-real-salt-lake.png,Real Salt Lake,/clubs/fc-dallas-13,teams/usa-fc-dallas.png,FC Dallas,1.65,1.28,1.5,2.0,1.5,1.0,75,50,25,0,0,25,25,0,1.35,1.15,2.5,/usa/fc-dallas-vs-real-salt-lake-h2h-stats#8229357,13973,35,True,False,False,False,False,False,False,[],['45+7']
MLS,2025,13973,8229358,9,15,2025,complete,120240,0,-1,"['28', '62']",['40'],2,1,3,7,2,9,3,4,2,0,0,0,3,6,12,9,15,15,6,14,62,38,5016.0,40116.0,21032.0,,,2,0,1.35,4.75,5.5,1.01,1.09,1.32,2.1,3.5,15.5,6.5,2.9,1.63,1.26,1.5,2.45,2.8,1.38,8.0,1.05,1.13,0.0,2.8,1.95,2.66,5.35,1.74,3.0,4.8,0.0,0.0,1.29,1.48,1.73,2.2,2.8,3.4,2.5,2.0,1.62,1.38,1.3,9.0,4.1,0.0,0.0,0.0,3.0,13.0,1.19,2.1,4.75,12.0,3.6,1.61,1.16,1.03,1.12,1.5,3.0,6.0,5.25,2.4,1.33,1.09,0,0,0,0,3,1,1,1,0,1,2,1745710200,9,0,70,27,34,0,20737,2,1,6,1,1,1,7,2,0,0,2,0,0,2,1,71,50,100,93,1.67,1.73,3.39,0,0,0,0,0,0,1,1,0,0,1,0,0,0,1,25,14,1,14,6,1,13,7,27,27,70,70,80,54,64,54,34,9.93,2.0,1.93,2.84,/clubs/columbus-crew-9,teams/usa-columbus-crew.png,Columbus Crew,/clubs/san-jose-earthquakes-15,teams/usa-san-jose-earthquakes.png,SJ Earthquakes,1.94,1.18,1.6,1.0,2.0,1.11,74,74,30,30,20,47,27,0,1.62,1.74,3.36,/usa/columbus-crew-vs-san-jose-earthquakes-h2h-stats#8229358,13973,34,True,True,True,False,False,False,True,"['28', '62']",['40']
MLS,2025,13973,8229359,9,6,2025,complete,120240,0,-1,[],[],0,0,0,5,4,9,0,5,2,4,0,0,5,1,6,2,11,3,11,18,64,36,13889.0,40116.0,20.0,,,2,4,1.69,4.1,5.0,1.04,1.24,1.72,2.8,4.2,13.0,4.0,2.05,1.4,1.15,1.68,2.05,2.4,1.48,5.25,1.12,1.24,0.0,2.35,2.05,2.19,3.6,2.5,2.65,4.8,0.0,0.0,1.24,1.57,1.93,2.4,2.55,3.55,2.38,1.75,1.5,1.43,1.4,9.5,3.2,0.0,0.0,0.0,2.88,8.5,1.35,2.55,6.0,16.0,3.2,1.5,1.12,1.02,1.2,1.86,3.8,10.0,4.3,1.8,1.2,1.04,0,0,0,0,0,0,0,0,0,0,0,1741462200,-1,0,50,50,0,0,20231,2,1,2,4,3,0,6,3,1,2,1,2,3,3,1,55,21,128,58,1.46,0.42,1.88,0,0,0,0,0,0,1,1,0,0,0,0,0,1,1,18,16,1,18,11,1,2,8,50,50,50,50,50,50,50,50,0,5.0,1.0,0.0,3.0,/clubs/columbus-crew-9,teams/usa-columbus-crew.png,Columbus Crew,/clubs/houston-dynamo-6,teams/usa-houston-dynamo.png,Houston Dynamo,1.94,1.12,3.0,0.0,3.0,0.0,0,0,0,0,0,0,0,0,1.43,0.0,1.43,/usa/houston-dynamo-vs-columbus-crew-h2h-stats#8229359,13973,34,False,False,False,False,False,False,False,[],[]
MLS,2025,13973,8229360,1398748,14,2025,complete,120240,0,-1,['45+5'],"['45+1', '54', '66']",1,3,4,4,2,6,1,2,3,4,0,1,4,5,11,5,15,10,19,19,58,42,62494.0,44567.0,8.0,,,3,5,1.65,4.4,4.6,1.01,1.17,1.52,2.55,4.5,11.0,5.03,2.35,1.6,1.17,1.61,2.4,2.62,1.42,5.75,1.1,1.21,0.0,2.0,1.93,2.4,4.24,2.0,2.65,4.0,0.0,0.0,1.27,1.49,1.73,2.3,2.8,3.3,2.6,1.87,1.55,1.37,1.46,7.8,3.2,0.0,0.0,0.0,3.3,8.5,1.25,2.35,5.5,11.5,3.5,1.64,1.08,1.0,1.1,1.85,3.6,8.0,5.0,1.85,1.25,1.06,0,0,0,0,4,1,1,0,2,2,2,1745710200,14,0,50,38,0,0,28116,2,1,3,2,1,0,5,1,0,1,3,4,1,7,1,77,47,80,74,1.77,1.32,3.09,1,1,1,1,0,0,1,1,0,0,1,1,0,0,1,20,14,1,18,18,1,3,5,13,25,63,88,88,50,88,50,13,10.0,4.0,4.75,2.75,/clubs/san-diego-fc-1398748,teams/usa-san-diego-fc.png,San Diego,/clubs/real-salt-lake-14,teams/usa-real-salt-lake.png,Real Salt Lake,1.67,0.72,2.0,0.75,1.56,1.0,88,75,38,13,13,50,38,38,1.63,1.71,3.34,/usa/real-salt-lake-vs-san-diego-fc-h2h-stats#8229360,13973,35,True,True,True,True,False,False,True,['45+5'],"['45+1', '54', '66']"
MLS,2025,13973,8229361,698284,13,2025,complete,120240,0,-1,['51'],['37'],1,1,2,6,3,9,2,2,2,3,0,0,4,2,9,5,13,7,3,14,65,35,7.0,21189.0,28222.0,,,2,3,1.74,3.7,3.65,1.01,1.18,1.62,2.5,4.6,13.0,4.2,2.2,1.46,1.13,1.57,2.3,3.0,1.33,5.0,1.13,1.25,0.0,1.8,2.3,2.31,3.75,2.22,2.5,3.75,0.0,0.0,1.2,1.48,1.76,2.2,2.8,3.4,2.48,1.93,1.59,1.32,1.5,8.0,3.62,0.0,0.0,0.0,3.75,7.0,1.35,2.55,5.75,17.0,3.2,1.5,1.12,1.0,1.18,1.9,3.75,8.5,4.4,1.8,1.22,1.07,0,0,0,0,2,0,1,1,0,1,1,1755390600,-1,0,50,25,30,0,20738,2,1,3,1,3,2,4,5,1,1,1,2,2,3,1,91,40,126,85,1.76,0.88,2.64,0,0,0,0,0,0,1,1,0,0,0,0,0,0,1,7,15,1,14,3,1,4,11,21,29,46,63,84,46,63,67,42,9.75,3.75,4.34,2.63,/clubs/austin-fc-698284,teams/usa-austin-fc.png,Austin,/clubs/fc-dallas-13,teams/usa-fc-dallas.png,FC Dallas,1.56,1.28,1.5,1.42,1.42,1.12,79,71,55,38,17,79,59,42,1.48,1.25,2.73,/usa/fc-dallas-vs-austin-fc-h2h-stats#8229361,13973,36,True,True,False,False,False,False,True,['51'],['37']
MLS,2025,13973,8229362,1,711351,2025,complete,120240,0,-1,[],['16'],0,1,1,8,4,12,5,0,4,1,0,0,2,4,16,4,18,8,13,8,70,30,69.0,47980.0,404.0,,,4,1,2.3,3.0,3.09,1.02,1.29,1.93,3.73,7.52,10.0,3.4,1.75,1.33,1.1,1.7,2.0,3.2,1.3,3.6,1.28,1.3,0.0,1.55,2.9,1.95,3.4,2.75,2.48,3.0,0.0,0.0,1.36,1.63,1.98,2.55,3.3,2.8,2.55,1.72,1.44,1.27,1.85,6.7,2.66,0.0,0.0,0.0,4.33,5.0,1.38,2.9,6.75,17.0,2.8,1.38,1.04,1.01,1.22,2.1,4.2,12.0,3.8,1.68,1.19,1.04,0,0,0,0,1,0,1,0,0,0,1,1744500600,711351,0,17,17,17,0,16038,2,1,6,1,2,3,7,5,2,0,2,1,2,3,1,99,27,136,63,1.99,0.98,2.97,0,0,0,0,0,0,1,1,0,0,2,0,0,0,1,25,11,1,8,13,1,4,10,0,17,17,34,50,17,17,50,34,6.67,0.67,1.33,1.17,/clubs/montreal-impact-1,teams/canada-montreal-impact.png,Montreal Impact,/clubs/charlotte-fc-711351,teams/usa-charlotte-fc.png,Charlotte,0.71,1.11,0.0,0.33,0.29,1.86,50,34,34,17,0,50,34,34,0.0,1.03,1.03,/usa/montreal-impact-vs-charlotte-fc-h2h-stats#8229362,13973,34,True,False,False,False,False,False,False,[],['16']
MLS,2025,13973,8229363,945555,1015,2025,complete,120240,0,-1,['36'],"['74', '90']",1,2,3,10,0,10,2,2,1,1,1,0,5,4,9,4,14,8,13,12,51,49,13864.0,55486.0,55946.0,,,3,1,2.6,3.45,2.65,1.01,1.17,1.65,2.4,4.2,13.5,4.75,2.26,1.53,1.2,1.5,2.5,4.33,1.18,4.33,1.18,1.3,0.0,1.5,2.9,2.27,3.0,2.8,2.5,2.8,0.0,0.0,1.29,1.42,1.8,2.25,2.75,3.3,2.4,1.91,1.57,1.38,1.89,7.5,2.05,0.0,0.0,0.0,5.25,5.75,1.25,2.25,4.75,15.0,3.6,1.55,1.15,1.03,1.17,1.84,3.1,8.0,4.5,1.93,1.33,1.05,0,0,0,0,3,1,0,0,2,2,1,1753576200,1015,0,57,18,30,0,22423,2,1,7,0,2,0,7,2,0,0,2,1,0,3,1,43,42,92,81,1.55,1.09,2.64,1,2,1,2,0,0,1,1,0,0,3,0,0,0,1,14,11,1,11,11,1,7,4,18,26,57,66,83,35,66,70,39,9.42,3.06,3.56,2.62,/clubs/st-louis-city-sc-945555,teams/usa-st-louis-city-sc.png,St. Louis City,/clubs/minnesota-united-fc-1015,teams/usa-minnesota-united-fc.png,Minnesota United,1.06,1.58,1.18,1.67,0.78,1.71,83,74,43,35,18,61,49,44,1.63,1.28,2.91,/usa/minnesota-united-fc-vs-st-louis-city-sc-h2h-stats#8229363,13973,34,True,True,True,False,False,False,True,['36'],"['74', '90']"
MLS,2025,13973,8229364,5,698284,2025,complete,120240,0,-1,"['13', '38', '47', '59', '82']",['90'],5,1,6,4,5,9,1,1,4,1,0,0,11,4,16,7,27,11,12,10,52,48,13864.0,5362.0,21189.0,,,4,1,1.89,3.5,3.95,1.03,1.25,1.91,3.35,7.5,12.0,3.5,1.8,1.31,1.08,1.82,1.91,2.55,1.48,4.33,1.2,1.22,0.0,1.87,2.5,2.15,4.5,2.38,2.55,3.9,0.0,0.0,1.19,1.47,1.96,2.15,2.8,3.74,2.64,2.08,1.59,1.36,1.5,7.0,3.34,0.0,0.0,0.0,3.3,6.5,1.41,2.7,7.0,19.0,2.8,1.38,1.08,1.01,1.25,2.1,4.6,10.0,3.75,1.65,1.14,1.02,0,0,0,0,6,2,0,3,1,4,2,1744500600,5,0,25,25,0,0,17931,2,1,0,3,4,2,3,6,0,1,4,0,1,4,1,49,41,78,63,2.81,1.27,4.08,0,0,0,0,0,0,1,1,0,0,0,1,0,0,1,13,14,1,9,12,1,5,8,0,13,25,50,100,38,84,54,13,10.58,3.17,5.08,1.88,/clubs/vancouver-whitecaps-fc-5,teams/canada-vancouver-whitecaps-fc.png,Vancouver Whitecaps,/clubs/austin-fc-698284,teams/usa-austin-fc.png,Austin,2.0,1.06,2.25,2.0,2.29,1.86,100,88,75,50,0,88,88,75,1.64,1.13,2.77,/usa/vancouver-whitecaps-fc-vs-austin-fc-h2h-stats#8229364,13973,36,True,True,True,True,True,True,True,"['13', '38', '47', '59', '82']",['90']
MLS,2025,13973,8229365,18,711351,2025,complete,120240,0,-1,"['19', '49']","['35', '90+2']",2,2,4,7,4,11,2,0,1,1,0,0,7,1,11,6,18,7,12,13,59,41,,25.0,404.0,,,1,1,1.69,3.5,4.75,1.0,1.3,1.95,3.0,6.0,11.0,3.5,1.8,1.33,1.12,1.92,1.85,2.2,1.53,4.75,1.15,1.25,0.0,2.15,2.18,2.15,5.0,2.0,2.6,5.0,0.0,0.0,1.25,1.43,1.7,2.05,2.62,3.6,2.62,2.05,1.52,1.42,1.25,9.6,4.1,0.0,0.0,0.0,2.8,8.0,1.37,2.8,6.2,20.0,2.85,1.39,1.08,1.01,1.21,2.2,4.75,11.0,3.75,1.62,1.17,1.02,0,0,0,0,4,1,1,1,1,2,2,1740281400,-1,0,0,0,0,0,30055,2,1,3,2,4,2,5,6,1,0,0,1,1,1,1,80,25,125,78,2.2,0.7,2.91,0,0,0,0,0,0,1,1,0,0,0,0,1,0,1,13,17,1,13,12,1,7,4,0,0,0,0,0,0,0,0,0,0.0,0.0,0.0,0.0,/clubs/seattle-sounders-fc-18,teams/usa-seattle-sounders-fc.png,Seattle Sounders,/clubs/charlotte-fc-711351,teams/usa-charlotte-fc.png,Charlotte,2.17,1.11,0.0,0.0,0.0,0.0,0,0,0,0,0,0,0,0,0.0,0.0,0.0,/usa/seattle-sounders-fc-vs-charlotte-fc-h2h-stats#8229365,13973,37,True,True,True,True,False,False,True,"['19', '49']","['35', '90+2']"
MLS,2025,13973,8229366,9,677447,2025,complete,120240,0,-1,"['69', '81']","['2', '78']",2,2,4,7,3,10,4,5,2,3,0,0,5,6,16,8,21,14,5,6,67,33,,40116.0,48648.0,,,2,3,1.97,3.66,3.5,1.03,1.2,1.62,2.5,4.3,12.0,4.7,2.33,1.46,1.18,1.52,2.54,3.2,1.3,4.75,1.13,1.29,0.0,1.8,2.48,2.05,4.1,2.3,2.65,3.4,0.0,0.0,1.29,1.62,2.0,2.6,3.7,3.2,2.15,1.71,1.47,1.29,1.67,6.5,2.7,0.0,0.0,0.0,4.0,7.0,1.29,2.32,5.0,15.0,3.25,1.6,1.14,1.01,1.17,1.82,3.5,8.0,4.5,1.91,1.27,1.06,0,0,0,0,4,0,1,2,1,3,1,1748476800,-1,0,65,28,15,0,20022,2,1,5,0,2,3,5,5,0,0,2,3,0,5,1,82,32,148,52,2.27,1.53,3.8,0,0,0,0,0,0,1,1,0,1,1,0,0,0,1,16,16,1,6,5,1,7,10,13,21,59,82,88,50,79,65,23,12.5,4.21,2.05,2.73,/clubs/columbus-crew-9,teams/usa-columbus-crew.png,Columbus Crew,/clubs/nashville-sc-mls-677447,teams/usa-nashville-sc-mls.png,Nashville SC,1.94,0.95,1.88,1.17,1.8,1.8,88,79,42,19,13,79,36,21,1.66,1.41,3.07,/usa/columbus-crew-vs-nashville-sc-mls-h2h-stats#8229366,13973,37,True,True,True,True,False,False,True,"['69', '81']","['2', '78']"
MLS,2025,13973,8229367,8,10,2025,complete,120240,0,-1,['13'],[],1,0,1,1,12,13,1,1,1,2,0,0,0,1,0,8,0,9,7,8,29,71,,,2.0,,,1,2,2.5,3.4,2.4,1.03,1.17,1.53,2.31,4.0,12.0,4.9,2.4,1.57,1.22,1.42,2.63,4.0,1.2,4.33,1.18,1.48,0.0,1.53,2.9,2.25,3.05,2.62,2.65,2.75,0.0,0.0,1.29,1.5,1.66,2.2,2.8,3.3,2.5,1.95,1.68,1.38,1.68,8.7,2.61,0.0,0.0,0.0,5.0,5.75,1.27,2.3,4.75,11.0,3.3,1.55,1.14,1.01,1.15,1.73,3.34,6.0,4.75,1.93,1.27,1.09,0,0,0,0,1,1,0,0,0,0,1,1746399600,8,0,60,40,30,0,17902,2,1,0,5,1,7,5,8,1,2,0,0,3,0,1,16,15,96,94,0.14,0.76,0.9,0,0,0,0,0,0,1,1,0,0,0,1,0,0,1,5,4,1,8,7,1,12,6,20,30,50,90,100,60,70,80,50,9.6,2.0,4.4,3.1,/clubs/sporting-kansas-city-8,teams/usa-sporting-kansas-city.png,Sporting KC,/clubs/la-galaxy-10,teams/usa-la-galaxy.png,LA Galaxy,1.0,0.41,0.8,0.4,0.7,0.3,80,70,50,10,0,40,40,40,1.55,1.17,2.72,/usa/sporting-kansas-city-vs-la-galaxy-h2h-stats#8229367,13973,34,True,False,False,False,False,False,False,['13'],[]
MLS,2025,13973,8229368,1,11,2025,complete,120240,0,-1,[],"['48', '55', '87']",0,3,3,2,2,4,1,1,3,2,1,0,2,5,13,2,15,7,20,11,46,54,69533.0,,,,,5,2,2.25,3.25,3.0,1.02,1.24,1.72,2.8,5.3,10.0,3.8,2.07,1.4,1.17,1.63,2.2,3.2,1.3,4.33,1.18,1.25,0.0,1.62,2.8,2.28,3.5,2.5,2.5,3.3,0.0,0.0,1.4,1.65,2.05,2.4,3.3,2.75,2.1,1.7,1.55,1.29,1.73,8.3,2.8,0.0,0.0,0.0,4.0,5.5,1.36,2.4,6.1,12.0,3.17,1.44,1.1,1.0,1.2,1.93,3.9,9.0,4.0,1.77,1.22,1.04,0,0,0,0,3,0,0,0,3,3,0,1748734200,11,0,56,28,20,0,-1,2,1,2,2,0,0,4,0,2,1,2,1,3,3,1,3,6,89,91,1.12,0.85,1.97,0,0,0,0,0,0,1,1,0,0,0,1,0,0,1,4,2,1,11,20,1,2,11,20,28,42,62,86,47,75,67,20,10.0,3.83,4.67,2.64,/clubs/montreal-impact-1,teams/canada-montreal-impact.png,Montreal Impact,/clubs/new-england-revolution-11,teams/usa-new-england-revolution.png,New England Revolution,0.71,1.18,0.5,1.44,0.5,1.43,81,73,59,39,14,45,39,31,1.23,1.36,2.59,/usa/montreal-impact-vs-new-england-revolution-h2h-stats#8229368,13973,34,True,True,True,False,False,False,False,[],"['48', '55', '87']"
MLS,2025,13973,8229369,17,7,2025,complete,120240,0,-1,['39'],"['5', '31', '32']",1,3,4,13,1,14,2,0,2,2,0,0,5,4,21,6,26,10,12,13,57,43,62494.0,,,,,2,2,1.7,4.2,4.45,1.0,1.12,1.56,2.33,4.31,12.0,5.8,2.63,1.65,1.22,1.53,2.45,2.9,1.36,6.0,1.1,1.22,0.0,2.2,2.1,2.45,4.25,2.0,2.7,4.0,0.0,0.0,1.42,1.57,2.05,2.43,3.3,2.65,2.1,1.7,1.39,1.29,1.45,6.5,3.2,0.0,0.0,0.0,3.4,9.5,1.29,2.21,4.6,12.0,3.5,1.57,1.15,1.02,1.15,1.75,3.4,6.75,5.0,2.0,1.29,1.07,0,0,0,0,4,1,3,0,0,0,4,1748734200,7,0,82,44,44,0,-1,2,1,5,0,8,1,5,9,1,2,1,0,3,1,1,7,2,107,55,2.04,0.93,2.97,0,0,0,0,0,0,1,1,0,1,0,0,0,0,1,4,1,1,13,12,1,6,14,44,69,88,88,94,63,88,75,63,6.75,4.76,4.51,4.32,/clubs/orlando-city-sc-17,teams/usa-orlando-city-sc.png,Orlando City,/clubs/chicago-fire-7,teams/usa-chicago-fire.png,Chicago Fire,1.65,1.67,2.13,1.5,1.69,1.36,57,32,13,13,7,44,32,25,1.67,1.44,3.11,/usa/chicago-fire-vs-orlando-city-sc-h2h-stats#8229369,13973,35,True,True,True,True,False,False,True,['39'],"['5', '31', '32']"
MLS,2025,13973,8229370,5,6490,2025,complete,120240,0,-1,"['26', '70']","['8', '19']",2,2,4,7,6,13,0,3,2,3,0,0,5,6,6,6,11,12,13,17,59,41,13893.0,5362.0,43902.0,,,2,3,2.01,3.74,3.46,1.02,1.24,1.65,2.6,5.2,10.0,3.7,2.28,1.38,1.13,1.56,2.3,3.2,1.3,4.75,1.15,1.27,0.0,1.75,2.4,2.2,3.74,2.38,2.65,3.65,0.0,0.0,1.21,1.38,1.65,2.0,2.48,3.8,2.8,2.1,1.73,1.47,1.57,9.2,2.65,0.0,0.0,0.0,3.95,6.5,1.34,2.4,5.75,12.0,3.39,1.46,1.1,1.0,1.22,1.93,3.5,8.0,3.8,1.75,1.2,1.03,0,0,0,0,4,1,2,1,0,1,3,1747004400,-1,0,64,47,37,0,22437,2,1,4,1,3,5,5,8,0,2,2,1,2,3,1,14,14,92,60,1.16,1.28,2.44,0,1,0,1,0,0,1,1,0,1,2,0,0,0,1,8,6,1,17,12,1,7,6,39,47,64,90,100,64,90,82,45,10.13,2.67,4.8,3.77,/clubs/vancouver-whitecaps-fc-5,teams/canada-vancouver-whitecaps-fc.png,Vancouver Whitecaps,/clubs/los-angeles-fc-6490,teams/usa-los-angeles-fc.png,Los Angeles FC,2.0,1.53,2.5,0.8,2.36,1.55,62,54,37,10,0,82,64,55,1.94,1.3,3.24,/usa/vancouver-whitecaps-fc-vs-los-angeles-fc-h2h-stats#8229370,13973,37,True,True,True,True,False,False,True,"['26', '70']","['8', '19']"
MLS,2025,13973,8229371,945555,15,2025,complete,120240,0,-1,"['45+2', '90+2']",['82'],2,1,3,6,9,15,-1,-1,3,2,1,0,4,5,7,8,11,13,18,15,47,53,13967.0,,,,,4,2,1.77,4.1,3.84,1.0,1.11,1.37,2.14,3.1,12.0,6.2,2.8,1.73,1.3,1.46,2.52,3.3,1.29,6.5,1.08,1.18,0.0,2.0,2.1,2.5,3.95,2.1,2.88,3.86,0.0,0.0,1.24,1.43,1.71,2.05,2.75,3.55,2.6,2.0,1.7,1.37,1.77,8.0,2.3,0.0,0.0,0.0,4.0,9.5,1.18,2.0,3.92,9.0,4.0,1.73,1.2,1.03,1.11,1.67,2.88,6.0,5.3,2.2,1.4,1.11,0,0,0,0,3,1,0,1,1,2,1,1748716200,945555,0,50,22,22,0,-1,2,1,1,6,5,3,7,8,2,1,2,1,3,3,1,40,55,64,86,1.26,1.57,2.83,1,0,1,0,0,0,1,1,0,0,1,1,0,0,1,8,18,1,14,18,1,12,8,7,14,50,57,79,36,57,57,29,8.57,3.86,3.0,2.07,/clubs/st-louis-city-sc-945555,teams/usa-st-louis-city-sc.png,St. Louis City,/clubs/san-jose-earthquakes-15,teams/usa-san-jose-earthquakes.png,SJ Earthquakes,1.06,1.18,0.86,1.43,0.73,1.38,93,86,50,43,22,50,43,29,1.58,1.54,3.12,/usa/san-jose-earthquakes-vs-st-louis-city-sc-h2h-stats#8229371,13973,34,True,True,True,False,False,False,True,"['45+2', '90+2']",['82']
MLS,2025,13973,8229372,1015,18,2025,complete,120240,0,-1,['73'],[],1,0,1,3,8,11,0,2,2,1,0,0,3,5,7,10,10,15,8,10,29,71,13891.0,55946.0,25.0,,,2,1,2.15,3.56,2.94,1.01,1.24,1.78,2.93,5.6,15.0,4.31,2.12,1.43,1.15,1.62,2.2,3.35,1.29,4.0,1.2,1.3,0.0,1.6,2.65,2.15,3.5,2.7,2.5,3.1,0.0,0.0,1.2,1.5,1.88,2.15,3.0,3.9,2.35,1.85,1.57,1.33,1.95,6.4,2.45,0.0,0.0,0.0,4.4,5.0,1.3,2.42,6.0,12.0,3.08,1.47,1.12,1.0,1.2,1.9,3.8,9.5,4.0,1.8,1.22,1.04,0,0,0,0,1,0,0,1,0,1,0,1755390600,1015,0,54,19,27,0,19432,2,1,0,2,3,6,2,9,1,0,1,1,1,2,1,30,65,62,147,1.06,1.78,2.84,0,0,0,0,0,0,1,1,0,0,0,0,0,0,1,19,23,1,10,8,1,13,4,16,42,58,81,96,38,81,73,54,10.69,3.62,4.15,2.97,/clubs/minnesota-united-fc-1015,teams/usa-minnesota-united-fc.png,Minnesota United,/clubs/seattle-sounders-fc-18,teams/usa-seattle-sounders-fc.png,Seattle Sounders,1.58,1.11,1.62,1.23,1.69,1.64,85,58,42,19,4,54,50,42,1.58,1.5,3.08,/usa/seattle-sounders-fc-vs-minnesota-united-fc-h2h-stats#8229372,13973,37,True,False,False,False,False,False,False,['73'],[]
MLS,2025,13973,8229373,677447,2,2025,complete,120240,0,-1,"['27', '41']","['54', '87']",2,2,4,6,1,7,0,1,1,3,0,0,5,4,12,9,17,13,9,8,51,49,13889.0,,,,,1,3,1.85,3.6,3.68,1.04,1.22,1.75,2.9,5.0,9.5,3.8,2.05,1.39,1.14,1.62,2.05,2.8,1.38,4.5,1.17,1.28,0.0,1.85,2.33,2.38,4.4,2.25,2.5,3.9,0.0,0.0,1.24,1.48,2.0,2.1,2.83,4.1,2.5,2.05,1.6,1.4,1.37,8.5,3.8,0.0,0.0,0.0,3.6,7.0,1.3,2.5,6.0,17.0,3.22,1.48,1.11,1.01,1.22,2.0,3.8,9.0,3.8,1.75,1.22,1.05,0,0,0,0,4,2,0,0,2,2,2,1748723400,-1,0,43,26,31,0,-1,2,1,4,0,2,1,4,3,0,1,1,2,1,3,1,44,35,78,115,1.74,1.37,3.1,0,0,0,0,0,0,1,1,0,0,1,0,0,0,1,21,16,1,8,9,1,6,4,13,20,48,61,75,31,50,75,37,9.78,3.44,2.85,2.52,/clubs/nashville-sc-mls-677447,teams/usa-nashville-sc-mls.png,Nashville SC,/clubs/new-york-city-fc-2,teams/usa-new-york-city-fc.png,New York City,2.17,1.52,2.22,0.86,1.75,1.5,88,80,52,40,26,65,52,38,1.89,1.11,3.0,/usa/new-york-city-fc-vs-nashville-sc-mls-h2h-stats#8229373,13973,37,True,True,True,True,False,False,True,"['27', '41']","['54', '87']"
MLS,2025,13973,8229374,945555,698284,2025,complete,120240,0,-1,[],['33'],0,1,1,8,3,11,1,3,1,4,0,0,2,2,14,6,16,8,11,14,64,36,70173.0,1620.0,21189.0,,,1,4,2.4,3.2,2.9,1.06,1.27,2.05,3.25,6.5,8.5,3.3,1.8,1.28,1.06,1.81,2.02,3.0,1.33,3.4,1.29,1.33,0.0,1.57,2.9,1.9,3.68,2.8,2.55,3.1,0.0,0.0,1.22,1.44,1.75,2.35,3.25,3.6,2.5,1.87,1.48,1.28,1.73,6.65,2.23,0.0,0.0,0.0,4.0,5.0,1.38,2.8,6.7,17.0,2.62,1.37,1.07,1.01,1.22,2.07,4.4,10.0,3.4,1.67,1.16,1.03,0,0,0,0,1,0,1,0,0,0,1,1743358500,698284,0,0,0,0,0,22423,2,1,3,3,5,0,6,5,1,1,0,3,2,3,1,81,33,114,73,1.73,0.89,2.62,0,0,0,0,0,0,1,1,0,0,1,0,0,0,1,26,13,1,14,11,1,5,8,0,0,0,0,75,0,50,25,0,10.0,5.0,4.5,0.75,/clubs/st-louis-city-sc-945555,teams/usa-st-louis-city-sc.png,St. Louis City,/clubs/austin-fc-698284,teams/usa-austin-fc.png,Austin,1.06,1.06,2.0,1.5,1.6,1.8,100,100,100,100,25,75,75,75,1.66,1.25,2.91,/usa/austin-fc-vs-st-louis-city-sc-h2h-stats#8229374,13973,34,True,False,False,False,False,False,False,[],['33']
MLS,2025,13973,8229375,6,6490,2025,complete,120240,0,-1,['57'],[],1,0,1,9,4,13,0,1,3,3,0,0,3,2,8,8,11,10,16,18,59,41,70481.0,20.0,43902.0,,,3,3,2.15,3.35,3.2,1.0,1.25,1.8,3.08,5.5,9.3,3.7,2.02,1.33,1.11,1.67,2.26,3.0,1.3,3.6,1.2,1.28,0.0,1.71,2.75,2.1,3.4,2.5,2.45,3.2,0.0,0.0,1.18,1.44,1.73,1.85,2.7,4.1,2.6,2.3,1.6,1.4,1.82,8.5,2.54,0.0,0.0,0.0,3.8,5.75,1.38,2.6,5.8,21.0,2.8,1.38,1.08,1.02,1.25,2.1,4.1,9.0,3.6,1.67,1.18,1.02,0,0,0,0,1,0,0,1,0,1,0,1743899400,6,0,84,50,33,0,16415,-1,1,-1,-1,-1,-1,-1,-1,2,1,1,2,3,3,1,56,39,107,75,1.32,1.06,2.37,0,0,0,0,0,0,1,1,0,0,-1,-1,0,0,1,13,19,1,18,16,1,7,5,50,50,84,100,100,67,100,67,50,8.0,4.34,4.66,4.17,/clubs/houston-dynamo-6,teams/usa-houston-dynamo.png,Houston Dynamo,/clubs/los-angeles-fc-6490,teams/usa-los-angeles-fc.png,Los Angeles FC,1.06,1.53,0.0,1.0,0.33,1.5,50,50,17,0,0,50,50,50,1.23,1.01,2.24,/usa/houston-dynamo-vs-los-angeles-fc-h2h-stats#8229375,13973,34,True,False,False,False,False,False,False,['57'],[]
MLS,2025,13973,8229376,7,16,2025,complete,120240,0,-1,[],['10'],0,1,1,1,4,5,0,1,1,5,0,0,2,3,13,8,15,11,21,21,55,45,14097.0,,,,,1,5,1.92,4.08,3.6,1.03,1.13,1.47,2.1,3.5,11.0,5.5,2.75,1.71,1.25,1.47,2.55,3.4,1.29,5.75,1.1,1.25,0.0,1.85,2.47,2.25,3.55,2.2,2.75,3.6,0.0,0.0,1.25,1.44,1.68,2.1,3.0,3.45,2.55,2.0,1.64,1.31,2.06,8.2,2.19,0.0,0.0,0.0,4.2,8.0,1.25,2.25,4.3,11.5,3.6,1.7,1.17,1.02,1.12,1.65,3.0,6.0,5.2,2.1,1.33,1.09,0,0,0,0,1,0,1,0,0,0,1,1750897800,16,0,54,27,41,0,-1,2,1,1,3,0,1,4,1,0,1,1,4,1,5,1,32,29,61,77,1.31,1.12,2.43,0,1,0,1,0,0,1,1,0,1,0,2,0,0,1,19,26,1,21,20,1,5,12,14,21,47,67,80,27,48,80,54,12.5,2.81,4.82,2.34,/clubs/chicago-fire-7,teams/usa-chicago-fire.png,Chicago Fire,/clubs/philadelphia-union-16,teams/usa-philadelphia-union.png,Philadelphia Union,1.42,1.61,1.0,2.0,1.47,2.06,87,80,54,34,21,81,67,47,1.59,1.61,3.2,/usa/chicago-fire-vs-philadelphia-union-h2h-stats#8229376,13973,37,True,False,False,False,False,False,False,[],['10']
MLS,2025,13973,8229377,4,1015,2025,complete,120240,0,-1,"['11', '90']","['32', '45']",2,2,4,6,6,12,0,3,1,2,0,0,7,2,14,6,21,8,12,10,63,37,59668.0,,,,,1,2,2.25,3.4,3.2,1.05,1.25,1.85,2.97,5.75,10.5,3.75,2.05,1.36,1.13,1.55,2.1,2.9,1.36,4.0,1.2,1.25,0.0,1.7,2.75,2.14,3.7,2.41,2.45,3.45,0.0,0.0,1.42,1.55,2.54,3.18,4.5,2.7,1.88,1.66,1.28,1.25,1.5,6.5,3.1,0.0,0.0,0.0,3.9,6.25,1.33,2.6,5.75,17.5,3.0,1.45,1.1,1.01,1.22,1.98,4.1,9.5,4.1,1.73,1.2,1.03,0,0,0,0,4,1,2,1,0,1,3,1751153400,-1,0,45,17,22,0,-1,2,1,3,4,3,2,7,5,1,0,0,2,1,2,1,6,7,13,11,1.84,0.69,2.53,0,0,0,0,0,0,1,1,0,0,2,1,0,0,1,0,3,1,10,12,1,4,10,22,28,56,73,89,56,73,67,28,7.67,3.0,4.11,2.89,/clubs/new-york-red-bulls-4,teams/usa-new-york-red-bulls.png,New York RB,/clubs/minnesota-united-fc-1015,teams/usa-minnesota-united-fc.png,Minnesota United,1.94,1.58,2.44,1.67,1.47,1.74,78,73,45,28,11,39,28,17,1.33,1.27,2.6,/usa/new-york-red-bulls-vs-minnesota-united-fc-h2h-stats#8229377,13973,34,True,True,True,True,False,False,True,"['11', '90']","['32', '45']"
MLS,2025,13973,8229378,8,711351,2025,complete,120240,0,-1,"['90+3', '90+6']",['34'],2,1,3,5,4,9,1,3,1,2,0,0,4,5,15,13,19,18,10,18,52,48,69.0,,,,,1,2,2.45,3.64,2.43,1.01,1.15,1.53,2.1,4.06,15.0,5.0,2.4,1.65,1.22,1.44,2.45,4.0,1.2,4.33,1.17,1.3,0.0,1.53,2.91,2.52,3.15,2.8,2.6,2.8,0.0,0.0,1.27,1.44,1.83,2.28,2.8,3.5,2.5,1.85,1.58,1.37,1.8,7.5,2.15,0.0,0.0,0.0,5.0,5.75,1.24,2.32,4.75,12.0,3.5,1.65,1.15,1.02,1.14,1.75,3.3,7.0,4.7,1.93,1.28,1.06,0,0,0,0,3,0,1,2,0,2,1,1750897800,8,0,62,39,44,0,-1,2,1,0,2,5,2,2,7,0,0,1,2,0,3,1,58,47,79,62,1.89,1.81,3.7,0,0,0,0,0,0,1,1,0,0,0,1,0,0,1,20,14,1,18,10,1,15,13,35,45,62,84,100,52,74,83,67,9.85,2.43,3.88,3.6,/clubs/sporting-kansas-city-8,teams/usa-sporting-kansas-city.png,Sporting KC,/clubs/charlotte-fc-711351,teams/usa-charlotte-fc.png,Charlotte,1.0,1.11,1.0,0.7,0.89,1.39,65,55,39,17,0,65,54,49,1.38,1.06,2.44,/usa/sporting-kansas-city-vs-charlotte-fc-h2h-stats#8229378,13973,34,True,True,True,False,False,False,True,"['90+3', '90+6']",['34']
MLS,2025,13973,8229379,1398748,945555,2025,complete,120240,0,-1,[],[],0,0,0,9,0,9,0,2,3,5,0,0,1,2,14,0,15,2,14,11,72,28,19912.0,44567.0,1620.0,,,3,5,1.95,3.63,3.61,0.0,0.0,1.57,0.0,0.0,0.0,0.0,2.35,0.0,0.0,0.0,0.0,0.0,0.0,0.0,0.0,0.0,0.0,0.0,0.0,0.0,0.0,0.0,0.0,0.0,0.0,0.0,0.0,0.0,0.0,0.0,0.0,0.0,0.0,0.0,0.0,0.0,0.0,0.0,0.0,0.0,0.0,0.0,0.0,0.0,0.0,0.0,0.0,0.0,0.0,0.0,0.0,0.0,0.0,0.0,0.0,0.0,0.0,0.0,0.0,0.0,0,0,0,0,0,0,0,0,0,0,0,1740886200,-1,0,0,0,0,0,34506,2,1,6,0,3,0,6,3,1,2,2,3,3,5,1,53,8,146,50,1.41,0.34,1.75,0,0,0,0,0,0,1,1,0,0,1,0,0,0,1,16,13,1,11,14,1,0,11,0,0,0,0,0,0,0,0,0,0.0,0.0,0.0,0.0,/clubs/san-diego-fc-1398748,teams/usa-san-diego-fc.png,San Diego,/clubs/st-louis-city-sc-945555,teams/usa-st-louis-city-sc.png,St. Louis City,1.67,0.82,0.0,0.0,3.0,1.0,0,0,0,0,0,0,0,0,0.0,0.0,0.0,/usa/st-louis-city-sc-vs-san-diego-fc-h2h-stats#8229379,13973,34,False,False,False,False,False,False,False,[],[]
MLS,2025,13973,8229380,1,2,2025,complete,120240,0,-1,['22'],[],1,0,1,5,8,13,-1,-1,0,3,0,0,6,2,7,9,13,11,11,13,33,67,13864.0,,,,,0,3,2.68,3.3,2.55,1.01,1.2,1.8,2.8,5.3,11.0,3.9,1.95,1.36,1.13,1.62,2.2,3.55,1.25,3.5,1.25,1.3,0.0,1.4,3.25,2.17,3.05,3.1,2.4,2.75,0.0,0.0,1.24,1.5,1.8,2.2,2.9,3.2,2.4,1.9,1.57,1.36,2.05,6.4,2.05,0.0,0.0,0.0,5.0,4.75,1.37,2.72,5.7,19.0,3.12,1.48,1.1,1.01,1.2,1.93,4.0,9.0,4.0,1.75,1.2,1.03,0,0,0,0,1,1,0,0,0,0,1,1751153400,1,0,51,25,25,0,-1,2,1,3,2,2,6,5,8,0,1,0,2,1,2,1,42,48,77,107,1.54,1.19,2.73,0,0,0,0,0,0,1,1,0,0,2,0,0,0,1,2,4,1,13,11,1,8,6,13,38,51,63,82,38,63,75,38,8.26,2.75,4.75,2.69,/clubs/montreal-impact-1,teams/canada-montreal-impact.png,Montreal Impact,/clubs/new-york-city-fc-2,teams/usa-new-york-city-fc.png,New York City,0.71,1.52,0.38,0.88,0.58,1.56,88,63,51,38,19,50,44,26,1.18,1.14,2.32,/usa/montreal-impact-vs-new-york-city-fc-h2h-stats#8229380,13973,34,True,False,False,False,False,False,False,['22'],[]
MLS,2025,13973,8229381,9,17,2025,complete,120240,0,-1,['66'],"['76', '79', '90+6']",1,3,4,9,1,10,4,2,1,1,0,0,8,6,11,4,19,10,12,7,65,35,13841.0,40116.0,29408.0,,,1,1,2.02,3.8,3.45,1.0,1.18,1.57,2.45,4.2,15.0,4.75,2.25,1.53,1.2,1.5,2.5,3.75,1.25,4.75,1.15,1.25,0.0,1.72,2.3,2.51,3.55,2.45,2.9,3.05,0.0,0.0,1.36,1.7,2.1,2.6,3.3,2.88,2.07,1.65,1.49,1.17,1.5,7.5,3.25,0.0,0.0,0.0,4.6,6.5,1.25,2.2,4.8,10.5,3.3,1.6,1.16,1.03,1.14,1.75,3.2,7.0,4.7,2.0,1.3,1.07,0,0,0,0,4,0,0,1,3,4,0,1753486200,17,0,64,28,24,0,20641,2,1,4,0,5,1,4,6,0,0,1,1,0,2,1,84,36,108,46,2.36,1.31,3.66,1,0,1,0,0,0,1,1,0,0,1,0,0,0,1,10,15,1,6,12,1,5,10,16,32,65,68,80,36,76,65,37,10.33,3.15,3.25,2.72,/clubs/columbus-crew-9,teams/usa-columbus-crew.png,Columbus Crew,/clubs/orlando-city-sc-17,teams/usa-orlando-city-sc.png,Orlando City,1.94,1.39,2.15,1.67,1.83,1.58,84,68,36,32,20,69,57,37,1.64,1.53,3.17,/usa/columbus-crew-vs-orlando-city-sc-h2h-stats#8229381,13973,35,True,True,True,True,False,False,True,['66'],"['76', '79', '90+6']"
MLS,2025,13973,8229382,1,19,2025,complete,120240,0,-1,['64'],"['14', '30', '33', '55', '66', '90+1']",1,6,7,5,3,8,1,1,3,1,1,0,5,8,6,11,11,19,12,15,43,57,70481.0,,,,,5,1,1.77,3.5,4.25,1.05,1.29,1.95,3.16,6.0,10.5,3.7,1.95,1.37,1.13,1.78,1.93,2.5,1.48,4.75,1.15,1.25,0.0,2.07,2.38,2.2,4.5,2.1,2.55,4.2,0.0,0.0,1.37,1.58,2.29,2.55,3.3,2.8,2.25,1.76,1.44,1.27,1.5,9.0,3.46,0.0,0.0,0.0,3.0,7.0,1.35,2.78,6.5,21.0,2.9,1.46,1.04,1.02,1.18,2.09,4.6,10.5,3.92,1.7,1.16,1.05,0,0,0,0,7,0,3,1,3,4,3,1747506600,19,0,59,29,17,0,-1,2,1,3,0,2,3,3,5,2,1,2,0,3,2,1,43,38,88,89,1.36,2.03,3.39,0,0,0,0,0,0,1,1,0,0,0,0,0,1,1,25,15,1,15,12,1,7,2,9,17,38,67,88,38,79,59,25,8.5,5.17,5.08,2.25,/clubs/montreal-impact-1,teams/canada-montreal-impact.png,Montreal Impact,/clubs/toronto-fc-19,teams/canada-toronto-fc.png,Toronto,0.71,0.94,0.5,0.83,0.54,0.77,92,84,63,34,13,59,34,21,1.16,0.93,2.09,/usa/montreal-impact-vs-toronto-fc-h2h-stats#8229382,13973,34,True,True,True,True,True,True,True,['64'],"['14', '30', '33', '55', '66', '90+1']"
MLS,2025,13973,8229383,12,698284,2025,complete,120240,0,-1,[],"['6', '66']",0,2,2,11,3,14,0,1,2,2,0,0,5,6,11,5,16,11,4,11,53,47,,11435.0,21189.0,,,2,2,2.01,3.25,3.1,1.06,1.27,1.99,3.25,5.75,8.5,3.8,1.85,1.3,1.07,1.75,1.99,2.88,1.36,3.7,1.22,1.3,0.0,1.64,2.75,2.07,3.6,2.63,2.45,3.3,0.0,0.0,1.34,1.57,1.99,2.5,3.4,2.9,2.18,1.72,1.46,1.25,1.69,6.4,2.23,0.0,0.0,0.0,4.0,6.0,1.42,2.75,6.5,23.0,2.92,1.42,1.07,1.02,1.25,2.05,4.6,11.0,3.6,1.64,1.17,1.02,0,0,0,0,2,0,1,0,1,1,1,1749346200,698284,0,38,13,25,0,15701,2,1,5,0,6,3,5,9,1,0,1,2,1,3,1,26,17,60,39,1.54,1.23,2.77,0,0,0,0,0,0,1,1,0,1,0,0,0,0,1,19,13,1,11,4,1,6,6,19,19,32,69,100,19,69,76,50,8.26,3.13,4.13,2.5,/clubs/colorado-rapids-12,teams/usa-colorado-rapids.png,Colorado Rapids,/clubs/austin-fc-698284,teams/usa-austin-fc.png,Austin,1.65,1.06,1.75,0.88,1.38,1.18,82,82,69,32,0,51,32,25,1.55,1.04,2.59,/usa/colorado-rapids-vs-austin-fc-h2h-stats#8229383,13973,34,True,True,False,False,False,False,False,[],"['6', '66']"
MLS,2025,13973,8229384,13,2,2025,complete,120240,0,-1,"['15', '17', '45+8']","['11', '22', '46', '84']",3,4,7,2,2,4,2,2,2,2,0,0,6,5,4,4,10,9,15,11,41,59,13889.0,28222.0,21302.0,,,2,2,2.37,3.4,2.65,1.05,1.22,1.72,3.0,5.25,10.0,3.75,2.03,1.4,1.13,1.65,2.2,3.4,1.29,3.6,1.25,1.25,0.0,1.49,3.2,2.2,3.0,2.9,2.45,2.95,0.0,0.0,1.23,1.53,1.77,2.18,3.08,3.42,2.38,1.88,1.58,1.37,2.21,6.5,2.05,0.0,0.0,0.0,4.75,4.8,1.33,2.8,5.6,12.0,3.0,1.46,1.1,1.0,1.22,1.99,4.0,9.25,3.8,1.73,1.2,1.04,0,0,0,0,7,3,2,0,2,2,5,1753489800,2,0,49,18,27,0,11004,2,1,2,1,0,1,3,1,1,1,1,1,2,2,1,49,36,88,90,1.41,1.19,2.6,0,0,0,0,0,0,1,1,0,0,1,0,0,0,1,22,19,1,11,15,1,4,5,13,26,44,66,87,22,66,74,44,7.19,3.0,4.22,2.49,/clubs/fc-dallas-13,teams/usa-fc-dallas.png,FC Dallas,/clubs/new-york-city-fc-2,teams/usa-new-york-city-fc.png,New York City,1.22,1.52,0.73,0.92,1.09,1.52,87,74,56,35,13,70,52,39,1.23,1.26,2.49,/usa/new-york-city-fc-vs-fc-dallas-h2h-stats#8229384,13973,36,True,True,True,True,True,True,True,"['15', '17', '45+8']","['11', '22', '46', '84']"
MLS,2025,13973,8229385,1398748,9,2025,complete,120240,0,-1,['69'],['13'],1,1,2,10,1,11,4,3,1,4,0,1,7,3,10,3,17,6,12,8,52,48,13864.0,44567.0,40116.0,,,1,6,2.2,3.25,2.8,1.05,1.27,1.85,3.0,5.8,9.5,3.5,1.96,1.33,1.11,1.62,2.15,3.3,1.29,3.8,1.22,1.3,0.0,1.57,2.78,2.19,3.4,2.55,2.51,3.1,0.0,0.0,1.36,1.61,1.98,2.47,3.3,2.9,2.14,1.85,1.5,1.29,1.78,6.25,2.37,0.0,0.0,0.0,4.5,5.25,1.33,2.62,6.0,19.0,2.9,1.43,1.1,1.01,1.22,2.04,3.95,10.0,3.8,1.75,1.22,1.04,0,0,0,0,2,0,1,1,0,1,1,1742092200,-1,0,0,0,0,0,30018,2,1,4,1,6,0,5,6,1,1,0,4,2,4,1,94,61,80,78,2.23,1.03,3.26,0,0,0,0,0,0,1,1,0,0,1,0,0,0,1,12,11,1,8,12,1,5,9,0,0,0,0,50,0,0,50,0,13.0,1.0,6.0,0.5,/clubs/san-diego-fc-1398748,teams/usa-san-diego-fc.png,San Diego,/clubs/columbus-crew-9,teams/usa-columbus-crew.png,Columbus Crew,1.67,1.16,1.0,3.0,2.33,2.33,100,100,100,100,50,50,0,0,1.41,0.98,2.39,/usa/columbus-crew-vs-san-diego-fc-h2h-stats#8229385,13973,37,True,True,False,False,False,False,True,['69'],['13']
MLS,2025,13973,8229386,1016,677446,2025,complete,120240,0,-1,['11'],"['20', '89']",1,2,3,3,7,10,2,4,3,1,0,0,4,8,8,5,12,13,16,7,48,52,36.0,762.0,48359.0,,,3,1,2.5,3.6,2.25,1.01,1.09,1.35,1.91,2.9,17.5,6.0,3.0,1.85,1.3,1.33,3.0,5.25,1.13,4.75,1.15,1.25,0.0,1.53,3.1,2.62,2.7,2.7,2.9,2.5,0.0,0.0,1.21,1.36,1.62,1.96,2.6,3.58,2.7,2.14,1.73,1.44,1.67,6.5,2.88,0.0,0.0,0.0,6.5,5.8,1.14,2.07,4.0,9.5,3.9,1.87,1.2,1.04,1.11,1.6,2.8,5.0,5.75,2.2,1.37,1.13,0,0,0,0,3,1,1,0,1,1,2,1742166000,677446,0,75,0,75,0,42844,2,1,0,2,3,5,2,8,1,1,2,0,2,2,1,40,57,75,77,1.33,1.79,3.11,0,0,0,0,0,0,1,1,0,0,0,0,0,0,1,4,4,1,7,16,1,5,7,75,75,75,75,75,50,75,75,75,8.0,4.5,8.5,3.75,/clubs/atlanta-united-fc-1016,teams/usa-atlanta-united-fc.png,Atlanta United FC,/clubs/club-internacional-de-futbol-miami-677446,teams/usa-club-internacional-de-futbol-miami.png,Inter Miami,1.18,1.68,2.0,3.0,1.33,2.33,25,25,25,25,25,25,25,25,1.51,1.15,2.66,/usa/atlanta-united-fc-vs-club-internacional-de-futbol-miami-h2h-stats#8229386,13973,34,True,True,True,False,False,False,True,['11'],"['20', '89']"
MLS,2025,13973,8229387,11,12,2025,complete,120240,0,-1,"['58', '86', '90+3']","['29', '40', '55']",3,3,6,11,2,13,1,1,2,2,0,0,10,4,8,6,18,10,9,15,72,28,,13.0,11435.0,,,2,2,1.75,3.7,3.95,1.04,1.15,1.67,2.73,4.75,12.0,4.2,2.33,1.49,1.17,1.6,2.25,2.95,1.33,5.0,1.13,1.25,0.0,1.93,2.44,2.26,4.2,2.2,2.6,3.8,0.0,0.0,1.3,1.53,1.85,2.3,3.0,3.2,2.38,1.79,1.55,1.33,1.57,6.5,2.88,0.0,0.0,0.0,3.65,8.0,1.28,2.58,5.55,13.0,3.3,1.52,1.12,1.02,1.16,1.85,3.7,9.0,4.4,1.85,1.25,1.05,0,0,0,0,6,0,2,3,1,4,2,1751153400,-1,0,40,27,14,0,22886,2,1,8,2,3,0,10,3,1,0,1,2,1,3,1,68,20,122,62,2.33,1.06,3.39,1,0,1,0,0,0,1,1,0,0,0,1,1,0,1,3,0,1,14,9,1,0,6,7,14,40,66,87,34,73,61,27,8.46,5.31,4.63,2.13,/clubs/new-england-revolution-11,teams/usa-new-england-revolution.png,New England Revolution,/clubs/colorado-rapids-12,teams/usa-colorado-rapids.png,Colorado Rapids,0.94,0.76,1.0,1.0,1.35,1.32,93,87,61,34,14,66,53,41,0.98,0.95,1.93,/usa/new-england-revolution-vs-colorado-rapids-h2h-stats#8229387,13973,34,True,True,True,True,True,True,True,"['58', '86', '90+3']","['29', '40', '55']"
MLS,2025,13973,8229388,18,945555,2025,complete,120240,0,-1,"['33', '61', '81', '90+1']",['29'],4,1,5,8,0,8,-1,-1,3,2,0,0,8,4,21,3,29,7,9,15,57,43,62506.0,25.0,1620.0,,,3,2,1.55,4.33,5.5,1.05,1.18,1.77,2.9,6.0,12.0,4.0,2.13,1.4,1.12,1.89,1.97,2.15,1.67,5.5,1.11,1.22,0.0,2.5,2.0,2.25,5.95,1.8,2.6,5.0,0.0,0.0,1.21,1.33,1.86,2.04,2.55,4.1,2.75,2.12,1.69,1.45,1.35,9.5,3.7,0.0,0.0,0.0,2.6,10.0,1.35,2.62,5.7,15.0,3.22,1.42,1.1,1.01,1.22,1.91,4.0,9.0,4.0,1.7,1.2,1.03,0,0,0,0,5,1,1,3,0,3,2,1746325800,18,0,35,25,35,0,31236,2,1,4,0,4,0,4,4,3,1,0,1,4,1,1,57,23,131,70,2.8,0.9,3.69,1,1,1,1,0,0,1,1,0,0,1,0,0,0,1,10,15,1,14,8,1,3,18,13,35,58,68,78,38,58,55,55,10.05,4.2,4.65,2.75,/clubs/seattle-sounders-fc-18,teams/usa-seattle-sounders-fc.png,Seattle Sounders,/clubs/st-louis-city-sc-945555,teams/usa-st-louis-city-sc.png,St. Louis City,2.17,0.82,2.0,1.0,1.3,1.0,88,65,43,33,23,68,45,45,1.77,0.93,2.7,/usa/seattle-sounders-fc-vs-st-louis-city-sc-h2h-stats#8229388,13973,34,True,True,True,True,True,False,True,"['33', '61', '81', '90+1']",['29']
MLS,2025,13973,8229389,5,12,2025,complete,120240,0,-1,"['19', '38']",[],2,0,2,7,8,15,1,2,2,4,0,0,5,0,11,7,16,7,10,12,50,50,50021.0,5362.0,11435.0,,,2,4,1.64,3.9,4.75,1.01,1.18,1.63,2.63,4.5,11.0,4.5,2.25,1.51,1.18,1.65,2.2,2.9,1.36,5.5,1.15,1.25,0.0,1.91,2.17,2.49,4.64,1.95,2.6,4.33,0.0,0.0,1.19,1.44,1.75,2.1,2.48,3.6,2.6,1.95,1.6,1.35,1.29,7.5,4.6,0.0,0.0,0.0,3.25,8.5,1.33,2.4,5.5,17.0,3.33,1.55,1.11,1.0,1.18,1.85,3.6,8.0,4.3,1.85,1.25,1.05,0,0,0,0,2,2,0,0,0,0,2,1743903000,5,0,50,50,0,0,17993,2,1,5,3,2,5,8,7,1,0,1,4,1,5,1,60,35,98,106,1.79,0.71,2.5,0,0,0,0,0,0,1,1,0,0,1,1,0,0,1,19,26,1,12,10,1,7,5,0,17,50,67,84,50,84,67,17,8.67,1.33,3.34,2.17,/clubs/vancouver-whitecaps-fc-5,teams/canada-vancouver-whitecaps-fc.png,Vancouver Whitecaps,/clubs/colorado-rapids-12,teams/usa-colorado-rapids.png,Colorado Rapids,2.0,0.76,2.0,2.33,2.17,1.83,100,84,50,34,17,67,67,33,1.59,0.85,2.44,/usa/vancouver-whitecaps-fc-vs-colorado-rapids-h2h-stats#8229389,13973,34,True,True,False,False,False,False,False,"['19', '38']",[]
MLS,2025,13973,8229390,711351,677447,2025,complete,120240,0,-1,"['85', '90']",['32'],2,1,3,3,8,11,4,4,3,2,0,0,4,7,1,6,5,13,12,20,53,47,19912.0,404.0,48648.0,,,3,2,2.22,3.36,3.46,1.05,1.23,1.9,2.83,6.22,10.0,3.7,2.02,1.37,1.12,1.71,2.2,2.7,1.4,4.33,1.18,1.35,0.0,1.67,2.55,2.31,3.4,2.5,2.45,3.2,0.0,0.0,1.26,1.51,1.9,2.4,3.05,3.4,2.25,1.8,1.46,1.32,1.56,8.0,2.25,0.0,0.0,0.0,4.0,5.5,1.35,2.5,6.5,21.0,3.0,1.46,1.09,1.01,1.22,2.0,4.33,9.5,4.0,1.75,1.19,1.03,0,0,0,0,3,0,1,2,0,2,1,1743877800,711351,0,42,25,17,0,29591,2,1,2,3,1,4,5,5,0,1,3,1,1,4,1,34,34,101,76,0.86,1.56,2.42,1,0,1,0,0,0,1,1,0,0,0,1,0,0,1,21,17,1,19,12,1,3,6,17,42,42,100,100,67,67,75,50,5.5,5.0,4.0,3.0,/clubs/charlotte-fc-711351,teams/usa-charlotte-fc.png,Charlotte,/clubs/nashville-sc-mls-677447,teams/usa-nashville-sc-mls.png,Nashville SC,2.11,0.95,3.0,1.5,1.67,1.67,84,59,59,0,0,42,17,17,1.57,1.2,2.77,/usa/nashville-sc-mls-vs-charlotte-fc-h2h-stats#8229390,13973,37,True,True,True,False,False,False,True,"['85', '90']",['32']
MLS,2025,13973,8229391,11,4,2025,complete,120240,0,-1,"['28', '90+7']",['45+2'],2,1,3,3,4,7,3,1,3,3,0,0,6,5,7,7,13,12,14,18,52,48,19856.0,13.0,1313.0,,,3,3,2.9,3.2,2.3,1.05,1.33,2.05,3.6,8.0,7.75,2.95,1.7,1.26,1.06,1.91,1.94,3.4,1.28,2.8,1.38,1.28,0.0,1.36,3.4,2.11,2.6,3.5,2.36,2.7,0.0,0.0,1.24,1.52,2.13,2.37,3.25,3.5,2.43,1.92,1.55,1.33,2.05,7.0,2.15,0.0,0.0,0.0,5.0,3.9,1.48,3.0,7.5,23.0,2.65,1.33,1.07,1.0,1.25,2.2,4.75,12.0,3.3,1.6,1.15,1.02,0,0,0,0,3,1,1,1,0,1,2,1743273000,11,0,0,0,0,0,20439,2,1,3,1,0,3,4,3,0,0,3,3,0,6,1,42,39,85,88,1.55,1.39,2.94,1,0,1,0,0,0,1,1,0,0,1,0,0,0,1,25,13,1,17,14,1,5,3,0,0,0,25,75,0,0,75,25,4.5,5.0,3.5,1.0,/clubs/new-england-revolution-11,teams/usa-new-england-revolution.png,New England Revolution,/clubs/new-york-red-bulls-4,teams/usa-new-york-red-bulls.png,New York RB,0.94,0.59,0.0,0.5,0.25,1.6,100,100,100,75,25,25,0,0,0.78,1.07,1.85,/usa/new-york-red-bulls-vs-new-england-revolution-h2h-stats#8229391,13973,34,True,True,True,False,False,False,True,"['28', '90+7']",['45+2']
MLS,2025,13973,8229392,19,20,2025,complete,120240,0,-1,"['11', '56', '90+4']",[],3,0,3,9,3,12,0,3,1,4,0,0,7,0,6,5,13,5,16,15,42,58,,11434.0,28121.0,,,1,4,2.7,3.42,2.53,1.01,1.25,1.8,2.78,5.25,10.5,3.75,1.93,1.37,1.11,1.67,2.1,3.75,1.22,3.3,1.29,1.33,0.0,1.35,3.3,2.15,2.6,3.1,2.7,2.8,0.0,0.0,1.21,1.5,2.02,2.21,2.92,3.58,2.4,2.01,1.56,1.31,2.01,7.5,2.1,0.0,0.0,0.0,5.0,4.5,1.32,2.75,5.7,15.0,3.1,1.47,1.1,1.01,1.18,1.93,4.0,9.25,4.3,1.75,1.2,1.04,0,0,0,0,3,1,0,2,0,2,1,1751153400,19,0,37,17,16,0,22445,2,1,4,0,5,3,4,8,0,1,1,3,1,4,1,42,36,83,90,1.61,0.59,2.2,0,0,0,0,0,0,1,1,0,0,3,0,0,0,1,3,3,1,15,16,1,8,9,19,19,39,64,79,22,56,59,37,7.3,3.24,3.06,2.31,/clubs/toronto-fc-19,teams/canada-toronto-fc.png,Toronto,/clubs/portland-timbers-20,teams/usa-portland-timbers.png,Portland Timbers,0.94,0.89,0.55,1.38,0.78,1.67,82,82,62,37,22,51,35,20,1.12,1.32,2.44,/usa/toronto-fc-vs-portland-timbers-h2h-stats#8229392,13973,34,True,True,True,False,False,False,False,"['11', '56', '90+4']",[]
MLS,2025,13973,8229393,945555,18,2025,complete,120240,0,-1,['15'],[],1,0,1,4,7,11,2,1,2,4,0,0,5,1,9,14,14,15,11,11,35,65,24.0,1620.0,25.0,,,2,4,2.25,3.45,3.0,1.01,1.28,2.0,3.56,6.5,9.0,3.4,1.82,1.32,1.11,1.81,2.1,2.9,1.36,3.6,1.25,1.3,0.0,1.57,2.9,2.05,3.85,2.63,2.38,3.1,0.0,0.0,1.26,1.47,1.72,2.14,2.7,3.82,2.57,2.08,1.61,1.4,1.95,8.5,2.05,0.0,0.0,0.0,4.0,5.0,1.36,2.88,6.5,26.0,2.9,1.34,1.07,1.02,1.19,2.1,4.5,11.0,3.6,1.63,1.16,1.02,0,0,0,0,1,1,0,0,0,0,1,1742085000,945555,0,0,0,0,0,22422,2,1,3,2,1,5,5,6,0,2,2,2,2,4,1,40,65,70,111,1.52,1.49,3.01,0,0,0,0,0,0,1,1,0,0,0,0,0,0,1,11,28,1,11,11,1,9,5,0,0,0,50,50,0,50,50,0,10.0,7.0,2.0,1.0,/clubs/st-louis-city-sc-945555,teams/usa-st-louis-city-sc.png,St. Louis City,/clubs/seattle-sounders-fc-18,teams/usa-seattle-sounders-fc.png,Seattle Sounders,1.06,1.11,1.0,0.0,1.67,1.33,100,100,100,50,50,0,0,0,1.81,1.26,3.07,/usa/seattle-sounders-fc-vs-st-louis-city-sc-h2h-stats#8229393,13973,34,True,False,False,False,False,False,False,['15'],[]
MLS,2025,13973,8229394,18,6,2025,complete,120240,0,-1,[],[],0,0,0,7,0,7,3,1,0,4,0,0,4,1,9,5,13,6,12,20,55,45,3.0,25.0,20.0,,,0,4,1.78,3.55,4.75,1.02,1.25,2.03,3.3,6.5,10.5,3.2,1.82,1.26,1.1,1.85,1.85,2.3,1.55,4.33,1.18,1.2,0.0,2.05,2.15,2.1,4.6,2.15,2.52,4.6,0.0,0.0,1.35,1.39,1.68,2.16,2.79,3.9,2.62,1.98,1.46,1.33,1.44,8.0,3.4,0.0,0.0,0.0,2.9,7.0,1.4,2.84,6.5,20.0,2.75,1.4,1.04,1.02,1.25,2.2,4.5,11.0,3.5,1.6,1.14,1.02,0,0,0,0,0,0,0,0,0,0,0,1742697000,-1,0,50,50,50,0,31293,-1,1,-1,-1,-1,-1,-1,-1,0,0,0,4,0,4,1,42,22,134,74,1.42,0.62,2.04,0,0,0,0,0,0,1,1,0,0,-1,-1,0,0,1,23,11,1,20,12,1,5,9,25,50,50,50,50,50,50,50,50,12.0,7.5,4.5,2.75,/clubs/seattle-sounders-fc-18,teams/usa-seattle-sounders-fc.png,Seattle Sounders,/clubs/houston-dynamo-6,teams/usa-houston-dynamo.png,Houston Dynamo,2.17,1.12,2.0,1.0,1.0,0.25,75,50,50,50,50,100,50,50,2.13,0.42,2.55,/usa/houston-dynamo-vs-seattle-sounders-fc-h2h-stats#8229394,13973,34,False,False,False,False,False,False,False,[],[]
MLS,2025,13973,8229395,14,1398748,2025,complete,120240,0,-1,['17'],"['43', '90+1', '90+6']",1,3,4,4,6,10,2,1,3,1,0,0,6,8,7,7,13,15,10,11,48,52,65836.0,8.0,44567.0,,,3,1,1.77,3.5,4.28,1.05,1.25,1.8,3.04,5.5,11.0,4.0,1.93,1.42,1.13,1.75,2.0,2.5,1.48,4.75,1.15,1.25,0.0,2.0,2.3,2.38,4.86,2.05,2.45,4.35,0.0,0.0,1.22,1.28,1.52,1.91,2.5,4.4,3.2,2.25,1.75,1.44,1.67,8.5,2.4,0.0,0.0,0.0,3.0,7.5,1.36,2.6,5.8,16.0,3.1,1.48,1.11,1.02,1.18,1.98,4.1,9.5,3.8,1.73,1.19,1.03,0,0,0,0,4,1,1,0,2,2,2,1741487400,1398748,0,0,0,0,0,19337,2,1,2,3,2,3,5,5,0,0,3,1,0,4,1,24,34,66,103,1.41,1.76,3.17,0,0,0,0,0,0,1,1,0,0,0,1,0,0,1,14,12,1,11,10,1,9,7,0,0,0,100,100,0,50,100,50,6.0,3.0,4.0,2.0,/clubs/real-salt-lake-14,teams/usa-real-salt-lake.png,Real Salt Lake,/clubs/san-diego-fc-1398748,teams/usa-san-diego-fc.png,San Diego,1.65,2.11,3.0,3.0,1.5,2.0,100,100,100,0,0,0,0,0,1.28,1.35,2.63,/usa/real-salt-lake-vs-san-diego-fc-h2h-stats#8229395,13973,35,True,True,True,True,False,False,True,['17'],"['43', '90+1', '90+6']"
MLS,2025,13973,8229396,5,1,2025,complete,120240,0,-1,"['32', '49']",[],2,0,2,8,7,15,0,1,1,2,0,0,7,2,7,8,14,10,10,16,52,48,13893.0,5362.0,,,,1,2,1.37,5.2,7.6,1.03,1.19,1.57,2.34,4.5,11.0,5.0,2.3,1.58,1.2,1.8,1.91,2.1,1.65,7.5,1.05,1.17,0.0,3.1,2.15,2.45,6.38,1.96,2.95,6.0,0.0,0.0,1.18,1.38,1.73,2.1,2.8,4.1,2.8,2.0,1.62,1.38,1.33,7.0,3.65,0.0,0.0,0.0,2.4,13.0,1.28,2.25,5.0,13.0,3.6,1.6,1.16,1.02,1.15,1.77,3.2,7.0,4.75,1.95,1.25,1.07,0,0,0,0,2,1,0,1,0,1,1,1741487400,5,0,75,50,25,0,19531,2,1,3,3,5,4,6,9,0,2,1,0,2,1,1,45,43,105,81,1.7,1.09,2.79,0,0,0,0,0,0,1,1,0,0,0,0,0,0,1,18,13,1,16,10,1,4,6,25,25,75,75,100,50,75,100,25,11.0,2.0,5.0,3.0,/clubs/vancouver-whitecaps-fc-5,teams/canada-vancouver-whitecaps-fc.png,Vancouver Whitecaps,/clubs/montreal-impact-1,teams/canada-montreal-impact.png,Montreal Impact,2.0,0.94,3.0,0.0,3.0,0.0,75,75,25,25,0,25,25,25,1.79,1.04,2.83,/usa/montreal-impact-vs-vancouver-whitecaps-fc-h2h-stats#8229396,13973,34,True,True,False,False,False,False,False,"['32', '49']",[]
MLS,2025,13973,8229397,20,15,2025,complete,120240,0,-1,['71'],['90+3'],1,1,2,8,7,15,3,5,0,3,0,1,5,6,8,10,13,16,10,8,62,38,13864.0,,,,,0,4,2.2,3.5,2.93,1.01,1.05,1.42,2.0,3.2,21.0,6.0,2.8,1.84,1.3,1.38,3.0,4.33,1.18,5.5,1.11,1.47,0.0,1.62,2.57,2.7,3.21,2.4,2.91,3.05,0.0,0.0,1.2,1.34,1.57,1.9,2.38,3.95,2.9,2.23,1.7,1.32,1.85,6.5,2.15,0.0,0.0,0.0,5.0,7.5,1.2,1.98,4.2,9.0,4.0,1.82,1.22,1.03,1.11,1.6,2.8,5.75,5.3,2.2,1.37,1.12,0,0,0,0,2,0,0,1,1,2,0,1749868200,-1,0,71,29,41,0,-1,2,1,6,3,2,4,9,6,0,2,0,2,2,2,1,53,34,102,88,1.56,1.68,3.23,0,0,0,0,0,0,1,1,0,0,2,0,0,0,1,17,15,1,8,10,1,10,9,18,23,60,77,94,41,65,77,47,9.35,2.35,4.28,2.75,/clubs/portland-timbers-20,teams/usa-portland-timbers.png,Portland Timbers,/clubs/san-jose-earthquakes-15,teams/usa-san-jose-earthquakes.png,SJ Earthquakes,1.63,1.18,2.0,1.25,1.71,1.29,83,78,41,24,7,70,53,46,1.29,1.54,2.83,/usa/san-jose-earthquakes-vs-portland-timbers-h2h-stats#8229397,13973,34,True,True,False,False,False,False,True,['71'],['90+3']
MLS,2025,13973,8229398,10,14,2025,complete,120240,0,-1,"['17', '55']",[],2,0,2,6,6,12,0,1,2,1,0,0,5,4,4,15,9,19,9,9,50,50,69.0,,,,,2,1,1.97,3.8,3.45,1.04,1.18,1.62,2.53,4.33,11.0,4.1,2.2,1.55,1.18,1.53,2.48,3.2,1.3,4.75,1.15,1.3,0.0,1.72,2.3,2.4,3.7,2.25,2.5,3.6,0.0,0.0,1.23,1.61,2.35,2.35,3.1,3.08,2.24,1.72,1.5,1.29,1.93,6.5,2.38,0.0,0.0,0.0,4.0,6.5,1.3,2.3,5.4,17.0,3.3,1.52,1.13,1.02,1.16,1.8,3.5,7.5,4.4,1.85,1.25,1.06,0,0,0,0,2,1,0,1,0,1,1,1748745000,10,0,62,24,26,0,-1,2,1,5,3,1,3,8,4,0,0,2,1,0,3,1,31,57,71,109,1.15,1.89,3.04,0,0,0,0,0,0,1,1,0,0,3,0,0,0,1,13,19,1,9,9,1,9,4,7,26,57,88,100,24,75,95,58,9.07,3.27,4.38,2.84,/clubs/la-galaxy-10,teams/usa-la-galaxy.png,LA Galaxy,/clubs/real-salt-lake-14,teams/usa-real-salt-lake.png,Real Salt Lake,1.35,0.72,0.29,0.89,0.25,0.94,93,75,44,13,0,44,44,44,1.43,1.45,2.88,/usa/la-galaxy-vs-real-salt-lake-h2h-stats#8229398,13973,34,True,True,False,False,False,False,False,"['17', '55']",[]
MLS,2025,13973,8229399,20,8,2025,complete,120240,0,-1,['10'],[],1,0,1,8,0,8,5,2,1,2,0,0,3,3,6,8,9,11,13,13,49,51,62494.0,28121.0,,,,1,2,1.62,4.0,5.0,1.02,1.13,1.4,2.1,3.9,19.0,5.45,2.88,1.55,1.3,1.55,2.25,3.0,1.33,6.5,1.08,1.24,0.0,2.1,2.2,2.45,3.9,2.0,2.8,3.75,0.0,0.0,1.18,1.5,1.77,1.98,2.79,3.86,2.4,2.12,1.72,1.36,1.73,7.8,2.4,0.0,0.0,0.0,3.4,10.0,1.26,2.1,4.75,10.0,3.5,1.62,1.18,1.02,1.12,1.67,3.05,6.4,4.75,2.1,1.33,1.1,0,0,0,0,1,1,0,0,0,0,1,1746930600,20,0,80,40,60,0,21287,2,1,5,0,3,0,5,3,0,0,1,2,0,3,1,44,52,83,126,1.1,1.29,2.39,0,0,0,0,0,0,1,1,1,0,0,0,0,0,1,7,12,1,13,13,1,9,9,30,40,70,80,100,50,60,90,60,7.4,2.4,5.8,3.6,/clubs/portland-timbers-20,teams/usa-portland-timbers.png,Portland Timbers,/clubs/sporting-kansas-city-8,teams/usa-sporting-kansas-city.png,Sporting KC,1.63,0.65,1.6,0.6,1.64,0.91,70,60,30,20,0,70,40,40,1.19,1.19,2.38,/usa/sporting-kansas-city-vs-portland-timbers-h2h-stats#8229399,13973,34,True,False,False,False,False,False,False,['10'],[]
MLS,2025,13973,8229400,17,2,2025,complete,120240,0,-1,['36'],"['87', '90+1']",1,2,3,9,4,13,3,1,1,2,0,0,7,4,19,7,26,11,11,10,46,54,,29408.0,21302.0,,,1,2,1.58,3.95,4.8,1.03,1.18,1.55,2.5,4.8,12.0,4.6,2.25,1.5,1.18,1.57,2.2,2.8,1.38,5.5,1.11,1.27,0.0,2.24,2.2,2.35,4.0,2.02,2.7,4.1,0.0,0.0,1.25,1.5,1.73,2.15,2.7,3.6,2.4,1.85,1.57,1.4,1.5,7.8,3.1,0.0,0.0,0.0,3.3,9.5,1.29,2.35,5.0,13.0,3.3,1.55,1.13,1.0,1.18,1.83,3.55,7.0,4.4,1.91,1.29,1.07,0,0,0,0,3,1,0,0,2,2,1,1752711300,2,0,52,28,33,0,18521,2,1,8,2,1,2,10,3,0,1,1,1,1,2,1,52,32,83,91,2.49,1.21,3.7,0,0,0,0,0,0,1,1,0,0,1,1,0,0,1,11,10,1,10,11,1,3,15,23,43,52,66,86,43,76,72,43,8.26,2.89,4.16,2.92,/clubs/orlando-city-sc-17,teams/usa-orlando-city-sc.png,Orlando City,/clubs/new-york-city-fc-2,teams/usa-new-york-city-fc.png,New York City,1.65,1.52,1.64,0.7,1.59,1.48,77,58,49,34,15,58,44,34,1.64,1.22,2.86,/usa/new-york-city-fc-vs-orlando-city-sc-h2h-stats#8229400,13973,35,True,True,True,False,False,False,True,['36'],"['87', '90+1']"
MLS,2025,13973,8229401,19,5,2025,complete,120240,0,-1,[],[],0,0,0,3,12,15,3,2,1,1,0,0,3,6,4,8,7,14,16,14,43,57,19912.0,11434.0,5362.0,,,1,1,2.8,3.2,2.41,1.05,1.23,1.85,3.16,6.25,9.0,4.1,1.9,1.37,1.13,1.76,2.13,3.6,1.25,3.0,1.33,1.57,0.0,1.41,3.6,2.27,2.9,3.1,2.45,2.64,0.0,0.0,1.24,1.46,1.74,2.34,3.08,3.42,2.44,1.85,1.49,1.28,2.07,6.5,1.85,0.0,0.0,0.0,5.0,4.5,1.41,2.88,6.5,18.5,3.09,1.43,1.08,1.01,1.23,2.05,4.7,10.0,4.0,1.67,1.16,1.04,0,0,0,0,0,0,0,0,0,0,0,1743273000,-1,0,75,50,25,0,22301,2,1,1,4,2,8,5,10,0,0,1,1,0,2,1,40,61,71,109,0.95,1.75,2.69,0,0,0,0,0,0,1,1,0,0,0,1,0,0,1,16,20,1,14,16,1,9,3,25,25,75,75,100,75,75,50,25,14.0,6.0,2.0,3.0,/clubs/toronto-fc-19,teams/canada-toronto-fc.png,Toronto,/clubs/vancouver-whitecaps-fc-5,teams/canada-vancouver-whitecaps-fc.png,Vancouver Whitecaps,0.94,1.65,0.0,3.0,0.2,2.4,75,75,25,25,0,50,50,25,0.76,1.88,2.64,/usa/vancouver-whitecaps-fc-vs-toronto-fc-h2h-stats#8229401,13973,34,False,False,False,False,False,False,False,[],[]
MLS,2025,13973,8229402,711351,15,2025,complete,120240,0,-1,"['11', '36', '40', '52']",['77'],4,1,5,0,5,5,0,1,2,1,1,0,8,6,6,20,14,26,10,10,51,49,7.0,404.0,21032.0,,,4,1,1.65,4.0,4.76,1.04,1.15,1.6,2.5,4.7,10.0,4.6,2.4,1.44,1.14,1.71,2.1,2.5,1.48,5.75,1.1,1.19,0.0,2.31,2.15,2.45,4.6,2.0,2.63,4.33,0.0,0.0,1.24,1.42,1.66,2.1,2.51,3.55,2.75,2.05,1.6,1.49,1.39,7.8,2.88,0.0,0.0,0.0,3.2,8.5,1.32,2.32,5.75,12.0,3.3,1.51,1.11,1.0,1.17,1.77,3.8,7.5,4.3,1.85,1.22,1.07,0,0,0,0,5,3,0,1,1,2,3,1742686200,711351,0,50,50,0,0,27463,2,1,0,2,0,3,2,3,1,0,2,1,1,3,1,25,58,68,121,1.62,2.47,4.1,0,1,0,1,0,0,1,1,0,0,0,1,0,0,1,5,0,1,10,9,1,20,5,0,0,50,100,100,50,50,50,50,5.0,2.5,3.0,2.5,/clubs/charlotte-fc-711351,teams/usa-charlotte-fc.png,Charlotte,/clubs/san-jose-earthquakes-15,teams/usa-san-jose-earthquakes.png,SJ Earthquakes,2.11,1.18,3.0,3.0,1.75,1.5,100,100,50,0,0,25,25,25,1.55,0.87,2.42,/usa/san-jose-earthquakes-vs-charlotte-fc-h2h-stats#8229402,13973,34,True,True,True,True,True,False,True,"['11', '36', '40', '52']",['77']
MLS,2025,13973,8229403,17,4,2025,complete,120240,0,-1,[],[],0,0,0,7,2,9,3,2,2,3,1,0,4,1,10,8,14,9,11,14,49,51,11.0,29408.0,1313.0,,,3,3,1.81,3.87,4.0,1.05,1.25,1.85,3.0,6.25,10.5,3.9,1.97,1.32,1.08,1.67,1.95,2.4,1.5,4.75,1.15,1.25,0.0,1.95,2.38,2.25,4.5,2.15,2.4,4.2,0.0,0.0,1.31,1.59,2.03,2.4,3.58,2.92,2.16,1.75,1.49,1.3,1.5,9.0,3.2,0.0,0.0,0.0,3.1,7.0,1.36,2.55,6.75,12.0,2.85,1.42,1.05,1.0,1.17,2.05,4.1,9.0,4.05,1.72,1.15,1.04,0,0,0,0,0,0,0,0,0,0,0,1744489800,-1,0,67,33,50,0,21418,2,1,4,0,3,2,4,5,2,0,1,3,2,4,1,70,44,78,67,1.66,0.96,2.62,0,0,0,0,0,0,1,1,0,0,1,0,0,0,1,9,10,1,14,11,1,10,11,50,50,67,67,84,67,67,84,50,6.0,3.34,3.67,3.5,/clubs/orlando-city-sc-17,teams/usa-orlando-city-sc.png,Orlando City,/clubs/new-york-red-bulls-4,teams/usa-new-york-red-bulls.png,New York RB,1.65,0.59,2.0,0.33,1.57,1.57,50,50,34,34,17,34,34,34,1.8,1.18,2.98,/usa/new-york-red-bulls-vs-orlando-city-sc-h2h-stats#8229403,13973,34,False,False,False,False,False,False,False,[],[]
MLS,2025,13973,8229404,6,10,2025,complete,120240,0,-1,['35'],['90+9'],1,1,2,5,4,9,1,3,1,4,0,0,3,4,6,11,9,15,14,15,39,61,42.0,20.0,2.0,,,1,4,1.89,3.88,3.93,1.03,1.15,1.67,2.5,4.5,10.0,4.71,2.2,1.51,1.16,1.62,2.2,3.0,1.33,5.0,1.13,1.25,0.0,1.83,2.3,2.31,4.25,2.15,2.88,3.5,0.0,0.0,1.4,1.39,1.97,2.2,2.65,3.75,2.7,1.97,1.64,1.42,1.44,9.5,3.0,0.0,0.0,0.0,3.75,7.5,1.3,2.3,5.0,15.0,3.2,1.53,1.14,1.03,1.18,1.83,3.6,7.5,4.4,1.91,1.25,1.06,0,0,0,0,2,1,0,0,1,1,1,1757205000,-1,0,64,33,33,0,18471,2,1,2,3,3,1,5,4,0,0,1,4,0,5,1,36,46,72,78,1.04,1.56,2.6,0,0,0,0,0,0,1,1,0,0,0,1,0,0,1,16,14,1,15,14,1,9,10,18,40,61,86,100,57,83,83,54,10.57,2.21,5.43,3.18,/clubs/houston-dynamo-6,teams/usa-houston-dynamo.png,Houston Dynamo,/clubs/la-galaxy-10,teams/usa-la-galaxy.png,LA Galaxy,1.06,0.41,1.0,0.36,1.14,0.7,82,61,40,14,0,57,54,47,1.52,1.12,2.64,/usa/houston-dynamo-vs-la-galaxy-h2h-stats#8229404,13973,34,True,True,False,False,False,False,True,['35'],['90+9']
MLS,2025,13973,8229405,8043,677446,2025,complete,120240,0,-1,"['16', '50', '70']",[],3,0,3,1,4,5,0,2,1,0,0,0,6,2,5,8,11,10,6,9,44,56,19912.0,40744.0,48359.0,,,1,0,2.6,3.75,2.83,1.02,1.11,1.4,2.0,3.5,19.0,5.8,2.7,1.7,1.3,1.38,2.8,5.0,1.13,4.5,1.17,1.53,0.0,1.42,2.54,2.4,3.25,2.88,2.75,2.59,0.0,0.0,1.38,1.65,2.44,2.62,3.6,2.8,2.1,1.65,1.42,1.25,1.8,8.2,2.3,0.0,0.0,0.0,6.5,5.5,1.22,2.0,4.2,11.0,3.9,1.7,1.2,1.02,1.12,1.65,2.8,5.75,5.25,2.1,1.36,1.1,0,0,0,0,3,1,0,2,0,2,1,1752708600,8043,0,74,27,42,0,25513,2,1,1,1,0,3,2,3,0,0,1,0,0,1,1,35,36,89,105,1.37,1.04,2.42,0,0,0,0,0,0,1,1,0,0,1,0,0,0,1,4,2,1,9,6,1,8,6,38,43,74,79,95,54,75,84,57,9.89,4.8,4.64,3.49,/clubs/fc-cincinnati-8043,teams/usa-fc-cincinnati.png,FC Cincinnati,/clubs/club-internacional-de-futbol-miami-677446,teams/usa-club-internacional-de-futbol-miami.png,Inter Miami,1.8,1.68,2.0,2.0,1.91,2.0,62,57,26,21,6,74,42,26,1.5,1.3,2.8,/usa/fc-cincinnati-vs-club-internacional-de-futbol-miami-h2h-stats#8229405,13973,38,True,True,True,False,False,False,False,"['16', '50', '70']",[]
MLS,2025,13973,8229406,20,698284,2025,complete,120240,0,-1,['89'],[],1,0,1,6,5,11,0,4,5,1,0,0,2,4,5,9,7,13,15,9,54,46,13967.0,28121.0,21189.0,,,5,1,2.82,3.55,2.39,1.04,1.22,1.67,2.75,5.0,10.5,3.8,2.05,1.42,1.19,1.52,2.5,3.8,1.22,3.6,1.25,1.27,0.0,1.53,3.3,2.45,3.75,2.8,2.6,2.65,0.0,0.0,1.29,1.49,1.79,2.32,2.9,3.3,2.4,1.9,1.57,1.32,1.9,8.0,2.4,0.0,0.0,0.0,5.25,5.0,1.3,2.4,5.5,12.0,3.75,1.5,1.16,1.02,1.16,1.78,3.75,8.75,5.0,2.0,1.3,1.08,0,0,0,0,1,0,0,1,0,1,0,1740886200,20,0,50,0,50,0,20032,2,1,4,3,2,2,7,4,1,1,4,0,2,4,1,44,31,89,79,0.91,1.33,2.24,0,0,0,0,0,0,1,1,0,0,1,1,0,0,1,19,17,1,9,15,1,9,5,50,50,50,50,50,50,50,50,50,3.0,1.0,3.0,2.5,/clubs/portland-timbers-20,teams/usa-portland-timbers.png,Portland Timbers,/clubs/austin-fc-698284,teams/usa-austin-fc.png,Austin,1.63,1.06,0.0,0.0,0.0,3.0,0,0,0,0,0,50,50,50,0.65,0.0,0.65,/usa/portland-timbers-vs-austin-fc-h2h-stats#8229406,13973,36,True,False,False,False,False,False,False,['89'],[]
MLS,2025,13973,8229407,677446,1016,2025,complete,120240,0,-1,"['39', '52', '61', '87']",[],4,0,4,6,2,8,2,1,0,0,0,0,10,3,10,7,20,10,8,5,60,40,13841.0,,,,,0,0,1.15,6.4,9.0,1.01,1.06,1.22,1.62,2.38,29.0,8.5,3.75,2.15,1.5,1.44,2.45,2.62,1.42,11.0,1.02,1.13,1.18,3.3,1.62,3.0,6.0,1.53,3.4,6.0,1.14,5.5,1.24,1.51,2.14,2.38,2.7,3.6,2.44,1.9,1.53,1.4,1.3,8.5,4.2,1.4,19.0,3.0,3.0,21.0,1.14,1.73,3.2,7.0,5.0,2.0,1.3,1.08,1.08,1.44,2.45,4.75,6.5,2.5,1.44,1.15,0,0,0,0,4,1,0,3,0,3,1,1760226000,677446,0,63,19,47,0,16888,2,-1,4,1,2,1,5,3,0,0,0,0,0,0,1,66,26,149,65,2.45,1.03,3.48,0,0,0,0,0,0,1,1,0,0,2,0,-1,-1,1,17,13,1,5,8,1,8,9,22,44,63,85,94,35,72,85,69,8.62,2.81,5.07,3.29,/clubs/club-internacional-de-futbol-miami-677446,teams/usa-club-internacional-de-futbol-miami.png,Inter Miami,/clubs/atlanta-united-fc-1016,teams/usa-atlanta-united-fc.png,Atlanta United FC,2.29,0.47,2.06,0.5,1.84,0.84,78,57,38,16,6,60,47,29,1.61,1.1,2.71,/usa/atlanta-united-fc-vs-club-internacional-de-futbol-miami-h2h-stats#8229407,13973,34,True,True,True,True,False,False,False,"['39', '52', '61', '87']",[]
MLS,2025,13973,8229408,1016,7,2025,complete,120240,0,-1,"['56', '90+4']","['2', '79']",2,2,4,3,4,7,2,1,2,2,0,0,4,8,6,6,10,14,11,6,52,48,19856.0,762.0,14.0,,,2,2,2.2,3.6,2.75,1.02,1.11,1.4,1.95,3.2,12.0,6.5,2.8,1.8,1.33,1.36,2.9,4.5,1.17,5.25,1.12,1.25,0.0,1.57,2.85,2.6,3.3,2.5,2.75,2.9,0.0,0.0,1.23,1.45,1.7,2.1,2.7,3.6,2.55,2.0,1.65,1.4,1.7,6.75,2.35,0.0,0.0,0.0,5.5,6.5,1.2,1.97,3.9,11.0,4.2,1.72,1.2,1.03,1.11,1.6,2.8,5.5,5.3,2.2,1.37,1.11,0,0,0,0,4,0,1,2,1,3,1,1752708600,-1,0,85,38,38,0,38882,2,1,0,4,3,0,4,3,1,2,1,0,3,1,1,45,34,120,73,1.25,1.69,2.94,0,0,0,0,0,0,1,1,0,1,0,1,0,0,1,6,2,1,6,11,1,7,11,38,57,75,85,95,52,86,77,52,9.3,4.17,4.26,4.01,/clubs/atlanta-united-fc-1016,teams/usa-atlanta-united-fc.png,Atlanta United FC,/clubs/chicago-fire-7,teams/usa-chicago-fire.png,Chicago Fire,1.18,1.67,1.5,1.64,0.9,1.33,62,44,25,15,5,68,68,48,1.36,1.46,2.82,/usa/chicago-fire-vs-atlanta-united-fc-h2h-stats#8229408,13973,34,True,True,True,True,False,False,True,"['56', '90+4']","['2', '79']"
MLS,2025,13973,8229409,18,12,2025,complete,120240,0,-1,"['16', '43', '47']","['50', '53', '75']",3,3,6,3,7,10,1,0,4,5,0,0,8,9,8,4,16,13,8,11,55,45,62506.0,25.0,11435.0,,,4,5,1.67,4.3,4.76,1.04,1.12,1.68,2.25,3.9,10.0,4.8,2.5,1.6,1.2,1.5,2.3,2.85,1.48,6.0,1.09,1.22,0.0,2.15,2.01,2.47,5.1,2.05,2.7,4.75,0.0,0.0,1.25,1.42,1.73,2.19,2.5,3.65,2.62,2.0,1.64,1.42,1.31,9.0,4.4,0.0,0.0,0.0,3.45,9.0,1.25,2.14,4.75,12.0,3.55,1.64,1.14,1.02,1.14,1.75,3.6,7.5,4.8,1.93,1.28,1.05,0,0,0,0,6,2,0,1,3,4,2,1752718500,-1,0,50,30,25,0,30049,2,1,0,5,3,2,5,5,0,1,4,4,1,8,1,11,5,21,22,1.64,1.48,3.11,0,2,0,2,0,0,1,1,0,0,0,0,0,0,1,13,18,1,11,6,1,5,11,20,30,55,75,90,45,75,65,40,8.7,3.6,4.4,2.85,/clubs/seattle-sounders-fc-18,teams/usa-seattle-sounders-fc.png,Seattle Sounders,/clubs/colorado-rapids-12,teams/usa-colorado-rapids.png,Colorado Rapids,2.17,0.76,2.1,0.9,1.57,1.26,80,70,45,25,10,65,45,30,1.66,0.93,2.59,/usa/colorado-rapids-vs-seattle-sounders-fc-h2h-stats#8229409,13973,34,True,True,True,True,True,True,True,"['16', '43', '47']","['50', '53', '75']"
MLS,2025,13973,8229410,10,13401,2025,complete,120240,0,-1,"['23', '53']",['77'],2,1,3,2,5,7,2,1,3,5,0,0,5,3,9,8,14,11,5,14,58,42,13841.0,,,,,3,5,1.55,4.0,5.05,1.01,1.18,1.65,2.55,4.33,12.0,4.5,2.25,1.5,1.21,1.7,2.15,2.55,1.44,5.75,1.1,1.22,0.0,2.25,2.05,2.3,5.05,1.95,2.7,4.6,0.0,0.0,1.3,1.59,1.85,2.4,3.4,3.4,2.29,1.83,1.47,1.26,1.55,6.75,2.99,0.0,0.0,0.0,3.1,9.5,1.33,2.38,5.1,12.0,3.5,1.6,1.12,1.0,1.14,1.85,3.8,9.0,4.7,1.88,1.25,1.06,0,0,0,0,3,1,0,1,1,2,1,1752373800,10,0,50,22,22,0,-1,2,1,2,2,0,3,4,3,0,2,3,3,2,6,1,61,56,75,60,1.67,1.3,2.97,0,0,0,0,0,0,1,1,0,0,1,0,0,0,1,13,13,1,14,5,1,3,5,17,28,62,89,95,34,78,89,62,10.33,2.67,3.78,3.06,/clubs/la-galaxy-10,teams/usa-la-galaxy.png,LA Galaxy,/clubs/dc-united-13401,teams/usa-dc-united.png,DC United,1.35,0.76,0.89,0.89,0.57,0.9,84,73,39,11,6,67,56,45,1.41,1.32,2.73,/usa/la-galaxy-vs-dc-united-h2h-stats#8229410,13973,34,True,True,True,False,False,False,True,"['23', '53']",['77']
MLS,2025,13973,8229411,7,1398748,2025,complete,120240,0,-1,['87'],"['8', '45+3']",1,2,3,7,0,7,1,0,2,2,0,0,4,4,14,3,18,7,17,11,43,57,13864.0,,,,,2,2,2.48,3.8,2.49,1.04,1.08,1.38,1.98,3.2,23.0,6.2,2.7,1.75,1.33,1.4,2.88,4.75,1.15,4.75,1.15,1.25,0.0,1.55,2.88,2.5,2.8,2.63,2.8,2.55,0.0,0.0,1.28,1.6,1.9,2.32,3.42,3.2,2.45,1.75,1.57,1.23,2.15,6.25,1.93,0.0,0.0,0.0,6.25,6.0,1.22,2.21,4.4,10.5,3.8,1.72,1.2,1.05,1.11,1.57,2.8,5.75,5.3,2.25,1.38,1.11,0,0,0,0,3,0,2,1,0,1,2,1752366600,1398748,0,63,36,37,0,-1,2,1,3,0,4,0,3,4,1,1,1,1,2,2,1,42,33,83,75,1.71,0.97,2.68,0,0,0,0,0,0,1,1,0,1,1,0,0,1,1,20,18,1,11,17,1,10,7,31,42,62,79,89,47,69,79,63,9.41,3.32,4.27,3.22,/clubs/chicago-fire-7,teams/usa-chicago-fire.png,Chicago Fire,/clubs/san-diego-fc-1398748,teams/usa-san-diego-fc.png,San Diego,1.42,2.11,1.11,1.8,1.4,1.86,69,59,38,22,11,59,48,22,1.55,1.55,3.1,/usa/chicago-fire-vs-san-diego-fc-h2h-stats#8229411,13973,37,True,True,True,False,False,False,True,['87'],"['8', '45+3']"
MLS,2025,13973,8229412,698284,11,2025,complete,120240,0,-1,[],[],0,0,0,7,7,14,1,2,1,3,0,0,4,8,15,6,19,14,11,7,57,43,13812.0,,,,,1,3,1.99,3.25,3.05,1.03,1.27,1.95,3.25,6.5,8.5,3.3,1.88,1.27,1.06,1.73,1.95,3.0,1.33,3.4,1.29,1.28,0.0,1.55,2.85,1.93,3.4,2.6,2.3,3.2,0.0,0.0,1.25,1.45,1.74,2.1,2.7,3.6,2.55,2.0,1.65,1.4,1.79,6.5,2.45,0.0,0.0,0.0,4.0,5.25,1.36,2.75,7.0,19.0,2.8,1.41,1.08,1.01,1.25,2.15,4.5,12.0,3.8,1.7,1.16,1.02,0,0,0,0,0,0,0,0,0,0,0,1752366600,-1,0,43,24,19,0,-1,-1,1,-1,-1,-1,-1,-1,-1,1,1,0,2,2,2,1,55,35,99,58,1.87,1.69,3.56,0,0,0,0,0,0,1,1,0,0,-1,-1,0,0,1,18,15,1,7,11,1,10,15,9,9,38,57,86,38,52,67,24,10.53,4.09,3.45,2.08,/clubs/austin-fc-698284,teams/usa-austin-fc.png,Austin,/clubs/new-england-revolution-11,teams/usa-new-england-revolution.png,New England Revolution,1.56,1.18,1.6,1.45,1.3,1.2,91,91,63,43,15,68,58,48,1.46,1.33,2.79,/usa/new-england-revolution-vs-austin-fc-h2h-stats#8229412,13973,34,False,False,False,False,False,False,False,[],[]
MLS,2025,13973,8229413,15,6,2025,complete,120240,0,-1,"['66', '72', '76']","['31', '50', '90+1']",3,3,6,11,7,18,3,4,2,2,0,0,8,3,6,7,14,10,14,18,57,43,19856.0,,,,,2,2,2.2,3.6,3.35,1.04,1.17,1.6,2.5,4.4,10.0,4.33,2.25,1.48,1.2,1.53,2.4,3.6,1.25,4.5,1.17,1.27,0.0,1.7,2.65,2.23,3.5,2.4,2.6,3.2,0.0,0.0,1.2,1.38,1.63,2.15,2.48,3.76,2.7,1.98,1.72,1.47,1.67,6.5,2.65,0.0,0.0,0.0,4.5,6.25,1.22,2.3,5.0,13.0,3.4,1.59,1.13,1.02,1.18,1.77,3.6,8.5,4.33,1.9,1.25,1.05,0,0,0,0,6,0,1,3,2,5,1,1748140200,-1,0,54,40,7,0,-1,2,1,6,2,5,5,8,10,0,0,2,2,0,4,1,51,31,123,61,1.82,1.07,2.89,0,0,0,0,0,0,1,1,0,0,2,1,0,0,1,31,7,1,18,14,1,4,8,25,40,46,78,84,40,75,78,28,10.5,4.83,5.21,3.09,/clubs/san-jose-earthquakes-15,teams/usa-san-jose-earthquakes.png,SJ Earthquakes,/clubs/houston-dynamo-6,teams/usa-houston-dynamo.png,Houston Dynamo,1.24,1.12,1.38,1.0,1.29,1.14,75,61,54,23,17,65,50,50,1.94,0.87,2.81,/usa/houston-dynamo-vs-san-jose-earthquakes-h2h-stats#8229413,13973,34,True,True,True,True,True,True,True,"['66', '72', '76']","['31', '50', '90+1']"
MLS,2025,13973,8229414,1,9,2025,complete,120240,0,-1,['29'],['63'],1,1,2,0,4,4,1,0,1,0,0,0,2,4,2,10,4,14,9,10,41,59,3.0,47980.0,40116.0,,,1,0,2.7,3.4,2.16,1.0,1.25,1.75,2.93,5.5,10.0,3.6,2.0,1.36,1.11,1.6,2.25,3.8,1.22,3.35,1.28,1.29,0.0,1.4,3.75,2.15,2.6,2.95,2.5,2.65,0.0,0.0,1.3,1.53,1.95,2.48,3.05,3.14,2.3,1.83,1.44,1.32,2.06,6.4,2.02,0.0,0.0,0.0,5.25,4.4,1.33,2.65,6.1,18.0,3.0,1.42,1.09,1.01,1.22,1.98,4.1,9.0,3.8,1.71,1.22,1.03,0,0,0,0,2,1,0,0,1,1,1,1747265400,-1,0,57,37,10,0,16041,2,1,0,0,0,4,0,4,0,0,1,0,0,1,1,1,6,52,137,0.41,1.23,1.64,0,0,0,0,0,0,1,1,0,0,0,0,0,0,1,2,5,1,10,9,1,11,4,0,10,47,57,84,37,74,67,10,10.93,4.8,5.93,1.97,/clubs/montreal-impact-1,teams/canada-montreal-impact.png,Montreal Impact,/clubs/columbus-crew-9,teams/usa-columbus-crew.png,Columbus Crew,0.71,1.16,0.33,2.2,0.5,2.08,100,90,54,44,17,44,44,27,1.41,1.19,2.6,/usa/montreal-impact-vs-columbus-crew-h2h-stats#8229414,13973,34,True,True,False,False,False,False,True,['29'],['63']
MLS,2025,13973,8229415,14,15,2025,complete,120240,0,-1,"['57', '81']",['51'],2,1,3,4,3,7,4,1,5,4,0,1,3,3,8,6,11,9,13,12,60,40,,8.0,21032.0,,,5,5,1.85,4.0,3.7,1.04,1.12,1.37,1.95,3.1,12.0,5.75,2.8,1.85,1.33,1.38,2.9,3.75,1.25,6.5,1.09,1.22,0.0,1.91,2.0,2.55,3.8,2.09,2.8,3.6,0.0,0.0,1.16,1.35,1.7,2.05,2.55,4.1,3.1,2.05,1.73,1.38,1.7,6.5,2.7,0.0,0.0,0.0,4.33,9.0,1.2,1.97,3.9,9.0,3.9,1.76,1.2,1.03,1.11,1.6,2.88,6.0,5.3,2.2,1.38,1.09,0,0,0,0,3,0,0,2,1,3,0,1753579800,14,0,51,22,34,0,19238,2,1,3,1,1,2,4,3,3,3,2,2,6,4,1,36,39,76,89,1.17,1.07,2.23,0,0,0,0,0,0,1,1,0,0,0,1,1,0,1,23,10,1,12,13,1,8,8,26,30,47,69,92,39,75,69,38,10.1,3.42,5.43,2.68,/clubs/real-salt-lake-14,teams/usa-real-salt-lake.png,Real Salt Lake,/clubs/san-jose-earthquakes-15,teams/usa-san-jose-earthquakes.png,SJ Earthquakes,1.65,1.18,1.45,1.17,1.22,1.21,75,70,53,31,9,57,44,30,1.51,1.7,3.21,/usa/real-salt-lake-vs-san-jose-earthquakes-h2h-stats#8229415,13973,34,True,True,True,False,False,False,True,"['57', '81']",['51']
MLS,2025,13973,8229416,13401,2,2025,complete,120240,0,-1,[],[],0,0,0,4,9,13,0,1,3,1,0,0,2,5,3,10,5,15,12,12,42,58,7.0,13006.0,21302.0,,,3,1,2.2,3.65,2.93,1.01,1.22,1.64,2.75,5.11,11.0,3.8,2.15,1.42,1.16,1.57,2.38,3.65,1.25,4.0,1.18,1.32,0.0,1.6,2.81,2.25,3.2,2.5,2.55,2.95,0.0,0.0,1.3,1.5,1.92,2.14,2.79,3.15,2.33,2.11,1.54,1.36,1.6,8.8,2.75,0.0,0.0,0.0,4.5,6.0,1.3,2.35,5.4,15.5,3.2,1.49,1.11,1.01,1.19,1.88,3.35,8.5,4.0,1.8,1.22,1.04,0,0,0,0,0,0,0,0,0,0,0,1747265400,-1,0,50,42,25,0,14283,2,1,3,2,1,7,5,8,2,0,1,1,2,2,1,12,6,62,118,0.55,1.36,1.91,0,0,0,0,0,0,1,1,0,0,2,0,0,0,1,1,9,1,12,12,1,14,3,9,25,50,59,83,42,59,67,25,8.0,3.0,5.0,2.42,/clubs/dc-united-13401,teams/usa-dc-united.png,DC United,/clubs/new-york-city-fc-2,teams/usa-new-york-city-fc.png,New York City,0.76,1.52,1.33,0.83,1.0,1.42,92,75,50,42,17,58,42,25,1.25,1.07,2.32,/usa/new-york-city-fc-vs-dc-united-h2h-stats#8229416,13973,34,False,False,False,False,False,False,False,[],[]
MLS,2025,13973,8229417,19,8043,2025,complete,120240,0,-1,[],['18'],0,1,1,2,3,5,1,0,1,3,0,0,3,7,5,7,8,14,10,12,49,51,57.0,11434.0,40744.0,,,1,3,2.6,3.0,2.63,1.05,1.29,1.85,3.65,6.5,10.0,3.25,1.88,1.35,1.11,1.73,2.0,3.4,1.28,3.25,1.3,1.32,0.0,1.46,3.28,2.1,3.15,2.88,2.38,2.62,0.0,0.0,1.34,1.53,1.9,2.44,3.2,2.9,2.3,1.8,1.52,1.29,2.15,6.4,1.91,0.0,0.0,0.0,5.0,4.5,1.33,2.6,6.2,18.0,3.0,1.44,1.1,1.01,1.2,2.0,4.4,9.75,3.9,1.71,1.2,1.04,0,0,0,0,1,0,1,0,0,0,1,1747265400,8043,0,34,25,17,0,14018,2,1,2,2,0,1,4,1,1,2,0,1,3,1,-1,0,0,0,0,0.0,0.0,0.0,0,0,0,0,0,0,1,1,0,0,0,0,0,0,1,3,11,1,12,10,1,7,8,17,17,34,59,84,42,58,50,34,7.83,4.0,2.5,2.08,/clubs/toronto-fc-19,teams/canada-toronto-fc.png,Toronto,/clubs/fc-cincinnati-8043,teams/usa-fc-cincinnati.png,FC Cincinnati,0.94,1.94,0.83,1.5,0.83,2.08,84,84,67,42,17,67,42,42,1.32,1.52,2.84,/usa/toronto-fc-vs-fc-cincinnati-h2h-stats#8229417,13973,34,True,False,False,False,False,False,False,[],['18']
MLS,2025,13973,8229418,20,14,2025,complete,120240,0,-1,[],['83'],0,1,1,9,2,11,1,4,1,4,0,0,1,4,11,6,12,10,9,10,44,56,65836.0,28121.0,8.0,,,1,4,2.08,3.5,2.9,1.04,1.15,1.45,2.2,4.4,12.0,5.0,2.5,1.67,1.25,1.4,2.7,4.0,1.2,4.75,1.15,1.44,0.0,1.62,2.7,2.3,3.1,2.5,2.62,2.88,0.0,0.0,1.29,1.48,1.73,2.1,2.7,3.4,2.55,1.98,1.6,1.4,2.0,7.0,2.1,0.0,0.0,0.0,5.0,6.5,1.25,2.11,4.8,15.0,3.4,1.62,1.15,1.03,1.12,1.65,2.95,6.0,5.0,2.15,1.27,1.09,0,0,0,0,1,0,0,0,1,1,0,1752719400,14,0,73,32,32,0,21772,2,1,2,2,7,0,4,7,0,1,1,3,1,4,1,16,14,45,51,0.94,1.01,1.95,0,0,0,0,0,0,1,1,0,0,2,1,0,0,1,23,9,1,10,9,1,6,10,9,23,50,87,100,36,73,87,46,9.36,2.72,4.72,2.73,/clubs/portland-timbers-20,teams/usa-portland-timbers.png,Portland Timbers,/clubs/real-salt-lake-14,teams/usa-real-salt-lake.png,Real Salt Lake,1.63,0.72,2.0,0.82,1.57,1.19,91,78,50,14,0,73,59,59,1.36,1.56,2.92,/usa/real-salt-lake-vs-portland-timbers-h2h-stats#8229418,13973,35,True,False,False,False,False,False,False,[],['83']
MLS,2025,13973,8229419,711351,17,2025,complete,120240,0,-1,"['40', '65']","['69', '80']",2,2,4,2,6,8,3,3,2,4,0,0,5,6,6,9,11,15,15,12,33,67,13812.0,,,,,2,4,2.65,3.6,2.02,1.03,1.17,1.53,2.3,3.72,10.0,4.8,2.4,1.61,1.21,1.44,2.63,4.75,1.15,3.6,1.25,1.3,0.0,1.32,3.45,2.33,2.65,3.1,2.8,2.5,0.0,0.0,1.22,1.53,1.9,2.28,3.04,3.5,2.51,1.8,1.53,1.32,2.2,6.4,2.15,0.0,0.0,0.0,6.25,4.75,1.25,2.2,5.0,10.0,3.75,1.6,1.15,1.02,1.14,1.73,3.2,7.5,4.7,2.0,1.27,1.08,0,0,0,0,4,1,0,1,2,3,1,1751757300,-1,0,50,22,24,0,-1,2,1,1,3,1,3,4,4,0,1,2,3,1,5,1,32,54,62,65,1.27,1.75,3.02,0,0,0,0,0,0,1,1,0,0,0,0,0,0,1,5,8,1,12,15,1,7,10,29,34,62,74,85,34,62,80,58,7.4,2.68,4.35,2.88,/clubs/charlotte-fc-711351,teams/usa-charlotte-fc.png,Charlotte,/clubs/orlando-city-sc-17,teams/usa-orlando-city-sc.png,Orlando City,2.11,1.39,2.25,1.6,1.25,1.65,72,67,39,27,15,65,65,49,1.51,1.5,3.01,/usa/orlando-city-sc-vs-charlotte-fc-h2h-stats#8229419,13973,35,True,True,True,True,False,False,True,"['40', '65']","['69', '80']"
MLS,2025,13973,8229420,6490,10,2025,complete,120240,0,-1,"['26', '31', '67']","['36', '79', '90+7']",3,3,6,4,3,7,0,2,3,4,1,0,4,6,4,5,8,11,9,10,35,65,5016.0,43902.0,2.0,,,5,4,1.61,4.1,4.55,1.03,1.13,1.53,2.3,4.3,12.0,4.8,2.3,1.53,1.22,1.53,2.3,2.8,1.38,5.75,1.1,1.2,0.0,2.5,2.1,2.43,4.75,1.98,2.7,4.2,0.0,0.0,1.24,1.5,1.83,2.42,2.65,3.22,2.4,1.8,1.47,1.38,1.38,7.0,3.15,0.0,0.0,0.0,2.85,9.5,1.24,2.25,4.75,13.0,3.4,1.57,1.15,1.02,1.17,1.8,3.3,8.0,4.5,1.91,1.29,1.07,0,0,0,0,6,2,1,1,2,3,3,1752978600,-1,0,43,21,22,0,22301,2,1,0,2,4,1,2,5,1,1,3,3,2,6,1,27,51,84,103,0.99,1.49,2.48,0,1,0,1,0,0,1,1,0,0,0,0,0,0,1,11,13,1,10,8,1,7,6,13,30,48,74,100,43,74,74,44,10.27,2.35,3.75,2.77,/clubs/los-angeles-fc-6490,teams/usa-los-angeles-fc.png,Los Angeles FC,/clubs/la-galaxy-10,teams/usa-la-galaxy.png,LA Galaxy,2.11,0.41,2.27,0.33,1.75,0.65,88,70,53,27,0,57,53,35,1.94,1.14,3.08,/usa/la-galaxy-vs-los-angeles-fc-h2h-stats#8229420,13973,34,True,True,True,True,True,True,True,"['26', '31', '67']","['36', '79', '90+7']"
MLS,2025,13973,8229421,9,5,2025,complete,120240,0,-1,"['2', '23']",['6'],2,1,3,4,1,5,7,1,1,1,0,0,5,3,3,7,8,10,13,12,61,39,5016.0,,,,,1,1,2.0,3.85,3.95,1.04,1.15,1.82,2.69,4.8,11.5,4.2,2.06,1.49,1.17,1.57,2.35,3.2,1.3,4.5,1.17,1.36,0.0,1.67,2.5,2.2,3.3,2.45,2.64,3.3,0.0,0.0,1.25,1.41,1.75,2.2,2.62,3.6,2.4,1.97,1.6,1.42,1.67,10.25,3.1,0.0,0.0,0.0,4.2,6.0,1.25,2.38,5.2,14.0,3.29,1.5,1.12,1.0,1.14,1.83,3.5,9.0,4.7,1.83,1.25,1.05,0,0,0,0,3,2,1,0,0,0,3,1749943800,9,0,55,24,26,0,-1,2,1,0,1,4,0,1,4,0,1,1,0,1,1,1,5,4,20,16,0.89,0.86,1.75,0,0,0,0,0,0,1,1,1,1,0,0,0,0,1,1,2,1,12,13,1,7,2,26,38,50,55,68,37,54,62,26,13.42,3.1,3.0,2.46,/clubs/columbus-crew-9,teams/usa-columbus-crew.png,Columbus Crew,/clubs/vancouver-whitecaps-fc-5,teams/canada-vancouver-whitecaps-fc.png,Vancouver Whitecaps,1.94,1.65,1.78,2.14,1.65,2.19,75,62,51,45,33,82,65,47,1.72,1.52,3.24,/usa/vancouver-whitecaps-fc-vs-columbus-crew-h2h-stats#8229421,13973,37,True,True,True,False,False,False,True,"['2', '23']",['6']
MLS,2025,13973,8229422,1398748,19,2025,complete,120240,0,-1,[],['20'],0,1,1,4,1,5,4,0,5,3,0,0,1,2,6,2,7,4,15,13,70,30,51690.0,44567.0,11434.0,,,5,3,1.42,4.9,6.8,1.03,1.11,1.47,2.3,3.5,10.0,5.3,2.45,1.6,1.25,1.62,2.06,2.3,1.5,7.5,1.04,1.11,0.0,2.9,1.83,2.5,5.5,1.75,2.88,5.5,0.0,0.0,1.33,1.6,2.08,2.55,2.9,3.0,2.2,1.73,1.45,1.35,1.25,10.0,3.55,0.0,0.0,0.0,2.7,13.0,1.19,2.15,4.5,12.0,3.7,1.62,1.17,1.04,1.17,1.8,3.2,6.75,5.1,2.0,1.29,1.08,0,0,0,0,1,0,1,0,0,0,1,1752719400,19,0,60,31,30,0,23514,2,1,0,0,4,1,0,5,2,1,3,2,3,5,1,6,4,30,20,0.56,0.42,0.98,0,1,0,1,0,0,1,1,0,0,0,0,0,0,1,19,14,1,13,14,1,2,6,26,43,59,85,91,53,81,70,50,9.47,3.89,4.56,3.32,/clubs/san-diego-fc-1398748,teams/usa-san-diego-fc.png,San Diego,/clubs/toronto-fc-19,teams/canada-toronto-fc.png,Toronto,1.67,0.94,1.91,1.0,1.91,0.86,74,57,42,16,9,59,26,26,1.71,1.1,2.81,/usa/toronto-fc-vs-san-diego-fc-h2h-stats#8229422,13973,34,True,False,False,False,False,False,False,[],['20']
MLS,2025,13973,8229423,7,711351,2025,complete,120240,0,-1,"['23', '25', '33']","['56', '59']",3,2,5,3,1,4,1,1,5,2,0,0,5,2,7,6,12,8,13,10,56,44,70173.0,,,,,5,2,1.81,3.9,3.1,1.01,1.1,1.39,1.91,3.0,23.0,6.5,3.04,1.9,1.33,1.36,3.0,4.33,1.2,5.75,1.1,1.25,0.0,1.75,2.47,2.48,3.45,2.4,2.7,3.2,0.0,0.0,1.22,1.46,2.04,2.2,2.97,3.55,2.56,1.95,1.64,1.3,1.57,8.2,2.85,0.0,0.0,0.0,5.0,8.0,1.2,1.91,4.1,8.5,4.1,1.8,1.22,1.04,1.11,1.58,2.88,5.5,5.3,2.25,1.4,1.11,0,0,0,0,5,3,0,0,2,2,3,1751157000,7,0,57,31,42,0,-1,2,1,2,1,1,0,3,1,0,0,5,2,0,7,1,49,40,86,80,1.46,0.94,2.4,0,0,0,0,0,0,1,1,0,0,0,0,0,0,1,9,16,1,10,13,1,8,2,16,31,51,73,88,31,64,77,62,9.93,2.25,3.93,2.66,/clubs/chicago-fire-7,teams/usa-chicago-fire.png,Chicago Fire,/clubs/charlotte-fc-711351,teams/usa-charlotte-fc.png,Charlotte,1.42,1.11,0.88,0.64,1.39,1.32,85,70,50,28,13,79,64,47,1.56,1.13,2.69,/usa/chicago-fire-vs-charlotte-fc-h2h-stats#8229423,13973,37,True,True,True,True,True,False,True,"['23', '25', '33']","['56', '59']"
MLS,2025,13973,8229424,16,711351,2025,complete,120240,0,-1,"['45+2', '90+8']",['78'],2,1,3,8,4,12,3,1,4,2,0,0,9,2,10,6,19,8,17,11,48,52,59668.0,,,,,4,2,1.9,3.85,3.15,1.04,1.22,1.72,2.5,4.9,11.0,4.55,2.25,1.53,1.18,1.6,2.4,3.3,1.29,4.5,1.17,1.33,0.0,1.65,2.65,2.38,3.35,2.45,2.5,3.15,0.0,0.0,1.22,1.4,1.65,2.2,2.95,3.8,2.65,2.05,1.73,1.48,1.43,9.5,3.15,0.0,0.0,0.0,4.33,6.25,1.3,2.54,5.1,17.0,3.55,1.53,1.13,1.0,1.14,1.89,3.6,8.0,4.7,1.81,1.25,1.05,0,0,0,0,3,1,0,1,1,2,1,1749943800,16,0,56,28,39,0,-1,2,1,4,1,4,3,5,7,2,2,2,0,4,2,1,5,6,18,20,1.85,0.68,2.53,0,0,0,0,0,0,1,1,0,0,0,0,0,0,1,4,10,1,11,17,1,4,8,28,50,67,78,95,44,73,84,67,11.23,2.78,4.0,3.33,/clubs/philadelphia-union-16,teams/usa-philadelphia-union.png,Philadelphia Union,/clubs/charlotte-fc-711351,teams/usa-charlotte-fc.png,Charlotte,2.16,1.11,2.0,0.78,2.0,1.47,73,50,33,22,6,78,56,45,1.7,1.1,2.8,/usa/philadelphia-union-vs-charlotte-fc-h2h-stats#8229424,13973,37,True,True,True,False,False,False,True,"['45+2', '90+8']",['78']
MLS,2025,13973,8229425,698284,4,2025,complete,120240,0,-1,"['6', '51']",['23'],2,1,3,2,7,9,4,1,2,3,0,0,4,1,2,14,6,15,20,12,46,54,,21189.0,1313.0,,,2,3,2.35,3.25,2.92,1.03,1.39,2.15,3.8,7.1,8.0,3.04,1.66,1.22,1.06,1.82,1.91,2.7,1.4,3.3,1.29,1.34,0.0,1.57,2.88,1.87,3.85,2.7,2.25,3.5,0.0,0.0,1.35,1.67,2.0,2.88,3.05,2.74,2.03,1.62,1.34,1.3,1.67,7.0,2.1,0.0,0.0,0.0,3.8,5.0,1.42,3.39,8.0,29.0,2.66,1.34,1.06,1.0,1.27,2.25,4.8,15.0,3.2,1.55,1.14,1.01,0,0,0,0,3,1,1,1,0,1,2,1749947400,698284,0,36,18,18,0,20737,2,1,1,3,1,4,4,5,1,1,1,2,2,3,1,26,37,37,47,0.85,1.27,2.12,0,0,0,0,0,0,1,1,1,0,1,0,0,0,1,13,13,1,12,20,1,13,3,7,7,30,54,77,24,48,66,18,9.85,3.91,4.52,1.72,/clubs/austin-fc-698284,teams/usa-austin-fc.png,Austin,/clubs/new-york-red-bulls-4,teams/usa-new-york-red-bulls.png,New York RB,1.56,0.59,1.44,0.63,1.28,1.59,94,94,71,47,24,64,52,35,1.53,1.08,2.61,/usa/new-york-red-bulls-vs-austin-fc-h2h-stats#8229425,13973,34,True,True,True,False,False,False,True,"['6', '51']",['23']
MLS,2025,13973,8229426,15,13,2025,complete,120240,0,-1,"['21', '86']","['45+3', '85']",2,2,4,4,4,8,1,6,5,0,0,0,3,5,10,8,13,13,19,18,63,37,13851.0,21032.0,28222.0,,,5,0,1.44,4.45,4.8,1.01,1.1,1.4,2.08,3.25,17.0,6.5,2.9,1.73,1.28,1.5,2.52,3.0,1.36,7.0,1.06,1.2,0.0,2.3,2.0,2.55,5.0,1.89,3.08,4.5,0.0,0.0,1.26,1.45,1.6,1.95,2.6,3.4,2.55,2.0,1.77,1.5,1.35,9.0,3.4,0.0,0.0,0.0,3.35,12.0,1.22,2.02,4.0,11.0,4.1,1.82,1.22,1.05,1.07,1.6,2.88,6.25,5.95,2.17,1.32,1.1,0,0,0,0,4,1,1,1,1,2,2,1752719400,-1,0,69,36,27,0,15304,2,1,0,2,4,2,2,6,2,0,3,0,2,3,1,12,13,31,32,1.11,1.26,2.37,0,0,0,0,0,0,1,1,0,0,0,0,0,0,1,16,16,1,18,19,1,5,12,45,50,60,82,96,50,91,82,46,10.36,4.36,5.0,3.87,/clubs/san-jose-earthquakes-15,teams/usa-san-jose-earthquakes.png,SJ Earthquakes,/clubs/fc-dallas-13,teams/usa-fc-dallas.png,FC Dallas,1.24,1.28,1.27,1.45,1.27,1.0,55,50,41,18,5,78,60,46,1.84,1.25,3.09,/usa/fc-dallas-vs-san-jose-earthquakes-h2h-stats#8229426,13973,34,True,True,True,True,False,False,True,"['21', '86']","['45+3', '85']"
MLS,2025,13973,8229427,11,9,2025,complete,120240,0,-1,[],['51'],0,1,1,1,4,5,3,1,2,3,0,0,2,3,2,6,4,9,16,14,38,62,70481.0,13.0,40116.0,,,2,3,2.87,3.6,2.46,1.03,1.17,1.65,2.63,5.75,13.0,4.2,2.25,1.5,1.19,1.6,2.3,4.0,1.22,3.55,1.25,1.29,0.0,1.44,3.2,2.2,2.88,3.0,2.5,2.7,0.0,0.0,1.27,1.52,2.25,2.48,3.25,3.5,2.3,1.85,1.45,1.27,2.27,8.0,1.8,0.0,0.0,0.0,5.5,4.75,1.28,2.4,5.5,15.0,3.3,1.53,1.14,1.02,1.16,1.9,3.6,8.0,4.75,1.8,1.22,1.05,0,0,0,0,1,0,0,0,1,1,0,1740875400,9,0,0,0,0,0,22274,2,1,1,3,0,1,4,1,2,0,0,3,2,3,1,26,26,69,91,0.59,0.98,1.57,0,0,0,0,0,0,1,1,0,0,0,0,1,0,1,18,10,1,14,16,1,2,1,0,0,0,0,0,0,0,0,0,0.0,0.0,0.0,0.0,/clubs/new-england-revolution-11,teams/usa-new-england-revolution.png,New England Revolution,/clubs/columbus-crew-9,teams/usa-columbus-crew.png,Columbus Crew,0.94,1.16,0.0,0.0,1.0,3.0,0,0,0,0,0,0,0,0,0.0,0.0,0.0,/usa/columbus-crew-vs-new-england-revolution-h2h-stats#8229427,13973,34,True,False,False,False,False,False,False,[],['51']
MLS,2025,13973,8229428,17,711351,2025,complete,120240,0,-1,"['8', '24', '82']",['34'],3,1,4,1,2,3,2,0,2,1,0,0,5,1,6,7,11,8,7,7,50,50,70173.0,29408.0,404.0,,,2,1,1.72,4.23,4.56,1.04,1.17,1.66,2.62,4.8,13.0,3.8,2.23,1.4,1.15,1.62,2.2,2.75,1.4,5.5,1.11,1.25,0.0,2.0,2.15,2.34,4.4,2.03,2.63,4.2,0.0,0.0,1.3,1.45,1.8,2.2,2.9,3.15,2.35,1.86,1.6,1.34,1.48,9.2,3.2,0.0,0.0,0.0,3.3,8.0,1.32,2.48,5.65,15.0,3.37,1.42,1.09,1.01,1.18,1.9,3.9,9.0,4.33,1.85,1.25,1.05,0,0,0,0,4,2,1,1,0,1,3,1747265400,17,0,59,33,59,0,17007,2,1,0,0,1,2,0,3,0,1,2,0,1,2,1,10,14,82,109,1.13,0.7,1.82,0,0,0,0,0,0,1,1,1,0,0,0,0,0,1,0,1,1,7,7,1,7,6,42,50,67,75,92,50,67,83,75,9.66,2.5,3.34,3.58,/clubs/orlando-city-sc-17,teams/usa-orlando-city-sc.png,Orlando City,/clubs/charlotte-fc-711351,teams/usa-charlotte-fc.png,Charlotte,1.65,1.11,1.83,0.67,1.5,1.58,58,50,34,25,9,84,58,58,1.81,1.03,2.84,/usa/orlando-city-sc-vs-charlotte-fc-h2h-stats#8229428,13973,35,True,True,True,True,False,False,True,"['8', '24', '82']",['34']
MLS,2025,13973,8229429,20,945555,2025,complete,120240,0,-1,"['55', '90+1']",['50'],2,1,3,7,4,11,0,4,3,2,0,0,7,8,11,10,18,18,12,8,51,49,13891.0,,,,,3,2,1.65,4.15,5.18,1.0,1.15,1.48,2.05,3.8,12.0,5.76,2.75,1.66,1.29,1.53,2.38,2.88,1.36,6.5,1.08,1.25,0.0,2.0,2.23,2.45,4.9,2.05,2.98,4.33,0.0,0.0,1.25,1.44,2.03,2.26,2.97,3.45,2.55,2.0,1.6,1.3,1.6,8.0,3.0,0.0,0.0,0.0,3.3,10.0,1.22,2.29,4.5,12.0,3.9,1.67,1.17,1.03,1.12,1.7,3.0,6.0,5.2,2.0,1.33,1.09,0,0,0,0,3,0,0,2,1,3,0,1749423600,20,0,50,26,26,0,-1,2,1,4,3,3,1,7,4,1,1,2,1,2,3,-1,0,0,0,0,0.0,0.0,0.0,0,0,0,0,0,0,1,1,0,0,1,1,0,0,1,8,3,1,8,12,1,8,10,19,32,50,69,94,32,69,69,57,8.63,2.51,5.5,2.69,/clubs/portland-timbers-20,teams/usa-portland-timbers.png,Portland Timbers,/clubs/st-louis-city-sc-945555,teams/usa-st-louis-city-sc.png,St. Louis City,1.63,0.82,1.88,0.63,1.63,0.88,82,69,50,32,7,69,51,51,1.29,0.99,2.28,/usa/portland-timbers-vs-st-louis-city-sc-h2h-stats#8229429,13973,34,True,True,True,False,False,False,True,"['55', '90+1']",['50']
MLS,2025,13973,8229430,16,8043,2025,complete,120240,0,-1,"['6', '30', '52', '90+3']",['58'],4,1,5,7,2,9,3,6,0,1,0,0,7,2,7,5,14,7,7,9,53,47,3.0,48141.0,40744.0,,,0,1,2.5,3.6,2.55,1.01,1.17,1.66,2.55,4.4,11.0,4.5,2.23,1.58,1.14,1.54,2.48,3.8,1.22,3.8,1.22,1.29,0.0,1.44,3.1,2.2,2.85,2.8,2.65,2.72,0.0,0.0,1.16,1.32,1.58,1.98,2.65,4.05,3.0,2.15,1.68,1.4,1.85,8.0,2.25,0.0,0.0,0.0,5.25,4.8,1.3,2.51,5.0,12.0,3.6,1.56,1.11,1.0,1.16,1.75,3.4,8.25,4.33,2.05,1.25,1.05,0,0,0,0,5,2,0,2,1,3,2,1740875400,16,0,0,0,0,0,18737,2,1,0,2,7,0,2,7,0,0,0,1,0,1,1,36,18,122,86,1.65,0.73,2.37,0,0,0,0,0,0,1,1,1,0,0,2,0,0,1,17,29,1,9,7,1,5,6,0,0,0,0,0,0,0,0,0,0.0,0.0,0.0,0.0,/clubs/philadelphia-union-16,teams/usa-philadelphia-union.png,Philadelphia Union,/clubs/fc-cincinnati-8043,teams/usa-fc-cincinnati.png,FC Cincinnati,2.16,1.94,0.0,0.0,3.0,3.0,0,0,0,0,0,0,0,0,0.0,0.0,0.0,/usa/philadelphia-union-vs-fc-cincinnati-h2h-stats#8229430,13973,37,True,True,True,True,True,False,True,"['6', '30', '52', '90+3']",['58']
MLS,2025,13973,8229431,6,1,2025,complete,120240,0,-1,['64'],"['30', '32', '54']",1,3,4,7,7,14,-1,-1,3,2,0,0,2,5,16,3,18,8,13,15,63,37,62506.0,,,,,3,2,1.73,3.65,4.2,1.05,1.22,1.85,3.1,6.0,10.0,3.48,1.97,1.36,1.11,1.83,2.05,2.5,1.48,4.5,1.17,1.31,0.0,2.1,2.4,2.2,4.5,2.15,2.45,4.1,0.0,0.0,1.32,1.46,1.82,2.37,3.05,3.05,2.45,1.85,1.39,1.3,1.6,8.5,2.95,0.0,0.0,0.0,3.1,7.5,1.4,2.6,6.1,12.0,3.0,1.44,1.1,1.0,1.19,2.0,4.6,9.0,3.78,1.7,1.17,1.03,0,0,0,0,4,0,2,1,1,2,2,1749947400,1,0,54,17,21,0,-1,2,1,2,0,5,7,2,12,1,0,2,2,1,4,1,30,26,69,56,1.49,1.04,2.53,0,0,0,0,0,0,1,1,0,0,1,0,0,0,1,22,11,1,15,13,1,5,12,16,32,54,75,95,27,64,90,49,10.89,3.53,4.87,2.76,/clubs/houston-dynamo-6,teams/usa-houston-dynamo.png,Houston Dynamo,/clubs/montreal-impact-1,teams/canada-montreal-impact.png,Montreal Impact,1.06,0.94,1.11,0.5,1.18,0.47,85,68,47,26,5,59,59,43,1.57,1.17,2.74,/usa/montreal-impact-vs-houston-dynamo-h2h-stats#8229431,13973,34,True,True,True,True,False,False,True,['64'],"['30', '32', '54']"
MLS,2025,13973,8229432,16,10,2025,complete,120240,0,-1,"['48', '50', '90+6']","['31', '37']",3,2,5,12,2,14,1,2,1,2,0,0,9,2,13,1,22,3,9,11,57,43,24.0,48141.0,2.0,,,1,2,1.67,3.95,4.78,1.04,1.26,1.7,2.96,4.75,11.5,4.0,2.1,1.42,1.15,1.76,2.0,2.45,1.48,5.5,1.11,1.28,0.0,2.37,2.24,2.42,4.9,1.83,2.7,4.75,0.0,0.0,1.17,1.5,1.8,2.1,2.55,3.98,2.4,2.08,1.68,1.45,1.4,7.5,3.2,0.0,0.0,0.0,2.95,8.5,1.32,2.7,5.75,15.0,3.2,1.5,1.12,1.01,1.19,1.93,4.0,8.5,4.2,1.78,1.23,1.06,0,0,0,0,5,0,2,3,0,3,2,1747265400,16,0,43,22,29,0,15539,2,1,3,2,8,0,5,8,1,0,0,2,1,2,1,10,8,112,88,2.1,0.41,2.51,0,0,0,0,0,0,1,1,0,0,0,1,1,0,1,4,4,1,11,9,1,4,9,14,36,57,71,93,43,79,71,50,10.71,2.71,5.28,2.86,/clubs/philadelphia-union-16,teams/usa-philadelphia-union.png,Philadelphia Union,/clubs/la-galaxy-10,teams/usa-la-galaxy.png,LA Galaxy,2.16,0.41,2.0,0.29,1.92,0.25,86,64,43,29,7,57,36,29,1.64,1.15,2.79,/usa/la-galaxy-vs-philadelphia-union-h2h-stats#8229432,13973,34,True,True,True,True,True,False,True,"['48', '50', '90+6']","['31', '37']"
MLS,2025,13973,8229433,10,698284,2025,complete,120240,0,-1,['90+3'],"['40', '63']",1,2,3,8,2,10,1,1,2,4,0,0,4,5,12,2,16,7,12,17,58,42,62494.0,2.0,21189.0,,,2,4,1.86,3.7,3.75,1.03,1.22,1.73,2.5,4.4,11.5,3.8,2.15,1.46,1.13,1.62,2.1,2.7,1.4,4.75,1.15,1.25,0.0,1.93,2.56,2.19,4.0,2.2,2.6,3.7,0.0,0.0,1.24,1.47,1.85,2.4,3.0,3.2,2.3,1.83,1.5,1.33,1.58,8.8,2.6,0.0,0.0,0.0,3.4,7.0,1.3,2.4,5.4,19.0,3.3,1.49,1.1,1.01,1.17,1.83,3.4,7.5,4.4,1.85,1.25,1.04,0,0,0,0,3,0,1,1,1,2,1,1752719400,698284,0,40,10,25,0,16272,2,1,3,1,5,1,4,6,2,1,0,3,3,3,1,15,25,28,34,1.39,0.97,2.35,1,0,1,0,0,0,1,1,0,0,0,0,1,0,1,19,13,1,16,12,1,6,11,10,15,40,80,100,15,75,85,55,8.6,3.4,4.3,2.55,/clubs/la-galaxy-10,teams/usa-la-galaxy.png,LA Galaxy,/clubs/austin-fc-698284,teams/usa-austin-fc.png,Austin,1.35,1.06,1.1,1.0,0.68,1.29,90,85,60,20,0,55,50,50,1.44,1.06,2.5,/usa/la-galaxy-vs-austin-fc-h2h-stats#8229433,13973,34,True,True,True,False,False,False,True,['90+3'],"['40', '63']"
MLS,2025,13973,8229434,7,677447,2025,complete,120240,0,-1,[],"['56', '75']",0,2,2,9,4,13,3,0,2,5,0,0,7,3,7,8,14,11,7,19,51,49,65836.0,,,,,2,5,2.6,3.4,2.5,1.04,1.15,1.58,2.61,4.3,11.5,4.5,2.3,1.44,1.2,1.52,2.77,4.0,1.2,4.0,1.2,1.3,0.0,1.44,3.0,2.2,3.1,2.7,2.65,2.72,0.0,0.0,1.24,1.5,1.83,2.3,3.2,3.0,2.4,2.02,1.66,1.3,2.25,8.0,1.83,0.0,0.0,0.0,5.0,5.25,1.29,2.25,5.5,11.0,3.5,1.62,1.14,1.01,1.14,1.75,3.4,7.0,4.7,2.0,1.28,1.07,0,0,0,0,2,0,0,0,2,2,0,1749947400,677447,0,69,24,40,0,-1,-1,1,-1,-1,-1,-1,-1,-1,1,1,1,4,2,5,1,35,34,89,94,1.63,1.16,2.79,0,0,0,0,0,0,1,1,0,0,-1,-1,0,0,1,13,18,1,19,7,1,7,8,9,31,61,84,84,38,77,69,47,11.07,4.31,4.1,2.67,/clubs/chicago-fire-7,teams/usa-chicago-fire.png,Chicago Fire,/clubs/nashville-sc-mls-677447,teams/usa-nashville-sc-mls.png,Nashville SC,1.42,0.95,1.17,1.14,1.56,1.71,92,69,40,17,17,85,55,24,1.58,1.43,3.01,/usa/chicago-fire-vs-nashville-sc-mls-h2h-stats#8229434,13973,37,True,True,False,False,False,False,False,[],"['56', '75']"
MLS,2025,13973,8229435,11,8043,2025,complete,120240,0,-1,[],['26'],0,1,1,8,3,11,1,0,2,3,0,0,3,3,7,7,10,10,11,13,65,35,70481.0,,,,,2,3,2.8,3.3,2.55,1.04,1.22,1.72,2.8,5.07,9.5,4.2,2.12,1.44,1.14,1.6,2.47,3.8,1.22,3.6,1.25,1.53,0.0,1.44,3.2,2.2,2.9,2.87,2.5,2.7,0.0,0.0,1.24,1.5,1.85,2.3,2.9,3.3,2.4,1.85,1.55,1.36,1.94,6.25,2.05,0.0,0.0,0.0,5.0,4.8,1.34,2.42,5.5,15.0,3.36,1.47,1.11,1.01,1.19,1.87,3.8,8.0,4.0,1.82,1.18,1.05,0,0,0,0,1,0,1,0,0,0,1,1749943800,8043,0,38,21,17,0,-1,2,1,5,3,3,0,8,3,1,1,1,2,2,3,1,17,7,25,12,0.96,0.88,1.84,0,0,0,0,0,0,1,1,0,0,0,1,0,0,1,2,3,1,13,11,1,3,11,17,17,32,64,90,32,65,74,32,9.11,6.0,3.89,2.25,/clubs/new-england-revolution-11,teams/usa-new-england-revolution.png,New England Revolution,/clubs/fc-cincinnati-8043,teams/usa-fc-cincinnati.png,FC Cincinnati,0.94,1.94,1.4,1.44,1.53,1.76,84,84,68,37,10,59,38,38,1.01,1.6,2.61,/usa/new-england-revolution-vs-fc-cincinnati-h2h-stats#8229435,13973,34,True,False,False,False,False,False,False,[],['26']
MLS,2025,13973,8229436,1015,1398748,2025,complete,120240,0,-1,"['8', '38']","['11', '66', '75', '90+2']",2,4,6,3,4,7,3,4,0,0,0,0,6,6,4,7,10,13,16,12,34,66,,55946.0,44567.0,,,0,0,1.97,3.59,2.98,1.04,1.2,1.73,2.8,4.9,9.5,3.9,2.05,1.42,1.13,1.63,2.2,3.2,1.3,4.0,1.2,1.29,0.0,1.62,2.75,2.25,3.6,2.55,2.65,3.3,0.0,0.0,1.38,1.65,2.2,2.8,3.4,2.73,2.02,1.68,1.3,1.26,1.9,7.0,2.18,0.0,0.0,0.0,4.2,6.0,1.38,2.8,5.8,19.0,3.12,1.47,1.1,1.01,1.22,1.93,3.8,8.5,4.2,1.75,1.16,1.04,0,0,0,0,6,2,1,0,3,3,3,1749947400,1398748,0,54,27,34,0,19661,2,-1,1,2,2,2,3,4,0,0,0,0,0,0,1,28,58,77,133,1.26,1.67,2.93,0,1,0,1,0,0,1,1,1,0,0,0,-1,-1,1,13,15,1,12,15,1,10,4,14,34,61,81,94,41,60,81,54,8.95,3.63,3.49,2.82,/clubs/minnesota-united-fc-1015,teams/usa-minnesota-united-fc.png,Minnesota United,/clubs/san-diego-fc-1398748,teams/usa-san-diego-fc.png,San Diego,1.58,2.11,1.88,1.29,1.76,1.76,87,67,40,20,7,41,41,26,1.6,1.54,3.14,/usa/minnesota-united-fc-vs-san-diego-fc-h2h-stats#8229436,13973,38,True,True,True,True,True,True,True,"['8', '38']","['11', '66', '75', '90+2']"
MLS,2025,13973,8229437,8,14,2025,complete,120240,0,-1,['59'],['45+1'],1,1,2,6,3,9,0,1,5,2,1,0,5,9,8,11,13,20,10,15,45,55,13967.0,,,,,6,2,2.28,3.55,2.5,1.01,1.19,1.62,2.55,4.25,10.0,4.5,2.28,1.44,1.21,1.45,2.35,3.8,1.22,3.8,1.2,1.45,0.0,1.5,3.05,2.25,3.1,2.7,2.75,2.88,0.0,0.0,1.29,1.44,1.85,2.3,3.04,3.3,2.4,1.85,1.55,1.29,1.95,7.2,2.25,0.0,0.0,0.0,5.0,5.0,1.28,2.25,4.9,15.0,3.3,1.52,1.13,1.02,1.16,1.8,3.5,7.5,4.4,1.9,1.25,1.06,0,0,0,0,2,0,1,1,0,1,1,1751157000,-1,0,64,32,27,0,-1,2,1,3,1,3,2,4,5,3,0,3,2,3,5,1,42,50,89,81,1.48,2.24,3.72,0,0,0,0,0,0,1,1,0,0,2,0,0,0,1,13,12,1,15,10,1,10,5,22,32,59,90,100,43,85,84,54,9.22,3.06,4.72,3.25,/clubs/sporting-kansas-city-8,teams/usa-sporting-kansas-city.png,Sporting KC,/clubs/real-salt-lake-14,teams/usa-real-salt-lake.png,Real Salt Lake,1.0,0.72,1.22,0.8,1.0,1.0,78,68,42,11,0,53,42,42,1.43,1.49,2.92,/usa/sporting-kansas-city-vs-real-salt-lake-h2h-stats#8229437,13973,34,True,True,False,False,False,False,True,['59'],['45+1']
MLS,2025,13973,8229438,7,945555,2025,complete,120240,0,-1,"['16', '67', '87']","['47', '59']",3,2,5,6,2,8,2,2,0,4,0,0,5,3,14,10,19,13,8,11,51,49,57.0,14.0,55486.0,,,0,4,1.62,4.6,4.59,1.02,1.11,1.36,1.85,3.5,10.0,6.0,3.2,1.85,1.36,1.4,2.5,3.3,1.29,8.0,1.06,1.2,0.0,2.3,1.83,2.6,4.33,1.85,3.0,4.2,0.0,0.0,1.29,1.47,1.8,2.2,2.8,3.3,2.58,1.9,1.6,1.38,1.5,8.0,3.2,0.0,0.0,0.0,3.65,12.0,1.22,2.0,3.8,9.5,3.8,1.7,1.2,1.04,1.13,1.65,2.75,5.8,5.2,2.1,1.32,1.12,0,0,0,0,5,1,0,2,2,4,1,1755390600,7,0,46,17,29,0,17485,2,1,2,0,4,2,2,6,0,1,0,3,1,3,1,46,43,100,82,1.88,1.34,3.22,0,0,0,0,0,0,1,1,0,0,0,0,0,0,1,14,19,1,11,8,1,9,8,17,29,54,67,88,30,67,71,59,8.67,2.58,4.83,2.54,/clubs/chicago-fire-7,teams/usa-chicago-fire.png,Chicago Fire,/clubs/st-louis-city-sc-945555,teams/usa-st-louis-city-sc.png,St. Louis City,1.42,0.82,1.17,0.42,1.44,0.84,83,71,46,33,13,50,42,34,1.54,1.1,2.64,/usa/chicago-fire-vs-st-louis-city-sc-h2h-stats#8229438,13973,34,True,True,True,True,True,False,True,"['16', '67', '87']","['47', '59']"
MLS,2025,13973,8229439,677447,14,2025,complete,120240,0,-1,"['30', '90+1']",['12'],2,1,3,4,2,6,2,3,4,3,0,0,7,5,15,8,22,13,17,8,47,53,57.0,48648.0,8.0,,,4,3,1.75,3.4,4.32,1.01,1.22,1.75,2.8,5.69,10.5,3.9,2.0,1.38,1.14,1.75,2.1,2.7,1.4,4.75,1.15,1.29,0.0,1.91,2.33,2.22,4.7,2.2,2.65,3.8,0.0,0.0,1.22,1.43,1.78,2.25,2.97,3.5,2.54,1.91,1.54,1.3,1.44,7.8,3.0,0.0,0.0,0.0,3.4,7.5,1.36,2.6,6.0,15.0,3.0,1.46,1.11,1.01,1.2,2.0,3.8,9.5,4.1,1.75,1.22,1.04,0,0,0,0,3,1,1,1,0,1,2,1744504200,677447,0,29,29,0,0,25625,2,1,2,1,2,1,3,3,2,0,2,3,2,5,1,83,67,108,128,2.47,1.66,4.13,1,0,1,0,0,0,1,1,0,0,0,0,0,0,1,27,20,1,7,17,1,7,12,0,17,59,88,88,29,75,71,29,9.83,3.5,2.17,2.5,/clubs/nashville-sc-mls-677447,teams/usa-nashville-sc-mls.png,Nashville SC,/clubs/real-salt-lake-14,teams/usa-real-salt-lake.png,Real Salt Lake,2.17,0.72,1.75,1.0,1.43,1.29,100,84,42,13,13,59,46,46,1.89,1.72,3.61,/usa/real-salt-lake-vs-nashville-sc-mls-h2h-stats#8229439,13973,35,True,True,True,False,False,False,True,"['30', '90+1']",['12']
MLS,2025,13973,8229440,20,10,2025,complete,120240,0,-1,['49'],['81'],1,1,2,5,8,13,-1,-1,2,1,0,0,4,3,5,10,9,13,13,11,47,53,19912.0,28121.0,2.0,,,2,1,2.1,3.75,3.09,1.04,1.14,1.45,2.22,3.5,14.0,5.0,2.5,1.63,1.22,1.42,2.62,3.8,1.25,5.5,1.11,1.25,0.0,1.78,2.5,2.5,3.5,2.35,2.8,3.05,0.0,0.0,1.24,1.55,1.85,2.38,3.25,3.5,2.38,1.85,1.49,1.28,1.71,6.65,2.3,0.0,0.0,0.0,4.75,5.5,1.25,2.2,4.75,11.0,3.5,1.62,1.16,1.02,1.14,1.75,2.9,6.5,5.25,2.0,1.27,1.09,0,0,0,0,2,0,0,1,1,2,0,1742157900,-1,0,75,50,25,0,20153,2,1,3,3,2,5,6,7,1,0,1,1,1,2,1,70,98,93,108,1.36,1.73,3.09,0,0,0,0,0,0,1,1,0,0,0,2,0,0,1,15,19,1,11,13,1,11,4,25,25,75,75,100,75,75,100,25,5.5,1.5,7.0,3.0,/clubs/portland-timbers-20,teams/usa-portland-timbers.png,Portland Timbers,/clubs/la-galaxy-10,teams/usa-la-galaxy.png,LA Galaxy,1.63,0.41,1.5,0.0,1.0,0.0,75,75,25,25,0,50,50,50,0.78,0.67,1.45,/usa/la-galaxy-vs-portland-timbers-h2h-stats#8229440,13973,34,True,True,False,False,False,False,True,['49'],['81']
MLS,2025,13973,8229441,4,17,2025,complete,120240,0,-1,"['29', '47']","['18', '39']",2,2,4,2,6,8,2,0,3,1,0,0,7,7,7,9,14,16,12,11,56,44,7.0,1313.0,29408.0,,,3,1,2.15,3.35,3.94,1.05,1.34,2.14,3.8,8.0,9.0,3.0,1.7,1.22,1.07,1.85,1.91,2.4,1.48,3.8,1.22,1.33,0.0,1.73,2.67,2.08,4.33,2.4,2.4,4.0,0.0,0.0,1.31,1.63,2.02,2.39,3.4,2.8,2.1,1.67,1.43,1.26,1.83,6.4,2.56,0.0,0.0,0.0,3.35,6.0,1.48,3.0,8.0,16.0,2.7,1.33,1.07,1.01,1.29,2.27,5.2,13.0,3.4,1.57,1.13,1.02,0,0,0,0,4,1,2,1,0,1,3,1742063400,-1,0,50,0,50,0,16713,-1,1,-1,-1,-1,-1,-1,-1,0,0,3,1,0,4,1,38,38,76,58,1.65,1.77,3.41,1,0,1,0,0,0,1,1,0,0,-1,-1,0,0,1,20,15,1,10,12,1,5,4,0,0,50,100,100,50,50,50,50,5.0,3.0,5.0,2.5,/clubs/new-york-red-bulls-4,teams/usa-new-york-red-bulls.png,New York RB,/clubs/orlando-city-sc-17,teams/usa-orlando-city-sc.png,Orlando City,1.94,1.39,3.0,0.0,1.33,1.0,100,100,50,0,0,50,50,50,1.31,1.5,2.81,/usa/new-york-red-bulls-vs-orlando-city-sc-h2h-stats#8229441,13973,34,True,True,True,True,False,False,True,"['29', '47']","['18', '39']"
MLS,2025,13973,8229442,1398748,5,2025,complete,120240,0,-1,['79'],['40'],1,1,2,10,2,12,5,4,1,4,0,0,6,3,11,5,17,8,2,20,62,38,,44567.0,5362.0,,,1,4,1.95,3.62,3.65,1.03,1.12,1.58,2.49,4.15,10.0,4.5,2.35,1.5,1.2,1.52,2.45,3.3,1.33,5.0,1.11,1.3,0.0,1.75,2.2,2.47,3.75,2.38,2.6,3.4,0.0,0.0,1.24,1.61,2.36,2.43,3.25,3.5,2.24,1.71,1.51,1.28,1.44,6.85,3.4,0.0,0.0,0.0,3.8,7.0,1.27,2.3,5.0,12.0,3.3,1.57,1.13,1.01,1.16,1.7,3.34,7.25,4.6,2.05,1.25,1.05,0,0,0,0,2,0,1,1,0,1,1,1752978600,-1,0,38,25,13,0,27418,2,1,2,2,8,0,4,8,1,1,0,3,2,3,1,39,25,85,76,1.77,0.9,2.68,0,0,0,0,0,0,1,1,0,0,0,1,0,0,1,11,17,1,20,2,1,5,12,21,29,54,67,79,46,67,58,29,12.09,2.91,4.75,2.58,/clubs/san-diego-fc-1398748,teams/usa-san-diego-fc.png,San Diego,/clubs/vancouver-whitecaps-fc-5,teams/canada-vancouver-whitecaps-fc.png,Vancouver Whitecaps,1.67,1.65,1.75,1.75,1.83,1.86,79,71,46,34,21,63,50,46,1.62,1.3,2.92,/usa/vancouver-whitecaps-fc-vs-san-diego-fc-h2h-stats#8229442,13973,39,True,True,False,False,False,False,True,['79'],['40']
MLS,2025,13973,8229443,677446,19,2025,complete,120240,0,-1,['45+5'],['45+2'],1,1,2,10,3,13,1,1,1,1,0,0,9,3,14,9,23,12,13,8,67,33,69.0,48359.0,11434.0,,,1,1,1.4,4.9,6.5,1.02,1.17,1.55,2.23,3.75,13.5,5.25,2.3,1.65,1.25,1.7,2.05,2.2,1.62,7.5,1.07,1.1,0.0,3.0,1.75,2.5,6.5,1.63,3.0,5.75,0.0,0.0,1.33,1.57,1.95,2.4,3.2,3.1,2.25,1.73,1.5,1.3,1.5,7.0,3.68,0.0,0.0,0.0,2.62,15.0,1.29,2.15,5.0,11.0,3.4,1.57,1.14,1.01,1.15,1.8,3.4,7.0,4.8,1.91,1.29,1.07,0,0,0,0,2,1,1,0,0,0,2,1743980400,-1,0,71,29,59,0,20220,-1,1,-1,-1,-1,-1,-1,-1,1,1,0,0,2,0,1,69,27,137,72,2.58,1.16,3.74,0,0,0,0,0,0,1,1,0,0,-1,-1,0,0,1,6,4,1,8,13,1,6,10,13,42,71,84,100,42,71,100,71,7.5,4.67,7.33,3.21,/clubs/club-internacional-de-futbol-miami-677446,teams/usa-club-internacional-de-futbol-miami.png,Inter Miami,/clubs/toronto-fc-19,teams/canada-toronto-fc.png,Toronto,2.29,0.94,2.33,0.25,2.6,0.33,88,59,29,17,0,59,17,17,1.01,1.03,2.04,/usa/toronto-fc-vs-club-internacional-de-futbol-miami-h2h-stats#8229443,13973,34,True,True,False,False,False,False,True,['45+5'],['45+2']
MLS,2025,13973,8229444,6490,13,2025,complete,120240,0,-1,"['31', '45']",[],2,0,2,8,3,11,-1,-1,0,2,0,0,10,1,6,9,16,10,10,13,64,36,3.0,,,,,0,2,1.37,4.85,6.9,1.01,1.08,1.42,1.95,3.1,12.0,6.0,2.7,1.81,1.27,1.62,2.17,2.4,1.5,8.5,1.04,1.07,0.0,3.0,1.82,2.55,5.1,1.62,3.1,5.5,0.0,0.0,1.21,1.39,1.75,2.2,3.04,3.8,2.65,1.95,1.57,1.37,1.27,10.25,4.5,0.0,0.0,0.0,2.75,17.0,1.22,2.0,4.5,11.0,4.0,1.71,1.18,1.05,1.12,1.55,2.65,6.5,5.2,2.1,1.33,1.09,0,0,0,0,2,2,0,0,0,0,2,1752373800,6490,0,45,20,30,0,-1,2,1,2,1,6,2,3,8,0,0,0,2,0,2,1,79,47,126,74,2.28,1.04,3.32,1,0,1,0,0,0,1,1,0,0,0,0,0,0,1,21,18,1,12,10,1,8,12,25,40,55,65,95,30,70,80,55,9.0,3.1,3.8,3.05,/clubs/los-angeles-fc-6490,teams/usa-los-angeles-fc.png,Los Angeles FC,/clubs/fc-dallas-13,teams/usa-fc-dallas.png,FC Dallas,2.11,1.28,2.2,1.6,1.61,1.05,75,60,45,35,5,65,50,25,1.9,1.27,3.17,/usa/fc-dallas-vs-los-angeles-fc-h2h-stats#8229444,13973,36,True,True,False,False,False,False,False,"['31', '45']",[]
MLS,2025,13973,8229445,17,1016,2025,complete,120240,0,-1,"['42', '51', '67']",[],3,0,3,3,5,8,0,1,1,2,0,0,6,0,10,12,16,12,7,15,54,46,42.0,29408.0,762.0,,,1,2,1.75,3.65,4.44,1.01,1.15,1.65,2.25,4.7,11.0,4.33,2.2,1.57,1.18,1.53,2.3,3.0,1.33,5.75,1.12,1.29,0.0,2.0,2.25,2.25,4.2,2.15,2.75,4.0,0.0,0.0,1.24,1.5,1.85,2.25,3.0,3.2,2.4,1.85,1.6,1.33,1.53,7.8,3.2,0.0,0.0,0.0,3.7,8.0,1.28,2.3,5.5,13.0,3.3,1.6,1.15,1.03,1.17,1.8,3.28,7.0,4.8,1.91,1.27,1.07,0,0,0,0,3,1,0,2,0,2,1,1745709300,17,0,54,13,54,0,20184,2,1,1,2,2,3,3,5,0,0,1,2,0,3,1,54,67,82,81,1.81,1.24,3.05,1,0,1,0,0,0,1,1,0,0,0,0,0,0,1,4,1,1,14,7,1,5,12,38,54,71,88,88,38,54,88,88,7.58,5.0,4.0,3.63,/clubs/orlando-city-sc-17,teams/usa-orlando-city-sc.png,Orlando City,/clubs/atlanta-united-fc-1016,teams/usa-atlanta-united-fc.png,Atlanta United FC,1.65,0.47,1.75,0.33,1.44,1.0,63,46,29,13,13,38,25,25,1.76,1.27,3.03,/usa/orlando-city-sc-vs-atlanta-united-fc-h2h-stats#8229445,13973,34,True,True,True,False,False,False,False,"['42', '51', '67']",[]
MLS,2025,13973,8229446,9,16,2025,complete,120240,0,-1,['45+2'],[],1,0,1,2,3,5,1,2,2,6,0,0,3,0,4,6,7,6,16,17,60,40,70481.0,,,,,2,6,1.75,3.75,3.7,1.0,1.13,1.39,2.08,3.2,10.0,5.8,2.75,1.75,1.3,1.42,2.5,3.4,1.29,6.0,1.09,1.25,0.0,2.0,2.23,2.62,4.22,2.15,3.0,3.74,0.0,0.0,1.26,1.5,1.75,2.05,2.8,3.4,2.5,1.85,1.6,1.38,1.67,8.5,2.32,0.0,0.0,0.0,4.0,8.5,1.22,2.15,4.0,12.0,3.8,1.67,1.16,1.02,1.12,1.57,3.1,6.0,5.25,2.14,1.33,1.09,0,0,0,0,1,1,0,0,0,0,1,1751234400,9,0,59,29,26,0,-1,2,1,0,0,2,3,0,5,0,3,2,3,3,5,1,29,32,95,79,0.88,0.62,1.5,0,0,0,0,0,0,1,1,0,0,0,0,0,1,1,11,6,1,17,16,1,8,5,15,24,54,65,86,39,63,71,31,12.58,3.69,3.56,2.57,/clubs/columbus-crew-9,teams/usa-columbus-crew.png,Columbus Crew,/clubs/philadelphia-union-16,teams/usa-philadelphia-union.png,Philadelphia Union,1.94,1.61,2.0,2.11,1.79,2.11,86,77,46,36,15,70,51,31,1.67,1.56,3.23,/usa/columbus-crew-vs-philadelphia-union-h2h-stats#8229446,13973,37,True,False,False,False,False,False,False,['45+2'],[]
MLS,2025,13973,8229447,2,4,2025,complete,120240,0,-1,"['13', '50']",[],2,0,2,4,6,10,0,1,1,3,0,0,3,1,10,9,13,10,12,16,36,64,3.0,,,,,1,3,2.1,3.6,3.36,1.05,1.23,1.83,3.08,5.5,11.0,3.9,2.06,1.4,1.11,1.63,2.25,3.0,1.33,4.0,1.2,1.31,0.0,1.76,2.87,2.21,3.72,2.47,2.4,3.4,0.0,0.0,1.19,1.48,1.75,2.14,2.81,3.8,2.57,1.91,1.65,1.33,1.8,8.2,2.25,0.0,0.0,0.0,3.9,5.75,1.38,2.62,5.8,16.0,3.08,1.48,1.09,1.02,1.2,1.95,4.2,10.0,4.1,1.75,1.2,1.05,0,0,0,0,2,1,0,1,0,1,1,1747513800,2,0,50,25,17,0,-1,2,1,4,4,0,2,8,2,1,1,0,2,2,2,1,33,65,72,108,1.27,1.18,2.45,0,0,0,0,0,0,1,1,0,0,0,1,0,0,1,24,35,1,16,12,1,7,6,9,9,50,50,84,33,50,75,17,10.17,3.34,4.16,2.0,/clubs/new-york-city-fc-2,teams/usa-new-york-city-fc.png,New York City,/clubs/new-york-red-bulls-4,teams/usa-new-york-red-bulls.png,New York RB,1.89,0.59,2.0,0.33,1.38,1.38,92,92,50,50,17,75,59,59,1.68,1.05,2.73,/usa/new-york-city-fc-vs-new-york-red-bulls-h2h-stats#8229447,13973,34,True,True,False,False,False,False,False,"['13', '50']",[]
MLS,2025,13973,8229448,5,18,2025,complete,120240,0,-1,"['40', '70', '88']",[],3,0,3,3,3,6,0,1,0,0,0,2,5,0,8,7,13,7,10,11,46,54,62494.0,,,,,0,4,3.25,3.35,2.3,1.06,1.3,2.0,3.2,7.0,8.5,3.2,1.79,1.25,1.09,1.8,2.02,3.6,1.25,2.8,1.38,1.3,0.0,1.34,3.95,2.05,2.78,3.58,2.55,2.4,0.0,0.0,1.23,1.41,1.66,2.0,2.79,3.88,2.65,2.07,1.73,1.36,2.15,6.6,2.0,0.0,0.0,0.0,5.5,3.75,1.35,3.13,6.5,23.0,2.9,1.37,1.07,1.02,1.22,2.25,4.4,10.0,3.8,1.6,1.16,1.02,0,0,0,0,3,1,0,2,0,2,1,1749430800,5,0,54,30,13,0,-1,2,1,0,3,3,0,3,3,0,0,0,2,0,2,1,43,54,87,97,1.48,0.84,2.32,1,0,1,0,0,0,1,1,0,0,0,0,0,0,1,12,14,1,10,10,1,6,9,7,30,48,83,94,48,94,66,30,12.3,3.16,3.99,2.67,/clubs/vancouver-whitecaps-fc-5,teams/canada-vancouver-whitecaps-fc.png,Vancouver Whitecaps,/clubs/seattle-sounders-fc-18,teams/usa-seattle-sounders-fc.png,Seattle Sounders,2.0,1.11,2.13,1.0,2.13,1.53,94,71,53,18,7,71,60,47,1.85,1.52,3.37,/usa/vancouver-whitecaps-fc-vs-seattle-sounders-fc-h2h-stats#8229448,13973,37,True,True,True,False,False,False,False,"['40', '70', '88']",[]
MLS,2025,13973,8229449,6490,8,2025,complete,120240,0,-1,"['45+1', '59', '90+3']",['39'],3,1,4,8,2,10,4,2,3,1,0,0,9,2,13,3,22,5,15,14,58,42,59668.0,,,,,3,1,1.39,5.16,7.2,1.02,1.12,1.47,2.29,3.6,14.0,5.25,2.56,1.67,1.24,1.8,2.3,2.4,1.5,7.5,1.05,1.18,0.0,2.85,1.65,2.55,5.1,1.65,2.9,5.0,0.0,0.0,1.28,1.52,1.96,2.7,3.8,3.0,2.23,1.75,1.43,1.21,1.42,8.0,3.0,0.0,0.0,0.0,2.65,13.0,1.22,2.26,4.2,10.5,3.7,1.69,1.18,1.02,1.12,1.7,3.2,6.0,5.3,2.0,1.3,1.09,0,0,0,0,4,1,1,2,0,2,2,1749430800,6490,0,48,17,31,0,-1,2,1,4,0,4,2,4,6,1,0,2,1,1,3,1,56,32,103,89,2.42,0.7,3.12,1,0,1,0,0,0,1,1,0,0,1,0,0,0,1,14,17,1,13,15,1,4,7,6,31,55,62,95,22,55,77,50,8.14,2.47,3.44,2.65,/clubs/los-angeles-fc-6490,teams/usa-los-angeles-fc.png,Los Angeles FC,/clubs/sporting-kansas-city-8,teams/usa-sporting-kansas-city.png,Sporting KC,2.11,0.65,2.29,0.89,1.53,1.0,95,69,45,38,6,50,33,13,1.83,1.22,3.05,/usa/sporting-kansas-city-vs-los-angeles-fc-h2h-stats#8229449,13973,34,True,True,True,True,False,False,True,"['45+1', '59', '90+3']",['39']
MLS,2025,13973,8229450,945555,5,2025,complete,120240,0,-1,[],[],0,0,0,5,6,11,2,0,2,4,0,0,3,2,6,15,9,17,8,18,45,55,84.0,1620.0,5362.0,,,2,4,2.7,3.6,2.45,1.04,1.22,1.73,2.81,5.23,13.0,4.0,2.2,1.4,1.13,1.59,2.25,3.95,1.29,3.6,1.22,1.57,0.0,1.45,3.0,2.38,2.87,2.55,2.65,3.0,0.0,0.0,1.2,1.41,1.96,2.17,2.65,3.6,2.6,1.95,1.58,1.32,1.86,6.75,2.12,0.0,0.0,0.0,4.4,5.0,1.3,2.62,5.5,13.0,3.0,1.42,1.11,1.02,1.2,1.93,3.8,9.0,4.0,1.75,1.22,1.04,0,0,0,0,0,0,0,0,0,0,0,1745109000,-1,0,29,13,17,0,17097,2,1,2,5,3,1,7,4,1,1,1,3,2,4,1,41,47,81,81,1.08,1.55,2.63,0,0,0,0,0,0,1,1,0,0,2,2,0,0,1,21,15,1,18,8,1,10,5,17,17,29,29,71,29,54,46,17,15.0,4.5,3.17,1.63,/clubs/st-louis-city-sc-945555,teams/usa-st-louis-city-sc.png,St. Louis City,/clubs/vancouver-whitecaps-fc-5,teams/canada-vancouver-whitecaps-fc.png,Vancouver Whitecaps,1.06,1.65,1.0,2.33,1.0,2.38,84,84,71,71,29,75,75,59,1.59,1.83,3.42,/usa/vancouver-whitecaps-fc-vs-st-louis-city-sc-h2h-stats#8229450,13973,34,False,False,False,False,False,False,False,[],[]
MLS,2025,13973,8229451,711351,11,2025,complete,120240,0,-1,[],['77'],0,1,1,0,1,1,0,1,3,3,0,0,4,4,14,3,18,7,12,17,58,42,13864.0,404.0,13.0,,,3,3,1.8,3.25,4.25,1.04,1.22,1.67,2.8,5.78,12.0,4.0,2.05,1.42,1.12,1.7,2.1,2.62,1.42,5.25,1.15,1.29,0.0,1.95,2.05,2.3,4.5,2.2,2.45,4.2,0.0,0.0,1.17,1.44,1.73,2.18,2.69,3.98,2.6,1.93,1.58,1.36,1.61,8.5,2.55,0.0,0.0,0.0,3.4,7.5,1.36,2.75,6.25,19.0,3.22,1.47,1.09,1.01,1.14,2.0,4.0,9.0,4.4,1.75,1.18,1.04,0,0,0,0,1,0,0,0,1,1,0,1745710200,11,0,33,13,10,0,29233,2,1,0,0,0,1,0,1,1,1,2,2,2,4,1,63,35,93,75,1.86,0.98,2.85,0,0,0,0,0,0,1,1,0,0,0,0,1,0,1,23,8,1,17,12,1,5,17,10,10,43,63,88,33,55,75,40,10.1,4.0,3.95,2.13,/clubs/charlotte-fc-711351,teams/usa-charlotte-fc.png,Charlotte,/clubs/new-england-revolution-11,teams/usa-new-england-revolution.png,New England Revolution,2.11,1.18,3.0,1.0,2.11,1.25,90,90,58,38,13,70,70,70,1.48,1.26,2.74,/usa/new-england-revolution-vs-charlotte-fc-h2h-stats#8229451,13973,34,True,False,False,False,False,False,False,[],['77']
MLS,2025,13973,8229452,13401,19,2025,complete,120240,0,-1,"['8', '35']","['27', '70']",2,2,4,2,7,9,1,5,2,3,0,0,3,7,5,5,8,12,15,13,54,46,70173.0,13006.0,11434.0,,,2,3,1.8,3.4,4.0,1.03,1.29,1.96,3.1,6.0,10.5,3.6,1.94,1.48,1.2,1.7,2.05,3.0,1.44,4.33,1.18,1.29,0.0,1.9,2.4,2.2,4.2,2.25,2.4,3.9,0.0,0.0,1.22,1.52,1.82,2.38,3.35,3.75,2.43,1.85,1.48,1.26,1.55,7.3,2.8,0.0,0.0,0.0,3.75,6.5,1.3,2.7,7.0,23.0,3.25,1.4,1.12,1.02,1.15,2.0,4.33,11.0,3.6,1.7,1.18,1.02,0,0,0,0,4,2,1,0,1,1,3,1740270600,-1,0,0,0,0,0,16655,2,1,2,5,0,2,7,2,0,1,2,2,1,4,1,34,41,89,79,0.97,1.54,2.52,0,1,0,1,0,0,1,1,1,0,1,0,0,0,1,18,20,1,13,14,1,8,6,0,0,0,0,0,0,0,0,0,0.0,0.0,0.0,0.0,/clubs/dc-united-13401,teams/usa-dc-united.png,DC United,/clubs/toronto-fc-19,teams/canada-toronto-fc.png,Toronto,0.76,0.94,0.0,0.0,0.0,0.0,0,0,0,0,0,0,0,0,0.0,0.0,0.0,/usa/toronto-fc-vs-dc-united-h2h-stats#8229452,13973,34,True,True,True,True,False,False,True,"['8', '35']","['27', '70']"
MLS,2025,13973,8229453,5,10,2025,complete,120240,0,-1,"['2', '87']",['39'],2,1,3,6,1,7,0,1,3,3,0,0,4,2,11,4,15,6,8,10,51,49,36.0,5362.0,2.0,,,3,3,1.62,4.4,4.82,1.02,1.15,1.5,2.25,4.33,19.0,5.0,2.45,1.58,1.22,1.5,2.25,2.8,1.38,6.5,1.08,1.35,0.0,2.3,2.1,2.45,4.75,2.35,2.85,4.2,0.0,0.0,1.25,1.42,1.73,2.1,2.62,3.6,2.62,2.0,1.65,1.42,1.38,7.8,3.2,0.0,0.0,0.0,3.2,10.0,1.28,2.21,5.0,13.0,3.6,1.6,1.17,1.02,1.16,1.78,3.4,6.25,5.25,2.1,1.3,1.08,0,0,0,0,3,1,1,1,0,1,2,1740952800,5,0,0,0,0,0,21124,2,1,2,1,4,0,3,4,1,2,2,1,3,3,1,78,20,114,65,1.79,0.67,2.46,0,0,0,0,0,0,1,1,1,0,0,0,0,0,1,15,16,1,10,8,1,6,14,0,0,0,0,0,0,0,0,0,0.0,0.0,0.0,0.0,/clubs/vancouver-whitecaps-fc-5,teams/canada-vancouver-whitecaps-fc.png,Vancouver Whitecaps,/clubs/la-galaxy-10,teams/usa-la-galaxy.png,LA Galaxy,2.0,0.41,0.0,0.0,3.0,0.0,0,0,0,0,0,0,0,0,0.0,0.0,0.0,/usa/vancouver-whitecaps-fc-vs-la-galaxy-h2h-stats#8229453,13973,34,True,True,True,False,False,False,True,"['2', '87']",['39']
MLS,2025,13973,8229454,9,7,2025,complete,120240,0,-1,"['19', '37', '45+1', '50']","['13', '22']",4,2,6,5,2,7,1,3,0,3,0,0,4,6,10,7,14,13,8,17,57,43,,40116.0,14.0,,,0,3,1.44,4.3,5.3,1.03,1.17,1.62,2.55,4.4,11.0,5.0,2.3,1.52,1.2,1.68,2.1,2.4,1.5,6.5,1.09,1.2,0.0,2.4,2.0,2.5,5.1,1.9,2.85,4.75,0.0,0.0,1.26,1.54,1.92,2.48,3.2,2.9,2.17,1.82,1.46,1.25,1.28,9.5,4.75,0.0,0.0,0.0,2.75,10.0,1.27,2.4,5.3,15.0,3.5,1.56,1.13,1.02,1.14,1.75,3.3,7.5,5.0,1.95,1.28,1.07,0,0,0,0,6,3,2,1,0,1,5,1740270600,9,0,0,0,0,0,20210,2,1,3,2,2,0,5,2,0,2,0,1,2,1,1,37,37,78,84,1.43,1.51,2.94,0,0,0,0,0,0,1,1,0,0,1,1,0,0,1,11,12,1,17,8,1,6,6,0,0,0,0,0,0,0,0,0,0.0,0.0,0.0,0.0,/clubs/columbus-crew-9,teams/usa-columbus-crew.png,Columbus Crew,/clubs/chicago-fire-7,teams/usa-chicago-fire.png,Chicago Fire,1.94,1.67,0.0,0.0,0.0,0.0,0,0,0,0,0,0,0,0,0.0,0.0,0.0,/usa/chicago-fire-vs-columbus-crew-h2h-stats#8229454,13973,37,True,True,True,True,True,True,True,"['19', '37', '45+1', '50']","['13', '22']"
MLS,2025,13973,8229455,19,711351,2025,complete,120240,0,-1,[],"['56', '90']",0,2,2,4,6,10,3,1,4,1,0,0,2,8,5,10,7,18,12,9,53,47,13893.0,,,,,4,1,3.27,3.35,2.21,1.05,1.22,1.86,2.7,5.3,11.0,4.35,1.95,1.35,1.13,1.65,2.15,4.0,1.2,3.2,1.33,1.3,0.0,1.33,3.7,2.17,2.89,3.15,2.4,2.5,0.0,0.0,1.33,1.73,2.05,2.48,3.6,2.62,2.0,1.7,1.47,1.23,2.0,6.25,2.19,0.0,0.0,0.0,5.75,4.0,1.36,2.55,6.65,12.0,3.17,1.49,1.09,1.01,1.22,1.95,4.25,9.0,3.8,1.75,1.2,1.03,0,0,0,0,2,0,0,0,2,2,0,1748734200,711351,0,48,31,36,0,-1,2,1,1,4,3,2,5,5,1,0,3,1,1,4,1,3,7,99,100,0.62,1.76,2.38,0,0,0,0,0,0,1,1,0,0,0,0,0,0,1,3,2,1,9,12,1,6,7,13,25,48,66,89,36,48,66,48,7.94,2.08,2.39,2.53,/clubs/toronto-fc-19,teams/canada-toronto-fc.png,Toronto,/clubs/charlotte-fc-711351,teams/usa-charlotte-fc.png,Charlotte,0.94,1.11,0.56,0.5,0.81,1.38,88,75,53,35,11,66,48,48,1.21,1.02,2.23,/usa/toronto-fc-vs-charlotte-fc-h2h-stats#8229455,13973,34,True,True,False,False,False,False,False,[],"['56', '90']"
MLS,2025,13973,8229456,1015,945555,2025,complete,120240,0,-1,"['33', '62', '78']",[],3,0,3,6,5,11,-1,-1,1,1,0,0,6,3,14,7,20,10,7,13,47,53,62494.0,,,,,1,1,1.57,4.25,5.4,1.0,1.2,1.62,2.5,4.75,15.0,4.5,2.2,1.43,1.13,1.68,2.2,2.45,1.48,5.75,1.1,1.22,0.0,2.3,2.1,2.45,4.9,1.95,2.63,4.8,0.0,0.0,1.18,1.45,1.7,2.1,2.74,3.84,2.55,2.05,1.65,1.35,1.42,8.2,2.9,0.0,0.0,0.0,2.9,9.5,1.34,2.32,5.2,14.0,3.34,1.57,1.12,1.02,1.17,1.8,3.8,8.0,4.3,1.8,1.25,1.05,0,0,0,0,3,1,0,2,0,2,1,1747528200,1015,0,42,17,34,0,-1,2,1,5,3,1,2,8,3,1,1,0,0,2,0,1,50,54,70,78,2.03,1.23,3.26,0,0,0,0,0,0,1,1,0,0,1,0,1,0,1,16,16,1,13,7,1,7,7,17,42,50,67,83,25,50,75,59,7.34,3.5,4.84,2.59,/clubs/minnesota-united-fc-1015,teams/usa-minnesota-united-fc.png,Minnesota United,/clubs/st-louis-city-sc-945555,teams/usa-st-louis-city-sc.png,St. Louis City,1.58,0.82,1.83,0.83,1.69,0.85,83,59,50,33,17,42,33,33,1.51,0.93,2.44,/usa/minnesota-united-fc-vs-st-louis-city-sc-h2h-stats#8229456,13973,34,True,True,True,False,False,False,False,"['33', '62', '78']",[]
MLS,2025,13973,8229457,10,945555,2025,complete,120240,0,-1,[],"['44', '49', '84']",0,3,3,9,8,17,1,2,1,2,0,0,8,5,15,9,23,14,6,8,70,30,57.0,2.0,1620.0,,,1,2,2.1,3.64,3.25,1.01,1.16,1.5,2.5,4.0,19.0,5.5,2.6,1.63,1.26,1.55,2.4,3.3,1.29,4.5,1.17,1.31,0.0,1.73,2.55,2.2,3.6,2.4,2.6,3.3,0.0,0.0,1.35,1.58,1.85,2.05,3.0,2.9,2.3,1.85,1.56,1.26,1.62,6.5,2.5,0.0,0.0,0.0,4.33,6.5,1.26,2.4,6.0,12.0,3.2,1.58,1.12,1.02,1.14,1.85,3.9,7.5,4.7,1.85,1.22,1.06,0,0,0,0,3,0,1,0,2,2,1,1741561200,945555,0,0,0,0,0,19271,2,1,3,6,6,2,9,8,1,0,0,2,1,2,1,57,25,129,59,2.42,1.41,3.83,0,0,0,0,0,0,1,1,0,0,1,2,0,0,1,6,4,1,8,6,1,4,11,0,0,0,50,50,0,0,50,50,1.0,3.0,5.0,1.0,/clubs/la-galaxy-10,teams/usa-la-galaxy.png,LA Galaxy,/clubs/st-louis-city-sc-945555,teams/usa-st-louis-city-sc.png,St. Louis City,1.35,0.82,0.0,1.0,0.0,1.0,100,100,100,50,50,50,0,0,0.91,0.34,1.25,/usa/la-galaxy-vs-st-louis-city-sc-h2h-stats#8229457,13973,34,True,True,True,False,False,False,False,[],"['44', '49', '84']"
MLS,2025,13973,8229458,677446,9,2025,complete,120240,0,-1,"['13', '15', '24', '64', '89']",['58'],5,1,6,4,6,10,4,2,1,1,0,0,7,1,7,11,14,12,8,12,51,49,13812.0,,,,,1,1,2.0,3.8,3.02,1.02,1.06,1.3,1.75,2.75,11.0,7.5,3.25,1.91,1.4,1.34,3.2,4.5,1.17,6.0,1.09,1.25,0.0,1.71,2.4,2.55,3.2,2.3,3.04,3.08,0.0,0.0,1.26,1.55,2.04,2.4,3.0,3.0,2.3,1.83,1.5,1.33,1.75,6.25,2.28,0.0,0.0,0.0,5.0,7.5,1.18,1.85,3.7,9.5,4.2,1.95,1.22,1.05,1.09,1.49,2.62,5.0,6.5,2.45,1.47,1.16,0,0,0,0,6,3,0,2,1,3,3,1748734200,677446,0,81,47,40,0,-1,2,1,2,0,2,6,2,8,0,0,1,1,0,2,1,5,17,81,115,1.42,0.97,2.38,0,0,0,0,0,0,1,1,0,0,1,0,0,0,1,0,1,1,12,8,1,13,4,26,40,66,87,100,47,87,94,46,8.82,2.59,4.99,3.37,/clubs/club-internacional-de-futbol-miami-677446,teams/usa-club-internacional-de-futbol-miami.png,Inter Miami,/clubs/columbus-crew-9,teams/usa-columbus-crew.png,Columbus Crew,2.29,1.16,1.75,1.71,1.73,1.75,75,61,34,14,0,52,40,32,1.41,1.21,2.62,/usa/columbus-crew-vs-club-internacional-de-futbol-miami-h2h-stats#8229458,13973,37,True,True,True,True,True,True,True,"['13', '15', '24', '64', '89']",['58']
MLS,2025,13973,8229459,8043,4,2025,complete,120240,0,-1,['70'],[],1,0,1,4,2,6,5,2,2,1,0,0,2,3,9,12,11,15,10,5,48,52,19912.0,40744.0,1313.0,,,2,1,1.9,3.5,3.96,1.05,1.22,1.8,3.0,6.5,11.0,3.8,1.9,1.33,1.13,1.75,1.95,2.95,1.48,4.33,1.18,1.27,0.0,1.95,2.4,2.2,4.33,2.25,2.4,4.0,0.0,0.0,1.27,1.46,1.83,2.2,3.15,3.3,2.43,1.91,1.58,1.24,1.6,6.75,2.8,0.0,0.0,0.0,3.75,6.5,1.36,2.55,7.0,23.0,2.9,1.45,1.09,1.02,1.25,2.1,4.5,10.0,4.0,1.67,1.22,1.02,0,0,0,0,1,0,0,1,0,1,0,1740270600,8043,0,0,0,0,0,22747,2,1,1,0,3,2,1,5,0,0,2,1,0,3,1,44,43,112,111,1.16,1.47,2.64,0,0,0,0,0,0,1,1,0,0,0,0,0,0,1,26,22,1,5,10,1,10,7,0,0,0,0,0,0,0,0,0,0.0,0.0,0.0,0.0,/clubs/fc-cincinnati-8043,teams/usa-fc-cincinnati.png,FC Cincinnati,/clubs/new-york-red-bulls-4,teams/usa-new-york-red-bulls.png,New York RB,1.8,0.59,0.0,0.0,0.0,0.0,0,0,0,0,0,0,0,0,0.0,0.0,0.0,/usa/new-york-red-bulls-vs-fc-cincinnati-h2h-stats#8229459,13973,34,True,False,False,False,False,False,False,['70'],[]
MLS,2025,13973,8229460,11,677446,2025,complete,120240,0,-1,['79'],"['27', '38']",1,2,3,5,3,8,3,0,1,3,0,0,6,3,10,10,16,13,11,11,44,56,24.0,,,,,1,3,2.94,3.95,2.08,1.01,1.06,1.33,1.91,2.8,12.0,7.5,3.1,1.9,1.36,1.32,3.1,6.0,1.09,4.33,1.18,1.25,0.0,1.36,3.25,2.76,2.25,3.0,2.99,2.2,0.0,0.0,1.22,1.44,1.83,2.25,2.9,3.3,2.55,1.85,1.53,1.36,2.25,7.8,1.83,0.0,0.0,0.0,7.5,5.0,1.18,1.94,3.9,8.5,4.33,1.96,1.25,1.06,1.1,1.52,2.62,5.0,5.75,2.3,1.42,1.13,0,0,0,0,3,0,2,1,0,1,2,1752103800,677446,0,57,32,32,0,-1,2,1,2,2,3,1,4,4,0,1,1,2,1,3,1,4,7,8,22,1.44,1.07,2.51,0,0,0,0,0,0,1,1,0,0,0,1,0,0,1,3,1,1,11,11,1,6,10,44,44,57,69,88,57,76,75,44,10.63,5.38,4.38,3.19,/clubs/new-england-revolution-11,teams/usa-new-england-revolution.png,New England Revolution,/clubs/club-internacional-de-futbol-miami-677446,teams/usa-club-internacional-de-futbol-miami.png,Inter Miami,0.94,1.68,1.0,1.88,1.26,1.88,57,57,44,32,13,69,44,38,1.15,1.33,2.48,/usa/new-england-revolution-vs-club-internacional-de-futbol-miami-h2h-stats#8229460,13973,34,True,True,True,False,False,False,True,['79'],"['27', '38']"
MLS,2025,13973,8229461,4,1016,2025,complete,120240,0,-1,"['3', '29']",[],2,0,2,1,8,9,2,2,4,2,0,0,3,3,4,8,7,11,13,11,55,45,42.0,,,,,4,2,2.0,3.6,3.52,1.03,1.2,1.66,2.63,4.75,13.0,4.2,2.14,1.48,1.17,1.55,2.3,3.0,1.33,4.5,1.15,1.3,0.0,1.77,2.5,2.24,4.0,2.25,2.55,3.6,0.0,0.0,1.27,1.58,1.95,2.48,3.2,3.25,2.2,1.73,1.55,1.29,1.65,8.8,2.55,0.0,0.0,0.0,3.7,6.5,1.28,2.62,5.75,14.0,3.2,1.49,1.11,1.0,1.19,1.83,3.9,9.5,4.0,1.85,1.24,1.06,0,0,0,0,2,2,0,0,0,0,2,1748734200,4,0,57,19,38,0,-1,2,1,0,3,1,5,3,6,2,1,2,1,3,3,1,1,8,135,95,0.69,0.98,1.67,0,0,0,0,0,0,1,1,1,0,0,1,0,0,1,1,2,1,11,13,1,4,3,13,28,71,94,100,38,69,88,69,7.5,3.46,4.25,3.23,/clubs/new-york-red-bulls-4,teams/usa-new-york-red-bulls.png,New York RB,/clubs/atlanta-united-fc-1016,teams/usa-atlanta-united-fc.png,Atlanta United FC,1.94,0.47,2.38,0.33,1.5,1.06,88,73,29,7,0,29,29,9,1.41,1.21,2.62,/usa/new-york-red-bulls-vs-atlanta-united-fc-h2h-stats#8229461,13973,34,True,True,False,False,False,False,False,"['3', '29']",[]
MLS,2025,13973,8229462,6490,5,2025,complete,120240,0,-1,[],['20'],0,1,1,4,7,11,1,0,1,2,0,0,3,1,10,4,13,5,9,11,63,37,13889.0,,,,,1,2,1.8,3.6,4.6,1.04,1.2,1.67,2.5,4.2,10.0,4.4,2.21,1.51,1.18,1.67,2.15,2.8,1.38,5.0,1.13,1.29,0.0,1.95,2.45,2.4,4.33,2.05,2.6,4.2,0.0,0.0,1.29,1.4,1.65,2.32,3.08,3.7,2.6,2.08,1.51,1.46,1.4,9.5,3.2,0.0,0.0,0.0,3.4,7.5,1.3,2.68,5.5,15.0,3.2,1.52,1.11,1.0,1.19,1.8,3.8,8.25,4.1,1.9,1.22,1.04,0,0,0,0,1,0,1,0,0,0,1,1751247000,5,0,44,19,25,0,-1,2,1,1,5,3,2,6,5,0,1,1,1,1,2,1,60,31,105,82,1.47,0.62,2.09,0,0,0,0,0,0,1,1,0,0,0,0,0,0,1,26,14,1,11,9,1,5,11,13,38,50,57,82,26,44,69,38,11.63,2.88,3.13,2.38,/clubs/los-angeles-fc-6490,teams/usa-los-angeles-fc.png,Los Angeles FC,/clubs/vancouver-whitecaps-fc-5,teams/canada-vancouver-whitecaps-fc.png,Vancouver Whitecaps,2.11,1.65,2.38,1.88,1.63,1.94,88,63,50,44,19,63,63,38,1.9,1.43,3.33,/usa/vancouver-whitecaps-fc-vs-los-angeles-fc-h2h-stats#8229462,13973,37,True,False,False,False,False,False,False,[],['20']
MLS,2025,13973,8229463,17,16,2025,complete,120240,0,-1,"['8', '79']","['23', '48', '51', '64']",2,4,6,7,8,15,0,2,1,2,0,0,9,4,13,7,22,11,6,20,55,45,69.0,29408.0,48141.0,,,1,2,1.54,4.0,5.93,1.03,1.19,1.67,2.6,4.57,15.0,4.7,2.29,1.53,1.19,1.68,2.19,2.4,1.5,6.0,1.09,1.19,0.0,2.51,2.12,2.45,4.73,1.8,2.75,5.0,0.0,0.0,1.18,1.35,1.92,2.13,2.55,3.55,2.63,1.95,1.68,1.43,1.55,7.0,4.15,0.0,0.0,0.0,2.9,10.0,1.28,2.47,5.0,11.5,3.35,1.52,1.13,1.0,1.14,1.85,3.45,7.0,5.0,1.85,1.3,1.05,0,0,0,0,6,1,1,1,3,4,2,1740270600,16,0,0,0,0,0,22689,2,1,3,4,4,4,7,8,1,1,0,1,2,1,1,44,33,93,78,2.33,1.22,3.55,0,0,0,0,0,0,1,1,1,0,1,0,0,0,1,26,16,1,20,6,1,2,3,0,0,0,0,0,0,0,0,0,0.0,0.0,0.0,0.0,/clubs/orlando-city-sc-17,teams/usa-orlando-city-sc.png,Orlando City,/clubs/philadelphia-union-16,teams/usa-philadelphia-union.png,Philadelphia Union,1.65,1.61,0.0,0.0,0.0,0.0,0,0,0,0,0,0,0,0,0.0,0.0,0.0,/usa/philadelphia-union-vs-orlando-city-sc-h2h-stats#8229463,13973,35,True,True,True,True,True,True,True,"['8', '79']","['23', '48', '51', '64']"
MLS,2025,13973,8229464,1016,1,2025,complete,120240,0,-1,"['41', '63', '85']","['47', '71']",3,2,5,7,5,12,1,2,3,2,0,0,8,6,6,7,14,13,12,15,49,51,84.0,762.0,,,,3,2,1.47,4.35,6.75,1.04,1.11,1.44,2.33,3.6,12.0,4.33,2.42,1.68,1.25,1.6,2.2,2.4,1.5,7.5,1.06,1.2,0.0,2.7,1.93,2.54,5.8,1.75,3.0,5.5,0.0,0.0,1.19,1.37,1.7,2.14,2.62,3.8,2.82,2.05,1.62,1.36,1.35,7.0,2.88,0.0,0.0,0.0,2.9,10.0,1.25,2.3,5.0,11.5,3.75,1.66,1.15,1.02,1.14,1.72,3.4,6.5,4.75,1.93,1.27,1.09,0,0,0,0,5,1,0,2,2,4,1,1740270600,1016,0,0,0,0,0,65520,2,1,6,1,1,4,7,5,0,1,3,1,1,4,1,39,47,80,100,1.73,1.59,3.31,0,0,0,0,0,0,1,1,0,0,2,0,0,0,1,13,13,1,15,12,1,4,9,0,0,0,0,0,0,0,0,0,0.0,0.0,0.0,0.0,/clubs/atlanta-united-fc-1016,teams/usa-atlanta-united-fc.png,Atlanta United FC,/clubs/montreal-impact-1,teams/canada-montreal-impact.png,Montreal Impact,1.18,0.94,0.0,0.0,0.0,0.0,0,0,0,0,0,0,0,0,0.0,0.0,0.0,/usa/montreal-impact-vs-atlanta-united-fc-h2h-stats#8229464,13973,34,True,True,True,True,True,False,True,"['41', '63', '85']","['47', '71']"
MLS,2025,13973,8229465,4,11,2025,complete,120240,0,-1,"['56', '70', '72', '83', '88']","['5', '30', '90+3']",5,3,8,3,4,7,-1,-1,2,4,0,0,8,6,13,7,21,13,17,13,58,42,,1313.0,13.0,,,2,4,1.72,3.8,4.04,1.01,1.21,1.73,2.9,5.75,14.0,4.2,2.09,1.4,1.15,1.67,2.1,2.8,1.38,5.0,1.13,1.29,0.0,1.98,2.31,2.24,4.55,2.2,2.5,4.2,0.0,0.0,1.29,1.5,1.82,2.25,2.9,3.3,2.4,1.91,1.57,1.36,1.62,6.75,2.7,0.0,0.0,0.0,3.45,7.5,1.33,2.66,5.6,17.0,3.25,1.5,1.11,1.03,1.17,1.93,3.8,8.5,4.3,1.75,1.22,1.04,0,0,0,0,8,0,2,5,1,6,2,1752708600,4,0,51,33,19,0,15863,2,1,1,2,2,2,3,4,0,1,2,3,1,5,1,6,11,20,11,1.91,1.31,3.22,1,0,1,0,0,0,1,1,0,1,0,1,0,0,1,3,1,1,12,17,1,6,13,19,29,56,74,92,61,74,69,28,8.82,3.58,3.97,2.92,/clubs/new-york-red-bulls-4,teams/usa-new-york-red-bulls.png,New York RB,/clubs/new-england-revolution-11,teams/usa-new-england-revolution.png,New England Revolution,1.94,1.18,2.3,1.42,1.36,1.19,82,72,44,26,9,49,40,30,1.38,1.37,2.75,/usa/new-york-red-bulls-vs-new-england-revolution-h2h-stats#8229465,13973,34,True,True,True,True,True,True,True,"['56', '70', '72', '83', '88']","['5', '30', '90+3']"
MLS,2025,13973,8229466,15,5,2025,complete,120240,0,-1,"['54', '90+4']",['88'],2,1,3,5,3,8,2,3,5,2,0,1,5,3,11,4,16,7,10,11,61,39,13841.0,21032.0,5362.0,,,5,3,2.66,3.8,2.49,1.0,1.17,1.42,2.1,3.8,15.5,6.5,2.5,1.68,1.29,1.38,2.7,4.33,1.18,4.2,1.13,1.24,0.0,1.47,3.0,2.5,3.0,2.65,2.95,2.67,0.0,0.0,1.14,1.29,1.58,1.94,2.48,4.0,2.9,2.2,1.77,1.47,1.65,8.0,2.18,0.0,0.0,0.0,5.75,5.0,1.25,2.28,4.6,10.0,3.8,1.64,1.18,1.02,1.12,1.62,3.08,5.75,5.25,2.1,1.36,1.1,0,0,0,0,3,0,0,2,1,3,0,1754793000,15,0,61,33,20,0,16356,2,1,2,2,3,1,4,4,1,2,4,1,3,5,1,59,21,114,80,1.79,0.82,2.6,1,0,1,0,0,0,1,1,0,0,0,0,0,0,1,18,28,1,10,10,1,5,12,29,41,61,77,89,44,81,77,33,12.1,4.06,5.04,3.24,/clubs/san-jose-earthquakes-15,teams/usa-san-jose-earthquakes.png,SJ Earthquakes,/clubs/vancouver-whitecaps-fc-5,teams/canada-vancouver-whitecaps-fc.png,Vancouver Whitecaps,1.24,1.65,1.25,1.69,1.16,1.88,72,60,40,23,12,72,68,60,1.78,1.27,3.05,/usa/vancouver-whitecaps-fc-vs-san-jose-earthquakes-h2h-stats#8229466,13973,34,True,True,True,False,False,False,True,"['54', '90+4']",['88']
MLS,2025,13973,8229467,8043,13401,2025,complete,120240,0,-1,['15'],"['2', '19']",1,2,3,5,5,10,4,2,1,5,0,0,4,5,5,6,9,11,9,25,61,39,65836.0,,,,,1,5,1.42,4.5,5.7,1.03,1.22,1.77,2.75,5.0,10.0,3.7,2.0,1.38,1.15,1.94,1.85,2.15,1.67,6.25,1.09,1.18,0.0,2.58,1.95,2.59,6.5,1.85,2.9,5.5,0.0,0.0,1.3,1.5,2.15,2.3,3.15,3.2,2.4,1.85,1.55,1.3,1.45,9.5,3.0,0.0,0.0,0.0,2.45,10.0,1.3,2.45,5.5,15.5,3.3,1.5,1.11,1.0,1.22,1.95,3.8,9.0,4.4,1.75,1.22,1.03,0,0,0,0,3,1,2,0,0,0,3,1748734200,13401,0,57,15,43,0,-1,2,1,0,4,5,1,4,6,1,2,0,3,3,3,1,6,10,115,83,0.91,1.13,2.04,0,0,0,0,0,0,1,1,0,1,0,2,0,0,1,2,3,1,25,9,1,3,4,22,36,64,79,93,36,57,93,71,10.86,3.86,4.0,3.15,/clubs/fc-cincinnati-8043,teams/usa-fc-cincinnati.png,FC Cincinnati,/clubs/dc-united-13401,teams/usa-dc-united.png,DC United,1.8,0.76,2.43,0.71,1.88,0.94,79,64,36,22,7,71,43,29,1.63,1.43,3.06,/usa/fc-cincinnati-vs-dc-united-h2h-stats#8229467,13973,34,True,True,True,False,False,False,True,['15'],"['2', '19']"
MLS,2025,13973,8229468,6490,2,2025,complete,120240,0,-1,['86'],[],1,0,1,5,5,10,2,0,1,2,0,0,5,2,3,9,8,11,9,13,47,53,11.0,43902.0,21302.0,,,1,2,1.66,3.95,4.6,1.05,1.2,1.77,3.0,6.1,10.0,4.5,1.95,1.36,1.13,1.8,2.04,2.3,1.55,5.0,1.13,1.25,0.0,2.25,2.43,2.35,4.33,2.05,2.75,4.2,0.0,0.0,1.25,1.5,1.92,2.3,2.7,3.15,2.35,1.88,1.54,1.34,1.45,7.0,3.05,0.0,0.0,0.0,2.9,9.0,1.38,2.4,6.0,15.0,3.08,1.47,1.09,1.02,1.2,1.97,3.6,11.0,4.0,1.74,1.19,1.04,0,0,0,0,1,0,0,1,0,1,0,1740886200,6490,0,50,50,50,0,22021,2,1,1,3,4,2,4,6,0,2,1,0,2,1,1,42,47,96,95,1.17,1.18,2.35,0,0,0,0,0,0,1,1,0,0,0,0,0,0,1,22,18,1,13,9,1,5,5,0,50,50,50,100,50,50,100,50,6.0,5.0,2.0,2.5,/clubs/los-angeles-fc-6490,teams/usa-los-angeles-fc.png,Los Angeles FC,/clubs/new-york-city-fc-2,teams/usa-new-york-city-fc.png,New York City,2.11,1.52,3.0,1.0,3.0,1.0,100,50,50,50,0,50,0,0,1.7,1.16,2.86,/usa/new-york-city-fc-vs-los-angeles-fc-h2h-stats#8229468,13973,37,True,False,False,False,False,False,False,['86'],[]
MLS,2025,13973,8229469,18,6490,2025,complete,120240,0,-1,"['11', '57', '77', '84', '90+4']","['37', '90+2']",5,2,7,9,4,13,3,1,0,1,0,0,11,3,3,5,14,8,9,11,58,42,36.0,25.0,43902.0,,,0,1,2.01,3.25,3.75,1.08,1.25,2.2,2.95,6.0,8.0,4.0,1.65,1.22,1.15,1.95,1.77,2.4,1.53,3.6,1.25,1.25,0.0,1.75,2.62,2.02,4.55,2.4,2.43,3.9,0.0,0.0,1.19,1.48,1.75,2.2,2.52,3.4,2.5,2.0,1.53,1.47,1.59,6.75,2.88,0.0,0.0,0.0,3.2,5.75,1.5,2.6,9.0,23.0,3.25,1.48,1.0,1.0,1.25,2.28,5.0,13.0,3.42,1.55,1.08,1.01,0,0,0,0,7,1,1,4,1,5,2,1741470300,18,0,50,50,50,0,30107,2,1,2,4,7,0,6,7,0,0,0,1,0,1,1,54,27,128,87,2.05,0.92,2.98,0,0,0,0,0,0,1,1,0,0,1,0,0,0,1,14,13,1,11,9,1,4,6,0,50,50,50,50,50,50,50,50,7.0,2.0,1.0,2.0,/clubs/seattle-sounders-fc-18,teams/usa-seattle-sounders-fc.png,Seattle Sounders,/clubs/los-angeles-fc-6490,teams/usa-los-angeles-fc.png,Los Angeles FC,2.17,1.53,1.0,0.0,0.5,3.0,50,0,0,0,0,50,50,50,2.2,0.0,2.2,/usa/seattle-sounders-fc-vs-los-angeles-fc-h2h-stats#8229469,13973,37,True,True,True,True,True,True,True,"['11', '57', '77', '84', '90+4']","['37', '90+2']"
MLS,2025,13973,8229470,15,1015,2025,complete,120240,0,-1,[],['32'],0,1,1,10,4,14,3,7,1,1,0,0,1,6,16,4,17,10,8,12,73,27,62494.0,21032.0,55946.0,,,1,1,2.3,3.25,2.82,1.04,1.28,1.83,3.1,5.5,12.0,3.75,2.0,1.38,1.12,1.67,2.35,3.4,1.29,3.75,1.22,1.3,0.0,1.53,2.9,2.2,3.2,2.7,2.55,3.0,0.0,0.0,1.29,1.34,1.71,1.98,2.3,3.9,2.78,2.18,1.7,1.58,2.05,8.2,2.1,0.0,0.0,0.0,4.5,5.0,1.36,2.6,6.5,19.0,3.0,1.45,1.09,1.0,1.18,1.88,3.8,9.0,4.3,1.79,1.22,1.04,0,0,0,0,1,0,1,0,0,0,1,1741491000,1015,0,0,0,0,0,16102,2,1,2,0,8,4,2,12,0,1,1,0,1,1,1,68,29,150,70,1.65,1.26,2.91,0,0,0,0,0,0,1,1,0,0,1,0,0,0,1,20,11,1,12,8,1,4,9,0,50,50,50,100,0,50,100,50,10.0,2.0,6.0,2.5,/clubs/san-jose-earthquakes-15,teams/usa-san-jose-earthquakes.png,SJ Earthquakes,/clubs/minnesota-united-fc-1015,teams/usa-minnesota-united-fc.png,Minnesota United,1.24,1.58,3.0,0.0,3.0,1.5,100,50,50,50,0,50,50,50,1.69,1.18,2.87,/usa/san-jose-earthquakes-vs-minnesota-united-fc-h2h-stats#8229470,13973,34,True,False,False,False,False,False,False,[],['32']
MLS,2025,13973,8229471,13401,8,2025,complete,120240,0,-1,"['60', '68']",['53'],2,1,3,6,1,7,3,1,6,4,0,0,4,1,7,6,11,7,19,13,44,56,13812.0,13006.0,18.0,,,6,4,1.8,4.17,3.5,1.01,1.17,1.6,2.5,3.9,15.0,4.75,2.35,1.53,1.22,1.5,2.35,3.2,1.3,5.0,1.12,1.28,0.0,1.91,2.4,2.35,3.8,2.25,2.63,3.6,0.0,0.0,1.17,1.48,1.7,1.93,2.5,4.05,3.2,2.05,1.73,1.43,1.65,6.4,2.35,0.0,0.0,0.0,3.9,7.0,1.3,2.25,5.5,13.0,3.4,1.57,1.14,1.02,1.15,1.73,3.5,6.5,4.4,1.93,1.27,1.08,0,0,0,0,3,0,0,2,1,3,0,1741480200,13401,0,50,50,0,0,15183,2,1,3,0,3,1,3,4,2,2,4,2,4,6,1,42,37,98,110,1.29,0.8,2.08,1,0,1,0,0,0,1,1,0,0,2,0,0,0,1,18,21,1,12,19,1,5,6,0,50,50,50,100,50,50,100,0,3.0,1.0,6.0,2.5,/clubs/dc-united-13401,teams/usa-dc-united.png,DC United,/clubs/sporting-kansas-city-8,teams/usa-sporting-kansas-city.png,Sporting KC,0.76,0.65,1.0,0.0,1.0,0.0,100,50,50,50,0,50,0,0,0.97,0.76,1.73,/usa/sporting-kansas-city-vs-dc-united-h2h-stats#8229471,13973,34,True,True,True,False,False,False,True,"['60', '68']",['53']
MLS,2025,13973,8229472,12,1016,2025,complete,120240,0,-1,"['18', '64', '71']",['20'],3,1,4,3,4,7,1,0,2,0,0,0,3,2,6,9,9,11,9,12,44,56,13864.0,11435.0,762.0,,,2,0,2.2,3.88,2.85,1.02,1.13,1.51,2.23,3.75,12.0,4.8,2.5,1.6,1.25,1.44,2.6,3.8,1.22,4.75,1.15,1.23,0.0,1.61,2.71,2.58,3.35,2.5,2.63,2.9,0.0,0.0,1.21,1.42,1.89,2.1,2.62,3.6,2.62,2.13,1.71,1.42,1.77,6.5,2.25,0.0,0.0,0.0,5.0,6.25,1.27,2.25,4.4,10.0,3.4,1.65,1.17,1.02,1.15,1.7,3.25,7.0,4.8,2.0,1.3,1.09,0,0,0,0,4,1,1,2,0,2,2,1755394200,12,0,41,4,28,0,16117,2,1,1,2,2,2,3,4,0,0,2,0,0,2,1,39,50,92,90,1.07,1.2,2.27,1,0,1,0,0,0,1,1,0,0,1,1,0,0,1,21,14,1,11,9,1,11,7,8,20,44,85,96,20,72,80,53,9.93,3.12,3.62,2.56,/clubs/colorado-rapids-12,teams/usa-colorado-rapids.png,Colorado Rapids,/clubs/atlanta-united-fc-1016,teams/usa-atlanta-united-fc.png,Atlanta United FC,1.65,0.47,1.54,0.42,1.27,0.88,93,80,56,16,4,52,40,24,1.54,1.11,2.65,/usa/colorado-rapids-vs-atlanta-united-fc-h2h-stats#8229472,13973,34,True,True,True,True,False,False,True,"['18', '64', '71']",['20']
MLS,2025,13973,8229473,1015,14,2025,complete,120240,0,-1,"['30', '55']",[],2,0,2,5,2,7,1,4,2,2,0,0,7,4,8,11,15,15,15,8,35,65,13864.0,55946.0,8.0,,,2,2,1.72,4.1,4.75,0.0,0.0,1.66,0.0,0.0,0.0,0.0,2.15,0.0,0.0,0.0,0.0,0.0,0.0,0.0,0.0,0.0,0.0,0.0,0.0,0.0,0.0,0.0,0.0,0.0,0.0,0.0,0.0,0.0,0.0,0.0,0.0,0.0,0.0,0.0,0.0,0.0,0.0,0.0,0.0,0.0,0.0,0.0,0.0,0.0,0.0,0.0,0.0,0.0,0.0,0.0,0.0,0.0,0.0,0.0,0.0,0.0,0.0,0.0,0.0,0.0,0,0,0,0,2,1,0,1,0,1,1,1743294600,1015,0,50,50,25,0,17124,2,1,5,0,0,2,5,2,1,0,1,2,1,3,1,32,34,85,114,1.67,1.48,3.15,0,0,0,0,0,0,1,1,0,0,1,0,0,0,1,12,6,1,8,15,1,11,11,0,50,75,75,100,50,75,75,50,10.0,4.0,3.0,3.0,/clubs/minnesota-united-fc-1015,teams/usa-minnesota-united-fc.png,Minnesota United,/clubs/real-salt-lake-14,teams/usa-real-salt-lake.png,Real Salt Lake,1.58,0.72,2.0,1.5,1.6,1.2,100,50,25,25,0,50,50,50,1.85,1.84,3.69,/usa/real-salt-lake-vs-minnesota-united-fc-h2h-stats#8229473,13973,35,True,True,False,False,False,False,False,"['30', '55']",[]
MLS,2025,13973,8229474,6490,698284,2025,complete,120240,0,-1,[],['11'],0,1,1,6,5,11,0,1,1,5,0,0,3,3,11,7,14,10,10,18,71,29,69.0,43902.0,21189.0,,,1,5,1.77,3.55,4.8,1.01,1.25,1.98,3.0,5.2,8.5,3.5,1.8,1.27,1.1,1.85,1.93,2.3,1.55,4.33,1.17,1.2,0.0,2.12,2.3,2.05,5.1,2.2,2.38,4.5,0.0,0.0,1.22,1.46,1.8,2.28,3.05,3.48,2.58,1.9,1.53,1.38,1.58,6.75,3.32,0.0,0.0,0.0,2.95,7.5,1.43,2.8,6.5,20.0,2.75,1.4,1.07,1.01,1.22,2.2,5.0,10.0,3.8,1.63,1.15,1.03,0,0,0,0,1,0,1,0,0,0,1,1742067900,698284,0,0,0,0,0,22111,2,1,6,2,0,3,8,3,0,1,1,4,1,5,1,111,46,106,56,1.89,1.17,3.06,0,0,0,0,0,0,1,1,0,0,3,0,0,0,1,22,14,1,18,10,1,8,11,0,0,0,0,100,0,0,100,0,9.5,6.0,1.5,1.0,/clubs/los-angeles-fc-6490,teams/usa-los-angeles-fc.png,Los Angeles FC,/clubs/austin-fc-698284,teams/usa-austin-fc.png,Austin,2.11,1.06,3.0,0.0,2.0,1.0,100,100,100,100,0,75,75,50,1.44,1.33,2.77,/usa/los-angeles-fc-vs-austin-fc-h2h-stats#8229474,13973,36,True,False,False,False,False,False,False,[],['11']
MLS,2025,13973,8229475,677446,2,2025,complete,120240,0,-1,"['5', '90+10']","['26', '55']",2,2,4,7,2,9,1,3,3,2,1,0,6,5,8,4,14,9,8,11,59,41,13812.0,48359.0,21302.0,,,5,2,1.46,4.5,6.0,1.01,1.12,1.4,2.07,4.2,11.0,6.5,3.0,1.85,1.37,1.5,2.35,3.0,1.33,5.5,1.05,1.18,0.0,2.7,1.95,2.62,5.3,1.8,3.15,5.0,0.0,0.0,1.29,1.48,1.91,2.3,3.3,3.2,2.4,1.8,1.56,1.28,1.4,7.4,2.9,0.0,0.0,0.0,3.55,8.5,1.18,2.2,4.75,10.0,4.05,1.6,1.15,1.04,1.11,1.62,2.68,6.5,5.5,2.1,1.33,1.1,0,0,0,0,4,1,1,1,1,2,2,1740270600,-1,0,0,0,0,0,21184,2,1,4,2,3,0,6,3,3,1,1,1,4,2,1,42,33,103,79,1.61,1.16,2.78,0,0,0,0,0,0,1,1,1,0,1,1,0,0,1,20,14,1,11,8,1,5,5,0,0,0,0,0,0,0,0,0,0.0,0.0,0.0,0.0,/clubs/club-internacional-de-futbol-miami-677446,teams/usa-club-internacional-de-futbol-miami.png,Inter Miami,/clubs/new-york-city-fc-2,teams/usa-new-york-city-fc.png,New York City,2.29,1.52,0.0,0.0,0.0,0.0,0,0,0,0,0,0,0,0,0.0,0.0,0.0,/usa/new-york-city-fc-vs-club-internacional-de-futbol-miami-h2h-stats#8229475,13973,39,True,True,True,True,False,False,True,"['5', '90+10']","['26', '55']"
MLS,2025,13973,8229476,8,15,2025,complete,120240,0,-1,['27'],"['3', '19']",1,2,3,6,2,8,3,1,4,1,0,1,3,5,12,2,15,7,14,15,68,32,70173.0,18.0,21032.0,,,4,2,1.95,3.7,3.52,1.03,1.19,1.65,2.4,4.85,13.0,4.6,2.2,1.44,1.18,1.62,2.25,3.0,1.33,4.75,1.13,1.29,0.0,1.86,2.45,2.26,3.8,2.22,2.7,3.45,0.0,0.0,1.22,1.32,1.6,2.03,2.5,3.8,2.83,2.14,1.68,1.48,1.6,6.75,3.0,0.0,0.0,0.0,3.75,7.0,1.3,2.45,5.25,12.0,3.2,1.5,1.12,1.02,1.18,1.83,3.8,9.0,4.4,1.85,1.25,1.07,0,0,0,0,3,1,2,0,0,0,3,1740879000,15,0,0,0,0,0,16277,2,1,4,2,2,0,6,2,3,1,1,1,4,2,1,90,11,125,44,1.81,0.87,2.68,1,0,1,0,0,0,1,1,0,1,1,0,1,0,1,27,10,1,14,14,1,1,12,0,0,0,0,0,0,0,0,0,0.0,0.0,0.0,0.0,/clubs/sporting-kansas-city-8,teams/usa-sporting-kansas-city.png,Sporting KC,/clubs/san-jose-earthquakes-15,teams/usa-san-jose-earthquakes.png,SJ Earthquakes,1.0,1.18,0.0,0.0,0.0,3.0,0,0,0,0,0,0,0,0,0.0,0.0,0.0,/usa/sporting-kansas-city-vs-san-jose-earthquakes-h2h-stats#8229476,13973,34,True,True,True,False,False,False,True,['27'],"['3', '19']"
MLS,2025,13973,8229477,1015,12,2025,complete,120240,0,-1,['73'],"['60', '70']",1,2,3,13,4,17,-1,-1,2,0,0,0,9,5,13,7,22,12,13,6,60,40,14097.0,55946.0,11435.0,,,2,0,1.55,4.2,5.4,1.02,1.16,1.51,2.25,3.75,17.0,4.75,2.6,1.68,1.28,1.57,2.4,2.88,1.36,6.0,1.09,1.22,0.0,2.4,1.91,2.55,5.5,1.88,2.9,4.75,0.0,0.0,1.27,1.48,1.75,2.2,2.55,4.05,2.5,1.8,1.6,1.46,1.53,8.0,2.92,0.0,0.0,0.0,3.1,11.0,1.22,2.2,4.6,12.0,3.7,1.67,1.18,1.04,1.12,1.7,2.88,6.5,5.0,2.0,1.33,1.1,0,0,0,0,3,0,0,1,2,3,0,1754863200,12,0,58,21,34,0,19756,2,1,3,1,10,3,4,13,0,0,2,0,0,2,1,58,18,129,72,2.44,1.24,3.68,0,0,0,0,0,0,1,1,0,0,0,0,0,0,1,15,9,1,6,13,1,6,8,21,42,63,79,92,42,80,71,54,8.25,3.17,4.5,3.08,/clubs/minnesota-united-fc-1015,teams/usa-minnesota-united-fc.png,Minnesota United,/clubs/colorado-rapids-12,teams/usa-colorado-rapids.png,Colorado Rapids,1.58,0.76,1.75,0.83,1.76,1.2,79,59,38,21,8,63,59,42,1.5,0.95,2.45,/usa/colorado-rapids-vs-minnesota-united-fc-h2h-stats#8229477,13973,34,True,True,True,False,False,False,True,['73'],"['60', '70']"
MLS,2025,13973,8229478,1015,1,2025,complete,120240,0,-1,['69'],[],1,0,1,2,5,7,3,2,1,2,0,0,6,0,8,3,14,3,11,8,35,65,19856.0,55946.0,,,,1,2,1.36,4.99,6.6,1.0,1.2,1.66,2.7,4.33,12.0,4.5,2.25,1.5,1.18,1.77,1.95,2.15,1.62,6.5,1.08,1.18,0.0,2.55,1.98,2.45,6.0,1.85,2.7,5.0,0.0,0.0,1.25,1.35,1.68,2.1,2.65,3.6,2.74,2.05,1.67,1.39,1.29,10.0,3.5,0.0,0.0,0.0,2.45,13.0,1.32,2.35,5.25,17.0,3.38,1.55,1.12,1.03,1.2,1.87,3.75,9.5,4.3,1.85,1.22,1.06,0,0,0,0,1,0,0,1,0,1,0,1740879000,1015,0,50,0,50,0,17745,2,1,1,2,1,3,3,4,0,1,1,1,1,2,1,33,41,68,100,1.54,0.5,2.04,0,0,0,0,0,0,1,1,0,0,1,0,0,0,1,15,15,1,8,11,1,7,5,50,50,50,50,50,0,50,50,50,5.0,2.0,2.0,2.5,/clubs/minnesota-united-fc-1015,teams/usa-minnesota-united-fc.png,Minnesota United,/clubs/montreal-impact-1,teams/canada-montreal-impact.png,Montreal Impact,1.58,0.94,0.0,0.0,0.0,0.0,0,0,0,0,0,50,50,50,0.0,1.59,1.59,/usa/montreal-impact-vs-minnesota-united-fc-h2h-stats#8229478,13973,34,True,False,False,False,False,False,False,['69'],[]
MLS,2025,13973,8229479,7,13401,2025,complete,120240,0,-1,"['30', '70']","['4', '90+6']",2,2,4,5,10,15,0,3,1,3,0,0,4,6,7,12,11,18,13,17,41,59,42.0,14.0,13006.0,,,1,3,2.15,3.25,3.15,1.04,1.19,1.67,2.55,4.4,11.0,4.8,2.15,1.44,1.17,1.52,2.25,3.3,1.28,4.5,1.18,1.32,0.0,1.73,2.6,2.3,3.5,2.4,2.5,3.4,0.0,0.0,1.22,1.44,1.79,2.28,3.1,3.7,2.51,1.92,1.53,1.27,1.85,6.4,2.4,0.0,0.0,0.0,4.0,6.5,1.3,2.45,5.3,15.0,3.4,1.56,1.12,1.02,1.17,1.83,3.4,7.5,4.3,1.85,1.25,1.05,0,0,0,0,4,1,1,1,1,2,2,1740879000,-1,0,0,0,0,0,20372,2,1,2,2,3,8,4,11,0,1,1,2,1,3,1,34,62,64,95,1.22,2.0,3.22,0,0,0,0,0,0,1,1,0,1,1,0,0,0,1,17,28,1,17,12,1,7,6,0,0,0,0,0,0,0,0,0,0.0,0.0,0.0,0.0,/clubs/chicago-fire-7,teams/usa-chicago-fire.png,Chicago Fire,/clubs/dc-united-13401,teams/usa-dc-united.png,DC United,1.42,0.76,0.0,0.0,0.0,1.0,0,0,0,0,0,0,0,0,0.0,0.0,0.0,/usa/chicago-fire-vs-dc-united-h2h-stats#8229479,13973,34,True,True,True,True,False,False,True,"['30', '70']","['4', '90+6']"
MLS,2025,13973,8229480,8,20,2025,complete,120240,0,-1,"['16', '33']","['10', '25', '49', '54']",2,4,6,6,7,13,4,3,1,4,0,0,6,8,3,6,9,14,9,16,45,55,,,28121.0,,,1,4,2.1,3.75,3.4,1.04,1.18,1.65,2.8,5.3,15.0,3.9,2.2,1.45,1.18,1.57,2.21,3.2,1.3,4.5,1.17,1.3,0.0,1.78,2.5,2.2,3.73,2.4,2.63,3.4,0.0,0.0,1.25,1.44,1.72,2.1,2.7,3.45,2.55,1.98,1.63,1.41,1.5,7.5,3.0,0.0,0.0,0.0,3.9,7.0,1.3,2.4,5.5,15.0,3.3,1.5,1.12,1.02,1.19,1.87,3.45,9.5,4.33,1.82,1.25,1.06,0,0,0,0,6,2,2,0,2,2,4,1744568100,20,0,25,13,13,0,17898,2,1,2,2,4,5,4,9,1,2,0,2,3,2,1,52,27,103,83,1.37,1.64,3.01,1,0,1,0,0,0,1,1,0,1,0,1,0,0,1,22,16,1,14,9,1,8,5,13,13,42,84,84,25,71,71,42,9.67,2.58,3.92,2.46,/clubs/sporting-kansas-city-8,teams/usa-sporting-kansas-city.png,Sporting KC,/clubs/portland-timbers-20,teams/usa-portland-timbers.png,Portland Timbers,1.0,0.89,1.0,1.33,0.57,1.57,88,88,59,17,17,46,29,13,1.59,1.3,2.89,/usa/sporting-kansas-city-vs-portland-timbers-h2h-stats#8229480,13973,34,True,True,True,True,True,True,True,"['16', '33']","['10', '25', '49', '54']"
MLS,2025,13973,8229481,20,1015,2025,complete,120240,0,-1,['90+2'],['77'],1,1,2,6,3,9,0,1,1,3,0,0,4,4,10,12,14,16,13,15,64,36,62494.0,28121.0,55946.0,,,1,3,2.8,3.4,2.32,1.01,1.18,1.62,2.5,4.64,16.0,4.5,2.2,1.44,1.18,1.55,2.45,4.0,1.18,3.6,1.18,1.62,0.0,1.4,3.3,2.25,3.0,3.2,2.5,2.5,0.0,0.0,1.21,1.31,1.78,1.97,2.6,3.9,3.0,2.2,1.7,1.41,1.95,7.5,2.2,0.0,0.0,0.0,6.0,4.5,1.28,2.25,5.5,12.5,3.3,1.55,1.12,1.0,1.18,1.8,3.55,7.5,4.33,1.85,1.25,1.05,0,0,0,0,2,0,0,1,1,2,0,1752978600,-1,0,60,21,35,0,23507,2,1,0,2,6,1,2,7,1,2,0,1,3,1,1,49,33,131,62,1.53,1.52,3.05,0,0,0,0,0,0,1,1,0,0,0,0,0,0,1,19,6,1,15,13,1,6,10,18,26,53,70,91,39,61,78,39,10.3,2.61,3.9,2.65,/clubs/portland-timbers-20,teams/usa-portland-timbers.png,Portland Timbers,/clubs/minnesota-united-fc-1015,teams/usa-minnesota-united-fc.png,Minnesota United,1.63,1.58,1.83,1.73,1.5,1.74,83,74,48,31,9,74,60,60,1.32,1.26,2.58,/usa/portland-timbers-vs-minnesota-united-fc-h2h-stats#8229481,13973,38,True,True,False,False,False,False,True,['90+2'],['77']
MLS,2025,13973,8229482,677446,4,2025,complete,120240,0,-1,"['9', '30', '39', '67']",['43'],4,1,5,3,6,9,0,3,1,2,0,0,6,3,6,6,12,9,9,15,53,47,13967.0,48359.0,1313.0,,,1,2,1.61,4.0,5.65,1.03,1.12,1.53,2.38,4.29,11.0,5.0,2.58,1.48,1.22,1.7,2.35,2.65,1.42,6.25,1.08,1.15,0.0,2.35,1.83,2.3,4.8,1.88,2.7,4.75,0.0,0.0,1.3,1.5,1.85,2.4,2.95,3.15,2.4,1.85,1.5,1.26,1.44,8.9,3.0,0.0,0.0,0.0,3.1,11.0,1.31,2.4,5.0,15.5,3.1,1.49,1.12,1.01,1.17,1.8,3.5,7.5,4.5,1.91,1.25,1.06,0,0,0,0,5,3,1,1,0,1,4,1746315000,677446,0,53,43,30,0,20598,2,1,1,5,2,1,6,3,1,0,0,2,1,2,1,1,6,44,41,1.18,0.82,2.01,0,0,0,0,0,0,1,1,1,0,0,1,0,0,1,2,5,1,15,9,1,7,5,10,20,43,53,75,43,53,65,30,8.5,3.15,5.65,2.2,/clubs/club-internacional-de-futbol-miami-677446,teams/usa-club-internacional-de-futbol-miami.png,Inter Miami,/clubs/new-york-red-bulls-4,teams/usa-new-york-red-bulls.png,New York RB,2.29,0.59,1.6,0.5,2.0,1.5,90,80,58,48,25,53,30,30,1.42,1.12,2.54,/usa/new-york-red-bulls-vs-club-internacional-de-futbol-miami-h2h-stats#8229482,13973,34,True,True,True,True,True,False,True,"['9', '30', '39', '67']",['43']
MLS,2025,13973,8229483,8043,711351,2025,complete,120240,0,-1,[],['85'],0,1,1,5,2,7,2,0,3,1,1,0,7,3,10,5,17,8,11,15,50,50,70481.0,40744.0,404.0,,,5,1,1.67,3.92,4.25,1.01,1.15,1.62,2.38,4.0,11.5,5.0,2.4,1.57,1.22,1.53,2.2,2.9,1.36,5.75,1.11,1.2,0.0,2.15,2.05,2.54,4.5,2.15,2.65,4.0,0.0,0.0,1.42,1.51,1.97,2.5,3.75,2.69,2.1,1.75,1.47,1.24,1.44,9.0,3.9,0.0,0.0,0.0,3.55,8.5,1.27,2.3,5.25,13.0,3.5,1.6,1.14,1.03,1.18,1.75,3.6,8.0,4.6,1.85,1.28,1.08,0,0,0,0,1,0,0,0,1,1,0,1754863200,711351,0,67,25,46,0,25513,2,1,3,0,2,2,3,4,0,0,4,1,0,5,1,58,48,105,87,1.98,1.07,3.05,0,0,0,0,0,0,1,1,0,0,1,0,0,0,1,11,5,1,15,11,1,5,9,25,37,71,84,100,33,67,92,75,8.72,3.47,3.63,3.32,/clubs/fc-cincinnati-8043,teams/usa-fc-cincinnati.png,FC Cincinnati,/clubs/charlotte-fc-711351,teams/usa-charlotte-fc.png,Charlotte,1.8,1.11,2.09,0.77,1.96,1.52,76,64,29,17,0,75,50,37,1.48,1.1,2.58,/usa/fc-cincinnati-vs-charlotte-fc-h2h-stats#8229483,13973,37,True,False,False,False,False,False,False,[],['85']
MLS,2025,13973,8229484,14,8043,2025,complete,120240,0,-1,[],['87'],0,1,1,3,5,8,1,0,2,4,0,0,7,4,10,10,17,14,11,14,57,43,62506.0,8.0,40744.0,,,2,4,1.94,3.5,3.25,1.02,1.21,1.7,2.62,5.1,10.0,4.11,2.05,1.42,1.13,1.54,2.15,2.88,1.36,4.75,1.15,1.28,0.0,1.88,2.72,2.28,3.4,2.2,2.6,3.8,0.0,0.0,1.26,1.56,1.87,2.23,3.5,3.2,2.35,1.77,1.48,1.25,1.62,6.25,2.55,0.0,0.0,0.0,3.8,6.25,1.33,2.45,5.75,17.0,3.2,1.5,1.12,1.02,1.17,1.75,3.3,8.5,4.0,1.95,1.22,1.04,0,0,0,0,1,0,0,0,1,1,0,1752975000,8043,0,44,19,26,0,19836,2,1,0,4,3,1,4,4,2,3,0,1,5,1,1,44,34,93,76,1.88,1.41,3.29,0,0,0,0,0,0,1,1,0,0,0,0,0,0,1,17,17,1,14,11,1,9,7,23,32,40,64,95,37,91,59,35,9.75,3.77,5.22,2.57,/clubs/real-salt-lake-14,teams/usa-real-salt-lake.png,Real Salt Lake,/clubs/fc-cincinnati-8043,teams/usa-fc-cincinnati.png,FC Cincinnati,1.65,1.94,1.6,1.83,1.27,1.96,78,69,60,37,5,69,50,40,1.47,1.5,2.97,/usa/real-salt-lake-vs-fc-cincinnati-h2h-stats#8229484,13973,35,True,False,False,False,False,False,False,[],['87']
MLS,2025,13973,8229485,15,18,2025,complete,120240,0,-1,['32'],['80'],1,1,2,4,12,16,2,6,2,1,0,0,3,9,7,17,10,26,18,13,35,65,5016.0,21032.0,25.0,,,2,1,3.0,3.59,2.23,1.07,1.33,2.05,3.3,7.29,10.5,3.0,1.73,1.28,1.09,1.8,1.91,3.6,1.25,2.7,1.4,1.35,0.0,1.33,3.2,2.05,2.8,3.5,2.3,2.55,0.0,0.0,1.22,1.3,1.7,2.05,2.6,3.8,3.1,2.05,1.7,1.44,2.3,6.5,1.78,0.0,0.0,0.0,5.5,3.6,1.43,3.04,7.5,23.0,2.85,1.39,1.06,1.02,1.25,2.25,5.15,12.5,3.58,1.6,1.15,1.03,0,0,0,0,2,1,0,0,1,1,1,1743301800,-1,0,17,17,0,0,15228,2,1,3,6,1,6,9,7,1,0,1,1,1,2,1,40,74,86,113,1.14,2.79,3.93,0,0,0,0,0,0,1,1,0,0,0,1,0,0,1,10,16,1,13,18,1,6,7,0,17,34,59,100,17,100,59,17,14.17,4.5,4.5,2.09,/clubs/san-jose-earthquakes-15,teams/usa-san-jose-earthquakes.png,SJ Earthquakes,/clubs/seattle-sounders-fc-18,teams/usa-seattle-sounders-fc.png,Seattle Sounders,1.24,1.11,1.0,0.0,1.2,1.0,100,84,67,42,0,75,75,75,2.15,1.37,3.52,/usa/san-jose-earthquakes-vs-seattle-sounders-fc-h2h-stats#8229485,13973,34,True,True,False,False,False,False,True,['32'],['80']
MLS,2025,13973,8229486,10,17,2025,complete,120240,0,-1,['14'],"['76', '90']",1,2,3,6,2,8,1,2,3,2,0,0,2,4,8,12,10,16,14,12,50,50,13889.0,2.0,29408.0,,,3,2,2.55,4.02,2.4,1.03,1.19,1.55,2.45,4.33,15.0,4.6,2.25,1.5,1.2,1.5,2.45,4.0,1.2,3.8,1.22,1.31,0.0,1.45,2.91,2.35,2.7,2.7,2.6,2.8,0.0,0.0,1.28,1.4,1.72,2.23,2.62,3.2,2.4,1.9,1.56,1.42,2.1,8.0,1.89,0.0,0.0,0.0,5.25,5.0,1.25,2.25,4.9,13.5,3.65,1.6,1.11,1.0,1.18,1.75,3.5,7.5,4.75,1.95,1.27,1.07,0,0,0,0,3,1,0,0,2,2,1,1743301800,17,0,50,25,25,0,21722,2,1,4,0,2,2,4,4,1,0,2,2,1,4,1,66,51,104,106,1.25,1.66,2.91,0,1,0,1,0,0,1,1,0,0,3,0,0,0,1,14,19,1,12,13,1,9,5,0,25,75,100,100,25,50,100,75,10.0,1.5,2.0,3.0,/clubs/la-galaxy-10,teams/usa-la-galaxy.png,LA Galaxy,/clubs/orlando-city-sc-17,teams/usa-orlando-city-sc.png,Orlando City,1.35,1.39,0.0,0.5,0.4,1.4,100,75,25,0,0,50,50,50,1.67,1.63,3.3,/usa/la-galaxy-vs-orlando-city-sc-h2h-stats#8229486,13973,34,True,True,True,False,False,False,True,['14'],"['76', '90']"
MLS,2025,13973,8229487,13401,12,2025,complete,120240,0,-1,"['45+4', '45+7']",['43'],2,1,3,2,4,6,1,6,4,2,0,0,3,3,6,5,9,8,20,9,44,56,13889.0,13006.0,11435.0,,,4,2,2.13,3.65,3.15,1.03,1.18,1.57,2.4,4.2,13.0,4.9,2.53,1.6,1.2,1.53,2.6,3.55,1.25,4.75,1.15,1.25,0.0,1.78,2.5,2.4,3.8,2.35,2.8,3.25,0.0,0.0,1.26,1.47,1.98,2.2,2.8,3.4,2.48,2.04,1.64,1.37,1.57,9.0,2.8,0.0,0.0,0.0,4.5,6.5,1.25,2.25,5.3,13.0,3.3,1.59,1.12,1.02,1.14,1.75,3.4,7.5,4.7,1.93,1.27,1.06,0,0,0,0,3,2,1,0,0,0,3,1746315000,13401,0,50,30,20,0,17661,2,1,1,2,1,2,3,3,0,0,4,2,0,6,1,4,6,66,89,0.82,0.77,1.59,0,0,0,0,0,0,1,1,0,0,0,0,0,0,1,2,8,1,9,20,1,4,5,0,20,50,60,80,40,70,50,20,9.4,3.6,6.0,2.1,/clubs/dc-united-13401,teams/usa-dc-united.png,DC United,/clubs/colorado-rapids-12,teams/usa-colorado-rapids.png,Colorado Rapids,0.76,0.76,1.0,1.6,0.9,1.6,100,80,50,40,20,60,50,30,1.34,0.91,2.25,/usa/colorado-rapids-vs-dc-united-h2h-stats#8229487,13973,34,True,True,True,False,False,False,True,"['45+4', '45+7']",['43']
MLS,2025,13973,8229488,9,711351,2025,complete,120240,0,-1,"['25', '39', '51', '81']","['45+2', '64']",4,2,6,9,3,12,1,3,2,0,0,0,11,3,5,6,16,9,10,7,58,42,3.0,40116.0,404.0,,,2,0,1.7,4.24,4.64,1.04,1.15,1.62,2.5,4.33,11.0,4.6,2.2,1.49,1.18,1.65,2.1,2.7,1.42,5.75,1.1,1.23,0.0,2.2,2.29,2.4,4.9,1.95,2.7,4.33,0.0,0.0,1.27,1.52,1.9,2.4,2.9,3.15,2.35,1.8,1.5,1.34,1.37,9.0,3.7,0.0,0.0,0.0,3.2,10.0,1.34,2.4,5.5,15.0,3.3,1.52,1.12,1.02,1.18,1.77,3.75,8.5,4.5,1.91,1.25,1.06,0,0,0,0,6,2,1,2,1,3,3,1746315000,9,0,38,29,13,0,20167,2,1,6,2,3,1,8,4,2,0,0,0,2,0,1,17,12,114,71,1.92,0.87,2.79,1,1,1,1,0,0,1,1,0,0,2,0,0,0,1,2,3,1,6,9,1,3,3,9,21,38,50,84,38,59,63,25,11.83,1.83,2.08,2.09,/clubs/columbus-crew-9,teams/usa-columbus-crew.png,Columbus Crew,/clubs/charlotte-fc-711351,teams/usa-charlotte-fc.png,Charlotte,1.94,1.11,1.83,1.0,2.1,1.9,92,79,63,50,17,84,46,38,1.63,1.02,2.65,/usa/columbus-crew-vs-charlotte-fc-h2h-stats#8229488,13973,37,True,True,True,True,True,True,True,"['25', '39', '51', '81']","['45+2', '64']"
MLS,2025,13973,8229489,8043,13,2025,complete,120240,0,-1,"['30', '42', '86']","['50', '68', '90+2']",3,3,6,6,4,10,2,0,3,3,0,0,6,5,14,5,20,10,7,15,63,37,42.0,,,,,3,3,1.62,4.3,4.6,1.04,1.15,1.57,2.4,3.84,10.0,5.1,2.38,1.59,1.17,1.61,2.2,2.62,1.42,6.25,1.09,1.15,0.0,2.3,2.26,2.58,5.0,1.95,2.9,4.6,0.0,0.0,1.24,1.49,1.83,2.35,3.25,3.6,2.4,1.85,1.49,1.28,1.38,10.0,3.3,0.0,0.0,0.0,3.2,9.5,1.27,2.42,4.7,15.0,3.4,1.59,1.14,1.01,1.18,1.83,3.2,8.25,4.4,1.9,1.29,1.06,0,0,0,0,6,2,0,1,3,4,2,1748475000,-1,0,50,13,38,0,-1,2,1,3,2,3,2,5,5,1,2,2,1,3,3,1,13,8,107,78,1.78,1.05,2.83,1,0,1,0,0,0,1,1,0,0,1,0,1,1,1,5,2,1,14,7,1,6,9,19,28,50,65,94,19,54,88,59,9.63,4.88,4.5,2.73,/clubs/fc-cincinnati-8043,teams/usa-fc-cincinnati.png,FC Cincinnati,/clubs/fc-dallas-13,teams/usa-fc-dallas.png,FC Dallas,1.8,1.28,2.67,1.5,1.93,1.14,82,73,50,36,7,71,42,36,1.6,1.29,2.89,/usa/fc-dallas-vs-fc-cincinnati-h2h-stats#8229489,13973,36,True,True,True,True,True,True,True,"['30', '42', '86']","['50', '68', '90+2']"
MLS,2025,13973,8229490,16,9,2025,complete,120240,0,-1,"['45', '64']","['61', '90+3']",2,2,4,3,5,8,6,0,0,2,0,0,6,3,10,7,16,10,13,10,30,70,13891.0,48141.0,40116.0,,,0,2,2.65,3.52,2.48,1.04,1.19,1.66,2.62,4.75,10.0,3.75,2.15,1.41,1.15,1.57,2.25,3.9,1.22,3.8,1.22,1.3,0.0,1.55,2.8,2.3,2.9,2.8,2.5,2.8,0.0,0.0,1.32,1.5,1.85,2.4,3.05,3.05,2.3,1.83,1.5,1.3,1.62,8.4,2.6,0.0,0.0,0.0,5.25,4.8,1.34,2.45,6.0,17.0,2.95,1.47,1.11,1.01,1.2,1.77,3.92,8.5,4.3,1.95,1.28,1.04,0,0,0,0,4,1,0,1,2,3,1,1746919800,-1,0,54,34,9,0,18667,2,1,2,4,1,1,6,2,0,0,0,2,0,2,1,6,9,71,130,1.48,0.93,2.41,0,0,0,0,0,0,1,1,0,0,0,2,0,0,1,2,6,1,10,13,1,10,9,9,17,59,71,92,42,79,84,25,9.25,3.75,5.75,2.46,/clubs/philadelphia-union-16,teams/usa-philadelphia-union.png,Philadelphia Union,/clubs/columbus-crew-9,teams/usa-columbus-crew.png,Columbus Crew,2.16,1.16,2.17,2.5,2.0,2.18,92,84,42,29,9,54,29,21,1.67,1.25,2.92,/usa/columbus-crew-vs-philadelphia-union-h2h-stats#8229490,13973,37,True,True,True,True,False,False,True,"['45', '64']","['61', '90+3']"
MLS,2025,13973,8229491,4,14,2025,complete,120240,0,-1,"['52', '90+9']",['3'],2,1,3,5,0,5,2,1,3,2,1,1,7,3,17,4,24,7,16,11,55,45,62494.0,1313.0,8.0,,,5,3,2.1,3.55,3.15,1.03,1.22,1.65,2.6,4.7,12.0,4.4,2.15,1.5,1.14,1.55,2.25,3.45,1.25,4.33,1.15,1.29,0.0,1.65,2.5,2.32,3.32,2.5,2.75,3.25,0.0,0.0,1.38,1.65,2.45,2.7,3.6,2.75,2.1,1.72,1.4,1.24,1.67,8.5,2.5,0.0,0.0,0.0,4.4,6.0,1.3,2.35,5.4,12.0,3.3,1.52,1.12,1.02,1.17,1.8,3.7,8.5,4.3,1.85,1.22,1.07,0,0,0,0,3,0,1,2,0,2,1,1754863200,4,0,63,34,21,0,18087,2,1,3,0,2,0,3,2,1,0,3,3,1,6,1,49,27,118,56,2.36,0.85,3.21,1,0,1,0,0,0,1,1,0,1,0,0,0,0,1,19,15,1,9,16,1,6,8,17,34,59,88,100,54,84,84,38,7.42,3.09,4.83,3.25,/clubs/new-york-red-bulls-4,teams/usa-new-york-red-bulls.png,New York RB,/clubs/real-salt-lake-14,teams/usa-real-salt-lake.png,Real Salt Lake,1.94,0.72,2.17,1.0,1.32,1.29,84,67,42,13,0,46,38,29,1.37,1.52,2.89,/usa/new-york-red-bulls-vs-real-salt-lake-h2h-stats#8229491,13973,34,True,True,True,False,False,False,True,"['52', '90+9']",['3']
MLS,2025,13973,8229492,1398748,8,2025,complete,120240,0,-1,[],[],0,0,0,8,1,9,4,1,2,3,0,0,5,1,5,1,10,2,14,20,65,35,13864.0,,,,,2,3,1.35,4.5,6.2,1.02,1.14,1.45,2.23,3.4,10.0,6.0,2.63,1.7,1.29,1.57,2.3,2.55,1.45,7.5,1.06,1.2,0.0,2.5,1.86,2.65,5.5,1.74,3.0,5.0,0.0,0.0,1.26,1.5,1.88,2.4,3.28,3.22,2.35,1.83,1.47,1.25,1.44,8.2,3.5,0.0,0.0,0.0,3.0,12.0,1.22,2.25,4.3,10.0,3.7,1.65,1.17,1.03,1.14,1.7,3.2,6.75,5.1,2.0,1.3,1.07,0,0,0,0,0,0,0,0,0,0,0,1747535400,-1,0,57,29,22,0,-1,2,1,2,1,6,0,3,6,2,1,0,2,3,2,1,52,16,71,48,1.36,0.32,1.68,0,0,0,0,0,0,1,1,0,0,0,0,0,1,1,15,12,1,20,14,1,1,9,22,36,64,79,93,50,79,64,43,8.85,3.28,5.0,3.15,/clubs/san-diego-fc-1398748,teams/usa-san-diego-fc.png,San Diego,/clubs/sporting-kansas-city-8,teams/usa-sporting-kansas-city.png,Sporting KC,1.67,0.65,2.0,0.57,1.77,0.85,79,64,36,22,7,50,22,15,1.81,1.31,3.12,/usa/sporting-kansas-city-vs-san-diego-fc-h2h-stats#8229492,13973,34,False,False,False,False,False,False,False,[],[]
MLS,2025,13973,8229493,2,17,2025,complete,120240,0,-1,"['59', '71']",['69'],2,1,3,7,4,11,3,1,2,2,1,0,9,4,7,11,16,15,12,10,55,45,84.0,21302.0,29408.0,,,3,2,2.3,3.4,2.7,1.03,1.21,1.7,2.75,5.0,13.0,4.2,2.15,1.44,1.17,1.57,2.3,3.6,1.25,4.0,1.2,1.29,0.0,1.62,3.17,2.3,3.3,2.75,2.5,3.25,0.0,0.0,1.29,1.5,1.73,2.25,2.7,3.4,2.4,1.91,1.63,1.4,1.79,6.7,2.3,0.0,0.0,0.0,4.75,5.5,1.33,2.55,6.0,14.0,3.3,1.5,1.12,1.01,1.19,1.9,3.8,8.5,4.3,1.8,1.22,1.04,0,0,0,0,3,0,0,2,1,3,0,1741480200,2,0,0,0,0,0,25846,2,1,4,1,3,3,5,6,0,0,3,2,0,5,1,46,36,99,110,1.97,1.5,3.47,0,0,0,0,0,0,1,1,0,0,2,0,0,0,1,25,18,1,10,12,1,6,8,0,0,0,0,0,0,0,0,0,0.0,0.0,0.0,0.0,/clubs/new-york-city-fc-2,teams/usa-new-york-city-fc.png,New York City,/clubs/orlando-city-sc-17,teams/usa-orlando-city-sc.png,Orlando City,1.89,1.39,0.0,0.0,0.5,1.5,0,0,0,0,0,0,0,0,0.0,0.0,0.0,/usa/new-york-city-fc-vs-orlando-city-sc-h2h-stats#8229493,13973,35,True,True,True,False,False,False,True,"['59', '71']",['69']
MLS,2025,13973,8229494,12,945555,2025,complete,120240,0,-1,['41'],[],1,0,1,3,5,8,2,0,1,2,0,0,5,1,6,11,11,12,6,15,47,53,50024.0,,,,,1,2,1.91,3.99,3.4,1.03,1.18,1.53,2.3,4.2,12.0,4.6,2.4,1.51,1.22,1.5,2.4,3.3,1.29,5.25,1.12,1.27,0.0,1.83,2.38,2.28,3.9,2.25,2.6,3.75,0.0,0.0,1.24,1.46,1.8,2.2,3.25,3.5,2.45,1.83,1.49,1.27,1.6,6.75,2.8,0.0,0.0,0.0,4.0,7.0,1.28,2.4,5.25,11.0,3.3,1.61,1.14,1.02,1.14,1.81,3.2,6.5,5.0,2.0,1.3,1.08,0,0,0,0,1,1,0,0,0,0,1,1748136600,12,0,36,14,22,0,-1,2,1,1,2,2,3,3,5,0,0,1,2,0,3,1,45,38,106,101,1.38,1.11,2.49,0,0,0,0,0,0,1,1,0,0,0,0,0,0,1,24,18,1,15,6,1,10,4,22,29,50,79,93,14,64,86,64,8.57,2.43,4.57,2.79,/clubs/colorado-rapids-12,teams/usa-colorado-rapids.png,Colorado Rapids,/clubs/st-louis-city-sc-945555,teams/usa-st-louis-city-sc.png,St. Louis City,1.65,0.82,1.57,0.71,1.36,0.79,79,71,50,22,7,50,29,22,1.57,0.97,2.54,/usa/colorado-rapids-vs-st-louis-city-sc-h2h-stats#8229494,13973,34,True,False,False,False,False,False,False,['41'],[]
MLS,2025,13973,8229495,19,13401,2025,complete,120240,0,-1,"['48', '66']",[],2,0,2,4,5,9,-1,-1,1,0,0,0,8,5,11,10,19,15,13,17,48,52,,11434.0,13006.0,,,1,0,2.36,3.2,2.85,1.02,1.23,1.8,3.2,6.25,10.0,3.6,2.0,1.36,1.11,1.72,2.18,3.2,1.3,3.55,1.25,1.33,0.0,1.53,3.09,2.2,3.4,2.75,2.5,3.0,0.0,0.0,1.33,1.57,1.92,2.25,2.9,3.3,2.23,1.93,1.55,1.36,2.1,6.4,2.05,0.0,0.0,0.0,4.33,5.0,1.39,2.55,6.5,17.0,2.96,1.44,1.1,1.01,1.22,2.1,4.0,10.0,3.8,1.67,1.18,1.02,0,0,0,0,2,0,0,2,0,2,0,1746909000,19,0,50,30,20,0,20236,2,1,3,0,1,5,3,6,0,0,1,0,0,1,1,51,35,91,91,2.12,1.55,3.67,0,0,0,0,0,0,1,1,0,0,1,0,0,0,1,11,23,1,17,13,1,5,12,20,30,60,70,80,60,70,60,40,10.0,3.4,3.0,2.8,/clubs/toronto-fc-19,teams/canada-toronto-fc.png,Toronto,/clubs/dc-united-13401,teams/usa-dc-united.png,DC United,0.94,0.76,0.4,0.8,0.64,1.09,80,70,40,30,20,60,50,40,1.16,1.62,2.78,/usa/toronto-fc-vs-dc-united-h2h-stats#8229495,13973,34,True,True,False,False,False,False,False,"['48', '66']",[]
MLS,2025,13973,8229496,9,2,2025,complete,120240,0,-1,[],[],0,0,0,10,0,10,2,1,0,0,0,0,5,0,19,5,24,5,9,11,60,40,69.0,40116.0,21302.0,,,0,0,2.11,3.49,3.0,1.04,1.22,1.73,2.8,5.8,13.0,4.0,2.0,1.4,1.13,1.6,2.2,3.2,1.29,4.0,1.2,1.38,0.0,1.66,2.62,2.25,3.6,2.4,2.58,3.3,0.0,0.0,1.3,1.5,1.8,2.32,3.2,3.6,2.42,1.91,1.5,1.3,1.54,6.75,3.0,0.0,0.0,0.0,4.33,6.0,1.35,2.5,5.6,15.0,3.12,1.46,1.11,1.01,1.2,1.93,4.0,10.0,4.1,1.75,1.22,1.05,0,0,0,0,0,0,0,0,0,0,0,1742686200,-1,0,50,50,25,0,20235,2,-1,8,0,2,0,8,2,0,0,0,0,0,0,1,93,19,138,66,2.53,0.46,2.99,0,0,0,0,0,0,1,1,0,0,1,0,-1,-1,1,3,2,1,11,9,1,4,13,25,50,50,50,75,50,50,75,25,8.5,2.0,3.0,2.75,/clubs/columbus-crew-9,teams/usa-columbus-crew.png,Columbus Crew,/clubs/new-york-city-fc-2,teams/usa-new-york-city-fc.png,New York City,1.94,1.52,2.0,0.5,2.0,1.75,75,50,50,50,25,75,25,0,1.44,1.17,2.61,/usa/new-york-city-fc-vs-columbus-crew-h2h-stats#8229496,13973,37,False,False,False,False,False,False,False,[],[]
MLS,2025,13973,8229497,6,677446,2025,complete,120240,0,-1,['85'],"['6', '37', '45+2', '79']",1,4,5,2,2,4,3,3,3,4,0,1,2,5,4,4,6,9,24,14,46,54,13893.0,20.0,48359.0,,,3,6,2.3,3.91,2.62,1.03,1.2,1.6,2.4,4.5,17.0,4.2,2.25,1.53,1.2,1.55,2.35,3.6,1.25,4.2,1.2,1.38,0.0,1.53,3.1,2.27,3.1,2.8,2.5,3.1,0.0,0.0,1.25,1.55,1.85,2.25,3.0,3.2,2.3,1.85,1.53,1.33,1.77,6.75,2.3,0.0,0.0,0.0,4.8,5.5,1.32,2.4,5.5,14.0,3.5,1.55,1.14,1.02,1.18,1.88,3.5,8.0,4.33,1.98,1.3,1.07,0,0,0,0,5,0,3,1,1,2,3,1740960000,677446,0,50,0,0,0,20810,2,1,0,0,2,2,0,4,1,1,2,4,2,6,1,26,31,98,91,0.72,1.15,1.88,0,0,0,0,0,0,1,1,0,1,0,0,0,0,1,20,12,1,14,24,1,7,5,0,0,50,50,50,0,50,50,50,5.0,1.0,1.0,1.5,/clubs/houston-dynamo-6,teams/usa-houston-dynamo.png,Houston Dynamo,/clubs/club-internacional-de-futbol-miami-677446,teams/usa-club-internacional-de-futbol-miami.png,Inter Miami,1.06,1.68,0.0,0.0,0.0,1.0,50,50,0,0,0,0,0,0,1.32,0.0,1.32,/usa/houston-dynamo-vs-club-internacional-de-futbol-miami-h2h-stats#8229497,13973,34,True,True,True,True,True,False,True,['85'],"['6', '37', '45+2', '79']"
MLS,2025,13973,8229498,19,1015,2025,complete,120240,0,-1,[],[],0,0,0,1,7,8,0,2,1,2,0,0,5,1,4,7,9,8,11,16,48,52,13891.0,11434.0,55946.0,,,1,2,3.05,3.6,2.23,1.0,1.23,1.69,2.85,6.5,9.3,3.95,2.1,1.39,1.12,1.67,2.25,4.0,1.2,3.2,1.3,1.29,0.0,1.32,3.5,2.26,2.9,3.2,2.6,2.6,0.0,0.0,1.22,1.44,2.06,2.29,3.05,3.05,2.51,1.96,1.57,1.32,1.81,8.2,2.39,0.0,0.0,0.0,5.0,4.33,1.32,2.45,5.6,17.0,2.98,1.46,1.08,1.02,1.2,2.0,4.1,9.5,3.9,1.8,1.22,1.05,0,0,0,0,0,0,0,0,0,0,0,1744482600,-1,0,50,25,13,0,22149,2,1,0,2,1,5,2,6,1,1,0,1,2,1,1,50,69,81,66,1.28,1.07,2.35,0,0,0,0,0,0,1,1,0,0,0,0,0,0,1,11,20,1,16,11,1,8,8,13,13,50,50,75,50,63,38,13,9.0,6.0,2.0,2.13,/clubs/toronto-fc-19,teams/canada-toronto-fc.png,Toronto,/clubs/minnesota-united-fc-1015,teams/usa-minnesota-united-fc.png,Minnesota United,0.94,1.58,0.5,1.75,0.43,2.0,88,88,50,50,25,50,50,50,0.85,1.56,2.41,/usa/toronto-fc-vs-minnesota-united-fc-h2h-stats#8229498,13973,34,False,False,False,False,False,False,False,[],[]
MLS,2025,13973,8229499,677447,11,2025,complete,120240,0,-1,[],[],0,0,0,8,4,12,2,2,1,2,0,0,3,2,10,9,13,11,14,10,51,49,42.0,48648.0,13.0,,,1,2,1.95,3.75,3.5,1.04,1.25,1.81,2.88,6.0,10.0,3.6,2.0,1.37,1.2,1.6,2.12,2.88,1.36,4.33,1.18,1.3,0.0,1.75,2.55,2.2,3.9,2.4,2.55,3.5,0.0,0.0,1.33,1.4,1.91,2.22,3.2,3.0,2.7,2.0,1.58,1.3,1.53,7.9,3.65,0.0,0.0,0.0,3.7,6.5,1.35,2.62,5.0,19.0,3.25,1.55,1.13,1.02,1.22,1.93,4.2,9.0,3.8,1.75,1.2,1.05,0,0,0,0,0,0,0,0,0,0,0,1740274200,-1,0,0,0,0,0,23494,2,1,7,1,1,3,8,4,0,1,1,1,1,2,1,59,36,99,88,1.46,1.1,2.56,0,0,0,0,0,0,1,1,0,0,1,0,0,0,1,18,14,1,10,14,1,7,9,0,0,0,0,0,0,0,0,0,0.0,0.0,0.0,0.0,/clubs/nashville-sc-mls-677447,teams/usa-nashville-sc-mls.png,Nashville SC,/clubs/new-england-revolution-11,teams/usa-new-england-revolution.png,New England Revolution,2.17,1.18,0.0,0.0,0.0,0.0,0,0,0,0,0,0,0,0,0.0,0.0,0.0,/usa/new-england-revolution-vs-nashville-sc-mls-h2h-stats#8229499,13973,34,False,False,False,False,False,False,False,[],[]
MLS,2025,13973,8229500,8043,19,2025,complete,120240,0,-1,"['73', '87']",[],2,0,2,5,4,9,3,1,2,1,0,0,7,1,5,5,12,6,10,8,56,44,13967.0,40744.0,11434.0,,,2,1,1.6,3.5,4.75,1.01,1.25,1.8,2.65,5.5,12.0,5.0,1.97,1.42,1.24,1.8,1.91,2.3,1.55,5.0,1.11,1.26,0.0,2.31,2.29,2.17,4.95,1.95,2.6,4.3,0.0,0.0,1.4,1.67,2.21,2.62,3.5,2.87,2.02,1.67,1.42,1.24,1.59,9.0,2.88,0.0,0.0,0.0,2.88,9.0,1.28,2.3,5.7,13.0,3.6,1.6,1.1,1.02,1.22,2.05,3.8,8.5,3.8,1.7,1.2,1.04,0,0,0,0,2,0,0,2,0,2,0,1741480200,8043,0,50,25,25,0,23088,2,1,3,1,2,3,4,5,0,0,2,1,0,3,1,52,27,131,69,1.64,0.65,2.29,1,0,1,0,0,0,1,1,0,0,0,0,0,0,1,28,16,1,7,10,1,6,10,25,50,50,50,100,50,50,100,25,8.5,9.0,3.5,3.0,/clubs/fc-cincinnati-8043,teams/usa-fc-cincinnati.png,FC Cincinnati,/clubs/toronto-fc-19,teams/canada-toronto-fc.png,Toronto,1.8,0.94,3.0,0.5,1.5,0.5,75,50,50,50,0,25,0,0,1.16,1.38,2.54,/usa/toronto-fc-vs-fc-cincinnati-h2h-stats#8229500,13973,34,True,True,False,False,False,False,False,"['73', '87']",[]
MLS,2025,13973,8229501,698284,8,2025,complete,120240,0,-1,['76'],[],1,0,1,4,1,5,1,0,3,4,0,0,2,2,10,5,12,7,12,16,59,41,11.0,21189.0,18.0,,,3,4,1.75,4.02,4.2,1.03,1.22,1.7,2.86,5.0,10.0,4.0,2.12,1.44,1.17,1.67,2.1,2.62,1.42,5.25,1.12,1.25,0.0,2.0,2.15,2.3,4.5,2.15,2.75,3.6,0.0,0.0,1.18,1.46,1.75,2.2,2.8,3.4,2.5,1.95,1.62,1.36,1.58,6.1,2.65,0.0,0.0,0.0,3.65,8.0,1.3,2.45,6.0,19.0,3.2,1.57,1.11,1.01,1.14,1.83,4.2,8.5,5.0,2.0,1.3,1.05,0,0,0,0,1,0,0,1,0,1,0,1740274200,698284,0,0,0,0,0,20738,2,1,1,1,3,0,2,3,1,1,2,3,2,5,1,64,24,120,66,1.37,0.76,2.13,0,0,0,0,0,0,1,1,0,0,0,0,0,0,1,15,10,1,16,12,1,6,9,0,0,0,0,0,0,0,0,0,0.0,0.0,0.0,0.0,/clubs/austin-fc-698284,teams/usa-austin-fc.png,Austin,/clubs/sporting-kansas-city-8,teams/usa-sporting-kansas-city.png,Sporting KC,1.56,0.65,0.0,0.0,0.0,0.0,0,0,0,0,0,0,0,0,0.0,0.0,0.0,/usa/sporting-kansas-city-vs-austin-fc-h2h-stats#8229501,13973,34,True,False,False,False,False,False,False,['76'],[]
MLS,2025,13973,8229502,1016,4,2025,complete,120240,0,-1,[],[],0,0,0,5,2,7,2,2,2,2,0,0,6,0,4,7,10,7,14,6,41,59,50024.0,762.0,1313.0,,,2,2,1.9,3.5,3.64,1.04,1.17,1.6,2.62,4.5,17.0,4.75,2.13,1.47,1.2,1.61,2.15,2.9,1.36,4.75,1.15,1.24,0.0,1.6,2.3,2.4,4.15,2.25,2.5,3.8,0.0,0.0,1.25,1.42,1.67,2.1,2.62,3.6,2.62,2.1,1.67,1.42,1.67,8.2,2.4,0.0,0.0,0.0,3.75,6.5,1.3,2.35,5.5,12.0,3.2,1.51,1.12,1.01,1.17,1.83,3.9,8.0,4.33,1.85,1.22,1.05,0,0,0,0,0,0,0,0,0,0,0,1741480200,-1,0,50,0,50,0,42562,2,1,3,0,2,2,3,4,2,1,0,1,3,1,1,31,28,99,99,1.29,0.66,1.95,0,0,0,0,0,0,1,1,0,0,0,0,1,0,1,24,7,1,6,14,1,7,3,50,50,50,50,100,0,50,100,50,9.0,3.0,4.0,3.0,/clubs/atlanta-united-fc-1016,teams/usa-atlanta-united-fc.png,Atlanta United FC,/clubs/new-york-red-bulls-4,teams/usa-new-york-red-bulls.png,New York RB,1.18,0.59,3.0,0.0,1.5,1.5,50,50,50,50,0,50,50,50,1.73,1.47,3.2,/usa/new-york-red-bulls-vs-atlanta-united-fc-h2h-stats#8229502,13973,34,False,False,False,False,False,False,False,[],[]
MLS,2025,13973,8229503,17,13401,2025,complete,120240,0,-1,"['21', '44', '50', '56']",['90+1'],4,1,5,1,10,11,4,2,2,0,0,0,8,6,12,7,20,13,4,16,44,56,50024.0,29408.0,13006.0,,,2,0,1.75,3.7,3.74,1.03,1.14,1.53,2.05,3.9,12.0,5.5,2.45,1.57,1.25,1.45,2.73,3.3,1.29,5.75,1.1,1.2,0.0,1.99,2.29,2.45,3.71,2.07,2.8,3.8,0.0,0.0,1.24,1.42,1.71,2.1,2.62,3.6,2.62,2.1,1.67,1.42,1.55,9.0,2.55,0.0,0.0,0.0,3.9,8.0,1.25,2.1,4.5,10.0,3.5,1.64,1.16,1.02,1.13,1.68,3.14,6.0,5.0,2.06,1.33,1.09,0,0,0,0,5,2,0,2,1,3,2,1742686200,17,0,100,75,100,0,19817,-1,1,-1,-1,-1,-1,-1,-1,0,0,2,0,0,2,1,41,50,75,101,2.11,1.61,3.72,0,0,0,0,0,0,1,1,0,0,-1,-1,0,0,1,3,3,1,16,4,1,8,8,50,100,100,100,100,100,100,100,100,14.5,3.5,4.5,5.0,/clubs/orlando-city-sc-17,teams/usa-orlando-city-sc.png,Orlando City,/clubs/dc-united-13401,teams/usa-dc-united.png,DC United,1.65,0.76,1.5,1.0,1.0,1.5,50,0,0,0,0,75,75,75,1.64,2.0,3.64,/usa/orlando-city-sc-vs-dc-united-h2h-stats#8229503,13973,34,True,True,True,True,True,False,True,"['21', '44', '50', '56']",['90+1']
MLS,2025,13973,8229504,20,5,2025,complete,120240,0,-1,['73'],"['24', '32', '53', '61']",1,4,5,3,10,13,1,2,1,2,1,0,2,10,4,12,6,22,9,16,34,66,13864.0,28121.0,5362.0,,,3,2,2.69,3.9,3.5,1.01,1.18,1.72,2.7,4.8,12.0,3.75,2.09,1.4,1.14,1.62,2.25,3.6,1.25,3.6,1.25,1.3,0.0,1.44,2.5,2.25,3.4,2.25,2.8,2.75,0.0,0.0,1.24,1.33,1.73,2.1,2.67,3.6,2.62,2.0,1.65,1.42,1.58,7.5,2.8,0.0,0.0,0.0,4.0,8.0,1.25,2.25,5.6,15.0,3.0,1.48,1.1,1.01,1.12,1.93,3.8,8.5,5.25,2.15,1.19,1.06,0,0,0,0,5,0,2,1,2,3,2,1740344400,5,0,0,0,0,0,20079,2,1,0,6,3,4,6,7,1,1,1,1,2,2,1,17,40,67,120,0.65,2.38,3.03,0,0,0,0,0,0,1,1,0,0,0,0,0,0,1,20,13,1,16,9,1,10,2,0,0,0,0,0,0,0,0,0,0.0,0.0,0.0,0.0,/clubs/portland-timbers-20,teams/usa-portland-timbers.png,Portland Timbers,/clubs/vancouver-whitecaps-fc-5,teams/canada-vancouver-whitecaps-fc.png,Vancouver Whitecaps,1.63,1.65,0.0,0.0,0.0,0.0,0,0,0,0,0,0,0,0,0.0,0.0,0.0,/usa/vancouver-whitecaps-fc-vs-portland-timbers-h2h-stats#8229504,13973,38,True,True,True,True,True,False,True,['73'],"['24', '32', '53', '61']"
MLS,2025,13973,8229505,1398748,6490,2025,complete,120240,0,-1,"['21', '33', '40']","['43', '45+5']",3,2,5,3,3,6,0,1,4,3,0,1,6,4,9,8,15,12,12,8,63,37,50024.0,44567.0,43902.0,,,4,4,2.31,3.4,2.83,1.05,1.22,1.8,3.02,5.3,11.0,3.7,1.95,1.4,1.13,1.67,2.34,3.3,1.29,3.8,1.22,1.4,0.0,1.57,3.0,2.2,3.45,2.59,2.5,3.0,0.0,0.0,1.3,1.47,2.11,2.17,3.0,3.2,2.3,1.93,1.5,1.37,1.67,7.5,2.7,0.0,0.0,0.0,4.5,5.0,1.36,2.62,6.1,21.0,2.9,1.42,1.09,1.01,1.2,1.95,4.3,9.0,4.1,1.7,1.22,1.04,0,0,0,0,5,3,2,0,0,0,5,1743301800,1398748,0,50,25,25,0,32502,2,1,0,2,3,1,2,4,2,2,2,2,4,4,1,54,18,136,89,1.77,1.18,2.95,0,0,0,0,0,0,1,1,0,0,0,1,0,0,1,13,11,1,8,12,1,8,8,25,25,25,75,75,25,75,75,25,12.0,4.0,3.5,2.75,/clubs/san-diego-fc-1398748,teams/usa-san-diego-fc.png,San Diego,/clubs/los-angeles-fc-6490,teams/usa-los-angeles-fc.png,Los Angeles FC,1.67,1.53,1.0,1.5,1.6,1.8,75,75,75,25,25,100,75,75,1.82,0.93,2.75,/usa/los-angeles-fc-vs-san-diego-fc-h2h-stats#8229505,13973,37,True,True,True,True,True,False,True,"['21', '33', '40']","['43', '45+5']"
MLS,2025,13973,8229506,677446,13401,2025,complete,120240,0,-1,"['35', '66', '85']","['52', '90+7']",3,2,5,6,5,11,-1,-1,6,2,0,0,7,6,10,4,17,10,11,14,62,38,13967.0,48359.0,131.0,,,6,2,1.35,5.4,7.8,1.02,1.08,1.36,2.01,3.45,21.0,5.75,2.8,1.73,1.27,1.62,2.23,2.3,1.55,8.0,1.05,1.11,1.17,3.2,1.73,2.7,6.0,1.6,3.1,6.0,1.1,7.0,1.28,1.6,1.98,2.48,3.42,3.05,2.17,1.72,1.49,1.23,1.25,8.5,5.2,1.33,12.0,3.25,2.45,17.0,1.22,1.98,4.5,11.0,4.0,1.7,1.18,1.05,1.14,1.6,3.1,6.5,5.0,1.92,1.33,1.1,0,0,0,0,5,1,0,2,2,4,1,1758411000,677446,0,72,32,48,0,19934,2,1,5,3,1,2,8,3,1,0,5,2,1,7,1,43,28,114,63,1.88,1.25,3.13,0,0,0,0,0,0,1,1,0,0,2,1,0,0,1,10,5,1,13,11,1,5,6,22,37,72,89,93,47,83,83,65,9.44,2.36,5.09,3.35,/clubs/club-internacional-de-futbol-miami-677446,teams/usa-club-internacional-de-futbol-miami.png,Inter Miami,/clubs/dc-united-13401,teams/usa-dc-united.png,DC United,2.29,0.76,2.08,0.8,1.81,0.83,78,63,28,11,8,65,50,39,1.48,1.2,2.68,/usa/dc-united-vs-club-internacional-de-futbol-miami-h2h-stats#8229506,13973,34,True,True,True,True,True,False,True,"['35', '66', '85']","['52', '90+7']"
MLS,2025,13973,8229507,698284,18,2025,complete,120240,0,-1,"['42', '90+6']",['46'],2,1,3,3,13,16,-1,-1,0,3,0,0,6,6,4,11,10,17,6,7,42,58,57.0,21189.0,25.0,,,0,3,2.87,3.54,2.42,1.05,1.26,1.99,3.2,6.25,9.3,4.07,1.79,1.38,1.16,1.84,2.29,3.75,1.22,3.3,1.28,1.27,1.25,1.44,3.2,2.21,2.9,2.85,2.55,2.95,2.0,1.72,1.25,1.4,1.73,2.23,2.8,3.5,2.56,1.95,1.56,1.33,2.38,6.6,1.92,2.03,12.75,1.92,4.6,4.5,1.32,2.65,6.5,19.0,3.1,1.43,1.11,1.02,1.22,2.0,4.2,10.0,4.0,1.75,1.2,1.05,0,0,0,0,3,1,0,1,1,2,1,1758495600,698284,0,49,14,17,0,20738,-1,1,-1,-1,-1,-1,-1,-1,0,2,0,1,2,1,1,35,55,88,85,1.31,1.88,3.2,0,0,0,0,0,0,1,1,0,0,-1,-1,0,1,1,6,11,1,7,6,1,9,6,4,27,45,69,90,38,72,69,38,10.92,4.34,4.06,2.33,/clubs/austin-fc-698284,teams/usa-austin-fc.png,Austin,/clubs/seattle-sounders-fc-18,teams/usa-seattle-sounders-fc.png,Seattle Sounders,1.56,1.11,1.57,1.07,1.41,1.55,97,73,56,32,11,70,52,42,1.46,1.53,2.99,/usa/seattle-sounders-fc-vs-austin-fc-h2h-stats#8229507,13973,36,True,True,True,False,False,False,True,"['42', '90+6']",['46']
MLS,2025,13973,8229508,1016,9,2025,complete,120240,0,-1,"['45+3', '46', '50', '88']","['14', '16', '25', '29', '39']",4,5,9,7,1,8,4,5,1,2,0,0,8,7,8,0,16,7,10,7,49,51,13889.0,762.0,40116.0,,,1,2,2.9,3.7,2.15,1.03,1.16,1.53,2.32,3.84,11.0,5.3,2.6,1.57,1.25,1.44,2.5,4.5,1.14,4.0,1.22,1.57,1.26,1.5,3.1,2.42,2.72,3.12,2.62,2.65,1.83,1.83,1.27,1.46,1.93,2.55,3.34,3.14,2.25,1.73,1.48,1.23,2.43,8.4,1.9,1.95,14.0,1.88,5.5,5.0,1.25,2.15,4.75,12.5,3.5,1.63,1.15,1.04,1.13,1.73,3.2,6.75,5.0,2.0,1.3,1.08,0,0,0,0,9,1,5,3,0,3,6,1757806200,9,0,74,30,33,0,41089,2,1,5,1,2,0,6,2,0,1,1,1,1,2,1,38,33,90,85,1.85,1.18,3.03,1,0,1,0,0,0,1,1,0,0,4,1,0,0,1,4,2,1,6,10,1,2,10,30,41,56,78,89,42,82,82,41,9.29,3.48,3.93,3.11,/clubs/atlanta-united-fc-1016,teams/usa-atlanta-united-fc.png,Atlanta United FC,/clubs/columbus-crew-9,teams/usa-columbus-crew.png,Columbus Crew,1.18,1.16,1.29,1.38,0.93,1.64,71,60,45,22,11,59,48,26,1.36,1.25,2.61,/usa/columbus-crew-vs-atlanta-united-fc-h2h-stats#8229508,13973,34,True,True,True,True,True,True,True,"['45+3', '46', '50', '88']","['14', '16', '25', '29', '39']"
MLS,2025,13973,8229509,8043,1,2025,complete,120240,0,-1,"['33', '56', '88']",[],3,0,3,5,12,17,0,1,2,2,0,0,7,3,5,6,12,9,10,10,46,54,13841.0,,,,,2,2,1.55,4.6,5.0,1.01,1.11,1.4,2.0,3.7,21.0,5.75,2.93,1.7,1.3,1.44,2.45,2.88,1.36,7.0,1.06,1.18,1.2,2.45,2.09,2.52,4.9,1.85,2.95,4.8,1.22,4.0,1.26,1.55,1.92,2.45,3.25,3.22,2.39,1.76,1.53,1.28,1.54,7.0,2.95,1.42,23.0,2.8,3.1,12.0,1.2,2.05,4.4,10.0,3.9,1.78,1.18,1.04,1.14,1.65,2.88,6.5,5.0,2.1,1.33,1.1,0,0,0,0,3,1,0,2,0,2,1,1760825400,8043,0,60,16,35,0,-1,2,1,4,9,1,3,13,4,1,2,1,0,3,1,1,40,50,67,80,1.53,1.14,2.68,0,0,0,0,0,0,1,1,0,0,2,1,0,0,1,13,10,1,10,9,1,7,5,16,25,53,72,97,25,54,94,51,9.44,3.88,4.38,2.72,/clubs/fc-cincinnati-8043,teams/usa-fc-cincinnati.png,FC Cincinnati,/clubs/montreal-impact-1,teams/canada-montreal-impact.png,Montreal Impact,1.8,0.94,1.69,1.0,1.88,0.85,85,75,47,28,3,53,44,32,1.56,1.16,2.72,/usa/montreal-impact-vs-fc-cincinnati-h2h-stats#8229509,13973,34,True,True,True,False,False,False,False,"['33', '56', '88']",[]
MLS,2025,13973,8229510,20,4,2025,complete,120240,0,-1,"['28', '73']",['70'],2,1,3,3,5,8,1,5,2,2,0,0,4,4,10,6,14,10,13,11,43,57,13893.0,28121.0,1313.0,,,2,2,1.99,3.62,3.4,1.02,1.21,1.77,2.74,4.75,10.0,4.5,2.03,1.4,1.15,1.62,2.31,3.0,1.3,4.33,1.18,1.26,1.29,1.7,2.62,2.25,3.99,2.42,2.5,3.3,1.53,2.37,1.25,1.47,2.3,2.38,3.14,3.4,2.4,1.85,1.47,1.26,1.87,6.5,2.39,1.72,11.0,2.2,3.9,6.25,1.31,2.4,5.6,19.0,3.25,1.49,1.11,1.01,1.2,1.92,3.8,8.5,4.4,1.78,1.23,1.04,0,0,0,0,3,1,0,1,1,2,1,1757817000,20,0,61,29,25,0,22710,2,1,2,2,1,3,4,4,1,2,1,0,3,1,1,34,44,75,114,1.41,1.24,2.65,0,0,0,0,0,0,1,1,0,0,0,1,0,0,1,22,15,1,11,13,1,10,8,14,18,40,72,93,36,68,75,29,10.29,3.35,4.71,2.4,/clubs/portland-timbers-20,teams/usa-portland-timbers.png,Portland Timbers,/clubs/new-york-red-bulls-4,teams/usa-new-york-red-bulls.png,New York RB,1.63,0.59,1.64,0.5,1.39,1.38,86,82,61,29,7,79,54,43,1.41,1.11,2.52,/usa/new-york-red-bulls-vs-portland-timbers-h2h-stats#8229510,13973,34,True,True,True,False,False,False,True,"['28', '73']",['70']
MLS,2025,13973,8229511,677446,11,2025,complete,120240,0,-1,"['32', '45+3', '60', '63']",['59'],4,1,5,3,6,9,3,2,2,1,0,0,8,5,7,6,15,11,8,7,55,45,31.0,,,,,2,1,1.4,4.95,7.0,1.01,1.06,1.3,1.85,2.61,29.0,7.0,3.6,2.04,1.47,1.52,2.6,2.88,1.36,9.5,1.03,1.11,1.12,2.88,1.77,2.8,5.5,1.65,3.5,5.0,1.14,5.5,1.24,1.44,1.78,2.24,2.97,3.5,2.47,1.91,1.53,1.3,1.43,9.2,3.75,1.4,26.0,2.75,2.95,15.0,1.17,1.94,3.55,8.0,4.4,1.85,1.25,1.06,1.09,1.45,2.65,5.2,5.25,2.4,1.44,1.13,0,0,0,0,5,2,0,2,1,3,2,1759621200,677446,0,65,26,46,0,-1,2,1,3,1,0,5,4,5,0,1,2,0,1,2,1,60,49,105,92,1.94,1.4,3.34,0,0,0,0,0,0,1,1,0,0,2,0,0,0,1,1,2,1,7,8,1,6,7,33,43,65,75,91,49,75,81,52,9.89,2.94,4.93,3.44,/clubs/club-internacional-de-futbol-miami-677446,teams/usa-club-internacional-de-futbol-miami.png,Inter Miami,/clubs/new-england-revolution-11,teams/usa-new-england-revolution.png,New England Revolution,2.29,1.18,2.0,1.25,1.81,1.09,68,58,35,26,10,55,46,42,1.59,1.33,2.92,/usa/new-england-revolution-vs-club-internacional-de-futbol-miami-h2h-stats#8229511,13973,34,True,True,True,True,True,False,True,"['32', '45+3', '60', '63']",['59']
MLS,2025,13973,8229512,19,11,2025,complete,120240,0,-1,[],"['11', '27']",0,2,2,4,4,8,1,3,0,1,0,0,2,7,14,11,16,18,9,6,52,48,50024.0,11434.0,13.0,,,0,1,2.4,3.15,2.95,1.02,1.34,2.31,3.95,8.0,8.5,2.88,1.65,1.19,1.09,1.8,1.88,2.75,1.4,3.2,1.3,1.3,0.0,1.6,3.0,1.98,3.5,2.75,2.43,3.2,0.0,0.0,1.2,1.47,1.77,2.19,2.7,3.4,2.48,1.98,1.57,1.38,1.92,8.2,2.05,0.0,0.0,0.0,3.9,4.6,1.44,3.0,7.0,21.0,2.65,1.38,1.02,1.02,1.3,2.3,5.25,11.5,3.34,1.57,1.12,1.02,0,0,0,0,2,0,2,0,0,0,2,1746304200,11,0,23,23,0,0,19690,2,1,3,3,1,1,6,2,0,1,0,0,1,0,1,68,51,109,112,1.64,2.0,3.64,0,0,0,0,0,0,1,1,0,0,0,0,0,0,1,12,19,1,6,9,1,9,11,0,0,23,23,65,23,33,43,0,9.95,3.8,3.0,1.1,/clubs/toronto-fc-19,teams/canada-toronto-fc.png,Toronto,/clubs/new-england-revolution-11,teams/usa-new-england-revolution.png,New England Revolution,0.94,1.18,0.5,1.4,0.7,1.44,100,100,78,78,35,65,65,65,1.04,1.19,2.23,/usa/new-england-revolution-vs-toronto-fc-h2h-stats#8229512,13973,34,True,True,False,False,False,False,False,[],"['11', '27']"
MLS,2025,13973,8229513,8043,677447,2025,complete,120240,0,-1,"['73', '90+8']",['84'],2,1,3,3,4,7,0,1,2,0,0,0,6,4,11,6,17,10,15,14,49,51,42.0,40744.0,48648.0,,,2,0,2.6,3.4,2.63,1.02,1.22,1.7,2.9,4.99,10.0,4.2,2.15,1.38,1.15,1.63,2.25,3.6,1.25,3.6,1.22,1.5,1.3,1.48,3.25,2.25,3.0,2.9,2.4,2.8,1.9,1.8,1.3,1.64,2.0,2.75,3.9,3.0,2.15,1.65,1.37,1.19,2.36,7.8,2.1,1.95,10.5,1.95,5.0,4.75,1.36,2.4,5.25,16.0,3.2,1.51,1.11,1.01,1.22,2.0,3.8,9.0,4.33,1.73,1.22,1.06,0,0,0,0,3,0,0,2,1,3,0,1757806200,8043,0,57,18,36,0,24749,2,1,1,2,2,2,3,4,0,0,2,0,0,2,1,48,33,113,90,1.84,1.16,3.0,0,0,0,0,0,0,1,1,0,0,0,0,0,0,1,2,2,1,14,15,1,9,11,11,25,61,75,100,32,65,86,54,9.72,4.72,4.07,2.79,/clubs/fc-cincinnati-8043,teams/usa-fc-cincinnati.png,FC Cincinnati,/clubs/nashville-sc-mls-677447,teams/usa-nashville-sc-mls.png,Nashville SC,1.8,0.95,1.64,1.21,1.79,1.72,90,75,40,25,0,64,43,29,1.49,1.29,2.78,/usa/fc-cincinnati-vs-nashville-sc-mls-h2h-stats#8229513,13973,37,True,True,True,False,False,False,True,"['73', '90+8']",['84']
MLS,2025,13973,8229514,945555,12,2025,complete,120240,0,-1,[],[],0,0,0,6,1,7,3,0,1,1,0,0,5,0,12,2,17,2,7,14,54,46,13889.0,1620.0,11435.0,,,1,1,1.99,4.08,3.5,1.03,1.18,1.6,2.5,3.9,12.5,4.6,2.35,1.7,1.3,1.52,2.5,3.2,1.3,5.0,1.13,1.25,0.0,1.88,2.45,2.33,3.95,2.3,2.7,3.4,0.0,0.0,1.26,1.46,1.8,2.25,3.15,3.4,2.6,1.91,1.57,1.36,1.62,6.75,3.0,0.0,0.0,0.0,4.0,8.0,1.29,2.1,5.1,15.0,3.55,1.5,1.14,1.03,1.11,1.7,3.3,8.0,4.85,1.91,1.25,1.07,0,0,0,0,0,0,0,0,0,0,0,1740274200,-1,0,0,0,0,0,22423,2,1,0,1,6,0,1,6,0,0,1,1,0,2,1,54,33,94,97,1.81,0.38,2.19,0,0,0,0,0,0,1,1,0,0,0,0,0,0,1,30,20,1,14,7,1,5,10,0,0,0,0,0,0,0,0,0,0.0,0.0,0.0,0.0,/clubs/st-louis-city-sc-945555,teams/usa-st-louis-city-sc.png,St. Louis City,/clubs/colorado-rapids-12,teams/usa-colorado-rapids.png,Colorado Rapids,1.06,0.76,0.0,0.0,0.0,0.0,0,0,0,0,0,0,0,0,0.0,0.0,0.0,/usa/colorado-rapids-vs-st-louis-city-sc-h2h-stats#8229514,13973,34,False,False,False,False,False,False,False,[],[]
MLS,2025,13973,8229515,1,4,2025,complete,120240,0,-1,[],"['23', '29']",0,2,2,7,3,10,1,1,0,3,0,0,6,6,13,6,19,12,10,19,56,44,70481.0,47980.0,1313.0,,,0,3,3.15,3.45,2.05,1.04,1.22,1.7,2.8,4.65,12.0,3.9,2.15,1.4,1.18,1.57,2.27,4.0,1.2,3.3,1.28,1.31,1.25,1.31,3.4,2.3,2.78,3.1,2.55,2.45,2.1,1.66,1.49,1.88,2.52,3.28,4.7,2.49,1.92,1.55,1.25,1.16,2.18,6.5,2.12,2.05,9.5,1.83,5.75,4.33,1.3,2.45,5.5,17.0,3.38,1.52,1.11,1.02,1.2,1.87,4.0,9.5,4.2,1.81,1.22,1.06,0,0,0,0,2,0,2,0,0,0,2,1758411000,4,0,54,27,17,0,16076,2,1,3,1,4,2,4,6,0,2,0,1,2,1,1,50,37,118,90,1.98,1.45,3.43,0,0,0,0,0,0,1,1,0,0,0,0,0,0,1,21,17,1,19,10,1,3,9,14,20,40,74,90,34,84,70,23,9.2,3.73,5.47,2.44,/clubs/montreal-impact-1,teams/canada-montreal-impact.png,Montreal Impact,/clubs/new-york-red-bulls-4,teams/usa-new-york-red-bulls.png,New York RB,0.71,0.59,0.73,0.47,0.8,1.33,87,80,60,27,10,44,34,20,1.32,1.12,2.44,/usa/montreal-impact-vs-new-york-red-bulls-h2h-stats#8229515,13973,34,True,True,False,False,False,False,False,[],"['23', '29']"
MLS,2025,13973,8229516,14,12,2025,complete,120240,0,-1,['39'],[],1,0,1,6,9,15,4,0,1,0,0,0,3,3,8,14,11,17,9,7,50,50,11.0,,,,,1,0,1.7,3.85,4.42,1.04,1.17,1.52,2.2,3.62,10.0,5.0,2.63,1.63,1.23,1.52,2.48,3.1,1.33,5.75,1.1,1.24,1.18,2.05,2.15,2.41,4.1,2.1,2.63,3.9,1.33,3.25,1.16,1.34,1.61,2.09,2.63,4.05,2.78,2.08,1.71,1.42,1.41,9.7,3.05,1.55,19.25,2.53,3.6,9.0,1.22,2.25,4.5,11.0,3.75,1.62,1.15,1.03,1.13,1.73,3.0,7.0,5.0,1.97,1.28,1.08,0,0,0,0,1,1,0,0,0,0,1,1759628100,14,0,57,22,28,0,-1,2,1,4,1,2,8,5,10,0,0,1,0,0,1,1,43,55,93,71,1.22,1.67,2.89,0,0,0,0,0,0,1,1,0,0,0,1,0,0,1,21,11,1,7,9,1,9,7,19,38,63,79,94,41,85,72,47,9.56,3.63,5.38,3.0,/clubs/real-salt-lake-14,teams/usa-real-salt-lake.png,Real Salt Lake,/clubs/colorado-rapids-12,teams/usa-colorado-rapids.png,Colorado Rapids,1.65,0.76,1.56,0.81,1.19,1.25,81,63,38,22,6,72,63,47,1.66,1.03,2.69,/usa/colorado-rapids-vs-real-salt-lake-h2h-stats#8229516,13973,34,True,False,False,False,False,False,False,['39'],[]
MLS,2025,13973,8229517,1015,8,2025,complete,120240,0,-1,"['25', '59', '63']",[],3,0,3,3,3,6,4,3,0,2,0,0,7,3,7,5,14,8,10,15,53,47,14001.0,,,,,0,2,1.5,4.4,5.16,1.04,1.13,1.4,2.11,3.3,10.0,6.0,2.88,1.76,1.3,1.56,2.5,2.95,1.35,7.5,1.06,1.15,1.19,2.5,2.0,2.81,4.9,1.76,3.08,4.75,1.25,3.75,1.19,1.35,1.59,2.08,2.56,4.1,2.9,2.13,1.71,1.49,1.58,7.5,3.0,1.48,12.0,2.6,3.1,11.0,1.18,2.02,4.33,11.0,4.05,1.74,1.18,1.05,1.14,1.55,2.95,6.5,5.0,2.2,1.36,1.1,0,0,0,0,3,1,0,2,0,2,1,1759624800,1015,0,66,32,41,0,19784,2,1,0,2,3,1,2,4,0,0,0,2,0,2,1,69,42,119,101,1.88,1.03,2.91,0,0,0,0,0,0,1,1,0,0,0,0,0,0,1,14,11,1,15,10,1,4,2,19,41,69,78,94,47,69,81,60,8.69,2.5,3.94,3.19,/clubs/minnesota-united-fc-1015,teams/usa-minnesota-united-fc.png,Minnesota United,/clubs/sporting-kansas-city-8,teams/usa-sporting-kansas-city.png,Sporting KC,1.58,0.65,1.56,0.69,1.72,0.84,81,60,32,22,6,63,54,38,1.51,1.24,2.75,/usa/sporting-kansas-city-vs-minnesota-united-fc-h2h-stats#8229517,13973,34,True,True,True,False,False,False,False,"['25', '59', '63']",[]
MLS,2025,13973,8229518,2,677446,2025,complete,120240,0,-1,[],"['43', '74', '83', '86']",0,4,4,4,5,9,2,0,2,2,0,0,2,8,7,4,9,12,22,9,48,52,70481.0,21302.0,48359.0,,,2,2,2.29,3.75,2.6,1.01,1.15,1.52,2.1,3.5,14.0,6.0,2.5,1.68,1.28,1.46,2.82,4.0,1.2,4.75,1.15,1.25,1.21,1.63,2.75,2.5,3.1,2.5,2.85,3.0,1.72,2.0,1.27,1.48,1.93,2.25,2.9,3.35,2.45,1.92,1.56,1.35,1.77,8.5,2.39,1.85,19.0,2.0,5.0,6.25,1.22,2.11,4.4,11.0,3.95,1.64,1.19,1.04,1.1,1.75,3.0,7.0,5.0,2.15,1.35,1.1,0,0,0,0,4,0,1,0,3,3,1,1758756600,677446,0,62,32,21,0,40485,2,1,2,5,2,0,7,2,1,2,1,0,3,1,1,34,31,87,82,0.96,1.55,2.51,0,1,0,1,0,0,1,1,0,0,1,2,0,0,1,4,5,1,9,21,1,7,7,29,39,73,83,97,49,87,90,49,11.13,3.06,4.36,3.3,/clubs/new-york-city-fc-2,teams/usa-new-york-city-fc.png,New York City,/clubs/club-internacional-de-futbol-miami-677446,teams/usa-club-internacional-de-futbol-miami.png,Inter Miami,1.89,1.68,2.2,1.57,1.77,1.86,72,62,27,17,4,72,58,44,1.55,1.3,2.85,/usa/new-york-city-fc-vs-club-internacional-de-futbol-miami-h2h-stats#8229518,13973,39,True,True,True,True,False,False,False,[],"['43', '74', '83', '86']"
MLS,2025,13973,8229519,19,16,2025,complete,120240,0,-1,['75'],"['86', '90+2']",1,2,3,3,9,12,2,3,0,2,0,0,4,6,5,8,9,14,13,17,42,58,5016.0,,,,,0,2,4.18,3.4,1.75,1.04,1.24,1.8,2.9,6.15,11.0,3.9,2.0,1.38,1.14,1.73,2.0,4.5,1.17,2.62,1.42,1.22,0.0,1.17,4.33,2.18,2.3,4.2,2.5,2.2,0.0,0.0,1.24,1.46,1.95,2.4,3.2,3.0,2.45,1.83,1.5,1.3,2.3,6.5,1.75,0.0,0.0,0.0,7.5,3.35,1.37,2.5,7.0,16.5,3.0,1.46,1.1,1.01,1.2,2.0,4.0,9.5,3.8,1.73,1.21,1.05,0,0,0,0,3,0,0,1,2,3,0,1748475000,16,0,38,23,23,0,-1,2,1,1,4,2,5,5,7,0,0,0,2,0,2,1,5,10,69,110,0.89,1.39,2.28,0,0,0,0,0,0,1,1,0,0,0,0,0,0,1,4,9,1,17,13,1,9,7,9,9,38,59,88,29,44,69,38,8.83,2.58,3.5,2.09,/clubs/toronto-fc-19,teams/canada-toronto-fc.png,Toronto,/clubs/philadelphia-union-16,teams/usa-philadelphia-union.png,Philadelphia Union,0.94,1.61,0.63,2.0,0.87,2.0,92,92,63,42,13,59,38,29,1.25,1.53,2.78,/usa/philadelphia-union-vs-toronto-fc-h2h-stats#8229519,13973,34,True,True,True,False,False,False,True,['75'],"['86', '90+2']"
MLS,2025,13973,8229520,8043,698284,2025,complete,120240,0,-1,"['12', '76']",['48'],2,1,3,11,1,12,2,1,1,1,0,0,7,2,10,9,17,11,9,16,56,44,50024.0,40744.0,21189.0,,,1,1,1.77,3.9,5.1,1.04,1.18,1.8,2.75,5.34,9.75,3.4,1.87,1.33,1.17,1.75,2.1,2.5,1.48,5.25,1.12,1.2,0.0,2.37,2.31,2.15,4.2,2.15,2.5,4.5,0.0,0.0,1.26,1.48,1.75,2.2,2.65,3.4,2.55,1.97,1.6,1.41,1.45,9.3,3.05,0.0,0.0,0.0,3.0,8.5,1.36,2.7,5.5,18.0,2.88,1.42,1.08,1.01,1.22,1.9,4.0,9.0,3.8,1.73,1.2,1.03,0,0,0,0,3,1,0,1,1,2,1,1746919800,8043,0,30,0,30,0,25513,2,1,3,1,8,0,4,8,1,0,0,1,1,1,1,10,7,113,90,1.65,0.9,2.55,0,1,0,1,0,0,1,1,0,0,0,0,0,0,1,4,4,1,16,8,1,8,6,10,20,30,50,100,10,40,80,50,9.0,5.4,5.4,2.2,/clubs/fc-cincinnati-8043,teams/usa-fc-cincinnati.png,FC Cincinnati,/clubs/austin-fc-698284,teams/usa-austin-fc.png,Austin,1.8,1.06,2.6,1.2,2.0,1.45,90,80,70,50,0,70,40,40,1.59,1.13,2.72,/usa/fc-cincinnati-vs-austin-fc-h2h-stats#8229520,13973,36,True,True,True,False,False,False,True,"['12', '76']",['48']
MLS,2025,13973,8229521,13,698284,2025,complete,120240,0,-1,"['2', '49']",[],2,0,2,0,6,6,2,1,5,2,0,0,7,3,8,9,15,12,19,7,41,59,13864.0,28222.0,21189.0,,,5,2,2.62,3.3,2.4,1.04,1.21,1.73,2.75,5.0,10.0,4.3,2.17,1.48,1.13,1.57,2.23,3.4,1.22,3.8,1.22,1.44,1.3,1.57,3.0,2.3,3.4,2.88,2.6,2.95,1.72,2.0,1.28,1.5,2.0,2.51,3.42,3.08,2.27,1.77,1.44,1.23,1.88,6.75,2.2,1.88,13.25,2.06,4.6,4.8,1.33,2.4,5.25,17.0,3.33,1.48,1.11,1.01,1.22,1.8,3.8,9.25,3.8,1.91,1.21,1.04,0,0,0,0,2,1,0,1,0,1,1,1757809800,13,0,54,25,33,0,11004,2,1,0,1,0,5,1,5,1,2,4,0,3,4,1,40,35,73,81,1.72,1.22,2.95,0,0,0,0,0,0,1,1,1,0,0,0,0,0,1,13,20,1,7,19,1,4,8,21,25,47,79,97,33,75,75,50,6.29,3.79,4.93,2.86,/clubs/fc-dallas-13,teams/usa-fc-dallas.png,FC Dallas,/clubs/austin-fc-698284,teams/usa-austin-fc.png,Austin,1.22,1.06,0.86,1.36,1.11,1.46,79,75,54,21,4,61,43,36,1.2,1.11,2.31,/usa/fc-dallas-vs-austin-fc-h2h-stats#8229521,13973,36,True,True,False,False,False,False,False,"['2', '49']",[]
MLS,2025,13973,8229522,9,4,2025,complete,120240,0,-1,"['16', '66', '84']",['11'],3,1,4,4,1,5,3,3,0,2,0,0,6,3,7,4,13,7,8,11,58,42,42.0,,,,,0,2,1.5,4.2,5.5,1.03,1.19,1.61,2.38,4.2,11.0,5.0,2.4,1.57,1.22,1.63,2.14,2.62,1.42,6.5,1.08,1.2,1.24,2.4,1.95,2.65,5.1,1.85,2.8,4.5,1.2,4.33,1.38,1.7,2.07,2.7,3.6,2.75,2.08,1.65,1.4,1.24,1.5,8.6,3.22,1.44,19.25,2.79,2.8,10.0,1.24,2.25,4.95,11.5,3.65,1.6,1.15,1.03,1.16,1.79,3.2,8.0,4.7,1.94,1.27,1.07,0,0,0,0,4,1,1,2,0,2,2,1760825400,9,0,60,22,19,0,20736,-1,1,-1,-1,-1,-1,-1,-1,0,1,0,1,1,1,1,63,44,70,77,1.69,0.98,2.66,0,0,0,0,0,0,1,1,0,0,-1,-1,0,0,1,16,13,1,11,8,1,5,6,10,19,47,72,88,38,81,66,19,10.38,4.69,3.76,2.41,/clubs/columbus-crew-9,teams/usa-columbus-crew.png,Columbus Crew,/clubs/new-york-red-bulls-4,teams/usa-new-york-red-bulls.png,New York RB,1.94,0.59,1.81,0.63,1.55,1.3,91,82,54,28,13,60,41,16,1.72,1.14,2.86,/usa/new-york-red-bulls-vs-columbus-crew-h2h-stats#8229522,13973,34,True,True,True,True,False,False,True,"['16', '66', '84']",['11']
MLS,2025,13973,8229523,8,5,2025,complete,120240,0,-1,[],"['2', '42']",0,2,2,8,1,9,0,1,2,5,0,0,1,4,9,8,10,12,7,16,49,51,50024.0,,5362.0,,,2,5,2.94,3.8,1.85,1.02,1.08,1.45,2.1,3.45,19.0,5.25,2.7,1.7,1.29,1.4,2.88,5.5,1.11,3.8,1.22,1.9,1.25,1.3,3.89,2.5,2.3,3.1,2.9,2.47,0.0,0.0,1.18,1.33,1.56,1.9,2.4,4.2,3.0,2.23,1.78,1.49,2.2,7.0,2.1,2.19,23.0,1.69,6.5,4.5,1.21,2.02,4.2,11.0,4.0,1.72,1.16,1.04,1.09,1.6,2.95,6.0,5.35,2.12,1.31,1.11,0,0,0,0,2,0,2,0,0,0,2,1758414600,5,0,58,24,21,0,15026,2,1,4,1,4,0,5,4,1,1,1,4,2,5,1,52,37,131,79,1.09,1.31,2.4,0,0,0,0,0,0,1,1,0,1,0,0,0,1,1,19,10,1,16,7,1,3,6,27,31,59,79,90,45,75,76,41,11.64,2.76,4.77,3.02,/clubs/sporting-kansas-city-8,teams/usa-sporting-kansas-city.png,Sporting KC,/clubs/vancouver-whitecaps-fc-5,teams/canada-vancouver-whitecaps-fc.png,Vancouver Whitecaps,1.0,1.65,1.07,1.57,0.9,1.86,73,70,42,22,11,69,59,52,1.62,1.24,2.86,/usa/vancouver-whitecaps-fc-vs-sporting-kansas-city-h2h-stats#8229523,13973,34,True,True,False,False,False,False,False,[],"['2', '42']"
MLS,2025,13973,8229524,5,16,2025,complete,120240,0,-1,"['18', '24', '30', '45+1', '61', '80', '88']",[],7,0,7,9,1,10,1,1,2,2,0,0,12,2,7,8,19,10,15,23,57,43,3.0,5362.0,48141.0,,,2,2,2.26,3.5,2.9,1.04,1.19,1.63,2.41,4.4,10.0,4.33,2.32,1.54,1.2,1.5,2.4,3.4,1.29,4.75,1.15,1.29,1.28,1.66,2.65,2.4,3.65,2.44,2.5,3.25,1.61,2.2,1.29,1.44,1.87,2.36,3.1,3.2,2.4,1.83,1.68,1.3,1.93,7.0,2.27,1.72,13.0,2.05,4.5,6.5,1.27,2.34,5.0,10.0,3.25,1.55,1.15,1.02,1.16,1.75,3.4,7.75,4.7,1.95,1.27,1.07,0,0,0,0,7,4,0,3,0,3,4,1757813700,5,0,49,30,26,0,26031,2,1,6,1,3,0,7,3,2,0,0,2,2,2,1,47,30,91,81,2.37,0.99,3.37,2,0,2,0,0,0,1,1,0,0,1,0,1,0,1,15,25,1,21,15,1,4,9,15,23,49,68,93,42,68,78,38,11.83,1.99,4.69,2.66,/clubs/vancouver-whitecaps-fc-5,teams/canada-vancouver-whitecaps-fc.png,Vancouver Whitecaps,/clubs/philadelphia-union-16,teams/usa-philadelphia-union.png,Philadelphia Union,2.0,1.61,2.08,1.64,1.81,1.97,85,78,51,33,8,60,53,41,1.85,1.38,3.23,/usa/vancouver-whitecaps-fc-vs-philadelphia-union-h2h-stats#8229524,13973,37,True,True,True,True,True,True,False,"['18', '24', '30', '45+1', '61', '80', '88']",[]
MLS,2025,13973,8229525,677446,18,2025,complete,120240,0,-1,"['12', '41', '52']",['69'],3,1,4,5,2,7,0,2,2,0,0,0,8,6,6,8,14,14,14,11,53,47,5016.0,48359.0,25.0,,,2,0,2.0,3.7,3.2,1.01,1.16,1.46,2.35,3.64,12.0,5.0,2.55,1.6,1.24,1.42,2.65,2.9,1.36,5.0,1.13,1.26,1.22,1.86,2.41,2.4,4.0,2.38,2.62,3.6,1.5,2.5,1.28,1.53,1.85,2.4,3.05,3.28,2.33,1.88,1.49,1.32,1.67,7.0,2.58,1.7,11.0,2.2,4.2,7.0,1.21,2.4,4.5,12.0,3.75,1.59,1.13,1.03,1.14,1.86,3.3,8.0,4.8,2.02,1.3,1.05,0,0,0,0,4,2,0,1,1,2,2,1758065400,677446,0,59,24,33,0,19934,2,1,2,0,3,2,2,5,0,0,2,0,0,2,1,36,51,96,118,1.71,1.68,3.39,0,0,0,0,0,0,1,1,0,0,1,0,0,0,1,3,3,1,11,14,1,8,3,20,43,63,81,96,39,88,77,55,10.69,3.62,4.96,3.19,/clubs/club-internacional-de-futbol-miami-677446,teams/usa-club-internacional-de-futbol-miami.png,Inter Miami,/clubs/seattle-sounders-fc-18,teams/usa-seattle-sounders-fc.png,Seattle Sounders,2.29,1.11,2.0,1.14,1.77,1.61,80,57,38,19,4,62,50,43,1.46,1.52,2.98,/usa/seattle-sounders-fc-vs-club-internacional-de-futbol-miami-h2h-stats#8229525,13973,37,True,True,True,True,False,False,True,"['12', '41', '52']",['69']
MLS,2025,13973,8229526,2,711351,2025,complete,120240,0,-1,"['11', '58']",[],2,0,2,4,3,7,-1,-1,4,5,0,0,5,2,10,3,15,5,17,10,42,58,13841.0,21302.0,404.0,,,4,5,1.83,3.6,3.4,1.02,1.19,1.64,2.75,4.5,11.0,4.33,2.25,1.45,1.14,1.55,2.3,3.2,1.3,4.75,1.15,1.3,1.22,1.67,2.55,2.25,3.85,2.43,2.62,3.35,1.44,2.62,1.28,1.47,1.79,2.5,3.34,3.14,2.45,1.72,1.48,1.24,1.41,7.3,2.95,1.66,10.0,2.3,3.75,6.5,1.3,2.4,5.5,15.0,3.4,1.53,1.13,1.03,1.19,1.85,3.8,8.5,4.33,1.85,1.22,1.07,0,0,0,0,2,1,0,1,0,1,1,1758384000,2,0,62,31,31,0,20084,2,1,0,2,4,1,2,5,1,3,3,2,4,5,1,31,58,71,116,1.52,0.89,2.41,2,0,2,0,0,0,1,1,0,0,0,1,0,1,1,25,34,1,8,16,1,2,8,17,35,69,80,100,38,73,93,55,10.36,2.16,3.52,3.07,/clubs/new-york-city-fc-2,teams/usa-new-york-city-fc.png,New York City,/clubs/charlotte-fc-711351,teams/usa-charlotte-fc.png,Charlotte,1.89,1.11,2.14,1.07,1.72,1.77,83,66,31,21,0,80,70,56,1.55,1.1,2.65,/usa/new-york-city-fc-vs-charlotte-fc-h2h-stats#8229526,13973,37,True,True,False,False,False,False,False,"['11', '58']",[]
MLS,2025,13973,8229527,15,6490,2025,complete,120240,0,-1,"['18', '90']","['1', '9', '12', '87']",2,4,6,11,2,13,0,2,2,1,0,0,4,6,15,2,19,8,11,14,66,34,,21032.0,43902.0,,,2,1,2.8,3.75,2.15,1.03,1.15,1.45,2.25,4.0,11.0,4.75,2.55,1.64,1.24,1.45,2.5,4.75,1.14,3.8,1.22,1.25,1.25,1.37,3.35,2.48,2.6,3.1,2.7,2.38,0.0,0.0,1.16,1.33,1.61,2.04,2.64,4.1,2.83,2.12,1.69,1.41,2.03,6.75,2.2,2.1,14.0,1.77,6.5,4.6,1.25,2.23,4.75,12.0,3.6,1.62,1.15,1.02,1.15,1.71,3.0,6.5,5.0,2.0,1.31,1.09,0,0,0,0,6,1,3,1,1,2,4,1757809800,6490,0,77,55,35,0,50978,2,1,7,2,4,0,9,4,1,0,1,1,1,2,1,80,8,160,60,2.07,0.99,3.06,0,0,0,0,0,0,1,1,0,2,2,0,0,0,1,36,22,1,14,11,1,2,11,31,54,65,88,100,55,85,84,46,10.26,4.22,5.21,3.75,/clubs/san-jose-earthquakes-15,teams/usa-san-jose-earthquakes.png,SJ Earthquakes,/clubs/los-angeles-fc-6490,teams/usa-los-angeles-fc.png,Los Angeles FC,1.24,1.53,1.29,1.25,1.21,1.58,70,46,36,12,0,61,50,47,1.75,1.44,3.19,/usa/san-jose-earthquakes-vs-los-angeles-fc-h2h-stats#8229527,13973,34,True,True,True,True,True,True,True,"['18', '90']","['1', '9', '12', '87']"
MLS,2025,13973,8229528,20,13,2025,complete,120240,0,-1,"['45+1', '81']","['73', '85']",2,2,4,6,5,11,1,5,4,2,0,0,8,4,16,12,24,16,14,10,59,41,,28121.0,28222.0,,,4,2,1.8,3.95,3.5,1.04,1.13,1.48,2.15,3.65,14.0,5.76,2.6,1.69,1.24,1.47,2.5,3.2,1.3,6.0,1.09,1.23,1.23,2.07,2.2,2.63,4.38,2.05,2.8,3.8,1.36,3.0,1.18,1.36,1.66,2.12,2.78,3.88,2.7,2.04,1.64,1.36,1.44,7.5,3.42,1.62,10.0,2.45,3.9,9.0,1.25,2.25,4.8,10.5,3.55,1.71,1.19,1.04,1.17,1.73,2.88,6.5,4.8,2.1,1.33,1.1,0,0,0,0,4,1,0,1,2,3,1,1759026600,-1,0,72,35,42,0,-1,2,1,5,4,1,1,9,2,1,1,3,1,2,4,1,46,44,100,101,2.4,1.61,4.01,0,1,0,1,0,0,1,1,0,0,1,0,0,0,1,16,11,1,10,13,1,12,13,28,35,52,80,97,49,73,79,52,9.67,2.91,4.57,3.12,/clubs/portland-timbers-20,teams/usa-portland-timbers.png,Portland Timbers,/clubs/fc-dallas-13,teams/usa-fc-dallas.png,FC Dallas,1.63,1.28,1.73,1.36,1.39,1.23,72,65,49,21,4,83,55,48,1.41,1.18,2.59,/usa/fc-dallas-vs-portland-timbers-h2h-stats#8229528,13973,36,True,True,True,True,False,False,True,"['45+1', '81']","['73', '85']"
MLS,2025,13973,8229529,5,15,2025,complete,120240,0,-1,"['39', '57', '74', '90+2']",['89'],4,1,5,5,7,12,0,4,2,4,0,0,10,4,8,3,18,7,18,15,61,39,13812.0,,,,,2,4,1.38,4.45,4.65,1.01,1.06,1.33,1.93,2.85,23.0,6.25,3.1,1.9,1.36,1.46,2.64,2.88,1.36,8.0,1.05,1.14,1.17,2.7,1.92,2.7,4.8,1.75,3.0,4.85,1.25,3.75,1.14,1.29,1.73,1.94,2.4,4.1,2.95,2.0,1.8,1.5,1.47,7.5,3.0,1.5,21.0,2.55,3.1,13.0,1.2,2.1,3.8,10.0,4.33,1.8,1.22,1.05,1.11,1.57,2.9,5.8,5.45,2.4,1.41,1.13,0,0,0,0,5,1,0,3,1,4,1,1759702200,5,0,68,26,45,0,25292,2,1,3,2,2,5,5,7,1,3,1,1,4,2,1,57,39,88,64,2.24,1.01,3.25,0,0,0,0,0,0,1,1,0,0,1,1,0,0,1,14,12,1,15,18,1,5,4,26,36,68,87,94,49,81,84,55,11.23,1.98,4.04,3.33,/clubs/vancouver-whitecaps-fc-5,teams/canada-vancouver-whitecaps-fc.png,Vancouver Whitecaps,/clubs/san-jose-earthquakes-15,teams/usa-san-jose-earthquakes.png,SJ Earthquakes,2.0,1.18,2.07,1.25,1.84,1.19,74,65,32,13,7,65,56,43,1.87,1.58,3.45,/usa/vancouver-whitecaps-fc-vs-san-jose-earthquakes-h2h-stats#8229529,13973,34,True,True,True,True,True,False,True,"['39', '57', '74', '90+2']",['89']
MLS,2025,13973,8229530,12,1015,2025,complete,120240,0,-1,['45+1'],['65'],1,1,2,5,4,9,1,2,2,0,0,0,8,3,6,10,14,13,6,9,59,41,31.0,,,,,2,0,1.91,3.7,2.82,1.04,1.18,1.69,2.35,3.88,13.0,4.8,2.2,1.63,1.19,1.48,2.5,3.3,1.28,5.0,1.13,1.3,1.27,1.82,2.43,2.58,4.03,2.23,2.7,3.52,1.61,2.2,1.18,1.32,1.54,1.91,2.42,4.55,3.05,2.27,1.8,1.47,1.68,8.9,2.42,1.8,10.0,2.05,4.0,6.5,1.26,2.2,4.75,13.0,3.55,1.64,1.14,1.03,1.16,1.82,3.2,7.5,4.6,1.9,1.3,1.08,0,0,0,0,2,1,0,0,1,1,1,1759023600,-1,0,50,13,30,0,-1,-1,1,-1,-1,-1,-1,-1,-1,1,0,1,0,1,1,1,65,32,125,62,1.92,1.26,3.18,0,0,0,0,0,0,1,1,0,0,-1,-1,1,0,1,24,18,1,9,6,1,7,12,13,27,54,77,94,30,74,80,44,9.8,3.06,3.67,2.7,/clubs/colorado-rapids-12,teams/usa-colorado-rapids.png,Colorado Rapids,/clubs/minnesota-united-fc-1015,teams/usa-minnesota-united-fc.png,Minnesota United,1.65,1.58,1.73,1.93,1.26,1.74,87,74,47,24,7,60,47,37,1.55,1.22,2.77,/usa/colorado-rapids-vs-minnesota-united-fc-h2h-stats#8229530,13973,34,True,True,False,False,False,False,True,['45+1'],['65']
MLS,2025,13973,8229531,15,945555,2025,complete,120240,0,-1,['31'],"['10', '19', '45']",1,3,4,11,3,14,0,2,3,1,0,0,10,7,11,9,21,16,16,13,57,43,19856.0,21032.0,55486.0,,,3,1,1.76,4.67,4.05,1.01,1.09,1.32,1.85,2.9,26.0,7.0,3.1,1.91,1.4,1.36,2.7,3.75,1.22,7.0,1.07,1.18,1.18,2.0,2.13,2.5,4.0,1.93,3.12,3.55,0.0,0.0,1.17,1.3,1.69,1.83,2.28,4.3,3.1,2.35,1.85,1.55,1.49,9.5,3.05,1.6,26.0,2.3,4.2,10.0,1.2,1.85,3.9,10.0,4.0,1.9,1.22,1.06,1.09,1.5,2.5,5.4,5.25,2.38,1.43,1.14,0,0,0,0,4,1,3,0,0,0,4,1758421800,945555,0,64,30,37,0,11193,2,1,6,1,5,2,7,7,1,0,2,1,1,3,1,72,35,104,79,2.54,1.75,4.29,1,0,1,0,0,0,1,1,0,1,0,0,0,0,1,25,15,1,12,16,1,6,14,34,43,67,83,97,34,77,87,60,9.6,4.0,4.87,3.5,/clubs/san-jose-earthquakes-15,teams/usa-san-jose-earthquakes.png,SJ Earthquakes,/clubs/st-louis-city-sc-945555,teams/usa-st-louis-city-sc.png,St. Louis City,1.24,0.82,1.2,0.53,1.17,0.83,67,57,34,17,4,57,47,44,1.77,1.15,2.92,/usa/san-jose-earthquakes-vs-st-louis-city-sc-h2h-stats#8229531,13973,34,True,True,True,True,False,False,True,['31'],"['10', '19', '45']"
MLS,2025,13973,8229532,7,19,2025,complete,120240,0,-1,"['71', '89']","['27', '90+10']",2,2,4,8,9,17,0,1,2,2,0,0,6,6,6,3,12,9,14,9,56,44,,14.0,11434.0,,,2,2,1.34,4.0,5.6,1.01,1.12,1.5,2.23,3.99,17.0,5.0,2.5,1.65,1.21,1.6,2.21,2.55,1.45,7.0,1.07,1.2,1.15,2.5,1.85,2.45,5.0,1.83,2.7,5.05,1.16,5.0,1.28,1.55,2.0,2.46,3.15,3.1,2.34,1.78,1.5,1.3,1.44,7.5,3.3,1.44,11.0,2.75,2.9,12.0,1.23,2.2,4.8,13.0,3.58,1.63,1.13,1.03,1.12,1.75,3.0,7.5,4.95,1.95,1.27,1.08,0,0,0,0,4,0,1,2,1,3,1,1759624200,-1,0,62,19,36,0,24653,2,1,4,5,4,4,9,8,1,0,1,2,1,3,-1,0,0,0,0,0.0,0.0,0.0,0,0,0,0,0,0,1,1,0,0,0,0,0,0,1,14,12,1,9,13,1,3,11,19,36,45,74,91,36,77,71,52,8.53,3.23,4.26,2.74,/clubs/chicago-fire-7,teams/usa-chicago-fire.png,Chicago Fire,/clubs/toronto-fc-19,teams/canada-toronto-fc.png,Toronto,1.42,0.94,1.44,1.0,1.59,0.9,81,65,56,26,10,49,36,29,1.61,1.04,2.65,/usa/chicago-fire-vs-toronto-fc-h2h-stats#8229532,13973,34,True,True,True,True,False,False,True,"['71', '89']","['27', '90+10']"
MLS,2025,13973,8229533,8,6,2025,complete,120240,0,-1,[],[],0,0,0,7,5,12,0,1,1,3,0,0,2,5,9,4,11,9,17,18,52,48,62388.0,,,,,1,3,2.44,3.7,2.36,1.02,1.14,1.5,2.2,3.7,17.0,5.0,2.55,1.62,1.22,1.4,2.63,4.33,1.18,4.33,1.18,1.29,1.22,1.55,2.8,2.45,2.8,2.63,2.7,2.7,1.83,1.83,1.26,1.48,1.78,2.25,2.9,3.35,2.45,1.9,1.56,1.35,1.63,7.0,2.6,1.83,19.5,1.9,5.75,5.75,1.25,2.1,4.6,12.0,3.9,1.68,1.17,1.04,1.14,1.68,3.25,6.5,5.0,2.11,1.33,1.1,0,0,0,0,0,0,0,0,0,0,0,1760836200,-1,0,66,25,25,0,16983,2,1,4,0,3,5,4,8,1,2,0,1,3,1,1,52,40,62,73,1.2,1.21,2.41,0,0,0,0,0,0,1,1,0,0,0,0,0,0,1,14,10,1,18,17,1,8,6,29,41,56,88,94,41,85,81,53,10.26,2.81,4.94,3.31,/clubs/sporting-kansas-city-8,teams/usa-sporting-kansas-city.png,Sporting KC,/clubs/houston-dynamo-6,teams/usa-houston-dynamo.png,Houston Dynamo,1.0,1.12,1.0,1.13,0.82,1.09,72,60,44,13,7,69,47,41,1.58,1.14,2.72,/usa/houston-dynamo-vs-sporting-kansas-city-h2h-stats#8229533,13973,34,False,False,False,False,False,False,False,[],[]
MLS,2025,13973,8229534,19,677446,2025,complete,120240,0,-1,['60'],['45+1'],1,1,2,5,7,12,0,1,2,1,0,0,2,6,5,3,7,9,9,12,38,62,84.0,,,,,2,1,2.82,3.82,1.99,1.01,1.15,1.48,2.25,3.65,13.0,5.3,2.54,1.65,1.22,1.44,2.58,5.75,1.1,3.5,1.25,1.17,1.23,1.2,3.76,2.5,2.31,3.5,2.62,2.18,2.62,1.44,1.28,1.54,1.95,2.54,3.42,3.08,2.25,1.76,1.43,1.23,2.3,8.5,1.87,2.2,19.0,1.61,8.0,4.0,1.19,2.26,4.6,12.0,3.95,1.65,1.17,1.04,1.15,1.7,2.9,7.0,5.0,2.05,1.3,1.08,0,0,0,0,2,0,1,1,0,1,1,1759005600,-1,0,57,20,24,0,28855,2,1,3,3,2,4,6,6,0,1,2,0,1,2,1,38,69,58,84,0.86,1.49,2.34,0,0,0,0,0,0,1,1,0,0,1,0,0,0,1,4,18,1,12,9,1,6,7,24,27,54,80,90,37,67,77,54,8.94,3.0,3.8,2.84,/clubs/toronto-fc-19,teams/canada-toronto-fc.png,Toronto,/clubs/club-internacional-de-futbol-miami-677446,teams/usa-club-internacional-de-futbol-miami.png,Inter Miami,0.94,1.68,0.8,1.67,0.9,1.9,77,74,47,20,10,64,37,27,1.19,1.32,2.51,/usa/toronto-fc-vs-club-internacional-de-futbol-miami-h2h-stats#8229534,13973,34,True,True,False,False,False,False,True,['60'],['45+1']
MLS,2025,13973,8229535,12,6490,2025,complete,120240,0,-1,"['61', '87']","['42', '90']",2,2,4,6,5,11,3,1,3,3,0,0,3,8,10,9,13,17,6,11,53,47,69.0,,,,,3,3,3.0,3.5,2.02,1.01,1.11,1.47,2.35,4.1,14.0,5.0,2.64,1.57,1.23,1.49,2.5,5.0,1.13,3.5,1.25,1.21,1.25,1.33,3.58,2.36,2.45,3.25,2.85,2.3,2.5,1.5,1.19,1.35,1.6,1.96,2.48,4.0,2.88,2.18,1.64,1.47,2.28,6.6,1.98,2.19,19.5,1.68,6.5,4.2,1.25,2.25,4.6,11.0,3.5,1.63,1.15,1.03,1.13,1.79,3.2,7.0,5.0,1.94,1.27,1.08,0,0,0,0,4,0,1,2,1,3,1,1760836200,-1,0,54,35,32,0,18258,2,1,2,4,4,1,6,5,2,2,1,1,4,2,1,86,74,140,116,1.66,2.17,3.83,0,0,0,0,0,0,1,1,0,0,0,1,0,0,1,21,9,1,11,6,1,7,9,22,38,54,81,100,47,85,81,44,9.62,3.0,3.88,3.1,/clubs/colorado-rapids-12,teams/usa-colorado-rapids.png,Colorado Rapids,/clubs/los-angeles-fc-6490,teams/usa-los-angeles-fc.png,Los Angeles FC,1.65,1.53,1.69,1.5,1.21,1.79,79,63,47,19,0,56,44,41,1.58,1.39,2.97,/usa/colorado-rapids-vs-los-angeles-fc-h2h-stats#8229535,13973,34,True,True,True,True,False,False,True,"['61', '87']","['42', '90']"
MLS,2025,13973,8229536,5,13,2025,complete,120240,0,-1,['28'],"['18', '47']",1,2,3,8,6,14,0,2,1,4,1,0,7,7,10,4,17,11,11,16,68,32,3.0,,,,,3,4,1.4,4.45,6.0,1.01,1.14,1.4,2.03,3.12,13.0,6.5,2.93,1.65,1.25,1.57,2.18,2.75,1.4,7.0,1.06,1.11,1.14,2.5,1.85,2.55,5.85,1.63,3.1,5.55,1.18,4.5,1.16,1.41,1.7,2.07,2.63,3.65,2.65,2.04,1.65,1.41,1.21,9.0,5.2,1.44,12.0,2.75,2.95,11.0,1.22,2.05,4.33,11.0,3.9,1.7,1.18,1.04,1.14,1.71,2.88,6.5,5.0,2.04,1.3,1.08,0,0,0,0,3,1,1,0,1,1,2,1760836200,13,0,66,31,38,0,26741,2,1,3,5,5,1,8,6,2,2,0,2,4,2,1,78,36,104,77,2.12,1.45,3.57,1,0,1,0,0,0,1,1,0,0,1,0,1,0,1,21,17,1,15,11,1,7,9,31,44,63,88,94,53,91,82,53,10.5,2.57,4.26,3.54,/clubs/vancouver-whitecaps-fc-5,teams/canada-vancouver-whitecaps-fc.png,Vancouver Whitecaps,/clubs/fc-dallas-13,teams/usa-fc-dallas.png,FC Dallas,2.0,1.28,2.13,1.25,1.91,1.24,69,56,38,13,6,78,63,47,1.9,1.18,3.08,/usa/vancouver-whitecaps-fc-vs-fc-dallas-h2h-stats#8229536,13973,36,True,True,True,False,False,False,True,['28'],"['18', '47']"
MLS,2025,13973,8229537,11,1016,2025,complete,120240,0,-1,"['72', '75']",[],2,0,2,8,2,10,1,3,3,2,0,0,6,4,11,9,17,13,16,14,48,52,62388.0,,,,,3,2,2.24,3.5,2.92,1.04,1.18,1.59,2.5,4.2,10.0,5.12,2.46,1.57,1.22,1.44,2.49,3.7,1.22,4.5,1.17,1.37,1.22,1.64,2.79,2.52,3.3,2.5,2.62,3.06,1.57,2.25,1.26,1.51,1.85,2.45,3.05,3.22,2.32,1.81,1.46,1.25,1.75,8.3,2.38,1.72,11.0,2.05,4.5,6.25,1.28,2.25,5.0,13.0,3.3,1.62,1.14,1.03,1.13,1.77,3.5,7.5,5.0,2.05,1.26,1.08,0,0,0,0,2,0,0,2,0,2,0,1759016400,11,0,52,17,28,0,25790,2,1,3,0,5,2,3,7,1,0,2,2,1,4,1,41,44,95,87,1.79,1.42,3.21,0,0,0,0,0,0,1,1,0,0,2,0,1,0,1,1,0,1,14,16,1,7,5,7,25,49,83,93,31,62,83,56,9.19,3.77,4.36,2.59,/clubs/new-england-revolution-11,teams/usa-new-england-revolution.png,New England Revolution,/clubs/atlanta-united-fc-1016,teams/usa-atlanta-united-fc.png,Atlanta United FC,0.94,0.47,0.8,0.57,1.03,0.9,94,76,52,17,7,49,42,31,1.32,1.12,2.44,/usa/new-england-revolution-vs-atlanta-united-fc-h2h-stats#8229537,13973,34,True,True,False,False,False,False,False,"['72', '75']",[]
MLS,2025,13973,8229538,14,8,2025,complete,120240,0,-1,"['40', '62']",['71'],2,1,3,4,3,7,1,3,1,0,0,0,7,3,10,9,17,12,16,7,49,51,,8.0,,,,1,0,1.49,4.95,4.8,1.03,1.12,1.42,2.15,3.5,15.0,5.25,2.95,1.83,1.3,1.55,2.42,3.0,1.33,8.0,1.09,1.22,1.22,2.25,2.05,2.7,4.7,1.98,3.2,4.2,1.22,4.0,1.24,1.46,1.98,2.37,3.3,3.5,2.39,1.83,1.49,1.36,1.56,8.7,2.78,1.52,15.0,2.6,3.3,10.0,1.22,2.1,4.0,11.5,3.8,1.67,1.17,1.03,1.14,1.73,3.2,6.0,5.5,2.0,1.3,1.09,0,0,0,0,3,1,0,1,1,2,1,1757813400,14,0,55,33,26,0,20172,2,1,3,2,1,1,5,2,0,0,1,0,0,1,1,39,50,80,99,1.84,1.33,3.17,0,0,0,0,0,0,1,1,0,0,0,0,0,0,1,13,27,1,7,16,1,11,9,15,37,59,71,93,48,78,71,44,8.23,3.44,5.37,2.91,/clubs/real-salt-lake-14,teams/usa-real-salt-lake.png,Real Salt Lake,/clubs/sporting-kansas-city-8,teams/usa-sporting-kansas-city.png,Sporting KC,1.65,0.65,1.46,0.79,1.15,0.93,86,63,42,30,8,63,45,26,1.57,1.18,2.75,/usa/sporting-kansas-city-vs-real-salt-lake-h2h-stats#8229538,13973,34,True,True,True,False,False,False,True,"['40', '62']",['71']
MLS,2025,13973,8229539,1,677447,2025,complete,120240,0,-1,['9'],['81'],1,1,2,4,10,14,2,1,1,3,0,0,2,5,4,15,6,20,7,8,35,65,24.0,,,,,1,3,3.37,3.76,1.79,1.03,1.15,1.7,2.33,4.1,15.0,4.3,2.17,1.53,1.21,1.53,2.25,4.75,1.15,3.3,1.28,1.26,1.24,1.3,3.79,2.5,2.45,3.4,2.62,2.3,2.62,1.44,1.35,1.72,2.14,2.84,3.95,2.74,2.07,1.63,1.35,1.17,2.07,6.75,1.91,2.2,11.0,1.66,7.0,4.0,1.28,2.29,5.0,13.0,3.22,1.55,1.11,1.03,1.18,1.82,3.34,8.0,4.45,1.88,1.24,1.06,0,0,0,0,2,1,0,0,1,1,1,1759603200,-1,0,63,28,32,0,16244,2,1,3,2,1,8,5,9,0,1,1,2,1,3,1,21,48,57,92,0.68,1.95,2.63,0,0,0,0,0,0,1,1,1,0,0,1,0,1,1,11,14,1,8,7,1,14,4,16,31,57,85,97,44,82,75,44,9.56,3.51,4.57,2.91,/clubs/montreal-impact-1,teams/canada-montreal-impact.png,Montreal Impact,/clubs/nashville-sc-mls-677447,teams/usa-nashville-sc-mls.png,Nashville SC,0.71,0.95,0.69,1.06,0.84,1.66,85,69,44,16,3,44,35,22,1.36,1.28,2.64,/usa/montreal-impact-vs-nashville-sc-mls-h2h-stats#8229539,13973,34,True,True,False,False,False,False,True,['9'],['81']
MLS,2025,13973,8229540,17,677447,2025,complete,120240,0,-1,"['30', '32', '90+5']","['45+1', '51']",3,2,5,4,3,7,1,1,1,3,0,0,6,6,8,3,14,9,6,14,38,62,84.0,29408.0,48648.0,,,1,3,1.82,3.74,3.5,1.03,1.18,1.55,2.38,4.59,14.0,4.75,2.25,1.54,1.22,1.52,2.38,3.4,1.28,5.0,1.13,1.29,1.25,1.83,2.4,2.45,3.6,2.25,2.8,3.5,1.53,2.37,1.4,1.68,2.12,2.8,3.75,2.7,2.04,1.63,1.37,1.22,1.88,6.75,2.32,1.75,17.25,2.16,4.2,7.0,1.24,2.23,4.75,13.0,3.34,1.6,1.09,1.03,1.12,1.8,3.2,8.5,4.8,2.05,1.25,1.07,0,0,0,0,5,2,1,1,1,2,3,1758411000,17,0,73,32,38,0,20516,2,1,3,0,1,3,3,4,1,2,0,1,3,1,1,30,30,92,68,1.53,1.21,2.73,0,0,0,0,0,0,1,1,0,0,2,0,0,0,1,10,14,1,14,6,1,4,7,22,42,73,87,97,49,83,80,59,9.73,4.27,3.94,3.29,/clubs/orlando-city-sc-17,teams/usa-orlando-city-sc.png,Orlando City,/clubs/nashville-sc-mls-677447,teams/usa-nashville-sc-mls.png,Nashville SC,1.65,0.95,1.71,1.13,1.66,1.67,79,58,27,14,4,55,38,28,1.81,1.28,3.09,/usa/orlando-city-sc-vs-nashville-sc-mls-h2h-stats#8229540,13973,35,True,True,True,True,True,False,True,"['30', '32', '90+5']","['45+1', '51']"
MLS,2025,13973,8229541,698284,945555,2025,complete,120240,0,-1,['36'],"['28', '45', '90+3']",1,3,4,5,5,10,1,2,3,2,0,0,2,8,13,15,15,23,14,8,56,44,62494.0,,,,,3,2,1.93,3.5,3.4,1.04,1.2,1.57,2.48,4.15,14.0,4.33,2.38,1.56,1.22,1.54,2.45,3.2,1.3,5.0,1.13,1.29,1.29,1.8,2.38,2.45,3.77,2.2,2.63,3.7,1.44,2.62,1.14,1.33,1.64,1.95,2.38,4.25,2.97,2.2,1.75,1.5,1.65,9.0,2.66,1.7,10.0,2.25,3.95,7.0,1.29,2.23,4.9,12.5,3.34,1.58,1.14,1.03,1.14,1.77,3.5,8.0,4.7,1.95,1.28,1.06,0,0,0,0,4,1,2,0,1,1,3,1759624800,945555,0,49,16,29,0,20738,2,1,3,3,2,2,6,4,1,1,2,1,2,3,1,45,44,76,80,1.41,2.32,3.73,0,0,0,0,0,0,1,1,0,0,0,0,0,0,1,25,11,1,8,14,1,14,4,13,26,52,68,87,29,61,71,48,8.91,3.43,3.93,2.44,/clubs/austin-fc-698284,teams/usa-austin-fc.png,Austin,/clubs/st-louis-city-sc-945555,teams/usa-st-louis-city-sc.png,St. Louis City,1.56,0.82,1.67,0.69,1.42,0.88,88,75,49,33,13,69,52,46,1.45,1.19,2.64,/usa/austin-fc-vs-st-louis-city-sc-h2h-stats#8229541,13973,34,True,True,True,True,False,False,True,['36'],"['28', '45', '90+3']"
MLS,2025,13973,8229542,13401,16,2025,complete,120240,0,-1,[],"['17', '34', '36', '49', '50', '62']",0,6,6,2,5,7,-1,-1,2,1,0,0,4,7,14,7,18,14,17,10,51,49,,131.0,48141.0,,,2,1,3.7,3.75,1.95,1.04,1.22,1.68,2.8,4.87,11.5,4.2,2.1,1.43,1.15,1.62,2.25,5.0,1.14,2.95,1.35,1.99,1.22,1.25,4.42,2.29,2.41,3.6,2.5,2.2,2.62,1.44,1.25,1.49,1.96,2.4,2.88,3.28,2.3,1.83,1.5,1.35,2.6,8.5,1.62,2.3,10.0,1.66,6.5,3.65,1.29,2.53,5.65,15.0,3.35,1.5,1.12,1.02,1.2,1.96,3.8,9.0,4.1,1.77,1.21,1.06,0,0,0,0,6,0,3,0,3,3,3,1759015800,16,0,47,20,20,0,16727,2,1,2,3,0,2,5,2,2,0,0,1,2,1,1,36,38,88,103,1.67,1.65,3.33,0,0,0,0,0,0,1,1,0,0,0,1,0,0,1,4,2,1,10,17,1,4,6,13,17,37,57,87,30,60,67,27,9.27,2.6,6.0,2.34,/clubs/dc-united-13401,teams/usa-dc-united.png,DC United,/clubs/philadelphia-union-16,teams/usa-philadelphia-union.png,Philadelphia Union,0.76,1.61,0.87,1.53,0.81,1.94,87,84,64,43,14,47,37,30,1.14,1.35,2.49,/usa/philadelphia-union-vs-dc-united-h2h-stats#8229542,13973,34,True,True,True,True,True,True,False,[],"['17', '34', '36', '49', '50', '62']"
MLS,2025,13973,8229543,10,8043,2025,complete,120240,0,-1,"['39', '90+1']","['10', '22', '88']",2,3,5,9,4,13,1,1,2,1,1,0,8,10,15,12,23,22,7,8,47,53,13891.0,2.0,40744.0,,,3,1,2.45,3.75,2.55,1.03,1.17,1.57,2.17,4.0,10.0,4.8,2.3,1.6,1.24,1.5,2.72,4.0,1.2,4.0,1.2,1.52,1.25,1.44,3.1,2.38,3.0,2.7,2.65,2.7,1.83,1.83,1.27,1.52,1.85,2.28,2.95,3.34,2.4,1.91,1.54,1.34,1.92,6.55,2.07,1.95,10.0,1.95,5.0,5.0,1.25,2.35,4.75,12.0,3.74,1.58,1.15,1.03,1.13,1.83,2.97,6.5,5.0,1.94,1.3,1.11,0,0,0,0,5,1,2,1,1,2,3,1758421800,8043,0,50,14,32,0,18518,2,1,5,1,4,3,6,7,2,0,1,1,2,2,1,69,63,83,114,2.49,2.54,5.03,0,0,0,0,0,0,1,1,0,1,0,0,0,0,1,16,10,1,8,7,1,6,16,18,28,58,76,97,24,83,84,59,9.22,3.09,3.56,2.84,/clubs/la-galaxy-10,teams/usa-la-galaxy.png,LA Galaxy,/clubs/fc-cincinnati-8043,teams/usa-fc-cincinnati.png,FC Cincinnati,1.35,1.94,1.08,1.93,0.72,1.83,83,72,42,24,4,57,47,43,1.41,1.44,2.85,/usa/la-galaxy-vs-fc-cincinnati-h2h-stats#8229543,13973,34,True,True,True,True,True,False,True,"['39', '90+1']","['10', '22', '88']"
MLS,2025,13973,8229544,4,2,2025,complete,120240,0,-1,"['23', '47']","['2', '26', '65']",2,3,5,6,4,10,0,4,3,2,0,0,3,8,7,5,10,13,19,9,53,47,5016.0,,,,,3,2,2.53,3.6,2.69,1.04,1.19,1.84,2.85,5.75,10.5,4.25,2.05,1.4,1.18,1.59,2.11,3.5,1.25,3.7,1.22,1.29,1.25,1.53,3.18,2.37,3.2,2.75,2.6,3.0,1.72,2.0,1.41,1.61,2.07,2.85,3.76,2.88,2.05,1.7,1.38,1.2,1.73,8.0,2.35,1.83,9.5,2.05,4.6,5.0,1.34,2.5,5.5,15.0,3.15,1.51,1.1,1.02,1.21,1.95,4.0,10.0,4.0,1.72,1.19,1.05,0,0,0,0,5,1,2,1,1,2,3,1759016400,2,0,54,30,17,0,25219,2,1,0,2,6,2,2,8,1,0,2,2,1,4,1,54,38,128,78,1.25,1.66,2.9,0,0,0,0,0,0,1,1,0,1,0,0,1,0,1,4,5,1,9,19,1,5,7,20,37,54,70,90,50,74,77,40,7.4,3.07,4.06,3.07,/clubs/new-york-red-bulls-4,teams/usa-new-york-red-bulls.png,New York RB,/clubs/new-york-city-fc-2,teams/usa-new-york-city-fc.png,New York City,1.94,1.52,2.2,1.33,1.39,1.71,80,64,47,30,10,47,40,24,1.37,1.26,2.63,/usa/new-york-city-fc-vs-new-york-red-bulls-h2h-stats#8229544,13973,34,True,True,True,True,True,False,True,"['23', '47']","['2', '26', '65']"
MLS,2025,13973,8229545,945555,13,2025,complete,120240,0,-1,['32'],['34'],1,1,2,16,7,23,1,0,0,1,0,1,14,2,28,2,42,4,10,13,67,33,3.0,55486.0,28222.0,,,0,3,2.05,3.92,3.0,1.02,1.12,1.5,2.23,3.85,14.0,5.6,2.6,1.64,1.24,1.44,2.5,3.6,1.25,5.25,1.13,1.25,0.0,1.8,2.55,2.5,3.4,2.38,2.7,3.2,0.0,0.0,1.25,1.44,1.77,2.12,2.75,3.6,2.6,2.0,1.62,1.4,1.55,9.1,3.7,0.0,0.0,0.0,4.33,7.0,1.23,2.12,4.6,12.0,3.8,1.65,1.17,1.04,1.15,1.73,3.25,6.75,5.0,2.0,1.32,1.08,0,0,0,0,2,1,1,0,0,0,2,1757205000,-1,0,67,26,37,0,22423,2,1,5,3,11,4,8,15,0,1,0,1,1,1,1,110,25,110,66,4.39,0.58,4.97,0,0,0,0,0,0,1,1,0,0,2,1,0,0,1,17,11,1,13,10,1,4,22,30,41,63,74,89,45,82,74,56,9.56,3.49,4.39,3.23,/clubs/st-louis-city-sc-945555,teams/usa-st-louis-city-sc.png,St. Louis City,/clubs/fc-dallas-13,teams/usa-fc-dallas.png,FC Dallas,1.06,1.28,1.14,1.38,0.75,1.11,71,59,38,26,11,74,55,41,1.63,1.22,2.85,/usa/fc-dallas-vs-st-louis-city-sc-h2h-stats#8229545,13973,34,True,True,False,False,False,False,True,['32'],['34']
MLS,2025,13973,8229546,13401,11,2025,complete,120240,0,-1,['90+1'],['45+3'],1,1,2,4,3,7,2,3,3,2,0,0,4,4,16,9,20,13,14,12,52,48,84.0,,,,,3,2,2.59,3.0,2.8,1.05,1.26,1.94,3.0,5.5,9.0,3.4,1.87,1.34,1.09,1.66,2.0,3.2,1.3,3.4,1.28,1.37,0.0,1.47,3.0,1.9,3.3,2.88,2.38,2.9,0.0,0.0,1.36,1.64,1.85,2.47,3.3,2.88,2.5,1.75,1.5,1.29,1.65,6.75,2.5,0.0,0.0,0.0,4.6,4.6,1.38,2.67,6.5,12.0,2.87,1.42,1.09,1.0,1.25,2.2,4.75,10.0,3.4,1.68,1.16,1.02,0,0,0,0,2,0,1,1,0,1,1,1748475000,-1,0,44,32,19,0,-1,2,1,1,2,3,1,3,4,1,1,2,1,2,3,1,9,3,114,98,1.62,1.14,2.75,0,0,0,0,0,0,1,1,0,0,1,0,0,0,1,1,4,1,12,14,1,7,8,13,19,44,57,82,44,63,57,19,9.51,3.38,5.01,2.25,/clubs/dc-united-13401,teams/usa-dc-united.png,DC United,/clubs/new-england-revolution-11,teams/usa-new-england-revolution.png,New England Revolution,0.76,1.18,1.13,1.5,0.93,1.46,88,82,57,44,19,51,38,38,1.12,1.4,2.52,/usa/new-england-revolution-vs-dc-united-h2h-stats#8229546,13973,34,True,True,False,False,False,False,True,['90+1'],['45+3']
MLS,2025,13973,8229547,8043,17,2025,complete,120240,0,-1,['73'],['90+5'],1,1,2,2,6,8,0,1,3,5,0,0,10,6,8,18,18,24,12,13,56,44,13812.0,,,,,3,5,2.4,3.8,2.6,1.04,1.14,1.48,2.16,3.65,10.0,6.06,2.53,1.73,1.3,1.41,2.53,4.33,1.18,4.5,1.17,1.24,1.22,1.56,2.75,2.58,2.97,2.6,2.62,2.78,1.72,2.0,1.27,1.53,1.91,2.53,2.8,3.14,2.23,1.75,1.47,1.37,1.75,7.0,2.43,1.85,10.0,2.05,5.5,6.0,1.25,2.25,4.3,10.0,3.55,1.68,1.17,1.03,1.12,1.7,3.2,7.0,5.2,2.06,1.3,1.1,0,0,0,0,2,0,0,1,1,2,0,1759101000,-1,0,60,17,37,0,24135,2,1,2,3,0,3,5,3,1,2,2,3,3,5,1,46,39,97,69,2.17,2.2,4.37,0,0,0,0,0,0,1,1,0,0,2,0,0,0,1,6,9,1,13,12,1,11,6,17,30,64,70,90,24,57,83,57,8.74,3.27,4.26,2.83,/clubs/fc-cincinnati-8043,teams/usa-fc-cincinnati.png,FC Cincinnati,/clubs/orlando-city-sc-17,teams/usa-orlando-city-sc.png,Orlando City,1.8,1.39,1.73,1.6,1.87,1.7,84,70,37,30,10,67,54,37,1.51,1.58,3.09,/usa/orlando-city-sc-vs-fc-cincinnati-h2h-stats#8229547,13973,35,True,True,False,False,False,False,True,['73'],['90+5']
MLS,2025,13973,8229548,18,5,2025,complete,120240,0,-1,"['54', '55']","['52', '69']",2,2,4,3,3,6,2,3,2,1,0,0,6,5,3,4,9,9,10,17,44,56,13891.0,,,,,2,1,2.0,3.6,3.55,1.01,1.18,1.61,2.6,4.75,13.0,4.33,2.19,1.51,1.15,1.61,2.4,3.2,1.3,4.75,1.15,1.25,1.21,1.82,2.37,2.25,3.77,2.25,2.69,3.5,1.44,2.62,1.17,1.44,1.68,2.09,2.71,3.98,2.74,2.12,1.66,1.37,1.57,9.0,2.74,1.68,18.75,2.26,3.9,6.5,1.26,2.52,5.25,15.0,3.5,1.56,1.14,1.03,1.2,1.85,3.8,8.5,4.33,1.86,1.25,1.07,0,0,0,0,4,0,0,2,2,4,0,1759027200,-1,0,52,32,32,0,-1,2,1,0,1,3,2,1,5,2,1,0,0,3,0,-1,0,0,0,0,0.0,0.0,0.0,0,0,0,0,0,0,1,1,0,0,0,0,0,1,1,22,18,1,17,10,1,9,4,28,39,59,73,87,52,66,70,39,10.69,3.26,4.53,3.02,/clubs/seattle-sounders-fc-18,teams/usa-seattle-sounders-fc.png,Seattle Sounders,/clubs/vancouver-whitecaps-fc-5,teams/canada-vancouver-whitecaps-fc.png,Vancouver Whitecaps,2.17,1.65,2.07,1.67,1.5,1.87,72,62,42,27,14,65,52,41,1.77,1.24,3.01,/usa/vancouver-whitecaps-fc-vs-seattle-sounders-fc-h2h-stats#8229548,13973,37,True,True,True,True,False,False,True,"['54', '55']","['52', '69']"
MLS,2025,13973,8229549,13,12,2025,complete,120240,0,-1,"['14', '36', '80']",['21'],3,1,4,9,10,19,4,3,0,2,0,0,7,2,10,7,17,9,11,11,44,56,,28222.0,11435.0,,,0,2,2.17,3.7,2.87,1.03,1.11,1.55,2.25,3.77,15.0,4.8,2.42,1.7,1.29,1.49,2.5,3.75,1.22,4.75,1.15,1.39,1.29,1.62,2.7,2.25,3.42,2.44,2.85,3.0,1.61,2.2,1.2,1.46,1.76,2.21,2.88,3.7,2.6,2.01,1.63,1.36,1.93,6.5,2.38,1.72,17.5,2.05,4.6,6.25,1.24,2.35,4.75,13.0,3.7,1.6,1.16,1.03,1.14,1.7,3.2,6.5,5.0,2.05,1.3,1.1,0,0,0,0,4,2,1,1,0,1,3,1758414600,13,0,57,24,27,0,11004,2,1,5,2,4,8,7,12,0,1,0,1,1,1,1,53,50,86,94,1.94,1.08,3.02,0,0,0,0,0,0,1,1,0,0,2,1,0,0,1,12,15,1,11,11,1,4,10,20,30,60,84,93,34,80,73,54,6.4,3.53,4.87,3.07,/clubs/fc-dallas-13,teams/usa-fc-dallas.png,FC Dallas,/clubs/colorado-rapids-12,teams/usa-colorado-rapids.png,Colorado Rapids,1.22,0.76,1.0,0.87,1.17,1.3,80,70,40,17,7,70,57,43,1.23,1.02,2.25,/usa/colorado-rapids-vs-fc-dallas-h2h-stats#8229549,13973,34,True,True,True,True,False,False,True,"['14', '36', '80']",['21']
MLS,2025,13973,8229550,5,20,2025,complete,120240,0,-1,['88'],['39'],1,1,2,4,11,15,-1,-1,1,4,0,0,3,8,13,10,16,18,14,14,59,41,13889.0,5362.0,28121.0,,,1,4,1.53,4.0,4.3,1.03,1.14,1.49,2.15,3.85,11.0,6.13,2.7,1.65,1.31,1.51,2.18,3.1,1.33,6.5,1.08,1.14,1.24,2.31,2.19,2.51,4.64,1.95,2.9,4.0,1.25,3.75,1.18,1.38,1.72,2.05,2.74,3.85,2.71,2.04,1.7,1.35,1.38,7.5,3.3,1.5,11.0,2.65,3.3,10.0,1.22,2.08,4.6,12.0,3.8,1.65,1.18,1.04,1.15,1.7,3.15,7.0,5.0,2.06,1.32,1.1,0,0,0,0,2,0,1,1,0,1,1,1758767400,-1,0,45,25,21,0,20212,2,1,0,10,4,1,10,5,0,0,1,4,0,5,1,65,34,120,49,1.69,1.93,3.62,0,0,0,0,0,0,1,1,0,0,0,3,0,0,1,9,16,1,14,14,1,7,5,25,32,56,77,87,39,83,73,45,11.06,2.79,3.44,3.02,/clubs/vancouver-whitecaps-fc-5,teams/canada-vancouver-whitecaps-fc.png,Vancouver Whitecaps,/clubs/portland-timbers-20,teams/usa-portland-timbers.png,Portland Timbers,2.0,0.89,2.14,1.07,1.9,1.4,76,69,45,24,14,62,56,35,1.89,1.21,3.1,/usa/vancouver-whitecaps-fc-vs-portland-timbers-h2h-stats#8229550,13973,38,True,True,False,False,False,False,True,['88'],['39']
MLS,2025,13973,8229551,6,20,2025,complete,120240,0,-1,['44'],[],1,0,1,11,4,15,0,3,5,2,0,0,7,3,14,4,21,7,11,10,55,45,3.0,20.0,28121.0,,,5,2,1.92,3.45,3.1,1.05,1.24,1.76,2.65,5.0,9.5,4.5,2.11,1.42,1.17,1.64,2.21,3.2,1.3,4.33,1.18,1.29,1.26,1.75,2.55,2.27,3.8,2.4,2.6,3.5,1.44,2.62,1.18,1.35,1.73,2.09,2.7,3.9,2.9,2.0,1.63,1.36,1.58,7.5,3.18,1.66,9.5,2.25,4.0,6.0,1.29,2.48,5.5,19.0,3.2,1.52,1.12,1.02,1.2,1.93,3.65,9.5,4.0,1.84,1.22,1.05,0,0,0,0,1,1,0,0,0,0,1,1758414600,6,0,52,21,21,0,18357,2,1,6,1,5,3,7,8,1,1,4,1,2,5,1,59,26,90,69,2.23,0.85,3.08,0,0,0,0,0,0,1,1,0,0,2,0,0,0,1,13,15,1,10,11,1,5,5,14,27,52,76,90,31,76,76,48,10.08,2.93,4.46,2.65,/clubs/houston-dynamo-6,teams/usa-houston-dynamo.png,Houston Dynamo,/clubs/portland-timbers-20,teams/usa-portland-timbers.png,Portland Timbers,1.06,0.89,1.0,1.14,1.1,1.45,86,73,49,25,11,55,48,34,1.48,1.24,2.72,/usa/houston-dynamo-vs-portland-timbers-h2h-stats#8229551,13973,34,True,False,False,False,False,False,False,['44'],[]
MLS,2025,13973,8229552,2,18,2025,complete,120240,0,-1,['82'],"['61', '87']",1,2,3,9,6,15,1,4,3,1,0,0,5,4,8,5,13,9,19,6,50,50,11.0,,,,,3,1,1.8,3.65,3.5,1.01,1.2,1.68,2.7,4.3,12.5,4.4,2.18,1.46,1.17,1.6,2.42,3.45,1.25,4.5,1.17,1.29,1.22,1.9,2.55,2.38,3.45,2.23,2.6,3.1,1.53,2.37,1.19,1.39,1.62,2.29,2.55,3.78,2.63,1.96,1.59,1.43,1.75,7.0,2.66,1.75,15.75,2.13,4.33,6.5,1.29,2.38,5.4,14.0,3.35,1.53,1.12,1.02,1.18,1.9,3.35,9.0,4.35,1.82,1.23,1.06,0,0,0,0,3,0,0,1,2,3,0,1760825400,18,0,50,19,19,0,24832,2,1,3,2,6,4,5,10,3,0,0,1,3,1,1,59,35,85,85,1.59,1.11,2.7,0,0,0,0,0,0,1,1,0,0,1,1,0,0,1,16,10,1,6,19,1,2,10,6,35,63,81,100,35,88,85,47,11.76,3.25,4.13,2.85,/clubs/new-york-city-fc-2,teams/usa-new-york-city-fc.png,New York City,/clubs/seattle-sounders-fc-18,teams/usa-seattle-sounders-fc.png,Seattle Sounders,1.89,1.11,2.06,1.0,1.7,1.58,94,66,38,19,0,72,66,54,1.51,1.55,3.06,/usa/new-york-city-fc-vs-seattle-sounders-fc-h2h-stats#8229552,13973,37,True,True,True,False,False,False,True,['82'],"['61', '87']"
MLS,2025,13973,8229553,13401,17,2025,complete,120240,0,-1,['33'],['53'],1,1,2,1,5,6,2,1,4,1,1,0,2,10,4,15,6,25,11,10,36,64,11.0,131.0,29408.0,,,6,1,3.4,3.4,1.87,1.01,1.2,1.63,2.53,4.6,11.0,4.0,2.2,1.48,1.17,1.58,2.3,4.33,1.18,3.4,1.3,1.27,1.28,1.36,3.4,2.38,2.51,3.2,2.6,2.38,2.25,1.57,1.23,1.48,1.85,2.37,3.08,3.42,2.45,1.85,1.49,1.28,2.15,6.25,1.95,2.1,15.25,1.72,6.0,4.5,1.3,2.4,5.75,12.0,3.2,1.5,1.12,1.02,1.18,1.8,3.6,8.0,4.33,1.91,1.25,1.05,0,0,0,0,2,1,0,0,1,1,1,1757806200,-1,0,61,21,29,0,16195,2,1,1,4,0,1,5,1,2,0,3,1,2,4,1,14,65,47,80,0.62,2.73,3.35,0,0,0,0,0,0,1,1,0,0,0,1,0,0,1,2,3,1,10,11,1,11,5,18,32,57,68,79,33,68,64,39,8.64,2.43,5.0,2.75,/clubs/dc-united-13401,teams/usa-dc-united.png,DC United,/clubs/orlando-city-sc-17,teams/usa-orlando-city-sc.png,Orlando City,0.76,1.39,0.86,1.64,0.83,1.68,83,68,43,33,21,61,50,40,1.18,1.49,2.67,/usa/orlando-city-sc-vs-dc-united-h2h-stats#8229553,13973,34,True,True,False,False,False,False,True,['33'],['53']
MLS,2025,13973,8229554,1016,13401,2025,complete,120240,0,-1,['3'],['66'],1,1,2,8,5,13,3,2,0,4,0,0,7,4,6,6,13,10,12,17,51,49,50022.0,,,,,0,4,1.77,4.0,3.7,1.04,1.15,1.4,2.32,3.75,13.0,5.25,2.48,1.65,1.23,1.5,2.4,3.35,1.28,5.5,1.11,1.27,1.24,1.91,2.38,2.5,3.75,2.15,2.7,3.45,1.36,3.0,1.23,1.52,1.85,2.35,3.05,3.2,2.35,1.83,1.52,1.32,1.62,8.8,2.6,1.62,11.0,2.3,3.95,8.5,1.25,2.15,4.5,11.0,3.55,1.62,1.17,1.04,1.15,1.75,3.1,6.5,4.9,1.98,1.29,1.1,0,0,0,0,2,1,0,0,1,1,1,1760825400,-1,0,72,28,38,0,44098,2,1,4,3,4,2,7,6,0,2,0,2,2,2,1,42,36,57,67,1.61,1.17,2.78,0,0,0,0,0,0,1,1,1,0,1,0,0,0,1,7,11,1,17,12,1,6,7,29,38,63,85,91,38,81,81,57,9.38,3.19,4.25,3.32,/clubs/atlanta-united-fc-1016,teams/usa-atlanta-united-fc.png,Atlanta United FC,/clubs/dc-united-13401,teams/usa-dc-united.png,DC United,1.18,0.76,1.19,0.75,0.82,0.76,72,63,38,16,10,66,56,41,1.41,1.2,2.61,/usa/atlanta-united-fc-vs-dc-united-h2h-stats#8229554,13973,34,True,True,False,False,False,False,True,['3'],['66']
MLS,2025,13973,8229555,13,10,2025,complete,120240,0,-1,"['35', '45+3']",['4'],2,1,3,7,5,12,5,2,1,1,0,0,4,4,5,7,9,11,10,12,36,64,70173.0,,,,,1,1,1.79,3.88,3.31,1.01,1.1,1.59,2.35,3.1,21.0,6.5,2.36,1.6,1.33,1.44,2.7,3.35,1.28,7.0,1.07,1.22,1.23,2.19,2.0,2.7,4.58,1.95,3.2,4.2,1.36,3.0,1.17,1.37,1.68,2.09,2.7,3.94,2.75,2.14,1.63,1.36,1.85,8.5,2.33,1.61,24.0,2.25,3.9,10.0,1.16,2.03,3.9,10.0,4.2,1.83,1.2,1.05,1.13,1.62,2.9,6.0,5.5,2.2,1.36,1.11,0,0,0,0,3,2,1,0,0,0,3,1759610400,13,0,63,35,28,0,11004,2,1,5,1,2,4,6,6,0,1,1,0,1,1,1,59,51,92,104,1.28,1.35,2.63,0,0,0,0,0,0,1,1,0,1,0,0,0,0,1,14,20,1,12,10,1,5,10,22,38,53,85,97,47,82,78,44,8.13,3.32,5.0,3.16,/clubs/fc-dallas-13,teams/usa-fc-dallas.png,FC Dallas,/clubs/la-galaxy-10,teams/usa-la-galaxy.png,LA Galaxy,1.22,0.41,1.13,0.44,1.23,0.77,78,63,47,16,3,63,47,41,1.28,1.19,2.47,/usa/la-galaxy-vs-fc-dallas-h2h-stats#8229555,13973,34,True,True,True,False,False,False,True,"['35', '45+3']",['4']
MLS,2025,13973,8229556,6490,14,2025,complete,120240,0,-1,"['45+1', '45+3', '73', '87']",['14'],4,1,5,5,6,11,3,0,1,1,0,0,8,4,6,15,14,19,14,12,46,54,65836.0,43902.0,8.0,,,1,1,1.5,4.2,5.25,1.01,1.19,1.59,2.4,4.47,14.0,4.99,2.45,1.58,1.22,1.99,2.14,2.4,1.5,7.0,1.07,1.22,1.14,2.74,1.85,2.45,4.95,1.76,3.1,5.4,0.0,0.0,1.27,1.48,2.07,2.25,2.95,3.35,2.49,1.9,1.53,1.34,1.4,9.3,3.5,1.4,11.0,2.95,2.75,11.0,1.25,2.3,4.9,13.0,3.6,1.6,1.11,1.03,1.14,1.75,3.35,8.0,5.0,1.98,1.29,1.07,0,0,0,0,5,2,1,2,0,2,3,1758502800,6490,0,47,21,18,0,22901,2,1,4,2,1,4,6,5,1,1,0,0,2,0,1,36,54,75,106,1.7,1.87,3.57,0,0,0,0,0,0,1,1,0,0,0,0,0,0,1,13,16,1,12,14,1,10,4,4,22,47,72,100,25,75,79,40,8.78,2.85,3.92,2.47,/clubs/los-angeles-fc-6490,teams/usa-los-angeles-fc.png,Los Angeles FC,/clubs/real-salt-lake-14,teams/usa-real-salt-lake.png,Real Salt Lake,2.11,0.72,1.86,0.86,1.68,1.17,97,79,54,29,0,50,47,32,1.8,1.5,3.3,/usa/real-salt-lake-vs-los-angeles-fc-h2h-stats#8229556,13973,35,True,True,True,True,True,False,True,"['45+1', '45+3', '73', '87']",['14']
MLS,2025,13973,8229557,14,6490,2025,complete,120240,0,-1,['76'],"['3', '16', '82', '88']",1,4,5,12,2,14,1,2,3,1,1,0,5,6,16,3,21,9,15,13,59,41,7.0,8.0,43902.0,,,5,1,2.7,3.5,2.31,1.02,1.22,1.67,2.6,4.99,10.0,4.2,2.15,1.48,1.12,1.56,2.27,4.2,1.18,3.5,1.25,1.58,1.25,1.37,3.48,2.24,2.8,2.9,2.6,2.5,2.1,1.66,1.25,1.49,1.87,2.42,3.2,3.28,2.28,1.83,1.47,1.26,1.92,6.45,2.23,2.1,10.0,1.83,6.0,4.4,1.3,2.4,5.25,17.0,3.14,1.48,1.08,1.03,1.2,1.8,3.75,8.5,4.5,1.74,1.25,1.07,0,0,0,0,5,0,2,1,2,3,2,1758159000,6490,0,56,45,30,0,19778,2,1,5,1,7,1,6,8,1,0,3,1,1,4,1,108,29,109,57,2.44,1.2,3.64,0,0,0,0,0,0,1,1,0,1,0,0,0,0,1,19,8,1,12,15,1,3,12,23,46,53,75,97,53,82,71,38,9.29,3.76,5.45,3.06,/clubs/real-salt-lake-14,teams/usa-real-salt-lake.png,Real Salt Lake,/clubs/los-angeles-fc-6490,teams/usa-los-angeles-fc.png,Los Angeles FC,1.65,1.53,1.57,1.38,1.21,1.63,78,55,48,26,4,60,49,42,1.59,1.41,3.0,/usa/real-salt-lake-vs-los-angeles-fc-h2h-stats#8229557,13973,35,True,True,True,True,True,False,True,['76'],"['3', '16', '82', '88']"
MLS,2025,13973,8229558,7,11,2025,complete,120240,0,-1,"['2', '10', '68']","['78', '90+4']",3,2,5,8,6,14,3,2,2,1,0,0,7,7,7,9,14,16,8,9,53,47,5016.0,14.0,13.0,,,2,1,1.82,3.75,4.2,1.02,1.15,1.47,2.1,3.75,19.0,5.79,2.63,1.67,1.29,1.44,2.45,3.2,1.3,5.75,1.1,1.25,0.0,2.05,2.29,2.55,4.1,2.1,2.75,3.75,0.0,0.0,1.28,1.54,1.86,2.46,3.7,3.08,2.25,1.83,1.5,1.3,1.58,7.5,2.85,0.0,0.0,0.0,3.9,9.0,1.25,2.05,4.5,11.0,4.0,1.66,1.18,1.05,1.14,1.67,3.15,7.0,5.0,2.1,1.33,1.1,0,0,0,0,5,2,0,1,2,3,2,1757205000,7,0,56,22,30,0,16947,2,1,3,3,5,3,6,8,0,0,2,1,0,3,1,59,30,100,95,1.8,1.72,3.52,0,1,0,1,0,0,1,1,2,0,0,2,0,0,1,9,18,1,9,7,1,6,9,22,30,52,67,86,44,71,70,42,9.56,2.94,4.17,2.74,/clubs/chicago-fire-7,teams/usa-chicago-fire.png,Chicago Fire,/clubs/new-england-revolution-11,teams/usa-new-england-revolution.png,New England Revolution,1.42,1.18,1.31,1.43,1.44,1.11,78,71,48,34,15,48,41,33,1.56,1.34,2.9,/usa/chicago-fire-vs-new-england-revolution-h2h-stats#8229558,13973,34,True,True,True,True,True,False,True,"['2', '10', '68']","['78', '90+4']"
MLS,2025,13973,8229559,11,19,2025,complete,120240,0,-1,['90'],['75'],1,1,2,4,3,7,1,0,4,3,0,0,4,5,7,4,11,9,16,20,53,47,65836.0,13.0,11434.0,,,4,3,1.91,3.8,3.6,1.01,1.17,1.68,2.5,4.4,15.0,4.0,2.2,1.5,1.18,1.67,2.34,2.8,1.38,5.25,1.12,1.25,1.24,1.85,2.38,2.25,4.6,2.2,2.8,4.0,1.36,3.0,1.23,1.69,2.0,2.6,3.5,2.97,2.5,1.88,1.41,1.22,1.57,8.4,2.88,1.58,12.0,2.5,3.4,7.5,1.3,2.32,5.25,14.5,3.3,1.53,1.13,1.02,1.14,1.85,3.6,8.0,4.4,1.85,1.25,1.06,0,0,0,0,2,0,0,1,1,2,0,1757806200,-1,0,52,22,26,0,22391,-1,1,-1,-1,-1,-1,-1,-1,2,1,2,2,3,4,1,39,33,92,90,1.26,1.17,2.43,0,0,0,0,0,0,1,1,0,0,-1,-1,0,0,1,4,2,1,20,16,1,6,11,15,26,44,74,93,37,71,74,45,9.05,4.05,4.16,2.67,/clubs/new-england-revolution-11,teams/usa-new-england-revolution.png,New England Revolution,/clubs/toronto-fc-19,teams/canada-toronto-fc.png,Toronto,0.94,0.94,0.79,1.0,1.07,0.89,86,74,56,26,8,52,37,37,1.33,1.06,2.39,/usa/new-england-revolution-vs-toronto-fc-h2h-stats#8229559,13973,34,True,True,False,False,False,False,True,['90'],['75']
MLS,2025,13973,8229560,10,1015,2025,complete,120240,0,-1,"['12', '52']",['90+5'],2,1,3,7,6,13,-1,-1,1,3,1,0,8,4,3,9,11,13,14,12,60,40,13812.0,,,,,2,3,2.52,3.4,2.55,0.0,1.1,1.5,2.25,3.72,0.0,5.2,2.45,1.68,1.28,1.47,2.5,4.33,1.18,4.33,1.18,1.23,1.29,1.46,2.75,2.5,2.8,2.85,2.85,2.65,1.83,1.83,1.19,1.36,1.6,1.96,2.5,4.0,2.85,2.17,1.73,1.46,1.9,8.8,2.17,1.9,17.0,1.9,5.75,5.5,1.24,2.15,4.6,12.0,3.75,1.64,1.16,1.03,1.15,1.78,3.45,6.5,4.8,1.95,1.27,1.08,0,0,0,0,3,1,0,1,1,2,1,1760836200,10,0,60,16,35,0,17765,2,1,7,3,0,3,10,3,0,0,2,3,0,5,1,53,56,132,98,1.65,1.51,3.16,0,0,0,0,0,0,1,1,0,0,1,1,0,0,1,11,13,1,12,14,1,6,3,16,31,66,85,94,28,76,91,57,9.82,2.94,3.82,2.97,/clubs/la-galaxy-10,teams/usa-la-galaxy.png,LA Galaxy,/clubs/minnesota-united-fc-1015,teams/usa-minnesota-united-fc.png,Minnesota United,1.35,1.58,1.25,1.88,0.82,1.76,85,69,35,16,7,66,57,47,1.54,1.22,2.76,/usa/la-galaxy-vs-minnesota-united-fc-h2h-stats#8229560,13973,34,True,True,True,False,False,False,True,"['12', '52']",['90+5']
MLS,2025,13973,8229561,11,7,2025,complete,120240,0,-1,"['1', '90+6']","['82', '90+9']",2,2,4,2,5,7,1,0,2,1,0,0,2,5,4,12,6,17,8,14,41,59,,,14.0,,,2,1,2.8,3.78,2.2,1.02,1.13,1.4,2.11,3.4,19.0,5.5,2.63,1.67,1.26,1.36,2.8,5.0,1.13,4.33,1.18,1.25,1.21,1.44,3.25,2.5,2.6,2.8,2.7,2.5,2.1,1.66,1.28,1.48,1.8,2.3,3.0,3.3,2.43,1.88,1.54,1.33,1.95,7.0,2.38,2.0,19.0,1.83,6.5,4.8,1.22,2.05,4.75,10.0,3.9,1.7,1.18,1.04,1.13,1.74,2.85,6.0,5.0,2.02,1.3,1.1,0,0,0,0,4,1,0,1,2,3,1,1760824800,-1,0,66,32,35,0,36432,2,1,1,2,1,3,3,4,0,0,2,1,0,3,1,55,126,129,172,0.94,2.34,3.27,0,0,0,0,0,0,1,1,1,0,0,0,0,0,1,11,16,1,17,10,1,14,5,22,44,69,91,97,47,75,85,57,9.38,4.07,4.44,3.6,/clubs/new-england-revolution-11,teams/usa-new-england-revolution.png,New England Revolution,/clubs/chicago-fire-7,teams/usa-chicago-fire.png,Chicago Fire,0.94,1.67,0.94,1.75,1.06,1.58,79,56,31,10,3,50,47,38,1.35,1.44,2.79,/usa/chicago-fire-vs-new-england-revolution-h2h-stats#8229561,13973,34,True,True,True,True,False,False,True,"['1', '90+6']","['82', '90+9']"
MLS,2025,13973,8229562,8,698284,2025,complete,120240,0,-1,['16'],"['37', '82']",1,2,3,6,1,7,0,4,1,3,0,0,4,4,9,3,13,7,12,13,61,39,70173.0,,21189.0,,,1,3,2.52,3.74,2.8,1.04,1.15,1.53,2.25,3.72,15.0,5.0,2.4,1.63,1.22,1.44,2.63,3.8,1.22,4.75,1.15,1.29,0.0,1.65,2.8,2.4,3.1,2.6,2.62,2.85,0.0,0.0,1.19,1.38,1.72,2.19,2.65,3.7,2.59,2.07,1.67,1.42,1.73,8.5,2.5,0.0,0.0,0.0,5.0,6.0,1.24,2.25,5.0,10.0,3.7,1.6,1.15,1.03,1.15,1.77,3.2,7.5,4.8,2.0,1.27,1.09,0,0,0,0,3,1,1,0,1,1,2,1757286000,698284,0,59,22,30,0,15787,2,1,3,0,3,1,3,4,0,2,1,1,2,2,1,12,20,37,30,1.18,0.86,2.04,1,0,1,0,0,0,1,1,0,0,0,0,0,0,1,7,10,1,12,12,1,1,9,33,33,48,85,100,41,85,82,56,9.46,3.05,4.82,3.24,/clubs/sporting-kansas-city-8,teams/usa-sporting-kansas-city.png,Sporting KC,/clubs/austin-fc-698284,teams/usa-austin-fc.png,Austin,1.0,1.06,1.14,1.23,0.96,1.41,67,67,53,15,0,67,48,41,1.65,1.13,2.78,/usa/sporting-kansas-city-vs-austin-fc-h2h-stats#8229562,13973,34,True,True,True,False,False,False,True,['16'],"['37', '82']"
MLS,2025,13973,8229563,16,11,2025,complete,120240,0,-1,['70'],[],1,0,1,4,3,7,0,2,1,4,0,1,4,1,12,7,16,8,12,15,54,46,62506.0,48141.0,,,,1,5,1.44,4.1,5.4,1.01,1.15,1.8,2.02,3.8,11.0,5.25,2.0,1.7,1.25,1.64,2.32,2.6,1.44,7.0,1.07,1.15,1.24,2.79,1.97,2.5,5.0,1.95,2.75,5.1,1.2,4.33,1.17,1.35,1.64,2.17,2.38,4.1,2.74,2.25,1.67,1.5,1.33,10.25,3.6,1.45,11.0,2.85,3.0,11.0,1.25,2.29,5.0,13.0,3.7,1.66,1.15,1.04,1.17,1.75,3.14,7.5,4.8,1.78,1.29,1.08,0,0,0,0,1,0,0,1,0,1,0,1758393000,16,0,57,17,27,0,18920,2,1,2,1,2,2,3,4,0,1,1,4,1,5,1,54,34,116,78,1.68,0.83,2.51,0,0,0,0,0,0,1,1,0,0,0,1,0,0,1,39,25,1,15,12,1,5,8,24,37,63,77,90,47,80,77,47,11.87,3.67,4.33,3.1,/clubs/philadelphia-union-16,teams/usa-philadelphia-union.png,Philadelphia Union,/clubs/new-england-revolution-11,teams/usa-new-england-revolution.png,New England Revolution,2.16,1.18,2.27,1.33,1.9,1.07,77,63,37,23,10,70,57,50,1.81,1.36,3.17,/usa/new-england-revolution-vs-philadelphia-union-h2h-stats#8229563,13973,34,True,False,False,False,False,False,False,['70'],[]
MLS,2025,13973,8229564,711351,16,2025,complete,120240,0,-1,"['24', '30']",[],2,0,2,4,12,16,0,2,1,3,1,0,5,5,3,18,8,23,5,13,41,59,50024.0,,,,,2,3,2.22,3.5,2.65,1.01,1.13,1.57,2.55,4.2,13.0,4.6,2.3,1.5,1.19,1.44,2.45,4.0,1.2,4.2,1.18,1.29,1.24,1.44,2.88,2.38,3.1,2.75,2.75,2.85,1.8,1.9,1.38,1.67,2.0,2.46,3.34,2.75,2.1,1.73,1.4,1.23,2.35,6.75,1.78,1.83,10.0,1.9,5.25,5.0,1.26,2.32,5.0,13.0,3.5,1.57,1.13,1.03,1.17,1.83,3.4,7.5,4.5,1.91,1.25,1.07,0,0,0,0,2,2,0,0,0,0,2,1760825400,711351,0,38,16,25,0,31191,2,1,2,1,2,11,3,13,0,1,2,2,1,4,1,54,79,113,102,1.26,2.36,3.62,0,0,0,0,0,0,1,1,0,0,0,0,0,0,1,21,16,1,13,5,1,15,3,22,25,47,66,97,28,63,82,54,8.26,2.75,4.94,2.69,/clubs/charlotte-fc-711351,teams/usa-charlotte-fc.png,Charlotte,/clubs/philadelphia-union-16,teams/usa-philadelphia-union.png,Philadelphia Union,2.11,1.61,2.31,1.63,1.7,2.0,78,75,54,35,3,47,41,28,1.3,1.37,2.67,/usa/philadelphia-union-vs-charlotte-fc-h2h-stats#8229564,13973,37,True,True,False,False,False,False,False,"['24', '30']",[]
MLS,2025,13973,8229565,9,19,2025,complete,120240,0,-1,['16'],['51'],1,1,2,5,3,8,7,3,2,1,0,0,2,3,10,1,12,4,18,19,48,52,13858.0,40116.0,11434.0,,,2,1,1.56,4.54,5.57,1.03,1.17,1.67,2.25,4.34,11.0,4.9,2.38,1.61,1.21,1.87,2.0,2.55,1.45,6.5,1.08,1.2,1.21,2.5,1.95,2.6,4.95,1.8,3.1,5.0,1.18,4.5,1.4,1.68,2.63,2.75,4.3,2.6,2.04,1.61,1.38,1.15,1.29,9.7,4.0,1.44,11.0,2.87,2.8,11.0,1.25,2.35,4.75,13.0,3.55,1.6,1.14,1.04,1.11,1.89,3.2,7.5,4.8,1.89,1.29,1.08,0,0,0,0,2,1,0,0,1,1,1,1758411000,-1,0,65,21,32,0,20739,2,1,2,1,3,2,3,5,1,1,1,0,2,1,1,57,28,80,78,1.31,0.68,1.98,0,0,0,0,0,0,1,1,0,0,0,1,0,0,1,16,11,1,19,18,1,1,7,14,31,52,72,90,38,76,66,39,9.57,3.7,3.36,2.76,/clubs/columbus-crew-9,teams/usa-columbus-crew.png,Columbus Crew,/clubs/toronto-fc-19,teams/canada-toronto-fc.png,Toronto,1.94,0.94,1.87,1.0,1.63,0.9,87,69,49,28,10,55,35,21,1.75,1.07,2.82,/usa/columbus-crew-vs-toronto-fc-h2h-stats#8229565,13973,34,True,True,False,False,False,False,True,['16'],['51']
MLS,2025,13973,8229566,711351,1,2025,complete,120240,0,-1,['10'],"['41', '53', '86', '90']",1,4,5,1,7,8,1,2,4,1,1,0,1,9,5,8,6,17,9,18,41,59,59668.0,,,,,6,1,1.57,4.33,4.8,0.0,1.17,1.52,2.3,3.95,0.0,5.38,2.55,1.57,1.24,1.62,2.2,2.65,1.42,6.5,1.08,1.18,1.2,2.37,2.01,2.6,4.8,1.88,3.05,4.7,1.25,3.75,1.38,1.66,2.06,2.71,3.75,2.88,2.12,1.68,1.38,1.19,1.7,8.5,2.95,1.5,11.0,2.6,3.0,11.0,1.25,2.2,4.5,13.0,3.5,1.65,1.15,1.03,1.17,1.75,3.4,8.0,4.8,1.95,1.29,1.07,0,0,0,0,5,1,1,0,3,3,2,1759016400,1,0,50,10,30,0,28841,2,1,0,4,1,1,4,2,1,0,4,1,1,5,1,22,53,68,118,0.62,2.09,2.71,0,0,0,0,0,0,1,1,1,0,0,1,0,0,1,0,1,1,18,9,1,12,3,17,27,50,77,97,24,67,90,50,8.33,3.53,4.07,2.7,/clubs/charlotte-fc-711351,teams/usa-charlotte-fc.png,Charlotte,/clubs/montreal-impact-1,teams/canada-montreal-impact.png,Montreal Impact,2.11,0.94,2.47,0.87,1.71,0.77,84,73,50,24,4,50,47,34,1.34,1.1,2.44,/usa/montreal-impact-vs-charlotte-fc-h2h-stats#8229566,13973,34,True,True,True,True,True,False,True,['10'],"['41', '53', '86', '90']"
MLS,2025,13973,8229567,1015,7,2025,complete,120240,0,-1,[],"['26', '41', '70']",0,3,3,6,5,11,1,1,3,1,0,0,4,9,8,9,12,18,16,9,36,64,42.0,55946.0,14.0,,,3,1,2.15,3.7,2.8,1.03,1.18,1.49,2.44,4.0,11.0,5.16,2.46,1.6,1.24,1.51,2.5,3.55,1.25,4.75,1.15,1.29,1.25,1.7,2.61,2.5,3.5,2.4,2.63,3.25,1.61,2.2,1.22,1.47,2.02,2.25,2.65,3.7,2.57,1.99,1.66,1.41,1.74,7.0,3.15,1.7,11.0,2.25,4.5,6.5,1.22,2.32,5.0,13.0,3.5,1.6,1.11,1.03,1.11,1.75,3.3,7.5,4.8,1.96,1.3,1.08,0,0,0,0,3,0,2,0,1,1,2,1758414600,7,0,73,28,45,0,19693,2,1,3,4,3,1,7,4,1,0,2,1,1,3,1,49,49,79,91,1.39,2.12,3.51,0,0,0,0,0,0,1,1,0,0,0,1,0,0,1,12,14,1,9,15,1,8,9,25,56,73,87,97,42,73,80,62,9.2,3.26,4.23,3.69,/clubs/minnesota-united-fc-1015,teams/usa-minnesota-united-fc.png,Minnesota United,/clubs/chicago-fire-7,teams/usa-chicago-fire.png,Chicago Fire,1.58,1.67,1.67,1.57,1.8,1.45,76,45,27,14,4,55,55,42,1.52,1.4,2.92,/usa/chicago-fire-vs-minnesota-united-fc-h2h-stats#8229567,13973,37,True,True,True,False,False,False,False,[],"['26', '41', '70']"
MLS,2025,13973,8229568,13401,711351,2025,complete,120240,0,-1,[],['33'],0,1,1,4,13,17,0,5,2,3,2,0,3,5,5,8,8,13,14,13,28,72,62506.0,,,,,6,3,2.55,3.37,2.32,1.04,1.17,1.72,2.68,5.31,12.5,3.98,2.12,1.37,1.15,1.62,2.2,3.75,1.22,3.6,1.25,1.3,1.27,1.44,3.0,2.38,3.18,2.93,2.55,2.8,1.83,1.83,1.32,1.56,1.95,2.6,3.58,2.97,2.19,1.72,1.47,1.28,1.83,8.2,2.26,2.0,14.5,1.91,5.0,4.75,1.29,2.45,5.5,17.0,3.14,1.48,1.07,1.02,1.18,1.85,3.7,9.5,4.33,1.85,1.22,1.06,0,0,0,0,1,0,1,0,0,0,1,1759603200,711351,0,60,25,29,0,17003,2,1,4,4,0,9,8,9,3,1,1,2,4,3,1,24,98,60,124,0.89,1.88,2.77,0,0,0,0,0,0,1,1,0,0,1,0,0,0,1,5,20,1,13,14,1,4,3,22,32,54,75,91,38,72,79,44,8.13,2.06,4.88,2.94,/clubs/dc-united-13401,teams/usa-dc-united.png,DC United,/clubs/charlotte-fc-711351,teams/usa-charlotte-fc.png,Charlotte,0.76,1.11,0.81,1.0,0.78,1.66,78,69,47,25,10,51,35,32,1.17,1.09,2.26,/usa/dc-united-vs-charlotte-fc-h2h-stats#8229568,13973,34,True,False,False,False,False,False,False,[],['33']
MLS,2025,13973,8229569,16,2,2025,complete,120240,0,-1,['40'],[],1,0,1,10,5,15,2,2,3,1,0,0,5,2,10,5,15,7,9,14,39,61,13889.0,,,,,3,1,1.75,3.5,3.6,1.03,1.21,1.64,2.48,4.6,12.5,4.33,2.15,1.48,1.18,1.57,2.3,2.95,1.35,5.0,1.14,1.24,1.22,1.9,2.33,2.29,4.24,2.15,2.5,4.0,1.4,2.75,1.24,1.45,1.77,2.23,2.8,3.55,2.58,1.98,1.63,1.37,1.34,9.1,3.8,1.61,10.0,2.3,3.7,7.0,1.28,2.48,5.25,13.0,3.34,1.56,1.12,1.02,1.15,1.86,3.75,9.0,4.5,1.86,1.22,1.06,0,0,0,0,1,1,0,0,0,0,1,1759621200,16,0,53,22,22,0,19176,2,1,7,2,3,3,9,6,2,1,1,0,3,1,1,51,46,88,105,1.66,0.93,2.59,0,0,0,0,0,0,1,1,0,0,2,0,0,0,1,2,2,1,14,9,1,5,10,19,41,57,72,91,38,79,81,50,10.69,3.13,4.19,2.94,/clubs/philadelphia-union-16,teams/usa-philadelphia-union.png,Philadelphia Union,/clubs/new-york-city-fc-2,teams/usa-new-york-city-fc.png,New York City,2.16,1.52,2.31,1.44,1.97,1.75,81,60,44,29,10,72,60,44,1.8,1.29,3.09,/usa/new-york-city-fc-vs-philadelphia-union-h2h-stats#8229569,13973,37,True,False,False,False,False,False,False,['40'],[]
MLS,2025,13973,8229570,19,17,2025,complete,120240,0,-1,"['7', '34', '48', '61']","['54', '90+2']",4,2,6,2,8,10,2,3,4,2,0,0,6,10,6,21,12,31,17,17,39,61,24.0,,,,,4,2,3.05,3.74,2.15,1.01,1.2,1.62,2.5,4.8,13.0,4.33,2.25,1.46,1.22,1.57,2.4,4.75,1.15,3.3,1.28,1.25,1.24,1.3,3.52,2.31,2.45,3.55,2.62,2.3,2.5,1.5,1.28,1.49,1.81,2.28,2.95,3.22,2.4,1.87,1.54,1.33,2.28,6.45,1.85,2.1,10.0,1.72,6.0,4.0,1.25,2.32,5.2,13.0,3.45,1.55,1.13,1.03,1.17,1.85,3.4,7.5,4.5,1.89,1.25,1.07,0,0,0,0,6,2,0,2,2,4,2,1760825400,19,0,60,13,32,0,21013,2,1,1,2,1,6,3,7,0,1,4,1,1,5,1,40,70,50,67,1.46,3.13,4.59,0,0,0,0,0,0,1,1,1,0,0,0,0,0,1,4,11,1,17,17,1,14,5,10,19,44,75,85,19,54,72,50,8.32,2.13,3.75,2.38,/clubs/toronto-fc-19,teams/canada-toronto-fc.png,Toronto,/clubs/orlando-city-sc-17,teams/usa-orlando-city-sc.png,Orlando City,0.94,1.39,0.81,1.56,0.88,1.61,91,82,57,25,16,69,57,41,1.17,1.62,2.79,/usa/orlando-city-sc-vs-toronto-fc-h2h-stats#8229570,13973,34,True,True,True,True,True,True,True,"['7', '34', '48', '61']","['54', '90+2']"
MLS,2025,13973,8229571,677447,6,2025,complete,120240,0,-1,"['2', '48', '50']",['40'],3,1,4,5,3,8,1,0,2,0,0,1,7,4,11,4,18,8,18,9,67,33,70173.0,,,,,2,2,1.61,3.9,5.0,1.01,1.22,1.67,2.65,5.12,10.0,4.4,2.2,1.47,1.12,1.75,2.14,2.45,1.48,5.75,1.1,1.17,1.2,2.22,2.05,2.49,4.7,1.91,2.85,4.8,1.28,3.5,1.22,1.43,2.11,2.34,2.97,3.5,2.45,1.85,1.55,1.42,1.44,8.0,3.1,1.53,10.0,2.5,2.9,9.0,1.28,2.38,5.25,17.0,3.2,1.54,1.13,1.02,1.18,1.95,3.5,9.5,4.35,1.84,1.23,1.06,0,0,0,0,4,1,1,2,0,2,2,1759020000,677447,0,54,13,30,0,-1,2,1,4,1,1,2,5,3,2,1,0,0,3,0,1,76,24,121,44,2.17,0.96,3.13,0,0,0,0,0,0,1,1,1,0,0,0,0,1,1,13,18,1,9,18,1,6,6,17,30,57,74,87,30,70,77,47,9.93,3.74,4.46,2.9,/clubs/nashville-sc-mls-677447,teams/usa-nashville-sc-mls.png,Nashville SC,/clubs/houston-dynamo-6,teams/usa-houston-dynamo.png,Houston Dynamo,2.17,1.12,2.2,1.2,1.61,1.16,84,70,44,27,13,57,40,37,1.76,1.15,2.91,/usa/houston-dynamo-vs-nashville-sc-mls-h2h-stats#8229571,13973,34,True,True,True,True,False,False,True,"['2', '48', '50']",['40']
MLS,2025,13973,8229572,20,1398748,2025,complete,120240,0,-1,[],"['26', '47', '49', '63']",0,4,4,3,5,8,4,3,2,1,0,0,3,6,8,10,11,16,11,14,29,71,13864.0,,,,,2,1,2.75,3.7,2.49,1.02,1.16,1.5,2.31,4.1,10.0,5.0,2.45,1.62,1.25,1.44,2.5,4.33,1.18,4.33,1.18,1.22,1.26,1.48,3.0,2.3,2.93,2.88,2.85,2.7,1.83,1.83,1.26,1.49,1.81,2.44,2.95,3.22,2.43,1.79,1.45,1.25,2.38,7.0,2.05,1.91,11.0,1.93,5.75,5.5,1.22,2.15,4.7,11.0,3.75,1.62,1.17,1.03,1.14,1.77,3.0,6.5,5.0,1.95,1.3,1.08,0,0,0,0,4,0,1,0,3,3,1,1760836200,1398748,0,78,35,44,0,-1,2,1,1,2,2,3,3,5,1,0,1,1,1,2,1,50,69,65,113,1.26,1.93,3.19,0,0,0,0,0,0,1,1,0,0,0,1,0,0,1,3,15,1,14,11,1,6,6,25,35,66,88,100,44,69,91,56,9.63,3.07,3.82,3.32,/clubs/portland-timbers-20,teams/usa-portland-timbers.png,Portland Timbers,/clubs/san-diego-fc-1398748,teams/usa-san-diego-fc.png,San Diego,1.63,2.11,1.69,2.13,1.33,1.82,75,66,35,13,0,69,51,35,1.48,1.35,2.83,/usa/portland-timbers-vs-san-diego-fc-h2h-stats#8229572,13973,38,True,True,True,True,False,False,False,[],"['26', '47', '49', '63']"
MLS,2025,13973,8229573,1,945555,2025,complete,120240,0,-1,[],"['11', '55']",0,2,2,8,0,8,2,2,2,1,0,0,3,4,15,9,18,13,11,12,56,44,13967.0,47980.0,55486.0,,,2,1,2.6,3.8,2.81,1.04,1.13,1.44,2.2,3.54,10.0,5.0,2.4,1.6,1.26,1.39,2.73,4.75,1.2,4.75,1.15,1.48,1.26,1.48,2.95,2.38,2.85,2.7,2.9,2.8,1.66,2.1,1.26,1.5,1.75,2.45,3.28,3.22,2.5,1.94,1.46,1.25,1.83,7.5,2.38,1.8,19.75,2.0,5.0,6.25,1.22,2.05,4.75,12.0,3.5,1.7,1.15,1.03,1.15,1.73,3.2,6.0,4.75,2.0,1.3,1.11,0,0,0,0,2,0,1,0,1,1,1,1757806200,945555,0,54,25,29,0,15316,2,1,2,0,6,0,2,6,0,1,2,0,1,2,1,85,38,74,62,1.94,1.37,3.31,0,0,0,0,0,0,1,1,0,0,2,0,0,0,1,3,4,1,12,11,1,10,8,25,36,57,75,93,32,75,75,54,8.0,2.86,5.22,2.93,/clubs/montreal-impact-1,teams/canada-montreal-impact.png,Montreal Impact,/clubs/st-louis-city-sc-945555,teams/usa-st-louis-city-sc.png,St. Louis City,0.71,0.82,0.79,0.36,0.83,0.76,75,64,43,25,7,40,36,32,1.27,1.13,2.4,/usa/montreal-impact-vs-st-louis-city-sc-h2h-stats#8229573,13973,34,True,True,False,False,False,False,False,[],"['11', '55']"
MLS,2025,13973,8229574,12,6,2025,complete,120240,0,-1,"['10', '90+6']",['68'],2,1,3,9,5,14,2,2,3,1,0,1,7,6,15,9,22,15,7,14,58,42,,11435.0,20.0,,,3,2,2.05,3.9,3.5,1.0,1.2,1.61,2.43,4.2,12.0,5.02,2.35,1.5,1.18,1.55,2.25,3.3,1.28,4.75,1.13,1.28,1.29,1.69,2.5,2.43,3.6,2.4,2.62,3.3,1.53,2.37,1.2,1.37,1.66,2.0,2.55,3.9,2.75,2.03,1.66,1.44,1.84,8.6,2.65,1.72,12.0,2.1,4.0,6.5,1.29,2.25,5.0,12.0,3.3,1.57,1.12,1.0,1.17,1.81,3.5,8.0,5.0,1.87,1.26,1.07,0,0,0,0,3,1,0,1,1,2,1,1757813400,12,0,47,14,25,0,15128,2,1,3,3,6,2,6,8,0,0,3,2,0,5,1,42,39,87,55,2.17,1.64,3.81,0,0,0,0,0,0,1,1,1,0,0,0,0,0,1,21,16,1,14,7,1,9,11,18,32,47,79,93,25,79,79,47,9.78,3.14,4.36,2.82,/clubs/colorado-rapids-12,teams/usa-colorado-rapids.png,Colorado Rapids,/clubs/houston-dynamo-6,teams/usa-houston-dynamo.png,Houston Dynamo,1.65,1.12,1.64,1.29,1.24,1.14,83,68,54,21,7,61,43,36,1.51,1.12,2.63,/usa/houston-dynamo-vs-colorado-rapids-h2h-stats#8229574,13973,34,True,True,True,False,False,False,True,"['10', '90+6']",['68']
MLS,2025,13973,8229575,6,1398748,2025,complete,120240,0,-1,"['15', '87']","['53', '85', '89', '90+13']",2,4,6,1,7,8,1,0,2,3,0,0,5,6,12,10,17,16,19,17,34,66,36.0,,,,,2,3,2.57,3.6,2.27,1.04,1.18,1.62,2.45,4.25,10.0,4.7,2.25,1.5,1.19,1.56,2.53,4.0,1.2,3.8,1.22,1.53,1.22,1.41,3.1,2.3,3.05,2.8,2.5,2.65,1.8,1.9,1.29,1.52,1.85,2.39,3.2,3.28,2.35,1.83,1.47,1.26,2.1,8.4,1.95,1.91,16.5,1.97,5.5,5.0,1.27,2.44,5.25,15.0,3.45,1.53,1.12,1.03,1.18,1.83,3.65,8.5,4.5,1.88,1.24,1.07,0,0,0,0,6,1,0,1,4,5,1,1759624800,1398748,0,68,33,29,0,20732,2,1,0,6,1,1,6,2,1,0,1,3,1,4,1,45,68,72,86,1.74,1.91,3.65,0,1,0,1,0,0,1,1,0,0,0,0,0,0,1,16,17,1,17,18,1,8,4,17,32,65,87,100,49,77,87,52,9.99,3.0,4.34,3.14,/clubs/houston-dynamo-6,teams/usa-houston-dynamo.png,Houston Dynamo,/clubs/san-diego-fc-1398748,teams/usa-san-diego-fc.png,San Diego,1.06,2.11,1.13,2.07,1.13,1.78,84,68,36,13,0,58,48,29,1.53,1.31,2.84,/usa/houston-dynamo-vs-san-diego-fc-h2h-stats#8229575,13973,34,True,True,True,True,True,True,True,"['15', '87']","['53', '85', '89', '90+13']"
MLS,2025,13973,8229576,1398748,15,2025,complete,120240,0,-1,[],['14'],0,1,1,10,2,12,3,0,0,2,0,0,3,2,16,5,19,7,9,15,73,27,7.0,,,,,0,2,1.77,4.5,3.75,0.0,1.12,1.36,1.99,2.97,0.0,6.87,3.1,1.83,1.32,1.36,2.76,3.6,1.25,6.5,1.06,1.25,1.17,2.14,2.2,2.6,3.8,2.0,2.8,3.55,1.36,3.0,1.2,1.44,1.99,2.22,2.8,3.72,2.55,2.03,1.58,1.37,1.62,9.0,2.77,1.55,26.0,2.35,4.0,10.0,1.19,2.03,4.0,10.0,4.2,1.81,1.21,1.05,1.12,1.6,2.75,5.8,5.8,2.18,1.37,1.12,0,0,0,0,1,0,1,0,0,0,1,1759027200,15,0,62,23,40,0,-1,2,1,6,1,4,1,7,5,0,0,0,2,0,2,1,82,28,121,65,2.0,0.79,2.79,0,0,0,0,0,0,1,1,0,0,0,0,0,0,1,18,19,1,15,9,1,4,13,23,32,59,78,87,39,65,75,49,10.86,3.14,4.72,2.88,/clubs/san-diego-fc-1398748,teams/usa-san-diego-fc.png,San Diego,/clubs/san-jose-earthquakes-15,teams/usa-san-jose-earthquakes.png,SJ Earthquakes,1.67,1.18,1.63,1.13,1.84,1.13,77,68,42,22,13,55,39,29,1.66,1.63,3.29,/usa/san-jose-earthquakes-vs-san-diego-fc-h2h-stats#8229576,13973,34,True,False,False,False,False,False,False,[],['14']
MLS,2025,13973,8229577,18,20,2025,complete,120240,0,-1,['16'],[],1,0,1,3,6,9,3,5,0,1,1,0,3,4,7,5,10,9,11,10,51,49,69.0,,,,,2,1,1.6,4.15,4.6,1.01,1.18,1.54,2.45,4.2,15.0,5.1,2.3,1.59,1.23,1.59,2.18,2.65,1.42,6.25,1.09,1.22,1.18,2.34,2.17,2.64,5.25,1.87,3.0,4.5,1.28,3.5,1.25,1.38,1.69,2.11,2.78,3.8,2.55,2.05,1.64,1.37,1.38,9.7,3.7,1.5,19.0,2.6,3.1,9.5,1.28,2.38,4.7,13.0,3.42,1.62,1.16,1.03,1.18,1.85,3.75,8.5,4.4,1.85,1.25,1.06,0,0,0,0,1,1,0,0,0,0,1,1759631700,18,0,53,30,30,0,32913,2,1,2,1,1,5,3,6,0,0,1,1,0,2,1,54,63,75,87,1.23,1.31,2.54,0,0,0,0,0,0,1,1,0,0,1,0,0,0,1,12,18,1,10,11,1,9,8,30,40,53,72,87,37,71,72,46,9.83,3.62,3.81,3.02,/clubs/seattle-sounders-fc-18,teams/usa-seattle-sounders-fc.png,Seattle Sounders,/clubs/portland-timbers-20,teams/usa-portland-timbers.png,Portland Timbers,2.17,0.89,2.0,1.06,1.48,1.38,71,61,48,29,13,55,42,26,1.77,1.26,3.03,/usa/seattle-sounders-fc-vs-portland-timbers-h2h-stats#8229577,13973,37,True,False,False,False,False,False,False,['16'],[]
MLS,2025,13973,8229578,1398748,1015,2025,complete,120240,0,-1,['90+5'],"['74', '77', '90+2']",1,3,4,9,1,10,1,2,1,5,0,0,14,5,14,1,28,6,12,14,66,34,50024.0,44567.0,55946.0,,,1,5,1.84,3.6,3.85,1.01,1.15,1.68,2.6,4.5,10.0,4.0,2.1,1.46,1.17,1.63,2.25,2.9,1.36,5.25,1.13,1.23,1.26,1.9,2.3,2.3,4.4,2.1,2.65,3.85,1.4,2.75,1.24,1.47,1.83,2.32,3.08,3.34,2.42,1.87,1.51,1.28,1.35,8.8,3.54,1.61,11.5,2.3,3.65,7.5,1.31,2.37,5.25,12.0,3.1,1.51,1.13,1.02,1.17,1.85,3.4,8.0,4.5,1.9,1.28,1.05,0,0,0,0,4,0,0,1,3,4,0,1757817000,1015,0,49,21,18,0,27158,2,1,7,0,2,1,7,3,0,3,1,2,3,3,1,72,20,122,58,3.26,0.88,4.14,0,0,0,0,0,0,1,1,0,0,1,0,0,0,1,11,13,1,14,12,1,2,12,17,28,49,69,83,38,66,70,32,10.07,3.37,4.12,2.56,/clubs/san-diego-fc-1398748,teams/usa-san-diego-fc.png,San Diego,/clubs/minnesota-united-fc-1015,teams/usa-minnesota-united-fc.png,Minnesota United,1.67,1.58,1.73,1.86,1.93,1.76,83,72,52,31,17,59,42,35,1.56,1.25,2.81,/usa/minnesota-united-fc-vs-san-diego-fc-h2h-stats#8229578,13973,38,True,True,True,True,False,False,True,['90+5'],"['74', '77', '90+2']"
MLS,2025,13973,8229579,10,8,2025,complete,120240,0,-1,"['4', '25', '43', '60']",['28'],4,1,5,7,9,16,-1,-1,2,0,0,1,9,7,10,13,19,20,10,8,54,46,24.0,,,,,2,2,1.73,4.7,3.95,0.0,1.11,1.36,2.0,3.1,0.0,6.65,3.0,1.89,1.35,1.43,2.93,3.75,1.22,7.0,1.07,1.21,1.22,2.1,2.15,2.62,3.64,2.0,2.95,3.6,1.44,2.62,1.2,1.4,2.03,2.05,2.55,3.7,2.56,2.0,1.71,1.43,1.75,8.5,2.47,1.61,26.0,2.2,4.4,9.0,1.19,1.94,4.0,10.0,4.25,1.8,1.22,1.05,1.12,1.56,2.71,5.8,5.8,2.25,1.4,1.12,0,0,0,0,5,3,1,1,0,1,4,1759027200,10,0,62,27,38,0,-1,2,1,3,5,4,4,8,8,0,0,2,1,0,3,1,29,50,69,87,2.03,2.11,4.14,0,0,0,0,0,0,1,1,1,0,2,4,0,0,1,13,14,1,8,10,1,8,8,14,35,76,87,97,37,83,90,73,8.43,2.9,3.79,3.27,/clubs/la-galaxy-10,teams/usa-la-galaxy.png,LA Galaxy,/clubs/sporting-kansas-city-8,teams/usa-sporting-kansas-city.png,Sporting KC,1.35,0.65,1.0,0.73,0.7,0.87,87,66,25,14,4,59,49,35,1.49,1.19,2.68,/usa/sporting-kansas-city-vs-la-galaxy-h2h-stats#8229579,13973,34,True,True,True,True,True,False,True,"['4', '25', '43', '60']",['28']
MLS,2025,13973,8229580,14,698284,2025,complete,120240,0,-1,"['45', '49', '82']",['90+2'],3,1,4,5,10,15,1,3,2,2,0,0,8,2,7,5,15,7,10,16,52,48,69.0,,,,,2,2,1.7,3.75,4.2,1.01,1.19,1.68,2.5,4.75,10.0,4.6,2.2,1.5,1.19,1.61,2.18,2.7,1.4,5.25,1.12,1.14,1.2,2.23,2.15,2.31,4.4,2.03,2.5,4.33,1.4,2.75,1.23,1.42,1.98,2.17,2.75,3.6,2.64,1.99,1.58,1.38,1.46,9.3,3.0,1.61,10.0,2.37,3.25,8.5,1.3,2.38,5.1,13.0,3.45,1.56,1.13,1.02,1.18,1.91,3.9,9.0,4.4,1.87,1.24,1.06,0,0,0,0,4,1,0,2,1,3,1,1759023600,14,0,47,20,30,0,-1,2,1,4,5,1,5,9,6,1,0,1,2,1,3,1,53,55,93,85,1.89,0.98,2.87,0,0,0,0,0,0,1,1,0,0,1,1,0,0,1,20,11,1,16,10,1,3,8,20,27,44,74,97,37,80,74,40,9.07,3.8,5.67,2.67,/clubs/real-salt-lake-14,teams/usa-real-salt-lake.png,Real Salt Lake,/clubs/austin-fc-698284,teams/usa-austin-fc.png,Austin,1.65,1.06,1.47,1.27,1.13,1.47,80,74,57,27,4,57,44,33,1.64,1.12,2.76,/usa/real-salt-lake-vs-austin-fc-h2h-stats#8229580,13973,35,True,True,True,True,False,False,True,"['45', '49', '82']",['90+2']
MLS,2025,13973,8229581,7,2,2025,complete,120240,0,-1,['13'],"['40', '57', '90+3']",1,3,4,2,4,6,1,2,0,1,0,0,3,5,10,6,13,11,7,16,51,49,84.0,14.0,21302.0,,,0,1,2.1,3.65,2.9,1.04,1.17,1.55,2.3,4.06,10.0,4.6,2.4,1.57,1.22,1.48,2.55,3.55,1.25,4.75,1.15,1.34,1.26,1.72,2.5,2.4,3.47,2.3,2.7,3.3,1.53,2.37,1.27,1.48,1.83,2.42,2.95,3.35,2.48,1.81,1.55,1.34,1.77,7.5,2.65,1.72,18.75,2.19,4.5,6.5,1.29,2.25,4.75,10.0,3.4,1.57,1.15,1.02,1.17,1.8,3.25,7.25,4.5,2.0,1.29,1.07,0,0,0,0,4,1,1,0,2,2,2,1757809800,2,0,54,21,29,0,20636,2,1,0,1,2,3,1,5,0,1,0,0,1,0,1,37,41,76,95,1.3,1.35,2.65,0,0,0,0,0,0,1,1,0,0,0,0,0,0,1,15,17,1,16,7,1,4,11,22,36,47,64,86,36,72,75,47,8.86,2.43,4.08,2.68,/clubs/chicago-fire-7,teams/usa-chicago-fire.png,Chicago Fire,/clubs/new-york-city-fc-2,teams/usa-new-york-city-fc.png,New York City,1.42,1.52,1.43,1.21,1.5,1.63,79,64,54,36,14,57,50,36,1.58,1.26,2.84,/usa/new-york-city-fc-vs-chicago-fire-h2h-stats#8229581,13973,37,True,True,True,True,False,False,True,['13'],"['40', '57', '90+3']"
MLS,2025,13973,8229582,17,9,2025,complete,120240,0,-1,['34'],['31'],1,1,2,7,7,14,1,5,2,1,0,0,4,6,6,15,10,21,11,6,40,60,13864.0,,,,,2,1,1.9,3.8,3.4,1.03,1.14,1.51,2.26,3.8,17.0,5.0,2.5,1.63,1.25,1.5,2.5,3.5,1.25,5.5,1.11,1.26,1.22,1.95,2.3,2.5,3.7,2.25,2.81,3.4,1.44,2.62,1.38,1.67,2.43,2.7,3.65,2.88,2.05,1.64,1.36,1.22,1.71,6.75,2.62,1.66,19.0,2.2,4.0,8.0,1.22,2.26,4.6,12.0,3.8,1.65,1.17,1.04,1.12,1.71,3.1,6.5,5.05,2.05,1.3,1.1,0,0,0,0,2,1,1,0,0,0,2,1759621200,-1,0,78,46,33,0,21006,2,1,3,5,4,2,8,6,0,1,2,0,1,2,1,37,67,70,106,1.18,2.22,3.4,0,0,0,0,0,0,1,1,0,0,0,0,0,0,1,12,8,1,6,11,1,8,5,36,49,68,88,94,58,91,84,53,8.68,4.13,3.88,3.62,/clubs/orlando-city-sc-17,teams/usa-orlando-city-sc.png,Orlando City,/clubs/columbus-crew-9,teams/usa-columbus-crew.png,Columbus Crew,1.65,1.16,1.8,1.31,1.68,1.56,65,52,32,13,7,49,36,20,1.79,1.2,2.99,/usa/columbus-crew-vs-orlando-city-sc-h2h-stats#8229582,13973,35,True,True,False,False,False,False,True,['34'],['31']
MLS,2025,13973,8229583,945555,14,2025,complete,120240,0,-1,"['42', '88']","['17', '32']",2,2,4,7,3,10,0,2,3,3,0,0,7,3,21,5,28,8,11,10,54,46,7.0,,,,,3,3,2.45,3.94,2.62,1.03,1.14,1.45,2.08,3.75,11.0,6.48,2.6,1.66,1.26,1.43,3.1,4.5,1.17,4.75,1.15,1.25,1.21,1.57,2.7,2.35,3.0,2.54,2.9,2.75,1.8,1.9,1.17,1.3,1.73,1.87,2.38,4.3,3.1,2.3,1.65,1.37,1.95,7.5,2.08,1.83,11.0,1.9,4.8,6.25,1.22,2.17,4.4,11.0,3.66,1.69,1.18,1.04,1.13,1.6,2.9,6.0,5.1,2.02,1.3,1.1,0,0,0,0,4,1,2,1,0,1,3,1760836200,-1,0,63,25,22,0,-1,-1,1,-1,-1,-1,-1,-1,-1,1,1,2,2,2,4,1,97,50,112,110,2.94,1.09,4.03,1,0,1,0,0,0,1,1,0,0,-1,-1,0,0,1,18,10,1,12,13,1,3,15,13,25,57,75,94,35,81,75,44,9.88,3.26,4.69,2.69,/clubs/st-louis-city-sc-945555,teams/usa-st-louis-city-sc.png,St. Louis City,/clubs/real-salt-lake-14,teams/usa-real-salt-lake.png,Real Salt Lake,1.06,0.72,1.06,0.75,0.94,1.21,88,75,44,25,7,60,54,47,1.75,1.53,3.28,/usa/real-salt-lake-vs-st-louis-city-sc-h2h-stats#8229583,13973,34,True,True,True,True,False,False,True,"['42', '88']","['17', '32']"
MLS,2025,13973,8229584,6490,1016,2025,complete,120240,0,-1,['86'],[],1,0,1,9,1,10,3,1,2,1,0,0,4,1,11,2,15,3,9,7,54,46,3.0,,,,,2,1,1.41,4.6,5.2,1.01,1.13,1.6,2.07,3.45,21.0,6.26,2.35,1.67,1.34,1.53,2.3,2.4,1.5,8.0,1.05,1.18,1.13,2.7,1.95,2.54,5.1,1.65,2.9,5.5,0.0,0.0,1.2,1.4,2.02,2.04,2.6,3.72,2.7,2.07,1.68,1.33,1.38,9.6,3.2,1.38,23.0,3.08,2.62,13.0,1.2,2.0,4.25,11.0,3.8,1.75,1.2,1.05,1.15,1.6,2.85,6.5,5.0,2.2,1.36,1.1,0,0,0,0,1,0,0,1,0,1,0,1759713000,6490,0,44,17,24,0,22067,2,1,5,1,4,0,6,4,1,0,1,1,1,2,1,56,31,126,94,1.64,0.5,2.14,0,0,0,0,0,0,1,1,0,0,0,0,0,0,1,13,15,1,7,9,1,3,12,7,30,50,77,97,27,67,77,57,8.93,2.93,3.47,2.63,/clubs/los-angeles-fc-6490,teams/usa-los-angeles-fc.png,Los Angeles FC,/clubs/atlanta-united-fc-1016,teams/usa-atlanta-united-fc.png,Atlanta United FC,2.11,0.47,1.93,0.53,1.77,0.87,94,70,50,23,4,53,50,24,1.8,1.14,2.94,/usa/atlanta-united-fc-vs-los-angeles-fc-h2h-stats#8229584,13973,34,True,False,False,False,False,False,False,['86'],[]
MLS,2025,13973,8229585,7,9,2025,complete,120240,0,-1,"['25', '70']",[],2,0,2,7,4,11,6,4,1,1,0,0,9,1,13,6,22,7,7,9,51,49,50024.0,,,,,1,1,2.22,4.0,3.05,0.0,1.13,1.47,2.16,3.25,0.0,6.05,2.7,1.79,1.27,1.48,2.6,4.2,1.18,5.0,1.13,1.25,1.2,1.64,2.58,2.5,3.43,2.43,2.88,2.99,1.61,2.2,1.28,1.49,1.95,2.53,2.95,3.08,2.4,1.88,1.47,1.34,1.85,8.5,2.22,1.72,11.0,2.05,5.0,6.5,1.22,2.05,4.3,11.0,3.8,1.74,1.18,1.04,1.13,1.68,2.85,6.0,5.2,2.15,1.32,1.11,0,0,0,0,2,1,0,1,0,1,1,1759020000,7,0,74,37,34,0,-1,2,1,5,0,2,4,5,6,0,0,1,1,0,2,1,48,44,98,83,2.36,0.84,3.2,0,0,0,0,0,0,1,1,0,0,2,0,0,0,1,18,22,1,9,7,1,7,5,30,44,60,80,90,54,84,80,50,8.74,3.27,4.0,3.23,/clubs/chicago-fire-7,teams/usa-chicago-fire.png,Chicago Fire,/clubs/columbus-crew-9,teams/usa-columbus-crew.png,Columbus Crew,1.42,1.16,1.33,1.4,1.5,1.61,70,57,40,20,10,47,37,17,1.56,1.23,2.79,/usa/chicago-fire-vs-columbus-crew-h2h-stats#8229585,13973,37,True,True,False,False,False,False,False,"['25', '70']",[]
MLS,2025,13973,8229586,711351,677446,2025,complete,120240,0,-1,"['34', '47', '84']",[],3,0,3,4,5,9,3,1,2,4,0,1,4,5,6,5,10,10,10,18,41,59,70173.0,404.0,48359.0,,,2,5,2.64,3.6,2.35,1.02,1.11,1.43,2.1,3.75,14.5,5.25,2.8,1.65,1.25,1.4,2.75,4.75,1.15,4.2,1.17,1.61,1.25,1.47,3.1,2.5,2.9,2.8,2.81,2.6,1.83,1.83,1.32,1.6,2.05,2.71,3.76,2.88,2.1,1.67,1.48,1.19,2.2,8.2,2.02,1.9,21.0,1.93,5.5,5.5,1.2,2.21,4.35,12.0,3.85,1.62,1.17,1.03,1.11,1.62,3.0,6.5,5.0,2.15,1.33,1.09,0,0,0,0,3,1,0,2,0,2,1,1757806200,711351,0,60,23,30,0,35607,2,1,3,2,1,3,5,4,1,1,1,4,2,5,1,37,36,79,92,1.18,1.25,2.43,1,0,1,0,0,0,1,1,0,0,0,1,0,0,1,3,6,1,17,9,1,6,4,38,42,64,82,96,45,82,86,59,8.35,3.71,4.02,3.32,/clubs/charlotte-fc-711351,teams/usa-charlotte-fc.png,Charlotte,/clubs/club-internacional-de-futbol-miami-677446,teams/usa-club-internacional-de-futbol-miami.png,Inter Miami,2.11,1.68,2.43,1.69,1.72,1.84,63,59,37,18,4,49,37,26,1.35,1.31,2.66,/usa/club-internacional-de-futbol-miami-vs-charlotte-fc-h2h-stats#8229586,13973,37,True,True,True,False,False,False,False,"['34', '47', '84']",[]
MLS,2025,13973,8229587,15,698284,2025,complete,120240,0,-1,"['74', '77']",['22'],2,1,3,15,1,16,0,2,0,3,0,0,10,3,15,2,25,5,9,12,65,35,70481.0,,,,,0,3,1.78,4.0,3.95,0.0,1.13,1.46,2.18,3.7,0.0,5.75,2.7,1.67,1.27,1.47,2.48,3.4,1.28,5.75,1.1,1.25,1.25,1.98,2.25,2.6,3.85,2.1,2.75,3.5,1.4,2.75,1.17,1.44,1.73,2.15,2.52,4.05,2.55,1.97,1.61,1.37,1.44,7.5,3.25,1.62,19.0,2.3,4.0,8.0,1.25,2.21,4.5,11.0,3.9,1.68,1.16,1.04,1.13,1.68,3.15,7.0,4.8,2.06,1.3,1.08,0,0,0,0,3,0,1,2,0,2,1,1760836200,15,0,69,35,38,0,17033,2,1,8,0,7,1,8,8,0,0,0,3,0,3,1,84,28,113,75,2.87,0.74,3.61,0,0,0,0,0,0,1,1,0,0,0,0,0,0,1,19,14,1,13,9,1,6,11,29,41,60,88,100,41,85,85,50,10.44,4.12,5.13,3.47,/clubs/san-jose-earthquakes-15,teams/usa-san-jose-earthquakes.png,SJ Earthquakes,/clubs/austin-fc-698284,teams/usa-austin-fc.png,Austin,1.24,1.06,1.13,1.19,1.15,1.42,72,60,41,13,0,63,50,44,1.82,1.11,2.93,/usa/san-jose-earthquakes-vs-austin-fc-h2h-stats#8229587,13973,34,True,True,True,False,False,False,True,"['74', '77']",['22']
MLS,2025,13973,8229588,1016,1398748,2025,complete,120240,0,-1,['61'],['32'],1,1,2,4,4,8,7,3,1,1,0,0,6,4,11,3,17,7,11,12,36,64,59668.0,762.0,44567.0,,,1,1,2.38,3.5,2.42,1.03,1.16,1.75,2.29,4.2,14.0,5.1,2.1,1.55,1.22,1.44,2.5,4.33,1.18,4.0,1.2,1.58,1.29,1.44,3.2,2.25,3.0,2.75,2.62,2.75,1.83,1.83,1.29,1.54,2.31,2.37,3.2,3.1,2.28,1.76,1.41,1.22,2.13,6.4,2.02,1.93,10.0,1.95,5.0,5.0,1.23,2.2,4.8,13.0,3.75,1.6,1.15,1.04,1.15,1.7,3.14,7.0,5.0,1.97,1.3,1.08,0,0,0,0,2,0,1,1,0,1,1,1758400200,-1,0,72,35,38,0,43499,2,1,1,1,3,3,2,6,0,1,1,0,1,1,1,26,35,59,96,1.67,0.99,2.66,1,0,1,0,0,0,1,1,0,0,0,0,0,1,1,11,14,1,11,11,1,5,7,35,45,70,83,94,45,76,87,55,9.06,3.8,3.44,3.62,/clubs/atlanta-united-fc-1016,teams/usa-atlanta-united-fc.png,Atlanta United FC,/clubs/san-diego-fc-1398748,teams/usa-san-diego-fc.png,San Diego,1.18,2.11,1.2,2.14,0.9,1.87,66,56,31,17,7,62,52,24,1.39,1.33,2.72,/usa/atlanta-united-fc-vs-san-diego-fc-h2h-stats#8229588,13973,34,True,True,False,False,False,False,True,['61'],['32']
MLS,2025,13973,8229589,677447,677446,2025,complete,120240,0,-1,"['43', '45+6']","['34', '63', '67', '81', '90+1']",2,5,7,6,3,9,3,4,1,2,0,0,7,9,8,8,15,17,9,7,40,60,13889.0,,,,,1,2,2.32,3.94,2.5,0.0,1.13,1.45,2.1,3.55,0.0,5.5,2.75,1.72,1.29,1.4,2.75,4.33,1.18,5.0,1.14,1.24,1.27,1.62,2.7,2.55,3.1,2.48,3.0,2.85,1.72,2.0,1.41,1.6,2.16,2.85,3.8,2.88,2.0,1.6,1.38,1.21,1.75,6.75,2.4,1.8,19.0,1.95,5.25,6.5,1.22,2.1,4.33,12.0,4.0,1.7,1.19,1.04,1.13,1.62,2.85,6.0,5.3,2.15,1.33,1.1,0,0,0,0,7,2,1,0,4,4,3,1760825400,677446,0,60,25,22,0,30109,2,1,5,0,1,3,5,4,0,1,1,1,1,2,1,40,47,73,88,1.72,2.04,3.76,0,1,0,1,0,0,1,1,0,0,1,0,0,0,1,4,7,1,7,9,1,7,5,29,38,69,79,91,50,82,82,50,10.69,3.75,4.06,3.29,/clubs/nashville-sc-mls-677447,teams/usa-nashville-sc-mls.png,Nashville SC,/clubs/club-internacional-de-futbol-miami-677446,teams/usa-club-internacional-de-futbol-miami.png,Inter Miami,2.17,1.68,2.25,1.63,1.64,1.88,72,63,32,22,10,51,28,25,1.79,1.33,3.12,/usa/club-internacional-de-futbol-miami-vs-nashville-sc-mls-h2h-stats#8229589,13973,37,True,True,True,True,True,True,True,"['43', '45+6']","['34', '63', '67', '81', '90+1']"
MLS,2025,13973,8229590,945555,6490,2025,complete,120240,0,-1,[],"['15', '45+4', '60']",0,3,3,2,4,6,2,1,5,1,0,0,2,7,6,14,8,21,14,9,45,55,13864.0,,,,,5,1,3.5,4.1,1.75,1.03,1.14,1.5,2.23,3.55,11.0,5.5,2.6,1.68,1.28,1.45,2.74,5.75,1.1,3.55,1.25,1.23,1.2,1.23,3.6,2.55,2.47,3.6,2.8,2.18,2.5,1.5,1.17,1.34,1.63,2.05,2.55,4.05,2.8,2.12,1.67,1.44,2.1,8.5,1.85,2.1,23.0,1.66,8.0,4.2,1.22,2.28,4.4,10.0,4.0,1.67,1.18,1.04,1.14,1.73,3.0,6.5,5.1,2.0,1.33,1.1,0,0,0,0,3,0,2,0,1,1,2,1759020000,6490,0,72,46,38,0,-1,2,1,1,3,1,1,4,2,1,0,4,1,1,5,1,28,51,83,117,0.86,2.18,3.04,0,0,0,0,0,0,1,1,0,0,0,1,1,0,1,15,15,1,9,14,1,10,4,28,49,66,80,94,56,83,73,52,10.4,3.24,4.09,3.36,/clubs/st-louis-city-sc-945555,teams/usa-st-louis-city-sc.png,St. Louis City,/clubs/los-angeles-fc-6490,teams/usa-los-angeles-fc.png,Los Angeles FC,1.06,1.53,1.13,1.5,0.9,1.72,72,52,35,21,7,69,62,55,1.81,1.39,3.2,/usa/los-angeles-fc-vs-st-louis-city-sc-h2h-stats#8229590,13973,34,True,True,True,False,False,False,False,[],"['15', '45+4', '60']"
MLS,2025,13973,8229591,4,8043,2025,complete,120240,0,-1,[],['12'],0,1,1,12,1,13,2,3,3,1,0,0,3,1,13,6,16,7,9,4,65,35,65836.0,,,,,3,1,2.21,3.5,2.53,1.04,1.18,1.6,2.45,4.05,13.0,4.6,2.29,1.5,1.2,1.5,2.45,3.75,1.22,4.33,1.18,1.29,1.22,1.53,2.8,2.29,3.2,2.6,2.5,3.1,0.0,0.0,1.32,1.73,2.45,2.73,3.78,2.88,2.0,1.66,1.36,1.26,1.74,6.5,2.3,1.83,10.0,2.1,4.75,5.75,1.25,2.44,5.0,15.0,3.5,1.53,1.14,1.03,1.18,1.8,3.5,8.0,4.55,1.91,1.25,1.06,0,0,0,0,1,0,1,0,0,0,1,1759621200,8043,0,60,32,32,0,25017,2,1,5,0,7,1,5,8,0,1,3,0,1,3,1,2,1,11,5,1.22,0.51,1.73,0,0,0,0,0,0,1,1,0,0,0,0,0,0,1,0,1,1,4,9,1,7,12,31,41,60,72,94,54,81,72,44,7.81,3.19,4.19,3.22,/clubs/new-york-red-bulls-4,teams/usa-new-york-red-bulls.png,New York RB,/clubs/fc-cincinnati-8043,teams/usa-fc-cincinnati.png,FC Cincinnati,1.94,1.94,2.06,2.0,1.34,1.84,69,60,41,29,6,51,38,25,1.36,1.51,2.87,/usa/new-york-red-bulls-vs-fc-cincinnati-h2h-stats#8229591,13973,34,True,False,False,False,False,False,False,[],['12']
MLS,2025,13973,8229592,1016,17,2025,complete,120240,0,-1,"['19', '83', '90+5']","['4', '32']",3,2,5,5,6,11,3,0,3,2,0,1,5,5,9,6,14,11,12,4,60,40,70481.0,,,,,3,4,2.85,3.6,2.62,1.01,1.19,1.63,2.35,4.33,11.0,4.33,2.25,1.5,1.19,1.45,2.5,4.33,1.18,3.6,1.25,1.3,0.0,1.39,3.3,2.25,2.8,3.1,2.6,2.55,0.0,0.0,1.2,1.48,1.75,2.25,2.95,3.9,2.5,1.93,1.54,1.3,1.91,8.0,2.1,0.0,0.0,0.0,6.0,4.6,1.29,2.35,5.0,14.5,3.3,1.58,1.13,1.02,1.15,1.8,3.65,8.0,4.5,1.88,1.26,1.07,0,0,0,0,5,1,2,2,0,2,3,1748475000,1016,0,55,18,24,0,-1,2,1,1,2,4,3,3,7,0,0,3,3,0,6,-1,0,0,0,0,0.0,0.0,0.0,0,0,0,0,0,0,1,1,0,1,1,0,0,0,1,2,0,1,4,12,1,4,11,17,24,51,62,73,24,61,68,38,8.9,2.64,3.78,2.43,/clubs/atlanta-united-fc-1016,teams/usa-atlanta-united-fc.png,Atlanta United FC,/clubs/orlando-city-sc-17,teams/usa-orlando-city-sc.png,Orlando City,1.18,1.39,1.33,1.43,0.93,1.8,84,77,50,38,27,75,75,44,1.36,1.45,2.81,/usa/orlando-city-sc-vs-atlanta-united-fc-h2h-stats#8229592,13973,34,True,True,True,True,True,False,True,"['19', '83', '90+5']","['4', '32']"
MLS,2025,13973,8229593,8,1015,2025,complete,120240,0,-1,"['68', '72', '80']","['15', '31', '46']",3,3,6,4,4,8,0,2,1,1,0,0,3,6,6,10,9,16,10,17,68,32,,18.0,55946.0,,,1,1,2.47,3.35,2.85,1.05,1.25,2.02,3.4,6.0,10.0,3.3,1.88,1.3,1.1,1.7,2.1,3.0,1.33,3.4,1.29,1.44,0.0,1.58,2.95,2.15,3.1,2.8,2.38,3.1,0.0,0.0,1.27,1.49,2.01,2.0,2.65,3.3,2.63,2.01,1.61,1.36,1.72,6.75,2.33,0.0,0.0,0.0,4.33,5.0,1.39,2.7,6.5,19.0,2.75,1.4,1.08,1.01,1.25,1.93,4.2,10.0,3.6,1.75,1.18,1.02,0,0,0,0,6,0,2,3,1,4,2,1742084100,-1,0,50,50,0,0,14867,2,1,0,1,4,3,1,7,0,1,1,0,1,1,1,99,55,135,65,1.5,1.82,3.32,0,0,0,0,0,0,1,1,0,0,0,0,0,1,1,15,18,1,17,10,1,6,5,0,0,50,50,100,50,75,25,0,10.0,6.5,5.5,2.0,/clubs/sporting-kansas-city-8,teams/usa-sporting-kansas-city.png,Sporting KC,/clubs/minnesota-united-fc-1015,teams/usa-minnesota-united-fc.png,Minnesota United,1.0,1.58,0.0,1.5,0.0,2.0,100,100,50,50,0,25,25,25,1.81,1.22,3.03,/usa/sporting-kansas-city-vs-minnesota-united-fc-h2h-stats#8229593,13973,34,True,True,True,True,True,True,True,"['68', '72', '80']","['15', '31', '46']"
MLS,2025,13973,8229594,17,11,2025,complete,120240,0,-1,"['24', '33', '55']","['38', '44', '85']",3,3,6,6,3,9,1,1,4,1,0,0,8,6,14,9,22,15,10,15,47,53,69.0,29408.0,13.0,,,4,1,1.64,3.95,5.6,1.03,1.22,1.73,2.63,4.75,11.0,3.7,2.0,1.39,1.14,1.67,2.1,2.4,1.5,5.5,1.11,1.25,0.0,2.2,2.15,2.35,4.75,2.05,2.8,4.5,0.0,0.0,1.18,1.37,1.72,2.14,2.8,3.85,2.66,1.95,1.63,1.38,1.5,9.0,2.8,0.0,0.0,0.0,3.0,8.0,1.3,2.5,5.5,14.0,3.2,1.5,1.11,1.03,1.17,1.83,3.8,8.5,4.3,1.8,1.22,1.04,0,0,0,0,6,2,2,1,1,2,4,1746919800,-1,0,39,19,30,0,18805,2,1,3,2,3,1,5,4,0,0,4,1,0,5,1,6,9,86,84,1.99,1.44,3.43,1,1,1,1,0,0,1,1,0,0,0,0,0,0,1,3,1,1,14,9,1,4,10,30,30,49,57,82,47,65,65,40,9.83,3.6,3.63,2.67,/clubs/orlando-city-sc-17,teams/usa-orlando-city-sc.png,Orlando City,/clubs/new-england-revolution-11,teams/usa-new-england-revolution.png,New England Revolution,1.65,1.18,2.0,1.67,1.55,1.6,70,70,52,44,19,64,54,54,1.77,1.35,3.12,/usa/new-england-revolution-vs-orlando-city-sc-h2h-stats#8229594,13973,34,True,True,True,True,True,True,True,"['24', '33', '55']","['38', '44', '85']"
MLS,2025,13973,8229595,17,8,2025,complete,120240,0,-1,"['2', '76', '83']",['25'],3,1,4,6,4,10,2,2,0,0,0,0,7,5,14,8,21,13,8,11,54,46,59668.0,29408.0,,,,0,0,1.41,5.1,6.9,1.01,1.07,1.28,1.8,2.8,26.0,8.0,3.0,2.01,1.4,1.44,2.45,2.88,1.36,10.0,1.02,1.17,0.0,2.88,1.8,2.9,5.45,1.7,3.55,5.25,0.0,0.0,1.29,1.48,1.68,2.2,2.8,3.4,2.5,2.0,1.62,1.38,1.5,9.2,3.75,0.0,0.0,0.0,3.0,15.0,1.17,2.0,3.8,9.0,4.0,1.75,1.25,1.05,1.12,1.5,2.45,4.75,5.3,2.45,1.49,1.13,0,0,0,0,4,1,1,2,0,2,2,1755387000,17,0,72,36,36,0,20026,2,-1,3,2,3,2,5,5,0,0,0,0,0,0,1,68,41,116,84,2.3,1.47,3.77,0,0,0,0,0,0,1,1,1,0,2,0,-1,-1,1,12,11,1,11,8,1,6,10,23,44,76,80,92,52,84,76,60,7.69,3.25,4.73,3.39,/clubs/orlando-city-sc-17,teams/usa-orlando-city-sc.png,Orlando City,/clubs/sporting-kansas-city-8,teams/usa-sporting-kansas-city.png,Sporting KC,1.65,0.65,1.62,0.92,1.69,0.96,77,57,24,20,8,57,37,28,1.77,1.12,2.89,/usa/sporting-kansas-city-vs-orlando-city-sc-h2h-stats#8229595,13973,34,True,True,True,True,False,False,True,"['2', '76', '83']",['25']
MLS,2025,13973,8229596,4,19,2025,complete,120240,0,-1,"['44', '76']",['70'],2,1,3,5,1,6,2,3,2,4,1,0,6,2,6,3,12,5,12,10,53,47,13889.0,1313.0,11434.0,,,3,4,1.67,3.96,4.8,1.02,1.3,2.0,3.3,5.3,9.0,3.2,1.77,1.24,1.1,1.91,1.8,2.25,1.57,4.75,1.15,1.25,0.0,2.15,2.05,2.15,5.5,2.1,2.3,4.75,0.0,0.0,1.38,1.7,2.1,2.55,3.75,2.75,2.05,1.7,1.4,1.22,1.5,7.8,3.0,0.0,0.0,0.0,2.7,8.5,1.37,2.88,6.5,17.5,2.81,1.38,1.08,1.0,1.25,2.2,4.4,9.75,3.5,1.7,1.14,1.02,0,0,0,0,3,1,0,1,1,2,1,1742686200,4,0,59,42,17,0,18185,2,1,1,0,4,1,1,5,0,3,3,1,3,4,1,61,33,119,80,1.63,0.71,2.33,1,0,1,0,0,0,1,1,0,0,0,0,0,0,1,5,5,1,9,12,1,4,8,17,59,59,100,100,84,84,75,34,5.83,5.0,4.33,3.5,/clubs/new-york-red-bulls-4,teams/usa-new-york-red-bulls.png,New York RB,/clubs/toronto-fc-19,teams/canada-toronto-fc.png,Toronto,1.94,0.94,2.0,0.33,1.25,0.25,84,42,42,0,0,34,0,0,1.48,1.13,2.61,/usa/new-york-red-bulls-vs-toronto-fc-h2h-stats#8229596,13973,34,True,True,True,False,False,False,True,"['44', '76']",['70']
MLS,2025,13973,8229597,16,13401,2025,complete,120240,0,-1,"['15', '52', '77']",[],3,0,3,3,6,9,5,0,3,3,0,0,6,5,6,4,12,9,11,12,45,55,69.0,48141.0,13006.0,,,3,3,1.62,4.3,4.95,1.04,1.14,1.57,2.33,4.25,12.0,5.5,2.35,1.57,1.22,1.57,2.43,2.9,1.38,6.25,1.11,1.22,0.0,2.1,2.1,2.4,4.33,1.95,2.7,4.33,0.0,0.0,1.24,1.45,1.7,2.05,2.71,3.94,2.55,2.05,1.7,1.38,1.5,9.0,3.0,0.0,0.0,0.0,3.2,9.5,1.25,2.2,4.8,15.0,3.28,1.61,1.15,1.03,1.12,1.75,3.3,7.0,4.7,1.93,1.27,1.06,0,0,0,0,3,1,0,2,0,2,1,1745699400,16,0,70,35,35,0,18626,2,1,0,3,3,3,3,6,2,1,1,2,3,3,1,65,59,56,59,1.64,1.34,2.97,0,0,0,0,0,0,1,1,0,0,0,2,1,1,1,25,28,1,12,11,1,9,6,35,58,80,80,90,70,90,80,58,12.85,2.8,5.0,3.68,/clubs/philadelphia-union-16,teams/usa-philadelphia-union.png,Philadelphia Union,/clubs/dc-united-13401,teams/usa-dc-united.png,DC United,2.16,0.76,2.0,1.0,1.78,1.0,65,43,20,20,10,78,58,35,1.67,1.68,3.35,/usa/philadelphia-union-vs-dc-united-h2h-stats#8229597,13973,34,True,True,True,False,False,False,False,"['15', '52', '77']",[]
MLS,2025,13973,8229598,4,1,2025,complete,120240,0,-1,['67'],[],1,0,1,6,4,10,1,0,4,1,0,0,6,5,6,4,12,9,13,8,50,50,50024.0,1313.0,47980.0,,,4,1,1.69,3.75,4.8,1.05,1.3,1.85,3.3,6.5,9.3,3.5,1.9,1.28,1.06,1.87,1.82,2.3,1.55,4.5,1.18,1.18,0.0,2.05,2.2,2.12,4.6,2.2,2.55,4.2,0.0,0.0,1.33,1.57,2.26,2.55,3.4,2.75,2.25,1.75,1.43,1.26,1.6,8.5,2.75,0.0,0.0,0.0,2.88,8.0,1.41,2.92,6.5,16.0,2.62,1.42,1.04,1.01,1.22,2.2,4.6,11.0,3.5,1.61,1.16,1.03,0,0,0,0,1,0,0,1,0,1,0,1745699400,4,0,62,20,17,0,20108,2,1,3,2,3,2,5,5,1,0,3,1,1,4,1,36,35,80,87,1.44,1.18,2.62,0,0,0,0,0,0,1,1,0,0,1,1,0,0,1,19,27,1,8,13,1,7,7,7,17,62,86,93,47,79,73,25,8.51,4.77,4.57,2.65,/clubs/new-york-red-bulls-4,teams/usa-new-york-red-bulls.png,New York RB,/clubs/montreal-impact-1,teams/canada-montreal-impact.png,Montreal Impact,1.94,0.94,2.0,0.29,1.33,0.33,93,83,39,15,7,32,32,15,1.34,1.08,2.42,/usa/montreal-impact-vs-new-york-red-bulls-h2h-stats#8229598,13973,34,True,False,False,False,False,False,False,['67'],[]
MLS,2025,13973,8229599,18,9,2025,complete,120240,0,-1,['43'],['27'],1,1,2,2,1,3,1,2,3,3,1,0,2,3,6,6,8,9,13,10,43,57,13967.0,,,,,4,3,1.95,3.95,3.55,1.01,1.15,1.55,2.25,4.2,15.0,5.2,2.53,1.62,1.2,1.5,2.45,3.3,1.29,5.5,1.11,1.25,0.0,1.8,2.56,2.36,3.5,2.1,2.7,3.4,0.0,0.0,1.25,1.5,1.83,2.45,3.4,3.4,2.4,1.85,1.51,1.4,1.7,7.0,2.7,0.0,0.0,0.0,4.0,7.0,1.25,2.2,4.6,11.0,3.6,1.6,1.15,1.02,1.14,1.75,3.2,6.5,4.7,1.93,1.3,1.08,0,0,0,0,2,1,1,0,0,0,2,1751835600,-1,0,66,36,36,0,-1,-1,1,-1,-1,-1,-1,-1,-1,0,0,4,3,0,7,1,39,53,91,87,0.94,1.17,2.1,0,0,0,0,0,0,1,1,0,0,-1,-1,0,0,1,14,15,1,10,13,1,4,7,29,41,60,78,95,47,72,89,41,9.77,3.75,3.42,3.18,/clubs/seattle-sounders-fc-18,teams/usa-seattle-sounders-fc.png,Seattle Sounders,/clubs/columbus-crew-9,teams/usa-columbus-crew.png,Columbus Crew,2.17,1.16,2.22,1.5,1.53,1.85,71,60,41,23,6,53,36,18,1.74,1.18,2.92,/usa/columbus-crew-vs-seattle-sounders-fc-h2h-stats#8229599,13973,37,True,True,False,False,False,False,True,['43'],['27']
MLS,2025,13973,8229600,1015,10,2025,complete,120240,0,-1,"['18', '87']","['26', '90']",2,2,4,7,1,8,3,0,2,3,0,0,8,4,10,8,18,12,16,12,43,57,11.0,55946.0,2.0,,,2,3,1.98,3.87,3.7,1.01,1.2,1.72,2.63,4.1,16.0,4.2,2.1,1.5,1.2,1.62,2.23,3.0,1.33,4.75,1.15,1.27,0.0,1.8,2.5,2.43,3.75,2.3,2.67,3.6,0.0,0.0,1.25,1.44,1.67,2.05,2.65,3.55,2.7,2.1,1.7,1.44,1.65,6.75,3.0,0.0,0.0,0.0,3.8,6.5,1.3,2.44,5.5,15.0,3.2,1.5,1.12,1.0,1.18,1.91,3.8,8.0,4.4,1.85,1.22,1.06,0,0,0,0,4,1,1,1,1,2,2,1742675400,-1,0,50,25,25,0,19607,2,1,4,1,3,0,5,3,1,1,1,2,2,3,1,65,33,93,126,2.16,1.29,3.45,1,0,1,0,0,0,1,1,0,0,0,1,0,0,1,21,12,1,11,16,1,4,4,0,0,25,50,100,25,25,100,25,6.5,3.0,3.0,1.75,/clubs/minnesota-united-fc-1015,teams/usa-minnesota-united-fc.png,Minnesota United,/clubs/la-galaxy-10,teams/usa-la-galaxy.png,LA Galaxy,1.58,0.41,3.0,0.5,1.75,0.25,100,100,75,50,0,25,25,25,1.54,1.2,2.74,/usa/la-galaxy-vs-minnesota-united-fc-h2h-stats#8229600,13973,34,True,True,True,True,False,False,True,"['18', '87']","['26', '90']"
MLS,2025,13973,8229601,5,8,2025,complete,120240,0,-1,"['35', '43', '87']",[],3,0,3,9,4,13,5,0,1,2,0,0,5,3,16,8,21,11,17,11,54,46,19912.0,5362.0,,,,1,2,1.47,5.45,6.3,1.01,1.12,1.35,1.93,3.28,23.0,6.0,2.88,1.75,1.36,1.62,2.2,2.4,1.5,9.0,1.03,1.15,0.0,3.1,1.68,2.7,7.0,1.62,3.42,6.0,0.0,0.0,1.25,1.44,1.73,2.1,2.65,3.6,2.48,2.0,1.65,1.4,1.32,9.4,3.65,0.0,0.0,0.0,2.6,15.0,1.2,2.05,4.1,10.0,4.0,1.76,1.19,1.04,1.11,1.65,2.9,5.75,5.5,2.2,1.36,1.1,0,0,0,0,3,2,0,1,0,1,2,1753583400,5,0,67,38,33,0,20719,2,1,2,1,7,3,3,10,1,1,0,1,2,1,1,51,40,77,93,2.03,1.2,3.23,0,0,0,0,0,0,1,1,0,0,0,1,1,0,1,16,10,1,11,17,1,8,11,15,38,72,82,91,53,82,77,57,9.12,1.57,4.15,3.3,/clubs/vancouver-whitecaps-fc-5,teams/canada-vancouver-whitecaps-fc.png,Vancouver Whitecaps,/clubs/sporting-kansas-city-8,teams/usa-sporting-kansas-city.png,Sporting KC,2.0,0.65,2.0,1.0,1.83,1.04,86,62,29,19,10,67,48,29,1.81,1.12,2.93,/usa/vancouver-whitecaps-fc-vs-sporting-kansas-city-h2h-stats#8229601,13973,34,True,True,True,False,False,False,False,"['35', '43', '87']",[]
MLS,2025,13973,8229602,6,13,2025,complete,120240,0,-1,['18'],"['55', '76']",1,2,3,5,3,8,1,4,1,4,0,0,3,3,8,4,11,7,13,11,56,44,7.0,20.0,28222.0,,,1,4,2.08,3.6,3.45,1.01,1.26,1.8,3.05,5.25,10.5,3.98,1.98,1.38,1.14,1.7,2.1,2.75,1.33,4.33,1.18,1.31,0.0,1.85,2.53,2.2,3.8,2.4,2.55,3.6,0.0,0.0,1.3,1.5,1.85,2.4,3.3,3.2,2.35,1.85,1.57,1.28,1.5,7.0,3.2,0.0,0.0,0.0,3.7,6.0,1.33,2.55,5.8,16.0,3.15,1.45,1.06,1.01,1.22,1.91,3.9,9.25,4.05,1.75,1.22,1.04,0,0,0,0,3,1,0,0,2,2,1,1740274200,13,0,0,0,0,0,18623,2,1,1,1,4,2,2,6,1,1,0,3,2,3,1,57,42,104,111,1.32,0.97,2.29,0,0,0,0,0,0,1,1,0,0,1,1,0,0,1,16,23,1,11,13,1,3,8,0,0,0,0,0,0,0,0,0,0.0,0.0,0.0,0.0,/clubs/houston-dynamo-6,teams/usa-houston-dynamo.png,Houston Dynamo,/clubs/fc-dallas-13,teams/usa-fc-dallas.png,FC Dallas,1.06,1.28,0.0,0.0,0.0,0.0,0,0,0,0,0,0,0,0,0.0,0.0,0.0,/usa/houston-dynamo-vs-fc-dallas-h2h-stats#8229602,13973,34,True,True,True,False,False,False,True,['18'],"['55', '76']"
MLS,2025,13973,8229603,1398748,18,2025,complete,120240,0,-1,"['2', '41', '45+3']",[],3,0,3,3,5,8,3,5,3,1,0,0,4,4,6,10,10,14,22,10,43,57,13891.0,44567.0,25.0,,,3,1,2.22,3.36,3.26,1.06,1.38,2.36,3.7,7.26,8.0,2.8,1.62,1.29,1.1,1.96,1.8,2.55,1.33,3.6,1.3,1.36,0.0,1.58,2.9,2.05,3.5,2.62,2.37,3.25,0.0,0.0,1.25,1.34,1.73,2.1,2.75,3.6,2.87,2.0,1.65,1.37,1.57,7.0,2.5,0.0,0.0,0.0,3.65,5.0,1.53,3.2,7.25,19.5,2.62,1.38,1.08,1.01,1.3,2.1,4.5,17.0,3.2,1.65,1.17,1.02,0,0,0,0,3,3,0,0,0,0,3,1743906600,1398748,0,50,17,0,0,28228,2,1,3,3,0,2,6,2,0,0,3,1,0,4,1,25,61,71,117,1.1,1.61,2.71,0,0,0,0,0,0,1,1,1,0,1,0,0,0,1,16,17,1,10,22,1,10,9,17,17,17,67,84,17,84,50,0,15.0,5.0,4.67,2.0,/clubs/san-diego-fc-1398748,teams/usa-san-diego-fc.png,San Diego,/clubs/seattle-sounders-fc-18,teams/usa-seattle-sounders-fc.png,Seattle Sounders,1.67,1.11,1.67,0.33,1.83,1.0,84,84,84,33,17,67,50,50,1.8,1.85,3.65,/usa/seattle-sounders-fc-vs-san-diego-fc-h2h-stats#8229603,13973,37,True,True,True,False,False,False,False,"['2', '41', '45+3']",[]
MLS,2025,13973,8229604,2,1015,2025,complete,120240,0,-1,['89'],"['1', '29']",1,2,3,9,8,17,1,1,1,2,0,0,4,9,21,7,25,16,8,10,73,27,70173.0,21302.0,55946.0,,,1,2,2.3,3.25,2.8,1.04,1.24,1.76,2.7,4.75,10.0,3.8,2.0,1.4,1.15,1.6,2.2,3.2,1.3,4.0,1.2,1.34,0.0,1.67,2.65,2.25,3.45,2.5,2.6,3.2,0.0,0.0,1.15,1.26,1.58,1.82,2.4,3.8,3.4,2.37,1.82,1.5,1.7,7.0,2.75,0.0,0.0,0.0,4.2,5.5,1.34,2.5,5.75,12.0,3.0,1.46,1.1,1.0,1.2,1.91,3.8,8.5,4.1,1.8,1.22,1.04,0,0,0,0,3,0,2,1,0,1,2,1743966000,1015,0,67,25,42,0,18279,2,1,1,5,8,3,6,11,1,1,0,1,2,1,1,108,48,166,67,2.64,1.98,4.61,0,0,0,0,0,0,1,1,0,1,0,0,0,0,1,27,13,1,9,8,1,6,13,17,17,67,67,100,42,59,84,42,11.0,5.0,3.83,2.84,/clubs/new-york-city-fc-2,teams/usa-new-york-city-fc.png,New York City,/clubs/minnesota-united-fc-1015,teams/usa-minnesota-united-fc.png,Minnesota United,1.89,1.58,3.0,1.33,1.33,1.83,84,84,34,34,0,67,67,67,1.67,1.42,3.09,/usa/new-york-city-fc-vs-minnesota-united-fc-h2h-stats#8229604,13973,38,True,True,True,False,False,False,True,['89'],"['1', '29']"
MLS,2025,13973,8229605,12,1398748,2025,complete,120240,0,-1,"['37', '53', '60']","['49', '89']",3,2,5,3,5,8,0,3,1,0,0,0,8,4,12,7,20,11,15,6,38,62,70173.0,11435.0,44567.0,,,1,0,2.65,3.55,2.49,1.01,1.2,1.67,2.55,4.5,15.0,4.4,2.15,1.43,1.15,1.57,2.25,3.6,1.22,3.8,1.22,1.28,0.0,1.57,3.0,2.25,3.25,2.6,2.65,3.0,0.0,0.0,1.24,1.47,2.09,2.33,3.08,3.34,2.42,1.93,1.57,1.28,2.22,8.5,1.85,0.0,0.0,0.0,4.8,5.5,1.3,2.45,6.0,14.0,3.0,1.48,1.11,1.01,1.18,1.88,3.6,8.0,4.5,1.83,1.25,1.05,0,0,0,0,5,1,0,2,2,4,1,1744507800,12,0,50,50,17,0,15694,2,1,2,1,1,4,3,5,0,0,1,0,0,1,1,48,54,78,87,2.16,1.37,3.53,1,0,1,0,0,0,1,1,0,0,2,0,0,0,1,16,24,1,5,15,1,6,11,17,33,67,100,100,50,67,84,84,12.33,3.66,2.67,3.34,/clubs/colorado-rapids-12,teams/usa-colorado-rapids.png,Colorado Rapids,/clubs/san-diego-fc-1398748,teams/usa-san-diego-fc.png,San Diego,1.65,2.11,1.33,2.0,1.57,2.0,84,67,33,0,0,67,34,17,1.63,1.73,3.36,/usa/colorado-rapids-vs-san-diego-fc-h2h-stats#8229605,13973,34,True,True,True,True,True,False,True,"['37', '53', '60']","['49', '89']"
MLS,2025,13973,8229606,1015,677446,2025,complete,120240,0,-1,"['32', '45+2', '68', '70']",['48'],4,1,5,2,11,13,2,0,1,1,0,0,5,3,3,7,8,10,10,10,27,73,,55946.0,48359.0,,,1,1,2.46,3.47,2.88,1.01,1.22,1.75,2.5,4.5,14.0,4.1,2.1,1.44,1.16,1.57,2.28,3.5,1.25,3.9,1.22,1.4,0.0,1.5,2.8,2.11,3.2,2.6,2.6,2.95,0.0,0.0,1.22,1.4,1.65,2.1,2.6,3.8,2.8,2.1,1.7,1.44,1.98,8.0,2.35,0.0,0.0,0.0,4.75,5.5,1.3,2.45,5.5,17.0,3.2,1.5,1.11,1.02,1.2,1.85,3.8,8.5,4.7,1.85,1.22,1.04,0,0,0,0,5,2,0,2,1,3,2,1746909000,1015,0,45,23,33,0,19710,2,1,1,5,1,6,6,7,1,0,0,1,1,1,1,21,81,71,126,1.01,1.43,2.45,0,0,0,0,0,0,1,1,0,0,0,1,0,0,1,10,20,1,10,10,1,7,2,13,33,45,55,78,35,58,65,33,9.6,4.55,4.8,2.23,/clubs/minnesota-united-fc-1015,teams/usa-minnesota-united-fc.png,Minnesota United,/clubs/club-internacional-de-futbol-miami-677446,teams/usa-club-internacional-de-futbol-miami.png,Inter Miami,1.58,1.68,1.6,2.5,1.73,2.1,88,68,55,45,23,48,23,10,1.61,1.18,2.79,/usa/minnesota-united-fc-vs-club-internacional-de-futbol-miami-h2h-stats#8229606,13973,38,True,True,True,True,True,False,True,"['32', '45+2', '68', '70']",['48']
MLS,2025,13973,8229607,15,12,2025,complete,120240,0,-1,['45+1'],"['38', '71']",1,2,3,10,4,14,1,3,1,2,0,0,11,4,16,5,27,9,9,9,66,34,65836.0,21032.0,11435.0,,,1,2,2.02,3.73,3.73,1.04,1.22,1.7,2.65,4.75,15.0,4.0,2.05,1.42,1.15,1.57,2.25,3.0,1.33,4.5,1.17,1.28,0.0,1.77,2.5,2.3,3.75,2.28,2.62,3.58,0.0,0.0,1.27,1.42,1.73,2.27,3.04,3.5,2.57,2.0,1.58,1.31,1.85,6.5,2.3,0.0,0.0,0.0,3.7,6.5,1.31,2.5,5.3,14.0,3.43,1.58,1.1,1.0,1.17,1.85,3.6,8.0,4.33,1.85,1.25,1.05,0,0,0,0,3,1,1,0,1,1,2,1742092200,12,0,0,0,0,0,15302,2,1,6,1,4,3,7,7,0,0,1,2,0,3,1,93,58,87,76,3.12,1.27,4.39,0,0,0,0,0,0,1,1,0,0,2,0,0,0,1,23,15,1,9,9,1,4,8,0,25,25,25,75,0,75,25,25,10.0,2.5,4.0,1.5,/clubs/san-jose-earthquakes-15,teams/usa-san-jose-earthquakes.png,SJ Earthquakes,/clubs/colorado-rapids-12,teams/usa-colorado-rapids.png,Colorado Rapids,1.24,0.76,1.5,2.0,2.0,1.67,100,75,75,75,25,75,75,50,1.67,0.65,2.32,/usa/colorado-rapids-vs-san-jose-earthquakes-h2h-stats#8229607,13973,34,True,True,True,False,False,False,True,['45+1'],"['38', '71']"
MLS,2025,13973,8229608,15,14,2025,complete,120240,0,-1,"['28', '70', '74', '83']",[],4,0,4,6,5,11,2,2,4,2,0,0,9,7,5,15,14,22,13,15,37,63,13891.0,21032.0,8.0,,,4,2,2.2,3.55,3.15,1.02,1.24,1.75,2.81,4.33,10.0,4.2,2.1,1.45,1.2,1.57,2.33,3.3,1.29,4.33,1.18,1.3,0.0,1.7,2.8,2.2,3.7,2.47,2.6,3.25,0.0,0.0,1.16,1.3,1.73,1.95,2.46,3.8,3.05,2.0,1.7,1.5,1.98,7.5,2.08,0.0,0.0,0.0,4.5,6.0,1.28,2.6,5.5,19.0,3.3,1.5,1.12,1.0,1.15,1.83,3.5,9.5,4.75,1.85,1.25,1.05,0,0,0,0,4,1,0,3,0,3,1,1740281400,15,0,0,0,0,0,17432,2,1,3,3,3,2,6,5,0,0,4,2,0,6,1,24,54,77,136,1.69,2.27,3.96,0,0,0,0,0,0,1,1,0,0,1,0,0,0,1,15,34,1,15,13,1,8,7,0,0,0,0,0,0,0,0,0,0.0,0.0,0.0,0.0,/clubs/san-jose-earthquakes-15,teams/usa-san-jose-earthquakes.png,SJ Earthquakes,/clubs/real-salt-lake-14,teams/usa-real-salt-lake.png,Real Salt Lake,1.24,0.72,0.0,0.0,0.0,0.0,0,0,0,0,0,0,0,0,0.0,0.0,0.0,/usa/real-salt-lake-vs-san-jose-earthquakes-h2h-stats#8229608,13973,34,True,True,True,True,False,False,False,"['28', '70', '74', '83']",[]
MLS,2025,13973,8229609,13,16,2025,complete,120240,0,-1,[],[],0,0,0,2,11,13,1,0,3,1,1,0,2,1,5,23,7,24,11,15,31,69,70173.0,,,,,4,1,2.15,3.6,3.0,1.02,1.18,1.73,2.9,4.9,12.0,4.0,2.11,1.4,1.15,1.55,2.36,3.2,1.3,4.33,1.18,1.38,0.0,1.7,2.81,2.33,3.6,2.4,2.65,3.4,0.0,0.0,1.25,1.47,2.13,2.38,3.3,3.5,2.4,1.85,1.49,1.27,2.3,6.55,1.85,0.0,0.0,0.0,4.2,6.0,1.32,2.45,6.0,15.5,3.1,1.51,1.11,1.01,1.17,1.95,3.8,8.5,4.0,1.75,1.22,1.04,0,0,0,0,0,0,0,0,0,0,0,1748737800,-1,0,54,23,30,0,-1,2,1,1,6,1,5,7,6,2,0,2,1,2,3,1,17,101,81,152,0.72,2.31,3.03,0,0,0,0,0,0,1,1,0,0,0,0,0,0,1,24,19,1,15,11,1,21,4,7,16,45,69,100,23,47,84,45,9.69,3.74,4.6,2.44,/clubs/fc-dallas-13,teams/usa-fc-dallas.png,FC Dallas,/clubs/philadelphia-union-16,teams/usa-philadelphia-union.png,Philadelphia Union,1.22,1.61,0.67,2.14,1.13,2.06,93,85,55,31,0,69,45,30,1.02,1.51,2.53,/usa/fc-dallas-vs-philadelphia-union-h2h-stats#8229609,13973,36,False,False,False,False,False,False,False,[],[]
MLS,2025,13973,8229610,9,8043,2025,complete,120240,0,-1,['54'],['6'],1,1,2,8,8,16,2,1,0,1,0,0,6,3,10,7,16,10,9,13,68,32,69.0,,,,,0,1,1.75,3.83,3.6,1.01,1.15,1.7,2.65,4.4,15.0,4.0,2.19,1.4,1.14,1.62,2.2,3.0,1.33,4.75,1.15,1.25,0.0,1.85,2.47,2.35,4.2,2.1,2.5,3.9,0.0,0.0,1.28,1.55,1.88,2.55,3.05,3.05,2.23,1.81,1.46,1.22,1.5,8.9,3.2,0.0,0.0,0.0,3.6,7.0,1.27,2.4,4.9,12.0,3.4,1.58,1.12,1.02,1.2,1.78,3.5,9.5,4.25,1.94,1.21,1.06,0,0,0,0,2,0,1,1,0,1,1,1747523700,-1,0,50,36,22,0,-1,2,1,2,7,6,1,9,7,0,1,0,0,1,0,1,17,17,81,28,1.56,0.96,2.51,1,0,1,0,0,0,1,1,0,1,0,2,0,0,1,7,0,1,12,9,1,4,8,29,29,50,57,86,50,79,57,29,10.15,3.58,2.86,2.64,/clubs/columbus-crew-9,teams/usa-columbus-crew.png,Columbus Crew,/clubs/fc-cincinnati-8043,teams/usa-fc-cincinnati.png,FC Cincinnati,1.94,1.94,2.0,1.71,2.0,2.15,71,71,50,43,15,71,36,29,1.67,1.52,3.19,/usa/columbus-crew-vs-fc-cincinnati-h2h-stats#8229610,13973,37,True,True,False,False,False,False,True,['54'],['6']
MLS,2025,13973,8229611,698284,1398748,2025,complete,120240,0,-1,"['10', '19']",['27'],2,1,3,4,10,14,3,1,2,3,0,0,5,4,6,13,11,17,14,12,24,76,70481.0,21189.0,44567.0,,,2,3,1.75,3.7,4.0,1.05,1.28,1.92,3.1,6.15,13.0,3.6,1.91,1.33,1.13,1.73,2.1,2.6,1.44,4.5,1.17,1.28,0.0,1.9,2.37,2.2,4.4,2.25,2.6,3.7,0.0,0.0,1.2,1.47,1.98,2.25,2.5,3.7,2.7,1.95,1.71,1.46,1.95,6.25,2.3,0.0,0.0,0.0,3.3,7.0,1.41,2.65,7.0,17.0,2.96,1.43,1.09,1.01,1.22,2.0,4.3,11.0,4.05,1.7,1.17,1.05,0,0,0,0,3,2,1,0,0,0,3,1742760000,698284,0,25,25,0,0,20738,2,1,1,3,3,7,4,10,1,2,1,1,3,2,1,18,100,41,172,1.17,2.09,3.26,0,0,0,0,0,0,1,1,1,0,1,0,0,1,1,9,15,1,12,14,1,8,6,0,25,25,50,100,25,50,75,50,10.0,2.5,4.0,2.0,/clubs/austin-fc-698284,teams/usa-austin-fc.png,Austin,/clubs/san-diego-fc-1398748,teams/usa-san-diego-fc.png,San Diego,1.56,2.11,1.5,3.0,1.5,2.0,100,75,75,50,0,50,50,0,1.68,1.56,3.24,/usa/austin-fc-vs-san-diego-fc-h2h-stats#8229611,13973,36,True,True,True,False,False,False,True,"['10', '19']",['27']
MLS,2025,13973,8229612,8043,1016,2025,complete,120240,0,-1,"['70', '75']","['50', '88']",2,2,4,2,2,4,1,3,3,3,0,0,6,5,7,7,13,12,14,17,55,45,,40744.0,762.0,,,3,3,1.82,4.0,3.9,1.02,1.19,1.57,2.4,4.33,12.0,4.93,2.38,1.55,1.2,1.57,2.25,2.9,1.36,5.25,1.11,1.25,0.0,2.0,2.3,2.1,3.95,2.15,2.7,3.6,0.0,0.0,1.18,1.41,1.71,2.1,2.79,3.84,2.65,2.05,1.67,1.36,1.49,9.5,2.92,0.0,0.0,0.0,3.75,8.5,1.27,2.25,5.0,13.0,3.28,1.62,1.14,1.03,1.16,1.8,3.3,7.0,4.4,1.9,1.27,1.06,0,0,0,0,4,0,0,2,2,4,0,1742668200,-1,0,0,0,0,0,23120,2,1,1,2,1,0,3,1,2,1,1,2,3,3,1,57,22,110,96,1.66,1.28,2.93,0,0,0,0,0,0,1,1,0,0,0,0,1,0,1,17,19,1,17,14,1,4,5,0,0,0,75,100,0,0,100,75,9.5,6.0,4.0,1.75,/clubs/fc-cincinnati-8043,teams/usa-fc-cincinnati.png,FC Cincinnati,/clubs/atlanta-united-fc-1016,teams/usa-atlanta-united-fc.png,Atlanta United FC,1.8,0.47,3.0,0.0,1.5,1.0,100,100,100,25,0,25,0,0,1.4,1.48,2.88,/usa/atlanta-united-fc-vs-fc-cincinnati-h2h-stats#8229612,13973,34,True,True,True,True,False,False,True,"['70', '75']","['50', '88']"
MLS,2025,13973,8229613,11,16,2025,complete,120240,0,-1,[],"['76', '90+7']",0,2,2,4,5,9,3,3,2,3,0,0,1,7,7,12,8,19,12,21,49,51,24.0,13.0,48141.0,,,2,3,2.4,3.5,2.62,1.03,1.25,1.75,2.95,5.4,11.0,4.44,2.1,1.4,1.15,1.57,2.25,3.6,1.25,3.6,1.25,1.46,0.0,1.5,3.0,2.12,3.25,2.8,2.55,2.9,0.0,0.0,1.24,1.4,1.67,2.05,2.62,3.55,2.7,2.1,1.7,1.38,2.15,8.2,2.1,0.0,0.0,0.0,4.8,5.0,1.33,2.4,6.0,17.0,3.25,1.46,1.12,1.0,1.17,1.83,3.7,8.0,4.0,1.85,1.22,1.06,0,0,0,0,2,0,0,0,2,2,0,1741480200,16,0,50,50,50,0,15596,-1,1,-1,-1,-1,-1,-1,-1,0,1,2,2,1,4,1,53,55,102,115,0.97,2.09,3.06,0,0,0,0,0,0,1,1,0,0,-1,-1,0,0,1,19,15,1,21,12,1,9,7,50,50,50,50,100,50,50,100,50,9.0,5.0,4.0,3.5,/clubs/new-england-revolution-11,teams/usa-new-england-revolution.png,New England Revolution,/clubs/philadelphia-union-16,teams/usa-philadelphia-union.png,Philadelphia Union,0.94,1.61,0.0,3.0,0.5,3.0,50,50,50,50,0,50,50,50,0.59,1.22,1.81,/usa/new-england-revolution-vs-philadelphia-union-h2h-stats#8229613,13973,34,True,True,False,False,False,False,False,[],"['76', '90+7']"
MLS,2025,13973,8229614,698284,6490,2025,complete,120240,0,-1,['83'],[],1,0,1,3,1,4,1,0,3,2,0,0,2,2,1,3,3,5,11,13,45,55,13812.0,,,,,3,2,3.05,3.4,2.09,1.03,1.28,1.9,3.23,6.25,10.5,3.81,1.96,1.37,1.14,1.7,2.22,3.7,1.22,3.2,1.3,1.27,1.3,1.33,3.29,2.2,2.84,3.0,2.6,2.6,2.0,1.72,1.24,1.52,2.18,2.43,3.1,3.2,2.41,1.86,1.51,1.3,2.0,6.75,2.07,2.1,9.5,1.88,5.25,4.33,1.38,2.87,5.8,16.0,3.14,1.44,1.1,1.02,1.22,2.07,4.4,11.0,3.9,1.68,1.18,1.04,0,0,0,0,1,0,0,1,0,1,0,1760310600,698284,0,62,40,33,0,20738,2,1,2,0,1,1,2,2,1,1,2,1,2,3,1,13,10,39,52,0.43,0.54,0.96,0,0,0,0,0,0,1,1,0,0,0,0,0,1,1,8,4,1,13,11,1,10,5,17,40,56,75,91,56,72,75,39,9.56,3.41,4.08,2.9,/clubs/austin-fc-698284,teams/usa-austin-fc.png,Austin,/clubs/los-angeles-fc-6490,teams/usa-los-angeles-fc.png,Los Angeles FC,1.56,1.53,1.56,1.6,1.38,1.84,84,61,45,26,10,74,58,49,1.45,1.45,2.9,/usa/los-angeles-fc-vs-austin-fc-h2h-stats#8229614,13973,36,True,False,False,False,False,False,False,['83'],[]
MLS,2025,13973,8229615,677447,8043,2025,complete,120240,0,-1,['39'],"['43', '90+1']",1,2,3,4,5,9,0,2,1,0,0,0,7,6,7,11,14,17,16,8,47,53,36.0,48648.0,40744.0,,,1,0,2.25,3.4,3.1,0.0,0.0,1.9,0.0,0.0,0.0,0.0,1.9,0.0,0.0,0.0,0.0,0.0,0.0,0.0,0.0,0.0,0.0,0.0,0.0,0.0,0.0,0.0,0.0,0.0,0.0,0.0,0.0,0.0,0.0,0.0,0.0,0.0,0.0,0.0,0.0,0.0,0.0,0.0,0.0,0.0,0.0,0.0,0.0,0.0,0.0,0.0,0.0,0.0,0.0,0.0,0.0,0.0,0.0,0.0,0.0,0.0,0.0,0.0,0.0,0.0,0,0,0,0,3,1,1,0,1,1,2,1743294600,8043,0,25,0,25,0,25640,2,1,1,2,3,3,3,6,0,0,1,0,0,1,1,34,48,101,85,1.63,1.84,3.46,0,1,0,1,0,0,1,1,0,0,0,2,0,0,1,16,17,1,7,15,1,7,7,25,25,42,84,84,25,42,84,67,10.0,5.5,2.33,2.59,/clubs/nashville-sc-mls-677447,teams/usa-nashville-sc-mls.png,Nashville SC,/clubs/fc-cincinnati-8043,teams/usa-fc-cincinnati.png,FC Cincinnati,2.17,1.94,2.33,0.0,2.0,1.4,75,75,59,17,17,67,42,42,1.98,1.4,3.38,/usa/fc-cincinnati-vs-nashville-sc-mls-h2h-stats#8229615,13973,37,True,True,True,False,False,False,True,['39'],"['43', '90+1']"
MLS,2025,13973,8229616,6,698284,2025,complete,120240,0,-1,"['61', '79']",[],2,0,2,1,5,6,1,2,3,5,0,0,6,2,5,6,11,8,11,20,51,49,11.0,20.0,21189.0,,,3,5,2.15,3.2,3.5,1.04,1.32,1.95,3.4,6.0,8.25,3.1,1.73,1.28,1.1,1.8,1.91,2.62,1.4,3.75,1.22,1.33,0.0,1.75,2.62,2.15,4.0,2.4,2.4,3.4,0.0,0.0,1.22,1.43,1.75,2.25,3.1,3.7,2.55,1.9,1.53,1.36,1.43,9.1,3.1,0.0,0.0,0.0,3.75,5.5,1.42,2.8,7.25,20.0,2.62,1.38,1.07,1.01,1.26,2.2,4.8,12.0,3.5,1.61,1.16,1.03,0,0,0,0,2,0,0,2,0,2,0,1745713800,6,0,53,10,33,0,17808,2,1,0,1,1,4,1,5,1,1,2,4,2,6,1,40,48,61,68,1.4,0.99,2.39,0,0,0,0,0,0,1,1,0,0,0,0,0,0,1,15,18,1,20,11,1,8,8,23,33,53,53,100,33,78,65,43,10.7,4.45,4.95,2.73,/clubs/houston-dynamo-6,teams/usa-houston-dynamo.png,Houston Dynamo,/clubs/austin-fc-698284,teams/usa-austin-fc.png,Austin,1.06,1.06,0.8,1.5,0.78,1.78,78,68,48,48,0,80,68,58,1.35,1.16,2.51,/usa/houston-dynamo-vs-austin-fc-h2h-stats#8229616,13973,34,True,True,False,False,False,False,False,"['61', '79']",[]
MLS,2025,13973,8229617,698284,12,2025,complete,120240,0,-1,[],['18'],0,1,1,7,3,10,1,0,2,2,0,0,5,3,15,3,20,6,14,9,59,41,42.0,21189.0,11435.0,,,2,2,1.65,3.89,4.35,1.04,1.25,1.75,2.88,5.5,13.0,3.8,2.1,1.42,1.15,1.73,2.1,2.4,1.5,5.0,1.13,1.28,0.0,2.15,2.28,2.18,4.8,2.5,2.6,4.4,0.0,0.0,1.23,1.47,1.92,2.3,3.0,3.2,2.48,1.93,1.52,1.28,1.5,6.95,2.9,0.0,0.0,0.0,3.0,8.0,1.36,2.6,5.9,16.0,3.1,1.48,1.11,1.01,1.2,1.93,3.8,9.5,4.0,1.75,1.2,1.03,0,0,0,0,1,0,1,0,0,0,1,1741483800,12,0,0,0,0,0,20738,2,1,4,2,3,1,6,4,0,0,2,2,0,4,1,52,43,95,99,1.98,0.91,2.9,0,0,0,0,0,0,1,1,0,0,1,1,0,0,1,25,20,1,9,14,1,5,10,0,0,0,0,50,0,0,50,0,5.0,1.0,4.0,0.5,/clubs/austin-fc-698284,teams/usa-austin-fc.png,Austin,/clubs/colorado-rapids-12,teams/usa-colorado-rapids.png,Colorado Rapids,1.56,0.76,3.0,1.0,1.5,1.0,100,100,100,100,50,0,0,0,1.37,0.38,1.75,/usa/colorado-rapids-vs-austin-fc-h2h-stats#8229617,13973,34,True,False,False,False,False,False,False,[],['18']
MLS,2025,13973,8229618,19,4,2025,complete,120240,0,-1,['51'],['20'],1,1,2,4,6,10,0,4,1,1,0,0,2,5,11,3,13,8,13,7,48,52,70481.0,,,,,1,1,3.2,3.36,1.95,1.03,1.33,2.12,3.3,6.5,8.5,3.0,1.79,1.25,1.09,1.68,1.85,3.75,1.22,2.4,1.5,1.8,0.0,1.25,4.55,2.0,2.63,3.9,2.3,2.4,0.0,0.0,1.44,1.73,2.0,2.55,4.2,2.65,2.2,1.72,1.45,1.16,2.49,6.0,1.85,0.0,0.0,0.0,6.0,3.2,1.47,3.17,7.0,26.0,2.75,1.36,1.07,1.02,1.24,2.2,4.75,11.5,3.6,1.6,1.16,1.02,0,0,0,0,2,0,1,1,0,1,1,1750894200,-1,0,37,22,16,0,-1,2,1,1,1,3,5,2,8,0,0,1,1,0,2,1,1,8,6,11,0.95,0.91,1.86,0,0,0,0,0,0,1,1,0,0,0,0,0,0,1,9,8,1,7,13,1,7,8,6,6,37,64,79,27,49,64,26,7.5,3.5,3.87,1.91,/clubs/toronto-fc-19,teams/canada-toronto-fc.png,Toronto,/clubs/new-york-red-bulls-4,teams/usa-new-york-red-bulls.png,New York RB,0.94,0.59,0.5,0.56,0.76,1.5,95,95,63,37,21,58,31,21,1.14,1.1,2.24,/usa/new-york-red-bulls-vs-toronto-fc-h2h-stats#8229618,13973,34,True,True,False,False,False,False,True,['51'],['20']
MLS,2025,13973,8229619,6,8,2025,complete,120240,0,-1,['13'],"['45+3', '52', '88']",1,3,4,6,7,13,-1,-1,3,2,0,0,9,4,13,9,22,13,14,9,58,42,57.0,,,,,3,2,1.84,3.86,4.75,1.05,1.18,1.7,2.78,5.25,10.0,3.8,2.17,1.44,1.15,1.68,2.25,2.8,1.38,4.75,1.15,1.29,0.0,1.85,2.45,2.3,4.35,2.25,2.7,3.9,0.0,0.0,1.26,1.54,2.25,2.35,3.28,3.0,2.35,1.8,1.46,1.25,1.44,8.9,3.28,0.0,0.0,0.0,3.3,7.0,1.3,2.7,5.5,16.5,2.95,1.5,1.11,1.02,1.2,1.93,3.7,8.5,4.2,1.75,1.22,1.04,0,0,0,0,4,1,1,0,2,2,2,1748737800,8,0,63,25,32,0,-1,2,1,2,4,4,3,6,7,1,0,2,2,1,4,1,41,50,84,97,2.31,1.47,3.77,0,0,0,0,0,0,1,1,0,0,2,0,0,0,1,18,22,1,9,14,1,3,13,13,32,63,76,94,38,69,76,57,8.38,3.26,5.13,2.94,/clubs/houston-dynamo-6,teams/usa-houston-dynamo.png,Houston Dynamo,/clubs/sporting-kansas-city-8,teams/usa-sporting-kansas-city.png,Sporting KC,1.06,0.65,1.25,0.63,1.25,0.87,88,69,38,26,7,57,38,25,1.48,1.18,2.66,/usa/houston-dynamo-vs-sporting-kansas-city-h2h-stats#8229619,13973,34,True,True,True,True,False,False,True,['13'],"['45+3', '52', '88']"
MLS,2025,13973,8229620,677446,711351,2025,complete,120240,0,-1,['46'],[],1,0,1,2,13,15,1,1,3,1,1,0,2,0,2,9,4,9,10,12,43,57,5016.0,48359.0,404.0,,,5,1,1.65,4.1,4.6,1.02,1.12,1.45,2.2,3.8,12.0,6.0,2.4,1.68,1.22,1.5,2.25,2.8,1.38,6.25,1.09,1.22,0.0,2.23,1.97,2.5,4.75,2.0,3.2,4.4,0.0,0.0,1.24,1.46,1.88,2.4,2.9,3.15,2.38,1.85,1.49,1.27,1.5,9.4,3.48,0.0,0.0,0.0,2.9,13.0,1.25,2.1,4.75,11.0,4.0,1.7,1.19,1.03,1.12,1.73,3.14,6.5,5.2,2.0,1.3,1.08,0,0,0,0,1,0,0,1,0,1,0,1741550400,677446,0,100,100,100,0,20436,2,1,2,5,0,8,7,8,3,0,1,1,3,2,1,21,101,67,109,0.56,1.3,1.85,0,0,0,0,0,0,1,1,0,0,1,0,0,0,1,12,15,1,12,10,1,8,1,0,100,100,100,100,100,100,100,100,11.0,1.0,6.0,4.0,/clubs/club-internacional-de-futbol-miami-677446,teams/usa-club-internacional-de-futbol-miami.png,Inter Miami,/clubs/charlotte-fc-711351,teams/usa-charlotte-fc.png,Charlotte,2.29,1.11,1.0,1.0,2.0,2.0,100,0,0,0,0,100,50,50,1.61,0.7,2.31,/usa/club-internacional-de-futbol-miami-vs-charlotte-fc-h2h-stats#8229620,13973,37,True,False,False,False,False,False,False,['46'],[]
MLS,2025,13973,8229621,18,1398748,2025,complete,120240,0,-1,['58'],[],1,0,1,4,6,10,2,2,2,1,0,0,5,7,2,8,7,15,13,13,37,63,13967.0,,,,,2,1,1.9,3.6,3.86,1.01,1.22,1.73,3.0,5.2,12.0,3.7,2.16,1.39,1.15,1.62,2.15,2.8,1.38,4.75,1.15,1.29,0.0,1.85,2.3,2.2,4.0,2.2,2.5,4.0,0.0,0.0,1.27,1.5,1.88,2.5,3.5,3.3,2.35,1.77,1.44,1.25,1.64,8.6,2.9,0.0,0.0,0.0,3.5,7.5,1.33,2.45,6.25,12.0,3.2,1.44,1.11,1.0,1.2,1.9,3.8,10.0,4.2,1.77,1.22,1.06,0,0,0,0,1,0,0,1,0,1,0,1748478600,18,0,59,42,33,0,-1,2,1,2,3,2,3,5,5,1,0,1,1,1,2,1,26,67,74,105,0.99,1.92,2.91,0,0,0,0,0,0,1,1,0,0,2,0,0,0,1,19,14,1,13,13,1,8,1,25,42,75,84,92,59,67,75,59,10.5,4.17,3.5,3.33,/clubs/seattle-sounders-fc-18,teams/usa-seattle-sounders-fc.png,Seattle Sounders,/clubs/san-diego-fc-1398748,teams/usa-san-diego-fc.png,San Diego,2.17,2.11,2.33,1.5,1.53,1.8,75,59,25,17,9,50,33,25,1.93,1.47,3.4,/usa/seattle-sounders-fc-vs-san-diego-fc-h2h-stats#8229621,13973,37,True,False,False,False,False,False,False,['58'],[]
MLS,2025,13973,8229622,677446,10,2025,complete,120240,0,-1,"['43', '84', '89']",['59'],3,1,4,13,2,15,1,0,0,0,0,0,8,3,21,2,29,5,8,3,46,54,36.0,48359.0,2.0,,,0,0,1.53,4.95,5.4,1.01,1.08,1.33,1.89,2.95,26.0,6.2,3.2,1.83,1.4,1.4,2.98,3.2,1.3,8.5,1.04,1.18,0.0,2.55,1.93,2.68,5.0,1.8,3.1,4.75,0.0,0.0,1.36,1.62,2.0,2.5,3.3,3.2,2.2,1.73,1.48,1.29,1.42,7.5,3.75,0.0,0.0,0.0,3.4,13.0,1.18,1.92,3.8,8.75,4.33,1.75,1.22,1.06,1.12,1.53,2.62,5.1,6.0,2.2,1.42,1.13,0,0,0,0,4,1,0,2,1,3,1,1755387000,677446,0,68,37,43,0,20846,2,-1,4,1,9,1,5,10,0,0,0,0,0,0,1,10,1,10,3,2.43,0.53,2.96,0,0,0,0,0,0,1,1,0,0,1,0,-1,-1,1,3,6,1,3,8,1,2,13,34,42,64,84,96,57,84,80,55,9.49,2.59,5.76,3.51,/clubs/club-internacional-de-futbol-miami-677446,teams/usa-club-internacional-de-futbol-miami.png,Inter Miami,/clubs/la-galaxy-10,teams/usa-la-galaxy.png,LA Galaxy,2.29,0.41,1.91,0.38,1.83,0.64,67,59,37,17,5,59,46,37,1.37,1.17,2.54,/usa/la-galaxy-vs-club-internacional-de-futbol-miami-h2h-stats#8229622,13973,34,True,True,True,True,False,False,True,"['43', '84', '89']",['59']
MLS,2025,13973,8229623,11,6490,2025,complete,120240,0,-1,[],"['51', '90+4']",0,2,2,4,3,7,-1,-1,1,1,0,0,5,6,6,6,11,12,12,11,48,52,42.0,13.0,43902.0,,,1,1,3.2,3.7,2.08,1.0,1.18,1.53,2.3,4.9,12.0,4.75,2.49,1.4,1.2,1.53,2.25,5.0,1.13,3.4,1.29,1.25,0.0,1.27,3.8,2.25,2.55,3.4,2.6,2.3,0.0,0.0,1.28,1.53,2.01,2.23,3.0,3.2,2.38,2.0,1.55,1.33,2.15,7.5,2.0,0.0,0.0,0.0,6.0,4.0,1.33,2.2,5.25,10.0,3.32,1.62,1.13,1.02,1.17,1.8,3.3,6.75,4.5,1.8,1.29,1.08,0,0,0,0,2,0,0,0,2,2,0,1755387000,6490,0,60,48,33,0,27043,2,1,2,1,2,2,3,4,0,0,1,1,0,2,1,42,46,97,91,1.36,1.51,2.87,0,0,0,0,0,0,1,1,0,0,0,0,0,0,1,6,6,1,11,12,1,8,8,24,48,60,78,96,56,79,82,41,9.55,4.45,4.68,3.24,/clubs/new-england-revolution-11,teams/usa-new-england-revolution.png,New England Revolution,/clubs/los-angeles-fc-6490,teams/usa-los-angeles-fc.png,Los Angeles FC,0.94,1.53,0.92,1.1,1.12,1.61,77,53,40,23,4,59,50,50,1.27,1.36,2.63,/usa/new-england-revolution-vs-los-angeles-fc-h2h-stats#8229623,13973,34,True,True,False,False,False,False,False,[],"['51', '90+4']"
MLS,2025,13973,8229624,16,945555,2025,complete,120240,0,-1,['8'],[],1,0,1,7,5,12,0,5,3,4,0,1,9,1,9,4,18,5,18,18,46,54,62494.0,48141.0,1620.0,,,3,5,2.0,3.64,3.22,1.03,1.18,1.6,2.45,4.5,15.0,4.9,2.25,1.44,1.18,1.54,2.57,3.6,1.25,4.33,1.18,1.29,0.0,1.65,2.74,2.05,3.51,2.5,2.65,3.0,0.0,0.0,1.28,1.42,1.75,2.12,2.9,3.6,2.62,2.0,1.7,1.35,1.67,8.5,2.35,0.0,0.0,0.0,4.75,6.0,1.27,2.35,5.25,14.5,3.3,1.5,1.12,1.02,1.16,1.8,3.3,7.0,4.4,1.89,1.25,1.07,0,0,0,0,1,1,0,0,0,0,1,1742686200,16,0,50,25,25,0,18639,2,1,4,2,3,3,6,6,1,2,2,3,3,5,1,53,20,112,83,2.15,0.54,2.7,0,0,0,0,0,0,1,1,1,0,2,0,0,0,1,10,2,1,18,18,1,9,11,25,50,75,75,75,50,75,75,50,11.0,3.5,5.5,3.0,/clubs/philadelphia-union-16,teams/usa-philadelphia-union.png,Philadelphia Union,/clubs/st-louis-city-sc-945555,teams/usa-st-louis-city-sc.png,St. Louis City,2.16,0.82,1.5,2.0,2.25,2.0,75,50,25,25,25,100,25,25,1.6,0.87,2.47,/usa/philadelphia-union-vs-st-louis-city-sc-h2h-stats#8229624,13973,34,True,False,False,False,False,False,False,['8'],[]
MLS,2025,13973,8229625,18,698284,2025,complete,120240,0,-1,"['45+2', '54']",[],2,0,2,3,5,8,2,2,2,3,1,0,6,1,6,10,12,11,12,13,57,43,13841.0,,,,,3,3,1.77,3.82,4.4,1.03,1.25,1.75,2.9,5.25,10.5,3.9,2.08,1.36,1.14,1.65,2.05,2.6,1.44,4.75,1.15,1.29,0.0,1.95,2.33,2.21,4.6,2.2,2.65,4.2,0.0,0.0,1.19,1.36,1.65,2.14,2.85,4.0,2.7,2.08,1.6,1.42,1.37,8.5,3.8,0.0,0.0,0.0,3.2,7.5,1.37,2.84,5.75,21.0,3.12,1.47,1.1,1.02,1.22,2.0,3.9,9.25,3.8,1.7,1.2,1.03,0,0,0,0,2,1,0,1,0,1,1,1751164200,18,0,42,25,30,0,-1,2,1,2,1,1,4,3,5,0,0,3,3,0,6,1,65,46,100,78,1.65,1.1,2.75,0,0,0,0,0,0,1,1,0,0,0,0,0,0,1,11,11,1,13,12,1,9,7,25,31,43,65,94,36,59,71,47,9.58,3.78,3.94,2.74,/clubs/seattle-sounders-fc-18,teams/usa-seattle-sounders-fc.png,Seattle Sounders,/clubs/austin-fc-698284,teams/usa-austin-fc.png,Austin,2.17,1.06,2.13,1.11,1.44,1.37,76,70,58,36,7,71,47,41,1.76,1.06,2.82,/usa/seattle-sounders-fc-vs-austin-fc-h2h-stats#8229625,13973,36,True,True,False,False,False,False,False,"['45+2', '54']",[]
MLS,2025,13973,8229626,945555,20,2025,complete,120240,0,-1,"['54', '67']",['19'],2,1,3,4,3,7,3,0,2,4,0,0,9,4,11,6,20,10,10,9,53,47,59668.0,,,,,2,4,2.12,3.95,3.0,1.02,1.13,1.44,2.1,3.2,19.0,5.75,2.63,1.72,1.29,1.37,2.62,3.8,1.2,5.25,1.12,1.25,0.0,1.75,2.56,2.44,3.35,2.5,2.62,3.1,0.0,0.0,1.23,1.39,1.77,2.3,3.2,3.6,2.5,1.95,1.5,1.28,1.6,8.5,2.7,0.0,0.0,0.0,4.6,7.0,1.22,2.19,4.6,9.0,3.65,1.74,1.18,1.03,1.15,1.65,3.2,6.5,5.5,2.1,1.3,1.08,0,0,0,0,3,0,1,2,0,2,1,1752447600,945555,0,47,26,21,0,-1,2,1,2,1,2,2,3,4,0,0,2,4,0,6,1,69,37,96,93,2.38,1.19,3.57,0,0,0,0,0,0,1,1,0,0,0,0,0,0,1,6,4,1,9,10,1,7,11,27,32,58,64,79,31,74,64,42,8.77,3.6,3.81,2.8,/clubs/st-louis-city-sc-945555,teams/usa-st-louis-city-sc.png,St. Louis City,/clubs/portland-timbers-20,teams/usa-portland-timbers.png,Portland Timbers,1.06,0.89,1.0,1.22,0.71,1.65,74,69,42,37,21,57,47,36,1.55,1.24,2.79,/usa/portland-timbers-vs-st-louis-city-sc-h2h-stats#8229626,13973,34,True,True,True,False,False,False,True,"['54', '67']",['19']
MLS,2025,13973,8229627,2,16,2025,complete,120240,0,-1,['55'],[],1,0,1,6,6,12,0,1,0,2,0,0,2,3,9,13,11,16,9,12,51,49,5016.0,21302.0,48141.0,,,0,2,2.02,3.7,3.3,1.04,1.2,1.66,2.7,4.75,10.0,3.9,2.15,1.42,1.15,1.62,2.3,3.1,1.29,4.75,1.2,1.33,0.0,1.75,2.75,2.2,3.6,2.38,2.5,3.0,0.0,0.0,1.14,1.3,1.56,1.95,2.51,4.35,2.97,2.08,1.77,1.44,1.8,8.0,2.25,0.0,0.0,0.0,4.6,5.8,1.3,2.45,6.0,17.0,3.2,1.5,1.11,1.01,1.22,1.85,3.8,8.25,4.33,1.83,1.25,1.06,0,0,0,0,1,0,0,1,0,1,0,1744500600,2,0,84,33,50,0,19897,2,1,2,1,4,5,3,9,0,1,0,1,1,1,1,56,66,104,100,1.25,1.69,2.94,0,0,0,0,0,0,1,1,0,0,0,0,0,0,1,27,28,1,12,9,1,12,8,17,17,84,100,100,50,67,100,67,13.67,3.67,4.33,3.34,/clubs/new-york-city-fc-2,teams/usa-new-york-city-fc.png,New York City,/clubs/philadelphia-union-16,teams/usa-philadelphia-union.png,Philadelphia Union,1.89,1.61,2.0,2.0,1.14,1.86,84,84,17,0,0,84,67,67,1.99,1.74,3.73,/usa/new-york-city-fc-vs-philadelphia-union-h2h-stats#8229627,13973,37,True,False,False,False,False,False,False,['55'],[]
MLS,2025,13973,8229628,15,10,2025,complete,120240,0,-1,['16'],['70'],1,1,2,3,7,10,2,2,2,3,0,0,3,6,10,7,13,13,9,17,49,51,57.0,,,,,2,3,1.67,4.2,4.5,1.01,1.11,1.4,2.0,3.0,21.0,6.0,2.8,1.75,1.3,1.42,2.62,3.3,1.29,6.5,1.08,1.22,0.0,2.15,2.15,2.49,4.2,1.91,3.15,3.9,0.0,0.0,1.19,1.37,1.65,2.0,2.45,4.45,2.85,2.1,1.72,1.51,1.6,8.2,2.75,0.0,0.0,0.0,3.8,11.0,1.17,1.93,4.0,9.5,4.3,1.77,1.2,1.03,1.09,1.62,2.8,5.3,5.8,2.2,1.37,1.15,0,0,0,0,2,1,0,0,1,1,1,1751164200,-1,0,67,46,25,0,-1,2,1,1,2,2,5,3,7,1,2,1,1,3,2,1,30,44,102,73,1.26,1.56,2.81,0,0,0,0,0,0,1,1,0,0,1,0,0,1,1,18,19,1,17,9,1,7,9,42,52,67,86,100,65,91,81,45,11.38,4.09,5.06,3.97,/clubs/san-jose-earthquakes-15,teams/usa-san-jose-earthquakes.png,SJ Earthquakes,/clubs/la-galaxy-10,teams/usa-la-galaxy.png,LA Galaxy,1.24,0.41,1.33,0.27,1.37,0.42,59,49,34,15,0,61,51,51,1.92,1.1,3.02,/usa/la-galaxy-vs-san-jose-earthquakes-h2h-stats#8229628,13973,34,True,True,False,False,False,False,True,['16'],['70']
MLS,2025,13973,8229629,677446,17,2025,complete,120240,0,-1,[],"['43', '53', '90+4']",0,3,3,9,3,12,0,1,4,0,0,0,4,8,17,8,21,16,16,10,64,36,5016.0,,,,,4,0,1.76,4.1,4.0,1.02,1.17,1.53,2.32,4.0,11.0,5.3,2.4,1.63,1.22,1.45,2.55,3.1,1.33,5.75,1.1,1.22,0.0,2.07,2.23,2.45,4.0,2.05,2.75,3.55,0.0,0.0,1.29,1.5,1.8,2.1,3.5,3.45,2.55,1.9,1.64,1.41,1.53,6.75,2.8,0.0,0.0,0.0,3.65,8.5,1.24,2.15,4.5,11.5,3.7,1.75,1.17,1.02,1.12,1.7,3.2,6.75,5.2,2.0,1.3,1.07,0,0,0,0,3,0,1,0,2,2,1,1747609200,17,0,67,42,34,0,-1,2,1,5,2,4,1,7,5,1,0,3,0,1,3,1,27,13,80,64,1.8,1.66,3.46,0,0,0,0,0,0,1,1,0,0,1,0,0,0,1,1,9,1,10,16,1,5,11,17,34,59,67,75,42,58,67,42,9.17,2.0,5.33,2.67,/clubs/club-internacional-de-futbol-miami-677446,teams/usa-club-internacional-de-futbol-miami.png,Inter Miami,/clubs/orlando-city-sc-17,teams/usa-orlando-city-sc.png,Orlando City,2.29,1.39,1.83,1.17,1.83,1.62,84,67,42,34,25,75,59,42,1.38,1.41,2.79,/usa/orlando-city-sc-vs-club-internacional-de-futbol-miami-h2h-stats#8229629,13973,35,True,True,True,False,False,False,False,[],"['43', '53', '90+4']"
MLS,2025,13973,8229630,1016,11,2025,complete,120240,0,-1,[],['36'],0,1,1,9,7,16,3,4,1,2,0,0,4,7,14,5,18,12,10,20,59,41,65836.0,762.0,13.0,,,1,2,1.53,4.6,5.7,1.03,1.11,1.44,2.35,3.75,11.0,5.15,2.5,1.66,1.23,1.57,2.25,2.62,1.42,7.0,1.08,1.17,0.0,2.5,2.0,2.55,5.25,1.83,3.04,4.4,0.0,0.0,1.16,1.33,1.7,2.04,2.8,3.3,2.83,2.18,1.74,1.4,1.35,10.0,4.1,0.0,0.0,0.0,2.9,10.0,1.21,2.29,4.6,11.0,3.5,1.67,1.14,1.04,1.14,1.73,2.95,6.75,5.15,1.98,1.28,1.06,0,0,0,0,1,0,1,0,0,0,1,1744483500,11,0,57,37,20,0,41879,2,1,1,5,8,2,6,10,0,1,1,1,1,2,1,65,50,96,86,1.88,1.61,3.49,0,1,0,1,0,0,1,1,0,0,0,2,0,0,1,21,18,1,20,9,1,7,9,20,20,47,57,74,37,57,74,20,13.87,2.73,3.67,2.37,/clubs/atlanta-united-fc-1016,teams/usa-atlanta-united-fc.png,Atlanta United FC,/clubs/new-england-revolution-11,teams/usa-new-england-revolution.png,New England Revolution,1.18,1.18,1.6,0.33,1.29,0.67,80,80,54,44,27,80,80,70,1.45,1.09,2.54,/usa/new-england-revolution-vs-atlanta-united-fc-h2h-stats#8229630,13973,34,True,False,False,False,False,False,False,[],['36']
MLS,2025,13973,8229631,677447,20,2025,complete,120240,0,-1,"['45+3', '68']",[],2,0,2,5,2,7,3,2,0,2,0,0,12,4,12,5,24,9,9,9,57,43,70481.0,48648.0,28121.0,,,0,2,1.65,4.05,5.0,1.04,1.2,1.73,2.75,5.5,13.0,4.0,2.0,1.4,1.15,1.78,2.11,2.4,1.5,5.0,1.12,1.25,0.0,2.1,2.35,2.16,4.6,2.0,2.62,4.65,0.0,0.0,1.33,1.55,2.12,2.34,2.95,3.9,2.3,1.9,1.5,1.33,1.53,7.0,2.85,0.0,0.0,0.0,2.9,7.5,1.35,2.65,6.5,19.0,3.1,1.47,1.09,1.02,1.2,1.9,3.95,8.75,4.05,1.8,1.2,1.04,0,0,0,0,2,1,0,1,0,1,1,1741483800,677447,0,0,0,0,0,24432,2,1,3,1,2,1,4,3,0,1,0,1,1,1,1,52,39,111,101,2.73,1.14,3.87,0,0,0,0,0,0,1,1,0,0,1,0,0,1,1,26,16,1,7,9,1,4,8,0,0,0,0,0,0,0,0,0,8.0,2.0,1.0,0.0,/clubs/nashville-sc-mls-677447,teams/usa-nashville-sc-mls.png,Nashville SC,/clubs/portland-timbers-20,teams/usa-portland-timbers.png,Portland Timbers,2.17,0.89,1.0,0.0,0.5,1.5,50,50,50,50,50,50,50,50,1.46,0.0,1.46,/usa/portland-timbers-vs-nashville-sc-mls-h2h-stats#8229631,13973,37,True,True,False,False,False,False,False,"['45+3', '68']",[]
MLS,2025,13973,8229632,16,1016,2025,complete,120240,0,-1,"['27', '50', '84']",[],3,0,3,4,3,7,2,4,3,1,1,0,4,3,6,9,10,12,11,6,29,71,3.0,48141.0,762.0,,,4,1,2.09,3.57,3.2,1.02,1.15,1.56,2.48,4.4,13.0,4.5,2.25,1.53,1.21,1.54,2.35,3.25,1.3,4.75,1.15,1.33,0.0,1.78,2.43,2.25,3.6,2.4,2.63,3.35,0.0,0.0,1.24,1.43,1.68,2.08,2.67,3.55,2.55,2.02,1.65,1.48,1.61,6.75,2.9,0.0,0.0,0.0,4.0,7.0,1.29,2.3,4.75,13.5,3.3,1.55,1.15,1.02,1.16,1.85,3.6,8.5,4.33,1.85,1.25,1.05,0,0,0,0,3,1,0,2,0,2,1,1745105400,16,0,50,13,38,0,18327,2,1,4,3,0,0,7,0,2,0,2,1,2,3,1,5,7,72,144,0.96,1.05,2.0,0,0,0,0,0,0,1,1,0,0,1,0,0,0,1,5,4,1,6,11,1,12,9,13,50,50,75,88,25,38,75,63,10.75,3.0,5.25,2.75,/clubs/philadelphia-union-16,teams/usa-philadelphia-union.png,Philadelphia Union,/clubs/atlanta-united-fc-1016,teams/usa-atlanta-united-fc.png,Atlanta United FC,2.16,0.47,1.75,0.5,1.63,1.13,88,50,50,25,13,50,25,13,1.85,1.38,3.23,/usa/philadelphia-union-vs-atlanta-united-fc-h2h-stats#8229632,13973,34,True,True,True,False,False,False,False,"['27', '50', '84']",[]
MLS,2025,13973,8229633,2,677447,2025,complete,120240,0,-1,"['40', '77']",['10'],2,1,3,2,4,6,1,1,3,2,0,0,4,3,8,9,12,12,10,12,56,44,70481.0,21302.0,48648.0,,,3,2,2.3,3.66,2.6,1.04,1.2,1.6,2.39,4.43,10.0,3.7,2.2,1.53,1.2,1.5,2.5,3.8,1.22,4.2,1.18,1.32,0.0,1.55,2.85,2.05,3.1,2.65,2.5,3.0,0.0,0.0,1.25,1.57,1.87,2.38,3.2,3.0,2.35,1.8,1.5,1.3,2.08,6.4,2.2,0.0,0.0,0.0,5.0,5.75,1.4,2.55,5.7,11.0,2.7,1.45,1.1,1.01,1.22,2.0,4.3,7.0,3.8,1.72,1.18,1.07,0,0,0,0,3,1,1,1,0,1,2,1755464400,2,0,54,12,28,0,20077,2,1,2,4,0,0,6,0,0,0,3,2,0,5,1,49,25,104,50,1.4,1.14,2.54,0,0,0,0,0,0,1,1,0,1,0,2,0,0,1,7,15,1,12,10,1,6,12,4,29,63,79,100,28,75,84,50,11.55,3.65,3.74,2.75,/clubs/new-york-city-fc-2,teams/usa-new-york-city-fc.png,New York City,/clubs/nashville-sc-mls-677447,teams/usa-nashville-sc-mls.png,Nashville SC,1.89,0.95,2.18,1.31,1.58,1.81,96,71,37,21,0,85,73,57,1.57,1.3,2.87,/usa/new-york-city-fc-vs-nashville-sc-mls-h2h-stats#8229633,13973,37,True,True,True,False,False,False,True,"['40', '77']",['10']
MLS,2025,13973,8229634,5,7,2025,complete,120240,0,-1,['14'],"['1', '62', '90+4']",1,3,4,4,6,10,1,2,1,2,0,0,2,5,11,4,13,9,10,9,57,43,13891.0,5362.0,14.0,,,1,2,1.89,3.6,3.8,1.01,1.2,1.72,2.7,5.18,13.0,4.2,2.14,1.45,1.16,1.61,2.2,2.9,1.36,4.75,1.15,1.3,0.0,1.85,2.46,2.2,4.0,2.25,2.65,3.75,0.0,0.0,1.19,1.41,1.7,2.14,2.78,3.8,2.63,2.03,1.6,1.34,1.42,9.0,2.95,0.0,0.0,0.0,3.7,7.0,1.33,2.5,5.75,14.0,2.98,1.46,1.11,1.01,1.18,1.88,3.8,8.0,4.33,1.85,1.22,1.05,0,0,0,0,4,1,1,0,2,2,2,1742697000,7,0,75,59,17,0,18717,2,1,2,4,2,2,6,4,0,1,1,1,1,2,1,43,24,106,64,1.28,1.1,2.37,0,0,0,0,0,0,1,1,0,1,1,0,0,0,1,15,21,1,9,10,1,3,9,17,34,75,100,100,59,84,84,17,9.33,4.0,4.0,3.42,/clubs/vancouver-whitecaps-fc-5,teams/canada-vancouver-whitecaps-fc.png,Vancouver Whitecaps,/clubs/chicago-fire-7,teams/usa-chicago-fire.png,Chicago Fire,2.0,1.67,3.0,2.0,3.0,1.75,84,67,25,0,0,25,25,25,1.75,1.45,3.2,/usa/vancouver-whitecaps-fc-vs-chicago-fire-h2h-stats#8229634,13973,37,True,True,True,True,False,False,True,['14'],"['1', '62', '90+4']"
MLS,2025,13973,8229635,11,2,2025,complete,120240,0,-1,"['43', '48']",[],2,0,2,7,4,11,4,0,1,1,0,0,6,2,7,14,13,16,9,7,42,58,42.0,13.0,21302.0,,,1,1,2.3,3.0,2.73,1.01,1.25,1.7,2.88,6.25,8.9,4.0,1.93,1.37,1.12,1.61,2.1,3.45,1.29,3.8,1.22,1.33,0.0,1.61,3.0,2.15,3.4,2.75,2.59,3.1,0.0,0.0,1.24,1.4,1.85,2.04,2.5,3.55,2.65,2.06,1.74,1.48,1.79,7.8,2.18,0.0,0.0,0.0,4.5,5.25,1.34,2.5,6.0,16.0,2.9,1.48,1.11,1.02,1.2,1.93,3.75,9.25,4.1,1.75,1.22,1.05,0,0,0,0,2,1,0,1,0,1,1,1745105400,11,0,42,42,25,0,21081,2,1,4,1,3,3,5,6,0,0,1,1,0,2,1,8,2,27,33,1.29,1.16,2.45,0,0,0,0,0,0,1,1,0,0,1,0,0,0,1,4,7,1,7,9,1,13,5,13,25,42,59,88,42,42,88,42,4.67,4.25,3.33,2.5,/clubs/new-england-revolution-11,teams/usa-new-england-revolution.png,New England Revolution,/clubs/new-york-city-fc-2,teams/usa-new-york-city-fc.png,New York City,0.94,1.52,1.0,0.5,1.0,1.38,88,75,59,42,13,54,25,0,1.03,1.03,2.06,/usa/new-york-city-fc-vs-new-england-revolution-h2h-stats#8229635,13973,34,True,True,False,False,False,False,False,"['43', '48']",[]
MLS,2025,13973,8229636,711351,1398748,2025,complete,120240,0,-1,"['11', '45', '57']",[],3,0,3,4,1,5,3,1,2,3,0,1,11,2,5,7,16,9,15,15,47,53,70481.0,404.0,44567.0,,,2,4,2.22,3.25,3.27,1.02,1.25,1.65,2.62,4.81,10.0,4.45,2.31,1.4,1.15,1.56,2.3,3.3,1.28,4.0,1.2,1.29,0.0,1.65,2.62,2.2,3.54,2.5,2.6,3.1,0.0,0.0,1.26,1.46,1.87,2.15,2.7,3.4,2.5,1.92,1.61,1.38,1.9,7.8,2.15,0.0,0.0,0.0,4.33,5.75,1.3,2.35,5.25,12.0,3.28,1.44,1.09,1.01,1.2,1.77,3.8,8.0,4.7,1.75,1.2,1.04,0,0,0,0,3,2,0,1,0,1,2,1745105400,711351,0,63,25,25,0,29663,2,1,0,0,4,1,0,5,0,2,2,2,2,4,1,4,0,85,61,1.82,0.72,2.53,1,0,1,0,0,0,1,1,0,0,0,0,0,0,1,6,3,1,14,15,1,6,5,25,38,63,100,100,38,63,88,88,8.25,3.5,3.75,3.25,/clubs/charlotte-fc-711351,teams/usa-charlotte-fc.png,Charlotte,/clubs/san-diego-fc-1398748,teams/usa-san-diego-fc.png,San Diego,2.11,2.11,3.0,1.5,2.0,1.75,75,63,38,0,0,50,50,38,1.39,1.64,3.03,/usa/charlotte-fc-vs-san-diego-fc-h2h-stats#8229636,13973,37,True,True,True,False,False,False,False,"['11', '45', '57']",[]
MLS,2025,13973,8229637,16,677447,2025,complete,120240,0,-1,['33'],"['15', '44', '82']",1,3,4,7,2,9,0,4,2,2,1,0,5,4,6,8,11,12,11,20,61,39,84.0,48141.0,48648.0,,,4,2,1.8,3.65,3.75,1.04,1.25,1.8,3.08,5.5,9.5,3.98,2.04,1.38,1.1,1.73,2.1,2.7,1.4,4.5,1.17,1.25,0.0,1.85,2.42,2.3,4.45,2.18,2.55,3.8,0.0,0.0,1.2,1.39,1.73,2.17,2.81,3.8,2.6,2.0,1.66,1.4,1.75,7.8,2.45,0.0,0.0,0.0,3.4,7.5,1.36,2.73,6.0,16.0,2.9,1.42,1.09,1.0,1.17,1.93,4.15,9.5,4.3,1.75,1.2,1.03,0,0,0,0,4,1,2,0,1,1,3,1742149500,677447,0,50,0,50,0,18535,2,1,4,1,3,1,5,4,0,1,3,1,1,4,1,72,52,77,80,1.56,1.41,2.97,0,1,0,1,0,0,1,1,0,0,0,0,0,0,1,24,32,1,19,10,1,6,10,50,50,50,100,100,100,100,50,50,12.0,7.0,2.0,3.5,/clubs/philadelphia-union-16,teams/usa-philadelphia-union.png,Philadelphia Union,/clubs/nashville-sc-mls-677447,teams/usa-nashville-sc-mls.png,Nashville SC,2.16,0.95,3.0,0.0,3.0,1.33,50,50,50,0,0,50,0,0,1.65,0.98,2.63,/usa/philadelphia-union-vs-nashville-sc-mls-h2h-stats#8229637,13973,37,True,True,True,True,False,False,True,['33'],"['15', '44', '82']"
MLS,2025,13973,8229642,20,6,2025,complete,120240,0,-1,"['6', '23', '71']",['12'],3,1,4,7,8,15,2,1,3,2,0,0,9,1,7,9,16,10,12,8,40,60,84.0,28121.0,20.0,,,3,2,2.25,3.5,3.0,1.03,1.18,1.66,2.65,4.82,13.0,4.33,2.15,1.48,1.18,1.57,2.3,3.3,1.29,4.5,1.17,1.3,0.0,1.67,2.65,2.18,3.4,2.5,2.6,3.2,0.0,0.0,1.26,1.46,1.73,2.17,2.81,3.4,2.6,2.0,1.67,1.33,1.74,6.7,2.55,0.0,0.0,0.0,4.33,6.0,1.32,2.48,5.5,12.0,3.38,1.5,1.12,1.0,1.17,1.83,3.8,8.0,4.3,1.91,1.25,1.06,0,0,0,0,4,2,1,1,0,1,3,1743375600,20,0,34,0,34,0,20206,2,1,2,3,5,5,5,10,3,1,0,1,4,1,1,47,69,104,103,1.98,1.2,3.19,0,0,0,0,0,0,1,1,1,0,1,1,0,0,1,7,6,1,8,12,1,8,6,17,17,17,34,50,17,17,50,34,6.67,3.0,7.33,1.34,/clubs/portland-timbers-20,teams/usa-portland-timbers.png,Portland Timbers,/clubs/houston-dynamo-6,teams/usa-houston-dynamo.png,Houston Dynamo,1.63,1.12,1.33,1.0,1.4,0.4,84,84,84,67,50,75,50,50,0.97,0.52,1.49,/usa/houston-dynamo-vs-portland-timbers-h2h-stats#8229642,13973,34,True,True,True,True,False,False,True,"['6', '23', '71']",['12']
MLS,2025,13973,8229643,677447,1,2025,complete,120240,0,-1,"['56', '62', '67']",[],3,0,3,5,3,8,1,0,0,1,0,0,7,2,9,6,16,8,16,11,49,51,62506.0,48648.0,,,,0,1,1.57,4.21,5.55,1.01,1.21,1.7,2.95,5.2,14.0,3.9,2.13,1.4,1.16,1.8,1.95,2.3,1.55,5.5,1.11,1.22,0.0,2.4,2.05,2.35,5.03,1.95,2.75,4.9,0.0,0.0,1.22,1.5,1.8,2.25,2.9,3.5,2.4,1.91,1.54,1.36,1.4,7.0,3.3,0.0,0.0,0.0,2.65,10.0,1.3,2.5,5.75,17.0,2.98,1.48,1.07,1.01,1.22,1.91,4.0,8.5,4.33,1.8,1.25,1.05,0,0,0,0,3,0,0,3,0,3,0,1742689800,677447,0,13,0,13,0,25301,2,1,2,1,3,2,3,5,0,0,0,1,0,1,1,37,40,80,98,1.77,0.95,2.71,0,0,0,0,0,0,1,1,0,0,0,0,0,0,1,21,15,1,11,16,1,7,8,13,13,13,50,63,0,50,63,13,11.25,4.0,3.25,1.5,/clubs/nashville-sc-mls-677447,teams/usa-nashville-sc-mls.png,Nashville SC,/clubs/montreal-impact-1,teams/canada-montreal-impact.png,Montreal Impact,2.17,0.94,2.0,0.25,1.75,0.25,88,88,88,50,38,50,50,50,2.09,1.06,3.15,/usa/montreal-impact-vs-nashville-sc-mls-h2h-stats#8229643,13973,34,True,True,True,False,False,False,False,"['56', '62', '67']",[]
MLS,2025,13973,8229644,6,16,2025,complete,120240,0,-1,['45+10'],['15'],1,1,2,2,4,6,1,0,3,4,0,1,3,2,8,10,11,12,19,25,60,40,13812.0,20.0,48141.0,,,3,5,2.2,3.2,2.83,1.02,1.25,1.8,3.08,5.25,13.0,3.7,1.91,1.33,1.13,1.65,2.1,3.2,1.3,3.8,1.22,1.25,0.0,1.57,2.89,2.2,3.3,2.62,2.38,3.25,0.0,0.0,1.22,1.44,1.68,2.1,2.9,3.9,2.5,1.9,1.57,1.29,1.91,6.5,2.08,0.0,0.0,0.0,4.0,5.5,1.37,2.54,5.9,21.0,2.9,1.44,1.09,1.01,1.22,2.0,4.4,9.0,4.1,1.73,1.2,1.03,0,0,0,0,2,1,1,0,0,0,2,1752971400,-1,0,47,22,26,0,17390,2,1,0,2,2,2,2,4,1,3,2,2,4,4,1,31,37,87,91,1.14,1.17,2.31,1,0,1,0,0,0,1,1,0,0,0,0,0,0,1,18,15,1,24,19,1,4,7,9,26,52,64,96,34,60,83,47,11.72,2.36,5.83,2.5,/clubs/houston-dynamo-6,teams/usa-houston-dynamo.png,Houston Dynamo,/clubs/philadelphia-union-16,teams/usa-philadelphia-union.png,Philadelphia Union,1.06,1.61,1.08,1.73,1.13,2.0,92,75,49,36,5,57,52,43,1.55,1.43,2.98,/usa/houston-dynamo-vs-philadelphia-union-h2h-stats#8229644,13973,34,True,True,False,False,False,False,True,['45+10'],['15']
MLS,2025,13973,8229645,8,6490,2025,complete,120240,0,-1,[],"['18', '54']",0,2,2,11,1,12,0,3,3,2,0,0,3,4,8,4,11,8,14,12,51,49,13967.0,18.0,43902.0,,,3,2,2.8,3.25,2.3,1.05,1.22,1.93,3.65,6.8,9.5,3.25,1.93,1.35,1.1,1.67,1.95,3.6,1.25,3.2,1.3,1.32,0.0,1.42,3.52,2.05,3.0,3.05,2.43,2.77,0.0,0.0,1.34,1.58,1.85,2.38,2.88,3.2,2.2,1.74,1.66,1.33,1.95,6.55,1.95,0.0,0.0,0.0,4.8,4.33,1.41,2.8,6.5,17.0,3.0,1.42,1.09,1.01,1.2,2.0,4.3,10.0,3.95,1.7,1.17,1.02,0,0,0,0,2,0,1,0,1,1,1,1742689800,6490,0,100,75,75,0,15263,2,1,5,1,6,0,6,6,2,0,1,2,2,3,1,91,20,132,72,1.57,0.94,2.51,0,0,0,0,0,0,1,1,0,0,3,0,0,0,1,19,17,1,12,14,1,6,8,75,75,100,100,100,100,100,75,75,9.0,2.5,3.5,5.75,/clubs/sporting-kansas-city-8,teams/usa-sporting-kansas-city.png,Sporting KC,/clubs/los-angeles-fc-6490,teams/usa-los-angeles-fc.png,Los Angeles FC,1.0,1.53,0.5,0.0,0.25,1.5,25,25,0,0,0,50,50,50,1.65,0.92,2.57,/usa/sporting-kansas-city-vs-los-angeles-fc-h2h-stats#8229645,13973,34,True,True,False,False,False,False,False,[],"['18', '54']"
MLS,2025,13973,8229646,677447,7,2025,complete,120240,0,-1,"['15', '22', '25', '31', '45+9', '50', '57']","['64', '71']",7,2,9,4,1,5,4,1,0,4,0,0,12,5,6,3,18,8,12,13,58,42,13812.0,48648.0,14.0,,,0,4,1.88,3.25,3.6,1.0,1.2,1.62,2.45,5.2,9.7,3.8,2.05,1.5,1.17,1.62,2.2,3.2,1.3,5.0,1.15,1.25,0.0,1.87,2.35,2.35,4.1,2.3,2.8,3.6,0.0,0.0,1.36,1.52,2.13,2.38,3.15,2.85,2.35,1.92,1.53,1.29,1.47,7.1,3.2,0.0,0.0,0.0,4.0,7.0,1.34,2.3,5.75,12.0,3.31,1.5,1.1,1.0,1.19,1.91,3.6,8.0,4.2,1.8,1.24,1.06,0,0,0,0,9,5,0,2,2,4,5,1745713800,677447,0,70,60,10,0,24771,2,1,3,0,1,1,3,2,0,2,0,2,2,2,1,62,45,88,62,2.42,1.18,3.6,2,0,2,0,0,0,1,1,0,0,1,0,0,0,1,19,20,1,11,12,1,5,8,10,30,80,90,90,60,70,70,30,8.6,5.0,2.8,3.1,/clubs/nashville-sc-mls-677447,teams/usa-nashville-sc-mls.png,Nashville SC,/clubs/chicago-fire-7,teams/usa-chicago-fire.png,Chicago Fire,2.17,1.67,2.0,1.8,1.44,1.33,90,70,20,10,10,30,20,10,2.01,1.41,3.42,/usa/chicago-fire-vs-nashville-sc-mls-h2h-stats#8229646,13973,37,True,True,True,True,True,True,True,"['15', '22', '25', '31', '45+9', '50', '57']","['64', '71']"
MLS,2025,13973,8229648,20,8043,2025,complete,120240,0,-1,"['38', '68']","['10', '25', '36']",2,3,5,6,3,9,2,1,2,1,0,0,5,5,19,5,24,10,10,12,58,42,69.0,28121.0,40744.0,,,2,1,2.63,3.45,2.63,1.04,1.22,1.85,3.0,5.5,11.0,3.5,1.96,1.32,1.13,1.67,2.4,3.4,1.25,3.4,1.29,1.45,0.0,1.47,3.32,2.19,3.1,2.9,2.65,2.85,0.0,0.0,1.42,1.7,2.1,2.5,3.4,2.62,2.05,1.65,1.48,1.27,2.1,6.25,2.0,0.0,0.0,0.0,5.0,4.75,1.37,2.5,5.0,17.0,3.2,1.5,1.13,1.02,1.2,1.85,4.33,10.0,4.3,1.77,1.2,1.03,0,0,0,0,5,1,3,1,0,1,4,1755397800,8043,0,64,23,41,0,25218,2,1,1,1,5,2,2,7,1,1,1,0,2,1,1,68,33,129,63,2.35,1.22,3.57,1,0,1,0,0,0,1,1,0,1,0,0,0,0,1,18,13,1,11,10,1,2,9,18,26,45,67,97,34,67,75,49,9.91,2.65,4.01,2.6,/clubs/portland-timbers-20,teams/usa-portland-timbers.png,Portland Timbers,/clubs/fc-cincinnati-8043,teams/usa-fc-cincinnati.png,FC Cincinnati,1.63,1.94,1.77,1.86,1.48,1.88,82,74,56,33,4,75,56,56,1.34,1.45,2.79,/usa/portland-timbers-vs-fc-cincinnati-h2h-stats#8229648,13973,38,True,True,True,True,True,False,True,"['38', '68']","['10', '25', '36']"
MLS,2025,13973,8229649,11,15,2025,complete,120240,0,-1,[],[],0,0,0,5,3,8,7,0,2,3,0,0,1,1,7,11,8,12,15,16,54,46,59668.0,,,,,2,3,1.57,4.05,3.65,1.01,1.13,1.44,2.29,3.7,15.0,5.75,2.75,1.67,1.3,1.47,2.5,2.85,1.36,7.0,1.07,1.16,0.0,2.4,2.1,2.5,5.0,1.95,2.8,4.35,0.0,0.0,1.26,1.33,1.61,2.0,2.5,4.1,2.63,1.95,1.69,1.47,1.67,6.75,2.6,0.0,0.0,0.0,3.1,11.0,1.22,2.31,4.35,10.0,3.7,1.66,1.17,1.03,1.12,1.65,3.05,6.4,5.2,2.1,1.32,1.08,0,0,0,0,0,0,0,0,0,0,0,1747524600,-1,0,53,33,20,0,-1,2,1,4,1,1,2,5,3,1,1,1,2,2,3,1,8,9,54,40,0.64,0.89,1.53,0,0,0,0,0,0,1,1,0,0,0,0,0,0,1,8,1,1,16,15,1,13,7,10,10,53,88,100,43,65,90,33,7.15,5.05,3.0,2.6,/clubs/new-england-revolution-11,teams/usa-new-england-revolution.png,New England Revolution,/clubs/san-jose-earthquakes-15,teams/usa-san-jose-earthquakes.png,SJ Earthquakes,0.94,1.18,1.5,1.2,1.55,1.31,90,90,48,13,0,45,23,13,1.1,1.66,2.76,/usa/new-england-revolution-vs-san-jose-earthquakes-h2h-stats#8229649,13973,34,False,False,False,False,False,False,False,[],[]
MLS,2025,13973,8229650,698284,1015,2025,complete,120240,0,-1,[],"['22', '35', '90+1']",0,3,3,3,4,7,1,1,1,0,0,0,4,7,10,4,14,11,11,14,67,33,,21189.0,55946.0,,,1,0,2.42,3.46,2.85,1.01,1.32,1.95,3.5,7.0,9.0,3.1,1.73,1.27,1.09,1.8,1.95,3.0,1.33,3.4,1.28,1.3,0.0,1.55,3.0,2.05,3.4,2.75,2.55,2.95,0.0,0.0,1.2,1.33,1.58,1.94,2.55,3.9,2.83,2.18,1.7,1.45,1.95,6.75,2.1,0.0,0.0,0.0,4.0,5.0,1.4,2.9,6.4,23.0,2.8,1.35,1.07,1.02,1.29,2.2,4.7,10.0,3.4,1.6,1.17,1.02,0,0,0,0,3,0,2,0,1,1,2,1746318600,1015,0,30,10,10,0,20738,2,1,1,3,2,1,4,3,0,0,1,0,0,1,1,43,32,138,81,1.49,1.42,2.91,0,0,0,0,0,0,1,1,0,0,0,0,0,0,1,16,15,1,14,11,1,7,14,10,10,30,30,80,30,50,50,10,10.8,4.4,4.0,1.7,/clubs/austin-fc-698284,teams/usa-austin-fc.png,Austin,/clubs/minnesota-united-fc-1015,teams/usa-minnesota-united-fc.png,Minnesota United,1.56,1.58,2.0,1.6,1.6,1.6,90,90,70,70,20,60,60,40,1.48,1.46,2.94,/usa/minnesota-united-fc-vs-austin-fc-h2h-stats#8229650,13973,36,True,True,True,False,False,False,False,[],"['22', '35', '90+1']"
MLS,2025,13973,8229651,698284,14,2025,complete,120240,0,-1,['90+3'],['67'],1,1,2,7,6,13,2,1,2,1,0,0,4,2,9,13,13,15,13,13,52,48,19912.0,,,,,2,1,1.84,3.6,4.33,1.01,1.29,1.77,3.0,5.7,11.0,3.25,1.82,1.31,1.1,1.73,2.0,2.5,1.48,4.75,1.15,1.22,0.0,1.91,2.4,2.2,4.25,2.23,2.45,4.2,0.0,0.0,1.22,1.4,1.68,2.14,2.95,3.78,2.7,1.98,1.68,1.33,1.88,7.8,2.3,0.0,0.0,0.0,3.3,7.0,1.38,2.7,6.75,19.0,3.0,1.4,1.09,1.01,1.24,2.1,4.0,9.5,3.7,1.65,1.2,1.03,0,0,0,0,2,0,0,1,1,2,0,1748480400,-1,0,44,26,13,0,-1,2,1,2,2,5,4,4,9,0,0,2,1,0,3,1,48,40,83,82,1.45,1.37,2.82,0,0,0,0,0,0,1,1,0,0,1,1,0,0,1,14,13,1,13,13,1,11,10,0,13,44,63,88,32,63,69,26,9.63,3.38,4.76,2.07,/clubs/austin-fc-698284,teams/usa-austin-fc.png,Austin,/clubs/real-salt-lake-14,teams/usa-real-salt-lake.png,Real Salt Lake,1.56,0.72,1.5,0.88,1.27,0.93,100,88,57,38,13,57,57,44,1.54,1.46,3.0,/usa/real-salt-lake-vs-austin-fc-h2h-stats#8229651,13973,35,True,True,False,False,False,False,True,['90+3'],['67']
MLS,2025,13973,8229653,711351,7,2025,complete,120240,0,-1,['70'],"['42', '60', '63', '79']",1,4,5,8,6,14,2,3,2,2,0,0,4,10,8,13,12,23,12,12,53,47,13967.0,,,,,2,2,2.02,3.7,3.35,1.03,1.14,1.5,2.4,4.2,11.0,4.9,2.38,1.6,1.2,1.44,2.5,3.35,1.28,5.0,1.13,1.29,0.0,1.8,2.46,2.4,3.8,2.25,2.63,3.52,0.0,0.0,1.25,1.55,1.91,2.43,2.9,3.25,2.3,1.85,1.56,1.35,1.74,6.4,2.33,0.0,0.0,0.0,4.0,7.0,1.24,2.25,4.8,10.5,3.5,1.6,1.15,1.03,1.12,1.73,3.28,7.5,4.75,2.0,1.25,1.08,0,0,0,0,5,0,1,1,3,4,1,1747524600,7,0,67,34,25,0,-1,2,1,3,2,5,4,5,9,0,2,2,0,2,2,1,6,9,84,52,1.09,2.2,3.3,0,1,0,1,0,0,1,1,0,0,0,0,0,1,1,4,2,1,12,11,1,10,7,25,42,75,92,100,58,67,84,59,5.17,4.67,4.33,3.75,/clubs/charlotte-fc-711351,teams/usa-charlotte-fc.png,Charlotte,/clubs/chicago-fire-7,teams/usa-chicago-fire.png,Chicago Fire,2.11,1.67,2.5,1.5,1.46,1.33,75,58,25,9,0,25,25,17,1.54,1.37,2.91,/usa/chicago-fire-vs-charlotte-fc-h2h-stats#8229653,13973,37,True,True,True,True,True,False,True,['70'],"['42', '60', '63', '79']"
MLS,2025,13973,8229654,1016,16,2025,complete,120240,0,-1,[],['59'],0,1,1,4,6,10,3,1,2,3,0,0,3,6,7,8,10,14,9,10,65,35,11.0,,,,,2,3,2.21,3.75,3.35,1.01,1.15,1.58,2.5,4.8,13.0,4.33,2.25,1.52,1.13,1.53,2.38,3.2,1.3,4.75,1.15,1.29,0.0,1.7,2.57,2.27,3.73,2.32,2.65,3.5,0.0,0.0,1.24,1.35,1.65,2.05,2.71,4.05,2.74,2.1,1.7,1.38,1.89,6.5,2.43,0.0,0.0,0.0,4.2,6.5,1.3,2.32,5.25,15.0,3.3,1.55,1.11,1.02,1.16,1.81,3.68,7.0,4.4,1.9,1.25,1.05,0,0,0,0,1,0,0,0,1,1,0,1747524600,16,0,66,35,35,0,-1,2,1,3,3,1,3,6,4,0,1,2,2,1,4,1,15,7,101,67,0.97,1.36,2.32,0,1,0,1,0,0,1,1,0,0,1,1,0,0,1,4,2,1,10,8,1,9,11,25,25,52,76,93,35,73,86,45,11.2,2.97,4.4,2.93,/clubs/atlanta-united-fc-1016,teams/usa-atlanta-united-fc.png,Atlanta United FC,/clubs/philadelphia-union-16,teams/usa-philadelphia-union.png,Philadelphia Union,1.18,1.61,1.29,1.8,0.85,2.0,76,76,49,25,7,66,56,42,1.42,1.56,2.98,/usa/philadelphia-union-vs-atlanta-united-fc-h2h-stats#8229654,13973,34,True,False,False,False,False,False,False,[],['59']
MLS,2025,13973,8229655,12,10,2025,complete,120240,0,-1,"['24', '28']",[],2,0,2,0,5,5,5,2,1,3,0,0,4,5,4,8,8,13,12,10,31,69,70173.0,,,,,1,3,1.89,3.62,3.2,1.01,1.18,1.61,2.45,4.4,15.0,4.6,2.44,1.54,1.2,1.5,2.5,3.3,1.29,5.0,1.13,1.3,0.0,1.8,2.61,2.3,3.3,2.38,2.6,3.45,0.0,0.0,1.24,1.5,1.83,2.4,3.25,3.3,2.4,1.85,1.5,1.28,1.63,8.5,2.45,0.0,0.0,0.0,4.2,7.0,1.23,2.25,5.0,13.0,3.5,1.61,1.14,1.01,1.14,1.7,3.2,7.0,4.7,2.0,1.3,1.07,0,0,0,0,2,2,0,0,0,0,2,1750901400,12,0,45,25,25,0,-1,2,1,0,0,0,5,0,5,0,1,1,2,1,3,1,6,4,10,5,0.82,1.19,2.01,0,0,0,0,0,0,1,1,0,0,0,0,0,0,1,10,15,1,10,12,1,5,3,25,30,45,75,100,40,80,80,45,10.7,2.1,4.4,2.95,/clubs/colorado-rapids-12,teams/usa-colorado-rapids.png,Colorado Rapids,/clubs/la-galaxy-10,teams/usa-la-galaxy.png,LA Galaxy,1.65,0.41,1.4,0.3,1.22,0.44,75,70,55,25,0,55,40,35,1.53,1.09,2.62,/usa/la-galaxy-vs-colorado-rapids-h2h-stats#8229655,13973,34,True,True,False,False,False,False,False,"['24', '28']",[]
MLS,2025,13973,8229656,6490,1015,2025,complete,120240,0,-1,['78'],[],1,0,1,4,4,8,2,0,0,2,0,0,6,1,7,11,13,12,12,14,65,35,5016.0,43902.0,55946.0,,,0,2,1.73,3.5,4.0,1.02,1.22,1.7,2.7,5.0,10.0,4.33,2.05,1.42,1.18,1.6,2.1,2.62,1.42,5.0,1.13,1.25,0.0,1.97,2.4,2.28,4.2,2.05,2.65,4.0,0.0,0.0,1.16,1.42,1.62,1.95,2.49,3.6,2.62,2.11,1.6,1.48,1.49,8.6,3.0,0.0,0.0,0.0,3.5,7.5,1.33,2.4,5.8,17.0,3.2,1.53,1.12,1.0,1.17,1.95,3.8,8.0,4.5,1.83,1.25,1.04,0,0,0,0,1,0,0,1,0,1,0,1740260700,6490,0,0,0,0,0,22310,2,1,3,2,1,2,5,3,0,1,0,1,1,1,1,63,48,123,92,1.7,1.18,2.88,0,0,0,0,0,0,1,1,0,0,0,0,0,0,1,20,13,1,14,12,1,6,8,0,0,0,0,0,0,0,0,0,0.0,0.0,0.0,0.0,/clubs/los-angeles-fc-6490,teams/usa-los-angeles-fc.png,Los Angeles FC,/clubs/minnesota-united-fc-1015,teams/usa-minnesota-united-fc.png,Minnesota United,2.11,1.58,0.0,0.0,0.0,0.0,0,0,0,0,0,0,0,0,0.0,0.0,0.0,/usa/minnesota-united-fc-vs-los-angeles-fc-h2h-stats#8229656,13973,37,True,False,False,False,False,False,False,['78'],[]
MLS,2025,13973,8229657,677447,711351,2025,complete,120240,0,-1,"['49', '54']",['48'],2,1,3,12,5,17,3,1,3,2,0,0,8,4,4,6,12,10,12,11,45,55,65836.0,48648.0,404.0,,,3,2,1.82,3.83,4.2,1.01,1.22,1.68,2.8,4.9,11.0,3.8,2.05,1.41,1.15,1.57,2.1,2.8,1.4,5.0,1.13,1.19,0.0,1.88,2.37,2.17,4.0,2.2,2.6,3.75,0.0,0.0,1.26,1.55,1.85,2.45,3.28,3.22,2.34,1.9,1.57,1.25,1.42,7.0,3.66,0.0,0.0,0.0,3.25,7.5,1.33,2.45,5.75,16.0,3.14,1.49,1.11,1.0,1.2,1.9,3.8,8.75,4.2,1.78,1.23,1.06,0,0,0,0,3,0,0,2,1,3,0,1746923400,677447,0,45,37,29,0,25002,2,1,11,2,1,3,13,4,2,0,1,2,2,3,1,49,46,84,93,1.67,1.25,2.92,0,0,0,0,0,0,1,1,0,0,2,0,0,0,1,15,9,1,11,12,1,4,8,19,29,54,72,92,45,64,82,47,10.4,3.0,2.0,3.07,/clubs/nashville-sc-mls-677447,teams/usa-nashville-sc-mls.png,Nashville SC,/clubs/charlotte-fc-711351,teams/usa-charlotte-fc.png,Charlotte,2.17,1.11,2.17,0.8,1.55,1.73,82,72,47,29,9,67,49,49,2.08,0.99,3.07,/usa/nashville-sc-mls-vs-charlotte-fc-h2h-stats#8229657,13973,37,True,True,True,False,False,False,True,"['49', '54']",['48']
MLS,2025,13973,8229658,6,18,2025,complete,120240,0,-1,['32'],"['22', '46', '58']",1,3,4,8,5,13,0,3,2,4,1,0,4,4,11,10,15,14,12,12,40,60,13864.0,20.0,25.0,,,4,4,3.1,3.3,2.35,1.07,1.36,2.15,4.2,7.0,8.0,2.8,1.63,1.22,1.04,1.85,1.85,3.2,1.3,2.62,1.42,1.5,0.0,1.31,3.65,2.0,3.0,3.3,2.4,2.8,0.0,0.0,1.18,1.39,1.7,2.12,2.78,3.84,2.67,2.03,1.61,1.34,1.85,6.55,1.8,0.0,0.0,0.0,4.75,3.65,1.46,3.0,7.0,29.0,2.55,1.33,1.05,1.0,1.28,2.25,5.5,15.0,3.3,1.55,1.14,1.02,0,0,0,0,4,1,1,0,2,2,2,1746923400,18,0,50,9,17,0,19802,2,1,4,2,4,3,6,7,3,3,0,1,6,1,1,39,45,66,97,1.5,1.49,2.99,0,0,0,0,0,0,1,1,0,0,1,0,1,0,1,12,12,1,12,12,1,7,7,9,17,42,75,100,25,84,67,34,11.16,5.33,4.16,2.42,/clubs/houston-dynamo-6,teams/usa-houston-dynamo.png,Houston Dynamo,/clubs/seattle-sounders-fc-18,teams/usa-seattle-sounders-fc.png,Seattle Sounders,1.06,1.11,1.17,0.83,0.91,1.45,92,84,58,25,0,59,50,33,1.36,1.61,2.97,/usa/houston-dynamo-vs-seattle-sounders-fc-h2h-stats#8229658,13973,34,True,True,True,True,False,False,True,['32'],"['22', '46', '58']"
MLS,2025,13973,8229659,711351,9,2025,complete,120240,0,-1,"['19', '24', '75']","['15', '65']",3,2,5,7,3,10,3,3,2,0,0,0,10,7,6,5,16,12,6,5,34,66,19912.0,,,,,2,0,2.9,3.75,2.2,1.02,1.13,1.45,2.17,3.4,12.0,6.0,2.7,1.74,1.3,1.41,2.7,5.25,1.12,3.8,1.22,1.28,0.0,1.4,3.4,2.4,2.58,3.3,2.62,2.4,0.0,0.0,1.29,1.73,2.05,2.38,3.58,2.95,2.16,1.77,1.49,1.21,2.3,6.4,1.85,0.0,0.0,0.0,7.0,4.75,1.25,2.1,4.3,10.0,3.6,1.7,1.17,1.03,1.12,1.65,3.0,6.0,5.0,2.1,1.33,1.09,0,0,0,0,5,2,1,1,1,2,3,1748129400,711351,0,63,17,23,0,-1,2,1,2,0,5,3,2,8,1,0,1,0,1,1,1,7,3,67,119,1.76,1.29,3.05,0,0,0,0,0,0,1,1,0,0,1,0,0,0,1,4,4,1,5,6,1,4,5,15,23,54,85,100,31,70,100,44,6.67,3.21,4.46,2.75,/clubs/charlotte-fc-711351,teams/usa-charlotte-fc.png,Charlotte,/clubs/columbus-crew-9,teams/usa-columbus-crew.png,Columbus Crew,2.11,1.16,2.14,2.0,1.36,1.93,86,77,47,16,0,30,30,30,1.48,1.2,2.68,/usa/columbus-crew-vs-charlotte-fc-h2h-stats#8229659,13973,37,True,True,True,True,True,False,True,"['19', '24', '75']","['15', '65']"
MLS,2025,13973,8229660,1,677446,2025,complete,120240,0,-1,['2'],"['33', '40', '60', '62']",1,4,5,5,2,7,0,2,1,2,0,0,8,10,5,5,13,15,12,14,42,58,42.0,,,,,1,2,3.58,4.15,1.9,1.01,1.12,1.38,1.95,3.33,23.0,5.75,3.05,1.83,1.3,1.36,2.7,6.0,1.09,3.6,1.25,1.95,0.0,1.3,3.85,2.69,2.32,3.35,2.9,2.15,0.0,0.0,1.32,1.65,2.32,2.5,3.3,2.88,2.2,1.73,1.42,1.18,2.2,6.3,2.08,0.0,0.0,0.0,8.5,4.4,1.18,2.0,4.0,8.5,3.9,1.67,1.2,1.05,1.11,1.6,2.7,6.1,5.3,2.25,1.37,1.11,0,0,0,0,5,1,2,0,2,2,3,1751758200,677446,0,64,26,33,0,-1,2,1,0,2,5,0,2,5,1,0,0,2,1,2,1,37,49,36,53,1.64,1.99,3.62,0,0,0,0,0,0,1,1,1,0,0,0,0,0,1,3,4,1,14,12,1,5,4,34,45,64,69,88,52,82,69,38,10.24,3.73,5.32,3.25,/clubs/montreal-impact-1,teams/canada-montreal-impact.png,Montreal Impact,/clubs/club-internacional-de-futbol-miami-677446,teams/usa-club-internacional-de-futbol-miami.png,Inter Miami,0.71,1.68,0.67,1.71,0.7,1.81,66,55,37,31,13,60,38,26,1.22,1.23,2.45,/usa/montreal-impact-vs-club-internacional-de-futbol-miami-h2h-stats#8229660,13973,34,True,True,True,True,True,False,True,['2'],"['33', '40', '60', '62']"
MLS,2025,13973,8229661,19,677447,2025,complete,120240,0,-1,['90+1'],"['57', '89']",1,2,3,3,6,9,1,2,2,0,0,0,3,6,6,11,9,17,7,9,50,50,7.0,,,,,2,0,2.79,3.35,2.34,1.06,1.3,1.87,3.43,6.7,9.25,3.4,1.8,1.3,1.1,1.73,2.0,3.6,1.25,3.0,1.33,1.33,0.0,1.36,3.6,2.06,2.85,3.3,2.55,2.55,0.0,0.0,1.4,1.57,2.0,2.7,3.78,2.7,2.15,1.67,1.38,1.21,2.35,7.5,1.83,0.0,0.0,0.0,5.0,4.0,1.37,2.65,6.75,18.5,2.85,1.41,1.09,1.01,1.25,2.05,4.4,10.0,3.5,1.65,1.16,1.03,0,0,0,0,3,0,0,1,2,3,0,1748129400,677447,0,37,17,0,0,-1,2,1,2,2,1,4,4,5,0,0,2,0,0,2,1,5,13,72,99,0.82,1.59,2.42,0,0,0,0,0,0,1,1,0,0,0,1,0,0,1,6,7,1,9,7,1,14,9,0,10,37,72,86,45,72,45,17,9.57,4.29,2.26,2.05,/clubs/toronto-fc-19,teams/canada-toronto-fc.png,Toronto,/clubs/nashville-sc-mls-677447,teams/usa-nashville-sc-mls.png,Nashville SC,0.94,0.95,0.71,0.8,0.93,1.71,100,90,63,29,15,62,35,25,1.32,1.38,2.7,/usa/toronto-fc-vs-nashville-sc-mls-h2h-stats#8229661,13973,34,True,True,True,False,False,False,True,['90+1'],"['57', '89']"
MLS,2025,13973,8229662,8043,7,2025,complete,120240,0,-1,"['19', '50']",['55'],2,1,3,1,10,11,3,2,2,2,0,0,4,5,9,10,13,15,8,13,47,53,84.0,,,,,2,2,1.9,4.24,3.3,1.02,1.13,1.42,2.07,3.3,10.0,5.25,2.6,1.68,1.3,1.37,2.63,3.6,1.25,5.75,1.1,1.25,0.0,1.87,2.32,2.5,3.45,2.2,2.92,3.4,0.0,0.0,1.33,1.55,1.85,2.3,3.2,3.2,2.3,1.85,1.5,1.28,1.6,7.0,3.1,0.0,0.0,0.0,4.2,8.0,1.22,2.05,4.15,12.0,3.9,1.67,1.18,1.04,1.13,1.62,2.9,6.0,5.5,2.15,1.36,1.11,0,0,0,0,3,1,0,1,1,2,1,1751758200,8043,0,82,32,45,0,-1,2,1,1,6,0,4,7,4,0,0,2,2,0,4,1,38,66,76,75,1.37,1.76,3.14,0,0,0,0,0,0,1,1,0,0,0,0,0,0,1,8,1,1,13,8,1,8,6,27,53,82,88,100,48,70,79,62,8.9,5.3,4.4,3.94,/clubs/fc-cincinnati-8043,teams/usa-fc-cincinnati.png,FC Cincinnati,/clubs/chicago-fire-7,teams/usa-chicago-fire.png,Chicago Fire,1.8,1.67,2.13,1.8,1.95,1.47,74,48,19,13,0,63,50,33,1.53,1.43,2.96,/usa/chicago-fire-vs-fc-cincinnati-h2h-stats#8229662,13973,37,True,True,True,False,False,False,True,"['19', '50']",['55']
MLS,2025,13973,8229663,14,10,2025,complete,120240,0,-1,"['21', '26']",[],2,0,2,4,1,5,1,0,3,2,0,0,2,0,4,7,6,7,18,10,52,48,5016.0,8.0,2.0,,,3,2,1.52,3.95,4.75,1.03,1.14,1.55,2.4,4.5,12.0,4.75,2.1,1.61,1.17,1.62,2.36,2.75,1.29,4.5,1.17,1.22,0.0,2.31,2.15,2.45,4.35,1.95,2.7,4.35,0.0,0.0,1.22,1.34,1.62,2.0,2.4,4.2,2.9,2.2,1.65,1.5,1.55,7.0,3.1,0.0,0.0,0.0,3.1,9.5,1.28,2.35,4.9,12.0,3.2,1.5,1.14,1.02,1.15,1.8,3.6,7.0,5.0,1.9,1.27,1.05,0,0,0,0,2,2,0,0,0,0,2,1743885000,14,0,67,50,34,0,19304,2,1,2,0,2,1,2,3,1,0,2,2,1,4,1,37,42,91,96,0.8,0.76,1.56,0,0,0,0,0,0,1,1,0,0,0,0,1,0,1,12,14,1,10,18,1,9,6,0,33,50,84,100,50,84,84,50,7.0,2.0,6.0,2.67,/clubs/real-salt-lake-14,teams/usa-real-salt-lake.png,Real Salt Lake,/clubs/la-galaxy-10,teams/usa-la-galaxy.png,LA Galaxy,1.65,0.41,1.0,0.67,1.0,0.33,100,67,50,17,0,50,50,17,1.27,1.23,2.5,/usa/la-galaxy-vs-real-salt-lake-h2h-stats#8229663,13973,34,True,True,False,False,False,False,False,"['21', '26']",[]
MLS,2025,13973,8229664,13401,1016,2025,complete,120240,0,-1,[],[],0,0,0,3,0,3,1,1,1,4,0,0,2,1,7,5,9,6,9,12,40,60,5016.0,,,,,1,4,2.5,3.4,2.53,1.04,1.21,1.67,2.5,4.7,15.0,4.1,2.15,1.49,1.14,1.55,2.4,3.6,1.25,4.33,1.18,1.27,0.0,1.57,2.92,2.0,3.3,2.6,2.55,3.0,0.0,0.0,1.29,1.44,2.01,2.28,3.04,3.5,2.56,1.88,1.53,1.34,1.8,7.2,2.88,0.0,0.0,0.0,4.8,5.75,1.34,2.4,5.7,12.0,3.1,1.49,1.11,1.0,1.16,1.8,4.0,8.5,4.35,1.85,1.25,1.05,0,0,0,0,0,0,0,0,0,0,0,1751758200,-1,0,50,14,26,0,-1,2,1,1,0,2,0,1,2,0,2,1,2,2,3,1,62,62,72,117,1.15,0.91,2.06,0,0,0,0,0,0,1,1,0,0,0,0,0,0,1,2,4,1,12,9,1,5,9,5,26,56,82,91,29,70,72,48,9.02,3.22,5.09,2.73,/clubs/dc-united-13401,teams/usa-dc-united.png,DC United,/clubs/atlanta-united-fc-1016,teams/usa-atlanta-united-fc.png,Atlanta United FC,0.76,0.47,0.91,0.22,0.9,0.89,96,75,44,18,9,46,36,19,1.15,1.09,2.24,/usa/atlanta-united-fc-vs-dc-united-h2h-stats#8229664,13973,34,False,False,False,False,False,False,False,[],[]
MLS,2025,13973,8229665,12,711351,2025,complete,120240,0,-1,"['77', '81']",[],2,0,2,6,3,9,2,1,1,2,0,0,6,3,15,7,21,10,8,10,44,56,3.0,11435.0,404.0,,,1,2,2.3,3.3,2.7,1.05,1.23,1.7,2.62,4.6,9.5,3.8,2.1,1.42,1.14,1.57,2.43,3.3,1.25,4.33,1.18,1.38,0.0,1.57,2.88,2.3,3.4,2.43,2.6,3.2,0.0,0.0,1.22,1.46,1.83,2.27,2.9,3.5,2.5,1.85,1.62,1.36,1.64,8.5,2.4,0.0,0.0,0.0,4.33,5.5,1.29,2.66,6.0,12.0,3.0,1.47,1.1,1.0,1.2,1.9,3.55,9.5,4.3,1.83,1.22,1.06,0,0,0,0,2,0,0,2,0,2,0,1743280200,12,0,50,50,50,0,15211,2,1,3,2,3,1,5,4,1,0,0,2,1,2,1,53,35,92,76,2.12,1.1,3.22,1,0,1,0,0,0,1,1,0,0,0,0,1,0,1,12,21,1,9,8,1,10,10,25,50,75,75,100,50,75,100,75,14.5,3.0,1.5,3.5,/clubs/colorado-rapids-12,teams/usa-colorado-rapids.png,Colorado Rapids,/clubs/charlotte-fc-711351,teams/usa-charlotte-fc.png,Charlotte,1.65,1.11,0.5,0.5,1.6,2.0,75,50,25,25,0,75,50,50,1.39,1.0,2.39,/usa/colorado-rapids-vs-charlotte-fc-h2h-stats#8229665,13973,34,True,True,False,False,False,False,False,"['77', '81']",[]
MLS,2025,13973,8229666,1,6490,2025,complete,120240,0,-1,"['5', '22']","['38', '77']",2,2,4,5,3,8,0,1,2,1,0,0,7,8,6,12,13,20,14,13,39,61,69.0,,,,,2,1,3.52,3.44,2.08,1.01,1.21,1.7,2.7,4.9,12.0,4.0,2.14,1.4,1.15,1.61,2.15,4.33,1.18,2.95,1.33,1.75,0.0,1.3,3.8,2.2,2.66,3.58,2.65,2.3,0.0,0.0,1.26,1.65,1.95,2.45,2.75,3.4,2.2,1.75,1.48,1.38,2.27,6.45,1.93,0.0,0.0,0.0,6.5,3.8,1.32,2.4,5.7,21.0,3.12,1.48,1.1,1.01,1.18,1.93,3.82,8.5,4.0,1.75,1.22,1.04,0,0,0,0,4,2,1,0,1,1,3,1748129400,-1,0,66,46,32,0,-1,2,1,3,1,2,2,4,4,1,0,1,1,1,2,1,5,5,71,125,1.35,1.87,3.22,1,0,1,0,0,0,1,1,1,0,1,0,0,0,1,3,3,1,12,14,1,11,4,32,46,56,73,90,56,83,73,32,9.11,4.2,6.06,3.37,/clubs/montreal-impact-1,teams/canada-montreal-impact.png,Montreal Impact,/clubs/los-angeles-fc-6490,teams/usa-los-angeles-fc.png,Los Angeles FC,0.71,1.53,0.4,0.86,0.5,1.57,69,55,45,27,10,56,49,39,1.2,1.31,2.51,/usa/montreal-impact-vs-los-angeles-fc-h2h-stats#8229666,13973,34,True,True,True,True,False,False,True,"['5', '22']","['38', '77']"
MLS,2025,13973,8229667,17,20,2025,complete,120240,0,-1,['39'],[],1,0,1,1,4,5,4,0,2,2,0,0,4,1,10,6,14,7,14,8,40,60,57.0,,,,,2,2,1.62,4.57,4.8,1.02,1.08,1.44,2.05,3.6,11.0,5.25,2.7,1.7,1.25,1.5,2.45,2.9,1.36,7.0,1.07,1.2,0.0,2.3,2.2,2.41,4.85,1.91,2.95,4.55,0.0,0.0,1.33,1.49,1.78,2.4,3.28,2.95,2.5,1.77,1.49,1.3,1.42,7.8,3.6,0.0,0.0,0.0,3.3,10.0,1.22,2.14,4.2,10.0,3.7,1.67,1.18,1.03,1.13,1.65,2.85,6.25,5.2,2.1,1.3,1.1,0,0,0,0,1,1,0,0,0,0,1,1748129400,17,0,57,36,36,0,-1,2,1,1,2,0,2,3,2,0,0,2,2,0,4,1,24,4,96,122,1.34,0.57,1.91,0,0,0,0,0,0,1,1,0,0,1,0,0,0,1,2,0,1,8,14,1,9,7,50,57,72,79,79,50,79,79,57,7.57,3.71,4.0,3.72,/clubs/orlando-city-sc-17,teams/usa-orlando-city-sc.png,Orlando City,/clubs/portland-timbers-20,teams/usa-portland-timbers.png,Portland Timbers,1.65,0.89,2.0,1.57,1.71,1.64,50,43,29,22,22,50,29,22,1.71,1.43,3.14,/usa/orlando-city-sc-vs-portland-timbers-h2h-stats#8229667,13973,35,True,False,False,False,False,False,False,['39'],[]
MLS,2025,13973,8229668,1015,6,2025,complete,120240,0,-1,"['60', '63', '70']",['90+4'],3,1,4,6,4,10,-1,-1,4,1,0,0,4,2,5,11,9,13,20,15,36,64,19856.0,,,,,4,1,2.01,3.45,3.6,1.01,1.25,1.8,2.8,5.35,9.5,3.7,1.95,1.36,1.12,1.67,2.15,2.88,1.36,4.33,1.18,1.29,0.0,1.77,2.25,2.16,3.9,2.4,2.45,3.6,0.0,0.0,1.25,1.42,1.7,2.23,2.8,3.6,2.62,2.12,1.62,1.36,1.67,6.5,2.55,0.0,0.0,0.0,3.7,6.5,1.37,2.5,6.25,19.0,3.12,1.51,1.09,1.02,1.2,1.93,4.0,11.0,4.0,1.75,1.2,1.03,0,0,0,0,4,0,0,3,1,4,0,1750897800,1015,0,47,23,23,0,-1,2,1,3,2,3,2,5,5,1,1,3,0,2,3,1,53,60,48,64,1.22,1.39,2.61,0,0,0,0,0,0,1,1,0,0,0,0,0,0,1,15,12,1,15,20,1,10,5,18,35,47,77,82,29,65,77,47,8.85,3.91,4.07,2.69,/clubs/minnesota-united-fc-1015,teams/usa-minnesota-united-fc.png,Minnesota United,/clubs/houston-dynamo-6,teams/usa-houston-dynamo.png,Houston Dynamo,1.58,1.12,1.67,1.25,1.67,1.11,83,66,54,24,18,54,48,48,1.57,0.92,2.49,/usa/houston-dynamo-vs-minnesota-united-fc-h2h-stats#8229668,13973,34,True,True,True,True,False,False,True,"['60', '63', '70']",['90+4']
MLS,2025,13973,8229669,945555,17,2025,complete,120240,0,-1,"['40', '45+3']","['7', '9', '22', '82']",2,4,6,5,6,11,0,1,2,0,0,0,5,12,11,11,16,23,9,1,47,53,5016.0,,,,,2,0,2.97,3.7,2.3,1.03,1.15,1.5,2.15,3.9,12.0,5.0,2.45,1.62,1.22,1.44,2.7,4.5,1.17,3.95,1.2,1.29,0.0,1.37,3.2,2.23,2.9,2.9,2.6,2.75,0.0,0.0,1.22,1.47,1.88,2.3,3.05,3.48,2.5,1.93,1.52,1.28,1.9,7.8,2.2,0.0,0.0,0.0,6.0,4.8,1.25,2.2,4.6,15.0,3.25,1.6,1.15,1.02,1.14,1.75,3.4,7.0,4.7,1.93,1.27,1.06,0,0,0,0,6,2,3,0,1,1,5,1750897800,17,0,50,22,22,0,-1,2,1,3,3,2,3,6,5,0,0,2,0,0,2,1,57,47,79,66,1.76,2.61,4.38,0,0,0,0,0,0,1,1,0,2,0,1,0,0,1,15,7,1,1,9,1,10,11,11,22,56,56,73,28,62,56,44,8.78,2.56,4.0,2.22,/clubs/st-louis-city-sc-945555,teams/usa-st-louis-city-sc.png,St. Louis City,/clubs/orlando-city-sc-17,teams/usa-orlando-city-sc.png,Orlando City,1.06,1.39,1.11,1.44,0.83,1.67,89,78,44,44,28,73,67,50,1.53,1.36,2.89,/usa/orlando-city-sc-vs-st-louis-city-sc-h2h-stats#8229669,13973,34,True,True,True,True,True,True,True,"['40', '45+3']","['7', '9', '22', '82']"
MLS,2025,13973,8229670,5,1398748,2025,complete,120240,0,-1,"['43', '66', '90+6']","['35', '37', '44', '47', '90']",3,5,8,7,3,10,0,1,2,2,0,0,5,8,12,4,17,12,15,12,49,51,13851.0,,,,,2,2,2.26,3.35,3.16,1.05,1.21,1.81,2.7,5.5,11.0,3.8,2.09,1.36,1.14,1.62,2.2,3.3,1.29,4.0,1.2,1.28,0.0,1.71,2.84,2.25,3.7,2.6,2.45,3.25,0.0,0.0,1.3,1.6,2.01,2.33,3.05,3.05,2.29,1.8,1.52,1.32,1.87,8.5,2.3,0.0,0.0,0.0,3.9,6.0,1.32,2.45,5.3,15.0,3.3,1.47,1.11,1.01,1.2,1.93,3.95,10.0,4.0,1.75,1.22,1.05,0,0,0,0,8,1,3,2,2,4,4,1750905000,1398748,0,60,36,24,0,-1,2,1,4,2,3,1,6,4,0,2,2,0,2,2,1,55,31,64,45,1.81,1.53,3.34,0,0,0,0,0,0,1,1,0,0,1,0,0,0,1,8,21,1,12,15,1,4,12,18,36,71,89,95,53,76,83,54,10.72,2.58,3.3,3.19,/clubs/vancouver-whitecaps-fc-5,teams/canada-vancouver-whitecaps-fc.png,Vancouver Whitecaps,/clubs/san-diego-fc-1398748,teams/usa-san-diego-fc.png,San Diego,2.0,2.11,2.22,1.5,2.06,1.83,82,65,29,12,6,53,47,29,1.81,1.55,3.36,/usa/vancouver-whitecaps-fc-vs-san-diego-fc-h2h-stats#8229670,13973,39,True,True,True,True,True,True,True,"['43', '66', '90+6']","['35', '37', '44', '47', '90']"
MLS,2025,13973,8229671,12,20,2025,complete,120240,0,-1,[],"['45+1', '48', '75']",0,3,3,6,3,9,5,1,0,0,0,0,1,5,7,6,8,11,10,7,47,53,,11435.0,28121.0,,,0,0,1.73,4.0,4.24,1.03,1.17,1.6,2.3,3.92,15.0,5.3,2.4,1.54,1.19,1.55,2.3,2.9,1.36,5.75,1.1,1.22,0.0,2.15,2.41,2.45,4.25,2.07,2.7,4.0,0.0,0.0,1.22,1.48,1.75,2.23,2.97,3.3,2.43,1.9,1.57,1.3,1.57,6.75,2.75,0.0,0.0,0.0,3.5,9.0,1.26,2.25,5.5,13.0,3.55,1.56,1.11,1.02,1.14,1.7,3.5,7.5,4.8,1.93,1.27,1.05,0,0,0,0,3,0,1,0,2,2,1,1742693400,20,0,50,50,50,0,15131,2,-1,2,0,4,3,2,7,0,0,0,0,0,0,1,51,20,119,80,0.96,1.2,2.15,0,0,0,0,0,0,1,1,0,0,1,0,-1,-1,1,18,14,1,7,10,1,8,6,50,50,50,100,100,50,100,100,50,8.0,2.0,3.0,4.0,/clubs/colorado-rapids-12,teams/usa-colorado-rapids.png,Colorado Rapids,/clubs/portland-timbers-20,teams/usa-portland-timbers.png,Portland Timbers,1.65,0.89,1.0,0.0,2.0,1.0,50,50,50,0,0,0,0,0,1.81,1.14,2.95,/usa/colorado-rapids-vs-portland-timbers-h2h-stats#8229671,13973,34,True,True,True,False,False,False,False,[],"['45+1', '48', '75']"
MLS,2025,13973,8229672,12,14,2025,complete,120240,0,-1,['70'],[],1,0,1,3,3,6,-1,-1,3,1,0,0,3,3,3,9,6,12,9,11,41,59,84.0,,,,,3,1,2.21,3.2,2.9,1.01,1.19,1.75,2.98,5.6,10.5,4.6,1.93,1.37,1.14,1.57,2.25,3.2,1.3,3.95,1.2,1.28,0.0,1.6,2.9,2.2,3.48,2.75,2.65,3.2,0.0,0.0,1.26,1.47,2.16,2.35,3.14,3.34,2.38,1.85,1.52,1.27,1.86,8.4,2.12,0.0,0.0,0.0,4.2,5.0,1.32,2.54,5.6,17.0,3.1,1.48,1.11,1.01,1.2,1.99,3.8,8.5,4.3,1.75,1.22,1.04,0,0,0,0,1,0,0,1,0,1,0,1747531800,12,0,61,30,24,0,-1,2,1,3,0,0,3,3,3,1,1,2,0,2,2,1,38,55,86,107,0.87,1.37,2.24,0,0,0,0,0,0,1,1,0,0,0,0,0,0,1,13,25,1,11,9,1,8,6,17,31,61,100,100,30,92,93,55,9.07,3.5,4.64,3.17,/clubs/colorado-rapids-12,teams/usa-colorado-rapids.png,Colorado Rapids,/clubs/real-salt-lake-14,teams/usa-real-salt-lake.png,Real Salt Lake,1.65,0.72,1.33,1.0,1.23,1.08,84,69,40,0,0,47,30,22,1.69,1.47,3.16,/usa/colorado-rapids-vs-real-salt-lake-h2h-stats#8229672,13973,34,True,False,False,False,False,False,False,['70'],[]
MLS,2025,13973,8229673,20,18,2025,complete,120240,0,-1,['36'],['30'],1,1,2,3,8,11,0,2,2,1,0,0,1,6,3,7,4,13,19,9,47,53,13812.0,,,,,2,1,2.7,3.6,2.55,1.01,1.18,1.67,2.88,5.25,15.0,4.2,2.12,1.45,1.13,1.6,2.25,3.8,1.22,3.55,1.25,1.3,0.0,1.44,3.1,2.32,2.95,3.0,2.58,2.75,0.0,0.0,1.25,1.5,1.85,2.42,2.7,3.45,2.35,1.86,1.47,1.4,2.12,6.5,1.85,0.0,0.0,0.0,5.25,4.5,1.35,2.4,5.85,19.0,3.2,1.45,1.1,1.02,1.2,1.9,3.9,8.5,4.1,1.8,1.22,1.04,0,0,0,0,2,1,1,0,0,0,2,1747531800,-1,0,53,23,25,0,-1,2,1,1,7,2,1,8,3,2,0,0,1,2,1,1,46,52,80,70,0.66,1.61,2.28,0,0,0,0,0,0,1,1,0,0,0,1,0,0,1,15,7,1,9,19,1,6,6,17,38,44,71,100,38,84,73,38,10.55,4.21,5.25,2.78,/clubs/portland-timbers-20,teams/usa-portland-timbers.png,Portland Timbers,/clubs/seattle-sounders-fc-18,teams/usa-seattle-sounders-fc.png,Seattle Sounders,1.63,1.11,1.83,1.0,1.69,1.46,84,63,57,29,0,73,59,53,1.18,1.51,2.69,/usa/seattle-sounders-fc-vs-portland-timbers-h2h-stats#8229673,13973,37,True,True,False,False,False,False,True,['36'],['30']
MLS,2025,13973,8229674,7,17,2025,complete,120240,0,-1,[],[],0,0,0,7,6,13,2,0,3,1,1,0,8,3,8,21,16,24,16,8,46,54,13864.0,14.0,29408.0,,,5,1,2.85,3.32,2.51,1.02,1.22,1.73,2.7,6.25,10.0,3.8,2.0,1.4,1.15,1.65,2.22,3.55,1.25,3.2,1.3,1.33,0.0,1.47,3.2,2.25,2.6,2.8,2.5,2.9,0.0,0.0,1.34,1.51,1.89,2.43,3.28,2.9,2.18,1.81,1.5,1.25,2.02,8.2,2.25,0.0,0.0,0.0,5.0,4.6,1.33,2.6,6.25,16.0,3.14,1.42,1.09,1.01,1.2,1.91,3.8,8.5,3.78,1.8,1.22,1.04,0,0,0,0,0,0,0,0,0,0,0,1746318600,-1,0,68,35,35,0,17876,2,1,2,3,5,3,5,8,3,0,1,1,3,2,1,40,55,100,96,1.86,2.11,3.97,0,0,0,0,0,0,1,1,0,0,1,2,0,0,1,5,20,1,8,16,1,12,9,13,35,55,68,68,35,58,68,45,7.45,2.0,4.85,2.38,/clubs/chicago-fire-7,teams/usa-chicago-fire.png,Chicago Fire,/clubs/orlando-city-sc-17,teams/usa-orlando-city-sc.png,Orlando City,1.42,1.39,0.75,1.2,1.2,1.6,88,65,45,33,33,68,55,23,1.39,1.27,2.66,/usa/chicago-fire-vs-orlando-city-sc-h2h-stats#8229674,13973,35,False,False,False,False,False,False,False,[],[]
MLS,2025,13973,8229675,15,20,2025,complete,120240,0,-1,"['16', '24', '27', '88']",['42'],4,1,5,2,6,8,3,3,4,1,0,0,8,5,7,12,15,17,14,9,44,56,24.0,21032.0,28121.0,,,4,1,2.34,3.4,2.8,1.02,1.13,1.47,2.05,3.5,19.0,6.41,2.78,1.74,1.24,1.44,2.8,3.95,1.25,4.75,1.15,1.25,0.0,1.62,2.57,2.45,3.15,2.46,2.79,3.0,0.0,0.0,1.16,1.41,1.7,2.06,2.47,4.1,2.83,2.05,1.66,1.43,1.67,8.9,2.75,0.0,0.0,0.0,5.0,6.0,1.22,2.16,4.3,9.5,3.7,1.72,1.17,1.03,1.08,1.67,2.88,6.5,5.25,2.0,1.34,1.1,0,0,0,0,5,3,1,1,0,1,4,1746325800,15,0,54,35,19,0,2405,2,1,2,1,0,5,3,5,2,0,2,1,2,3,1,43,58,100,90,1.82,1.84,3.66,0,0,0,0,0,0,1,1,0,0,0,0,0,0,1,19,16,1,9,14,1,8,6,37,45,64,82,90,35,90,82,55,10.5,4.47,4.2,3.79,/clubs/san-jose-earthquakes-15,teams/usa-san-jose-earthquakes.png,SJ Earthquakes,/clubs/portland-timbers-20,teams/usa-portland-timbers.png,Portland Timbers,1.24,0.89,1.17,2.0,1.0,1.8,64,55,37,19,10,64,54,44,2.02,1.37,3.39,/usa/san-jose-earthquakes-vs-portland-timbers-h2h-stats#8229675,13973,34,True,True,True,True,True,False,True,"['16', '24', '27', '88']",['42']
MLS,2025,13973,8229676,8,13,2025,complete,120240,0,-1,"['8', '90+1']","['11', '59', '69', '82']",2,4,6,6,3,9,1,2,5,4,1,0,5,6,6,4,11,10,17,14,52,48,19856.0,,,,,6,4,2.08,3.6,3.41,1.01,1.13,1.55,2.42,4.0,12.0,4.5,2.49,1.53,1.22,1.5,2.5,3.55,1.29,4.75,1.13,1.31,0.0,1.75,2.62,2.52,3.9,2.4,2.62,3.3,0.0,0.0,1.27,1.5,1.88,2.6,3.5,3.0,2.3,1.73,1.41,1.22,1.39,7.25,3.7,0.0,0.0,0.0,4.2,6.5,1.27,2.3,5.1,12.5,3.4,1.57,1.13,1.01,1.17,1.75,3.3,7.0,4.7,1.93,1.28,1.07,0,0,0,0,6,1,1,1,3,4,2,1749947400,13,0,57,26,31,0,-1,2,1,4,2,2,1,6,3,1,2,5,2,3,7,1,59,34,94,67,1.47,1.3,2.77,0,1,0,1,0,0,1,1,1,0,0,0,0,0,1,14,6,1,14,16,1,5,6,44,44,57,77,95,51,82,75,57,9.25,3.38,4.42,3.58,/clubs/sporting-kansas-city-8,teams/usa-sporting-kansas-city.png,Sporting KC,/clubs/fc-dallas-13,teams/usa-fc-dallas.png,FC Dallas,1.0,1.28,1.14,1.44,0.94,1.13,57,57,44,24,6,61,50,38,1.36,1.27,2.63,/usa/sporting-kansas-city-vs-fc-dallas-h2h-stats#8229676,13973,34,True,True,True,True,True,True,True,"['8', '90+1']","['11', '59', '69', '82']"
MLS,2025,13973,8229677,7,677446,2025,complete,120240,0,-1,[],[],0,0,0,4,5,9,3,2,5,3,0,0,7,3,9,7,16,10,12,11,47,53,13889.0,14.0,48359.0,,,5,3,3.17,3.75,2.25,1.02,1.15,1.5,2.2,4.0,12.0,6.0,2.36,1.59,1.25,1.49,2.62,4.75,1.15,3.8,1.22,1.23,0.0,1.38,3.3,2.3,2.72,3.0,2.63,2.37,0.0,0.0,1.23,1.5,1.8,2.25,2.88,3.2,2.4,1.85,1.57,1.36,1.95,6.4,2.2,0.0,0.0,0.0,6.0,4.8,1.25,2.19,4.65,11.0,3.45,1.6,1.16,1.03,1.15,1.7,3.2,6.75,5.0,2.0,1.31,1.09,0,0,0,0,0,0,0,0,0,0,0,1744576200,-1,0,100,50,50,0,62358,2,1,2,1,2,4,3,6,2,3,3,0,5,3,1,39,47,82,113,1.78,1.19,2.97,0,0,0,0,0,0,1,1,0,0,0,1,1,0,1,15,17,1,11,12,1,6,6,25,50,75,100,100,75,100,100,50,8.0,4.0,5.0,3.5,/clubs/chicago-fire-7,teams/usa-chicago-fire.png,Chicago Fire,/clubs/club-internacional-de-futbol-miami-677446,teams/usa-club-internacional-de-futbol-miami.png,Inter Miami,1.42,1.68,1.0,3.0,1.57,2.33,75,50,25,0,0,75,75,25,0.97,1.47,2.44,/usa/chicago-fire-vs-club-internacional-de-futbol-miami-h2h-stats#8229677,13973,37,False,False,False,False,False,False,False,[],[]
MLS,2025,13973,8229678,1398748,13,2025,complete,120240,0,-1,"['20', '27', '56', '73', '87']",[],5,0,5,4,5,9,0,1,1,2,0,0,9,2,4,7,13,9,14,17,60,40,13893.0,44567.0,28222.0,,,1,2,1.75,4.0,4.35,1.04,1.18,1.63,2.7,4.4,10.0,4.6,2.0,1.55,1.15,1.57,2.5,2.8,1.44,5.0,1.13,1.25,0.0,2.05,2.0,2.3,4.05,2.05,2.7,4.33,0.0,0.0,1.23,1.49,1.85,2.3,2.9,3.42,2.45,1.85,1.56,1.34,1.44,9.0,3.44,0.0,0.0,0.0,3.3,8.0,1.33,2.4,5.0,13.0,3.32,1.55,1.09,1.02,1.16,1.83,3.9,8.0,4.33,1.8,1.25,1.04,0,0,0,0,5,2,0,3,0,3,2,1746321300,1398748,0,64,37,17,0,27108,2,1,2,0,2,5,2,7,0,1,1,1,1,2,1,28,50,79,90,1.66,1.08,2.73,1,0,1,0,0,0,1,1,0,0,1,0,0,0,1,14,17,1,16,14,1,7,4,27,37,55,74,82,47,82,54,35,9.63,3.77,4.97,2.99,/clubs/san-diego-fc-1398748,teams/usa-san-diego-fc.png,San Diego,/clubs/fc-dallas-13,teams/usa-fc-dallas.png,FC Dallas,1.67,1.28,1.6,2.0,1.4,1.5,74,64,45,27,19,54,44,35,1.66,1.29,2.95,/usa/fc-dallas-vs-san-diego-fc-h2h-stats#8229678,13973,36,True,True,True,True,True,False,False,"['20', '27', '56', '73', '87']",[]
MLS,2025,13973,8229679,6490,15,2025,complete,120240,0,-1,"['65', '86']",['90+5'],2,1,3,4,6,10,2,1,0,1,0,0,4,3,8,13,12,16,12,12,49,51,36.0,43902.0,21032.0,,,0,1,1.69,4.21,4.69,1.03,1.18,1.55,2.47,4.25,15.0,4.88,2.35,1.55,1.2,1.71,2.2,2.4,1.5,6.0,1.09,1.2,0.0,2.5,1.95,2.3,4.55,2.05,2.83,5.0,0.0,0.0,1.15,1.31,1.75,1.98,2.54,3.55,2.92,2.26,1.74,1.43,1.4,10.0,3.72,0.0,0.0,0.0,2.75,10.0,1.27,2.3,5.3,14.0,3.3,1.53,1.09,1.0,1.16,1.8,3.75,7.5,4.75,1.91,1.23,1.08,0,0,0,0,3,0,0,2,1,3,0,1744511400,6490,0,50,25,25,0,22110,2,1,4,2,0,3,6,3,0,1,0,0,1,0,1,77,91,134,142,1.6,1.88,3.48,0,0,0,0,0,0,1,1,0,0,2,1,0,0,1,23,18,1,12,12,1,11,5,25,25,50,50,100,50,67,59,25,8.5,2.33,2.17,2.5,/clubs/los-angeles-fc-6490,teams/usa-los-angeles-fc.png,Los Angeles FC,/clubs/san-jose-earthquakes-15,teams/usa-san-jose-earthquakes.png,SJ Earthquakes,2.11,1.18,2.0,1.5,1.29,1.43,75,75,50,50,0,34,34,17,1.59,1.67,3.26,/usa/san-jose-earthquakes-vs-los-angeles-fc-h2h-stats#8229679,13973,34,True,True,True,False,False,False,True,"['65', '86']",['90+5']
MLS,2025,13973,8229680,14,13401,2025,complete,120240,0,-1,"['23', '77']",[],2,0,2,10,2,12,4,1,3,1,0,0,6,1,14,7,20,8,16,12,56,44,13889.0,,,,,3,1,1.8,3.75,4.45,1.02,1.22,1.67,2.78,4.75,13.0,4.5,2.1,1.46,1.17,1.67,2.0,2.6,1.48,5.25,1.12,1.25,0.0,2.3,2.38,2.23,4.29,2.05,2.5,4.4,0.0,0.0,1.24,1.5,1.94,2.23,2.9,3.3,2.4,1.91,1.57,1.36,1.46,6.75,2.8,0.0,0.0,0.0,3.2,8.0,1.34,2.5,5.5,14.0,3.37,1.52,1.11,1.01,1.2,1.95,3.8,8.0,4.1,1.8,1.22,1.04,0,0,0,0,2,1,0,1,0,1,1,1749951000,14,0,46,34,13,0,-1,2,1,2,2,8,0,4,8,0,0,3,1,0,4,1,28,22,74,76,1.88,0.74,2.62,0,0,0,0,0,0,1,1,0,0,1,1,0,0,1,14,16,1,12,16,1,6,8,20,34,52,73,87,53,81,59,39,10.25,3.27,5.96,2.76,/clubs/real-salt-lake-14,teams/usa-real-salt-lake.png,Real Salt Lake,/clubs/dc-united-13401,teams/usa-dc-united.png,DC United,1.65,0.76,1.0,1.0,0.88,1.0,81,67,48,28,14,66,47,20,1.34,1.39,2.73,/usa/real-salt-lake-vs-dc-united-h2h-stats#8229680,13973,34,True,True,False,False,False,False,False,"['23', '77']",[]
MLS,2025,13973,8229681,13,14,2025,complete,120240,0,-1,['53'],['24'],1,1,2,2,3,5,2,2,2,5,0,1,2,3,6,4,8,7,18,16,50,50,166397.0,28222.0,8.0,,,2,6,2.3,3.5,2.8,1.02,1.25,1.7,2.94,6.0,9.5,3.7,2.08,1.4,1.12,1.65,2.1,3.0,1.3,3.95,1.2,1.32,0.0,1.83,2.5,2.34,4.0,2.25,2.5,3.5,0.0,0.0,1.33,1.73,1.9,2.4,3.6,2.95,2.0,1.78,1.49,1.3,1.73,6.4,2.08,0.0,0.0,0.0,4.2,5.5,1.3,2.6,5.5,16.0,3.1,1.5,1.11,1.01,1.2,1.93,3.8,9.0,4.1,1.75,1.22,1.05,0,0,0,0,2,0,1,1,0,1,1,1746923400,-1,0,59,38,21,0,11004,2,1,1,2,1,1,3,2,1,4,1,2,5,3,1,34,42,93,96,0.9,0.97,1.87,0,0,0,0,0,0,1,1,0,0,0,2,1,0,1,19,12,1,16,18,1,8,8,0,29,67,75,100,38,75,67,38,7.17,4.5,4.67,2.71,/clubs/fc-dallas-13,teams/usa-fc-dallas.png,FC Dallas,/clubs/real-salt-lake-14,teams/usa-real-salt-lake.png,Real Salt Lake,1.22,0.72,0.75,1.0,1.36,1.09,100,71,34,25,0,63,38,25,0.99,1.55,2.54,/usa/fc-dallas-vs-real-salt-lake-h2h-stats#8229681,13973,35,True,True,False,False,False,False,True,['53'],['24']
MLS,2025,13973,8229682,711351,19,2025,complete,120240,0,-1,"['60', '65']",[],2,0,2,2,4,6,0,1,1,1,0,0,4,3,6,10,10,13,16,6,43,57,57.0,404.0,11434.0,,,1,1,1.48,4.4,5.5,1.03,1.16,1.53,2.33,4.2,11.0,4.75,2.45,1.55,1.22,1.62,2.1,2.55,1.48,6.5,1.08,1.14,0.0,2.45,1.93,2.52,5.5,1.88,2.85,4.75,0.0,0.0,1.4,1.67,2.1,2.62,3.6,2.75,2.05,1.65,1.42,1.25,1.47,6.5,3.0,0.0,0.0,0.0,2.9,10.0,1.26,2.2,5.0,13.0,3.5,1.6,1.15,1.02,1.14,1.7,3.3,8.0,5.0,1.98,1.28,1.08,0,0,0,0,2,0,0,2,0,2,0,1753572600,711351,0,58,15,43,0,27835,2,1,2,1,0,3,3,3,0,1,1,0,1,1,1,15,57,66,78,1.02,1.44,2.46,0,0,0,0,0,0,1,1,0,0,0,0,0,0,1,2,6,1,6,16,1,8,7,24,38,57,81,100,34,82,80,62,6.82,3.72,4.49,3.14,/clubs/charlotte-fc-711351,teams/usa-charlotte-fc.png,Charlotte,/clubs/toronto-fc-19,teams/canada-toronto-fc.png,Toronto,2.11,0.94,2.27,1.1,1.46,0.91,77,62,43,20,0,48,33,28,1.47,0.99,2.46,/usa/toronto-fc-vs-charlotte-fc-h2h-stats#8229682,13973,34,True,True,False,False,False,False,False,"['60', '65']",[]
MLS,2025,13973,8229683,16,4,2025,complete,120240,0,-1,"['9', '24']",[],2,0,2,8,5,13,2,1,2,2,0,0,5,1,12,7,17,8,13,11,52,48,42.0,,,,,2,2,1.72,3.65,3.76,1.04,1.2,1.77,2.9,5.0,12.0,3.9,2.05,1.42,1.14,1.67,2.1,2.88,1.36,4.5,1.17,1.3,0.0,1.83,2.49,2.22,3.9,2.3,2.55,3.75,0.0,0.0,1.29,1.51,1.93,2.5,3.5,3.4,2.2,1.75,1.47,1.24,1.54,6.75,3.3,0.0,0.0,0.0,3.6,6.5,1.33,2.45,5.5,17.0,3.25,1.5,1.11,1.03,1.22,2.0,3.84,8.75,4.0,1.75,1.22,1.03,0,0,0,0,2,2,0,0,0,0,2,1752363000,16,0,58,19,25,0,-1,2,1,5,1,3,4,6,7,0,0,2,2,0,4,1,10,7,34,17,1.48,0.62,2.1,0,0,0,0,0,0,1,1,1,0,2,1,0,0,1,6,5,1,11,13,1,5,10,20,30,58,77,86,34,82,81,40,11.15,4.46,5.34,2.75,/clubs/philadelphia-union-16,teams/usa-philadelphia-union.png,Philadelphia Union,/clubs/new-york-red-bulls-4,teams/usa-new-york-red-bulls.png,New York RB,2.16,0.59,2.1,0.64,1.9,1.43,81,71,42,24,14,72,43,29,1.72,1.11,2.83,/usa/new-york-red-bulls-vs-philadelphia-union-h2h-stats#8229683,13973,34,True,True,False,False,False,False,False,"['9', '24']",[]
MLS,2025,13973,8229684,13,7,2025,complete,120240,0,-1,['57'],"['82', '84', '90+1']",1,3,4,6,2,8,6,7,0,3,0,0,6,7,8,6,14,13,10,14,46,54,19856.0,28222.0,14.0,,,0,3,1.6,3.75,4.0,1.04,1.17,1.64,2.4,3.9,11.0,4.75,2.3,1.55,1.23,1.62,2.2,2.62,1.42,6.0,1.09,1.22,0.0,2.25,2.5,2.4,4.5,1.95,2.63,3.5,0.0,0.0,1.36,1.55,2.46,2.71,3.76,2.8,2.2,1.69,1.46,1.19,1.49,8.2,2.9,0.0,0.0,0.0,3.25,9.0,1.3,2.35,5.0,13.0,3.4,1.57,1.14,1.02,1.14,1.8,3.2,7.5,4.75,1.9,1.3,1.08,0,0,0,0,4,0,0,1,3,4,0,1741483800,7,0,50,50,0,0,11004,2,1,2,0,4,2,2,6,0,1,0,2,1,2,1,44,35,85,87,1.62,1.57,3.19,0,1,0,1,0,0,1,1,0,0,1,0,0,0,1,21,16,1,13,9,1,3,5,50,50,50,50,50,50,50,50,0,2.0,3.0,3.0,3.0,/clubs/fc-dallas-13,teams/usa-fc-dallas.png,FC Dallas,/clubs/chicago-fire-7,teams/usa-chicago-fire.png,Chicago Fire,1.22,1.67,0.0,0.0,2.0,0.5,0,0,0,0,0,0,0,0,0.0,1.51,1.51,/usa/chicago-fire-vs-fc-dallas-h2h-stats#8229684,13973,36,True,True,True,True,False,False,True,['57'],"['82', '84', '90+1']"
MLS,2025,13973,8229685,19,7,2025,complete,120240,0,-1,['11'],"['29', '44']",1,2,3,5,3,8,4,2,0,0,0,0,1,4,4,7,5,11,7,11,48,52,3.0,11434.0,14.0,,,0,0,2.19,3.91,3.08,1.01,1.22,1.7,2.8,5.0,13.0,3.8,2.14,1.4,1.17,1.62,2.2,3.2,1.29,4.33,1.18,1.29,0.0,1.7,2.65,2.24,3.65,2.38,2.65,3.2,0.0,0.0,1.34,1.54,1.95,2.54,3.15,2.9,2.2,1.7,1.47,1.29,1.6,8.0,2.6,0.0,0.0,0.0,3.8,6.0,1.37,2.42,5.75,19.0,3.12,1.47,1.1,1.02,1.19,1.91,3.58,10.0,4.5,1.82,1.21,1.04,0,0,0,0,3,1,2,0,0,0,3,1742063400,7,0,50,25,25,0,22738,2,-1,0,1,5,2,1,7,0,0,0,0,0,0,1,50,39,96,77,0.76,1.26,2.02,0,0,0,0,0,0,1,1,0,0,0,1,-1,-1,1,18,21,1,11,7,1,6,7,25,50,50,50,50,25,25,50,25,2.0,5.0,3.0,2.5,/clubs/toronto-fc-19,teams/canada-toronto-fc.png,Toronto,/clubs/chicago-fire-7,teams/usa-chicago-fire.png,Chicago Fire,0.94,1.67,0.0,1.5,0.33,1.33,25,0,0,0,0,0,0,0,0.0,1.54,1.54,/usa/chicago-fire-vs-toronto-fc-h2h-stats#8229685,13973,34,True,True,True,False,False,False,True,['11'],"['29', '44']"
MLS,2025,13973,8229686,10,6,2025,complete,120240,0,-1,['57'],['14'],1,1,2,5,7,12,0,3,2,2,1,0,2,3,3,10,5,13,9,21,42,58,13893.0,2.0,20.0,,,4,2,1.98,3.25,3.6,1.04,1.22,1.77,2.96,5.3,10.5,4.25,2.0,1.38,1.12,1.67,2.25,3.2,1.3,4.33,1.18,1.3,0.0,1.73,2.58,2.15,4.0,2.25,2.5,3.3,0.0,0.0,1.2,1.41,1.74,2.19,2.88,3.7,2.6,1.98,1.57,1.32,1.74,8.5,2.3,0.0,0.0,0.0,4.0,5.8,1.3,2.73,6.0,19.0,3.0,1.43,1.11,1.01,1.2,1.91,3.8,10.0,4.0,1.8,1.22,1.04,0,0,0,0,2,0,1,1,0,1,1,1744511400,-1,0,33,17,0,0,23685,2,1,2,3,3,4,5,7,3,1,0,1,4,1,1,36,39,75,63,0.72,1.31,2.03,0,0,0,0,0,0,1,1,0,0,0,2,0,0,1,12,13,1,21,9,1,4,6,0,17,50,67,67,17,50,67,50,9.33,3.33,4.66,2.0,/clubs/la-galaxy-10,teams/usa-la-galaxy.png,LA Galaxy,/clubs/houston-dynamo-6,teams/usa-houston-dynamo.png,Houston Dynamo,1.35,1.12,0.0,0.67,0.29,0.71,100,84,50,34,34,50,33,33,1.53,0.75,2.28,/usa/houston-dynamo-vs-la-galaxy-h2h-stats#8229686,13973,34,True,True,False,False,False,False,True,['57'],['14']
MLS,2025,13973,8229687,10,15,2025,complete,120240,0,-1,[],['74'],0,1,1,10,4,14,5,1,0,2,0,0,6,6,7,7,13,13,5,14,55,45,65836.0,,,,,0,2,2.1,3.6,3.0,1.02,1.14,1.44,2.1,3.8,15.5,5.3,2.55,1.65,1.27,1.44,2.55,3.8,1.22,4.75,1.15,1.25,0.0,1.67,2.51,2.3,3.65,2.41,3.05,3.1,0.0,0.0,1.21,1.4,1.72,2.25,3.0,3.8,2.6,1.93,1.55,1.31,1.79,6.4,2.3,0.0,0.0,0.0,4.75,6.5,1.24,2.31,4.75,11.5,4.1,1.65,1.17,1.03,1.12,1.63,2.95,7.5,4.8,2.1,1.35,1.1,0,0,0,0,1,0,0,0,1,1,0,1748484900,15,0,67,25,33,0,-1,2,1,5,4,5,0,9,5,0,0,0,2,0,2,1,55,50,105,83,1.64,1.6,3.24,0,0,0,0,0,0,1,1,0,0,2,1,0,0,1,20,17,1,14,5,1,6,6,17,25,67,92,92,34,75,84,58,7.83,2.67,3.33,3.0,/clubs/la-galaxy-10,teams/usa-la-galaxy.png,LA Galaxy,/clubs/san-jose-earthquakes-15,teams/usa-san-jose-earthquakes.png,SJ Earthquakes,1.35,1.18,0.33,1.17,0.27,1.27,83,75,33,9,9,33,25,17,1.39,1.53,2.92,/usa/la-galaxy-vs-san-jose-earthquakes-h2h-stats#8229687,13973,34,True,False,False,False,False,False,False,[],['74']
MLS,2025,13973,8229688,18,677447,2025,complete,120240,0,-1,"['19', '30', '34']",[],3,0,3,2,7,9,0,1,4,0,0,0,7,8,7,4,14,12,18,15,48,52,62494.0,25.0,48648.0,,,4,0,1.79,3.48,4.74,1.06,1.32,2.05,3.5,7.0,9.0,3.35,1.75,1.28,1.1,1.88,1.8,2.2,1.6,4.33,1.18,1.28,0.0,1.97,2.3,2.15,5.0,2.1,2.55,4.75,0.0,0.0,1.22,1.52,2.0,2.33,3.0,3.5,2.32,1.83,1.61,1.32,1.44,9.4,3.4,0.0,0.0,0.0,2.8,8.0,1.4,2.9,6.5,21.0,2.7,1.36,1.04,1.0,1.25,2.21,5.0,12.0,3.6,1.59,1.15,1.03,0,0,0,0,3,3,0,0,0,0,3,1745105400,18,0,67,50,34,0,31867,-1,1,-1,-1,-1,-1,-1,-1,1,0,3,0,1,3,1,4,15,110,102,1.42,1.44,2.86,0,0,0,0,0,0,1,1,0,0,-1,-1,0,0,1,2,6,1,15,18,1,5,7,17,50,67,84,84,67,84,67,50,12.67,6.67,2.33,3.34,/clubs/seattle-sounders-fc-18,teams/usa-seattle-sounders-fc.png,Seattle Sounders,/clubs/nashville-sc-mls-677447,teams/usa-nashville-sc-mls.png,Nashville SC,2.17,0.95,1.67,1.0,1.13,1.63,84,50,33,17,17,67,50,50,1.89,1.32,3.21,/usa/seattle-sounders-fc-vs-nashville-sc-mls-h2h-stats#8229688,13973,37,True,True,True,False,False,False,False,"['19', '30', '34']",[]
MLS,2025,13973,8229689,15,8,2025,complete,120240,0,-1,"['30', '42', '90+4']","['18', '21', '24', '73', '85']",3,5,8,6,0,6,6,3,2,2,0,0,7,5,15,2,22,7,13,15,67,33,13893.0,21032.0,,,,2,2,1.85,3.9,3.62,1.01,1.14,1.61,2.1,3.85,14.0,5.5,2.29,1.62,1.25,1.47,2.78,3.45,1.3,4.75,1.12,1.25,0.0,1.83,2.6,2.2,3.75,2.3,2.62,3.3,0.0,0.0,1.23,1.38,1.7,2.03,2.6,3.65,2.8,2.14,1.7,1.41,1.78,6.65,2.31,0.0,0.0,0.0,4.0,6.5,1.32,2.38,4.7,16.0,3.5,1.53,1.11,1.01,1.19,1.73,3.7,8.5,4.33,1.82,1.24,1.06,0,0,0,0,8,2,3,1,2,3,5,1745116200,8,0,64,37,17,0,14147,2,1,4,0,2,0,4,2,1,1,1,1,2,2,1,59,25,110,73,2.3,0.98,3.28,1,0,1,0,0,0,1,1,0,0,0,0,0,0,1,21,19,1,14,13,1,5,15,10,20,64,74,100,37,67,74,37,9.6,3.33,5.0,2.87,/clubs/san-jose-earthquakes-15,teams/usa-san-jose-earthquakes.png,SJ Earthquakes,/clubs/sporting-kansas-city-8,teams/usa-sporting-kansas-city.png,Sporting KC,1.24,0.65,1.4,0.0,1.25,0.5,90,80,37,27,0,57,40,40,1.97,1.13,3.1,/usa/sporting-kansas-city-vs-san-jose-earthquakes-h2h-stats#8229689,13973,34,True,True,True,True,True,True,True,"['30', '42', '90+4']","['18', '21', '24', '73', '85']"
MLS,2025,13973,8229690,1,17,2025,complete,120240,0,-1,[],[],0,0,0,8,2,10,3,3,2,2,0,1,7,2,5,7,12,9,11,12,54,46,24.0,47980.0,29408.0,,,2,3,2.75,3.16,2.3,1.02,1.33,1.77,2.9,5.5,10.0,3.5,1.75,1.36,1.06,1.65,2.0,3.6,1.25,3.0,1.29,1.53,0.0,1.44,3.4,2.15,3.0,2.95,2.5,2.65,0.0,0.0,1.37,1.5,1.85,2.38,3.3,2.8,2.45,1.85,1.56,1.33,2.2,6.4,1.9,0.0,0.0,0.0,5.0,4.4,1.36,2.84,6.0,17.5,2.87,1.42,1.09,1.01,1.22,1.95,4.0,9.25,3.8,1.73,1.21,1.05,0,0,0,0,0,0,0,0,0,0,0,1745105400,-1,0,38,13,13,0,16102,2,1,4,1,4,1,5,5,1,1,1,2,2,3,1,6,4,56,42,1.29,0.74,2.03,0,0,0,0,0,0,1,1,0,0,0,0,0,1,1,2,2,1,12,11,1,8,11,0,13,38,38,88,13,75,38,25,11.5,5.5,6.5,1.75,/clubs/montreal-impact-1,teams/canada-montreal-impact.png,Montreal Impact,/clubs/orlando-city-sc-17,teams/usa-orlando-city-sc.png,Orlando City,0.71,1.39,0.0,1.25,0.25,1.5,100,88,63,63,13,75,75,63,1.99,1.41,3.4,/usa/montreal-impact-vs-orlando-city-sc-h2h-stats#8229690,13973,34,False,False,False,False,False,False,False,[],[]
MLS,2025,13973,8229691,13,1015,2025,complete,120240,0,-1,['73'],"['35', '58']",1,2,3,4,8,12,1,0,1,2,0,0,6,6,9,10,15,16,10,10,53,47,57.0,,,,,1,2,2.82,3.69,2.42,1.03,1.18,1.62,2.51,4.5,13.0,4.5,2.4,1.56,1.18,1.5,2.4,4.0,1.2,3.8,1.22,1.3,0.0,1.44,3.2,2.27,2.87,3.0,2.69,2.7,0.0,0.0,1.28,1.44,1.73,2.28,2.62,3.3,2.5,1.9,1.55,1.29,2.24,7.0,2.15,0.0,0.0,0.0,5.5,5.0,1.3,2.25,4.9,14.5,3.4,1.61,1.13,1.01,1.18,1.79,3.55,8.0,4.4,1.93,1.25,1.05,0,0,0,0,3,0,1,1,1,2,1,1751676300,1015,0,48,16,27,0,-1,2,1,0,6,4,2,6,6,0,2,1,0,2,1,1,50,49,56,61,1.72,1.77,3.49,0,0,0,0,0,0,1,1,0,0,0,1,0,0,1,15,12,1,10,10,1,9,10,21,32,47,64,85,31,58,69,32,7.53,3.83,4.48,2.59,/clubs/fc-dallas-13,teams/usa-fc-dallas.png,FC Dallas,/clubs/minnesota-united-fc-1015,teams/usa-minnesota-united-fc.png,Minnesota United,1.22,1.58,0.56,1.6,1.11,1.7,79,69,53,37,16,59,37,31,1.09,1.21,2.3,/usa/fc-dallas-vs-minnesota-united-fc-h2h-stats#8229691,13973,36,True,True,True,False,False,False,True,['73'],"['35', '58']"
MLS,2025,13973,8229692,12,18,2025,complete,120240,0,-1,['54'],['45'],1,1,2,8,2,10,2,0,2,2,0,0,4,2,11,5,15,7,12,11,54,46,65836.0,11435.0,25.0,,,2,2,2.6,3.38,2.61,1.06,1.3,1.83,3.25,6.31,10.0,3.2,1.78,1.3,1.11,1.73,2.0,3.5,1.25,3.25,1.3,1.5,0.0,1.42,3.2,2.1,3.15,3.04,2.52,2.85,0.0,0.0,1.23,1.39,1.8,2.1,2.62,3.6,2.63,1.91,1.65,1.42,2.39,6.5,1.91,0.0,0.0,0.0,5.0,4.5,1.39,2.91,7.0,21.0,2.75,1.43,1.08,1.01,1.18,2.02,4.1,11.0,4.0,1.72,1.2,1.03,0,0,0,0,2,0,1,1,0,1,1,1745717400,-1,0,35,13,25,0,16312,2,1,3,2,5,0,5,5,1,1,1,1,2,2,1,61,43,98,65,1.67,0.89,2.56,0,0,0,0,0,0,1,1,0,0,2,0,0,0,1,27,20,1,11,12,1,7,14,25,25,48,80,100,23,88,70,50,11.85,5.75,2.55,2.9,/clubs/colorado-rapids-12,teams/usa-colorado-rapids.png,Colorado Rapids,/clubs/seattle-sounders-fc-18,teams/usa-seattle-sounders-fc.png,Seattle Sounders,1.65,1.11,1.75,0.8,1.67,1.33,75,75,53,20,0,55,20,20,1.76,1.76,3.52,/usa/colorado-rapids-vs-seattle-sounders-fc-h2h-stats#8229692,13973,34,True,True,False,False,False,False,True,['54'],['45']
MLS,2025,13973,8229693,15,1398748,2025,complete,120240,0,-1,['72'],"['81', '84']",1,2,3,3,6,9,2,4,2,3,0,0,4,3,12,2,16,5,11,14,44,56,13893.0,21032.0,44567.0,,,2,3,2.19,3.75,2.9,1.01,1.11,1.36,1.9,3.1,21.0,7.2,2.88,1.83,1.3,1.36,2.93,4.33,1.18,5.5,1.11,1.25,0.0,1.75,2.55,2.5,3.3,2.3,2.8,2.95,0.0,0.0,1.26,1.48,1.83,2.37,3.25,3.2,2.5,1.85,1.56,1.34,1.95,6.25,2.25,0.0,0.0,0.0,5.0,7.5,1.25,1.95,4.0,10.0,3.6,1.77,1.21,1.03,1.12,1.57,2.85,6.0,5.3,2.2,1.37,1.11,0,0,0,0,3,0,0,1,2,3,0,1755471600,1398748,0,76,44,32,0,17546,2,1,0,2,3,4,2,7,0,0,2,3,0,5,1,23,7,43,24,1.45,0.58,2.02,0,0,0,0,0,0,1,1,0,0,0,1,0,0,1,16,7,1,14,11,1,2,7,36,48,72,92,100,52,84,92,52,9.82,4.52,4.27,3.92,/clubs/san-jose-earthquakes-15,teams/usa-san-jose-earthquakes.png,SJ Earthquakes,/clubs/san-diego-fc-1398748,teams/usa-san-diego-fc.png,San Diego,1.24,2.11,1.38,2.0,1.23,1.88,65,52,28,8,0,56,48,27,1.78,1.44,3.22,/usa/san-jose-earthquakes-vs-san-diego-fc-h2h-stats#8229693,13973,34,True,True,True,False,False,False,True,['72'],"['81', '84']"
MLS,2025,13973,8229694,677446,13,2025,complete,120240,0,-1,"['16', '29', '56']","['8', '64', '69', '81']",3,4,7,8,3,11,1,1,0,1,0,0,5,9,7,4,12,13,11,13,54,46,19912.0,48359.0,28222.0,,,0,1,2.15,3.2,3.15,1.02,1.25,1.96,3.45,6.5,10.0,3.35,1.83,1.35,1.09,1.7,2.1,2.88,1.36,3.7,1.09,1.15,0.0,2.38,2.05,2.1,3.92,2.5,2.5,3.3,0.0,0.0,1.28,1.48,1.9,2.35,2.65,3.34,2.3,1.85,1.49,1.41,1.4,7.25,4.0,0.0,0.0,0.0,3.9,5.5,1.4,2.79,7.3,15.0,3.03,1.41,1.03,1.0,1.19,1.75,4.33,7.0,3.74,1.67,1.13,1.03,0,0,0,0,7,2,1,1,3,4,3,1745787600,13,0,68,35,35,0,20727,2,1,3,1,5,2,4,7,0,0,0,1,0,1,1,48,40,96,86,1.46,1.74,3.2,0,0,0,0,0,0,1,1,0,1,0,1,0,0,1,19,14,1,13,11,1,2,7,10,23,45,68,90,35,78,68,45,9.5,3.9,6.65,2.45,/clubs/club-internacional-de-futbol-miami-677446,teams/usa-club-internacional-de-futbol-miami.png,Inter Miami,/clubs/fc-dallas-13,teams/usa-fc-dallas.png,FC Dallas,2.29,1.28,2.0,1.8,2.25,1.33,90,78,55,33,10,68,55,45,1.4,1.2,2.6,/usa/fc-dallas-vs-club-internacional-de-futbol-miami-h2h-stats#8229694,13973,36,True,True,True,True,True,True,True,"['16', '29', '56']","['8', '64', '69', '81']"
MLS,2025,13973,8229695,17,1,2025,complete,120240,0,-1,['28'],['83'],1,1,2,3,2,5,3,3,4,3,0,0,4,1,6,3,10,4,21,18,52,48,13851.0,,,,,4,3,1.41,4.6,7.5,1.01,1.13,1.44,2.1,3.5,19.0,5.5,2.92,1.7,1.25,1.62,2.12,2.4,1.48,8.0,1.05,1.11,0.0,2.8,1.85,2.55,6.2,1.68,2.9,5.0,0.0,0.0,1.33,1.47,1.91,2.3,3.2,3.0,2.25,1.8,1.55,1.3,1.52,6.75,2.8,0.0,0.0,0.0,2.9,13.0,1.2,2.1,4.33,11.0,3.72,1.79,1.15,1.05,1.15,1.7,3.1,6.5,5.3,2.0,1.32,1.09,0,0,0,0,2,1,0,0,1,1,1,1752363000,-1,0,58,20,39,0,-1,2,1,0,1,3,1,1,4,0,1,4,2,1,6,1,2,8,17,31,0.92,0.38,1.3,0,1,0,1,0,0,1,1,0,0,0,1,0,0,1,2,2,1,18,20,1,4,5,29,44,63,72,91,39,73,81,48,9.68,3.91,4.38,3.18,/clubs/orlando-city-sc-17,teams/usa-orlando-city-sc.png,Orlando City,/clubs/montreal-impact-1,teams/canada-montreal-impact.png,Montreal Impact,1.65,0.94,1.7,0.73,1.62,0.67,71,57,38,28,10,53,43,33,1.71,1.15,2.86,/usa/montreal-impact-vs-orlando-city-sc-h2h-stats#8229695,13973,34,True,True,False,False,False,False,True,['28'],['83']
MLS,2025,13973,8229696,10,6490,2025,complete,120240,0,-1,"['6', '87']","['13', '50']",2,2,4,1,1,2,2,1,2,3,0,0,4,4,6,9,10,13,16,13,47,53,36.0,,,,,2,3,3.48,3.7,1.91,1.01,1.2,1.71,2.6,5.05,13.0,5.0,2.21,1.4,1.17,1.52,2.38,4.75,1.15,3.1,1.33,1.83,0.0,1.29,3.9,2.31,2.47,3.6,2.5,2.3,0.0,0.0,1.25,1.43,2.13,2.27,3.04,3.5,2.5,1.91,1.56,1.31,2.15,8.0,1.85,0.0,0.0,0.0,7.0,3.95,1.27,2.35,5.25,12.5,3.28,1.58,1.12,1.02,1.16,1.8,3.9,9.0,4.6,1.91,1.24,1.05,0,0,0,0,4,1,1,1,1,2,2,1747616400,-1,0,64,34,27,0,-1,2,1,0,1,1,0,1,1,1,1,1,2,2,3,1,35,40,77,99,1.17,1.4,2.56,0,0,0,0,0,0,1,1,1,0,0,0,0,0,1,11,13,1,13,16,1,8,5,35,44,64,92,100,34,82,92,57,9.37,3.17,4.83,3.69,/clubs/la-galaxy-10,teams/usa-la-galaxy.png,LA Galaxy,/clubs/los-angeles-fc-6490,teams/usa-los-angeles-fc.png,Los Angeles FC,1.35,1.53,0.2,0.83,0.23,1.62,65,57,37,9,0,62,54,54,1.44,1.29,2.73,/usa/la-galaxy-vs-los-angeles-fc-h2h-stats#8229696,13973,34,True,True,True,True,False,False,True,"['6', '87']","['13', '50']"
MLS,2025,13973,8229697,13,18,2025,complete,120240,0,-1,[],['17'],0,1,1,4,5,9,2,4,4,2,0,0,0,5,10,11,10,16,16,20,57,43,70481.0,28222.0,25.0,,,4,2,2.82,3.1,2.45,1.07,1.32,2.05,3.64,8.0,8.0,3.4,1.75,1.25,1.07,1.75,1.95,3.0,1.33,3.2,1.3,1.33,0.0,1.5,3.5,2.05,3.14,2.87,2.38,2.85,0.0,0.0,1.24,1.53,1.89,2.38,3.14,3.34,2.41,1.91,1.55,1.27,2.45,8.0,1.83,0.0,0.0,0.0,4.6,4.5,1.4,2.88,7.0,23.0,2.7,1.35,1.02,1.0,1.25,2.2,5.0,11.5,3.6,1.61,1.15,1.03,0,0,0,0,1,0,1,0,0,0,1,1744504200,18,0,46,17,17,0,11004,2,1,1,3,3,2,4,5,2,1,2,1,3,3,1,37,40,67,67,0.9,1.64,2.54,0,0,0,0,0,0,1,1,0,0,0,1,1,0,1,21,10,1,20,16,1,10,9,0,17,46,71,100,29,67,59,17,10.33,6.67,3.08,2.34,/clubs/fc-dallas-13,teams/usa-fc-dallas.png,FC Dallas,/clubs/seattle-sounders-fc-18,teams/usa-seattle-sounders-fc.png,Seattle Sounders,1.22,1.11,1.0,0.25,1.57,0.86,100,84,54,29,0,59,42,25,1.02,1.79,2.81,/usa/fc-dallas-vs-seattle-sounders-fc-h2h-stats#8229697,13973,36,True,False,False,False,False,False,False,[],['17']
MLS,2025,13973,8229698,18,13,2025,complete,120240,0,-1,['86'],[],1,0,1,4,5,9,6,1,1,5,0,0,4,5,9,11,13,16,8,14,62,38,3.0,,,,,1,5,1.36,4.75,7.8,1.01,1.22,1.84,2.95,5.5,14.0,3.9,2.08,1.36,1.14,2.07,1.7,1.9,1.8,6.0,1.08,1.18,0.0,2.85,1.85,2.35,7.2,1.68,2.63,6.25,0.0,0.0,1.26,1.5,1.75,2.2,2.65,3.4,2.65,1.82,1.6,1.26,1.21,8.5,4.8,0.0,0.0,0.0,2.2,12.0,1.31,2.55,6.0,16.0,3.0,1.45,1.08,1.02,1.2,2.05,4.0,11.0,4.0,1.75,1.2,1.04,0,0,0,0,1,0,0,1,0,1,0,1748113200,18,0,59,45,35,0,-1,2,1,2,1,2,4,3,6,0,2,1,3,2,4,1,82,26,122,73,1.7,1.55,3.24,1,0,1,0,0,0,1,1,0,0,2,0,0,1,1,15,13,1,13,8,1,5,9,42,52,69,76,83,62,83,66,59,10.6,3.4,3.74,3.62,/clubs/seattle-sounders-fc-18,teams/usa-seattle-sounders-fc.png,Seattle Sounders,/clubs/fc-dallas-13,teams/usa-fc-dallas.png,FC Dallas,2.17,1.28,2.2,1.71,1.43,1.23,59,49,32,25,17,66,49,42,1.98,1.26,3.24,/usa/fc-dallas-vs-seattle-sounders-fc-h2h-stats#8229698,13973,36,True,False,False,False,False,False,False,['86'],[]
MLS,2025,13973,8229699,1398748,10,2025,complete,120240,0,-1,"['41', '90+5']",['40'],2,1,3,6,5,11,1,2,1,4,0,0,3,1,11,7,14,8,11,15,60,40,13889.0,,,,,1,4,1.6,4.15,4.25,1.04,1.17,1.58,2.47,4.4,12.5,5.1,2.3,1.53,1.2,1.57,2.25,2.9,1.36,5.5,1.11,1.25,0.0,2.09,2.2,2.4,4.1,2.02,2.7,4.0,0.0,0.0,1.3,1.57,2.33,2.45,3.28,2.9,2.23,1.76,1.5,1.3,1.38,8.5,2.9,0.0,0.0,0.0,3.4,8.0,1.28,2.25,4.75,11.0,3.4,1.57,1.15,1.01,1.15,1.8,3.42,7.0,4.5,1.91,1.29,1.07,0,0,0,0,3,1,1,1,0,1,2,1748119500,1398748,0,44,25,13,0,-1,2,1,0,3,6,2,3,8,1,2,0,2,3,2,1,72,32,103,56,1.61,0.81,2.42,0,0,0,0,0,0,1,1,0,0,0,0,0,0,1,25,13,1,15,11,1,6,10,25,38,50,75,88,57,75,63,38,11.13,2.63,5.13,2.88,/clubs/san-diego-fc-1398748,teams/usa-san-diego-fc.png,San Diego,/clubs/la-galaxy-10,teams/usa-la-galaxy.png,LA Galaxy,1.67,0.41,1.88,0.25,1.71,0.29,75,63,50,25,13,57,38,38,1.75,1.06,2.81,/usa/la-galaxy-vs-san-diego-fc-h2h-stats#8229699,13973,34,True,True,True,False,False,False,True,"['41', '90+5']",['40']
MLS,2025,13973,8229700,13401,4,2025,complete,120240,0,-1,[],"['42', '90+5']",0,2,2,4,1,5,0,3,2,4,0,0,6,6,1,5,7,11,12,11,48,52,13891.0,,,,,2,4,3.0,3.2,2.55,1.05,1.32,2.1,3.9,7.65,8.0,3.02,1.7,1.25,1.09,1.8,1.91,3.3,1.28,2.88,1.36,1.33,0.0,1.32,3.4,2.05,2.65,3.05,2.3,2.88,0.0,0.0,1.41,1.61,2.08,2.71,3.8,3.1,2.12,1.7,1.38,1.21,1.95,7.0,2.45,0.0,0.0,0.0,4.8,4.0,1.42,2.9,8.0,26.0,2.7,1.35,1.07,1.02,1.3,2.08,5.0,11.0,3.2,1.6,1.13,1.01,0,0,0,0,2,0,1,0,1,1,1,1748129400,4,0,50,36,14,0,-1,2,1,1,0,3,1,1,4,1,1,1,3,2,4,1,5,5,30,48,0.9,1.15,2.05,0,0,0,0,0,0,1,1,0,0,0,0,0,0,1,3,3,1,11,12,1,11,4,7,14,50,57,71,36,57,57,14,8.71,3.71,6.0,2.0,/clubs/dc-united-13401,teams/usa-dc-united.png,DC United,/clubs/new-york-red-bulls-4,teams/usa-new-york-red-bulls.png,New York RB,0.76,0.59,1.29,0.29,1.0,1.29,93,86,50,43,29,50,29,22,1.15,1.07,2.22,/usa/new-york-red-bulls-vs-dc-united-h2h-stats#8229700,13973,34,True,True,False,False,False,False,False,[],"['42', '90+5']"
MLS,2025,13973,8229701,5,1015,2025,complete,120240,0,-1,[],[],0,0,0,8,0,8,-1,-1,1,2,0,0,3,1,16,3,19,4,8,12,60,40,3.0,,,,,1,2,2.27,3.5,2.98,1.05,1.29,1.83,3.0,6.25,9.75,3.4,1.87,1.33,1.14,1.66,2.1,3.0,1.33,3.8,1.22,1.25,0.0,1.65,2.77,2.15,3.55,2.5,2.5,3.44,0.0,0.0,1.13,1.31,1.93,2.15,2.6,3.9,3.1,2.2,1.72,1.41,1.68,6.75,2.4,0.0,0.0,0.0,3.9,5.8,1.36,2.6,6.5,17.0,2.9,1.43,1.09,1.01,1.2,2.05,4.33,11.0,3.8,1.67,1.18,1.04,0,0,0,0,0,0,0,0,0,0,0,1748485800,-1,0,50,22,22,0,-1,2,1,3,0,5,0,3,5,0,0,1,2,0,3,1,82,23,113,69,2.0,0.5,2.5,0,0,0,0,0,0,1,1,0,0,0,0,0,0,1,11,9,1,12,8,1,9,15,14,29,57,79,93,57,86,79,29,11.57,2.43,3.29,2.86,/clubs/vancouver-whitecaps-fc-5,teams/canada-vancouver-whitecaps-fc.png,Vancouver Whitecaps,/clubs/minnesota-united-fc-1015,teams/usa-minnesota-united-fc.png,Minnesota United,2.0,1.58,2.29,1.57,2.21,1.73,86,72,43,22,7,65,57,50,1.83,1.36,3.19,/usa/vancouver-whitecaps-fc-vs-minnesota-united-fc-h2h-stats#8229701,13973,38,False,False,False,False,False,False,False,[],[]
MLS,2025,13973,8229702,16,677446,2025,complete,120240,0,-1,"['7', '44', '72']","['60', '87', '90+5']",3,3,6,8,6,14,2,1,4,3,0,0,8,5,10,6,18,11,12,10,34,66,36.0,,,,,4,3,2.25,3.76,2.63,1.03,1.13,1.4,2.18,3.2,12.0,5.8,2.6,1.7,1.3,1.35,2.9,4.5,1.17,4.75,1.15,1.44,0.0,1.53,2.9,2.47,2.9,2.62,2.75,2.8,0.0,0.0,1.25,1.55,1.72,2.1,2.65,3.45,2.36,1.98,1.64,1.41,1.74,8.2,3.1,0.0,0.0,0.0,5.5,6.0,1.22,2.1,4.3,10.0,3.7,1.65,1.17,1.05,1.12,1.65,3.0,6.0,5.2,2.1,1.33,1.09,0,0,0,0,6,2,0,1,3,4,2,1748129400,-1,0,59,23,29,0,-1,2,1,6,3,2,3,9,5,1,1,3,2,2,5,1,5,6,73,112,1.73,1.11,2.84,0,0,0,0,0,0,1,1,1,0,3,0,0,0,1,3,2,1,10,12,1,8,9,38,50,71,71,86,53,86,71,48,11.88,4.5,4.71,3.23,/clubs/philadelphia-union-16,teams/usa-philadelphia-union.png,Philadelphia Union,/clubs/club-internacional-de-futbol-miami-677446,teams/usa-club-internacional-de-futbol-miami.png,Inter Miami,2.16,1.68,2.13,1.83,2.07,1.69,63,50,29,29,15,79,36,21,1.7,1.25,2.95,/usa/philadelphia-union-vs-club-internacional-de-futbol-miami-h2h-stats#8229702,13973,37,True,True,True,True,True,True,True,"['7', '44', '72']","['60', '87', '90+5']"
MLS,2025,13973,8229703,9,677446,2025,complete,120240,0,-1,[],['30'],0,1,1,3,6,9,1,2,0,2,0,0,3,2,13,5,16,7,10,15,59,41,50024.0,40116.0,48359.0,,,0,2,2.4,3.75,2.8,1.04,1.1,1.46,2.25,3.9,10.0,5.7,2.6,1.67,1.28,1.44,2.4,3.6,1.18,4.5,1.17,1.23,0.0,1.57,2.78,2.4,3.1,2.55,2.6,2.9,0.0,0.0,1.37,1.61,1.98,2.55,3.3,2.8,2.15,1.72,1.44,1.27,1.52,6.5,3.4,0.0,0.0,0.0,4.4,6.25,1.25,2.1,5.25,13.0,3.4,1.55,1.17,1.04,1.09,1.75,3.2,6.5,4.75,1.95,1.3,1.08,0,0,0,0,1,0,1,0,0,0,1,1745094600,677446,0,59,29,17,0,60614,2,1,2,3,1,3,5,4,0,0,0,2,0,2,1,14,1,14,8,1.3,0.58,1.89,0,0,0,0,0,0,1,1,0,0,0,0,0,0,1,14,14,1,15,10,1,7,8,29,29,59,59,59,59,59,59,17,10.92,4.0,4.08,2.46,/clubs/columbus-crew-9,teams/usa-columbus-crew.png,Columbus Crew,/clubs/club-internacional-de-futbol-miami-677446,teams/usa-club-internacional-de-futbol-miami.png,Inter Miami,1.94,1.68,2.0,2.33,2.25,2.14,71,71,42,42,42,59,29,0,1.7,1.38,3.08,/usa/columbus-crew-vs-club-internacional-de-futbol-miami-h2h-stats#8229703,13973,37,True,False,False,False,False,False,False,[],['30']
MLS,2025,13973,8229704,2,11,2025,complete,120240,0,-1,"['38', '68']",['26'],2,1,3,7,9,16,1,1,2,1,0,0,4,1,6,6,10,7,13,11,46,54,,21302.0,13.0,,,2,1,1.73,3.95,4.6,1.02,1.25,1.65,2.75,4.75,12.0,4.3,2.1,1.42,1.15,1.71,2.0,2.4,1.5,5.5,1.11,1.23,0.0,2.16,2.15,2.35,5.0,1.97,2.6,4.6,0.0,0.0,1.29,1.48,1.73,2.16,2.8,3.4,2.5,2.0,1.62,1.38,1.39,7.5,4.0,0.0,0.0,0.0,3.0,9.0,1.3,2.45,6.5,14.0,3.3,1.48,1.11,1.02,1.2,1.85,3.8,8.0,4.3,1.8,1.22,1.04,0,0,0,0,3,1,1,1,0,1,2,1742081400,2,0,50,0,50,0,18892,2,1,6,4,1,5,10,6,0,0,2,1,0,3,1,64,78,91,111,1.38,1.08,2.46,0,0,0,0,0,0,1,1,0,0,3,0,0,0,1,5,4,1,11,13,1,6,9,0,0,50,50,50,0,0,50,50,11.0,5.0,5.0,1.5,/clubs/new-york-city-fc-2,teams/usa-new-york-city-fc.png,New York City,/clubs/new-england-revolution-11,teams/usa-new-england-revolution.png,New England Revolution,1.89,1.18,3.0,1.0,1.33,0.33,100,100,50,50,50,100,100,100,1.97,1.1,3.07,/usa/new-york-city-fc-vs-new-england-revolution-h2h-stats#8229704,13973,34,True,True,True,False,False,False,True,"['38', '68']",['26']
MLS,2025,13973,8229705,6,12,2025,complete,120240,0,-1,"['42', '90+6']","['58', '77']",2,2,4,6,4,10,3,2,1,2,0,1,7,3,7,10,14,13,17,8,63,37,13891.0,20.0,11435.0,,,1,3,1.83,3.25,3.75,1.02,1.25,1.7,3.0,5.3,8.5,3.5,2.1,1.33,1.11,1.7,2.0,2.62,1.38,4.75,1.15,1.22,0.0,1.95,2.46,2.25,3.75,2.25,2.45,3.98,0.0,0.0,1.29,1.5,1.82,2.25,2.9,3.15,2.35,2.05,1.55,1.36,1.5,9.3,2.9,0.0,0.0,0.0,3.3,7.0,1.29,2.64,5.5,17.0,3.56,1.51,1.11,1.01,1.22,2.0,3.7,9.0,3.8,1.73,1.2,1.03,0,0,0,0,4,1,0,1,2,3,1,1745109000,-1,0,50,25,13,0,17636,2,1,1,3,5,1,4,6,0,0,1,3,0,4,1,53,36,102,99,1.76,1.3,3.06,0,1,0,1,0,0,1,1,0,0,0,0,0,0,1,19,16,1,8,16,1,6,7,13,13,50,63,88,50,75,50,25,10.25,3.25,4.75,2.25,/clubs/houston-dynamo-6,teams/usa-houston-dynamo.png,Houston Dynamo,/clubs/colorado-rapids-12,teams/usa-colorado-rapids.png,Colorado Rapids,1.06,0.76,0.75,1.75,0.75,1.75,88,88,50,38,13,63,63,50,1.25,0.82,2.07,/usa/houston-dynamo-vs-colorado-rapids-h2h-stats#8229705,13973,34,True,True,True,True,False,False,True,"['42', '90+6']","['58', '77']"
MLS,2025,13973,8229706,20,12,2025,complete,120240,0,-1,"['59', '76']",['33'],2,1,3,6,3,9,3,2,2,1,0,1,9,3,14,8,23,11,11,18,71,29,11.0,,,,,2,3,1.6,4.4,5.25,1.03,1.16,1.45,2.33,3.7,17.0,4.75,2.37,1.69,1.23,1.54,2.35,2.8,1.38,6.5,1.08,1.22,0.0,2.3,2.17,2.42,4.55,2.0,2.8,4.33,0.0,0.0,1.34,1.58,1.82,2.4,3.28,3.22,2.4,1.85,1.53,1.26,1.65,6.5,2.95,0.0,0.0,0.0,3.1,11.0,1.25,2.15,4.75,13.0,3.5,1.6,1.15,1.02,1.15,1.73,3.2,6.0,4.75,2.0,1.31,1.09,0,0,0,0,3,0,1,2,0,2,1,1748485800,20,0,57,36,29,0,-1,2,1,3,3,3,0,6,3,1,0,1,2,1,3,1,66,37,149,76,2.56,1.17,3.74,0,0,0,0,0,0,1,1,0,0,1,0,0,0,1,16,13,1,17,11,1,4,11,15,29,43,71,93,50,79,57,29,8.72,3.0,5.43,2.57,/clubs/portland-timbers-20,teams/usa-portland-timbers.png,Portland Timbers,/clubs/colorado-rapids-12,teams/usa-colorado-rapids.png,Colorado Rapids,1.63,0.76,1.71,1.14,1.53,1.47,86,72,57,29,7,79,71,57,1.1,0.92,2.02,/usa/colorado-rapids-vs-portland-timbers-h2h-stats#8229706,13973,34,True,True,True,False,False,False,True,"['59', '76']",['33']
MLS,2025,13973,8229707,2,19,2025,complete,120240,0,-1,"['20', '49', '74']",['70'],3,1,4,5,6,11,0,1,1,4,0,0,6,2,5,8,11,10,10,12,55,45,,21302.0,11434.0,,,1,4,1.53,4.1,5.7,1.01,1.17,1.64,2.5,3.9,11.0,4.5,2.33,1.5,1.16,1.7,2.12,2.4,1.5,6.0,1.09,1.22,0.0,2.3,2.12,2.4,5.0,1.95,2.9,5.05,0.0,0.0,1.22,1.34,1.73,2.1,2.4,3.8,2.88,2.0,1.65,1.5,1.33,8.5,4.0,0.0,0.0,0.0,2.75,9.5,1.32,2.3,5.5,15.5,3.1,1.57,1.11,1.01,1.18,1.83,3.8,9.0,4.3,1.85,1.25,1.05,0,0,0,0,4,1,0,2,1,3,1,1751585400,2,0,56,20,27,0,18524,2,1,3,3,2,3,6,5,1,2,0,2,3,2,1,36,55,80,120,1.38,1.18,2.56,0,0,0,0,0,0,1,1,0,0,1,2,0,1,1,3,4,1,12,10,1,10,6,15,32,59,78,100,39,78,81,49,9.7,3.83,4.04,3.04,/clubs/new-york-city-fc-2,teams/usa-new-york-city-fc.png,New York City,/clubs/toronto-fc-19,teams/canada-toronto-fc.png,Toronto,1.89,0.94,2.1,1.14,1.47,0.89,86,69,42,22,0,79,57,47,1.59,1.08,2.67,/usa/new-york-city-fc-vs-toronto-fc-h2h-stats#8229707,13973,34,True,True,True,True,False,False,True,"['20', '49', '74']",['70']
MLS,2025,13973,8229708,1015,13,2025,complete,120240,0,-1,[],[],0,0,0,6,6,12,1,2,4,2,0,0,3,4,10,4,13,8,15,12,46,54,65600.0,55946.0,28222.0,,,4,2,1.43,4.69,7.0,1.01,1.2,1.7,2.55,4.5,12.0,4.0,2.25,1.48,1.17,1.91,1.89,2.6,1.7,5.5,1.11,1.25,0.0,2.85,2.15,2.3,4.4,1.74,2.75,6.0,0.0,0.0,1.24,1.44,1.8,2.37,2.88,3.5,2.51,1.91,1.49,1.36,1.48,8.5,3.8,0.0,0.0,0.0,3.1,8.5,1.3,2.5,5.75,16.0,3.2,1.51,1.07,1.01,1.18,1.85,3.6,8.0,4.33,1.85,1.25,1.05,0,0,0,0,0,0,0,0,0,0,0,1745109000,-1,0,54,29,29,0,19607,2,1,4,2,2,4,6,6,1,1,3,1,2,4,1,54,38,66,62,1.41,1.06,2.47,0,0,0,0,0,0,1,1,0,0,0,0,0,0,1,24,10,1,12,15,1,3,4,13,29,42,71,100,29,84,88,42,8.17,4.83,4.17,2.67,/clubs/minnesota-united-fc-1015,teams/usa-minnesota-united-fc.png,Minnesota United,/clubs/fc-dallas-13,teams/usa-fc-dallas.png,FC Dallas,1.58,1.28,2.33,2.0,1.88,1.38,88,71,59,29,0,25,25,13,1.79,1.23,3.02,/usa/fc-dallas-vs-minnesota-united-fc-h2h-stats#8229708,13973,36,False,False,False,False,False,False,False,[],[]
MLS,2025,13973,8229709,677447,16,2025,complete,120240,0,-1,['90+11'],[],1,0,1,4,3,7,2,1,1,4,1,0,4,3,8,8,12,11,12,12,50,50,69.0,,,,,3,4,1.94,3.6,4.1,1.02,1.22,1.75,2.75,5.25,12.0,3.6,2.08,1.41,1.14,1.7,2.05,2.8,1.38,4.5,1.15,1.24,0.0,1.85,2.5,2.0,4.39,2.3,2.45,3.82,0.0,0.0,1.24,1.5,1.8,2.37,3.14,3.5,2.45,1.83,1.49,1.32,1.7,6.85,2.7,0.0,0.0,0.0,3.55,6.5,1.33,2.65,6.0,12.0,3.19,1.49,1.09,1.02,1.22,1.98,3.8,9.0,4.1,1.75,1.22,1.03,0,0,0,0,1,0,0,1,0,1,0,1751761800,677447,0,50,20,30,0,-1,2,1,2,1,2,1,3,3,0,0,2,4,0,6,1,32,34,34,53,1.26,1.15,2.4,1,0,1,0,0,0,1,1,0,0,1,0,0,0,1,20,24,1,11,12,1,8,7,10,15,55,65,85,30,55,75,45,11.7,3.6,4.4,2.55,/clubs/nashville-sc-mls-677447,teams/usa-nashville-sc-mls.png,Nashville SC,/clubs/philadelphia-union-16,teams/usa-philadelphia-union.png,Philadelphia Union,2.17,1.61,2.1,1.9,1.9,2.0,90,85,45,35,15,50,40,35,1.87,1.46,3.33,/usa/philadelphia-union-vs-nashville-sc-mls-h2h-stats#8229709,13973,37,True,False,False,False,False,False,False,['90+11'],[]
MLS,2025,13973,8229710,13401,1,2025,complete,120240,0,-1,[],[],0,0,0,6,2,8,0,1,3,5,0,0,6,2,9,8,15,10,26,9,51,49,5016.0,13006.0,,,,3,5,1.47,4.85,6.0,1.03,1.15,1.53,2.33,4.0,17.0,5.0,2.4,1.65,1.24,1.68,2.15,2.45,1.5,7.0,1.07,1.07,0.0,2.6,1.85,2.41,4.8,1.85,2.8,5.0,0.0,0.0,1.22,1.38,1.65,2.0,2.64,3.8,2.8,2.1,1.73,1.48,1.45,9.5,3.7,0.0,0.0,0.0,2.7,11.0,1.29,2.25,4.75,11.0,3.5,1.57,1.15,1.01,1.14,1.7,3.4,6.5,5.0,2.05,1.27,1.09,0,0,0,0,0,0,0,0,0,0,0,1742081400,-1,0,67,25,42,0,16133,2,1,4,0,2,2,4,4,2,2,1,3,4,4,1,61,38,93,74,1.8,1.05,2.85,0,0,0,0,0,0,1,1,0,0,2,0,0,0,1,3,0,1,9,26,1,11,7,17,42,67,84,100,25,59,100,42,9.67,3.67,6.0,3.09,/clubs/dc-united-13401,teams/usa-dc-united.png,DC United,/clubs/montreal-impact-1,teams/canada-montreal-impact.png,Montreal Impact,0.76,0.94,2.0,0.0,1.67,0.0,84,59,34,17,0,59,34,34,1.13,1.06,2.19,/usa/montreal-impact-vs-dc-united-h2h-stats#8229710,13973,34,False,False,False,False,False,False,False,[],[]
MLS,2025,13973,8229711,6490,12,2025,complete,120240,0,-1,"['42', '48', '59']",[],3,0,3,2,0,2,1,1,0,0,0,1,5,2,16,4,21,6,20,8,73,27,57.0,,,,,0,2,1.43,5.13,7.18,1.0,1.16,1.5,2.4,3.8,12.0,5.5,2.61,1.66,1.2,1.67,2.02,2.3,1.55,8.0,1.05,1.18,0.0,2.8,1.65,2.7,5.75,1.75,3.0,5.5,0.0,0.0,1.27,1.47,1.74,2.17,3.1,3.68,2.45,1.98,1.58,1.33,1.33,7.5,4.05,0.0,0.0,0.0,2.62,15.0,1.25,2.2,4.75,10.0,3.9,1.7,1.18,1.04,1.13,1.7,3.1,6.75,5.0,2.0,1.28,1.08,0,0,0,0,3,1,0,2,0,2,1,1752114300,6490,0,45,17,22,0,-1,2,1,2,0,0,0,2,0,0,1,0,0,1,0,1,90,16,121,58,2.32,0.64,2.96,1,0,1,0,0,0,1,1,0,0,0,0,0,1,1,13,22,1,7,20,1,1,12,6,28,50,67,95,28,73,67,39,8.89,3.22,3.78,2.5,/clubs/los-angeles-fc-6490,teams/usa-los-angeles-fc.png,Los Angeles FC,/clubs/colorado-rapids-12,teams/usa-colorado-rapids.png,Colorado Rapids,2.11,0.76,2.11,1.0,1.53,1.24,95,73,50,33,6,67,62,33,1.85,0.96,2.81,/usa/colorado-rapids-vs-los-angeles-fc-h2h-stats#8229711,13973,34,True,True,True,False,False,False,False,"['42', '48', '59']",[]
MLS,2025,13973,8229712,711351,8043,2025,complete,120240,0,-1,"['48', '51']",[],2,0,2,5,6,11,2,1,0,2,0,1,5,7,10,10,15,17,9,10,49,51,70173.0,404.0,40744.0,,,0,3,2.19,3.4,3.25,1.04,1.22,1.71,2.7,5.35,13.0,4.0,2.17,1.4,1.17,1.57,2.25,3.3,1.29,4.33,1.18,1.32,0.0,1.67,2.55,2.15,3.7,2.6,2.4,3.3,0.0,0.0,1.3,1.5,1.85,2.25,3.0,3.6,2.38,1.77,1.57,1.28,1.73,6.5,2.23,0.0,0.0,0.0,4.2,6.0,1.33,2.54,6.2,17.0,3.32,1.53,1.08,1.01,1.2,2.0,3.6,9.0,4.0,1.7,1.2,1.05,0,0,0,0,2,0,0,2,0,2,0,1742081400,711351,0,50,0,50,0,27807,2,1,3,3,2,3,6,5,0,1,0,2,1,2,1,79,72,109,93,1.87,2.08,3.94,0,0,0,0,0,0,1,1,0,0,0,2,0,0,1,3,3,1,10,9,1,6,8,50,50,50,100,100,50,50,100,100,3.0,7.0,3.0,3.5,/clubs/charlotte-fc-711351,teams/usa-charlotte-fc.png,Charlotte,/clubs/fc-cincinnati-8043,teams/usa-fc-cincinnati.png,FC Cincinnati,2.11,1.94,3.0,0.0,1.33,2.0,50,50,50,0,0,50,0,0,1.23,0.73,1.96,/usa/fc-cincinnati-vs-charlotte-fc-h2h-stats#8229712,13973,37,True,True,False,False,False,False,False,"['48', '51']",[]
MLS,2025,13973,8229713,677446,677447,2025,complete,120240,0,-1,"['17', '62']",['49'],2,1,3,0,4,4,2,4,2,2,0,0,5,2,4,6,9,8,11,14,53,47,70481.0,,,,,2,2,1.91,4.0,3.3,1.01,1.08,1.38,2.03,3.0,21.0,6.0,2.74,1.78,1.33,1.35,2.8,3.8,1.22,6.0,1.09,1.25,0.0,1.85,2.3,2.54,3.8,2.2,2.8,3.3,0.0,0.0,1.2,1.63,2.0,2.3,3.05,3.05,2.1,1.73,1.55,1.42,1.75,8.2,2.52,0.0,0.0,0.0,4.6,8.0,1.24,2.0,4.4,9.0,4.0,1.76,1.2,1.05,1.1,1.62,2.9,5.5,5.3,2.2,1.37,1.11,0,0,0,0,3,1,0,1,1,2,1,1752363900,677446,0,69,32,43,0,-1,2,1,0,1,0,3,1,3,0,1,2,1,1,3,1,2,2,2,5,0.92,0.65,1.57,0,0,0,0,0,0,1,1,0,0,0,0,0,0,1,0,1,1,14,11,1,4,4,27,43,69,90,100,48,85,80,59,10.31,3.82,4.79,3.51,/clubs/club-internacional-de-futbol-miami-677446,teams/usa-club-internacional-de-futbol-miami.png,Inter Miami,/clubs/nashville-sc-mls-677447,teams/usa-nashville-sc-mls.png,Nashville SC,2.29,0.95,1.89,1.7,1.94,1.95,73,57,31,11,0,79,53,37,1.41,1.34,2.75,/usa/club-internacional-de-futbol-miami-vs-nashville-sc-mls-h2h-stats#8229713,13973,37,True,True,True,False,False,False,True,"['17', '62']",['49']
MLS,2025,13973,8229714,7,8043,2025,complete,120240,0,-1,"['31', '85']","['9', '42', '71']",2,3,5,6,1,7,0,2,1,3,0,0,5,8,13,4,18,12,13,11,57,43,62506.0,14.0,40744.0,,,1,3,2.2,3.42,2.9,1.02,1.22,1.72,2.8,5.3,10.5,3.8,2.0,1.38,1.15,1.61,2.25,3.35,1.28,4.0,1.22,1.39,0.0,1.55,2.78,2.19,3.5,2.55,2.45,3.1,0.0,0.0,1.27,1.63,2.02,2.55,3.4,3.2,2.3,1.85,1.54,1.26,1.74,6.5,2.3,0.0,0.0,0.0,4.4,5.5,1.35,2.6,6.0,17.0,3.35,1.44,1.09,1.0,1.2,1.91,4.0,8.5,4.0,1.8,1.22,1.04,0,0,0,0,5,1,2,1,1,2,3,1745109000,8043,0,59,29,29,0,17732,2,1,3,0,3,1,3,4,0,1,1,2,1,3,1,48,37,54,48,1.82,1.58,3.4,1,0,1,0,0,0,1,1,0,1,0,0,0,0,1,32,22,1,10,13,1,5,5,13,29,42,71,84,42,71,71,42,7.92,4.33,3.92,2.38,/clubs/chicago-fire-7,teams/usa-chicago-fire.png,Chicago Fire,/clubs/fc-cincinnati-8043,teams/usa-fc-cincinnati.png,FC Cincinnati,1.42,1.94,1.0,1.5,1.5,2.0,88,71,59,29,17,100,59,42,1.24,1.5,2.74,/usa/chicago-fire-vs-fc-cincinnati-h2h-stats#8229714,13973,37,True,True,True,True,True,False,True,"['31', '85']","['9', '42', '71']"
MLS,2025,13973,8229715,19,1016,2025,complete,120240,0,-1,['48'],['90+11'],1,1,2,3,3,6,0,2,4,0,0,0,5,3,8,7,13,10,14,9,37,63,13889.0,,,,,4,0,2.42,3.25,2.78,1.04,1.22,1.67,2.6,4.8,13.0,4.3,2.1,1.44,1.17,1.6,2.2,3.6,1.25,3.9,1.22,1.44,0.0,1.5,2.55,2.15,3.25,2.75,2.45,3.0,0.0,0.0,1.24,1.42,1.71,2.1,2.65,3.48,2.6,1.89,1.65,1.41,1.95,6.5,2.2,0.0,0.0,0.0,4.8,5.5,1.34,2.38,5.5,17.0,3.25,1.44,1.11,1.03,1.18,1.9,3.75,8.5,4.3,1.8,1.22,1.04,0,0,0,0,2,0,0,1,1,2,0,1752363000,-1,0,37,4,24,0,-1,2,1,0,2,3,1,2,4,1,0,3,0,1,3,1,8,6,10,17,1.22,0.88,2.09,0,1,0,1,0,0,1,1,0,0,0,0,0,0,1,4,5,1,9,13,1,13,5,0,15,47,79,87,19,51,69,56,7.7,2.85,3.37,2.27,/clubs/toronto-fc-19,teams/canada-toronto-fc.png,Toronto,/clubs/atlanta-united-fc-1016,teams/usa-atlanta-united-fc.png,Atlanta United FC,0.94,0.47,0.75,0.3,0.85,0.9,100,85,54,22,14,59,45,22,1.17,1.07,2.24,/usa/toronto-fc-vs-atlanta-united-fc-h2h-stats#8229715,13973,34,True,True,False,False,False,False,True,['48'],['90+11']
MLS,2025,13973,8229716,13,1398748,2025,complete,120240,0,-1,"['44', '56']","['26', '77', '90+6']",2,3,5,5,4,9,5,2,4,1,0,0,5,3,10,12,15,15,13,10,37,63,5016.0,,,,,4,1,2.84,3.6,2.18,1.01,1.14,1.48,2.2,3.6,15.0,5.96,2.72,1.68,1.25,1.4,2.7,5.0,1.13,3.8,1.22,1.29,0.0,1.3,3.4,2.31,2.69,3.1,2.7,2.45,0.0,0.0,1.33,1.63,2.05,2.63,3.84,2.83,2.08,1.67,1.41,1.26,2.55,7.2,1.72,0.0,0.0,0.0,6.5,4.75,1.24,2.38,4.5,13.0,3.6,1.62,1.16,1.02,1.12,1.7,3.2,7.0,5.2,2.0,1.3,1.09,0,0,0,0,5,1,1,1,2,3,2,1751157000,1398748,0,59,29,29,0,-1,2,1,4,2,1,2,6,3,0,0,4,1,0,5,1,43,50,62,94,1.6,1.52,3.12,0,1,0,1,0,0,1,1,0,0,1,0,0,0,1,12,13,1,10,12,1,10,6,23,35,58,76,94,35,59,76,53,7.46,4.11,4.3,3.14,/clubs/fc-dallas-13,teams/usa-fc-dallas.png,FC Dallas,/clubs/san-diego-fc-1398748,teams/usa-san-diego-fc.png,San Diego,1.22,2.11,0.63,1.67,1.17,1.89,78,66,43,25,7,54,41,18,1.03,1.55,2.58,/usa/fc-dallas-vs-san-diego-fc-h2h-stats#8229716,13973,36,True,True,True,True,True,False,True,"['44', '56']","['26', '77', '90+6']"
MLS,2025,13973,8229717,6490,945555,2025,complete,120240,0,-1,"['70', '90+5']","['52', '89']",2,2,4,6,2,8,0,1,1,1,0,1,9,6,14,5,23,11,10,7,70,30,,43902.0,1620.0,,,1,2,1.53,4.4,6.0,1.01,1.18,1.73,2.7,4.4,15.0,3.8,2.26,1.46,1.16,1.83,1.85,2.3,1.55,5.75,1.08,1.14,0.0,2.5,1.9,2.47,6.12,1.85,2.7,5.0,0.0,0.0,1.21,1.4,1.65,2.02,2.55,3.7,2.65,2.08,1.68,1.44,1.44,7.0,4.0,0.0,0.0,0.0,2.8,10.0,1.3,2.25,5.3,12.5,3.34,1.56,1.09,1.01,1.2,1.83,3.8,8.5,4.0,1.91,1.22,1.04,0,0,0,0,4,0,0,2,2,4,0,1745794800,-1,0,13,0,13,0,22212,2,1,2,0,4,2,2,6,0,0,1,2,0,3,1,34,10,157,69,2.34,1.19,3.53,0,0,0,0,0,0,1,1,0,0,0,0,0,0,1,9,7,1,6,10,1,5,12,0,0,25,38,88,0,38,63,38,9.0,4.0,4.25,1.5,/clubs/los-angeles-fc-6490,teams/usa-los-angeles-fc.png,Los Angeles FC,/clubs/st-louis-city-sc-945555,teams/usa-st-louis-city-sc.png,St. Louis City,2.11,0.82,2.25,1.0,1.44,1.0,100,100,75,63,13,75,63,38,1.59,0.87,2.46,/usa/los-angeles-fc-vs-st-louis-city-sc-h2h-stats#8229717,13973,34,True,True,True,True,False,False,True,"['70', '90+5']","['52', '89']"
MLS,2025,13973,8229718,2,7,2025,complete,120240,0,-1,"['58', '70', '89']",['19'],3,1,4,11,2,13,2,2,4,2,0,2,8,3,14,5,22,8,12,19,65,35,13812.0,,,,,4,5,2.0,3.75,3.3,1.03,1.18,1.6,2.5,4.25,10.0,4.9,2.3,1.53,1.18,1.55,2.4,3.3,1.29,4.75,1.15,1.3,0.0,1.78,2.48,2.48,3.2,2.35,2.6,3.4,0.0,0.0,1.25,1.44,1.71,2.15,2.65,3.6,2.62,1.97,1.62,1.41,1.72,7.0,2.6,0.0,0.0,0.0,4.33,6.5,1.25,2.47,5.0,14.0,3.5,1.58,1.14,1.02,1.15,1.76,3.35,7.5,4.8,1.96,1.25,1.06,0,0,0,0,4,0,1,3,0,3,1,1748199600,2,0,72,36,29,0,-1,2,1,6,0,5,2,6,7,3,2,1,2,5,3,1,84,53,103,49,2.54,1.09,3.63,1,0,1,0,0,0,1,1,0,0,2,0,0,0,1,12,20,1,18,12,1,6,15,22,36,72,79,100,50,72,79,36,9.57,4.0,3.71,3.43,/clubs/new-york-city-fc-2,teams/usa-new-york-city-fc.png,New York City,/clubs/chicago-fire-7,teams/usa-chicago-fire.png,Chicago Fire,1.89,1.67,2.14,1.71,1.5,1.46,79,65,29,22,0,65,65,50,1.62,1.49,3.11,/usa/new-york-city-fc-vs-chicago-fire-h2h-stats#8229718,13973,37,True,True,True,True,False,False,True,"['58', '70', '89']",['19']
MLS,2025,13973,8229719,1015,5,2025,complete,120240,0,-1,['80'],"['55', '66', '70']",1,3,4,3,4,7,1,0,0,2,0,0,3,5,9,4,12,9,14,10,41,59,36.0,55946.0,5362.0,,,0,2,1.6,3.6,4.9,1.01,1.17,1.8,2.8,5.0,8.9,4.1,2.0,1.42,1.1,1.68,2.05,2.8,1.38,4.33,1.18,1.2,0.0,1.78,2.15,2.32,4.8,2.3,2.75,4.6,0.0,0.0,1.17,1.4,1.65,2.07,2.49,3.98,2.65,2.09,1.74,1.5,1.71,6.75,2.8,0.0,0.0,0.0,2.9,9.5,1.36,2.67,6.25,19.0,2.9,1.42,1.06,1.01,1.2,1.85,3.95,9.0,4.1,1.75,1.17,1.03,0,0,0,0,4,0,0,1,3,4,0,1745780400,5,0,25,13,25,0,18851,2,1,1,2,2,2,3,4,0,1,0,1,1,1,1,43,51,71,120,1.28,1.3,2.58,0,0,0,0,0,0,1,1,0,0,0,1,0,1,1,24,21,1,10,14,1,4,10,13,25,25,38,63,25,38,63,25,14.0,3.5,4.5,1.63,/clubs/minnesota-united-fc-1015,teams/usa-minnesota-united-fc.png,Minnesota United,/clubs/vancouver-whitecaps-fc-5,teams/canada-vancouver-whitecaps-fc.png,Vancouver Whitecaps,1.58,1.65,2.0,2.0,1.78,2.22,88,75,75,63,38,63,63,50,1.7,1.76,3.46,/usa/vancouver-whitecaps-fc-vs-minnesota-united-fc-h2h-stats#8229719,13973,38,True,True,True,True,False,False,True,['80'],"['55', '66', '70']"
MLS,2025,13973,8229720,5,14,2025,complete,120240,0,-1,"['20', '70']",['90+6'],2,1,3,9,5,14,1,1,1,3,0,0,7,3,16,8,23,11,15,10,55,45,13891.0,5362.0,8.0,,,1,3,1.8,4.05,5.0,1.04,1.22,1.7,2.62,4.8,10.5,3.8,2.1,1.4,1.15,1.72,2.19,2.65,1.5,5.25,1.11,1.25,0.0,2.17,2.28,2.3,4.5,1.96,2.5,4.2,0.0,0.0,1.2,1.48,1.72,2.1,2.45,3.9,2.55,1.95,1.65,1.48,1.47,9.5,3.26,0.0,0.0,0.0,3.1,8.5,1.32,2.45,5.3,17.0,3.28,1.54,1.1,1.02,1.13,1.91,3.65,10.0,4.5,1.85,1.25,1.05,0,0,0,0,3,1,0,1,1,2,1,1746322200,5,0,60,50,10,0,19762,2,1,6,2,3,3,8,6,0,1,1,2,1,3,1,44,37,95,79,2.25,1.17,3.43,0,1,0,1,0,0,1,1,0,0,1,0,0,0,1,16,17,1,9,14,1,6,5,10,40,70,100,100,70,100,80,40,9.2,2.8,4.8,3.3,/clubs/vancouver-whitecaps-fc-5,teams/canada-vancouver-whitecaps-fc.png,Vancouver Whitecaps,/clubs/real-salt-lake-14,teams/usa-real-salt-lake.png,Real Salt Lake,2.0,0.72,2.4,1.2,2.3,1.2,90,60,30,0,0,60,50,40,1.88,1.63,3.51,/usa/vancouver-whitecaps-fc-vs-real-salt-lake-h2h-stats#8229720,13973,35,True,True,True,False,False,False,True,"['20', '70']",['90+6']
MLS,2025,13973,8229721,12,15,2025,complete,120240,0,-1,[],"['45+2', '67']",0,2,2,4,2,6,0,2,4,1,0,0,4,5,7,6,11,11,15,12,48,52,13858.0,11435.0,21032.0,,,4,1,1.79,4.11,3.9,1.02,1.12,1.45,2.1,3.5,12.0,5.7,2.5,1.67,1.29,1.42,2.55,3.45,1.25,6.0,1.09,1.19,0.0,2.0,2.4,2.4,3.65,2.1,2.8,3.8,0.0,0.0,1.23,1.45,1.73,2.3,2.93,3.58,2.64,1.93,1.55,1.33,1.6,6.75,2.75,0.0,0.0,0.0,3.8,9.0,1.22,2.1,4.5,10.0,3.9,1.65,1.18,1.04,1.12,1.67,3.0,6.0,5.2,2.1,1.32,1.08,0,0,0,0,2,0,1,0,1,1,1,1746927000,15,0,80,35,45,0,15003,2,1,1,2,3,0,3,3,2,1,2,0,3,2,1,60,40,103,92,1.41,1.34,2.75,0,0,0,0,0,0,1,1,0,0,0,0,0,0,1,26,23,1,12,15,1,7,10,33,33,80,100,100,48,78,88,65,9.55,3.55,2.0,3.55,/clubs/colorado-rapids-12,teams/usa-colorado-rapids.png,Colorado Rapids,/clubs/san-jose-earthquakes-15,teams/usa-san-jose-earthquakes.png,SJ Earthquakes,1.65,1.18,1.6,0.75,1.45,1.18,68,68,20,0,0,55,23,0,1.74,1.74,3.48,/usa/colorado-rapids-vs-san-jose-earthquakes-h2h-stats#8229721,13973,34,True,True,False,False,False,False,False,[],"['45+2', '67']"
MLS,2025,13973,8229722,945555,9,2025,complete,120240,0,-1,['7'],"['45+2', '55']",1,2,3,2,4,6,4,3,2,1,0,0,5,5,6,8,11,13,14,13,32,68,13812.0,1620.0,40116.0,,,2,1,2.8,3.4,2.38,1.04,1.27,1.84,2.8,5.75,11.0,4.1,2.02,1.36,1.13,1.68,2.1,3.8,1.22,3.25,1.3,1.31,0.0,1.45,3.4,2.1,2.8,2.88,2.5,2.62,0.0,0.0,1.27,1.52,1.88,2.33,3.0,3.3,2.45,1.82,1.5,1.33,2.08,6.5,1.87,0.0,0.0,0.0,5.0,4.33,1.33,2.5,6.25,17.5,3.0,1.42,1.09,1.01,1.17,2.0,4.33,10.0,4.05,1.7,1.15,1.03,0,0,0,0,3,1,1,0,1,1,2,1744585200,9,0,34,17,0,0,22423,2,1,0,4,2,0,4,2,1,0,1,1,1,2,1,34,69,58,127,1.29,1.68,2.96,0,0,0,0,0,0,1,1,1,0,0,0,0,0,1,4,9,1,13,14,1,6,5,0,0,17,34,84,17,67,50,0,9.0,4.0,4.66,1.34,/clubs/st-louis-city-sc-945555,teams/usa-st-louis-city-sc.png,St. Louis City,/clubs/columbus-crew-9,teams/usa-columbus-crew.png,Columbus Crew,1.06,1.16,1.33,2.33,1.14,2.14,100,100,84,67,17,50,50,50,1.69,1.11,2.8,/usa/columbus-crew-vs-st-louis-city-sc-h2h-stats#8229722,13973,34,True,True,True,False,False,False,True,['7'],"['45+2', '55']"
MLS,2025,13973,8229723,13401,677447,2025,complete,120240,0,-1,[],['18'],0,1,1,4,3,7,2,3,3,1,0,0,1,2,6,5,7,7,14,13,41,59,62494.0,,,,,3,1,4.03,3.7,1.8,1.05,1.22,1.8,3.0,4.7,11.0,3.75,2.02,1.36,1.13,1.67,2.2,4.5,1.17,2.8,1.38,1.25,0.0,1.25,4.45,2.11,2.49,3.8,2.7,2.18,0.0,0.0,1.35,1.66,2.16,2.84,3.98,2.74,2.04,1.62,1.35,1.17,2.5,6.5,1.72,0.0,0.0,0.0,7.5,3.5,1.32,2.81,5.95,19.0,3.1,1.45,1.1,1.0,1.17,1.95,3.8,9.0,4.3,1.75,1.22,1.03,0,0,0,0,1,0,1,0,0,0,1,1751153400,677447,0,64,26,27,0,-1,2,1,0,1,4,2,1,6,2,0,1,1,2,2,1,43,25,77,102,0.83,0.78,1.61,0,1,0,1,0,0,1,1,0,0,0,1,0,0,1,3,3,1,13,13,1,6,4,11,27,59,85,90,42,74,69,38,10.44,4.06,5.1,2.86,/clubs/dc-united-13401,teams/usa-dc-united.png,DC United,/clubs/nashville-sc-mls-677447,teams/usa-nashville-sc-mls.png,Nashville SC,0.76,0.95,1.0,1.56,0.95,1.84,90,74,42,15,10,65,43,32,1.18,1.4,2.58,/usa/dc-united-vs-nashville-sc-mls-h2h-stats#8229723,13973,34,True,False,False,False,False,False,False,[],['18']
MLS,2025,13973,8229724,1016,8043,2025,complete,120240,0,-1,"['15', '20', '66', '90+4']","['48', '70']",4,2,6,2,11,13,2,1,0,3,0,0,7,10,5,19,12,29,8,11,37,63,5016.0,,,,,0,3,2.5,3.4,2.55,1.03,1.18,1.57,2.6,4.33,12.0,4.6,2.31,1.5,1.2,1.53,2.5,4.0,1.2,3.85,1.22,1.31,0.0,1.44,3.2,2.45,2.73,2.9,2.6,2.75,0.0,0.0,1.25,1.47,1.67,2.05,2.78,3.6,2.5,2.06,1.67,1.43,1.85,6.65,1.96,0.0,0.0,0.0,5.0,5.0,1.27,2.25,5.1,15.0,3.4,1.6,1.13,1.0,1.16,1.75,3.4,7.5,4.6,1.95,1.27,1.07,0,0,0,0,6,2,0,2,2,4,2,1748214000,1016,0,57,25,25,0,-1,2,1,0,5,2,6,5,8,0,2,0,1,2,1,1,12,23,60,131,1.34,2.7,4.03,0,0,0,0,0,0,1,1,0,0,0,2,0,0,1,3,7,1,11,8,1,14,6,25,25,38,63,94,32,82,69,32,10.13,3.88,3.75,2.57,/clubs/atlanta-united-fc-1016,teams/usa-atlanta-united-fc.png,Atlanta United FC,/clubs/fc-cincinnati-8043,teams/usa-fc-cincinnati.png,FC Cincinnati,1.18,1.94,1.13,1.63,0.79,2.07,75,75,63,38,7,75,63,44,1.36,1.44,2.8,/usa/atlanta-united-fc-vs-fc-cincinnati-h2h-stats#8229724,13973,34,True,True,True,True,True,True,True,"['15', '20', '66', '90+4']","['48', '70']"
MLS,2025,13973,8229725,1016,2,2025,complete,120240,0,-1,"['42', '62', '75', '84']","['15', '48', '51']",4,3,7,7,1,8,2,1,1,0,0,0,6,7,8,2,14,9,12,16,44,56,,762.0,21302.0,,,1,0,1.68,3.9,4.6,1.01,1.17,1.53,2.25,4.0,17.0,5.2,2.47,1.55,1.23,1.57,2.4,2.8,1.38,5.75,1.1,1.16,0.0,2.15,2.2,2.34,4.5,2.1,2.63,4.33,0.0,0.0,1.25,1.37,1.68,2.14,2.85,3.4,2.66,2.01,1.65,1.4,1.6,8.2,2.75,0.0,0.0,0.0,3.4,9.0,1.29,2.35,5.5,15.0,3.3,1.64,1.14,1.01,1.15,1.68,3.2,7.0,5.0,2.0,1.25,1.08,0,0,0,0,7,1,1,3,2,5,2,1743291000,1016,0,50,33,33,0,42518,2,1,5,0,2,1,5,3,0,0,1,0,0,1,1,43,33,93,88,1.62,1.31,2.92,0,1,0,1,0,0,1,1,0,0,2,0,0,0,1,2,7,1,16,11,1,6,7,17,33,50,50,67,33,50,67,33,7.33,3.0,4.0,2.17,/clubs/atlanta-united-fc-1016,teams/usa-atlanta-united-fc.png,Atlanta United FC,/clubs/new-york-city-fc-2,teams/usa-new-york-city-fc.png,New York City,1.18,1.52,1.33,0.67,1.0,1.6,84,67,50,50,33,84,67,17,1.45,0.94,2.39,/usa/new-york-city-fc-vs-atlanta-united-fc-h2h-stats#8229725,13973,34,True,True,True,True,True,True,True,"['42', '62', '75', '84']","['15', '48', '51']"
MLS,2025,13973,8229726,13401,9,2025,complete,120240,0,-1,['13'],"['16', '65']",1,2,3,3,4,7,2,2,4,1,0,0,2,7,6,2,8,9,13,9,47,53,11.0,13006.0,40116.0,,,4,1,2.54,3.65,2.7,1.04,1.2,1.62,2.55,4.5,10.0,4.33,2.28,1.48,1.2,1.53,2.38,3.8,1.22,4.0,1.2,1.25,0.0,1.5,3.0,2.17,3.1,2.65,2.6,2.8,0.0,0.0,1.3,1.52,2.01,2.2,2.8,3.15,2.5,1.95,1.6,1.33,1.93,6.4,2.2,0.0,0.0,0.0,5.0,5.0,1.27,2.4,5.5,12.0,3.3,1.56,1.12,1.02,1.16,1.82,3.55,7.0,4.4,1.9,1.25,1.07,0,0,0,0,3,1,1,0,1,1,2,1743291000,9,0,59,17,17,0,17048,2,1,1,4,2,0,5,2,2,1,2,0,3,2,1,68,36,97,86,1.14,1.33,2.47,0,0,0,0,0,0,1,1,0,0,0,0,0,0,1,4,2,1,9,13,1,2,9,0,17,34,59,84,17,42,84,17,7.17,3.33,8.17,1.92,/clubs/dc-united-13401,teams/usa-dc-united.png,DC United,/clubs/columbus-crew-9,teams/usa-columbus-crew.png,Columbus Crew,0.76,1.16,1.67,2.0,1.2,1.8,100,84,67,42,17,42,25,25,1.35,1.0,2.35,/usa/columbus-crew-vs-dc-united-h2h-stats#8229726,13973,34,True,True,True,False,False,False,True,['13'],"['16', '65']"
MLS,2025,13973,8229727,6,945555,2025,complete,120240,0,-1,['66'],[],1,0,1,7,0,7,1,1,2,3,0,0,6,1,12,6,18,7,22,10,48,52,65836.0,,,,,2,3,1.72,4.1,3.9,1.01,1.18,1.66,2.5,4.6,15.0,4.5,2.31,1.51,1.18,1.62,2.35,2.8,1.4,5.5,1.11,1.25,0.0,2.15,2.15,2.27,4.4,2.15,2.63,4.0,0.0,0.0,1.2,1.38,1.68,2.08,2.9,3.8,2.7,2.07,1.57,1.38,1.5,8.5,3.0,0.0,0.0,0.0,3.35,9.0,1.25,2.47,4.9,11.5,3.5,1.58,1.13,1.02,1.18,1.75,3.5,8.0,4.33,1.93,1.25,1.05,0,0,0,0,1,0,0,1,0,1,0,1751157000,6,0,52,21,26,0,-1,2,1,1,0,6,0,1,6,1,3,1,0,4,1,1,48,27,67,99,1.89,0.72,2.61,0,0,0,0,0,0,1,1,0,0,0,0,0,1,1,22,12,1,10,22,1,3,10,11,36,63,79,95,31,68,79,69,9.67,2.54,5.37,2.82,/clubs/houston-dynamo-6,teams/usa-houston-dynamo.png,Houston Dynamo,/clubs/st-louis-city-sc-945555,teams/usa-st-louis-city-sc.png,St. Louis City,1.06,0.82,1.0,0.56,1.05,0.79,90,64,37,22,6,63,57,52,1.57,0.99,2.56,/usa/houston-dynamo-vs-st-louis-city-sc-h2h-stats#8229727,13973,34,True,False,False,False,False,False,False,['66'],[]
MLS,2025,13973,8229728,17,8043,2025,complete,120240,0,-1,['87'],"['45+4', '74']",1,2,3,4,2,6,3,1,3,3,0,0,3,4,14,5,17,9,13,14,59,41,42.0,,,,,3,3,1.9,3.95,3.7,1.03,1.15,1.5,2.3,3.99,17.0,5.0,2.51,1.61,1.22,1.5,2.5,3.2,1.3,5.5,1.11,1.29,0.0,1.91,2.47,2.32,3.8,2.25,2.63,3.75,0.0,0.0,1.24,1.5,1.82,2.08,2.65,3.55,2.45,1.82,1.65,1.41,1.77,7.2,2.45,0.0,0.0,0.0,3.8,7.5,1.22,2.35,4.4,10.0,3.6,1.64,1.16,1.03,1.12,1.73,3.08,6.75,5.2,2.0,1.27,1.08,0,0,0,0,3,0,1,1,1,2,1,1751153400,8043,0,61,31,40,0,-1,2,1,1,1,3,1,2,4,1,2,2,1,3,3,1,61,36,104,84,1.72,1.12,2.84,0,0,0,0,0,0,1,1,0,0,1,0,0,0,1,3,3,1,14,13,1,7,7,36,52,62,71,95,52,90,66,51,9.01,3.62,3.93,3.36,/clubs/orlando-city-sc-17,teams/usa-orlando-city-sc.png,Orlando City,/clubs/fc-cincinnati-8043,teams/usa-fc-cincinnati.png,FC Cincinnati,1.65,1.94,1.89,1.73,1.74,1.89,65,49,39,29,6,65,44,44,1.71,1.54,3.25,/usa/orlando-city-sc-vs-fc-cincinnati-h2h-stats#8229728,13973,35,True,True,True,False,False,False,True,['87'],"['45+4', '74']"
MLS,2025,13973,8229729,13401,7,2025,complete,120240,0,-1,['60'],"['8', '23', '30', '44', '56', '65', '90+1']",1,7,8,9,7,16,1,0,1,3,0,0,3,11,12,4,15,15,5,7,57,43,62506.0,,,,,1,3,2.99,3.4,2.3,1.03,1.2,1.58,2.64,4.6,15.0,4.33,2.33,1.51,1.15,1.48,2.4,3.95,1.22,3.8,1.22,1.3,0.0,1.44,3.0,2.43,2.95,2.8,2.5,2.7,0.0,0.0,1.3,1.51,1.91,2.5,3.2,3.05,2.25,1.8,1.47,1.3,1.75,8.5,2.48,0.0,0.0,0.0,5.0,5.25,1.3,2.32,5.2,12.0,3.3,1.56,1.13,1.01,1.15,1.78,3.6,8.5,4.33,1.85,1.25,1.07,0,0,0,0,8,0,4,1,3,4,4,1749339000,7,0,78,45,22,0,-1,2,1,4,3,5,4,7,9,1,1,0,2,2,2,1,2,15,78,78,1.18,1.83,3.01,0,0,0,0,0,0,1,1,0,1,0,1,1,0,1,5,1,1,7,5,1,4,12,17,45,72,84,89,50,78,62,34,7.56,4.12,5.66,3.34,/clubs/dc-united-13401,teams/usa-dc-united.png,DC United,/clubs/chicago-fire-7,teams/usa-chicago-fire.png,Chicago Fire,0.76,1.67,1.11,1.67,1.06,1.47,84,56,28,17,11,39,33,28,1.18,1.38,2.56,/usa/chicago-fire-vs-dc-united-h2h-stats#8229729,13973,34,True,True,True,True,True,True,True,['60'],"['8', '23', '30', '44', '56', '65', '90+1']"
MLS,2025,13973,8229730,4,13401,2025,complete,120240,0,-1,['57'],"['35', '44']",1,2,3,9,1,10,2,0,1,3,0,0,2,4,8,8,10,12,9,11,67,33,70173.0,1313.0,13006.0,,,1,3,1.95,3.53,3.48,1.01,1.22,1.73,2.95,5.0,10.5,4.2,2.1,1.4,1.14,1.68,2.05,2.7,1.4,4.75,1.15,1.28,0.0,1.75,2.55,2.41,4.0,2.2,2.5,3.5,0.0,0.0,1.4,1.57,2.0,2.53,2.9,2.97,2.19,1.67,1.47,1.34,1.61,6.75,2.81,0.0,0.0,0.0,3.3,7.0,1.34,2.48,6.25,17.0,2.95,1.47,1.1,1.01,1.2,1.93,3.9,8.5,4.33,1.75,1.22,1.05,0,0,0,0,3,0,2,1,0,1,2,1745105400,13401,0,88,59,46,0,18407,2,1,4,0,5,1,4,6,0,0,1,3,0,4,1,16,5,126,86,0.91,1.08,1.99,0,0,0,0,0,0,1,1,0,0,0,0,0,0,1,5,5,1,11,9,1,5,12,34,63,88,100,100,88,100,75,63,10.5,4.92,3.92,4.17,/clubs/new-york-red-bulls-4,teams/usa-new-york-red-bulls.png,New York RB,/clubs/dc-united-13401,teams/usa-dc-united.png,DC United,1.94,0.76,2.5,0.33,1.5,0.75,67,38,13,0,0,34,34,34,1.45,1.88,3.33,/usa/new-york-red-bulls-vs-dc-united-h2h-stats#8229730,13973,34,True,True,True,False,False,False,True,['57'],"['35', '44']"
MLS,2025,13973,8229731,8043,9,2025,complete,120240,0,-1,"['1', '5']","['42', '45+3', '59', '90+3']",2,4,6,5,4,9,1,1,4,4,0,0,4,4,9,7,13,11,9,16,50,50,,40744.0,40116.0,,,4,4,2.36,3.65,2.75,1.03,1.17,1.57,2.2,4.22,10.0,4.75,2.3,1.61,1.24,1.48,2.5,3.8,1.22,4.5,1.17,1.29,0.0,1.57,2.87,2.52,3.25,2.55,2.63,2.9,0.0,0.0,1.33,1.64,1.88,2.38,3.88,2.7,2.1,1.8,1.36,1.22,1.92,6.3,2.2,0.0,0.0,0.0,4.8,6.0,1.29,2.35,5.0,10.0,3.3,1.62,1.15,1.03,1.14,1.7,3.2,6.5,4.7,2.0,1.24,1.08,0,0,0,0,6,2,2,0,2,2,4,1752366960,9,0,78,28,45,0,25513,2,1,4,3,1,1,7,2,3,0,1,4,3,5,1,38,39,88,81,1.38,1.26,2.64,0,0,0,0,0,0,1,1,2,0,0,0,0,0,1,17,8,1,16,9,1,7,10,17,28,62,84,100,39,73,89,50,8.56,4.78,3.89,3.0,/clubs/fc-cincinnati-8043,teams/usa-fc-cincinnati.png,FC Cincinnati,/clubs/columbus-crew-9,teams/usa-columbus-crew.png,Columbus Crew,1.8,1.16,2.22,1.44,2.0,1.81,84,73,39,17,0,56,45,22,1.51,1.18,2.69,/usa/columbus-crew-vs-fc-cincinnati-h2h-stats#8229731,13973,37,True,True,True,True,True,True,True,"['1', '5']","['42', '45+3', '59', '90+3']"
MLS,2025,13973,8229732,6490,6,2025,complete,120240,0,-1,"['10', '79']",[],2,0,2,6,2,8,0,1,2,2,0,1,10,0,9,4,19,4,13,16,49,51,13812.0,43902.0,20.0,,,2,3,1.7,3.72,5.05,1.04,1.2,1.82,3.0,5.75,10.5,3.5,1.95,1.36,1.11,1.8,1.91,2.38,1.53,5.25,1.13,1.16,0.0,2.15,2.28,2.25,4.8,2.1,2.7,4.6,0.0,0.0,1.18,1.4,1.7,2.0,2.5,3.94,2.65,2.05,1.63,1.46,1.58,9.0,2.9,0.0,0.0,0.0,2.9,8.0,1.33,2.62,5.7,17.0,3.0,1.42,1.1,1.01,1.21,1.98,4.1,9.0,3.8,1.72,1.2,1.03,0,0,0,0,2,1,0,1,0,1,1,1746325800,6490,0,45,13,20,0,22111,2,1,5,1,1,1,6,2,1,2,1,1,3,2,1,56,44,105,99,2.3,0.59,2.89,0,0,0,0,0,0,1,1,1,0,0,0,0,1,1,17,16,1,16,13,1,1,6,0,23,33,45,75,13,35,65,20,9.75,3.7,3.6,1.75,/clubs/los-angeles-fc-6490,teams/usa-los-angeles-fc.png,Los Angeles FC,/clubs/houston-dynamo-6,teams/usa-houston-dynamo.png,Houston Dynamo,2.11,1.12,2.0,0.75,1.4,1.0,100,78,68,55,25,68,55,35,1.74,0.89,2.63,/usa/houston-dynamo-vs-los-angeles-fc-h2h-stats#8229732,13973,34,True,True,False,False,False,False,False,"['10', '79']",[]
MLS,2025,13973,8229733,677446,16,2025,complete,120240,0,-1,"['23', '57']",['80'],2,1,3,3,5,8,3,1,6,2,0,0,3,6,4,13,7,19,22,12,53,47,13812.0,48359.0,48141.0,,,6,2,1.76,4.25,4.2,1.02,1.11,1.44,2.2,4.03,19.0,5.51,2.59,1.62,1.25,1.49,2.44,3.0,1.33,6.0,1.09,1.22,0.0,2.1,2.15,2.47,4.51,1.92,2.8,3.8,0.0,0.0,1.2,1.48,1.75,2.1,2.8,3.4,2.48,2.05,1.62,1.38,1.52,8.2,3.0,0.0,0.0,0.0,3.5,9.5,1.25,2.1,4.75,11.5,3.6,1.65,1.17,1.02,1.12,1.7,3.1,6.0,5.25,2.0,1.3,1.09,0,0,0,0,3,1,0,1,1,2,1,1743291000,677446,0,50,50,50,0,20617,2,1,2,1,1,4,3,5,1,1,5,1,2,6,1,28,40,99,111,0.87,1.91,2.78,0,0,0,0,0,0,1,1,0,0,1,0,0,0,1,5,4,1,12,22,1,9,5,25,50,50,75,100,50,50,100,75,11.0,3.5,7.5,3.25,/clubs/club-internacional-de-futbol-miami-677446,teams/usa-club-internacional-de-futbol-miami.png,Inter Miami,/clubs/philadelphia-union-16,teams/usa-philadelphia-union.png,Philadelphia Union,2.29,1.61,2.0,3.0,2.5,2.4,75,50,50,25,0,100,50,50,1.08,1.65,2.73,/usa/philadelphia-union-vs-club-internacional-de-futbol-miami-h2h-stats#8229733,13973,37,True,True,True,False,False,False,True,"['23', '57']",['80']
MLS,2025,13973,8229734,14,18,2025,complete,120240,0,-1,"['8', '79']",[],2,0,2,3,4,7,1,4,2,1,0,0,4,3,7,8,11,11,16,10,53,47,,8.0,25.0,,,2,1,2.48,3.44,2.96,1.05,1.35,2.05,3.6,7.0,8.5,2.9,1.67,1.25,1.1,1.85,1.98,2.9,1.36,3.2,1.3,1.33,0.0,1.53,3.1,1.94,3.4,2.8,2.2,3.0,0.0,0.0,1.3,1.55,1.91,2.38,3.0,3.2,2.3,1.8,1.53,1.33,2.0,6.75,2.1,0.0,0.0,0.0,4.2,4.5,1.47,3.0,9.0,26.0,2.6,1.33,1.07,1.02,1.26,2.35,5.5,11.0,3.75,1.55,1.17,1.03,0,0,0,0,2,1,0,1,0,1,1,1740864600,14,0,0,0,0,0,18853,2,1,1,2,2,2,3,4,0,1,2,0,1,2,1,41,48,96,100,1.28,1.26,2.54,0,0,0,0,0,0,1,1,1,0,0,1,0,0,1,16,20,1,10,16,1,9,9,0,0,0,0,0,0,0,0,0,0.0,0.0,0.0,0.0,/clubs/real-salt-lake-14,teams/usa-real-salt-lake.png,Real Salt Lake,/clubs/seattle-sounders-fc-18,teams/usa-seattle-sounders-fc.png,Seattle Sounders,1.65,1.11,0.0,0.0,0.0,1.0,0,0,0,0,0,0,0,0,0.0,0.0,0.0,/usa/real-salt-lake-vs-seattle-sounders-fc-h2h-stats#8229734,13973,35,True,True,False,False,False,False,False,"['8', '79']",[]
MLS,2025,13973,8229735,711351,1016,2025,complete,120240,0,-1,"['49', '54']",[],2,0,2,1,5,6,1,2,2,2,0,0,5,3,5,12,10,15,12,9,43,57,69.0,404.0,762.0,,,2,2,2.05,4.09,3.5,1.04,1.12,1.53,2.33,4.3,13.0,5.0,2.48,1.57,1.18,1.47,2.6,3.6,1.25,4.75,1.15,1.32,0.0,1.73,2.55,2.32,3.98,2.5,2.63,3.25,0.0,0.0,1.22,1.41,1.65,2.07,2.65,3.55,2.65,2.02,1.65,1.41,1.75,6.75,2.4,0.0,0.0,0.0,4.6,6.5,1.36,2.55,5.0,17.0,3.2,1.5,1.12,1.01,1.14,1.88,3.3,8.5,5.25,1.9,1.26,1.1,0,0,0,0,2,0,0,2,0,2,0,1740856500,711351,0,0,0,0,0,51002,2,1,1,1,0,4,2,4,0,0,2,2,0,4,1,33,44,83,110,1.23,1.48,2.71,0,0,0,0,0,0,1,1,0,0,0,0,0,0,1,23,20,1,9,12,1,8,12,0,0,0,0,0,0,0,0,0,0.0,0.0,0.0,0.0,/clubs/charlotte-fc-711351,teams/usa-charlotte-fc.png,Charlotte,/clubs/atlanta-united-fc-1016,teams/usa-atlanta-united-fc.png,Atlanta United FC,2.11,0.47,0.0,0.0,1.0,3.0,0,0,0,0,0,0,0,0,0.0,0.0,0.0,/usa/atlanta-united-fc-vs-charlotte-fc-h2h-stats#8229735,13973,34,True,True,False,False,False,False,False,"['49', '54']",[]
MLS,2025,13973,8229736,17,19,2025,complete,120240,0,-1,"['32', '35', '63', '81']","['72', '86']",4,2,6,2,2,4,1,3,2,0,0,0,4,4,3,5,7,9,13,9,44,56,65836.0,29408.0,11434.0,,,2,0,1.6,3.85,4.33,1.04,1.22,1.76,2.75,4.9,13.0,4.0,2.05,1.4,1.15,1.76,2.05,2.5,1.48,5.25,1.11,1.21,0.0,2.15,2.25,2.26,4.6,2.02,2.7,4.3,0.0,0.0,1.25,1.57,1.83,2.4,3.3,3.5,2.4,1.8,1.52,1.3,1.49,6.75,2.9,0.0,0.0,0.0,2.9,9.0,1.32,2.61,5.5,16.0,3.27,1.52,1.11,1.02,1.22,1.93,3.8,10.0,4.1,1.75,1.2,1.05,0,0,0,0,6,2,0,2,2,4,2,1740875400,17,0,100,100,50,0,18582,2,1,1,1,1,1,2,2,0,0,2,0,0,2,1,31,49,71,81,0.95,1.21,2.16,0,0,0,0,0,0,1,1,0,0,0,0,0,0,1,13,17,1,9,13,1,9,1,50,100,100,100,100,100,100,100,50,14.0,5.0,4.0,5.0,/clubs/orlando-city-sc-17,teams/usa-orlando-city-sc.png,Orlando City,/clubs/toronto-fc-19,teams/canada-toronto-fc.png,Toronto,1.65,0.94,0.0,1.0,0.0,1.0,50,0,0,0,0,100,50,50,2.33,1.54,3.87,/usa/orlando-city-sc-vs-toronto-fc-h2h-stats#8229736,13973,34,True,True,True,True,True,True,True,"['32', '35', '63', '81']","['72', '86']"
MLS,2025,13973,8229737,12,13,2025,complete,120240,0,-1,"['6', '39', '72']","['43', '45', '68']",3,3,6,6,1,7,0,3,1,1,0,0,5,5,11,7,16,12,16,9,59,41,62506.0,11435.0,28222.0,,,1,1,2.1,3.53,3.6,1.01,1.18,1.65,2.82,4.75,13.0,4.2,2.1,1.45,1.2,1.61,2.4,3.2,1.3,4.33,1.18,1.28,0.0,1.77,2.55,2.25,3.75,2.35,2.5,3.4,0.0,0.0,1.32,1.65,2.14,2.84,4.0,3.0,2.05,1.63,1.35,1.2,1.78,6.25,2.95,0.0,0.0,0.0,3.9,6.5,1.3,2.4,5.5,15.0,3.2,1.48,1.07,1.02,1.18,1.93,3.85,8.0,4.33,1.77,1.21,1.07,0,0,0,0,6,2,2,1,1,2,4,1740882600,-1,0,50,0,0,0,15410,2,1,6,0,0,1,6,1,1,0,0,1,1,1,1,63,32,106,64,1.81,1.34,3.15,0,0,0,0,0,0,1,1,1,0,0,0,0,0,1,18,14,1,9,16,1,12,10,0,0,50,50,50,0,50,50,50,3.0,4.0,4.0,1.5,/clubs/colorado-rapids-12,teams/usa-colorado-rapids.png,Colorado Rapids,/clubs/fc-dallas-13,teams/usa-fc-dallas.png,FC Dallas,1.65,1.28,0.0,3.0,1.0,3.0,50,50,0,0,0,0,0,0,0.0,0.97,0.97,/usa/colorado-rapids-vs-fc-dallas-h2h-stats#8229737,13973,34,True,True,True,True,True,True,True,"['6', '39', '72']","['43', '45', '68']"
MLS,2025,13973,8229738,6490,20,2025,complete,120240,0,-1,[],['45'],0,1,1,4,4,8,0,1,1,1,0,0,3,4,9,4,12,8,6,10,56,44,7.0,43902.0,28121.0,,,1,1,1.41,4.7,7.0,1.03,1.18,1.52,2.4,3.7,15.0,4.6,2.35,1.44,1.22,1.75,2.0,2.2,1.65,7.0,1.07,1.15,0.0,2.84,1.65,2.6,6.7,1.7,2.9,6.5,0.0,0.0,1.27,1.49,2.1,2.42,3.55,3.22,2.35,1.8,1.47,1.26,1.36,8.0,3.85,0.0,0.0,0.0,2.4,12.0,1.25,2.48,5.25,15.0,3.5,1.55,1.14,1.01,1.14,1.8,3.2,7.5,4.7,1.9,1.27,1.07,0,0,0,0,1,0,1,0,0,0,1,1753497000,20,0,37,19,18,0,22103,2,1,0,3,4,1,3,5,0,0,1,1,0,2,1,48,24,116,94,1.32,0.97,2.3,0,0,0,0,0,0,1,1,0,0,0,0,0,0,1,12,16,1,10,6,1,4,10,19,32,55,69,90,23,74,73,50,8.77,2.88,3.63,2.79,/clubs/los-angeles-fc-6490,teams/usa-los-angeles-fc.png,Los Angeles FC,/clubs/portland-timbers-20,teams/usa-portland-timbers.png,Portland Timbers,2.11,0.89,2.17,1.1,1.71,1.48,81,69,45,32,10,45,40,23,1.86,1.23,3.09,/usa/portland-timbers-vs-los-angeles-fc-h2h-stats#8229738,13973,37,True,False,False,False,False,False,False,[],['45']
MLS,2025,13973,8229739,14,945555,2025,complete,120240,0,-1,"['6', '43', '64']","['51', '80']",3,2,5,5,10,15,1,1,1,1,0,0,6,6,9,12,15,18,10,8,49,51,,8.0,55486.0,,,1,1,1.55,4.2,4.94,1.03,1.15,1.48,2.1,3.75,11.0,5.25,2.73,1.68,1.25,1.55,2.3,2.8,1.38,6.5,1.08,1.22,0.0,2.26,2.1,2.5,4.7,1.9,2.95,4.4,0.0,0.0,1.21,1.5,1.8,2.23,3.2,3.6,2.45,1.94,1.5,1.28,1.42,9.4,3.15,0.0,0.0,0.0,3.1,10.0,1.27,2.31,4.8,11.0,3.8,1.68,1.15,1.02,1.13,1.67,3.1,6.0,5.0,2.05,1.33,1.09,0,0,0,0,5,2,0,1,2,3,2,1751765400,14,0,28,18,10,0,20036,2,1,4,2,1,8,6,9,1,1,0,0,2,0,1,54,56,89,93,1.75,1.96,3.71,0,0,0,0,0,0,1,1,1,0,1,0,0,0,1,22,11,1,8,10,1,9,7,12,23,38,62,89,24,69,60,37,8.93,3.78,6.33,2.22,/clubs/real-salt-lake-14,teams/usa-real-salt-lake.png,Real Salt Lake,/clubs/st-louis-city-sc-945555,teams/usa-st-louis-city-sc.png,St. Louis City,1.65,0.82,1.25,0.5,1.0,0.75,89,78,63,39,12,57,45,33,1.41,0.96,2.37,/usa/real-salt-lake-vs-st-louis-city-sc-h2h-stats#8229739,13973,34,True,True,True,True,True,False,True,"['6', '43', '64']","['51', '80']"
MLS,2025,13973,8229740,4,10,2025,complete,120240,0,-1,"['7', '16', '31', '50', '68', '88', '90+3']",[],7,0,7,2,6,8,0,2,2,5,0,0,11,6,8,10,19,16,7,17,47,53,,1313.0,2.0,,,2,5,1.84,3.4,3.75,1.02,1.29,1.85,2.8,6.0,10.0,3.5,2.0,1.38,1.13,1.67,2.05,2.7,1.4,4.75,1.18,1.29,0.0,1.91,2.4,2.2,4.33,2.28,2.38,3.75,0.0,0.0,1.25,1.68,2.29,2.1,2.62,3.6,2.3,2.0,1.65,1.42,1.63,8.5,2.55,0.0,0.0,0.0,3.25,6.5,1.34,2.4,5.5,23.0,2.9,1.42,1.09,1.01,1.22,2.02,3.9,12.0,3.8,1.72,1.18,1.03,0,0,0,0,7,3,0,4,0,4,3,1746919800,4,0,59,33,25,0,23225,2,1,0,3,2,3,3,5,0,1,2,4,1,6,1,6,3,104,75,2.02,1.46,3.48,0,0,0,0,0,0,1,1,1,0,0,1,0,1,1,4,7,1,17,7,1,6,9,0,17,50,75,100,59,75,67,25,9.17,2.33,4.66,2.42,/clubs/new-york-red-bulls-4,teams/usa-new-york-red-bulls.png,New York RB,/clubs/la-galaxy-10,teams/usa-la-galaxy.png,LA Galaxy,1.94,0.41,2.17,0.33,1.36,0.27,100,83,50,25,0,42,42,25,1.36,1.1,2.46,/usa/new-york-red-bulls-vs-la-galaxy-h2h-stats#8229740,13973,34,True,True,True,True,True,True,False,"['7', '16', '31', '50', '68', '88', '90+3']",[]
MLS,2025,13973,8229741,1015,15,2025,complete,120240,0,-1,"['2', '42', '45+5', '90+5']",['70'],4,1,5,5,8,13,1,1,0,5,0,0,6,4,6,6,12,10,18,13,36,64,13967.0,,,,,0,5,0.0,0.0,0.0,1.03,1.14,1.45,2.23,3.6,17.0,4.8,2.45,1.67,1.25,1.44,2.6,3.4,1.29,5.5,1.11,1.24,0.0,1.91,2.41,2.4,3.7,2.2,2.7,3.7,0.0,0.0,1.22,1.41,1.67,2.1,2.5,3.8,2.8,2.0,1.65,1.48,1.6,6.75,2.55,0.0,0.0,0.0,4.0,7.5,1.21,2.2,4.4,13.0,3.6,1.62,1.15,1.02,1.13,1.67,3.0,6.5,5.0,2.0,1.3,1.1,0,0,0,0,5,3,0,1,1,2,3,1752366600,1015,0,65,25,45,0,-1,-1,1,-1,-1,-1,-1,-1,-1,0,2,0,3,2,3,1,32,69,61,100,1.41,1.41,2.82,0,0,0,0,0,0,1,1,1,0,-1,-1,0,1,1,18,28,1,13,18,1,7,3,20,35,60,80,90,35,60,80,55,9.2,3.0,3.6,2.95,/clubs/minnesota-united-fc-1015,teams/usa-minnesota-united-fc.png,Minnesota United,/clubs/san-jose-earthquakes-15,teams/usa-san-jose-earthquakes.png,SJ Earthquakes,1.58,1.18,1.8,1.4,1.76,1.33,80,65,40,20,10,45,40,30,1.53,1.67,3.2,/usa/san-jose-earthquakes-vs-minnesota-united-fc-h2h-stats#8229741,13973,34,True,True,True,True,True,False,True,"['2', '42', '45+5', '90+5']",['70']
MLS,2025,13973,8229742,13401,8043,2025,complete,120240,0,-1,[],['28'],0,1,1,10,4,14,5,3,3,1,0,0,2,5,12,6,14,11,8,16,58,42,13967.0,13006.0,40744.0,,,3,1,2.28,3.64,2.85,1.04,1.2,1.62,2.45,4.5,10.0,4.35,2.15,1.48,1.2,1.5,2.4,3.55,1.25,4.33,1.18,1.38,0.0,1.58,2.7,2.2,3.3,2.5,2.6,3.25,0.0,0.0,1.19,1.4,1.72,2.15,2.83,3.76,2.64,2.0,1.59,1.33,1.65,6.75,2.45,0.0,0.0,0.0,4.5,5.5,1.3,2.35,6.0,12.0,3.2,1.47,1.06,1.0,1.17,1.8,3.35,7.5,4.5,1.91,1.23,1.07,0,0,0,0,1,0,1,0,0,0,1,1744500600,8043,0,71,42,29,0,16152,2,1,3,2,7,2,5,9,2,0,1,1,2,2,1,68,46,88,78,1.51,1.38,2.89,0,0,0,0,0,0,1,1,0,0,0,1,0,0,1,23,25,1,16,8,1,7,6,17,29,71,88,88,59,59,88,46,8.58,4.5,5.08,2.92,/clubs/dc-united-13401,teams/usa-dc-united.png,DC United,/clubs/fc-cincinnati-8043,teams/usa-fc-cincinnati.png,FC Cincinnati,0.76,1.94,1.25,1.0,0.86,1.86,84,71,29,13,13,63,17,17,1.3,1.55,2.85,/usa/fc-cincinnati-vs-dc-united-h2h-stats#8229742,13973,34,True,False,False,False,False,False,False,[],['28']
MLS,2025,13973,8229743,1398748,677447,2025,complete,120240,0,-1,['53'],[],1,0,1,2,2,4,-1,-1,2,3,0,0,3,4,6,4,9,8,12,19,59,41,36.0,44567.0,48648.0,,,2,3,2.35,3.64,3.0,1.01,1.2,1.62,2.56,5.12,10.5,4.33,2.33,1.47,1.18,1.57,2.36,3.6,1.25,4.0,1.18,1.3,0.0,1.57,2.7,2.45,2.9,2.62,2.8,3.1,0.0,0.0,1.37,1.81,2.0,2.93,3.4,2.8,2.12,1.71,1.43,1.26,1.61,6.55,3.12,0.0,0.0,0.0,4.75,5.75,1.29,2.3,5.55,11.0,3.3,1.52,1.13,1.01,1.18,1.83,3.3,9.0,4.4,1.85,1.25,1.05,0,0,0,0,1,0,0,1,0,1,0,1753497000,1398748,0,55,25,22,0,28114,2,1,1,0,1,2,1,3,0,2,2,1,2,3,1,34,35,103,87,1.04,1.05,2.08,0,0,0,0,0,0,1,1,0,0,1,0,0,0,1,17,23,1,18,12,1,2,6,16,29,55,84,93,41,80,68,43,11.32,4.81,4.22,2.84,/clubs/san-diego-fc-1398748,teams/usa-san-diego-fc.png,San Diego,/clubs/nashville-sc-mls-677447,teams/usa-nashville-sc-mls.png,Nashville SC,1.67,0.95,1.69,1.55,1.79,1.96,84,71,45,16,8,64,38,29,1.63,1.27,2.9,/usa/nashville-sc-mls-vs-san-diego-fc-h2h-stats#8229743,13973,37,True,False,False,False,False,False,False,['53'],[]
MLS,2025,13973,8229744,945555,1398748,2025,complete,120240,0,-1,['90+1'],"['79', '87']",1,2,3,6,1,7,3,4,2,2,0,0,5,3,11,12,16,15,8,9,40,60,3.0,1620.0,44567.0,,,2,2,2.75,3.5,2.2,1.03,1.18,1.55,2.5,4.3,15.0,4.33,2.29,1.5,1.2,1.55,2.25,4.5,1.17,3.75,1.22,1.65,0.0,1.53,2.9,2.25,2.7,3.0,2.6,2.75,0.0,0.0,1.32,1.65,2.0,2.38,3.05,2.92,2.1,1.74,1.5,1.3,2.1,8.2,1.98,0.0,0.0,0.0,6.0,4.75,1.31,2.3,5.25,12.0,3.2,1.61,1.12,1.0,1.18,1.75,3.42,7.5,4.5,1.93,1.26,1.07,0,0,0,0,3,0,0,1,2,3,0,1746923400,1398748,0,40,30,10,0,22423,2,1,3,0,3,1,3,4,0,1,2,1,1,3,1,45,53,63,112,1.68,1.54,3.22,0,0,0,0,0,0,1,1,0,0,1,0,0,0,1,15,20,1,9,8,1,10,10,10,20,50,60,80,40,70,50,30,10.0,4.0,3.6,2.2,/clubs/st-louis-city-sc-945555,teams/usa-st-louis-city-sc.png,St. Louis City,/clubs/san-diego-fc-1398748,teams/usa-san-diego-fc.png,San Diego,1.06,2.11,1.0,1.2,0.91,1.55,90,80,50,40,20,50,50,40,1.49,1.46,2.95,/usa/st-louis-city-sc-vs-san-diego-fc-h2h-stats#8229744,13973,34,True,True,True,False,False,False,True,['90+1'],"['79', '87']"
MLS,2025,13973,8229745,8,18,2025,complete,120240,0,-1,"['67', '90+6']","['15', '27', '45+8']",2,3,5,7,4,11,0,1,2,4,0,1,9,7,14,6,23,13,16,16,48,52,13858.0,,,,,2,6,3.45,3.5,2.03,1.01,1.2,1.64,2.69,4.92,10.0,4.6,2.2,1.49,1.18,1.53,2.3,4.75,1.15,3.2,1.3,1.29,0.0,1.3,3.2,2.3,2.5,3.4,2.5,2.3,0.0,0.0,1.23,1.44,1.86,2.1,2.62,3.6,2.62,2.05,1.53,1.42,2.43,8.2,1.89,0.0,0.0,0.0,6.5,3.95,1.29,2.32,5.5,14.0,3.5,1.55,1.14,1.03,1.16,1.8,3.75,7.75,4.4,1.85,1.25,1.05,0,0,0,0,5,0,3,2,0,2,3,1752366600,18,0,55,25,15,0,-1,2,1,1,2,6,2,3,8,1,2,1,3,3,4,1,59,41,96,75,2.5,1.61,4.1,2,1,2,1,0,0,1,1,0,0,0,0,0,0,1,16,9,1,14,15,1,5,6,20,30,50,85,100,40,95,70,45,10.7,4.0,4.9,3.05,/clubs/sporting-kansas-city-8,teams/usa-sporting-kansas-city.png,Sporting KC,/clubs/seattle-sounders-fc-18,teams/usa-seattle-sounders-fc.png,Seattle Sounders,1.0,1.11,1.2,0.9,1.1,1.5,80,70,50,15,0,60,40,35,1.44,1.45,2.89,/usa/sporting-kansas-city-vs-seattle-sounders-fc-h2h-stats#8229745,13973,34,True,True,True,True,True,False,True,"['67', '90+6']","['15', '27', '45+8']"
MLS,2025,13973,8229746,12,8,2025,complete,120240,0,-1,['89'],"['4', '53']",1,2,3,10,2,12,1,0,0,4,0,0,8,2,16,3,24,5,7,15,67,33,70481.0,,,,,0,4,1.67,3.9,4.15,1.03,1.11,1.53,2.25,3.8,17.0,5.3,2.58,1.63,1.25,1.5,2.4,3.0,1.33,6.0,1.09,1.22,0.0,2.15,2.21,2.48,3.95,2.0,2.75,4.2,0.0,0.0,1.33,1.51,1.89,2.4,3.28,3.0,2.32,1.81,1.5,1.25,1.75,7.0,2.6,0.0,0.0,0.0,3.5,9.5,1.25,2.28,4.8,12.0,3.6,1.65,1.17,1.02,1.14,1.75,3.2,6.75,5.0,2.05,1.3,1.09,0,0,0,0,3,0,1,1,1,2,1,1751679000,8,0,49,25,24,0,-1,2,1,4,2,6,0,6,6,0,1,0,3,1,3,1,35,29,49,28,2.31,0.66,2.97,1,0,1,0,0,0,1,1,0,1,0,0,0,0,1,23,18,1,13,7,1,6,15,14,29,49,72,95,34,76,72,48,8.26,2.85,3.94,2.78,/clubs/colorado-rapids-12,teams/usa-colorado-rapids.png,Colorado Rapids,/clubs/sporting-kansas-city-8,teams/usa-sporting-kansas-city.png,Sporting KC,1.65,0.65,1.55,0.8,1.3,1.0,86,71,52,29,5,53,29,14,1.47,1.16,2.63,/usa/sporting-kansas-city-vs-colorado-rapids-h2h-stats#8229746,13973,34,True,True,True,False,False,False,True,['89'],"['4', '53']"
MLS,2025,13973,8229747,4,711351,2025,complete,120240,0,-1,"['14', '29', '70', '90+7']","['26', '76']",4,2,6,5,2,7,1,0,2,4,0,0,5,6,6,6,11,12,15,10,41,59,36.0,,,,,2,4,1.84,3.5,3.2,1.01,1.24,1.75,2.8,6.1,10.0,3.8,2.0,1.36,1.15,1.68,2.15,3.2,1.3,4.0,1.2,1.38,0.0,1.65,2.97,2.16,3.5,2.5,2.5,3.28,0.0,0.0,1.31,1.58,2.0,2.41,3.8,3.1,2.15,1.7,1.52,1.21,1.44,6.5,2.9,0.0,0.0,0.0,4.2,5.8,1.33,2.55,6.0,17.0,3.0,1.46,1.1,1.01,1.19,1.96,3.95,8.5,4.2,1.8,1.2,1.06,0,0,0,0,6,2,1,2,1,3,3,1748475000,4,0,57,36,29,0,-1,2,1,5,0,0,2,5,2,0,1,2,3,1,5,1,12,4,93,107,1.14,1.22,2.37,2,0,2,0,0,0,1,1,0,0,2,0,0,0,1,3,6,1,8,15,1,9,3,14,36,64,79,100,57,72,79,43,8.72,2.57,3.43,3.15,/clubs/new-york-red-bulls-4,teams/usa-new-york-red-bulls.png,New York RB,/clubs/charlotte-fc-711351,teams/usa-charlotte-fc.png,Charlotte,1.94,1.11,2.29,0.57,1.4,1.47,86,64,36,22,0,58,50,36,1.45,0.99,2.44,/usa/new-york-red-bulls-vs-charlotte-fc-h2h-stats#8229747,13973,34,True,True,True,True,True,True,True,"['14', '29', '70', '90+7']","['26', '76']"
MLS,2025,13973,8229748,677446,1,2025,complete,120240,0,-1,"['27', '68', '71', '87']","['74', '90+2']",4,2,6,0,2,2,0,2,3,1,0,0,4,6,10,5,14,11,20,10,53,47,13889.0,,,,,3,1,1.4,4.8,6.0,1.01,1.12,1.34,1.97,2.85,26.0,6.0,2.5,1.61,1.25,1.55,2.58,2.65,1.42,9.0,1.04,1.17,0.0,2.7,1.65,2.7,6.25,1.65,3.3,5.5,0.0,0.0,1.25,1.48,1.85,2.25,3.25,3.5,2.45,1.85,1.57,1.27,1.47,9.0,3.75,0.0,0.0,0.0,2.8,15.0,1.24,2.04,4.3,9.0,4.0,1.75,1.22,1.03,1.14,1.58,2.8,6.75,5.0,2.0,1.32,1.09,0,0,0,0,6,1,0,3,2,5,1,1748475000,677446,0,52,29,27,0,-1,2,1,0,1,0,1,1,1,1,0,2,1,1,3,1,5,2,65,44,1.2,1.13,2.33,0,0,0,0,0,0,1,1,0,0,0,0,0,0,1,1,2,1,10,20,1,7,7,20,27,52,71,95,34,65,88,40,11.33,3.22,5.47,2.79,/clubs/club-internacional-de-futbol-miami-677446,teams/usa-club-internacional-de-futbol-miami.png,Inter Miami,/clubs/montreal-impact-1,teams/canada-montreal-impact.png,Montreal Impact,2.29,0.94,1.57,0.56,1.64,0.53,80,73,48,29,6,71,57,45,1.44,1.17,2.61,/usa/montreal-impact-vs-club-internacional-de-futbol-miami-h2h-stats#8229748,13973,34,True,True,True,True,True,True,True,"['27', '68', '71', '87']","['74', '90+2']"
MLS,2025,13973,8229749,711351,2,2025,complete,120240,0,-1,"['14', '81']",[],2,0,2,3,2,5,1,1,3,3,0,0,3,4,4,12,7,16,8,9,39,61,5016.0,,,,,3,3,2.08,3.7,2.9,1.0,1.13,1.49,2.25,4.0,15.0,4.9,2.38,1.53,1.22,1.44,2.5,3.6,1.25,4.75,1.15,1.29,0.0,1.7,2.5,2.5,3.35,2.5,2.63,3.0,0.0,0.0,1.25,1.34,1.61,2.1,2.6,3.6,2.65,2.1,1.65,1.44,1.67,6.5,2.3,0.0,0.0,0.0,4.6,6.5,1.25,2.25,4.7,13.0,3.6,1.58,1.15,1.03,1.14,1.73,3.3,7.5,5.0,2.0,1.27,1.08,0,0,0,0,2,1,0,1,0,1,1,1752363000,711351,0,45,17,33,0,-1,2,1,2,1,1,1,3,2,1,1,2,2,2,4,1,18,76,74,137,0.79,1.85,2.64,0,0,0,0,0,0,1,1,0,0,0,0,0,0,1,20,14,1,9,8,1,12,5,22,39,50,67,89,33,62,84,56,7.44,2.78,3.89,2.78,/clubs/charlotte-fc-711351,teams/usa-charlotte-fc.png,Charlotte,/clubs/new-york-city-fc-2,teams/usa-new-york-city-fc.png,New York City,2.11,1.52,2.11,0.78,1.24,1.55,78,62,50,34,11,61,56,39,1.49,1.15,2.64,/usa/new-york-city-fc-vs-charlotte-fc-h2h-stats#8229749,13973,37,True,True,False,False,False,False,False,"['14', '81']",[]
MLS,2025,13973,8229750,12,17,2025,complete,120240,0,-1,[],['24'],0,1,1,9,2,11,1,1,2,3,0,0,2,3,11,4,13,7,12,13,50,50,13851.0,,,,,2,3,2.62,3.65,2.42,1.01,1.2,1.63,2.55,4.4,11.0,4.5,2.26,1.52,1.18,1.51,2.39,4.0,1.18,3.6,1.25,1.27,0.0,1.35,3.1,2.44,3.0,2.95,2.6,2.7,0.0,0.0,1.3,1.58,1.95,2.32,3.05,3.14,2.28,1.84,1.44,1.32,2.1,6.25,1.97,0.0,0.0,0.0,6.0,5.0,1.28,2.4,5.3,12.0,3.4,1.52,1.11,1.02,1.16,1.8,3.5,7.75,4.4,1.9,1.25,1.07,0,0,0,0,1,0,1,0,0,0,1,1749951000,17,0,42,18,18,0,-1,2,1,5,2,4,0,7,4,0,1,2,2,1,4,1,58,14,111,68,1.39,0.76,2.15,0,0,0,0,0,0,1,1,0,0,0,0,0,0,1,23,19,1,13,12,1,4,10,18,24,48,71,82,18,64,76,47,9.44,1.86,3.92,2.46,/clubs/colorado-rapids-12,teams/usa-colorado-rapids.png,Colorado Rapids,/clubs/orlando-city-sc-17,teams/usa-orlando-city-sc.png,Orlando City,1.65,1.39,1.56,1.25,1.29,1.59,83,77,53,30,19,60,49,31,1.55,1.45,3.0,/usa/colorado-rapids-vs-orlando-city-sc-h2h-stats#8229750,13973,34,True,False,False,False,False,False,False,[],['24']
MLS,2025,13973,8229751,8043,8,2025,complete,120240,0,-1,"['43', '78']",['89'],2,1,3,4,5,9,5,2,2,1,0,0,7,4,8,7,15,11,8,6,54,46,3.0,40744.0,,,,2,1,1.55,4.41,5.3,1.03,1.18,1.57,2.51,5.0,15.0,4.6,2.3,1.56,1.17,1.66,2.05,2.55,1.48,6.25,1.11,1.22,0.0,2.35,2.05,2.59,5.3,1.95,2.8,4.8,0.0,0.0,1.29,1.49,1.85,2.49,3.28,3.2,2.3,1.85,1.5,1.35,1.6,8.5,2.8,0.0,0.0,0.0,2.9,10.0,1.27,2.25,4.9,15.0,3.4,1.59,1.13,1.02,1.16,1.82,3.25,7.5,4.6,1.89,1.24,1.05,0,0,0,0,3,1,0,1,1,2,1,1745692200,8043,0,50,25,38,0,25513,2,1,1,2,3,3,3,6,1,0,1,1,1,2,1,66,89,75,93,1.9,1.61,3.52,0,0,0,0,0,0,1,1,0,0,1,0,0,0,1,16,16,1,6,8,1,9,8,13,25,50,63,100,25,25,88,50,6.75,4.5,5.0,2.88,/clubs/fc-cincinnati-8043,teams/usa-fc-cincinnati.png,FC Cincinnati,/clubs/sporting-kansas-city-8,teams/usa-sporting-kansas-city.png,Sporting KC,1.8,0.65,2.5,0.75,2.11,0.78,88,75,50,38,0,38,13,13,1.49,1.09,2.58,/usa/sporting-kansas-city-vs-fc-cincinnati-h2h-stats#8229751,13973,34,True,True,True,False,False,False,True,"['43', '78']",['89']
MLS,2025,13973,8229752,8043,11,2025,complete,120240,0,-1,['65'],[],1,0,1,7,10,17,2,1,2,2,0,0,4,1,15,14,19,15,8,12,54,46,84.0,40744.0,13.0,,,2,2,1.8,3.7,4.3,1.01,1.22,1.75,2.82,5.75,11.0,4.0,2.1,1.44,1.13,1.73,1.9,2.38,1.53,5.75,1.1,1.19,0.0,2.38,2.44,2.35,4.2,1.83,2.7,4.8,0.0,0.0,1.21,1.39,1.83,2.22,2.95,3.58,2.48,1.85,1.5,1.33,1.52,8.5,4.33,0.0,0.0,0.0,3.35,8.0,1.33,2.45,5.5,15.0,3.2,1.5,1.11,1.01,1.18,1.85,3.6,8.0,4.33,1.85,1.25,1.05,0,0,0,0,1,0,0,1,0,1,0,1743895800,8043,0,42,25,17,0,22912,2,1,3,4,4,6,7,10,2,0,0,2,2,2,-1,0,0,0,0,0.0,0.0,0.0,0,0,0,0,0,0,1,1,0,0,1,1,0,0,1,21,14,1,12,8,1,6,6,0,17,42,59,75,25,25,75,34,10.17,4.5,3.83,1.92,/clubs/fc-cincinnati-8043,teams/usa-fc-cincinnati.png,FC Cincinnati,/clubs/new-england-revolution-11,teams/usa-new-england-revolution.png,New England Revolution,1.8,1.18,2.33,0.5,1.67,0.8,100,84,59,42,25,67,50,50,1.49,1.09,2.58,/usa/new-england-revolution-vs-fc-cincinnati-h2h-stats#8229752,13973,34,True,False,False,False,False,False,False,['65'],[]
MLS,2025,13973,8229753,4,7,2025,complete,120240,0,-1,"['41', '45+2']",['32'],2,1,3,2,4,6,3,3,0,0,0,0,6,6,1,7,7,13,6,16,44,56,57.0,1313.0,14.0,,,0,0,1.95,4.01,3.6,1.05,1.2,1.8,2.9,6.1,10.0,3.6,2.16,1.36,1.14,1.73,2.1,2.75,1.48,4.75,1.15,1.29,0.0,2.0,2.3,2.27,4.75,2.13,2.63,4.1,0.0,0.0,1.32,1.62,2.1,2.62,3.6,2.7,2.1,1.67,1.42,1.27,1.56,6.75,3.02,0.0,0.0,0.0,3.5,7.0,1.33,2.74,6.5,17.5,3.0,1.44,1.09,1.01,1.18,1.94,3.8,9.0,4.0,1.73,1.2,1.03,0,0,0,0,3,2,1,0,0,0,3,1743895800,4,0,84,54,29,0,17238,2,-1,1,1,1,3,2,4,0,0,0,0,0,0,1,45,49,104,85,1.2,1.59,2.79,1,0,1,0,0,0,1,1,0,0,1,0,-1,-1,1,19,28,1,15,6,1,7,5,13,54,84,100,100,71,88,71,42,5.92,5.5,5.0,3.63,/clubs/new-york-red-bulls-4,teams/usa-new-york-red-bulls.png,New York RB,/clubs/chicago-fire-7,teams/usa-chicago-fire.png,Chicago Fire,1.94,1.67,2.33,2.25,1.33,1.83,88,46,17,0,0,13,13,0,1.53,1.36,2.89,/usa/new-york-red-bulls-vs-chicago-fire-h2h-stats#8229753,13973,34,True,True,True,False,False,False,True,"['41', '45+2']",['32']
MLS,2025,13973,8229754,19,2,2025,complete,120240,0,-1,[],['64'],0,1,1,6,7,13,1,1,2,3,0,0,0,4,12,4,12,8,10,12,48,52,84.0,11434.0,21302.0,,,2,3,2.85,3.2,2.65,1.06,1.38,2.2,3.8,7.72,9.0,3.1,1.67,1.22,1.08,1.85,2.0,3.2,1.33,3.0,1.33,1.31,0.0,1.44,3.5,2.05,3.3,3.0,2.3,2.93,0.0,0.0,1.3,1.53,1.8,2.3,3.05,3.48,2.55,1.9,1.53,1.28,1.95,6.5,2.2,0.0,0.0,0.0,4.5,4.5,1.42,3.08,8.5,29.0,2.6,1.35,1.06,1.02,1.27,2.3,5.25,10.0,3.4,1.55,1.12,1.02,0,0,0,0,1,0,0,0,1,1,0,1745692200,2,0,37,37,20,0,22699,2,1,1,5,5,2,6,7,2,1,0,2,3,2,1,59,50,113,92,1.19,1.15,2.34,0,1,0,1,0,0,1,1,0,0,0,0,0,0,1,38,30,1,12,9,1,10,12,10,20,37,47,57,37,47,40,20,5.4,3.33,1.67,1.9,/clubs/toronto-fc-19,teams/canada-toronto-fc.png,Toronto,/clubs/new-york-city-fc-2,teams/usa-new-york-city-fc.png,New York City,0.94,1.52,0.67,0.4,0.78,1.22,90,80,64,54,44,57,47,27,1.0,1.05,2.05,/usa/new-york-city-fc-vs-toronto-fc-h2h-stats#8229754,13973,34,True,False,False,False,False,False,False,[],['64']
MLS,2025,13973,8229755,9,1,2025,complete,120240,0,-1,"['11', '26']",['50'],2,1,3,5,3,8,1,7,1,5,0,0,5,1,6,3,11,4,13,15,56,44,65836.0,40116.0,47980.0,,,1,5,1.55,4.2,5.26,1.0,1.18,1.63,2.69,4.7,12.0,4.33,2.2,1.48,1.18,1.65,2.05,2.1,1.65,6.5,1.08,1.13,0.0,2.5,1.88,2.4,6.5,1.8,2.9,4.75,0.0,0.0,1.3,1.55,1.85,2.3,2.95,3.2,2.33,1.85,1.55,1.29,1.25,8.0,4.65,0.0,0.0,0.0,2.8,9.0,1.3,2.38,5.5,12.0,3.2,1.5,1.11,1.02,1.17,1.8,3.65,8.0,4.3,1.8,1.22,1.06,0,0,0,0,3,2,0,0,1,1,2,1743895800,9,0,33,17,9,0,19671,2,1,3,2,2,1,5,3,1,2,0,3,3,3,1,46,28,107,74,1.39,0.54,1.92,0,0,0,0,0,0,1,1,0,0,1,0,0,0,1,17,14,1,15,13,1,6,4,25,25,33,50,58,17,42,58,17,11.67,2.83,2.84,2.09,/clubs/columbus-crew-9,teams/usa-columbus-crew.png,Columbus Crew,/clubs/montreal-impact-1,teams/canada-montreal-impact.png,Montreal Impact,1.94,0.94,1.67,0.33,2.0,0.33,75,75,67,50,42,59,42,17,1.81,1.17,2.98,/usa/montreal-impact-vs-columbus-crew-h2h-stats#8229755,13973,34,True,True,True,False,False,False,True,"['11', '26']",['50']
MLS,2025,13973,8229756,1015,698284,2025,complete,120240,0,-1,['16'],['27'],1,1,2,4,0,4,3,2,2,2,0,0,6,3,9,5,15,8,15,12,53,47,13893.0,,,,,2,2,1.8,3.5,4.3,1.02,1.28,1.86,3.5,6.5,9.5,3.3,1.83,1.25,1.1,1.85,1.85,2.4,1.5,4.33,1.18,1.22,0.0,1.95,2.1,2.2,4.4,2.08,2.4,4.1,0.0,0.0,1.21,1.5,1.77,2.15,2.95,3.15,2.54,1.94,1.54,1.33,1.56,6.75,2.95,0.0,0.0,0.0,3.0,7.5,1.42,2.96,6.2,18.5,2.92,1.41,1.09,1.02,1.22,2.1,4.4,10.5,3.8,1.65,1.16,1.02,0,0,0,0,2,1,1,0,0,0,2,1748133000,-1,0,38,7,38,0,-1,2,1,1,0,3,0,1,3,1,0,1,2,1,3,1,50,23,93,69,1.73,0.89,2.62,0,0,0,0,0,0,1,1,0,0,0,0,0,0,1,24,7,1,12,15,1,9,14,16,30,45,61,93,23,62,77,54,8.43,3.43,4.4,2.52,/clubs/minnesota-united-fc-1015,teams/usa-minnesota-united-fc.png,Minnesota United,/clubs/austin-fc-698284,teams/usa-austin-fc.png,Austin,1.58,1.06,2.0,1.0,1.79,1.29,85,70,55,40,7,63,55,55,1.59,1.09,2.68,/usa/minnesota-united-fc-vs-austin-fc-h2h-stats#8229756,13973,36,True,True,False,False,False,False,True,['16'],['27']
MLS,2025,13973,8229757,11,17,2025,complete,120240,0,-1,['55'],"['18', '58']",1,2,3,9,6,15,2,1,1,1,0,0,3,5,11,11,14,16,18,13,62,38,19912.0,13.0,29408.0,,,1,1,3.04,3.65,2.28,1.03,1.18,1.61,2.4,4.0,15.0,4.33,2.3,1.53,1.2,1.52,2.63,4.33,1.18,3.6,1.25,1.3,0.0,1.4,3.56,2.3,2.62,3.1,2.5,2.65,0.0,0.0,1.29,1.5,1.8,2.25,2.9,3.2,2.4,1.91,1.57,1.36,2.02,6.5,2.22,0.0,0.0,0.0,5.5,4.5,1.29,2.45,4.95,11.0,3.3,1.48,1.12,1.01,1.2,1.85,3.8,8.0,4.5,1.91,1.22,1.06,0,0,0,0,3,0,1,1,1,2,1,1752967800,17,0,50,25,20,0,24954,2,1,5,3,4,3,8,7,1,0,0,1,1,1,1,50,28,107,68,1.46,1.56,3.02,0,0,0,0,0,0,1,1,0,0,1,1,0,0,1,2,1,1,13,18,1,10,11,20,29,54,66,81,36,66,71,39,9.53,4.11,4.16,2.6,/clubs/new-england-revolution-11,teams/usa-new-england-revolution.png,New England Revolution,/clubs/orlando-city-sc-17,teams/usa-orlando-city-sc.png,Orlando City,0.94,1.39,0.89,1.55,1.14,1.52,80,71,46,35,19,65,59,50,1.18,1.53,2.71,/usa/new-england-revolution-vs-orlando-city-sc-h2h-stats#8229757,13973,34,True,True,True,False,False,False,True,['55'],"['18', '58']"
MLS,2025,13973,8229758,16,17,2025,complete,120240,0,-1,[],[],0,0,0,8,2,10,-1,-1,4,5,0,0,4,3,17,3,21,6,14,13,63,37,13967.0,48141.0,29408.0,,,4,5,2.17,3.0,2.9,1.0,1.18,1.7,2.75,5.07,12.0,4.5,2.16,1.55,1.17,1.5,2.25,3.6,1.25,4.75,1.15,1.36,0.0,1.7,2.5,2.15,3.4,2.35,2.45,3.3,0.0,0.0,1.19,1.37,1.77,2.15,2.81,4.0,2.75,1.93,1.6,1.34,1.71,6.75,2.87,0.0,0.0,0.0,3.9,5.5,1.29,2.3,6.0,15.0,3.3,1.55,1.1,1.01,1.15,1.73,4.0,8.0,4.75,2.0,1.29,1.08,0,0,0,0,0,0,0,0,0,0,0,1743895800,-1,0,84,33,33,0,18127,2,1,4,1,4,1,5,5,0,1,4,4,1,8,1,62,15,142,64,2.06,0.71,2.76,0,0,0,0,0,0,1,1,0,0,0,0,0,0,1,32,16,1,13,14,1,1,15,17,50,84,84,100,50,84,84,50,11.0,2.0,4.0,3.33,/clubs/philadelphia-union-16,teams/usa-philadelphia-union.png,Philadelphia Union,/clubs/orlando-city-sc-17,teams/usa-orlando-city-sc.png,Orlando City,2.16,1.39,2.0,1.33,2.0,1.67,84,50,17,17,0,67,33,33,1.79,1.64,3.43,/usa/philadelphia-union-vs-orlando-city-sc-h2h-stats#8229758,13973,35,False,False,False,False,False,False,False,[],[]
MLS,2025,13973,8229759,1016,13,2025,complete,120240,0,-1,['17'],['60'],1,1,2,9,4,13,0,1,1,0,0,0,2,2,9,7,11,9,12,16,58,42,62494.0,762.0,28222.0,,,1,0,1.68,4.1,4.72,1.03,1.15,1.5,2.33,3.72,11.0,4.75,2.4,1.57,1.22,1.57,2.25,2.8,1.35,6.0,1.09,1.18,0.0,2.2,2.2,2.6,4.1,1.96,2.63,4.2,0.0,0.0,1.29,1.7,2.0,2.7,3.3,2.9,2.2,1.73,1.48,1.29,1.3,9.1,2.95,0.0,0.0,0.0,3.4,9.0,1.25,2.25,5.0,11.0,3.4,1.61,1.13,1.01,1.14,1.75,3.08,7.5,4.7,2.0,1.27,1.05,0,0,0,0,2,1,0,0,1,1,1,1743895800,-1,0,71,42,42,0,41984,2,1,6,3,3,1,9,4,0,0,1,0,0,1,1,62,28,107,87,1.29,0.92,2.21,1,0,1,0,0,0,1,1,0,0,3,0,0,0,1,19,9,1,15,12,1,8,12,42,42,71,71,88,42,88,71,59,8.83,4.75,5.58,3.54,/clubs/atlanta-united-fc-1016,teams/usa-atlanta-united-fc.png,Atlanta United FC,/clubs/fc-dallas-13,teams/usa-fc-dallas.png,FC Dallas,1.18,1.28,1.75,2.33,1.33,1.67,59,59,29,29,13,42,42,13,1.49,1.33,2.82,/usa/fc-dallas-vs-atlanta-united-fc-h2h-stats#8229759,13973,34,True,True,False,False,False,False,True,['17'],['60']
MLS,2025,13973,8229760,945555,10,2025,complete,120240,0,-1,"['35', '47', '90+5']","['41', '51', '87']",3,3,6,4,5,9,0,2,0,2,0,0,5,6,6,9,11,15,6,10,48,52,42.0,,,,,0,2,2.2,3.7,2.9,1.04,1.17,1.74,2.32,4.55,10.0,4.5,2.14,1.57,1.2,1.45,2.45,3.8,1.22,4.33,1.18,1.32,0.0,1.62,2.7,2.28,3.25,2.5,2.5,3.05,0.0,0.0,1.19,1.4,1.73,2.25,2.7,3.6,2.6,2.08,1.55,1.4,1.75,7.5,2.88,0.0,0.0,0.0,4.75,6.0,1.24,2.25,5.0,12.5,3.4,1.58,1.15,1.01,1.14,1.7,3.3,7.0,4.8,2.05,1.33,1.07,0,0,0,0,6,1,1,2,2,4,2,1749933000,-1,0,53,23,24,0,-1,2,1,1,2,3,3,3,6,0,0,0,2,0,2,1,59,43,87,101,1.47,1.68,3.15,0,0,0,0,0,0,1,1,0,0,0,0,0,0,1,12,18,1,10,6,1,8,7,11,23,53,64,88,46,71,64,41,10.03,2.89,4.66,2.5,/clubs/st-louis-city-sc-945555,teams/usa-st-louis-city-sc.png,St. Louis City,/clubs/la-galaxy-10,teams/usa-la-galaxy.png,LA Galaxy,1.06,0.41,1.13,0.22,0.82,0.41,89,78,47,36,13,60,60,53,1.54,1.03,2.57,/usa/la-galaxy-vs-st-louis-city-sc-h2h-stats#8229760,13973,34,True,True,True,True,True,True,True,"['35', '47', '90+5']","['41', '51', '87']"
MLS,2025,13973,8229761,2,6,2025,complete,120240,0,-1,[],"['25', '50', '90+4']",0,3,3,8,3,11,2,2,3,2,0,0,1,4,10,8,11,12,10,10,64,36,,21302.0,20.0,,,3,2,1.72,3.8,4.7,1.04,1.25,1.78,3.2,6.1,9.5,3.5,1.9,1.35,1.12,1.83,1.91,2.38,1.53,4.75,1.15,1.25,0.0,2.1,2.4,2.32,5.05,2.1,2.4,4.4,0.0,0.0,1.2,1.28,1.52,1.9,2.41,4.0,2.95,2.25,1.75,1.53,1.57,7.0,2.95,0.0,0.0,0.0,2.9,8.0,1.36,2.91,6.25,17.0,3.0,1.42,1.09,1.0,1.19,1.98,4.1,9.0,4.0,1.72,1.18,1.02,0,0,0,0,3,0,1,0,2,2,1,1748475000,6,0,47,14,14,0,18062,2,1,4,3,4,0,7,4,0,1,3,1,1,4,1,12,3,129,65,0.87,1.06,1.94,0,1,0,1,0,0,1,1,0,0,0,0,0,0,1,3,4,1,10,9,1,2,13,7,21,40,67,86,20,60,80,27,11.61,3.27,4.71,2.27,/clubs/new-york-city-fc-2,teams/usa-new-york-city-fc.png,New York City,/clubs/houston-dynamo-6,teams/usa-houston-dynamo.png,Houston Dynamo,1.89,1.12,2.25,1.0,1.6,1.13,93,80,61,34,15,86,79,73,1.74,0.9,2.64,/usa/new-york-city-fc-vs-houston-dynamo-h2h-stats#8229761,13973,34,True,True,True,False,False,False,False,[],"['25', '50', '90+4']"
MLS,2025,13973,8229762,1398748,698284,2025,complete,120240,0,-1,"['60', '90+2']",[],2,0,2,5,3,8,1,1,2,1,0,0,4,2,7,6,11,8,13,13,61,39,59668.0,,,,,2,1,1.59,4.18,5.5,1.04,1.21,1.77,2.9,5.57,10.0,3.9,2.0,1.41,1.13,1.84,1.95,2.25,1.57,5.5,1.11,1.26,0.0,2.38,2.05,2.3,5.45,1.9,2.9,5.0,0.0,0.0,1.27,1.47,1.76,2.18,2.88,3.5,2.48,1.91,1.49,1.27,1.42,7.5,3.72,0.0,0.0,0.0,2.7,9.0,1.33,2.5,5.5,12.0,3.2,1.45,1.11,1.0,1.17,1.93,3.9,8.5,3.8,1.75,1.17,1.04,0,0,0,0,2,0,0,2,0,2,0,1748745000,1398748,0,44,24,15,0,-1,2,1,4,0,1,3,4,4,1,0,1,1,1,2,1,45,31,113,56,1.31,0.87,2.18,0,0,0,0,0,0,1,1,0,0,0,0,0,0,1,16,16,1,13,13,1,6,11,18,24,43,68,89,43,75,57,33,9.76,3.78,5.04,2.48,/clubs/san-diego-fc-1398748,teams/usa-san-diego-fc.png,San Diego,/clubs/austin-fc-698284,teams/usa-austin-fc.png,Austin,1.67,1.06,2.0,1.0,1.69,1.25,82,77,58,33,11,69,45,45,1.74,1.06,2.8,/usa/austin-fc-vs-san-diego-fc-h2h-stats#8229762,13973,36,True,True,False,False,False,False,False,"['60', '90+2']",[]
MLS,2025,13973,8229763,12,5,2025,complete,120240,0,-1,"['12', '30', '59']",[],3,0,3,7,10,17,3,1,2,1,0,0,7,2,9,12,16,14,8,16,41,59,62494.0,,,,,2,1,2.4,3.55,2.63,1.04,1.2,1.67,2.6,4.45,10.0,4.0,2.26,1.51,1.18,1.5,2.4,3.8,1.22,4.0,1.2,1.3,0.0,1.53,3.0,2.15,3.2,2.8,2.5,2.9,0.0,0.0,1.19,1.49,1.77,2.23,2.97,3.58,2.8,2.0,1.6,1.3,1.85,7.8,2.29,0.0,0.0,0.0,5.0,5.0,1.3,2.5,5.25,12.0,3.3,1.53,1.11,1.0,1.17,1.8,3.4,8.0,4.33,1.85,1.28,1.05,0,0,0,0,3,2,0,1,0,1,2,1752370200,12,0,37,14,23,0,-1,2,1,3,4,4,6,7,10,1,1,1,0,2,1,1,16,47,61,82,1.61,1.36,2.97,0,0,0,0,0,0,1,1,0,0,0,0,0,0,1,20,19,1,15,8,1,11,7,19,24,42,63,85,24,67,63,36,12.05,2.52,3.8,2.35,/clubs/colorado-rapids-12,teams/usa-colorado-rapids.png,Colorado Rapids,/clubs/vancouver-whitecaps-fc-5,teams/canada-vancouver-whitecaps-fc.png,Vancouver Whitecaps,1.65,1.65,1.42,1.8,1.18,1.9,82,77,59,38,15,65,57,48,1.54,1.28,2.82,/usa/vancouver-whitecaps-fc-vs-colorado-rapids-h2h-stats#8229763,13973,34,True,True,True,False,False,False,False,"['12', '30', '59']",[]
MLS,2025,13973,8229764,698284,20,2025,complete,120240,0,-1,[],[],0,0,0,4,6,10,3,1,3,3,0,0,1,6,10,6,11,12,10,11,44,56,36.0,21189.0,28121.0,,,3,3,1.83,3.75,4.0,1.0,1.25,1.68,2.85,4.75,9.2,4.49,2.15,1.48,1.18,1.73,2.14,2.5,1.48,5.0,1.13,1.22,0.0,1.87,2.25,2.3,4.5,2.15,2.6,4.0,0.0,0.0,1.25,1.34,1.7,2.1,2.62,3.6,2.78,2.1,1.67,1.42,1.45,8.0,3.0,0.0,0.0,0.0,3.4,7.5,1.3,2.43,5.5,15.0,3.33,1.44,1.11,1.01,1.17,1.95,3.45,9.25,4.3,1.75,1.25,1.04,0,0,0,0,0,0,0,0,0,0,0,1743896700,-1,0,17,17,0,0,20738,2,1,2,3,2,3,5,5,1,0,2,3,1,5,1,43,53,70,112,1.07,1.57,2.64,0,0,0,0,0,0,1,1,0,0,0,0,0,0,1,13,15,1,11,10,1,5,11,0,0,42,67,100,17,84,67,25,7.5,3.17,3.33,2.09,/clubs/austin-fc-698284,teams/usa-austin-fc.png,Austin,/clubs/portland-timbers-20,teams/usa-portland-timbers.png,Portland Timbers,1.56,0.89,2.0,1.5,2.0,1.67,100,100,59,34,0,59,34,17,1.51,1.17,2.68,/usa/portland-timbers-vs-austin-fc-h2h-stats#8229764,13973,36,False,False,False,False,False,False,False,[],[]
MLS,2025,13973,8229765,13,15,2025,complete,120240,0,-1,"['30', '68']","['50', '57', '76', '90+9']",2,4,6,0,8,8,2,1,0,3,2,0,8,10,2,14,10,24,13,11,34,66,13841.0,,,,,4,3,2.6,3.8,2.62,1.02,1.13,1.44,2.17,3.5,19.0,5.75,2.7,1.75,1.29,1.36,2.9,4.75,1.15,4.75,1.15,1.25,0.0,1.5,2.93,2.42,2.9,2.7,2.7,2.6,0.0,0.0,1.23,1.47,1.85,2.08,2.65,3.42,2.45,1.85,1.51,1.38,2.11,6.4,2.15,0.0,0.0,0.0,5.8,5.8,1.22,2.07,4.6,11.0,3.7,1.68,1.13,1.04,1.12,1.65,2.92,6.0,5.2,2.1,1.32,1.07,0,0,0,0,6,1,0,1,4,5,1,1750897800,15,0,55,18,29,0,-1,2,1,0,4,0,4,4,4,0,1,2,2,1,4,1,32,71,66,110,1.42,2.72,4.14,0,0,0,0,0,0,1,1,0,0,0,1,0,0,1,13,18,1,11,13,1,11,3,6,13,43,68,88,24,50,68,37,8.01,3.56,4.21,2.15,/clubs/fc-dallas-13,teams/usa-fc-dallas.png,FC Dallas,/clubs/san-jose-earthquakes-15,teams/usa-san-jose-earthquakes.png,SJ Earthquakes,1.22,1.18,0.71,1.22,1.24,1.28,95,88,58,33,13,64,44,31,0.97,1.56,2.53,/usa/fc-dallas-vs-san-jose-earthquakes-h2h-stats#8229765,13973,34,True,True,True,True,True,True,True,"['30', '68']","['50', '57', '76', '90+9']"
MLS,2025,13973,8229766,14,6,2025,complete,120240,0,-1,['42'],[],1,0,1,5,4,9,1,2,3,2,0,0,5,4,12,15,17,19,15,8,41,59,11.0,,,,,3,2,1.95,3.6,3.7,1.0,1.22,1.72,2.45,4.5,13.0,4.2,2.1,1.47,1.17,1.62,2.2,2.95,1.33,4.75,1.15,1.23,0.0,1.88,2.4,2.05,3.8,2.3,2.5,3.75,0.0,0.0,1.29,1.5,1.94,2.51,2.85,3.08,2.55,1.95,1.6,1.35,1.56,8.8,2.92,0.0,0.0,0.0,3.75,7.0,1.28,2.5,5.25,17.0,3.27,1.5,1.11,1.03,1.2,1.8,3.9,8.5,4.5,1.9,1.25,1.06,0,0,0,0,1,1,0,0,0,0,1,1752370200,14,0,42,21,21,0,-1,2,1,4,2,1,2,6,3,0,2,3,0,2,3,1,34,60,82,97,1.67,1.91,3.57,0,0,0,0,0,0,1,1,0,0,1,0,0,0,1,18,18,1,8,15,1,13,4,21,37,42,74,85,32,75,68,36,9.86,3.92,6.13,2.72,/clubs/real-salt-lake-14,teams/usa-real-salt-lake.png,Real Salt Lake,/clubs/houston-dynamo-6,teams/usa-houston-dynamo.png,Houston Dynamo,1.65,1.12,1.44,1.3,1.1,1.24,79,64,59,27,16,69,58,42,1.45,0.98,2.43,/usa/houston-dynamo-vs-real-salt-lake-h2h-stats#8229766,13973,34,True,False,False,False,False,False,False,['42'],[]
MLS,2025,13973,8229767,698284,5,2025,complete,120240,0,-1,[],[],0,0,0,10,2,12,1,2,2,1,0,0,4,2,11,3,15,5,16,12,44,56,65836.0,,,,,2,1,2.92,3.45,2.33,1.02,1.25,1.81,3.4,6.5,8.7,3.3,1.89,1.3,1.11,1.64,2.05,3.5,1.25,3.2,1.3,1.33,0.0,1.4,3.25,2.1,3.0,2.9,2.55,2.7,0.0,0.0,1.18,1.38,1.65,2.11,2.55,3.94,2.7,2.0,1.65,1.43,2.2,6.75,1.9,0.0,0.0,0.0,4.75,4.33,1.36,2.69,6.5,21.0,3.0,1.49,1.07,1.02,1.22,2.1,4.3,9.5,3.8,1.65,1.17,1.03,0,0,0,0,0,0,0,0,0,0,0,1747528200,-1,0,35,7,27,0,-1,2,1,7,1,3,1,8,4,1,1,1,0,2,1,1,54,31,55,53,1.6,0.68,2.29,0,0,0,0,0,0,1,1,0,0,3,1,0,0,1,18,23,1,12,16,1,7,9,10,20,35,42,73,25,32,59,27,13.57,3.06,4.06,1.79,/clubs/austin-fc-698284,teams/usa-austin-fc.png,Austin,/clubs/vancouver-whitecaps-fc-5,teams/canada-vancouver-whitecaps-fc.png,Vancouver Whitecaps,1.56,1.65,1.57,2.2,1.31,2.25,90,80,66,59,27,76,76,52,1.53,1.67,3.2,/usa/vancouver-whitecaps-fc-vs-austin-fc-h2h-stats#8229767,13973,36,False,False,False,False,False,False,False,[],[]
MLS,2025,13973,8229768,698284,10,2025,complete,120240,0,-1,['81'],[],1,0,1,8,7,15,2,1,1,3,1,0,7,4,9,9,16,13,10,7,50,50,13812.0,21189.0,2.0,,,2,3,2.0,3.5,3.2,1.02,1.22,1.7,2.93,5.5,16.0,4.12,2.08,1.42,1.08,1.62,2.25,2.95,1.35,4.33,1.18,1.29,0.0,1.91,2.37,2.2,4.15,2.4,2.45,3.4,0.0,0.0,1.25,1.42,1.75,2.1,2.62,3.98,2.43,2.12,1.7,1.38,1.67,8.5,2.65,0.0,0.0,0.0,3.55,7.5,1.35,2.55,6.0,15.0,3.22,1.5,1.1,1.01,1.22,1.91,3.75,8.5,4.1,1.8,1.22,1.04,0,0,0,0,1,0,0,1,0,1,0,1745084700,698284,0,50,38,25,0,20738,2,1,3,3,5,4,6,9,0,0,2,3,0,5,1,43,38,71,76,1.8,1.37,3.18,0,0,0,0,0,0,1,1,0,0,1,1,0,0,1,15,14,1,6,10,1,7,11,0,13,38,63,88,50,63,50,25,7.5,2.0,4.75,2.0,/clubs/austin-fc-698284,teams/usa-austin-fc.png,Austin,/clubs/la-galaxy-10,teams/usa-la-galaxy.png,LA Galaxy,1.56,0.41,1.75,0.5,1.63,0.38,100,88,63,38,13,50,50,25,1.4,1.11,2.51,/usa/la-galaxy-vs-austin-fc-h2h-stats#8229768,13973,34,True,False,False,False,False,False,False,['81'],[]
MLS,2025,13973,8229769,677447,13401,2025,complete,120240,0,-1,[],[],0,0,0,5,1,6,5,0,2,2,0,0,5,1,3,2,8,3,12,16,59,41,24.0,,,,,2,2,1.5,4.33,5.75,1.01,1.17,1.67,2.6,5.14,10.0,4.3,2.29,1.48,1.17,1.67,1.99,2.3,1.55,6.25,1.09,1.13,0.0,2.5,2.06,2.45,5.22,1.82,2.79,4.8,0.0,0.0,1.32,1.61,1.88,2.33,3.5,3.05,2.25,1.8,1.5,1.22,1.47,7.8,2.95,0.0,0.0,0.0,2.7,12.0,1.28,2.53,5.0,13.0,3.3,1.55,1.13,1.02,1.17,1.83,3.55,7.5,4.3,1.85,1.22,1.05,0,0,0,0,0,0,0,0,0,0,0,1747528200,-1,0,65,29,36,0,-1,2,1,0,0,5,1,0,6,1,1,1,1,2,2,1,54,13,71,25,1.25,0.35,1.6,0,0,0,0,0,0,1,1,0,0,0,0,0,0,1,24,15,1,16,12,1,4,4,23,32,79,94,94,53,73,94,67,11.88,3.3,3.33,3.63,/clubs/nashville-sc-mls-677447,teams/usa-nashville-sc-mls.png,Nashville SC,/clubs/dc-united-13401,teams/usa-dc-united.png,DC United,2.17,0.76,2.38,0.67,1.77,1.0,78,69,21,7,7,67,44,36,1.97,1.6,3.57,/usa/dc-united-vs-nashville-sc-mls-h2h-stats#8229769,13973,34,False,False,False,False,False,False,False,[],[]
MLS,2025,13973,8229770,8,11,2025,complete,120240,0,-1,"['53', '59', '61']","['13', '22', '84']",3,3,6,5,1,6,2,2,2,1,0,0,5,7,10,6,15,13,10,11,39,61,,,13.0,,,2,1,2.28,3.62,3.0,1.04,1.18,1.73,2.88,5.0,13.0,4.2,2.14,1.4,1.15,1.62,2.25,3.3,1.29,3.95,1.2,1.4,0.0,1.6,2.9,1.97,3.25,2.6,2.5,3.25,0.0,0.0,1.29,1.5,1.84,2.3,3.14,3.34,2.38,1.84,1.54,1.27,1.73,6.75,2.75,0.0,0.0,0.0,4.6,5.0,1.3,2.63,5.5,15.5,3.2,1.51,1.11,1.01,1.2,1.9,3.95,8.5,4.0,1.8,1.22,1.04,0,0,0,0,6,0,2,3,1,4,2,1748133000,-1,0,40,31,16,0,17180,2,1,2,0,3,1,2,4,0,0,2,1,0,3,1,49,34,98,88,1.65,1.56,3.21,1,0,1,0,0,0,1,1,0,0,1,0,0,0,1,15,19,1,10,10,1,7,11,24,24,40,63,93,47,70,62,32,10.6,3.53,3.54,2.67,/clubs/sporting-kansas-city-8,teams/usa-sporting-kansas-city.png,Sporting KC,/clubs/new-england-revolution-11,teams/usa-new-england-revolution.png,New England Revolution,1.0,1.18,1.17,1.57,0.86,1.5,77,77,61,37,7,61,54,54,1.31,1.37,2.68,/usa/sporting-kansas-city-vs-new-england-revolution-h2h-stats#8229770,13973,34,True,True,True,True,True,True,True,"['53', '59', '61']","['13', '22', '84']"
MLS,2025,13973,8229771,677447,9,2025,complete,120240,0,-1,"['2', '30', '82']",[],3,0,3,1,5,6,1,1,1,2,0,0,4,4,6,17,10,21,13,3,37,63,,48648.0,40116.0,,,1,2,2.05,3.7,3.45,1.05,1.22,1.7,2.85,5.0,10.5,4.0,2.05,1.4,1.15,1.6,2.15,3.0,1.33,4.5,1.17,1.3,0.0,1.83,2.54,2.46,3.7,2.3,2.7,3.4,0.0,0.0,1.48,1.8,2.37,3.08,3.65,2.5,1.91,1.53,1.33,1.23,1.75,7.0,2.62,0.0,0.0,0.0,3.9,6.5,1.3,2.4,5.3,17.0,3.2,1.5,1.13,1.03,1.16,1.95,3.8,8.5,4.0,1.75,1.22,1.06,0,0,0,0,3,2,0,1,0,1,2,1752712200,677447,0,73,34,29,0,28254,2,1,0,2,1,3,2,4,0,0,1,2,0,3,1,30,83,76,126,1.13,2.2,3.33,0,0,0,0,0,0,1,1,1,0,0,1,0,0,1,8,16,1,3,13,1,12,6,20,29,62,82,91,48,73,86,43,9.24,3.88,3.74,3.11,/clubs/nashville-sc-mls-677447,teams/usa-nashville-sc-mls.png,Nashville SC,/clubs/columbus-crew-9,teams/usa-columbus-crew.png,Columbus Crew,2.17,1.16,2.18,1.6,1.86,1.86,81,71,38,19,9,38,29,19,1.82,1.19,3.01,/usa/columbus-crew-vs-nashville-sc-mls-h2h-stats#8229771,13973,37,True,True,True,False,False,False,False,"['2', '30', '82']",[]
MLS,2025,13973,8229772,4,16,2025,complete,120240,0,-1,['74'],[],1,0,1,1,2,3,3,0,2,0,0,0,2,1,5,10,7,11,13,8,51,49,13967.0,1313.0,48141.0,,,2,0,2.75,3.4,2.79,1.04,1.2,1.7,2.7,5.2,12.0,4.0,2.05,1.37,1.15,1.57,2.3,3.6,1.25,3.8,1.22,1.3,0.0,1.5,2.94,2.15,3.0,2.7,2.5,2.88,0.0,0.0,1.28,1.57,1.91,2.4,3.05,3.3,2.25,1.8,1.51,1.32,2.06,6.25,1.9,0.0,0.0,0.0,4.75,5.0,1.34,2.65,5.5,17.0,3.1,1.47,1.12,1.02,1.2,1.92,3.9,9.0,4.1,1.8,1.22,1.04,0,0,0,0,1,0,0,1,0,1,0,1755387000,4,0,56,32,24,0,21425,2,1,0,0,1,2,0,3,0,0,2,0,0,2,1,5,14,16,30,0.61,0.86,1.47,0,0,0,0,0,0,1,1,0,0,0,0,0,0,1,4,6,1,8,12,1,5,9,20,27,55,71,96,51,71,72,40,9.27,2.71,5.63,3.0,/clubs/new-york-red-bulls-4,teams/usa-new-york-red-bulls.png,New York RB,/clubs/philadelphia-union-16,teams/usa-philadelphia-union.png,Philadelphia Union,1.94,1.61,2.23,1.67,1.38,1.96,81,73,45,29,4,41,33,21,1.45,1.41,2.86,/usa/new-york-red-bulls-vs-philadelphia-union-h2h-stats#8229772,13973,34,True,False,False,False,False,False,False,['74'],[]
MLS,2025,13973,8229773,1016,711351,2025,complete,120240,0,-1,"['19', '86']","['46', '59', '77']",2,3,5,7,2,9,1,0,1,1,0,0,6,4,13,4,19,8,9,14,54,46,3.0,762.0,404.0,,,1,1,2.21,3.8,2.8,1.02,1.1,1.48,2.15,4.08,15.0,4.75,2.4,1.62,1.22,1.44,2.66,3.7,1.22,5.0,1.15,1.26,0.0,1.62,2.7,2.38,3.25,2.5,2.85,3.0,0.0,0.0,1.25,1.5,1.91,2.25,2.9,3.3,2.4,1.91,1.63,1.4,1.65,6.75,3.0,0.0,0.0,0.0,4.5,6.5,1.24,2.17,4.8,10.0,3.6,1.6,1.17,1.02,1.15,1.73,3.2,6.5,4.75,1.98,1.3,1.08,0,0,0,0,5,1,0,1,3,4,1,1752967800,711351,0,70,30,39,0,60005,2,1,2,0,5,2,2,7,1,1,0,0,2,0,1,63,30,110,73,2.07,1.01,3.08,0,0,0,0,0,0,1,1,0,0,2,0,0,0,1,3,7,1,14,9,1,3,13,31,44,61,78,96,39,75,87,60,9.34,2.91,3.49,3.3,/clubs/atlanta-united-fc-1016,teams/usa-atlanta-united-fc.png,Atlanta United FC,/clubs/charlotte-fc-711351,teams/usa-charlotte-fc.png,Charlotte,1.18,1.11,1.45,0.58,0.91,1.39,70,57,39,22,5,74,66,48,1.35,1.11,2.46,/usa/atlanta-united-fc-vs-charlotte-fc-h2h-stats#8229773,13973,34,True,True,True,True,True,False,True,"['19', '86']","['46', '59', '77']"
MLS,2025,13973,8229774,9,13401,2025,complete,120240,0,-1,"['31', '78']",['48'],2,1,3,7,0,7,1,1,1,1,0,1,5,1,13,5,18,6,6,14,64,36,163987.0,40116.0,13006.0,,,1,2,1.3,4.7,6.5,1.02,1.16,1.53,2.33,4.1,17.0,5.25,2.4,1.61,1.25,1.75,2.1,2.3,1.55,7.0,1.07,1.18,0.0,2.83,1.85,2.6,6.25,1.73,2.8,5.0,0.0,0.0,1.29,1.61,1.91,2.53,3.15,3.05,2.25,1.74,1.47,1.3,1.25,7.75,3.8,0.0,0.0,0.0,2.62,13.0,1.25,2.25,4.5,10.0,3.6,1.62,1.17,1.02,1.15,1.65,2.95,7.0,4.75,2.1,1.29,1.07,0,0,0,0,3,1,0,1,1,2,1,1752967800,9,0,66,30,27,0,20668,2,1,1,0,6,0,1,6,1,0,0,2,1,2,1,83,18,123,59,2.08,0.59,2.67,1,0,1,0,0,0,1,1,0,0,1,0,0,0,1,14,14,1,13,6,1,5,9,18,30,66,79,87,48,83,70,41,10.82,3.34,3.35,2.97,/clubs/columbus-crew-9,teams/usa-columbus-crew.png,Columbus Crew,/clubs/dc-united-13401,teams/usa-dc-united.png,DC United,1.94,0.76,2.08,0.73,1.78,0.83,83,70,35,21,13,70,49,27,1.6,1.28,2.88,/usa/columbus-crew-vs-dc-united-h2h-stats#8229774,13973,34,True,True,True,False,False,False,True,"['31', '78']",['48']
MLS,2025,13973,8229775,5,6,2025,complete,120240,0,-1,['6'],['90+1'],1,1,2,4,4,8,2,4,2,4,0,1,3,2,11,10,14,12,14,12,53,47,13889.0,5362.0,20.0,,,2,5,1.67,4.04,4.55,1.04,1.2,1.67,2.41,5.3,15.0,4.5,2.2,1.47,1.11,1.65,2.1,2.62,1.42,5.5,1.11,1.25,0.0,2.2,2.2,2.43,4.75,2.05,2.62,4.55,0.0,0.0,1.17,1.35,1.65,2.05,2.4,3.8,2.9,2.02,1.7,1.47,1.48,8.5,2.75,0.0,0.0,0.0,3.2,9.0,1.3,2.38,5.8,15.0,3.2,1.47,1.12,1.02,1.2,1.8,4.1,8.5,4.1,1.75,1.25,1.05,0,0,0,0,2,1,0,0,1,1,1,1755478800,-1,0,53,27,26,0,26031,2,1,0,3,4,1,3,5,2,3,0,2,5,2,1,48,29,108,72,1.45,1.11,2.56,1,0,1,0,0,0,1,1,1,0,0,0,0,0,1,11,14,1,11,14,1,6,9,18,39,62,83,87,45,79,79,48,10.8,2.31,4.22,3.19,/clubs/vancouver-whitecaps-fc-5,teams/canada-vancouver-whitecaps-fc.png,Vancouver Whitecaps,/clubs/houston-dynamo-6,teams/usa-houston-dynamo.png,Houston Dynamo,2.0,1.12,2.09,1.17,1.8,1.12,83,61,39,17,13,74,57,44,1.83,1.12,2.95,/usa/vancouver-whitecaps-fc-vs-houston-dynamo-h2h-stats#8229775,13973,34,True,True,False,False,False,False,True,['6'],['90+1']
MLS,2025,13973,8229776,14,5,2025,complete,120240,0,-1,"['1', '4']","['20', '25', '90']",2,3,5,8,6,14,4,2,5,2,0,0,4,6,10,8,14,14,16,12,44,56,70481.0,,,,,5,2,2.43,3.58,2.74,1.04,1.2,1.77,2.7,5.05,10.5,3.9,2.07,1.4,1.14,1.62,2.25,3.4,1.25,3.8,1.22,1.44,0.0,1.53,2.95,2.16,3.1,2.69,2.5,2.88,0.0,0.0,1.23,1.41,2.0,2.04,2.55,3.55,2.65,2.05,1.67,1.44,1.65,7.8,2.5,0.0,0.0,0.0,4.75,5.0,1.32,2.5,5.8,16.0,3.0,1.44,1.09,1.01,1.19,1.88,3.8,9.0,3.8,1.8,1.22,1.04,0,0,0,0,5,2,2,0,1,1,4,1748136600,5,0,25,9,17,0,-1,2,1,2,2,6,4,4,10,1,0,4,2,1,6,1,35,38,80,82,1.42,1.58,3.0,0,1,0,1,0,0,1,1,2,0,0,0,0,0,1,21,10,1,12,15,1,11,9,9,25,25,42,67,25,50,42,25,11.5,3.16,5.5,1.67,/clubs/real-salt-lake-14,teams/usa-real-salt-lake.png,Real Salt Lake,/clubs/vancouver-whitecaps-fc-5,teams/canada-vancouver-whitecaps-fc.png,Vancouver Whitecaps,1.65,1.65,1.17,2.0,1.0,2.15,92,75,75,59,34,67,58,34,1.33,1.51,2.84,/usa/vancouver-whitecaps-fc-vs-real-salt-lake-h2h-stats#8229776,13973,35,True,True,True,True,True,False,True,"['1', '4']","['20', '25', '90']"
MLS,2025,13973,8229777,16,19,2025,complete,120240,0,-1,['4'],['90+1'],1,1,2,5,8,13,1,0,3,3,0,0,3,4,9,6,12,10,16,8,50,50,50024.0,48141.0,11434.0,,,3,3,1.43,4.5,6.7,1.03,1.13,1.57,2.48,4.2,15.0,4.75,2.3,1.5,1.2,1.73,1.97,2.25,1.57,7.0,1.07,1.1,0.0,2.9,1.8,2.6,6.25,1.8,2.8,6.0,0.0,0.0,1.28,1.54,2.27,2.5,2.95,3.25,2.2,1.75,1.47,1.34,1.32,10.25,4.0,0.0,0.0,0.0,2.45,15.0,1.25,2.25,4.6,15.0,3.5,1.55,1.15,1.03,1.16,1.73,3.8,8.0,4.4,1.95,1.26,1.07,0,0,0,0,2,1,0,0,1,1,1,1754782200,-1,0,59,17,34,0,18619,2,1,2,3,3,5,5,8,1,0,2,3,1,5,1,47,36,96,81,1.31,1.18,2.49,0,0,0,0,0,0,1,1,1,0,2,0,0,0,1,5,3,1,8,16,1,6,12,21,41,61,79,96,41,87,71,59,10.4,3.67,4.73,3.16,/clubs/philadelphia-union-16,teams/usa-philadelphia-union.png,Philadelphia Union,/clubs/toronto-fc-19,teams/canada-toronto-fc.png,Toronto,2.16,0.94,2.31,1.0,2.0,0.88,80,59,39,21,4,65,40,36,1.8,1.03,2.83,/usa/philadelphia-union-vs-toronto-fc-h2h-stats#8229777,13973,34,True,True,False,False,False,False,True,['4'],['90+1']
MLS,2025,13973,8229778,13401,698284,2025,complete,120240,0,-1,"['48', '90+7']","['22', '45', '60', '90+3']",2,4,6,3,6,9,1,3,2,1,0,0,6,6,8,9,14,15,10,12,46,54,69.0,,21189.0,,,2,1,2.71,3.25,2.65,1.03,1.3,1.95,3.35,6.9,9.0,3.1,1.8,1.3,1.09,1.77,2.1,3.3,1.29,3.2,1.3,1.28,0.0,1.44,3.3,2.05,2.8,3.1,2.4,2.88,0.0,0.0,1.38,1.55,1.9,2.6,3.4,2.8,2.3,1.73,1.44,1.29,1.64,6.4,2.55,0.0,0.0,0.0,4.75,4.6,1.4,2.9,6.4,21.0,2.9,1.37,1.08,1.02,1.22,2.2,4.75,10.0,3.9,1.68,1.16,1.03,0,0,0,0,6,0,2,2,2,4,2,1753572600,698284,0,43,17,22,0,17474,2,1,2,2,1,4,4,5,1,0,1,1,1,2,1,41,53,84,88,1.6,1.75,3.35,1,0,1,0,0,0,1,1,0,0,2,1,0,0,1,2,2,1,11,10,1,5,7,9,13,35,66,88,26,70,62,31,8.11,3.23,5.56,2.26,/clubs/dc-united-13401,teams/usa-dc-united.png,DC United,/clubs/austin-fc-698284,teams/usa-austin-fc.png,Austin,0.76,1.06,0.92,1.18,0.79,1.36,92,87,66,35,13,49,40,35,1.15,1.05,2.2,/usa/dc-united-vs-austin-fc-h2h-stats#8229778,13973,34,True,True,True,True,True,True,True,"['48', '90+7']","['22', '45', '60', '90+3']"
MLS,2025,13973,8229779,1016,18,2025,complete,120240,0,-1,"['7', '90+9']","['54', '90+5']",2,2,4,3,4,7,2,0,2,2,0,0,2,2,11,6,13,8,13,11,46,54,,762.0,25.0,,,2,2,2.55,3.76,2.45,1.04,1.18,1.62,2.55,4.33,12.0,4.6,2.3,1.5,1.18,1.49,2.4,4.0,1.2,4.0,1.2,1.47,0.0,1.5,3.0,2.34,3.15,2.8,2.5,2.88,0.0,0.0,1.3,1.5,1.85,2.1,2.65,3.4,2.4,2.1,1.65,1.36,2.05,8.2,2.0,0.0,0.0,0.0,5.25,5.0,1.27,2.3,5.0,13.0,3.4,1.57,1.13,1.01,1.16,1.8,3.4,7.5,4.6,1.85,1.25,1.06,0,0,0,0,4,1,0,1,2,3,1,1753572600,-1,0,60,22,21,0,40409,2,1,1,1,2,3,2,5,1,0,1,2,1,3,1,46,51,100,123,1.3,1.03,2.33,0,0,0,0,0,0,1,1,1,0,0,0,1,0,1,1,2,1,11,13,1,10,7,26,39,52,79,96,35,92,74,43,10.52,4.28,4.47,3.03,/clubs/atlanta-united-fc-1016,teams/usa-atlanta-united-fc.png,Atlanta United FC,/clubs/seattle-sounders-fc-18,teams/usa-seattle-sounders-fc.png,Seattle Sounders,1.18,1.11,1.33,1.09,0.87,1.61,75,62,49,22,4,70,61,44,1.41,1.47,2.88,/usa/seattle-sounders-fc-vs-atlanta-united-fc-h2h-stats#8229779,13973,34,True,True,True,True,False,False,True,"['7', '90+9']","['54', '90+5']"
MLS,2025,13973,8229780,1,1016,2025,complete,120240,0,-1,['40'],['87'],1,1,2,6,9,15,1,1,2,3,0,0,3,5,6,12,9,17,14,9,33,67,13812.0,47980.0,762.0,,,2,3,2.35,3.4,2.55,1.03,1.17,1.52,2.4,4.2,12.0,4.8,2.3,1.53,1.2,1.5,2.35,4.2,1.18,4.33,1.2,1.53,0.0,1.44,3.05,2.37,2.78,2.8,2.6,2.8,0.0,0.0,1.38,1.75,2.1,2.75,3.7,2.75,2.0,1.65,1.38,1.22,1.6,7.5,2.85,0.0,0.0,0.0,5.75,5.25,1.25,2.3,4.8,15.0,3.5,1.55,1.14,1.03,1.18,1.8,3.1,7.5,4.7,1.95,1.28,1.08,0,0,0,0,2,1,0,0,1,1,1,1754782200,-1,0,50,14,27,0,16029,2,1,3,3,3,6,6,9,1,1,1,2,2,3,1,36,49,61,114,1.04,1.78,2.82,0,0,0,0,0,0,1,1,0,0,0,0,1,0,1,1,3,1,9,14,1,8,6,9,32,55,82,91,27,69,78,55,8.37,3.19,4.91,2.78,/clubs/montreal-impact-1,teams/canada-montreal-impact.png,Montreal Impact,/clubs/atlanta-united-fc-1016,teams/usa-atlanta-united-fc.png,Atlanta United FC,0.71,0.47,0.55,0.36,0.72,0.88,91,69,45,18,9,36,32,14,1.3,1.05,2.35,/usa/montreal-impact-vs-atlanta-united-fc-h2h-stats#8229780,13973,34,True,True,False,False,False,False,True,['40'],['87']
MLS,2025,13973,8229781,20,11,2025,complete,120240,0,-1,"['20', '72']",['35'],2,1,3,5,8,13,0,4,0,0,0,0,5,4,9,9,14,13,6,9,51,49,13889.0,,,,,0,0,2.08,3.6,3.45,1.03,1.15,1.58,2.3,4.6,12.0,5.31,2.53,1.6,1.22,1.5,2.6,3.6,1.25,5.0,1.13,1.25,0.0,1.73,2.52,2.35,3.5,2.5,2.62,3.1,0.0,0.0,1.24,1.45,1.8,2.1,2.8,3.5,2.45,1.93,1.58,1.36,1.83,7.8,2.3,0.0,0.0,0.0,4.5,6.5,1.22,2.25,4.7,15.0,3.4,1.6,1.14,1.02,1.14,1.7,3.1,7.0,4.7,1.95,1.28,1.08,0,0,0,0,3,1,1,1,0,1,2,1751769000,20,0,60,25,35,0,-1,2,-1,3,2,2,6,5,8,0,0,0,0,0,0,1,67,65,88,84,1.71,1.57,3.28,0,0,0,0,0,0,1,1,0,0,0,0,-1,-1,1,15,16,1,9,6,1,10,8,20,25,45,70,95,40,60,75,45,9.9,3.3,4.2,2.7,/clubs/portland-timbers-20,teams/usa-portland-timbers.png,Portland Timbers,/clubs/new-england-revolution-11,teams/usa-new-england-revolution.png,New England Revolution,1.63,1.18,1.9,1.6,1.58,1.33,80,75,55,30,5,70,55,55,1.32,1.31,2.63,/usa/new-england-revolution-vs-portland-timbers-h2h-stats#8229781,13973,34,True,True,True,False,False,False,True,"['20', '72']",['35']
MLS,2025,13973,8229782,677447,19,2025,complete,120240,0,-1,['28'],[],1,0,1,6,2,8,4,1,3,2,0,0,5,0,5,7,10,7,14,8,51,49,70173.0,48648.0,11434.0,,,3,2,1.42,4.6,7.6,1.03,1.2,1.65,2.55,4.5,11.0,4.0,2.1,1.44,1.17,1.95,1.73,2.0,1.8,7.0,1.07,1.17,0.0,3.3,1.75,2.38,7.5,1.65,2.9,7.5,0.0,0.0,1.3,1.55,2.0,2.65,3.75,2.8,2.2,1.68,1.39,1.33,1.27,8.0,4.75,0.0,0.0,0.0,2.1,11.0,1.29,2.3,5.3,12.0,3.3,1.5,1.11,1.0,1.17,1.9,3.6,8.0,4.33,1.8,1.25,1.04,0,0,0,0,1,1,0,0,0,0,1,1752971400,677447,0,59,20,35,0,28786,2,1,2,0,4,2,2,6,0,0,3,2,0,5,1,53,35,100,76,1.37,0.7,2.07,0,0,0,0,0,0,1,1,0,0,1,0,0,0,1,24,17,1,8,14,1,7,6,15,31,62,77,92,43,74,75,49,8.36,4.08,4.02,3.08,/clubs/nashville-sc-mls-677447,teams/usa-nashville-sc-mls.png,Nashville SC,/clubs/toronto-fc-19,teams/canada-toronto-fc.png,Toronto,2.17,0.94,2.25,1.22,1.91,0.95,85,70,39,24,9,45,24,24,1.76,1.02,2.78,/usa/toronto-fc-vs-nashville-sc-mls-h2h-stats#8229782,13973,34,True,False,False,False,False,False,False,['28'],[]
MLS,2025,13973,8229783,4,677446,2025,complete,120240,0,-1,['14'],"['24', '27', '45+3', '60', '75']",1,5,6,2,4,6,3,1,2,3,0,0,2,8,6,5,8,13,15,8,37,63,13864.0,1313.0,48359.0,,,2,3,2.48,3.69,2.71,1.03,1.14,1.46,2.15,3.6,12.0,5.5,2.5,1.65,1.25,1.44,2.62,4.5,1.18,4.75,1.15,1.53,0.0,1.53,2.97,2.6,2.93,2.7,2.75,2.75,0.0,0.0,1.42,1.7,1.95,2.7,3.6,3.05,2.05,1.65,1.4,1.25,1.91,7.0,2.25,0.0,0.0,0.0,6.0,5.8,1.25,2.1,4.3,10.0,3.6,1.65,1.17,1.02,1.12,1.7,3.1,7.0,5.3,2.1,1.32,1.08,0,0,0,0,6,1,3,0,2,2,4,1752967800,677446,0,67,33,29,0,25219,2,1,1,1,1,3,2,4,1,3,1,0,4,1,1,14,4,23,4,0.74,1.4,2.14,0,0,0,0,0,0,1,1,0,0,0,1,0,0,1,5,3,1,8,15,1,5,8,39,48,77,86,95,76,91,77,43,8.62,3.27,4.47,3.81,/clubs/new-york-red-bulls-4,teams/usa-new-york-red-bulls.png,New York RB,/clubs/club-internacional-de-futbol-miami-677446,teams/usa-club-internacional-de-futbol-miami.png,Inter Miami,1.94,1.68,2.36,1.8,1.43,1.9,62,53,24,15,5,48,29,15,1.43,1.27,2.7,/usa/new-york-red-bulls-vs-club-internacional-de-futbol-miami-h2h-stats#8229783,13973,34,True,True,True,True,True,True,True,['14'],"['24', '27', '45+3', '60', '75']"
MLS,2025,13973,8229784,8,2,2025,complete,120240,0,-1,['74'],['22'],1,1,2,7,4,11,1,3,2,0,0,0,5,6,6,11,11,17,11,8,40,60,13841.0,,21302.0,,,2,0,2.5,3.5,2.45,1.0,1.18,1.57,2.35,3.9,15.0,4.8,2.38,1.53,1.22,1.44,2.5,4.33,1.18,4.0,1.2,1.53,0.0,1.44,3.0,2.48,2.85,2.8,2.63,2.8,0.0,0.0,1.2,1.41,1.73,2.19,2.88,3.68,2.5,1.98,1.57,1.4,1.73,8.0,2.37,0.0,0.0,0.0,5.0,5.5,1.29,2.28,5.0,11.0,3.4,1.57,1.15,1.01,1.17,1.73,3.0,7.0,4.5,1.91,1.29,1.07,0,0,0,0,2,0,1,1,0,1,1,1752971400,-1,0,55,23,23,0,16987,2,1,4,3,3,1,7,4,0,0,2,0,0,2,1,58,33,81,74,1.46,1.73,3.19,0,0,0,0,0,0,1,1,0,0,0,0,0,0,1,21,10,1,8,11,1,7,7,27,36,50,73,91,41,78,78,50,9.36,2.09,4.37,3.05,/clubs/sporting-kansas-city-8,teams/usa-sporting-kansas-city.png,Sporting KC,/clubs/new-york-city-fc-2,teams/usa-new-york-city-fc.png,New York City,1.0,1.52,1.09,0.91,1.05,1.55,73,64,50,27,9,69,50,41,1.53,1.22,2.75,/usa/new-york-city-fc-vs-sporting-kansas-city-h2h-stats#8229784,13973,34,True,True,False,False,False,False,True,['74'],['22']
MLS,2025,13973,8229785,16,1,2025,complete,120240,0,-1,"['37', '50']",['45+2'],2,1,3,9,4,13,0,2,2,2,0,0,6,4,11,7,17,11,17,8,59,41,5016.0,48141.0,47980.0,,,2,2,1.43,4.45,6.5,1.03,1.15,1.5,2.25,3.9,17.0,5.0,2.4,1.6,1.22,1.67,2.12,2.4,1.5,7.0,1.07,1.18,0.0,2.8,2.0,2.65,6.5,1.75,2.9,5.75,0.0,0.0,1.22,1.43,1.71,2.25,2.65,3.45,2.55,2.0,1.54,1.41,1.33,9.0,3.9,0.0,0.0,0.0,2.8,13.0,1.25,2.15,5.5,10.0,3.6,1.62,1.17,1.03,1.15,1.75,3.3,7.5,4.75,1.95,1.29,1.07,0,0,0,0,3,1,1,1,0,1,2,1752708600,16,0,53,5,31,0,16001,2,1,3,0,6,4,3,10,2,1,0,1,3,1,1,50,22,96,82,1.85,1.14,2.99,0,0,0,0,0,0,1,1,0,0,0,0,0,0,1,6,6,1,8,17,1,5,4,22,35,58,75,92,31,75,83,49,11.74,4.09,4.89,2.89,/clubs/philadelphia-union-16,teams/usa-philadelphia-union.png,Philadelphia Union,/clubs/montreal-impact-1,teams/canada-montreal-impact.png,Montreal Impact,2.16,0.94,2.18,0.75,1.95,0.68,78,65,43,26,9,66,53,39,1.7,1.09,2.79,/usa/montreal-impact-vs-philadelphia-union-h2h-stats#8229785,13973,34,True,True,True,False,False,False,True,"['37', '50']",['45+2']
MLS,2025,13973,8229786,18,15,2025,complete,120240,0,-1,"['27', '54', '69']","['26', '64']",3,2,5,5,2,7,1,1,1,3,0,0,9,9,10,11,19,20,10,8,53,47,36.0,25.0,21032.0,,,1,3,1.53,4.25,4.4,1.01,1.11,1.38,1.98,3.0,23.0,6.5,2.9,1.8,1.33,1.44,2.25,3.0,1.33,6.25,1.05,1.2,0.0,2.45,1.91,2.62,4.3,1.91,3.1,4.8,0.0,0.0,1.14,1.33,1.57,1.96,2.54,4.3,2.92,2.19,1.75,1.33,1.5,7.25,4.1,0.0,0.0,0.0,3.6,9.5,1.2,1.96,3.94,8.5,3.9,1.83,1.21,1.04,1.11,1.56,3.2,5.5,5.6,2.0,1.36,1.09,0,0,0,0,5,1,1,2,1,3,2,1752971400,18,0,64,27,46,0,30129,2,1,3,1,2,1,4,3,0,0,1,3,0,4,1,52,42,87,93,2.2,2.19,4.39,0,0,0,0,0,0,1,1,0,0,0,0,0,0,1,25,22,1,8,10,1,8,11,32,36,60,78,91,46,64,78,50,10.36,3.27,4.27,3.14,/clubs/seattle-sounders-fc-18,teams/usa-seattle-sounders-fc.png,Seattle Sounders,/clubs/san-jose-earthquakes-15,teams/usa-san-jose-earthquakes.png,SJ Earthquakes,2.17,1.18,2.0,1.27,1.55,1.26,69,64,41,23,9,60,41,27,1.66,1.65,3.31,/usa/san-jose-earthquakes-vs-seattle-sounders-fc-h2h-stats#8229786,13973,34,True,True,True,True,True,False,True,"['27', '54', '69']","['26', '64']"
MLS,2025,13973,8229787,13,945555,2025,complete,120240,0,-1,"['24', '79', '88']",[],3,0,3,2,4,6,0,3,2,0,0,0,10,2,6,14,16,16,10,12,34,66,42.0,28222.0,55486.0,,,2,0,2.2,3.8,2.78,1.0,1.12,1.39,2.02,3.52,12.0,6.48,2.85,1.6,1.32,1.38,2.68,4.0,1.25,5.0,1.12,1.39,0.0,1.61,2.65,2.4,3.3,2.5,2.7,3.2,0.0,0.0,1.27,1.41,1.77,2.2,2.8,3.3,2.6,1.92,1.58,1.36,1.98,6.25,2.19,0.0,0.0,0.0,4.5,7.0,1.22,2.1,4.33,10.0,3.45,1.67,1.18,1.02,1.13,1.65,3.0,5.75,5.5,2.1,1.33,1.1,0,0,0,0,3,1,0,2,0,2,1,1752971400,13,0,48,15,34,0,11006,2,1,1,0,1,4,1,5,0,0,2,0,0,2,1,35,54,73,128,1.96,1.55,3.51,1,0,1,0,0,0,1,1,0,0,0,0,0,0,1,22,19,1,11,10,1,10,8,19,29,53,67,91,19,58,72,57,7.31,3.56,5.15,2.63,/clubs/fc-dallas-13,teams/usa-fc-dallas.png,FC Dallas,/clubs/st-louis-city-sc-945555,teams/usa-st-louis-city-sc.png,St. Louis City,1.22,0.82,0.5,0.45,1.0,0.82,81,72,48,33,10,63,43,38,1.16,1.06,2.22,/usa/fc-dallas-vs-st-louis-city-sc-h2h-stats#8229787,13973,34,True,True,True,False,False,False,False,"['24', '79', '88']",[]
MLS,2025,13973,8229788,711351,13401,2025,complete,120240,0,-1,"['44', '48']",['60'],2,1,3,9,4,13,1,1,0,1,0,0,7,1,10,10,17,11,7,10,58,42,11.0,404.0,,,,0,1,1.66,4.2,5.7,1.03,1.15,1.5,2.3,4.2,17.0,4.75,2.45,1.62,1.22,1.62,2.21,2.6,1.44,7.0,1.09,1.22,0.0,2.73,1.96,2.4,5.22,1.85,2.75,5.0,0.0,0.0,1.38,1.73,2.3,2.65,3.8,2.66,2.0,1.55,1.36,1.22,1.58,7.8,3.0,0.0,0.0,0.0,2.88,12.0,1.29,2.25,4.75,11.0,3.5,1.57,1.15,1.01,1.18,1.75,3.5,8.0,5.0,1.95,1.29,1.09,0,0,0,0,3,1,0,1,1,2,1,1752708600,711351,0,55,20,35,0,32293,2,1,5,4,4,0,9,4,0,1,0,0,1,0,1,54,19,131,70,1.96,0.91,2.87,0,0,0,0,0,0,1,1,0,0,4,0,0,0,1,3,1,1,10,7,1,7,10,25,35,65,90,95,40,75,90,65,8.2,3.0,4.7,3.2,/clubs/charlotte-fc-711351,teams/usa-charlotte-fc.png,Charlotte,/clubs/dc-united-13401,teams/usa-dc-united.png,DC United,2.11,0.76,2.2,0.8,1.32,0.86,75,65,35,10,5,55,45,30,1.42,1.32,2.74,/usa/dc-united-vs-charlotte-fc-h2h-stats#8229788,13973,34,True,True,True,False,False,False,True,"['44', '48']",['60']
MLS,2025,13973,8229789,1,7,2025,complete,120240,0,-1,[],"['13', '53']",0,2,2,5,3,8,4,0,5,3,0,0,4,4,13,6,17,10,16,13,51,49,13889.0,47980.0,14.0,,,5,3,2.9,3.8,2.34,1.02,1.17,1.5,2.33,4.2,13.5,5.0,2.38,1.57,1.25,1.42,2.5,4.5,1.18,3.8,1.22,1.25,0.0,1.4,3.0,2.38,2.81,3.04,2.6,2.7,0.0,0.0,1.38,1.59,2.0,2.6,3.4,2.8,2.1,1.73,1.44,1.29,1.98,6.25,2.25,0.0,0.0,0.0,6.0,5.0,1.29,2.25,4.75,11.5,3.4,1.57,1.15,1.02,1.14,1.73,3.2,6.5,4.9,2.0,1.29,1.08,0,0,0,0,2,0,1,0,1,1,1,1752967800,7,0,80,36,35,0,16041,2,1,4,1,1,2,5,3,1,2,4,1,3,5,1,46,29,119,62,1.69,1.12,2.81,0,0,0,0,0,0,1,1,0,0,0,0,0,0,1,3,2,1,13,16,1,3,12,27,58,80,85,95,49,86,73,54,8.7,3.47,5.03,3.88,/clubs/montreal-impact-1,teams/canada-montreal-impact.png,Montreal Impact,/clubs/chicago-fire-7,teams/usa-chicago-fire.png,Chicago Fire,0.71,1.67,0.6,1.58,0.65,1.32,74,43,20,15,5,40,40,31,1.26,1.48,2.74,/usa/montreal-impact-vs-chicago-fire-h2h-stats#8229789,13973,34,True,True,False,False,False,False,False,[],"['13', '53']"
MLS,2025,13973,8229790,945555,677447,2025,complete,120240,0,-1,"['23', '39', '66']",['85'],3,1,4,4,7,11,1,2,2,1,0,0,8,6,5,12,13,18,9,9,43,57,62506.0,55486.0,48648.0,,,2,1,3.1,3.8,2.08,1.03,1.18,1.62,2.5,4.6,13.0,4.5,2.2,1.44,1.18,1.57,2.3,4.5,1.17,3.4,1.28,1.3,0.0,1.39,3.4,2.3,2.5,3.1,2.5,2.5,0.0,0.0,1.38,1.56,1.97,2.5,3.7,2.75,2.21,1.77,1.47,1.22,2.3,6.25,1.9,0.0,0.0,0.0,6.25,4.33,1.28,2.45,5.5,15.0,3.35,1.58,1.13,1.03,1.16,1.86,3.7,8.0,4.33,1.9,1.25,1.07,0,0,0,0,4,2,0,1,1,2,2,1754785800,945555,0,63,21,29,0,22423,2,1,1,2,2,4,3,6,0,0,2,1,0,3,1,36,45,74,98,1.64,1.88,3.52,0,1,0,1,0,0,1,1,0,0,0,0,0,0,1,21,15,1,9,8,1,16,8,13,25,63,75,92,33,75,71,50,10.25,4.17,3.83,2.75,/clubs/st-louis-city-sc-945555,teams/usa-st-louis-city-sc.png,St. Louis City,/clubs/nashville-sc-mls-677447,teams/usa-nashville-sc-mls.png,Nashville SC,1.06,0.95,1.08,1.42,0.75,1.88,88,75,38,25,9,67,50,34,1.62,1.25,2.87,/usa/nashville-sc-mls-vs-st-louis-city-sc-h2h-stats#8229790,13973,34,True,True,True,True,False,False,True,"['23', '39', '66']",['85']
MLS,2025,13973,8229791,2,8043,2025,complete,120240,0,-1,['9'],[],1,0,1,7,6,13,2,2,3,2,0,0,5,4,14,11,19,15,11,16,50,50,36.0,21302.0,40744.0,,,3,2,2.43,3.5,2.8,1.01,1.22,1.67,2.55,4.5,8.7,4.4,2.25,1.48,1.18,1.56,2.51,3.6,1.25,4.2,1.18,1.29,0.0,1.57,2.83,2.3,3.0,2.55,2.5,2.85,0.0,0.0,1.19,1.36,1.7,2.19,2.65,3.74,2.6,1.98,1.6,1.41,1.8,7.0,2.7,0.0,0.0,0.0,4.75,5.5,1.29,2.49,5.5,17.0,3.14,1.57,1.11,1.01,1.17,1.83,3.8,7.5,4.5,1.88,1.27,1.07,0,0,0,0,1,1,0,0,0,0,1,1746385200,2,0,68,33,33,0,-1,2,1,3,3,4,3,6,7,1,1,2,1,2,3,1,53,39,98,110,1.93,1.52,3.44,0,0,0,0,0,0,1,1,1,0,0,0,0,0,1,27,29,1,15,11,1,7,8,20,20,68,78,100,55,65,90,43,10.85,4.05,3.1,2.85,/clubs/new-york-city-fc-2,teams/usa-new-york-city-fc.png,New York City,/clubs/fc-cincinnati-8043,teams/usa-fc-cincinnati.png,FC Cincinnati,1.89,1.94,2.25,1.8,1.4,2.2,80,80,33,23,0,90,70,70,1.81,1.52,3.33,/usa/new-york-city-fc-vs-fc-cincinnati-h2h-stats#8229791,13973,38,True,False,False,False,False,False,False,['9'],[]
MLS,2025,13973,8229792,6490,1398748,2025,complete,120240,0,-1,['15'],"['33', '66']",1,2,3,7,3,10,4,1,0,1,0,0,4,4,12,2,16,6,11,13,42,58,70481.0,43902.0,44567.0,,,0,1,1.78,4.1,4.0,1.03,1.17,1.55,2.35,4.2,17.0,5.46,2.56,1.63,1.22,1.5,2.44,3.0,1.33,5.5,1.11,1.24,0.0,2.04,2.3,2.55,3.9,2.05,2.7,3.9,0.0,0.0,1.28,1.59,2.27,2.57,3.5,3.3,2.26,1.74,1.47,1.33,1.74,7.0,2.5,0.0,0.0,0.0,3.6,8.0,1.22,2.32,4.75,12.0,3.5,1.65,1.17,1.04,1.12,1.76,3.4,7.5,4.7,2.0,1.26,1.08,0,0,0,0,3,1,1,0,1,1,2,1756694700,1398748,0,50,27,31,0,22937,2,1,3,1,4,2,4,6,0,0,0,1,0,1,1,48,21,97,82,1.64,0.82,2.46,0,0,0,0,0,0,1,1,0,0,0,0,0,0,1,16,10,1,13,11,1,3,13,20,35,62,77,100,39,69,81,54,8.93,3.0,2.93,3.12,/clubs/los-angeles-fc-6490,teams/usa-los-angeles-fc.png,Los Angeles FC,/clubs/san-diego-fc-1398748,teams/usa-san-diego-fc.png,San Diego,2.11,2.11,2.0,2.08,1.64,1.89,81,66,39,23,0,50,42,16,1.82,1.37,3.19,/usa/los-angeles-fc-vs-san-diego-fc-h2h-stats#8229792,13973,37,True,True,True,False,False,False,True,['15'],"['33', '66']"
MLS,2025,13973,8229793,677446,8043,2025,complete,120240,0,-1,[],[],0,0,0,5,2,7,2,1,4,0,0,0,3,4,10,4,13,8,14,4,56,44,50024.0,48359.0,40744.0,,,4,0,2.2,3.5,2.82,1.03,1.15,1.5,2.2,3.6,12.0,5.0,2.52,1.6,1.27,1.46,2.5,3.8,1.22,4.75,1.15,1.41,0.0,1.57,2.65,2.4,3.15,2.6,2.7,3.1,0.0,0.0,1.5,2.01,2.41,2.55,4.35,2.4,1.85,1.5,1.45,1.17,1.6,8.5,2.98,0.0,0.0,0.0,4.8,5.8,1.26,2.15,4.8,12.0,3.6,1.62,1.16,1.02,1.15,1.74,3.2,7.0,4.8,2.0,1.3,1.06,0,0,0,0,0,0,0,0,0,0,0,1753571700,-1,0,67,28,49,0,21044,2,1,3,1,2,1,4,3,2,0,2,0,2,2,1,62,25,116,96,1.48,0.98,2.46,0,0,0,0,0,0,1,1,0,0,0,1,1,0,1,3,10,1,4,14,1,2,12,32,41,63,76,100,41,88,80,58,8.91,2.84,4.88,3.35,/clubs/club-internacional-de-futbol-miami-677446,teams/usa-club-internacional-de-futbol-miami.png,Inter Miami,/clubs/fc-cincinnati-8043,teams/usa-fc-cincinnati.png,FC Cincinnati,2.29,1.94,2.0,1.92,1.95,2.0,69,60,37,24,0,66,48,43,1.36,1.49,2.85,/usa/fc-cincinnati-vs-club-internacional-de-futbol-miami-h2h-stats#8229793,13973,38,False,False,False,False,False,False,False,[],[]
MLS,2025,13973,8229794,20,6490,2025,complete,120240,0,-1,"['8', '42', '66']","['45', '64', '90']",3,3,6,2,7,9,1,4,4,4,0,0,3,9,7,10,10,19,12,12,39,61,5016.0,28121.0,43902.0,,,4,4,2.5,3.25,2.75,1.05,1.2,1.7,2.85,4.75,13.0,4.3,2.1,1.42,1.15,1.6,2.2,3.55,1.29,3.8,1.22,1.44,0.0,1.54,2.9,2.05,3.2,2.65,2.5,2.93,0.0,0.0,1.2,1.33,1.61,1.98,2.54,3.9,2.92,2.19,1.74,1.38,1.75,6.75,2.2,0.0,0.0,0.0,4.5,5.5,1.33,2.45,5.3,14.0,3.1,1.48,1.1,1.02,1.18,1.91,3.8,8.5,4.33,1.8,1.25,1.05,0,0,0,0,6,2,1,1,2,3,3,1745115300,-1,0,63,38,38,0,24538,2,1,1,3,1,3,4,4,2,2,2,2,4,4,1,31,78,69,133,1.07,2.39,3.46,1,1,1,1,0,0,1,1,1,0,0,0,0,0,1,17,21,1,11,11,1,7,4,38,50,50,75,100,50,63,88,38,8.25,2.0,5.75,3.38,/clubs/portland-timbers-20,teams/usa-portland-timbers.png,Portland Timbers,/clubs/los-angeles-fc-6490,teams/usa-los-angeles-fc.png,Los Angeles FC,1.63,1.53,1.75,0.75,1.75,1.5,63,50,50,25,0,88,88,88,1.22,1.02,2.24,/usa/portland-timbers-vs-los-angeles-fc-h2h-stats#8229794,13973,37,True,True,True,True,True,True,True,"['8', '42', '66']","['45', '64', '90']"
MLS,2025,13973,8229795,11,13401,2025,complete,120240,0,-1,"['62', '70']",[],2,0,2,8,3,11,1,1,2,2,0,0,3,3,9,6,12,9,14,14,53,47,36.0,13.0,,,,2,2,1.75,4.45,4.95,1.03,1.1,1.47,2.35,3.9,17.0,5.0,2.5,1.62,1.25,1.57,2.3,2.65,1.42,6.5,1.08,1.22,0.0,2.3,2.08,2.5,5.2,1.86,2.63,4.6,0.0,0.0,1.25,1.5,1.73,2.1,2.7,3.6,2.4,2.0,1.46,1.4,1.48,8.0,3.1,0.0,0.0,0.0,3.1,11.0,1.25,2.35,4.5,13.0,3.5,1.6,1.16,1.04,1.14,1.75,3.4,7.5,5.0,1.93,1.27,1.08,0,0,0,0,2,0,0,2,0,2,0,1754782200,11,0,61,26,35,0,21538,2,1,3,2,5,1,5,6,0,2,2,0,2,2,1,52,52,79,80,1.34,1.16,2.5,0,0,0,0,0,0,1,1,0,0,1,2,0,0,1,1,5,1,14,14,1,10,5,18,26,65,83,92,44,78,83,52,9.97,3.99,4.34,2.95,/clubs/new-england-revolution-11,teams/usa-new-england-revolution.png,New England Revolution,/clubs/dc-united-13401,teams/usa-dc-united.png,DC United,0.94,0.76,0.73,0.67,1.04,0.76,83,74,35,18,9,61,48,39,1.26,1.22,2.48,/usa/new-england-revolution-vs-dc-united-h2h-stats#8229795,13973,34,True,True,False,False,False,False,False,"['62', '70']",[]
MLS,2025,13973,8229796,10,18,2025,complete,120240,0,-1,[],"['25', '37', '54', '85']",0,4,4,2,5,7,2,3,0,0,0,0,3,8,5,15,8,23,8,9,54,46,,2.0,25.0,,,0,0,2.4,3.55,2.75,1.03,1.17,1.57,2.47,4.36,10.0,4.8,2.25,1.53,1.2,1.5,2.45,3.85,1.22,4.2,1.18,1.3,0.0,1.57,2.55,2.3,3.2,2.75,2.5,2.88,0.0,0.0,1.29,1.52,1.85,2.3,3.1,3.2,2.47,1.94,1.55,1.3,2.05,7.8,1.83,0.0,0.0,0.0,5.0,5.75,1.27,2.35,4.7,14.0,3.5,1.55,1.14,1.03,1.17,1.8,3.4,7.0,4.7,1.95,1.28,1.07,0,0,0,0,4,0,2,0,2,2,2,1754877600,18,0,53,13,22,0,18748,2,-1,0,1,2,4,1,6,0,0,0,0,0,0,1,47,41,86,108,1.06,2.31,3.37,0,0,0,0,0,0,1,1,0,0,0,1,-1,-1,1,11,8,1,9,8,1,11,13,9,26,57,87,100,21,91,84,58,10.53,3.8,4.4,2.83,/clubs/la-galaxy-10,teams/usa-la-galaxy.png,LA Galaxy,/clubs/seattle-sounders-fc-18,teams/usa-seattle-sounders-fc.png,Seattle Sounders,1.35,1.11,1.0,1.08,0.67,1.58,92,75,43,13,0,57,53,44,1.43,1.43,2.86,/usa/la-galaxy-vs-seattle-sounders-fc-h2h-stats#8229796,13973,34,True,True,True,True,False,False,False,[],"['25', '37', '54', '85']"
MLS,2025,13973,8229797,17,677446,2025,complete,120240,0,-1,"['2', '50', '58', '88']",['5'],4,1,5,5,3,8,1,3,3,2,0,0,12,5,9,5,21,10,8,11,46,54,7.0,29408.0,48359.0,,,3,2,1.91,3.7,3.25,1.02,1.11,1.42,2.09,3.25,19.0,5.75,2.7,1.7,1.29,1.4,2.75,3.8,1.22,5.5,1.11,1.25,0.0,1.81,2.43,2.45,4.2,2.05,2.88,3.4,0.0,0.0,1.29,1.56,2.44,2.6,3.2,3.04,2.14,1.71,1.42,1.29,1.86,7.5,2.7,0.0,0.0,0.0,4.4,8.0,1.22,2.05,4.2,11.0,3.7,1.7,1.18,1.05,1.11,1.6,2.85,6.0,5.3,2.1,1.35,1.1,0,0,0,0,5,1,1,3,0,3,2,1754870400,17,0,74,35,35,0,25046,2,1,3,0,2,3,3,5,3,2,0,0,5,0,1,47,48,97,80,2.5,1.33,3.83,0,0,0,0,0,0,1,1,1,1,0,0,0,0,1,7,12,1,11,6,-1,-1,-1,44,53,79,83,92,62,92,79,57,9.48,4.08,4.52,3.75,/clubs/orlando-city-sc-17,teams/usa-orlando-city-sc.png,Orlando City,/clubs/club-internacional-de-futbol-miami-677446,teams/usa-club-internacional-de-futbol-miami.png,Inter Miami,1.65,1.68,1.5,1.91,1.64,1.91,56,48,22,18,9,53,30,26,1.71,1.28,2.99,/usa/orlando-city-sc-vs-club-internacional-de-futbol-miami-h2h-stats#8229797,13973,35,True,True,True,True,True,False,True,"['2', '50', '58', '88']",['5']
MLS,2025,13973,8229798,2,9,2025,complete,120240,0,-1,"['45+3', '73', '90+4']","['40', '60']",3,2,5,7,3,10,0,2,1,0,0,0,8,5,10,3,18,8,10,12,56,44,70173.0,21302.0,40116.0,,,1,0,1.92,3.86,3.5,1.04,1.18,1.58,2.8,4.18,13.0,4.75,2.35,1.38,1.15,1.57,2.25,3.3,1.29,3.8,1.22,1.4,1.3,1.65,2.3,2.3,3.5,2.25,2.62,3.1,1.72,2.0,1.29,1.57,2.4,2.54,3.05,3.2,2.19,1.7,1.47,1.32,1.79,6.4,2.35,1.8,10.0,2.1,3.95,7.5,1.23,2.38,5.0,15.0,3.0,1.62,1.1,1.01,1.21,1.7,3.9,9.25,3.6,1.75,1.18,1.02,0,0,0,0,5,1,1,2,1,3,2,1758151800,2,0,67,33,18,0,17413,2,1,3,2,4,1,5,5,0,0,1,0,0,1,1,11,14,18,25,1.76,0.95,2.71,0,1,0,1,0,0,1,1,0,0,1,1,0,0,1,4,4,1,12,9,1,5,5,15,30,63,82,97,44,82,89,37,10.31,3.38,3.85,3.06,/clubs/new-york-city-fc-2,teams/usa-new-york-city-fc.png,New York City,/clubs/columbus-crew-9,teams/usa-columbus-crew.png,Columbus Crew,1.89,1.16,2.08,1.5,1.68,1.69,86,71,37,19,4,68,61,42,1.53,1.25,2.78,/usa/new-york-city-fc-vs-columbus-crew-h2h-stats#8229798,13973,37,True,True,True,True,True,False,True,"['45+3', '73', '90+4']","['40', '60']"
MLS,2025,13973,8229799,698284,15,2025,complete,120240,0,-1,"['12', '33', '77']",['53'],3,1,4,5,4,9,4,1,2,2,0,0,2,6,6,12,8,18,20,10,36,64,,21189.0,21032.0,,,2,2,1.94,3.75,3.2,1.03,1.17,1.51,2.4,4.08,15.0,5.46,2.55,1.63,1.26,1.48,2.69,3.55,1.25,4.75,1.15,1.25,0.0,1.7,2.55,2.45,3.45,2.3,2.85,3.32,0.0,0.0,1.14,1.29,1.84,2.05,2.54,4.3,3.2,2.17,1.74,1.43,1.88,8.9,2.23,0.0,0.0,0.0,4.33,6.5,1.25,2.3,5.0,13.0,3.6,1.57,1.14,1.03,1.15,1.75,3.35,7.5,4.8,1.98,1.29,1.08,0,0,0,0,4,2,0,1,1,2,2,1756600200,698284,0,63,18,40,0,20738,2,1,1,3,4,1,4,5,0,1,2,1,1,3,1,36,47,59,96,0.91,1.89,2.8,0,0,0,0,0,0,1,1,0,0,0,0,0,0,1,17,14,1,10,20,1,9,6,15,19,51,70,85,34,55,74,44,10.64,3.28,4.42,2.42,/clubs/austin-fc-698284,teams/usa-austin-fc.png,Austin,/clubs/san-jose-earthquakes-15,teams/usa-san-jose-earthquakes.png,SJ Earthquakes,1.56,1.18,1.46,1.21,1.35,1.25,86,82,49,30,15,68,53,41,1.51,1.61,3.12,/usa/san-jose-earthquakes-vs-austin-fc-h2h-stats#8229799,13973,34,True,True,True,True,False,False,True,"['12', '33', '77']",['53']
MLS,2025,13973,8229800,13,20,2025,complete,120240,0,-1,"['8', '62']",[],2,0,2,3,9,12,2,0,2,1,0,0,3,3,5,6,8,9,9,14,34,66,13891.0,28222.0,28121.0,,,2,1,2.12,3.7,3.45,1.01,1.19,1.75,2.9,5.2,9.2,3.9,2.1,1.42,1.18,1.62,2.2,3.1,1.33,4.33,1.18,1.28,0.0,1.73,2.55,2.25,3.9,2.45,2.6,3.4,0.0,0.0,1.35,1.61,2.0,2.6,3.48,3.08,2.15,1.71,1.43,1.22,1.8,7.5,2.48,0.0,0.0,0.0,4.2,6.0,1.3,2.45,5.4,14.0,3.2,1.49,1.11,1.02,1.18,1.87,3.6,8.0,4.4,1.85,1.23,1.06,0,0,0,0,2,1,0,1,0,1,1,1754785800,13,0,47,22,21,0,11004,2,1,0,3,3,6,3,9,1,1,1,0,2,1,1,23,60,76,89,0.89,1.21,2.1,0,0,0,0,0,0,1,1,1,0,0,1,0,0,1,15,20,1,14,9,1,7,9,26,30,57,70,87,22,75,70,52,6.81,3.73,4.68,2.91,/clubs/fc-dallas-13,teams/usa-fc-dallas.png,FC Dallas,/clubs/portland-timbers-20,teams/usa-portland-timbers.png,Portland Timbers,1.22,0.89,0.67,1.27,1.04,1.54,74,70,44,31,13,47,30,22,1.24,1.21,2.45,/usa/fc-dallas-vs-portland-timbers-h2h-stats#8229800,13973,36,True,True,False,False,False,False,False,"['8', '62']",[]
MLS,2025,13973,8229801,16,12,2025,complete,120240,0,-1,"['64', '89', '90+5']",['37'],3,1,4,11,1,12,1,3,1,3,0,0,11,1,16,4,27,5,14,9,61,39,13891.0,48141.0,11435.0,,,1,3,1.6,4.2,5.0,1.03,1.12,1.4,2.33,3.25,12.0,5.3,2.7,1.7,1.29,1.5,2.41,2.9,1.36,7.0,1.07,1.2,0.0,2.38,1.95,2.6,4.75,1.91,2.95,4.45,0.0,0.0,1.29,1.55,1.65,2.15,2.74,3.85,2.3,1.95,1.6,1.38,1.33,8.5,4.4,0.0,0.0,0.0,3.3,11.0,1.25,2.05,4.3,11.5,3.7,1.62,1.17,1.02,1.11,1.62,3.25,7.0,4.9,2.0,1.33,1.1,0,0,0,0,4,0,1,3,0,3,1,1753572600,16,0,57,18,30,0,18057,2,1,3,0,8,1,3,9,0,0,1,3,0,4,1,56,28,110,90,2.87,0.6,3.47,0,0,0,0,0,0,1,1,0,0,0,0,0,0,1,6,7,1,9,14,1,5,16,22,35,70,83,92,48,92,70,52,10.55,3.47,5.31,3.13,/clubs/philadelphia-union-16,teams/usa-philadelphia-union.png,Philadelphia Union,/clubs/colorado-rapids-12,teams/usa-colorado-rapids.png,Colorado Rapids,2.16,0.76,2.25,0.91,1.96,1.25,79,66,31,18,9,78,61,43,1.71,0.98,2.69,/usa/colorado-rapids-vs-philadelphia-union-h2h-stats#8229801,13973,34,True,True,True,True,False,False,True,"['64', '89', '90+5']",['37']
MLS,2025,13973,8229802,8,1398748,2025,complete,120240,0,-1,[],"['23', '70']",0,2,2,9,1,10,5,1,1,0,0,0,7,5,14,0,21,5,10,11,42,58,84.0,,44567.0,,,1,0,3.5,3.9,1.97,1.0,1.09,1.4,2.1,3.4,21.0,6.0,2.7,1.73,1.3,1.4,2.7,5.5,1.11,3.75,1.22,1.22,0.0,1.26,3.8,2.54,2.36,3.4,2.75,2.25,0.0,0.0,1.36,1.62,1.93,2.6,3.5,2.9,2.25,1.76,1.41,1.22,2.45,7.8,1.81,0.0,0.0,0.0,8.0,4.5,1.22,2.02,4.33,11.0,3.7,1.78,1.2,1.05,1.14,1.65,2.95,6.5,5.3,2.1,1.35,1.11,0,0,0,0,2,0,1,0,1,1,1,1754786700,1398748,0,74,35,31,0,16579,2,1,2,1,7,0,3,7,0,0,1,0,0,1,1,57,19,102,62,2.22,0.81,3.03,0,0,0,0,0,0,1,1,0,0,0,0,0,0,1,21,14,1,11,10,1,2,11,39,44,70,92,100,57,83,87,61,9.49,3.16,4.14,3.79,/clubs/sporting-kansas-city-8,teams/usa-sporting-kansas-city.png,Sporting KC,/clubs/san-diego-fc-1398748,teams/usa-san-diego-fc.png,San Diego,1.0,2.11,1.08,1.91,1.0,1.84,61,57,30,9,0,56,39,26,1.53,1.49,3.02,/usa/sporting-kansas-city-vs-san-diego-fc-h2h-stats#8229802,13973,34,True,True,False,False,False,False,False,[],"['23', '70']"
MLS,2025,13973,8229803,711351,14,2025,complete,120240,0,-1,['35'],[],1,0,1,3,5,8,2,2,1,4,0,0,2,7,9,12,11,19,8,14,51,49,50024.0,404.0,8.0,,,1,4,1.91,3.5,3.5,1.03,1.23,1.67,2.63,4.5,13.0,4.2,2.15,1.44,1.17,1.57,2.3,3.0,1.33,4.75,1.15,1.3,0.0,1.94,2.25,2.38,3.9,2.25,2.5,3.6,0.0,0.0,1.42,1.73,2.0,2.8,3.8,2.62,2.0,1.62,1.47,1.22,1.78,7.0,2.6,0.0,0.0,0.0,3.7,7.0,1.32,2.25,5.4,15.0,3.1,1.55,1.12,1.0,1.2,1.91,3.8,8.0,4.0,1.9,1.25,1.05,0,0,0,0,1,1,0,0,0,0,1,1755387000,711351,0,56,16,29,0,28201,2,1,2,1,1,4,3,5,1,2,0,2,3,2,1,44,46,76,93,1.15,2.02,3.17,0,0,0,0,0,0,1,1,0,0,0,1,1,0,1,1,1,1,14,8,1,13,7,13,24,52,89,100,24,72,96,57,7.13,3.29,4.62,2.77,/clubs/charlotte-fc-711351,teams/usa-charlotte-fc.png,Charlotte,/clubs/real-salt-lake-14,teams/usa-real-salt-lake.png,Real Salt Lake,2.11,0.72,2.33,0.92,1.58,1.24,88,76,48,12,0,48,44,40,1.43,1.46,2.89,/usa/real-salt-lake-vs-charlotte-fc-h2h-stats#8229803,13973,35,True,False,False,False,False,False,False,['35'],[]
MLS,2025,13973,8229804,19,9,2025,complete,120240,0,-1,['77'],['8'],1,1,2,2,7,9,2,4,0,1,0,0,3,7,4,5,7,12,13,15,44,56,11.0,11434.0,40116.0,,,0,1,3.5,3.8,2.01,1.04,1.2,1.62,2.6,5.3,11.0,4.33,2.15,1.5,1.17,1.57,2.2,5.25,1.13,3.0,1.33,1.83,0.0,1.29,3.9,2.15,2.45,3.6,2.5,2.2,0.0,0.0,1.45,1.79,2.1,2.6,3.45,2.85,2.02,1.61,1.34,1.22,2.65,8.5,1.65,0.0,0.0,0.0,6.5,3.6,1.29,2.3,5.2,17.0,3.3,1.5,1.12,1.02,1.17,1.9,3.8,7.75,4.0,1.8,1.25,1.05,0,0,0,0,2,0,1,1,0,1,1,1755387000,-1,0,60,27,25,0,23452,2,1,0,2,2,5,2,7,0,0,0,1,0,1,1,26,50,75,114,0.85,1.62,2.47,0,0,0,0,0,0,1,1,0,1,0,0,0,0,1,3,5,1,15,13,1,3,5,14,18,48,80,93,40,65,77,41,7.65,2.79,3.47,2.61,/clubs/toronto-fc-19,teams/canada-toronto-fc.png,Toronto,/clubs/columbus-crew-9,teams/usa-columbus-crew.png,Columbus Crew,0.94,1.16,0.77,1.45,0.88,1.76,87,82,53,20,8,49,37,20,1.17,1.28,2.45,/usa/columbus-crew-vs-toronto-fc-h2h-stats#8229804,13973,34,True,True,False,False,False,False,True,['77'],['8']
MLS,2025,13973,8229805,1,13401,2025,complete,120240,0,-1,['40'],['28'],1,1,2,2,4,6,2,1,2,4,0,0,3,3,6,13,9,16,14,15,58,42,62506.0,47980.0,131.0,,,2,4,2.12,3.7,3.35,1.01,1.2,1.66,2.68,4.4,10.0,4.3,2.15,1.44,1.13,1.55,2.25,3.2,1.3,4.75,1.15,1.3,0.0,1.73,2.45,2.15,3.9,2.34,2.63,3.6,0.0,0.0,1.38,1.6,2.05,2.6,3.4,2.8,2.1,1.73,1.44,1.29,1.55,7.0,2.87,0.0,0.0,0.0,4.0,7.0,1.32,2.38,5.25,12.0,3.1,1.53,1.12,1.0,1.17,1.85,3.4,8.5,4.5,1.85,1.25,1.07,0,0,0,0,2,1,1,0,0,0,2,1755387000,-1,0,60,24,28,0,15606,2,1,0,1,2,3,1,5,0,3,2,1,3,3,1,16,5,39,14,0.89,1.24,2.13,0,0,0,0,0,0,1,1,0,0,0,0,0,0,1,3,3,1,15,14,1,9,8,16,28,60,84,92,36,80,80,51,9.14,2.58,5.06,2.96,/clubs/montreal-impact-1,teams/canada-montreal-impact.png,Montreal Impact,/clubs/dc-united-13401,teams/usa-dc-united.png,DC United,0.71,0.76,0.58,0.62,0.73,0.73,84,72,41,17,8,51,44,32,1.28,1.22,2.5,/usa/montreal-impact-vs-dc-united-h2h-stats#8229805,13973,34,True,True,False,False,False,False,True,['40'],['28']
MLS,2025,13973,8229806,19,1,2025,complete,120240,0,-1,['88'],['83'],1,1,2,8,6,14,1,0,3,3,0,0,5,2,12,9,17,11,16,14,43,57,36.0,11434.0,47980.0,,,3,3,1.75,3.75,3.7,1.05,1.23,1.7,2.75,5.0,13.0,4.37,2.14,1.39,1.15,1.66,2.23,2.95,1.35,4.75,1.15,1.25,0.0,1.85,2.45,2.3,4.0,2.38,2.8,3.55,0.0,0.0,1.29,1.52,1.85,2.35,3.5,3.05,2.35,1.84,1.52,1.32,1.75,8.0,2.33,0.0,0.0,0.0,3.6,6.5,1.3,2.6,5.75,17.0,3.25,1.48,1.11,1.03,1.2,1.91,4.0,9.5,4.0,1.8,1.22,1.06,0,0,0,0,2,0,0,1,1,2,0,1756596600,-1,0,50,11,21,0,27076,2,1,3,1,5,5,4,10,1,3,2,0,4,2,1,42,27,64,73,1.72,1.03,2.75,0,0,0,0,0,0,1,1,0,0,0,0,0,1,1,4,4,1,14,16,1,4,8,7,15,40,71,90,22,54,79,36,8.5,3.07,3.5,2.25,/clubs/toronto-fc-19,teams/canada-toronto-fc.png,Toronto,/clubs/montreal-impact-1,teams/canada-montreal-impact.png,Montreal Impact,0.94,0.94,0.79,0.86,0.89,0.82,93,86,61,29,11,57,47,33,1.15,1.11,2.26,/usa/montreal-impact-vs-toronto-fc-h2h-stats#8229806,13973,34,True,True,False,False,False,False,True,['88'],['83']
MLS,2025,13973,8229807,17,5,2025,complete,120240,0,-1,['24'],"['81', '90+7']",1,2,3,1,6,7,2,2,3,0,0,0,3,9,1,15,4,24,8,13,31,69,70173.0,,,,,3,0,2.3,3.75,2.75,1.03,1.17,1.57,2.36,4.07,11.0,5.35,2.51,1.63,1.26,1.44,2.5,3.95,1.2,4.5,1.17,1.25,1.22,1.57,2.6,2.4,3.1,2.6,2.6,2.9,1.53,2.37,1.21,1.38,1.94,2.16,2.63,3.8,2.75,2.06,1.66,1.41,1.9,7.0,2.18,1.72,11.0,2.1,5.0,5.5,1.25,2.2,4.8,13.0,3.6,1.57,1.15,1.03,1.15,1.7,3.25,7.0,4.8,2.0,1.3,1.08,0,0,0,0,3,1,0,0,2,2,1,1760226000,5,0,63,32,32,0,23465,2,1,1,5,0,1,6,1,0,0,3,0,0,3,1,5,5,11,16,0.5,2.16,2.65,0,0,0,0,0,0,1,1,0,0,1,0,0,0,1,0,4,1,13,8,1,13,0,26,41,66,79,88,51,75,69,47,10.13,3.44,4.62,3.07,/clubs/orlando-city-sc-17,teams/usa-orlando-city-sc.png,Orlando City,/clubs/vancouver-whitecaps-fc-5,teams/canada-vancouver-whitecaps-fc.png,Vancouver Whitecaps,1.65,1.65,1.75,1.63,1.66,1.88,76,60,35,22,13,60,51,44,1.75,1.24,2.99,/usa/vancouver-whitecaps-fc-vs-orlando-city-sc-h2h-stats#8229807,13973,35,True,True,True,False,False,False,True,['24'],"['81', '90+7']"
MLS,2025,13973,8229808,8,12,2025,complete,120240,0,-1,"['4', '73', '75', '81']","['22', '31']",4,2,6,8,4,12,0,3,2,0,0,0,10,7,10,9,20,16,12,10,55,45,24.0,,11435.0,,,2,0,2.07,4.1,3.08,1.01,1.1,1.4,1.96,2.97,11.0,7.0,2.88,1.84,1.29,1.33,3.1,4.2,1.18,5.75,1.1,1.36,0.0,1.75,2.38,2.5,3.35,2.33,2.75,3.0,0.0,0.0,1.24,1.41,1.72,2.17,2.8,3.7,2.55,1.97,1.7,1.37,1.66,7.5,2.6,0.0,0.0,0.0,5.0,7.0,1.2,2.05,4.0,10.0,4.2,1.78,1.2,1.05,1.11,1.61,2.95,5.5,6.0,2.35,1.4,1.12,0,0,0,0,6,1,2,3,0,3,3,1756600200,8,0,63,19,26,0,16262,2,1,3,4,5,0,7,5,1,0,1,0,1,1,1,80,44,108,102,2.53,1.82,4.35,0,0,0,0,0,0,1,1,1,0,1,0,0,0,1,12,22,1,10,11,1,6,7,26,34,63,89,97,41,89,78,56,9.42,2.97,4.81,3.31,/clubs/sporting-kansas-city-8,teams/usa-sporting-kansas-city.png,Sporting KC,/clubs/colorado-rapids-12,teams/usa-colorado-rapids.png,Colorado Rapids,1.0,0.76,1.0,0.93,0.89,1.29,74,67,38,11,4,74,59,44,1.58,0.97,2.55,/usa/sporting-kansas-city-vs-colorado-rapids-h2h-stats#8229808,13973,34,True,True,True,True,True,True,True,"['4', '73', '75', '81']","['22', '31']"
MLS,2025,13973,8229809,711351,4,2025,complete,120240,0,-1,['30'],[],1,0,1,2,8,10,2,0,0,4,0,0,2,3,2,12,4,15,7,13,40,60,7.0,404.0,1313.0,,,0,4,1.86,3.93,3.75,1.0,1.15,1.61,2.45,4.1,12.0,4.86,2.25,1.5,1.2,1.55,2.25,3.0,1.33,5.0,1.12,1.25,0.0,1.88,2.3,2.4,3.9,2.3,2.65,3.75,0.0,0.0,1.43,1.85,2.43,3.4,4.7,2.5,1.85,1.47,1.26,1.18,1.77,6.0,2.45,0.0,0.0,0.0,3.75,7.0,1.27,2.28,5.25,13.5,3.25,1.55,1.14,1.02,1.17,1.8,3.75,7.5,4.6,1.9,1.27,1.07,0,0,0,0,1,1,0,0,0,0,1,1756076400,711351,0,46,16,23,0,26606,2,1,0,4,2,4,4,6,0,2,0,2,2,2,1,29,52,73,130,0.61,1.54,2.16,0,0,0,0,0,0,1,1,0,0,0,0,0,0,1,9,9,1,13,7,1,10,8,16,20,43,77,93,27,73,81,39,7.85,4.0,4.46,2.46,/clubs/charlotte-fc-711351,teams/usa-charlotte-fc.png,Charlotte,/clubs/new-york-red-bulls-4,teams/usa-new-york-red-bulls.png,New York RB,2.11,0.59,2.38,0.54,1.63,1.44,85,81,58,23,8,50,38,27,1.41,1.08,2.49,/usa/new-york-red-bulls-vs-charlotte-fc-h2h-stats#8229809,13973,34,True,False,False,False,False,False,False,['30'],[]
MLS,2025,13973,8229810,945555,6,2025,complete,120240,0,-1,"['86', '89']","['20', '50', '72']",2,3,5,11,3,14,1,0,3,3,0,0,3,3,12,5,15,8,14,14,59,41,,55486.0,20.0,,,3,3,2.1,3.5,2.64,1.04,1.13,1.56,2.48,4.18,10.0,5.0,2.4,1.53,1.17,1.44,2.61,3.75,1.22,4.5,1.17,1.25,0.0,1.67,2.6,2.38,3.26,2.5,2.88,3.1,0.0,0.0,1.33,1.48,1.77,2.38,3.14,3.34,2.4,1.85,1.49,1.27,1.8,8.5,2.25,0.0,0.0,0.0,4.75,6.25,1.26,2.25,4.8,13.0,3.5,1.64,1.14,1.03,1.15,1.75,3.3,7.5,4.8,2.0,1.3,1.08,0,0,0,0,5,0,1,2,2,4,1,1756600200,6,0,62,19,27,0,22423,2,1,5,1,6,2,6,8,1,1,2,2,2,4,1,67,43,116,64,1.64,1.03,2.67,0,0,0,0,0,0,1,1,0,0,1,1,0,0,1,30,13,1,14,14,1,5,10,15,35,58,73,85,31,73,73,50,9.54,3.46,4.62,2.85,/clubs/st-louis-city-sc-945555,teams/usa-st-louis-city-sc.png,St. Louis City,/clubs/houston-dynamo-6,teams/usa-houston-dynamo.png,Houston Dynamo,1.06,1.12,1.23,1.15,0.78,1.07,85,66,43,27,15,69,54,42,1.62,1.12,2.74,/usa/houston-dynamo-vs-st-louis-city-sc-h2h-stats#8229810,13973,34,True,True,True,True,True,False,True,"['86', '89']","['20', '50', '72']"
MLS,2025,13973,8229811,18,14,2025,complete,120240,0,-1,['4'],[],1,0,1,4,4,8,1,3,1,4,0,0,2,4,13,9,15,13,11,20,55,45,59668.0,,,,,1,4,1.72,3.9,4.2,1.03,1.15,1.5,2.3,4.37,15.0,4.8,2.3,1.53,1.2,1.5,2.3,2.95,1.35,5.75,1.1,1.25,1.23,2.05,2.15,2.45,4.0,2.05,2.63,3.9,1.33,3.25,1.19,1.34,1.93,2.15,2.48,4.0,2.9,2.07,1.67,1.47,1.43,8.0,3.3,1.57,11.0,2.45,3.4,8.0,1.25,2.2,5.0,13.0,3.5,1.57,1.14,1.03,1.17,1.75,3.3,7.0,4.75,1.95,1.29,1.08,0,0,0,0,1,1,0,0,0,0,1,1760233200,18,0,62,36,29,0,31587,2,1,3,1,1,3,4,4,0,2,1,2,2,3,1,40,53,73,77,1.37,1.48,2.85,0,0,0,0,0,0,1,1,1,0,0,0,0,0,1,10,14,1,19,11,1,10,9,23,38,55,78,97,42,75,81,45,8.79,3.47,4.48,3.05,/clubs/seattle-sounders-fc-18,teams/usa-seattle-sounders-fc.png,Seattle Sounders,/clubs/real-salt-lake-14,teams/usa-real-salt-lake.png,Real Salt Lake,2.17,0.72,2.06,0.8,1.53,1.25,78,62,46,23,3,55,39,33,1.73,1.53,3.26,/usa/real-salt-lake-vs-seattle-sounders-fc-h2h-stats#8229811,13973,35,True,False,False,False,False,False,False,['4'],[]
MLS,2025,13973,8229812,10,13,2025,complete,120240,0,-1,"['42', '87']",['52'],2,1,3,11,1,12,1,1,4,3,0,1,5,1,8,7,13,8,13,9,72,28,57.0,,,,,4,5,2.4,3.8,2.65,1.01,1.1,1.36,1.85,3.0,21.0,6.5,2.88,1.8,1.33,1.36,2.9,4.75,1.15,5.0,1.13,1.25,1.2,1.53,2.63,2.5,2.88,2.5,2.75,2.8,1.72,2.0,1.2,1.37,1.94,2.16,2.5,3.9,2.8,2.06,1.66,1.46,1.58,7.5,2.75,1.78,25.0,1.99,5.0,6.0,1.2,2.05,4.2,10.0,4.0,1.7,1.18,1.04,1.11,1.53,2.7,5.0,5.75,2.3,1.4,1.13,0,0,0,0,3,1,0,1,1,2,1,1760236500,10,0,60,27,37,0,20738,2,1,5,1,6,0,6,6,0,2,4,2,2,6,1,87,32,88,60,1.79,0.81,2.6,0,0,0,0,0,0,1,1,0,0,0,0,0,0,1,10,16,1,9,13,1,6,13,27,40,63,87,97,40,87,87,63,9.66,3.33,4.27,3.34,/clubs/la-galaxy-10,teams/usa-la-galaxy.png,LA Galaxy,/clubs/fc-dallas-13,teams/usa-fc-dallas.png,FC Dallas,1.35,1.28,1.13,1.33,0.75,1.28,74,60,37,14,4,70,57,47,1.52,1.2,2.72,/usa/la-galaxy-vs-fc-dallas-h2h-stats#8229812,13973,34,True,True,True,False,False,False,True,"['42', '87']",['52']
MLS,2025,13973,8229813,677446,7,2025,complete,120240,0,-1,"['39', '57', '74']","['11', '31', '43', '80', '83']",3,5,8,3,2,5,2,2,4,3,0,0,11,6,14,5,25,11,9,8,64,36,3.0,,,,,4,3,1.38,4.6,4.0,0.0,1.08,1.24,1.74,2.65,0.0,8.0,3.48,2.11,1.46,1.42,3.0,3.3,1.28,9.0,1.03,1.13,1.21,2.46,1.89,2.75,4.9,1.73,3.45,4.75,1.3,3.4,1.28,1.5,2.13,2.36,3.0,3.25,2.44,1.91,1.54,1.33,1.36,7.5,3.1,1.53,29.0,2.48,3.7,13.0,1.11,1.85,3.4,8.0,4.8,2.0,1.27,1.07,1.11,1.49,2.5,4.5,6.5,2.48,1.48,1.14,0,0,0,0,8,1,3,2,2,4,4,1759275600,7,0,80,31,52,0,19766,2,1,2,1,1,1,3,2,1,1,3,2,2,5,1,58,20,146,37,2.77,1.25,4.02,0,0,0,0,0,0,1,1,0,0,0,0,0,0,1,3,1,1,8,9,1,3,7,32,62,86,93,97,48,90,83,66,9.36,2.94,5.13,4.1,/clubs/club-internacional-de-futbol-miami-677446,teams/usa-club-internacional-de-futbol-miami.png,Inter Miami,/clubs/chicago-fire-7,teams/usa-chicago-fire.png,Chicago Fire,2.29,1.67,2.14,1.67,1.87,1.55,69,38,14,7,4,59,52,42,1.51,1.45,2.96,/usa/chicago-fire-vs-club-internacional-de-futbol-miami-h2h-stats#8229813,13973,37,True,True,True,True,True,True,True,"['39', '57', '74']","['11', '31', '43', '80', '83']"
MLS,2025,13973,8229814,1015,20,2025,complete,120240,0,-1,['85'],['79'],1,1,2,4,6,10,3,1,3,0,0,0,6,6,3,10,9,16,13,7,42,58,,55946.0,28121.0,,,3,0,1.6,3.7,4.2,1.03,1.15,1.65,2.55,4.75,10.0,4.51,2.35,1.5,1.19,1.6,2.2,2.75,1.4,5.25,1.12,1.25,0.0,2.0,2.28,2.4,4.0,2.0,2.75,4.0,0.0,0.0,1.28,1.5,1.75,2.32,2.88,3.25,2.38,2.02,1.56,1.32,1.55,8.5,3.1,0.0,0.0,0.0,3.3,8.5,1.29,2.55,5.5,15.0,3.28,1.55,1.1,1.03,1.14,1.85,3.5,8.5,4.33,1.85,1.26,1.07,0,0,0,0,2,0,0,1,1,2,0,1756600200,-1,0,44,18,26,0,19619,2,1,2,3,2,3,5,5,1,0,2,0,1,2,1,30,53,84,118,1.21,1.82,3.03,0,0,0,0,0,0,1,1,0,0,0,2,0,0,1,16,15,1,7,13,1,5,4,22,33,52,67,85,26,67,71,48,9.44,3.13,3.71,2.7,/clubs/minnesota-united-fc-1015,teams/usa-minnesota-united-fc.png,Minnesota United,/clubs/portland-timbers-20,teams/usa-portland-timbers.png,Portland Timbers,1.58,0.89,1.71,1.15,1.79,1.41,78,67,49,34,15,52,48,37,1.54,1.2,2.74,/usa/portland-timbers-vs-minnesota-united-fc-h2h-stats#8229814,13973,38,True,True,False,False,False,False,True,['85'],['79']
MLS,2025,13973,8229815,10,12,2025,complete,120240,0,-1,"['7', '55', '75']",[],3,0,3,6,6,12,2,1,2,1,0,0,5,1,11,11,16,12,14,11,49,51,84.0,2.0,11435.0,,,2,1,2.24,3.75,2.94,1.01,1.12,1.41,2.25,3.1,13.5,4.75,2.4,1.57,1.24,1.46,2.8,3.8,1.22,4.75,1.15,1.29,0.0,1.65,2.62,2.3,3.25,2.43,2.7,3.0,0.0,0.0,1.29,1.45,1.75,2.65,3.8,3.5,2.6,1.68,1.39,1.21,1.63,6.5,2.73,0.0,0.0,0.0,5.5,7.0,1.2,2.09,4.75,10.0,3.6,1.62,1.15,1.02,1.15,1.73,3.2,6.75,4.75,2.0,1.3,1.08,0,0,0,0,3,1,0,2,0,2,1,1756002600,10,0,56,12,32,0,20203,2,1,2,2,4,4,4,8,0,0,2,1,0,3,1,18,11,46,34,1.48,0.9,2.38,0,0,0,0,0,0,1,1,1,0,0,0,0,0,1,14,13,1,11,14,1,7,9,12,28,68,89,96,28,84,85,65,8.46,3.04,4.21,3.04,/clubs/la-galaxy-10,teams/usa-la-galaxy.png,LA Galaxy,/clubs/colorado-rapids-12,teams/usa-colorado-rapids.png,Colorado Rapids,1.35,0.76,0.92,1.0,0.62,1.33,89,72,32,12,4,64,60,44,1.4,0.97,2.37,/usa/la-galaxy-vs-colorado-rapids-h2h-stats#8229815,13973,34,True,True,True,False,False,False,False,"['7', '55', '75']",[]
MLS,2025,13973,8229816,4,9,2025,complete,120240,0,-1,[],[],0,0,0,4,6,10,6,1,1,2,0,0,4,1,4,2,8,3,11,11,40,60,69.0,1313.0,40116.0,,,1,2,2.5,3.7,2.69,1.04,1.15,1.62,2.75,4.6,16.0,4.4,2.18,1.44,1.18,1.48,2.45,3.85,1.22,4.0,1.2,1.29,0.0,1.5,2.9,2.3,3.0,2.75,2.5,2.9,0.0,0.0,1.42,1.73,2.35,3.14,3.9,2.63,1.89,1.5,1.27,1.2,2.04,7.9,2.1,0.0,0.0,0.0,4.8,5.0,1.29,2.48,5.3,15.0,3.3,1.52,1.13,1.03,1.18,1.84,3.6,8.0,4.6,1.91,1.28,1.06,0,0,0,0,0,0,0,0,0,0,0,1756596600,-1,0,74,39,23,0,18913,2,1,2,2,2,4,4,6,0,1,1,1,1,2,1,34,47,71,120,1.04,0.62,1.66,0,0,0,0,0,0,1,1,0,0,1,0,0,0,1,16,25,1,11,11,1,3,4,27,38,65,89,100,65,89,86,38,7.57,3.4,4.43,3.52,/clubs/new-york-red-bulls-4,teams/usa-new-york-red-bulls.png,New York RB,/clubs/columbus-crew-9,teams/usa-columbus-crew.png,Columbus Crew,1.94,1.16,2.29,1.42,1.39,1.67,73,62,36,11,0,36,23,8,1.39,1.31,2.7,/usa/new-york-red-bulls-vs-columbus-crew-h2h-stats#8229816,13973,34,False,False,False,False,False,False,False,[],[]
MLS,2025,13973,8229817,677447,1016,2025,complete,120240,0,-1,[],['24'],0,1,1,12,1,13,1,2,2,7,0,0,7,4,12,6,19,10,11,14,59,41,13967.0,48648.0,762.0,,,2,7,1.47,4.6,6.2,1.03,1.15,1.49,2.33,4.2,15.0,5.32,2.4,1.6,1.21,1.67,2.1,2.4,1.5,7.0,1.07,1.2,0.0,2.63,1.93,2.5,5.75,1.85,2.75,5.0,0.0,0.0,1.3,1.59,1.87,2.67,3.58,2.92,2.16,1.7,1.39,1.3,1.37,8.0,3.75,0.0,0.0,0.0,2.62,13.0,1.22,2.2,4.55,13.0,3.5,1.64,1.13,1.03,1.14,1.75,3.2,8.0,4.9,1.96,1.29,1.07,0,0,0,0,1,0,1,0,0,0,1,1756600200,1016,0,52,11,30,0,20602,2,1,8,1,4,0,9,4,1,1,1,6,2,7,1,45,30,100,88,2.01,1.14,3.15,0,0,0,0,0,0,1,1,0,0,2,0,0,0,1,17,17,1,14,11,1,3,11,7,26,59,82,89,33,63,82,56,9.37,3.6,3.63,2.81,/clubs/nashville-sc-mls-677447,teams/usa-nashville-sc-mls.png,Nashville SC,/clubs/atlanta-united-fc-1016,teams/usa-atlanta-united-fc.png,Atlanta United FC,2.17,0.47,2.36,0.38,1.79,0.85,93,74,41,19,11,41,30,18,1.74,1.12,2.86,/usa/atlanta-united-fc-vs-nashville-sc-mls-h2h-stats#8229817,13973,34,True,False,False,False,False,False,False,[],['24']
MLS,2025,13973,8229818,11,711351,2025,complete,120240,0,-1,['24'],"['12', '87']",1,2,3,3,4,7,1,1,1,5,0,0,6,4,13,5,19,9,15,22,52,48,13812.0,13.0,404.0,,,1,5,1.97,3.4,2.7,1.04,1.2,1.61,2.5,4.8,10.0,4.92,2.2,1.55,1.22,1.5,2.4,3.55,1.25,4.5,1.17,1.29,0.0,1.65,2.68,2.32,3.28,2.5,2.67,3.1,0.0,0.0,1.28,1.55,2.01,2.35,3.48,3.08,2.33,1.83,1.52,1.22,1.78,7.0,2.43,0.0,0.0,0.0,4.8,6.25,1.25,2.29,5.0,15.0,3.5,1.57,1.11,1.03,1.14,1.8,3.42,8.5,4.4,1.91,1.23,1.07,0,0,0,0,3,1,1,0,1,1,2,1756596600,711351,0,55,26,33,0,19782,2,1,2,2,1,2,4,3,0,3,1,2,3,3,1,54,39,82,79,2.0,1.13,3.14,0,0,0,0,0,0,1,1,0,0,0,2,0,0,1,1,3,1,22,15,1,3,8,22,33,55,78,96,37,63,89,59,9.55,3.32,3.5,2.96,/clubs/new-england-revolution-11,teams/usa-new-england-revolution.png,New England Revolution,/clubs/charlotte-fc-711351,teams/usa-charlotte-fc.png,Charlotte,0.94,1.11,0.85,0.93,1.15,1.68,78,67,45,22,4,63,48,45,1.28,1.1,2.38,/usa/new-england-revolution-vs-charlotte-fc-h2h-stats#8229818,13973,34,True,True,True,False,False,False,True,['24'],"['12', '87']"
MLS,2025,13973,8229819,2,13401,2025,complete,120240,0,-1,['19'],"['43', '77']",1,2,3,9,2,11,3,2,1,4,0,0,3,2,6,6,9,8,10,12,65,35,65836.0,21302.0,131.0,,,1,4,1.55,4.4,5.25,1.03,1.2,1.53,2.4,4.1,11.0,4.9,2.35,1.55,1.22,1.74,2.12,2.55,1.45,6.5,1.08,1.15,0.0,2.47,2.03,2.39,4.94,1.85,3.05,5.0,0.0,0.0,1.19,1.47,2.06,2.19,2.88,3.74,2.59,2.0,1.57,1.34,1.44,7.5,3.25,0.0,0.0,0.0,2.8,10.0,1.25,2.25,5.0,13.0,3.5,1.59,1.14,1.03,1.12,1.85,3.34,8.5,5.0,1.92,1.24,1.07,0,0,0,0,3,1,1,0,1,1,2,1756596600,13401,0,57,23,27,0,20192,2,1,3,1,6,1,4,7,1,2,0,2,3,2,1,54,36,140,71,1.19,0.91,2.1,0,0,0,0,0,0,1,1,0,0,1,0,0,0,1,29,18,1,12,10,1,6,3,7,23,66,84,97,34,77,86,53,10.46,2.32,4.28,2.84,/clubs/new-york-city-fc-2,teams/usa-new-york-city-fc.png,New York City,/clubs/dc-united-13401,teams/usa-dc-united.png,DC United,1.89,0.76,2.25,0.64,1.69,0.75,93,77,35,16,4,78,71,56,1.56,1.22,2.78,/usa/new-york-city-fc-vs-dc-united-h2h-stats#8229819,13973,34,True,True,True,False,False,False,True,['19'],"['43', '77']"
MLS,2025,13973,8229820,18,10,2025,complete,120240,0,-1,"['5', '41']","['44', '87']",2,2,4,8,10,18,3,0,2,0,0,0,9,7,10,8,19,15,11,7,58,42,13812.0,25.0,2.0,,,2,0,1.37,5.56,7.6,1.03,1.13,1.45,2.15,3.32,11.0,5.0,2.45,1.61,1.25,1.71,2.16,2.5,1.48,8.0,1.07,1.16,1.18,2.7,1.89,2.6,5.25,1.73,2.95,5.0,1.16,5.0,1.22,1.43,1.77,2.06,2.92,3.65,2.5,1.93,1.61,1.31,1.24,9.0,4.8,1.4,20.5,2.87,2.8,12.0,1.24,2.02,4.33,10.0,3.9,1.72,1.17,1.02,1.12,1.75,3.25,6.5,5.4,2.04,1.35,1.08,0,0,0,0,4,2,1,0,1,1,3,1757809800,-1,0,65,40,40,0,31952,2,1,2,8,6,2,10,8,2,0,0,0,2,0,1,49,47,104,84,2.18,1.77,3.96,0,0,0,0,0,0,1,1,1,0,1,1,1,0,1,11,18,1,7,11,1,6,7,37,47,58,82,96,61,78,79,51,9.75,3.04,4.58,3.51,/clubs/seattle-sounders-fc-18,teams/usa-seattle-sounders-fc.png,Seattle Sounders,/clubs/la-galaxy-10,teams/usa-la-galaxy.png,LA Galaxy,2.17,0.41,2.15,0.4,1.63,0.71,64,53,43,18,4,57,39,28,1.74,1.15,2.89,/usa/la-galaxy-vs-seattle-sounders-fc-h2h-stats#8229820,13973,34,True,True,True,True,False,False,True,"['5', '41']","['44', '87']"
MLS,2025,13973,8229821,8043,16,2025,complete,120240,0,-1,[],['49'],0,1,1,7,4,11,1,1,2,4,0,1,3,4,10,10,13,14,13,17,58,42,70173.0,40744.0,48141.0,,,2,5,2.5,3.8,2.5,1.04,1.18,1.57,2.5,4.44,10.0,5.13,2.3,1.57,1.23,1.55,2.45,4.2,1.18,4.0,1.2,1.25,0.0,1.44,3.1,2.32,3.1,2.8,2.75,2.68,0.0,0.0,1.3,1.56,2.01,2.57,3.15,3.05,2.23,1.76,1.42,1.22,1.95,7.0,2.05,0.0,0.0,0.0,5.0,5.25,1.25,2.3,5.3,15.0,3.34,1.53,1.13,1.03,1.17,1.7,3.6,7.5,4.5,1.95,1.29,1.08,0,0,0,0,1,0,0,0,1,1,0,1756596600,16,0,46,19,31,0,24462,2,1,2,4,5,0,6,5,1,2,1,3,3,4,1,38,46,104,104,1.31,1.5,2.81,0,0,0,0,0,0,1,1,0,0,0,0,0,0,1,6,3,1,17,13,1,9,11,12,16,47,58,96,23,50,81,47,9.85,3.69,5.07,2.39,/clubs/fc-cincinnati-8043,teams/usa-fc-cincinnati.png,FC Cincinnati,/clubs/philadelphia-union-16,teams/usa-philadelphia-union.png,Philadelphia Union,1.8,1.61,1.77,1.54,1.86,1.93,89,85,54,43,4,54,38,27,1.5,1.37,2.87,/usa/philadelphia-union-vs-fc-cincinnati-h2h-stats#8229821,13973,37,True,False,False,False,False,False,False,[],['49']
MLS,2025,13973,8229822,1398748,20,2025,complete,120240,0,-1,[],[],0,0,0,6,4,10,2,6,3,0,0,0,1,3,11,7,12,10,10,6,64,36,13812.0,44567.0,28121.0,,,3,0,1.62,4.2,4.9,1.02,1.15,1.5,2.3,4.2,14.0,4.75,2.4,1.55,1.22,1.57,2.3,2.8,1.38,6.25,1.09,1.22,0.0,2.2,2.1,2.4,4.33,1.95,2.85,4.2,0.0,0.0,1.33,1.61,2.05,2.8,3.2,2.95,2.1,1.63,1.36,1.2,1.4,7.0,3.62,0.0,0.0,0.0,3.2,9.5,1.25,2.15,4.8,12.0,3.6,1.6,1.15,1.03,1.14,1.8,3.3,6.75,5.0,1.91,1.29,1.09,0,0,0,0,0,0,0,0,0,0,0,1756002600,-1,0,38,23,8,0,27810,2,1,4,0,2,4,4,6,2,0,1,0,2,1,1,40,24,74,76,1.12,1.02,2.14,0,0,0,0,0,0,1,1,0,0,2,0,0,0,1,21,15,1,6,10,1,6,9,23,27,47,69,85,30,77,66,36,10.01,3.44,4.37,2.66,/clubs/san-diego-fc-1398748,teams/usa-san-diego-fc.png,San Diego,/clubs/portland-timbers-20,teams/usa-portland-timbers.png,Portland Timbers,1.67,0.89,1.79,1.17,1.93,1.42,77,73,54,31,16,46,31,27,1.59,1.21,2.8,/usa/portland-timbers-vs-san-diego-fc-h2h-stats#8229822,13973,38,False,False,False,False,False,False,False,[],[]
MLS,2025,13973,8229823,9,11,2025,complete,120240,0,-1,['71'],"['25', '39']",1,2,3,2,3,5,0,1,1,2,0,0,6,4,15,6,21,10,12,8,64,36,19856.0,40116.0,13.0,,,1,2,1.53,4.45,5.6,1.01,1.13,1.48,2.15,3.16,21.0,5.25,2.75,1.65,1.25,1.57,2.25,2.7,1.4,7.0,1.07,1.2,0.0,2.5,1.95,2.7,4.6,1.78,2.9,4.75,0.0,0.0,1.33,1.57,2.11,2.4,3.2,3.0,2.25,1.8,1.54,1.3,1.38,8.5,4.8,0.0,0.0,0.0,3.3,12.0,1.25,2.1,4.33,11.5,3.8,1.67,1.18,1.02,1.1,1.73,3.0,6.5,5.0,2.0,1.3,1.09,0,0,0,0,3,0,2,1,0,1,2,1755991800,11,0,59,26,26,0,20777,2,1,1,2,1,1,3,2,0,1,1,1,1,2,1,113,17,137,60,2.55,1.04,3.59,0,0,0,0,0,0,1,1,0,0,1,1,0,0,1,2,4,1,8,12,1,3,15,19,30,55,67,86,45,71,67,30,11.14,4.14,2.92,2.82,/clubs/columbus-crew-9,teams/usa-columbus-crew.png,Columbus Crew,/clubs/new-england-revolution-11,teams/usa-new-england-revolution.png,New England Revolution,1.94,1.18,2.0,1.31,1.73,1.08,82,71,45,34,15,59,45,30,1.69,1.36,3.05,/usa/columbus-crew-vs-new-england-revolution-h2h-stats#8229823,13973,34,True,True,True,False,False,False,True,['71'],"['25', '39']"
MLS,2025,13973,8229824,8043,2,2025,complete,120240,0,-1,[],['55'],0,1,1,4,4,8,3,2,0,3,0,0,5,4,5,6,10,10,8,11,46,54,13864.0,40744.0,21302.0,,,0,3,2.25,3.45,3.75,1.04,1.2,1.68,2.62,4.5,10.5,3.8,2.1,1.42,1.16,1.55,2.48,2.9,1.36,4.75,1.15,1.26,0.0,1.83,2.4,2.46,3.3,2.3,2.62,3.1,0.0,0.0,1.3,1.55,2.02,2.65,3.75,3.1,2.2,1.7,1.39,1.22,1.53,7.5,3.1,0.0,0.0,0.0,4.5,6.0,1.32,2.4,5.5,15.0,3.1,1.49,1.12,1.01,1.2,1.77,3.48,8.5,4.1,1.8,1.22,1.04,0,0,0,0,1,0,0,0,1,1,0,1755991800,2,0,52,20,29,0,25513,2,1,2,2,2,2,4,4,0,1,0,2,1,2,1,29,55,85,104,1.2,1.32,2.51,0,0,0,0,0,0,1,1,0,0,0,1,0,0,1,5,3,1,11,8,1,2,8,16,28,53,69,93,28,64,85,53,8.44,3.58,4.02,2.81,/clubs/fc-cincinnati-8043,teams/usa-fc-cincinnati.png,FC Cincinnati,/clubs/new-york-city-fc-2,teams/usa-new-york-city-fc.png,New York City,1.8,1.52,1.92,1.08,1.93,1.64,84,72,48,32,8,68,52,36,1.53,1.25,2.78,/usa/new-york-city-fc-vs-fc-cincinnati-h2h-stats#8229824,13973,38,True,False,False,False,False,False,False,[],['55']
MLS,2025,13973,8229825,1016,19,2025,complete,120240,0,-1,[],[],0,0,0,6,5,11,0,2,3,1,0,0,1,2,5,10,6,12,17,9,54,46,62506.0,762.0,11434.0,,,3,1,1.67,4.1,4.7,1.03,1.16,1.64,2.4,4.67,12.0,4.33,2.35,1.54,1.2,1.65,2.25,2.62,1.42,5.75,1.1,1.21,0.0,2.25,2.1,2.35,4.5,2.0,3.0,4.33,0.0,0.0,1.31,1.57,2.0,2.67,3.8,3.3,2.16,1.7,1.39,1.21,1.44,8.8,3.75,0.0,0.0,0.0,3.1,9.5,1.28,2.25,5.0,13.5,3.3,1.55,1.13,1.01,1.16,1.8,3.42,8.5,4.4,1.88,1.29,1.08,0,0,0,0,0,0,0,0,0,0,0,1756065600,-1,0,68,20,40,0,39509,2,1,4,3,2,2,7,4,0,0,3,1,0,4,1,43,55,94,83,0.77,1.29,2.07,0,0,0,0,0,0,1,1,0,0,1,0,0,0,1,20,14,1,9,17,1,3,7,28,44,52,76,96,32,84,76,52,8.58,3.52,4.18,3.19,/clubs/atlanta-united-fc-1016,teams/usa-atlanta-united-fc.png,Atlanta United FC,/clubs/toronto-fc-19,teams/canada-toronto-fc.png,Toronto,1.18,0.94,1.31,1.0,0.85,0.88,73,57,48,24,4,60,44,32,1.4,1.04,2.44,/usa/toronto-fc-vs-atlanta-united-fc-h2h-stats#8229825,13973,34,False,False,False,False,False,False,False,[],[]
MLS,2025,13973,8229826,14,1015,2025,complete,120240,0,-1,['15'],"['6', '36', '51']",1,3,4,6,5,11,3,3,2,2,0,0,6,3,21,6,27,9,14,16,68,32,,8.0,55946.0,,,2,2,2.33,3.75,2.82,1.01,1.23,1.73,2.8,4.75,10.0,3.8,2.15,1.4,1.13,1.62,2.15,3.3,1.29,4.0,1.22,1.29,0.0,1.65,2.75,2.2,3.4,2.62,2.55,3.2,0.0,0.0,1.22,1.38,1.68,1.95,2.95,3.88,2.88,2.2,1.57,1.5,1.66,6.75,2.6,0.0,0.0,0.0,4.33,5.75,1.33,2.4,6.0,16.0,3.0,1.47,1.11,1.01,1.2,1.93,3.8,9.0,4.0,1.77,1.22,1.06,0,0,0,0,4,1,2,0,1,1,3,1755999000,1015,0,44,13,24,0,20137,2,1,3,4,3,1,7,4,0,0,2,2,0,4,1,70,25,143,43,2.63,0.96,3.58,0,0,0,0,0,0,1,1,0,1,0,1,0,0,1,19,14,1,16,14,1,5,15,16,24,44,64,89,32,69,68,32,9.25,3.55,5.1,2.4,/clubs/real-salt-lake-14,teams/usa-real-salt-lake.png,Real Salt Lake,/clubs/minnesota-united-fc-1015,teams/usa-minnesota-united-fc.png,Minnesota United,1.65,1.58,1.58,1.77,1.19,1.74,84,76,57,37,12,60,44,32,1.48,1.27,2.75,/usa/real-salt-lake-vs-minnesota-united-fc-h2h-stats#8229826,13973,35,True,True,True,True,False,False,True,['15'],"['6', '36', '51']"
MLS,2025,13973,8229827,16,7,2025,complete,120240,0,-1,"['34', '64', '73', '80']",[],4,0,4,6,4,10,3,1,3,2,0,0,8,2,15,5,23,7,16,10,52,48,69.0,48141.0,14.0,,,3,2,1.62,3.9,3.85,1.02,1.16,1.53,2.25,3.9,13.0,5.62,2.3,1.62,1.22,1.53,2.38,3.1,1.33,5.5,1.11,1.25,0.0,2.11,2.2,2.63,4.0,2.15,3.0,3.75,0.0,0.0,1.26,1.5,1.87,2.5,3.5,3.3,2.48,1.77,1.44,1.36,1.46,7.5,3.2,0.0,0.0,0.0,3.6,8.5,1.25,2.2,4.7,10.0,3.6,1.58,1.15,1.02,1.16,1.75,3.25,7.0,5.0,1.95,1.29,1.08,0,0,0,0,4,1,0,3,0,3,1,1755991800,16,0,78,26,38,0,18712,2,1,3,1,3,3,4,6,1,1,2,1,2,3,1,58,31,114,73,2.43,0.81,3.24,0,0,0,0,0,0,1,1,0,0,0,0,0,0,1,6,4,1,10,16,1,7,12,26,56,82,93,97,49,93,78,60,11.06,3.79,4.88,3.88,/clubs/philadelphia-union-16,teams/usa-philadelphia-union.png,Philadelphia Union,/clubs/chicago-fire-7,teams/usa-chicago-fire.png,Chicago Fire,2.16,1.67,2.21,1.69,1.89,1.5,74,44,19,7,4,66,55,48,1.76,1.45,3.21,/usa/chicago-fire-vs-philadelphia-union-h2h-stats#8229827,13973,37,True,True,True,True,False,False,False,"['34', '64', '73', '80']",[]
MLS,2025,13973,8229828,5,945555,2025,complete,120240,0,-1,"['45+4', '79', '90+14']","['13', '73']",3,2,5,11,1,12,1,1,1,0,0,0,7,4,15,7,22,11,13,12,60,40,24.0,5362.0,55486.0,,,1,0,1.41,4.6,6.4,1.01,1.12,1.42,2.12,3.08,15.5,5.25,3.1,1.67,1.33,1.56,2.25,2.62,1.42,8.0,1.05,1.12,0.0,2.75,1.92,2.88,5.25,1.68,3.0,5.0,0.0,0.0,1.25,1.43,1.67,2.05,3.3,3.5,2.62,2.1,1.7,1.44,1.4,7.0,3.54,0.0,0.0,0.0,3.0,13.0,1.24,2.11,4.6,10.0,3.7,1.65,1.17,1.03,1.13,1.67,3.2,6.0,5.0,2.1,1.3,1.09,0,0,0,0,5,1,1,2,1,3,2,1755999000,5,0,48,21,28,0,26031,2,1,7,0,4,1,7,5,0,0,1,0,0,1,1,87,35,139,66,2.5,1.23,3.73,2,0,2,0,0,0,1,1,0,0,1,0,0,0,1,15,14,1,10,13,1,9,16,20,32,65,81,92,37,77,80,56,10.1,2.37,4.13,3.05,/clubs/vancouver-whitecaps-fc-5,teams/canada-vancouver-whitecaps-fc.png,Vancouver Whitecaps,/clubs/st-louis-city-sc-945555,teams/usa-st-louis-city-sc.png,St. Louis City,2.0,0.82,2.0,0.38,1.77,0.81,80,68,36,20,8,57,48,40,1.8,1.12,2.92,/usa/vancouver-whitecaps-fc-vs-st-louis-city-sc-h2h-stats#8229828,13973,34,True,True,True,True,True,False,True,"['45+4', '79', '90+14']","['13', '73']"
MLS,2025,13973,8229829,677447,17,2025,complete,120240,0,-1,"['2', '17', '40', '43', '90+4']",['76'],5,1,6,5,4,9,1,0,2,2,0,1,9,4,8,8,17,12,14,12,50,50,13841.0,48648.0,29408.0,,,2,4,1.71,3.8,4.2,1.03,1.22,1.67,2.5,4.75,12.0,4.1,2.23,1.46,1.18,1.57,2.2,2.75,1.36,5.0,1.13,1.25,0.0,1.95,2.3,2.38,3.9,2.2,2.9,3.8,0.0,0.0,1.34,1.67,2.1,2.62,3.1,2.87,2.1,1.67,1.34,1.25,1.4,8.0,3.35,0.0,0.0,0.0,3.25,8.5,1.31,2.4,5.25,12.0,3.1,1.5,1.12,1.01,1.18,1.85,3.6,8.0,4.33,1.85,1.26,1.05,0,0,0,0,6,4,0,1,1,2,4,1755995400,677447,0,54,19,27,0,28014,2,1,1,4,4,0,5,4,0,0,2,3,0,5,1,30,26,59,92,1.91,1.23,3.15,0,0,0,0,0,0,1,1,1,0,0,1,0,0,1,15,11,1,12,14,1,8,6,12,27,66,69,81,31,62,73,46,9.31,3.31,3.77,2.73,/clubs/nashville-sc-mls-677447,teams/usa-nashville-sc-mls.png,Nashville SC,/clubs/orlando-city-sc-17,teams/usa-orlando-city-sc.png,Orlando City,2.17,1.39,2.31,1.77,1.74,1.74,89,74,35,31,19,54,50,39,1.73,1.51,3.24,/usa/orlando-city-sc-vs-nashville-sc-mls-h2h-stats#8229829,13973,35,True,True,True,True,True,True,True,"['2', '17', '40', '43', '90+4']",['76']
MLS,2025,13973,8229830,1,698284,2025,complete,120240,0,-1,"['9', '45+3', '67']","['39', '77']",3,2,5,2,2,4,-1,-1,5,2,0,0,7,6,6,4,13,10,16,12,49,51,3.0,47980.0,21189.0,,,5,2,2.8,3.53,2.3,1.05,1.25,1.86,2.99,5.5,10.0,3.5,2.01,1.34,1.12,1.65,2.1,3.6,1.25,3.4,1.29,1.31,0.0,1.48,3.4,2.1,2.8,3.1,2.4,2.9,0.0,0.0,1.28,1.53,1.95,2.5,3.6,2.9,2.25,1.73,1.52,1.23,1.85,6.25,2.35,0.0,0.0,0.0,5.0,4.4,1.33,2.5,5.8,17.0,3.0,1.44,1.1,1.01,1.22,2.0,3.95,9.0,4.0,1.71,1.18,1.03,0,0,0,0,5,2,1,1,1,2,3,1755991800,1,0,52,20,24,0,15251,2,1,0,2,2,0,2,2,1,1,4,1,2,5,1,32,34,81,94,1.54,1.31,2.85,1,0,1,0,0,0,1,1,1,0,0,0,0,0,1,4,5,1,11,16,1,5,6,16,24,40,76,96,32,80,72,41,8.2,3.37,5.27,2.68,/clubs/montreal-impact-1,teams/canada-montreal-impact.png,Montreal Impact,/clubs/austin-fc-698284,teams/usa-austin-fc.png,Austin,0.71,1.06,0.62,1.33,0.74,1.4,84,76,61,24,4,49,41,33,1.25,1.11,2.36,/usa/montreal-impact-vs-austin-fc-h2h-stats#8229830,13973,34,True,True,True,True,True,False,True,"['9', '45+3', '67']","['39', '77']"
MLS,2025,13973,8229831,13401,677446,2025,complete,120240,0,-1,['13'],['64'],1,1,2,5,8,13,1,2,2,2,0,0,2,3,9,10,11,13,13,14,29,71,59668.0,131.0,48359.0,,,2,2,2.7,3.3,2.6,1.02,1.13,1.47,3.1,6.0,14.0,3.5,2.4,1.62,1.25,1.44,2.1,5.0,1.13,3.8,1.22,1.25,0.0,1.35,3.36,2.32,2.95,3.02,2.48,2.8,0.0,0.0,1.38,1.76,2.51,2.6,3.4,2.8,2.1,1.73,1.44,1.21,2.42,8.2,1.77,0.0,0.0,0.0,4.75,4.4,1.22,2.1,4.33,11.0,3.7,1.67,1.18,1.03,1.15,1.7,3.1,12.0,4.75,1.95,1.29,1.09,0,0,0,0,2,1,0,0,1,1,1,1755991800,-1,0,65,33,24,0,19365,2,1,4,2,1,6,6,7,2,0,0,2,2,2,1,36,74,78,136,1.1,1.57,2.67,0,0,0,0,0,0,1,1,0,0,0,0,0,0,1,1,7,1,14,13,1,8,5,37,41,65,73,85,57,81,69,41,9.2,3.46,5.1,3.27,/clubs/dc-united-13401,teams/usa-dc-united.png,DC United,/clubs/club-internacional-de-futbol-miami-677446,teams/usa-club-internacional-de-futbol-miami.png,Inter Miami,0.76,1.68,0.85,1.75,0.74,1.88,64,60,36,28,16,44,24,20,1.18,1.29,2.47,/usa/dc-united-vs-club-internacional-de-futbol-miami-h2h-stats#8229831,13973,34,True,True,False,False,False,False,True,['13'],['64']
MLS,2025,13973,8229832,13,6490,2025,complete,120240,0,-1,['13'],['6'],1,1,2,1,11,12,2,3,2,3,0,0,2,7,8,13,10,20,9,17,34,66,62494.0,28222.0,43902.0,,,2,3,4.0,3.8,1.8,1.02,1.22,1.66,2.65,4.75,10.0,3.8,2.1,1.42,1.15,1.63,2.1,4.5,1.17,2.8,1.33,1.29,0.0,1.3,3.75,2.3,2.3,4.0,2.5,2.1,0.0,0.0,1.36,1.68,1.85,3.0,3.6,2.75,2.0,1.85,1.32,1.17,2.7,6.0,1.66,0.0,0.0,0.0,7.0,3.4,1.3,2.4,6.0,12.0,3.2,1.47,1.11,1.0,1.19,1.9,3.8,8.5,4.0,1.8,1.23,1.04,0,0,0,0,2,1,1,0,0,0,2,1755995400,-1,0,59,44,34,0,11151,2,1,0,4,1,6,4,7,1,0,1,3,1,4,1,28,68,82,115,0.98,2.24,3.22,0,0,0,0,0,0,1,1,0,1,0,0,0,0,1,16,20,1,17,9,1,9,7,25,48,59,80,96,44,76,80,50,6.88,3.45,4.91,3.32,/clubs/fc-dallas-13,teams/usa-fc-dallas.png,FC Dallas,/clubs/los-angeles-fc-6490,teams/usa-los-angeles-fc.png,Los Angeles FC,1.22,1.53,0.85,1.27,1.12,1.67,75,53,41,21,4,59,42,38,1.22,1.37,2.59,/usa/fc-dallas-vs-los-angeles-fc-h2h-stats#8229832,13973,36,True,True,False,False,False,False,True,['13'],['6']
MLS,2025,13973,8229833,18,8,2025,complete,120240,0,-1,"['11', '45+1', '50', '61', '75']","['36', '53']",5,2,7,4,3,7,2,1,0,1,0,0,7,4,14,8,21,12,7,10,52,48,,25.0,,,,0,1,1.3,4.9,6.0,1.01,1.1,1.39,1.95,3.2,18.0,5.75,2.8,1.75,1.32,1.57,2.25,2.6,1.44,8.5,1.04,1.17,0.0,2.9,1.78,2.6,4.95,1.75,3.3,5.25,0.0,0.0,1.2,1.4,1.57,1.91,2.5,4.0,2.7,2.25,1.8,1.33,1.21,8.5,5.75,0.0,0.0,0.0,2.95,13.0,1.2,1.95,3.8,9.0,4.0,1.75,1.2,1.05,1.09,1.57,2.75,5.75,5.5,2.2,1.39,1.1,0,0,0,0,7,2,1,3,1,4,3,1756084500,18,0,64,40,37,0,30184,2,1,1,1,3,2,2,5,0,0,0,1,0,1,1,40,64,76,115,2.09,1.51,3.6,1,0,1,0,0,0,1,1,0,0,0,0,0,0,1,19,20,1,9,7,1,6,9,25,44,68,76,92,56,72,76,56,8.25,2.98,4.23,3.29,/clubs/seattle-sounders-fc-18,teams/usa-seattle-sounders-fc.png,Seattle Sounders,/clubs/sporting-kansas-city-8,teams/usa-sporting-kansas-city.png,Sporting KC,2.17,0.65,2.08,0.85,1.58,0.92,75,56,33,24,8,64,40,20,1.71,1.15,2.86,/usa/sporting-kansas-city-vs-seattle-sounders-fc-h2h-stats#8229833,13973,34,True,True,True,True,True,True,True,"['11', '45+1', '50', '61', '75']","['36', '53']"
MLS,2025,13973,8229834,6,15,2025,complete,120240,0,-1,['72'],"['28', '64']",1,2,3,8,6,14,2,1,2,3,0,0,4,4,7,6,11,10,12,8,54,46,70173.0,20.0,21032.0,,,2,3,2.08,3.7,3.3,1.02,1.17,1.55,2.33,3.8,13.0,4.5,2.3,1.53,1.22,1.5,2.4,3.4,1.25,5.0,1.13,1.29,0.0,1.78,2.61,2.53,3.6,2.25,2.9,3.2,0.0,0.0,1.22,1.52,1.77,2.3,3.1,3.7,2.5,1.88,1.51,1.29,1.72,8.5,2.55,0.0,0.0,0.0,4.5,6.5,1.29,2.25,4.7,13.0,3.4,1.57,1.14,1.02,1.17,1.75,3.2,7.25,4.5,1.95,1.29,1.07,0,0,0,0,3,0,1,1,1,2,1,1755995400,15,0,70,27,43,0,17359,2,1,2,3,6,3,5,9,2,1,0,2,3,2,1,70,36,87,64,1.48,1.17,2.65,0,0,0,0,0,0,1,1,0,0,1,0,0,0,1,22,18,1,8,12,1,7,8,20,35,66,85,96,46,70,85,58,10.46,2.38,5.31,3.04,/clubs/houston-dynamo-6,teams/usa-houston-dynamo.png,Houston Dynamo,/clubs/san-jose-earthquakes-15,teams/usa-san-jose-earthquakes.png,SJ Earthquakes,1.06,1.18,1.08,1.08,1.12,1.19,81,66,35,15,4,50,46,39,1.52,1.65,3.17,/usa/houston-dynamo-vs-san-jose-earthquakes-h2h-stats#8229834,13973,34,True,True,True,False,False,False,True,['72'],"['28', '64']"
MLS,2025,13973,8229835,6,1015,2025,complete,120240,0,-1,"['45+1', '77']",[],2,0,2,7,5,12,1,0,3,1,0,0,6,1,14,6,20,7,9,14,68,32,13889.0,20.0,55946.0,,,3,1,1.95,3.55,3.55,1.06,1.33,2.05,3.7,6.5,8.5,2.9,1.66,1.24,1.08,1.73,1.8,3.3,1.28,3.0,1.33,1.28,0.0,1.75,3.2,2.05,3.0,2.95,2.25,2.75,0.0,0.0,1.3,1.44,1.99,2.6,2.65,3.4,2.55,1.73,1.41,1.41,1.8,8.2,2.7,0.0,0.0,0.0,4.75,4.2,1.42,2.8,6.5,23.0,2.62,1.32,1.06,1.02,1.27,2.2,4.35,10.5,3.5,1.57,1.15,1.02,0,0,0,0,2,1,0,1,0,1,1,1747269000,6,0,52,15,23,0,14266,2,1,5,1,2,4,6,6,1,0,2,1,1,3,1,71,36,125,62,2.19,0.77,2.97,0,0,0,0,0,0,1,1,0,0,1,0,0,0,1,27,17,1,14,9,1,7,6,16,30,61,68,92,47,69,77,44,10.88,3.88,3.9,2.74,/clubs/houston-dynamo-6,teams/usa-houston-dynamo.png,Houston Dynamo,/clubs/minnesota-united-fc-1015,teams/usa-minnesota-united-fc.png,Minnesota United,1.06,1.58,1.0,1.83,0.83,1.83,85,70,40,32,9,45,45,38,1.38,1.45,2.83,/usa/houston-dynamo-vs-minnesota-united-fc-h2h-stats#8229835,13973,34,True,True,False,False,False,False,False,"['45+1', '77']",[]
MLS,2025,13973,8229836,945555,8,2025,complete,120240,0,-1,"['15', '44']","['70', '77']",2,2,4,5,5,10,2,1,1,3,0,0,7,5,10,13,17,18,17,12,45,55,19912.0,1620.0,,,,1,3,1.97,3.75,3.56,1.01,1.22,1.7,2.6,4.9,10.0,3.6,2.18,1.36,1.13,1.68,2.05,3.2,1.3,4.75,1.15,1.25,0.0,1.9,2.4,2.18,4.0,2.27,2.7,3.45,0.0,0.0,1.29,1.5,2.08,2.28,2.9,3.15,2.5,1.88,1.55,1.34,1.79,8.0,2.4,0.0,0.0,0.0,3.95,6.5,1.27,2.56,6.0,13.0,3.0,1.44,1.09,1.01,1.22,2.0,3.45,9.75,3.8,1.71,1.2,1.04,0,0,0,0,4,2,0,0,2,2,2,1747269900,-1,0,50,25,34,0,22423,2,1,2,5,3,0,7,3,0,2,1,1,2,2,1,54,57,50,68,1.94,1.89,3.82,0,0,0,0,0,0,1,1,0,0,1,2,0,0,1,11,9,1,12,17,1,11,9,9,9,50,50,84,25,59,50,34,7.5,4.33,4.0,2.25,/clubs/st-louis-city-sc-945555,teams/usa-st-louis-city-sc.png,St. Louis City,/clubs/sporting-kansas-city-8,teams/usa-sporting-kansas-city.png,Sporting KC,1.06,0.65,0.83,0.5,0.83,0.83,92,92,50,50,17,42,25,25,1.52,1.21,2.73,/usa/sporting-kansas-city-vs-st-louis-city-sc-h2h-stats#8229836,13973,34,True,True,True,True,False,False,True,"['15', '44']","['70', '77']"
MLS,2025,13973,8229837,698284,1016,2025,complete,120240,0,-1,['55'],['90+2'],1,1,2,9,5,14,2,0,0,1,0,0,5,5,13,3,18,8,10,10,51,49,13891.0,21189.0,762.0,,,0,1,1.92,3.75,3.77,1.0,1.3,1.93,2.7,6.5,9.2,3.1,1.75,1.47,1.09,1.75,2.25,3.0,1.36,3.6,1.25,1.29,0.0,1.6,2.7,2.1,3.85,2.25,2.5,3.1,0.0,0.0,1.25,1.44,1.7,2.1,2.79,3.84,2.55,2.0,1.64,1.36,1.8,8.2,2.33,0.0,0.0,0.0,3.8,6.5,1.37,2.8,6.0,19.0,2.8,1.38,1.08,1.0,1.22,2.15,4.6,11.5,3.6,1.62,1.15,1.02,0,0,0,0,2,0,0,1,1,2,0,1747270800,-1,0,29,9,20,0,20738,2,1,5,1,4,4,6,8,0,0,0,1,0,1,1,48,23,105,61,1.83,1.03,2.86,0,0,0,0,0,0,1,1,0,0,2,0,0,0,1,17,26,1,10,10,1,5,16,0,10,57,67,92,17,55,75,50,8.2,4.03,4.37,2.25,/clubs/austin-fc-698284,teams/usa-austin-fc.png,Austin,/clubs/atlanta-united-fc-1016,teams/usa-atlanta-united-fc.png,Atlanta United FC,1.56,0.47,1.67,0.2,1.33,0.83,100,90,44,34,9,44,44,17,1.48,1.25,2.73,/usa/atlanta-united-fc-vs-austin-fc-h2h-stats#8229837,13973,34,True,True,False,False,False,False,True,['55'],['90+2']
MLS,2025,13973,8229838,15,677446,2025,complete,120240,0,-1,"['3', '37', '45+4']","['1', '44', '52']",3,3,6,7,2,9,5,4,3,1,0,0,5,5,8,5,13,10,13,8,40,60,13893.0,21032.0,48359.0,,,3,1,2.7,3.5,2.5,1.03,1.21,1.44,2.55,3.2,11.5,4.0,2.1,1.44,1.17,1.41,3.0,4.75,1.15,4.75,1.15,1.25,0.0,1.53,3.0,2.5,2.65,2.69,2.85,2.63,0.0,0.0,1.16,1.45,1.75,2.02,2.33,4.0,2.84,1.95,1.67,1.39,1.97,8.0,2.18,0.0,0.0,0.0,5.5,5.8,1.3,2.02,3.9,11.0,3.2,1.72,1.2,1.02,1.14,1.8,3.4,5.8,4.5,1.91,1.29,1.07,0,0,0,0,6,3,2,0,1,1,5,1747276200,-1,0,66,39,27,0,18000,2,1,2,2,5,0,4,5,1,0,2,1,1,3,1,51,50,91,112,1.54,1.35,2.89,0,0,0,0,0,0,1,1,1,1,0,2,0,0,1,17,22,1,8,13,1,6,10,42,49,66,73,90,59,90,73,42,12.06,4.91,4.89,3.55,/clubs/san-jose-earthquakes-15,teams/usa-san-jose-earthquakes.png,SJ Earthquakes,/clubs/club-internacional-de-futbol-miami-677446,teams/usa-club-internacional-de-futbol-miami.png,Inter Miami,1.24,1.68,1.43,2.0,1.33,1.91,59,52,35,27,10,69,49,39,1.99,1.23,3.22,/usa/san-jose-earthquakes-vs-club-internacional-de-futbol-miami-h2h-stats#8229838,13973,34,True,True,True,True,True,True,True,"['3', '37', '45+4']","['1', '44', '52']"
MLS,2025,13973,8229839,677447,4,2025,complete,120240,0,-1,"['34', '63']",['56'],2,1,3,5,6,11,2,3,3,3,0,0,7,2,6,5,13,7,11,14,45,55,42.0,48648.0,1313.0,,,3,3,2.0,3.6,3.85,1.05,1.28,1.8,2.88,5.75,10.0,3.6,2.05,1.36,1.13,1.65,2.1,3.0,1.42,4.0,1.18,1.25,0.0,1.85,2.6,2.2,4.0,2.24,2.56,3.65,0.0,0.0,1.4,1.58,2.11,2.48,3.84,2.83,2.18,1.74,1.47,1.18,1.47,7.8,3.15,0.0,0.0,0.0,3.5,6.25,1.33,2.55,6.25,17.0,3.0,1.44,1.1,1.01,1.2,1.93,3.9,9.25,4.1,1.75,1.22,1.03,0,0,0,0,3,1,0,1,1,2,1,1747269000,677447,0,49,35,15,0,22549,2,1,4,2,1,4,6,5,0,1,3,2,1,5,1,40,54,78,102,1.6,0.98,2.58,0,0,0,0,0,0,1,1,0,0,0,0,0,0,1,30,22,1,14,11,1,7,6,17,17,56,63,73,42,49,73,22,9.2,4.14,3.49,2.55,/clubs/nashville-sc-mls-677447,teams/usa-nashville-sc-mls.png,Nashville SC,/clubs/new-york-red-bulls-4,teams/usa-new-york-red-bulls.png,New York RB,2.17,0.59,2.29,0.4,1.67,1.5,83,83,45,37,27,42,15,15,2.02,1.06,3.08,/usa/new-york-red-bulls-vs-nashville-sc-mls-h2h-stats#8229839,13973,34,True,True,True,False,False,False,True,"['34', '63']",['56']
MLS,2025,13973,8229840,6490,18,2025,complete,120240,0,-1,"['26', '51', '80', '86']",[],4,0,4,5,3,8,2,0,2,3,0,0,7,3,8,5,15,8,17,12,61,39,84.0,43902.0,25.0,,,2,3,2.12,3.4,3.55,1.05,1.22,1.95,3.2,6.0,10.0,3.8,2.1,1.42,1.15,1.8,1.9,2.35,1.53,4.5,1.17,1.2,0.0,2.0,2.2,2.13,4.6,2.07,2.45,4.8,0.0,0.0,1.19,1.39,1.75,2.17,2.88,3.76,2.59,1.98,1.61,1.38,1.75,8.5,2.65,0.0,0.0,0.0,2.9,7.5,1.35,2.75,5.75,15.0,2.9,1.49,1.12,1.01,1.2,2.05,3.8,9.5,4.0,1.8,1.22,1.04,0,0,0,0,4,1,0,3,0,3,1,1747276200,6490,0,38,7,17,0,22120,2,1,2,3,3,0,5,3,2,1,0,2,3,2,1,50,25,100,77,1.8,0.9,2.7,0,0,0,0,0,0,1,1,0,0,0,0,0,0,1,10,12,1,12,17,1,5,7,0,16,31,61,100,15,67,70,24,10.88,4.29,2.97,2.07,/clubs/los-angeles-fc-6490,teams/usa-los-angeles-fc.png,Los Angeles FC,/clubs/seattle-sounders-fc-18,teams/usa-seattle-sounders-fc.png,Seattle Sounders,2.11,1.11,2.17,1.14,1.5,1.58,100,85,69,40,0,61,54,30,1.83,1.6,3.43,/usa/seattle-sounders-fc-vs-los-angeles-fc-h2h-stats#8229840,13973,37,True,True,True,True,False,False,False,"['26', '51', '80', '86']",[]
MLS,2025,13973,8229841,14,20,2025,complete,120240,0,-1,[],[],0,0,0,4,0,4,2,3,3,1,0,0,2,4,6,8,8,12,13,11,50,50,36.0,8.0,28121.0,,,3,1,2.15,3.6,3.0,1.03,1.14,1.53,2.25,4.0,11.0,4.75,2.1,1.44,1.17,1.46,2.74,3.6,1.25,5.0,1.13,1.26,0.0,1.62,2.4,2.41,3.62,2.4,2.63,3.0,0.0,0.0,1.24,1.5,1.77,2.34,2.63,3.34,2.46,1.93,1.66,1.41,1.52,8.5,3.3,0.0,0.0,0.0,4.5,7.0,1.25,2.25,5.75,11.0,3.5,1.5,1.12,1.03,1.18,1.75,3.3,8.0,4.33,1.8,1.25,1.05,0,0,0,0,0,0,0,0,0,0,0,1747272600,-1,0,35,27,9,0,19616,2,1,3,0,1,0,3,1,1,0,2,1,1,3,1,53,34,94,89,1.04,1.29,2.32,0,0,0,0,0,0,1,1,0,0,0,0,0,0,1,21,19,1,11,13,1,12,5,25,35,44,72,92,37,92,62,35,8.93,3.8,5.6,2.84,/clubs/real-salt-lake-14,teams/usa-real-salt-lake.png,Real Salt Lake,/clubs/portland-timbers-20,teams/usa-portland-timbers.png,Portland Timbers,1.65,0.89,1.2,1.67,1.08,1.75,75,65,57,29,9,55,37,9,1.39,1.45,2.84,/usa/real-salt-lake-vs-portland-timbers-h2h-stats#8229841,13973,35,False,False,False,False,False,False,False,[],[]
MLS,2025,13973,8229842,1398748,12,2025,complete,120240,0,-1,"['33', '58']",[],2,0,2,10,3,13,3,0,3,4,0,0,9,5,19,3,28,8,11,13,62,38,62506.0,44567.0,11435.0,,,3,4,1.54,4.3,4.35,1.03,1.21,1.63,2.38,4.14,11.0,4.0,2.1,1.44,1.25,1.65,2.3,2.6,1.44,6.5,1.08,1.18,0.0,2.5,1.91,2.53,4.0,1.83,2.95,2.95,0.0,0.0,1.43,1.72,2.15,2.8,3.65,2.81,1.98,1.61,1.37,1.22,1.43,7.8,3.3,0.0,0.0,0.0,2.85,10.0,1.3,2.35,4.75,11.0,3.2,1.5,1.15,1.01,1.13,1.75,3.2,6.75,4.33,2.0,1.3,1.06,0,0,0,0,2,1,0,1,0,1,1,1747276200,1398748,0,50,33,9,0,22361,2,1,5,1,5,2,6,7,1,1,2,3,2,5,1,50,33,68,56,2.74,1.09,3.83,0,0,0,0,0,0,1,1,0,0,1,0,1,0,1,14,25,1,13,10,1,6,10,17,34,59,75,83,59,83,42,25,9.5,3.5,4.83,2.67,/clubs/san-diego-fc-1398748,teams/usa-san-diego-fc.png,San Diego,/clubs/colorado-rapids-12,teams/usa-colorado-rapids.png,Colorado Rapids,1.67,0.76,1.83,1.33,1.67,1.33,84,67,42,25,17,59,42,25,1.66,0.89,2.55,/usa/colorado-rapids-vs-san-diego-fc-h2h-stats#8229842,13973,34,True,True,False,False,False,False,False,"['33', '58']",[]
MLS,2025,13973,8341547,20,14,2025,complete,121599,0,-1,"['24', '35', '82']",['39'],3,1,4,7,6,13,2,3,0,5,0,0,8,7,4,15,12,22,13,15,48,52,5016.0,,,,,0,5,2.22,3.59,3.15,1.01,1.18,1.65,2.42,4.2,10.0,4.15,2.26,1.52,1.19,1.5,2.33,3.4,1.29,4.5,1.17,1.34,1.29,1.71,2.7,2.32,3.58,2.4,2.62,3.1,1.57,2.25,1.19,1.4,1.79,2.05,2.83,3.8,2.62,1.99,1.64,1.34,1.84,7.0,2.2,1.72,15.25,2.1,4.5,6.0,1.26,2.34,5.0,15.0,3.15,1.53,1.12,1.03,1.17,1.84,3.6,8.5,4.5,1.88,1.25,1.06,0,0,0,0,4,2,1,1,0,1,3,1761186900,20,1,55,29,30,0,16243,2,1,4,3,3,3,7,6,0,1,0,4,1,4,1,48,67,80,112,1.66,2.36,4.02,0,0,0,0,0,0,1,1,0,0,1,0,0,0,1,13,15,1,15,14,1,9,3,15,28,47,71,94,28,77,74,41,9.74,3.53,4.88,2.59,/clubs/portland-timbers-20,teams/usa-portland-timbers.png,Portland Timbers,/clubs/real-salt-lake-14,teams/usa-real-salt-lake.png,Real Salt Lake,1.26,1.17,1.29,1.21,1.29,1.21,85,73,53,29,6,65,52,43,1.36,1.57,2.93,/usa/real-salt-lake-vs-portland-timbers-h2h-stats#8341547,13973,35,True,True,True,True,False,False,True,"['24', '35', '82']",['39']
MLS,2025,13973,8341548,7,17,2025,complete,121599,0,-1,"['48', '56', '67']",['89'],3,1,4,3,3,6,2,1,1,3,0,0,9,4,15,2,24,6,11,11,52,48,36.0,,,,,1,3,2.0,3.5,2.88,1.0,1.17,1.48,2.25,3.85,10.0,5.4,2.64,1.6,1.26,1.47,2.5,3.8,1.22,4.75,1.13,1.25,1.22,1.71,2.56,2.4,3.37,2.45,2.88,3.15,1.5,2.5,1.24,1.46,1.85,2.39,2.75,3.55,2.42,1.85,1.49,1.27,1.72,7.0,2.58,1.73,17.0,2.15,4.5,6.5,1.25,2.2,4.5,10.5,3.42,1.61,1.17,1.03,1.13,1.7,3.3,7.0,5.0,2.0,1.33,1.08,0,0,0,0,4,0,0,3,1,4,0,1761180000,7,1,75,21,41,0,-1,2,1,2,1,1,2,3,3,1,0,0,3,1,3,1,73,36,103,84,2.66,0.93,3.59,0,0,0,0,0,0,1,1,0,0,0,1,0,0,1,12,22,1,11,11,1,4,13,28,53,74,85,91,46,84,78,62,9.12,3.15,4.36,3.56,/clubs/chicago-fire-7,teams/usa-chicago-fire.png,Chicago Fire,/clubs/orlando-city-sc-17,teams/usa-orlando-city-sc.png,Orlando City,1.54,1.51,1.56,1.56,1.56,1.56,73,47,27,15,9,55,49,35,1.55,1.7,3.25,/usa/chicago-fire-vs-orlando-city-sc-h2h-stats#8341548,13973,35,True,True,True,True,False,False,True,"['48', '56', '67']",['89']
MLS,2025,13973,8342718,13,5,2025,complete,121700,0,-1,['25'],['90+3'],1,1,2,2,8,10,2,0,4,1,0,0,3,2,7,13,10,15,15,11,39,61,50024.0,,,,,4,1,3.5,3.7,1.9,1.03,1.15,1.5,2.44,3.9,15.0,5.3,2.55,1.62,1.24,1.48,2.5,5.5,1.11,3.5,1.25,1.18,1.25,1.21,3.6,2.36,2.42,3.4,2.85,2.25,2.75,1.4,1.25,1.46,1.76,2.2,2.88,3.45,2.5,1.93,1.57,1.35,2.6,7.0,1.63,2.2,20.0,1.66,7.0,3.8,1.23,2.35,4.95,10.5,3.8,1.6,1.17,1.03,1.14,1.73,3.3,7.5,4.9,2.0,1.29,1.08,0,0,0,0,2,1,0,0,1,1,1,1762047600,-1,1,59,24,24,0,-1,2,1,2,3,0,5,5,5,3,0,1,1,3,2,1,37,45,76,105,1.11,1.42,2.53,0,0,0,0,0,0,1,1,0,0,0,1,0,0,1,27,25,1,11,15,1,11,8,22,33,62,83,92,45,80,76,46,9.72,3.22,4.57,3.1,/clubs/fc-dallas-13,teams/usa-fc-dallas.png,FC Dallas,/clubs/vancouver-whitecaps-fc-5,teams/canada-vancouver-whitecaps-fc.png,Vancouver Whitecaps,1.25,1.82,1.26,1.89,1.26,1.89,79,68,39,17,9,73,60,50,1.21,1.65,2.86,/usa/vancouver-whitecaps-fc-vs-fc-dallas-h2h-stats#8342718,13973,36,True,True,False,False,False,False,True,['25'],['90+3']
MLS,2025,13973,8342719,9,8043,2025,complete,121700,0,-1,"['33', '41', '65', '69']",[],4,0,4,8,3,11,4,0,0,3,0,1,10,0,10,1,20,1,15,10,66,34,5016.0,,,,,0,5,1.8,3.9,3.4,1.02,1.14,1.44,2.25,3.9,17.0,5.4,2.55,1.62,1.25,1.48,2.5,3.4,1.28,5.5,1.11,1.24,1.22,1.95,2.25,2.45,3.81,2.1,2.75,3.5,1.4,2.75,1.35,1.56,2.05,2.46,3.5,2.9,2.26,1.65,1.53,1.22,1.42,7.0,3.25,1.61,19.25,2.25,3.85,7.5,1.22,2.15,4.5,10.5,3.8,1.62,1.17,1.04,1.13,1.7,3.1,7.0,5.0,2.05,1.33,1.08,0,0,0,0,4,2,0,2,0,2,2,1762126800,9,1,63,27,30,0,19506,2,1,6,2,2,1,8,3,0,3,0,1,3,1,1,83,16,140,41,2.56,0.19,2.75,0,0,0,0,0,0,1,1,0,0,0,0,0,1,1,12,12,1,10,15,1,1,11,20,30,54,72,94,39,73,79,41,9.06,4.26,3.4,2.86,/clubs/columbus-crew-9,teams/usa-columbus-crew.png,Columbus Crew,/clubs/fc-cincinnati-8043,teams/usa-fc-cincinnati.png,FC Cincinnati,1.54,1.87,1.54,1.94,1.54,1.94,80,70,46,29,6,56,40,26,1.48,1.5,2.98,/usa/columbus-crew-vs-fc-cincinnati-h2h-stats#8342719,13973,37,True,True,True,True,False,False,False,"['33', '41', '65', '69']",[]
MLS,2025,13973,8342720,6490,698284,2025,complete,121700,0,-1,"['19', '79']",['63'],2,1,3,8,1,9,1,2,1,2,0,0,6,2,12,6,18,8,17,10,41,59,,43902.0,21189.0,,,1,2,1.28,4.65,7.0,1.03,1.21,1.63,2.7,5.02,13.0,4.62,2.15,1.44,1.14,1.8,1.91,2.15,1.62,6.5,1.08,1.07,1.22,2.9,1.91,2.38,6.0,1.66,2.92,6.0,0.0,0.0,1.28,1.5,2.05,2.54,3.0,3.25,2.38,1.87,1.51,1.33,1.3,10.0,3.6,1.41,11.5,3.2,2.45,11.0,1.33,2.28,5.3,12.5,3.2,1.53,1.13,1.03,1.15,1.87,3.66,9.0,4.0,1.87,1.22,1.05,0,0,0,0,3,1,0,1,1,2,1,1761791400,6490,1,52,21,27,0,22142,2,1,4,0,4,1,4,5,0,0,1,2,0,3,1,39,41,64,97,1.83,0.95,2.78,0,0,0,0,0,0,1,1,0,0,3,0,0,0,1,14,11,1,10,17,1,5,9,15,33,50,73,96,40,72,78,43,9.15,3.29,3.95,2.75,/clubs/los-angeles-fc-6490,teams/usa-los-angeles-fc.png,Los Angeles FC,/clubs/austin-fc-698284,teams/usa-austin-fc.png,Austin,1.81,1.31,1.76,1.38,1.76,1.38,85,68,50,28,5,65,53,40,1.62,1.24,2.86,/usa/los-angeles-fc-vs-austin-fc-h2h-stats#8342720,13973,36,True,True,True,False,False,False,True,"['19', '79']",['63']
MLS,2025,13973,8342721,677446,677447,2025,complete,121700,0,-1,"['10', '39', '73', '76']",[],4,0,4,0,6,6,1,2,4,4,0,0,5,4,6,8,11,12,16,20,50,50,13812.0,,,,,4,4,1.61,4.33,4.2,0.0,1.11,1.41,2.03,3.55,0.0,6.4,2.85,1.89,1.35,1.43,2.5,3.25,1.3,7.0,1.06,1.2,1.18,2.25,2.07,2.54,4.0,1.84,3.1,3.85,1.2,4.33,1.37,1.62,2.14,2.65,3.5,2.8,2.08,1.66,1.4,1.25,1.55,7.5,2.75,1.48,26.0,2.6,3.5,10.0,1.19,2.08,4.25,10.0,4.2,1.81,1.2,1.04,1.11,1.62,2.55,6.0,5.6,2.18,1.33,1.15,0,0,0,0,4,2,0,2,0,2,2,1762650900,677446,1,70,25,56,0,-1,2,1,0,2,0,4,2,4,2,1,2,3,3,5,1,25,32,83,88,1.23,1.27,2.51,0,0,0,0,0,0,1,1,1,0,0,0,0,0,1,13,17,1,21,16,1,6,1,28,45,74,85,94,49,84,85,59,10.23,3.64,4.31,3.52,/clubs/club-internacional-de-futbol-miami-677446,teams/usa-club-internacional-de-futbol-miami.png,Inter Miami,/clubs/nashville-sc-mls-677447,teams/usa-nashville-sc-mls.png,Nashville SC,2.0,1.54,1.89,1.58,1.89,1.58,72,56,26,15,6,53,32,27,1.51,1.52,3.03,/usa/club-internacional-de-futbol-miami-vs-nashville-sc-mls-h2h-stats#8342721,13973,37,True,True,True,True,False,False,False,"['10', '39', '73', '76']",[]
MLS,2025,13973,8342724,18,1015,2025,complete,121700,0,-1,"['8', '21', '41', '86']","['45+1', '45+5']",4,2,6,3,2,5,1,0,1,2,0,0,6,4,5,4,11,8,11,11,59,41,84.0,,,,,1,2,1.5,4.4,6.15,1.01,1.17,1.57,2.4,4.35,13.0,4.86,2.25,1.5,1.18,1.67,2.05,2.4,1.5,6.25,1.08,1.22,1.18,2.45,1.91,2.42,4.94,1.85,2.63,5.1,1.22,4.0,1.21,1.35,1.9,2.12,2.6,3.8,2.75,2.14,1.72,1.43,1.33,10.0,3.98,1.5,16.0,2.62,2.75,11.0,1.26,2.28,5.1,13.0,3.5,1.57,1.14,1.03,1.18,1.85,3.6,8.5,4.33,1.85,1.22,1.06,0,0,0,0,6,3,2,1,0,1,5,1762228200,18,1,56,27,38,0,30085,2,1,2,1,1,1,3,2,1,1,0,1,2,1,1,37,45,106,100,1.39,1.12,2.51,0,0,0,0,0,0,1,1,1,0,1,0,0,0,1,19,29,1,13,10,1,4,8,17,37,57,74,92,37,69,76,49,9.97,3.46,3.88,2.87,/clubs/seattle-sounders-fc-18,teams/usa-seattle-sounders-fc.png,Seattle Sounders,/clubs/minnesota-united-fc-1015,teams/usa-minnesota-united-fc.png,Minnesota United,1.62,1.58,1.6,1.69,1.6,1.69,83,63,43,26,9,62,50,40,1.61,1.38,2.99,/usa/seattle-sounders-fc-vs-minnesota-united-fc-h2h-stats#8342724,13973,37,True,True,True,True,True,True,True,"['8', '21', '41', '86']","['45+1', '45+5']"
MLS,2025,13973,8342725,677446,677447,2025,complete,121700,0,-1,"['19', '62', '90+6']",['90+11'],3,1,4,5,2,7,2,3,2,1,0,0,6,3,6,4,12,7,11,16,55,45,70481.0,,,,,2,1,1.55,4.78,5.0,1.01,1.05,1.36,2.04,3.05,17.0,6.4,2.94,1.85,1.38,1.41,2.91,3.2,1.3,7.5,1.06,1.21,1.2,2.4,1.96,2.8,4.6,1.8,3.0,4.35,1.25,3.75,1.34,1.6,1.95,2.5,3.75,2.95,2.2,1.77,1.46,1.22,1.55,7.5,2.9,1.47,18.0,2.7,3.55,12.0,1.17,1.91,4.0,10.0,4.0,1.75,1.24,1.03,1.11,1.44,2.75,5.5,6.25,2.3,1.4,1.12,0,0,0,0,4,1,0,2,1,3,1,1761351600,677446,1,68,27,53,0,14503,2,1,2,2,3,0,4,3,0,0,2,1,0,3,1,30,29,84,80,1.4,0.87,2.27,0,0,0,0,0,0,1,1,0,0,1,0,0,0,1,9,16,1,18,13,1,4,8,30,44,72,84,94,49,83,84,59,10.38,3.65,4.32,3.52,/clubs/club-internacional-de-futbol-miami-677446,teams/usa-club-internacional-de-futbol-miami.png,Inter Miami,/clubs/nashville-sc-mls-677447,teams/usa-nashville-sc-mls.png,Nashville SC,2.0,1.54,1.91,1.59,1.91,1.59,71,56,28,17,6,56,34,28,1.52,1.55,3.07,/usa/club-internacional-de-futbol-miami-vs-nashville-sc-mls-h2h-stats#8342725,13973,37,True,True,True,True,False,False,True,"['19', '62', '90+6']",['90+11']
MLS,2025,13973,8342726,677447,677446,2025,complete,121700,0,-1,"['9', '45']",['89'],2,1,3,6,2,8,1,1,5,0,0,0,5,3,5,8,10,11,15,10,39,61,3.0,,,,,5,0,2.65,3.9,2.4,1.02,1.1,1.47,2.2,3.45,17.0,5.0,2.7,1.67,1.3,1.4,2.88,4.5,1.17,4.5,1.17,1.22,1.25,1.45,2.95,2.39,2.83,2.63,2.75,2.59,1.83,1.83,1.34,1.58,2.05,2.55,3.5,2.95,2.2,1.7,1.44,1.26,1.85,6.75,2.42,1.9,19.0,1.83,6.0,6.0,1.22,2.19,4.35,11.0,3.8,1.7,1.18,1.04,1.11,1.7,3.2,6.75,5.1,2.2,1.3,1.08,0,0,0,0,3,2,0,0,1,1,2,1762040400,677447,1,69,30,21,0,30109,2,1,3,0,3,2,3,5,2,0,3,0,2,3,1,30,48,59,111,1.2,1.26,2.46,1,0,1,0,0,0,1,1,1,0,0,0,1,0,1,14,24,1,9,15,1,9,4,29,46,73,85,94,47,83,85,60,10.29,3.69,4.29,3.53,/clubs/nashville-sc-mls-677447,teams/usa-nashville-sc-mls.png,Nashville SC,/clubs/club-internacional-de-futbol-miami-677446,teams/usa-club-internacional-de-futbol-miami.png,Inter Miami,1.54,2.0,1.54,1.94,1.54,1.94,72,55,27,16,6,55,33,28,1.53,1.51,3.04,/usa/club-internacional-de-futbol-miami-vs-nashville-sc-mls-h2h-stats#8342726,13973,37,True,True,True,False,False,False,True,"['9', '45']",['89']
MLS,2025,13973,8342727,2,711351,2025,complete,121700,0,-1,[],[],0,0,0,6,2,8,0,1,2,3,0,0,5,3,11,5,16,8,16,13,54,46,69.0,,,,,2,3,1.7,3.67,3.86,1.03,1.22,1.69,2.25,5.24,12.0,4.0,2.04,1.65,1.15,1.67,2.1,2.62,1.42,5.0,1.13,1.25,1.25,2.05,2.32,2.25,4.33,2.1,2.62,4.0,1.28,3.5,1.24,1.44,1.7,2.14,2.75,3.5,2.55,2.05,1.61,1.38,1.53,9.0,2.9,1.57,15.5,2.5,3.1,7.5,1.33,2.45,5.55,12.5,3.1,1.58,1.11,1.03,1.17,1.85,3.7,9.5,4.4,1.87,1.24,1.05,0,0,0,0,0,0,0,0,0,0,0,1762026000,-1,1,49,27,30,0,19051,2,1,5,1,1,1,6,2,1,0,1,3,1,4,1,56,49,99,87,1.76,1.08,2.84,0,0,0,0,0,0,1,1,0,0,2,0,0,0,1,18,20,1,13,16,1,4,11,17,31,54,73,97,31,74,83,52,9.17,2.68,3.91,2.81,/clubs/new-york-city-fc-2,teams/usa-new-york-city-fc.png,New York City,/clubs/charlotte-fc-711351,teams/usa-charlotte-fc.png,Charlotte,1.69,1.62,1.69,1.69,1.69,1.69,83,69,46,27,3,67,59,46,1.4,1.22,2.62,/usa/new-york-city-fc-vs-charlotte-fc-h2h-stats#8342727,13973,37,False,False,False,False,False,False,False,[],[]
MLS,2025,13973,8342728,711351,2,2025,complete,121700,0,-1,['81'],"['45+2', '50', '90+10']",1,3,4,4,1,5,-1,-1,2,3,0,0,1,6,14,2,15,8,15,16,48,52,84.0,,,,,2,3,2.5,3.1,2.85,1.04,1.28,1.92,3.25,6.25,9.0,3.45,1.87,1.3,1.07,1.68,2.26,3.3,1.28,3.4,1.28,1.42,1.25,1.47,3.21,2.23,3.36,2.8,2.4,3.0,1.72,2.0,1.28,1.5,1.83,2.33,3.1,3.25,2.46,1.85,1.51,1.28,1.97,7.0,2.05,1.9,12.25,2.02,4.4,4.75,1.36,2.62,6.25,18.0,2.81,1.46,1.04,1.02,1.19,2.07,4.33,11.0,3.94,1.68,1.16,1.04,0,0,0,0,4,0,1,1,2,3,1,1762560000,2,1,47,20,23,0,34473,2,1,0,1,2,0,1,2,0,0,2,3,0,5,1,68,28,102,74,1.51,1.13,2.64,0,0,0,0,0,0,1,1,0,0,0,0,0,0,1,33,17,1,15,16,1,3,7,17,31,53,71,95,31,72,81,50,9.14,2.64,3.94,2.74,/clubs/charlotte-fc-711351,teams/usa-charlotte-fc.png,Charlotte,/clubs/new-york-city-fc-2,teams/usa-new-york-city-fc.png,New York City,1.62,1.69,1.67,1.67,1.67,1.67,84,69,47,29,6,66,57,45,1.22,1.41,2.63,/usa/new-york-city-fc-vs-charlotte-fc-h2h-stats#8342728,13973,37,True,True,True,True,False,False,True,['81'],"['45+2', '50', '90+10']"
MLS,2025,13973,8342730,698284,6490,2025,complete,121700,0,-1,['45+6'],"['21', '25', '44', '90+3']",1,4,5,2,2,4,3,0,4,4,0,0,3,5,5,13,8,18,15,8,52,48,13893.0,,,,,4,4,3.4,3.75,1.98,1.04,1.24,1.75,2.8,5.0,11.0,4.0,2.05,1.4,1.14,1.65,2.1,4.75,1.15,2.9,1.36,1.22,1.3,1.25,4.1,2.33,2.4,3.6,2.65,2.3,3.0,1.36,1.24,1.44,1.74,2.17,3.14,3.34,2.55,1.95,1.6,1.27,2.35,7.0,1.78,2.43,13.5,1.62,6.5,3.6,1.3,2.45,5.5,19.0,3.2,1.48,1.11,1.02,1.21,2.0,4.2,10.0,4.0,1.74,1.19,1.05,0,0,0,0,5,1,3,0,1,1,4,1762134600,6490,1,53,36,33,0,20738,2,1,1,0,1,2,1,3,1,1,3,3,2,6,1,45,40,98,88,1.05,1.77,2.82,1,0,1,0,0,0,1,1,0,0,0,0,0,0,1,16,10,1,10,15,1,8,7,15,32,52,73,96,39,73,79,45,9.15,3.29,3.91,2.76,/clubs/austin-fc-698284,teams/usa-austin-fc.png,Austin,/clubs/los-angeles-fc-6490,teams/usa-los-angeles-fc.png,Los Angeles FC,1.31,1.81,1.34,1.8,1.34,1.8,86,69,49,28,5,66,51,39,1.23,1.62,2.85,/usa/los-angeles-fc-vs-austin-fc-h2h-stats#8342730,13973,36,True,True,True,True,True,False,True,['45+6'],"['21', '25', '44', '90+3']"
MLS,2025,13973,8342732,1015,18,2025,complete,121700,0,-1,[],[],0,0,0,5,6,11,2,1,5,0,0,0,3,4,7,10,10,14,6,10,31,69,65836.0,,,,,5,0,2.7,3.2,2.2,1.05,1.28,1.8,3.0,5.75,9.0,3.6,1.85,1.33,1.11,1.65,2.1,4.0,1.2,2.95,1.35,1.27,1.3,1.33,3.05,2.18,2.6,3.3,2.55,2.6,2.37,1.53,1.22,1.42,1.77,2.26,2.97,3.45,2.49,1.9,1.55,1.36,2.0,8.5,2.0,2.0,9.5,1.95,5.5,3.8,1.35,2.59,6.0,15.0,3.21,1.45,1.1,1.02,1.22,2.08,4.5,10.0,3.8,1.68,1.18,1.04,0,0,0,0,0,0,0,0,0,0,0,1761613200,-1,1,58,15,33,0,16945,2,1,1,3,4,3,4,7,2,0,3,0,2,3,1,38,63,65,96,1.12,1.62,2.73,0,0,0,0,0,0,1,1,0,0,0,1,1,0,1,12,13,1,16,11,1,5,8,18,38,59,76,94,38,71,78,50,9.94,3.47,3.85,2.96,/clubs/minnesota-united-fc-1015,teams/usa-minnesota-united-fc.png,Minnesota United,/clubs/seattle-sounders-fc-18,teams/usa-seattle-sounders-fc.png,Seattle Sounders,1.58,1.62,1.71,1.62,1.71,1.62,82,62,41,24,6,61,49,38,1.39,1.61,3.0,/usa/seattle-sounders-fc-vs-minnesota-united-fc-h2h-stats#8342732,13973,37,False,False,False,False,False,False,False,[],[]
MLS,2025,13973,8342733,8043,9,2025,complete,121700,0,-1,['78'],[],1,0,1,4,2,6,3,5,3,1,0,0,6,3,6,3,12,6,13,8,50,50,69.0,,,,,3,1,2.26,3.55,2.5,1.03,1.14,1.54,2.32,3.94,15.0,4.65,2.4,1.6,1.27,1.44,2.55,3.8,1.18,4.33,1.18,1.29,1.26,1.58,2.8,2.37,3.19,2.63,2.6,2.8,1.72,2.0,1.27,1.52,1.89,2.47,3.2,3.1,2.28,1.79,1.48,1.29,2.0,6.4,2.17,1.83,17.25,2.0,5.5,5.75,1.24,2.29,4.7,10.0,3.6,1.64,1.15,1.03,1.15,1.7,3.0,6.5,4.8,1.98,1.29,1.08,0,0,0,0,1,0,0,1,0,1,0,1761605400,8043,1,65,30,33,0,23371,2,1,3,1,1,1,4,2,1,1,2,0,2,2,1,33,43,98,108,1.42,0.92,2.34,0,0,0,0,0,0,1,1,0,0,0,0,0,0,1,20,22,1,8,13,1,6,7,21,31,56,74,94,40,75,78,43,9.15,4.14,3.38,2.92,/clubs/fc-cincinnati-8043,teams/usa-fc-cincinnati.png,FC Cincinnati,/clubs/columbus-crew-9,teams/usa-columbus-crew.png,Columbus Crew,1.87,1.54,1.91,1.59,1.91,1.59,79,70,44,27,6,58,41,27,1.5,1.49,2.99,/usa/columbus-crew-vs-fc-cincinnati-h2h-stats#8342733,13973,37,True,False,False,False,False,False,False,['78'],[]
MLS,2025,13973,8342734,5,13,2025,complete,121700,0,-1,"['43', '60', '83']",[],3,0,3,10,1,11,2,3,1,3,0,0,10,0,12,1,22,1,18,7,64,36,13864.0,,,,,1,3,1.36,5.04,5.5,1.01,1.11,1.43,2.11,3.4,16.5,6.36,2.94,1.79,1.29,1.57,2.29,2.6,1.44,8.0,1.04,1.14,1.14,2.85,1.85,2.62,5.13,1.73,3.1,5.0,1.16,5.0,1.17,1.28,1.53,1.98,2.32,4.3,3.05,2.31,1.84,1.53,1.22,9.0,4.6,1.4,16.5,2.75,2.9,13.0,1.22,2.14,4.0,9.0,3.8,1.72,1.2,1.04,1.12,1.63,2.8,6.5,5.25,2.17,1.35,1.08,0,0,0,0,3,1,0,2,0,2,1,1761522000,5,1,61,35,35,0,-1,2,1,4,0,6,1,4,7,0,0,1,3,0,4,1,83,15,127,67,2.68,0.19,2.87,1,0,1,0,0,0,1,1,0,0,0,0,0,0,1,16,11,1,6,18,1,2,13,23,34,61,82,91,46,79,75,44,9.68,3.18,4.59,3.11,/clubs/vancouver-whitecaps-fc-5,teams/canada-vancouver-whitecaps-fc.png,Vancouver Whitecaps,/clubs/fc-dallas-13,teams/usa-fc-dallas.png,FC Dallas,1.82,1.25,1.85,1.29,1.85,1.29,78,67,40,18,9,73,59,49,1.61,1.24,2.85,/usa/vancouver-whitecaps-fc-vs-fc-dallas-h2h-stats#8342734,13973,36,True,True,True,False,False,False,False,"['43', '60', '83']",[]
MLS,2025,13973,8342735,711351,2,2025,complete,121700,0,-1,[],['34'],0,1,1,8,7,15,2,3,0,5,0,0,4,5,6,7,10,12,7,8,50,50,13889.0,,,,,0,5,2.83,3.59,2.55,1.03,1.22,1.71,2.75,5.1,10.0,3.7,2.03,1.35,1.1,1.63,2.25,3.6,1.22,3.3,1.28,1.25,1.25,1.42,3.15,2.37,3.0,2.6,2.5,2.75,1.9,1.8,1.26,1.51,1.8,2.26,2.8,3.4,2.51,2.0,1.62,1.38,2.06,8.5,2.0,2.0,9.5,1.95,4.75,4.5,1.3,2.45,6.0,19.0,3.33,1.49,1.11,1.01,1.2,1.95,3.75,8.75,4.0,1.73,1.23,1.06,0,0,0,0,1,0,1,0,0,0,1,1761691800,2,1,50,21,24,0,33709,2,1,2,4,6,3,6,9,0,1,0,4,1,4,1,89,60,91,97,1.55,1.54,3.09,0,0,0,0,0,0,1,1,0,0,0,1,0,0,1,30,27,1,8,7,1,6,8,18,32,56,75,97,32,74,85,53,9.0,2.61,3.88,2.87,/clubs/charlotte-fc-711351,teams/usa-charlotte-fc.png,Charlotte,/clubs/new-york-city-fc-2,teams/usa-new-york-city-fc.png,New York City,1.62,1.69,1.74,1.65,1.74,1.65,82,68,44,25,3,66,58,44,1.21,1.39,2.6,/usa/new-york-city-fc-vs-charlotte-fc-h2h-stats#8342735,13973,37,True,False,False,False,False,False,False,[],['34']
MLS,2025,13973,8346811,20,1398748,2025,complete,121700,0,-1,"['18', '90+8']","['45+12', '51']",2,2,4,4,6,10,6,5,4,4,0,0,4,5,13,4,17,9,21,14,39,61,36.0,,,,,4,4,2.44,3.5,2.15,1.02,1.14,1.48,2.2,3.7,17.0,5.5,2.62,1.71,1.25,1.42,2.65,4.5,1.17,4.33,1.18,1.24,1.3,1.53,2.88,2.38,2.85,2.9,2.95,2.55,1.83,1.83,1.26,1.54,1.85,2.23,2.88,3.4,2.48,1.85,1.57,1.35,2.27,7.0,1.81,1.95,18.75,1.86,5.5,5.25,1.21,2.28,4.5,9.5,3.65,1.64,1.17,1.04,1.14,1.62,3.0,6.5,5.0,2.05,1.3,1.1,0,0,0,0,4,1,1,1,1,2,2,1762047000,-1,1,58,34,40,0,-1,2,1,3,3,1,3,6,4,1,1,3,3,2,6,1,57,38,106,69,1.76,1.19,2.96,0,0,0,0,0,0,1,1,0,0,1,1,0,0,1,17,19,1,15,22,1,3,10,20,31,55,76,92,36,72,73,44,10.26,3.55,3.86,2.88,/clubs/portland-timbers-20,teams/usa-portland-timbers.png,Portland Timbers,/clubs/san-diego-fc-1398748,teams/usa-san-diego-fc.png,San Diego,1.26,1.87,1.31,1.89,1.31,1.89,80,69,45,24,9,60,45,31,1.35,1.54,2.89,/usa/portland-timbers-vs-san-diego-fc-h2h-stats#8346811,13973,38,True,True,True,True,False,False,True,"['18', '90+8']","['45+12', '51']"
MLS,2025,13973,8346812,16,7,2025,complete,121700,0,-1,"['70', '75']","['84', '90+3']",2,2,4,7,5,12,2,1,3,3,0,1,2,5,16,8,18,13,8,12,57,43,70173.0,,,,,3,5,1.9,3.95,3.7,1.04,1.12,1.57,2.33,4.18,10.0,5.29,2.32,1.58,1.19,1.54,2.56,3.1,1.33,5.5,1.11,1.2,1.18,2.03,2.29,2.58,3.93,2.08,2.9,3.85,1.36,3.0,1.18,1.38,1.65,2.16,2.74,3.75,2.75,2.09,1.7,1.43,1.44,7.5,3.15,1.61,17.0,2.3,3.75,7.5,1.24,2.23,4.9,13.0,3.65,1.61,1.13,1.03,1.12,1.77,3.28,7.5,5.0,1.95,1.27,1.07,0,0,0,0,4,0,0,2,2,4,0,1761515400,-1,1,58,24,36,0,-1,2,1,1,2,6,3,3,9,0,0,3,4,0,7,1,54,27,125,74,1.67,1.37,3.04,0,0,0,0,0,0,1,1,0,0,1,0,0,0,1,26,19,1,12,8,1,5,13,22,45,64,77,94,41,79,77,54,10.69,3.04,4.79,3.24,/clubs/philadelphia-union-16,teams/usa-philadelphia-union.png,Philadelphia Union,/clubs/chicago-fire-7,teams/usa-chicago-fire.png,Chicago Fire,1.89,1.54,1.94,1.6,1.94,1.6,78,56,37,23,6,59,51,39,1.61,1.58,3.19,/usa/chicago-fire-vs-philadelphia-union-h2h-stats#8346812,13973,37,True,True,True,True,False,False,True,"['70', '75']","['84', '90+3']"
MLS,2025,13973,8346813,1398748,20,2025,complete,121700,0,-1,"['23', '30']",['36'],2,1,3,7,0,7,2,1,2,2,0,1,8,3,7,2,15,5,12,11,71,29,11.0,,,,,2,3,1.6,4.45,4.95,1.03,1.11,1.46,2.35,4.1,11.0,5.38,2.5,1.64,1.24,1.55,2.34,2.8,1.38,6.5,1.08,1.18,1.17,2.29,2.0,2.45,4.5,1.89,2.9,4.55,1.25,3.75,1.22,1.5,1.81,2.22,2.95,3.25,2.4,1.93,1.63,1.31,1.36,10.0,3.84,1.47,19.25,2.69,3.1,9.5,1.24,2.29,4.75,11.5,3.7,1.64,1.16,1.03,1.14,1.74,3.35,7.5,4.9,2.0,1.29,1.07,0,0,0,0,3,2,1,0,0,0,3,1761529200,1398748,1,57,18,12,0,32500,2,1,2,0,5,0,2,5,0,0,2,3,0,5,1,64,21,146,49,1.98,0.68,2.66,0,0,0,0,0,0,1,1,0,0,1,0,0,0,1,10,10,1,11,14,1,3,6,21,32,54,75,91,34,71,75,45,10.35,3.57,3.82,2.88,/clubs/san-diego-fc-1398748,teams/usa-san-diego-fc.png,San Diego,/clubs/portland-timbers-20,teams/usa-portland-timbers.png,Portland Timbers,1.87,1.26,1.85,1.34,1.85,1.34,80,68,46,25,9,62,46,32,1.53,1.37,2.9,/usa/portland-timbers-vs-san-diego-fc-h2h-stats#8346813,13973,38,True,True,True,False,False,False,True,"['23', '30']",['36']
MLS,2025,13973,8346814,7,16,2025,complete,121700,0,-1,[],"['8', '16', '35']",0,3,3,8,3,11,1,0,3,2,0,0,2,3,9,6,11,9,17,13,71,29,13889.0,,,,,3,2,2.15,3.5,2.9,1.04,1.13,1.62,2.22,4.1,10.0,5.25,2.25,1.5,1.2,1.46,2.5,3.4,1.28,4.5,1.17,1.22,1.25,1.7,2.62,2.32,3.45,2.38,2.62,3.1,1.53,2.37,1.19,1.37,1.62,2.0,2.55,3.95,2.8,2.14,1.71,1.44,1.95,7.0,2.1,1.72,15.0,2.1,4.33,6.5,1.23,2.38,5.3,11.0,3.75,1.58,1.13,1.03,1.15,1.75,3.4,7.5,4.9,1.98,1.28,1.06,0,0,0,0,3,0,3,0,0,0,3,1762033200,16,1,59,20,31,0,17431,2,1,2,2,6,1,4,7,0,2,3,0,2,3,1,51,32,124,86,1.22,1.02,2.23,0,0,0,0,0,0,1,1,0,1,0,0,0,0,1,20,25,1,12,17,1,5,7,21,46,65,78,94,39,76,78,55,10.73,3.04,4.88,3.26,/clubs/chicago-fire-7,teams/usa-chicago-fire.png,Chicago Fire,/clubs/philadelphia-union-16,teams/usa-philadelphia-union.png,Philadelphia Union,1.54,1.89,1.58,1.91,1.58,1.91,79,54,36,23,6,60,52,41,1.58,1.61,3.19,/usa/chicago-fire-vs-philadelphia-union-h2h-stats#8346814,13973,37,True,True,True,False,False,False,False,[],"['8', '16', '35']"
MLS,2025,13973,8353190,1398748,20,2025,complete,121700,0,-1,"['5', '17', '53', '79']",[],4,0,4,9,3,12,2,2,3,4,0,1,8,3,7,9,15,12,18,16,66,34,13893.0,,,,,3,6,1.6,4.6,5.66,0.0,1.14,1.46,2.18,3.5,0.0,5.2,2.7,1.74,1.28,1.53,2.3,2.75,1.4,7.0,1.05,1.16,1.18,2.43,1.85,2.58,5.0,1.83,2.8,4.8,1.25,3.75,1.27,1.51,1.85,2.2,2.8,3.35,2.48,1.85,1.5,1.28,1.25,9.9,4.5,1.47,23.0,2.62,2.95,12.0,1.22,2.08,4.0,10.0,3.8,1.7,1.18,1.03,1.14,1.71,3.3,6.5,5.0,2.05,1.3,1.08,0,0,0,0,4,2,0,2,0,2,2,1762740300,1398748,1,59,23,11,0,32500,2,1,6,3,3,0,9,3,1,1,2,4,2,6,1,46,36,76,87,1.83,1.23,3.07,0,0,0,0,0,0,1,1,1,0,1,0,0,0,1,13,13,1,16,19,1,8,3,19,33,56,77,92,37,73,74,45,10.25,3.76,3.97,2.91,/clubs/san-diego-fc-1398748,teams/usa-san-diego-fc.png,San Diego,/clubs/portland-timbers-20,teams/usa-portland-timbers.png,Portland Timbers,1.87,1.26,1.86,1.3,1.86,1.3,81,67,44,23,8,62,47,30,1.53,1.36,2.89,/usa/portland-timbers-vs-san-diego-fc-h2h-stats#8353190,13973,38,True,True,True,True,False,False,False,"['5', '17', '53', '79']",[]
MLS,2025,13973,8358072,5,6490,2025,complete,121701,0,-1,"['39', '45+1']","['60', '90+5']",2,2,4,5,15,20,1,3,6,4,1,0,6,8,3,17,9,25,18,19,44,56,69.0,,,,,7,4,2.0,3.43,2.98,1.04,1.22,1.7,2.75,4.75,10.0,4.4,2.2,1.48,1.13,1.55,2.34,3.3,1.28,4.5,1.17,1.24,1.3,1.68,2.65,2.3,3.5,2.43,2.7,3.3,1.57,2.25,1.27,1.47,1.76,2.2,2.8,3.58,2.48,1.93,1.55,1.37,1.57,9.0,2.75,1.72,10.0,2.1,4.0,6.0,1.31,2.35,5.5,15.0,3.25,1.5,1.08,1.02,1.18,1.85,3.4,8.5,4.4,1.83,1.21,1.06,0,0,0,0,4,2,0,0,2,2,2,1763865600,-1,1,55,45,34,0,53957,2,1,4,1,1,7,5,8,1,0,6,4,1,10,1,49,90,109,147,1.35,2.78,4.14,0,0,0,0,0,0,1,1,0,0,1,1,0,0,1,16,34,1,17,18,1,15,7,21,38,61,79,95,46,78,80,43,10.72,2.52,3.78,3.09,/clubs/vancouver-whitecaps-fc-5,teams/canada-vancouver-whitecaps-fc.png,Vancouver Whitecaps,/clubs/los-angeles-fc-6490,teams/usa-los-angeles-fc.png,Los Angeles FC,1.82,1.81,1.86,1.83,1.86,1.83,80,63,39,21,6,65,59,45,1.64,1.63,3.27,/usa/vancouver-whitecaps-fc-vs-los-angeles-fc-h2h-stats#8358072,13973,37,True,True,True,True,False,False,True,"['39', '45+1']","['60', '90+5']"
MLS,2025,13973,8362687,1015,18,2025,complete,121700,0,-1,"['19', '62', '71']","['5', '8', '88']",3,3,6,4,5,9,1,2,4,1,1,0,5,8,6,14,11,22,13,8,38,62,13864.0,,,,,6,1,2.98,3.25,2.15,1.05,1.27,1.9,3.35,5.5,9.0,3.7,1.9,1.3,1.13,1.72,2.1,3.7,1.22,3.0,1.33,1.64,1.22,1.36,3.64,2.25,2.87,3.2,2.6,2.63,2.2,1.61,1.25,1.6,2.24,2.55,3.35,2.88,2.16,1.72,1.44,1.27,2.27,8.5,1.93,2.1,10.0,1.83,5.25,4.2,1.34,2.65,6.5,19.0,3.13,1.4,1.09,1.01,1.22,2.08,4.4,11.0,3.7,1.7,1.18,1.04,0,0,0,0,6,1,2,2,1,3,3,1762636200,-1,1,57,14,31,0,18645,2,1,2,2,1,3,4,4,3,1,2,0,4,2,1,40,73,79,120,1.34,2.47,3.81,0,0,0,0,0,0,1,1,0,2,0,1,0,0,1,21,17,1,8,13,1,10,2,20,39,58,75,92,39,70,77,47,9.84,3.39,3.86,2.96,/clubs/minnesota-united-fc-1015,teams/usa-minnesota-united-fc.png,Minnesota United,/clubs/seattle-sounders-fc-18,teams/usa-seattle-sounders-fc.png,Seattle Sounders,1.58,1.62,1.64,1.64,1.64,1.64,81,62,42,25,9,60,49,39,1.37,1.61,2.98,/usa/seattle-sounders-fc-vs-minnesota-united-fc-h2h-stats#8362687,13973,37,True,True,True,True,True,True,True,"['19', '62', '71']","['5', '8', '88']"
MLS,2025,13973,8362688,8043,9,2025,complete,121700,0,-1,"['67', '86']",['63'],2,1,3,7,6,13,0,2,2,2,0,0,4,6,12,8,16,14,6,11,37,63,11.0,,,,,2,2,2.2,3.65,2.6,1.01,1.2,1.6,2.55,4.45,13.0,4.87,2.2,1.5,1.22,1.5,2.3,3.9,1.22,3.9,1.22,1.26,1.22,1.48,2.85,2.2,3.0,2.7,2.6,2.8,1.8,1.9,1.4,1.65,2.0,2.49,3.65,2.7,2.15,1.65,1.52,1.23,2.12,7.9,1.95,1.83,10.0,1.95,4.8,5.0,1.27,2.28,5.0,15.0,3.2,1.58,1.14,1.03,1.16,1.77,3.58,8.0,4.6,1.89,1.25,1.07,0,0,0,0,3,0,0,2,1,3,0,1762643400,8043,1,61,28,31,0,25513,2,1,2,5,5,1,7,6,1,2,1,0,3,1,1,44,61,71,99,1.6,1.74,3.35,0,0,0,0,0,0,1,1,0,0,0,1,1,1,1,15,22,1,11,6,1,5,10,19,32,56,73,95,41,74,80,43,9.11,4.25,3.44,2.89,/clubs/fc-cincinnati-8043,teams/usa-fc-cincinnati.png,FC Cincinnati,/clubs/columbus-crew-9,teams/usa-columbus-crew.png,Columbus Crew,1.87,1.54,1.89,1.58,1.89,1.58,81,68,45,28,6,57,42,28,1.46,1.51,2.97,/usa/columbus-crew-vs-fc-cincinnati-h2h-stats#8362688,13973,37,True,True,True,False,False,False,True,"['67', '86']",['63']
MLS,2025,13973,8363833,8043,677446,2025,complete,121701,0,-1,[],"['19', '57', '62', '74']",0,4,4,4,2,6,1,1,0,0,0,0,5,6,9,8,14,14,8,11,49,51,36.0,,,,,0,0,3.1,3.99,1.95,1.01,1.11,1.4,1.95,3.75,19.0,6.29,2.75,1.68,1.3,1.4,2.75,5.5,1.11,3.8,1.22,1.2,1.25,1.32,3.52,2.5,2.5,3.18,2.62,2.3,2.2,1.61,1.33,1.49,1.87,2.41,3.28,3.28,2.34,1.81,1.46,1.25,2.27,7.0,1.97,2.0,19.0,1.8,7.0,4.6,1.2,2.05,4.0,10.5,3.75,1.72,1.16,1.05,1.09,1.68,2.89,5.75,5.6,2.2,1.34,1.11,0,0,0,0,4,0,1,0,3,3,1,1763935800,677446,1,62,22,30,0,-1,2,-1,2,2,2,0,4,2,0,0,0,0,0,0,1,38,31,91,77,1.51,1.53,3.04,0,0,0,0,0,0,1,1,0,0,0,1,-1,-1,1,12,13,1,11,8,1,7,12,30,43,68,77,96,41,77,85,61,9.02,3.27,4.54,3.34,/clubs/fc-cincinnati-8043,teams/usa-fc-cincinnati.png,FC Cincinnati,/clubs/club-internacional-de-futbol-miami-677446,teams/usa-club-internacional-de-futbol-miami.png,Inter Miami,1.87,2.0,1.92,1.92,1.92,1.92,70,57,33,23,4,60,39,34,1.46,1.5,2.96,/usa/fc-cincinnati-vs-club-internacional-de-futbol-miami-h2h-stats#8363833,13973,38,True,True,True,True,False,False,False,[],"['19', '57', '62', '74']"
MLS,2025,13973,8363834,16,2,2025,complete,121701,0,-1,[],['27'],0,1,1,8,3,11,1,3,1,4,0,0,5,4,13,1,18,5,14,11,50,50,5016.0,,,,,1,4,1.88,3.7,4.0,1.0,1.3,1.85,3.32,6.5,9.5,3.3,1.9,1.35,1.1,1.73,1.91,2.45,1.48,4.33,1.18,1.25,1.29,1.9,2.39,2.17,4.6,2.23,2.49,4.1,1.4,2.75,1.18,1.41,1.68,2.05,2.75,3.94,2.69,2.01,1.7,1.36,1.38,9.1,2.75,1.66,9.5,2.37,3.3,6.5,1.34,2.73,7.0,23.0,2.85,1.43,1.08,1.02,1.21,2.15,4.5,12.0,3.5,1.66,1.15,1.04,0,0,0,0,1,0,1,0,0,0,1,1763945700,2,1,46,19,25,0,-1,2,1,2,2,6,1,4,7,1,2,0,2,3,2,1,70,28,125,85,1.99,0.81,2.81,0,0,0,0,0,0,1,1,0,0,0,1,0,0,1,35,24,1,9,18,1,2,13,14,32,54,68,93,33,71,77,44,11.16,2.63,4.64,2.72,/clubs/philadelphia-union-16,teams/usa-philadelphia-union.png,Philadelphia Union,/clubs/new-york-city-fc-2,teams/usa-new-york-city-fc.png,New York City,1.89,1.69,1.94,1.7,1.94,1.7,86,69,47,33,7,71,63,49,1.6,1.4,3.0,/usa/new-york-city-fc-vs-philadelphia-union-h2h-stats#8363834,13973,37,True,False,False,False,False,False,False,[],['27']
MLS,2025,13973,8363835,1398748,1015,2025,complete,121701,0,-1,['72'],[],1,0,1,5,1,6,1,1,3,4,0,0,1,4,8,7,9,11,11,14,72,28,13812.0,,,,,3,4,1.55,3.95,4.7,1.01,1.19,1.63,2.65,4.66,13.0,4.33,2.25,1.44,1.17,1.65,2.2,2.55,1.45,5.75,1.1,1.22,1.25,2.24,2.09,2.45,4.8,1.95,2.8,4.4,1.25,3.75,1.32,1.54,2.14,2.67,3.0,3.05,2.28,1.71,1.53,1.32,1.24,8.5,4.4,1.48,16.75,2.71,3.0,9.0,1.26,2.35,5.0,14.0,3.5,1.61,1.12,1.02,1.18,1.77,3.6,8.0,4.6,1.86,1.23,1.07,0,0,0,0,1,0,0,1,0,1,0,1764040200,1398748,1,58,22,22,0,32502,2,1,4,1,1,0,5,1,0,2,3,2,2,5,1,92,36,147,57,1.32,1.23,2.55,0,0,0,0,0,0,1,1,0,0,0,0,0,0,1,13,19,1,14,14,1,7,10,21,37,61,79,91,41,68,79,48,9.92,3.41,4.03,3.02,/clubs/san-diego-fc-1398748,teams/usa-san-diego-fc.png,San Diego,/clubs/minnesota-united-fc-1015,teams/usa-minnesota-united-fc.png,Minnesota United,1.87,1.58,1.89,1.62,1.89,1.62,80,64,40,22,10,60,48,31,1.54,1.37,2.91,/usa/minnesota-united-fc-vs-san-diego-fc-h2h-stats#8363835,13973,38,True,False,False,False,False,False,False,['72'],[]
MLS,2025,13973,8378679,677446,2,2025,complete,120241,0,-1,"['14', '23', '67', '83', '89']",['37'],5,1,6,5,2,7,1,0,4,4,0,0,6,4,6,1,12,5,21,19,49,51,13889.0,,,,,4,4,1.53,4.88,5.5,1.01,1.11,1.44,2.05,3.35,21.0,5.75,2.7,1.77,1.28,1.44,2.45,2.7,1.4,7.5,1.04,1.15,1.18,2.5,1.94,2.63,5.03,1.8,3.2,4.5,1.2,4.33,1.35,1.54,2.35,2.53,3.3,3.08,2.17,1.8,1.45,1.27,1.37,7.5,3.75,1.45,23.0,2.7,3.1,12.0,1.19,2.07,4.2,10.0,4.2,1.73,1.19,1.04,1.11,1.62,3.0,6.0,5.0,2.1,1.35,1.1,0,0,0,0,6,2,1,3,0,3,3,1764457800,677446,1,59,26,42,0,-1,2,1,2,0,3,2,2,5,2,2,2,2,4,4,1,58,45,85,100,1.6,0.94,2.53,0,0,0,0,0,0,1,1,0,0,0,0,0,0,1,10,20,1,19,21,1,4,3,25,47,68,78,94,41,83,84,55,9.71,2.84,4.42,3.3,/clubs/club-internacional-de-futbol-miami-677446,teams/usa-club-internacional-de-futbol-miami.png,Inter Miami,/clubs/new-york-city-fc-2,teams/usa-new-york-city-fc.png,New York City,2.0,1.69,1.95,1.74,1.95,1.74,75,54,33,23,7,65,50,40,1.5,1.38,2.88,/usa/new-york-city-fc-vs-club-internacional-de-futbol-miami-h2h-stats#8378679,13973,39,True,True,True,True,True,True,True,"['14', '23', '67', '83', '89']",['37']
MLS,2025,13973,8378733,1398748,5,2025,complete,120241,0,-1,['60'],"['8', '11', '45+2']",1,3,4,5,1,6,2,4,3,2,1,0,4,8,7,3,11,11,17,21,54,46,,44567.0,5362.0,,,5,2,2.45,3.66,2.7,1.01,1.17,1.6,2.32,4.2,14.0,4.4,2.33,1.57,1.22,1.49,2.63,4.0,1.2,4.2,1.18,1.3,1.24,1.53,2.8,2.4,3.12,2.63,2.5,3.0,1.66,2.1,1.24,1.47,1.83,2.31,3.14,3.34,2.39,1.79,1.49,1.27,1.6,7.5,2.7,1.83,10.0,2.1,5.25,5.75,1.25,2.3,5.0,13.0,3.65,1.58,1.14,1.03,1.17,1.7,3.2,7.5,4.8,1.91,1.3,1.06,0,0,0,0,4,0,3,1,0,1,3,1764468000,5,1,56,18,16,0,32502,2,1,4,0,1,1,4,2,1,1,3,1,2,4,1,28,23,56,52,1.17,1.42,2.59,0,0,0,0,0,0,1,1,0,1,0,0,0,1,1,19,7,1,22,16,1,5,6,20,35,63,82,91,46,75,77,44,11.45,3.05,4.11,3.07,/clubs/san-diego-fc-1398748,teams/usa-san-diego-fc.png,San Diego,/clubs/vancouver-whitecaps-fc-5,teams/canada-vancouver-whitecaps-fc.png,Vancouver Whitecaps,1.87,1.82,1.92,1.84,1.92,1.84,80,66,37,19,10,63,54,36,1.54,1.63,3.17,/usa/vancouver-whitecaps-fc-vs-san-diego-fc-h2h-stats#8378733,13973,39,True,True,True,True,False,False,True,['60'],"['8', '11', '45+2']"
MLS,2025,13973,8383059,677446,5,2025,complete,120244,0,-1,"['8', '71', '90+6']",['60'],3,1,4,1,1,2,3,0,4,6,0,0,3,4,5,6,8,10,22,23,35,65,,48359.0,5362.0,,,4,6,1.8,4.0,3.7,0.0,1.09,1.47,2.19,3.5,0.0,6.08,2.78,1.7,1.31,1.42,2.61,3.45,1.25,6.0,1.09,1.19,1.2,1.99,2.32,2.48,3.61,2.04,2.75,3.5,1.36,3.0,1.27,1.45,2.08,2.31,3.08,3.3,2.48,1.93,1.6,1.28,1.62,7.5,2.69,1.6,21.0,2.35,4.0,9.0,1.18,1.95,4.0,10.0,4.3,1.76,1.2,1.04,1.11,1.61,2.9,6.0,5.75,2.2,1.35,1.1,0,0,0,0,4,1,0,2,1,3,1,1765049400,677446,1,65,21,41,0,21550,2,1,0,0,1,1,0,2,1,2,3,4,3,7,1,20,57,57,99,0.86,1.33,2.19,0,0,0,0,0,0,1,1,1,0,0,0,0,0,1,9,18,1,23,22,1,9,5,30,48,74,87,92,51,86,85,56,10.67,2.7,4.57,3.56,/clubs/club-internacional-de-futbol-miami-677446,teams/usa-club-internacional-de-futbol-miami.png,Inter Miami,/clubs/vancouver-whitecaps-fc-5,teams/canada-vancouver-whitecaps-fc.png,Vancouver Whitecaps,2.0,1.82,1.97,1.87,1.97,1.87,71,52,26,13,8,63,49,40,1.5,1.63,3.13,/usa/vancouver-whitecaps-fc-vs-club-internacional-de-futbol-miami-h2h-stats#8383059,13973,39,True,True,True,True,False,False,True,"['8', '71', '90+6']",['60']
