download_league,download_season,download_season_id,id,homeID,awayID,season,status,roundID,game_week,revised_game_week,homeGoals,awayGoals,homeGoalCount,awayGoalCount,totalGoalCount,team_a_corners,team_b_corners,totalCornerCount,team_a_offsides,team_b_offsides,team_a_yellow_cards,team_b_yellow_cards,team_a_red_cards,team_b_red_cards,team_a_shotsOnTarget,team_b_shotsOnTarget,team_a_shotsOffTarget,team_b_shotsOffTarget,team_a_shots,team_b_shots,team_a_fouls,team_b_fouls,team_a_possession,team_b_possession,refereeID,coach_a_ID,coach_b_ID,stadium_name,stadium_location,team_a_cards_num,team_b_cards_num,odds_ft_1,odds_ft_x,odds_ft_2,odds_ft_over05,odds_ft_over15,odds_ft_over25,odds_ft_over35,odds_ft_over45,odds_ft_under05,odds_ft_under15,odds_ft_under25,odds_ft_under35,odds_ft_under45,odds_btts_yes,odds_btts_no,odds_team_a_cs_yes,odds_team_a_cs_no,odds_team_b_cs_yes,odds_team_b_cs_no,odds_doublechance_1x,odds_doublechance_12,odds_doublechance_x2,odds_1st_half_result_1,odds_1st_half_result_x,odds_1st_half_result_2,odds_2nd_half_result_1,odds_2nd_half_result_x,odds_2nd_half_result_2,odds_dnb_1,odds_dnb_2,odds_corners_over_75,odds_corners_over_85,odds_corners_over_95,odds_corners_over_105,odds_corners_over_115,odds_corners_under_75,odds_corners_under_85,odds_corners_under_95,odds_corners_under_105,odds_corners_under_115,odds_corners_1,odds_corners_x,odds_corners_2,odds_team_to_score_first_1,odds_team_to_score_first_x,odds_team_to_score_first_2,odds_win_to_nil_1,odds_win_to_nil_2,odds_1st_half_over05,odds_1st_half_over15,odds_1st_half_over25,odds_1st_half_over35,odds_1st_half_under05,odds_1st_half_under15,odds_1st_half_under25,odds_1st_half_under35,odds_2nd_half_over05,odds_2nd_half_over15,odds_2nd_half_over25,odds_2nd_half_over35,odds_2nd_half_under05,odds_2nd_half_under15,odds_2nd_half_under25,odds_2nd_half_under35,odds_btts_1st_half_yes,odds_btts_1st_half_no,odds_btts_2nd_half_yes,odds_btts_2nd_half_no,overallGoalCount,ht_goals_team_a,ht_goals_team_b,goals_2hg_team_a,goals_2hg_team_b,GoalCount_2hg,HTGoalCount,date_unix,winningTeam,no_home_away,btts_potential,btts_fhg_potential,btts_2hg_potential,goalTimingDisabled,attendance,corner_timings_recorded,card_timings_recorded,team_a_fh_corners,team_b_fh_corners,team_a_2h_corners,team_b_2h_corners,corner_fh_count,corner_2h_count,team_a_fh_cards,team_b_fh_cards,team_a_2h_cards,team_b_2h_cards,total_fh_cards,total_2h_cards,attacks_recorded,team_a_dangerous_attacks,team_b_dangerous_attacks,team_a_attacks,team_b_attacks,team_a_xg,team_b_xg,total_xg,team_a_penalties_won,team_b_penalties_won,team_a_penalty_goals,team_b_penalty_goals,team_a_penalty_missed,team_b_penalty_missed,pens_recorded,goal_timings_recorded,team_a_0_10_min_goals,team_b_0_10_min_goals,team_a_corners_0_10_min,team_b_corners_0_10_min,team_a_cards_0_10_min,team_b_cards_0_10_min,throwins_recorded,team_a_throwins,team_b_throwins,freekicks_recorded,team_a_freekicks,team_b_freekicks,goalkicks_recorded,team_a_goalkicks,team_b_goalkicks,o45_potential,o35_potential,o25_potential,o15_potential,o05_potential,o15HT_potential,o05HT_potential,o05_2H_potential,o15_2H_potential,corners_potential,offsides_potential,cards_potential,avg_potential,home_url,home_image,home_name,away_url,away_image,away_name,home_ppg,away_ppg,pre_match_home_ppg,pre_match_away_ppg,pre_match_teamA_overall_ppg,pre_match_teamB_overall_ppg,u45_potential,u35_potential,u25_potential,u15_potential,u05_potential,corners_o85_potential,corners_o95_potential,corners_o105_potential,team_a_xg_prematch,team_b_xg_prematch,total_xg_prematch,match_url,competition_id,matches_completed_minimum,over05,over15,over25,over35,over45,over55,btts,homeGoals_timings,awayGoals_timings
MLS,2020,4473,1008277,13401,12,2020,complete,57712,0,-1,['60'],"['67', '90+2']",1,2,3,1,8,9,3,3,3,1,0,0,4,7,4,9,8,16,14,14,47,53,20.0,20,11434,,,3,1,2.05,3.6,3.5,1.04,1.2,1.7,2.62,5.0,13.0,4.33,2.1,1.44,1.17,1.61,2.2,3.25,1.33,5.0,1.16,1.28,1.28,1.72,2.62,2.3,3.75,2.3,2.62,3.4,0,0,1.13,1.36,1.6,1.83,2.5,5.2,2.9,2.2,1.83,1.46,1.67,8.2,2.67,1.61,12.0,2.3,3.75,5.9,1.33,2.5,6.5,17.0,3.25,1.5,1.11,1.02,1.18,1.83,3.5,7.25,4.33,1.87,1.26,1.06,0,0,0,0,3,0,0,1,2,3,0,1582999200,12,1,0,0,0,0,16932,2,1,0,5,1,3,5,4,0,0,3,1,0,4,1,41,50,119,116,1.1,1.87,2.97,0,0,0,0,0,0,1,1,0,0,0,1,0,0,-1,-1,-1,-1,-1,-1,-1,-1,-1,0,0,0,0,0,0,0,0,0,0.0,0.0,0.0,0.0,/clubs/dc-united-13401,teams/usa-dc-united.png,DC United,/clubs/colorado-rapids-12,teams/usa-colorado-rapids.png,Colorado Rapids,0.91,1.47,0.0,0.0,0.0,0.0,0,0,0,0,0,0,0,0,0.0,0.0,0.0,/usa/colorado-rapids-vs-dc-united-h2h-stats#1008277,4473,19,True,True,True,False,False,False,True,['60'],"['67', '90+2']"
MLS,2020,4473,1008278,1,11,2020,complete,57712,0,-1,"['37', '80']",['13'],2,1,3,4,3,7,2,3,0,0,0,0,3,6,6,7,9,13,8,21,57,43,11.0,12517,21032,,,0,0,2.87,3.4,2.37,1.04,1.22,1.73,2.75,5.5,13.0,4.0,2.08,1.4,1.14,1.57,2.25,4.0,1.22,3.75,1.25,1.53,1.3,1.4,3.25,2.25,3.0,2.88,2.6,2.62,0,0,1.36,1.62,2.04,2.65,3.6,2.9,2.15,1.69,1.42,1.24,1.66,7.0,2.7,2.1,11.25,1.8,5.0,4.25,1.33,2.5,6.5,19.0,3.25,1.5,1.11,1.02,1.18,1.87,3.6,7.5,4.25,1.83,1.25,1.06,0,0,0,0,3,1,1,1,0,1,2,1583006400,1,1,0,0,0,0,21006,2,-1,4,3,0,0,7,0,0,0,0,0,0,0,1,43,35,130,97,1.11,1.5,2.61,0,0,0,0,0,0,1,1,0,0,0,0,-1,-1,-1,-1,-1,-1,-1,-1,-1,-1,-1,0,0,0,0,0,0,0,0,0,0.0,0.0,0.0,0.0,/clubs/montreal-impact-1,teams/canada-montreal-impact.png,Montreal Impact,/clubs/new-england-revolution-11,teams/usa-new-england-revolution.png,New England Revolution,1.04,1.46,0.0,0.0,0.0,0.0,0,0,0,0,0,0,0,0,0.0,0.0,0.0,/usa/montreal-impact-vs-new-england-revolution-h2h-stats#1008278,4473,25,True,True,True,False,False,False,True,"['37', '80']",['13']
MLS,2020,4473,1008279,6,10,2020,complete,57712,0,-1,['54'],['13'],1,1,2,6,1,7,1,2,1,1,0,0,2,4,9,6,11,10,15,14,59,41,57.0,28051,1715,,,1,1,2.15,3.6,3.1,1.02,1.12,1.4,2.0,3.4,21.0,6.0,2.88,1.73,1.3,1.4,2.75,4.33,1.2,6.0,1.12,1.36,1.29,1.67,2.6,2.5,3.4,2.3,2.88,3.0,0,0,1.17,1.37,1.62,2.0,2.55,4.5,2.85,2.17,1.72,1.45,1.95,7.5,2.16,1.71,16.25,2.05,4.55,6.45,1.22,2.1,4.5,13.0,4.0,1.67,1.18,1.04,1.12,1.6,2.75,5.5,5.25,2.2,1.4,1.11,0,0,0,0,2,0,1,1,0,1,1,1583008200,-1,1,0,0,0,0,22039,2,1,2,0,4,1,2,5,0,0,1,1,0,2,1,76,50,127,115,1.39,1.28,2.68,0,0,0,0,0,0,1,1,0,0,1,0,0,0,-1,-1,-1,-1,-1,-1,-1,-1,-1,0,0,0,0,0,0,0,0,0,0.0,0.0,0.0,0.0,/clubs/houston-dynamo-6,teams/usa-houston-dynamo.png,Houston Dynamo,/clubs/la-galaxy-10,teams/usa-la-galaxy.png,LA Galaxy,0.91,1.0,0.0,0.0,0.0,0.0,0,0,0,0,0,0,0,0,0.0,0.0,0.0,/usa/houston-dynamo-vs-la-galaxy-h2h-stats#1008279,4473,22,True,True,False,False,False,False,True,['54'],['13']
MLS,2020,4473,1008280,15,19,2020,complete,57712,0,-1,"['53', '90+5']","['40', '51']",2,2,4,3,7,10,3,2,4,2,0,0,5,4,4,3,9,7,17,13,62,38,7.0,1763,2,,,4,2,1.83,3.8,3.8,1.02,1.17,1.53,2.25,4.0,17.0,5.0,2.4,1.57,1.22,1.53,2.37,3.4,1.3,6.0,1.12,1.25,1.25,1.83,2.4,2.4,4.0,2.1,2.75,3.6,0,0,1.11,1.31,1.52,1.83,2.34,5.5,3.2,2.36,1.83,1.53,1.64,7.5,2.75,1.57,17.0,2.4,3.7,6.6,1.28,2.25,5.5,15.0,3.5,1.57,1.14,1.03,1.16,1.75,3.3,6.75,4.6,1.95,1.28,1.07,0,0,0,0,4,0,1,2,1,3,1,1583015400,-1,1,0,0,0,0,18000,2,1,2,4,1,3,6,4,1,0,3,2,1,5,1,52,45,114,92,1.31,1.06,2.36,0,1,0,1,0,0,1,1,0,0,0,2,0,0,-1,-1,-1,-1,-1,-1,-1,-1,-1,0,0,0,0,0,0,0,0,0,0.0,0.0,0.0,0.0,/clubs/san-jose-earthquakes-15,teams/usa-san-jose-earthquakes.png,SJ Earthquakes,/clubs/toronto-fc-19,teams/canada-toronto-fc.png,Toronto,1.31,1.76,0.0,0.0,0.0,0.0,0,0,0,0,0,0,0,0,0.0,0.0,0.0,/usa/san-jose-earthquakes-vs-toronto-fc-h2h-stats#1008280,4473,25,True,True,True,True,False,False,True,"['53', '90+5']","['40', '51']"
MLS,2020,4473,1008281,13,16,2020,complete,57712,0,-1,"['61', '90+1']",[],2,0,2,3,8,11,2,1,1,4,0,0,5,3,4,7,9,10,10,18,49,51,12.0,12956,12,,,1,4,1.91,3.6,3.75,1.04,1.2,1.75,2.62,5.0,13.0,4.33,2.05,1.44,1.17,1.62,2.2,3.0,1.36,5.5,1.14,1.25,1.29,1.8,2.5,2.3,4.0,2.2,2.62,3.6,0,0,1.14,1.38,1.63,2.03,2.6,4.8,2.81,2.14,1.7,1.44,1.52,7.5,3.05,1.61,11.25,2.4,3.35,6.1,1.3,2.5,6.0,17.0,3.4,1.5,1.12,1.02,1.19,1.87,3.6,7.75,4.2,1.83,1.25,1.05,0,0,0,0,2,0,0,2,0,2,0,1583017200,13,1,0,0,0,0,16219,2,1,2,4,1,4,6,5,0,1,1,3,1,4,1,35,68,88,130,1.18,1.35,2.52,0,0,0,0,0,0,1,1,0,0,0,0,0,0,-1,-1,-1,-1,-1,-1,-1,-1,-1,0,0,0,0,0,0,0,0,0,0.0,0.0,0.0,0.0,/clubs/fc-dallas-13,teams/usa-fc-dallas.png,FC Dallas,/clubs/philadelphia-union-16,teams/usa-philadelphia-union.png,Philadelphia Union,1.46,1.96,0.0,0.0,0.0,0.0,0,0,0,0,0,0,0,0,0.0,0.0,0.0,/usa/fc-dallas-vs-philadelphia-union-h2h-stats#1008281,4473,24,True,True,False,False,False,False,False,"['61', '90+1']",[]
MLS,2020,4473,1008282,17,14,2020,complete,57712,0,-1,[],[],0,0,0,12,5,17,3,1,1,1,0,0,2,1,4,1,6,2,11,13,50,50,69.0,21031,26962,,,1,1,1.95,3.6,3.6,1.04,1.22,1.95,2.75,5.5,13.0,4.0,1.85,1.4,1.14,1.67,2.1,3.0,1.36,4.5,1.18,1.29,1.29,1.8,2.6,2.25,4.0,2.25,2.6,3.5,0,0,1.17,1.38,1.63,2.03,2.6,4.5,2.82,2.14,1.7,1.44,1.5,7.5,3.05,1.62,9.5,2.45,3.2,5.7,1.33,2.62,6.5,19.0,3.25,1.44,1.11,1.02,1.22,2.0,4.1,8.5,3.9,1.72,1.2,1.04,0,0,0,0,0,0,0,0,0,0,0,1583017200,-1,1,0,0,0,0,25527,2,1,7,0,5,5,7,10,0,1,1,0,1,1,1,62,39,125,112,0.98,0.5,1.48,0,0,0,0,0,0,1,1,0,0,1,0,0,0,-1,-1,-1,-1,-1,-1,-1,-1,-1,0,0,0,0,0,0,0,0,0,0.0,0.0,0.0,0.0,/clubs/orlando-city-sc-17,teams/usa-orlando-city-sc.png,Orlando City,/clubs/real-salt-lake-14,teams/usa-real-salt-lake.png,Real Salt Lake,1.69,0.96,0.0,0.0,0.0,0.0,0,0,0,0,0,0,0,0,0.0,0.0,0.0,/usa/real-salt-lake-vs-orlando-city-sc-h2h-stats#1008282,4473,23,False,False,False,False,False,False,False,[],[]
MLS,2020,4473,1008283,677447,1016,2020,complete,57712,0,-1,['28'],"['9', '37']",1,2,3,5,4,9,3,0,1,1,0,0,4,2,6,0,10,2,11,11,44,56,36.0,24795,894,,,1,1,3.1,3.5,2.1,1.02,1.21,1.7,2.8,5.05,11.25,4.0,2.16,1.4,1.14,1.61,2.15,4.4,1.18,3.25,1.33,1.71,1.25,1.3,3.5,2.25,2.65,3.25,2.55,2.3,0,0,1.25,1.46,1.76,2.22,2.89,3.6,2.55,1.95,1.58,1.37,2.43,7.5,1.81,2.25,11.5,1.69,5.55,3.65,1.32,2.55,5.95,13.25,3.15,1.47,1.1,1.02,1.18,1.95,3.75,10.0,4.5,1.8,1.25,1.06,0,0,0,0,3,1,2,0,0,0,3,1583024400,1016,1,0,0,0,0,59069,2,1,1,2,4,2,3,6,0,0,1,1,0,2,1,53,42,111,98,1.3,0.59,1.89,0,0,0,0,0,0,1,1,0,1,0,0,0,0,-1,-1,-1,-1,-1,-1,-1,-1,-1,0,0,0,0,0,0,0,0,0,0.0,0.0,0.0,0.0,/clubs/nashville-sc-mls-677447,teams/usa-nashville-sc-mls.png,Nashville SC,/clubs/atlanta-united-fc-1016,teams/usa-atlanta-united-fc.png,Atlanta United FC,1.46,0.96,0.0,0.0,0.0,0.0,0,0,0,0,0,0,0,0,0.0,0.0,0.0,/usa/atlanta-united-fc-vs-nashville-sc-mls-h2h-stats#1008283,4473,23,True,True,True,False,False,False,True,['28'],"['9', '37']"
MLS,2020,4473,1008284,5,8,2020,complete,57712,0,-1,['28'],"['17', '39', '90+5']",1,3,4,4,3,7,-1,-1,1,2,0,0,5,4,4,4,9,8,10,13,48,52,15.0,7207,18,,,1,2,3.1,3.5,2.2,1.03,1.18,1.61,2.5,4.5,15.0,4.5,2.25,1.5,1.18,1.53,2.38,5.0,1.17,3.5,1.29,1.61,1.28,1.36,3.5,2.3,2.75,3.1,2.62,2.4,0,0,1.24,1.43,1.72,2.17,2.8,3.7,2.61,2.0,1.61,1.38,2.4,7.5,1.78,2.15,12.75,1.74,5.7,4.0,1.3,2.38,6.0,17.0,3.4,1.53,1.12,1.02,1.18,1.83,3.5,7.25,4.33,1.87,1.26,1.06,0,0,0,0,4,1,2,0,1,1,3,1583033400,8,1,0,0,0,0,22120,2,1,1,2,3,1,3,4,1,1,0,1,2,1,1,30,75,73,150,1.14,1.35,2.49,0,0,0,0,0,0,1,1,0,0,0,2,0,1,-1,-1,-1,-1,-1,-1,-1,-1,-1,0,0,0,0,0,0,0,0,0,0.0,0.0,0.0,0.0,/clubs/vancouver-whitecaps-fc-5,teams/canada-vancouver-whitecaps-fc.png,Vancouver Whitecaps,/clubs/sporting-kansas-city-8,teams/usa-sporting-kansas-city.png,Sporting KC,1.17,1.64,0.0,0.0,0.0,0.0,0,0,0,0,0,0,0,0,0.0,0.0,0.0,/usa/vancouver-whitecaps-fc-vs-sporting-kansas-city-h2h-stats#1008284,4473,24,True,True,True,True,False,False,True,['28'],"['17', '39', '90+5']"
MLS,2020,4473,1008285,9,2,2020,complete,57712,0,-1,['56'],[],1,0,1,6,2,8,3,0,4,1,0,1,6,3,4,0,10,3,12,13,62,38,13851.0,13,762,,,4,3,2.25,3.4,3.0,1.04,1.22,1.73,2.88,5.6,14.0,4.4,2.14,1.43,1.16,1.57,2.33,3.4,1.3,4.33,1.2,1.36,1.28,1.61,2.87,2.25,3.5,2.45,2.55,3.0,0,0,1.24,1.42,1.72,2.17,2.79,3.7,2.63,2.0,1.61,1.38,1.73,7.5,2.6,1.72,13.0,2.2,4.05,5.15,1.33,2.5,6.5,19.0,3.25,1.5,1.11,1.02,1.2,1.95,3.8,8.0,4.1,1.75,1.22,1.05,0,0,0,0,1,0,0,1,0,1,0,1583083800,9,1,0,0,0,0,17473,2,1,1,1,5,1,2,6,2,2,2,0,4,2,1,90,34,133,76,1.71,0.66,2.37,0,0,0,0,0,0,1,1,0,0,0,0,1,1,-1,-1,-1,-1,-1,-1,-1,-1,-1,0,0,0,0,0,0,0,0,0,0.0,0.0,0.0,0.0,/clubs/columbus-crew-9,teams/usa-columbus-crew.png,Columbus Crew,/clubs/new-york-city-fc-2,teams/usa-new-york-city-fc.png,New York City,1.93,1.65,0.0,0.0,0.0,0.0,0,0,0,0,0,0,0,0,0.0,0.0,0.0,/usa/new-york-city-fc-vs-columbus-crew-h2h-stats#1008285,4473,26,True,False,False,False,False,False,False,['56'],[]
MLS,2020,4473,1008286,4,8043,2020,complete,57712,0,-1,"['16', '27', '70']","['46', '83']",3,2,5,3,2,5,4,3,2,0,0,0,6,5,6,5,12,10,10,7,44,56,40.0,11435,13301,,,2,0,1.61,3.75,5.45,1.03,1.17,1.57,2.48,4.5,17.0,5.3,2.43,1.56,1.22,1.56,2.38,2.62,1.44,7.0,1.1,1.14,1.2,2.37,2.1,2.5,4.75,1.91,2.75,4.2,0,0,1.14,1.36,1.6,1.9,2.5,4.8,2.9,2.2,1.8,1.46,1.17,11.0,6.5,1.4,15.0,3.1,2.8,9.0,1.28,2.37,5.5,15.0,3.5,1.53,1.14,1.03,1.14,1.72,3.1,6.5,5.0,2.0,1.33,1.08,0,0,0,0,5,2,0,1,2,3,2,1583085600,4,1,0,0,0,0,15703,2,1,1,2,2,0,3,2,1,0,1,0,1,1,1,44,46,151,128,1.52,1.33,2.85,0,0,0,0,0,0,1,1,0,0,0,0,0,0,-1,-1,-1,-1,-1,-1,-1,-1,-1,0,0,0,0,0,0,0,0,0,0.0,0.0,0.0,0.0,/clubs/new-york-red-bulls-4,teams/usa-new-york-red-bulls.png,New York RB,/clubs/fc-cincinnati-8043,teams/usa-fc-cincinnati.png,FC Cincinnati,1.33,0.71,0.0,0.0,0.0,0.0,0,0,0,0,0,0,0,0,0.0,0.0,0.0,/usa/new-york-red-bulls-vs-fc-cincinnati-h2h-stats#1008286,4473,24,True,True,True,True,True,False,True,"['16', '27', '70']","['46', '83']"
MLS,2020,4473,1008287,18,7,2020,complete,57712,0,-1,"['62', '90+3']",['46'],2,1,3,8,4,12,5,7,2,1,0,0,6,3,8,6,14,9,14,12,53,47,58.0,25,2414,,,2,1,2.0,3.5,3.5,1.03,1.19,1.64,2.63,4.9,16.0,4.9,2.3,1.5,1.19,1.5,2.5,3.25,1.33,4.5,1.18,1.25,1.28,1.8,2.62,2.3,3.75,2.3,2.6,3.15,0,0,1.14,1.33,1.55,1.9,2.4,4.8,3.1,2.3,1.8,1.5,1.65,7.5,2.75,1.61,13.0,2.3,3.8,6.0,1.33,2.5,6.5,19.0,3.25,1.5,1.11,1.02,1.18,1.83,3.5,7.25,4.33,1.87,1.26,1.06,0,0,0,0,3,0,0,2,1,3,0,1583092800,18,1,0,0,0,0,40126,2,1,5,2,3,2,7,5,0,0,2,1,0,3,1,36,48,106,108,1.57,1.14,2.71,0,0,0,0,0,0,1,1,0,0,2,0,0,0,-1,-1,-1,-1,-1,-1,-1,-1,-1,0,0,0,0,0,0,0,0,0,0.0,0.0,0.0,0.0,/clubs/seattle-sounders-fc-18,teams/usa-seattle-sounders-fc.png,Seattle Sounders,/clubs/chicago-fire-7,teams/usa-chicago-fire.png,Chicago Fire,1.78,1.0,0.0,0.0,0.0,0.0,0,0,0,0,0,0,0,0,0.0,0.0,0.0,/usa/chicago-fire-vs-seattle-sounders-fc-h2h-stats#1008287,4473,23,True,True,True,False,False,False,True,"['62', '90+3']",['46']
MLS,2020,4473,1008288,6490,677446,2020,complete,57712,0,-1,['44'],[],1,0,1,7,8,15,5,7,2,3,0,0,9,7,3,4,12,11,16,16,60,40,3.0,211,3134,,,2,3,1.33,5.25,7.25,1.01,1.08,1.31,1.85,2.8,18.25,6.8,3.2,1.96,1.38,1.56,2.25,2.5,1.49,13.0,1.04,1.06,1.12,3.25,1.69,2.85,5.7,1.48,3.4,5.8,0,0,1.17,1.38,1.63,2.03,2.58,4.5,2.8,2.14,1.7,1.45,1.22,10.0,5.5,1.29,18.5,3.45,2.6,11.5,1.19,1.93,3.95,8.5,4.3,1.8,1.22,1.04,1.1,1.5,2.5,5.0,7.0,2.5,1.5,1.16,0,0,0,0,1,1,0,0,0,0,1,1583101800,6490,1,0,0,0,0,22121,2,1,3,3,4,5,6,9,0,0,2,3,0,5,1,54,60,132,82,1.79,1.62,3.41,0,0,0,0,0,0,1,1,0,0,1,0,0,0,-1,-1,-1,-1,-1,-1,-1,-1,-1,0,0,0,0,0,0,0,0,0,0.0,0.0,0.0,0.0,/clubs/los-angeles-fc-6490,teams/usa-los-angeles-fc.png,Los Angeles FC,/clubs/club-internacional-de-futbol-miami-677446,teams/usa-club-internacional-de-futbol-miami.png,Inter Miami,1.44,1.0,0.0,0.0,0.0,0.0,0,0,0,0,0,0,0,0,0.0,0.0,0.0,/usa/los-angeles-fc-vs-club-internacional-de-futbol-miami-h2h-stats#1008288,4473,24,True,False,False,False,False,False,False,['44'],[]
MLS,2020,4473,1008289,20,1015,2020,complete,57712,0,-1,['56'],"['51', '76', '78']",1,3,4,2,7,9,1,2,3,2,0,0,3,4,7,5,10,9,14,22,57,43,31.0,7206,5,,,3,2,1.8,3.95,3.75,1.03,1.18,1.58,2.5,4.6,18.0,5.25,2.43,1.54,1.21,1.53,2.45,3.25,1.33,6.0,1.12,1.22,1.25,1.9,2.38,2.4,4.0,2.0,2.75,3.7,0,0,1.11,1.29,1.49,1.83,2.27,5.5,3.3,2.44,1.83,1.56,1.52,8.0,3.15,1.6,10.0,2.35,3.4,6.95,1.29,2.25,5.5,15.0,3.5,1.57,1.14,1.03,1.15,1.75,3.25,6.5,4.75,1.95,1.3,1.08,0,0,0,0,4,0,0,1,3,4,0,1583109000,1015,1,0,0,0,0,25218,2,1,1,3,1,4,4,5,1,2,2,0,3,2,1,53,57,126,103,1.24,1.27,2.51,1,0,1,0,0,0,1,1,0,0,0,0,0,0,-1,-1,-1,-1,-1,-1,-1,-1,-1,0,0,0,0,0,0,0,0,0,0.0,0.0,0.0,0.0,/clubs/portland-timbers-20,teams/usa-portland-timbers.png,Portland Timbers,/clubs/minnesota-united-fc-1015,teams/usa-minnesota-united-fc.png,Minnesota United,1.79,1.63,0.0,0.0,0.0,0.0,0,0,0,0,0,0,0,0,0.0,0.0,0.0,/usa/portland-timbers-vs-minnesota-united-fc-h2h-stats#1008289,4473,27,True,True,True,True,False,False,True,['56'],"['51', '76', '78']"
MLS,2020,4473,1008290,11,7,2020,complete,57712,0,-1,['28'],['70'],1,1,2,3,7,10,1,0,2,1,0,0,7,4,12,9,19,13,13,15,44,56,24.0,21032,2414,,,2,1,1.9,3.8,3.6,1.02,1.14,1.5,2.2,3.75,19.0,5.5,2.5,1.61,1.25,1.5,2.5,3.5,1.28,6.0,1.12,1.28,1.25,1.8,2.4,2.6,3.75,2.2,2.75,3.4,0,0,1.24,1.43,1.72,2.17,2.8,3.7,2.6,2.0,1.61,1.38,1.73,7.5,2.6,1.57,19.0,2.37,4.0,6.4,1.25,2.2,5.0,13.0,3.75,1.61,1.16,1.04,1.14,1.7,3.1,6.25,5.0,2.05,1.33,1.09,0,0,0,0,2,1,0,0,1,1,1,1583605800,-1,1,100,0,50,0,15289,2,1,0,4,3,3,4,6,1,0,1,1,1,2,1,51,53,147,109,2.07,1.49,3.56,0,0,0,0,0,0,1,1,0,0,0,1,0,0,-1,-1,-1,-1,-1,-1,-1,-1,-1,0,0,100,100,100,50,50,100,50,7.0,10.0,1.0,3.0,/clubs/new-england-revolution-11,teams/usa-new-england-revolution.png,New England Revolution,/clubs/chicago-fire-7,teams/usa-chicago-fire.png,Chicago Fire,1.46,1.0,0.0,0.0,0.0,0.0,100,100,0,0,0,50,50,50,1.5,1.14,2.64,/usa/chicago-fire-vs-new-england-revolution-h2h-stats#1008290,4473,23,True,True,False,False,False,False,True,['28'],['70']
MLS,2020,4473,1008291,14,4,2020,complete,57712,0,-1,['90+1'],['13'],1,1,2,6,0,6,2,2,2,2,0,0,5,2,17,2,22,4,17,14,59,41,13812.0,26962,11435,,,2,2,2.4,3.4,2.87,1.05,1.22,1.8,2.75,5.5,12.0,4.0,2.0,1.4,1.14,1.61,2.2,3.5,1.28,4.0,1.22,1.4,1.3,1.53,3.0,2.2,3.4,2.62,2.5,3.0,0,0,1.23,1.42,1.72,2.14,2.75,3.8,2.65,2.0,1.63,1.39,1.81,7.0,2.43,1.8,12.0,2.1,4.15,4.85,1.36,2.62,7.0,19.0,3.0,1.44,1.1,1.02,1.19,1.9,3.8,7.75,4.1,1.8,1.22,1.05,0,0,0,0,2,0,1,1,0,1,1,1583607600,-1,1,50,0,0,0,18093,2,1,4,0,2,0,4,2,0,1,2,1,1,3,1,50,37,114,107,2.1,0.68,2.78,0,0,0,0,0,0,1,1,0,0,0,0,0,0,-1,-1,-1,-1,-1,-1,-1,-1,-1,50,50,50,50,50,50,50,50,50,8.0,5.0,3.0,2.5,/clubs/real-salt-lake-14,teams/usa-real-salt-lake.png,Real Salt Lake,/clubs/new-york-red-bulls-4,teams/usa-new-york-red-bulls.png,New York RB,0.96,1.33,1.0,3.0,1.0,3.0,50,50,50,50,50,50,50,50,0.5,1.52,2.02,/usa/new-york-red-bulls-vs-real-salt-lake-h2h-stats#1008291,4473,23,True,True,False,False,False,False,True,['90+1'],['13']
MLS,2020,4473,1008292,13,1,2020,complete,57712,0,-1,"['83', '90+6']","['59', '68']",2,2,4,9,2,11,1,0,2,0,0,0,5,2,11,3,16,5,12,9,58,42,13864.0,12956,12517,,,2,0,1.57,4.0,5.5,1.04,1.2,1.61,2.62,5.0,13.0,4.33,2.25,1.44,1.16,1.7,2.05,2.5,1.5,6.5,1.11,1.14,1.22,2.25,2.2,2.37,5.0,1.9,2.75,4.75,0,0,1.24,1.44,1.72,2.17,2.8,3.7,2.6,2.0,1.61,1.38,1.38,8.5,3.8,1.4,13.0,3.0,2.65,8.75,1.3,2.5,6.0,17.0,3.4,1.5,1.12,1.02,1.16,1.75,3.3,6.75,4.5,1.95,1.28,1.07,0,0,0,0,4,0,0,2,2,4,0,1583611200,-1,1,50,0,0,0,15865,2,1,4,1,5,1,5,6,0,0,2,0,0,2,1,77,34,152,92,1.93,0.72,2.64,0,0,0,0,0,0,1,1,0,0,0,0,0,0,-1,-1,-1,-1,-1,-1,-1,-1,-1,0,0,50,100,100,50,50,100,50,7.0,4.0,1.0,2.5,/clubs/fc-dallas-13,teams/usa-fc-dallas.png,FC Dallas,/clubs/montreal-impact-1,teams/canada-montreal-impact.png,Montreal Impact,1.46,1.04,3.0,3.0,3.0,3.0,100,100,50,0,0,50,50,50,1.18,1.11,2.29,/usa/montreal-impact-vs-fc-dallas-h2h-stats#1008292,4473,24,True,True,True,True,False,False,True,"['83', '90+6']","['59', '68']"
MLS,2020,4473,1008293,13401,677446,2020,complete,57712,0,-1,"['59', '61']",['2'],2,1,3,6,3,9,3,0,3,2,0,1,6,4,4,14,10,18,19,16,55,45,69.0,20,3134,,,3,4,2.2,3.5,3.1,1.04,1.22,1.7,2.62,5.0,13.0,4.0,2.1,1.44,1.16,1.57,2.25,3.5,1.28,4.33,1.2,1.36,1.28,1.61,2.87,2.25,3.4,2.5,2.6,3.0,0,0,1.2,1.39,1.65,2.0,2.65,4.0,2.75,2.1,1.72,1.43,1.88,7.5,2.3,1.72,13.0,2.1,4.15,5.2,1.33,2.5,6.5,19.0,3.25,1.5,1.11,1.02,1.18,1.83,3.75,10.0,4.5,1.83,1.25,1.06,0,0,0,0,3,0,1,2,0,2,1,1583613000,13401,1,50,0,50,0,17183,2,1,4,1,2,2,5,4,1,0,2,3,1,5,1,45,75,103,125,1.39,1.96,3.34,1,0,1,0,0,0,1,1,0,1,0,0,0,0,-1,-1,-1,-1,-1,-1,-1,-1,-1,0,0,50,50,100,0,50,50,50,9.0,10.0,6.0,2.0,/clubs/dc-united-13401,teams/usa-dc-united.png,DC United,/clubs/club-internacional-de-futbol-miami-677446,teams/usa-club-internacional-de-futbol-miami.png,Inter Miami,0.91,1.0,0.0,0.0,0.0,0.0,100,100,50,50,0,100,50,50,1.1,1.62,2.72,/usa/dc-united-vs-club-internacional-de-futbol-miami-h2h-stats#1008293,4473,23,True,True,True,False,False,False,True,"['59', '61']",['2']
MLS,2020,4473,1008294,19,2,2020,complete,57712,0,-1,['81'],[],1,0,1,6,1,7,3,0,1,3,0,0,9,3,7,9,16,12,5,14,48,52,15.0,2,762,,,1,3,1.8,3.8,4.0,1.02,1.18,1.57,2.5,4.33,17.0,4.5,2.35,1.5,1.2,1.57,2.25,3.25,1.33,6.0,1.12,1.22,1.25,1.9,2.37,2.4,4.33,2.1,2.75,3.75,0,0,1.13,1.36,1.6,1.9,2.5,5.2,2.9,2.21,1.8,1.46,1.47,8.0,3.3,1.53,17.0,2.5,3.7,6.75,1.28,2.37,5.5,15.0,3.5,1.53,1.14,1.03,1.16,1.8,3.4,7.0,4.6,1.91,1.28,1.07,0,0,0,0,1,0,0,1,0,1,0,1583618400,19,1,50,0,0,0,26171,2,1,3,0,3,1,3,4,0,2,1,1,2,2,1,53,34,114,117,2.03,1.23,3.25,0,0,0,0,0,0,1,1,0,0,0,0,0,0,-1,-1,-1,-1,-1,-1,-1,-1,-1,0,50,50,50,100,0,50,100,50,9.0,2.0,5.0,2.5,/clubs/toronto-fc-19,teams/canada-toronto-fc.png,Toronto,/clubs/new-york-city-fc-2,teams/usa-new-york-city-fc.png,New York City,1.76,1.65,1.0,0.0,1.0,0.0,100,50,50,50,0,50,50,0,1.06,0.66,1.72,/usa/new-york-city-fc-vs-toronto-fc-h2h-stats#1008294,4473,25,True,False,False,False,False,False,False,['81'],[]
MLS,2020,4473,1008295,1016,8043,2020,complete,57712,0,-1,"['21', '55']",['64'],2,1,3,2,3,5,4,1,1,4,0,0,4,3,6,9,10,12,9,16,57,43,12.0,894,13301,,,1,4,1.44,4.33,7.0,1.02,1.18,1.65,2.37,4.33,17.0,4.5,2.2,1.53,1.2,1.61,2.2,2.62,1.44,7.0,1.1,1.1,1.2,2.62,2.1,2.5,4.75,1.83,2.75,4.75,0,0,1.24,1.43,1.72,2.17,2.8,3.7,2.6,2.0,1.61,1.38,1.22,9.5,5.5,1.4,17.0,2.87,2.8,8.25,1.28,2.25,5.5,15.0,3.5,1.57,1.14,1.03,1.17,1.8,3.5,8.0,5.0,1.91,1.29,1.08,0,0,0,0,3,1,0,1,1,2,1,1583625600,1016,1,100,0,50,0,69301,2,1,1,0,1,3,1,4,0,2,1,2,2,3,1,37,52,142,83,1.2,1.34,2.54,0,0,0,0,0,0,1,1,0,0,0,0,0,1,-1,-1,-1,-1,-1,-1,-1,-1,-1,50,50,100,100,100,100,100,50,50,6.0,3.0,1.0,4.0,/clubs/atlanta-united-fc-1016,teams/usa-atlanta-united-fc.png,Atlanta United FC,/clubs/fc-cincinnati-8043,teams/usa-fc-cincinnati.png,FC Cincinnati,0.96,0.71,3.0,0.0,3.0,0.0,50,50,0,0,0,50,0,0,0.59,1.33,1.92,/usa/atlanta-united-fc-vs-fc-cincinnati-h2h-stats#1008295,4473,23,True,True,True,False,False,False,True,"['21', '55']",['64']
MLS,2020,4473,1008296,15,1015,2020,complete,57712,0,-1,"['19', '53']","['12', '26', '32', '45+3', '71']",2,5,7,6,8,14,1,1,0,1,0,0,7,9,13,6,20,15,7,10,62,38,27.0,1763,5,,,0,1,1.95,4.0,3.3,1.02,1.16,1.57,2.37,4.0,17.0,5.0,2.35,1.53,1.22,1.53,2.37,3.4,1.3,5.5,1.14,1.33,1.22,1.8,2.5,2.4,3.75,2.2,2.75,3.4,0,0,1.14,1.3,1.51,1.8,2.3,4.8,3.2,2.41,1.9,1.54,1.42,8.5,3.6,1.57,17.0,2.37,3.75,6.45,1.28,2.25,5.5,15.0,3.5,1.57,1.14,1.03,1.17,1.82,3.52,6.75,5.1,1.99,1.3,1.07,0,0,0,0,7,1,4,1,1,2,5,1583629200,1015,1,100,0,100,0,12223,2,1,3,5,3,3,8,6,0,0,0,1,0,1,1,62,49,132,95,2.2,1.93,4.14,1,1,1,0,0,1,1,1,0,0,1,1,0,0,-1,-1,-1,-1,-1,-1,-1,-1,-1,0,100,100,100,100,0,50,100,100,10.0,5.0,6.0,4.0,/clubs/san-jose-earthquakes-15,teams/usa-san-jose-earthquakes.png,SJ Earthquakes,/clubs/minnesota-united-fc-1015,teams/usa-minnesota-united-fc.png,Minnesota United,1.31,1.63,1.0,3.0,1.0,3.0,100,0,0,0,0,100,50,0,1.31,1.27,2.58,/usa/san-jose-earthquakes-vs-minnesota-united-fc-h2h-stats#1008296,4473,26,True,True,True,True,True,True,True,"['19', '53']","['12', '26', '32', '45+3', '71']"
MLS,2020,4473,1008297,8,6,2020,complete,57712,0,-1,"['16', '26', '65', '77']",[],4,0,4,5,7,12,3,1,2,5,0,0,8,1,10,10,18,11,12,13,56,44,3.0,18,28051,,,2,5,1.61,4.0,5.25,1.02,1.16,1.57,2.37,4.0,17.0,5.0,2.35,1.53,1.22,1.57,2.25,2.75,1.4,7.0,1.1,1.16,1.22,2.2,2.2,2.4,4.5,1.9,2.75,4.33,0,0,1.28,1.5,1.83,2.34,3.1,3.3,2.4,1.83,1.53,1.32,1.4,8.0,3.75,1.44,17.0,2.75,3.05,7.75,1.28,2.25,5.5,15.0,3.5,1.57,1.14,1.03,1.15,1.72,3.2,6.5,4.75,2.0,1.3,1.08,0,0,0,0,4,2,0,2,0,2,2,1583631000,8,1,100,0,0,0,21188,2,1,3,2,2,5,5,7,1,4,1,1,5,2,1,47,38,116,111,2.04,1.05,3.09,0,0,0,0,0,0,1,1,0,0,0,2,0,0,-1,-1,-1,-1,-1,-1,-1,-1,-1,0,50,50,100,100,50,100,100,0,9.0,0.0,3.0,3.0,/clubs/sporting-kansas-city-8,teams/usa-sporting-kansas-city.png,Sporting KC,/clubs/houston-dynamo-6,teams/usa-houston-dynamo.png,Houston Dynamo,1.64,0.91,3.0,1.0,3.0,1.0,100,50,50,0,0,0,0,0,1.35,1.39,2.74,/usa/houston-dynamo-vs-sporting-kansas-city-h2h-stats#1008297,4473,23,True,True,True,True,False,False,False,"['16', '26', '65', '77']",[]
MLS,2020,4473,1008298,12,17,2020,complete,57712,0,-1,"['64', '90']",['82'],2,1,3,4,2,6,2,0,3,2,0,0,6,6,8,7,14,13,10,8,54,46,13893.0,11434,21031,,,3,2,1.6,4.0,5.5,1.04,1.2,1.66,2.62,5.0,13.0,4.33,2.15,1.44,1.16,1.7,2.05,2.5,1.5,6.0,1.12,1.14,1.22,2.25,2.2,2.4,4.75,1.9,2.75,4.5,0,0,1.11,1.29,1.49,1.8,2.27,5.5,3.3,2.44,1.9,1.56,1.42,8.5,3.6,1.44,13.0,2.87,2.9,7.25,1.3,2.5,6.0,17.0,3.4,1.5,1.12,1.02,1.19,1.9,3.75,7.75,4.25,1.8,1.22,1.05,0,0,0,0,3,0,0,2,1,3,0,1583632800,12,1,50,0,0,0,13062,2,1,2,1,2,1,3,3,1,1,2,1,2,3,1,58,32,116,110,1.73,1.48,3.21,0,0,0,0,0,0,1,1,0,0,0,0,0,0,-1,-1,-1,-1,-1,-1,-1,-1,-1,0,0,50,50,50,0,0,50,50,20.0,6.0,2.0,1.5,/clubs/colorado-rapids-12,teams/usa-colorado-rapids.png,Colorado Rapids,/clubs/orlando-city-sc-17,teams/usa-orlando-city-sc.png,Orlando City,1.47,1.69,3.0,1.0,3.0,1.0,100,100,50,50,50,100,50,50,1.87,0.98,2.85,/usa/colorado-rapids-vs-orlando-city-sc-h2h-stats#1008298,4473,19,True,True,True,False,False,False,True,"['64', '90']",['82']
MLS,2020,4473,1008299,10,5,2020,complete,57712,0,-1,[],['74'],0,1,1,6,2,8,0,2,3,0,1,0,1,5,11,7,12,12,21,7,54,46,31.0,1715,7207,,,4,0,1.4,4.75,7.0,1.01,1.11,1.36,1.9,3.25,23.0,6.5,3.1,1.8,1.33,1.53,2.37,2.75,1.4,11.0,1.05,1.1,1.18,2.75,1.83,2.75,5.5,1.66,3.1,5.5,0,0,1.14,1.31,1.52,1.9,2.34,4.8,3.2,2.36,1.8,1.53,1.23,9.5,5.2,1.33,23.0,3.25,2.9,11.0,1.2,1.9,4.0,11.0,4.33,1.8,1.22,1.05,1.1,1.55,2.65,5.25,5.75,2.3,1.42,1.13,0,0,0,0,1,0,0,0,1,1,0,1583636400,5,1,100,0,0,0,26382,2,1,5,1,1,1,6,2,1,0,3,0,1,3,1,65,39,110,112,1.3,1.4,2.7,0,1,0,0,0,1,1,1,0,0,1,1,0,0,-1,-1,-1,-1,-1,-1,-1,-1,-1,0,50,50,100,100,50,100,100,0,5.0,1.0,2.0,3.0,/clubs/la-galaxy-10,teams/usa-la-galaxy.png,LA Galaxy,/clubs/vancouver-whitecaps-fc-5,teams/canada-vancouver-whitecaps-fc.png,Vancouver Whitecaps,1.0,1.17,1.0,0.0,1.0,0.0,100,50,50,0,0,0,0,0,1.28,1.14,2.42,/usa/vancouver-whitecaps-fc-vs-la-galaxy-h2h-stats#1008299,4473,22,True,False,False,False,False,False,False,[],['74']
MLS,2020,4473,1008300,18,9,2020,complete,57712,0,-1,['79'],['33'],1,1,2,10,1,11,1,2,2,1,0,0,5,3,15,2,20,5,10,8,56,44,57.0,25,13,,,2,1,1.9,3.6,3.75,1.05,1.25,1.8,2.75,5.5,12.0,3.75,2.0,1.4,1.14,1.7,2.05,2.75,1.4,5.0,1.16,1.25,1.28,1.8,2.5,2.25,4.33,2.2,2.6,3.75,0,0,1.14,1.36,1.6,1.9,2.5,4.8,2.9,2.2,1.8,1.46,1.38,8.5,3.8,1.57,12.0,2.5,3.35,6.1,1.33,2.62,7.0,19.0,3.25,1.44,1.1,1.02,1.2,1.91,3.8,7.75,4.1,1.8,1.22,1.05,0,0,0,0,2,0,1,1,0,1,1,1583636400,-1,1,50,0,50,0,33080,2,1,4,0,7,1,4,8,1,0,1,1,1,2,1,64,55,106,121,2.07,0.94,3.01,1,0,1,0,0,0,1,1,0,0,1,0,0,0,-1,-1,-1,-1,-1,-1,-1,-1,-1,0,0,50,50,100,0,0,100,50,14.0,8.0,6.0,2.0,/clubs/seattle-sounders-fc-18,teams/usa-seattle-sounders-fc.png,Seattle Sounders,/clubs/columbus-crew-9,teams/usa-columbus-crew.png,Columbus Crew,1.78,1.93,3.0,3.0,3.0,3.0,100,100,50,50,0,50,50,50,1.57,1.71,3.28,/usa/columbus-crew-vs-seattle-sounders-fc-h2h-stats#1008300,4473,27,True,True,False,False,False,False,True,['79'],['33']
MLS,2020,4473,1008301,20,677447,2020,complete,57712,0,-1,['12'],[],1,0,1,0,9,9,0,1,3,1,0,0,2,3,1,11,3,14,9,14,46,54,7.0,7206,24795,,,3,1,1.57,4.1,5.0,1.02,1.17,1.57,2.35,4.0,10.0,4.4,2.3,1.53,1.2,1.62,2.15,2.65,1.43,6.5,1.11,1.15,1.17,2.3,2.05,2.35,5.0,1.85,2.85,4.6,0,0,1.19,1.36,1.6,2.0,2.46,4.2,2.9,2.21,1.72,1.48,1.3,9.0,4.4,1.45,10.0,2.75,2.95,8.0,1.28,2.25,5.0,10.5,3.3,1.57,1.14,1.02,1.16,1.75,3.3,6.75,4.6,1.95,1.28,1.07,0,0,0,0,1,1,0,0,0,0,1,1583708400,20,1,100,0,50,0,25518,2,1,0,4,0,5,4,5,1,1,2,0,2,2,1,21,76,98,144,0.5,1.65,2.16,0,0,0,0,0,0,1,1,0,0,0,0,1,0,-1,-1,-1,-1,-1,-1,-1,-1,-1,0,50,100,100,100,50,50,50,50,7.0,4.0,4.0,3.5,/clubs/portland-timbers-20,teams/usa-portland-timbers.png,Portland Timbers,/clubs/nashville-sc-mls-677447,teams/usa-nashville-sc-mls.png,Nashville SC,1.79,1.46,0.0,0.0,0.0,0.0,100,50,0,0,0,100,0,0,1.24,1.3,2.54,/usa/portland-timbers-vs-nashville-sc-mls-h2h-stats#1008301,4473,26,True,False,False,False,False,False,False,['12'],[]
MLS,2020,4473,1008302,6490,16,2020,complete,57712,0,-1,"['38', '49', '71']","['29', '48', '69']",3,3,6,12,4,16,2,7,1,4,0,0,11,5,9,6,20,11,8,11,62,38,11.0,211,12,,,1,4,1.36,5.0,7.5,1.01,1.1,1.33,1.83,3.0,26.0,7.0,3.4,1.83,1.36,1.53,2.37,2.62,1.44,13.0,1.04,1.1,1.16,3.0,1.8,2.87,6.0,1.57,3.25,5.5,0,0,1.18,1.36,1.6,2.0,2.5,4.2,2.9,2.21,1.72,1.46,1.27,9.0,4.75,1.3,26.0,3.4,2.85,11.5,1.2,1.9,4.0,10.0,4.33,1.8,1.22,1.06,1.09,1.5,2.5,4.75,6.0,2.4,1.48,1.15,0,0,0,0,6,1,1,2,2,4,2,1583721000,-1,1,0,0,0,0,22112,2,1,4,3,8,1,7,9,1,3,0,1,4,1,1,83,52,119,104,2.63,1.43,4.05,0,0,0,0,0,0,1,1,0,0,1,1,0,0,-1,-1,-1,-1,-1,-1,-1,-1,-1,0,0,0,50,100,0,50,50,50,15.0,6.0,6.0,1.5,/clubs/los-angeles-fc-6490,teams/usa-los-angeles-fc.png,Los Angeles FC,/clubs/philadelphia-union-16,teams/usa-philadelphia-union.png,Philadelphia Union,1.44,1.96,3.0,0.0,3.0,0.0,100,100,100,50,0,100,100,100,1.79,1.35,3.14,/usa/philadelphia-union-vs-los-angeles-fc-h2h-stats#1008302,4473,25,True,True,True,True,True,True,True,"['38', '49', '71']","['29', '48', '69']"
MLS,2020,4473,1008303,17,677446,2020,complete,57713,0,-1,"['70', '90+7']",['47'],2,1,3,3,2,5,1,0,3,2,0,0,3,1,6,6,9,7,17,12,50,50,69.0,21031,3134,,,3,2,2.65,3.2,2.4,1.05,1.22,1.75,2.75,5.5,12.0,4.0,2.05,1.4,1.14,1.62,2.2,4.0,1.22,3.5,1.29,1.53,1.3,1.4,3.4,2.25,3.0,2.88,2.6,2.62,0,0,1.27,1.47,1.8,2.28,2.99,3.4,2.5,1.95,1.56,1.34,2.26,7.2,1.94,2.05,9.0,1.83,4.95,4.1,1.33,2.62,6.5,19.0,3.25,1.44,1.11,1.02,1.2,1.95,3.9,8.25,4.0,1.75,1.22,1.04,0,0,0,0,3,0,0,2,1,3,0,1594252800,17,1,50,0,0,0,-1,2,1,2,0,1,2,2,3,1,1,2,1,2,3,1,66,69,86,78,1.26,1.01,2.27,0,0,0,0,0,0,1,1,0,0,1,0,0,0,-1,-1,-1,-1,-1,-1,-1,-1,-1,0,0,50,50,75,0,50,50,50,12.5,5.0,5.0,1.75,/clubs/orlando-city-sc-17,teams/usa-orlando-city-sc.png,Orlando City,/clubs/club-internacional-de-futbol-miami-677446,teams/usa-club-internacional-de-futbol-miami.png,Inter Miami,1.69,1.0,0.5,0.0,0.5,0.0,100,100,50,50,25,75,50,50,1.23,1.79,3.02,/usa/orlando-city-sc-vs-club-internacional-de-futbol-miami-h2h-stats#1008303,4473,24,True,True,True,False,False,False,True,"['70', '90+7']",['47']
MLS,2020,4473,1008305,2,16,2020,complete,57713,0,-1,[],['63'],0,1,1,8,3,11,2,1,1,3,0,0,9,4,9,4,18,8,8,10,59,41,7.0,762,12,,,1,3,1.95,3.85,3.25,1.01,1.16,1.53,2.35,4.05,14.0,5.0,2.45,1.57,1.22,1.49,2.45,3.75,1.25,5.5,1.14,1.36,1.22,1.72,2.6,2.4,3.5,2.3,2.75,3.2,0,0,1.19,1.36,1.63,2.0,2.75,4.4,3.0,2.18,1.72,1.42,1.92,7.3,2.3,1.61,19.0,2.25,4.05,6.05,1.28,2.25,5.5,15.0,3.5,1.57,1.14,1.03,1.15,1.75,3.25,6.5,4.75,1.95,1.3,1.08,0,0,0,0,1,0,0,0,1,1,0,1594299600,16,1,25,25,25,0,0,2,1,4,2,4,1,6,5,0,2,1,1,2,2,1,78,39,78,60,2.32,1.07,3.38,0,0,0,0,0,0,1,1,0,0,0,0,0,0,-1,-1,-1,-1,-1,-1,-1,-1,-1,25,25,25,50,100,25,25,100,50,7.5,4.0,7.0,2.5,/clubs/new-york-city-fc-2,teams/usa-new-york-city-fc.png,New York City,/clubs/philadelphia-union-16,teams/usa-philadelphia-union.png,Philadelphia Union,1.65,1.96,0.0,0.5,0.0,0.5,75,75,75,50,0,50,50,50,0.94,1.39,2.33,/usa/new-york-city-fc-vs-philadelphia-union-h2h-stats#1008305,4473,26,True,False,False,False,False,False,False,[],['63']
MLS,2020,4473,1008306,1,11,2020,complete,57713,0,-1,[],['56'],0,1,1,8,9,17,2,0,1,1,0,0,2,4,2,10,4,14,12,6,55,45,5016.0,12517,21032,,,1,1,3.05,3.6,2.15,1.02,1.21,1.69,2.75,5.0,11.75,4.2,2.1,1.43,1.16,1.59,2.25,4.33,1.2,3.5,1.28,1.61,1.25,1.4,3.4,2.3,2.87,3.0,2.6,2.5,0,0,1.23,1.42,1.72,2.23,3.05,3.95,2.75,2.0,1.6,1.35,2.6,7.5,1.73,2.2,15.0,1.72,5.35,3.9,1.33,2.5,6.5,17.0,3.25,1.5,1.11,1.02,1.19,1.87,3.6,7.75,4.25,1.83,1.25,1.05,0,0,0,0,1,0,0,0,1,1,0,1594339200,11,1,100,100,0,0,0,2,1,4,5,4,4,9,8,0,0,1,1,0,2,1,75,86,81,93,0.94,1.78,2.72,0,0,0,0,0,0,1,1,0,0,1,1,0,0,-1,-1,-1,-1,-1,-1,-1,-1,-1,0,25,75,100,100,50,75,100,25,6.0,3.0,1.0,3.0,/clubs/montreal-impact-1,teams/canada-montreal-impact.png,Montreal Impact,/clubs/new-england-revolution-11,teams/usa-new-england-revolution.png,New England Revolution,1.04,1.46,2.0,0.5,2.0,0.5,100,75,25,0,0,50,50,25,0.91,1.78,2.69,/usa/montreal-impact-vs-new-england-revolution-h2h-stats#1008306,4473,25,True,False,False,False,False,False,False,[],['56']
MLS,2020,4473,1008308,19,13401,2020,complete,57713,0,-1,"['12', '44']","['84', '90+1']",2,2,4,4,5,9,2,0,0,3,0,1,7,5,9,4,16,9,1,4,66,34,24.0,2,20,,,0,4,1.95,3.55,3.55,1.03,1.26,1.83,3.15,5.9,10.25,3.65,1.91,1.34,1.12,1.71,2.05,3.0,1.36,5.0,1.16,1.28,1.28,1.8,2.6,2.3,4.0,2.25,2.6,3.5,0,0,1.15,1.3,1.57,2.0,2.6,4.75,3.2,2.25,1.72,1.44,1.43,8.0,3.55,1.61,13.0,2.4,3.4,5.85,1.33,2.5,6.5,19.0,3.25,1.5,1.11,1.02,1.18,1.87,3.6,7.5,4.33,1.83,1.25,1.06,0,0,0,0,4,2,0,0,2,2,2,1594645200,-1,1,75,0,0,0,0,2,1,4,3,0,2,7,2,0,2,0,2,2,2,1,55,40,133,69,1.91,1.21,3.12,0,0,0,0,0,0,1,1,0,0,0,0,0,0,-1,-1,-1,-1,-1,-1,-1,-1,-1,0,25,75,75,100,0,50,100,75,10.0,5.5,4.5,2.75,/clubs/toronto-fc-19,teams/canada-toronto-fc.png,Toronto,/clubs/dc-united-13401,teams/usa-dc-united.png,DC United,1.76,0.91,2.0,1.5,2.0,1.5,100,75,25,25,0,75,25,0,1.54,1.24,2.78,/usa/toronto-fc-vs-dc-united-h2h-stats#1008308,4473,23,True,True,True,True,False,False,True,"['12', '44']","['84', '90+1']"
MLS,2020,4473,1008309,18,15,2020,complete,57713,0,-1,[],[],0,0,0,1,9,10,2,1,1,1,0,0,6,8,2,5,8,13,10,10,37,63,36.0,25,1763,,,1,1,1.87,3.7,3.75,1.02,1.21,1.67,2.7,4.9,12.0,4.25,2.15,1.43,1.16,1.61,2.2,3.25,1.33,5.0,1.16,1.28,1.25,1.8,2.5,2.3,4.0,2.2,2.62,3.5,0,0,1.09,1.2,1.4,1.72,2.1,6.0,4.0,2.75,2.0,1.65,1.64,8.0,2.75,1.57,15.0,2.4,3.5,5.8,1.33,2.5,6.5,17.0,3.25,1.5,1.11,1.02,1.17,1.85,3.6,7.25,4.4,1.87,1.25,1.06,0,0,0,0,0,0,0,0,0,0,0,1594429200,-1,1,100,0,25,0,0,2,1,1,2,0,6,3,6,1,1,0,0,2,0,1,38,67,59,71,1.2,1.86,3.06,0,0,0,0,0,0,1,1,0,0,1,0,0,0,-1,-1,-1,-1,-1,-1,-1,-1,-1,25,50,75,100,100,25,75,100,75,13.5,5.0,4.0,4.0,/clubs/seattle-sounders-fc-18,teams/usa-seattle-sounders-fc.png,Seattle Sounders,/clubs/san-jose-earthquakes-15,teams/usa-san-jose-earthquakes.png,SJ Earthquakes,1.78,1.31,2.0,0.5,2.0,0.5,75,50,25,0,0,100,100,75,1.82,1.75,3.57,/usa/san-jose-earthquakes-vs-seattle-sounders-fc-h2h-stats#1008309,4473,26,False,False,False,False,False,False,False,[],[]
MLS,2020,4473,1008310,1016,4,2020,complete,57713,0,-1,[],['4'],0,1,1,4,4,8,4,2,2,1,0,0,4,4,9,2,13,6,11,13,69,31,3.0,894,11435,,,2,1,2.4,3.5,2.7,1.03,1.23,1.74,2.9,5.35,11.25,3.95,2.05,1.39,1.14,1.62,2.2,3.75,1.25,3.75,1.25,1.5,1.29,1.5,3.2,2.25,3.2,2.75,2.6,2.75,0,0,1.17,1.34,1.6,2.05,2.7,4.5,3.0,2.2,1.7,1.4,1.58,7.5,2.9,1.91,9.25,1.95,4.4,4.4,1.33,2.62,7.0,19.0,3.25,1.44,1.1,1.02,1.2,1.91,4.0,10.0,4.33,1.8,1.22,1.06,0,0,0,0,1,0,1,0,0,0,1,1594514700,4,1,100,0,50,0,0,2,1,2,2,2,2,4,4,2,0,0,1,2,1,1,55,48,120,113,1.51,1.02,2.53,0,0,0,0,0,0,1,1,0,1,0,0,0,0,-1,-1,-1,-1,-1,-1,-1,-1,-1,25,25,75,100,100,50,100,75,50,4.5,5.0,3.0,3.25,/clubs/atlanta-united-fc-1016,teams/usa-atlanta-united-fc.png,Atlanta United FC,/clubs/new-york-red-bulls-4,teams/usa-new-york-red-bulls.png,New York RB,0.96,1.33,3.0,2.0,3.0,2.0,75,75,25,0,0,25,0,0,0.89,1.1,1.99,/usa/new-york-red-bulls-vs-atlanta-united-fc-h2h-stats#1008310,4473,23,True,False,False,False,False,False,False,[],['4']
MLS,2020,4473,1008311,8043,9,2020,complete,57713,0,-1,[],"['27', '30', '49', '60']",0,4,4,1,6,7,1,2,2,1,0,0,3,6,1,4,4,10,14,6,37,63,31.0,409,13,,,2,1,4.7,3.55,1.71,1.04,1.31,1.95,3.5,6.7,9.25,3.35,1.8,1.29,1.09,1.95,1.8,4.33,1.2,2.25,1.57,2.0,1.25,1.2,4.75,2.25,2.4,4.33,2.5,2.1,0,0,1.26,1.5,1.83,2.5,3.5,3.5,2.4,1.83,1.48,1.26,3.3,7.5,1.49,2.87,10.0,1.5,6.75,2.45,1.4,3.0,9.0,23.0,2.75,1.36,1.07,1.01,1.25,2.1,4.33,9.0,3.6,1.65,1.18,1.03,0,0,0,0,4,0,2,0,2,2,2,1594524000,9,1,75,0,0,0,0,2,1,1,4,0,2,5,2,1,0,1,1,1,2,1,25,49,53,114,0.65,1.42,2.07,0,0,0,0,0,0,1,1,0,0,0,1,0,0,-1,-1,-1,-1,-1,-1,-1,-1,-1,25,25,50,75,100,25,75,100,50,6.0,4.5,4.5,2.75,/clubs/fc-cincinnati-8043,teams/usa-fc-cincinnati.png,FC Cincinnati,/clubs/columbus-crew-9,teams/usa-columbus-crew.png,Columbus Crew,0.71,1.93,0.0,2.0,0.0,2.0,75,75,50,25,0,25,25,25,1.34,1.33,2.67,/usa/columbus-crew-vs-fc-cincinnati-h2h-stats#1008311,4473,24,True,True,True,True,False,False,False,[],"['27', '30', '49', '60']"
MLS,2020,4473,1008312,8,1015,2020,complete,57713,0,-1,['43'],"['90+2', '90+7']",1,2,3,9,3,12,1,3,2,3,1,0,3,2,5,6,8,8,14,12,62,38,13893.0,18,5,,,4,3,2.05,3.55,3.25,1.02,1.19,1.62,2.6,4.6,12.5,4.45,2.25,1.48,1.18,1.54,2.35,3.5,1.28,5.0,1.16,1.33,1.28,1.72,2.62,2.4,3.5,2.3,2.62,3.25,0,0,1.15,1.3,1.57,1.9,2.6,4.75,3.2,2.25,1.8,1.44,1.72,7.5,2.6,1.66,15.0,2.25,3.7,6.0,1.3,2.37,5.5,15.0,3.4,1.53,1.14,1.03,1.17,1.83,3.5,7.25,4.4,1.87,1.26,1.06,0,0,0,0,3,1,0,0,2,2,1,1594598400,1015,1,75,25,50,0,0,2,1,4,1,5,2,5,7,0,1,3,2,1,5,1,79,47,138,86,1.3,0.99,2.29,0,0,0,0,0,0,1,1,0,0,0,0,0,0,-1,-1,-1,-1,-1,-1,-1,-1,-1,25,100,100,100,100,75,75,100,75,11.5,2.5,3.5,4.75,/clubs/sporting-kansas-city-8,teams/usa-sporting-kansas-city.png,Sporting KC,/clubs/minnesota-united-fc-1015,teams/usa-minnesota-united-fc.png,Minnesota United,1.64,1.63,3.0,3.0,3.0,3.0,75,0,0,0,0,75,50,50,1.69,1.6,3.29,/usa/sporting-kansas-city-vs-minnesota-united-fc-h2h-stats#1008312,4473,25,True,True,True,False,False,False,True,['43'],"['90+2', '90+7']"
MLS,2020,4473,1008313,14,12,2020,complete,57713,0,-1,"['27', '76']",[],2,0,2,5,4,9,0,1,3,3,0,0,6,4,2,6,8,10,14,8,46,54,57.0,26962,11434,,,3,3,2.9,3.45,2.25,1.04,1.29,1.91,3.3,6.35,9.75,3.45,1.83,1.31,1.1,1.74,2.0,3.75,1.25,3.25,1.33,1.57,1.3,1.36,3.6,2.2,3.0,3.1,2.5,2.6,0,0,1.19,1.36,1.72,2.15,2.95,4.1,2.85,2.0,1.62,1.35,1.81,7.5,2.43,2.2,11.0,1.72,4.7,3.7,1.4,2.75,8.0,21.0,2.75,1.4,1.08,1.01,1.25,2.1,4.4,9.25,3.6,1.65,1.17,1.03,0,0,0,0,2,1,0,1,0,1,1,1594607400,14,1,75,0,50,0,0,2,1,3,2,2,2,5,4,1,1,2,2,2,4,1,42,45,104,105,1.24,1.25,2.49,1,0,0,0,1,0,1,1,0,0,0,0,0,0,-1,-1,-1,-1,-1,-1,-1,-1,-1,0,0,50,75,75,0,25,75,50,11.5,4.0,3.5,2.0,/clubs/real-salt-lake-14,teams/usa-real-salt-lake.png,Real Salt Lake,/clubs/colorado-rapids-12,teams/usa-colorado-rapids.png,Colorado Rapids,0.96,1.47,1.0,3.0,1.0,3.0,100,100,50,25,25,50,25,25,1.3,1.8,3.1,/usa/colorado-rapids-vs-real-salt-lake-h2h-stats#1008313,4473,19,True,True,False,False,False,False,False,"['27', '76']",[]
MLS,2020,4473,1008314,6490,6,2020,complete,57713,0,-1,"['19', '63', '69']","['9', '30', '45+5']",3,3,6,8,0,8,0,3,1,2,0,0,6,5,17,5,23,10,13,10,62,38,13841.0,211,28051,,,1,2,1.62,4.3,4.45,1.01,1.16,1.53,2.35,4.05,14.0,5.0,2.45,1.57,1.22,1.57,2.25,3.0,1.36,6.5,1.11,1.18,1.2,2.2,2.2,2.5,4.5,1.95,2.87,4.0,0,0,1.17,1.34,1.6,2.0,2.7,4.5,3.0,2.2,1.72,1.4,1.48,8.0,3.3,1.44,17.0,2.75,3.15,7.5,1.28,2.25,5.5,15.0,3.5,1.57,1.14,1.03,1.14,1.72,3.2,6.5,5.0,2.0,1.3,1.08,0,0,0,0,6,1,3,2,0,2,4,1594684800,-1,1,50,25,25,0,0,2,1,3,0,5,0,3,5,0,0,1,2,0,3,1,84,39,145,71,2.48,1.26,3.74,0,0,0,0,0,0,1,1,0,1,0,0,0,0,-1,-1,-1,-1,-1,-1,-1,-1,-1,25,50,50,75,100,50,100,75,50,16.0,4.5,4.5,3.25,/clubs/los-angeles-fc-6490,teams/usa-los-angeles-fc.png,Los Angeles FC,/clubs/houston-dynamo-6,teams/usa-houston-dynamo.png,Houston Dynamo,1.44,0.91,2.0,0.5,2.0,0.5,75,50,50,25,0,75,75,75,2.21,1.22,3.43,/usa/houston-dynamo-vs-los-angeles-fc-h2h-stats#1008314,4473,23,True,True,True,True,True,True,True,"['19', '63', '69']","['9', '30', '45+5']"
MLS,2020,4473,1008315,10,20,2020,complete,57713,0,-1,['88'],"['59', '66']",1,2,3,2,2,4,4,0,0,2,0,1,4,6,5,3,9,9,9,12,51,49,13851.0,1715,7206,,,0,3,2.75,3.6,2.35,1.01,1.19,1.62,2.55,4.55,12.75,4.5,2.25,1.49,1.19,1.53,2.35,4.33,1.2,4.0,1.22,1.53,1.28,1.44,3.2,2.3,3.0,2.75,2.62,2.62,0,0,1.14,1.28,1.5,1.83,2.45,5.0,3.4,2.4,1.83,1.48,1.88,7.5,2.3,2.05,15.0,1.8,5.05,4.35,1.3,2.5,6.0,17.0,3.4,1.5,1.12,1.02,1.15,1.72,3.25,6.5,4.75,2.0,1.3,1.08,0,0,0,0,3,0,0,1,2,3,0,1594693800,20,1,50,0,0,0,0,2,1,1,2,1,0,3,1,0,1,0,2,1,2,1,36,33,66,60,1.11,1.23,2.34,1,0,0,0,1,0,1,1,0,0,0,1,0,0,-1,-1,-1,-1,-1,-1,-1,-1,-1,0,25,25,50,100,0,50,75,25,4.5,1.5,5.5,2.0,/clubs/la-galaxy-10,teams/usa-la-galaxy.png,LA Galaxy,/clubs/portland-timbers-20,teams/usa-portland-timbers.png,Portland Timbers,1.0,1.79,0.5,1.5,0.5,1.5,100,75,75,50,0,50,0,0,1.29,0.87,2.16,/usa/la-galaxy-vs-portland-timbers-h2h-stats#1008315,4473,22,True,True,True,False,False,False,True,['88'],"['59', '66']"
MLS,2020,4473,1008318,2,17,2020,complete,57713,0,-1,['38'],"['4', '10', '81']",1,3,4,13,2,15,1,1,3,4,0,0,8,7,13,1,21,8,12,10,52,48,12.0,762,21031,,,3,4,3.8,3.6,1.87,1.02,1.21,1.69,2.75,5.0,11.75,4.2,2.1,1.43,1.16,1.62,2.2,4.9,1.15,3.0,1.36,1.84,1.28,1.27,2.85,2.25,3.35,2.56,2.61,2.97,0,0,1.14,1.29,1.49,1.82,2.27,4.8,3.3,2.45,1.92,1.56,1.53,8.0,3.1,1.8,12.0,2.05,4.33,5.5,1.31,2.55,6.0,17.0,3.2,1.45,1.1,1.01,1.17,1.9,3.6,8.0,4.5,1.8,1.25,1.06,0,0,0,0,4,1,2,0,1,1,3,1594771200,17,1,34,0,50,0,0,2,1,2,1,11,1,3,12,2,1,1,3,3,4,1,71,35,107,106,2.39,1.26,3.65,0,0,0,0,0,0,1,1,0,2,0,0,0,0,-1,-1,-1,-1,-1,-1,-1,-1,-1,0,0,34,34,84,0,0,84,34,9.34,2.0,4.33,1.5,/clubs/new-york-city-fc-2,teams/usa-new-york-city-fc.png,New York City,/clubs/orlando-city-sc-17,teams/usa-orlando-city-sc.png,Orlando City,1.65,1.69,0.0,1.33,0.0,1.33,100,100,67,67,17,33,33,33,1.4,1.24,2.64,/usa/new-york-city-fc-vs-orlando-city-sc-h2h-stats#1008318,4473,26,True,True,True,True,False,False,True,['38'],"['4', '10', '81']"
MLS,2020,4473,1008320,1,19,2020,complete,57713,0,-1,"['14', '37', '90+5']","['8', '25', '37', '83']",3,4,7,7,2,9,3,1,1,0,0,0,6,6,5,1,11,7,11,11,58,42,57.0,12517,2,,,1,0,3.6,3.65,1.91,1.02,1.22,1.71,2.8,5.1,11.5,4.15,2.1,1.42,1.15,1.65,2.15,5.6,1.11,2.75,1.4,2.05,1.2,1.17,4.37,2.32,2.22,4.02,2.77,2.0,0,0,1.27,1.45,1.75,2.13,2.9,3.4,2.56,2.0,1.64,1.36,2.6,7.5,1.73,2.49,16.5,1.55,9.0,3.25,1.3,2.37,5.2,12.0,3.2,1.52,1.13,1.03,1.19,1.9,3.76,7.5,4.7,1.9,1.27,1.07,0,0,0,0,7,2,3,1,1,2,5,1594944000,19,1,67,25,50,0,0,2,1,6,1,2,1,7,3,1,0,0,0,1,0,1,58,25,134,69,1.55,1.05,2.6,2,0,2,0,0,0,1,1,0,1,0,1,1,0,-1,-1,-1,-1,-1,-1,-1,-1,-1,0,50,67,67,100,33,50,100,50,10.34,3.66,1.33,2.84,/clubs/montreal-impact-1,teams/canada-montreal-impact.png,Montreal Impact,/clubs/toronto-fc-19,teams/canada-toronto-fc.png,Toronto,1.04,1.76,1.33,1.67,1.33,1.67,100,50,33,33,0,67,50,34,0.92,1.66,2.58,/usa/montreal-impact-vs-toronto-fc-h2h-stats#1008320,4473,25,True,True,True,True,True,True,True,"['14', '37', '90+5']","['8', '25', '37', '83']"
MLS,2020,4473,1008321,5,15,2020,complete,57713,0,-1,"['7', '22', '59']","['45+2', '72', '81', '90+8']",3,4,7,3,22,25,2,1,1,3,0,0,2,11,3,8,5,19,9,11,32,68,42.0,7207,1763,,,1,3,4.45,3.9,1.69,1.02,1.22,1.71,2.8,5.1,11.5,4.15,2.1,1.42,1.15,1.69,2.05,5.0,1.16,2.5,1.5,2.0,1.22,1.2,4.5,2.3,2.37,4.33,2.6,2.05,0,0,1.14,1.3,1.53,1.9,2.55,5.0,3.25,2.35,1.8,1.45,3.7,7.0,1.34,2.75,12.0,1.5,7.0,2.95,1.36,2.75,7.0,21.0,3.0,1.4,1.1,1.01,1.18,1.83,3.6,7.25,4.33,1.87,1.25,1.06,0,0,0,0,7,2,1,1,3,4,3,1594861200,15,1,59,50,0,0,0,2,1,0,12,2,10,12,12,0,0,1,3,0,4,1,19,85,74,111,0.61,2.58,3.18,0,0,0,0,0,0,1,1,1,0,0,2,0,0,-1,-1,-1,-1,-1,-1,-1,-1,-1,17,59,59,59,84,42,59,84,34,9.0,2.17,2.17,3.09,/clubs/vancouver-whitecaps-fc-5,teams/canada-vancouver-whitecaps-fc.png,Vancouver Whitecaps,/clubs/san-jose-earthquakes-15,teams/usa-san-jose-earthquakes.png,SJ Earthquakes,1.17,1.31,1.5,0.67,1.5,0.67,84,42,42,42,17,50,50,17,1.27,1.79,3.06,/usa/vancouver-whitecaps-fc-vs-san-jose-earthquakes-h2h-stats#1008321,4473,24,True,True,True,True,True,True,True,"['7', '22', '59']","['45+2', '72', '81', '90+8']"
MLS,2020,4473,1008322,1016,8043,2020,complete,57713,0,-1,[],['76'],0,1,1,4,5,9,1,0,4,3,2,0,3,1,5,9,8,10,9,17,47,53,13864.0,894,409,,,7,3,1.59,3.9,5.2,1.02,1.2,1.67,2.7,4.85,12.0,4.3,2.15,1.44,1.17,1.69,2.05,2.5,1.5,6.0,1.12,1.14,1.22,2.25,2.1,2.37,5.5,1.9,2.75,4.5,0,0,1.31,1.54,1.92,2.43,3.28,3.2,2.32,1.83,1.5,1.29,1.26,9.0,5.0,1.4,13.0,3.0,2.85,7.75,1.33,2.5,6.5,17.0,3.25,1.5,1.11,1.02,1.18,1.83,3.75,10.0,4.5,1.83,1.25,1.06,0,0,0,0,1,0,0,0,1,1,0,1594904400,8043,1,67,0,75,0,0,2,1,2,2,2,3,4,5,3,0,3,3,3,6,1,40,24,130,72,1.03,0.88,1.9,0,0,0,0,0,0,1,1,0,0,1,0,0,0,-1,-1,-1,-1,-1,-1,-1,-1,-1,17,34,84,84,100,50,100,67,67,5.33,4.34,3.33,3.17,/clubs/atlanta-united-fc-1016,teams/usa-atlanta-united-fc.png,Atlanta United FC,/clubs/fc-cincinnati-8043,teams/usa-fc-cincinnati.png,FC Cincinnati,0.96,0.71,2.0,0.0,2.0,0.0,84,67,17,17,0,17,0,0,1.1,1.11,2.21,/usa/atlanta-united-fc-vs-fc-cincinnati-h2h-stats#1008322,4473,23,True,False,False,False,False,False,False,[],['76']
MLS,2020,4473,1008323,13401,11,2020,complete,57713,0,-1,['72'],['51'],1,1,2,5,7,12,3,0,3,0,0,0,3,5,3,14,6,19,15,9,49,51,13893.0,20,21032,,,3,0,3.3,3.6,2.0,1.01,1.17,1.57,2.45,4.3,13.25,4.75,2.35,1.53,1.2,1.51,2.4,5.05,1.14,3.5,1.28,1.74,1.23,1.27,3.6,2.36,2.45,3.3,2.78,2.23,0,0,1.14,1.29,1.47,1.81,2.23,4.88,3.3,2.49,1.93,1.58,2.75,7.5,1.64,2.17,18.75,1.68,6.1,3.85,1.27,2.24,4.77,11.0,3.4,1.58,1.15,1.03,1.17,1.82,3.52,7.0,5.1,1.99,1.3,1.08,0,0,0,0,2,0,0,1,1,2,0,1595030400,-1,1,84,25,25,0,0,2,1,3,5,2,2,8,4,2,0,1,0,2,1,1,36,54,116,115,0.87,1.94,2.81,0,0,0,0,0,0,1,1,0,0,2,1,0,0,-1,-1,-1,-1,-1,-1,-1,-1,-1,0,17,67,84,100,33,67,100,50,9.0,3.33,4.33,2.67,/clubs/dc-united-13401,teams/usa-dc-united.png,DC United,/clubs/new-england-revolution-11,teams/usa-new-england-revolution.png,New England Revolution,0.91,1.46,1.33,1.33,1.33,1.33,100,84,34,17,0,84,34,17,1.23,1.78,3.01,/usa/new-england-revolution-vs-dc-united-h2h-stats#1008323,4473,23,True,True,False,False,False,False,True,['72'],['51']
MLS,2020,4473,1008324,9,4,2020,complete,57713,0,-1,"['22', '47']",[],2,0,2,5,6,11,0,2,2,2,0,0,3,0,7,5,10,5,14,17,51,49,13851.0,13,11435,,,2,2,2.35,3.5,2.75,1.03,1.25,1.8,3.0,5.6,10.75,3.8,2.0,1.37,1.13,1.65,2.15,3.75,1.25,4.5,1.18,1.36,1.28,1.57,2.87,2.3,3.4,2.5,2.62,3.0,0,0,1.18,1.33,1.72,1.88,2.44,4.3,2.98,2.0,1.83,1.5,1.73,7.5,2.6,1.72,15.0,2.1,4.35,5.2,1.3,2.37,6.0,17.0,3.4,1.53,1.12,1.02,1.16,1.95,3.5,9.0,5.0,1.8,1.28,1.07,0,0,0,0,2,1,0,1,0,1,1,1594953000,9,1,50,0,0,0,0,2,1,2,4,3,2,6,5,0,0,2,2,0,4,1,48,57,107,127,1.2,0.75,1.95,0,0,0,0,0,0,1,1,0,0,0,1,0,0,-1,-1,-1,-1,-1,-1,-1,-1,-1,17,33,33,67,100,33,84,84,33,6.66,5.0,3.67,2.5,/clubs/columbus-crew-9,teams/usa-columbus-crew.png,Columbus Crew,/clubs/new-york-red-bulls-4,teams/usa-new-york-red-bulls.png,New York RB,1.93,1.33,2.33,2.33,2.33,2.33,84,67,67,33,0,17,17,17,1.36,1.07,2.43,/usa/new-york-red-bulls-vs-columbus-crew-h2h-stats#1008324,4473,24,True,True,False,False,False,False,False,"['22', '47']",[]
MLS,2020,4473,1008325,8,12,2020,complete,57713,0,-1,"['65', '72', '90+1']","['6', '84']",3,2,5,5,1,6,1,3,2,4,0,2,7,4,9,6,16,10,14,10,61,39,40.0,18,11434,,,2,8,1.74,4.1,3.95,1.01,1.14,1.49,2.2,3.75,14.75,5.35,2.55,1.62,1.25,1.5,2.45,3.25,1.3,6.5,1.11,1.2,1.19,2.0,2.16,2.48,4.1,1.97,2.93,3.85,0,0,1.23,1.4,1.7,2.1,2.73,3.8,2.73,2.04,1.66,1.4,1.54,7.5,3.1,1.53,15.0,2.45,3.55,7.25,1.24,2.1,4.33,10.0,3.67,1.66,1.18,1.04,1.14,1.66,3.0,6.0,5.8,2.22,1.39,1.11,0,0,0,0,5,0,1,3,1,4,1,1595030400,8,1,67,0,25,0,0,2,1,3,1,3,0,4,3,1,2,1,4,3,5,1,75,21,131,95,2.05,1.08,3.12,1,0,1,0,0,0,1,1,0,1,0,0,0,0,-1,-1,-1,-1,-1,-1,-1,-1,-1,0,34,84,100,100,34,67,100,67,11.0,3.0,5.0,3.17,/clubs/sporting-kansas-city-8,teams/usa-sporting-kansas-city.png,Sporting KC,/clubs/colorado-rapids-12,teams/usa-colorado-rapids.png,Colorado Rapids,1.64,1.47,2.0,2.0,2.0,2.0,100,67,17,0,0,67,34,34,1.56,1.61,3.17,/usa/sporting-kansas-city-vs-colorado-rapids-h2h-stats#1008325,4473,19,True,True,True,True,True,False,True,"['65', '72', '90+1']","['6', '84']"
MLS,2020,4473,1008326,14,1015,2020,complete,57713,0,-1,[],[],0,0,0,4,1,5,2,1,3,2,0,0,2,3,7,9,9,12,13,9,55,45,58.0,26962,5,,,3,2,2.5,3.65,2.5,1.02,1.2,1.67,2.7,4.85,12.0,4.3,2.15,1.44,1.17,1.57,2.3,3.75,1.25,3.75,1.25,1.5,1.25,1.44,3.1,2.25,3.1,2.75,2.62,2.75,0,0,1.23,1.41,1.72,2.11,2.74,3.8,2.68,2.0,1.65,1.39,2.3,7.5,1.89,2.0,15.0,1.83,4.75,4.45,1.33,2.62,6.5,19.0,3.25,1.44,1.11,1.02,1.18,1.95,3.75,9.0,4.5,1.8,1.25,1.07,0,0,0,0,0,0,0,0,0,0,0,1595039400,-1,1,67,17,34,0,0,2,1,0,0,4,1,0,5,2,0,1,2,2,3,1,50,32,145,94,1.09,1.21,2.3,0,0,0,0,0,0,1,1,0,0,0,0,0,0,-1,-1,-1,-1,-1,-1,-1,-1,-1,17,34,50,84,84,17,67,84,50,11.33,3.0,4.0,3.0,/clubs/real-salt-lake-14,teams/usa-real-salt-lake.png,Real Salt Lake,/clubs/minnesota-united-fc-1015,teams/usa-minnesota-united-fc.png,Minnesota United,0.96,1.63,1.67,3.0,1.67,3.0,84,67,50,17,17,84,50,50,1.28,1.4,2.68,/usa/real-salt-lake-vs-minnesota-united-fc-h2h-stats#1008326,4473,23,False,False,False,False,False,False,False,[],[]
MLS,2020,4473,1008327,20,6,2020,complete,57713,0,-1,"['35', '61']",['86'],2,1,3,2,5,7,2,0,2,3,0,1,7,6,7,22,14,28,5,14,52,48,31.0,7206,28051,,,2,4,2.1,3.6,3.15,1.01,1.19,1.62,2.55,4.55,12.75,4.5,2.25,1.49,1.19,1.53,2.35,4.05,1.21,5.5,1.14,1.38,1.23,1.56,2.7,2.3,3.25,2.5,2.7,2.88,0,0,1.2,1.38,1.72,2.0,2.55,4.08,2.81,2.0,1.72,1.46,1.58,7.5,2.9,1.8,14.25,2.0,4.6,5.5,1.22,2.25,5.5,13.0,3.8,1.57,1.11,1.01,1.16,1.79,3.38,6.5,5.2,2.03,1.32,1.1,0,0,0,0,3,1,0,1,1,2,1,1595116800,20,1,67,25,25,0,0,2,1,0,2,2,3,2,5,1,2,1,2,3,3,1,39,59,103,120,1.66,2.61,4.27,0,1,0,1,0,0,1,1,0,0,0,0,0,1,-1,-1,-1,-1,-1,-1,-1,-1,-1,17,50,67,84,100,34,67,84,67,5.66,2.0,5.67,3.34,/clubs/portland-timbers-20,teams/usa-portland-timbers.png,Portland Timbers,/clubs/houston-dynamo-6,teams/usa-houston-dynamo.png,Houston Dynamo,1.79,0.91,2.0,0.67,2.0,0.67,84,50,33,17,0,50,17,17,0.99,1.24,2.23,/usa/houston-dynamo-vs-portland-timbers-h2h-stats#1008327,4473,23,True,True,True,False,False,False,True,"['35', '61']",['86']
MLS,2020,4473,1008328,6490,10,2020,complete,57713,0,-1,"['13', '45+2', '56', '75', '80', '90+2']","['5', '31']",6,2,8,5,3,8,2,2,3,4,0,0,7,3,8,2,15,5,8,15,58,42,3.0,211,1715,,,3,4,1.47,4.85,5.35,1.0,1.08,1.3,1.8,2.75,19.0,7.25,3.35,2.0,1.43,1.42,2.7,3.5,1.28,11.0,1.05,1.12,1.22,2.5,2.0,2.75,4.33,1.72,3.1,4.5,0,0,1.15,1.31,1.51,1.9,2.34,4.64,3.2,2.39,1.8,1.53,1.29,9.0,4.5,1.4,29.0,2.75,3.5,10.0,1.18,1.83,3.75,9.0,4.5,1.83,1.25,1.07,1.1,1.44,2.5,5.0,7.0,2.62,1.5,1.16,0,0,0,0,8,2,2,4,0,4,4,1595125800,6490,1,67,34,17,0,0,2,1,3,1,2,2,4,4,2,3,1,1,5,2,1,39,41,96,89,1.72,0.83,2.56,1,1,1,1,0,0,1,1,0,1,0,0,0,0,-1,-1,-1,-1,-1,-1,-1,-1,-1,34,34,50,67,100,34,67,84,50,12.0,4.33,3.0,3.17,/clubs/los-angeles-fc-6490,teams/usa-los-angeles-fc.png,Los Angeles FC,/clubs/la-galaxy-10,teams/usa-la-galaxy.png,LA Galaxy,1.44,1.0,1.67,0.33,1.67,0.33,67,67,50,33,0,34,34,34,2.3,1.23,3.53,/usa/la-galaxy-vs-los-angeles-fc-h2h-stats#1008328,4473,22,True,True,True,True,True,True,True,"['13', '45+2', '56', '75', '80', '90+2']","['5', '31']"
MLS,2020,4473,1008330,16,677446,2020,complete,57713,0,-1,"['5', '63']",['36'],2,1,3,2,5,7,2,2,1,2,0,1,3,4,2,4,5,8,19,16,44,56,44.0,12,3134,,,1,3,2.21,3.78,2.93,1.03,1.23,1.74,2.9,5.35,11.25,3.95,2.05,1.39,1.14,1.57,2.3,3.35,1.29,4.0,1.22,1.33,1.25,1.5,2.9,2.1,3.3,2.55,2.6,2.9,0,0,1.13,1.29,1.5,1.91,2.4,5.2,3.3,2.4,1.8,1.5,1.57,7.6,3.05,1.87,13.0,2.05,4.5,5.5,1.36,2.62,6.5,21.0,2.87,1.44,1.1,1.02,1.17,1.8,3.5,8.0,4.6,1.91,1.25,1.07,0,0,0,0,3,1,1,1,0,1,2,1594780200,16,1,50,0,17,0,0,2,1,0,2,2,3,2,5,1,1,0,2,2,2,1,38,53,110,102,0.82,1.18,2.0,0,0,0,0,0,0,1,1,1,0,0,0,0,0,-1,-1,-1,-1,-1,-1,-1,-1,-1,17,17,50,67,100,17,50,84,67,9.33,5.33,6.67,2.67,/clubs/philadelphia-union-16,teams/usa-philadelphia-union.png,Philadelphia Union,/clubs/club-internacional-de-futbol-miami-677446,teams/usa-club-internacional-de-futbol-miami.png,Inter Miami,1.96,1.0,1.33,0.0,1.33,0.0,84,84,50,33,0,84,67,67,1.28,1.53,2.81,/usa/philadelphia-union-vs-club-internacional-de-futbol-miami-h2h-stats#1008330,4473,24,True,True,True,False,False,False,True,"['5', '63']",['36']
MLS,2020,4473,1008333,18,5,2020,complete,57713,0,-1,"['16', '34', '51']",[],3,0,3,8,4,12,1,0,1,2,0,0,6,2,4,3,10,5,12,5,48,52,12.0,25,7207,,,1,2,1.5,4.5,5.45,1.01,1.16,1.56,2.4,4.15,13.75,4.9,2.4,1.56,1.21,1.62,2.15,2.65,1.43,7.0,1.1,1.17,1.21,2.37,1.99,2.44,5.0,1.8,2.91,4.73,0,0,1.17,1.33,1.54,1.91,2.39,4.48,3.1,2.31,1.83,1.5,1.29,9.0,4.5,1.45,19.25,2.74,2.9,8.0,1.27,2.25,4.82,11.0,3.42,1.57,1.15,1.03,1.15,1.95,3.2,7.0,4.7,1.77,1.3,1.08,0,0,0,0,3,2,0,1,0,1,2,1595212200,18,1,71,0,17,0,-1,2,1,1,3,7,1,4,8,1,2,0,0,3,0,1,53,56,82,86,1.44,0.87,2.3,1,0,1,0,0,0,1,1,0,0,0,1,0,0,-1,-1,-1,-1,-1,-1,-1,-1,-1,17,34,59,71,88,34,46,88,42,8.25,4.0,2.67,3.0,/clubs/seattle-sounders-fc-18,teams/usa-seattle-sounders-fc.png,Seattle Sounders,/clubs/vancouver-whitecaps-fc-5,teams/canada-vancouver-whitecaps-fc.png,Vancouver Whitecaps,1.78,1.17,1.25,1.0,1.25,1.0,84,67,42,29,13,54,54,42,1.46,1.05,2.51,/usa/vancouver-whitecaps-fc-vs-seattle-sounders-fc-h2h-stats#1008333,4473,24,True,True,True,False,False,False,False,"['16', '34', '51']",[]
MLS,2020,4473,1008334,19,11,2020,complete,57713,0,-1,[],[],0,0,0,5,6,11,0,5,1,2,0,0,5,3,10,7,15,10,11,15,60,40,57.0,2,21032,,,1,2,2.25,3.6,2.8,1.01,1.16,1.54,2.35,4.1,13.75,4.95,2.4,1.56,1.22,1.48,2.5,3.55,1.26,5.5,1.14,1.32,1.22,1.67,2.51,2.31,3.6,2.3,2.7,3.05,0,0,1.17,1.33,1.54,1.91,2.39,4.5,3.14,2.31,1.83,1.5,1.88,7.5,2.3,1.71,13.5,2.15,4.05,5.75,1.29,2.4,5.45,12.0,3.35,1.53,1.12,1.01,1.17,1.91,3.44,7.0,5.05,1.8,1.31,1.08,0,0,0,0,0,0,0,0,0,0,0,1595336400,-1,1,75,17,17,0,0,2,1,3,0,2,6,3,8,0,2,1,0,2,1,1,79,82,87,76,1.86,1.43,3.29,0,0,0,0,0,0,1,1,0,0,1,0,0,0,-1,-1,-1,-1,-1,-1,-1,-1,-1,13,38,50,75,100,38,63,100,50,10.25,3.0,1.5,3.0,/clubs/toronto-fc-19,teams/canada-toronto-fc.png,Toronto,/clubs/new-england-revolution-11,teams/usa-new-england-revolution.png,New England Revolution,1.76,1.46,2.0,1.25,2.0,1.25,88,63,50,25,0,75,50,25,1.51,1.82,3.33,/usa/new-england-revolution-vs-toronto-fc-h2h-stats#1008334,4473,25,False,False,False,False,False,False,False,[],[]
MLS,2020,4473,1008335,1016,9,2020,complete,57713,0,-1,[],['18'],0,1,1,6,5,11,0,1,2,4,0,0,2,3,9,6,11,9,15,17,54,46,13841.0,894,13,,,2,4,2.95,3.65,2.15,1.02,1.2,1.67,2.7,4.85,12.0,4.3,2.15,1.44,1.17,1.57,2.3,4.2,1.19,3.5,1.28,1.59,1.25,1.35,3.32,2.24,2.76,2.8,2.55,2.6,0,0,1.27,1.48,1.78,2.28,2.94,3.4,2.48,1.96,1.56,1.35,1.89,7.0,2.3,2.04,15.5,1.8,5.15,4.1,1.31,2.5,5.85,13.0,3.2,1.48,1.1,1.01,1.17,1.91,3.6,7.5,4.5,1.8,1.25,1.07,0,0,0,0,1,0,1,0,0,0,1,1595376000,9,1,38,0,17,0,0,2,1,2,5,5,0,7,5,1,1,1,3,2,4,1,41,34,100,111,1.14,1.04,2.18,0,0,0,0,0,0,1,1,0,0,1,0,0,0,-1,-1,-1,-1,-1,-1,-1,-1,-1,0,13,38,63,100,25,75,75,25,8.0,4.0,4.75,2.13,/clubs/atlanta-united-fc-1016,teams/usa-atlanta-united-fc.png,Atlanta United FC,/clubs/columbus-crew-9,teams/usa-columbus-crew.png,Columbus Crew,0.96,1.93,1.5,2.5,1.5,2.5,100,88,63,38,0,50,25,25,1.08,1.32,2.4,/usa/columbus-crew-vs-atlanta-united-fc-h2h-stats#1008335,4473,23,True,False,False,False,False,False,False,[],['18']
MLS,2020,4473,1008336,1,13401,2020,complete,57713,0,-1,['31'],[],1,0,1,4,3,7,1,3,3,2,0,0,2,1,4,8,6,9,14,11,48,52,58.0,12517,20,,,3,2,2.5,3.6,2.55,1.02,1.19,1.62,2.6,4.6,12.5,4.45,2.25,1.48,1.18,1.54,2.35,3.9,1.22,4.33,1.2,1.45,1.23,1.49,2.88,2.2,3.1,2.7,2.6,2.88,0,0,1.2,1.38,1.63,2.04,2.59,4.0,2.79,2.13,1.73,1.45,2.18,7.5,1.97,1.91,12.0,2.0,5.0,5.5,1.29,2.55,6.5,17.0,3.3,1.45,1.08,1.01,1.19,1.9,3.76,7.0,4.74,1.9,1.27,1.08,0,0,0,0,1,1,0,0,0,0,1,1595385000,1,1,88,34,17,0,0,2,1,3,2,1,1,5,2,1,1,2,1,2,3,1,59,52,116,119,0.96,1.03,1.99,0,0,0,0,0,0,1,1,0,0,0,0,0,0,-1,-1,-1,-1,-1,-1,-1,-1,-1,13,38,75,88,100,38,50,100,75,9.5,4.0,3.75,3.38,/clubs/montreal-impact-1,teams/canada-montreal-impact.png,Montreal Impact,/clubs/dc-united-13401,teams/usa-dc-united.png,DC United,1.04,0.91,1.0,1.25,1.0,1.25,88,63,25,13,0,88,38,38,1.08,1.14,2.22,/usa/montreal-impact-vs-dc-united-h2h-stats#1008336,4473,23,True,False,False,False,False,False,False,['31'],[]
MLS,2020,4473,1008337,14,8,2020,complete,57713,0,-1,[],"['1', '86']",0,2,2,2,3,5,1,2,4,3,0,0,3,3,5,4,8,7,11,11,58,42,24.0,26962,18,,,4,3,3.2,3.65,2.05,1.01,1.18,1.59,2.45,4.35,13.25,4.7,2.3,1.51,1.2,1.53,2.4,4.45,1.18,2.62,1.44,1.8,1.24,1.23,4.17,2.15,2.48,3.75,2.57,2.21,0,0,1.34,1.58,1.94,2.49,3.3,3.0,2.23,1.8,1.47,1.29,2.43,7.0,1.81,2.39,12.0,1.65,7.0,3.3,1.38,2.71,6.2,13.0,2.81,1.41,1.09,1.02,1.24,2.11,4.54,9.0,4.04,1.73,1.2,1.05,0,0,0,0,2,0,1,0,1,1,1,1595422800,8,1,50,50,0,0,0,2,1,1,2,1,1,3,2,2,1,2,2,3,4,1,36,42,124,94,1.0,0.97,1.96,0,0,0,0,0,0,1,1,0,1,0,1,0,0,-1,-1,-1,-1,-1,-1,-1,-1,-1,13,38,50,75,75,25,75,75,38,10.5,2.25,4.75,2.5,/clubs/real-salt-lake-14,teams/usa-real-salt-lake.png,Real Salt Lake,/clubs/sporting-kansas-city-8,teams/usa-sporting-kansas-city.png,Sporting KC,0.96,1.64,1.5,2.25,1.5,2.25,88,63,50,25,25,50,38,38,1.23,1.68,2.91,/usa/sporting-kansas-city-vs-real-salt-lake-h2h-stats#1008337,4473,23,True,True,False,False,False,False,False,[],"['1', '86']"
MLS,2020,4473,1008338,8043,4,2020,complete,57713,0,-1,"['43', '56']",[],2,0,2,1,9,10,1,1,1,1,0,0,2,6,1,14,3,20,14,13,32,68,42.0,409,11435,,,1,1,3.9,3.8,1.8,1.02,1.2,1.67,2.7,4.85,12.0,4.3,2.15,1.44,1.17,1.61,2.2,4.55,1.17,2.62,1.44,1.8,1.31,1.17,4.2,2.17,2.43,3.4,2.45,2.3,0,0,1.23,1.41,1.7,2.11,2.75,3.8,2.69,2.04,1.65,1.39,3.1,7.5,1.54,2.5,10.0,1.62,6.55,3.25,1.38,2.85,6.95,15.25,2.85,1.38,1.07,1.0,1.23,2.05,4.04,9.0,4.2,1.71,1.24,1.05,0,0,0,0,2,1,0,1,0,1,1,1595462400,8043,1,50,0,0,0,0,2,1,0,3,1,6,3,7,1,0,0,1,1,1,1,16,126,42,179,0.45,2.6,3.05,0,0,0,0,0,0,1,1,0,0,0,1,0,0,-1,-1,-1,-1,-1,-1,-1,-1,-1,25,38,50,75,100,38,88,88,50,6.0,3.75,4.0,2.88,/clubs/fc-cincinnati-8043,teams/usa-fc-cincinnati.png,FC Cincinnati,/clubs/new-york-red-bulls-4,teams/usa-new-york-red-bulls.png,New York RB,0.71,1.33,0.75,1.75,0.75,1.75,75,63,50,25,0,25,13,13,1.05,0.99,2.04,/usa/new-york-red-bulls-vs-fc-cincinnati-h2h-stats#1008338,4473,24,True,True,False,False,False,False,False,"['43', '56']",[]
MLS,2020,4473,1008339,12,1015,2020,complete,57713,0,-1,"['19', '59']","['36', '43']",2,2,4,4,5,9,1,0,3,5,0,0,6,8,9,8,15,16,14,15,44,56,5016.0,11434,5,,,3,5,2.95,3.65,2.2,1.02,1.22,1.71,2.8,5.1,11.5,4.15,2.1,1.42,1.15,1.59,2.25,3.85,1.22,3.25,1.33,1.62,1.25,1.32,3.63,2.13,2.73,3.2,2.5,2.35,0,0,1.19,1.36,1.6,2.0,2.5,4.2,2.9,2.21,1.76,1.46,2.3,7.5,1.88,2.2,10.0,1.74,4.95,3.65,1.38,2.8,6.85,15.0,2.85,1.39,1.08,1.02,1.24,1.95,4.54,8.0,4.04,1.77,1.2,1.06,0,0,0,0,4,1,2,1,0,1,3,1595471400,-1,1,75,13,75,0,0,2,1,3,2,1,3,5,4,0,2,3,3,2,6,1,49,52,98,90,1.72,1.94,3.67,0,0,0,0,0,0,1,1,0,0,0,2,0,0,-1,-1,-1,-1,-1,-1,-1,-1,-1,25,38,75,88,88,13,50,88,75,9.0,4.0,5.75,3.38,/clubs/colorado-rapids-12,teams/usa-colorado-rapids.png,Colorado Rapids,/clubs/minnesota-united-fc-1015,teams/usa-minnesota-united-fc.png,Minnesota United,1.47,1.63,1.5,2.5,1.5,2.5,75,63,25,13,13,63,25,25,1.48,1.35,2.83,/usa/colorado-rapids-vs-minnesota-united-fc-h2h-stats#1008339,4473,19,True,True,True,True,False,False,True,"['19', '59']","['36', '43']"
MLS,2020,4473,1008341,6490,20,2020,complete,57713,0,-1,"['36', '40']","['7', '81']",2,2,4,4,4,8,0,2,1,3,0,0,4,3,16,3,20,6,10,15,63,37,36.0,211,7206,,,1,3,1.61,4.2,4.7,1.0,1.09,1.34,1.91,3.0,17.75,6.7,3.1,1.87,1.37,1.39,2.8,3.5,1.27,9.0,1.07,1.15,1.18,2.15,2.15,2.55,4.4,1.89,3.2,4.34,0,0,1.17,1.33,1.54,1.9,2.38,4.5,3.13,2.33,1.8,1.51,1.3,9.0,4.4,1.49,29.5,2.47,3.75,13.0,1.24,2.05,3.94,9.0,4.04,1.77,1.25,1.05,1.1,1.56,2.65,5.5,7.0,2.43,1.48,1.13,0,0,0,0,4,2,1,0,1,1,3,1595557800,-1,1,75,38,63,0,0,2,1,1,1,3,3,2,6,0,1,1,2,1,3,1,92,25,171,83,2.22,0.78,3.0,0,0,0,0,0,0,1,1,0,1,0,0,0,0,-1,-1,-1,-1,-1,-1,-1,-1,-1,38,50,75,75,100,38,75,75,75,9.5,3.0,4.5,4.0,/clubs/los-angeles-fc-6490,teams/usa-los-angeles-fc.png,Los Angeles FC,/clubs/portland-timbers-20,teams/usa-portland-timbers.png,Portland Timbers,1.44,1.79,2.0,2.25,2.0,2.25,63,50,25,25,0,50,25,25,2.15,1.16,3.31,/usa/portland-timbers-vs-los-angeles-fc-h2h-stats#1008341,4473,25,True,True,True,True,False,False,True,"['36', '40']","['7', '81']"
MLS,2020,4473,1012978,7,18,2020,complete,57713,0,-1,"['52', '84']",['77'],2,1,3,5,2,7,0,4,1,3,0,0,5,1,6,6,11,7,10,10,39,61,13812.0,2414,25,,,1,3,3.15,3.45,2.15,1.03,1.25,1.8,3.0,5.6,10.75,3.8,2.0,1.37,1.13,1.67,2.1,3.75,1.24,3.25,1.33,1.59,1.25,1.34,3.55,2.15,2.7,3.05,2.4,2.55,0,0,1.17,1.34,1.57,1.94,2.43,4.4,3.01,2.26,1.81,1.5,2.05,7.0,2.05,2.15,9.75,1.77,4.8,3.7,1.38,2.8,6.85,15.0,2.85,1.39,1.08,1.02,1.25,2.1,4.6,10.0,3.94,1.69,1.2,1.04,0,0,0,0,3,0,0,2,1,3,0,1594731600,7,1,84,0,0,0,0,2,1,3,0,2,2,3,4,1,1,0,2,2,2,1,38,63,76,139,1.32,0.99,2.31,0,0,0,0,0,0,1,1,0,0,0,0,0,0,-1,-1,-1,-1,-1,-1,-1,-1,-1,0,0,42,84,84,0,42,84,42,11.83,6.17,2.67,2.09,/clubs/chicago-fire-7,teams/usa-chicago-fire.png,Chicago Fire,/clubs/seattle-sounders-fc-18,teams/usa-seattle-sounders-fc.png,Seattle Sounders,1.0,1.78,0.5,1.67,0.5,1.67,100,100,59,17,17,100,100,59,1.31,1.61,2.92,/usa/chicago-fire-vs-seattle-sounders-fc-h2h-stats#1012978,4473,23,True,True,True,False,False,False,True,"['52', '84']",['77']
MLS,2020,4473,1012979,7,15,2020,complete,57713,0,-1,[],"['56', '83']",0,2,2,2,5,7,2,1,5,3,0,0,1,3,3,4,4,7,17,12,36,64,13851.0,2414,1763,,,5,3,2.4,3.65,2.65,1.01,1.18,1.61,2.55,4.45,12.75,4.55,2.25,1.5,1.19,1.53,2.4,5.0,1.14,4.33,1.2,1.57,1.28,1.43,3.08,2.4,2.71,2.84,2.82,2.48,0,0,1.18,1.23,1.38,1.66,1.8,4.34,3.7,2.78,2.15,1.73,2.3,7.5,1.87,1.97,21.5,1.8,5.65,4.75,1.25,2.14,4.45,10.25,3.57,1.63,1.17,1.02,1.12,1.65,2.9,6.0,5.2,2.1,1.35,1.11,0,0,0,0,2,0,0,0,2,2,0,1595203200,15,1,88,25,75,0,0,2,1,0,3,2,2,3,4,1,1,4,2,2,6,1,56,56,70,92,0.73,1.06,1.79,0,0,0,0,0,0,1,1,0,0,0,0,0,0,-1,-1,-1,-1,-1,-1,-1,-1,-1,25,38,71,88,88,25,54,88,71,15.33,3.83,3.0,3.59,/clubs/chicago-fire-7,teams/usa-chicago-fire.png,Chicago Fire,/clubs/san-jose-earthquakes-15,teams/usa-san-jose-earthquakes.png,SJ Earthquakes,1.0,1.31,1.33,1.25,1.33,1.25,75,63,29,13,13,84,84,42,1.32,1.99,3.31,/usa/chicago-fire-vs-san-jose-earthquakes-h2h-stats#1012979,4473,23,True,True,False,False,False,False,False,[],"['56', '83']"
MLS,2020,4473,1012980,677446,2,2020,complete,57713,0,-1,[],['64'],0,1,1,2,5,7,3,3,2,3,1,0,2,2,5,3,7,5,22,20,40,60,13812.0,3134,762,,,3,3,2.95,3.85,2.1,1.02,1.19,1.62,2.6,4.6,12.5,4.45,2.25,1.48,1.18,1.56,2.3,4.25,1.19,3.75,1.25,1.54,1.29,1.44,3.13,2.27,2.85,2.84,2.7,2.58,0,0,1.19,1.36,1.59,1.98,2.49,4.2,2.91,2.22,1.77,1.46,2.65,7.5,1.7,1.97,16.75,1.85,5.5,5.0,1.3,2.36,5.15,17.0,3.2,1.52,1.13,1.01,1.18,1.89,3.76,7.0,4.8,1.91,1.27,1.08,0,0,0,0,1,0,0,0,1,1,0,1595250000,2,1,50,0,0,0,0,2,1,2,4,0,1,6,1,2,3,1,0,5,1,1,38,37,83,98,0.86,0.74,1.6,0,0,0,0,0,0,1,1,0,0,0,0,0,0,-1,-1,-1,-1,-1,-1,-1,-1,-1,0,13,50,50,100,25,50,88,25,10.5,3.0,5.5,2.13,/clubs/club-internacional-de-futbol-miami-677446,teams/usa-club-internacional-de-futbol-miami.png,Inter Miami,/clubs/new-york-city-fc-2,teams/usa-new-york-city-fc.png,New York City,1.0,1.65,0.0,0.0,0.0,0.0,100,88,50,50,0,50,38,38,1.44,1.65,3.09,/usa/new-york-city-fc-vs-club-internacional-de-futbol-miami-h2h-stats#1012980,4473,24,True,False,False,False,False,False,False,[],['64']
MLS,2020,4473,1012981,16,17,2020,complete,57713,0,-1,['68'],['70'],1,1,2,3,6,9,1,0,2,2,0,0,6,7,4,4,10,11,12,12,46,54,69.0,12,21031,,,2,2,2.6,3.5,2.5,1.02,1.2,1.65,2.6,4.7,12.25,4.4,2.2,1.47,1.18,1.54,2.35,4.35,1.18,4.0,1.22,1.57,1.29,1.42,3.1,2.3,2.75,2.91,2.72,2.51,0,0,1.14,1.3,1.49,1.82,2.22,4.88,3.24,2.43,1.92,1.58,1.97,7.5,2.18,1.95,14.0,1.8,5.25,4.3,1.32,2.3,5.0,12.0,3.1,1.55,1.13,1.03,1.15,1.75,3.2,7.0,4.7,1.95,1.3,1.08,0,0,0,0,2,0,0,1,1,2,0,1595289600,-1,1,63,75,25,0,0,2,1,3,0,0,6,3,6,0,0,2,2,0,4,1,30,31,58,55,1.27,1.41,2.67,0,0,0,0,0,0,1,1,0,0,2,0,0,0,-1,-1,-1,-1,-1,-1,-1,-1,-1,13,25,63,75,88,38,38,88,50,9.0,4.0,5.5,2.75,/clubs/philadelphia-union-16,teams/usa-philadelphia-union.png,Philadelphia Union,/clubs/orlando-city-sc-17,teams/usa-orlando-city-sc.png,Orlando City,1.96,1.69,1.75,1.75,1.75,1.75,88,75,38,25,13,63,63,63,1.16,1.25,2.41,/usa/philadelphia-union-vs-orlando-city-sc-h2h-stats#1012981,4473,27,True,True,False,False,False,False,True,['68'],['70']
MLS,2020,4473,1012982,7,5,2020,complete,57713,0,-1,[],"['65', '71']",0,2,2,11,0,11,3,2,2,1,0,0,3,2,17,1,20,3,14,8,65,35,7.0,2414,7207,,,2,1,1.47,4.55,5.75,1.02,1.2,1.67,2.7,4.85,12.0,4.3,2.15,1.44,1.17,1.77,1.95,2.3,1.56,6.0,1.12,1.11,1.18,2.4,2.07,2.4,5.25,1.78,2.95,5.0,0,0,1.25,1.46,1.76,2.19,2.86,3.6,2.57,1.96,1.6,1.37,1.3,8.5,4.35,1.4,13.0,3.2,2.6,11.0,1.3,2.63,6.75,17.0,3.35,1.44,1.1,1.01,1.2,1.94,3.94,8.0,4.6,1.86,1.25,1.06,0,0,0,0,2,0,0,0,2,2,0,1595509200,5,1,63,0,25,0,0,2,1,7,0,4,0,7,4,0,0,2,1,0,3,1,74,18,89,58,1.99,0.47,2.46,0,0,0,0,0,0,1,1,0,0,2,0,0,0,-1,-1,-1,-1,-1,-1,-1,-1,-1,13,25,63,88,100,38,50,100,50,7.75,3.0,3.0,3.13,/clubs/chicago-fire-7,teams/usa-chicago-fire.png,Chicago Fire,/clubs/vancouver-whitecaps-fc-5,teams/canada-vancouver-whitecaps-fc.png,Vancouver Whitecaps,1.0,1.17,1.0,0.75,1.0,0.75,88,75,38,13,0,50,50,38,1.17,1.0,2.17,/usa/vancouver-whitecaps-fc-vs-chicago-fire-h2h-stats#1012982,4473,23,True,True,False,False,False,False,False,[],"['65', '71']"
MLS,2020,4473,1017388,17,1,2020,complete,57757,0,-1,['60'],[],1,0,1,4,7,11,3,0,3,0,0,0,5,1,8,6,13,7,10,11,56,44,42.0,21031,12517,,,3,0,2.0,3.5,3.5,1.03,1.24,1.77,2.95,5.45,11.0,3.9,2.0,1.38,1.14,1.65,2.15,2.8,1.38,4.33,1.2,1.26,1.26,1.71,2.5,2.15,3.8,2.35,2.45,3.3,0,0,1.18,1.36,1.6,2.0,2.5,4.2,2.9,2.2,1.76,1.46,1.47,8.0,3.3,1.67,10.25,2.35,3.4,5.55,1.36,2.75,6.65,14.75,2.9,1.4,1.08,1.01,1.24,2.05,4.4,9.0,4.04,1.71,1.21,1.05,0,0,0,0,1,0,0,1,0,1,0,1595721600,17,1,70,0,75,0,-1,2,1,1,3,3,4,4,7,0,0,3,0,0,3,1,58,47,118,85,1.6,0.86,2.46,0,0,0,0,0,0,1,1,0,0,0,0,0,0,-1,-1,-1,-1,-1,-1,-1,-1,-1,10,30,60,70,90,30,40,80,50,10.0,2.6,3.4,2.8,/clubs/orlando-city-sc-17,teams/usa-orlando-city-sc.png,Orlando City,/clubs/montreal-impact-1,teams/canada-montreal-impact.png,Montreal Impact,1.69,1.04,1.6,1.4,1.6,1.4,90,70,40,30,10,60,40,40,1.28,1.05,2.33,/usa/montreal-impact-vs-orlando-city-sc-h2h-stats#1017388,4473,25,True,False,False,False,False,False,False,['60'],[]
MLS,2020,4473,1017389,16,11,2020,complete,57757,0,-1,['63'],[],1,0,1,6,7,13,3,0,0,0,0,0,5,5,7,15,12,20,13,9,51,49,31.0,12,21032,,,0,0,2.75,3.55,2.35,1.02,1.22,1.71,2.8,5.1,11.5,4.15,2.1,1.42,1.15,1.59,2.25,3.85,1.22,3.75,1.25,1.54,1.25,1.38,3.25,2.1,2.9,2.9,2.55,2.55,0,0,1.17,1.34,1.57,1.94,2.45,4.4,3.0,2.26,1.81,1.49,2.18,7.5,1.97,2.05,10.75,1.83,4.8,4.1,1.38,2.8,6.8,15.0,2.9,1.39,1.08,1.01,1.22,1.95,4.2,8.0,4.3,1.8,1.23,1.06,0,0,0,0,1,0,0,1,0,1,0,1595730600,16,1,60,38,38,0,-1,2,-1,5,2,1,5,7,6,0,0,0,0,0,0,1,51,37,106,112,1.48,1.88,3.37,0,0,0,0,0,0,1,1,0,0,0,1,-1,-1,-1,-1,-1,-1,-1,-1,-1,-1,-1,10,10,30,70,90,30,40,90,40,9.6,4.2,3.8,2.2,/clubs/philadelphia-union-16,teams/usa-philadelphia-union.png,Philadelphia Union,/clubs/new-england-revolution-11,teams/usa-new-england-revolution.png,New England Revolution,1.96,1.46,1.6,1.2,1.6,1.2,90,90,70,30,10,80,70,60,1.19,1.74,2.93,/usa/new-england-revolution-vs-philadelphia-union-h2h-stats#1017389,4473,27,True,False,False,False,False,False,False,['63'],[]
MLS,2020,4473,1017390,15,14,2020,complete,57757,0,-1,"['21', '49', '61', '86', '90+6']","['22', '75']",5,2,7,6,4,10,1,0,1,3,0,2,8,7,10,6,18,13,9,16,60,40,36.0,1763,26962,,,1,7,2.1,3.35,3.4,1.04,1.31,1.95,3.5,6.7,9.25,3.35,1.8,1.29,1.09,1.77,1.95,2.6,1.44,4.0,1.22,1.25,1.3,1.65,2.82,2.02,4.5,2.4,2.4,3.3,0,0,1.2,1.38,1.62,1.96,2.5,4.1,2.81,2.17,1.76,1.47,1.38,8.5,3.8,1.71,8.75,2.35,3.35,5.3,1.45,3.2,8.0,17.25,2.6,1.31,1.05,1.01,1.27,2.15,4.84,10.0,3.76,1.65,1.18,1.04,0,0,0,0,7,1,1,4,1,5,2,1595896200,15,1,40,25,50,0,0,2,1,6,0,1,4,6,5,1,2,0,3,3,3,1,46,53,87,107,2.02,1.7,3.72,2,0,2,0,0,0,1,1,0,0,0,0,0,0,-1,-1,-1,-1,-1,-1,-1,-1,-1,20,30,30,70,70,20,60,70,40,13.4,2.6,4.8,2.6,/clubs/san-jose-earthquakes-15,teams/usa-san-jose-earthquakes.png,SJ Earthquakes,/clubs/real-salt-lake-14,teams/usa-real-salt-lake.png,Real Salt Lake,1.31,0.96,1.6,1.2,1.6,1.2,80,70,70,30,30,60,50,30,1.8,1.19,2.99,/usa/real-salt-lake-vs-san-jose-earthquakes-h2h-stats#1017390,4473,23,True,True,True,True,True,True,True,"['21', '49', '61', '86', '90+6']","['22', '75']"
MLS,2020,4473,1017391,9,1015,2020,complete,57757,0,-1,['79'],['18'],1,1,2,6,4,10,2,2,1,0,0,0,4,4,14,8,18,12,8,10,60,40,3.0,13,5,,,1,0,1.87,3.55,3.65,1.03,1.26,1.83,3.15,5.9,10.25,3.65,1.91,1.34,1.12,1.71,2.0,2.7,1.43,4.5,1.18,1.22,1.25,1.73,2.5,2.1,4.0,2.3,2.5,3.75,0,0,1.2,1.39,1.63,2.05,2.64,4.0,2.75,2.14,1.72,1.43,1.73,7.5,2.6,1.67,10.0,2.4,3.25,5.8,1.39,2.85,7.0,15.5,2.8,1.38,1.07,1.0,1.25,2.1,4.7,10.0,3.94,1.69,1.19,1.04,0,0,0,0,2,0,1,1,0,1,1,1595980800,-1,1,50,20,20,0,1500,2,1,2,3,3,1,5,4,0,0,1,0,0,1,1,75,38,141,69,1.96,1.31,3.27,1,0,0,0,1,0,1,1,0,0,0,0,0,0,-1,-1,-1,-1,-1,-1,-1,-1,-1,10,40,50,70,90,30,70,80,40,9.4,3.0,5.0,2.8,/clubs/columbus-crew-9,teams/usa-columbus-crew.png,Columbus Crew,/clubs/minnesota-united-fc-1015,teams/usa-minnesota-united-fc.png,Minnesota United,1.93,1.63,2.6,2.2,2.6,2.2,90,60,50,30,10,70,50,50,1.26,1.47,2.73,/usa/columbus-crew-vs-minnesota-united-fc-h2h-stats#1017391,4473,27,True,True,False,False,False,False,True,['79'],['18']
MLS,2020,4473,1017669,10,6,2020,complete,57713,0,-1,['90+1'],['17'],1,1,2,10,1,11,0,1,1,3,0,0,7,4,7,8,14,12,13,12,64,36,13864.0,1715,28051,,,1,3,2.79,3.73,2.25,1.01,1.16,1.51,2.0,3.94,17.0,5.5,2.6,1.8,1.26,1.47,2.6,4.65,1.16,4.0,1.22,1.57,1.21,1.41,3.1,2.4,2.8,2.98,2.82,2.61,0,0,1.25,1.45,1.72,2.18,2.9,3.58,2.59,2.0,1.61,1.36,2.3,7.0,1.89,2.0,19.75,1.79,6.0,5.0,1.25,2.05,4.84,9.0,3.94,1.74,1.18,1.05,1.16,1.77,3.38,6.5,5.35,2.05,1.32,1.1,0,0,0,0,2,0,1,1,0,1,1,1595548800,-1,1,75,17,42,0,0,2,1,5,0,5,1,5,6,0,1,1,2,1,3,1,67,32,130,88,1.87,1.27,3.14,1,0,1,0,0,0,1,1,0,0,1,0,0,0,-1,-1,-1,-1,-1,-1,-1,-1,-1,25,38,63,88,100,38,75,100,63,7.5,3.25,5.25,3.63,/clubs/la-galaxy-10,teams/usa-la-galaxy.png,LA Galaxy,/clubs/houston-dynamo-6,teams/usa-houston-dynamo.png,Houston Dynamo,1.0,0.91,0.25,0.5,0.25,0.5,75,63,38,13,0,13,13,13,1.13,1.58,2.71,/usa/houston-dynamo-vs-la-galaxy-h2h-stats#1017669,4473,22,True,True,False,False,False,False,True,['90+1'],['17']
MLS,2020,4473,1017670,19,2,2020,complete,57757,0,-1,['87'],"['5', '55', '81']",1,3,4,8,3,11,1,6,2,2,0,0,3,7,10,5,13,12,15,11,55,45,58.0,2,762,,,2,2,2.4,3.5,2.7,1.03,1.24,1.77,2.95,5.45,11.0,3.9,2.0,1.38,1.14,1.62,2.15,3.55,1.26,3.75,1.25,1.48,1.3,1.55,3.21,2.27,3.33,2.8,2.59,3.04,0,0,1.2,1.38,1.64,2.08,2.65,4.02,2.77,2.13,1.7,1.43,1.8,7.5,2.43,1.9,11.0,1.95,4.35,4.35,1.33,2.45,5.5,12.5,3.1,1.48,1.11,1.01,1.19,1.91,3.8,8.0,4.1,1.8,1.22,1.05,0,0,0,0,4,0,1,1,2,3,1,1595809800,2,1,40,0,0,0,-1,2,1,2,3,6,0,5,6,1,1,1,1,2,2,1,53,28,138,119,1.43,1.47,2.89,0,0,0,0,0,0,1,1,0,1,0,2,0,0,-1,-1,-1,-1,-1,-1,-1,-1,-1,10,40,40,40,90,30,40,90,30,10.6,2.8,3.4,2.4,/clubs/toronto-fc-19,teams/canada-toronto-fc.png,Toronto,/clubs/new-york-city-fc-2,teams/usa-new-york-city-fc.png,New York City,1.76,1.65,1.8,0.6,1.8,0.6,90,60,60,60,10,60,40,30,1.58,1.47,3.05,/usa/new-york-city-fc-vs-toronto-fc-h2h-stats#1017670,4473,25,True,True,True,True,False,False,True,['87'],"['5', '55', '81']"
MLS,2020,4473,1017671,8,5,2020,complete,57757,0,-1,[],[],0,0,0,12,4,16,3,3,1,2,0,0,7,5,27,4,34,9,10,10,63,37,13864.0,18,7207,,,1,2,1.3,5.55,8.0,1.01,1.15,1.51,2.3,3.95,14.25,5.15,2.5,1.59,1.24,1.8,1.95,2.05,1.71,11.0,1.05,1.06,1.14,3.66,1.78,2.79,7.62,1.58,3.4,6.85,0,0,1.21,1.39,1.65,2.05,2.63,3.98,2.75,2.17,1.69,1.43,1.19,10.5,6.1,1.27,20.0,3.5,2.15,11.25,1.26,2.21,4.6,9.5,3.5,1.7,1.16,1.03,1.14,1.7,3.0,6.0,5.0,2.05,1.34,1.09,0,0,0,0,0,0,0,0,0,0,0,1595818800,-1,1,50,0,17,0,0,2,1,6,3,6,1,9,7,1,0,0,2,1,2,1,86,20,127,73,3.24,1.07,4.31,0,0,0,0,0,0,1,1,0,0,1,0,1,0,-1,-1,-1,-1,-1,-1,-1,-1,-1,20,50,70,90,100,50,80,100,50,7.6,2.2,3.6,3.5,/clubs/sporting-kansas-city-8,teams/usa-sporting-kansas-city.png,Sporting KC,/clubs/vancouver-whitecaps-fc-5,teams/canada-vancouver-whitecaps-fc.png,Vancouver Whitecaps,1.64,1.17,2.4,1.2,2.4,1.2,80,50,30,10,0,50,50,50,1.54,0.9,2.44,/usa/vancouver-whitecaps-fc-vs-sporting-kansas-city-h2h-stats#1017671,4473,24,False,False,False,False,False,False,False,[],[]
MLS,2020,4473,1017672,18,6490,2020,complete,57757,0,-1,['75'],"['14', '39', '82', '89']",1,4,5,5,2,7,0,5,0,0,0,0,5,7,6,16,11,23,11,13,59,41,57.0,25,211,,,0,0,3.6,3.85,1.87,1.01,1.13,1.47,2.2,3.65,15.0,5.5,2.6,1.65,1.26,1.45,2.6,5.55,1.12,3.75,1.25,1.86,1.26,1.32,3.7,2.15,2.74,3.5,2.85,2.29,0,0,1.13,1.26,1.46,1.76,2.17,5.15,3.5,2.56,2.0,1.62,2.95,8.0,1.57,2.15,18.0,1.65,6.55,3.85,1.25,2.25,4.5,9.5,3.6,1.68,1.16,1.03,1.14,1.7,3.0,6.25,5.0,2.05,1.34,1.09,0,0,0,0,5,0,2,1,2,3,2,1595905200,6490,1,70,0,13,0,0,2,-1,4,0,1,2,4,3,0,0,0,0,0,0,1,55,68,86,116,1.44,2.43,3.87,0,1,0,1,0,0,1,1,0,0,0,0,-1,-1,-1,-1,-1,-1,-1,-1,-1,-1,-1,30,40,70,80,90,50,70,80,50,13.0,4.4,3.4,3.6,/clubs/seattle-sounders-fc-18,teams/usa-seattle-sounders-fc.png,Seattle Sounders,/clubs/los-angeles-fc-6490,teams/usa-los-angeles-fc.png,Los Angeles FC,1.78,1.44,1.6,1.8,1.6,1.8,70,60,30,20,10,60,60,50,1.45,2.17,3.62,/usa/seattle-sounders-fc-vs-los-angeles-fc-h2h-stats#1017672,4473,25,True,True,True,True,True,False,True,['75'],"['14', '39', '82', '89']"
MLS,2020,4473,1017673,20,8043,2020,complete,57757,0,-1,['67'],['81'],1,1,2,10,0,10,0,3,2,3,0,0,9,5,12,7,21,12,18,7,58,42,7.0,7206,409,,,2,3,1.71,3.8,4.35,1.03,1.23,1.74,2.9,5.35,11.25,3.95,2.05,1.39,1.14,1.69,2.05,2.6,1.44,5.0,1.16,1.2,1.28,2.1,2.38,2.34,4.92,2.13,2.66,4.42,0,0,1.2,1.38,1.62,2.03,2.6,4.14,2.8,2.17,1.7,1.44,1.43,8.0,3.55,1.55,13.0,2.5,3.05,6.75,1.35,2.55,6.0,13.5,2.95,1.45,1.1,1.01,1.2,1.95,3.9,8.25,4.0,1.75,1.22,1.04,0,0,0,0,2,0,0,1,1,2,0,1595989800,-1,1,60,0,67,0,0,2,1,5,0,5,0,5,5,2,1,0,2,3,2,1,102,30,127,81,2.68,1.33,4.01,0,1,0,1,0,0,1,1,0,0,1,0,0,0,-1,-1,-1,-1,-1,-1,-1,-1,-1,10,40,70,80,100,30,70,90,60,4.4,2.2,4.8,3.0,/clubs/portland-timbers-20,teams/usa-portland-timbers.png,Portland Timbers,/clubs/fc-cincinnati-8043,teams/usa-fc-cincinnati.png,FC Cincinnati,1.79,0.71,2.0,1.2,2.0,1.2,90,60,30,20,0,40,10,0,1.08,0.93,2.01,/usa/portland-timbers-vs-fc-cincinnati-h2h-stats#1017673,4473,24,True,True,False,False,False,False,True,['67'],['81']
MLS,2020,4473,1024037,16,8,2020,complete,57756,0,-1,"['24', '26', '39']",['45+1'],3,1,4,1,7,8,2,3,2,1,0,0,3,6,4,8,7,14,18,16,42,58,13851.0,12,18,,,2,1,3.6,3.7,1.91,1.01,1.18,1.61,2.55,4.45,12.75,4.55,2.25,1.5,1.19,1.56,2.3,4.95,1.14,3.4,1.3,1.78,1.2,1.3,3.7,2.3,2.5,3.4,2.7,2.25,0,0,1.17,1.38,1.58,1.9,2.58,4.46,2.81,2.23,1.8,1.45,3.3,8.0,1.48,2.2,10.5,1.67,6.25,3.45,1.28,2.25,5.0,10.0,3.4,1.57,1.14,1.02,1.16,1.75,3.3,6.75,4.6,1.95,1.28,1.07,0,0,0,0,4,3,1,0,0,0,4,1596153600,16,1,50,42,17,0,0,2,1,1,4,0,3,5,3,1,0,1,1,1,2,1,44,88,80,96,0.98,1.93,2.91,0,0,0,0,0,0,1,1,0,0,0,0,0,0,-1,-1,-1,-1,-1,-1,-1,-1,-1,17,34,50,75,92,33,58,92,50,10.5,4.0,4.66,2.75,/clubs/philadelphia-union-16,teams/usa-philadelphia-union.png,Philadelphia Union,/clubs/sporting-kansas-city-8,teams/usa-sporting-kansas-city.png,Sporting KC,1.96,1.64,1.83,2.17,1.83,2.17,83,67,50,25,9,67,59,59,1.23,1.82,3.05,/usa/sporting-kansas-city-vs-philadelphia-union-h2h-stats#1024037,4473,25,True,True,True,True,False,False,True,"['24', '26', '39']",['45+1']
MLS,2020,4473,1024038,17,6490,2020,complete,57756,0,-1,['90'],['60'],1,1,2,7,4,11,2,2,3,1,0,0,5,5,13,3,18,8,19,9,52,48,13893.0,21031,211,,,3,1,3.75,4.35,1.74,1.01,1.11,1.41,2.05,3.35,16.25,6.0,2.85,1.74,1.31,1.43,2.65,6.85,1.08,3.5,1.28,2.03,1.24,1.25,4.15,2.5,2.05,3.35,2.95,2.0,0,0,1.12,1.28,1.46,1.72,2.24,5.45,3.4,2.52,2.0,1.58,3.15,8.0,1.52,2.35,13.5,1.55,7.75,3.85,1.21,2.05,4.3,9.5,4.0,1.71,1.19,1.03,1.12,1.62,2.9,5.75,5.25,2.15,1.36,1.1,0,0,0,0,2,0,0,1,1,2,0,1596238200,-1,1,75,0,67,0,0,2,1,2,2,5,2,4,7,1,1,2,0,2,2,1,50,37,91,112,1.84,1.14,2.98,1,0,0,0,1,0,1,1,0,0,0,0,1,1,-1,-1,-1,-1,-1,-1,-1,-1,-1,34,50,67,75,92,50,59,83,59,11.16,3.66,3.83,3.59,/clubs/orlando-city-sc-17,teams/usa-orlando-city-sc.png,Orlando City,/clubs/los-angeles-fc-6490,teams/usa-los-angeles-fc.png,Los Angeles FC,1.69,1.44,1.83,2.0,1.83,2.0,67,50,34,25,9,50,42,42,1.33,2.21,3.54,/usa/orlando-city-sc-vs-los-angeles-fc-h2h-stats#1024038,4473,25,True,True,False,False,False,False,True,['90'],['60']
MLS,2020,4473,1026241,15,1015,2020,complete,57756,0,-1,['50'],"['20', '21', '56', '86']",1,4,5,6,5,11,0,1,4,0,0,0,4,11,12,6,16,17,11,6,64,36,57.0,1763,5,,,4,0,2.2,3.6,2.95,1.02,1.2,1.65,2.6,4.7,12.25,4.4,2.2,1.47,1.18,1.56,2.35,3.45,1.27,4.33,1.2,1.35,1.22,1.67,2.65,2.25,3.5,2.4,2.65,3.2,0,0,1.14,1.29,1.57,1.91,2.4,4.8,3.3,2.25,1.8,1.5,1.67,8.2,2.67,1.75,9.75,2.1,4.05,5.4,1.3,2.35,5.25,11.0,3.2,1.53,1.12,1.01,1.17,1.83,3.5,7.25,4.4,1.87,1.26,1.06,0,0,0,0,5,0,2,1,2,3,2,1596326400,1015,1,75,50,67,0,-1,2,1,2,1,3,1,3,4,1,0,3,0,1,3,1,84,50,97,73,1.89,2.2,4.09,1,0,1,0,0,0,1,1,0,0,0,0,0,0,-1,-1,-1,-1,-1,-1,-1,-1,-1,34,59,67,83,83,42,67,83,67,13.17,2.83,4.17,3.92,/clubs/san-jose-earthquakes-15,teams/usa-san-jose-earthquakes.png,SJ Earthquakes,/clubs/minnesota-united-fc-1015,teams/usa-minnesota-united-fc.png,Minnesota United,1.31,1.63,1.83,2.0,1.83,2.0,67,42,33,17,17,83,67,33,1.84,1.44,3.28,/usa/san-jose-earthquakes-vs-minnesota-united-fc-h2h-stats#1026241,4473,26,True,True,True,True,True,False,True,['50'],"['20', '21', '56', '86']"
MLS,2020,4473,1026242,2,20,2020,complete,57756,0,-1,['27'],"['43', '65', '76']",1,3,4,5,2,7,1,0,4,2,0,0,3,5,3,4,6,9,13,12,61,39,12.0,762,7206,,,4,2,2.05,3.5,3.3,1.02,1.21,1.69,2.75,5.0,11.75,4.2,2.1,1.43,1.16,1.59,2.25,3.15,1.32,4.5,1.18,1.33,1.2,1.72,2.6,2.25,3.6,2.35,2.6,3.3,0,0,1.17,1.33,1.6,2.0,2.75,4.5,2.88,2.2,1.73,1.4,1.66,7.7,2.74,1.7,9.5,2.2,3.75,5.65,1.3,2.35,5.25,11.5,3.2,1.53,1.12,1.01,1.18,1.85,3.6,7.5,4.33,1.85,1.25,1.06,0,0,0,0,4,1,1,0,2,2,2,1596335400,20,1,58,50,25,0,-1,2,1,4,2,2,3,6,5,2,1,2,1,3,3,1,64,40,81,60,1.05,1.21,2.26,1,0,1,0,0,0,1,1,0,0,0,0,0,0,-1,-1,-1,-1,-1,-1,-1,-1,-1,0,33,50,58,100,17,42,92,42,8.66,2.83,5.17,2.42,/clubs/new-york-city-fc-2,teams/usa-new-york-city-fc.png,New York City,/clubs/portland-timbers-20,teams/usa-portland-timbers.png,Portland Timbers,1.65,1.79,1.0,1.83,1.0,1.83,100,67,50,42,0,50,34,25,1.47,1.35,2.82,/usa/new-york-city-fc-vs-portland-timbers-h2h-stats#1026242,4473,26,True,True,True,True,False,False,True,['27'],"['43', '65', '76']"
MLS,2020,4473,1027309,17,1015,2020,complete,57755,0,-1,"['36', '42', '90+6']",['83'],3,1,4,3,13,16,2,1,0,0,0,0,4,2,3,13,7,15,9,7,50,50,36.0,21031,5,,,0,0,2.4,3.4,2.75,1.03,1.25,1.8,3.0,5.6,10.75,3.8,2.0,1.37,1.13,1.65,2.15,3.35,1.29,3.75,1.25,1.42,1.25,1.53,2.95,2.15,3.3,2.7,2.5,2.95,0,0,1.14,1.29,1.48,1.83,2.27,4.88,3.28,2.45,1.83,1.56,1.9,7.5,2.29,1.87,8.5,2.0,4.1,4.55,1.35,2.55,6.0,13.0,2.95,1.45,1.1,1.01,1.2,1.95,3.9,8.25,4.0,1.75,1.22,1.04,0,0,0,0,4,2,0,1,1,2,2,1596758400,17,1,79,15,47,0,0,2,-1,2,5,1,8,7,9,0,0,0,0,0,0,1,37,69,88,129,1.0,1.59,2.59,0,0,0,0,0,0,1,1,0,0,1,2,-1,-1,-1,-1,-1,-1,-1,-1,-1,-1,-1,15,36,57,79,86,29,43,86,57,9.85,2.86,4.43,2.86,/clubs/orlando-city-sc-17,teams/usa-orlando-city-sc.png,Orlando City,/clubs/minnesota-united-fc-1015,teams/usa-minnesota-united-fc.png,Minnesota United,1.69,1.63,1.71,2.14,1.71,2.14,86,65,43,22,14,79,57,50,1.4,1.55,2.95,/usa/orlando-city-sc-vs-minnesota-united-fc-h2h-stats#1027309,4473,27,True,True,True,True,False,False,True,"['36', '42', '90+6']",['83']
MLS,2020,4473,1027373,16,20,2020,complete,57755,0,-1,['85'],"['13', '70']",1,2,3,4,5,9,1,1,2,0,0,0,8,7,8,5,16,12,16,5,61,39,3.0,12,7206,,,2,0,2.65,3.5,2.4,1.02,1.21,1.67,2.7,4.9,12.0,4.25,2.15,1.43,1.16,1.57,2.3,3.9,1.22,3.75,1.25,1.55,1.22,1.42,3.25,2.2,2.9,2.95,2.6,2.6,0,0,1.17,1.33,1.55,1.9,2.39,4.5,3.1,2.3,1.8,1.5,2.43,7.5,1.8,2.0,9.25,1.85,4.75,4.35,1.3,2.4,5.5,12.0,3.2,1.5,1.11,1.01,1.19,1.87,3.6,7.75,4.2,1.83,1.25,1.05,0,0,0,0,3,0,1,1,1,2,1,1596672000,20,1,72,59,29,0,0,2,1,2,3,2,2,5,4,1,0,1,0,1,1,1,96,54,97,90,2.25,1.64,3.89,1,0,0,0,1,0,1,1,0,0,1,0,0,0,-1,-1,-1,-1,-1,-1,-1,-1,-1,7,36,57,79,100,36,50,86,57,7.0,3.14,4.86,2.86,/clubs/philadelphia-union-16,teams/usa-philadelphia-union.png,Philadelphia Union,/clubs/portland-timbers-20,teams/usa-portland-timbers.png,Portland Timbers,1.96,1.79,2.0,2.0,2.0,2.0,93,64,43,22,0,57,36,29,1.2,1.33,2.53,/usa/philadelphia-union-vs-portland-timbers-h2h-stats#1027373,4473,27,True,True,True,False,False,False,True,['85'],"['13', '70']"
MLS,2020,4473,1038378,20,17,2020,complete,57714,0,-1,"['27', '66']",['39'],2,1,3,5,3,8,1,1,3,4,0,0,6,1,7,13,13,14,16,17,36,64,31.0,7206,21031,,,3,4,2.75,3.5,2.35,1.02,1.23,1.74,2.85,5.25,11.25,4.0,2.05,1.4,1.14,1.61,2.2,3.95,1.22,3.5,1.28,1.54,1.25,1.38,3.4,2.24,3.01,3.1,2.6,2.74,0,0,1.15,1.3,1.51,1.85,2.34,4.7,3.22,2.37,1.89,1.53,2.18,7.5,1.97,2.01,14.0,1.86,5.5,4.5,1.36,2.59,6.3,13.0,3.15,1.5,1.12,1.02,1.22,2.01,4.2,8.0,4.3,1.8,1.23,1.06,0,0,0,0,3,1,1,1,0,1,2,1597192200,20,1,82,17,71,0,-1,2,1,0,1,5,2,1,7,1,0,2,4,1,6,1,25,42,63,126,1.42,1.27,2.69,0,0,0,0,0,0,1,1,0,0,0,0,0,0,-1,-1,-1,-1,-1,-1,-1,-1,-1,0,32,63,82,94,25,44,88,69,8.26,2.25,4.5,2.69,/clubs/portland-timbers-20,teams/usa-portland-timbers.png,Portland Timbers,/clubs/orlando-city-sc-17,teams/usa-orlando-city-sc.png,Orlando City,1.79,1.69,2.13,1.88,2.13,1.88,100,69,38,19,7,63,38,32,1.37,1.35,2.72,/usa/orlando-city-sc-vs-portland-timbers-h2h-stats#1038378,4473,28,True,True,True,False,False,False,True,"['27', '66']",['39']
MLS,2020,4473,1041155,13,677447,2020,complete,57712,0,-1,[],['86'],0,1,1,5,2,7,-1,-1,1,4,0,0,5,4,10,3,15,7,14,18,64,36,7.0,12956,24795,,,1,4,1.61,3.8,5.6,1.03,1.26,1.83,3.15,5.9,10.25,3.65,1.91,1.34,1.12,1.83,1.91,2.2,1.61,6.0,1.12,1.15,1.24,2.31,2.08,2.23,5.55,1.87,2.65,5.1,0,0,1.19,1.36,1.46,2.0,2.25,4.4,3.0,2.5,1.72,1.57,1.48,8.0,3.3,1.46,12.25,2.96,2.63,10.0,1.37,2.68,6.1,13.0,2.87,1.41,1.09,1.02,1.24,2.09,4.4,9.0,4.04,1.74,1.21,1.05,0,0,0,0,1,0,0,0,1,1,0,1597278600,677447,1,50,0,25,0,-1,2,1,0,2,5,0,2,5,0,2,1,2,2,3,1,49,38,124,94,1.66,1.01,2.67,0,0,0,0,0,0,1,1,0,0,0,0,0,0,-1,-1,-1,-1,-1,-1,-1,-1,-1,0,25,50,75,100,25,50,50,50,13.0,3.5,2.5,2.5,/clubs/fc-dallas-13,teams/usa-fc-dallas.png,FC Dallas,/clubs/nashville-sc-mls-677447,teams/usa-nashville-sc-mls.png,Nashville SC,1.46,1.46,2.0,0.0,2.0,0.0,100,75,50,25,0,100,50,50,1.55,1.48,3.03,/usa/fc-dallas-vs-nashville-sc-mls-h2h-stats#1041155,4473,24,True,False,False,False,False,False,False,[],['86']
MLS,2020,4473,1041156,13,677447,2020,complete,57712,0,-1,[],[],0,0,0,2,4,6,0,1,1,1,0,0,1,8,11,15,12,23,12,13,50,50,13812.0,12956,24795,,,1,1,1.74,3.55,4.9,1.04,1.31,1.95,3.5,6.7,9.25,3.35,1.8,1.29,1.09,1.87,1.87,2.37,1.53,4.33,1.2,1.22,1.31,1.98,2.45,2.17,4.92,2.26,2.49,4.38,0,0,1.22,1.41,1.7,2.09,2.7,3.8,2.7,2.08,1.66,1.4,1.43,8.0,3.55,1.57,9.0,2.6,3.0,7.5,1.41,2.91,7.6,15.0,2.91,1.41,1.09,1.02,1.28,2.26,5.1,10.0,3.68,1.64,1.17,1.04,0,0,0,0,0,0,0,0,0,0,0,1597636800,-1,1,33,0,17,0,0,2,1,1,3,1,1,4,2,1,0,0,1,1,1,1,29,43,123,100,1.05,2.32,3.37,0,0,0,0,0,0,1,1,0,0,0,0,0,0,-1,-1,-1,-1,-1,-1,-1,-1,-1,0,17,33,50,100,17,34,67,34,11.0,1.67,3.33,2.0,/clubs/fc-dallas-13,teams/usa-fc-dallas.png,FC Dallas,/clubs/nashville-sc-mls-677447,teams/usa-nashville-sc-mls.png,Nashville SC,1.46,1.46,1.33,1.0,1.33,1.0,100,84,67,50,0,67,34,34,1.59,1.32,2.91,/usa/fc-dallas-vs-nashville-sc-mls-h2h-stats#1041156,4473,24,False,False,False,False,False,False,False,[],[]
MLS,2020,4473,1041157,4,2,2020,complete,57712,0,-1,['59'],[],1,0,1,3,3,6,0,0,0,0,0,0,5,2,7,6,12,8,5,11,46,54,3.0,11435,762,,,0,0,2.7,3.55,2.45,1.02,1.22,1.71,2.8,5.1,11.5,4.15,2.1,1.42,1.15,1.59,2.25,4.0,1.22,3.75,1.25,1.53,1.25,1.5,3.1,2.3,3.0,2.75,2.62,2.62,0,0,1.18,1.35,1.59,1.9,2.5,4.3,2.91,2.27,1.8,1.47,1.88,7.5,2.3,2.05,15.0,1.8,5.0,5.0,1.3,2.5,6.0,17.0,3.4,1.5,1.12,1.02,1.19,1.87,3.6,7.75,4.2,1.83,1.25,1.05,0,0,0,0,1,0,0,1,0,1,0,1597964400,4,1,42,0,63,0,-1,2,-1,1,2,2,1,3,3,0,0,0,0,0,0,1,53,33,143,123,1.51,0.9,2.41,0,0,0,0,0,0,1,1,0,0,0,1,-1,-1,-1,-1,-1,-1,-1,-1,-1,-1,-1,10,32,32,62,100,25,72,90,25,9.69,4.06,4.31,2.35,/clubs/new-york-red-bulls-4,teams/usa-new-york-red-bulls.png,New York RB,/clubs/new-york-city-fc-2,teams/usa-new-york-city-fc.png,New York City,1.33,1.65,1.4,0.86,1.4,0.86,90,69,69,39,0,42,42,32,1.31,1.41,2.72,/usa/new-york-city-fc-vs-new-york-red-bulls-h2h-stats#1041157,4473,24,True,False,False,False,False,False,False,['59'],[]
MLS,2020,4473,1041158,9,7,2020,complete,57712,0,-1,"['20', '81', '88']",[],3,0,3,1,5,6,2,0,1,2,0,0,4,3,4,9,8,12,7,14,54,46,5016.0,13,2414,,,1,2,1.69,3.75,4.9,1.03,1.24,1.77,2.95,5.55,10.75,3.85,2.0,1.38,1.13,1.74,2.0,2.62,1.44,5.0,1.16,1.22,1.25,1.9,2.37,2.3,4.33,2.1,2.6,4.0,0,0,1.3,1.53,1.83,2.4,3.18,3.2,2.35,1.83,1.5,1.3,1.43,8.0,3.5,1.53,13.0,2.62,3.25,8.0,1.33,2.62,6.5,19.0,3.25,1.44,1.11,1.02,1.2,1.95,3.8,8.0,4.1,1.75,1.22,1.05,0,0,0,0,3,1,0,2,0,2,1,1597966200,9,1,47,0,25,0,-1,2,1,0,3,1,2,3,3,0,1,1,1,1,2,1,50,43,119,105,1.16,1.29,2.45,1,0,0,0,1,0,1,1,0,0,0,0,0,0,-1,-1,-1,-1,-1,-1,-1,-1,-1,0,9,29,84,100,9,52,92,49,10.63,4.07,4.17,2.2,/clubs/columbus-crew-9,teams/usa-columbus-crew.png,Columbus Crew,/clubs/chicago-fire-7,teams/usa-chicago-fire.png,Chicago Fire,1.93,1.0,2.33,0.8,2.33,0.8,100,92,72,17,0,64,64,45,1.38,1.33,2.71,/usa/chicago-fire-vs-columbus-crew-h2h-stats#1041158,4473,23,True,True,True,False,False,False,False,"['20', '81', '88']",[]
MLS,2020,4473,1041159,8043,13401,2020,complete,57712,0,-1,[],[],0,0,0,4,5,9,2,3,2,3,0,0,2,1,9,8,11,9,10,15,56,44,69.0,409,20,,,2,3,2.45,3.25,2.9,1.05,1.32,2.0,3.6,6.95,9.0,3.25,1.77,1.27,1.09,1.77,1.95,3.4,1.3,3.4,1.3,1.44,1.33,1.5,3.25,2.1,3.25,2.87,2.4,2.87,0,0,1.22,1.41,1.7,2.0,2.7,3.8,2.72,2.08,1.72,1.4,1.89,7.5,2.3,1.9,9.5,2.1,4.5,4.5,1.4,3.0,9.0,23.0,2.75,1.36,1.07,1.01,1.25,2.1,4.4,9.25,3.6,1.65,1.17,1.03,0,0,0,0,0,0,0,0,0,0,0,1598052600,-1,1,65,0,0,0,-1,2,1,1,4,3,1,5,4,2,1,0,2,3,2,1,30,45,83,121,1.06,0.98,2.04,0,0,0,0,0,0,1,1,0,0,0,2,0,0,-1,-1,-1,-1,-1,-1,-1,-1,-1,9,27,55,82,100,27,64,90,74,6.0,3.9,5.17,2.72,/clubs/fc-cincinnati-8043,teams/usa-fc-cincinnati.png,FC Cincinnati,/clubs/dc-united-13401,teams/usa-dc-united.png,DC United,0.71,0.91,1.17,1.0,1.17,1.0,92,74,45,19,0,65,27,10,1.0,1.12,2.12,/usa/fc-cincinnati-vs-dc-united-h2h-stats#1041159,4473,23,False,False,False,False,False,False,False,[],[]
MLS,2020,4473,1041160,1015,8,2020,complete,57712,0,-1,['32'],"['12', '55']",1,2,3,6,3,9,0,3,2,3,0,0,3,4,8,9,11,13,18,17,58,42,13851.0,5,18,,,2,3,2.8,3.65,2.35,1.01,1.17,1.56,2.4,4.25,13.5,4.8,2.35,1.54,1.21,1.49,2.45,4.33,1.2,4.33,1.2,1.5,1.25,1.5,3.0,2.37,3.0,2.75,2.62,2.62,0,0,1.18,1.35,1.6,1.9,2.5,4.3,2.9,2.25,1.8,1.47,1.86,7.5,2.28,2.0,17.0,1.8,5.5,5.5,1.28,2.37,5.5,15.0,3.5,1.53,1.14,1.03,1.16,1.75,3.4,7.0,4.6,1.95,1.28,1.07,0,0,0,0,3,1,1,0,1,1,2,1598052600,8,1,73,34,0,0,-1,2,1,3,1,3,2,4,5,1,0,1,3,1,4,1,47,47,129,97,1.26,1.44,2.7,0,0,0,0,0,0,1,1,0,0,2,0,0,0,-1,-1,-1,-1,-1,-1,-1,-1,-1,20,60,73,87,87,47,81,80,53,12.04,3.09,3.77,3.39,/clubs/minnesota-united-fc-1015,teams/usa-minnesota-united-fc.png,Minnesota United,/clubs/sporting-kansas-city-8,teams/usa-sporting-kansas-city.png,Sporting KC,1.63,1.64,1.88,1.86,1.88,1.86,81,41,27,14,14,66,53,47,1.55,1.84,3.39,/usa/sporting-kansas-city-vs-minnesota-united-fc-h2h-stats#1041160,4473,25,True,True,True,False,False,False,True,['32'],"['12', '55']"
MLS,2020,4473,1041161,6,13,2020,complete,57712,0,-1,[],[],0,0,0,8,3,11,1,3,2,2,0,0,6,0,10,6,16,6,16,11,56,44,58.0,28051,12956,,,2,2,2.65,3.35,2.55,1.02,1.22,1.71,2.8,5.15,11.5,4.1,2.1,1.41,1.15,1.59,2.25,3.75,1.25,3.75,1.25,1.44,1.25,1.44,3.1,2.1,3.2,2.8,2.5,2.8,0,0,1.21,1.38,1.65,2.0,2.6,3.94,2.8,2.16,1.72,1.43,1.64,7.5,2.7,1.91,11.0,2.0,4.5,5.0,1.33,2.48,5.5,17.0,3.05,1.48,1.11,1.01,1.21,1.95,3.94,8.0,4.44,1.85,1.25,1.06,0,0,0,0,0,0,0,0,0,0,0,1598054400,-1,1,53,0,0,0,-1,2,1,4,1,4,2,5,6,1,1,1,1,2,2,1,62,44,134,87,1.89,0.71,2.59,0,0,0,0,0,0,1,1,0,0,1,0,0,0,-1,-1,-1,-1,-1,-1,-1,-1,-1,10,33,43,75,88,20,50,88,55,8.55,1.7,4.25,2.58,/clubs/houston-dynamo-6,teams/usa-houston-dynamo.png,Houston Dynamo,/clubs/fc-dallas-13,teams/usa-fc-dallas.png,FC Dallas,0.91,1.46,0.6,1.25,0.6,1.25,90,68,58,25,13,45,45,45,1.52,1.46,2.98,/usa/houston-dynamo-vs-fc-dallas-h2h-stats#1041161,4473,23,False,False,False,False,False,False,False,[],[]
MLS,2020,4473,1041162,11,16,2020,complete,57712,0,-1,[],[],0,0,0,9,6,15,1,1,2,2,0,0,2,4,13,6,15,10,10,12,52,48,12.0,21032,12,,,2,2,2.15,3.55,3.15,1.02,1.21,1.67,2.7,4.9,12.0,4.25,2.15,1.43,1.16,1.57,2.25,3.75,1.25,4.5,1.18,1.36,1.28,1.66,2.87,2.3,3.4,2.4,2.62,3.0,0,0,1.18,1.35,1.58,1.9,2.5,4.3,2.9,2.28,1.8,1.47,1.57,7.5,2.88,1.72,15.0,2.2,4.5,6.5,1.3,2.37,5.5,15.0,3.4,1.53,1.14,1.03,1.18,1.85,3.6,7.5,4.33,1.85,1.25,1.06,0,0,0,0,0,0,0,0,0,0,0,1597966200,-1,1,57,17,17,0,-1,2,1,6,1,3,5,7,8,2,0,0,2,2,2,1,56,49,112,111,1.5,1.28,2.77,0,0,0,0,0,0,1,1,0,0,1,0,0,0,-1,-1,-1,-1,-1,-1,-1,-1,-1,7,13,34,63,92,28,42,86,34,9.71,3.75,3.08,2.13,/clubs/new-england-revolution-11,teams/usa-new-england-revolution.png,New England Revolution,/clubs/philadelphia-union-16,teams/usa-philadelphia-union.png,Philadelphia Union,1.46,1.96,1.0,1.75,1.0,1.75,94,88,67,38,9,79,67,59,1.77,1.33,3.1,/usa/new-england-revolution-vs-philadelphia-union-h2h-stats#1041162,4473,27,False,False,False,False,False,False,False,[],[]
MLS,2020,4473,1041163,6490,10,2020,complete,57712,0,-1,[],"['26', '54']",0,2,2,4,6,10,3,1,2,1,0,0,3,7,9,4,12,11,9,18,58,42,31.0,211,1715,,,2,1,1.36,5.55,6.8,1.0,1.06,1.24,1.65,2.45,20.75,8.25,3.85,2.2,1.53,1.41,2.75,3.0,1.36,15.0,1.03,1.1,1.14,3.25,1.8,3.0,5.5,1.53,3.5,6.0,0,0,1.16,1.32,1.56,1.9,2.37,4.6,3.1,2.34,1.8,1.52,1.24,9.5,5.2,1.3,34.0,3.4,3.2,21.0,1.14,1.72,3.4,8.0,5.5,2.0,1.3,1.08,1.06,1.4,2.15,3.9,7.25,2.75,1.62,1.22,0,0,0,0,2,0,1,0,1,1,1,1598133600,10,1,83,65,10,0,0,2,1,3,4,1,2,7,3,0,0,2,1,0,3,1,78,37,137,89,1.54,1.46,3.0,0,0,0,0,0,0,1,1,0,0,1,1,0,0,-1,-1,-1,-1,-1,-1,-1,-1,-1,39,46,56,83,100,46,73,93,56,10.4,3.89,3.29,3.89,/clubs/los-angeles-fc-6490,teams/usa-los-angeles-fc.png,Los Angeles FC,/clubs/la-galaxy-10,teams/usa-la-galaxy.png,LA Galaxy,1.44,1.0,1.86,0.4,1.86,0.4,62,55,45,17,0,32,32,32,2.06,1.28,3.34,/usa/la-galaxy-vs-los-angeles-fc-h2h-stats#1041163,4473,22,True,True,False,False,False,False,False,[],"['26', '54']"
MLS,2020,4473,1041164,1016,677447,2020,complete,57712,0,-1,"['40', '87']",[],2,0,2,2,7,9,2,1,3,1,0,0,4,3,2,15,6,18,14,14,55,45,15.0,13004,24795,,,3,1,1.95,3.55,3.75,1.03,1.25,1.8,3.05,5.7,10.5,3.75,1.95,1.36,1.12,1.69,2.05,2.62,1.44,4.33,1.78,1.25,1.29,1.73,2.69,2.24,4.38,2.4,2.3,3.75,0,0,1.23,1.42,1.72,2.14,2.75,3.78,2.65,2.0,1.63,1.39,1.34,8.0,4.0,1.67,8.5,2.5,3.4,6.5,1.41,2.98,8.0,19.0,3.01,1.42,1.05,1.0,1.27,2.22,5.0,9.0,3.76,1.66,1.18,1.05,0,0,0,0,2,1,0,1,0,1,1,1598137200,1016,1,33,0,13,0,-1,2,1,1,2,1,5,3,6,2,0,1,1,2,2,1,32,42,108,102,0.91,1.65,2.56,0,0,0,0,0,0,1,1,0,0,0,0,1,0,-1,-1,-1,-1,-1,-1,-1,-1,-1,0,0,33,33,88,23,65,33,10,9.0,2.8,4.35,1.53,/clubs/atlanta-united-fc-1016,teams/usa-atlanta-united-fc.png,Atlanta United FC,/clubs/nashville-sc-mls-677447,teams/usa-nashville-sc-mls.png,Nashville SC,0.96,1.46,1.2,1.0,1.2,1.0,100,100,68,68,13,55,10,10,1.09,1.57,2.66,/usa/atlanta-united-fc-vs-nashville-sc-mls-h2h-stats#1041164,4473,23,True,True,False,False,False,False,False,"['40', '87']",[]
MLS,2020,4473,1041165,677446,17,2020,complete,57712,0,-1,"['12', '23', '48']","['18', '80']",3,2,5,1,2,3,0,2,4,1,0,0,4,7,7,5,11,12,17,12,35,65,7.0,3134,21031,,,4,1,2.7,3.45,2.45,1.03,1.25,1.8,3.05,5.7,10.5,3.75,1.95,1.36,1.12,1.65,2.15,3.75,1.25,3.5,1.28,1.53,1.28,1.44,3.25,2.2,3.1,2.87,2.5,2.75,0,0,1.2,1.38,1.65,2.0,2.6,4.0,2.8,2.16,1.72,1.43,1.71,7.5,2.55,2.1,12.0,1.8,5.0,4.5,1.36,2.62,7.0,21.0,3.0,1.44,1.1,1.01,1.2,1.95,4.0,8.25,4.0,1.75,1.2,1.04,0,0,0,0,5,2,1,1,1,2,3,1598140800,677446,1,69,25,25,0,-1,2,1,0,0,1,2,0,3,0,1,4,0,1,4,1,37,54,97,131,1.25,1.65,2.9,0,0,0,0,0,0,1,1,0,0,0,0,0,0,-1,-1,-1,-1,-1,-1,-1,-1,-1,0,11,58,69,95,27,47,85,48,8.67,3.84,5.44,2.32,/clubs/club-internacional-de-futbol-miami-677446,teams/usa-club-internacional-de-futbol-miami.png,Inter Miami,/clubs/orlando-city-sc-17,teams/usa-orlando-city-sc.png,Orlando City,1.0,1.69,0.0,1.67,0.0,1.67,100,89,42,31,6,54,38,38,1.33,1.34,2.67,/usa/orlando-city-sc-vs-club-internacional-de-futbol-miami-h2h-stats#1041165,4473,24,True,True,True,True,True,False,True,"['12', '23', '48']","['18', '80']"
MLS,2020,4473,1041166,12,14,2020,complete,57712,0,-1,['38'],"['57', '76', '85', '89']",1,4,5,3,5,8,-1,-1,0,2,0,0,1,8,13,2,14,10,9,9,41,59,24.0,11434,26962,,,0,2,2.05,3.45,3.45,1.04,1.28,1.91,3.25,6.25,9.75,3.5,1.87,1.32,1.11,1.74,2.0,3.0,1.36,4.33,1.2,1.28,1.28,1.72,2.75,2.2,4.0,2.37,2.5,3.4,0,0,1.29,1.51,1.83,2.37,3.1,3.3,2.4,1.83,1.52,1.31,1.53,7.5,3.05,1.66,11.0,2.37,3.6,6.0,1.36,2.75,8.0,21.0,3.0,1.4,1.08,1.01,1.22,2.05,4.25,9.0,3.8,1.7,1.18,1.03,0,0,0,0,5,1,0,0,4,4,1,1598144400,14,1,57,50,50,0,-1,2,1,1,1,2,4,2,6,0,0,0,2,0,2,1,49,33,85,100,1.31,1.44,2.75,0,0,0,0,0,0,1,1,0,0,0,0,0,0,-1,-1,-1,-1,-1,-1,-1,-1,-1,19,29,49,84,84,19,64,84,39,8.53,3.0,6.93,2.79,/clubs/colorado-rapids-12,teams/usa-colorado-rapids.png,Colorado Rapids,/clubs/real-salt-lake-14,teams/usa-real-salt-lake.png,Real Salt Lake,1.47,0.96,1.4,1.0,1.4,1.0,82,72,52,17,17,55,17,9,1.53,1.27,2.8,/usa/colorado-rapids-vs-real-salt-lake-h2h-stats#1041166,4473,19,True,True,True,True,True,False,True,['38'],"['57', '76', '85', '89']"
MLS,2020,4473,1041167,20,18,2020,complete,57712,0,-1,[],"['72', '83', '85']",0,3,3,8,5,13,3,1,0,0,0,0,5,5,7,5,12,10,7,7,44,56,57.0,7206,25,,,0,0,2.3,3.45,2.95,1.02,1.2,1.65,2.6,4.7,12.25,4.4,2.2,1.47,1.18,1.53,2.35,3.5,1.28,4.5,1.18,1.36,1.28,1.66,2.75,2.3,3.5,2.4,2.62,3.1,0,0,1.17,1.34,1.57,2.0,2.43,4.4,3.0,2.26,1.72,1.5,1.72,7.5,2.6,1.72,17.0,2.2,4.5,6.5,1.3,2.5,6.0,17.0,3.4,1.5,1.12,1.02,1.16,1.75,3.3,6.75,4.6,1.95,1.28,1.07,0,0,0,0,3,0,0,0,3,3,0,1598234400,18,1,78,10,80,0,-1,2,-1,1,3,7,3,4,10,0,0,0,0,0,0,1,62,43,101,110,1.56,1.3,2.86,0,0,0,0,0,0,1,1,0,0,0,0,-1,-1,-1,-1,-1,-1,-1,-1,-1,-1,-1,9,25,73,86,92,33,59,86,59,9.23,2.95,3.83,2.84,/clubs/portland-timbers-20,teams/usa-portland-timbers.png,Portland Timbers,/clubs/seattle-sounders-fc-18,teams/usa-seattle-sounders-fc.png,Seattle Sounders,1.79,1.78,2.22,1.33,2.22,1.33,92,75,28,14,9,56,39,25,1.37,1.45,2.82,/usa/seattle-sounders-fc-vs-portland-timbers-h2h-stats#1041167,4473,27,True,True,True,False,False,False,False,[],"['72', '83', '85']"
MLS,2020,4473,1041168,2,9,2020,complete,57712,0,-1,['59'],[],1,0,1,5,6,11,0,6,2,0,0,0,3,3,8,6,11,9,20,10,52,48,20.0,762,13,,,2,0,2.5,3.5,2.65,1.03,1.24,1.77,2.95,5.45,11.0,3.9,2.0,1.38,1.14,1.62,2.15,3.5,1.28,3.75,1.25,1.41,1.31,1.54,3.14,2.28,3.38,2.76,2.56,3.12,0,0,1.24,1.44,1.72,2.17,2.8,3.6,2.61,2.0,1.61,1.38,1.66,7.5,2.75,1.86,12.5,2.04,4.5,5.0,1.4,2.83,6.55,13.0,3.14,1.47,1.11,1.02,1.23,2.06,4.3,9.0,4.2,1.76,1.22,1.05,0,0,0,0,1,0,0,1,0,1,0,1598310000,2,1,34,34,0,0,0,2,1,3,2,2,4,5,6,1,0,1,0,1,1,1,45,44,93,96,1.23,1.1,2.34,0,0,0,0,0,0,1,1,0,0,0,0,0,0,-1,-1,-1,-1,-1,-1,-1,-1,-1,0,26,34,55,100,20,62,93,27,9.29,3.34,4.38,2.14,/clubs/new-york-city-fc-2,teams/usa-new-york-city-fc.png,New York City,/clubs/columbus-crew-9,teams/usa-columbus-crew.png,Columbus Crew,1.65,1.93,0.75,2.43,0.75,2.43,100,75,67,46,0,48,48,41,1.34,1.35,2.69,/usa/new-york-city-fc-vs-columbus-crew-h2h-stats#1041168,4473,26,True,False,False,False,False,False,False,['59'],[]
MLS,2020,4473,1041170,13401,11,2020,complete,57712,0,-1,['72'],"['26', '37']",1,2,3,5,9,14,4,1,2,1,0,1,3,6,4,4,7,10,15,14,57,43,5016.0,20,21032,,,2,3,2.85,3.3,2.45,1.04,1.28,1.91,3.25,6.25,9.75,3.5,1.87,1.32,1.11,1.71,2.05,3.75,1.25,3.25,1.33,1.57,1.32,1.37,3.63,2.19,3.12,3.13,2.5,2.55,0,0,1.14,1.28,1.5,1.83,2.25,4.9,3.3,2.49,1.83,1.57,1.72,7.5,2.6,2.12,11.25,1.83,5.0,4.2,1.44,2.96,6.35,19.0,2.95,1.43,1.08,1.0,1.25,2.12,4.6,9.0,3.94,1.72,1.2,1.05,0,0,0,0,3,0,2,1,0,1,2,1598396400,11,1,55,10,44,0,0,2,1,1,4,4,5,5,9,0,0,2,2,0,4,1,44,51,115,102,0.99,1.43,2.41,1,0,1,0,0,0,1,1,0,0,0,0,0,0,-1,-1,-1,-1,-1,-1,-1,-1,-1,0,9,32,55,77,16,40,69,41,10.46,3.93,4.0,1.73,/clubs/dc-united-13401,teams/usa-dc-united.png,DC United,/clubs/new-england-revolution-11,teams/usa-new-england-revolution.png,New England Revolution,0.91,1.46,1.0,1.0,1.0,1.0,100,92,68,45,23,85,52,44,1.09,1.73,2.82,/usa/new-england-revolution-vs-dc-united-h2h-stats#1041170,4473,23,True,True,True,False,False,False,True,['72'],"['26', '37']"
MLS,2020,4473,1041171,7,8043,2020,complete,57712,0,-1,"['2', '10', '67']",[],3,0,3,3,1,4,1,2,1,2,0,0,7,1,4,4,11,5,24,19,52,48,19927.0,2414,409,,,1,2,1.74,3.7,4.65,1.03,1.26,1.83,3.15,5.9,10.25,3.65,1.91,1.34,1.12,1.77,1.95,2.5,1.5,5.0,1.16,1.23,1.31,2.07,2.29,2.17,4.72,2.05,2.57,4.28,0,0,1.29,1.51,1.83,2.37,3.1,3.3,2.41,1.83,1.52,1.31,1.28,9.0,4.7,1.56,11.75,2.63,2.88,8.0,1.38,2.74,6.3,19.0,2.81,1.4,1.09,1.0,1.25,2.11,4.54,9.0,3.94,1.73,1.2,1.05,0,0,0,0,3,2,0,1,0,1,2,1598398200,7,1,47,0,54,0,0,2,1,2,1,1,0,3,1,0,1,1,1,1,2,1,28,33,102,93,1.4,0.64,2.04,0,0,0,0,0,0,1,1,2,0,0,0,0,0,-1,-1,-1,-1,-1,-1,-1,-1,-1,7,15,47,86,93,15,45,93,70,7.96,3.57,4.14,2.47,/clubs/chicago-fire-7,teams/usa-chicago-fire.png,Chicago Fire,/clubs/fc-cincinnati-8043,teams/usa-fc-cincinnati.png,FC Cincinnati,1.0,0.71,0.67,1.14,0.67,1.14,93,86,54,15,7,54,40,17,1.33,1.01,2.34,/usa/chicago-fire-vs-fc-cincinnati-h2h-stats#1041171,4473,23,True,True,True,False,False,False,False,"['2', '10', '67']",[]
MLS,2020,4473,1041172,16,4,2020,complete,57712,0,-1,['31'],[],1,0,1,5,3,8,5,0,2,0,0,0,4,3,4,2,8,5,13,12,51,49,69.0,12,11435,,,2,0,2.5,3.35,2.75,1.02,1.23,1.74,2.85,5.25,11.25,4.0,2.05,1.4,1.14,1.59,2.25,3.75,1.25,4.0,1.22,1.44,1.34,1.61,2.84,2.19,3.32,2.56,2.6,2.99,0,0,1.16,1.32,1.55,1.9,2.37,4.6,3.1,2.36,1.8,1.52,1.72,7.5,2.6,1.83,13.5,2.04,4.5,5.0,1.35,2.54,5.7,17.0,2.97,1.46,1.11,1.0,1.22,1.99,4.04,7.5,4.3,1.82,1.24,1.07,0,0,0,0,1,1,0,0,0,0,1,1598398200,16,1,45,20,20,0,0,2,1,3,2,2,1,5,3,1,0,1,0,1,1,1,40,56,107,133,1.09,0.95,2.04,0,0,0,0,0,0,1,1,0,0,2,0,0,0,-1,-1,-1,-1,-1,-1,-1,-1,-1,14,20,31,67,95,25,64,81,31,8.28,3.94,3.55,2.31,/clubs/philadelphia-union-16,teams/usa-philadelphia-union.png,Philadelphia Union,/clubs/new-york-red-bulls-4,teams/usa-new-york-red-bulls.png,New York RB,1.96,1.33,1.67,1.67,1.67,1.67,86,81,70,33,6,56,45,37,1.32,1.34,2.66,/usa/new-york-red-bulls-vs-philadelphia-union-h2h-stats#1041172,4473,24,True,False,False,False,False,False,False,['31'],[]
MLS,2020,4473,1041173,8,6,2020,complete,57712,0,-1,"['26', '49']","['17', '43', '48', '57', '61']",2,5,7,10,1,11,3,3,1,1,0,0,5,8,6,2,11,10,11,9,49,51,13893.0,18,28051,,,1,1,1.57,4.15,5.4,1.01,1.14,1.49,2.25,3.8,14.5,5.3,2.55,1.62,1.25,1.56,2.3,2.75,1.4,7.0,1.1,1.17,1.22,2.3,2.13,2.62,4.99,1.82,2.93,4.55,0,0,1.28,1.5,1.85,2.33,3.1,3.3,2.41,1.9,1.54,1.32,1.32,8.5,4.35,1.46,20.5,2.67,3.3,10.0,1.25,2.33,4.55,13.0,3.55,1.65,1.16,1.01,1.15,1.76,3.3,7.0,5.35,2.06,1.33,1.08,0,0,0,0,7,1,2,1,3,4,3,1598401800,6,1,65,13,25,0,0,2,1,3,1,7,0,4,7,1,1,0,0,2,0,1,64,18,105,77,1.51,1.33,2.84,0,0,0,0,0,0,1,1,0,0,3,0,0,0,-1,-1,-1,-1,-1,-1,-1,-1,-1,15,42,63,86,86,42,86,79,44,10.38,3.05,5.08,2.98,/clubs/sporting-kansas-city-8,teams/usa-sporting-kansas-city.png,Sporting KC,/clubs/houston-dynamo-6,teams/usa-houston-dynamo.png,Houston Dynamo,1.64,0.91,2.0,0.67,2.0,0.67,86,59,38,15,15,50,44,44,1.79,1.58,3.37,/usa/houston-dynamo-vs-sporting-kansas-city-h2h-stats#1041173,4473,23,True,True,True,True,True,True,True,"['26', '49']","['17', '43', '48', '57', '61']"
MLS,2020,4473,1041174,17,677447,2020,complete,57712,0,-1,"['21', '52', '72']",['15'],3,1,4,5,4,9,2,0,2,2,0,0,7,4,8,12,15,16,12,7,61,39,42.0,21031,24795,,,2,2,1.91,3.65,3.85,1.04,1.29,1.91,3.35,6.45,9.5,3.45,1.83,1.3,1.1,1.8,1.91,2.62,1.44,4.5,1.18,1.27,1.3,1.8,2.57,2.31,4.35,2.31,2.58,3.96,0,0,1.18,1.35,1.6,1.9,2.71,4.3,2.9,2.36,1.8,1.47,1.5,7.9,3.26,1.66,11.0,2.41,3.25,7.0,1.4,2.85,6.75,15.0,3.14,1.46,1.1,1.02,1.24,2.11,4.54,10.0,4.04,1.73,1.2,1.04,0,0,0,0,4,1,1,2,0,2,2,1598484600,17,1,50,0,30,0,0,2,1,3,0,3,0,3,3,1,1,1,1,2,2,1,50,37,101,101,1.8,1.56,3.36,0,0,0,0,0,0,1,1,0,0,0,0,0,0,-1,-1,-1,-1,-1,-1,-1,-1,-1,5,15,40,60,85,30,50,65,30,9.8,2.5,3.9,2.05,/clubs/orlando-city-sc-17,teams/usa-orlando-city-sc.png,Orlando City,/clubs/nashville-sc-mls-677447,teams/usa-nashville-sc-mls.png,Nashville SC,1.69,1.46,1.5,0.8,1.5,0.8,95,85,60,40,15,60,25,25,1.38,1.59,2.97,/usa/orlando-city-sc-vs-nashville-sc-mls-h2h-stats#1041174,4473,26,True,True,True,True,False,False,True,"['21', '52', '72']",['15']
MLS,2020,4473,1041175,677446,1016,2020,complete,57712,0,-1,"['28', '38']",['33'],2,1,3,2,1,3,2,0,3,2,0,0,3,4,3,4,6,8,3,9,49,51,12.0,3134,13004,,,3,2,1.8,3.7,4.2,1.04,1.31,1.95,3.5,6.7,9.25,3.35,1.8,1.29,1.09,1.87,1.87,3.4,1.3,4.33,1.2,1.3,1.3,1.73,2.98,2.32,3.49,2.29,2.62,3.43,0,0,1.22,1.41,1.74,2.0,2.8,3.8,2.7,2.12,1.72,1.38,1.79,7.5,2.48,1.69,13.75,2.25,3.9,6.0,1.38,2.74,5.7,17.0,3.25,1.49,1.11,1.01,1.22,2.04,4.3,8.0,4.24,1.78,1.22,1.06,0,0,0,0,3,2,1,0,0,0,3,1599696000,677446,1,44,42,17,0,-1,2,1,2,2,2,5,4,7,2,1,1,1,3,2,1,53,67,49,68,0.97,1.27,2.23,0,1,0,0,0,1,1,1,0,0,1,0,0,1,-1,-1,-1,-1,-1,-1,-1,-1,-1,6,11,39,50,84,22,61,62,28,8.0,3.67,5.56,1.89,/clubs/club-internacional-de-futbol-miami-677446,teams/usa-club-internacional-de-futbol-miami.png,Inter Miami,/clubs/atlanta-united-fc-1016,teams/usa-atlanta-united-fc.png,Atlanta United FC,1.0,0.96,0.56,1.22,0.56,1.22,95,89,62,50,17,45,17,17,1.34,1.09,2.43,/usa/atlanta-united-fc-vs-club-internacional-de-futbol-miami-h2h-stats#1041175,4473,23,True,True,True,False,False,False,True,"['28', '38']",['33']
MLS,2020,4473,1041176,13,12,2020,complete,57712,0,-1,"['41', '49', '57', '78']",['63'],4,1,5,5,6,11,2,0,1,0,0,0,7,5,5,11,12,16,10,10,38,62,31.0,12956,11434,,,1,0,2.15,3.55,3.2,1.01,1.17,1.57,2.45,4.3,13.25,4.75,2.35,1.53,1.2,1.5,2.45,3.0,1.36,5.0,1.16,1.27,1.27,1.95,2.65,2.36,4.0,2.23,2.72,3.9,0,0,1.17,1.33,1.61,1.83,2.63,4.4,3.0,2.34,1.83,1.5,1.57,8.3,2.96,1.57,12.0,2.5,3.6,8.0,1.31,2.39,5.25,12.0,3.18,1.51,1.12,1.03,1.2,1.93,3.94,8.0,4.6,1.87,1.25,1.06,0,0,0,0,5,1,0,3,1,4,1,1600302600,13,1,68,9,47,0,0,2,1,2,5,3,1,7,4,1,0,0,0,1,0,1,57,87,70,82,1.65,1.98,3.63,0,0,0,0,0,0,1,1,0,0,2,0,0,0,1,16,15,-1,-1,-1,-1,-1,-1,21,37,52,84,89,32,47,84,62,9.88,2.09,4.24,2.82,/clubs/fc-dallas-13,teams/usa-fc-dallas.png,FC Dallas,/clubs/colorado-rapids-12,teams/usa-colorado-rapids.png,Colorado Rapids,1.46,1.47,1.44,1.3,1.44,1.3,80,64,48,17,11,64,44,44,1.31,1.53,2.84,/usa/colorado-rapids-vs-fc-dallas-h2h-stats#1041176,4473,19,True,True,True,True,True,False,True,"['41', '49', '57', '78']",['63']
MLS,2020,4473,1041177,14,6490,2020,complete,57712,0,-1,"['9', '47', '79']",[],3,0,3,2,10,12,1,2,4,2,0,0,6,5,7,3,13,8,14,14,43,57,13864.0,26962,211,,,4,2,3.1,3.8,2.1,1.01,1.13,1.44,2.15,3.55,15.5,5.6,2.7,1.69,1.28,1.43,2.7,4.33,1.2,3.5,1.28,1.57,1.25,1.36,3.3,2.3,2.7,3.0,2.7,2.5,0,0,1.24,1.44,1.76,2.28,2.85,3.6,2.61,2.09,1.64,1.37,2.81,7.6,1.64,2.04,17.0,1.78,6.0,4.5,1.25,2.39,5.5,13.0,3.6,1.62,1.11,1.01,1.18,1.88,3.68,7.5,4.8,1.92,1.28,1.07,0,0,0,0,3,1,0,2,0,2,1,1599701400,14,1,62,0,48,0,4147,2,1,1,5,1,5,6,6,0,0,4,2,0,6,1,33,54,60,67,1.48,1.24,2.72,1,0,1,0,0,0,1,1,1,0,1,2,0,0,-1,-1,-1,-1,-1,-1,-1,-1,-1,38,57,62,86,90,33,76,86,62,11.11,3.46,4.25,3.84,/clubs/real-salt-lake-14,teams/usa-real-salt-lake.png,Real Salt Lake,/clubs/los-angeles-fc-6490,teams/usa-los-angeles-fc.png,Los Angeles FC,0.96,1.44,1.1,1.45,1.1,1.45,63,43,39,15,10,57,48,33,1.43,1.96,3.39,/usa/real-salt-lake-vs-los-angeles-fc-h2h-stats#1041177,4473,23,True,True,True,False,False,False,False,"['9', '47', '79']",[]
MLS,2020,4473,1041178,15,20,2020,complete,57712,0,-1,['76'],['33'],1,1,2,7,2,9,1,0,2,2,0,0,6,3,8,2,14,5,12,16,63,37,58.0,1763,7206,,,2,2,2.45,3.75,2.55,1.01,1.14,1.49,2.2,3.75,14.75,5.35,2.55,1.62,1.25,1.43,2.65,3.75,1.25,5.5,1.14,1.39,1.3,1.74,2.63,2.52,3.64,2.31,2.8,3.12,0,0,1.12,1.26,1.45,1.76,2.26,6.0,3.5,2.55,2.09,1.65,1.7,7.9,2.62,1.72,20.0,2.09,4.5,7.0,1.26,2.34,4.57,13.0,3.5,1.65,1.16,1.04,1.15,1.76,3.32,7.0,5.35,2.06,1.33,1.1,0,0,0,0,2,0,1,1,0,1,1,1600306200,-1,1,81,50,58,0,0,2,1,5,2,2,0,7,2,1,0,1,2,1,3,1,128,47,132,95,2.22,0.88,3.1,0,0,0,0,0,0,1,1,0,0,1,0,0,0,1,20,15,-1,-1,-1,-1,-1,-1,40,55,77,88,92,47,69,88,74,11.53,2.22,4.04,4.07,/clubs/san-jose-earthquakes-15,teams/usa-san-jose-earthquakes.png,SJ Earthquakes,/clubs/portland-timbers-20,teams/usa-portland-timbers.png,Portland Timbers,1.31,1.79,1.08,1.71,1.08,1.71,61,45,24,12,9,74,60,44,1.54,1.39,2.93,/usa/san-jose-earthquakes-vs-portland-timbers-h2h-stats#1041178,4473,26,True,True,False,False,False,False,True,['76'],['33']
MLS,2020,4473,1041179,10,15,2020,complete,57712,0,-1,"['33', '72', '82']","['11', '59']",3,2,5,8,4,12,1,2,2,0,0,0,9,5,13,7,22,12,10,11,48,52,13864.0,1715,1763,,,2,0,2.2,3.8,2.95,1.01,1.13,1.44,2.15,3.55,15.5,5.6,2.7,1.69,1.28,1.42,2.7,4.33,1.2,5.5,1.14,1.43,1.3,1.7,2.88,2.63,2.88,2.48,2.9,3.07,0,0,1.15,1.3,1.55,1.9,2.47,5.2,3.44,2.45,1.9,1.54,2.05,7.5,2.05,1.73,15.0,2.1,5.0,7.0,1.24,2.09,4.4,9.0,4.04,1.74,1.21,1.05,1.14,1.69,3.1,5.5,5.75,2.17,1.37,1.13,0,0,0,0,5,1,1,2,1,3,2,1598754600,10,1,69,17,33,0,0,2,1,3,2,5,3,5,8,0,0,2,0,0,2,1,65,33,108,88,2.48,1.35,3.83,1,0,1,0,0,0,1,1,0,0,0,2,0,0,-1,-1,-1,-1,-1,-1,-1,-1,-1,37,44,52,85,93,37,69,93,60,12.81,2.64,4.12,3.79,/clubs/la-galaxy-10,teams/usa-la-galaxy.png,LA Galaxy,/clubs/san-jose-earthquakes-15,teams/usa-san-jose-earthquakes.png,SJ Earthquakes,1.0,1.31,0.83,1.57,0.83,1.57,63,56,48,16,7,60,60,30,1.31,1.85,3.16,/usa/la-galaxy-vs-san-jose-earthquakes-h2h-stats#1041179,4473,22,True,True,True,True,True,False,True,"['33', '72', '82']","['11', '59']"
MLS,2020,4473,1041180,1016,17,2020,complete,57712,0,-1,['83'],"['13', '35', '86']",1,3,4,9,6,15,2,1,0,5,0,0,4,3,7,6,11,9,12,24,61,39,20.0,13004,21031,,,0,5,2.45,3.55,2.7,1.03,1.23,1.74,2.9,5.35,11.25,3.95,2.05,1.39,1.14,1.62,2.2,3.4,1.3,4.33,1.2,1.35,1.3,1.65,3.1,2.25,3.25,2.41,2.61,3.22,0,0,1.15,1.3,1.55,2.0,2.48,5.2,3.44,2.45,1.72,1.54,2.08,7.0,2.08,1.76,13.75,2.15,4.0,6.0,1.35,2.55,5.7,13.0,2.96,1.45,1.1,1.02,1.22,2.04,4.3,8.0,4.3,1.78,1.22,1.06,0,0,0,0,4,0,2,1,1,2,2,1598729400,17,1,58,30,40,0,0,2,1,4,4,5,2,8,7,0,1,0,4,1,4,1,55,24,123,77,1.38,0.96,2.34,0,0,0,0,0,0,1,1,0,0,2,0,0,0,-1,-1,-1,-1,-1,-1,-1,-1,-1,5,18,49,66,96,31,64,71,41,8.12,3.38,4.94,2.33,/clubs/atlanta-united-fc-1016,teams/usa-atlanta-united-fc.png,Atlanta United FC,/clubs/orlando-city-sc-17,teams/usa-orlando-city-sc.png,Orlando City,0.96,1.69,1.5,1.64,1.5,1.64,96,82,52,34,5,66,31,31,1.06,1.41,2.47,/usa/orlando-city-sc-vs-atlanta-united-fc-h2h-stats#1041180,4473,23,True,True,True,True,False,False,True,['83'],"['13', '35', '86']"
MLS,2020,4473,1041181,8043,9,2020,complete,57712,0,-1,[],[],0,0,0,4,7,11,1,0,3,2,0,0,3,2,3,4,6,6,9,14,38,62,15.0,409,13,,,3,2,4.6,3.6,1.77,1.04,1.28,1.91,3.25,6.25,9.75,3.5,1.87,1.32,1.11,1.8,1.91,5.5,1.14,2.37,1.53,2.08,1.27,1.19,4.0,2.2,2.6,4.45,2.61,1.99,0,0,1.29,1.54,1.83,2.53,3.52,3.54,2.48,1.83,1.52,1.29,2.7,7.0,1.66,3.0,10.0,1.5,8.5,2.7,1.37,2.68,6.1,19.0,2.86,1.41,1.09,1.0,1.2,2.0,4.0,9.0,4.0,1.7,1.2,1.05,0,0,0,0,0,0,0,0,0,0,0,1598743800,-1,1,32,0,0,0,0,2,1,1,1,3,6,2,9,2,1,1,1,3,2,1,29,58,99,139,0.81,0.96,1.77,0,0,0,0,0,0,1,1,0,0,1,0,1,0,-1,-1,-1,-1,-1,-1,-1,-1,-1,7,19,38,69,94,26,69,88,38,6.63,3.88,3.88,2.25,/clubs/fc-cincinnati-8043,teams/usa-fc-cincinnati.png,FC Cincinnati,/clubs/columbus-crew-9,teams/usa-columbus-crew.png,Columbus Crew,0.71,1.93,1.0,2.13,1.0,2.13,94,82,63,32,7,57,44,25,0.96,1.32,2.28,/usa/columbus-crew-vs-fc-cincinnati-h2h-stats#1041181,4473,24,False,False,False,False,False,False,False,[],[]
MLS,2020,4473,1041182,16,13401,2020,complete,57712,0,-1,"['7', '16', '21', '61']",['63'],4,1,5,5,6,11,2,1,5,1,0,0,6,5,14,7,20,12,16,3,49,51,24.0,12,20,,,5,1,1.91,3.45,3.9,1.03,1.24,1.77,2.95,5.45,11.0,3.9,2.0,1.38,1.14,1.65,2.1,2.75,1.4,5.0,1.16,1.26,1.31,1.99,2.1,2.4,5.0,2.1,2.65,3.93,0,0,1.14,1.28,1.51,1.83,2.38,5.5,3.6,2.57,1.83,1.58,1.4,8.0,3.55,1.53,12.0,2.6,3.3,8.0,1.34,2.54,5.7,13.0,3.0,1.46,1.11,1.02,1.22,2.01,4.2,9.0,4.3,1.8,1.23,1.05,0,0,0,0,5,3,0,1,1,2,3,1598743800,16,1,61,17,17,0,0,2,1,3,3,2,3,6,5,1,1,4,0,2,4,1,56,36,110,102,2.09,1.38,3.46,0,0,0,0,0,0,1,1,1,0,2,0,1,0,-1,-1,-1,-1,-1,-1,-1,-1,-1,5,17,49,66,88,30,54,71,49,8.49,5.11,5.06,2.3,/clubs/philadelphia-union-16,teams/usa-philadelphia-union.png,Philadelphia Union,/clubs/dc-united-13401,teams/usa-dc-united.png,DC United,1.96,0.91,1.8,0.86,1.8,0.86,95,83,52,35,12,78,40,40,1.3,1.08,2.38,/usa/philadelphia-union-vs-dc-united-h2h-stats#1041182,4473,23,True,True,True,True,True,False,True,"['7', '16', '21', '61']",['63']
MLS,2020,4473,1041183,2,7,2020,complete,57712,0,-1,"['16', '53', '75']",['45+2'],3,1,4,8,8,16,3,2,2,2,0,0,7,6,11,7,18,13,14,7,55,45,69.0,762,2414,,,2,2,2.05,3.6,3.35,1.01,1.18,1.61,2.55,4.45,12.75,4.55,2.25,1.5,1.19,1.54,2.35,3.5,1.28,5.0,1.16,1.36,1.31,1.78,2.25,2.38,4.75,2.42,2.73,3.42,0,0,1.21,1.4,1.72,2.15,2.86,4.3,2.95,2.0,1.7,1.41,1.43,8.0,3.55,1.66,15.0,2.25,4.0,7.0,1.32,2.3,5.0,12.0,3.1,1.55,1.13,1.03,1.15,1.8,3.6,7.5,4.7,1.9,1.25,1.07,0,0,0,0,4,1,1,2,0,2,2,1598743800,2,1,38,25,17,0,0,2,1,3,4,5,4,7,9,1,1,1,1,2,2,1,44,57,105,120,1.95,1.66,3.61,0,0,0,0,0,0,1,1,0,0,1,1,0,0,-1,-1,-1,-1,-1,-1,-1,-1,-1,0,17,45,67,100,18,38,100,47,10.29,3.3,4.19,2.29,/clubs/new-york-city-fc-2,teams/usa-new-york-city-fc.png,New York City,/clubs/chicago-fire-7,teams/usa-chicago-fire.png,Chicago Fire,1.65,1.0,1.0,1.0,1.0,1.0,100,84,55,34,0,44,44,37,1.33,1.34,2.67,/usa/new-york-city-fc-vs-chicago-fire-h2h-stats#1041183,4473,23,True,True,True,True,False,False,True,"['16', '53', '75']",['45+2']
MLS,2020,4473,1041184,11,4,2020,complete,57712,0,-1,['41'],['35'],1,1,2,6,7,13,4,1,0,0,0,1,5,4,9,5,14,9,10,6,60,40,57.0,21032,11435,,,0,2,2.15,3.35,3.35,1.02,1.2,1.67,2.7,4.85,12.0,4.3,2.15,1.44,1.17,1.56,2.3,3.0,1.36,5.5,1.14,1.28,1.3,1.95,2.75,2.3,3.5,2.21,2.73,3.92,0,0,1.15,1.31,1.56,1.9,2.5,5.1,3.38,2.43,1.8,1.53,1.7,7.5,2.55,1.53,15.0,2.6,3.5,8.0,1.32,2.43,5.75,12.0,3.38,1.56,1.14,1.03,1.2,1.93,3.84,7.5,4.64,1.87,1.26,1.07,0,0,0,0,2,1,1,0,0,0,2,1598745600,-1,1,40,0,0,0,0,2,1,0,1,6,6,1,12,0,0,0,1,0,1,1,66,43,127,105,1.72,1.17,2.89,0,0,0,0,0,0,1,1,0,0,0,0,0,0,-1,-1,-1,-1,-1,-1,-1,-1,-1,7,7,20,54,88,20,62,73,14,10.63,2.95,2.39,1.75,/clubs/new-england-revolution-11,teams/usa-new-england-revolution.png,New England Revolution,/clubs/new-york-red-bulls-4,teams/usa-new-york-red-bulls.png,New York RB,1.46,1.33,1.25,1.43,1.25,1.43,93,93,81,47,13,59,59,45,1.69,1.29,2.98,/usa/new-york-red-bulls-vs-new-england-revolution-h2h-stats#1041184,4473,24,True,True,False,False,False,False,True,['41'],['35']
MLS,2020,4473,1041185,13,1015,2020,complete,57712,0,-1,"['11', '12', '90+6']",['55'],3,1,4,2,6,8,0,1,1,3,0,0,7,5,5,13,12,18,13,15,47,53,13893.0,12956,5,,,1,3,2.2,3.6,3.05,1.02,1.22,1.71,2.8,5.15,11.5,4.1,2.1,1.41,1.15,1.61,2.2,3.5,1.28,4.33,1.2,1.45,1.33,1.62,2.88,2.3,3.4,2.55,2.62,2.97,0,0,1.15,1.3,1.55,1.9,2.48,5.2,3.44,2.45,1.8,1.54,1.7,7.5,2.55,1.83,14.25,2.03,4.5,5.5,1.34,2.5,5.55,13.0,3.02,1.47,1.11,1.02,1.21,1.98,4.04,7.5,4.44,1.83,1.24,1.07,0,0,0,0,4,2,0,1,1,2,2,1598747400,13,1,55,13,38,0,0,2,1,2,2,0,4,4,4,0,0,1,3,0,4,1,35,51,95,114,1.51,1.86,3.36,1,0,1,0,0,0,1,1,0,0,1,0,0,0,-1,-1,-1,-1,-1,-1,-1,-1,-1,11,38,49,65,75,28,39,75,48,10.18,2.22,3.07,2.48,/clubs/fc-dallas-13,teams/usa-fc-dallas.png,FC Dallas,/clubs/minnesota-united-fc-1015,teams/usa-minnesota-united-fc.png,Minnesota United,1.46,1.63,1.2,1.67,1.2,1.67,89,62,51,36,26,75,58,52,1.31,1.52,2.83,/usa/fc-dallas-vs-minnesota-united-fc-h2h-stats#1041185,4473,24,True,True,True,True,False,False,True,"['11', '12', '90+6']",['55']
MLS,2020,4473,1041186,12,8,2020,complete,57712,0,-1,['57'],['67'],1,1,2,0,8,8,0,0,3,2,0,1,4,4,6,11,10,15,10,10,56,44,7.0,11434,18,,,3,3,2.85,3.7,2.25,1.01,1.15,1.51,2.3,3.95,14.25,5.15,2.5,1.59,1.24,1.45,2.55,5.0,1.16,4.0,1.22,1.65,1.31,1.45,3.1,2.4,2.88,3.02,2.81,2.6,0,0,1.19,1.37,1.67,2.1,2.83,4.44,3.04,2.2,1.66,1.43,2.16,7.0,1.96,2.1,17.0,1.72,6.5,5.0,1.27,2.22,4.94,10.0,3.76,1.66,1.18,1.04,1.16,1.78,3.38,6.5,5.3,2.04,1.32,1.1,0,0,0,0,2,0,0,1,1,2,0,1598749200,-1,1,75,54,17,0,0,2,1,0,4,0,4,4,4,0,0,3,3,0,6,1,38,46,116,85,1.2,1.56,2.76,0,0,0,0,0,0,1,1,0,0,0,3,0,0,-1,-1,-1,-1,-1,-1,-1,-1,-1,28,53,81,95,95,37,78,89,56,10.33,3.5,5.11,3.62,/clubs/colorado-rapids-12,teams/usa-colorado-rapids.png,Colorado Rapids,/clubs/sporting-kansas-city-8,teams/usa-sporting-kansas-city.png,Sporting KC,1.47,1.64,1.17,1.78,1.17,1.78,73,47,20,6,6,53,22,22,1.49,1.76,3.25,/usa/sporting-kansas-city-vs-colorado-rapids-h2h-stats#1041186,4473,19,True,True,False,False,False,False,True,['57'],['67']
MLS,2020,4473,1041187,20,14,2020,complete,57712,0,-1,"['6', '21', '70', '85']","['19', '48', '90', '90+4']",4,4,8,6,13,19,1,1,3,1,0,0,5,8,10,19,15,27,10,7,41,59,31.0,7206,26962,,,3,1,1.87,3.55,4.0,1.03,1.24,1.77,2.95,5.45,11.0,3.9,2.0,1.38,1.14,1.67,2.1,2.75,1.4,5.0,1.17,1.22,1.29,1.83,2.6,2.25,4.0,2.1,2.6,4.0,0,0,1.21,1.4,1.71,2.17,2.9,4.3,2.95,2.14,1.69,1.4,1.49,7.5,3.3,1.57,11.0,2.6,3.3,8.0,1.3,2.75,7.0,17.0,3.2,1.4,1.07,1.0,1.22,2.02,4.2,9.0,4.3,1.79,1.23,1.05,0,0,0,0,8,2,1,2,3,5,3,1598754600,-1,1,62,25,42,0,0,2,1,2,5,4,8,7,12,1,0,2,1,1,3,1,40,69,77,137,1.58,2.76,4.34,0,0,0,0,0,0,1,1,1,0,0,0,0,0,-1,-1,-1,-1,-1,-1,-1,-1,-1,15,30,55,81,86,22,66,81,50,8.43,1.71,5.24,2.79,/clubs/portland-timbers-20,teams/usa-portland-timbers.png,Portland Timbers,/clubs/real-salt-lake-14,teams/usa-real-salt-lake.png,Real Salt Lake,1.79,0.96,2.0,1.29,2.0,1.29,86,71,46,20,15,47,25,12,1.39,1.3,2.69,/usa/real-salt-lake-vs-portland-timbers-h2h-stats#1041187,4473,23,True,True,True,True,True,True,True,"['6', '21', '70', '85']","['19', '48', '90', '90+4']"
MLS,2020,4473,1041188,677447,677446,2020,complete,57712,0,-1,['53'],[],1,0,1,3,6,9,0,2,3,3,0,0,1,2,1,10,2,12,21,17,50,50,13812.0,24795,3134,,,3,3,2.0,3.3,3.75,1.05,1.34,2.05,3.7,7.0,8.75,3.15,1.74,1.26,1.08,1.83,1.91,3.25,1.33,3.75,1.25,1.4,1.33,1.6,3.0,2.2,3.6,2.73,2.44,3.38,0,0,1.18,1.34,1.61,2.0,2.7,4.5,3.1,2.23,1.72,1.43,1.8,7.5,2.43,1.85,10.5,2.13,4.0,5.5,1.43,2.95,7.8,15.0,2.83,1.4,1.08,1.02,1.28,2.3,5.2,10.0,3.68,1.62,1.16,1.04,0,0,0,0,1,0,0,1,0,1,0,1598833800,677447,1,50,63,13,0,0,2,1,2,3,1,3,5,4,1,2,2,1,3,3,1,27,57,99,113,0.41,1.32,1.73,1,0,0,0,1,0,1,1,0,0,1,1,0,0,-1,-1,-1,-1,-1,-1,-1,-1,-1,9,17,50,59,92,33,67,67,34,8.67,2.83,4.84,2.25,/clubs/nashville-sc-mls-677447,teams/usa-nashville-sc-mls.png,Nashville SC,/clubs/club-internacional-de-futbol-miami-677446,teams/usa-club-internacional-de-futbol-miami.png,Inter Miami,1.46,1.0,0.67,0.5,0.67,0.5,92,83,50,42,9,50,9,9,1.58,1.31,2.89,/usa/club-internacional-de-futbol-miami-vs-nashville-sc-mls-h2h-stats#1041188,4473,24,True,False,False,False,False,False,False,['53'],[]
MLS,2020,4473,1041189,18,6490,2020,complete,57712,0,-1,"['11', '48', '49']",['60'],3,1,4,4,8,12,2,1,2,2,0,0,3,4,7,6,10,10,13,7,44,56,39.0,25,211,,,2,2,2.5,3.85,2.45,1.0,1.1,1.37,1.95,3.15,17.0,6.35,3.0,1.8,1.34,1.35,3.0,5.0,1.17,4.5,1.18,1.53,1.25,1.44,3.1,2.4,2.88,2.85,2.85,2.69,0,0,1.13,1.27,1.47,1.77,2.2,5.0,3.4,2.5,1.94,1.59,2.28,7.5,1.85,1.93,22.0,1.83,6.0,5.5,1.25,2.15,4.7,10.0,3.94,1.7,1.19,1.04,1.14,1.73,3.2,6.0,5.5,2.11,1.35,1.11,0,0,0,0,4,1,0,2,1,3,1,1598839200,18,1,66,0,70,0,0,2,1,1,3,4,5,4,9,1,1,1,1,2,2,1,32,67,111,152,1.09,1.41,2.5,0,0,0,0,0,0,1,1,0,0,0,2,0,0,-1,-1,-1,-1,-1,-1,-1,-1,-1,32,39,67,87,93,46,66,87,60,11.32,4.38,2.67,3.48,/clubs/seattle-sounders-fc-18,teams/usa-seattle-sounders-fc.png,Seattle Sounders,/clubs/los-angeles-fc-6490,teams/usa-los-angeles-fc.png,Los Angeles FC,1.78,1.44,1.57,1.63,1.57,1.63,68,62,34,14,7,61,61,48,1.43,1.99,3.42,/usa/seattle-sounders-fc-vs-los-angeles-fc-h2h-stats#1041189,4473,25,True,True,True,True,False,False,True,"['11', '48', '49']",['60']
MLS,2020,4473,1041190,8043,7,2020,complete,57712,0,-1,[],[],0,0,0,2,6,8,3,0,1,1,0,0,3,1,6,12,9,13,10,16,52,48,42.0,409,2414,,,1,1,3.1,3.3,2.3,1.05,1.32,2.0,3.55,6.95,9.0,3.25,1.77,1.27,1.09,1.77,1.95,4.0,1.22,3.0,1.36,1.64,1.32,1.33,3.75,2.15,2.8,3.45,2.48,2.5,0,0,1.31,1.54,1.92,2.44,3.3,3.2,2.32,1.82,1.49,1.29,2.17,7.0,1.97,2.2,11.0,1.75,5.5,4.0,1.35,2.85,7.5,17.0,3.0,1.38,1.08,1.01,1.2,2.1,4.5,12.0,4.0,1.65,1.17,1.03,0,0,0,0,0,0,0,0,0,0,0,1599089400,-1,1,42,13,13,0,0,2,1,0,1,2,5,1,7,0,0,1,1,0,2,1,37,38,107,130,1.06,1.18,2.24,0,0,0,0,0,0,1,1,0,0,0,0,0,0,-1,-1,-1,-1,-1,-1,-1,-1,-1,6,18,54,84,89,29,53,89,60,7.96,3.44,4.1,2.49,/clubs/fc-cincinnati-8043,teams/usa-fc-cincinnati.png,FC Cincinnati,/clubs/chicago-fire-7,teams/usa-chicago-fire.png,Chicago Fire,0.71,1.0,1.0,0.88,1.0,0.88,95,83,47,17,11,53,42,25,0.94,1.38,2.32,/usa/chicago-fire-vs-fc-cincinnati-h2h-stats#1041190,4473,23,False,False,False,False,False,False,False,[],[]
MLS,2020,4473,1041191,1016,677446,2020,complete,57712,0,-1,[],[],0,0,0,3,5,8,0,2,4,3,0,0,2,3,4,8,6,11,17,21,60,40,5016.0,13004,3134,,,4,3,2.2,3.5,3.1,1.03,1.25,1.8,3.05,5.7,10.5,3.75,1.95,1.36,1.12,1.67,2.1,3.4,1.3,4.5,1.18,1.33,1.29,1.69,2.7,2.23,3.75,2.43,2.6,3.45,0,0,1.19,1.36,1.6,2.0,2.5,4.2,2.9,2.2,1.76,1.46,1.53,8.0,3.1,1.73,11.0,2.25,4.0,6.5,1.3,2.6,6.75,19.0,3.25,1.45,1.09,1.01,1.18,1.94,4.1,10.0,4.5,1.78,1.2,1.05,0,0,0,0,0,0,0,0,0,0,0,1599087600,-1,1,50,10,27,0,0,2,1,1,2,2,3,3,5,1,1,3,2,2,5,1,30,49,109,129,0.75,1.27,2.03,0,0,0,0,0,0,1,1,0,0,0,1,0,0,-1,-1,-1,-1,-1,-1,-1,-1,-1,7,14,50,57,100,29,72,72,36,8.29,3.86,5.43,2.29,/clubs/atlanta-united-fc-1016,teams/usa-atlanta-united-fc.png,Atlanta United FC,/clubs/club-internacional-de-futbol-miami-677446,teams/usa-club-internacional-de-futbol-miami.png,Inter Miami,0.96,1.0,1.29,0.43,1.29,0.43,93,86,50,43,0,57,22,22,1.11,1.31,2.42,/usa/atlanta-united-fc-vs-club-internacional-de-futbol-miami-h2h-stats#1041191,4473,23,False,False,False,False,False,False,False,[],[]
MLS,2020,4473,1041192,9,16,2020,complete,57712,0,-1,['55'],[],1,0,1,7,6,13,0,2,1,2,0,0,2,4,9,11,11,15,3,9,55,45,12.0,13,12,,,1,2,1.67,3.95,4.8,1.03,1.25,1.8,3.05,5.7,10.5,3.75,1.95,1.36,1.12,1.8,1.95,2.75,1.4,4.5,1.18,1.27,1.29,1.81,2.55,2.23,4.0,2.32,2.55,3.7,0,0,1.25,1.46,1.76,2.22,2.9,3.6,2.55,1.95,1.58,1.36,1.47,7.5,3.25,1.65,13.25,2.35,3.5,7.0,1.29,2.65,7.0,19.0,3.1,1.38,1.09,1.01,1.2,2.02,4.4,11.0,4.25,1.72,1.18,1.04,0,0,0,0,1,0,0,1,0,1,0,1599089400,9,1,39,13,13,0,0,2,1,2,4,5,2,6,7,0,1,1,1,1,2,1,63,57,108,86,1.3,1.63,2.93,0,0,0,0,0,0,1,1,0,0,0,0,0,0,-1,-1,-1,-1,-1,-1,-1,-1,-1,9,19,34,60,90,24,61,76,34,9.05,4.36,4.23,2.17,/clubs/columbus-crew-9,teams/usa-columbus-crew.png,Columbus Crew,/clubs/philadelphia-union-16,teams/usa-philadelphia-union.png,Philadelphia Union,1.93,1.96,2.0,1.91,2.0,1.91,91,81,67,40,10,70,61,56,1.28,1.37,2.65,/usa/columbus-crew-vs-philadelphia-union-h2h-stats#1041192,4473,27,True,False,False,False,False,False,False,['55'],[]
MLS,2020,4473,1041193,4,13401,2020,complete,57712,0,-1,[],['90+8'],0,1,1,12,5,17,1,1,1,2,0,0,5,3,13,2,18,5,10,14,58,42,20.0,11435,20,,,1,2,1.62,4.0,4.95,1.03,1.24,1.77,2.95,5.55,10.75,3.85,2.0,1.38,1.13,1.77,1.95,2.62,1.44,6.0,1.12,1.21,1.26,2.05,2.23,2.38,4.6,2.0,2.75,4.35,0,0,1.19,1.36,1.6,2.0,2.5,4.2,2.9,2.2,1.76,1.46,1.36,8.5,3.8,1.52,13.0,2.55,3.2,8.5,1.27,2.43,6.1,17.0,3.45,1.46,1.11,1.01,1.17,1.9,3.6,9.5,4.5,1.8,1.25,1.05,0,0,0,0,1,0,0,0,1,1,0,1599089400,13401,1,57,0,38,0,0,2,1,3,2,9,3,5,12,0,1,1,1,1,2,1,75,23,140,67,2.03,0.7,2.73,0,0,0,0,0,0,1,1,0,0,1,0,0,1,-1,-1,-1,-1,-1,-1,-1,-1,-1,13,19,38,69,94,32,76,69,38,8.88,4.0,3.88,2.32,/clubs/new-york-red-bulls-4,teams/usa-new-york-red-bulls.png,New York RB,/clubs/dc-united-13401,teams/usa-dc-united.png,DC United,1.33,0.91,1.38,0.75,1.38,0.75,88,82,63,32,7,63,38,32,1.27,1.12,2.39,/usa/new-york-red-bulls-vs-dc-united-h2h-stats#1041193,4473,23,True,False,False,False,False,False,False,[],['90+8']
MLS,2020,4473,1041194,6,1015,2020,complete,57712,0,-1,"['28', '65', '69']",[],3,0,3,4,4,8,1,0,2,1,0,0,11,4,12,13,23,17,4,8,53,47,3.0,28051,5,,,2,1,2.25,3.75,2.8,1.01,1.16,1.53,2.35,4.05,14.0,5.0,2.45,1.57,1.22,1.48,2.5,4.0,1.22,4.33,1.2,1.43,1.29,1.56,2.88,2.33,3.25,2.63,2.7,2.95,0,0,1.21,1.4,1.67,2.08,2.7,3.9,2.75,2.08,1.67,1.41,1.87,7.0,2.28,1.8,12.0,1.95,5.0,6.0,1.25,2.33,5.75,15.0,3.6,1.55,1.12,1.02,1.15,1.8,3.6,8.0,4.7,1.9,1.25,1.07,0,0,0,0,3,1,0,2,0,2,1,1599091200,6,1,81,11,28,0,0,2,1,3,3,1,1,6,2,0,0,2,1,0,3,1,38,58,113,129,2.5,1.78,4.27,0,0,0,0,0,0,1,1,0,0,1,0,0,0,-1,-1,-1,-1,-1,-1,-1,-1,-1,25,52,69,88,88,52,83,88,59,9.8,2.63,4.37,3.52,/clubs/houston-dynamo-6,teams/usa-houston-dynamo.png,Houston Dynamo,/clubs/minnesota-united-fc-1015,teams/usa-minnesota-united-fc.png,Minnesota United,0.91,1.63,1.0,1.5,1.0,1.5,76,49,32,12,12,69,54,49,1.54,1.56,3.1,/usa/houston-dynamo-vs-minnesota-united-fc-h2h-stats#1041194,4473,23,True,True,True,False,False,False,False,"['28', '65', '69']",[]
MLS,2020,4473,1041195,11,2,2020,complete,57712,0,-1,[],"['60', '72']",0,2,2,9,12,21,2,4,2,2,0,0,4,5,13,7,17,12,10,11,40,60,7.0,21032,762,,,2,2,2.45,3.45,2.7,1.02,1.21,1.67,2.7,4.9,12.0,4.25,2.15,1.43,1.16,1.56,2.3,3.75,1.25,4.0,1.22,1.44,1.3,1.52,3.0,2.25,3.25,2.75,2.6,2.95,0,0,1.19,1.37,1.62,2.0,2.55,4.1,2.85,2.16,1.72,1.45,1.7,7.5,2.55,1.85,11.0,1.95,5.0,5.5,1.29,2.48,6.4,18.0,3.35,1.44,1.1,1.01,1.17,1.85,3.6,9.5,4.5,1.85,1.25,1.05,0,0,0,0,2,0,0,0,2,2,0,1599091200,2,1,48,17,10,0,0,2,1,2,8,7,4,10,11,1,1,1,1,2,2,1,45,53,105,100,1.68,1.5,3.18,0,0,0,0,0,0,1,1,0,0,1,1,0,0,-1,-1,-1,-1,-1,-1,-1,-1,-1,0,20,31,48,89,32,42,84,21,11.86,3.27,3.41,1.88,/clubs/new-england-revolution-11,teams/usa-new-england-revolution.png,New England Revolution,/clubs/new-york-city-fc-2,teams/usa-new-york-city-fc.png,New York City,1.46,1.65,1.22,1.2,1.22,1.2,100,80,69,52,11,70,70,64,1.69,1.39,3.08,/usa/new-york-city-fc-vs-new-england-revolution-h2h-stats#1041195,4473,26,True,True,False,False,False,False,False,[],"['60', '72']"
MLS,2020,4473,1041196,8,13,2020,complete,57712,0,-1,['45+3'],['9'],1,1,2,7,5,12,0,2,0,3,0,0,3,4,19,1,22,5,11,8,50,50,13851.0,18,12956,,,0,3,1.77,3.65,4.45,1.02,1.2,1.65,2.65,4.75,12.25,4.35,2.2,1.45,1.17,1.61,2.2,2.75,1.4,6.0,1.12,1.21,1.25,2.05,2.2,2.33,4.8,1.98,2.75,4.4,0,0,1.23,1.42,1.7,2.14,2.75,3.8,2.65,2.03,1.63,1.39,1.41,8.0,3.5,1.52,15.0,2.5,3.4,9.0,1.27,2.38,5.8,16.0,3.5,1.53,1.12,1.01,1.15,1.8,3.6,8.5,4.7,1.9,1.25,1.06,0,0,0,0,2,1,1,0,0,0,2,1599093000,-1,1,52,10,20,0,0,2,1,4,3,3,2,7,5,0,1,0,2,1,2,1,79,27,121,74,2.16,0.8,2.96,0,0,0,0,0,0,1,1,0,1,0,1,0,0,-1,-1,-1,-1,-1,-1,-1,-1,-1,10,42,52,70,79,34,49,74,50,10.5,2.63,3.53,2.62,/clubs/sporting-kansas-city-8,teams/usa-sporting-kansas-city.png,Sporting KC,/clubs/fc-dallas-13,teams/usa-fc-dallas.png,FC Dallas,1.64,1.46,1.7,1.5,1.7,1.5,90,59,49,30,22,50,45,45,1.74,1.34,3.08,/usa/sporting-kansas-city-vs-fc-dallas-h2h-stats#1041196,4473,24,True,True,False,False,False,False,True,['45+3'],['9']
MLS,2020,4473,1041197,677447,17,2020,complete,57712,0,-1,['47'],['17'],1,1,2,6,10,16,0,1,0,0,0,0,4,3,4,4,8,7,17,6,41,59,57.0,24795,21031,,,0,0,2.65,3.5,2.5,1.04,1.28,1.91,3.25,6.25,9.75,3.5,1.87,1.32,1.11,1.71,2.05,3.5,1.28,3.5,1.28,1.47,1.32,1.46,3.17,2.1,3.13,2.82,2.51,2.79,0,0,1.21,1.4,1.67,2.08,2.7,3.9,2.75,2.08,1.67,1.41,1.78,7.5,2.4,1.96,11.75,1.95,4.5,5.0,1.39,2.75,6.3,13.0,2.76,1.4,1.09,1.02,1.24,2.09,4.4,9.0,4.04,1.74,1.21,1.05,0,0,0,0,2,0,1,1,0,1,1,1599093000,-1,1,56,50,34,0,0,2,-1,2,1,3,9,3,12,0,0,0,0,0,0,1,30,58,66,150,1.01,1.1,2.1,0,0,0,0,0,0,1,1,0,0,1,1,-1,-1,-1,-1,-1,-1,-1,-1,-1,-1,-1,4,28,48,63,89,40,54,75,41,9.44,2.21,4.36,2.32,/clubs/nashville-sc-mls-677447,teams/usa-nashville-sc-mls.png,Nashville SC,/clubs/orlando-city-sc-17,teams/usa-orlando-city-sc.png,Orlando City,1.46,1.69,1.0,1.75,1.0,1.75,96,72,52,37,11,69,25,25,1.42,1.38,2.8,/usa/orlando-city-sc-vs-nashville-sc-mls-h2h-stats#1041197,4473,26,True,True,False,False,False,False,True,['47'],['17']
MLS,2020,4473,1041198,14,18,2020,complete,57712,0,-1,"['50', '85']","['29', '69']",2,2,4,5,5,10,3,5,3,2,0,0,3,3,8,3,11,6,15,11,57,43,13891.0,26962,25,,,3,2,2.35,3.4,2.95,1.03,1.23,1.74,2.9,5.35,11.25,3.95,2.05,1.39,1.14,1.61,2.2,3.4,1.3,4.0,1.22,1.42,1.33,1.58,2.95,2.18,3.45,2.65,2.5,3.15,0,0,1.23,1.42,1.7,2.14,2.75,3.8,2.65,2.03,1.63,1.39,1.7,7.5,2.55,1.83,11.0,2.1,4.33,5.5,1.36,2.62,7.0,19.0,3.0,1.44,1.1,1.02,1.2,1.9,4.0,11.0,4.33,1.8,1.22,1.05,0,0,0,0,4,0,1,2,1,3,1,1599096600,-1,1,57,0,25,0,0,2,1,1,3,4,2,4,6,2,1,1,1,3,2,1,43,31,119,103,1.23,0.83,2.06,0,1,0,1,0,0,1,1,0,0,0,1,0,0,-1,-1,-1,-1,-1,-1,-1,-1,-1,26,32,57,82,82,25,63,82,51,10.88,2.75,4.26,3.07,/clubs/real-salt-lake-14,teams/usa-real-salt-lake.png,Real Salt Lake,/clubs/seattle-sounders-fc-18,teams/usa-seattle-sounders-fc.png,Seattle Sounders,0.96,1.78,1.25,1.75,1.25,1.75,76,69,44,19,19,63,57,44,1.48,1.39,2.87,/usa/real-salt-lake-vs-seattle-sounders-fc-h2h-stats#1041198,4473,23,True,True,True,True,False,False,True,"['50', '85']","['29', '69']"
MLS,2020,4473,1041199,6490,15,2020,complete,57712,0,-1,"['21', '49', '64', '69', '83']",['90+2'],5,1,6,6,5,11,2,1,1,0,0,0,8,2,14,6,22,8,8,10,48,52,58.0,211,1763,,,1,0,1.53,4.65,5.1,1.0,1.07,1.29,1.74,2.7,19.5,7.5,3.5,2.05,1.44,1.38,2.85,3.25,1.33,9.0,1.07,1.17,1.22,2.43,1.98,2.7,4.7,1.81,3.15,4.4,0,0,1.14,1.28,1.48,1.8,2.24,5.0,3.4,2.46,1.94,1.58,1.33,9.0,4.1,1.44,21.0,2.7,3.6,12.0,1.2,2.0,4.33,11.0,4.33,1.73,1.2,1.05,1.11,1.57,2.75,6.0,6.5,2.25,1.4,1.12,0,0,0,0,6,1,0,4,1,5,1,1599102000,6490,1,77,59,34,0,0,2,1,2,3,4,2,5,6,1,0,0,0,1,0,1,62,32,127,93,2.4,0.89,3.28,0,0,0,0,0,0,1,1,0,0,1,1,0,0,-1,-1,-1,-1,-1,-1,-1,-1,-1,54,71,71,89,94,60,82,89,78,13.63,3.47,3.44,4.43,/clubs/los-angeles-fc-6490,teams/usa-los-angeles-fc.png,Los Angeles FC,/clubs/san-jose-earthquakes-15,teams/usa-san-jose-earthquakes.png,SJ Earthquakes,1.44,1.31,1.44,1.38,1.44,1.38,47,29,29,12,7,72,72,47,1.93,1.78,3.71,/usa/san-jose-earthquakes-vs-los-angeles-fc-h2h-stats#1041199,4473,25,True,True,True,True,True,True,True,"['21', '49', '64', '69', '83']",['90+2']
MLS,2020,4473,1041200,20,10,2020,complete,57712,0,-1,"['67', '90+2']","['15', '50', '71']",2,3,5,8,9,17,3,1,2,1,0,0,4,7,12,7,16,14,10,16,58,42,13893.0,7206,1715,,,2,1,2.15,3.85,3.0,1.01,1.12,1.43,2.1,3.45,16.0,5.85,2.75,1.71,1.29,1.4,2.8,4.0,1.22,5.5,1.14,1.33,1.2,1.67,2.5,2.4,3.4,2.3,2.8,3.1,0,0,1.17,1.33,1.52,1.94,2.53,4.5,3.1,2.54,1.89,1.52,1.82,7.4,2.43,1.73,14.0,2.1,4.5,7.5,1.25,2.2,5.0,13.0,3.75,1.62,1.17,1.04,1.11,1.6,2.8,5.8,5.8,2.25,1.4,1.12,0,0,0,0,5,0,1,2,2,4,1,1599100200,10,1,77,31,29,0,0,2,1,3,7,5,2,10,7,1,0,1,1,1,2,1,42,42,114,96,1.6,1.68,3.28,0,0,0,0,0,0,1,1,0,0,0,4,0,0,-1,-1,-1,-1,-1,-1,-1,-1,-1,19,33,63,89,100,33,68,96,58,9.32,2.43,4.04,3.37,/clubs/portland-timbers-20,teams/usa-portland-timbers.png,Portland Timbers,/clubs/la-galaxy-10,teams/usa-la-galaxy.png,LA Galaxy,1.79,1.0,1.91,1.14,1.91,1.14,81,68,38,12,0,49,35,24,1.41,1.48,2.89,/usa/la-galaxy-vs-portland-timbers-h2h-stats#1041200,4473,22,True,True,True,True,True,False,True,"['67', '90+2']","['15', '50', '71']"
MLS,2020,4473,1041201,10,6490,2020,complete,57712,0,-1,"['52', '73', '83']",[],3,0,3,4,5,9,1,4,1,1,0,1,5,6,3,10,8,16,6,6,42,58,3.0,1715,211,,,1,3,3.6,4.65,1.77,1.0,1.06,1.25,1.67,2.5,20.5,8.0,3.75,2.15,1.51,1.29,3.3,0.0,0.0,0.0,0.0,1.84,1.24,1.36,3.4,2.7,2.4,3.2,3.1,2.2,0,0,1.19,1.36,1.6,2.0,2.5,4.2,2.9,2.2,1.76,1.46,2.23,8.0,1.82,2.3,23.0,1.57,10.0,5.0,1.17,1.8,3.5,7.25,4.4,1.91,1.26,1.06,1.08,1.45,2.35,4.4,6.5,2.55,1.53,1.17,0,0,0,0,3,0,0,3,0,3,0,1599445800,10,1,78,13,75,0,0,2,1,1,3,3,2,4,5,1,1,0,1,2,1,1,39,52,113,127,1.15,1.81,2.97,0,0,0,0,0,0,1,1,0,0,1,1,0,0,-1,-1,-1,-1,-1,-1,-1,-1,-1,44,54,60,89,100,38,83,95,60,11.63,3.58,3.15,3.95,/clubs/la-galaxy-10,teams/usa-la-galaxy.png,LA Galaxy,/clubs/los-angeles-fc-6490,teams/usa-los-angeles-fc.png,Los Angeles FC,1.0,1.44,1.38,1.6,1.38,1.6,57,47,40,12,0,55,55,44,1.5,1.98,3.48,/usa/la-galaxy-vs-los-angeles-fc-h2h-stats#1041201,4473,22,True,True,True,False,False,False,False,"['52', '73', '83']",[]
MLS,2020,4473,1041202,6,8,2020,complete,57712,0,-1,"['59', '85']",['30'],2,1,3,4,7,11,5,1,1,0,0,0,5,1,3,9,8,10,9,12,56,44,13841.0,28051,18,,,1,0,2.5,3.7,2.55,1.01,1.17,1.57,2.45,4.3,13.25,4.75,2.35,1.53,1.2,1.5,2.45,3.75,1.25,4.5,1.18,1.55,1.32,1.53,3.15,2.48,3.08,2.75,2.7,2.75,0,0,1.25,1.46,1.8,2.32,3.14,3.86,2.72,2.01,1.61,1.35,2.14,7.1,2.05,1.91,14.0,1.91,5.5,5.5,1.26,2.41,5.8,16.0,3.7,1.61,1.12,1.01,1.15,1.78,3.6,8.0,5.1,1.95,1.26,1.07,0,0,0,0,3,0,1,2,0,2,1,1599350400,6,1,68,30,10,0,0,2,1,0,5,4,2,5,6,0,0,1,0,0,1,1,33,56,114,119,1.11,1.12,2.23,0,0,0,0,0,0,1,1,0,0,0,1,0,0,-1,-1,-1,-1,-1,-1,-1,-1,-1,22,42,64,90,90,47,85,81,54,10.55,3.02,4.5,3.33,/clubs/houston-dynamo-6,teams/usa-houston-dynamo.png,Houston Dynamo,/clubs/sporting-kansas-city-8,teams/usa-sporting-kansas-city.png,Sporting KC,0.91,1.64,1.25,1.64,1.25,1.64,79,59,37,11,11,53,48,48,1.66,1.78,3.44,/usa/houston-dynamo-vs-sporting-kansas-city-h2h-stats#1041202,4473,23,True,True,True,False,False,False,True,"['59', '85']",['30']
MLS,2020,4473,1041203,15,12,2020,complete,57712,0,-1,['59'],['81'],1,1,2,8,8,16,0,2,4,3,0,0,2,6,12,9,14,15,12,12,54,46,39.0,1763,11434,,,4,3,2.05,3.75,3.2,1.01,1.14,1.49,2.2,3.75,14.75,5.35,2.55,1.62,1.25,1.44,2.6,0.0,0.0,5.0,1.16,1.38,1.3,1.76,2.63,2.25,3.5,2.38,2.84,3.34,0,0,1.14,1.28,1.51,1.83,2.38,5.5,3.6,2.56,1.98,1.58,1.62,8.6,2.76,1.73,13.0,2.2,4.5,7.0,1.26,2.21,4.9,11.0,3.84,1.66,1.18,1.03,1.16,1.77,3.32,6.5,5.35,2.05,1.33,1.1,0,0,0,0,2,0,0,1,1,2,0,1599359400,-1,1,82,25,84,0,0,2,1,2,3,5,5,5,10,2,1,2,2,3,4,1,44,44,107,119,1.35,1.69,3.04,1,0,1,0,0,0,1,1,0,0,0,1,1,0,-1,-1,-1,-1,-1,-1,-1,-1,-1,48,61,75,95,95,35,68,95,80,10.76,2.51,4.78,4.11,/clubs/san-jose-earthquakes-15,teams/usa-san-jose-earthquakes.png,SJ Earthquakes,/clubs/colorado-rapids-12,teams/usa-colorado-rapids.png,Colorado Rapids,1.31,1.47,1.22,1.14,1.22,1.14,52,40,26,6,6,66,45,28,1.68,1.45,3.13,/usa/colorado-rapids-vs-san-jose-earthquakes-h2h-stats#1041203,4473,19,True,True,False,False,False,False,True,['59'],['81']
MLS,2020,4473,1041204,13401,2,2020,complete,57712,0,-1,[],[],0,0,0,0,9,9,3,2,1,2,0,0,0,4,0,16,0,20,10,15,30,70,15.0,20,762,,,1,2,3.75,3.9,1.83,1.02,1.22,1.71,2.8,5.1,11.5,4.15,2.1,1.42,1.15,1.67,2.1,0.0,0.0,0.0,0.0,1.8,1.28,1.28,3.85,2.2,2.5,3.7,2.67,2.33,0,0,1.16,1.3,1.53,1.93,2.48,5.0,3.35,2.4,1.88,1.5,2.48,8.0,1.69,2.3,15.0,1.65,7.0,3.75,1.33,2.5,6.05,13.0,3.32,1.53,1.13,1.02,1.21,1.98,4.04,8.0,4.44,1.83,1.24,1.06,0,0,0,0,0,0,0,0,0,0,0,1599433200,-1,1,52,0,34,0,0,2,1,0,3,0,6,3,6,1,0,0,2,1,2,1,6,100,68,150,0.06,2.27,2.33,0,0,0,0,0,0,1,1,0,0,0,1,0,0,-1,-1,-1,-1,-1,-1,-1,-1,-1,6,29,46,56,95,30,46,89,46,10.47,4.15,4.83,2.31,/clubs/dc-united-13401,teams/usa-dc-united.png,DC United,/clubs/new-york-city-fc-2,teams/usa-new-york-city-fc.png,New York City,0.91,1.65,1.0,1.36,1.0,1.36,95,71,54,44,6,72,50,50,1.07,1.4,2.47,/usa/new-york-city-fc-vs-dc-united-h2h-stats#1041204,4473,23,False,False,False,False,False,False,False,[],[]
MLS,2020,4473,1041205,4,16,2020,complete,57712,0,-1,[],"['36', '68', '78']",0,3,3,2,3,5,2,2,0,0,0,0,0,5,8,4,8,9,11,10,54,46,13812.0,36880,12,,,0,0,1.95,3.7,3.5,1.02,1.22,1.71,2.8,5.1,11.5,4.15,2.1,1.42,1.15,1.62,2.2,0.0,0.0,0.0,0.0,1.36,1.29,1.64,2.7,2.25,3.65,2.52,2.65,3.34,0,0,1.16,1.3,1.55,1.98,2.5,4.9,3.3,2.38,1.83,1.49,1.46,8.5,2.98,1.73,12.0,2.2,4.2,6.5,1.33,2.5,6.05,13.0,3.32,1.53,1.13,1.02,1.21,1.98,4.04,8.0,4.44,1.83,1.24,1.06,0,0,0,0,3,0,1,0,2,2,1,1599433200,16,1,42,10,27,0,0,2,-1,1,2,1,1,3,2,0,0,0,0,0,0,1,73,35,179,76,1.06,1.18,2.24,0,0,0,0,0,0,1,1,0,0,1,0,-1,-1,-1,-1,-1,-1,-1,-1,-1,-1,-1,14,18,27,57,96,28,64,71,27,9.64,3.77,3.64,2.16,/clubs/new-york-red-bulls-4,teams/usa-new-york-red-bulls.png,New York RB,/clubs/philadelphia-union-16,teams/usa-philadelphia-union.png,Philadelphia Union,1.33,1.96,1.22,1.75,1.22,1.75,86,82,74,43,4,60,51,46,1.36,1.39,2.75,/usa/new-york-red-bulls-vs-philadelphia-union-h2h-stats#1041205,4473,24,True,True,True,False,False,False,False,[],"['36', '68', '78']"
MLS,2020,4473,1041206,7,11,2020,complete,57712,0,-1,['22'],"['3', '54']",1,2,3,5,3,8,2,4,0,1,0,0,6,3,11,5,17,8,5,7,62,38,12.0,2414,21032,,,0,1,2.35,3.45,2.9,1.02,1.21,1.67,2.7,4.9,12.0,4.25,2.15,1.43,1.16,1.56,2.3,0.0,0.0,0.0,0.0,1.42,1.3,1.54,2.85,2.25,3.4,2.58,2.64,2.91,0,0,1.2,1.38,1.67,2.12,2.85,4.25,2.88,2.12,1.66,1.38,1.62,8.5,2.59,1.84,15.0,2.0,4.5,6.0,1.32,2.44,5.35,12.0,3.1,1.49,1.12,1.03,1.21,1.96,4.04,7.5,4.44,1.84,1.24,1.07,0,0,0,0,3,1,1,0,1,1,2,1599435000,11,1,47,9,21,0,0,2,1,2,1,3,2,3,5,0,1,0,0,1,0,1,74,26,133,91,2.03,0.92,2.95,0,0,0,0,0,0,1,1,0,1,0,0,0,0,-1,-1,-1,-1,-1,-1,-1,-1,-1,0,6,38,75,85,26,42,80,44,12.47,3.37,2.98,2.02,/clubs/chicago-fire-7,teams/usa-chicago-fire.png,Chicago Fire,/clubs/new-england-revolution-11,teams/usa-new-england-revolution.png,New England Revolution,1.0,1.46,0.89,1.1,0.89,1.1,100,95,62,26,16,67,67,57,1.36,1.69,3.05,/usa/chicago-fire-vs-new-england-revolution-h2h-stats#1041206,4473,23,True,True,True,False,False,False,True,['22'],"['3', '54']"
MLS,2020,4473,1041207,9,8043,2020,complete,57712,0,-1,"['52', '64', '71']",[],3,0,3,6,1,7,1,0,1,3,0,0,5,0,12,7,17,7,13,17,58,42,5016.0,13,409,,,1,3,1.49,4.0,7.0,1.05,1.32,2.0,3.55,6.95,9.0,3.25,1.77,1.27,1.09,2.1,1.67,0.0,0.0,0.0,0.0,1.12,1.22,2.59,1.95,2.3,6.5,1.85,2.74,6.0,0,0,1.29,1.53,1.95,2.55,3.5,3.4,2.4,1.85,1.48,1.27,1.21,12.0,4.7,1.36,13.0,3.3,2.5,12.0,1.38,2.72,6.85,13.0,3.04,1.46,1.1,1.02,1.25,2.14,4.64,10.0,3.94,1.71,1.19,1.04,0,0,0,0,3,0,0,3,0,3,0,1599435000,9,1,25,0,30,0,1500,2,1,2,1,4,0,3,4,0,1,1,2,1,3,1,59,26,148,71,1.86,0.64,2.5,0,0,0,0,0,0,1,1,0,0,0,1,0,0,-1,-1,-1,-1,-1,-1,-1,-1,-1,5,15,30,55,80,20,55,75,30,7.3,3.5,3.8,1.85,/clubs/columbus-crew-9,teams/usa-columbus-crew.png,Columbus Crew,/clubs/fc-cincinnati-8043,teams/usa-fc-cincinnati.png,FC Cincinnati,1.93,0.71,2.1,1.0,2.1,1.0,95,85,70,45,20,60,50,35,1.28,0.96,2.24,/usa/columbus-crew-vs-fc-cincinnati-h2h-stats#1041207,4473,24,True,True,True,False,False,False,False,"['52', '64', '71']",[]
MLS,2020,4473,1041208,17,1016,2020,complete,57712,0,-1,['45+1'],['90+2'],1,1,2,2,4,6,4,2,1,4,0,0,3,7,12,2,15,9,15,12,44,56,13864.0,21031,13004,,,1,4,1.61,4.3,4.85,1.02,1.2,1.65,2.65,4.75,12.25,4.35,2.2,1.45,1.17,1.69,2.05,2.5,1.5,6.0,1.12,1.24,1.28,2.13,2.25,2.35,4.55,1.99,2.73,4.15,0,0,1.16,1.32,1.59,1.96,2.59,4.94,3.32,2.36,1.84,1.5,1.57,8.3,2.96,1.54,15.25,2.55,4.2,6.5,1.32,2.45,5.45,18.0,3.12,1.49,1.12,1.01,1.17,1.91,4.0,9.5,4.6,1.81,1.21,1.05,0,0,0,0,2,1,0,0,1,1,1,1599350400,-1,1,62,59,25,0,0,2,1,2,2,0,2,4,2,0,2,1,2,2,3,1,44,29,109,96,1.48,1.28,2.76,0,0,0,0,0,0,1,1,0,0,0,1,0,0,-1,-1,-1,-1,-1,-1,-1,-1,-1,4,26,50,68,90,36,65,71,44,9.25,3.09,4.81,2.37,/clubs/orlando-city-sc-17,teams/usa-orlando-city-sc.png,Orlando City,/clubs/atlanta-united-fc-1016,teams/usa-atlanta-united-fc.png,Atlanta United FC,1.69,0.96,1.69,1.25,1.69,1.25,96,75,51,33,11,66,40,40,1.35,1.06,2.41,/usa/orlando-city-sc-vs-atlanta-united-fc-h2h-stats#1041208,4473,23,True,True,False,False,False,False,True,['45+1'],['90+2']
MLS,2020,4473,1041209,1015,14,2020,complete,57712,0,-1,"['53', '62', '75', '90']",[],4,0,4,2,3,5,1,2,1,1,0,0,5,4,8,5,13,9,16,21,51,49,42.0,5,26962,,,1,1,1.95,3.8,3.45,1.01,1.19,1.62,2.55,4.55,12.75,4.5,2.25,1.49,1.19,1.57,2.3,3.4,1.3,4.33,1.2,1.3,1.3,1.66,2.75,2.25,3.6,2.35,2.55,3.4,0,0,1.22,1.42,1.72,2.23,3.0,4.0,2.75,2.0,1.61,1.35,1.69,8.0,2.48,1.72,13.0,2.25,3.75,7.0,1.33,2.62,6.5,19.0,3.25,1.44,1.11,1.02,1.2,1.95,3.8,8.0,4.1,1.75,1.22,1.05,0,0,0,0,4,0,0,4,0,4,0,1599436800,1015,1,69,75,25,0,0,2,1,0,2,2,1,2,3,0,0,1,1,0,2,1,33,55,124,128,1.42,1.26,2.69,0,0,0,0,0,0,1,1,0,0,0,1,0,0,-1,-1,-1,-1,-1,-1,-1,-1,-1,26,50,63,85,85,39,80,85,54,11.08,2.09,4.62,3.44,/clubs/minnesota-united-fc-1015,teams/usa-minnesota-united-fc.png,Minnesota United,/clubs/real-salt-lake-14,teams/usa-real-salt-lake.png,Real Salt Lake,1.63,0.96,1.36,1.22,1.36,1.22,75,51,37,16,16,65,45,29,1.58,1.45,3.03,/usa/real-salt-lake-vs-minnesota-united-fc-h2h-stats#1041209,4473,23,True,True,True,True,False,False,False,"['53', '62', '75', '90']",[]
MLS,2020,4473,1041210,677446,677447,2020,complete,57712,0,-1,[],[],0,0,0,2,6,8,2,4,1,2,0,0,5,6,8,11,13,17,1,3,54,46,20.0,3134,24795,,,1,2,1.91,3.45,4.0,1.07,1.41,2.25,4.25,8.25,7.75,2.85,1.61,1.21,1.06,2.05,1.71,2.5,1.5,3.75,1.25,1.3,1.25,1.72,2.7,2.05,3.9,2.4,2.35,3.7,0,0,1.2,1.38,1.66,2.0,2.85,4.3,2.9,2.12,1.72,1.4,1.63,8.0,1.84,1.72,7.5,2.35,3.4,6.0,1.42,2.95,7.25,18.0,2.65,1.35,1.06,1.01,1.28,2.25,5.0,10.0,3.4,1.57,1.14,1.02,0,0,0,0,0,0,0,0,0,0,0,1599443100,-1,1,44,35,25,0,0,2,1,0,2,2,4,2,6,0,1,1,1,1,2,1,56,30,118,76,1.58,1.71,3.29,0,0,0,0,0,0,1,1,0,0,0,0,0,0,-1,-1,-1,-1,-1,-1,-1,-1,-1,7,13,38,50,88,25,57,69,26,9.0,2.63,4.76,1.94,/clubs/club-internacional-de-futbol-miami-677446,teams/usa-club-internacional-de-futbol-miami.png,Inter Miami,/clubs/nashville-sc-mls-677447,teams/usa-nashville-sc-mls.png,Nashville SC,1.0,1.46,0.5,1.0,0.5,1.0,94,88,63,50,13,57,13,13,1.31,1.36,2.67,/usa/club-internacional-de-futbol-miami-vs-nashville-sc-mls-h2h-stats#1041210,4473,24,False,False,False,False,False,False,False,[],[]
MLS,2020,4473,1041211,18,20,2020,complete,57712,0,-1,['41'],"['9', '83']",1,2,3,9,5,14,2,1,2,4,0,0,3,4,11,6,14,10,17,19,65,35,31.0,25,7206,,,2,4,1.83,3.9,3.85,1.01,1.15,1.51,2.3,4.0,14.0,5.1,2.45,1.59,1.23,1.5,2.45,0.0,0.0,0.0,0.0,1.3,1.29,1.84,2.5,2.38,3.75,2.2,2.75,3.4,0,0,1.12,1.24,1.43,1.74,2.2,5.8,3.85,2.7,2.02,1.62,1.69,8.5,2.42,1.57,15.0,2.37,4.0,7.0,1.3,2.38,6.0,17.0,3.4,1.53,1.12,1.02,1.17,1.83,3.5,7.25,4.4,1.87,1.26,1.06,0,0,0,0,3,1,1,0,1,1,2,1599444000,20,1,75,25,50,0,0,2,1,4,0,5,5,4,10,1,0,1,4,1,5,1,68,33,131,92,1.59,1.16,2.75,0,0,0,0,0,0,1,1,0,1,0,0,0,0,-1,-1,-1,-1,-1,-1,-1,-1,-1,14,38,81,91,95,28,62,91,71,9.83,3.5,3.61,3.29,/clubs/seattle-sounders-fc-18,teams/usa-seattle-sounders-fc.png,Seattle Sounders,/clubs/portland-timbers-20,teams/usa-portland-timbers.png,Portland Timbers,1.78,1.79,1.67,1.75,1.67,1.75,86,63,20,10,6,68,56,41,1.33,1.43,2.76,/usa/seattle-sounders-fc-vs-portland-timbers-h2h-stats#1041211,4473,27,True,True,True,False,False,False,True,['41'],"['9', '83']"
MLS,2020,4473,1041212,1015,13,2020,complete,57712,0,-1,"['11', '28', '70']","['42', '77']",3,2,5,6,6,12,1,0,3,0,1,0,6,4,13,9,19,13,11,12,53,47,58.0,5,12956,,,5,0,1.77,4.0,4.1,1.01,1.18,1.59,2.45,4.35,13.25,4.7,2.3,1.51,1.2,1.57,2.3,0.0,0.0,0.0,0.0,1.33,1.3,1.67,2.75,2.3,3.9,2.36,2.58,3.37,0,0,1.16,1.33,1.6,1.85,2.65,4.6,3.1,2.2,1.95,1.42,1.55,8.0,2.84,1.73,12.75,2.22,3.9,6.0,1.36,2.79,5.85,13.0,3.19,1.46,1.1,1.02,1.2,2.1,4.5,9.5,4.0,1.67,1.17,1.04,0,0,0,0,5,2,1,1,1,2,3,1599696000,1015,1,59,50,0,0,-1,2,1,3,2,3,4,5,7,0,0,4,0,0,4,1,54,49,131,104,2.02,1.46,3.48,1,0,1,0,0,0,1,1,0,0,0,0,0,0,-1,-1,-1,-1,-1,-1,-1,-1,-1,9,44,56,75,82,40,52,75,55,9.47,2.08,3.24,2.72,/clubs/minnesota-united-fc-1015,teams/usa-minnesota-united-fc.png,Minnesota United,/clubs/fc-dallas-13,teams/usa-fc-dallas.png,FC Dallas,1.63,1.46,1.5,1.43,1.5,1.43,92,57,44,26,19,62,50,45,1.56,1.26,2.82,/usa/fc-dallas-vs-minnesota-united-fc-h2h-stats#1041212,4473,24,True,True,True,True,True,False,True,"['11', '28', '70']","['42', '77']"
MLS,2020,4473,1041213,12,6,2020,complete,57712,0,-1,['90+6'],['46'],1,1,2,12,4,16,1,3,3,0,0,0,1,1,19,6,20,7,9,6,65,35,24.0,11434,28051,,,3,0,2.3,3.5,2.9,1.01,1.19,1.62,2.55,4.55,12.75,4.5,2.25,1.49,1.19,1.51,2.4,0.0,0.0,0.0,0.0,1.32,1.3,1.7,2.8,2.45,3.5,2.39,2.76,3.03,0,0,1.22,1.44,1.75,2.3,3.2,3.8,2.6,1.95,1.55,1.3,1.69,8.0,2.48,1.75,18.5,2.06,4.6,6.5,1.28,2.39,4.82,11.0,3.35,1.6,1.15,1.03,1.14,1.67,3.24,7.5,5.0,2.1,1.29,1.06,0,0,0,0,2,0,0,1,1,2,0,1599699600,-1,1,78,33,45,0,-1,2,1,5,2,7,2,7,9,2,0,1,0,2,1,1,77,19,140,58,1.89,0.65,2.55,0,0,0,0,0,0,1,1,0,0,0,2,1,0,-1,-1,-1,-1,-1,-1,-1,-1,-1,24,36,65,95,95,23,70,95,71,8.0,3.16,5.33,3.29,/clubs/colorado-rapids-12,teams/usa-colorado-rapids.png,Colorado Rapids,/clubs/houston-dynamo-6,teams/usa-houston-dynamo.png,Houston Dynamo,1.47,0.91,1.13,1.44,1.13,1.44,77,65,36,6,6,53,35,35,1.48,1.6,3.08,/usa/houston-dynamo-vs-colorado-rapids-h2h-stats#1041213,4473,19,True,True,False,False,False,False,True,['90+6'],['46']
MLS,2020,4473,1041214,18,15,2020,complete,57712,0,-1,"['4', '12', '15', '20', '33', '48', '59']",['71'],7,1,8,2,6,8,1,0,0,1,0,0,12,3,5,6,17,9,7,10,56,44,3.0,25,1763,,,0,1,1.69,4.05,4.4,1.01,1.14,1.49,2.2,3.75,14.75,5.35,2.55,1.62,1.25,1.5,2.45,0.0,0.0,0.0,0.0,1.16,1.21,2.32,2.22,2.5,5.1,1.88,2.8,4.5,0,0,1.12,1.26,1.48,1.83,2.35,5.25,3.5,2.5,1.87,1.53,1.69,8.0,2.48,1.48,16.5,2.68,3.3,8.5,1.34,2.52,5.15,12.0,3.34,1.55,1.13,1.03,1.17,1.91,3.74,9.5,4.5,1.8,1.22,1.04,0,0,0,0,8,5,0,2,1,3,5,1599789600,18,1,75,27,52,0,-1,2,1,2,3,0,3,5,3,0,1,0,0,1,0,1,27,32,107,91,2.12,1.02,3.13,0,1,0,1,0,0,1,1,1,0,0,0,0,0,-1,-1,-1,-1,-1,-1,-1,-1,-1,35,50,75,90,90,40,65,90,75,13.1,3.4,3.5,3.75,/clubs/seattle-sounders-fc-18,teams/usa-seattle-sounders-fc.png,Seattle Sounders,/clubs/san-jose-earthquakes-15,teams/usa-san-jose-earthquakes.png,SJ Earthquakes,1.78,1.31,1.5,1.2,1.5,1.2,65,50,25,10,10,85,85,60,1.35,1.65,3.0,/usa/san-jose-earthquakes-vs-seattle-sounders-fc-h2h-stats#1041214,4473,26,True,True,True,True,True,True,True,"['4', '12', '15', '20', '33', '48', '59']",['71']
MLS,2020,4473,1041215,13401,4,2020,complete,57712,0,-1,[],"['29', '60']",0,2,2,6,4,10,0,1,0,2,0,0,5,5,2,4,7,9,6,11,62,38,42.0,20,36880,,,0,2,3.75,3.5,1.95,1.04,1.3,1.95,3.4,6.6,9.5,3.4,1.8,1.29,1.1,1.8,1.91,4.1,1.2,0.0,0.0,1.55,1.31,1.4,3.32,2.18,2.86,2.98,2.59,2.57,0,0,1.12,1.26,1.48,1.93,2.35,5.25,3.5,2.5,1.88,1.53,2.26,7.6,1.92,2.04,13.5,1.84,5.75,4.0,1.35,2.74,5.75,13.0,3.25,1.47,1.1,1.02,1.22,1.91,3.74,8.0,4.0,1.8,1.25,1.06,0,0,0,0,2,0,1,0,1,1,1,1599951600,4,1,45,9,20,0,0,2,1,4,1,2,3,5,5,0,1,0,1,1,1,1,54,41,152,105,1.21,1.23,2.43,0,0,0,0,0,0,1,1,0,0,0,1,0,0,-1,-1,-1,-1,-1,-1,-1,-1,-1,10,15,35,60,90,25,65,70,35,9.0,3.9,3.5,2.1,/clubs/dc-united-13401,teams/usa-dc-united.png,DC United,/clubs/new-york-red-bulls-4,teams/usa-new-york-red-bulls.png,New York RB,0.91,1.33,1.0,1.1,1.0,1.1,90,85,65,40,10,65,40,35,0.97,1.33,2.3,/usa/new-york-red-bulls-vs-dc-united-h2h-stats#1041215,4473,23,True,True,False,False,False,False,False,[],"['29', '60']"
MLS,2020,4473,1041216,2,8043,2020,complete,57712,0,-1,"['39', '55']",['74'],2,1,3,6,2,8,6,4,2,2,0,0,5,5,7,5,12,10,16,13,54,46,69.0,762,409,,,2,2,1.36,4.85,7.75,1.02,1.22,1.71,2.8,5.1,11.5,4.15,2.1,1.42,1.15,1.95,1.77,2.0,1.74,0.0,0.0,1.13,1.21,2.55,1.93,2.4,5.7,1.74,2.87,5.35,0,0,1.2,1.4,1.7,2.2,3.0,4.0,2.75,2.05,1.6,1.34,1.31,9.7,4.34,1.4,16.5,3.0,2.6,12.0,1.3,2.37,5.2,11.0,3.23,1.52,1.13,1.03,1.22,1.91,3.74,7.5,4.0,1.8,1.25,1.07,0,0,0,0,3,1,0,1,1,2,1,1599951600,2,1,30,30,25,0,0,2,1,4,0,2,2,4,4,0,0,2,2,0,4,1,61,20,156,69,1.57,1.13,2.7,0,0,0,0,0,0,1,1,0,0,1,0,0,0,-1,-1,-1,-1,-1,-1,-1,-1,-1,5,26,39,53,83,26,39,83,39,8.35,3.38,4.43,2.05,/clubs/new-york-city-fc-2,teams/usa-new-york-city-fc.png,New York City,/clubs/fc-cincinnati-8043,teams/usa-fc-cincinnati.png,FC Cincinnati,1.65,0.71,1.33,0.91,1.33,0.91,96,75,61,47,18,52,39,30,1.47,0.93,2.4,/usa/new-york-city-fc-vs-fc-cincinnati-h2h-stats#1041216,4473,24,True,True,True,False,False,False,True,"['39', '55']",['74']
MLS,2020,4473,1041217,7,9,2020,complete,57712,0,-1,"['11', '14']","['68', '88']",2,2,4,2,12,14,1,0,5,2,0,0,3,5,10,13,13,18,15,10,43,57,13889.0,2414,13,,,5,2,2.95,3.4,2.3,1.04,1.28,1.91,3.25,6.25,9.75,3.5,1.87,1.32,1.11,1.71,2.05,3.35,1.29,0.0,0.0,1.46,1.3,1.5,2.99,2.21,3.1,2.69,2.62,2.8,0,0,1.25,1.45,1.95,2.4,3.3,3.6,2.55,1.85,1.5,1.28,1.75,7.0,2.48,1.9,14.25,1.95,4.75,5.0,1.33,2.5,5.55,13.0,3.02,1.47,1.11,1.02,1.22,1.91,3.74,8.0,4.0,1.8,1.25,1.06,0,0,0,0,4,2,0,0,2,2,2,1599939000,-1,1,34,10,10,0,0,2,1,0,4,2,8,4,10,2,1,3,1,3,4,1,39,63,82,91,1.31,1.93,3.25,0,0,0,0,0,0,1,1,0,0,0,0,0,0,-1,-1,-1,-1,-1,-1,-1,-1,-1,0,10,44,73,91,20,53,86,44,10.69,3.43,3.24,2.16,/clubs/chicago-fire-7,teams/usa-chicago-fire.png,Chicago Fire,/clubs/columbus-crew-9,teams/usa-columbus-crew.png,Columbus Crew,1.0,1.93,0.8,2.18,0.8,2.18,100,91,57,28,10,52,52,43,1.42,1.33,2.75,/usa/chicago-fire-vs-columbus-crew-h2h-stats#1041217,4473,23,True,True,True,True,False,False,True,"['11', '14']","['68', '88']"
MLS,2020,4473,1041218,17,677446,2020,complete,57712,0,-1,"['34', '69']",['65'],2,1,3,5,7,12,2,5,2,4,0,0,3,3,4,6,7,9,20,14,54,46,31.0,21031,3134,,,2,4,1.87,3.6,3.9,1.04,1.28,1.87,3.25,6.15,10.0,3.55,1.87,1.33,1.11,1.74,2.0,2.95,1.42,0.0,0.0,1.22,1.22,1.83,2.6,2.36,4.22,2.12,2.62,3.72,0,0,1.15,1.3,1.57,1.95,2.6,4.75,3.2,2.25,1.75,1.44,1.59,7.8,2.95,1.64,13.75,2.35,3.3,7.0,1.35,2.72,5.5,12.0,3.28,1.48,1.13,1.03,1.22,1.91,4.0,8.0,4.0,1.8,1.22,1.06,0,0,0,0,3,1,0,1,1,2,1,1599953400,17,1,68,16,30,0,0,2,1,4,2,1,5,6,6,1,2,1,2,3,3,1,26,50,88,103,0.85,1.15,2.0,0,0,0,0,0,0,1,1,0,0,0,0,0,0,-1,-1,-1,-1,-1,-1,-1,-1,-1,9,23,54,68,87,37,54,77,44,8.39,3.64,5.11,2.4,/clubs/orlando-city-sc-17,teams/usa-orlando-city-sc.png,Orlando City,/clubs/club-internacional-de-futbol-miami-677446,teams/usa-club-internacional-de-futbol-miami.png,Inter Miami,1.69,1.0,1.64,0.8,1.64,0.8,92,77,47,32,14,47,30,30,1.36,1.3,2.66,/usa/orlando-city-sc-vs-club-internacional-de-futbol-miami-h2h-stats#1041218,4473,24,True,True,True,False,False,False,True,"['34', '69']",['65']
MLS,2020,4473,1041219,16,11,2020,complete,57712,0,-1,"['73', '90+5']",['81'],2,1,3,5,3,8,1,1,5,1,0,1,5,2,5,6,10,8,16,8,55,45,5016.0,12,21032,,,5,2,2.25,3.5,3.0,1.02,1.2,1.67,2.7,4.85,12.0,4.3,2.15,1.44,1.17,1.56,2.3,3.4,1.28,0.0,0.0,1.32,1.31,1.69,2.72,2.38,3.87,2.32,2.6,3.3,0,0,1.12,1.26,1.48,1.88,2.35,5.25,3.5,2.5,1.93,1.53,1.67,8.2,2.67,1.71,14.5,2.19,4.0,6.5,1.37,2.63,5.5,12.0,3.0,1.51,1.13,1.03,1.22,1.91,3.74,8.0,4.0,1.8,1.25,1.06,0,0,0,0,3,0,0,2,1,3,0,1599953400,16,1,51,29,29,0,0,2,1,3,0,2,3,3,5,2,1,3,1,3,4,1,46,42,103,126,1.32,0.97,2.29,0,0,0,0,0,0,1,1,0,0,1,0,0,1,-1,-1,-1,-1,-1,-1,-1,-1,-1,8,12,37,63,87,34,50,75,32,10.76,4.22,3.41,2.1,/clubs/philadelphia-union-16,teams/usa-philadelphia-union.png,Philadelphia Union,/clubs/new-england-revolution-11,teams/usa-new-england-revolution.png,New England Revolution,1.96,1.46,1.85,1.27,1.85,1.27,93,89,64,37,13,76,68,64,1.38,1.62,3.0,/usa/new-england-revolution-vs-philadelphia-union-h2h-stats#1041219,4473,27,True,True,True,False,False,False,True,"['73', '90+5']",['81']
MLS,2020,4473,1041220,677447,1016,2020,complete,57712,0,-1,"['1', '29', '36', '57']","['19', '61']",4,2,6,3,3,6,1,1,0,1,0,0,6,3,3,9,9,12,14,15,36,64,7.0,24795,13004,,,0,1,2.1,3.4,3.4,1.05,1.36,2.1,3.85,7.5,8.5,3.05,1.69,1.24,1.07,1.91,1.83,2.7,1.42,0.0,0.0,1.37,1.32,1.57,3.03,2.23,3.72,2.56,2.5,3.13,0,0,1.25,1.48,1.95,2.4,3.3,3.6,2.5,1.85,1.5,1.28,1.67,7.7,2.72,1.83,11.25,2.12,3.9,5.2,1.41,3.01,6.4,26.0,2.99,1.4,1.08,1.01,1.22,2.0,4.2,11.0,4.0,1.73,1.2,1.05,0,0,0,0,6,3,1,1,1,2,4,1599957000,677447,1,42,50,0,0,0,2,1,1,1,2,2,2,4,0,0,0,1,0,1,1,30,43,74,151,1.21,1.3,2.51,0,0,0,0,0,0,1,1,1,0,1,1,0,0,-1,-1,-1,-1,-1,-1,-1,-1,-1,0,11,31,52,84,26,68,53,16,9.01,2.5,4.27,1.78,/clubs/nashville-sc-mls-677447,teams/usa-nashville-sc-mls.png,Nashville SC,/clubs/atlanta-united-fc-1016,teams/usa-atlanta-united-fc.png,Atlanta United FC,1.46,0.96,1.0,1.1,1.0,1.1,100,90,69,48,16,59,16,16,1.4,1.11,2.51,/usa/atlanta-united-fc-vs-nashville-sc-mls-h2h-stats#1041220,4473,23,True,True,True,True,True,True,True,"['1', '29', '36', '57']","['19', '61']"
MLS,2020,4473,1041221,14,12,2020,complete,57712,0,-1,[],"['3', '10', '49', '55', '88']",0,5,5,2,7,9,2,0,1,1,1,0,1,8,2,5,3,13,13,13,43,57,13851.0,26962,11434,,,3,1,2.05,3.6,3.3,1.02,1.22,1.71,2.8,5.1,11.5,4.15,2.1,1.42,1.15,1.61,2.2,3.35,1.29,0.0,0.0,1.28,1.25,1.67,2.77,2.25,3.76,2.39,2.6,3.4,0,0,1.25,1.48,1.88,2.4,3.3,3.6,2.5,1.93,1.5,1.28,1.67,7.7,2.72,1.73,12.0,2.25,3.8,6.5,1.33,2.63,6.5,19.0,3.24,1.45,1.11,1.02,1.2,1.91,4.0,10.0,4.32,1.8,1.22,1.06,0,0,0,0,5,0,2,0,3,3,2,1599960600,12,1,67,0,46,0,4484,2,1,0,4,2,3,4,5,0,0,2,1,0,3,1,39,30,93,102,0.56,1.61,2.16,0,0,0,0,0,0,1,1,0,2,0,1,0,0,-1,-1,-1,-1,-1,-1,-1,-1,-1,25,39,56,91,91,15,59,91,67,9.8,2.42,5.82,3.24,/clubs/real-salt-lake-14,teams/usa-real-salt-lake.png,Real Salt Lake,/clubs/colorado-rapids-12,teams/usa-colorado-rapids.png,Colorado Rapids,0.96,1.47,1.27,1.11,1.27,1.11,76,61,45,9,9,56,34,25,1.44,1.53,2.97,/usa/colorado-rapids-vs-real-salt-lake-h2h-stats#1041221,4473,19,True,True,True,True,True,False,False,[],"['3', '10', '49', '55', '88']"
MLS,2020,4473,1041222,8,1015,2020,complete,57712,0,-1,['80'],[],1,0,1,9,2,11,1,1,3,1,0,0,7,0,9,4,16,4,9,11,60,40,39.0,18,5,,,3,1,1.62,4.35,4.65,1.01,1.14,1.48,2.2,3.7,15.0,5.4,2.6,1.65,1.26,1.51,2.4,2.9,1.37,0.0,0.0,1.18,1.22,2.1,2.2,2.4,4.5,1.97,2.75,3.96,0,0,1.2,1.4,1.7,2.2,3.0,4.0,2.75,2.05,1.6,1.34,1.38,8.5,3.8,1.5,13.0,2.55,3.3,9.0,1.28,2.3,4.97,15.0,3.33,1.55,1.14,1.03,1.17,1.73,3.5,8.0,5.0,2.0,1.29,1.08,0,0,0,0,1,0,0,1,0,1,0,1600043400,8,1,76,27,42,0,0,2,1,4,0,5,2,4,7,0,0,3,1,0,4,1,57,18,156,79,1.93,0.4,2.33,0,0,0,0,0,0,1,1,0,0,1,0,0,0,-1,-1,-1,-1,-1,-1,-1,-1,-1,20,52,76,92,92,52,80,84,60,11.96,2.66,3.75,3.47,/clubs/sporting-kansas-city-8,teams/usa-sporting-kansas-city.png,Sporting KC,/clubs/minnesota-united-fc-1015,teams/usa-minnesota-united-fc.png,Minnesota United,1.64,1.63,1.5,1.62,1.5,1.62,80,48,24,8,8,64,48,44,1.72,1.6,3.32,/usa/sporting-kansas-city-vs-minnesota-united-fc-h2h-stats#1041222,4473,25,True,False,False,False,False,False,False,['80'],[]
MLS,2020,4473,1041223,6490,20,2020,complete,57712,0,-1,"['37', '41', '45+1', '90+5']","['25', '45+2']",4,2,6,7,2,9,3,1,1,1,0,0,6,5,5,4,11,9,17,8,55,45,57.0,211,7206,,,1,1,1.43,5.25,5.75,1.0,1.08,1.3,1.8,2.75,19.0,7.25,3.35,2.0,1.43,1.43,2.65,3.05,1.33,0.0,0.0,1.18,1.2,2.33,2.05,2.81,4.96,1.86,3.0,4.26,0,0,1.14,1.28,1.5,1.98,2.45,5.0,3.4,2.4,1.83,1.48,1.27,9.0,4.75,1.46,28.0,2.56,3.4,13.0,1.22,2.07,4.32,11.0,4.0,1.8,1.2,1.05,1.11,1.57,2.75,6.0,6.5,2.25,1.4,1.13,0,0,0,0,6,3,2,1,0,1,5,1600052400,6490,1,76,59,35,0,-1,2,1,3,0,4,2,3,6,0,0,1,1,0,2,1,55,33,109,124,1.52,1.18,2.7,0,0,0,0,0,0,1,1,0,0,2,0,0,0,-1,-1,-1,-1,-1,-1,-1,-1,-1,29,48,80,92,100,40,76,92,72,10.79,3.48,3.89,3.86,/clubs/los-angeles-fc-6490,teams/usa-los-angeles-fc.png,Los Angeles FC,/clubs/portland-timbers-20,teams/usa-portland-timbers.png,Portland Timbers,1.44,1.79,1.33,1.85,1.33,1.85,72,52,20,8,0,65,48,41,1.9,1.4,3.3,/usa/portland-timbers-vs-los-angeles-fc-h2h-stats#1041223,4473,25,True,True,True,True,True,True,True,"['37', '41', '45+1', '90+5']","['25', '45+2']"
MLS,2020,4473,1041224,15,10,2020,complete,57712,0,-1,[],[],0,0,0,6,8,14,2,2,1,2,0,0,2,2,5,7,7,9,9,13,56,44,13841.0,1763,1715,,,1,2,2.9,4.1,2.1,1.0,1.11,1.39,2.0,3.25,16.5,6.15,2.9,1.77,1.32,1.38,2.85,5.65,1.11,0.0,0.0,1.57,1.25,1.4,3.22,2.59,2.87,2.74,2.88,2.52,0,0,1.12,1.25,1.46,1.77,2.26,5.9,3.86,2.72,2.05,1.64,2.43,7.5,1.78,2.0,19.0,1.83,6.5,5.25,1.25,2.2,5.0,13.0,3.74,1.7,1.17,1.04,1.13,1.62,3.0,6.5,6.0,2.2,1.37,1.11,0,0,0,0,0,0,0,0,0,0,0,1600052400,-1,1,75,33,63,0,-1,2,1,4,5,2,3,9,5,1,1,0,1,2,1,1,55,49,109,115,0.99,1.08,2.07,0,0,0,0,0,0,1,1,0,0,0,0,1,0,-1,-1,-1,-1,-1,-1,-1,-1,-1,49,53,65,90,96,39,70,96,74,12.71,2.33,3.58,4.13,/clubs/san-jose-earthquakes-15,teams/usa-san-jose-earthquakes.png,SJ Earthquakes,/clubs/la-galaxy-10,teams/usa-la-galaxy.png,LA Galaxy,1.31,1.0,1.09,1.56,1.09,1.56,52,47,36,10,5,69,63,44,1.59,1.46,3.05,/usa/la-galaxy-vs-san-jose-earthquakes-h2h-stats#1041224,4473,22,False,False,False,False,False,False,False,[],[]
MLS,2020,4473,1041225,13,6,2020,complete,57712,0,-1,"['28', '61']",['41'],2,1,3,8,4,12,1,1,2,5,0,0,5,4,5,4,10,8,13,12,47,53,13893.0,12956,28051,,,2,5,2.35,3.55,2.85,1.01,1.18,1.61,2.55,4.45,12.75,4.55,2.25,1.5,1.19,1.51,2.4,3.1,1.33,0.0,0.0,1.28,1.32,1.7,2.76,2.27,4.12,2.42,2.6,3.58,0,0,1.2,1.4,1.7,2.2,3.0,4.1,2.75,2.05,1.6,1.34,1.74,7.5,2.58,1.71,11.75,2.28,3.85,5.2,1.38,2.7,6.15,15.0,2.82,1.41,1.09,1.02,1.29,2.1,4.32,9.0,3.5,1.67,1.2,1.05,0,0,0,0,3,1,1,1,0,1,2,1599957000,13,1,60,17,45,0,0,2,1,5,0,3,4,5,7,1,1,1,4,2,5,1,69,46,100,112,1.48,1.13,2.61,0,0,0,0,0,0,1,1,0,0,0,0,0,0,-1,-1,-1,-1,-1,-1,-1,-1,-1,17,34,49,77,83,34,59,77,60,8.38,2.78,3.48,2.73,/clubs/fc-dallas-13,teams/usa-fc-dallas.png,FC Dallas,/clubs/houston-dynamo-6,teams/usa-houston-dynamo.png,Houston Dynamo,1.46,0.91,1.25,1.4,1.25,1.4,84,67,52,24,18,62,62,62,1.29,1.51,2.8,/usa/houston-dynamo-vs-fc-dallas-h2h-stats#1041225,4473,23,True,True,True,False,False,False,True,"['28', '61']",['41']
MLS,2020,4473,1042165,19,5,2020,complete,57712,0,-1,"['27', '55', '83']",[],3,0,3,9,4,13,0,1,1,2,0,0,7,1,17,3,24,4,9,4,75,25,40.0,2,7207,,,1,2,1.34,5.55,7.25,1.01,1.12,1.43,2.1,3.45,16.0,5.85,2.75,1.71,1.29,1.67,2.1,2.37,1.53,13.0,1.04,1.08,1.14,3.4,1.66,2.87,7.0,1.53,3.3,6.5,0,0,1.22,1.41,1.72,2.1,2.7,3.8,2.7,2.0,1.65,1.4,1.25,9.0,5.1,1.25,23.0,3.75,2.3,23.0,1.22,1.95,4.0,8.5,3.9,1.75,1.2,1.04,1.1,1.57,2.7,5.25,5.75,2.25,1.4,1.12,0,0,0,0,3,1,0,2,0,2,1,1597795200,19,1,50,0,13,0,-1,2,1,6,1,3,3,7,6,0,1,1,1,1,2,1,95,17,159,65,2.69,0.46,3.15,0,0,0,0,0,0,1,1,0,0,0,0,0,0,-1,-1,-1,-1,-1,-1,-1,-1,-1,17,50,59,67,83,42,59,83,50,8.16,2.83,2.17,3.08,/clubs/toronto-fc-19,teams/canada-toronto-fc.png,Toronto,/clubs/vancouver-whitecaps-fc-5,teams/canada-vancouver-whitecaps-fc.png,Vancouver Whitecaps,1.76,1.17,1.5,1.17,1.5,1.17,83,50,42,33,17,75,59,50,1.55,0.93,2.48,/usa/vancouver-whitecaps-fc-vs-toronto-fc-h2h-stats#1042165,4473,24,True,True,True,False,False,False,False,"['27', '55', '83']",[]
MLS,2020,4473,1042166,19,5,2020,complete,57712,0,-1,['14'],[],1,0,1,5,3,8,5,1,3,1,0,0,7,1,11,6,18,7,16,9,67,33,44.0,2,7207,,,3,1,1.23,6.4,10.5,1.0,1.09,1.33,1.87,2.95,18.0,6.85,3.2,1.91,1.38,1.69,2.05,2.1,1.66,15.0,1.03,1.02,1.11,4.0,1.61,2.75,8.0,1.4,3.7,8.0,0,0,1.22,1.35,1.59,1.99,2.62,4.0,2.94,2.21,1.73,1.43,1.13,11.5,7.5,1.25,26.0,4.0,2.2,29.0,1.22,2.0,4.25,11.0,3.9,1.7,1.2,1.05,1.09,1.5,2.45,4.8,7.0,2.5,1.5,1.15,0,0,0,0,1,1,0,0,0,0,1,1598054400,19,1,43,0,10,0,-1,2,1,3,1,3,2,4,5,1,0,2,1,1,3,1,71,26,148,70,2.15,0.71,2.85,0,0,0,0,0,0,1,1,0,0,0,0,0,0,-1,-1,-1,-1,-1,-1,-1,-1,-1,14,43,64,71,86,36,64,86,57,8.86,2.58,2.29,3.08,/clubs/toronto-fc-19,teams/canada-toronto-fc.png,Toronto,/clubs/vancouver-whitecaps-fc-5,teams/canada-vancouver-whitecaps-fc.png,Vancouver Whitecaps,1.76,1.17,1.71,1.0,1.71,1.0,86,57,36,29,14,79,64,57,1.72,0.86,2.58,/usa/vancouver-whitecaps-fc-vs-toronto-fc-h2h-stats#1042166,4473,24,True,False,False,False,False,False,False,['14'],[]
MLS,2020,4473,1042167,1,5,2020,complete,57712,0,-1,"['18', '40']",[],2,0,2,6,2,8,0,3,1,1,0,0,4,2,5,6,9,8,19,8,44,56,36.0,12517,7207,,,1,1,1.67,3.7,5.25,1.02,1.22,1.71,2.8,5.1,11.5,4.15,2.1,1.42,1.15,1.69,2.1,2.62,1.44,5.5,1.14,1.19,1.26,2.12,2.26,2.42,5.11,2.04,2.75,4.56,0,0,1.28,1.5,1.83,2.34,3.1,3.3,2.42,1.83,1.53,1.32,1.22,9.5,5.5,1.51,14.75,2.65,3.0,9.0,1.36,2.64,6.05,12.0,3.35,1.53,1.13,1.03,1.21,1.99,4.04,8.0,4.44,1.82,1.24,1.06,0,0,0,0,2,2,0,0,0,0,2,1598400000,1,1,38,25,13,0,0,2,1,3,0,3,2,3,5,0,0,1,1,0,2,1,43,38,73,118,1.16,0.94,2.1,0,1,0,0,0,1,1,1,0,0,0,0,0,0,-1,-1,-1,-1,-1,-1,-1,-1,-1,15,29,50,57,94,36,57,79,36,8.33,2.58,2.08,2.73,/clubs/montreal-impact-1,teams/canada-montreal-impact.png,Montreal Impact,/clubs/vancouver-whitecaps-fc-5,teams/canada-vancouver-whitecaps-fc.png,Vancouver Whitecaps,1.04,1.17,1.17,0.88,1.17,0.88,86,71,50,44,7,65,57,57,1.02,0.84,1.86,/usa/montreal-impact-vs-vancouver-whitecaps-fc-h2h-stats#1042167,4473,24,True,True,False,False,False,False,False,"['18', '40']",[]
MLS,2020,4473,1042168,1,19,2020,complete,57712,0,-1,[],['50'],0,1,1,3,4,7,3,3,2,1,0,0,1,2,3,4,4,6,10,8,39,61,40.0,12517,2,,,2,1,3.95,4.05,1.77,1.02,1.2,1.65,2.65,4.75,12.25,4.35,2.2,1.45,1.17,1.65,2.15,5.0,1.17,3.0,1.36,1.84,1.28,1.27,4.04,2.37,2.62,3.74,2.68,2.31,0,0,1.27,1.48,1.82,2.3,3.0,3.4,2.47,1.92,1.55,1.34,3.1,7.5,1.54,2.33,15.25,1.63,7.0,3.75,1.36,2.63,6.0,12.0,3.33,1.53,1.13,1.03,1.21,1.97,4.04,8.0,4.44,1.83,1.24,1.06,0,0,0,0,1,0,0,0,1,1,0,1598659200,19,1,47,45,60,0,0,2,1,0,3,4,1,3,5,0,0,2,1,0,3,1,26,44,95,130,0.53,0.86,1.39,0,1,0,1,0,0,1,1,0,0,0,1,0,0,-1,-1,-1,-1,-1,-1,-1,-1,-1,14,40,53,60,94,34,66,73,46,11.18,2.89,2.11,2.86,/clubs/montreal-impact-1,teams/canada-montreal-impact.png,Montreal Impact,/clubs/toronto-fc-19,teams/canada-toronto-fc.png,Toronto,1.04,1.76,1.43,1.88,1.43,1.88,87,61,48,41,7,66,47,41,1.04,1.77,2.81,/usa/montreal-impact-vs-toronto-fc-h2h-stats#1042168,4473,25,True,False,False,False,False,False,False,[],['50']
MLS,2020,4473,1042169,19,1,2020,complete,57712,0,-1,[],['14'],0,1,1,9,7,16,2,4,1,5,0,0,4,3,14,8,18,11,4,15,62,38,36.0,2,12517,,,1,5,1.41,4.7,6.9,1.01,1.16,1.54,2.35,4.1,13.75,4.95,2.4,1.56,1.22,1.69,2.05,2.0,1.73,8.0,1.08,1.1,1.18,2.96,1.81,2.42,6.85,1.63,2.92,6.5,0,0,1.29,1.51,1.87,2.37,3.1,3.3,2.4,1.87,1.52,1.31,1.21,9.5,5.4,1.33,15.5,3.45,2.2,14.0,1.31,2.44,5.4,18.0,3.15,1.49,1.12,1.01,1.18,1.96,4.25,10.5,4.5,1.77,1.2,1.04,0,0,0,0,1,0,1,0,0,0,1,1599004800,1,1,41,0,34,0,0,2,1,6,4,3,3,10,6,0,1,1,4,1,5,1,79,34,145,77,1.99,1.15,3.15,0,0,0,0,0,0,1,1,0,0,2,0,0,0,-1,-1,-1,-1,-1,-1,-1,-1,-1,12,35,47,53,95,30,59,77,41,10.69,3.27,2.22,2.64,/clubs/toronto-fc-19,teams/canada-toronto-fc.png,Toronto,/clubs/montreal-impact-1,teams/canada-montreal-impact.png,Montreal Impact,1.76,1.04,2.0,1.25,2.0,1.25,89,66,54,47,6,59,41,36,1.67,0.98,2.65,/usa/montreal-impact-vs-toronto-fc-h2h-stats#1042169,4473,25,True,False,False,False,False,False,False,[],['14']
MLS,2020,4473,1042170,5,19,2020,complete,57712,0,-1,"['17', '57', '76']","['25', '71']",3,2,5,2,8,10,1,2,4,2,0,0,3,11,4,21,7,32,11,16,34,66,44.0,7207,2,,,4,2,4.75,3.95,1.67,1.02,1.19,1.62,2.6,4.6,12.5,4.45,2.25,1.48,1.18,1.62,2.15,7.0,1.1,2.5,1.5,2.23,1.26,1.19,4.7,2.4,2.15,4.4,2.75,1.96,0,0,1.2,1.39,1.69,2.14,2.88,4.4,2.95,2.17,1.71,1.42,3.66,9.2,1.4,3.1,13.0,1.4,11.0,2.7,1.24,2.35,6.0,16.0,3.45,1.48,1.12,1.01,1.16,1.84,3.8,9.0,4.9,1.88,1.23,1.06,0,0,0,0,5,1,1,2,1,3,2,1599355800,5,1,31,67,59,0,0,2,1,2,4,0,4,6,4,1,0,3,2,1,5,1,12,93,55,157,0.74,3.45,4.2,0,0,0,0,0,0,1,1,0,0,0,3,0,0,-1,-1,-1,-1,-1,-1,-1,-1,-1,11,31,47,59,90,32,69,69,42,8.79,3.34,2.42,2.58,/clubs/vancouver-whitecaps-fc-5,teams/canada-vancouver-whitecaps-fc.png,Vancouver Whitecaps,/clubs/toronto-fc-19,teams/canada-toronto-fc.png,Toronto,1.17,1.76,0.78,1.8,0.78,1.8,90,69,53,42,11,63,53,48,0.85,1.7,2.55,/usa/vancouver-whitecaps-fc-vs-toronto-fc-h2h-stats#1042170,4473,24,True,True,True,True,True,False,True,"['17', '57', '76']","['25', '71']"
MLS,2020,4473,1042171,1,19,2020,complete,57712,0,-1,['53'],"['32', '89']",1,2,3,4,8,12,5,2,0,0,0,0,4,10,2,5,6,15,10,6,47,53,40.0,12517,2,,,0,0,4.15,3.9,1.77,1.02,1.21,1.69,2.75,5.0,11.75,4.2,2.1,1.43,1.16,1.65,2.15,0.0,0.0,0.0,0.0,1.94,1.26,1.23,4.0,2.35,2.6,3.5,2.67,2.22,0,0,1.3,1.55,1.85,2.65,3.8,3.25,2.3,1.95,1.42,1.22,2.23,7.5,1.86,2.27,15.0,1.66,7.0,3.6,1.32,2.61,5.45,12.0,3.08,1.51,1.12,1.03,1.17,1.91,3.74,9.5,4.5,1.8,1.22,1.04,0,0,0,0,3,0,1,1,1,2,1,1599696000,19,1,39,42,46,0,-1,2,-1,2,6,2,2,8,4,0,0,0,0,0,0,1,48,58,111,106,1.02,2.07,3.09,0,0,0,0,0,0,1,1,0,0,1,1,-1,-1,-1,-1,-1,-1,-1,-1,-1,-1,-1,15,34,44,50,96,30,65,70,39,11.42,3.58,2.71,2.58,/clubs/montreal-impact-1,teams/canada-montreal-impact.png,Montreal Impact,/clubs/toronto-fc-19,teams/canada-toronto-fc.png,Toronto,1.04,1.76,1.44,1.64,1.44,1.64,86,67,56,51,5,65,50,40,1.0,1.86,2.86,/usa/montreal-impact-vs-toronto-fc-h2h-stats#1042171,4473,25,True,True,True,False,False,False,True,['53'],"['32', '89']"
MLS,2020,4473,1042172,5,1,2020,complete,57712,0,-1,"['7', '66']","['15', '45+1', '51', '60']",2,4,6,6,4,10,1,1,4,1,1,1,6,7,6,5,12,12,18,16,47,53,84.0,7207,12517,,,5,3,2.85,3.45,2.35,1.03,1.24,1.77,2.95,5.55,10.75,3.85,2.0,1.38,1.13,1.67,2.05,3.7,1.24,0.0,0.0,1.46,1.32,1.48,3.24,2.31,3.29,2.76,2.56,2.8,0,0,1.17,1.34,1.62,2.05,2.75,4.4,3.0,2.15,1.7,1.4,1.89,7.5,2.3,1.93,13.0,1.95,4.75,4.8,1.36,2.78,5.85,19.0,3.2,1.46,1.1,1.02,1.2,1.91,4.0,10.0,4.32,1.8,1.22,1.06,0,0,0,0,6,1,2,1,2,3,3,1600047000,1,1,35,50,50,0,0,2,1,2,2,4,2,4,6,1,0,4,2,1,6,1,34,51,74,127,1.42,1.63,3.05,0,1,0,1,0,0,1,1,1,0,0,1,0,0,-1,-1,-1,-1,-1,-1,-1,-1,-1,15,25,45,60,95,40,65,70,35,8.0,3.4,2.8,2.6,/clubs/vancouver-whitecaps-fc-5,teams/canada-vancouver-whitecaps-fc.png,Vancouver Whitecaps,/clubs/montreal-impact-1,teams/canada-montreal-impact.png,Montreal Impact,1.17,1.04,1.0,1.3,1.0,1.3,85,75,55,40,5,60,55,50,0.84,1.0,1.84,/usa/montreal-impact-vs-vancouver-whitecaps-fc-h2h-stats#1042172,4473,24,True,True,True,True,True,True,True,"['7', '66']","['15', '45+1', '51', '60']"
MLS,2020,4473,1042173,5,1,2020,complete,57712,0,-1,"['41', '44', '78']",['70'],3,1,4,3,3,6,3,2,1,1,0,1,5,4,7,7,12,11,8,13,51,49,36.0,7207,12517,,,1,3,3.4,3.65,2.0,1.02,1.21,1.67,2.7,4.9,12.0,4.25,2.15,1.43,1.16,1.61,2.2,3.5,1.26,0.0,0.0,1.5,1.26,1.45,3.45,2.23,2.9,2.8,2.5,2.7,0,0,1.23,1.42,1.7,2.14,2.75,3.8,2.65,2.03,1.63,1.39,2.26,7.6,1.92,1.95,10.25,1.91,4.35,4.15,1.38,2.85,7.0,15.5,2.8,1.38,1.07,1.02,1.19,2.0,4.25,10.5,4.35,1.74,1.19,1.04,0,0,0,0,4,2,0,1,1,2,2,1600306200,5,1,41,63,63,0,0,2,1,3,1,0,2,4,2,1,2,0,0,3,0,1,48,73,85,102,1.46,1.5,2.96,1,0,1,0,0,0,1,1,0,0,1,0,0,0,1,14,26,-1,-1,-1,-1,-1,-1,23,32,50,64,96,46,69,73,41,8.18,3.27,3.27,2.91,/clubs/vancouver-whitecaps-fc-5,teams/canada-vancouver-whitecaps-fc.png,Vancouver Whitecaps,/clubs/montreal-impact-1,teams/canada-montreal-impact.png,Montreal Impact,1.17,1.04,0.91,1.45,0.91,1.45,78,69,50,36,5,64,60,45,0.89,1.06,1.95,/usa/montreal-impact-vs-vancouver-whitecaps-fc-h2h-stats#1042173,4473,24,True,True,True,True,False,False,True,"['41', '44', '78']",['70']
MLS,2020,4473,1093326,11,2,2020,complete,57712,0,-1,[],[],0,0,0,5,3,8,5,1,0,6,0,0,6,4,9,3,15,7,16,20,53,47,13851.0,21032,762,,,0,6,2.7,3.55,2.4,1.02,1.21,1.67,2.7,4.9,12.0,4.25,2.15,1.43,1.16,1.57,2.3,3.85,1.22,0.0,0.0,1.51,1.3,1.45,3.1,2.4,3.27,2.75,2.63,2.9,0,0,1.14,1.27,1.48,1.85,2.35,5.4,3.55,2.55,1.95,1.55,1.79,7.5,2.43,1.85,14.0,1.95,5.0,5.0,1.32,2.57,5.2,17.0,3.1,1.53,1.12,1.01,1.17,1.8,3.6,7.5,4.5,1.9,1.25,1.07,0,0,0,0,0,0,0,0,0,0,0,1600547400,-1,1,48,13,7,0,0,2,1,1,1,4,2,2,6,0,1,0,5,1,5,1,59,48,128,94,1.8,1.08,2.88,0,0,0,0,0,0,1,1,0,0,0,0,0,0,-1,-1,-1,-1,-1,-1,-1,-1,-1,0,16,36,57,88,28,40,84,32,12.32,3.98,3.48,1.96,/clubs/new-england-revolution-11,teams/usa-new-england-revolution.png,New England Revolution,/clubs/new-york-city-fc-2,teams/usa-new-york-city-fc.png,New York City,1.46,1.65,1.17,1.46,1.17,1.46,100,85,65,44,13,65,61,57,1.57,1.48,3.05,/usa/new-york-city-fc-vs-new-england-revolution-h2h-stats#1093326,4473,26,False,False,False,False,False,False,False,[],[]
MLS,2020,4473,1093327,18,6490,2020,complete,57712,0,-1,"['29', '33', '82']",[],3,0,3,5,6,11,0,3,3,2,0,0,7,2,2,3,9,5,14,16,40,60,13893.0,25,211,,,3,2,2.4,3.95,2.55,1.0,1.08,1.32,1.83,2.85,18.5,7.0,3.25,1.95,1.4,1.31,3.2,4.75,1.16,0.0,0.0,1.44,1.31,1.52,2.7,2.45,2.9,2.55,2.87,2.71,0,0,1.16,1.3,1.52,1.93,2.56,5.0,3.3,2.49,1.88,1.5,1.59,8.5,2.66,1.8,18.0,1.9,6.0,6.0,1.25,2.0,4.0,12.0,3.6,1.7,1.2,1.03,1.12,1.6,2.7,5.5,5.2,2.2,1.4,1.13,0,0,0,0,3,2,0,1,0,1,2,1600480800,18,1,71,7,55,0,0,2,1,3,2,2,4,5,6,0,0,3,2,0,5,1,27,82,87,146,1.26,1.07,2.33,2,0,2,0,0,0,1,1,0,0,1,1,0,0,1,14,34,-1,-1,-1,-1,-1,-1,32,49,80,92,96,41,75,92,67,11.67,4.56,2.9,3.88,/clubs/seattle-sounders-fc-18,teams/usa-seattle-sounders-fc.png,Seattle Sounders,/clubs/los-angeles-fc-6490,teams/usa-los-angeles-fc.png,Los Angeles FC,1.78,1.44,1.64,1.46,1.64,1.46,68,51,21,9,5,71,64,51,1.42,1.87,3.29,/usa/seattle-sounders-fc-vs-los-angeles-fc-h2h-stats#1093327,4473,25,True,True,True,False,False,False,False,"['29', '33', '82']",[]
MLS,2020,4473,1093328,8,13,2020,complete,57712,0,-1,"['53', '83']","['42', '48', '86']",2,3,5,8,5,13,1,1,2,5,0,1,5,8,18,4,23,12,10,10,64,36,58.0,18,12956,,,2,6,1.61,4.2,4.95,1.02,1.19,1.62,2.6,4.6,12.5,4.45,2.25,1.48,1.18,1.67,2.1,2.6,1.44,0.0,0.0,1.24,1.27,1.89,2.23,2.52,4.99,1.88,2.85,4.7,0,0,1.25,1.47,1.82,2.38,3.25,3.7,2.55,1.92,1.54,1.3,1.35,8.5,4.0,1.45,13.0,2.65,2.9,7.75,1.32,2.47,5.0,16.0,3.1,1.57,1.13,1.01,1.15,1.75,3.2,7.5,4.7,1.95,1.3,1.07,0,0,0,0,5,0,1,2,2,4,1,1600543800,13,1,65,48,31,0,-1,2,1,3,4,5,1,7,6,1,0,1,6,1,7,1,74,26,153,40,2.34,1.5,3.84,0,0,0,0,0,0,1,1,0,0,1,0,0,0,1,4,2,-1,-1,-1,-1,-1,-1,18,39,56,78,86,43,64,74,48,11.57,2.54,3.32,2.84,/clubs/sporting-kansas-city-8,teams/usa-sporting-kansas-city.png,Sporting KC,/clubs/fc-dallas-13,teams/usa-fc-dallas.png,FC Dallas,1.64,1.46,1.62,1.6,1.62,1.6,83,61,44,23,14,66,62,62,1.74,1.34,3.08,/usa/sporting-kansas-city-vs-fc-dallas-h2h-stats#1093328,4473,24,True,True,True,True,True,False,True,"['53', '83']","['42', '48', '86']"
MLS,2020,4473,1093329,1016,677446,2020,complete,57712,0,-1,['5'],"['2', '11']",1,2,3,3,4,7,4,3,1,2,0,0,4,3,5,9,9,12,11,11,57,43,57.0,13004,3134,,,1,2,2.85,3.3,2.45,1.04,1.31,1.95,3.5,6.7,9.25,3.35,1.8,1.29,1.09,1.77,1.95,3.35,1.29,0.0,0.0,1.36,1.31,1.61,3.32,2.25,3.33,2.85,2.5,2.95,0,0,1.16,1.3,1.54,1.92,2.5,4.9,3.3,2.38,1.82,1.49,1.88,7.5,2.3,1.95,9.0,1.95,4.25,4.35,1.4,2.95,6.0,17.0,3.04,1.42,1.1,1.01,1.2,2.0,4.0,9.0,4.0,1.7,1.2,1.05,0,0,0,0,3,1,2,0,0,0,3,1600556400,677446,1,55,7,29,0,-1,2,1,0,3,3,1,3,4,1,0,0,2,1,2,1,43,40,116,115,1.17,1.27,2.44,0,0,0,0,0,0,1,1,1,1,0,0,0,0,-1,-1,-1,-1,-1,-1,-1,-1,-1,9,14,50,60,87,32,69,60,32,7.73,3.72,5.45,2.23,/clubs/atlanta-united-fc-1016,teams/usa-atlanta-united-fc.png,Atlanta United FC,/clubs/club-internacional-de-futbol-miami-677446,teams/usa-club-internacional-de-futbol-miami.png,Inter Miami,0.96,1.0,1.0,0.73,1.0,0.73,91,87,50,41,14,41,18,18,1.12,1.29,2.41,/usa/atlanta-united-fc-vs-club-internacional-de-futbol-miami-h2h-stats#1093329,4473,23,True,True,True,False,False,False,True,['5'],"['2', '11']"
MLS,2020,4473,1093330,4,8043,2020,complete,57712,0,-1,[],['85'],0,1,1,3,5,8,2,2,3,1,0,0,1,3,8,10,9,13,11,9,45,55,12.0,36880,409,,,3,1,1.69,3.7,4.95,1.04,1.28,1.87,3.25,6.15,10.0,3.55,1.87,1.33,1.11,1.8,1.95,2.4,1.51,0.0,0.0,1.19,1.23,2.13,2.15,2.48,5.6,1.8,2.83,4.93,0,0,1.25,1.47,1.85,2.38,3.25,3.7,2.55,1.95,1.54,1.3,1.32,8.5,4.35,1.44,16.25,2.85,2.88,10.0,1.31,2.62,5.3,16.0,3.18,1.51,1.12,1.01,1.17,1.85,3.6,9.0,4.5,1.85,1.25,1.06,0,0,0,0,1,0,0,0,1,1,0,1600556400,8043,1,30,0,41,0,0,2,1,2,2,1,3,4,4,2,0,1,1,2,2,1,54,37,131,106,1.05,1.31,2.35,0,0,0,0,0,0,1,1,0,0,0,0,1,0,-1,-1,-1,-1,-1,-1,-1,-1,-1,9,13,34,66,88,22,66,74,34,6.99,3.2,3.35,2.09,/clubs/new-york-red-bulls-4,teams/usa-new-york-red-bulls.png,New York RB,/clubs/fc-cincinnati-8043,teams/usa-fc-cincinnati.png,FC Cincinnati,1.33,0.71,1.27,0.83,1.27,0.83,92,87,66,35,13,44,35,18,1.32,0.94,2.26,/usa/new-york-red-bulls-vs-fc-cincinnati-h2h-stats#1093330,4473,24,True,False,False,False,False,False,False,[],['85']
MLS,2020,4473,1093331,13401,19,2020,complete,57712,0,-1,"['5', '88']","['17', '60']",2,2,4,3,4,7,6,1,1,3,0,0,3,4,9,12,12,16,12,7,47,53,7.0,20,2,,,1,3,4.65,3.85,1.69,1.03,1.23,1.74,2.9,5.35,11.25,3.95,2.05,1.39,1.14,1.71,2.05,4.7,1.16,0.0,0.0,1.45,1.31,1.5,4.1,2.25,2.5,3.7,2.6,2.28,0,0,1.16,1.3,1.53,1.93,2.48,5.0,3.35,2.4,1.88,1.5,2.3,7.5,1.88,2.34,14.0,1.64,6.1,3.3,1.34,2.67,6.75,19.0,3.34,1.5,1.09,1.01,1.2,1.9,4.0,10.0,4.0,1.8,1.2,1.05,0,0,0,0,4,1,1,1,1,2,2,1600558200,-1,1,53,20,57,0,-1,2,1,1,1,2,3,2,5,0,2,1,1,2,2,1,45,46,108,126,1.3,1.63,2.93,0,0,0,0,0,0,1,1,1,0,0,1,0,0,-1,-1,-1,-1,-1,-1,-1,-1,-1,13,30,52,61,87,26,65,74,52,10.52,4.1,3.35,2.51,/clubs/dc-united-13401,teams/usa-dc-united.png,DC United,/clubs/toronto-fc-19,teams/canada-toronto-fc.png,Toronto,0.91,1.76,0.91,1.75,0.91,1.75,87,70,49,39,13,83,52,39,0.99,1.88,2.87,/usa/toronto-fc-vs-dc-united-h2h-stats#1093331,4473,23,True,True,True,True,False,False,True,"['5', '88']","['17', '60']"
MLS,2020,4473,1093332,9,677447,2020,complete,57712,0,-1,"['50', '90+3']",[],2,0,2,2,1,3,3,0,3,3,0,0,2,2,6,11,8,13,17,16,41,59,44.0,13,24795,,,3,3,1.77,3.5,4.7,1.05,1.32,2.0,3.6,6.95,9.0,3.25,1.77,1.27,1.09,1.87,1.83,2.3,1.56,0.0,0.0,1.06,1.12,3.53,2.31,2.33,5.44,1.92,2.65,5.0,0,0,1.29,1.53,1.95,2.55,3.5,3.45,2.4,1.85,1.48,1.27,1.36,8.0,4.0,1.44,10.0,3.0,2.75,9.0,1.39,2.93,6.75,15.0,3.06,1.42,1.09,1.0,1.19,1.98,4.35,10.5,4.35,1.74,1.19,1.04,0,0,0,0,2,0,0,2,0,2,0,1600558200,9,1,33,9,0,0,1500,2,1,0,0,2,1,0,3,2,1,1,2,3,3,1,28,42,79,114,0.86,1.27,2.13,0,0,0,0,0,0,1,1,0,0,0,0,0,0,-1,-1,-1,-1,-1,-1,-1,-1,-1,5,19,32,54,86,24,59,72,27,10.57,2.58,3.17,2.0,/clubs/columbus-crew-9,teams/usa-columbus-crew.png,Columbus Crew,/clubs/nashville-sc-mls-677447,teams/usa-nashville-sc-mls.png,Nashville SC,1.93,1.46,2.08,1.2,2.08,1.2,95,82,69,46,14,64,39,34,1.38,1.38,2.76,/usa/columbus-crew-vs-nashville-sc-mls-h2h-stats#1093332,4473,26,True,True,False,False,False,False,False,"['50', '90+3']",[]
MLS,2020,4473,1093333,17,7,2020,complete,57712,0,-1,"['11', '24', '78', '90+5']",['48'],4,1,5,5,4,9,1,2,1,4,0,0,7,2,11,16,18,18,9,12,45,55,20.0,21031,2414,,,1,4,1.74,3.9,4.25,1.01,1.15,1.51,2.3,4.0,14.0,5.1,2.45,1.59,1.23,1.51,2.4,2.95,1.36,0.0,0.0,1.29,1.29,1.88,2.48,2.33,4.0,2.23,2.65,3.7,0,0,1.26,1.48,1.85,2.43,3.3,3.65,2.55,1.89,1.52,1.3,1.44,8.0,3.5,1.67,15.0,2.35,3.7,7.5,1.31,2.5,5.85,13.0,3.2,1.48,1.1,1.01,1.16,1.86,3.9,9.0,4.75,1.86,1.23,1.06,0,0,0,0,5,2,0,2,1,3,2,1600558200,17,1,71,17,35,0,2486,2,1,3,2,2,2,5,4,0,1,1,3,1,4,1,39,52,87,81,1.91,1.64,3.55,0,2,0,1,0,1,1,1,0,0,1,0,0,0,-1,-1,-1,-1,-1,-1,-1,-1,-1,4,26,62,89,92,38,58,92,62,10.07,3.31,4.11,2.72,/clubs/orlando-city-sc-17,teams/usa-orlando-city-sc.png,Orlando City,/clubs/chicago-fire-7,teams/usa-chicago-fire.png,Chicago Fire,1.69,1.0,1.73,0.82,1.73,0.82,97,75,38,11,8,56,49,45,1.33,1.41,2.74,/usa/chicago-fire-vs-orlando-city-sc-h2h-stats#1093333,4473,23,True,True,True,True,True,False,True,"['11', '24', '78', '90+5']",['48']
MLS,2020,4473,1093334,6,1015,2020,complete,57712,0,-1,"['58', '69']","['11', '45+1']",2,2,4,7,3,10,3,2,3,2,0,1,8,5,7,10,15,15,16,16,59,41,13864.0,28051,5,,,3,4,2.0,3.75,3.4,1.01,1.14,1.49,2.25,3.8,14.5,5.3,2.55,1.62,1.25,1.45,2.55,3.6,1.26,0.0,0.0,1.33,1.3,1.76,2.63,2.3,3.7,2.35,2.7,3.4,0,0,1.24,1.45,1.8,2.33,3.2,3.75,2.6,1.95,1.56,1.32,1.6,7.5,2.9,1.73,13.0,2.2,4.5,7.0,1.27,2.35,5.3,11.75,3.45,1.54,1.13,1.01,1.15,1.79,3.65,8.5,5.0,1.93,1.25,1.06,0,0,0,0,4,0,2,2,0,2,2,1600560000,-1,1,72,9,23,0,-1,2,1,3,1,4,2,4,6,1,1,2,2,2,4,1,63,39,99,92,1.96,1.58,3.54,1,0,0,0,1,0,1,1,0,0,0,0,0,0,-1,-1,-1,-1,-1,-1,-1,-1,-1,20,42,72,89,92,43,77,92,64,9.14,2.89,4.22,3.34,/clubs/houston-dynamo-6,teams/usa-houston-dynamo.png,Houston Dynamo,/clubs/minnesota-united-fc-1015,teams/usa-minnesota-united-fc.png,Minnesota United,0.91,1.63,1.27,1.5,1.27,1.5,81,58,29,12,8,68,57,54,1.47,1.51,2.98,/usa/houston-dynamo-vs-minnesota-united-fc-h2h-stats#1093334,4473,23,True,True,True,True,False,False,True,"['58', '69']","['11', '45+1']"
MLS,2020,4473,1093335,14,5,2020,complete,57712,0,-1,['81'],"['53', '84']",1,2,3,10,6,16,0,2,3,3,1,0,4,3,20,5,24,8,9,8,63,37,39.0,26962,7207,,,4,3,1.43,4.85,6.4,1.01,1.16,1.53,2.35,4.05,14.0,5.0,2.45,1.57,1.22,1.69,2.05,2.55,1.45,0.0,0.0,1.31,1.29,1.72,2.0,2.3,5.0,1.82,2.9,4.9,0,0,1.24,1.45,1.8,2.33,3.2,3.75,2.6,1.95,1.56,1.32,1.32,8.5,4.35,1.44,13.0,2.88,2.85,7.75,1.24,2.33,5.6,15.0,3.75,1.57,1.13,1.02,1.15,1.79,3.65,8.5,5.1,1.94,1.25,1.06,0,0,0,0,3,0,0,1,2,3,0,1600565400,5,1,42,0,7,0,-1,2,1,5,4,5,2,9,7,1,2,3,1,3,4,1,69,14,129,65,2.29,0.82,3.11,0,0,0,0,0,0,1,1,0,0,1,1,1,0,-1,-1,-1,-1,-1,-1,-1,-1,-1,29,46,58,79,88,42,75,79,54,7.75,2.67,4.58,3.34,/clubs/real-salt-lake-14,teams/usa-real-salt-lake.png,Real Salt Lake,/clubs/vancouver-whitecaps-fc-5,teams/canada-vancouver-whitecaps-fc.png,Vancouver Whitecaps,0.96,1.17,1.17,1.08,1.17,1.08,71,54,42,21,13,58,50,34,1.36,0.94,2.3,/usa/vancouver-whitecaps-fc-vs-real-salt-lake-h2h-stats#1093335,4473,23,True,True,True,False,False,False,True,['81'],"['53', '84']"
MLS,2020,4473,1093336,15,20,2020,complete,57712,0,-1,['44'],"['25', '27', '57', '70', '85', '87']",1,6,7,6,5,11,5,0,2,1,0,0,3,9,9,10,12,19,10,11,54,46,13812.0,1763,7206,,,2,1,2.4,3.75,2.6,1.01,1.14,1.49,2.2,3.75,14.75,5.35,2.55,1.62,1.25,1.43,2.65,4.45,1.18,0.0,0.0,1.53,1.29,1.52,3.05,2.38,3.0,2.75,2.75,2.75,0,0,1.11,1.22,1.44,1.7,2.15,5.5,3.8,2.7,2.05,1.65,1.62,7.5,2.7,1.87,14.5,1.87,5.15,4.95,1.25,2.25,4.9,10.75,3.65,1.61,1.15,1.02,1.16,1.78,3.38,6.5,5.3,2.04,1.32,1.1,0,0,0,0,7,1,2,0,4,4,3,1600569000,20,1,82,43,50,0,-1,2,1,2,3,4,2,5,6,1,1,1,0,2,1,1,30,58,95,98,1.19,2.24,3.44,0,1,0,1,0,0,1,1,0,0,0,0,0,0,-1,-1,-1,-1,-1,-1,-1,-1,-1,37,51,71,89,93,43,71,89,69,11.35,2.15,4.05,3.92,/clubs/san-jose-earthquakes-15,teams/usa-san-jose-earthquakes.png,SJ Earthquakes,/clubs/portland-timbers-20,teams/usa-portland-timbers.png,Portland Timbers,1.31,1.79,1.08,1.67,1.08,1.67,63,49,29,11,8,76,55,41,1.6,1.35,2.95,/usa/san-jose-earthquakes-vs-portland-timbers-h2h-stats#1093336,4473,26,True,True,True,True,True,True,True,['44'],"['25', '27', '57', '70', '85', '87']"
MLS,2020,4473,1093337,10,12,2020,complete,57712,0,-1,[],"['40', '78']",0,2,2,4,3,7,1,4,3,0,1,0,5,4,7,13,12,17,10,4,45,55,15.0,1715,11434,,,4,0,2.0,3.75,3.35,1.01,1.13,1.47,2.2,3.65,15.0,5.5,2.6,1.65,1.26,1.43,2.65,3.35,1.29,0.0,0.0,1.25,1.25,1.83,2.3,2.3,4.0,2.1,2.8,3.5,0,0,1.16,1.3,1.53,1.9,2.48,5.0,3.35,2.4,1.84,1.5,1.47,8.0,3.35,1.62,13.0,2.4,3.8,6.65,1.27,2.24,4.74,11.0,3.76,1.65,1.15,1.03,1.15,1.7,3.2,7.0,4.7,2.0,1.3,1.08,0,0,0,0,2,0,1,0,1,1,1,1600569000,12,1,71,10,54,0,-1,2,1,2,1,2,2,3,4,0,0,4,0,0,4,1,50,51,107,118,1.48,1.73,3.2,0,0,0,0,0,0,1,1,0,0,0,0,0,0,-1,-1,-1,-1,-1,-1,-1,-1,-1,33,38,57,90,95,19,58,95,66,10.88,2.49,4.25,3.28,/clubs/la-galaxy-10,teams/usa-la-galaxy.png,LA Galaxy,/clubs/colorado-rapids-12,teams/usa-colorado-rapids.png,Colorado Rapids,1.0,1.47,1.5,1.18,1.5,1.18,67,63,43,10,5,62,39,34,1.42,1.57,2.99,/usa/la-galaxy-vs-colorado-rapids-h2h-stats#1093337,4473,19,True,True,False,False,False,False,False,[],"['40', '78']"
MLS,2020,4473,1093338,1,16,2020,complete,57712,0,-1,['5'],"['22', '45+3', '47', '65']",1,4,5,4,7,11,1,4,0,1,1,0,3,10,6,10,9,20,8,12,41,59,42.0,12517,12,,,2,1,3.45,3.85,1.95,1.02,1.19,1.62,2.6,4.6,12.5,4.45,2.25,1.48,1.18,1.57,2.25,4.6,1.15,0.0,0.0,1.67,1.22,1.3,3.78,2.42,2.71,3.25,2.63,2.4,0,0,1.24,1.44,1.78,2.3,3.15,3.85,2.65,1.98,1.57,1.33,2.18,7.0,1.98,2.1,13.0,1.73,6.5,4.33,1.29,2.4,6.5,13.0,3.3,1.5,1.08,1.01,1.19,1.91,3.84,7.5,4.7,1.89,1.26,1.07,0,0,0,0,5,1,2,0,2,2,3,1600642800,16,1,50,23,23,0,-1,2,1,0,1,4,6,1,10,1,1,0,0,2,0,1,28,51,74,107,0.99,2.33,3.32,0,0,0,0,0,0,1,1,1,0,0,0,0,0,-1,-1,-1,-1,-1,-1,-1,-1,-1,16,27,50,61,97,36,59,77,46,9.28,4.13,4.01,2.67,/clubs/montreal-impact-1,teams/canada-montreal-impact.png,Montreal Impact,/clubs/philadelphia-union-16,teams/usa-philadelphia-union.png,Philadelphia Union,1.04,1.96,1.33,1.93,1.33,1.93,85,73,50,39,4,61,50,46,1.09,1.37,2.46,/usa/montreal-impact-vs-philadelphia-union-h2h-stats#1093338,4473,25,True,True,True,True,True,False,True,['5'],"['22', '45+3', '47', '65']"
MLS,2020,4473,1093339,2,19,2020,complete,57712,0,-1,[],['90'],0,1,1,9,1,10,6,4,4,4,0,0,8,3,10,6,18,9,21,17,58,42,13893.0,762,2,,,4,4,2.3,3.65,2.8,1.01,1.18,1.61,2.55,4.45,12.75,4.55,2.25,1.5,1.19,1.51,2.4,3.6,1.24,0.0,0.0,1.41,1.29,1.64,2.98,2.39,3.58,2.63,2.64,3.18,0,0,1.22,1.42,1.71,2.24,2.95,4.2,2.88,2.12,1.64,1.39,1.8,7.5,2.43,1.83,9.0,2.05,4.3,4.7,1.33,2.45,6.0,13.0,3.32,1.44,1.13,1.02,1.21,1.97,4.04,8.0,4.44,1.83,1.24,1.06,0,0,0,0,1,0,0,0,1,1,0,1600902000,19,1,45,50,50,0,-1,2,1,4,1,5,0,5,5,2,2,2,2,4,4,1,69,25,120,82,2.2,0.97,3.16,0,1,0,1,0,0,1,1,0,0,1,0,0,0,-1,-1,-1,-1,-1,-1,-1,-1,-1,8,38,49,53,89,26,57,82,49,12.01,3.92,3.81,2.43,/clubs/new-york-city-fc-2,teams/usa-new-york-city-fc.png,New York City,/clubs/toronto-fc-19,teams/canada-toronto-fc.png,Toronto,1.65,1.76,1.43,1.69,1.43,1.69,93,63,51,48,11,60,49,41,1.45,1.86,3.31,/usa/new-york-city-fc-vs-toronto-fc-h2h-stats#1093339,4473,25,True,False,False,False,False,False,False,[],['90']
MLS,2020,4473,1093340,1016,13,2020,complete,57712,0,-1,['55'],[],1,0,1,7,2,9,0,1,0,1,0,0,5,1,9,5,14,6,14,9,47,53,13841.0,13004,12956,,,0,1,2.65,3.5,2.5,1.03,1.24,1.77,2.95,5.45,11.0,3.9,2.0,1.38,1.14,1.62,2.15,2.6,1.39,0.0,0.0,1.22,1.26,1.69,2.6,2.29,4.2,2.25,2.4,3.45,0,0,1.24,1.45,1.77,2.3,3.1,3.96,2.77,2.05,1.61,1.36,1.66,7.5,2.75,1.62,9.5,2.35,3.2,4.8,1.36,2.7,8.0,17.0,2.88,1.37,1.05,1.02,1.26,2.1,4.9,10.0,3.84,1.61,1.18,1.04,0,0,0,0,1,0,0,1,0,1,0,1600902000,1016,1,61,32,38,0,-1,2,1,6,2,2,0,8,2,0,0,0,1,0,1,1,52,46,108,121,1.61,0.8,2.41,1,0,1,0,0,0,1,1,0,0,1,1,0,0,-1,-1,-1,-1,-1,-1,-1,-1,-1,18,31,53,70,87,39,69,62,40,8.57,2.67,4.15,2.62,/clubs/atlanta-united-fc-1016,teams/usa-atlanta-united-fc.png,Atlanta United FC,/clubs/fc-dallas-13,teams/usa-fc-dallas.png,FC Dallas,0.96,1.46,0.92,1.73,0.92,1.73,83,69,48,30,13,58,45,45,1.13,1.36,2.49,/usa/fc-dallas-vs-atlanta-united-fc-h2h-stats#1093340,4473,23,True,False,False,False,False,False,False,['55'],[]
MLS,2020,4473,1093341,11,1,2020,complete,57712,0,-1,"['45+2', '49', '65']",['86'],3,1,4,14,4,18,4,5,1,1,0,0,8,4,14,3,22,7,6,9,58,42,24.0,21032,12517,,,1,1,1.54,4.45,5.3,1.01,1.16,1.54,2.35,4.1,13.75,4.95,2.4,1.56,1.22,1.59,2.25,2.65,1.38,0.0,0.0,1.26,1.27,1.96,2.5,2.41,4.59,2.23,2.66,4.02,0,0,1.16,1.33,1.56,1.99,2.66,4.9,3.26,2.4,1.83,1.46,1.38,8.5,3.8,1.59,9.0,2.46,3.05,6.1,1.35,2.5,6.2,13.0,3.34,1.43,1.12,1.02,1.22,1.87,4.2,8.0,4.3,1.77,1.23,1.06,0,0,0,0,4,1,0,2,1,3,1,1600894800,11,1,54,20,30,0,-1,2,1,8,2,6,1,10,7,1,0,0,1,1,1,1,59,27,111,71,2.37,0.92,3.29,0,0,0,0,0,0,1,1,0,0,3,0,0,0,-1,-1,-1,-1,-1,-1,-1,-1,-1,12,19,43,62,89,39,54,73,35,10.93,3.93,2.77,2.35,/clubs/new-england-revolution-11,teams/usa-new-england-revolution.png,New England Revolution,/clubs/montreal-impact-1,teams/canada-montreal-impact.png,Montreal Impact,1.46,1.04,1.15,1.23,1.15,1.23,89,81,58,38,12,66,62,54,1.58,1.09,2.67,/usa/montreal-impact-vs-new-england-revolution-h2h-stats#1093341,4473,25,True,True,True,True,False,False,True,"['45+2', '49', '65']",['86']
MLS,2020,4473,1093342,8,17,2020,complete,57712,0,-1,['53'],"['36', '38']",1,2,3,13,1,14,3,2,3,3,0,0,2,3,14,5,16,8,17,16,56,44,13864.0,18,21031,,,3,3,1.83,3.95,3.85,1.01,1.15,1.51,2.3,3.95,14.25,5.15,2.5,1.59,1.24,1.5,2.45,3.0,1.31,0.0,0.0,1.26,1.25,2.01,2.41,2.56,4.38,2.16,2.83,3.9,0,0,1.16,1.3,1.54,1.96,2.6,4.9,3.3,2.45,1.85,1.48,1.47,8.0,3.35,1.57,19.5,2.36,3.35,6.45,1.25,2.3,5.0,10.25,3.35,1.51,1.11,1.03,1.17,1.83,3.52,7.0,5.05,1.98,1.3,1.08,0,0,0,0,3,0,2,1,0,1,2,1600903800,17,1,80,34,48,0,-1,2,1,6,1,7,0,7,7,1,1,2,2,2,4,1,74,29,121,86,1.69,0.93,2.62,0,0,0,0,0,0,1,1,0,0,2,0,0,1,-1,-1,-1,-1,-1,-1,-1,-1,-1,17,41,64,87,94,44,71,87,57,11.67,3.13,4.06,3.08,/clubs/sporting-kansas-city-8,teams/usa-sporting-kansas-city.png,Sporting KC,/clubs/orlando-city-sc-17,teams/usa-orlando-city-sc.png,Orlando City,1.64,1.69,1.5,1.81,1.5,1.81,84,60,37,14,7,67,54,54,1.78,1.37,3.15,/usa/sporting-kansas-city-vs-orlando-city-sc-h2h-stats#1093342,4473,25,True,True,True,False,False,False,True,['53'],"['36', '38']"
MLS,2020,4473,1093343,9,1015,2020,complete,57712,0,-1,"['31', '70']",['88'],2,1,3,5,1,6,1,3,1,3,0,0,8,3,9,5,17,8,16,12,57,43,31.0,13,5,,,1,3,1.59,4.3,4.9,1.01,1.18,1.61,2.55,4.45,12.75,4.55,2.25,1.5,1.19,1.65,2.15,2.8,1.37,0.0,0.0,1.27,1.27,1.94,2.51,2.45,4.4,2.24,2.73,3.84,0,0,1.28,1.51,1.95,2.61,3.5,3.45,2.51,1.86,1.48,1.28,1.45,8.0,3.5,1.6,9.25,2.4,3.2,6.5,1.31,2.45,5.75,12.0,3.44,1.45,1.14,1.03,1.2,1.92,3.84,7.5,4.64,1.88,1.26,1.07,0,0,0,0,3,1,0,1,1,2,1,1600903800,9,1,48,9,21,0,-1,2,1,3,0,2,1,3,3,0,0,1,3,0,4,1,60,42,119,101,2.07,1.03,3.1,1,0,0,0,1,0,1,1,0,0,0,0,0,0,-1,-1,-1,-1,-1,-1,-1,-1,-1,10,38,56,75,93,34,64,89,53,10.38,2.82,3.77,2.77,/clubs/columbus-crew-9,teams/usa-columbus-crew.png,Columbus Crew,/clubs/minnesota-united-fc-1015,teams/usa-minnesota-united-fc.png,Minnesota United,1.93,1.63,2.15,1.47,2.15,1.47,90,63,45,26,8,68,58,47,1.34,1.52,2.86,/usa/columbus-crew-vs-minnesota-united-fc-h2h-stats#1093343,4473,27,True,True,True,False,False,False,True,"['31', '70']",['88']
MLS,2020,4473,1093344,8043,16,2020,complete,57712,0,-1,[],[],0,0,0,5,3,8,2,0,4,2,0,0,1,0,7,6,8,6,19,12,43,57,5016.0,409,12,,,4,2,3.25,3.4,2.15,1.04,1.28,1.87,3.25,6.15,10.0,3.55,1.87,1.33,1.11,1.71,2.05,3.9,1.19,0.0,0.0,1.68,1.3,1.37,3.82,2.34,2.91,3.44,2.56,2.56,0,0,1.24,1.44,1.82,2.4,3.15,3.8,2.74,1.99,1.56,1.33,2.18,7.0,1.98,2.15,8.25,1.8,5.0,3.65,1.32,2.55,5.9,12.0,2.95,1.41,1.08,1.02,1.24,2.0,4.4,8.0,4.04,1.67,1.21,1.06,0,0,0,0,0,0,0,0,0,0,0,1600903800,-1,1,42,15,7,0,-1,2,1,1,2,4,1,3,5,1,0,3,2,1,5,1,34,45,81,147,0.83,0.73,1.56,0,0,0,0,0,0,1,1,0,0,0,0,0,0,-1,-1,-1,-1,-1,-1,-1,-1,-1,14,21,50,65,85,28,50,79,50,6.91,4.1,4.41,2.38,/clubs/fc-cincinnati-8043,teams/usa-fc-cincinnati.png,FC Cincinnati,/clubs/philadelphia-union-16,teams/usa-philadelphia-union.png,Philadelphia Union,0.71,1.96,1.0,2.0,1.0,2.0,86,79,51,36,15,53,38,31,0.97,1.44,2.41,/usa/philadelphia-union-vs-fc-cincinnati-h2h-stats#1093344,4473,24,False,False,False,False,False,False,False,[],[]
MLS,2020,4473,1093345,7,6,2020,complete,57712,0,-1,"['15', '23', '40', '89']",[],4,0,4,2,5,7,1,3,2,3,0,0,7,0,7,6,14,6,11,12,54,46,42.0,2414,28051,,,2,3,1.95,3.9,3.35,1.01,1.15,1.5,2.25,3.9,14.5,5.2,2.5,1.61,1.24,1.47,2.55,3.45,1.26,0.0,0.0,1.36,1.28,1.74,2.79,2.45,3.75,2.47,2.71,3.34,0,0,1.2,1.37,1.68,2.18,2.8,4.3,2.95,2.17,1.68,1.4,1.53,7.5,3.1,1.67,13.5,2.15,3.95,5.85,1.31,2.4,5.6,12.0,3.44,1.47,1.14,1.03,1.19,1.9,3.76,7.5,4.74,1.9,1.27,1.07,0,0,0,0,4,3,0,1,0,1,3,1600903800,7,1,67,30,30,0,-1,2,1,1,3,1,2,4,3,0,0,2,3,0,5,1,40,46,106,108,1.67,0.73,2.4,1,0,1,0,0,0,1,1,0,0,0,0,0,0,-1,-1,-1,-1,-1,-1,-1,-1,-1,13,29,67,92,92,42,71,92,67,9.42,3.59,4.5,3.04,/clubs/chicago-fire-7,teams/usa-chicago-fire.png,Chicago Fire,/clubs/houston-dynamo-6,teams/usa-houston-dynamo.png,Houston Dynamo,1.0,0.91,0.75,1.25,0.75,1.25,88,71,33,8,8,59,55,46,1.43,1.51,2.94,/usa/houston-dynamo-vs-chicago-fire-h2h-stats#1093345,4473,23,True,True,True,True,False,False,False,"['15', '23', '40', '89']",[]
MLS,2020,4473,1093346,677446,4,2020,complete,57712,0,-1,['39'],"['14', '49', '85', '90+1']",1,4,5,2,2,4,2,2,2,0,0,0,4,5,10,5,14,10,14,11,65,35,58.0,3134,36880,,,2,0,1.77,3.65,4.35,1.04,1.28,1.91,3.25,6.25,9.75,3.5,1.87,1.32,1.11,1.8,1.91,2.9,1.34,0.0,0.0,1.34,1.22,1.67,2.87,2.25,3.5,2.4,2.55,3.25,0,0,1.24,1.45,1.83,2.42,2.59,3.75,2.71,1.98,1.55,1.39,1.49,7.5,3.3,1.66,8.75,2.3,3.5,5.5,1.33,2.5,6.5,19.0,3.25,1.5,1.11,1.02,1.18,1.83,3.75,10.0,4.5,1.83,1.25,1.06,0,0,0,0,5,1,1,0,3,3,2,1600905600,4,1,42,32,13,0,0,2,1,2,1,0,1,3,1,0,0,2,0,0,2,1,55,25,114,82,1.57,1.17,2.74,0,1,0,1,0,0,1,1,0,0,0,1,0,0,-1,-1,-1,-1,-1,-1,-1,-1,-1,8,8,38,58,92,25,67,67,25,8.59,3.83,4.25,2.05,/clubs/club-internacional-de-futbol-miami-677446,teams/usa-club-internacional-de-futbol-miami.png,Inter Miami,/clubs/new-york-red-bulls-4,teams/usa-new-york-red-bulls.png,New York RB,1.0,1.33,0.92,1.17,0.92,1.17,92,92,63,42,9,38,30,21,1.29,1.3,2.59,/usa/new-york-red-bulls-vs-club-internacional-de-futbol-miami-h2h-stats#1093346,4473,24,True,True,True,True,True,False,True,['39'],"['14', '49', '85', '90+1']"
MLS,2020,4473,1093347,677447,13401,2020,complete,57712,0,-1,['70'],[],1,0,1,6,1,7,1,1,1,1,0,1,5,1,12,3,17,4,16,7,61,39,45098.0,24795,20,,,1,2,1.67,3.7,5.2,1.05,1.34,2.05,3.75,7.25,8.75,3.15,1.71,1.26,1.08,2.0,1.74,2.45,1.5,0.0,0.0,1.22,1.22,1.91,2.4,2.15,4.4,2.15,2.45,4.2,0,0,1.2,1.38,1.68,2.15,2.85,4.25,2.88,2.17,1.69,1.38,1.38,8.5,3.8,1.6,8.0,2.55,2.9,6.35,1.4,2.75,6.75,16.5,2.75,1.4,1.07,1.01,1.25,2.15,4.6,9.5,3.6,1.62,1.16,1.03,0,0,0,0,1,0,0,1,0,1,0,1600907400,677447,1,47,25,23,0,0,2,1,2,0,4,1,2,5,0,2,1,0,2,1,1,70,14,152,75,1.94,0.44,2.38,0,0,0,0,0,0,1,1,0,0,0,0,0,0,-1,-1,-1,-1,-1,-1,-1,-1,-1,9,22,39,61,83,30,57,70,39,8.72,3.41,3.72,2.17,/clubs/nashville-sc-mls-677447,teams/usa-nashville-sc-mls.png,Nashville SC,/clubs/dc-united-13401,teams/usa-dc-united.png,DC United,1.46,0.91,1.09,0.92,1.09,0.92,92,79,62,39,18,69,26,21,1.37,1.02,2.39,/usa/dc-united-vs-nashville-sc-mls-h2h-stats#1093347,4473,23,True,False,False,False,False,False,False,['70'],[]
MLS,2020,4473,1093348,12,15,2020,complete,57712,0,-1,"['35', '50', '70', '79', '84']",[],5,0,5,3,4,7,1,0,2,2,0,0,8,4,8,6,16,10,7,13,59,41,36.0,11434,1763,,,2,2,1.53,4.45,5.5,1.01,1.13,1.43,2.1,3.5,15.5,5.7,2.7,1.69,1.28,1.53,2.35,3.05,1.33,0.0,0.0,1.22,1.2,1.95,2.37,2.4,4.0,2.1,2.8,3.6,0,0,1.2,1.37,1.64,2.11,2.8,4.35,2.95,2.25,1.72,1.41,1.38,8.5,3.8,1.53,10.5,2.4,3.45,7.0,1.28,2.25,5.5,15.0,3.5,1.57,1.14,1.03,1.14,1.72,3.4,8.0,5.5,2.0,1.3,1.08,0,0,0,0,5,1,0,4,0,4,1,1600909200,12,1,77,27,64,0,0,2,1,2,1,1,3,3,4,2,1,0,1,3,1,1,41,31,125,88,1.88,1.14,3.02,0,0,0,0,0,0,1,1,0,0,0,0,0,0,-1,-1,-1,-1,-1,-1,-1,-1,-1,45,53,61,93,93,34,65,93,77,12.07,2.69,4.19,3.88,/clubs/colorado-rapids-12,teams/usa-colorado-rapids.png,Colorado Rapids,/clubs/san-jose-earthquakes-15,teams/usa-san-jose-earthquakes.png,SJ Earthquakes,1.47,1.31,1.33,1.0,1.33,1.0,55,47,39,7,7,72,52,41,1.59,1.57,3.16,/usa/colorado-rapids-vs-san-jose-earthquakes-h2h-stats#1093348,4473,19,True,True,True,True,True,False,False,"['35', '50', '70', '79', '84']",[]
MLS,2020,4473,1093349,14,10,2020,complete,57712,0,-1,"['65', '72']",[],2,0,2,4,5,9,2,4,1,2,0,0,6,2,7,6,13,8,13,16,50,50,44.0,26962,1715,,,1,2,2.2,3.9,2.8,1.01,1.14,1.49,2.25,3.8,14.5,5.3,2.55,1.62,1.25,1.44,2.6,4.1,1.2,0.0,0.0,1.36,1.25,1.62,2.75,2.4,3.25,2.4,2.7,3.0,0,0,1.25,1.47,1.85,2.38,3.25,3.7,2.55,1.95,1.54,1.3,1.67,7.5,2.75,1.72,10.5,2.1,4.65,5.6,1.28,2.25,5.5,15.0,3.5,1.57,1.14,1.03,1.14,1.72,3.25,7.0,5.5,2.0,1.33,1.1,0,0,0,0,2,0,0,2,0,2,0,1600911000,14,1,51,10,23,0,3943,2,1,2,3,2,2,5,4,0,1,1,1,1,2,1,38,37,114,75,1.53,0.92,2.44,1,0,1,0,0,0,1,1,0,0,0,0,0,0,-1,-1,-1,-1,-1,-1,-1,-1,-1,29,37,54,84,88,21,67,88,54,10.63,2.44,4.83,3.23,/clubs/real-salt-lake-14,teams/usa-real-salt-lake.png,Real Salt Lake,/clubs/la-galaxy-10,teams/usa-la-galaxy.png,LA Galaxy,0.96,1.0,1.08,1.36,1.08,1.36,71,64,47,17,12,59,46,34,1.43,1.43,2.86,/usa/la-galaxy-vs-real-salt-lake-h2h-stats#1093349,4473,22,True,True,False,False,False,False,False,"['65', '72']",[]
MLS,2020,4473,1093350,20,18,2020,complete,57712,0,-1,['13'],[],1,0,1,4,13,17,0,3,3,3,0,0,2,6,7,13,9,19,11,8,33,67,3.0,7206,25,,,3,3,2.85,3.8,2.25,1.01,1.14,1.49,2.25,3.8,14.5,5.3,2.55,1.62,1.25,1.44,2.6,4.0,1.2,0.0,0.0,1.55,1.22,1.44,3.0,2.3,3.2,2.75,2.6,2.75,0,0,1.14,1.27,1.48,1.82,2.35,5.4,3.55,2.55,1.92,1.55,1.97,7.5,2.18,1.8,9.75,2.05,4.7,4.45,1.3,2.5,6.0,17.0,3.4,1.5,1.12,1.02,1.16,1.8,3.5,8.0,5.0,1.9,1.28,1.08,0,0,0,0,1,1,0,0,0,0,1,1600912800,20,1,78,13,65,0,0,2,1,3,7,1,6,10,7,0,1,3,2,1,5,1,32,94,91,155,0.95,2.3,3.25,0,0,0,0,0,0,1,1,0,0,1,4,0,0,-1,-1,-1,-1,-1,-1,-1,-1,-1,21,39,82,93,96,43,71,93,61,9.58,3.0,3.63,3.62,/clubs/portland-timbers-20,teams/usa-portland-timbers.png,Portland Timbers,/clubs/seattle-sounders-fc-18,teams/usa-seattle-sounders-fc.png,Seattle Sounders,1.79,1.78,1.75,1.75,1.75,1.75,79,62,18,7,4,72,57,45,1.41,1.41,2.82,/usa/seattle-sounders-fc-vs-portland-timbers-h2h-stats#1093350,4473,27,True,False,False,False,False,False,False,['13'],[]
MLS,2020,4473,1093351,6490,5,2020,complete,57712,0,-1,"['2', '5', '11', '14', '33', '69']",[],6,0,6,12,2,14,3,0,1,1,0,0,9,0,14,6,23,6,10,10,65,35,69.0,211,7207,,,1,1,1.17,7.75,12.75,1.0,1.04,1.2,1.53,2.2,22.5,9.5,4.35,2.45,1.65,1.61,2.2,2.2,1.59,0.0,0.0,1.05,1.04,4.0,1.61,3.1,7.5,1.4,3.6,8.5,0,0,1.17,1.33,1.53,1.88,2.22,4.8,2.85,2.21,1.83,1.52,1.15,11.5,7.5,1.22,17.5,4.0,2.25,12.5,1.18,1.83,3.75,10.0,4.5,1.83,1.25,1.06,1.1,1.5,2.62,5.5,7.0,2.5,1.44,1.14,0,0,0,0,6,5,0,1,0,1,5,1600914600,6490,1,55,32,19,0,0,2,1,7,2,5,0,9,5,0,1,1,0,1,1,1,71,19,177,60,2.61,0.52,3.13,0,0,0,0,0,0,1,1,2,0,3,0,0,0,-1,-1,-1,-1,-1,-1,-1,-1,-1,33,48,71,85,96,52,78,85,59,9.6,3.97,3.42,3.68,/clubs/los-angeles-fc-6490,teams/usa-los-angeles-fc.png,Los Angeles FC,/clubs/vancouver-whitecaps-fc-5,teams/canada-vancouver-whitecaps-fc.png,Vancouver Whitecaps,1.44,1.17,1.36,1.23,1.36,1.23,67,53,30,15,4,67,60,48,1.81,0.93,2.74,/usa/vancouver-whitecaps-fc-vs-los-angeles-fc-h2h-stats#1093351,4473,24,True,True,True,True,True,True,False,"['2', '5', '11', '14', '33', '69']",[]
MLS,2020,4473,1093352,677447,6,2020,complete,57712,0,-1,['49'],['89'],1,1,2,6,11,17,2,0,0,2,0,0,2,8,7,12,9,20,4,12,42,58,69.0,24795,28051,,,0,2,2.05,3.45,3.5,1.04,1.31,1.95,3.5,6.7,9.25,3.35,1.8,1.29,1.09,1.8,1.95,2.75,1.41,0.0,0.0,1.32,1.32,1.74,2.75,2.14,4.14,2.51,2.44,3.8,0,0,1.25,1.48,1.95,2.4,3.3,3.6,2.5,1.85,1.5,1.28,1.7,7.0,2.7,1.71,9.0,2.3,3.45,5.15,1.43,3.0,7.9,15.0,2.83,1.39,1.08,1.02,1.29,2.32,5.35,11.0,3.64,1.61,1.16,1.03,0,0,0,0,2,0,0,1,1,2,0,1601148600,-1,1,51,39,29,0,-1,2,1,2,2,4,9,4,13,0,0,0,2,0,2,1,35,59,97,131,0.97,2.25,3.22,0,0,0,0,0,0,1,1,0,0,1,1,0,0,-1,-1,-1,-1,-1,-1,-1,-1,-1,12,28,47,71,88,36,68,80,44,8.98,2.92,4.04,2.62,/clubs/nashville-sc-mls-677447,teams/usa-nashville-sc-mls.png,Nashville SC,/clubs/houston-dynamo-6,teams/usa-houston-dynamo.png,Houston Dynamo,1.46,0.91,1.25,1.15,1.25,1.15,89,73,53,29,13,56,35,31,1.42,1.45,2.87,/usa/houston-dynamo-vs-nashville-sc-mls-h2h-stats#1093352,4473,23,True,True,False,False,False,False,True,['49'],['89']
MLS,2020,4473,1093353,2,8043,2020,complete,57712,0,-1,"['1', '25', '43', '88']",[],4,0,4,7,2,9,3,2,3,2,0,0,8,4,15,6,23,10,13,17,61,39,7.0,762,409,,,3,2,1.53,4.1,5.95,1.04,1.28,1.87,3.25,6.15,10.0,3.55,1.87,1.33,1.11,1.91,1.8,2.1,1.67,0.0,0.0,1.07,1.17,2.7,1.91,2.4,5.7,1.74,2.75,5.2,0,0,1.2,1.4,1.7,2.2,3.0,4.0,2.75,2.05,1.6,1.34,1.22,10.0,5.5,1.33,11.5,3.45,2.35,9.0,1.32,2.55,5.9,13.25,3.15,1.48,1.1,1.01,1.24,1.91,4.4,8.0,4.04,1.77,1.21,1.06,0,0,0,0,4,3,0,1,0,1,3,1601161200,2,1,31,22,32,0,-1,2,1,3,2,4,0,5,4,1,0,2,2,1,4,1,47,21,146,73,2.36,1.07,3.43,0,0,0,0,0,0,1,1,1,0,2,1,0,0,-1,-1,-1,-1,-1,-1,-1,-1,-1,4,21,38,49,79,21,38,79,38,8.7,4.12,4.81,1.9,/clubs/new-york-city-fc-2,teams/usa-new-york-city-fc.png,New York City,/clubs/fc-cincinnati-8043,teams/usa-fc-cincinnati.png,FC Cincinnati,1.65,0.71,1.33,1.0,1.33,1.0,97,80,62,52,21,45,34,24,1.5,0.96,2.46,/usa/new-york-city-fc-vs-fc-cincinnati-h2h-stats#1093353,4473,24,True,True,True,True,False,False,False,"['1', '25', '43', '88']",[]
MLS,2020,4473,1093354,4,1,2020,complete,57712,0,-1,"['14', '35', '56', '57']",['4'],4,1,5,5,3,8,5,5,0,1,0,1,5,3,9,2,14,5,10,10,38,62,13812.0,36880,12517,,,0,3,1.54,4.3,5.5,1.01,1.18,1.59,2.5,4.4,13.0,4.65,2.3,1.51,1.19,1.67,2.1,2.55,1.44,0.0,0.0,1.16,1.23,2.0,2.2,2.25,4.4,1.95,2.55,4.0,0,0,1.2,1.4,1.7,2.2,3.0,4.1,2.75,2.05,1.6,1.34,1.36,8.5,4.0,1.49,11.25,2.7,2.95,6.7,1.31,2.5,5.75,12.25,3.1,1.45,1.09,1.03,1.21,1.95,4.04,8.0,4.44,1.77,1.24,1.06,0,0,0,0,5,2,1,2,0,2,3,1601247600,4,1,44,9,44,0,-1,2,1,2,2,3,1,4,4,0,1,0,1,1,1,1,56,42,81,116,1.63,0.85,2.48,0,0,0,0,0,0,1,1,0,1,2,1,0,0,-1,-1,-1,-1,-1,-1,-1,-1,-1,18,29,40,63,100,33,74,78,37,9.25,3.61,2.8,2.61,/clubs/new-york-red-bulls-4,teams/usa-new-york-red-bulls.png,New York RB,/clubs/montreal-impact-1,teams/canada-montreal-impact.png,Montreal Impact,1.33,1.04,1.31,1.14,1.31,1.14,82,71,60,37,0,51,48,37,1.29,1.07,2.36,/usa/montreal-impact-vs-new-york-red-bulls-h2h-stats#1093354,4473,24,True,True,True,True,True,False,True,"['14', '35', '56', '57']",['4']
MLS,2020,4473,1093355,13401,11,2020,complete,57712,0,-1,[],"['86', '90']",0,2,2,1,5,6,2,1,3,1,0,0,3,4,5,14,8,18,17,14,44,56,58.0,20,21032,,,3,1,3.75,3.55,1.95,1.03,1.26,1.83,3.15,5.9,10.25,3.65,1.91,1.34,1.12,1.71,2.0,4.05,1.19,0.0,0.0,1.68,1.3,1.37,3.7,2.26,2.78,3.36,2.58,2.58,0,0,1.1,1.22,1.4,1.7,2.15,6.0,3.9,2.75,2.05,1.62,2.7,7.0,1.7,2.14,12.75,1.78,5.15,3.7,1.36,2.59,5.85,13.25,2.92,1.44,1.1,1.02,1.23,2.06,4.4,9.0,4.2,1.76,1.21,1.05,0,0,0,0,2,0,0,0,2,2,0,1601247600,11,1,56,20,34,0,0,2,1,0,3,1,2,3,3,1,0,2,1,1,3,1,24,58,93,164,0.9,1.85,2.75,0,0,0,0,0,0,1,1,0,0,0,0,0,0,-1,-1,-1,-1,-1,-1,-1,-1,-1,4,15,41,63,82,30,49,74,38,10.56,4.59,3.22,2.05,/clubs/dc-united-13401,teams/usa-dc-united.png,DC United,/clubs/new-england-revolution-11,teams/usa-new-england-revolution.png,New England Revolution,0.91,1.46,0.85,1.29,0.85,1.29,96,85,59,37,18,74,55,48,0.97,1.64,2.61,/usa/new-england-revolution-vs-dc-united-h2h-stats#1093355,4473,23,True,True,False,False,False,False,False,[],"['86', '90']"
MLS,2020,4473,1093356,7,1016,2020,complete,57712,0,-1,"['7', '39']",[],2,0,2,3,4,7,5,3,0,1,0,0,4,5,7,4,11,9,10,7,48,52,39.0,2414,13004,,,0,1,1.61,4.15,5.0,1.02,1.21,1.67,2.7,4.9,12.0,4.25,2.15,1.43,1.16,1.69,2.05,3.0,1.33,0.0,0.0,1.27,1.27,1.94,2.3,2.3,3.9,2.23,2.77,3.8,0,0,1.25,1.48,1.95,2.4,3.3,3.6,2.5,1.85,1.5,1.28,1.45,8.0,3.5,1.59,12.5,2.35,3.45,6.2,1.29,2.45,5.55,11.75,3.2,1.48,1.1,1.03,1.18,1.89,3.76,7.5,4.8,1.91,1.27,1.07,0,0,0,0,2,2,0,0,0,0,2,1601249400,7,1,54,45,20,0,0,2,1,0,1,3,3,1,6,0,0,0,1,0,1,1,48,29,125,128,1.34,1.15,2.48,0,0,0,0,0,0,1,1,1,0,0,0,0,0,-1,-1,-1,-1,-1,-1,-1,-1,-1,8,23,58,77,92,42,70,73,43,8.92,3.16,4.23,2.62,/clubs/chicago-fire-7,teams/usa-chicago-fire.png,Chicago Fire,/clubs/atlanta-united-fc-1016,teams/usa-atlanta-united-fc.png,Atlanta United FC,1.0,0.96,0.92,1.08,0.92,1.08,92,77,43,23,8,46,27,23,1.45,1.16,2.61,/usa/chicago-fire-vs-atlanta-united-fc-h2h-stats#1093356,4473,23,True,True,False,False,False,False,False,"['7', '39']",[]
MLS,2020,4473,1093357,19,9,2020,complete,57712,0,-1,"['48', '59', '76']",['40'],3,1,4,4,2,6,1,3,2,2,0,0,5,1,5,7,10,8,7,10,55,45,13841.0,2,13,,,2,2,2.45,3.45,2.75,1.03,1.26,1.83,3.15,5.9,10.25,3.65,1.91,1.34,1.12,1.69,2.1,3.05,1.32,0.0,0.0,1.45,1.31,1.57,3.0,2.24,3.42,2.76,2.56,3.12,0,0,1.2,1.4,1.7,2.2,2.95,4.1,2.75,2.05,1.6,1.35,1.75,7.5,2.5,1.86,12.75,2.03,3.75,5.0,1.37,2.68,6.65,13.0,3.13,1.47,1.11,1.02,1.24,2.09,4.4,9.0,4.04,1.74,1.21,1.05,0,0,0,0,4,0,1,3,0,3,1,1601249400,19,1,40,0,7,0,0,2,1,1,2,3,0,3,3,1,0,1,2,1,3,1,53,48,147,96,1.39,0.93,2.32,0,0,0,0,0,0,1,1,0,0,0,0,0,0,-1,-1,-1,-1,-1,-1,-1,-1,-1,7,29,47,61,93,22,64,83,50,11.07,3.64,3.21,2.43,/clubs/toronto-fc-19,teams/canada-toronto-fc.png,Toronto,/clubs/columbus-crew-9,teams/usa-columbus-crew.png,Columbus Crew,1.76,1.93,1.79,2.21,1.79,2.21,93,72,54,40,7,64,57,43,1.8,1.39,3.19,/usa/columbus-crew-vs-toronto-fc-h2h-stats#1093357,4473,25,True,True,True,True,False,False,True,"['48', '59', '76']",['40']
MLS,2020,4473,1093358,16,677446,2020,complete,57712,0,-1,"['25', '69', '90+7']",[],3,0,3,2,8,10,1,4,1,1,0,0,4,0,3,16,7,16,12,11,40,60,19927.0,12,3134,,,1,1,2.6,3.35,2.6,1.03,1.27,1.87,3.2,6.0,10.25,3.6,1.91,1.33,1.11,1.69,2.1,3.35,1.27,0.0,0.0,1.33,1.26,1.59,2.7,2.2,3.35,2.45,2.55,2.85,0,0,1.16,1.33,1.6,2.0,2.65,4.6,3.1,2.2,1.72,1.42,1.8,7.0,2.5,1.77,11.75,2.05,4.0,5.2,1.32,2.55,6.0,12.75,3.05,1.43,1.09,1.02,1.21,1.95,3.94,8.0,4.44,1.85,1.25,1.06,0,0,0,0,3,1,0,2,0,2,1,1601249400,16,1,56,25,38,0,0,2,1,1,2,1,6,3,7,0,1,1,0,1,1,1,43,58,103,112,1.05,1.43,2.48,0,1,0,0,0,1,1,1,0,0,0,1,0,1,-1,-1,-1,-1,-1,-1,-1,-1,-1,17,20,56,63,87,35,56,69,44,8.21,4.5,5.16,2.44,/clubs/philadelphia-union-16,teams/usa-philadelphia-union.png,Philadelphia Union,/clubs/club-internacional-de-futbol-miami-677446,teams/usa-club-internacional-de-futbol-miami.png,Inter Miami,1.96,1.0,1.94,0.85,1.94,0.85,83,80,44,38,14,47,33,33,1.39,1.31,2.7,/usa/philadelphia-union-vs-club-internacional-de-futbol-miami-h2h-stats#1093358,4473,24,True,True,True,False,False,False,False,"['25', '69', '90+7']",[]
MLS,2020,4473,1093359,1015,14,2020,complete,57712,0,-1,[],[],0,0,0,3,3,6,0,2,1,2,0,0,2,2,7,9,9,11,7,11,57,43,36.0,5,26962,,,1,2,1.95,3.8,3.45,1.01,1.16,1.56,2.4,4.15,13.75,4.9,2.4,1.56,1.21,1.5,2.45,3.1,1.32,0.0,0.0,1.22,1.22,1.83,2.37,2.4,4.33,2.1,2.75,3.75,0,0,1.25,1.48,1.85,2.4,3.3,3.6,2.5,1.95,1.5,1.28,1.55,7.5,3.1,1.53,15.0,2.5,3.7,8.0,1.28,2.37,5.5,15.0,3.5,1.53,1.14,1.03,1.16,1.72,3.5,8.0,5.0,2.0,1.28,1.08,0,0,0,0,0,0,0,0,0,0,0,1601251200,-1,1,59,54,37,0,0,2,1,0,2,3,1,2,4,1,1,0,1,2,1,1,84,44,157,96,1.33,1.16,2.49,0,0,0,0,0,0,1,1,0,0,0,0,0,0,-1,-1,-1,-1,-1,-1,-1,-1,-1,24,50,69,87,90,36,70,90,67,9.75,2.39,4.85,3.43,/clubs/minnesota-united-fc-1015,teams/usa-minnesota-united-fc.png,Minnesota United,/clubs/real-salt-lake-14,teams/usa-real-salt-lake.png,Real Salt Lake,1.63,0.96,1.38,1.21,1.38,1.21,76,51,31,14,10,67,47,34,1.49,1.44,2.93,/usa/real-salt-lake-vs-minnesota-united-fc-h2h-stats#1093359,4473,23,False,False,False,False,False,False,False,[],[]
MLS,2020,4473,1093360,13,17,2020,complete,57712,0,-1,[],[],0,0,0,6,6,12,3,0,3,2,0,1,4,3,10,16,14,19,13,12,46,54,13851.0,12956,21031,,,3,3,2.25,3.7,2.8,1.01,1.19,1.62,2.55,4.55,12.75,4.5,2.25,1.49,1.19,1.54,2.35,3.6,1.26,0.0,0.0,1.39,1.26,1.57,2.87,2.3,3.4,2.5,2.6,3.0,0,0,1.14,1.28,1.53,1.98,2.5,5.0,3.3,2.35,1.83,1.48,1.85,7.0,2.4,1.72,12.25,2.2,4.2,5.15,1.3,2.5,6.0,17.0,3.4,1.5,1.12,1.02,1.16,1.83,3.75,9.0,5.0,1.83,1.25,1.07,0,0,0,0,0,0,0,0,0,0,0,1601253000,-1,1,73,26,47,0,3113,2,1,3,3,3,3,6,6,1,0,2,3,1,5,1,38,50,95,108,1.44,1.77,3.21,0,0,0,0,0,0,1,1,0,0,0,2,0,0,-1,-1,-1,-1,-1,-1,-1,-1,-1,19,39,58,78,89,40,58,85,55,9.17,2.65,3.93,2.81,/clubs/fc-dallas-13,teams/usa-fc-dallas.png,FC Dallas,/clubs/orlando-city-sc-17,teams/usa-orlando-city-sc.png,Orlando City,1.46,1.69,1.58,1.88,1.58,1.88,82,62,43,23,12,73,60,60,1.31,1.34,2.65,/usa/fc-dallas-vs-orlando-city-sc-h2h-stats#1093360,4473,24,False,False,False,False,False,False,False,[],[]
MLS,2020,4473,1093361,12,8,2020,canceled,57712,0,-1,[],[],0,0,0,-1,-1,-1,-1,-1,-1,-1,-1,-1,-1,-1,-1,-1,-1,-1,-1,-1,-1,-1,,-1,-1,,,-1,-1,2.7,3.45,2.5,1.02,1.2,1.67,2.7,4.85,12.0,4.3,2.15,1.44,1.17,1.56,2.35,4.1,1.2,0.0,0.0,1.44,1.25,1.44,3.1,2.3,3.1,2.75,2.65,2.75,0,0,1.2,1.4,1.7,2.2,2.95,4.1,2.75,2.05,1.6,1.35,2.0,7.0,2.2,2.0,15.0,1.8,5.2,5.2,1.3,2.37,6.0,15.0,3.4,1.53,1.12,1.03,1.16,1.8,3.5,8.0,5.0,1.9,1.28,1.08,0,0,0,0,0,0,0,0,0,0,0,1603328400,-1,1,70,31,42,0,-1,-1,-1,-1,-1,-1,-1,-1,-1,-1,-1,-1,-1,-1,-1,-1,0,0,0,0,0.0,0.0,0.0,0,0,0,0,0,0,1,1,0,0,-1,-1,-1,-1,-1,-1,-1,-1,-1,-1,-1,-1,-1,27,41,64,90,98,28,71,90,64,11.3,2.86,4.41,3.23,/clubs/colorado-rapids-12,teams/usa-colorado-rapids.png,Colorado Rapids,/clubs/sporting-kansas-city-8,teams/usa-sporting-kansas-city.png,Sporting KC,1.47,1.64,1.46,1.55,1.46,1.55,74,60,37,10,3,60,39,39,1.61,1.68,3.29,/usa/sporting-kansas-city-vs-colorado-rapids-h2h-stats,4473,19,False,False,False,False,False,False,False,[],[]
MLS,2020,4473,1093362,5,20,2020,complete,57712,0,-1,[],['5'],0,1,1,5,5,10,1,0,3,2,0,0,1,7,6,5,7,12,14,12,53,47,15.0,7207,7206,,,3,2,6.75,5.15,1.38,1.01,1.12,1.43,2.1,3.45,16.0,5.85,2.75,1.71,1.29,1.61,2.2,6.25,1.09,0.0,0.0,2.2,1.19,1.17,4.33,2.5,2.2,4.0,2.85,1.95,0,0,1.12,1.26,1.48,1.88,2.35,5.25,3.5,2.5,1.93,1.53,4.33,8.5,1.33,2.62,14.0,1.44,7.5,3.1,1.28,2.25,5.5,15.0,3.5,1.57,1.14,1.03,1.14,1.72,3.4,8.0,5.5,2.0,1.3,1.08,0,0,0,0,1,0,1,0,0,0,1,1601258400,20,1,63,72,53,0,-1,2,1,0,3,5,2,3,7,3,1,0,1,4,1,1,52,52,132,95,0.91,1.63,2.53,0,0,0,0,0,0,1,1,0,1,0,0,1,0,-1,-1,-1,-1,-1,-1,-1,-1,-1,27,42,70,84,97,49,74,84,55,7.45,2.37,3.97,3.51,/clubs/vancouver-whitecaps-fc-5,teams/canada-vancouver-whitecaps-fc.png,Vancouver Whitecaps,/clubs/portland-timbers-20,teams/usa-portland-timbers.png,Portland Timbers,1.17,1.79,1.14,1.82,1.14,1.82,74,58,30,17,4,68,53,43,0.9,1.38,2.28,/usa/vancouver-whitecaps-fc-vs-portland-timbers-h2h-stats#1093362,4473,24,True,False,False,False,False,False,False,[],['5']
MLS,2020,4473,1093363,6490,15,2020,complete,57712,0,-1,['45'],"['80', '90+3']",1,2,3,6,1,7,1,2,1,3,0,0,2,5,11,6,13,11,18,13,52,48,31.0,211,1763,,,1,3,1.21,7.0,10.0,1.0,1.03,1.18,1.49,2.1,23.5,10.25,4.7,2.55,1.71,1.48,2.5,2.5,1.47,0.0,0.0,1.02,1.08,3.75,1.72,2.87,6.0,1.57,3.75,5.5,0,0,1.15,1.3,1.57,1.85,2.6,4.75,3.2,2.25,1.95,1.44,1.18,10.0,6.5,1.28,23.0,3.5,2.55,12.5,1.18,1.83,3.75,10.0,4.5,1.83,1.25,1.06,1.1,1.5,2.5,5.0,7.0,2.5,1.5,1.16,0,0,0,0,3,1,0,0,2,2,1,1601260200,15,1,67,43,40,0,-1,2,1,3,0,3,1,3,4,0,1,1,2,1,3,1,61,32,143,81,1.42,1.28,2.7,0,0,0,0,0,0,1,1,0,0,0,0,0,0,-1,-1,-1,-1,-1,-1,-1,-1,-1,54,64,74,90,94,50,80,90,70,13.54,3.74,3.4,4.4,/clubs/los-angeles-fc-6490,teams/usa-los-angeles-fc.png,Los Angeles FC,/clubs/san-jose-earthquakes-15,teams/usa-san-jose-earthquakes.png,SJ Earthquakes,1.44,1.31,1.47,0.93,1.47,0.93,47,37,27,10,7,77,67,53,1.87,1.54,3.41,/usa/san-jose-earthquakes-vs-los-angeles-fc-h2h-stats#1093363,4473,25,True,True,True,False,False,False,True,['45'],"['80', '90+3']"
MLS,2020,4473,1093364,10,18,2020,complete,57712,0,-1,['88'],"['12', '38', '61']",1,3,4,8,5,13,3,4,1,0,0,0,4,8,6,7,10,15,9,3,50,50,57.0,1715,25,,,1,0,2.55,3.6,2.5,1.01,1.16,1.56,2.4,4.15,13.75,4.9,2.4,1.56,1.21,1.48,2.5,3.95,1.22,0.0,0.0,1.5,1.25,1.45,3.0,2.37,3.1,2.62,2.6,2.75,0,0,1.12,1.26,1.48,1.83,2.35,5.25,3.5,2.5,1.87,1.53,2.16,7.5,1.95,1.8,9.25,2.05,4.7,4.6,1.28,2.25,5.5,15.0,3.5,1.57,1.14,1.03,1.14,1.72,3.4,8.0,5.5,2.0,1.3,1.08,0,0,0,0,4,0,2,1,1,2,2,1601260200,18,1,56,9,42,0,-1,2,1,2,3,6,2,5,8,1,0,0,0,1,0,1,62,37,120,103,1.37,1.78,3.15,0,0,0,0,0,0,1,1,0,0,0,1,0,0,-1,-1,-1,-1,-1,-1,-1,-1,-1,20,28,60,84,92,28,64,89,52,11.42,3.66,3.54,3.08,/clubs/la-galaxy-10,teams/usa-la-galaxy.png,LA Galaxy,/clubs/seattle-sounders-fc-18,teams/usa-seattle-sounders-fc.png,Seattle Sounders,1.0,1.78,1.25,1.62,1.25,1.62,80,72,41,16,8,68,60,48,1.39,1.48,2.87,/usa/la-galaxy-vs-seattle-sounders-fc-h2h-stats#1093364,4473,22,True,True,True,True,False,False,True,['88'],"['12', '38', '61']"
MLS,2020,4473,1121041,17,4,2020,complete,57712,0,-1,"['24', '50', '90+5']",['54'],3,1,4,4,5,9,1,3,1,1,0,0,6,3,4,8,10,11,-1,-1,53,47,24.0,21031,36880,,,1,1,1.95,3.65,3.6,1.02,1.19,1.62,2.6,4.6,12.5,4.45,2.25,1.48,1.18,1.56,2.3,2.75,1.4,0.0,0.0,1.31,1.28,1.75,2.55,2.25,3.95,2.24,2.57,3.63,0,0,1.17,1.33,1.57,1.98,2.69,4.7,3.15,2.38,1.83,1.45,1.75,7.5,2.5,1.67,12.25,2.34,3.3,5.75,1.38,2.7,6.15,14.0,2.83,1.41,1.09,1.02,1.2,2.0,4.0,9.0,4.0,1.7,1.2,1.05,0,0,0,0,4,1,0,2,1,3,1,1601757000,17,1,60,18,28,0,-1,2,1,3,1,1,4,4,5,1,1,0,0,2,0,1,31,65,81,138,1.28,1.39,2.67,0,0,0,0,0,0,1,1,0,0,0,1,0,0,-1,-1,-1,-1,-1,-1,-1,-1,-1,16,27,45,74,95,37,70,84,43,9.17,3.35,3.36,2.57,/clubs/orlando-city-sc-17,teams/usa-orlando-city-sc.png,Orlando City,/clubs/new-york-red-bulls-4,teams/usa-new-york-red-bulls.png,New York RB,1.69,1.33,1.83,1.43,1.83,1.43,84,73,55,27,6,54,46,39,1.36,1.31,2.67,/usa/new-york-red-bulls-vs-orlando-city-sc-h2h-stats#1121041,4473,24,True,True,True,True,False,False,True,"['24', '50', '90+5']",['54']
MLS,2020,4473,1121042,13401,1016,2020,complete,57712,0,-1,[],"['4', '41', '65', '70']",0,4,4,3,3,6,1,1,2,3,1,0,0,4,7,8,7,12,-1,-1,49,51,13893.0,20,13004,,,4,3,2.45,3.15,2.95,1.06,1.36,2.1,3.9,7.5,8.5,3.05,1.69,1.24,1.07,1.83,1.87,3.3,1.29,0.0,0.0,1.49,1.29,1.49,3.25,2.1,3.25,2.86,2.45,2.83,0,0,1.2,1.43,1.67,2.1,2.63,4.3,2.63,2.1,1.67,1.43,2.0,7.5,2.15,1.95,9.25,1.95,4.35,4.15,1.42,2.86,6.6,15.75,2.67,1.37,1.08,1.02,1.25,2.1,4.5,10.0,3.6,1.65,1.17,1.04,0,0,0,0,4,0,2,0,2,2,2,1601766000,1016,1,50,37,29,0,-1,2,1,3,2,0,1,5,1,1,3,2,0,4,2,1,32,51,96,94,0.69,1.41,2.1,0,0,0,0,0,0,1,1,0,1,0,1,0,0,-1,-1,-1,-1,-1,-1,-1,-1,-1,7,18,43,64,90,36,65,65,36,7.71,4.0,4.21,2.25,/clubs/dc-united-13401,teams/usa-dc-united.png,DC United,/clubs/atlanta-united-fc-1016,teams/usa-atlanta-united-fc.png,Atlanta United FC,0.91,0.96,0.79,1.0,0.79,1.0,93,83,57,36,11,57,25,22,0.97,1.16,2.13,/usa/atlanta-united-fc-vs-dc-united-h2h-stats#1121042,4473,23,True,True,True,True,False,False,False,[],"['4', '41', '65', '70']"
MLS,2020,4473,1121043,1,7,2020,complete,57712,0,-1,"['22', '67']","['15', '73']",2,2,4,6,7,13,1,3,2,0,0,0,9,3,5,8,14,11,0,2,45,55,5016.0,12517,2414,,,2,0,4.25,4.2,1.69,1.01,1.15,1.51,2.3,4.0,14.0,5.1,2.45,1.59,1.23,1.54,2.35,4.9,1.15,0.0,0.0,1.6,1.29,1.38,2.15,2.4,4.8,1.94,2.8,4.5,0,0,1.28,1.57,1.93,2.4,3.5,3.45,2.25,1.88,1.5,1.28,1.3,9.0,4.4,2.2,13.25,1.69,5.95,3.95,1.26,2.43,6.0,16.0,3.5,1.5,1.11,1.01,1.15,1.75,3.2,6.5,4.7,1.95,1.3,1.08,0,0,0,0,4,1,1,1,1,2,2,1601767800,-1,1,55,28,29,0,-1,2,1,3,1,3,6,4,9,0,0,2,0,0,2,1,40,60,96,121,1.81,1.35,3.16,0,0,0,0,0,0,1,1,0,0,1,0,0,0,-1,-1,-1,-1,-1,-1,-1,-1,-1,17,38,62,80,97,49,69,83,55,9.46,4.13,3.6,3.03,/clubs/montreal-impact-1,teams/canada-montreal-impact.png,Montreal Impact,/clubs/chicago-fire-7,teams/usa-chicago-fire.png,Chicago Fire,1.04,1.0,1.07,1.07,1.07,1.07,83,62,38,20,4,52,45,38,1.06,1.44,2.5,/usa/montreal-impact-vs-chicago-fire-h2h-stats#1121043,4473,23,True,True,True,True,False,False,True,"['22', '67']","['15', '73']"
MLS,2020,4473,1121044,11,677447,2020,complete,57712,0,-1,[],[],0,0,0,12,3,15,0,1,0,1,0,0,3,1,15,3,18,4,1,0,66,34,40.0,21032,24795,,,0,1,1.8,3.55,4.4,1.05,1.33,2.05,3.65,7.0,9.0,3.2,1.74,1.27,1.08,1.91,1.83,2.3,1.57,0.0,0.0,1.22,1.26,1.98,2.5,2.1,4.85,2.1,2.47,4.35,0,0,1.22,1.48,1.73,2.1,2.7,4.0,2.5,2.0,1.65,1.4,1.55,7.0,3.2,1.57,10.0,2.65,2.8,6.35,1.45,2.9,7.0,15.0,2.55,1.35,1.07,1.02,1.25,2.2,4.7,11.0,3.6,1.6,1.15,1.03,0,0,0,0,0,0,0,0,0,0,0,1601767800,-1,1,46,16,9,0,-1,2,1,5,2,7,1,7,8,0,0,0,1,0,1,1,74,39,170,89,1.9,0.62,2.51,0,0,0,0,0,0,1,1,0,0,2,0,0,0,-1,-1,-1,-1,-1,-1,-1,-1,-1,4,11,28,61,83,25,43,71,32,11.3,3.13,2.59,1.9,/clubs/new-england-revolution-11,teams/usa-new-england-revolution.png,New England Revolution,/clubs/nashville-sc-mls-677447,teams/usa-nashville-sc-mls.png,Nashville SC,1.46,1.46,1.4,1.23,1.4,1.23,96,89,72,40,18,61,41,38,1.65,1.39,3.04,/usa/new-england-revolution-vs-nashville-sc-mls-h2h-stats#1121044,4473,26,False,False,False,False,False,False,False,[],[]
MLS,2020,4473,1121045,19,16,2020,complete,57712,0,-1,"['58', '76']",['5'],2,1,3,7,1,8,0,3,0,1,0,0,4,6,10,4,14,10,-1,-1,57,43,13864.0,2,12,,,0,1,1.87,3.85,3.75,1.01,1.18,1.61,2.55,4.45,12.75,4.55,2.25,1.5,1.19,1.56,2.3,2.8,1.39,0.0,0.0,1.32,1.25,1.79,2.6,2.25,4.0,2.18,2.62,3.7,0,0,1.18,1.4,1.65,2.0,2.5,4.5,2.7,2.1,1.73,1.48,1.53,8.0,3.1,1.65,10.0,2.35,3.3,6.05,1.4,2.55,6.0,14.0,2.7,1.45,1.1,1.02,1.2,1.95,4.0,8.0,4.0,1.75,1.2,1.05,0,0,0,0,3,0,1,2,0,2,1,1601767800,19,1,50,13,13,0,-1,2,1,5,1,2,0,6,2,0,0,0,1,0,1,1,88,52,129,102,1.8,1.43,3.24,0,0,0,0,0,0,1,1,0,1,2,0,0,0,-1,-1,-1,-1,-1,-1,-1,-1,-1,16,36,57,63,91,28,63,78,57,9.89,4.05,3.77,2.7,/clubs/toronto-fc-19,teams/canada-toronto-fc.png,Toronto,/clubs/philadelphia-union-16,teams/usa-philadelphia-union.png,Philadelphia Union,1.76,1.96,1.87,2.0,1.87,2.0,85,65,44,38,10,66,53,40,1.77,1.37,3.14,/usa/philadelphia-union-vs-toronto-fc-h2h-stats#1121045,4473,25,True,True,True,False,False,False,True,"['58', '76']",['5']
MLS,2020,4473,1121046,6,8,2020,complete,57712,0,-1,['84'],"['34', '73']",1,2,3,4,2,6,2,2,4,5,0,0,5,6,7,5,12,11,-1,-1,60,40,39.0,28051,18,,,4,5,2.55,3.6,2.55,1.01,1.16,1.56,2.4,4.15,13.75,4.9,2.4,1.56,1.21,1.48,2.5,4.3,1.19,0.0,0.0,1.44,1.24,1.52,3.1,2.37,3.1,2.78,2.71,2.62,0,0,1.21,1.43,1.72,2.26,2.63,4.1,2.63,2.09,1.6,1.43,2.15,7.5,2.0,1.94,17.25,1.87,5.1,4.55,1.29,2.32,5.0,12.0,3.25,1.54,1.14,1.01,1.15,1.75,3.2,6.5,4.7,1.95,1.3,1.08,0,0,0,0,3,0,1,1,1,2,1,1601769600,8,1,72,25,9,0,2004,2,1,2,1,2,1,3,3,1,1,3,4,2,7,1,74,47,130,92,1.65,1.46,3.11,0,0,0,0,0,0,1,1,0,0,1,0,0,0,-1,-1,-1,-1,-1,-1,-1,-1,-1,17,38,66,90,93,45,80,87,56,12.06,3.46,4.43,3.21,/clubs/houston-dynamo-6,teams/usa-houston-dynamo.png,Houston Dynamo,/clubs/sporting-kansas-city-8,teams/usa-sporting-kansas-city.png,Sporting KC,0.91,1.64,1.14,1.4,1.14,1.4,83,62,35,10,7,66,62,59,1.51,1.77,3.28,/usa/houston-dynamo-vs-sporting-kansas-city-h2h-stats#1121046,4473,23,True,True,True,False,False,False,True,['84'],"['34', '73']"
MLS,2020,4473,1121047,677446,2,2020,complete,57712,0,-1,"['27', '38']","['4', '35', '43']",2,3,5,11,1,12,1,3,3,3,0,0,4,4,9,5,13,9,1,0,59,41,57.0,3134,762,,,3,3,2.25,3.55,2.95,1.02,1.22,1.71,2.8,5.1,11.5,4.15,2.1,1.42,1.15,1.59,2.25,2.9,1.37,0.0,0.0,1.3,1.26,1.67,2.87,2.2,3.75,2.46,2.5,3.3,0,0,1.21,1.43,1.71,2.25,2.63,4.1,2.63,2.05,1.56,1.43,2.2,7.0,2.0,1.78,11.25,2.19,3.6,5.1,1.41,3.03,6.45,15.5,3.01,1.41,1.08,1.02,1.2,2.1,4.5,10.0,4.0,1.65,1.17,1.04,0,0,0,0,5,2,3,0,0,0,5,1601769600,2,1,44,30,17,0,-1,2,1,6,1,5,0,7,5,1,0,2,3,1,5,1,74,22,118,72,1.64,1.01,2.65,0,0,0,0,0,0,1,1,0,1,1,0,0,0,-1,-1,-1,-1,-1,-1,-1,-1,-1,7,23,51,54,87,31,51,76,37,10.26,4.81,5.34,2.22,/clubs/club-internacional-de-futbol-miami-677446,teams/usa-club-internacional-de-futbol-miami.png,Inter Miami,/clubs/new-york-city-fc-2,teams/usa-new-york-city-fc.png,New York City,1.0,1.65,0.79,1.44,0.79,1.44,93,78,50,46,14,46,33,26,1.32,1.56,2.88,/usa/new-york-city-fc-vs-club-internacional-de-futbol-miami-h2h-stats#1121047,4473,24,True,True,True,True,True,False,True,"['27', '38']","['4', '35', '43']"
MLS,2020,4473,1121048,1015,8043,2020,complete,57712,0,-1,"['16', '69']",[],2,0,2,3,8,11,0,2,2,2,0,0,2,3,12,12,14,15,0,2,41,59,42.0,5,409,,,2,2,1.77,3.65,4.45,1.02,1.21,1.69,2.75,5.0,11.75,4.2,2.1,1.43,1.16,1.62,2.15,2.65,1.43,0.0,0.0,1.21,1.21,1.97,2.15,2.4,4.7,1.9,2.8,4.4,0,0,1.25,1.5,1.88,2.25,3.25,3.7,2.4,1.93,1.57,1.3,1.38,8.0,4.0,1.49,17.0,2.63,3.0,7.5,1.29,2.33,5.05,12.25,3.28,1.54,1.13,1.01,1.15,1.8,3.6,7.0,4.7,1.9,1.25,1.07,0,0,0,0,2,1,0,1,0,1,1,1601769600,1015,1,49,25,35,0,0,2,1,3,4,0,4,7,4,0,1,2,1,1,3,1,42,53,123,108,1.34,1.54,2.88,1,0,1,0,0,0,1,1,0,0,0,0,0,0,-1,-1,-1,-1,-1,-1,-1,-1,-1,13,37,62,71,81,37,59,81,53,7.18,2.98,4.2,2.68,/clubs/minnesota-united-fc-1015,teams/usa-minnesota-united-fc.png,Minnesota United,/clubs/fc-cincinnati-8043,teams/usa-fc-cincinnati.png,FC Cincinnati,1.63,0.71,1.35,0.93,1.35,0.93,88,64,39,29,20,53,34,21,1.48,0.97,2.45,/usa/minnesota-united-fc-vs-fc-cincinnati-h2h-stats#1121048,4473,24,True,True,False,False,False,False,False,"['16', '69']",[]
MLS,2020,4473,1121049,13,9,2020,complete,57712,0,-1,"['38', '53']","['47', '62']",2,2,4,4,5,9,2,2,1,3,0,0,3,5,11,7,14,12,16,13,54,46,15.0,12956,13,,,1,3,2.65,3.45,2.5,1.03,1.25,1.8,3.0,5.6,10.75,3.8,2.0,1.37,1.13,1.65,2.15,3.75,1.24,0.0,0.0,1.46,1.26,1.56,3.2,2.25,3.05,2.86,2.59,2.68,0,0,1.21,1.43,1.72,2.26,2.63,4.1,2.63,2.09,1.6,1.43,2.15,7.0,2.05,1.98,13.0,1.89,4.65,4.1,1.37,2.65,6.0,14.25,2.86,1.42,1.09,1.01,1.2,1.95,4.0,8.75,4.0,1.75,1.2,1.04,0,0,0,0,4,1,0,1,2,3,1,1601771400,-1,1,44,7,19,0,3572,2,1,1,3,3,2,4,5,0,1,1,2,1,3,1,37,37,84,98,1.36,1.38,2.74,1,0,1,0,0,0,1,1,0,0,0,0,0,0,-1,-1,-1,-1,-1,-1,-1,-1,-1,12,29,43,65,85,22,53,78,47,9.82,2.88,3.58,2.33,/clubs/fc-dallas-13,teams/usa-fc-dallas.png,FC Dallas,/clubs/columbus-crew-9,teams/usa-columbus-crew.png,Columbus Crew,1.46,1.93,1.54,2.07,1.54,2.07,89,71,57,36,15,65,61,58,1.32,1.36,2.68,/usa/columbus-crew-vs-fc-dallas-h2h-stats#1121049,4473,24,True,True,True,True,False,False,True,"['38', '53']","['47', '62']"
MLS,2020,4473,1121050,20,12,2020,complete,57712,0,-1,[],['83'],0,1,1,2,6,8,2,1,3,1,0,0,0,4,11,6,11,10,13,16,51,49,13893.0,7206,11434,,,3,1,2.2,3.65,3.0,1.01,1.15,1.51,2.3,3.95,14.0,5.25,2.5,1.61,1.24,1.45,2.6,3.8,1.23,0.0,0.0,1.37,1.25,1.57,2.57,2.59,3.88,2.23,2.83,3.23,0,0,1.17,1.33,1.55,2.0,2.6,4.7,3.15,2.43,1.8,1.48,1.63,7.5,2.7,1.65,15.0,2.15,4.3,6.65,1.25,2.3,4.3,10.25,3.6,1.65,1.18,1.02,1.12,1.65,2.9,5.75,5.2,2.1,1.35,1.1,0,0,0,0,1,0,0,0,1,1,0,1604545200,12,1,73,8,55,0,0,2,1,0,3,2,3,3,5,0,0,3,1,0,4,1,52,49,109,123,1.08,1.28,2.36,0,0,0,0,0,0,1,1,0,0,0,0,0,0,-1,-1,-1,-1,-1,-1,-1,-1,-1,28,43,69,92,100,30,68,94,66,8.87,2.48,3.97,3.55,/clubs/portland-timbers-20,teams/usa-portland-timbers.png,Portland Timbers,/clubs/colorado-rapids-12,teams/usa-colorado-rapids.png,Colorado Rapids,1.79,1.47,1.92,1.38,1.92,1.38,73,57,32,8,0,66,40,32,1.42,1.58,3.0,/usa/colorado-rapids-vs-portland-timbers-h2h-stats#1121050,4473,19,True,False,False,False,False,False,False,[],['83']
MLS,2020,4473,1121051,18,5,2020,complete,57712,0,-1,"['46', '53', '58']",['65'],3,1,4,6,0,6,0,1,2,2,0,1,9,2,13,1,22,3,8,18,69,31,13841.0,25,7207,,,2,4,1.26,6.25,9.0,1.01,1.11,1.41,2.05,3.35,16.25,6.0,2.85,1.74,1.31,1.71,2.05,1.8,1.91,0.0,0.0,1.05,1.1,3.3,1.61,2.8,8.5,1.43,3.37,8.65,0,0,1.12,1.24,1.48,1.75,2.29,5.8,3.85,2.5,2.05,1.57,1.09,12.0,10.0,1.23,23.0,3.97,1.91,13.25,1.24,2.13,4.45,10.75,3.68,1.64,1.17,1.02,1.12,1.65,2.9,6.0,5.2,2.1,1.35,1.09,0,0,0,0,4,0,0,3,1,4,0,1601776800,18,1,52,6,28,0,-1,2,1,3,0,3,0,3,3,0,1,2,2,1,4,1,101,14,154,53,2.75,0.44,3.19,0,1,0,1,0,0,1,1,0,0,0,0,0,0,-1,-1,-1,-1,-1,-1,-1,-1,-1,21,38,70,80,93,48,72,80,52,9.19,3.61,3.37,3.25,/clubs/seattle-sounders-fc-18,teams/usa-seattle-sounders-fc.png,Seattle Sounders,/clubs/vancouver-whitecaps-fc-5,teams/canada-vancouver-whitecaps-fc.png,Vancouver Whitecaps,1.78,1.17,1.71,1.07,1.71,1.07,80,62,31,21,7,73,73,56,1.5,0.9,2.4,/usa/vancouver-whitecaps-fc-vs-seattle-sounders-fc-h2h-stats#1121051,4473,24,True,True,True,True,False,False,True,"['46', '53', '58']",['65']
MLS,2020,4473,1121052,15,10,2020,complete,57712,0,-1,"['42', '82']",['4'],2,1,3,3,4,7,4,1,3,4,0,0,5,1,8,9,13,10,13,14,61,39,12.0,1763,1715,,,3,4,2.65,3.95,2.3,1.01,1.13,1.43,2.1,3.5,15.5,5.7,2.7,1.69,1.28,1.41,2.75,5.0,1.14,0.0,0.0,1.5,1.25,1.45,3.2,2.4,2.75,2.94,2.8,2.42,0,0,1.13,1.27,1.47,1.85,2.42,5.1,3.6,2.64,1.95,1.55,2.5,7.5,1.75,2.01,20.5,1.77,5.75,4.5,1.26,2.18,4.57,10.75,3.48,1.61,1.16,1.02,1.12,1.65,3.2,6.0,5.2,2.1,1.3,1.09,0,0,0,0,3,1,1,1,0,1,2,1601778600,15,1,65,28,40,0,-1,2,1,1,1,2,3,2,5,1,3,2,1,4,3,1,35,28,111,84,1.43,0.91,2.35,2,0,1,0,1,0,1,1,0,1,0,0,0,0,-1,-1,-1,-1,-1,-1,-1,-1,-1,40,47,58,87,90,34,69,90,68,12.19,3.0,3.79,3.69,/clubs/san-jose-earthquakes-15,teams/usa-san-jose-earthquakes.png,SJ Earthquakes,/clubs/la-galaxy-10,teams/usa-la-galaxy.png,LA Galaxy,1.31,1.0,1.06,1.15,1.06,1.15,61,54,43,14,11,69,58,44,1.52,1.39,2.91,/usa/la-galaxy-vs-san-jose-earthquakes-h2h-stats#1121052,4473,22,True,True,True,False,False,False,True,"['42', '82']",['4']
MLS,2020,4473,1121053,14,6490,2020,complete,57712,0,-1,['64'],"['22', '27', '59']",1,3,4,9,2,11,2,4,3,0,0,0,1,4,4,2,5,6,13,7,48,52,20.0,26962,211,,,3,0,3.4,4.1,1.91,1.01,1.14,1.49,2.2,3.75,14.75,5.35,2.55,1.62,1.25,1.47,2.55,5.2,1.12,0.0,0.0,1.6,1.28,1.4,3.5,2.45,2.55,3.12,2.83,2.29,0,0,1.22,1.44,1.73,2.1,2.7,4.0,2.6,2.0,1.65,1.4,2.17,7.0,1.96,2.1,14.75,1.69,6.0,4.15,1.25,2.13,4.42,9.75,3.58,1.64,1.17,1.02,1.15,1.74,3.26,6.5,5.5,2.09,1.34,1.08,0,0,0,0,4,0,2,1,1,2,2,1601861400,6490,1,52,0,36,0,3062,2,1,2,0,7,2,2,9,0,0,3,0,0,3,1,70,51,98,87,0.9,1.04,1.93,0,0,0,0,0,0,1,1,0,0,0,0,0,0,-1,-1,-1,-1,-1,-1,-1,-1,-1,36,48,67,87,90,35,74,87,62,11.5,3.58,4.23,3.69,/clubs/real-salt-lake-14,teams/usa-real-salt-lake.png,Real Salt Lake,/clubs/los-angeles-fc-6490,teams/usa-los-angeles-fc.png,Los Angeles FC,0.96,1.44,1.2,1.38,1.2,1.38,65,52,33,13,10,65,48,39,1.42,1.84,3.26,/usa/real-salt-lake-vs-los-angeles-fc-h2h-stats#1121053,4473,23,True,True,True,True,False,False,True,['64'],"['22', '27', '59']"
MLS,2020,4473,1121054,2,13401,2020,complete,57712,0,-1,"['4', '55', '63', '88']",['12'],4,1,5,6,5,11,1,0,1,0,0,0,10,3,21,3,31,6,15,5,71,29,36.0,762,20,,,1,0,1.37,4.95,7.5,1.02,1.2,1.65,2.65,4.75,12.25,4.35,2.2,1.45,1.17,1.91,1.8,2.4,1.49,0.0,0.0,1.17,1.22,2.38,2.05,2.38,5.25,1.91,2.75,4.75,0,0,1.12,1.3,1.54,1.95,2.5,5.25,3.3,2.38,1.85,1.49,1.22,9.5,5.1,1.45,13.0,3.0,2.7,8.0,1.32,2.48,5.9,12.0,3.38,1.54,1.13,1.03,1.2,1.91,3.6,8.0,4.0,1.8,1.25,1.05,0,0,0,0,5,1,1,3,0,3,2,1602116100,2,1,41,19,15,0,-1,2,1,4,1,2,4,5,6,0,0,1,0,0,1,1,76,16,140,65,3.2,0.71,3.91,2,1,2,1,0,0,1,1,1,0,0,0,0,0,-1,-1,-1,-1,-1,-1,-1,-1,-1,7,31,44,57,88,31,47,81,41,9.55,4.68,4.92,2.26,/clubs/new-york-city-fc-2,teams/usa-new-york-city-fc.png,New York City,/clubs/dc-united-13401,teams/usa-dc-united.png,DC United,1.65,0.91,1.53,0.73,1.53,0.73,94,69,56,43,13,63,40,34,1.52,0.95,2.47,/usa/new-york-city-fc-vs-dc-united-h2h-stats#1121054,4473,23,True,True,True,True,True,False,True,"['4', '55', '63', '88']",['12']
MLS,2020,4473,1121055,677447,1015,2020,complete,57712,0,-1,[],[],0,0,0,4,5,9,2,0,1,0,0,0,3,6,7,8,10,14,13,18,55,45,13893.0,24795,5,,,1,0,2.2,3.55,3.05,1.03,1.26,1.83,3.1,5.8,10.5,3.7,1.95,1.35,1.12,1.67,2.1,3.0,1.34,0.0,0.0,1.33,1.29,1.61,2.8,2.15,3.55,2.6,2.4,3.0,0,0,1.31,1.54,1.9,2.44,3.3,3.2,2.32,1.8,1.49,1.29,1.83,6.5,2.5,1.8,9.75,2.15,3.75,5.05,1.37,2.8,6.75,15.0,2.9,1.4,1.08,1.02,1.25,2.1,4.74,9.0,3.94,1.67,1.19,1.05,0,0,0,0,0,0,0,0,0,0,0,1602030600,-1,1,52,24,40,0,-1,2,1,2,2,2,3,4,5,1,0,0,0,1,0,1,44,46,103,122,1.17,1.65,2.82,0,0,0,0,0,0,1,1,0,0,0,0,0,0,-1,-1,-1,-1,-1,-1,-1,-1,-1,12,32,47,67,84,33,58,77,45,9.2,2.11,3.43,2.51,/clubs/nashville-sc-mls-677447,teams/usa-nashville-sc-mls.png,Nashville SC,/clubs/minnesota-united-fc-1015,teams/usa-minnesota-united-fc.png,Minnesota United,1.46,1.63,1.21,1.44,1.21,1.44,88,68,54,34,16,62,36,30,1.33,1.47,2.8,/usa/minnesota-united-fc-vs-nashville-sc-mls-h2h-stats#1121055,4473,26,False,False,False,False,False,False,False,[],[]
MLS,2020,4473,1121056,1016,17,2020,complete,57712,0,-1,[],[],0,0,0,5,7,12,2,0,3,2,0,0,2,6,6,9,8,15,12,9,52,48,69.0,13004,21031,,,3,2,2.75,3.5,2.4,1.03,1.23,1.74,2.9,5.35,11.25,3.95,2.05,1.39,1.14,1.62,2.2,3.85,1.21,0.0,0.0,1.51,1.27,1.38,3.15,2.2,2.9,2.8,2.45,2.6,0,0,1.22,1.43,1.67,2.1,2.6,4.0,2.63,2.1,1.67,1.44,1.96,7.0,2.17,1.95,11.25,1.87,4.8,4.2,1.31,2.55,5.85,12.5,3.1,1.44,1.09,1.02,1.22,1.91,4.2,8.0,4.3,1.77,1.23,1.06,0,0,0,0,0,0,0,0,0,0,0,1602111600,-1,1,66,22,33,0,-1,2,1,3,4,2,3,7,5,1,0,2,2,1,4,1,42,57,108,138,0.96,1.79,2.75,0,0,0,0,0,0,1,1,0,0,1,0,0,0,-1,-1,-1,-1,-1,-1,-1,-1,-1,9,29,55,76,91,45,72,71,43,8.56,3.13,4.29,2.62,/clubs/atlanta-united-fc-1016,teams/usa-atlanta-united-fc.png,Atlanta United FC,/clubs/orlando-city-sc-17,teams/usa-orlando-city-sc.png,Orlando City,0.96,1.69,1.13,1.89,1.13,1.89,91,72,45,25,9,57,33,33,1.18,1.36,2.54,/usa/orlando-city-sc-vs-atlanta-united-fc-h2h-stats#1121056,4473,23,False,False,False,False,False,False,False,[],[]
MLS,2020,4473,1121057,4,677446,2020,complete,57712,0,-1,['53'],"['55', '81']",1,2,3,11,5,16,0,0,3,1,0,0,3,3,8,4,11,7,12,9,56,44,7.0,11574,3134,,,3,1,2.35,3.65,2.75,1.02,1.2,1.67,2.7,4.85,12.0,4.3,2.15,1.44,1.17,1.56,2.3,3.3,1.27,0.0,0.0,1.38,1.3,1.61,2.73,2.22,3.42,2.46,2.64,3.08,0,0,1.22,1.44,1.73,2.1,2.7,4.0,2.6,2.0,1.65,1.4,1.64,7.5,2.7,1.78,14.5,2.09,3.95,5.0,1.33,2.49,5.55,12.5,3.03,1.47,1.11,1.02,1.21,1.91,4.04,7.5,4.44,1.77,1.24,1.07,0,0,0,0,3,0,0,1,2,3,0,1602111600,677446,1,50,20,20,0,-1,2,1,8,4,3,1,12,4,1,0,2,1,1,3,1,55,43,116,89,1.31,0.97,2.28,0,0,0,0,0,0,1,1,0,0,3,0,0,0,-1,-1,-1,-1,-1,-1,-1,-1,-1,20,24,50,67,94,34,74,70,37,9.06,4.2,3.86,2.54,/clubs/new-york-red-bulls-4,teams/usa-new-york-red-bulls.png,New York RB,/clubs/club-internacional-de-futbol-miami-677446,teams/usa-club-internacional-de-futbol-miami.png,Inter Miami,1.33,1.0,1.33,0.73,1.33,0.73,80,77,50,33,7,40,30,20,1.32,1.34,2.66,/usa/new-york-red-bulls-vs-club-internacional-de-futbol-miami-h2h-stats#1121057,4473,24,True,True,True,False,False,False,True,['53'],"['55', '81']"
MLS,2020,4473,1121058,11,19,2020,complete,57712,0,-1,[],['29'],0,1,1,7,2,9,0,2,4,2,0,0,6,3,7,2,13,5,14,16,59,41,20.0,21032,2,,,4,2,2.45,3.55,2.7,1.02,1.21,1.67,2.7,4.9,12.0,4.25,2.15,1.43,1.16,1.57,2.3,3.65,1.23,0.0,0.0,1.44,1.26,1.45,2.95,2.2,3.05,2.65,2.5,2.75,0,0,1.12,1.29,1.55,1.9,2.25,5.25,3.45,2.3,1.9,1.57,1.77,7.5,2.4,1.87,11.25,1.95,4.4,4.5,1.31,2.5,5.75,12.25,3.15,1.45,1.1,1.03,1.21,1.91,4.04,7.5,4.44,1.77,1.24,1.07,0,0,0,0,1,0,1,0,0,0,1,1602113400,19,1,53,29,43,0,-1,2,1,4,2,3,0,6,3,1,0,3,2,1,5,1,86,19,163,75,1.88,0.68,2.55,1,0,0,0,1,0,1,1,0,0,0,1,0,0,-1,-1,-1,-1,-1,-1,-1,-1,-1,7,25,47,63,85,25,57,75,47,12.57,3.81,2.5,2.32,/clubs/new-england-revolution-11,teams/usa-new-england-revolution.png,New England Revolution,/clubs/toronto-fc-19,teams/canada-toronto-fc.png,Toronto,1.46,1.76,1.38,1.94,1.38,1.94,94,75,54,38,16,66,60,47,1.67,1.77,3.44,/usa/new-england-revolution-vs-toronto-fc-h2h-stats#1121058,4473,25,True,False,False,False,False,False,False,[],['29']
MLS,2020,4473,1121059,16,8043,2020,complete,57712,0,-1,"['59', '73', '79']",[],3,0,3,11,5,16,2,1,3,0,0,0,5,3,11,7,16,10,16,12,42,58,13889.0,12,409,,,3,0,1.59,3.95,5.55,1.04,1.28,1.91,3.25,6.25,9.75,3.5,1.87,1.32,1.11,1.91,1.83,2.3,1.54,0.0,0.0,1.11,1.21,2.25,2.28,2.45,5.33,1.8,2.65,4.7,0,0,1.27,1.5,1.9,2.45,3.4,3.55,2.48,1.9,1.5,1.29,1.3,8.5,4.3,1.39,11.25,3.05,2.6,7.5,1.35,2.72,5.85,12.5,3.34,1.49,1.09,1.02,1.22,1.91,4.2,8.0,4.3,1.77,1.23,1.06,0,0,0,0,3,0,0,3,0,3,0,1602113400,16,1,38,11,42,0,-1,2,1,4,2,7,3,6,10,1,0,2,0,1,2,1,62,30,101,73,1.81,1.06,2.87,0,0,0,0,0,0,1,1,0,0,1,0,0,0,-1,-1,-1,-1,-1,-1,-1,-1,-1,12,21,50,65,82,27,53,77,47,6.99,3.98,4.36,2.31,/clubs/philadelphia-union-16,teams/usa-philadelphia-union.png,Philadelphia Union,/clubs/fc-cincinnati-8043,teams/usa-fc-cincinnati.png,FC Cincinnati,1.96,0.71,1.89,0.88,1.89,0.88,89,80,50,36,18,53,38,29,1.38,1.0,2.38,/usa/philadelphia-union-vs-fc-cincinnati-h2h-stats#1121059,4473,24,True,True,True,False,False,False,False,"['59', '73', '79']",[]
MLS,2020,4473,1121060,9,1,2020,complete,57712,0,-1,['45'],"['24', '74']",1,2,3,3,0,3,3,2,1,3,0,0,7,2,14,4,21,6,7,15,58,42,13864.0,13,12517,,,1,3,1.49,4.4,6.0,1.01,1.18,1.59,2.45,4.35,13.25,4.7,2.3,1.51,1.2,1.67,2.1,2.25,1.56,0.0,0.0,1.07,1.15,2.6,1.91,2.45,5.25,1.69,2.85,4.95,0,0,1.28,1.57,1.93,2.38,3.45,3.5,2.25,1.88,1.53,1.28,1.24,9.0,4.9,1.33,12.75,3.25,2.45,8.5,1.29,2.4,5.5,11.75,3.25,1.49,1.11,1.03,1.18,1.86,3.64,7.5,4.9,1.94,1.29,1.07,0,0,0,0,3,1,1,0,1,1,2,1602113400,1,1,51,15,35,0,-1,2,1,2,0,1,0,2,1,1,1,0,2,2,2,1,71,25,141,101,2.33,0.72,3.05,0,1,0,1,0,0,1,1,0,0,0,0,0,0,-1,-1,-1,-1,-1,-1,-1,-1,-1,13,38,54,69,97,32,69,85,53,9.88,3.94,3.5,2.78,/clubs/columbus-crew-9,teams/usa-columbus-crew.png,Columbus Crew,/clubs/montreal-impact-1,teams/canada-montreal-impact.png,Montreal Impact,1.93,1.04,2.0,1.06,2.0,1.06,88,63,47,31,3,60,53,47,1.36,1.11,2.47,/usa/montreal-impact-vs-columbus-crew-h2h-stats#1121060,4473,25,True,True,True,False,False,False,True,['45'],"['24', '74']"
MLS,2020,4473,1121061,6,13,2020,complete,57712,0,-1,"['20', '83']",[],2,0,2,5,15,20,1,0,2,4,1,0,5,4,6,21,11,25,11,14,28,72,31.0,28051,12956,,,4,4,2.25,3.65,2.95,1.01,1.17,1.56,2.4,4.25,13.5,4.8,2.35,1.54,1.21,1.49,2.5,3.5,1.25,0.0,0.0,1.33,1.23,1.65,2.55,2.3,3.3,2.35,2.6,2.95,0,0,1.2,1.43,1.73,2.1,2.63,4.25,2.63,2.0,1.67,1.43,1.58,7.5,2.88,1.71,13.0,2.1,4.0,5.45,1.28,2.4,5.3,11.25,3.25,1.51,1.11,1.03,1.17,1.83,3.52,7.0,5.0,1.97,1.3,1.08,0,0,0,0,2,1,0,1,0,1,1,1602115200,6,1,65,20,29,0,1582,2,1,4,6,1,9,10,10,3,0,0,4,3,4,1,30,107,59,134,1.26,2.62,3.88,1,0,1,0,0,0,1,1,0,0,1,2,1,0,-1,-1,-1,-1,-1,-1,-1,-1,-1,17,38,59,79,86,35,65,82,59,9.37,3.08,4.32,2.89,/clubs/houston-dynamo-6,teams/usa-houston-dynamo.png,Houston Dynamo,/clubs/fc-dallas-13,teams/usa-fc-dallas.png,FC Dallas,0.91,1.46,1.07,1.5,1.07,1.5,83,62,42,22,14,70,62,59,1.52,1.32,2.84,/usa/houston-dynamo-vs-fc-dallas-h2h-stats#1121061,4473,23,True,True,False,False,False,False,False,"['20', '83']",[]
MLS,2020,4473,1121062,8,7,2020,complete,57712,0,-1,['67'],[],1,0,1,7,4,11,2,5,5,3,0,0,3,2,10,6,13,8,15,13,42,58,42.0,18,2414,,,5,3,1.67,4.35,4.25,1.01,1.13,1.44,2.15,3.55,15.5,5.6,2.7,1.69,1.28,1.48,2.5,2.8,1.37,0.0,0.0,1.19,1.2,2.0,2.3,2.4,4.33,2.0,2.7,4.0,0,0,1.25,1.5,1.85,2.25,3.25,3.7,2.4,1.95,1.57,1.3,1.38,8.0,3.7,1.5,12.75,2.62,3.15,6.6,1.3,2.37,6.0,17.0,3.4,1.53,1.12,1.02,1.18,1.87,3.68,7.5,4.84,1.93,1.28,1.07,0,0,0,0,1,0,0,1,0,1,0,1602117000,8,1,64,26,38,0,-1,2,1,3,1,4,3,4,7,2,2,3,1,4,4,1,58,48,89,116,1.45,1.01,2.46,0,1,0,0,0,1,1,1,0,0,0,1,1,0,-1,-1,-1,-1,-1,-1,-1,-1,-1,13,36,68,91,94,49,74,84,55,11.87,3.56,3.99,3.06,/clubs/sporting-kansas-city-8,teams/usa-sporting-kansas-city.png,Sporting KC,/clubs/chicago-fire-7,teams/usa-chicago-fire.png,Chicago Fire,1.64,1.0,1.5,1.07,1.5,1.07,87,65,32,10,7,55,48,45,1.75,1.44,3.19,/usa/chicago-fire-vs-sporting-kansas-city-h2h-stats#1121062,4473,23,True,False,False,False,False,False,False,['67'],[]
MLS,2020,4473,1121063,12,6490,2020,canceled,57712,0,-1,[],[],0,0,0,-1,-1,-1,-1,-1,-1,-1,-1,-1,-1,-1,-1,-1,-1,-1,-1,-1,-1,-1,58.0,-1,-1,,,-1,-1,2.2,4.0,2.8,1.0,1.11,1.39,2.0,3.25,16.5,6.15,2.9,1.77,1.32,1.37,2.9,5.7,1.1,0.0,0.0,1.67,1.22,1.33,3.25,2.5,2.62,2.87,2.8,2.37,0,0,1.18,1.34,1.65,2.0,2.5,4.5,3.1,2.1,1.73,1.48,2.05,7.0,2.05,2.1,17.0,1.66,6.35,4.65,1.22,2.0,4.33,11.0,4.0,1.72,1.2,1.05,1.09,1.61,2.83,5.0,6.6,2.32,1.43,1.14,0,0,0,0,0,0,0,0,0,0,0,1602118800,-1,1,67,9,54,0,-1,-1,-1,-1,-1,-1,-1,-1,-1,-1,-1,-1,-1,-1,-1,-1,0,0,0,0,0.0,0.0,0.0,0,0,0,0,0,0,1,1,0,0,-1,-1,-1,-1,-1,-1,-1,-1,-1,-1,-1,-1,-1,40,53,72,97,100,34,75,97,71,11.2,3.78,3.72,3.85,/clubs/colorado-rapids-12,teams/usa-colorado-rapids.png,Colorado Rapids,/clubs/los-angeles-fc-6490,teams/usa-los-angeles-fc.png,Los Angeles FC,1.47,1.44,1.46,1.47,1.46,1.47,61,48,28,3,0,63,41,38,1.61,1.79,3.4,/usa/colorado-rapids-vs-los-angeles-fc-h2h-stats,4473,19,False,False,False,False,False,False,False,[],[]
MLS,2020,4473,1121064,18,14,2020,complete,57712,0,-1,"['28', '61']",['68'],2,1,3,2,3,5,4,0,2,1,0,0,4,0,4,5,8,5,8,8,50,50,40.0,25,26962,,,2,1,1.56,4.05,5.75,1.02,1.21,1.69,2.75,5.0,11.75,4.2,2.1,1.43,1.16,1.71,2.0,2.55,1.43,0.0,0.0,1.14,1.21,2.15,2.15,2.3,4.45,1.87,2.65,4.25,0,0,1.2,1.38,1.63,2.02,2.6,4.1,2.8,2.14,1.7,1.44,1.29,8.5,4.35,1.44,12.0,2.75,2.9,7.25,1.29,2.45,5.5,11.75,3.2,1.48,1.1,1.03,1.19,1.92,3.84,7.5,4.64,1.88,1.26,1.07,0,0,0,0,3,1,0,1,1,2,1,1602122400,18,1,56,22,42,0,-1,2,1,2,1,0,2,3,2,1,0,1,1,1,2,1,33,29,141,105,1.05,0.54,1.59,0,0,0,0,0,0,1,1,0,0,0,0,0,0,-1,-1,-1,-1,-1,-1,-1,-1,-1,19,42,68,84,87,33,65,84,62,11.0,3.32,4.28,3.26,/clubs/seattle-sounders-fc-18,teams/usa-seattle-sounders-fc.png,Seattle Sounders,/clubs/real-salt-lake-14,teams/usa-real-salt-lake.png,Real Salt Lake,1.78,0.96,1.8,1.13,1.8,1.13,81,58,32,16,13,68,59,46,1.58,1.39,2.97,/usa/real-salt-lake-vs-seattle-sounders-fc-h2h-stats#1121064,4473,23,True,True,True,False,False,False,True,"['28', '61']",['68']
MLS,2020,4473,1121065,10,20,2020,complete,57712,0,-1,"['34', '55', '70']","['14', '23', '47', '60', '63', '80']",3,6,9,5,1,6,1,0,3,2,0,0,4,6,13,3,17,9,16,10,46,54,13851.0,1715,7206,,,3,2,2.05,3.85,3.1,1.01,1.14,1.49,2.25,3.8,14.5,5.3,2.55,1.62,1.25,1.45,2.6,3.55,1.24,0.0,0.0,1.3,1.23,1.69,2.6,2.4,3.5,2.3,2.65,3.2,0,0,1.17,1.3,1.57,1.98,2.4,4.8,3.25,2.25,1.83,1.5,1.57,7.5,2.88,1.61,14.0,2.25,4.0,5.85,1.25,2.2,5.0,13.0,3.75,1.61,1.16,1.04,1.16,1.79,3.38,6.5,5.25,2.03,1.32,1.1,0,0,0,0,9,1,2,2,4,6,3,1602124200,20,1,68,35,33,0,0,2,1,2,1,3,0,3,3,1,0,2,2,1,4,1,80,22,108,87,1.93,1.16,3.08,0,0,0,0,0,0,1,1,0,0,0,1,0,0,-1,-1,-1,-1,-1,-1,-1,-1,-1,22,34,61,85,97,34,71,88,53,9.85,2.53,4.17,3.25,/clubs/la-galaxy-10,teams/usa-la-galaxy.png,LA Galaxy,/clubs/portland-timbers-20,teams/usa-portland-timbers.png,Portland Timbers,1.0,1.79,1.07,1.89,1.07,1.89,79,66,39,16,4,65,44,35,1.35,1.4,2.75,/usa/la-galaxy-vs-portland-timbers-h2h-stats#1121065,4473,22,True,True,True,True,True,True,True,"['34', '55', '70']","['14', '23', '47', '60', '63', '80']"
MLS,2020,4473,1121066,15,5,2020,complete,57712,0,-1,"['50', '66', '90+3']",[],3,0,3,4,7,11,0,0,1,2,0,2,7,5,9,2,16,7,11,13,65,35,3.0,1763,7207,,,1,5,1.53,4.25,5.75,1.01,1.15,1.5,2.25,3.9,14.5,5.2,2.5,1.61,1.24,1.56,2.3,2.65,1.41,0.0,0.0,1.1,1.18,2.4,1.91,2.5,5.0,1.74,2.85,4.5,0,0,1.14,1.28,1.48,1.78,2.24,5.0,3.4,2.46,1.92,1.58,1.25,9.0,5.25,1.38,14.75,2.85,2.9,8.5,1.22,2.1,4.45,9.5,3.8,1.65,1.16,1.02,1.15,1.74,3.26,6.5,5.5,2.09,1.34,1.1,0,0,0,0,3,0,0,3,0,3,0,1602124200,15,1,60,22,38,0,0,2,1,0,7,4,0,7,4,1,1,0,3,2,3,1,56,30,127,79,1.91,1.02,2.93,0,0,0,0,0,0,1,1,0,0,0,0,0,0,-1,-1,-1,-1,-1,-1,-1,-1,-1,39,52,67,82,91,49,73,82,63,9.42,2.85,4.0,3.77,/clubs/san-jose-earthquakes-15,teams/usa-san-jose-earthquakes.png,SJ Earthquakes,/clubs/vancouver-whitecaps-fc-5,teams/canada-vancouver-whitecaps-fc.png,Vancouver Whitecaps,1.31,1.17,1.18,1.0,1.18,1.0,61,49,34,19,9,67,64,46,1.52,0.87,2.39,/usa/vancouver-whitecaps-fc-vs-san-jose-earthquakes-h2h-stats#1121066,4473,24,True,True,True,False,False,False,False,"['50', '66', '90+3']",[]
MLS,2020,4473,1121068,677446,6,2020,complete,57712,0,-1,['57'],[],1,0,1,9,8,17,1,1,1,1,0,0,4,2,9,8,13,10,14,14,56,44,36.0,3134,28051,,,1,1,1.71,4.0,4.4,1.01,1.19,1.62,2.55,4.55,12.75,4.5,2.25,1.49,1.19,1.62,2.2,2.65,1.41,0.0,0.0,1.18,1.22,2.0,2.37,2.3,4.33,2.0,2.6,3.85,0,0,1.22,1.44,1.87,2.1,2.63,4.0,2.6,1.87,1.65,1.43,1.55,8.0,2.84,1.5,11.5,2.6,3.05,6.45,1.33,2.62,6.5,19.0,3.25,1.44,1.11,1.02,1.22,1.95,3.8,8.0,3.8,1.74,1.22,1.05,0,0,0,0,1,0,0,1,0,1,0,1602363600,677446,1,66,50,31,0,-1,2,1,6,4,3,4,10,7,0,1,1,0,1,1,1,55,41,144,94,1.51,1.08,2.59,1,0,1,0,0,0,1,1,0,0,1,0,0,0,-1,-1,-1,-1,-1,-1,-1,-1,-1,16,25,66,82,91,38,72,79,54,9.31,4.0,5.26,2.88,/clubs/club-internacional-de-futbol-miami-677446,teams/usa-club-internacional-de-futbol-miami.png,Inter Miami,/clubs/houston-dynamo-6,teams/usa-houston-dynamo.png,Houston Dynamo,1.0,0.91,0.88,1.19,0.88,1.19,85,75,35,19,10,54,47,41,1.32,1.5,2.82,/usa/houston-dynamo-vs-club-internacional-de-futbol-miami-h2h-stats#1121068,4473,23,True,False,False,False,False,False,False,['57'],[]
MLS,2020,4473,1121069,1016,4,2020,complete,57712,0,-1,[],['47'],0,1,1,7,1,8,2,2,2,2,0,0,0,2,7,3,7,5,12,11,56,44,57.0,13004,11574,,,2,2,2.65,3.35,2.55,1.03,1.25,1.8,3.0,5.6,10.75,3.8,2.0,1.37,1.13,1.62,2.15,3.3,1.27,0.0,0.0,1.41,1.3,1.64,2.75,2.25,3.6,2.55,2.6,3.15,0,0,1.27,1.5,1.9,2.45,3.4,3.55,2.48,1.9,1.5,1.29,1.72,8.0,2.43,1.77,11.25,2.05,3.95,5.05,1.33,2.62,6.5,19.0,3.25,1.44,1.11,1.02,1.18,1.83,3.74,10.0,4.5,1.83,1.25,1.06,0,0,0,0,1,0,0,0,1,1,0,1602367200,4,1,44,16,16,0,0,2,1,4,0,3,1,4,4,0,0,2,2,0,4,1,52,54,113,122,0.83,0.86,1.7,0,0,0,0,0,0,1,1,0,0,1,0,0,0,-1,-1,-1,-1,-1,-1,-1,-1,-1,13,22,41,66,94,35,75,66,32,8.94,3.38,3.44,2.38,/clubs/atlanta-united-fc-1016,teams/usa-atlanta-united-fc.png,Atlanta United FC,/clubs/new-york-red-bulls-4,teams/usa-new-york-red-bulls.png,New York RB,0.96,1.33,1.13,1.25,1.13,1.25,88,78,60,35,7,44,29,22,1.17,1.32,2.49,/usa/new-york-red-bulls-vs-atlanta-united-fc-h2h-stats#1121069,4473,23,True,False,False,False,False,False,False,[],['47']
MLS,2020,4473,1121070,12,10,2020,canceled,57712,0,-1,[],[],0,0,0,-1,-1,-1,-1,-1,-1,-1,-1,-1,-1,-1,-1,-1,-1,-1,-1,-1,-1,-1,,-1,-1,,,-1,-1,1.91,3.85,3.55,1.01,1.16,1.53,2.35,4.05,14.0,5.0,2.45,1.57,1.22,1.5,2.45,3.6,1.24,0.0,0.0,1.3,1.3,1.83,2.5,2.4,3.6,2.25,2.8,3.5,0,0,1.22,1.44,1.73,2.1,2.7,4.0,2.6,2.0,1.65,1.4,1.69,8.0,2.48,1.67,14.5,2.15,4.05,6.2,1.25,2.2,5.0,13.0,3.75,1.61,1.16,1.04,1.13,1.67,3.24,7.0,6.0,2.1,1.33,1.1,0,0,0,0,0,0,0,0,0,0,0,1602370800,-1,1,65,23,32,0,-1,-1,-1,-1,-1,-1,-1,-1,-1,-1,-1,-1,-1,-1,-1,-1,0,0,0,0,0.0,0.0,0.0,0,0,0,0,0,0,1,1,0,0,-1,-1,-1,-1,-1,-1,-1,-1,-1,-1,-1,-1,-1,33,40,58,94,97,24,65,97,65,10.38,2.91,4.38,3.43,/clubs/colorado-rapids-12,teams/usa-colorado-rapids.png,Colorado Rapids,/clubs/la-galaxy-10,teams/usa-la-galaxy.png,LA Galaxy,1.47,1.0,1.46,1.0,1.46,1.0,68,61,43,7,4,54,32,28,1.61,1.39,3.0,/usa/la-galaxy-vs-colorado-rapids-h2h-stats,4473,19,False,False,False,False,False,False,False,[],[]
MLS,2020,4473,1121071,5,14,2020,complete,57712,0,-1,"['71', '75']",['37'],2,1,3,6,7,13,2,3,5,4,0,0,3,3,5,5,8,8,17,24,49,51,44.0,7207,26962,,,5,4,3.35,3.85,2.0,1.02,1.2,1.65,2.6,4.7,12.25,4.4,2.2,1.47,1.18,1.59,2.25,4.85,1.14,0.0,0.0,1.87,1.27,1.3,3.6,2.5,2.5,3.6,2.75,2.23,0,0,1.22,1.44,1.73,2.1,2.7,4.0,2.6,2.0,1.65,1.4,2.18,8.0,1.86,2.25,12.75,1.62,6.0,3.75,1.25,2.2,5.0,13.0,3.75,1.61,1.16,1.04,1.18,1.85,3.6,7.0,4.33,1.85,1.25,1.07,0,0,0,0,3,0,1,2,0,2,1,1602381600,5,1,44,48,55,0,-1,2,1,3,2,3,5,5,8,2,2,3,2,4,5,1,36,50,107,94,0.99,1.08,2.07,0,0,0,0,0,0,1,1,0,0,1,0,0,0,-1,-1,-1,-1,-1,-1,-1,-1,-1,24,41,62,79,88,36,65,79,59,8.35,2.47,4.83,3.21,/clubs/vancouver-whitecaps-fc-5,teams/canada-vancouver-whitecaps-fc.png,Vancouver Whitecaps,/clubs/real-salt-lake-14,teams/usa-real-salt-lake.png,Real Salt Lake,1.17,0.96,0.94,1.06,0.94,1.06,76,59,38,21,12,62,53,38,0.88,1.34,2.22,/usa/vancouver-whitecaps-fc-vs-real-salt-lake-h2h-stats#1121071,4473,23,True,True,True,False,False,False,True,"['71', '75']",['37']
MLS,2020,4473,1121072,2,11,2020,complete,57712,0,-1,['90+3'],"['3', '80']",1,2,3,9,4,13,8,2,0,5,0,0,7,5,10,6,17,11,10,14,66,34,7.0,762,21032,,,0,5,1.71,4.0,4.4,1.02,1.21,1.69,2.75,5.0,11.75,4.2,2.1,1.43,1.16,1.67,2.1,2.45,1.43,0.0,0.0,1.25,1.29,1.98,2.43,2.23,4.4,2.18,2.55,4.1,0,0,1.13,1.29,1.55,1.88,2.25,5.25,3.45,2.3,1.93,1.57,1.46,9.0,2.98,1.51,9.5,2.5,2.9,5.45,1.33,2.75,7.5,11.75,3.05,1.35,1.08,1.02,1.22,2.05,4.5,13.0,4.0,1.62,1.18,1.04,0,0,0,0,3,0,1,1,1,2,1,1602448200,11,1,43,33,17,0,-1,2,1,5,1,4,3,6,7,0,1,0,4,1,4,1,68,31,118,108,2.06,1.28,3.34,0,1,0,1,0,0,1,1,0,1,0,1,0,0,-1,-1,-1,-1,-1,-1,-1,-1,-1,6,23,37,55,83,29,43,74,31,12.77,4.21,3.8,2.02,/clubs/new-york-city-fc-2,teams/usa-new-york-city-fc.png,New York City,/clubs/new-england-revolution-11,teams/usa-new-england-revolution.png,New England Revolution,1.65,1.46,1.61,1.29,1.61,1.29,95,78,64,46,18,66,58,52,1.62,1.68,3.3,/usa/new-york-city-fc-vs-new-england-revolution-h2h-stats#1121072,4473,26,True,True,True,False,False,False,True,['90+3'],"['3', '80']"
MLS,2020,4473,1121073,6490,18,2020,complete,57712,0,-1,"['15', '65', '84']",['77'],3,1,4,4,7,11,0,1,2,2,0,0,4,6,6,14,10,20,12,11,45,55,13851.0,211,25,,,2,2,2.15,3.85,3.0,1.01,1.13,1.47,2.2,3.65,15.0,5.5,2.6,1.65,1.26,1.43,2.65,3.7,1.19,0.0,0.0,1.34,1.26,1.84,2.4,2.5,3.6,2.1,2.75,3.05,0,0,1.13,1.29,1.55,1.95,2.25,5.25,3.45,2.3,1.85,1.57,1.5,8.0,3.1,1.59,15.75,2.1,3.95,6.15,1.22,2.1,4.5,13.0,4.0,1.66,1.18,1.04,1.11,1.57,2.75,6.0,6.5,2.25,1.4,1.13,0,0,0,0,4,1,0,2,1,3,1,1602457200,6490,1,67,25,40,0,-1,2,1,1,4,3,3,5,6,1,0,1,2,1,3,1,39,71,127,101,1.21,2.19,3.4,0,0,0,0,0,0,1,1,0,0,0,0,0,0,-1,-1,-1,-1,-1,-1,-1,-1,-1,27,49,82,91,97,46,79,91,64,11.98,4.66,2.97,3.78,/clubs/los-angeles-fc-6490,teams/usa-los-angeles-fc.png,Los Angeles FC,/clubs/seattle-sounders-fc-18,teams/usa-seattle-sounders-fc.png,Seattle Sounders,1.44,1.78,1.47,1.88,1.47,1.88,74,52,19,10,3,70,64,55,1.79,1.55,3.34,/usa/seattle-sounders-fc-vs-los-angeles-fc-h2h-stats#1121073,4473,25,True,True,True,True,False,False,True,"['15', '65', '84']",['77']
MLS,2020,4473,1121074,7,13401,2020,complete,57712,0,-1,"['3', '45+1']",['56'],2,1,3,6,5,11,1,3,4,0,0,0,4,5,6,8,10,13,13,7,47,53,3.0,2414,20,,,4,0,1.44,4.7,6.15,1.01,1.18,1.59,2.5,4.4,13.0,4.65,2.3,1.51,1.19,1.71,2.0,2.4,1.49,0.0,0.0,1.16,1.22,2.37,2.1,2.4,5.0,1.83,2.86,4.5,0,0,1.22,1.44,1.73,2.1,2.7,4.0,2.6,2.0,1.65,1.4,1.3,8.5,4.3,1.4,17.25,3.0,2.7,7.75,1.3,2.37,6.0,17.0,3.4,1.53,1.12,1.02,1.16,1.8,3.5,8.0,5.0,1.9,1.28,1.08,0,0,0,0,3,2,0,0,1,1,2,1602459000,7,1,50,14,14,0,-1,2,1,6,1,0,4,7,4,0,0,4,0,0,4,1,39,57,117,118,1.21,1.59,2.8,0,0,0,0,0,0,1,1,1,0,2,0,0,0,-1,-1,-1,-1,-1,-1,-1,-1,-1,10,31,57,79,91,44,60,85,56,8.63,4.26,4.01,2.66,/clubs/chicago-fire-7,teams/usa-chicago-fire.png,Chicago Fire,/clubs/dc-united-13401,teams/usa-dc-united.png,DC United,1.0,0.91,1.0,0.69,1.0,0.69,91,69,44,22,10,60,41,35,1.41,0.93,2.34,/usa/chicago-fire-vs-dc-united-h2h-stats#1121074,4473,23,True,True,True,False,False,False,True,"['3', '45+1']",['56']
MLS,2020,4473,1121075,8043,19,2020,complete,57712,0,-1,[],['29'],0,1,1,6,4,10,1,0,2,3,0,0,1,2,5,6,6,8,9,6,49,51,12.0,409,2,,,2,3,4.1,3.75,1.8,1.03,1.27,1.87,3.2,6.0,10.25,3.6,1.91,1.33,1.11,1.77,1.95,4.7,1.14,0.0,0.0,1.87,1.23,1.21,4.0,2.3,2.4,3.6,2.55,2.1,0,0,1.27,1.5,1.93,2.45,3.4,3.55,2.48,1.88,1.5,1.29,1.79,7.0,2.4,2.5,11.0,1.57,6.05,3.15,1.3,2.5,6.0,17.0,3.4,1.5,1.12,1.02,1.18,1.83,3.75,9.0,4.5,1.83,1.25,1.07,0,0,0,0,1,0,1,0,0,0,1,1602459000,19,1,39,19,32,0,-1,2,1,3,2,3,2,5,5,0,2,2,1,2,3,1,40,50,129,104,0.76,1.02,1.78,0,0,0,0,0,0,1,1,0,0,0,1,0,1,-1,-1,-1,-1,-1,-1,-1,-1,-1,9,30,53,62,85,24,62,76,50,8.47,3.58,3.53,2.44,/clubs/fc-cincinnati-8043,teams/usa-fc-cincinnati.png,FC Cincinnati,/clubs/toronto-fc-19,teams/canada-toronto-fc.png,Toronto,0.71,1.76,0.82,2.0,0.82,2.0,91,71,47,38,15,56,38,24,1.01,1.71,2.72,/usa/toronto-fc-vs-fc-cincinnati-h2h-stats#1121075,4473,24,True,False,False,False,False,False,False,[],['29']
MLS,2020,4473,1121076,17,9,2020,complete,57712,0,-1,"['27', '84']",['56'],2,1,3,7,1,8,1,0,3,1,1,0,4,1,9,6,13,7,13,15,48,52,13851.0,21031,13,,,5,1,2.0,3.65,3.45,1.03,1.24,1.77,2.9,5.5,11.0,3.95,2.05,1.39,1.14,1.65,2.15,3.2,1.25,0.0,0.0,1.41,1.3,1.64,2.87,2.25,3.4,2.55,2.6,3.15,0,0,1.22,1.42,1.74,2.23,3.0,4.0,2.75,2.02,1.61,1.35,1.71,7.5,2.55,1.74,11.25,2.0,3.85,4.75,1.33,2.5,6.5,19.0,3.25,1.5,1.11,1.02,1.18,1.83,3.74,10.0,4.5,1.83,1.25,1.06,0,0,0,0,3,1,0,1,1,2,1,1604536200,17,1,65,13,34,0,0,2,1,6,0,1,1,6,2,0,0,4,1,0,5,1,44,49,89,114,1.42,0.88,2.3,0,0,0,0,0,0,1,1,0,0,2,0,0,0,-1,-1,-1,-1,-1,-1,-1,-1,-1,6,28,53,77,92,31,69,83,49,9.62,3.18,4.07,2.55,/clubs/orlando-city-sc-17,teams/usa-orlando-city-sc.png,Orlando City,/clubs/columbus-crew-9,teams/usa-columbus-crew.png,Columbus Crew,1.69,1.93,1.8,1.77,1.8,1.77,94,73,47,24,9,72,58,56,1.32,1.34,2.66,/usa/columbus-crew-vs-orlando-city-sc-h2h-stats#1121076,4473,28,True,True,True,False,False,False,True,"['27', '84']",['56']
MLS,2020,4473,1121077,16,1,2020,complete,57712,0,-1,"['39', '48']",['65'],2,1,3,5,4,9,3,1,3,3,0,0,5,3,3,7,8,10,9,12,50,50,15.0,12,12517,,,3,3,1.51,4.5,5.6,1.01,1.14,1.49,2.2,3.75,14.75,5.35,2.55,1.62,1.25,1.57,2.3,2.6,1.43,0.0,0.0,1.11,1.15,2.55,1.95,2.5,5.5,1.72,2.95,5.0,0,0,1.22,1.42,1.74,2.23,3.0,4.0,2.75,2.02,1.61,1.35,1.27,9.0,4.6,1.33,10.0,3.25,2.85,8.75,1.28,2.25,5.5,15.0,3.5,1.57,1.14,1.03,1.14,1.72,3.4,8.0,5.5,2.0,1.3,1.08,0,0,0,0,3,1,0,1,1,2,1,1602459000,16,1,56,29,45,0,-1,2,1,2,3,3,1,5,4,0,0,3,3,0,6,1,43,33,129,107,1.19,1.09,2.28,0,0,0,0,0,0,1,1,0,0,2,1,0,0,-1,-1,-1,-1,-1,-1,-1,-1,-1,20,34,62,70,95,40,65,81,56,8.94,4.34,3.97,2.91,/clubs/philadelphia-union-16,teams/usa-philadelphia-union.png,Philadelphia Union,/clubs/montreal-impact-1,teams/canada-montreal-impact.png,Montreal Impact,1.96,1.04,1.95,1.18,1.95,1.18,80,66,39,31,6,61,53,47,1.4,1.08,2.48,/usa/montreal-impact-vs-philadelphia-union-h2h-stats#1121077,4473,25,True,True,True,False,False,False,True,"['39', '48']",['65']
MLS,2020,4473,1121078,8,677447,2020,complete,57712,0,-1,"['53', '79']",['15'],2,1,3,1,3,4,1,1,1,3,0,1,6,5,11,4,17,9,11,14,60,40,24.0,18,24795,,,1,4,1.74,3.55,4.75,1.04,1.32,2.0,3.55,6.85,9.25,3.3,1.77,1.28,1.09,1.87,1.83,2.35,1.5,0.0,0.0,1.16,1.24,2.08,2.1,2.3,5.0,1.9,2.7,4.75,0,0,1.27,1.55,1.93,2.3,3.4,3.55,2.3,1.88,1.55,1.29,1.3,8.5,4.3,1.48,9.25,2.75,2.7,7.0,1.33,2.5,5.75,13.0,3.1,1.48,1.1,1.01,1.19,1.91,3.8,8.0,4.1,1.8,1.22,1.05,0,0,0,0,3,0,1,2,0,2,1,1602459000,8,1,52,17,15,0,-1,2,1,1,3,0,0,4,0,0,2,1,2,2,3,1,66,23,120,75,1.97,1.09,3.06,0,0,0,0,0,0,1,1,0,0,0,0,0,0,-1,-1,-1,-1,-1,-1,-1,-1,-1,13,24,43,65,84,31,58,71,37,11.54,2.72,3.75,2.37,/clubs/sporting-kansas-city-8,teams/usa-sporting-kansas-city.png,Sporting KC,/clubs/nashville-sc-mls-677447,teams/usa-nashville-sc-mls.png,Nashville SC,1.64,1.46,1.59,1.2,1.59,1.2,88,76,58,36,17,63,40,40,1.74,1.32,3.06,/usa/sporting-kansas-city-vs-nashville-sc-mls-h2h-stats#1121078,4473,25,True,True,True,False,False,False,True,"['53', '79']",['15']
MLS,2020,4473,1121079,13,1015,2020,canceled,57712,0,-1,[],[],0,0,0,-1,-1,-1,-1,-1,-1,-1,-1,-1,-1,-1,-1,-1,-1,-1,-1,-1,-1,-1,39.0,-1,-1,,,-1,-1,2.0,3.65,3.45,1.01,1.17,1.56,2.4,4.25,13.5,4.8,2.35,1.54,1.21,1.5,2.45,3.25,1.28,0.0,0.0,1.28,1.22,1.78,2.5,2.3,4.0,2.25,2.65,3.4,0,0,1.18,1.34,1.65,2.0,2.5,4.5,3.1,2.1,1.73,1.48,1.46,8.0,3.3,1.61,9.75,2.3,3.75,5.95,1.3,2.5,6.0,17.0,3.4,1.5,1.12,1.02,1.16,1.83,3.75,9.0,5.0,1.83,1.25,1.07,0,0,0,0,0,0,0,0,0,0,0,1602462600,-1,1,58,13,44,0,-1,-1,-1,-1,-1,-1,-1,-1,-1,-1,-1,-1,-1,-1,-1,-1,0,0,0,0,0.0,0.0,0.0,0,0,0,0,0,0,1,1,0,0,-1,-1,-1,-1,-1,-1,-1,-1,-1,-1,-1,-1,-1,18,44,58,73,82,35,61,79,53,9.91,2.18,3.82,2.79,/clubs/fc-dallas-13,teams/usa-fc-dallas.png,FC Dallas,/clubs/minnesota-united-fc-1015,teams/usa-minnesota-united-fc.png,Minnesota United,1.46,1.63,1.4,1.42,1.4,1.42,82,57,43,27,18,74,57,52,1.41,1.48,2.89,/usa/fc-dallas-vs-minnesota-united-fc-h2h-stats,4473,24,False,False,False,False,False,False,False,[],[]
MLS,2020,4473,1121080,20,15,2020,complete,57712,0,-1,"['46', '52', '86']",[],3,0,3,3,7,10,0,4,2,2,0,0,7,7,8,5,15,12,8,19,46,54,5016.0,7206,1763,,,2,2,1.67,4.15,4.55,1.01,1.12,1.43,2.1,3.45,16.0,5.85,2.75,1.71,1.29,1.44,2.6,2.8,1.37,0.0,0.0,1.16,1.16,2.3,2.05,2.62,4.75,1.83,2.95,4.33,0,0,1.13,1.29,1.55,1.85,2.25,5.25,3.45,2.3,1.95,1.57,1.28,9.0,4.4,1.4,12.0,2.75,3.1,8.0,1.25,2.1,4.5,13.0,3.75,1.66,1.18,1.04,1.12,1.66,3.0,6.5,6.0,2.1,1.36,1.11,0,0,0,0,3,0,0,3,0,3,0,1602468000,20,1,76,24,53,0,0,2,1,1,4,2,3,5,5,2,0,0,2,2,2,1,57,49,129,84,1.86,1.6,3.46,0,0,0,0,0,0,1,1,0,0,0,1,0,0,-1,-1,-1,-1,-1,-1,-1,-1,-1,38,49,73,87,95,43,76,87,68,10.28,2.23,4.1,4.01,/clubs/portland-timbers-20,teams/usa-portland-timbers.png,Portland Timbers,/clubs/san-jose-earthquakes-15,teams/usa-san-jose-earthquakes.png,SJ Earthquakes,1.79,1.31,1.95,1.28,1.95,1.28,62,51,27,14,6,70,55,41,1.38,1.54,2.92,/usa/san-jose-earthquakes-vs-portland-timbers-h2h-stats#1121080,4473,26,True,True,True,False,False,False,False,"['46', '52', '86']",[]
MLS,2020,4473,1121081,1,11,2020,complete,57712,0,-1,"['27', '90+2']","['13', '20', '52']",2,3,5,2,7,9,0,2,1,2,0,0,7,8,9,13,16,21,10,14,48,52,13893.0,12517,21032,,,1,2,3.7,3.95,1.83,1.01,1.18,1.61,2.55,4.45,12.75,4.55,2.25,1.5,1.19,1.57,2.25,5.0,1.14,0.0,0.0,1.83,1.26,1.29,3.75,2.5,2.45,3.6,2.8,2.25,0,0,1.14,1.28,1.56,1.98,2.65,5.0,3.3,2.41,1.83,1.47,3.0,7.5,1.57,2.25,15.0,1.65,6.1,3.6,1.28,2.3,5.0,15.0,3.75,1.57,1.15,1.01,1.16,1.8,3.5,8.0,5.0,1.95,1.28,1.06,0,0,0,0,5,1,2,1,1,2,3,1602718200,11,1,59,32,32,0,-1,2,1,0,7,2,0,7,2,0,0,1,2,0,3,1,42,43,88,123,1.8,2.2,4.0,0,0,0,0,0,0,1,1,0,0,0,2,0,0,-1,-1,-1,-1,-1,-1,-1,-1,-1,11,25,50,67,89,36,61,75,45,11.16,4.0,3.27,2.5,/clubs/montreal-impact-1,teams/canada-montreal-impact.png,Montreal Impact,/clubs/new-england-revolution-11,teams/usa-new-england-revolution.png,New England Revolution,1.04,1.46,1.11,1.39,1.11,1.39,89,75,50,34,11,67,59,53,1.08,1.66,2.74,/usa/montreal-impact-vs-new-england-revolution-h2h-stats#1121081,4473,25,True,True,True,True,True,False,True,"['27', '90+2']","['13', '20', '52']"
MLS,2020,4473,1121082,8043,9,2020,complete,57712,0,-1,"['17', '49']",['45'],2,1,3,4,9,13,1,1,1,4,0,0,3,2,9,7,12,9,12,18,39,61,69.0,409,13,,,1,4,4.15,3.45,1.87,1.05,1.34,2.05,3.75,7.25,8.75,3.15,1.71,1.26,1.08,1.87,1.83,4.25,1.19,0.0,0.0,1.75,1.28,1.28,4.33,2.05,2.8,3.75,2.45,2.5,0,0,1.4,1.65,2.18,2.63,4.2,2.7,2.22,1.68,1.43,1.21,2.8,7.0,1.67,2.35,10.0,1.65,5.85,3.25,1.45,3.0,7.5,21.0,2.75,1.36,1.07,1.02,1.25,2.2,4.75,11.0,3.75,1.62,1.16,1.02,0,0,0,0,3,1,1,1,0,1,2,1602718200,8043,1,32,0,7,0,-1,2,1,2,0,2,9,2,11,1,3,0,1,4,1,1,22,48,109,136,1.14,1.07,2.22,1,1,1,1,0,0,1,1,0,0,0,0,1,0,-1,-1,-1,-1,-1,-1,-1,-1,-1,3,21,46,66,86,20,58,80,43,8.17,3.54,3.82,2.21,/clubs/fc-cincinnati-8043,teams/usa-fc-cincinnati.png,FC Cincinnati,/clubs/columbus-crew-9,teams/usa-columbus-crew.png,Columbus Crew,0.71,1.93,0.78,1.88,0.78,1.88,97,80,55,34,14,52,40,29,0.99,1.42,2.41,/usa/columbus-crew-vs-fc-cincinnati-h2h-stats#1121082,4473,24,True,True,True,False,False,False,True,"['17', '49']",['45']
MLS,2020,4473,1121083,17,2,2020,complete,57712,0,-1,['18'],['43'],1,1,2,1,8,9,4,2,3,3,0,0,2,7,6,10,8,17,7,22,44,56,44.0,21031,762,,,3,3,2.45,3.7,2.6,1.01,1.16,1.56,2.4,4.15,13.75,4.9,2.4,1.56,1.21,1.49,2.5,3.6,1.25,0.0,0.0,1.45,1.22,1.6,2.95,2.3,3.3,2.7,2.65,3.0,0,0,1.17,1.33,1.6,1.98,2.4,4.5,3.1,2.2,1.83,1.5,2.2,8.0,1.85,1.84,15.0,2.01,4.3,4.9,1.3,2.55,6.0,19.0,3.4,1.5,1.11,1.01,1.18,1.9,4.0,9.0,4.5,1.83,1.22,1.04,0,0,0,0,2,1,1,0,0,0,2,1602718200,-1,1,61,11,36,0,-1,2,1,1,3,0,5,4,5,2,2,1,1,4,2,1,23,59,105,108,0.83,1.99,2.82,0,0,0,0,0,0,1,1,0,0,0,0,1,1,-1,-1,-1,-1,-1,-1,-1,-1,-1,11,36,54,67,87,36,54,85,46,10.8,4.08,4.57,2.54,/clubs/orlando-city-sc-17,teams/usa-orlando-city-sc.png,Orlando City,/clubs/new-york-city-fc-2,teams/usa-new-york-city-fc.png,New York City,1.69,1.65,1.85,1.53,1.85,1.53,90,64,47,34,13,69,54,51,1.38,1.64,3.02,/usa/new-york-city-fc-vs-orlando-city-sc-h2h-stats#1121083,4473,26,True,True,False,False,False,False,True,['18'],['43']
MLS,2020,4473,1121084,19,4,2020,complete,57712,0,-1,['23'],['77'],1,1,2,8,6,14,1,3,2,3,0,0,6,4,10,7,16,11,12,12,55,45,5016.0,2,11574,,,2,3,1.83,3.9,3.85,1.02,1.23,1.74,2.85,5.25,11.25,4.0,2.05,1.4,1.14,1.67,2.1,2.75,1.4,0.0,0.0,1.23,1.26,1.99,2.39,2.46,4.64,2.06,2.7,4.25,0,0,1.2,1.48,1.72,2.26,2.7,4.1,2.5,2.1,1.63,1.4,1.45,8.0,3.5,1.56,15.5,2.47,3.2,6.85,1.28,2.59,6.25,17.0,3.4,1.53,1.11,1.01,1.18,1.87,3.75,8.5,4.5,1.87,1.25,1.05,0,0,0,0,2,1,0,0,1,1,1,1602718200,-1,1,46,10,11,0,-1,2,1,3,5,5,1,8,6,0,1,2,2,1,4,1,28,82,77,159,1.63,1.58,3.21,1,0,1,0,0,0,1,1,0,0,1,1,0,0,-1,-1,-1,-1,-1,-1,-1,-1,-1,15,32,46,61,97,23,75,77,46,10.1,3.48,2.85,2.54,/clubs/toronto-fc-19,teams/canada-toronto-fc.png,Toronto,/clubs/new-york-red-bulls-4,teams/usa-new-york-red-bulls.png,New York RB,1.76,1.33,2.06,1.35,2.06,1.35,86,69,55,40,3,54,43,26,1.67,1.29,2.96,/usa/new-york-red-bulls-vs-toronto-fc-h2h-stats#1121084,4473,24,True,True,False,False,False,False,True,['23'],['77']
MLS,2020,4473,1121085,13401,16,2020,complete,57712,0,-1,"['71', '75']","['49', '87']",2,2,4,6,7,13,0,1,1,4,0,0,5,6,10,5,15,11,12,20,42,58,42.0,20,12,,,1,4,4.0,3.65,1.87,1.03,1.25,1.8,3.05,5.7,10.5,3.75,1.95,1.36,1.12,1.71,2.05,4.55,1.17,0.0,0.0,1.81,1.29,1.28,4.0,2.23,2.55,3.75,2.55,2.3,0,0,1.21,1.43,1.67,2.1,2.63,3.88,2.63,2.1,1.67,1.43,2.38,8.0,1.74,2.35,13.0,1.65,5.95,3.4,1.32,2.75,7.0,19.0,3.1,1.41,1.08,1.01,1.2,1.95,4.0,9.0,4.33,1.8,1.22,1.04,0,0,0,0,4,0,0,2,2,4,0,1602720000,-1,1,52,17,22,0,0,2,1,1,0,5,7,1,12,0,1,1,3,1,4,1,34,63,86,135,1.54,1.58,3.13,1,0,1,0,0,0,1,1,0,0,0,0,0,0,-1,-1,-1,-1,-1,-1,-1,-1,-1,14,25,57,71,89,33,57,81,57,8.32,4.38,4.25,2.57,/clubs/dc-united-13401,teams/usa-dc-united.png,DC United,/clubs/philadelphia-union-16,teams/usa-philadelphia-union.png,Philadelphia Union,0.91,1.96,0.65,2.0,0.65,2.0,87,76,44,30,11,68,46,40,0.97,1.39,2.36,/usa/philadelphia-union-vs-dc-united-h2h-stats#1121085,4473,23,True,True,True,True,False,False,True,"['71', '75']","['49', '87']"
MLS,2020,4473,1121086,6,677447,2020,complete,57712,0,-1,['75'],"['15', '19', '23']",1,3,4,11,5,16,2,0,2,1,0,0,5,6,12,9,17,15,13,11,63,37,20.0,28051,24795,,,2,1,1.91,3.55,3.95,1.03,1.27,1.87,3.2,6.0,10.25,3.6,1.91,1.33,1.11,1.74,2.0,2.65,1.43,0.0,0.0,1.28,1.32,1.73,2.6,2.1,4.35,2.32,2.45,3.95,0,0,1.31,1.57,1.93,2.4,3.3,3.2,2.25,1.88,1.5,1.29,1.63,8.0,2.58,1.7,11.0,2.33,3.25,5.6,1.37,2.9,8.0,15.75,2.9,1.37,1.07,1.02,1.25,2.15,4.5,11.0,3.75,1.66,1.18,1.02,0,0,0,0,4,0,3,1,0,1,3,1602720000,677447,1,52,6,7,0,1328,2,1,3,3,8,2,6,10,1,0,1,1,1,2,1,52,37,128,95,1.81,1.64,3.44,0,0,0,0,0,0,1,1,0,0,0,0,0,0,-1,-1,-1,-1,-1,-1,-1,-1,-1,9,21,42,69,85,27,60,79,45,9.44,2.82,4.09,2.38,/clubs/houston-dynamo-6,teams/usa-houston-dynamo.png,Houston Dynamo,/clubs/nashville-sc-mls-677447,teams/usa-nashville-sc-mls.png,Nashville SC,0.91,1.46,1.12,1.13,1.12,1.13,91,80,58,31,16,61,42,39,1.48,1.31,2.79,/usa/houston-dynamo-vs-nashville-sc-mls-h2h-stats#1121086,4473,23,True,True,True,True,False,False,True,['75'],"['15', '19', '23']"
MLS,2020,4473,1121087,677446,1016,2020,complete,57712,0,-1,['80'],['83'],1,1,2,3,3,6,3,0,1,4,0,0,4,1,15,2,19,3,19,15,55,45,31.0,3134,13004,,,1,4,1.8,3.55,4.45,1.03,1.27,1.87,3.2,6.0,10.25,3.6,1.91,1.33,1.11,1.77,1.95,2.55,1.45,0.0,0.0,1.19,1.24,2.16,2.17,2.38,4.75,1.96,2.75,4.5,0,0,1.27,1.5,2.05,2.25,3.0,3.4,2.4,1.72,1.57,1.34,1.81,7.5,2.29,1.5,15.5,2.65,2.9,7.25,1.27,2.43,6.0,16.0,3.5,1.5,1.11,1.01,1.18,1.95,4.0,9.0,4.5,1.83,1.22,1.04,0,0,0,0,2,0,0,1,1,2,0,1602720000,-1,1,50,54,16,0,0,2,1,2,2,1,1,4,2,0,1,1,3,1,4,1,53,29,117,72,1.86,0.48,2.34,0,0,0,0,0,0,1,1,0,0,0,0,0,1,-1,-1,-1,-1,-1,-1,-1,-1,-1,12,18,53,62,88,38,65,59,33,9.0,3.77,4.71,2.36,/clubs/club-internacional-de-futbol-miami-677446,teams/usa-club-internacional-de-futbol-miami.png,Inter Miami,/clubs/atlanta-united-fc-1016,teams/usa-atlanta-united-fc.png,Atlanta United FC,1.0,0.96,1.0,1.06,1.0,1.06,88,82,47,38,12,44,27,24,1.33,1.15,2.48,/usa/atlanta-united-fc-vs-club-internacional-de-futbol-miami-h2h-stats#1121087,4473,23,True,True,False,False,False,False,True,['80'],['83']
MLS,2020,4473,1121088,1015,7,2020,complete,57712,0,-1,"['64', '80']","['17', '52']",2,2,4,8,6,14,1,4,2,2,0,0,8,5,12,10,20,15,12,11,48,52,13864.0,5,2414,,,2,2,2.4,3.65,2.75,1.01,1.11,1.41,2.05,3.35,16.0,6.0,2.85,1.74,1.31,1.38,2.9,3.55,1.26,0.0,0.0,1.36,1.31,1.62,2.9,2.2,3.6,2.55,2.75,3.1,0,0,1.25,1.46,1.85,2.47,3.3,3.6,2.66,1.95,1.53,1.28,1.85,7.0,2.4,1.75,17.5,2.07,4.15,5.8,1.33,2.35,5.0,13.0,3.3,1.57,1.15,1.02,1.15,1.72,3.25,7.0,5.0,2.05,1.3,1.08,0,0,0,0,4,0,1,2,1,3,1,1604538000,-1,1,63,35,30,0,0,2,1,6,2,2,4,8,6,1,1,1,1,2,2,1,52,36,129,92,2.2,1.56,3.76,0,0,0,0,0,0,1,1,0,0,0,1,0,0,-1,-1,-1,-1,-1,-1,-1,-1,-1,10,39,68,84,91,49,70,86,56,9.4,3.09,3.67,2.95,/clubs/minnesota-united-fc-1015,teams/usa-minnesota-united-fc.png,Minnesota United,/clubs/chicago-fire-7,teams/usa-chicago-fire.png,Chicago Fire,1.63,1.0,1.55,1.05,1.55,1.05,91,61,33,17,10,61,47,37,1.51,1.38,2.89,/usa/chicago-fire-vs-minnesota-united-fc-h2h-stats#1121088,4473,23,True,True,True,True,False,False,True,"['64', '80']","['17', '52']"
MLS,2020,4473,1121089,13,8,2020,complete,57712,0,-1,['43'],[],1,0,1,6,6,12,2,0,2,1,0,0,6,1,11,14,17,15,10,14,56,44,7.0,12956,18,,,2,1,2.35,3.65,2.75,1.01,1.18,1.61,2.55,4.45,12.75,4.55,2.25,1.5,1.19,1.53,2.4,3.6,1.25,0.0,0.0,1.41,1.3,1.57,2.95,2.25,3.4,2.65,2.7,3.0,0,0,1.18,1.43,1.68,2.18,2.63,4.25,2.63,2.17,1.68,1.43,1.91,7.0,2.3,1.81,16.25,2.01,4.25,5.15,1.33,2.4,5.5,15.0,3.3,1.53,1.12,1.01,1.17,1.83,3.6,8.0,4.75,1.9,1.25,1.06,0,0,0,0,1,1,0,0,0,0,1,1602721800,13,1,63,27,37,0,2898,2,1,4,2,2,4,6,6,2,1,0,0,3,0,1,40,40,100,92,1.78,1.31,3.09,0,0,0,0,0,0,1,1,0,0,1,0,0,0,-1,-1,-1,-1,-1,-1,-1,-1,-1,19,37,57,75,87,33,66,78,49,11.94,2.74,4.21,2.8,/clubs/fc-dallas-13,teams/usa-fc-dallas.png,FC Dallas,/clubs/sporting-kansas-city-8,teams/usa-sporting-kansas-city.png,Sporting KC,1.46,1.64,1.4,1.67,1.4,1.67,82,64,43,25,13,71,62,62,1.41,1.75,3.16,/usa/sporting-kansas-city-vs-fc-dallas-h2h-stats#1121089,4473,24,True,False,False,False,False,False,False,['43'],[]
MLS,2020,4473,1121090,14,20,2020,complete,57712,0,-1,"['11', '26']",['77'],2,1,3,7,7,14,1,1,3,0,0,0,5,5,9,6,14,11,14,5,47,53,12.0,26962,7206,,,3,0,2.4,3.6,2.7,1.02,1.19,1.62,2.6,4.6,12.5,4.45,2.25,1.48,1.18,1.54,2.35,3.85,1.23,0.0,0.0,1.42,1.29,1.55,2.95,2.3,3.3,2.65,2.7,3.0,0,0,1.2,1.44,1.71,2.24,2.63,4.1,2.6,2.12,1.64,1.43,1.95,7.0,2.25,1.83,16.5,1.99,4.5,5.0,1.3,2.4,5.5,15.0,3.4,1.53,1.12,1.01,1.16,1.8,3.5,8.0,4.75,1.95,1.28,1.06,0,0,0,0,3,2,0,0,1,1,2,1602725400,14,1,63,30,30,0,-1,2,1,3,0,4,7,3,11,1,0,2,0,1,2,1,52,68,96,116,1.61,1.54,3.15,0,0,0,0,0,0,1,1,0,0,1,0,0,0,-1,-1,-1,-1,-1,-1,-1,-1,-1,24,40,68,84,92,31,71,84,64,9.16,2.08,4.87,3.46,/clubs/real-salt-lake-14,teams/usa-real-salt-lake.png,Real Salt Lake,/clubs/portland-timbers-20,teams/usa-portland-timbers.png,Portland Timbers,0.96,1.79,1.0,2.0,1.0,2.0,77,61,32,16,9,66,45,32,1.32,1.41,2.73,/usa/real-salt-lake-vs-portland-timbers-h2h-stats#1121090,4473,23,True,True,True,False,False,False,True,"['11', '26']",['77']
MLS,2020,4473,1121091,18,12,2020,canceled,57712,0,-1,[],[],0,0,0,-1,-1,-1,-1,-1,-1,-1,-1,-1,-1,-1,-1,-1,-1,-1,-1,-1,-1,-1,,-1,-1,,,-1,-1,1.67,4.15,4.5,1.01,1.19,1.62,2.55,4.55,12.75,4.5,2.25,1.49,1.19,1.62,2.15,2.75,1.4,0.0,0.0,1.22,1.25,2.03,2.21,2.33,4.4,1.99,2.77,4.05,0,0,0.0,0.0,1.56,1.98,2.66,0.0,0.0,2.41,1.83,1.46,1.45,8.0,3.5,1.54,16.5,2.49,3.15,6.95,1.3,2.36,5.15,17.0,3.22,1.52,1.13,1.01,1.18,1.87,3.75,8.5,4.5,1.87,1.25,1.05,0,0,0,0,0,0,0,0,0,0,0,1602727200,-1,1,70,5,56,0,-1,-1,-1,-1,-1,-1,-1,-1,-1,-1,-1,-1,-1,-1,-1,-1,0,0,0,0,0.0,0.0,0.0,0,0,0,0,0,0,1,1,0,0,-1,-1,-1,-1,-1,-1,-1,-1,-1,-1,-1,-1,-1,25,44,72,94,97,25,67,94,71,10.56,3.43,3.9,3.41,/clubs/seattle-sounders-fc-18,teams/usa-seattle-sounders-fc.png,Seattle Sounders,/clubs/colorado-rapids-12,teams/usa-colorado-rapids.png,Colorado Rapids,1.78,1.47,1.76,1.46,1.76,1.46,75,57,28,6,3,63,47,41,1.59,1.61,3.2,/usa/colorado-rapids-vs-seattle-sounders-fc-h2h-stats,4473,19,False,False,False,False,False,False,False,[],[]
MLS,2020,4473,1121092,5,6490,2020,complete,57712,0,-1,"['30', '59']",['83'],2,1,3,3,4,7,2,2,2,2,0,0,2,1,7,11,9,12,12,11,41,59,45098.0,7207,211,,,2,2,5.25,4.4,1.56,1.0,1.11,1.38,2.0,3.2,16.75,6.2,2.9,1.8,1.33,1.47,2.55,9.0,1.04,0.0,0.0,2.83,1.16,1.13,5.5,2.8,1.85,5.5,3.3,1.68,0,0,1.14,1.3,1.56,2.0,2.67,5.0,3.25,2.4,1.8,1.46,5.5,10.0,1.22,2.88,31.0,1.37,10.75,2.8,1.2,1.95,4.0,9.5,4.33,1.8,1.22,1.04,1.1,1.53,2.65,5.5,6.5,2.4,1.44,1.12,0,0,0,0,3,1,0,1,1,2,1,1602727200,5,1,56,29,57,0,0,2,1,2,1,1,3,3,4,0,0,2,2,0,4,1,27,56,67,109,0.91,1.24,2.15,0,1,0,1,0,0,1,1,0,0,1,0,0,0,-1,-1,-1,-1,-1,-1,-1,-1,-1,31,50,75,86,97,47,78,86,62,9.72,3.66,3.77,3.72,/clubs/vancouver-whitecaps-fc-5,teams/canada-vancouver-whitecaps-fc.png,Vancouver Whitecaps,/clubs/los-angeles-fc-6490,teams/usa-los-angeles-fc.png,Los Angeles FC,1.17,1.44,1.06,1.56,1.06,1.56,70,50,25,14,3,70,64,53,0.89,1.76,2.65,/usa/vancouver-whitecaps-fc-vs-los-angeles-fc-h2h-stats#1121092,4473,24,True,True,True,False,False,False,True,"['30', '59']",['83']
MLS,2020,4473,1121093,10,15,2020,complete,57712,0,-1,[],"['44', '52', '76', '90+3']",0,4,4,4,5,9,0,1,2,0,0,0,3,10,5,10,8,20,11,9,38,62,58.0,1715,1763,,,2,0,1.77,4.1,3.95,1.01,1.12,1.43,2.1,3.45,16.0,5.85,2.75,1.71,1.29,1.43,2.65,3.35,1.29,0.0,0.0,1.24,1.24,2.02,2.25,2.5,4.2,2.1,3.0,3.75,0,0,1.14,1.3,1.56,1.98,2.66,5.0,3.25,2.41,1.83,1.46,1.5,7.5,3.3,1.55,23.5,2.36,3.7,7.25,1.25,2.1,4.5,11.0,4.0,1.68,1.18,1.03,1.12,1.65,3.0,6.0,5.5,2.2,1.36,1.1,0,0,0,0,4,0,1,0,3,3,1,1602729000,15,1,64,24,47,0,0,2,1,0,1,4,4,1,8,0,0,2,0,0,2,1,37,54,98,107,0.99,2.35,3.34,0,0,0,0,0,0,1,1,0,0,0,0,0,0,-1,-1,-1,-1,-1,-1,-1,-1,-1,37,43,64,88,91,38,68,91,66,11.74,3.13,4.02,3.78,/clubs/la-galaxy-10,teams/usa-la-galaxy.png,LA Galaxy,/clubs/san-jose-earthquakes-15,teams/usa-san-jose-earthquakes.png,SJ Earthquakes,1.0,1.31,1.0,1.21,1.0,1.21,63,57,37,12,9,64,54,40,1.39,1.54,2.93,/usa/la-galaxy-vs-san-jose-earthquakes-h2h-stats#1121093,4473,22,True,True,True,True,False,False,False,[],"['44', '52', '76', '90+3']"
MLS,2020,4473,1121094,7,8,2020,complete,57712,0,-1,"['45+1', '90+5']","['35', '83']",2,2,4,5,4,9,3,2,1,0,0,0,4,4,1,2,5,6,9,10,56,44,40.0,2414,18,,,1,0,2.4,3.55,2.7,1.01,1.18,1.59,2.45,4.35,13.25,4.7,2.3,1.51,1.2,1.5,2.45,3.8,1.21,0.0,0.0,1.38,1.25,1.54,2.7,2.3,3.15,2.55,2.6,2.7,0,0,1.25,1.48,1.85,2.45,3.4,3.6,2.5,1.95,1.48,1.28,1.82,7.0,2.38,1.8,13.25,1.95,4.4,5.2,1.25,2.25,5.0,10.75,3.45,1.56,1.13,1.01,1.15,1.75,3.3,7.0,5.0,2.0,1.3,1.08,0,0,0,0,4,1,1,1,1,2,2,1602963000,-1,1,61,25,18,0,-1,2,1,5,1,0,3,6,3,1,0,0,0,1,0,1,30,32,61,51,0.82,0.89,1.71,0,0,0,0,0,0,1,1,0,0,0,0,0,0,-1,-1,-1,-1,-1,-1,-1,-1,-1,11,31,64,84,95,45,72,84,50,11.52,3.59,4.21,2.89,/clubs/chicago-fire-7,teams/usa-chicago-fire.png,Chicago Fire,/clubs/sporting-kansas-city-8,teams/usa-sporting-kansas-city.png,Sporting KC,1.0,1.64,1.12,1.58,1.12,1.58,89,70,36,17,6,58,53,50,1.4,1.73,3.13,/usa/chicago-fire-vs-sporting-kansas-city-h2h-stats#1121094,4473,23,True,True,True,True,False,False,True,"['45+1', '90+5']","['35', '83']"
MLS,2020,4473,1121095,1,677446,2020,complete,57712,0,-1,"['6', '80']",['33'],2,1,3,0,5,5,1,5,1,2,0,0,8,5,8,14,16,19,6,6,51,49,13841.0,12517,3134,,,1,2,4.9,4.45,1.57,1.01,1.15,1.51,2.3,4.0,14.0,5.1,2.45,1.59,1.23,1.61,2.2,4.85,1.13,0.0,0.0,1.8,1.22,1.25,3.75,2.3,2.4,3.4,2.6,2.1,0,0,1.2,1.4,1.8,2.25,3.0,4.0,2.7,1.95,1.57,1.34,2.38,7.5,1.74,2.3,12.5,1.59,5.95,3.5,1.29,2.45,5.5,11.75,3.2,1.48,1.1,1.03,1.16,1.83,3.75,8.0,4.75,1.9,1.25,1.06,0,0,0,0,3,1,1,1,0,1,2,1602975600,1,1,65,35,35,0,-1,2,1,0,2,0,3,2,3,0,1,1,1,1,2,1,37,59,126,99,1.85,1.97,3.82,0,0,0,0,0,0,1,1,1,0,0,0,0,0,-1,-1,-1,-1,-1,-1,-1,-1,-1,22,32,65,71,95,43,68,76,51,9.04,4.17,4.23,2.91,/clubs/montreal-impact-1,teams/canada-montreal-impact.png,Montreal Impact,/clubs/club-internacional-de-futbol-miami-677446,teams/usa-club-internacional-de-futbol-miami.png,Inter Miami,1.04,1.0,1.05,1.0,1.05,1.0,79,68,36,30,6,54,40,35,1.12,1.36,2.48,/usa/montreal-impact-vs-club-internacional-de-futbol-miami-h2h-stats#1121095,4473,24,True,True,True,False,False,False,True,"['6', '80']",['33']
MLS,2020,4473,1121096,4,17,2020,complete,57712,0,-1,['90+5'],['56'],1,1,2,6,5,11,1,0,1,3,0,0,4,3,8,8,12,11,15,16,58,42,36.0,11574,21031,,,1,3,2.2,3.6,3.05,1.02,1.2,1.65,2.65,4.75,12.25,4.35,2.2,1.45,1.17,1.56,2.3,3.2,1.29,0.0,0.0,1.31,1.23,1.67,2.65,2.25,3.4,2.3,2.55,3.15,0,0,1.16,1.3,1.57,2.0,2.65,4.6,3.2,2.25,1.72,1.42,1.62,7.5,2.88,1.69,11.75,2.15,3.75,5.35,1.31,2.5,5.75,12.25,3.1,1.45,1.09,1.03,1.18,1.9,3.75,8.5,4.5,1.85,1.25,1.05,0,0,0,0,2,0,0,1,1,2,0,1603062000,-1,1,63,22,35,0,0,2,1,1,3,5,2,4,7,0,2,1,1,2,2,1,71,29,143,79,1.56,1.12,2.68,0,1,0,1,0,0,1,1,0,0,0,0,0,0,-1,-1,-1,-1,-1,-1,-1,-1,-1,14,28,45,74,93,33,67,82,43,9.35,3.4,3.58,2.53,/clubs/new-york-red-bulls-4,teams/usa-new-york-red-bulls.png,New York RB,/clubs/orlando-city-sc-17,teams/usa-orlando-city-sc.png,Orlando City,1.33,1.69,1.33,1.81,1.33,1.81,87,73,55,26,7,60,46,40,1.31,1.35,2.66,/usa/new-york-red-bulls-vs-orlando-city-sc-h2h-stats#1121096,4473,24,True,True,False,False,False,False,True,['90+5'],['56']
MLS,2020,4473,1121097,8043,13401,2020,complete,57712,0,-1,['66'],"['36', '78']",1,2,3,5,3,8,0,1,0,3,0,0,4,2,4,11,8,13,12,12,53,47,13812.0,409,20,,,0,3,1.95,3.4,3.9,1.06,1.38,2.15,4.0,7.75,8.25,2.95,1.67,1.23,1.07,1.95,1.8,2.85,1.36,0.0,0.0,1.29,1.3,1.59,2.7,2.05,3.7,2.55,2.35,3.0,0,0,1.25,1.48,1.85,2.45,3.4,3.6,2.45,1.95,1.48,1.28,1.62,7.5,2.88,1.77,9.5,2.15,3.6,5.0,1.38,2.8,6.75,14.25,2.8,1.36,1.06,1.02,1.25,2.1,4.75,11.0,3.75,1.65,1.16,1.02,0,0,0,0,3,0,1,1,1,2,1,1603063800,13401,1,41,13,7,0,-1,2,1,2,3,3,0,5,3,0,2,0,1,2,1,1,42,29,118,96,1.11,1.18,2.28,0,0,0,0,0,0,1,1,0,0,2,1,0,0,-1,-1,-1,-1,-1,-1,-1,-1,-1,8,25,52,68,84,33,55,79,47,7.15,3.74,3.94,2.36,/clubs/fc-cincinnati-8043,teams/usa-fc-cincinnati.png,FC Cincinnati,/clubs/dc-united-13401,teams/usa-dc-united.png,DC United,0.71,0.91,0.89,0.67,0.89,0.67,92,76,49,33,16,63,41,30,1.0,1.0,2.0,/usa/fc-cincinnati-vs-dc-united-h2h-stats#1121097,4473,23,True,True,True,False,False,False,True,['66'],"['36', '78']"
MLS,2020,4473,1121098,9,2,2020,complete,57712,0,-1,"['26', '50', '90+3']",['55'],3,1,4,5,6,11,4,1,1,3,0,0,7,7,3,11,10,18,12,17,41,59,58.0,13,762,,,1,3,2.85,3.45,2.4,1.02,1.22,1.71,2.8,5.15,11.5,4.1,2.1,1.41,1.15,1.57,2.3,3.3,1.27,0.0,0.0,1.33,1.25,1.62,2.65,2.25,3.35,2.4,2.55,2.95,0,0,1.25,1.48,1.85,2.45,3.4,3.6,2.5,1.95,1.48,1.28,1.55,8.0,2.84,1.74,11.75,2.1,3.95,5.25,1.31,2.55,5.85,12.5,3.1,1.44,1.09,1.02,1.18,1.85,3.75,8.0,4.75,1.9,1.25,1.06,0,0,0,0,4,1,0,2,1,3,1,1603058400,9,1,45,16,11,0,-1,2,1,2,2,3,4,4,7,0,1,1,2,1,3,1,38,62,85,123,1.4,2.08,3.48,1,0,0,0,1,0,1,1,0,0,0,0,0,1,-1,-1,-1,-1,-1,-1,-1,-1,-1,5,29,48,64,92,29,59,85,40,11.37,4.38,4.34,2.37,/clubs/columbus-crew-9,teams/usa-columbus-crew.png,Columbus Crew,/clubs/new-york-city-fc-2,teams/usa-new-york-city-fc.png,New York City,1.93,1.65,1.78,1.5,1.78,1.5,95,72,53,37,8,61,50,45,1.4,1.66,3.06,/usa/new-york-city-fc-vs-columbus-crew-h2h-stats#1121098,4473,26,True,True,True,True,False,False,True,"['26', '50', '90+3']",['55']
MLS,2020,4473,1121099,11,16,2020,complete,57712,0,-1,['80'],"['34', '69']",1,2,3,7,2,9,2,0,1,2,0,0,8,3,15,5,23,8,14,15,56,44,69.0,21032,12,,,1,2,1.87,3.8,3.75,1.02,1.21,1.69,2.75,5.0,11.75,4.2,2.1,1.43,1.16,1.62,2.15,3.15,1.26,0.0,0.0,1.41,1.26,1.72,2.65,2.3,3.55,2.45,2.7,3.2,0,0,1.17,1.31,1.5,1.95,2.14,4.4,2.99,2.29,1.85,1.56,1.57,7.5,2.88,1.73,16.0,2.13,3.65,5.0,1.24,2.43,6.25,17.0,3.5,1.46,1.11,1.01,1.16,1.87,3.9,9.5,4.75,1.85,1.22,1.05,0,0,0,0,3,0,1,1,1,2,1,1603150200,16,1,53,17,17,0,-1,2,1,5,1,2,1,6,3,0,0,1,2,0,3,1,68,37,134,111,2.5,1.0,3.5,0,0,0,0,0,0,1,1,0,0,0,0,0,0,-1,-1,-1,-1,-1,-1,-1,-1,-1,10,18,50,67,85,25,50,75,50,11.36,4.03,3.8,2.31,/clubs/new-england-revolution-11,teams/usa-new-england-revolution.png,New England Revolution,/clubs/philadelphia-union-16,teams/usa-philadelphia-union.png,Philadelphia Union,1.46,1.96,1.47,1.95,1.47,1.95,91,83,51,33,16,71,58,53,1.69,1.4,3.09,/usa/new-england-revolution-vs-philadelphia-union-h2h-stats#1121099,4473,27,True,True,True,False,False,False,True,['80'],"['34', '69']"
MLS,2020,4473,1121100,19,1016,2020,complete,57712,0,-1,['89'],[],1,0,1,2,6,8,0,4,1,1,0,0,6,1,5,5,11,6,14,10,50,50,24.0,2,13004,,,1,1,1.56,4.2,5.45,1.03,1.23,1.74,2.9,5.35,11.25,3.95,2.05,1.39,1.14,1.8,1.95,2.55,1.44,0.0,0.0,1.19,1.25,2.19,2.24,2.38,4.86,2.05,2.75,4.5,0,0,1.27,1.48,1.88,2.52,3.0,3.4,2.61,1.93,1.51,1.34,1.38,8.0,4.0,1.5,15.25,2.68,2.9,7.0,1.33,2.5,6.0,12.0,3.32,1.53,1.13,1.03,1.21,1.97,4.04,7.5,4.44,1.83,1.24,1.07,0,0,0,0,1,0,0,1,0,1,0,1603063800,19,1,49,22,20,0,0,2,1,1,4,1,2,5,3,1,0,0,1,1,1,1,49,41,130,102,1.48,0.76,2.24,0,0,0,0,0,0,1,1,0,0,0,3,0,0,-1,-1,-1,-1,-1,-1,-1,-1,-1,9,27,46,60,92,30,73,65,41,9.64,3.24,3.86,2.4,/clubs/toronto-fc-19,teams/canada-toronto-fc.png,Toronto,/clubs/atlanta-united-fc-1016,teams/usa-atlanta-united-fc.png,Atlanta United FC,1.76,0.96,2.0,1.06,2.0,1.06,92,73,54,41,8,54,35,25,1.67,1.11,2.78,/usa/toronto-fc-vs-atlanta-united-fc-h2h-stats#1121100,4473,23,True,False,False,False,False,False,False,['89'],[]
MLS,2020,4473,1121101,1015,6,2020,complete,57712,0,-1,"['11', '30']","['59', '83']",2,2,4,1,9,10,0,5,1,1,0,0,3,7,1,8,4,15,10,11,47,53,19927.0,5,28051,,,1,1,1.91,3.95,3.55,1.01,1.14,1.48,2.2,3.7,15.0,5.4,2.6,1.65,1.26,1.45,2.6,3.1,1.31,0.0,0.0,1.29,1.26,1.91,2.43,2.41,4.08,2.26,2.77,3.7,0,0,1.23,1.44,1.72,2.25,2.7,3.8,2.6,2.1,1.63,1.4,1.6,7.0,3.0,1.64,17.75,2.26,3.6,6.0,1.29,2.34,5.4,12.0,3.6,1.6,1.15,1.03,1.18,1.87,3.68,8.0,4.9,1.93,1.28,1.06,0,0,0,0,4,2,0,0,2,2,2,1603065600,-1,1,65,35,30,0,-1,2,1,1,3,0,6,4,6,0,1,1,0,1,1,1,42,61,122,152,0.79,1.89,2.68,0,0,0,0,0,0,1,1,0,0,0,0,0,1,-1,-1,-1,-1,-1,-1,-1,-1,-1,14,40,65,84,89,41,73,89,57,9.86,2.83,4.39,3.06,/clubs/minnesota-united-fc-1015,teams/usa-minnesota-united-fc.png,Minnesota United,/clubs/houston-dynamo-6,teams/usa-houston-dynamo.png,Houston Dynamo,1.63,0.91,1.42,1.06,1.42,1.06,87,60,36,16,11,68,57,49,1.48,1.5,2.98,/usa/houston-dynamo-vs-minnesota-united-fc-h2h-stats#1121101,4473,23,True,True,True,True,False,False,True,"['11', '30']","['59', '83']"
MLS,2020,4473,1121102,12,14,2020,canceled,57712,0,-1,[],[],0,0,0,-1,-1,-1,-1,-1,-1,-1,-1,-1,-1,-1,-1,-1,-1,-1,-1,-1,-1,-1,,-1,-1,,,-1,-1,0.0,0.0,0.0,0.0,0.0,0.0,0.0,0.0,0.0,0.0,0.0,0.0,0.0,0.0,0.0,0.0,0.0,0.0,0.0,0.0,0.0,0.0,0.0,0.0,0.0,0.0,0.0,0.0,0,0,0.0,0.0,0.0,0.0,0.0,0.0,0.0,0.0,0.0,0.0,0.0,0.0,0.0,0.0,0.0,0.0,0.0,0.0,0.0,0.0,0.0,0.0,0.0,0.0,0.0,0.0,0.0,0.0,0.0,0.0,0.0,0.0,0.0,0.0,0,0,0,0,0,0,0,0,0,0,0,1603069200,-1,1,61,21,44,0,-1,-1,-1,-1,-1,-1,-1,-1,-1,-1,-1,-1,-1,-1,-1,-1,0,0,0,0,0.0,0.0,0.0,0,0,0,0,0,0,1,1,0,0,-1,-1,-1,-1,-1,-1,-1,-1,-1,-1,-1,-1,-1,30,42,63,92,92,21,65,92,70,10.06,2.57,5.05,3.31,/clubs/colorado-rapids-12,teams/usa-colorado-rapids.png,Colorado Rapids,/clubs/real-salt-lake-14,teams/usa-real-salt-lake.png,Real Salt Lake,1.47,0.96,1.46,1.11,1.46,1.11,71,59,38,8,8,59,35,30,1.61,1.34,2.95,/usa/colorado-rapids-vs-real-salt-lake-h2h-stats,4473,19,False,False,False,False,False,False,False,[],[]
MLS,2020,4473,1121103,20,6490,2020,complete,57712,0,-1,['47'],['90+3'],1,1,2,3,4,7,4,1,2,4,0,0,6,6,12,4,18,10,12,18,44,56,3.0,7206,211,,,2,4,2.3,3.75,2.75,1.01,1.11,1.41,2.05,3.35,16.25,6.0,2.85,1.74,1.31,1.38,2.85,4.65,1.15,0.0,0.0,1.44,1.29,1.54,2.71,2.46,2.98,2.52,2.84,2.77,0,0,1.17,1.33,1.55,1.98,2.63,4.5,3.1,2.43,1.83,1.47,1.95,7.0,2.25,1.82,24.0,1.93,5.2,5.25,1.23,2.04,4.13,12.0,3.78,1.7,1.19,1.03,1.11,1.57,2.75,5.5,6.0,2.3,1.42,1.12,0,0,0,0,2,0,0,1,1,2,0,1603072800,-1,1,72,10,57,0,-1,2,1,2,2,1,2,4,3,2,1,0,3,3,3,1,60,52,112,127,1.99,1.44,3.43,0,0,0,0,0,0,1,1,0,0,0,0,0,1,-1,-1,-1,-1,-1,-1,-1,-1,-1,31,48,80,91,100,45,83,91,63,10.3,3.13,3.52,3.94,/clubs/portland-timbers-20,teams/usa-portland-timbers.png,Portland Timbers,/clubs/los-angeles-fc-6490,teams/usa-los-angeles-fc.png,Los Angeles FC,1.79,1.44,1.9,1.47,1.9,1.47,70,52,20,10,0,70,53,43,1.41,1.73,3.14,/usa/portland-timbers-vs-los-angeles-fc-h2h-stats#1121103,4473,25,True,True,False,False,False,False,True,['47'],['90+3']
MLS,2020,4473,1121104,10,5,2020,complete,57712,0,-1,['90'],[],1,0,1,8,3,11,1,2,2,1,0,0,5,4,12,3,17,7,10,12,45,55,13864.0,1715,7207,,,2,1,1.54,4.6,5.15,1.01,1.13,1.47,2.2,3.65,15.0,5.5,2.6,1.65,1.26,1.56,2.3,2.65,1.41,0.0,0.0,1.17,1.2,2.42,1.95,2.53,4.93,1.77,3.0,4.7,0,0,1.17,1.33,1.56,2.0,2.67,4.5,3.1,2.4,1.8,1.46,1.38,8.0,4.0,1.44,22.5,2.71,2.85,8.5,1.24,2.12,4.42,12.5,3.65,1.64,1.17,1.03,1.12,1.68,3.1,6.5,5.5,2.1,1.33,1.09,0,0,0,0,1,0,0,1,0,1,0,1603074600,10,1,52,11,31,0,-1,2,1,3,2,5,1,5,6,1,0,1,1,1,2,1,61,39,96,111,1.86,1.02,2.88,0,0,0,0,0,0,1,1,0,0,0,0,0,0,-1,-1,-1,-1,-1,-1,-1,-1,-1,23,38,62,84,95,37,69,87,57,8.91,2.87,4.38,3.33,/clubs/la-galaxy-10,teams/usa-la-galaxy.png,LA Galaxy,/clubs/vancouver-whitecaps-fc-5,teams/canada-vancouver-whitecaps-fc.png,Vancouver Whitecaps,1.0,1.17,0.94,1.16,0.94,1.16,77,63,38,17,6,60,51,39,1.36,0.89,2.25,/usa/vancouver-whitecaps-fc-vs-la-galaxy-h2h-stats#1121104,4473,22,True,False,False,False,False,False,False,['90'],[]
MLS,2020,4473,1121105,15,18,2020,complete,57712,0,-1,[],[],0,0,0,6,2,8,0,1,1,1,0,0,2,1,9,3,11,4,15,11,54,46,39.0,1763,25,,,1,1,3.0,3.7,2.2,1.01,1.17,1.56,2.4,4.25,13.5,4.8,2.35,1.54,1.21,1.5,2.45,4.55,1.15,0.0,0.0,1.65,1.29,1.36,3.38,2.33,2.6,3.1,2.74,2.37,0,0,1.14,1.28,1.48,1.74,2.25,4.9,3.3,2.5,2.08,1.63,2.7,7.0,1.7,2.08,18.0,1.74,6.5,4.5,1.28,2.27,4.85,11.25,3.35,1.56,1.14,1.02,1.15,1.75,3.4,7.5,5.0,2.0,1.28,1.07,0,0,0,0,0,0,0,0,0,0,0,1603074600,-1,1,68,20,59,0,-1,2,1,3,1,3,1,4,4,0,0,1,1,0,2,1,47,42,103,110,1.18,0.65,1.83,0,0,0,0,0,0,1,1,0,0,2,1,0,0,-1,-1,-1,-1,-1,-1,-1,-1,-1,29,48,79,89,92,38,71,89,73,11.86,3.62,3.44,3.75,/clubs/san-jose-earthquakes-15,teams/usa-san-jose-earthquakes.png,SJ Earthquakes,/clubs/seattle-sounders-fc-18,teams/usa-seattle-sounders-fc.png,Seattle Sounders,1.31,1.78,1.3,1.76,1.3,1.76,72,52,22,11,8,73,68,52,1.58,1.59,3.17,/usa/san-jose-earthquakes-vs-seattle-sounders-fc-h2h-stats#1121105,4473,26,False,False,False,False,False,False,False,[],[]
MLS,2020,4473,1121106,677447,13,2020,complete,57712,0,-1,"['19', '73', '88']",[],3,0,3,2,2,4,0,3,1,2,0,0,6,2,6,9,12,11,18,10,42,58,44.0,24795,12956,,,1,2,2.1,3.25,3.5,1.06,1.38,2.15,4.0,7.75,8.25,2.95,1.69,1.23,1.07,1.95,1.8,3.3,1.24,0.0,0.0,1.45,1.26,1.48,3.1,2.1,3.2,2.85,2.45,2.85,0,0,1.28,1.5,1.93,2.5,3.45,3.5,2.43,1.88,1.49,1.28,1.8,7.0,2.4,1.95,8.25,1.95,4.1,4.05,1.36,2.65,6.25,14.5,2.9,1.42,1.09,1.01,1.22,2.05,4.2,8.75,3.8,1.7,1.19,1.04,0,0,0,0,3,1,0,2,0,2,1,1603240200,677447,1,46,31,31,0,3502,2,1,2,1,0,1,3,1,0,0,1,2,0,3,1,33,42,109,105,1.43,1.15,2.58,0,0,0,0,0,0,1,1,0,0,1,0,0,0,-1,-1,-1,-1,-1,-1,-1,-1,-1,13,28,37,58,79,25,52,67,37,9.91,2.19,3.47,2.16,/clubs/nashville-sc-mls-677447,teams/usa-nashville-sc-mls.png,Nashville SC,/clubs/fc-dallas-13,teams/usa-fc-dallas.png,FC Dallas,1.46,1.46,1.24,1.5,1.24,1.5,88,73,64,43,22,70,47,47,1.33,1.43,2.76,/usa/fc-dallas-vs-nashville-sc-mls-h2h-stats#1121106,4473,24,True,True,True,False,False,False,False,"['19', '73', '88']",[]
MLS,2020,4473,1121107,677446,17,2020,complete,57712,0,-1,"['45', '89']",['12'],2,1,3,12,5,17,0,0,5,3,0,0,4,2,14,7,18,9,14,13,49,51,3.0,3134,21031,,,5,3,2.1,3.55,3.3,1.03,1.23,1.74,2.9,5.35,11.25,3.95,2.05,1.39,1.14,1.62,2.15,3.1,1.31,0.0,1.18,1.31,1.28,1.74,2.67,2.22,3.52,2.4,2.64,3.18,0,0,1.2,1.43,1.83,2.1,2.63,4.0,2.63,1.9,1.65,1.43,1.72,8.0,2.43,1.75,14.5,2.13,3.75,5.5,1.33,2.49,5.5,17.0,3.05,1.48,1.11,1.02,1.17,1.85,3.6,8.5,4.5,1.85,1.25,1.05,0,0,0,0,3,1,1,1,0,1,2,1603567800,677446,1,73,39,35,0,2216,2,1,9,1,3,4,10,7,2,0,3,3,2,6,1,53,33,97,97,1.8,0.96,2.75,0,0,0,0,0,0,1,1,0,0,0,1,1,0,-1,-1,-1,-1,-1,-1,-1,-1,-1,13,24,59,75,88,39,59,75,49,9.33,3.82,4.65,2.59,/clubs/club-internacional-de-futbol-miami-677446,teams/usa-club-internacional-de-futbol-miami.png,Inter Miami,/clubs/orlando-city-sc-17,teams/usa-orlando-city-sc.png,Orlando City,1.0,1.69,0.95,1.77,0.95,1.77,88,76,41,25,13,60,44,41,1.39,1.34,2.73,/usa/orlando-city-sc-vs-club-internacional-de-futbol-miami-h2h-stats#1121107,4473,24,True,True,True,False,False,False,True,"['45', '89']",['12']
MLS,2020,4473,1121108,1016,13401,2020,complete,57712,0,-1,['89'],"['77', '90+2']",1,2,3,2,3,5,1,2,2,2,0,0,6,3,6,7,12,10,17,10,55,45,7.0,13004,20,,,2,2,1.67,3.85,4.9,1.03,1.26,1.83,3.15,5.9,10.25,3.65,1.91,1.34,1.12,1.8,1.91,2.5,1.47,0.0,0.0,1.21,1.25,2.03,2.45,2.2,4.75,2.15,2.6,4.33,0,0,1.2,1.5,1.75,2.2,3.0,4.0,2.4,1.95,1.6,1.34,1.38,8.0,4.0,1.58,12.5,2.53,3.0,6.5,1.35,2.55,6.0,21.0,2.9,1.45,1.1,1.02,1.2,1.95,4.0,10.0,4.0,1.75,1.2,1.03,0,0,0,0,3,0,0,1,2,3,0,1603569600,13401,1,50,10,20,0,6130,2,1,1,2,1,1,3,2,1,1,1,1,2,2,1,67,37,131,85,1.67,1.11,2.79,0,0,0,0,0,0,1,1,0,0,0,0,0,0,-1,-1,-1,-1,-1,-1,-1,-1,-1,8,24,48,66,89,37,61,71,42,8.1,3.68,4.21,2.37,/clubs/atlanta-united-fc-1016,teams/usa-atlanta-united-fc.png,Atlanta United FC,/clubs/dc-united-13401,teams/usa-dc-united.png,DC United,0.96,0.91,1.0,0.79,1.0,0.79,92,76,53,34,11,53,29,27,1.09,1.01,2.1,/usa/atlanta-united-fc-vs-dc-united-h2h-stats#1121108,4473,23,True,True,True,False,False,False,True,['89'],"['77', '90+2']"
MLS,2020,4473,1121109,2,1,2020,complete,57712,0,-1,"['68', '83', '86']",['89'],3,1,4,3,3,6,4,3,2,0,0,0,11,6,2,5,13,11,15,8,55,45,13851.0,762,12517,,,2,0,1.34,5.45,7.5,1.0,1.08,1.3,1.77,2.75,19.0,7.25,3.4,2.0,1.43,1.5,2.45,0.0,0.0,0.0,0.0,0.0,0.0,0.0,1.91,2.6,6.0,1.67,0.0,5.5,0,0,0.0,0.0,0.0,0.0,0.0,0.0,0.0,0.0,0.0,0.0,0.0,0.0,0.0,1.3,0.0,3.4,0.0,0.0,1.25,2.2,5.0,15.0,3.75,1.62,1.17,1.03,1.14,1.73,3.4,8.0,5.5,2.0,1.3,1.08,0,0,0,0,4,0,0,3,1,4,0,1603582200,2,1,59,37,38,0,0,2,1,6,2,4,7,8,11,0,0,2,0,0,2,1,36,33,98,111,1.86,1.37,3.22,0,0,0,0,0,0,1,1,0,0,2,1,0,0,-1,-1,-1,-1,-1,-1,-1,-1,-1,18,42,59,66,95,44,66,83,47,10.24,4.47,4.23,2.87,/clubs/new-york-city-fc-2,teams/usa-new-york-city-fc.png,New York City,/clubs/montreal-impact-1,teams/canada-montreal-impact.png,Montreal Impact,1.65,1.04,1.43,1.15,1.43,1.15,83,59,41,34,5,64,49,44,1.68,1.16,2.84,/usa/montreal-impact-vs-new-york-city-fc-h2h-stats#1121109,4473,25,True,True,True,True,False,False,True,"['68', '83', '86']",['89']
MLS,2020,4473,1121110,7,4,2020,complete,57712,0,-1,"['51', '72']","['39', '90+2']",2,2,4,3,3,6,3,3,0,2,0,0,5,3,9,3,14,6,18,17,54,46,13967.0,2414,11574,,,0,2,2.15,3.55,3.2,1.02,1.2,1.65,2.65,4.75,12.25,4.35,2.2,1.45,1.17,1.56,2.3,0.0,0.0,0.0,0.0,0.0,0.0,0.0,2.88,2.3,3.5,2.5,0.0,3.1,0,0,0.0,0.0,0.0,0.0,0.0,0.0,0.0,0.0,0.0,0.0,0.0,0.0,0.0,1.73,0.0,2.2,0.0,0.0,1.33,2.5,6.5,19.0,3.25,1.5,1.11,1.02,1.18,1.83,3.75,10.0,4.5,1.83,1.25,1.06,0,0,0,0,4,0,1,2,1,3,1,1603582200,-1,1,52,19,15,0,-1,2,1,1,0,2,3,1,5,0,0,0,2,0,2,1,45,46,115,115,1.57,0.94,2.51,0,0,0,0,0,0,1,1,0,0,0,0,0,0,-1,-1,-1,-1,-1,-1,-1,-1,-1,11,27,50,79,97,39,68,87,47,9.78,3.9,3.31,2.63,/clubs/chicago-fire-7,teams/usa-chicago-fire.png,Chicago Fire,/clubs/new-york-red-bulls-4,teams/usa-new-york-red-bulls.png,New York RB,1.0,1.33,1.11,1.32,1.11,1.32,89,73,51,22,3,52,43,36,1.37,1.32,2.69,/usa/new-york-red-bulls-vs-chicago-fire-h2h-stats#1121110,4473,23,True,True,True,True,False,False,True,"['51', '72']","['39', '90+2']"
MLS,2020,4473,1121111,8043,1015,2020,complete,57712,0,-1,[],['90+2'],0,1,1,5,6,11,5,1,1,2,0,0,2,4,10,15,12,19,11,12,56,44,13891.0,409,5,,,1,2,2.95,3.45,2.3,1.03,1.24,1.77,2.95,5.45,11.0,3.9,2.0,1.38,1.14,1.62,2.2,0.0,0.0,0.0,0.0,0.0,0.0,0.0,3.25,2.25,3.0,2.88,0.0,2.63,0,0,0.0,0.0,0.0,0.0,0.0,0.0,0.0,0.0,0.0,0.0,0.0,0.0,0.0,2.1,0.0,1.8,0.0,0.0,1.33,2.63,7.0,19.0,3.25,1.44,1.1,1.02,1.2,1.91,4.0,10.0,4.33,1.8,1.22,1.06,0,0,0,0,1,0,0,0,1,1,0,1603582200,1015,1,48,13,27,0,-1,2,1,1,2,4,4,3,8,0,0,1,2,0,3,1,42,43,108,131,1.21,1.8,3.01,0,0,0,0,0,0,1,1,0,0,0,0,0,0,-1,-1,-1,-1,-1,-1,-1,-1,-1,10,33,60,73,83,35,63,80,50,7.7,2.6,3.75,2.63,/clubs/fc-cincinnati-8043,teams/usa-fc-cincinnati.png,FC Cincinnati,/clubs/minnesota-united-fc-1015,teams/usa-minnesota-united-fc.png,Minnesota United,0.71,1.63,0.85,1.4,0.85,1.4,90,68,40,28,18,60,43,28,1.01,1.44,2.45,/usa/minnesota-united-fc-vs-fc-cincinnati-h2h-stats#1121111,4473,24,True,False,False,False,False,False,False,[],['90+2']
MLS,2020,4473,1121112,16,19,2020,complete,57712,0,-1,"['27', '33', '56', '63', '68']",[],5,0,5,11,3,14,1,0,2,2,0,0,9,1,17,3,26,4,10,11,61,39,57.0,12,2,,,2,2,2.45,3.4,2.8,1.02,1.2,1.65,2.65,4.75,12.25,4.35,2.2,1.45,1.17,1.54,2.35,0.0,0.0,0.0,0.0,0.0,0.0,0.0,3.1,2.3,3.1,2.75,0.0,2.75,0,0,0.0,0.0,0.0,0.0,0.0,0.0,0.0,0.0,0.0,0.0,0.0,0.0,0.0,2.05,0.0,1.8,0.0,0.0,1.33,2.5,6.5,17.0,3.25,1.5,1.11,1.03,1.18,1.83,3.75,9.0,4.5,1.83,1.25,1.07,0,0,0,0,5,2,0,3,0,3,2,1603582200,16,1,53,26,51,0,-1,2,1,9,1,2,2,10,4,1,1,1,1,2,2,1,72,28,140,71,2.79,0.54,3.32,0,0,0,0,0,0,1,1,0,0,1,0,1,1,-1,-1,-1,-1,-1,-1,-1,-1,-1,12,29,57,64,93,22,65,79,57,9.85,3.65,3.87,2.62,/clubs/philadelphia-union-16,teams/usa-philadelphia-union.png,Philadelphia Union,/clubs/toronto-fc-19,teams/canada-toronto-fc.png,Toronto,1.96,1.76,2.0,2.05,2.0,2.05,88,71,43,36,7,67,50,38,1.38,1.66,3.04,/usa/philadelphia-union-vs-toronto-fc-h2h-stats#1121112,4473,25,True,True,True,True,True,False,False,"['27', '33', '56', '63', '68']",[]
MLS,2020,4473,1121113,6,9,2020,complete,57712,0,-1,['37'],['67'],1,1,2,11,3,14,1,3,2,3,0,0,6,1,18,7,24,8,11,14,48,52,13893.0,28051,13,,,2,3,2.5,3.4,2.63,1.02,1.2,1.62,2.65,4.7,12.25,4.5,1.62,2.65,1.18,1.54,2.35,3.85,1.21,0.0,0.0,1.49,1.29,1.49,3.1,2.25,3.25,2.8,2.65,2.9,0,0,1.25,1.57,1.93,2.4,3.4,3.6,2.25,1.88,1.5,1.28,1.8,7.0,2.4,1.89,15.75,1.94,4.6,4.6,1.33,2.45,5.5,15.0,3.3,1.52,1.12,1.02,1.18,1.85,3.75,8.0,4.5,1.9,1.25,1.06,0,0,0,0,2,1,0,0,1,1,1,1603580400,-1,1,58,6,12,0,2237,2,1,3,0,8,3,3,11,2,1,0,2,3,2,1,68,48,100,104,2.41,0.93,3.35,0,0,0,0,0,0,1,1,0,0,1,0,0,0,-1,-1,-1,-1,-1,-1,-1,-1,-1,6,32,58,82,95,32,74,92,53,10.68,3.84,4.26,2.79,/clubs/houston-dynamo-6,teams/usa-houston-dynamo.png,Houston Dynamo,/clubs/columbus-crew-9,teams/usa-columbus-crew.png,Columbus Crew,0.91,1.93,1.05,1.84,1.05,1.84,95,69,42,19,5,63,61,53,1.52,1.4,2.92,/usa/houston-dynamo-vs-columbus-crew-h2h-stats#1121113,4473,23,True,True,False,False,False,False,True,['37'],['67']
MLS,2020,4473,1121114,677447,11,2020,complete,57712,0,-1,['74'],['77'],1,1,2,5,4,9,1,1,2,1,0,0,3,2,8,6,11,8,13,10,36,64,12.0,24795,21032,,,2,1,2.75,3.05,2.7,1.07,1.42,2.3,4.4,8.75,7.5,2.8,1.59,1.2,1.05,1.95,1.77,3.25,1.3,0.0,0.0,1.53,1.29,1.45,3.47,2.19,3.4,2.9,2.43,2.83,0,0,1.2,1.38,1.63,2.02,2.6,4.1,2.8,2.14,1.7,1.44,2.02,7.4,2.13,2.0,10.0,1.97,4.33,4.2,1.44,3.19,6.85,23.0,2.89,1.38,1.07,1.01,1.25,2.2,4.7,13.0,3.6,1.6,1.15,1.04,0,0,0,0,2,0,0,1,1,2,0,1603500720,-1,1,47,26,31,0,-1,2,1,1,1,4,3,2,7,0,0,2,1,0,3,1,44,63,84,129,1.23,1.12,2.34,0,0,0,0,0,0,1,1,0,0,1,0,0,0,-1,-1,-1,-1,-1,-1,-1,-1,-1,6,14,37,61,79,24,50,69,37,11.14,2.84,2.95,1.97,/clubs/nashville-sc-mls-677447,teams/usa-nashville-sc-mls.png,Nashville SC,/clubs/new-england-revolution-11,teams/usa-new-england-revolution.png,New England Revolution,1.46,1.46,1.33,1.4,1.33,1.4,95,87,64,40,21,66,41,39,1.33,1.73,3.06,/usa/new-england-revolution-vs-nashville-sc-mls-h2h-stats#1121114,4473,26,True,True,False,False,False,False,True,['74'],['77']
MLS,2020,4473,1121115,8,12,2020,complete,57712,0,-1,"['54', '67', '88', '90+3']",[],4,0,4,8,1,9,2,3,4,2,0,0,9,1,1,4,10,5,3,2,53,47,36.0,18,11434,,,4,2,1.75,3.75,4.2,1.01,1.14,1.57,3.25,4.35,13.25,5.0,1.57,3.25,1.2,1.59,2.25,2.8,1.38,0.0,0.0,1.21,1.25,2.16,2.2,2.4,4.33,2.02,2.86,4.33,0,0,0.0,1.44,1.55,1.92,2.45,0.0,2.6,2.35,1.82,1.5,1.57,7.5,3.34,1.57,14.5,2.71,3.2,7.5,1.29,2.25,5.5,15.0,3.5,1.57,1.14,1.03,1.17,1.83,3.52,7.0,5.0,1.98,1.3,1.08,0,0,0,0,4,0,0,4,0,4,0,1603582200,8,1,70,9,42,0,0,2,1,3,0,5,1,3,6,1,1,3,1,2,4,1,78,35,75,68,1.82,0.65,2.46,0,0,0,0,0,0,1,1,0,0,0,0,0,0,-1,-1,-1,-1,-1,-1,-1,-1,-1,27,41,64,90,98,28,71,90,64,11.3,2.86,4.41,3.23,/clubs/sporting-kansas-city-8,teams/usa-sporting-kansas-city.png,Sporting KC,/clubs/colorado-rapids-12,teams/usa-colorado-rapids.png,Colorado Rapids,1.64,1.47,1.55,1.46,1.55,1.46,74,60,37,10,3,60,39,39,1.68,1.61,3.29,/usa/sporting-kansas-city-vs-colorado-rapids-h2h-stats#1121115,4473,19,True,True,True,True,False,False,False,"['54', '67', '88', '90+3']",[]
MLS,2020,4473,1121116,14,13,2020,complete,57712,0,-1,[],[],0,0,0,7,5,12,0,1,1,1,0,0,3,2,21,6,24,8,12,9,55,45,58.0,26962,12956,,,1,1,2.15,3.1,3.5,1.03,1.23,1.7,2.8,5.35,11.25,3.95,1.7,2.8,1.14,1.61,2.2,3.05,1.32,0.0,1.2,1.35,1.28,1.67,2.95,2.05,4.0,2.5,2.6,3.4,0,0,1.2,1.48,1.73,2.1,2.7,4.0,2.5,2.0,1.65,1.4,1.67,7.0,2.8,1.72,13.75,2.2,3.7,5.9,1.42,2.65,6.0,17.0,2.85,1.45,1.11,1.02,1.2,1.87,3.75,8.0,4.33,1.87,1.25,1.06,0,0,0,0,0,0,0,0,0,0,0,1603589400,-1,1,50,15,28,0,-1,2,1,5,3,2,2,8,4,0,0,1,1,0,2,1,51,35,102,102,2.09,0.91,3.0,0,0,0,0,0,0,1,1,0,0,1,0,0,0,-1,-1,-1,-1,-1,-1,-1,-1,-1,20,36,55,75,83,25,64,78,55,10.39,2.55,4.68,2.82,/clubs/real-salt-lake-14,teams/usa-real-salt-lake.png,Real Salt Lake,/clubs/fc-dallas-13,teams/usa-fc-dallas.png,FC Dallas,0.96,1.46,1.11,1.41,1.11,1.41,81,64,45,26,17,70,56,51,1.34,1.42,2.76,/usa/fc-dallas-vs-real-salt-lake-h2h-stats#1121116,4473,23,False,False,False,False,False,False,False,[],[]
MLS,2020,4473,1121117,18,20,2020,complete,57712,0,-1,['90+3'],['10'],1,1,2,8,3,11,1,1,0,1,0,0,1,3,13,5,14,8,12,11,59,41,31.0,25,7206,,,0,1,1.8,3.8,4.15,1.01,1.17,1.57,2.45,4.3,13.25,4.75,2.35,1.53,1.2,1.56,2.35,3.1,1.33,0.0,0.0,1.26,1.24,1.92,2.3,2.4,4.33,2.1,2.85,4.0,0,0,1.2,1.38,1.75,2.02,2.6,4.1,2.8,2.0,1.7,1.44,1.4,8.0,3.8,1.55,19.0,2.42,3.4,7.5,1.28,2.3,5.0,13.0,3.6,1.57,1.15,1.01,1.15,1.75,3.3,7.5,5.0,2.0,1.3,1.07,0,0,0,0,2,0,1,1,0,1,1,1603420200,-1,1,72,32,41,0,-1,2,1,5,1,3,2,6,5,0,0,0,1,0,1,1,87,52,142,108,1.59,1.1,2.69,0,0,0,0,0,0,1,1,0,1,1,0,0,0,-1,-1,-1,-1,-1,-1,-1,-1,-1,17,38,76,85,95,37,70,85,60,9.64,3.01,3.61,3.41,/clubs/seattle-sounders-fc-18,teams/usa-seattle-sounders-fc.png,Seattle Sounders,/clubs/portland-timbers-20,teams/usa-portland-timbers.png,Portland Timbers,1.78,1.79,1.72,1.86,1.72,1.86,83,63,25,16,6,68,56,44,1.53,1.44,2.97,/usa/seattle-sounders-fc-vs-portland-timbers-h2h-stats#1121117,4473,27,True,True,False,False,False,False,True,['90+3'],['10']
MLS,2020,4473,1121118,5,15,2020,complete,57712,0,-1,"['51', '57']",['24'],2,1,3,5,6,11,0,0,2,1,0,0,4,3,6,9,10,12,16,6,38,62,42.0,7207,1763,,,2,1,2.9,3.75,2.15,1.02,1.2,1.55,2.38,4.75,12.25,4.35,1.55,2.38,1.17,1.57,2.3,4.55,1.15,0.0,1.33,1.73,1.26,1.33,3.58,2.48,2.8,3.1,2.8,2.5,0,0,1.13,1.26,1.53,1.88,2.25,5.25,3.5,2.38,1.93,1.57,2.5,7.0,1.8,2.05,14.0,1.75,5.4,4.1,1.28,2.4,5.0,13.0,3.75,1.61,1.15,1.01,1.15,1.75,3.4,7.5,5.0,2.0,1.28,1.07,0,0,0,0,3,0,1,2,0,2,1,1603591200,5,1,54,35,52,0,0,2,1,1,2,5,4,3,9,0,0,2,1,0,3,1,44,59,95,100,1.24,1.4,2.63,0,0,0,0,0,0,1,1,0,0,1,0,0,0,-1,-1,-1,-1,-1,-1,-1,-1,-1,32,44,68,81,91,39,66,83,66,9.59,2.83,4.06,3.53,/clubs/vancouver-whitecaps-fc-5,teams/canada-vancouver-whitecaps-fc.png,Vancouver Whitecaps,/clubs/san-jose-earthquakes-15,teams/usa-san-jose-earthquakes.png,SJ Earthquakes,1.17,1.31,1.1,1.29,1.1,1.29,69,57,32,20,10,68,64,47,0.9,1.56,2.46,/usa/vancouver-whitecaps-fc-vs-san-jose-earthquakes-h2h-stats#1121118,4473,24,True,True,True,False,False,False,True,"['51', '57']",['24']
MLS,2020,4473,1121119,6490,10,2020,complete,57712,0,-1,"['58', '90+3']",[],2,0,2,5,3,8,1,3,0,1,0,1,7,0,22,5,29,5,11,10,63,37,39.0,211,1715,,,0,3,1.59,4.55,4.75,1.0,1.07,1.29,1.74,2.7,19.5,7.5,3.5,2.05,1.44,1.36,2.95,3.4,1.26,0.0,1.04,1.22,1.25,2.0,2.08,2.9,4.66,1.87,3.25,4.2,0,0,1.16,1.33,1.57,2.0,2.65,4.6,3.1,2.25,1.72,1.42,1.29,9.0,4.35,1.45,25.0,2.45,3.55,8.75,1.2,1.95,3.75,9.0,4.5,1.92,1.25,1.05,1.09,1.47,2.5,5.0,7.0,2.55,1.5,1.15,0,0,0,0,2,0,0,2,0,2,0,1603654200,6490,1,62,37,21,0,-1,2,1,1,2,4,1,3,5,0,1,0,1,1,1,1,90,43,157,94,2.97,0.64,3.6,0,0,0,0,0,0,1,1,0,0,0,1,0,0,-1,-1,-1,-1,-1,-1,-1,-1,-1,30,45,67,89,97,37,75,95,62,11.59,3.72,3.66,3.67,/clubs/los-angeles-fc-6490,teams/usa-los-angeles-fc.png,Los Angeles FC,/clubs/la-galaxy-10,teams/usa-la-galaxy.png,LA Galaxy,1.44,1.0,1.45,1.06,1.45,1.06,71,55,34,12,3,62,48,43,1.72,1.39,3.11,/usa/la-galaxy-vs-los-angeles-fc-h2h-stats#1121119,4473,22,True,True,False,False,False,False,False,"['58', '90+3']",[]
MLS,2020,4473,1121120,1,677447,2020,complete,57712,0,-1,[],['33'],0,1,1,2,6,8,1,2,3,1,0,0,2,7,5,10,7,17,18,6,52,48,31.0,12517,24795,,,3,1,2.8,3.25,2.5,1.04,1.29,1.91,3.35,6.45,9.5,3.45,1.83,1.3,1.1,1.71,2.0,3.6,1.25,0.0,0.0,1.5,1.34,1.42,3.4,2.2,3.06,3.13,2.51,2.81,0,0,1.27,1.48,1.8,2.3,3.0,3.4,2.47,1.9,1.55,1.34,1.9,7.5,2.28,2.02,11.0,1.91,4.7,3.95,1.39,2.77,7.0,15.0,3.0,1.45,1.1,1.02,1.25,2.15,4.74,9.0,3.94,1.7,1.19,1.05,0,0,0,0,1,0,1,0,0,0,1,1603839600,677447,1,57,33,18,0,0,2,1,1,2,1,4,3,5,0,1,3,0,1,3,1,44,65,127,109,0.92,2.03,2.95,0,0,0,0,0,0,1,1,0,0,0,0,0,0,-1,-1,-1,-1,-1,-1,-1,-1,-1,15,32,52,67,90,37,62,77,47,8.47,2.95,3.2,2.64,/clubs/montreal-impact-1,teams/canada-montreal-impact.png,Montreal Impact,/clubs/nashville-sc-mls-677447,teams/usa-nashville-sc-mls.png,Nashville SC,1.04,1.46,1.1,1.32,1.1,1.32,86,68,49,33,11,58,32,30,1.17,1.33,2.5,/usa/montreal-impact-vs-nashville-sc-mls-h2h-stats#1121120,4473,25,True,False,False,False,False,False,False,[],['33']
MLS,2020,4473,1121121,5,18,2020,complete,57712,0,-1,[],"['54', '60']",0,2,2,4,3,7,0,3,3,0,0,0,0,4,3,8,3,12,13,6,32,68,24.0,7207,25,,,3,0,6.05,4.4,1.49,1.01,1.18,1.59,2.5,4.4,13.0,4.65,2.3,1.51,1.19,1.71,2.05,5.65,1.11,0.0,0.0,2.1,1.23,1.2,4.75,2.4,2.2,4.5,2.8,2.0,0,0,1.14,1.28,1.49,1.8,2.26,4.9,3.3,2.44,1.9,1.57,2.9,7.5,1.45,2.69,15.75,1.49,7.25,2.9,1.3,2.45,5.5,17.0,3.5,1.52,1.12,1.01,1.18,1.9,3.75,8.5,4.5,1.87,1.25,1.05,0,0,0,0,2,0,0,0,2,2,0,1603850400,18,1,58,22,57,0,-1,2,1,1,2,3,1,3,4,0,0,3,0,0,3,1,52,62,84,153,0.58,1.5,2.08,0,0,0,0,0,0,1,1,0,0,0,0,0,0,-1,-1,-1,-1,-1,-1,-1,-1,-1,15,35,71,80,92,35,68,83,58,9.15,3.33,3.71,3.11,/clubs/vancouver-whitecaps-fc-5,teams/canada-vancouver-whitecaps-fc.png,Vancouver Whitecaps,/clubs/seattle-sounders-fc-18,teams/usa-seattle-sounders-fc.png,Seattle Sounders,1.17,1.78,1.19,1.68,1.19,1.68,85,65,30,20,8,68,68,55,0.91,1.54,2.45,/usa/vancouver-whitecaps-fc-vs-seattle-sounders-fc-h2h-stats#1121121,4473,24,True,True,False,False,False,False,False,[],"['54', '60']"
MLS,2020,4473,1121122,4,11,2020,complete,57712,0,-1,['89'],[],1,0,1,6,7,13,1,1,0,5,0,0,3,2,10,11,13,13,16,17,43,57,35.0,11574,21032,,,0,5,2.45,3.55,2.75,1.03,1.25,1.8,3.0,5.75,10.75,3.8,2.0,1.37,1.13,1.67,2.15,3.1,1.3,0.0,0.0,1.3,1.28,1.75,2.8,2.25,3.6,2.55,2.6,3.3,0,0,1.14,1.28,1.53,1.98,2.5,5.0,3.3,2.35,1.83,1.48,1.75,7.5,2.5,1.77,14.0,2.11,3.75,5.0,1.33,2.65,6.5,19.0,3.25,1.45,1.11,1.02,1.2,1.95,4.0,9.0,4.33,1.8,1.22,1.04,0,0,0,0,1,0,0,1,0,1,0,1603926000,4,1,54,19,40,0,-1,2,1,2,4,4,3,6,7,0,1,0,4,1,4,1,32,40,95,117,1.27,1.26,2.53,0,0,0,0,0,0,1,1,0,0,1,4,0,0,-1,-1,-1,-1,-1,-1,-1,-1,-1,10,18,37,69,91,22,59,78,42,11.37,3.71,2.83,2.23,/clubs/new-york-red-bulls-4,teams/usa-new-york-red-bulls.png,New York RB,/clubs/new-england-revolution-11,teams/usa-new-england-revolution.png,New England Revolution,1.33,1.46,1.3,1.38,1.3,1.38,90,83,64,32,10,61,49,41,1.3,1.7,3.0,/usa/new-york-red-bulls-vs-new-england-revolution-h2h-stats#1121122,4473,24,True,False,False,False,False,False,False,['89'],[]
MLS,2020,4473,1121123,8043,8,2020,complete,57712,0,-1,[],['57'],0,1,1,5,4,9,1,0,0,1,0,0,2,4,9,11,11,15,12,12,62,38,40.0,409,18,,,0,1,4.15,3.8,1.8,1.03,1.26,1.83,3.1,6.0,10.5,3.75,1.95,1.35,1.12,1.77,2.0,4.55,1.15,0.0,0.0,1.6,1.29,1.38,4.0,2.2,2.65,3.6,2.65,2.35,0,0,1.31,1.54,1.9,2.44,3.3,3.2,2.32,1.8,1.49,1.29,2.86,7.7,1.62,2.3,11.25,1.62,5.85,3.45,1.36,2.6,6.0,17.0,3.1,1.47,1.11,1.02,1.2,1.9,4.0,8.5,4.33,1.83,1.22,1.05,0,0,0,0,1,0,0,0,1,1,0,1603927800,8,1,48,27,22,0,-1,2,1,3,1,3,3,4,6,0,0,0,1,0,1,1,30,34,86,111,1.06,1.48,2.54,1,0,0,0,1,0,1,1,0,0,0,0,0,0,-1,-1,-1,-1,-1,-1,-1,-1,-1,10,26,58,72,88,31,64,79,45,9.9,3.33,4.05,2.58,/clubs/fc-cincinnati-8043,teams/usa-fc-cincinnati.png,FC Cincinnati,/clubs/sporting-kansas-city-8,teams/usa-sporting-kansas-city.png,Sporting KC,0.71,1.64,0.81,1.62,0.81,1.62,91,74,43,29,12,60,45,38,1.02,1.69,2.71,/usa/sporting-kansas-city-vs-fc-cincinnati-h2h-stats#1121123,4473,24,True,False,False,False,False,False,False,[],['57']
MLS,2020,4473,1121124,17,1016,2020,complete,57712,0,-1,"['29', '45+2', '60', '90+2']",['87'],4,1,5,2,9,11,0,1,1,3,0,0,5,3,9,13,14,16,10,18,45,55,58.0,21031,13004,,,1,3,1.61,4.15,5.0,1.02,1.22,1.71,2.8,5.25,12.0,4.15,2.1,1.43,1.15,1.74,2.0,2.6,1.43,0.0,0.0,1.17,1.23,2.23,2.25,2.35,4.75,2.05,2.75,4.33,0,0,1.2,1.4,1.7,2.2,3.0,4.0,2.75,2.05,1.6,1.34,1.43,7.5,3.75,1.52,16.0,2.57,2.95,6.75,1.33,2.55,6.0,17.0,3.3,1.47,1.11,1.03,1.18,1.9,4.0,9.0,4.5,1.83,1.22,1.04,0,0,0,0,5,2,0,2,1,3,2,1603927800,17,1,64,28,40,0,-1,2,1,1,3,1,6,4,7,0,1,1,2,1,3,1,29,58,76,114,1.44,1.64,3.09,0,0,0,0,0,0,1,1,0,0,0,1,0,0,-1,-1,-1,-1,-1,-1,-1,-1,-1,7,23,49,72,89,39,61,72,41,8.71,3.08,4.46,2.4,/clubs/orlando-city-sc-17,teams/usa-orlando-city-sc.png,Orlando City,/clubs/atlanta-united-fc-1016,teams/usa-atlanta-united-fc.png,Atlanta United FC,1.69,0.96,1.7,0.95,1.7,0.95,93,78,52,29,12,57,36,36,1.33,1.12,2.45,/usa/orlando-city-sc-vs-atlanta-united-fc-h2h-stats#1121124,4473,23,True,True,True,True,True,False,True,"['29', '45+2', '60', '90+2']",['87']
MLS,2020,4473,1121125,16,7,2020,complete,57712,0,-1,"['28', '65']",['42'],2,1,3,2,2,4,2,0,4,3,0,1,7,4,6,9,13,13,20,22,53,47,5016.0,12,2414,,,4,5,1.8,3.85,4.05,1.01,1.16,1.54,2.4,4.1,14.0,4.95,2.45,1.57,1.22,1.54,2.4,3.1,1.31,0.0,0.0,1.19,1.24,2.12,2.6,2.2,4.2,2.25,2.8,3.6,0,0,1.27,1.48,1.8,2.3,3.0,3.4,2.47,1.9,1.55,1.34,1.62,7.7,2.86,1.57,13.0,2.3,3.55,6.9,1.33,2.35,5.0,13.0,3.3,1.57,1.15,1.01,1.15,1.72,3.3,7.0,5.0,2.05,1.3,1.08,0,0,0,0,3,1,1,1,0,1,2,1603927800,16,1,55,21,40,0,-1,2,1,2,0,0,2,2,2,1,2,3,2,3,5,1,47,18,116,69,1.66,1.23,2.89,1,0,1,0,0,0,1,1,0,0,0,0,0,0,-1,-1,-1,-1,-1,-1,-1,-1,-1,11,32,67,82,93,40,63,86,62,9.62,4.16,4.14,2.87,/clubs/philadelphia-union-16,teams/usa-philadelphia-union.png,Philadelphia Union,/clubs/chicago-fire-7,teams/usa-chicago-fire.png,Chicago Fire,1.96,1.0,2.04,1.11,2.04,1.11,89,69,34,19,7,62,47,43,1.44,1.38,2.82,/usa/chicago-fire-vs-philadelphia-union-h2h-stats#1121125,4473,23,True,True,True,False,False,False,True,"['28', '65']",['42']
MLS,2020,4473,1121126,19,2,2020,complete,57712,0,-1,[],['51'],0,1,1,5,6,11,4,4,1,3,0,0,0,5,7,9,7,14,11,13,44,56,20.0,2,762,,,1,3,3.2,3.65,2.1,1.01,1.19,1.62,2.55,4.55,13.0,4.5,2.25,1.49,1.18,1.54,2.35,3.6,1.24,0.0,0.0,1.45,1.29,1.52,3.1,2.2,3.3,2.8,2.6,2.95,0,0,1.18,1.36,1.65,2.1,2.9,4.33,2.9,2.1,1.65,1.36,1.95,7.0,2.25,1.9,14.25,1.95,4.4,4.35,1.36,2.6,6.0,17.0,3.2,1.47,1.11,1.02,1.2,1.9,4.0,8.5,4.33,1.83,1.22,1.05,0,0,0,0,1,0,0,0,1,1,0,1603927800,2,1,49,9,14,0,-1,2,1,2,2,3,4,4,7,1,1,0,2,2,2,1,40,69,119,114,0.75,1.74,2.48,0,0,0,0,0,0,1,1,0,0,2,0,1,0,-1,-1,-1,-1,-1,-1,-1,-1,-1,12,40,51,58,93,28,63,79,47,11.24,4.11,4.02,2.59,/clubs/toronto-fc-19,teams/canada-toronto-fc.png,Toronto,/clubs/new-york-city-fc-2,teams/usa-new-york-city-fc.png,New York City,1.76,1.65,1.95,1.5,1.95,1.5,89,61,49,42,7,66,51,39,1.6,1.69,3.29,/usa/new-york-city-fc-vs-toronto-fc-h2h-stats#1121126,4473,25,True,False,False,False,False,False,False,[],['51']
MLS,2020,4473,1121127,1015,12,2020,complete,57712,0,-1,"['44', '89']",['69'],2,1,3,10,5,15,3,3,0,2,0,0,5,6,25,11,30,17,8,16,48,52,45098.0,5,11434,,,0,2,2.1,3.7,3.2,1.01,1.17,1.56,2.4,4.15,14.0,4.9,2.4,1.56,1.21,1.5,2.5,3.15,1.29,0.0,0.0,1.38,1.24,1.69,2.65,2.35,3.6,2.4,2.7,3.4,0,0,1.2,1.4,1.7,2.2,2.95,4.1,2.75,2.05,1.6,1.35,1.67,7.0,2.8,1.65,15.0,2.15,3.65,5.65,1.3,2.4,5.5,15.0,3.6,1.53,1.12,1.03,1.17,1.85,3.75,8.0,4.75,1.9,1.25,1.06,0,0,0,0,3,1,0,1,1,2,1,1603929600,1015,1,63,17,34,0,-1,2,1,6,3,4,2,9,6,0,1,0,1,1,1,1,47,47,110,119,2.57,1.84,4.41,0,0,0,0,0,0,1,1,0,0,0,0,0,0,-1,-1,-1,-1,-1,-1,-1,-1,-1,25,49,66,88,93,29,62,93,68,9.05,2.43,4.15,3.25,/clubs/minnesota-united-fc-1015,teams/usa-minnesota-united-fc.png,Minnesota United,/clubs/colorado-rapids-12,teams/usa-colorado-rapids.png,Colorado Rapids,1.63,1.47,1.48,1.36,1.48,1.36,75,51,35,12,7,64,37,30,1.46,1.54,3.0,/usa/colorado-rapids-vs-minnesota-united-fc-h2h-stats#1121127,4473,19,True,True,True,False,False,False,True,"['44', '89']",['69']
MLS,2020,4473,1121128,13401,9,2020,complete,57712,0,-1,['32'],[],1,0,1,4,7,11,0,2,4,3,0,0,1,0,8,7,9,7,14,14,48,52,44.0,20,13,,,4,3,3.2,3.5,2.2,1.03,1.25,1.8,3.0,5.75,10.75,3.8,2.0,1.37,1.13,1.67,2.15,4.0,1.19,0.0,0.0,1.85,1.28,1.25,3.75,2.2,2.8,3.5,2.55,2.5,0,0,1.28,1.53,1.85,2.55,3.6,3.4,2.35,1.95,1.45,1.25,2.6,6.5,1.78,2.22,12.25,1.73,5.2,3.45,1.38,2.75,7.0,21.0,3.0,1.42,1.09,1.02,1.22,2.05,4.33,10.0,4.0,1.72,1.2,1.03,0,0,0,0,1,1,0,0,0,0,1,1603929600,13401,1,55,10,25,0,-1,2,1,1,4,3,3,5,6,2,1,2,2,3,4,1,48,46,92,129,0.99,0.79,1.79,0,0,0,0,0,0,1,1,0,0,1,0,0,1,-1,-1,-1,-1,-1,-1,-1,-1,-1,5,28,55,75,93,28,63,88,53,8.95,3.95,3.9,2.55,/clubs/dc-united-13401,teams/usa-dc-united.png,DC United,/clubs/columbus-crew-9,teams/usa-columbus-crew.png,Columbus Crew,0.91,1.93,0.9,1.8,0.9,1.8,95,73,45,25,8,63,48,43,1.02,1.38,2.4,/usa/columbus-crew-vs-dc-united-h2h-stats#1121128,4473,23,True,False,False,False,False,False,False,['32'],[]
MLS,2020,4473,1121129,13,677446,2020,complete,57712,0,-1,"['60', '82']",['33'],2,1,3,3,8,11,2,0,1,4,0,0,6,5,7,6,13,11,13,13,56,44,13864.0,12956,3134,,,1,4,2.7,3.6,2.45,1.02,1.2,1.67,2.7,4.85,13.0,4.3,2.2,1.45,1.17,1.57,2.3,3.55,1.24,0.0,0.0,1.6,1.29,1.38,3.25,2.15,3.3,2.9,2.55,2.95,0,0,1.23,1.42,1.7,2.14,2.75,3.8,2.65,2.03,1.63,1.39,2.0,7.0,2.2,1.95,10.5,1.91,4.4,4.2,1.38,2.75,6.5,19.0,3.0,1.42,1.09,1.02,1.22,2.0,4.2,9.5,4.2,1.75,1.2,1.04,0,0,0,0,3,0,1,2,0,2,1,1603931400,13,1,55,19,34,0,3233,2,1,1,2,2,6,3,8,0,1,1,3,1,4,1,60,42,103,127,1.68,1.36,3.04,1,0,1,0,0,0,1,1,0,0,1,0,0,0,-1,-1,-1,-1,-1,-1,-1,-1,-1,16,24,55,66,84,31,58,69,42,10.27,3.48,4.44,2.44,/clubs/fc-dallas-13,teams/usa-fc-dallas.png,FC Dallas,/clubs/club-internacional-de-futbol-miami-677446,teams/usa-club-internacional-de-futbol-miami.png,Inter Miami,1.46,1.0,1.39,1.05,1.39,1.05,84,76,46,35,16,62,51,49,1.39,1.41,2.8,/usa/fc-dallas-vs-club-internacional-de-futbol-miami-h2h-stats#1121129,4473,24,True,True,True,False,False,False,True,"['60', '82']",['33']
MLS,2020,4473,1121130,20,10,2020,complete,57712,0,-1,"['6', '19', '30', '60', '74']","['46', '90+1']",5,2,7,5,5,10,2,1,0,0,0,0,7,5,4,8,11,13,9,10,50,50,36.0,7206,1715,,,0,0,1.91,3.9,3.65,1.01,1.12,1.43,2.1,3.45,16.0,6.0,2.8,1.74,1.29,1.42,2.75,3.4,1.26,0.0,0.0,1.3,1.22,1.88,2.45,2.45,3.75,2.2,2.9,3.6,0,0,1.15,1.3,1.55,1.98,2.6,4.75,3.2,2.3,1.83,1.44,1.57,7.5,3.0,1.61,23.0,2.25,3.8,6.75,1.25,2.15,4.75,12.0,3.75,1.65,1.18,1.03,1.12,1.65,3.0,6.0,5.5,2.15,1.36,1.1,0,0,0,0,7,3,0,2,2,4,3,1603936800,20,1,64,22,34,0,-1,2,-1,3,3,2,2,6,4,0,0,0,0,0,0,1,38,64,102,130,1.47,1.64,3.11,1,0,1,0,0,0,1,1,1,0,0,3,-1,-1,-1,-1,-1,-1,-1,-1,-1,-1,-1,22,34,60,85,97,34,68,91,57,9.53,2.52,4.11,3.4,/clubs/portland-timbers-20,teams/usa-portland-timbers.png,Portland Timbers,/clubs/la-galaxy-10,teams/usa-la-galaxy.png,LA Galaxy,1.79,1.0,1.83,1.0,1.83,1.0,78,66,40,15,3,63,44,34,1.43,1.35,2.78,/usa/la-galaxy-vs-portland-timbers-h2h-stats#1121130,4473,22,True,True,True,True,True,True,True,"['6', '19', '30', '60', '74']","['46', '90+1']"
MLS,2020,4473,1121131,6490,6,2020,complete,57712,0,-1,"['9', '22']",['46'],2,1,3,9,3,12,3,3,3,3,0,1,7,2,20,5,27,7,9,13,61,39,13851.0,211,28051,,,3,4,1.45,4.75,6.0,1.0,1.08,1.29,1.77,2.7,19.0,7.5,3.5,2.05,1.45,1.39,2.85,2.7,1.4,0.0,0.0,1.19,1.19,2.31,2.05,2.45,5.5,1.78,3.2,5.0,0,0,1.2,1.4,1.7,2.2,3.0,4.0,2.75,2.05,1.6,1.34,1.36,8.5,4.0,1.42,26.0,2.74,2.9,9.5,1.28,2.1,4.33,10.0,3.75,1.7,1.2,1.03,1.11,1.57,2.75,5.5,6.0,2.3,1.42,1.12,0,0,0,0,3,2,0,0,1,1,2,1603938600,6490,1,69,35,31,0,-1,2,1,4,1,5,2,5,7,1,1,2,3,2,5,1,71,34,147,64,2.71,0.83,3.54,0,1,0,0,0,1,1,1,1,0,0,0,0,0,-1,-1,-1,-1,-1,-1,-1,-1,-1,22,44,68,93,98,42,81,95,63,11.7,4.09,3.92,3.5,/clubs/los-angeles-fc-6490,teams/usa-los-angeles-fc.png,Los Angeles FC,/clubs/houston-dynamo-6,teams/usa-houston-dynamo.png,Houston Dynamo,1.44,0.91,1.52,1.05,1.52,1.05,79,57,32,8,3,66,61,54,1.78,1.56,3.34,/usa/houston-dynamo-vs-los-angeles-fc-h2h-stats#1121131,4473,23,True,True,True,False,False,False,True,"['9', '22']",['46']
MLS,2020,4473,1121132,15,14,2020,complete,57712,0,-1,"['16', '74']",[],2,0,2,5,1,6,1,1,2,5,0,0,5,0,8,10,13,10,12,12,46,54,19927.0,1763,26962,,,2,5,2.1,3.65,3.2,1.02,1.2,1.67,2.7,4.85,13.0,4.3,2.2,1.45,1.17,1.57,2.3,3.45,1.25,0.0,0.0,1.29,1.28,1.77,2.85,2.3,3.4,2.6,2.7,3.1,0,0,1.19,1.36,1.65,2.1,2.9,4.25,2.9,2.1,1.65,1.36,1.85,7.0,2.4,1.75,15.0,2.05,4.05,5.15,1.3,2.4,5.5,15.0,3.4,1.53,1.12,1.01,1.17,1.83,3.6,8.0,4.75,1.9,1.25,1.06,0,0,0,0,2,1,0,1,0,1,1,1603938600,15,1,57,31,42,0,-1,2,1,3,1,2,0,4,2,0,3,2,2,3,4,1,43,42,87,105,1.48,0.95,2.43,0,0,0,0,0,0,1,1,0,0,0,0,0,1,-1,-1,-1,-1,-1,-1,-1,-1,-1,31,43,67,83,83,31,67,83,69,11.44,2.56,4.42,3.46,/clubs/san-jose-earthquakes-15,teams/usa-san-jose-earthquakes.png,SJ Earthquakes,/clubs/real-salt-lake-14,teams/usa-real-salt-lake.png,Real Salt Lake,1.31,0.96,1.23,1.1,1.23,1.1,70,58,34,17,17,69,57,43,1.56,1.38,2.94,/usa/real-salt-lake-vs-san-jose-earthquakes-h2h-stats#1121132,4473,23,True,True,False,False,False,False,False,"['16', '74']",[]
MLS,2020,4473,1121133,13,6,2020,complete,57712,0,-1,"['19', '27', '90+3']",[],3,0,3,3,8,11,2,0,2,2,0,0,8,3,4,11,12,14,7,14,51,49,57.0,12956,28051,,,2,2,2.05,3.7,3.4,1.01,1.14,1.5,2.25,3.8,15.0,5.25,2.55,1.62,1.25,1.45,2.6,3.65,1.25,0.0,0.0,1.31,1.28,1.75,2.7,2.2,4.0,2.3,2.8,3.5,0,0,1.2,1.38,1.63,2.1,2.6,4.1,2.8,2.14,1.7,1.44,1.67,8.2,2.67,1.67,20.5,2.17,4.2,7.0,1.33,2.3,5.0,13.0,3.3,1.57,1.15,1.02,1.15,1.7,3.1,6.5,5.0,2.1,1.33,1.09,0,0,0,0,3,2,0,1,0,1,2,1604172600,13,1,59,17,35,0,-1,2,1,2,3,1,5,5,6,0,1,2,1,1,3,1,41,45,122,107,1.63,1.43,3.05,0,0,0,0,0,0,1,1,0,0,1,0,0,0,-1,-1,-1,-1,-1,-1,-1,-1,-1,13,33,55,77,87,32,70,82,50,10.67,3.27,4.32,2.71,/clubs/fc-dallas-13,teams/usa-fc-dallas.png,FC Dallas,/clubs/houston-dynamo-6,teams/usa-houston-dynamo.png,Houston Dynamo,1.46,0.91,1.47,1.0,1.47,1.0,87,68,46,24,13,75,70,65,1.4,1.53,2.93,/usa/houston-dynamo-vs-fc-dallas-h2h-stats#1121133,4473,23,True,True,True,False,False,False,False,"['19', '27', '90+3']",[]
MLS,2020,4473,1121134,677447,7,2020,complete,57712,0,-1,['28'],['42'],1,1,2,3,4,7,3,1,1,0,0,0,1,5,9,7,10,12,11,14,36,64,13891.0,24795,2414,,,1,0,2.25,3.3,3.3,1.06,1.36,2.15,3.9,7.75,8.5,3.05,1.69,1.25,1.07,1.87,1.87,3.1,1.33,0.0,0.0,1.43,1.34,1.49,3.0,2.15,3.6,2.65,2.5,3.3,0,0,1.35,1.6,1.87,2.6,3.5,3.0,2.2,1.87,1.44,1.25,1.82,7.4,2.43,1.81,11.5,2.14,3.9,5.25,1.42,2.85,7.0,21.0,2.9,1.4,1.08,1.02,1.22,2.1,4.5,10.0,4.0,1.68,1.18,1.03,0,0,0,0,2,1,1,0,0,0,2,1604190600,-1,1,50,28,33,0,-1,2,1,2,0,1,4,2,5,0,0,1,0,0,1,1,26,60,78,159,0.9,1.56,2.46,0,0,0,0,0,0,1,1,0,0,0,0,0,0,-1,-1,-1,-1,-1,-1,-1,-1,-1,5,25,50,73,88,38,60,78,45,9.2,3.05,3.5,2.43,/clubs/nashville-sc-mls-677447,teams/usa-nashville-sc-mls.png,Nashville SC,/clubs/chicago-fire-7,teams/usa-chicago-fire.png,Chicago Fire,1.46,1.0,1.4,1.05,1.4,1.05,95,75,50,28,13,53,30,28,1.36,1.37,2.73,/usa/chicago-fire-vs-nashville-sc-mls-h2h-stats#1121134,4473,23,True,True,False,False,False,False,True,['28'],['42']
MLS,2020,4473,1121135,9,16,2020,complete,57712,0,-1,"['37', '84']",['57'],2,1,3,5,7,12,0,3,1,1,0,0,4,9,5,15,9,24,12,10,52,48,3.0,13,12,,,1,1,2.1,3.65,3.25,1.03,1.24,1.77,2.9,5.5,11.0,3.95,2.05,1.39,1.14,1.65,2.15,3.35,1.27,0.0,0.0,1.4,1.26,1.63,2.85,2.25,3.5,2.55,2.7,3.2,0,0,1.28,1.49,1.9,2.53,3.45,3.5,2.59,1.9,1.51,1.28,1.78,6.5,2.6,1.77,15.5,2.08,3.95,5.25,1.33,2.45,5.5,15.0,3.4,1.52,1.12,1.03,1.18,1.87,3.75,8.0,4.75,1.9,1.25,1.06,0,0,0,0,3,1,0,1,1,2,1,1604262600,9,1,51,14,24,0,-1,2,1,3,3,2,4,6,6,0,0,1,1,0,2,1,34,70,74,134,1.1,2.65,3.75,0,1,0,1,0,0,1,1,0,0,2,0,0,0,-1,-1,-1,-1,-1,-1,-1,-1,-1,9,25,58,73,94,24,65,85,53,9.86,3.95,4.33,2.59,/clubs/columbus-crew-9,teams/usa-columbus-crew.png,Columbus Crew,/clubs/philadelphia-union-16,teams/usa-philadelphia-union.png,Philadelphia Union,1.93,1.96,1.71,2.08,1.71,2.08,92,76,43,27,7,65,54,49,1.35,1.45,2.8,/usa/columbus-crew-vs-philadelphia-union-h2h-stats#1121135,4473,27,True,True,True,False,False,False,True,"['37', '84']",['57']
MLS,2020,4473,1121136,1016,8043,2020,complete,57712,0,-1,"['8', '26']",[],2,0,2,2,7,9,0,1,1,2,0,0,4,2,4,14,8,16,13,15,44,56,35.0,13004,409,,,1,2,1.95,3.35,4.05,1.06,1.38,2.2,4.05,8.0,8.25,3.0,1.67,1.24,1.07,1.95,1.8,2.5,1.48,0.0,0.0,1.13,1.27,2.24,2.55,2.1,4.75,2.25,2.55,4.2,0,0,1.27,1.59,2.09,2.76,2.73,3.55,2.3,1.74,1.39,1.36,1.46,8.5,3.08,1.61,11.5,2.5,3.0,6.5,1.42,2.95,7.5,21.0,2.8,1.38,1.08,1.02,1.25,2.15,4.75,11.0,3.75,1.66,1.17,1.02,0,0,0,0,2,2,0,0,0,0,2,1604275200,1016,1,38,4,31,0,6149,2,1,2,4,0,3,6,3,1,1,0,1,2,1,1,29,36,87,113,1.01,1.42,2.42,1,0,1,0,0,0,1,1,1,0,0,1,0,0,-1,-1,-1,-1,-1,-1,-1,-1,-1,8,17,44,61,86,31,56,70,35,7.78,3.35,4.01,2.17,/clubs/atlanta-united-fc-1016,teams/usa-atlanta-united-fc.png,Atlanta United FC,/clubs/fc-cincinnati-8043,teams/usa-fc-cincinnati.png,FC Cincinnati,0.96,0.71,0.9,0.77,0.9,0.77,93,84,56,40,14,47,28,21,1.15,1.02,2.17,/usa/atlanta-united-fc-vs-fc-cincinnati-h2h-stats#1121136,4473,23,True,True,False,False,False,False,False,"['8', '26']",[]
MLS,2020,4473,1121137,2,4,2020,complete,57712,0,-1,"['12', '42', '51', '76', '84']","['18', '38']",5,2,7,4,4,8,3,4,2,1,0,0,10,4,10,6,20,10,12,9,56,44,13893.0,762,11574,,,2,1,1.71,3.8,4.65,1.01,1.19,1.62,2.55,4.55,13.0,4.5,2.25,1.49,1.18,1.61,2.25,2.5,1.45,0.0,0.0,1.21,1.23,2.08,2.3,2.3,4.75,2.1,2.7,4.33,0,0,1.22,1.43,1.7,2.22,2.63,4.0,2.63,2.13,1.65,1.43,1.43,7.5,3.75,1.53,14.25,2.6,2.9,7.5,1.36,2.6,6.0,19.0,3.2,1.47,1.11,1.02,1.2,1.95,4.0,9.0,4.33,1.8,1.22,1.04,0,0,0,0,7,2,2,3,0,3,4,1604275200,2,1,48,27,22,0,0,2,1,2,1,2,3,3,5,0,1,2,0,1,2,1,53,48,94,103,2.34,1.27,3.61,1,0,1,0,0,0,1,1,0,0,0,0,0,0,-1,-1,-1,-1,-1,-1,-1,-1,-1,12,32,41,62,96,25,58,85,39,10.81,4.46,3.81,2.41,/clubs/new-york-city-fc-2,teams/usa-new-york-city-fc.png,New York City,/clubs/new-york-red-bulls-4,teams/usa-new-york-red-bulls.png,New York RB,1.65,1.33,1.57,1.38,1.57,1.38,89,69,60,38,5,57,48,41,1.69,1.3,2.99,/usa/new-york-city-fc-vs-new-york-red-bulls-h2h-stats#1121137,4473,24,True,True,True,True,True,True,True,"['12', '42', '51', '76', '84']","['18', '38']"
MLS,2020,4473,1121138,1,17,2020,complete,57712,0,-1,[],['39'],0,1,1,6,3,9,1,0,0,1,0,0,4,3,9,4,13,7,12,11,48,52,12.0,12517,21031,,,0,1,3.6,3.8,1.95,1.01,1.17,1.57,2.45,4.25,14.0,4.8,2.4,1.54,1.21,1.53,2.4,4.95,1.13,0.0,0.0,1.59,1.27,1.42,3.84,2.47,2.67,3.1,2.65,2.25,0,0,1.18,1.4,1.61,2.08,2.5,4.5,2.7,2.28,1.74,1.48,2.6,7.5,1.73,2.15,14.0,1.69,6.0,3.95,1.26,2.3,5.0,11.0,3.45,1.54,1.12,1.01,1.15,1.72,3.3,7.0,5.0,2.05,1.3,1.08,0,0,0,0,1,0,1,0,0,0,1,1604277000,17,1,76,42,38,0,0,2,1,2,1,4,2,3,6,0,0,0,1,0,1,1,78,33,142,106,1.67,0.91,2.58,0,0,0,0,0,0,1,1,0,0,1,0,0,0,-1,-1,-1,-1,-1,-1,-1,-1,-1,18,39,63,78,94,48,70,83,55,8.45,3.33,3.94,2.99,/clubs/montreal-impact-1,teams/canada-montreal-impact.png,Montreal Impact,/clubs/orlando-city-sc-17,teams/usa-orlando-city-sc.png,Orlando City,1.04,1.69,1.05,1.75,1.05,1.75,83,61,37,22,7,67,50,47,1.16,1.33,2.49,/usa/montreal-impact-vs-orlando-city-sc-h2h-stats#1121138,4473,25,True,False,False,False,False,False,False,[],['39']
MLS,2020,4473,1121139,11,13401,2020,complete,57712,0,-1,"['30', '54', '67', '84']","['22', '26', '75']",4,3,7,11,4,15,2,4,0,2,0,0,7,4,7,2,14,6,12,15,61,39,40.0,21032,20,,,0,2,1.5,4.2,6.5,1.03,1.24,1.77,2.9,5.5,11.0,3.95,2.05,1.39,1.14,1.83,1.91,2.15,1.62,0.0,0.0,1.14,1.21,2.44,2.0,2.45,6.0,1.83,2.85,5.5,0,0,1.13,1.28,1.49,1.88,2.47,5.25,3.5,2.59,1.93,1.53,1.29,9.0,4.75,1.4,14.75,3.1,2.4,8.5,1.33,2.55,6.0,17.0,3.3,1.47,1.11,1.02,1.2,1.95,4.0,9.0,4.5,1.8,1.22,1.04,0,0,0,0,7,1,2,3,1,4,3,1604277000,11,1,56,11,26,0,0,2,1,8,1,3,3,9,6,0,2,0,0,2,0,1,59,20,151,66,1.82,0.81,2.63,1,0,0,0,1,0,1,1,0,0,1,1,0,0,-1,-1,-1,-1,-1,-1,-1,-1,-1,8,19,47,68,86,28,51,77,49,10.5,3.72,3.69,2.26,/clubs/new-england-revolution-11,teams/usa-new-england-revolution.png,New England Revolution,/clubs/dc-united-13401,teams/usa-dc-united.png,DC United,1.46,0.91,1.32,1.0,1.32,1.0,93,81,54,33,14,72,51,47,1.68,1.02,2.7,/usa/new-england-revolution-vs-dc-united-h2h-stats#1121139,4473,23,True,True,True,True,True,True,True,"['30', '54', '67', '84']","['22', '26', '75']"
MLS,2020,4473,1121140,8,1015,2020,canceled,57712,0,-1,[],[],0,0,0,-1,-1,-1,-1,-1,-1,-1,-1,-1,-1,-1,-1,-1,-1,-1,-1,-1,-1,-1,31.0,-1,-1,,,-1,-1,1.69,4.0,4.5,1.01,1.16,1.54,2.35,4.05,14.0,5.0,2.45,1.57,1.22,1.54,2.35,2.9,1.35,0.0,0.0,1.27,1.25,1.88,2.3,2.4,4.5,2.1,2.85,4.0,0,0,1.23,1.48,1.75,2.3,2.75,3.8,2.5,2.07,1.61,1.39,1.48,8.0,3.4,1.54,18.0,2.47,3.3,7.0,1.28,2.3,5.0,13.0,3.6,1.57,1.15,1.01,1.15,1.75,3.3,7.5,5.0,2.0,1.3,1.07,0,0,0,0,0,0,0,0,0,0,0,1604277000,-1,1,64,15,33,0,-1,-1,-1,-1,-1,-1,-1,-1,-1,-1,-1,-1,-1,-1,-1,-1,0,0,0,0,0.0,0.0,0.0,0,0,0,0,0,0,1,1,0,0,-1,-1,-1,-1,-1,-1,-1,-1,-1,-1,-1,-1,-1,14,41,66,77,91,39,71,84,55,11.14,2.59,3.91,2.98,/clubs/sporting-kansas-city-8,teams/usa-sporting-kansas-city.png,Sporting KC,/clubs/minnesota-united-fc-1015,teams/usa-minnesota-united-fc.png,Minnesota United,1.64,1.63,1.68,1.55,1.68,1.55,86,60,34,23,10,71,53,46,1.68,1.51,3.19,/usa/sporting-kansas-city-vs-minnesota-united-fc-h2h-stats,4473,25,False,False,False,False,False,False,False,[],[]
MLS,2020,4473,1121141,19,677446,2020,complete,57712,0,-1,"['55', '84']",['42'],2,1,3,3,7,10,3,2,1,2,0,0,4,3,6,10,10,13,9,13,58,42,13812.0,2,3134,,,1,2,2.45,3.65,2.65,1.01,1.18,1.61,2.55,4.45,13.0,4.6,2.3,1.5,1.19,1.53,2.4,3.15,1.3,0.0,0.0,1.28,1.28,1.8,2.8,2.25,3.6,2.55,2.6,3.3,0,0,1.23,1.48,1.76,2.31,3.05,3.95,2.5,2.05,1.6,1.35,1.85,7.0,2.4,1.78,13.0,2.13,4.0,5.25,1.33,2.55,6.0,19.0,3.25,1.47,1.11,1.02,1.2,1.95,4.0,9.0,4.33,1.8,1.22,1.04,0,0,0,0,3,0,1,2,0,2,1,1604277000,19,1,56,13,17,0,1394,2,1,0,1,3,6,1,9,0,0,1,2,0,3,1,35,59,118,122,1.18,1.47,2.65,1,0,1,0,0,0,1,1,0,0,0,1,0,0,-1,-1,-1,-1,-1,-1,-1,-1,-1,14,25,59,63,93,31,68,74,47,10.47,3.74,4.17,2.58,/clubs/toronto-fc-19,teams/canada-toronto-fc.png,Toronto,/clubs/club-internacional-de-futbol-miami-677446,teams/usa-club-internacional-de-futbol-miami.png,Inter Miami,1.76,1.0,1.86,1.0,1.86,1.0,86,75,42,37,8,58,47,35,1.56,1.41,2.97,/usa/toronto-fc-vs-club-internacional-de-futbol-miami-h2h-stats#1121141,4473,24,True,True,True,False,False,False,True,"['55', '84']",['42']
MLS,2020,4473,1121142,12,18,2020,complete,57712,0,-1,"['11', '42', '75']",['22'],3,1,4,7,4,11,0,1,0,2,0,0,8,4,7,7,15,11,9,4,45,55,13967.0,11434,25,,,0,2,2.8,3.84,2.33,1.01,1.16,1.54,2.4,4.55,13.0,4.0,1.54,2.4,1.18,1.53,2.4,4.65,1.15,0.0,0.0,1.57,1.28,1.43,3.3,2.45,2.75,3.1,2.8,2.5,0,0,1.18,1.34,1.56,1.98,2.68,4.6,3.1,2.39,1.83,1.46,2.25,7.0,1.95,2.02,19.75,1.77,5.5,4.15,1.25,2.3,5.0,13.0,3.75,1.6,1.15,1.01,1.15,1.75,3.4,7.5,5.0,2.0,1.28,1.07,0,0,0,0,4,2,1,1,0,1,3,1604282400,12,1,66,9,50,0,0,2,1,1,2,6,2,3,8,0,1,0,1,1,1,1,45,44,111,101,1.84,1.3,3.14,0,0,0,0,0,0,1,1,0,0,0,0,0,0,-1,-1,-1,-1,-1,-1,-1,-1,-1,22,41,69,93,95,22,63,93,70,10.1,3.58,3.67,3.26,/clubs/colorado-rapids-12,teams/usa-colorado-rapids.png,Colorado Rapids,/clubs/seattle-sounders-fc-18,teams/usa-seattle-sounders-fc.png,Seattle Sounders,1.47,1.78,1.27,1.75,1.27,1.75,79,59,32,8,5,63,46,41,1.56,1.54,3.1,/usa/colorado-rapids-vs-seattle-sounders-fc-h2h-stats#1121142,4473,19,True,True,True,True,False,False,True,"['11', '42', '75']",['22']
MLS,2020,4473,1121143,20,5,2020,complete,57712,0,-1,['61'],[],1,0,1,4,2,6,2,0,0,1,0,0,2,1,8,10,10,11,16,7,57,43,7.0,7206,7207,,,0,1,1.43,5.15,6.5,1.01,1.12,1.45,2.25,3.8,15.0,5.0,1.45,2.25,1.25,1.54,2.35,2.6,1.43,0.0,0.0,1.1,1.16,2.83,1.9,2.7,5.5,1.75,3.25,5.0,0,0,1.17,1.33,1.51,1.9,2.52,4.5,3.1,2.53,1.9,1.51,1.29,9.0,4.75,1.4,26.5,2.82,2.7,10.0,1.25,2.1,4.5,11.0,4.0,1.72,1.18,1.03,1.12,1.62,2.9,6.0,6.0,2.2,1.38,1.11,0,0,0,0,1,0,0,1,0,1,0,1604286000,20,1,62,9,38,0,0,2,1,3,2,1,0,5,1,0,0,0,1,0,1,1,80,41,125,92,1.36,1.07,2.42,0,0,0,0,0,0,1,1,0,0,0,0,0,0,-1,-1,-1,-1,-1,-1,-1,-1,-1,22,35,68,83,98,39,70,85,59,7.68,2.27,4.19,3.38,/clubs/portland-timbers-20,teams/usa-portland-timbers.png,Portland Timbers,/clubs/vancouver-whitecaps-fc-5,teams/canada-vancouver-whitecaps-fc.png,Vancouver Whitecaps,1.79,1.17,1.88,1.14,1.88,1.14,79,66,33,18,3,68,57,42,1.43,0.9,2.33,/usa/vancouver-whitecaps-fc-vs-portland-timbers-h2h-stats#1121143,4473,24,True,False,False,False,False,False,False,['61'],[]
MLS,2020,4473,1121144,10,14,2020,complete,57712,0,-1,"['18', '65']",['78'],2,1,3,1,2,3,1,1,2,0,0,0,4,3,5,9,9,12,15,13,35,65,13889.0,7,26962,,,2,0,2.17,3.82,3.08,1.02,1.17,1.5,2.38,4.75,13.0,4.33,1.5,2.38,1.17,1.57,2.3,3.45,1.26,0.0,0.0,1.3,1.32,1.68,2.65,2.4,3.5,2.45,2.75,3.25,0,0,1.27,1.45,1.85,2.42,3.0,3.4,2.71,1.95,1.55,1.34,1.7,7.0,2.7,1.74,18.25,2.09,4.2,5.75,1.28,2.3,5.0,15.0,3.75,1.57,1.15,1.01,1.16,1.8,3.5,7.5,5.0,1.95,1.28,1.07,0,0,0,0,3,1,0,1,1,2,1,1604287800,10,1,51,21,37,0,0,2,1,1,1,0,1,2,1,0,0,2,0,0,2,1,33,56,98,114,1.1,1.38,2.48,0,0,0,0,0,0,1,1,0,0,0,0,0,0,-1,-1,-1,-1,-1,-1,-1,-1,-1,23,35,55,83,88,28,65,88,58,10.52,2.72,4.76,3.19,/clubs/la-galaxy-10,teams/usa-la-galaxy.png,LA Galaxy,/clubs/real-salt-lake-14,teams/usa-real-salt-lake.png,Real Salt Lake,1.0,0.96,0.95,1.05,0.95,1.05,78,65,45,18,12,60,45,35,1.37,1.36,2.73,/usa/la-galaxy-vs-real-salt-lake-h2h-stats#1121144,4473,22,True,True,True,False,False,False,True,"['18', '65']",['78']
MLS,2020,4473,1121145,15,6490,2020,complete,57712,0,-1,"['28', '37', '72']","['23', '90+5']",3,2,5,8,6,14,2,2,2,2,1,0,3,6,6,6,9,12,10,15,42,58,13841.0,1763,211,,,3,2,3.25,4.1,2.0,1.0,1.08,1.32,1.83,2.85,19.0,7.25,3.3,1.95,1.41,1.32,3.15,5.75,1.1,0.0,0.0,1.75,1.23,1.36,3.5,2.55,2.5,3.3,2.95,2.3,0,0,1.17,1.3,1.55,1.95,2.63,4.8,3.25,2.43,1.85,1.47,2.7,7.0,1.7,2.12,25.0,1.67,7.0,4.5,1.22,2.05,4.33,11.0,4.2,1.72,1.2,1.03,1.11,1.6,2.9,6.0,6.0,2.25,1.38,1.11,0,0,0,0,5,2,1,1,1,2,3,1604548800,15,1,65,17,55,0,0,2,1,7,1,1,5,8,6,1,1,2,1,2,3,1,28,38,54,78,0.98,1.45,2.43,0,0,0,0,0,0,1,1,0,0,0,0,0,0,-1,-1,-1,-1,-1,-1,-1,-1,-1,36,49,74,91,94,40,76,91,71,12.18,3.58,3.37,3.87,/clubs/san-jose-earthquakes-15,teams/usa-san-jose-earthquakes.png,SJ Earthquakes,/clubs/los-angeles-fc-6490,teams/usa-los-angeles-fc.png,Los Angeles FC,1.31,1.44,1.3,1.59,1.3,1.59,65,51,27,9,7,67,58,47,1.55,1.82,3.37,/usa/san-jose-earthquakes-vs-los-angeles-fc-h2h-stats#1121145,4473,25,True,True,True,True,True,False,True,"['28', '37', '72']","['23', '90+5']"
MLS,2020,4473,1121146,7,2,2020,complete,57712,0,-1,"['33', '42', '43']","['15', '32', '37', '77']",3,4,7,3,8,11,4,2,0,0,0,0,7,10,9,10,16,20,9,12,47,53,24.0,2414,762,,,0,0,2.65,3.9,2.35,1.01,1.12,1.43,2.1,3.45,16.0,6.0,2.8,1.74,1.29,1.39,2.8,4.6,1.15,0.0,0.0,1.58,1.27,1.49,3.14,2.46,2.85,2.86,2.83,2.68,0,0,1.23,1.48,1.73,2.1,2.7,3.95,2.5,2.0,1.65,1.4,2.1,8.0,1.91,2.01,20.5,1.9,5.5,4.75,1.26,2.19,4.85,10.25,3.85,1.68,1.18,1.01,1.15,1.76,3.32,6.5,5.4,2.06,1.33,1.09,0,0,0,0,7,3,3,0,1,1,6,1604867400,2,1,57,18,22,0,-1,2,-1,1,2,2,6,3,8,0,0,0,0,0,0,1,50,44,103,110,1.86,2.28,4.14,0,0,0,0,0,0,1,1,0,0,0,0,-1,-1,-1,-1,-1,-1,-1,-1,-1,-1,-1,9,39,59,75,94,44,62,85,49,10.65,4.76,4.37,2.79,/clubs/chicago-fire-7,teams/usa-chicago-fire.png,Chicago Fire,/clubs/new-york-city-fc-2,teams/usa-new-york-city-fc.png,New York City,1.0,1.65,1.05,1.63,1.05,1.63,92,61,41,26,7,57,46,41,1.39,1.71,3.1,/usa/new-york-city-fc-vs-chicago-fire-h2h-stats#1121146,4473,23,True,True,True,True,True,True,True,"['33', '42', '43']","['15', '32', '37', '77']"
MLS,2020,4473,1121147,9,1016,2020,complete,57712,0,-1,"['28', '55']",['59'],2,1,3,3,10,13,2,2,3,3,0,1,5,2,6,13,11,15,18,11,45,55,31.0,13,13004,,,3,4,1.77,3.9,4.25,1.02,1.22,1.71,2.8,5.25,12.0,4.15,2.1,1.43,1.15,1.67,2.15,2.85,1.36,0.0,0.0,1.26,1.28,1.94,2.41,2.31,4.4,2.21,2.7,3.95,0,0,1.28,1.5,2.0,2.5,3.45,3.5,2.43,1.8,1.49,1.28,1.46,8.5,3.08,1.68,11.5,2.55,3.3,6.25,1.33,2.45,5.85,13.0,3.32,1.55,1.13,1.03,1.2,1.93,3.85,8.5,4.6,1.87,1.26,1.05,0,0,0,0,3,1,0,1,1,2,1,1604867400,9,1,49,21,30,0,-1,2,1,2,2,1,8,4,9,1,1,2,3,2,5,1,48,57,85,102,1.39,1.5,2.89,0,1,0,1,0,0,1,1,0,0,0,2,0,0,-1,-1,-1,-1,-1,-1,-1,-1,-1,5,20,47,69,94,29,69,73,40,9.23,3.33,4.05,2.35,/clubs/columbus-crew-9,teams/usa-columbus-crew.png,Columbus Crew,/clubs/atlanta-united-fc-1016,teams/usa-atlanta-united-fc.png,Atlanta United FC,1.93,0.96,1.7,1.0,1.7,1.0,96,80,54,31,7,51,38,35,1.32,1.14,2.46,/usa/columbus-crew-vs-atlanta-united-fc-h2h-stats#1121147,4473,23,True,True,True,False,False,False,True,"['28', '55']",['59']
MLS,2020,4473,1121148,13401,1,2020,complete,57712,0,-1,"['9', '33']","['13', '74', '88']",2,3,5,5,12,17,3,0,0,2,0,1,5,5,15,13,20,18,8,7,53,47,69.0,20,12517,,,0,4,2.25,3.5,3.0,1.02,1.2,1.65,2.65,4.7,13.0,4.4,2.25,1.47,1.17,1.54,2.35,3.45,1.26,0.0,0.0,1.37,1.3,1.67,2.6,2.3,3.45,2.45,2.55,2.9,0,0,1.23,1.43,1.75,2.25,3.05,3.95,2.7,2.0,1.6,1.35,1.77,7.5,2.36,1.74,13.0,2.1,4.0,5.5,1.29,2.45,5.5,12.0,3.25,1.5,1.11,1.03,1.19,1.9,3.76,7.0,4.74,1.9,1.27,1.08,0,0,0,0,5,2,1,0,2,2,3,1604867400,1,1,62,20,48,0,-1,2,1,3,7,2,5,10,7,0,2,0,1,2,1,1,46,66,108,117,1.94,1.96,3.91,0,0,0,0,0,0,1,1,1,0,2,0,0,0,-1,-1,-1,-1,-1,-1,-1,-1,-1,18,38,62,72,96,42,69,80,56,7.9,3.91,3.74,2.95,/clubs/dc-united-13401,teams/usa-dc-united.png,DC United,/clubs/montreal-impact-1,teams/canada-montreal-impact.png,Montreal Impact,0.91,1.04,0.95,1.0,0.95,1.0,82,63,38,29,5,63,42,38,1.01,1.18,2.19,/usa/montreal-impact-vs-dc-united-h2h-stats#1121148,4473,23,True,True,True,True,True,False,True,"['9', '33']","['13', '74', '88']"
MLS,2020,4473,1121149,677446,8043,2020,complete,57712,0,-1,"['19', '23']",['66'],2,1,3,5,3,8,1,0,1,2,1,0,5,3,8,8,13,11,18,11,36,64,5016.0,3134,409,,,2,2,1.31,5.75,8.5,1.01,1.16,1.54,2.4,4.1,14.0,4.95,2.45,1.57,1.22,1.91,1.87,2.25,1.57,0.0,0.0,1.1,1.18,2.95,1.86,2.63,6.35,1.7,3.1,6.05,0,0,1.23,1.43,1.75,2.25,3.05,3.95,2.7,2.0,1.6,1.35,1.23,11.0,4.44,1.37,18.75,3.44,2.4,9.5,1.28,2.28,5.1,10.5,3.68,1.63,1.17,1.01,1.17,1.82,3.45,7.5,5.1,1.99,1.31,1.07,0,0,0,0,3,2,0,0,1,1,2,1604867400,677446,1,47,28,28,0,-1,2,1,3,0,2,3,3,5,0,2,2,0,2,2,1,28,27,82,115,1.38,1.12,2.49,0,0,0,0,0,0,1,1,0,0,0,0,0,1,-1,-1,-1,-1,-1,-1,-1,-1,-1,9,14,56,67,87,31,58,74,40,8.93,3.79,4.37,2.32,/clubs/club-internacional-de-futbol-miami-677446,teams/usa-club-internacional-de-futbol-miami.png,Inter Miami,/clubs/fc-cincinnati-8043,teams/usa-fc-cincinnati.png,FC Cincinnati,1.0,0.71,0.95,0.74,0.95,0.74,91,87,45,33,13,54,38,27,1.41,1.04,2.45,/usa/fc-cincinnati-vs-club-internacional-de-futbol-miami-h2h-stats#1121149,4473,24,True,True,True,False,False,False,True,"['19', '23']",['66']
MLS,2020,4473,1121150,4,19,2020,complete,57712,0,-1,"['24', '26']",['50'],2,1,3,4,7,11,5,1,3,2,0,0,6,4,4,9,10,13,16,8,36,64,15.0,11574,2,,,3,2,1.95,3.9,3.55,1.01,1.18,1.61,2.5,4.4,13.0,4.65,2.3,1.51,1.19,1.54,2.4,3.35,1.27,0.0,0.0,1.35,1.28,1.76,2.59,2.38,3.74,2.4,2.73,3.42,0,0,1.22,1.44,1.73,2.1,2.7,4.0,2.6,2.0,1.65,1.4,1.67,8.0,2.57,1.79,12.75,2.29,3.9,5.75,1.3,2.36,5.5,12.0,3.52,1.59,1.15,1.01,1.18,1.89,3.76,8.0,4.8,1.91,1.27,1.06,0,0,0,0,3,2,0,0,1,1,2,1604867400,4,1,49,21,42,0,-1,2,1,2,1,2,6,3,8,2,1,1,1,3,2,1,48,56,97,135,1.41,1.52,2.92,0,0,0,0,0,0,1,1,0,0,0,0,0,0,-1,-1,-1,-1,-1,-1,-1,-1,-1,16,31,44,63,98,23,71,82,47,9.9,3.61,2.84,2.6,/clubs/new-york-red-bulls-4,teams/usa-new-york-red-bulls.png,New York RB,/clubs/toronto-fc-19,teams/canada-toronto-fc.png,Toronto,1.33,1.76,1.32,1.91,1.32,1.91,85,69,56,38,2,58,49,34,1.3,1.55,2.85,/usa/new-york-red-bulls-vs-toronto-fc-h2h-stats#1121150,4473,24,True,True,True,False,False,False,True,"['24', '26']",['50']
MLS,2020,4473,1121151,17,677447,2020,complete,57712,0,-1,"['4', '61']","['20', '88', '90+3']",2,3,5,3,6,9,0,0,1,3,0,0,4,6,8,4,12,10,13,13,52,48,40.0,21031,24795,,,1,3,1.95,3.3,4.1,1.05,1.33,2.05,3.65,7.0,9.0,3.2,1.77,1.27,1.08,1.83,1.91,2.55,1.45,0.0,0.0,1.25,1.28,1.97,2.39,2.28,4.6,2.21,2.62,4.15,0,0,1.23,1.48,1.73,2.1,2.7,3.95,2.5,2.0,1.65,1.4,1.59,8.0,2.71,1.67,10.25,2.65,3.0,6.25,1.36,2.65,6.6,14.0,3.15,1.48,1.11,1.02,1.24,2.08,4.4,10.0,4.05,1.75,1.21,1.03,0,0,0,0,5,1,1,1,2,3,2,1604867400,677447,1,61,12,31,0,-1,2,1,1,3,2,3,4,5,1,3,0,0,4,0,1,29,49,94,103,1.26,1.41,2.67,0,0,0,0,0,0,1,1,1,0,1,1,0,0,-1,-1,-1,-1,-1,-1,-1,-1,-1,9,23,43,68,85,33,60,70,43,8.99,2.4,3.68,2.28,/clubs/orlando-city-sc-17,teams/usa-orlando-city-sc.png,Orlando City,/clubs/nashville-sc-mls-677447,teams/usa-nashville-sc-mls.png,Nashville SC,1.69,1.46,1.85,1.32,1.85,1.32,92,78,58,32,15,66,36,36,1.32,1.35,2.67,/usa/orlando-city-sc-vs-nashville-sc-mls-h2h-stats#1121151,4473,26,True,True,True,True,True,False,True,"['4', '61']","['20', '88', '90+3']"
MLS,2020,4473,1121152,16,11,2020,complete,57712,0,-1,"['42', '69']",[],2,0,2,3,6,9,3,2,1,3,0,0,5,2,13,6,18,8,15,11,42,58,36.0,12,21032,,,1,3,1.91,3.9,3.65,1.01,1.18,1.61,2.5,4.4,13.0,4.65,2.3,1.51,1.19,1.56,2.35,3.3,1.28,0.0,0.0,1.29,1.29,1.85,2.44,2.39,4.05,2.32,2.7,3.64,0,0,1.12,1.29,1.7,1.93,2.25,5.25,3.45,2.1,1.88,1.57,1.77,8.0,2.36,1.68,18.25,2.36,3.8,6.0,1.28,2.34,5.4,11.0,3.68,1.6,1.15,1.01,1.18,1.88,3.68,8.0,4.85,1.92,1.28,1.06,0,0,0,0,2,1,0,1,0,1,1,1604867400,16,1,57,23,38,0,-1,2,1,3,1,0,5,4,5,0,1,1,2,1,3,1,63,61,104,117,1.94,1.1,3.04,0,0,0,0,0,0,1,1,0,0,2,0,0,0,-1,-1,-1,-1,-1,-1,-1,-1,-1,13,19,54,71,88,27,54,79,54,11.59,3.87,3.84,2.49,/clubs/philadelphia-union-16,teams/usa-philadelphia-union.png,Philadelphia Union,/clubs/new-england-revolution-11,teams/usa-new-england-revolution.png,New England Revolution,1.96,1.46,2.0,1.39,2.0,1.39,88,82,47,30,13,73,57,53,1.5,1.69,3.19,/usa/new-england-revolution-vs-philadelphia-union-h2h-stats#1121152,4473,27,True,True,False,False,False,False,False,"['42', '69']",[]
MLS,2020,4473,1121153,6,12,2020,complete,57712,0,-1,['69'],"['61', '90+3']",1,2,3,10,4,14,2,0,3,1,0,0,6,5,12,7,18,12,10,12,48,52,58.0,28051,11434,,,3,1,2.05,3.95,3.1,1.01,1.11,1.41,2.05,3.35,16.0,6.0,2.85,1.74,1.31,1.39,2.85,3.95,1.2,0.0,0.0,1.41,1.26,1.69,2.65,2.48,3.4,2.48,2.85,3.13,0,0,1.14,1.28,1.5,2.0,2.4,5.0,3.4,2.4,1.8,1.5,1.77,7.5,2.36,1.81,21.0,2.11,4.4,5.75,1.26,2.17,4.8,10.25,3.85,1.69,1.19,1.01,1.15,1.75,3.26,6.5,5.45,2.08,1.34,1.09,0,0,0,0,3,0,0,1,2,3,0,1604878200,12,1,67,0,31,0,-1,2,1,5,2,5,2,7,7,1,0,2,1,1,3,1,69,48,98,118,2.05,1.47,3.51,0,0,0,0,0,0,1,1,0,0,2,0,0,0,-1,-1,-1,-1,-1,-1,-1,-1,-1,19,40,65,93,98,32,71,98,61,10.55,3.27,4.51,3.2,/clubs/houston-dynamo-6,teams/usa-houston-dynamo.png,Houston Dynamo,/clubs/colorado-rapids-12,teams/usa-colorado-rapids.png,Colorado Rapids,0.91,1.47,0.95,1.47,0.95,1.47,81,61,36,8,3,66,51,47,1.52,1.56,3.08,/usa/houston-dynamo-vs-colorado-rapids-h2h-stats#1121153,4473,19,True,True,True,False,False,False,True,['69'],"['61', '90+3']"
MLS,2020,4473,1121154,6490,20,2020,complete,57712,0,-1,['5'],['90'],1,1,2,3,4,7,1,1,2,3,0,0,4,4,7,6,11,10,13,13,51,49,35.0,211,7206,,,2,3,1.44,5.25,5.75,1.0,1.06,1.26,1.69,2.55,20.0,8.25,3.75,2.15,1.5,1.38,2.85,3.65,1.24,0.0,0.0,1.22,1.2,2.26,2.07,2.8,4.25,1.92,3.25,4.05,0,0,1.16,1.34,1.75,1.89,2.24,4.5,2.84,2.0,1.81,1.52,1.31,10.0,3.86,1.54,36.0,2.52,3.85,8.75,1.17,1.84,3.6,7.5,5.0,1.97,1.29,1.07,1.07,1.51,2.53,4.74,7.4,2.56,1.52,1.15,0,0,0,0,2,1,0,0,1,1,1,1604878200,-1,1,72,44,24,0,-1,2,1,2,1,1,3,3,4,1,1,1,2,2,3,1,63,53,128,121,1.44,1.31,2.75,0,0,0,0,0,0,1,1,1,0,0,0,0,0,-1,-1,-1,-1,-1,-1,-1,-1,-1,29,44,72,89,100,43,76,92,62,10.13,3.3,3.49,3.73,/clubs/los-angeles-fc-6490,teams/usa-los-angeles-fc.png,Los Angeles FC,/clubs/portland-timbers-20,teams/usa-portland-timbers.png,Portland Timbers,1.44,1.79,1.52,1.85,1.52,1.85,71,57,29,12,0,65,52,42,1.8,1.41,3.21,/usa/portland-timbers-vs-los-angeles-fc-h2h-stats#1121154,4473,25,True,True,False,False,False,False,True,['5'],['90']
MLS,2020,4473,1121155,1015,13,2020,complete,57712,0,-1,"['17', '47', '79']",[],3,0,3,8,8,16,0,0,3,3,0,0,10,3,10,10,20,13,10,7,53,47,12.0,5,12956,,,3,3,2.25,3.6,3.0,1.01,1.14,1.48,2.2,3.75,15.0,5.5,2.6,1.65,1.26,1.43,2.7,3.45,1.25,0.0,0.0,1.33,1.35,1.68,2.81,2.13,4.0,2.43,2.73,3.35,0,0,1.14,1.28,1.5,2.0,2.45,5.0,3.4,2.4,1.8,1.48,1.67,8.0,2.57,1.84,10.25,2.31,4.05,6.0,1.36,2.32,5.3,13.0,3.15,1.61,1.16,1.02,1.17,1.77,3.32,6.5,5.05,2.05,1.33,1.09,0,0,0,0,3,1,0,2,0,2,1,1604878200,1015,1,54,24,30,0,-1,2,1,6,5,2,3,11,5,1,3,2,0,4,2,1,58,46,124,105,2.38,1.37,3.75,0,0,0,0,0,0,1,1,0,0,0,0,0,0,-1,-1,-1,-1,-1,-1,-1,-1,-1,14,39,59,70,84,32,66,77,52,9.77,2.38,3.59,2.69,/clubs/minnesota-united-fc-1015,teams/usa-minnesota-united-fc.png,Minnesota United,/clubs/fc-dallas-13,teams/usa-fc-dallas.png,FC Dallas,1.63,1.46,1.52,1.62,1.52,1.62,87,62,41,30,16,78,62,55,1.54,1.4,2.94,/usa/fc-dallas-vs-minnesota-united-fc-h2h-stats#1121155,4473,24,True,True,True,False,False,False,False,"['17', '47', '79']",[]
MLS,2020,4473,1121156,14,8,2020,complete,57712,0,-1,[],"['45', '48']",0,2,2,5,8,13,0,2,0,2,0,0,3,6,7,5,10,11,8,6,54,46,39.0,26962,18,,,0,2,3.0,3.75,2.2,1.02,1.19,1.62,2.6,4.6,13.0,4.45,2.25,1.48,1.18,1.56,2.35,4.2,1.18,0.0,0.0,1.6,1.29,1.46,3.3,2.36,2.88,3.02,2.71,2.67,0,0,1.25,1.45,1.95,2.4,3.3,3.6,2.55,1.85,1.5,1.28,2.38,7.5,1.74,2.07,16.5,1.89,5.0,4.3,1.3,2.38,5.55,12.0,3.52,1.58,1.15,1.01,1.19,1.89,3.76,8.0,4.8,1.91,1.27,1.06,0,0,0,0,2,0,1,0,1,1,1,1604878200,8,1,57,20,28,0,-1,2,1,4,8,1,0,12,1,0,1,0,1,1,1,1,47,57,100,139,1.19,1.54,2.73,0,0,0,0,0,0,1,1,0,0,0,1,0,0,-1,-1,-1,-1,-1,-1,-1,-1,-1,16,34,62,80,89,30,71,82,55,11.36,2.68,4.78,2.95,/clubs/real-salt-lake-14,teams/usa-real-salt-lake.png,Real Salt Lake,/clubs/sporting-kansas-city-8,teams/usa-sporting-kansas-city.png,Sporting KC,0.96,1.64,1.0,1.68,1.0,1.68,84,66,39,21,12,64,48,43,1.36,1.68,3.04,/usa/sporting-kansas-city-vs-real-salt-lake-h2h-stats#1121156,4473,23,True,True,False,False,False,False,False,[],"['45', '48']"
MLS,2020,4473,1121157,18,15,2020,complete,57712,0,-1,"['52', '54', '74', '80']",['57'],4,1,5,4,4,8,1,0,0,0,0,0,4,3,5,3,9,6,8,13,56,44,57.0,25,1763,,,0,0,1.45,4.85,6.0,1.01,1.12,1.43,2.1,3.5,16.0,6.0,2.75,1.71,1.29,1.54,2.35,2.9,1.35,0.0,0.0,1.2,1.26,2.15,2.1,2.45,4.4,1.95,2.8,3.75,0,0,1.12,1.26,1.48,1.95,2.35,5.25,3.5,2.5,1.85,1.53,1.55,8.5,2.77,1.48,14.0,2.6,3.25,7.5,1.25,2.25,4.85,10.5,3.55,1.57,1.13,1.01,1.15,1.75,3.3,6.0,5.35,2.08,1.33,1.11,0,0,0,0,5,0,0,4,1,5,0,1604878200,18,1,66,13,43,0,-1,2,-1,3,1,1,3,4,4,0,0,0,0,0,0,1,49,27,122,104,1.22,0.8,2.02,0,0,0,0,0,0,1,1,0,0,2,0,-1,-1,-1,-1,-1,-1,-1,-1,-1,-1,-1,26,43,70,87,90,35,68,87,67,11.81,3.29,3.28,3.47,/clubs/seattle-sounders-fc-18,teams/usa-seattle-sounders-fc.png,Seattle Sounders,/clubs/san-jose-earthquakes-15,teams/usa-san-jose-earthquakes.png,SJ Earthquakes,1.78,1.31,1.64,1.38,1.64,1.38,75,57,31,14,11,70,66,53,1.54,1.53,3.07,/usa/san-jose-earthquakes-vs-seattle-sounders-fc-h2h-stats#1121157,4473,26,True,True,True,True,True,False,True,"['52', '54', '74', '80']",['57']
MLS,2020,4473,1121158,5,10,2020,complete,57712,0,-1,"['24', '43', '90+1']",[],3,0,3,2,7,9,0,3,0,1,0,1,6,7,10,6,16,13,14,16,52,48,13893.0,7207,7,,,0,3,3.3,3.8,2.05,1.01,1.13,1.45,2.15,3.6,16.0,5.75,2.7,1.69,1.28,1.43,2.7,4.5,1.15,0.0,0.0,1.67,1.29,1.39,3.2,2.3,2.7,2.85,2.65,2.45,0,0,1.2,1.4,1.7,2.2,2.95,4.1,2.75,2.05,1.6,1.35,2.28,7.5,1.82,2.05,14.0,1.77,5.5,4.15,1.27,2.35,5.25,11.0,3.4,1.53,1.12,1.03,1.18,1.85,3.64,7.0,4.94,1.95,1.29,1.08,0,0,0,0,3,2,0,1,0,1,2,1604878200,5,1,50,31,36,0,-1,2,1,0,4,2,3,4,5,0,1,0,1,1,1,1,47,43,111,92,1.77,1.62,3.4,0,0,0,0,0,0,1,1,0,0,0,0,0,0,-1,-1,-1,-1,-1,-1,-1,-1,-1,21,32,57,80,96,32,62,89,60,8.77,2.74,4.27,3.15,/clubs/vancouver-whitecaps-fc-5,teams/canada-vancouver-whitecaps-fc.png,Vancouver Whitecaps,/clubs/la-galaxy-10,teams/usa-la-galaxy.png,LA Galaxy,1.17,1.0,1.09,1.05,1.09,1.05,80,69,44,20,5,59,52,41,0.9,1.35,2.25,/usa/vancouver-whitecaps-fc-vs-la-galaxy-h2h-stats#1121158,4473,22,True,True,True,False,False,False,False,"['24', '43', '90+1']",[]
MLS,2020,4473,1129540,10,18,2020,complete,57712,0,-1,['78'],['90+3'],1,1,2,7,10,17,2,0,3,2,0,0,4,3,8,14,12,17,10,9,39,61,44.0,7,25,,,3,2,3.05,3.9,2.1,1.01,1.13,1.45,2.2,3.65,16.0,5.75,2.65,1.67,1.27,1.43,2.7,0.0,0.0,0.0,0.0,0.0,0.0,0.0,3.6,2.4,2.5,3.25,0.0,2.25,0,0,0.0,0.0,0.0,0.0,0.0,0.0,0.0,0.0,0.0,0.0,0.0,0.0,0.0,2.3,0.0,1.62,0.0,0.0,1.29,2.25,5.5,15.0,3.5,1.57,1.14,1.03,1.14,1.73,3.4,8.0,5.5,2.0,1.3,1.08,0,0,0,0,2,0,0,1,1,2,0,1604548800,-1,1,61,15,45,0,0,2,1,6,2,1,8,8,9,1,1,2,1,2,3,1,41,70,100,115,1.34,1.79,3.13,0,0,0,0,0,0,1,1,0,0,1,1,0,0,-1,-1,-1,-1,-1,-1,-1,-1,-1,18,37,63,86,93,32,66,91,59,10.63,3.5,3.43,3.25,/clubs/la-galaxy-10,teams/usa-la-galaxy.png,LA Galaxy,/clubs/seattle-sounders-fc-18,teams/usa-seattle-sounders-fc.png,Seattle Sounders,1.0,1.78,1.05,1.67,1.05,1.67,83,64,37,15,8,61,54,44,1.35,1.52,2.87,/usa/la-galaxy-vs-seattle-sounders-fc-h2h-stats#1129540,4473,22,True,True,False,False,False,False,True,['78'],['90+3']
MLS,2020,4473,1134503,677447,13,2020,complete,57712,0,-1,[],['19'],0,1,1,5,4,9,1,0,0,1,0,0,3,5,11,4,14,9,17,13,55,45,42.0,24795,12956,,,0,1,2.25,3.3,3.2,1.05,1.33,2.05,3.7,7.25,9.0,3.2,1.74,1.26,1.08,1.83,1.91,2.75,1.39,0.0,0.0,1.31,1.32,1.67,2.72,2.1,3.74,2.42,2.4,3.4,0,0,1.27,1.5,1.85,2.45,3.4,3.55,2.48,1.95,1.5,1.29,1.65,7.0,2.7,1.75,10.5,2.27,3.4,5.25,1.43,3.14,7.0,15.0,2.92,1.39,1.06,1.01,1.25,2.15,4.8,11.0,3.7,1.62,1.16,1.02,0,0,0,0,1,0,1,0,0,0,1,1604539800,13,1,44,28,28,0,0,2,1,1,2,4,2,3,6,0,0,0,1,0,1,1,57,23,134,82,1.52,1.09,2.61,0,0,0,0,0,0,1,1,0,0,0,0,0,0,-1,-1,-1,-1,-1,-1,-1,-1,-1,10,22,40,61,81,25,56,66,39,9.38,2.45,3.33,2.15,/clubs/nashville-sc-mls-677447,teams/usa-nashville-sc-mls.png,Nashville SC,/clubs/fc-dallas-13,teams/usa-fc-dallas.png,FC Dallas,1.46,1.46,1.38,1.55,1.38,1.55,90,78,61,39,20,66,45,45,1.34,1.42,2.76,/usa/fc-dallas-vs-nashville-sc-mls-h2h-stats#1134503,4473,24,True,False,False,False,False,False,False,[],['19']
MLS,2020,4473,1149712,11,1,2020,complete,57754,0,-1,"['38', '90+5']",['61'],2,1,3,9,3,12,0,1,2,1,0,0,7,8,16,3,23,11,9,3,65,35,57.0,21032,12517,,,2,1,1.37,5.25,7.0,1.01,1.14,1.48,2.2,3.75,15.0,5.5,2.6,1.65,1.26,1.69,2.1,2.7,1.4,0.0,0.0,1.18,1.15,2.25,2.2,2.5,4.5,1.95,2.8,4.33,0,0,1.15,1.3,1.57,2.0,2.6,4.75,3.2,2.25,1.8,1.44,1.31,10.0,4.78,1.44,10.5,2.75,3.0,7.5,1.29,2.25,5.5,15.0,3.5,1.57,1.14,1.03,1.15,1.75,3.3,6.75,4.75,1.95,1.28,1.07,0,0,0,0,3,1,0,1,1,2,1,1605915000,11,1,61,28,43,0,0,2,1,5,1,4,2,6,6,2,1,0,0,3,0,1,71,35,134,84,2.45,1.51,3.97,0,0,0,0,0,0,1,1,0,0,0,0,1,0,-1,-1,-1,-1,-1,-1,-1,-1,-1,17,30,53,69,92,38,65,77,48,11.17,3.66,3.33,2.69,/clubs/new-england-revolution-11,teams/usa-new-england-revolution.png,New England Revolution,/clubs/montreal-impact-1,teams/canada-montreal-impact.png,Montreal Impact,1.46,1.04,1.33,1.08,1.33,1.08,84,71,48,31,9,69,50,46,1.66,1.21,2.87,/usa/montreal-impact-vs-new-england-revolution-h2h-stats#1149712,4473,25,True,True,True,False,False,False,True,"['38', '90+5']",['61']
MLS,2020,4473,1149713,677447,677446,2020,complete,57754,0,-1,"['14', '24', '57']",[],3,0,3,2,4,6,1,0,1,2,0,0,4,3,3,2,7,5,22,13,46,54,31.0,24795,3134,,,1,2,2.05,3.15,3.9,1.09,1.5,2.55,4.95,10.25,7.0,2.55,1.5,1.16,1.04,2.15,1.65,2.85,1.36,0.0,0.0,1.4,1.25,1.55,3.0,2.0,3.6,2.7,2.35,3.2,0,0,1.2,1.4,1.7,2.2,2.95,4.1,2.75,2.05,1.6,1.35,1.79,7.0,2.4,1.9,7.25,2.1,3.65,4.6,1.44,2.9,7.0,17.0,2.6,1.36,1.07,1.01,1.26,2.05,4.25,9.75,3.5,1.7,1.18,1.02,0,0,0,0,3,2,0,1,0,1,2,1605924000,677447,1,57,25,25,0,0,2,1,0,2,2,2,2,4,1,2,0,0,3,0,1,45,63,90,95,1.06,0.99,2.05,1,0,1,0,0,0,1,1,0,0,0,0,0,1,-1,-1,-1,-1,-1,-1,-1,-1,-1,11,15,50,66,87,33,61,68,39,9.82,3.08,4.05,2.31,/clubs/nashville-sc-mls-677447,teams/usa-nashville-sc-mls.png,Nashville SC,/clubs/club-internacional-de-futbol-miami-677446,teams/usa-club-internacional-de-futbol-miami.png,Inter Miami,1.46,1.0,1.39,1.04,1.39,1.04,89,85,50,35,13,53,28,24,1.35,1.41,2.76,/usa/club-internacional-de-futbol-miami-vs-nashville-sc-mls-h2h-stats#1149713,4473,24,True,True,True,False,False,False,False,"['14', '24', '57']",[]
MLS,2020,4473,1149783,17,2,2020,complete,59948,0,-1,['5'],['8'],1,1,2,3,11,14,2,1,5,3,2,0,3,8,13,18,16,26,14,14,44,56,3.0,21031,762,,,8,3,2.45,3.65,2.7,1.01,1.17,1.59,2.5,4.35,14.0,4.7,2.35,1.53,1.2,1.51,2.45,3.9,1.21,0.0,0.0,1.5,1.22,1.48,3.1,2.3,3.1,2.75,2.6,2.75,0,0,1.12,1.26,1.48,1.93,2.35,5.25,3.5,2.5,1.88,1.53,1.77,7.5,2.4,1.8,9.75,2.0,4.5,4.5,1.3,2.5,6.0,17.0,3.4,1.5,1.13,1.03,1.17,1.83,3.5,7.25,4.4,1.87,1.26,1.06,0,0,0,0,2,1,1,0,0,0,2,1605978000,-1,1,67,22,40,0,0,2,1,2,6,1,5,8,6,0,0,7,3,0,10,1,59,87,129,143,1.65,2.82,4.48,1,0,1,0,0,0,1,1,1,1,0,1,0,0,-1,-1,-1,-1,-1,-1,-1,-1,-1,16,39,56,71,91,40,60,83,48,10.48,3.9,4.58,2.79,/clubs/orlando-city-sc-17,teams/usa-orlando-city-sc.png,Orlando City,/clubs/new-york-city-fc-2,teams/usa-new-york-city-fc.png,New York City,1.69,1.65,1.78,1.68,1.78,1.68,85,62,45,30,10,71,52,50,1.32,1.74,3.06,/usa/new-york-city-fc-vs-orlando-city-sc-h2h-stats#1149783,4473,26,True,True,False,False,False,False,True,['5'],['8']
MLS,2020,4473,1149784,9,4,2020,complete,59948,0,-1,"['26', '46', '68']","['23', '90']",3,2,5,5,5,10,4,1,0,3,0,0,7,4,5,6,12,10,10,17,47,53,58.0,13,11574,,,0,3,2.0,3.5,3.65,1.03,1.26,1.83,3.1,6.0,10.5,3.75,1.95,1.35,1.12,1.71,2.1,2.9,1.35,0.0,0.0,1.28,1.2,1.83,2.5,2.3,4.0,2.25,2.6,3.5,0,0,1.25,1.48,1.85,2.4,3.3,3.6,2.5,1.95,1.5,1.28,1.47,7.5,3.25,1.57,9.25,2.4,3.4,6.0,1.33,2.63,6.5,19.0,3.25,1.44,1.11,1.02,1.19,1.91,3.8,8.0,4.1,1.8,1.22,1.05,0,0,0,0,5,1,1,2,1,3,2,1605988800,9,1,53,16,24,0,0,2,1,4,1,1,5,5,6,0,1,0,2,1,2,1,36,20,81,87,1.51,1.07,2.58,1,0,1,0,0,0,1,1,0,0,0,0,0,0,-1,-1,-1,-1,-1,-1,-1,-1,-1,9,24,47,73,98,22,73,88,45,9.66,3.83,3.31,2.54,/clubs/columbus-crew-9,teams/usa-columbus-crew.png,Columbus Crew,/clubs/new-york-red-bulls-4,teams/usa-new-york-red-bulls.png,New York RB,1.93,1.33,1.75,1.39,1.75,1.39,92,77,54,28,2,56,51,45,1.32,1.3,2.62,/usa/new-york-red-bulls-vs-columbus-crew-h2h-stats#1149784,4473,24,True,True,True,True,True,False,True,"['26', '46', '68']","['23', '90']"
MLS,2020,4473,1149785,8,15,2020,complete,59948,0,-1,"['4', '47', '90+1']","['22', '34', '90+7']",3,3,6,5,6,11,0,0,4,3,0,0,8,6,7,9,15,15,19,17,39,61,20.0,18,1763,,,4,3,1.51,4.6,5.5,1.01,1.17,1.57,2.45,4.25,14.0,4.8,2.4,1.54,1.21,1.67,2.15,2.95,1.34,0.0,0.0,1.18,1.17,2.2,2.2,2.5,4.33,1.91,2.85,4.0,0,0,1.17,1.35,1.62,2.05,2.75,4.4,2.95,2.15,1.7,1.4,1.33,8.5,4.0,1.44,11.5,2.63,3.25,7.5,1.25,2.2,5.0,13.0,3.75,1.62,1.17,1.04,1.14,1.7,3.1,6.25,5.0,2.05,1.33,1.09,0,0,0,0,6,1,2,2,1,3,3,1606078800,-1,1,63,17,34,0,0,2,1,1,1,4,5,2,9,1,1,3,2,2,5,1,70,47,150,112,2.03,1.71,3.74,0,0,0,0,0,0,1,1,1,0,1,0,0,0,-1,-1,-1,-1,-1,-1,-1,-1,-1,29,44,67,83,92,36,71,86,62,12.56,2.84,3.89,3.42,/clubs/sporting-kansas-city-8,teams/usa-sporting-kansas-city.png,Sporting KC,/clubs/san-jose-earthquakes-15,teams/usa-san-jose-earthquakes.png,SJ Earthquakes,1.64,1.31,1.74,1.32,1.74,1.32,72,57,34,17,8,69,56,48,1.68,1.5,3.18,/usa/sporting-kansas-city-vs-san-jose-earthquakes-h2h-stats#1149785,4473,25,True,True,True,True,True,True,True,"['4', '47', '90+1']","['22', '34', '90+7']"
MLS,2020,4473,1149786,1015,12,2020,complete,59948,0,-1,"['22', '54', '79']",[],3,0,3,2,4,6,2,0,1,2,0,0,7,4,9,11,16,15,8,8,50,50,15.0,5,11434,,,1,2,2.18,3.68,3.05,1.01,1.18,1.54,1.6,3.95,14.0,4.3,2.3,2.38,1.24,1.47,2.6,3.35,1.27,0.0,0.0,1.34,1.22,1.67,2.63,2.3,3.6,2.38,2.65,3.2,0,0,1.2,1.4,1.7,2.2,2.95,4.1,2.75,2.05,1.6,1.35,1.58,7.5,2.88,1.67,9.5,2.25,3.85,5.5,1.3,2.38,6.0,17.0,3.4,1.53,1.13,1.03,1.17,1.83,3.5,7.25,4.4,1.87,1.26,1.06,0,0,0,0,3,1,0,2,0,2,1,1606091400,1015,1,65,11,44,0,0,2,1,1,3,1,1,4,2,0,1,1,1,1,2,1,42,62,112,124,1.81,1.68,3.49,0,0,0,0,0,0,1,1,0,0,0,1,0,0,-1,-1,-1,-1,-1,-1,-1,-1,-1,21,45,69,87,94,28,64,94,68,9.78,2.37,3.83,3.19,/clubs/minnesota-united-fc-1015,teams/usa-minnesota-united-fc.png,Minnesota United,/clubs/colorado-rapids-12,teams/usa-colorado-rapids.png,Colorado Rapids,1.63,1.47,1.58,1.56,1.58,1.56,80,55,31,14,7,68,46,40,1.58,1.55,3.13,/usa/colorado-rapids-vs-minnesota-united-fc-h2h-stats#1149786,4473,19,True,True,True,False,False,False,False,"['22', '54', '79']",[]
MLS,2020,4473,1149787,20,13,2020,complete,59948,0,-1,['82'],['90+3'],1,1,2,8,4,12,0,2,0,3,0,0,8,4,15,7,23,11,9,23,54,46,7.0,7206,12956,,,0,3,2.06,3.66,3.34,1.02,1.2,1.72,2.8,4.6,13.0,4.03,2.1,1.42,1.18,1.54,2.35,3.0,1.33,0.0,0.0,1.3,1.22,1.75,2.5,2.3,4.0,2.25,2.6,3.5,0,0,1.14,1.28,1.5,1.98,2.45,5.0,3.4,2.4,1.83,1.48,1.5,8.0,3.1,1.62,9.25,2.4,3.5,5.75,1.33,2.63,6.5,19.0,3.25,1.44,1.11,1.02,1.18,1.83,3.5,7.25,4.33,1.87,1.26,1.06,0,0,0,0,2,0,0,1,1,2,0,1606100400,-1,1,58,17,35,0,0,2,1,2,0,6,4,2,10,0,1,0,2,1,2,1,107,61,203,125,2.8,1.43,4.22,0,0,0,0,0,0,1,1,0,0,0,0,0,0,-1,-1,-1,-1,-1,-1,-1,-1,-1,18,30,57,73,91,30,67,79,49,9.09,2.3,3.79,2.9,/clubs/portland-timbers-20,teams/usa-portland-timbers.png,Portland Timbers,/clubs/fc-dallas-13,teams/usa-fc-dallas.png,FC Dallas,1.79,1.46,1.81,1.55,1.81,1.55,82,70,44,28,9,73,56,49,1.41,1.4,2.81,/usa/fc-dallas-vs-portland-timbers-h2h-stats#1149787,4473,24,True,True,False,False,False,False,True,['82'],['90+3']
MLS,2020,4473,1149788,18,6490,2020,complete,59948,0,-1,"['18', '66', '80']",['77'],3,1,4,4,8,12,2,2,1,1,0,0,4,2,9,8,13,10,18,14,51,49,39.0,25,211,,,1,1,2.05,3.75,3.3,1.01,1.15,1.5,2.3,3.9,15.0,5.25,2.55,1.61,1.25,1.48,2.55,4.15,1.18,0.0,0.0,1.4,1.2,1.62,2.63,2.5,3.2,2.4,2.8,2.88,0,0,1.15,1.3,1.55,1.95,2.6,4.75,3.2,2.3,1.75,1.44,1.63,7.5,2.7,1.67,12.0,2.1,4.6,6.0,1.22,2.1,4.5,13.0,4.0,1.67,1.18,1.04,1.12,1.6,2.75,5.5,5.25,2.2,1.4,1.11,0,0,0,0,4,1,0,2,1,3,1,1606275000,18,1,71,9,62,0,0,2,1,2,2,2,6,4,8,0,0,1,1,0,2,1,50,54,111,127,1.47,1.18,2.65,0,1,0,0,0,1,1,1,0,0,1,0,0,0,-1,-1,-1,-1,-1,-1,-1,-1,-1,23,45,73,92,96,38,72,92,64,11.53,4.04,3.02,3.51,/clubs/seattle-sounders-fc-18,teams/usa-seattle-sounders-fc.png,Seattle Sounders,/clubs/los-angeles-fc-6490,teams/usa-los-angeles-fc.png,Los Angeles FC,1.78,1.44,1.7,1.5,1.7,1.5,77,56,28,9,5,64,60,54,1.52,1.79,3.31,/usa/seattle-sounders-fc-vs-los-angeles-fc-h2h-stats#1149788,4473,25,True,True,True,True,False,False,True,"['18', '66', '80']",['77']
MLS,2020,4473,1152746,19,677447,2020,complete,59948,0,-1,[],['108'],0,1,1,4,4,8,1,8,0,0,0,0,3,5,9,15,12,20,6,20,61,39,12.0,2,24795,,,0,0,2.25,3.25,3.3,1.06,1.38,2.2,4.1,8.25,8.25,2.95,1.65,1.22,1.06,1.91,1.83,2.9,1.36,0.0,0.0,1.38,1.33,1.62,2.9,2.15,3.7,2.7,2.4,3.2,0,0,1.27,1.53,1.87,2.45,3.34,3.38,2.45,1.87,1.53,1.28,1.59,7.5,2.84,1.88,9.0,2.2,3.75,4.75,1.4,2.8,6.5,15.0,2.7,1.38,1.08,1.02,1.25,2.1,4.33,10.0,3.6,1.65,1.18,1.04,0,0,0,0,1,0,0,0,1,1,0,1606258800,677447,1,46,9,8,0,-1,2,-1,1,3,3,1,4,4,0,0,0,0,0,0,1,79,55,202,109,1.57,2.01,3.58,0,0,0,0,0,0,1,1,0,0,0,0,-1,-1,-1,-1,-1,-1,-1,-1,-1,-1,-1,11,25,44,58,90,27,67,71,42,9.63,2.71,3.0,2.34,/clubs/toronto-fc-19,teams/canada-toronto-fc.png,Toronto,/clubs/nashville-sc-mls-677447,teams/usa-nashville-sc-mls.png,Nashville SC,1.76,1.46,1.83,1.46,1.83,1.46,90,75,57,42,11,63,38,28,1.55,1.34,2.89,/usa/toronto-fc-vs-nashville-sc-mls-h2h-stats#1152746,4473,25,True,False,False,False,False,False,False,[],['108']
MLS,2020,4473,1152747,16,11,2020,complete,59948,0,-1,[],"['26', '30']",0,2,2,6,4,10,2,2,2,1,0,0,4,4,10,7,14,11,19,14,58,42,13893.0,12,21032,,,2,1,2.05,3.6,3.45,1.02,1.2,1.67,2.65,4.75,13.0,4.35,2.2,1.47,1.17,1.57,2.3,3.0,1.33,0.0,0.0,1.25,1.29,1.91,2.45,2.35,4.05,2.2,2.6,3.8,0,0,1.17,1.32,1.57,1.9,2.5,4.5,3.1,2.3,1.83,1.5,1.8,7.0,2.5,1.62,12.0,2.5,3.5,6.5,1.3,2.3,5.0,11.0,3.2,1.55,1.13,1.03,1.18,1.85,3.6,7.0,4.33,1.85,1.25,1.07,0,0,0,0,2,0,2,0,0,0,2,1606266000,11,1,55,21,36,0,0,2,1,2,3,4,1,5,5,1,0,1,1,1,2,1,64,40,128,114,1.63,1.28,2.91,0,0,0,0,0,0,1,1,0,0,0,0,0,0,-1,-1,-1,-1,-1,-1,-1,-1,-1,12,18,53,73,88,26,57,81,53,11.57,3.84,3.87,2.49,/clubs/philadelphia-union-16,teams/usa-philadelphia-union.png,Philadelphia Union,/clubs/new-england-revolution-11,teams/usa-new-england-revolution.png,New England Revolution,1.96,1.46,2.04,1.4,2.04,1.4,89,83,48,28,12,75,55,51,1.51,1.69,3.2,/usa/new-england-revolution-vs-philadelphia-union-h2h-stats#1152747,4473,27,True,True,False,False,False,False,False,[],"['26', '30']"
MLS,2020,4473,1153895,17,11,2020,complete,57753,0,-1,['33'],"['17', '25', '86']",1,3,4,6,5,11,2,1,4,1,1,0,2,6,10,2,12,8,14,14,61,39,58.0,21031,21032,,,6,1,2.3,3.45,3.0,1.03,1.25,1.8,3.0,5.75,11.0,3.9,2.0,1.38,1.13,1.65,2.15,3.1,1.31,0.0,0.0,1.38,1.25,1.66,2.81,2.25,3.68,2.6,2.58,3.42,0,0,1.11,1.25,1.45,1.8,2.3,5.5,3.6,2.55,1.91,1.55,1.85,7.5,2.28,1.83,10.0,2.2,4.0,5.25,1.36,2.65,6.55,13.0,3.15,1.48,1.11,1.02,1.23,2.06,4.4,8.0,4.2,1.76,1.21,1.06,0,0,0,0,4,1,2,0,1,1,3,1606680000,11,1,68,24,47,0,-1,2,1,1,3,5,2,4,7,0,1,5,0,1,5,1,46,23,97,85,1.24,1.1,2.34,1,1,0,1,1,0,1,1,0,0,0,0,0,0,-1,-1,-1,-1,-1,-1,-1,-1,-1,11,22,48,76,87,37,61,76,48,11.2,3.06,4.01,2.47,/clubs/orlando-city-sc-17,teams/usa-orlando-city-sc.png,Orlando City,/clubs/new-england-revolution-11,teams/usa-new-england-revolution.png,New England Revolution,1.69,1.46,1.75,1.46,1.75,1.46,89,78,53,25,13,80,58,54,1.33,1.68,3.01,/usa/new-england-revolution-vs-orlando-city-sc-h2h-stats#1153895,4473,28,True,True,True,True,False,False,True,['33'],"['17', '25', '86']"
MLS,2020,4473,1153896,9,677447,2020,complete,57753,0,-1,"['103', '99']",[],2,0,2,11,6,17,2,0,0,2,0,0,8,2,6,2,14,4,10,11,53,47,7.0,13,24795,,,0,2,2.3,3.15,3.25,1.08,1.47,2.45,4.7,9.5,7.25,2.65,1.54,1.17,1.04,2.1,1.71,2.9,1.36,0.0,0.0,1.38,1.25,1.63,2.88,2.17,3.78,2.63,2.48,3.46,0,0,1.32,1.57,2.0,2.4,3.72,3.1,2.25,1.75,1.5,1.23,1.85,7.5,2.2,1.83,10.0,2.2,3.75,5.0,1.41,2.88,7.4,15.0,2.91,1.42,1.09,1.02,1.27,2.22,5.0,10.0,3.76,1.66,1.17,1.04,0,0,0,0,2,0,0,2,0,2,0,1606698000,9,1,48,15,23,0,0,2,1,2,4,9,2,6,11,0,1,0,1,1,1,1,55,30,130,95,1.85,0.63,2.48,0,0,0,0,0,0,1,1,0,0,1,1,0,0,-1,-1,-1,-1,-1,-1,-1,-1,-1,6,20,44,66,90,24,66,76,42,9.32,3.2,3.24,2.28,/clubs/columbus-crew-9,teams/usa-columbus-crew.png,Columbus Crew,/clubs/nashville-sc-mls-677447,teams/usa-nashville-sc-mls.png,Nashville SC,1.93,1.46,1.8,1.52,1.8,1.52,94,80,56,34,10,58,38,34,1.33,1.36,2.69,/usa/columbus-crew-vs-nashville-sc-mls-h2h-stats#1153896,4473,26,True,True,False,False,False,False,False,"['103', '99']",[]
MLS,2020,4473,1153897,18,13,2020,complete,57753,0,-1,['49'],[],1,0,1,8,4,12,1,2,1,2,0,0,2,0,11,8,13,8,9,12,52,48,12.0,25,12956,,,1,2,1.62,4.0,5.0,1.02,1.2,1.65,2.8,4.9,12.0,4.03,2.1,1.44,1.16,1.69,2.1,2.55,1.48,5.5,1.11,1.18,1.27,2.25,2.15,2.35,4.75,1.95,2.7,4.2,0,0,1.12,1.28,1.53,1.9,2.44,5.25,3.34,2.44,1.9,1.53,1.32,8.5,4.1,1.45,12.0,2.85,2.9,7.75,1.32,2.55,6.0,14.0,3.15,1.48,1.1,1.03,1.21,1.97,4.05,8.5,4.45,1.83,1.24,1.05,0,0,0,0,1,0,0,1,0,1,0,1606876200,18,1,57,13,42,0,0,2,1,2,0,6,4,2,10,0,0,1,2,0,3,1,37,33,82,71,1.23,0.75,1.98,0,0,0,0,0,0,1,1,0,0,0,0,0,0,-1,-1,-1,-1,-1,-1,-1,-1,-1,13,34,60,77,88,26,62,79,56,10.5,3.14,3.29,2.76,/clubs/seattle-sounders-fc-18,teams/usa-seattle-sounders-fc.png,Seattle Sounders,/clubs/fc-dallas-13,teams/usa-fc-dallas.png,FC Dallas,1.78,1.46,1.75,1.52,1.75,1.52,88,66,41,24,13,75,69,64,1.52,1.4,2.92,/usa/fc-dallas-vs-seattle-sounders-fc-h2h-stats#1153897,4473,24,True,False,False,False,False,False,False,['49'],[]
MLS,2020,4473,1153898,8,1015,2020,complete,57753,0,-1,[],"['27', '35', '39']",0,3,3,5,4,9,2,3,0,5,0,0,5,9,15,3,20,12,12,20,50,50,36.0,18,5,,,0,5,1.74,4.15,4.15,1.02,1.14,1.48,2.2,3.75,19.0,5.5,2.6,1.62,1.25,1.5,2.5,2.65,1.42,5.5,1.11,1.15,1.17,2.3,2.2,2.4,4.75,1.95,2.8,4.33,0,0,1.2,1.4,1.7,2.2,3.0,4.0,2.75,2.05,1.6,1.34,1.34,8.5,4.0,1.44,10.0,2.75,3.0,7.25,1.3,2.38,6.0,17.0,3.4,1.53,1.13,1.03,1.16,1.75,3.3,6.75,4.6,1.95,1.28,1.07,0,0,0,0,3,0,3,0,0,0,3,1607045400,1015,1,62,18,36,0,0,2,1,2,4,3,0,6,3,0,1,0,4,1,4,1,88,27,140,96,2.25,1.59,3.84,0,0,0,0,0,0,1,1,0,0,1,0,0,0,-1,-1,-1,-1,-1,-1,-1,-1,-1,15,41,68,80,92,37,74,86,57,11.3,2.54,4.01,3.04,/clubs/sporting-kansas-city-8,teams/usa-sporting-kansas-city.png,Sporting KC,/clubs/minnesota-united-fc-1015,teams/usa-minnesota-united-fc.png,Minnesota United,1.64,1.63,1.71,1.64,1.71,1.64,86,60,33,21,8,72,55,49,1.69,1.59,3.28,/usa/sporting-kansas-city-vs-minnesota-united-fc-h2h-stats#1153898,4473,25,True,True,True,False,False,False,False,[],"['27', '35', '39']"
MLS,2020,4473,1154412,9,11,2020,complete,57752,0,-1,['59'],[],1,0,1,9,4,13,5,1,1,0,0,0,7,4,6,4,13,8,17,6,47,53,7.0,13,21032,,,1,0,2.55,3.4,2.7,1.03,1.26,1.83,3.1,6.0,10.5,3.75,1.95,1.35,1.12,1.67,2.15,3.15,1.32,3.8,1.22,1.21,1.28,1.94,2.95,2.15,3.6,2.65,2.55,3.25,0,0,1.2,1.35,1.65,2.0,2.78,4.35,2.93,2.18,1.75,1.42,1.75,7.5,2.38,1.8,11.0,2.1,4.0,5.25,1.38,2.75,6.5,21.0,3.0,1.42,1.09,1.02,1.22,2.0,4.2,9.5,4.2,1.75,1.2,1.04,0,0,0,0,1,0,0,1,0,1,0,1607284800,9,1,55,20,34,0,0,2,1,6,0,3,4,6,7,0,0,1,0,0,1,1,41,29,94,92,1.61,1.01,2.62,0,0,0,0,0,0,1,1,0,0,5,0,0,0,-1,-1,-1,-1,-1,-1,-1,-1,-1,6,19,48,74,91,25,65,81,48,11.85,3.62,3.33,2.4,/clubs/columbus-crew-9,teams/usa-columbus-crew.png,Columbus Crew,/clubs/new-england-revolution-11,teams/usa-new-england-revolution.png,New England Revolution,1.93,1.46,1.85,1.52,1.85,1.52,95,81,53,27,10,73,63,55,1.35,1.66,3.01,/usa/columbus-crew-vs-new-england-revolution-h2h-stats#1154412,4473,28,True,False,False,False,False,False,False,['59'],[]
MLS,2020,4473,1155101,18,1015,2020,complete,57752,0,-1,"['75', '89', '90+3']","['29', '67']",3,2,5,10,5,15,3,0,2,1,0,0,5,4,19,2,24,6,11,15,63,37,31.0,25,5,,,2,1,1.65,4.2,4.6,1.01,1.17,1.57,2.45,4.3,14.0,4.75,2.35,1.54,1.2,1.61,2.25,2.6,1.43,5.25,1.13,1.22,1.19,2.0,2.5,2.25,4.33,2.1,2.6,4.0,0,0,1.23,1.44,1.74,1.98,2.68,3.8,2.6,2.08,1.83,1.45,1.43,7.5,3.75,1.53,9.25,2.6,3.0,6.75,1.33,2.55,6.0,13.5,3.1,1.45,1.1,1.01,1.2,2.0,4.0,8.5,4.0,1.72,1.2,1.04,0,0,0,0,5,0,1,3,1,4,1,1607394600,18,1,63,10,46,0,0,2,1,5,3,5,2,8,7,2,0,0,1,2,1,1,91,24,130,87,2.51,0.85,3.36,0,0,0,0,0,0,1,1,0,0,0,1,1,0,-1,-1,-1,-1,-1,-1,-1,-1,-1,12,41,71,83,90,33,67,87,61,10.45,2.99,3.28,3.06,/clubs/seattle-sounders-fc-18,teams/usa-seattle-sounders-fc.png,Seattle Sounders,/clubs/minnesota-united-fc-1015,teams/usa-minnesota-united-fc.png,Minnesota United,1.78,1.63,1.8,1.69,1.8,1.69,88,59,30,18,10,71,61,51,1.51,1.59,3.1,/usa/seattle-sounders-fc-vs-minnesota-united-fc-h2h-stats#1155101,4473,27,True,True,True,True,True,False,True,"['75', '89', '90+3']","['29', '67']"
MLS,2020,4473,1156347,9,18,2020,complete,57751,0,-1,"['25', '31', '82']",[],3,0,3,7,8,15,3,0,0,2,0,0,5,2,7,9,12,11,15,14,35,65,57.0,13,25,,,0,2,2.85,3.3,2.45,1.04,1.3,1.95,3.45,6.75,9.5,3.4,1.83,1.29,1.1,1.74,2.0,3.6,1.25,3.6,1.25,1.44,1.31,1.52,3.1,2.25,3.25,2.63,2.62,2.88,0,0,1.18,1.34,1.61,2.02,2.7,4.5,3.1,2.23,1.74,1.43,1.78,7.5,2.4,1.8,14.25,2.05,4.75,5.0,1.33,2.63,6.5,19.0,3.25,1.44,1.11,1.02,1.2,1.95,3.8,8.0,4.0,1.75,1.22,1.05,0,0,0,0,3,2,0,1,0,1,2,1607823000,9,1,61,12,42,0,1500,2,1,4,0,3,8,4,11,0,1,0,1,1,1,1,66,69,71,92,1.58,1.33,2.91,0,0,0,0,0,0,1,1,0,0,2,0,0,0,-1,-1,-1,-1,-1,-1,-1,-1,-1,10,32,61,80,94,23,66,89,57,11.07,3.88,3.12,2.82,/clubs/columbus-crew-9,teams/usa-columbus-crew.png,Columbus Crew,/clubs/seattle-sounders-fc-18,teams/usa-seattle-sounders-fc.png,Seattle Sounders,1.93,1.78,1.89,1.85,1.89,1.85,91,68,40,21,6,68,66,59,1.36,1.55,2.91,/usa/columbus-crew-vs-seattle-sounders-fc-h2h-stats#1156347,4473,27,True,True,True,False,False,False,False,"['25', '31', '82']",[]
