download_league,download_season,download_season_id,id,homeID,awayID,season,status,roundID,game_week,revised_game_week,homeGoals,awayGoals,homeGoalCount,awayGoalCount,totalGoalCount,team_a_corners,team_b_corners,totalCornerCount,team_a_offsides,team_b_offsides,team_a_yellow_cards,team_b_yellow_cards,team_a_red_cards,team_b_red_cards,team_a_shotsOnTarget,team_b_shotsOnTarget,team_a_shotsOffTarget,team_b_shotsOffTarget,team_a_shots,team_b_shots,team_a_fouls,team_b_fouls,team_a_possession,team_b_possession,refereeID,coach_a_ID,coach_b_ID,stadium_name,stadium_location,team_a_cards_num,team_b_cards_num,odds_ft_1,odds_ft_x,odds_ft_2,odds_ft_over05,odds_ft_over15,odds_ft_over25,odds_ft_over35,odds_ft_over45,odds_ft_under05,odds_ft_under15,odds_ft_under25,odds_ft_under35,odds_ft_under45,odds_btts_yes,odds_btts_no,odds_team_a_cs_yes,odds_team_a_cs_no,odds_team_b_cs_yes,odds_team_b_cs_no,odds_doublechance_1x,odds_doublechance_12,odds_doublechance_x2,odds_1st_half_result_1,odds_1st_half_result_x,odds_1st_half_result_2,odds_2nd_half_result_1,odds_2nd_half_result_x,odds_2nd_half_result_2,odds_dnb_1,odds_dnb_2,odds_corners_over_75,odds_corners_over_85,odds_corners_over_95,odds_corners_over_105,odds_corners_over_115,odds_corners_under_75,odds_corners_under_85,odds_corners_under_95,odds_corners_under_105,odds_corners_under_115,odds_corners_1,odds_corners_x,odds_corners_2,odds_team_to_score_first_1,odds_team_to_score_first_x,odds_team_to_score_first_2,odds_win_to_nil_1,odds_win_to_nil_2,odds_1st_half_over05,odds_1st_half_over15,odds_1st_half_over25,odds_1st_half_over35,odds_1st_half_under05,odds_1st_half_under15,odds_1st_half_under25,odds_1st_half_under35,odds_2nd_half_over05,odds_2nd_half_over15,odds_2nd_half_over25,odds_2nd_half_over35,odds_2nd_half_under05,odds_2nd_half_under15,odds_2nd_half_under25,odds_2nd_half_under35,odds_btts_1st_half_yes,odds_btts_1st_half_no,odds_btts_2nd_half_yes,odds_btts_2nd_half_no,overallGoalCount,ht_goals_team_a,ht_goals_team_b,goals_2hg_team_a,goals_2hg_team_b,GoalCount_2hg,HTGoalCount,date_unix,winningTeam,no_home_away,btts_potential,btts_fhg_potential,btts_2hg_potential,goalTimingDisabled,attendance,corner_timings_recorded,card_timings_recorded,team_a_fh_corners,team_b_fh_corners,team_a_2h_corners,team_b_2h_corners,corner_fh_count,corner_2h_count,team_a_fh_cards,team_b_fh_cards,team_a_2h_cards,team_b_2h_cards,total_fh_cards,total_2h_cards,attacks_recorded,team_a_dangerous_attacks,team_b_dangerous_attacks,team_a_attacks,team_b_attacks,team_a_xg,team_b_xg,total_xg,team_a_penalties_won,team_b_penalties_won,team_a_penalty_goals,team_b_penalty_goals,team_a_penalty_missed,team_b_penalty_missed,pens_recorded,goal_timings_recorded,team_a_0_10_min_goals,team_b_0_10_min_goals,team_a_corners_0_10_min,team_b_corners_0_10_min,team_a_cards_0_10_min,team_b_cards_0_10_min,throwins_recorded,team_a_throwins,team_b_throwins,freekicks_recorded,team_a_freekicks,team_b_freekicks,goalkicks_recorded,team_a_goalkicks,team_b_goalkicks,o45_potential,o35_potential,o25_potential,o15_potential,o05_potential,o15HT_potential,o05HT_potential,o05_2H_potential,o15_2H_potential,corners_potential,offsides_potential,cards_potential,avg_potential,home_url,home_image,home_name,away_url,away_image,away_name,home_ppg,away_ppg,pre_match_home_ppg,pre_match_away_ppg,pre_match_teamA_overall_ppg,pre_match_teamB_overall_ppg,u45_potential,u35_potential,u25_potential,u15_potential,u05_potential,corners_o85_potential,corners_o95_potential,corners_o105_potential,team_a_xg_prematch,team_b_xg_prematch,total_xg_prematch,match_url,competition_id,matches_completed_minimum,over05,over15,over25,over35,over45,over55,btts,homeGoals_timings,awayGoals_timings
MLS,2024,10977,7295234,677446,14,2024,complete,106200,1,-1,"['39', '83']",[],2,0,2,6,5,11,5,1,1,1,0,0,8,2,4,8,12,10,12,8,55,45,40876.0,647.0,8.0,,,1,1,1.54,4.07,4.78,1.02,1.17,1.65,2.25,4.15,13.5,5.26,2.1,1.6,1.25,1.62,2.2,2.62,1.42,6.0,1.09,1.15,1.21,2.5,2.05,2.5,5.0,1.83,3.0,4.75,0,0,1.25,1.46,1.8,2.25,2.95,3.3,2.4,1.89,1.53,1.3,1.43,8.5,3.45,1.36,13.0,3.0,3.0,8.5,1.29,2.25,5.5,15.0,3.5,1.57,1.14,1.03,1.14,1.73,3.4,8.0,5.5,2.0,1.3,1.08,0,0,0,0,2,1,0,1,0,1,1,1708563600,677446,0,0,0,0,0,-1,2,1,5,0,1,5,5,6,0,1,1,0,1,1,1,44,40,85,103,1.64,1.07,2.71,0,0,0,0,0,0,1,1,0,0,1,0,0,0,1,9,10,-1,-1,-1,-1,-1,-1,0,0,0,0,0,0,0,0,0,0.0,0.0,0.0,0.0,/clubs/club-internacional-de-futbol-miami-677446,teams/usa-club-internacional-de-futbol-miami.png,Inter Miami,/clubs/real-salt-lake-14,teams/usa-real-salt-lake.png,Real Salt Lake,2.11,1.33,0.0,0.0,0.0,0.0,0,0,0,0,0,0,0,0,0.0,0.0,0.0,/usa/real-salt-lake-vs-club-internacional-de-futbol-miami-h2h-stats#7295234,10977,36,True,True,False,False,False,False,False,"['39', '83']",[]
MLS,2024,10977,7295235,9,1016,2024,complete,106200,1,-1,['27'],[],1,0,1,3,2,5,7,2,0,2,0,0,3,2,6,5,9,7,4,15,48,52,69283.0,39282.0,40852.0,,,0,2,1.58,4.6,4.97,1.02,1.13,1.42,2.09,3.35,24.0,5.75,2.74,1.66,1.3,1.5,2.5,2.9,1.35,7.25,1.08,1.17,1.19,2.35,2.05,2.63,4.75,1.8,3.0,4.5,0,0,1.23,1.44,1.76,2.2,2.85,3.4,2.48,1.93,1.56,1.33,1.46,8.5,3.3,1.4,23.0,2.88,3.4,8.5,1.22,2.1,4.5,13.0,4.0,1.67,1.18,1.04,1.13,1.62,3.0,6.5,6.0,2.2,1.36,1.11,0,0,0,0,1,1,0,0,0,0,1,1708801200,9,0,0,0,0,0,-1,2,1,3,0,0,2,3,2,0,1,0,1,1,1,1,60,40,102,123,1.22,0.89,2.11,1,0,0,0,1,0,1,1,0,0,0,0,0,0,1,22,18,-1,-1,-1,-1,-1,-1,0,0,0,0,0,0,0,0,0,0.0,0.0,0.0,0.0,/clubs/columbus-crew-9,teams/usa-columbus-crew.png,Columbus Crew,/clubs/atlanta-united-fc-1016,teams/usa-atlanta-united-fc.png,Atlanta United FC,1.89,1.05,0.0,0.0,0.0,0.0,0,0,0,0,0,0,0,0,0.0,0.0,0.0,/usa/columbus-crew-vs-atlanta-united-fc-h2h-stats#7295235,10977,36,True,False,False,False,False,False,False,['27'],[]
MLS,2024,10977,7295236,6490,18,2024,complete,106200,1,-1,"['45', '55']",['73'],2,1,3,6,2,8,2,0,2,2,0,0,7,7,5,4,12,11,14,5,44,56,69286.0,39588.0,25.0,,,2,2,1.76,3.72,4.67,1.06,1.33,1.98,3.55,7.0,8.5,3.25,1.83,1.28,1.09,1.95,1.8,2.2,1.58,4.33,1.18,1.18,1.27,2.05,2.3,2.2,5.0,2.0,2.45,4.5,0,0,1.28,1.52,1.87,2.35,3.1,3.1,2.3,1.82,1.49,1.28,1.49,8.5,3.15,1.44,8.5,3.0,2.75,7.0,1.4,3.0,8.0,23.0,2.75,1.36,1.08,1.01,1.25,2.2,5.0,13.0,3.75,1.62,1.17,1.04,0,0,0,0,3,1,0,1,1,2,1,1708810200,6490,0,0,0,0,0,-1,2,1,3,2,3,0,5,3,0,1,2,1,1,3,1,44,44,81,128,1.57,1.52,3.08,0,1,0,1,0,0,1,1,0,0,0,1,0,0,1,16,23,-1,-1,-1,-1,-1,-1,0,0,0,0,0,0,0,0,0,0.0,0.0,0.0,0.0,/clubs/los-angeles-fc-6490,teams/usa-los-angeles-fc.png,Los Angeles FC,/clubs/seattle-sounders-fc-18,teams/usa-seattle-sounders-fc.png,Seattle Sounders,2.15,1.5,0.0,0.0,0.0,0.0,0,0,0,0,0,0,0,0,0.0,0.0,0.0,/usa/seattle-sounders-fc-vs-los-angeles-fc-h2h-stats#7295236,10977,38,True,True,True,False,False,False,True,"['45', '55']",['73']
MLS,2024,10977,7295237,711351,2,2024,complete,106200,1,-1,['8'],[],1,0,1,2,4,6,1,1,3,2,0,0,5,2,6,5,11,7,12,15,38,62,65833.0,404.0,27505.0,,,3,2,2.14,3.5,3.34,1.04,1.3,1.95,3.5,6.5,12.0,3.4,1.87,1.3,1.1,1.75,2.0,2.75,1.39,3.75,1.23,1.33,1.25,1.75,2.88,2.2,3.75,2.4,2.5,3.4,0,0,1.32,1.6,2.0,2.55,3.5,2.88,2.14,1.8,1.4,1.22,1.71,7.5,2.5,1.67,9.5,2.3,3.55,5.5,1.4,2.75,8.0,21.0,2.75,1.4,1.08,1.02,1.22,2.1,4.5,13.0,4.0,1.67,1.18,1.04,0,0,0,0,1,1,0,0,0,0,1,1708821000,711351,0,0,0,0,0,-1,2,1,2,4,0,0,6,0,1,1,2,1,2,3,1,35,56,71,123,1.3,1.0,2.3,1,0,0,0,1,0,1,1,1,0,1,0,0,1,1,20,22,-1,-1,-1,1,0,1,0,0,0,0,0,0,0,0,0,0.0,0.0,0.0,0.0,/clubs/charlotte-fc-711351,teams/usa-charlotte-fc.png,Charlotte,/clubs/new-york-city-fc-2,teams/usa-new-york-city-fc.png,New York City,1.83,0.95,0.0,0.0,0.0,0.0,0,0,0,0,0,0,0,0,0.0,0.0,0.0,/usa/new-york-city-fc-vs-charlotte-fc-h2h-stats#7295237,10977,37,True,False,False,False,False,False,False,['8'],[]
MLS,2024,10977,7295238,13401,11,2024,complete,106200,1,-1,"['34', '72', '90+2']",['67'],3,1,4,7,5,12,0,2,3,4,0,1,5,5,10,2,15,7,18,14,54,46,39588.0,13006.0,13.0,,,3,5,1.97,3.76,3.6,1.02,1.22,1.66,2.75,5.0,15.0,4.2,2.2,1.44,1.16,1.62,2.2,2.95,1.34,4.6,1.16,1.3,1.22,1.87,2.5,2.3,4.0,2.2,2.7,3.6,0,0,1.29,1.53,1.92,2.4,3.2,3.05,2.25,1.88,1.46,1.26,1.61,8.0,2.75,1.57,10.0,2.5,3.75,6.5,1.33,2.5,6.5,19.0,3.25,1.5,1.11,1.02,1.18,1.83,3.75,9.0,4.5,1.83,1.25,1.07,0,0,0,0,4,1,0,2,1,3,1,1708821000,13401,0,0,0,0,0,-1,2,1,3,3,4,2,6,6,0,3,3,2,3,5,1,70,20,137,77,1.81,0.95,2.76,0,0,0,0,0,0,1,1,0,0,1,0,0,0,1,13,19,-1,-1,-1,1,1,2,0,0,0,0,0,0,0,0,0,0.0,0.0,0.0,0.0,/clubs/dc-united-13401,teams/usa-dc-united.png,DC United,/clubs/new-england-revolution-11,teams/usa-new-england-revolution.png,New England Revolution,1.0,0.71,0.0,0.0,0.0,0.0,0,0,0,0,0,0,0,0,0.0,0.0,0.0,/usa/new-england-revolution-vs-dc-united-h2h-stats#7295238,10977,34,True,True,True,True,False,False,True,"['34', '72', '90+2']",['67']
MLS,2024,10977,7295239,17,1,2024,complete,106200,1,-1,[],[],0,0,0,9,1,10,6,0,3,1,0,0,4,5,7,3,11,8,13,9,60,40,69288.0,21031.0,44644.0,,,3,1,1.66,4.05,4.95,1.03,1.25,1.81,3.1,5.5,13.0,3.75,2.01,1.38,1.14,1.8,1.95,2.25,1.57,5.25,1.14,1.16,1.2,2.3,2.2,2.3,5.5,1.91,2.75,4.75,0,0,1.29,1.55,1.95,2.45,3.25,3.0,2.23,1.85,1.45,1.25,1.45,8.5,3.35,1.4,10.0,3.1,2.8,8.0,1.33,2.63,7.0,19.0,3.25,1.44,1.1,1.02,1.2,1.91,4.0,11.0,4.33,1.8,1.22,1.05,0,0,0,0,0,0,0,0,0,0,0,1708821000,-1,0,0,0,0,0,-1,2,1,5,1,4,0,6,4,2,1,1,0,3,1,1,69,27,116,92,1.48,1.06,2.54,0,0,0,0,0,0,1,1,0,0,2,1,0,0,1,21,12,-1,-1,-1,1,1,1,0,0,0,0,0,0,0,0,0,0.0,0.0,0.0,0.0,/clubs/orlando-city-sc-17,teams/usa-orlando-city-sc.png,Orlando City,/clubs/montreal-impact-1,teams/canada-montreal-impact.png,Montreal Impact,1.52,0.82,0.0,0.0,0.0,0.0,0,0,0,0,0,0,0,0,0.0,0.0,0.0,/usa/montreal-impact-vs-orlando-city-sc-h2h-stats#7295239,10977,35,False,False,False,False,False,False,False,[],[]
MLS,2024,10977,7295240,16,7,2024,complete,106200,1,-1,"['55', '90+3']","['39', '82']",2,2,4,10,3,13,4,1,1,2,0,0,6,4,8,3,14,7,9,12,54,46,57159.0,12.0,21081.0,,,1,2,1.67,4.05,4.87,1.01,1.22,1.75,3.0,5.5,2.1,4.0,2.05,1.4,1.14,1.75,2.0,2.3,1.53,5.25,1.13,1.17,1.18,2.3,2.2,2.3,5.0,1.91,2.7,4.5,0,0,1.29,1.54,1.95,2.43,3.2,3.0,2.23,1.85,1.45,1.26,1.47,8.0,3.25,1.44,10.0,3.0,2.8,8.0,1.33,2.63,6.5,19.0,3.25,1.44,1.11,1.02,1.2,1.91,4.0,10.0,4.33,1.8,1.22,1.06,0,0,0,0,4,0,1,2,1,3,1,1708821000,-1,0,0,0,0,0,-1,2,1,3,1,6,2,4,8,0,1,1,1,1,2,1,70,40,130,90,1.82,1.02,2.84,0,0,0,0,0,0,1,1,0,0,1,0,0,0,1,22,12,-1,-1,-1,-1,-1,-1,0,0,0,0,0,0,0,0,0,0.0,0.0,0.0,0.0,/clubs/philadelphia-union-16,teams/usa-philadelphia-union.png,Philadelphia Union,/clubs/chicago-fire-7,teams/usa-chicago-fire.png,Chicago Fire,1.0,0.65,0.0,0.0,0.0,0.0,0,0,0,0,0,0,0,0,0.0,0.0,0.0,/usa/chicago-fire-vs-philadelphia-union-h2h-stats#7295240,10977,34,True,True,True,True,False,False,True,"['55', '90+3']","['39', '82']"
MLS,2024,10977,7295241,698284,1015,2024,complete,106200,1,-1,['90+4'],"['34', '90']",1,2,3,4,16,20,1,2,2,2,0,0,2,10,6,8,8,18,10,10,51,49,47219.0,2339.0,10665.0,,,2,2,2.09,3.85,3.19,1.02,1.16,1.55,2.25,4.2,17.0,5.0,2.4,1.53,1.22,1.5,2.5,3.4,1.28,4.8,1.16,1.36,1.2,1.78,2.6,2.4,3.6,2.3,2.8,3.2,0,0,1.26,1.49,1.84,2.3,3.0,3.2,2.35,1.85,1.5,1.29,1.71,7.5,2.5,1.62,10.0,2.3,4.33,6.5,1.29,2.25,5.5,15.0,3.5,1.57,1.14,1.03,1.14,1.73,3.4,8.0,5.5,2.0,1.3,1.08,0,0,0,0,3,0,1,1,1,2,1,1708824600,1015,0,0,0,0,0,-1,2,1,1,11,3,5,12,8,0,0,2,2,0,4,1,33,59,66,110,0.89,2.26,3.15,0,0,0,0,0,0,1,1,0,0,0,1,0,0,1,28,20,-1,-1,-1,-1,-1,-1,0,0,0,0,0,0,0,0,0,0.0,0.0,0.0,0.0,/clubs/austin-fc-698284,teams/usa-austin-fc.png,Austin,/clubs/minnesota-united-fc-1015,teams/usa-minnesota-united-fc.png,Minnesota United,1.53,1.47,0.0,0.0,0.0,0.0,0,0,0,0,0,0,0,0,0.0,0.0,0.0,/usa/minnesota-united-fc-vs-austin-fc-h2h-stats#7295241,10977,34,True,True,True,False,False,False,True,['90+4'],"['34', '90']"
MLS,2024,10977,7295242,13,15,2024,complete,106200,1,-1,"['25', '90+4']",['6'],2,1,3,10,1,11,1,1,0,2,0,0,9,6,10,4,19,10,10,17,53,47,60310.0,21189.0,12956.0,,,0,2,2.0,3.55,3.73,1.06,1.33,2.0,3.6,6.5,9.4,3.3,1.82,1.3,1.1,1.8,1.95,2.55,1.44,3.9,1.22,1.3,1.25,1.75,2.75,2.1,4.0,2.4,2.5,3.5,0,0,1.34,1.62,1.98,2.63,3.5,2.8,2.1,1.82,1.38,1.22,1.68,7.5,2.55,1.67,8.7,2.5,3.5,5.5,1.4,3.0,8.0,23.0,2.75,1.36,1.08,1.01,1.25,2.1,4.5,13.0,3.75,1.67,1.18,1.04,0,0,0,0,3,1,1,1,0,1,2,1708824600,13,0,0,0,0,0,-1,2,1,4,1,6,0,5,6,0,2,0,0,2,0,1,41,36,120,85,2.13,1.32,3.45,0,0,0,0,0,0,1,1,0,1,0,0,0,0,1,17,19,-1,-1,-1,1,1,0,0,0,0,0,0,0,0,0,0,0.0,0.0,0.0,0.0,/clubs/fc-dallas-13,teams/usa-fc-dallas.png,FC Dallas,/clubs/san-jose-earthquakes-15,teams/usa-san-jose-earthquakes.png,SJ Earthquakes,1.88,0.47,0.0,0.0,0.0,0.0,0,0,0,0,0,0,0,0,0.0,0.0,0.0,/usa/fc-dallas-vs-san-jose-earthquakes-h2h-stats#7295242,10977,34,True,True,True,False,False,False,True,"['25', '90+4']",['6']
MLS,2024,10977,7295243,6,8,2024,complete,106200,1,-1,['69'],['61'],1,1,2,5,3,8,3,1,0,2,0,0,5,2,4,2,9,4,12,11,60,40,28603.0,20.0,18.0,,,0,2,1.89,3.64,4.06,1.04,1.3,1.9,3.5,6.5,11.0,3.4,1.9,1.3,1.1,1.8,1.95,2.4,1.49,4.2,1.19,1.22,1.22,1.95,2.5,2.2,4.5,2.2,2.55,4.0,0,0,1.28,1.52,1.8,2.38,3.15,3.1,2.28,2.0,1.48,1.27,1.88,7.5,2.2,1.53,9.5,2.63,3.1,6.25,1.4,2.75,8.0,21.0,2.75,1.4,1.08,1.02,1.22,2.1,4.5,13.0,4.0,1.67,1.18,1.04,0,0,0,0,2,0,0,1,1,2,0,1708824600,-1,0,0,0,0,0,-1,2,1,2,2,3,1,4,4,0,0,0,2,0,2,1,49,21,114,79,1.29,0.56,1.84,0,0,0,0,0,0,1,1,0,0,0,0,0,0,1,17,15,-1,-1,-1,-1,-1,-1,0,0,0,0,0,0,0,0,0,0.0,0.0,0.0,0.0,/clubs/houston-dynamo-6,teams/usa-houston-dynamo.png,Houston Dynamo,/clubs/sporting-kansas-city-8,teams/usa-sporting-kansas-city.png,Sporting KC,1.61,0.53,0.0,0.0,0.0,0.0,0,0,0,0,0,0,0,0,0.0,0.0,0.0,/usa/houston-dynamo-vs-sporting-kansas-city-h2h-stats#7295243,10977,34,True,True,False,False,False,False,True,['69'],['61']
MLS,2024,10977,7295244,945555,14,2024,complete,106200,1,-1,['79'],['74'],1,1,2,4,7,11,0,6,1,0,0,0,5,3,5,8,10,11,11,13,40,60,57128.0,36880.0,8.0,,,1,0,2.13,3.7,3.2,1.02,1.22,1.66,2.8,5.0,15.0,4.2,2.2,1.44,1.16,1.57,2.25,3.2,1.3,4.33,1.19,1.36,1.22,1.72,2.75,2.3,3.6,2.4,2.65,3.2,0,0,1.28,1.53,1.9,2.4,3.15,3.1,2.25,1.78,1.47,1.27,1.73,7.5,2.45,1.67,10.0,2.25,3.9,6.0,1.33,2.5,6.5,17.0,3.25,1.5,1.11,1.03,1.18,1.83,3.75,9.0,4.5,1.83,1.25,1.07,0,0,0,0,2,0,0,1,1,2,0,1708824600,-1,0,0,0,0,0,-1,2,1,2,1,2,6,3,8,1,0,0,0,1,0,1,45,51,95,148,1.31,1.29,2.61,0,0,0,0,0,0,1,1,0,0,0,0,0,0,1,23,23,-1,-1,-1,-1,-1,-1,0,0,0,50,50,0,50,50,0,5.0,1.0,1.0,1.0,/clubs/st-louis-city-sc-945555,teams/usa-st-louis-city-sc.png,St. Louis City,/clubs/real-salt-lake-14,teams/usa-real-salt-lake.png,Real Salt Lake,1.53,1.33,0.0,0.0,0.0,0.0,50,50,50,0,0,50,50,50,0.0,1.07,1.07,/usa/real-salt-lake-vs-st-louis-city-sc-h2h-stats#7295244,10977,34,True,True,False,False,False,False,True,['79'],['74']
MLS,2024,10977,7295245,20,12,2024,complete,106200,1,-1,"['9', '14', '29', '45+5']",['55'],4,1,5,4,4,8,3,3,2,3,0,0,3,5,2,8,5,13,13,14,41,59,14034.0,28121.0,11435.0,,,2,3,1.69,4.1,4.66,1.02,1.2,1.66,2.7,4.75,15.0,4.5,2.2,1.47,1.18,1.7,2.05,2.5,1.46,5.5,1.12,1.18,1.18,2.25,2.2,2.38,5.0,1.91,2.8,4.33,0,0,1.28,1.52,1.9,2.38,3.1,3.1,2.3,1.9,1.48,1.28,1.49,8.0,3.15,1.44,10.0,2.88,3.1,8.0,1.3,2.5,6.0,17.0,3.4,1.5,1.13,1.03,1.18,1.83,3.75,9.0,4.5,1.83,1.25,1.07,0,0,0,0,5,4,0,0,1,1,4,1708831800,20,0,0,0,0,0,-1,2,1,3,2,1,2,5,3,1,1,1,2,2,3,1,47,77,86,125,0.87,1.73,2.61,0,0,0,0,0,0,1,1,1,0,2,0,0,0,1,14,27,-1,-1,-1,1,1,1,0,0,0,0,0,0,0,0,0,0.0,0.0,0.0,0.0,/clubs/portland-timbers-20,teams/usa-portland-timbers.png,Portland Timbers,/clubs/colorado-rapids-12,teams/usa-colorado-rapids.png,Colorado Rapids,1.88,0.94,0.0,0.0,0.0,0.0,0,0,0,0,0,0,0,0,0.0,0.0,0.0,/usa/colorado-rapids-vs-portland-timbers-h2h-stats#7295245,10977,35,True,True,True,True,True,False,True,"['9', '14', '29', '45+5']",['55']
MLS,2024,10977,7295246,8043,19,2024,complete,106200,1,-1,[],[],0,0,0,8,3,11,4,2,1,4,0,0,5,3,5,0,10,3,14,15,50,50,31865.0,40182.0,10856.0,,,1,4,1.42,5.1,6.6,1.03,1.16,1.48,2.15,4.0,21.0,5.0,2.54,1.61,1.22,1.7,2.05,2.2,1.58,8.25,1.06,1.07,1.12,3.1,1.83,2.63,6.5,1.62,3.2,6.5,0,0,1.25,1.46,1.88,2.25,2.9,3.3,2.4,1.92,1.54,1.3,1.3,9.5,4.4,1.29,21.0,3.6,2.55,9.0,1.25,2.2,5.0,13.0,3.75,1.62,1.17,1.04,1.14,1.67,3.25,7.0,5.5,2.1,1.33,1.1,0,0,0,0,0,0,0,0,0,0,0,1708889400,-1,0,0,0,0,0,-1,2,1,4,1,4,2,5,6,0,2,1,2,2,3,1,47,50,86,80,1.32,0.77,2.09,0,0,0,0,0,0,1,1,0,0,0,0,0,1,1,21,12,-1,-1,-1,-1,-1,-1,0,0,0,0,0,0,0,0,0,0.0,0.0,0.0,0.0,/clubs/fc-cincinnati-8043,teams/usa-fc-cincinnati.png,FC Cincinnati,/clubs/toronto-fc-19,teams/canada-toronto-fc.png,Toronto,1.47,0.94,0.0,0.0,0.0,0.0,0,0,0,0,0,0,0,0,0.0,0.0,0.0,/usa/toronto-fc-vs-fc-cincinnati-h2h-stats#7295246,10977,34,False,False,False,False,False,False,False,[],[]
MLS,2024,10977,7295247,677447,4,2024,complete,106200,1,-1,[],[],0,0,0,3,5,8,1,2,3,0,0,0,3,5,1,7,4,12,13,15,45,55,49178.0,24795.0,1313.0,,,3,0,2.51,3.15,3.0,1.09,1.47,2.33,4.75,9.5,8.0,2.7,1.56,1.18,1.05,2.0,1.75,2.5,1.46,2.95,1.35,1.38,1.3,1.57,3.2,2.0,3.75,2.75,2.3,3.25,0,0,1.41,1.73,2.2,2.9,4.0,2.55,1.96,1.56,1.32,1.18,1.81,7.5,2.33,1.83,7.5,2.3,3.6,4.33,1.5,3.5,11.0,17.0,2.5,1.29,1.05,1.01,1.3,2.5,6.0,17.0,3.4,1.5,1.13,1.03,0,0,0,0,0,0,0,0,0,0,0,1708898400,-1,0,0,0,0,0,-1,2,1,0,3,3,2,3,5,1,0,2,0,1,2,1,30,53,85,151,0.69,1.51,2.2,0,0,0,0,0,0,1,1,0,0,0,0,0,0,1,15,24,-1,-1,-1,-1,-1,-1,0,0,0,0,0,0,0,0,0,0.0,0.0,0.0,0.0,/clubs/nashville-sc-mls-677447,teams/usa-nashville-sc-mls.png,Nashville SC,/clubs/new-york-red-bulls-4,teams/usa-new-york-red-bulls.png,New York RB,1.24,1.33,0.0,0.0,0.0,0.0,0,0,0,0,0,0,0,0,0.0,0.0,0.0,/usa/new-york-red-bulls-vs-nashville-sc-mls-h2h-stats#7295247,10977,34,False,False,False,False,False,False,False,[],[]
MLS,2024,10977,7295248,10,677446,2024,complete,106200,1,-1,['75'],['90+2'],1,1,2,3,6,9,0,3,1,3,1,0,9,5,9,2,18,7,16,18,37,63,66434.0,2.0,647.0,,,2,3,2.69,4.0,2.34,1.02,1.15,1.43,2.15,3.75,13.0,5.25,2.7,1.61,1.25,1.42,2.65,4.6,1.17,4.0,1.21,1.6,1.22,1.44,3.1,2.3,2.75,2.85,2.75,2.5,0,0,1.18,1.35,1.72,2.12,2.72,4.15,2.84,2.1,1.71,1.4,1.73,9.3,2.46,2.0,19.0,1.85,5.75,5.0,1.25,2.15,4.75,10.5,3.5,1.62,1.15,1.02,1.12,1.62,2.95,6.25,5.25,2.15,1.35,1.1,0,0,0,0,2,0,0,1,1,2,0,1708912800,-1,0,0,0,0,0,-1,2,1,3,3,0,3,6,3,0,2,2,1,2,3,1,46,51,63,108,2.09,1.17,3.26,1,0,0,0,1,0,1,1,0,0,0,1,0,0,1,12,15,-1,-1,-1,-1,-1,-1,0,0,0,0,0,0,0,0,0,0.0,0.0,0.0,0.0,/clubs/la-galaxy-10,teams/usa-la-galaxy.png,LA Galaxy,/clubs/club-internacional-de-futbol-miami-677446,teams/usa-club-internacional-de-futbol-miami.png,Inter Miami,2.57,2.06,0.0,0.0,0.0,3.0,0,0,0,0,0,0,0,0,0.0,0.0,0.0,/usa/la-galaxy-vs-club-internacional-de-futbol-miami-h2h-stats#7295248,10977,37,True,True,False,False,False,False,True,['75'],['90+2']
MLS,2024,10977,7295249,5,711351,2024,complete,106200,2,-1,['45+5'],['31'],1,1,2,5,5,10,1,0,2,2,0,0,6,5,5,2,11,7,5,10,49,51,49928.0,41087.0,404.0,,,2,2,1.88,3.6,4.0,1.04,1.22,1.7,2.75,5.0,10.0,4.2,2.0,1.44,1.17,1.67,2.1,2.85,1.37,4.5,1.17,1.28,1.25,1.83,2.5,2.3,4.33,2.1,2.6,3.75,0,0,1.18,1.33,1.58,1.94,2.45,4.0,2.88,2.18,1.75,1.45,1.67,8.0,2.55,1.53,10.0,2.5,3.55,6.5,1.33,2.5,6.5,19.0,3.25,1.5,1.11,1.02,1.18,1.83,3.75,10.0,4.5,1.83,1.25,1.06,0,0,0,0,2,1,1,0,0,0,2,1709425800,-1,0,0,0,0,0,-1,2,1,2,3,3,2,5,5,0,1,2,1,1,3,1,54,38,74,77,1.5,1.07,2.58,0,0,0,0,0,0,1,1,0,0,0,0,0,0,1,21,15,-1,-1,-1,-1,-1,-1,0,0,0,0,0,0,0,0,0,0.0,0.0,0.0,0.0,/clubs/vancouver-whitecaps-fc-5,teams/canada-vancouver-whitecaps-fc.png,Vancouver Whitecaps,/clubs/charlotte-fc-711351,teams/usa-charlotte-fc.png,Charlotte,1.47,1.05,0.0,0.0,0.0,3.0,0,0,0,0,0,0,0,0,0.0,0.0,0.0,/usa/vancouver-whitecaps-fc-vs-charlotte-fc-h2h-stats#7295249,10977,37,True,True,False,False,False,False,True,['45+5'],['31']
MLS,2024,10977,7295250,1015,9,2024,complete,106200,2,-1,['90+5'],['59'],1,1,2,5,3,8,4,3,1,0,0,0,4,6,5,3,9,9,14,1,42,58,19955.0,10665.0,39282.0,,,1,0,2.9,3.5,2.35,1.02,1.14,1.53,2.38,3.85,12.0,4.7,2.35,1.57,1.2,1.47,2.45,4.1,1.2,4.0,1.21,1.52,1.26,1.49,2.95,2.3,2.85,2.7,2.65,2.6,0,0,1.18,1.33,1.58,1.95,2.45,4.0,2.85,2.18,1.74,1.45,1.84,8.0,2.25,1.96,18.25,1.9,5.5,5.25,1.26,2.2,5.0,12.5,3.5,1.58,1.15,1.02,1.16,1.73,3.25,7.25,4.8,1.95,1.29,1.08,0,0,0,0,2,0,0,1,1,2,0,1709406000,-1,0,0,0,0,0,-1,2,1,2,2,3,1,4,4,0,0,1,0,0,1,1,66,45,124,88,1.34,1.32,2.66,0,0,0,0,0,0,1,1,0,0,0,0,0,0,1,23,10,-1,-1,-1,-1,-1,-1,0,0,0,0,0,0,0,0,0,0.0,0.0,0.0,0.0,/clubs/minnesota-united-fc-1015,teams/usa-minnesota-united-fc.png,Minnesota United,/clubs/columbus-crew-9,teams/usa-columbus-crew.png,Columbus Crew,1.44,1.83,0.0,0.0,3.0,3.0,0,0,0,0,0,0,0,0,0.0,0.0,0.0,/usa/columbus-crew-vs-minnesota-united-fc-h2h-stats#7295250,10977,36,True,True,False,False,False,False,True,['90+5'],['59']
MLS,2024,10977,7295251,14,6490,2024,complete,106200,2,-1,"['18', '41', '45+5']",[],3,0,3,4,8,12,2,3,2,3,1,0,6,6,3,6,9,12,12,14,59,41,14034.0,8.0,39588.0,,,3,3,2.8,3.4,2.42,1.04,1.19,1.65,2.61,4.7,10.0,3.98,2.1,1.41,1.14,1.58,2.2,3.9,1.22,3.4,1.28,1.58,1.27,1.41,3.2,2.2,2.75,2.95,2.55,2.5,0,0,1.19,1.35,1.62,2.0,2.55,3.9,2.75,2.12,1.7,1.42,2.0,7.5,2.04,2.05,14.75,1.87,5.25,4.5,1.31,2.45,5.75,15.5,3.1,1.49,1.11,1.01,1.19,1.87,3.7,8.5,4.33,1.8,1.24,1.06,0,0,0,0,3,3,0,0,0,0,3,1709413200,14,0,0,0,0,0,-1,2,1,3,6,1,2,9,3,1,1,2,2,2,4,1,63,44,107,94,1.45,1.5,2.95,0,0,0,0,0,0,1,1,0,0,0,2,0,0,1,14,21,-1,-1,-1,-1,-1,-1,0,0,0,0,0,0,0,0,0,0.0,0.0,0.0,0.0,/clubs/real-salt-lake-14,teams/usa-real-salt-lake.png,Real Salt Lake,/clubs/los-angeles-fc-6490,teams/usa-los-angeles-fc.png,Los Angeles FC,2.06,1.5,0.0,0.0,0.5,3.0,0,0,0,0,0,0,0,0,0.0,0.0,0.0,/usa/real-salt-lake-vs-los-angeles-fc-h2h-stats#7295251,10977,36,True,True,True,False,False,False,False,"['18', '41', '45+5']",[]
MLS,2024,10977,7295252,677446,17,2024,complete,106200,2,-1,"['4', '11', '29', '57', '62']",[],5,0,5,1,5,6,3,3,3,1,0,0,6,3,5,4,11,7,16,14,47,53,28603.0,647.0,21031.0,,,3,1,1.8,3.8,4.1,1.04,1.22,1.65,2.65,4.75,10.0,4.2,2.1,1.48,1.18,1.68,2.05,2.5,1.46,5.5,1.13,1.18,1.23,2.15,2.15,2.25,4.6,1.93,2.7,4.33,0,0,1.25,1.46,1.8,2.25,2.9,3.3,2.43,1.89,1.54,1.3,1.5,8.0,3.05,1.55,10.0,2.75,3.1,8.0,1.31,2.4,5.75,15.0,3.1,1.5,1.12,1.01,1.18,1.85,3.6,8.25,4.4,1.83,1.25,1.06,0,0,0,0,5,3,0,2,0,2,3,1709415000,677446,0,0,0,0,0,-1,2,1,0,2,1,3,2,4,0,1,3,0,1,3,1,28,67,80,129,1.32,1.15,2.47,0,0,0,0,0,0,1,1,1,0,0,0,0,0,1,12,17,-1,-1,-1,-1,-1,-1,0,0,0,50,50,0,50,50,0,6.0,5.0,1.0,1.0,/clubs/club-internacional-de-futbol-miami-677446,teams/usa-club-internacional-de-futbol-miami.png,Inter Miami,/clubs/orlando-city-sc-17,teams/usa-orlando-city-sc.png,Orlando City,2.11,1.56,3.0,0.0,2.0,1.0,50,50,50,0,0,50,50,50,1.64,0.0,1.64,/usa/orlando-city-sc-vs-club-internacional-de-futbol-miami-h2h-stats#7295252,10977,37,True,True,True,True,True,False,False,"['4', '11', '29', '57', '62']",[]
MLS,2024,10977,7295253,7,8043,2024,complete,106200,2,-1,['45'],"['39', '68']",1,2,3,3,9,12,1,3,3,3,0,0,1,6,3,6,4,12,17,12,51,49,65833.0,21081.0,40182.0,,,3,3,2.38,3.5,3.0,1.04,1.22,1.7,2.75,4.75,10.0,4.0,2.0,1.4,1.15,1.62,2.2,3.4,1.28,3.8,1.22,1.38,1.22,1.62,2.75,2.3,3.5,2.5,2.55,3.1,0,0,1.21,1.4,1.68,2.1,2.65,3.65,2.6,2.02,1.63,1.37,1.84,8.0,2.25,1.73,10.0,2.2,4.2,5.5,1.33,2.63,6.5,19.0,3.25,1.44,1.11,1.02,1.18,1.83,3.75,10.0,4.5,1.83,1.25,1.06,0,0,0,0,3,1,1,0,1,1,2,1709429400,8043,0,0,0,0,0,-1,2,1,3,4,0,5,7,5,0,1,3,2,1,5,1,52,67,94,88,0.71,1.66,2.37,1,0,1,0,0,0,1,1,0,0,0,0,0,0,1,17,15,-1,-1,-1,1,0,2,0,0,0,0,0,0,0,0,0,0.0,0.0,0.0,0.0,/clubs/chicago-fire-7,teams/usa-chicago-fire.png,Chicago Fire,/clubs/fc-cincinnati-8043,teams/usa-fc-cincinnati.png,FC Cincinnati,1.12,1.94,0.0,0.0,1.0,1.0,0,0,0,0,0,0,0,0,0.0,0.0,0.0,/usa/chicago-fire-vs-fc-cincinnati-h2h-stats#7295253,10977,34,True,True,True,False,False,False,True,['45'],"['39', '68']"
MLS,2024,10977,7295254,13,1,2024,complete,106200,2,-1,['45+1'],"['20', '60']",1,2,3,4,4,8,1,3,2,2,0,0,7,6,3,4,10,10,18,6,55,45,46712.0,21189.0,44644.0,,,2,2,1.93,3.4,4.0,1.05,1.33,1.9,3.6,6.5,11.0,3.3,1.8,1.3,1.1,1.8,1.95,2.5,1.46,4.0,1.21,1.28,1.25,1.85,2.6,2.2,4.33,2.25,2.5,3.75,0,0,1.22,1.43,1.74,2.18,2.8,3.5,2.5,1.95,1.58,1.35,1.67,7.5,2.6,1.57,8.5,2.6,3.3,6.25,1.4,3.0,8.0,23.0,2.75,1.36,1.08,1.01,1.25,2.1,4.5,13.0,3.75,1.67,1.18,1.04,0,0,0,0,3,1,1,0,1,1,2,1709429400,1,0,50,50,0,0,-1,2,1,1,4,3,0,5,3,1,0,1,2,1,3,1,45,35,77,60,1.45,1.3,2.75,0,0,0,0,0,0,1,1,0,0,0,0,0,0,1,21,10,-1,-1,-1,1,1,1,0,0,50,50,50,50,50,50,0,11.0,1.0,1.0,1.5,/clubs/fc-dallas-13,teams/usa-fc-dallas.png,FC Dallas,/clubs/montreal-impact-1,teams/canada-montreal-impact.png,Montreal Impact,1.88,0.82,3.0,1.0,3.0,1.0,100,100,50,50,50,100,100,50,2.13,1.06,3.19,/usa/montreal-impact-vs-fc-dallas-h2h-stats#7295254,10977,34,True,True,True,False,False,False,True,['45+1'],"['20', '60']"
MLS,2024,10977,7295255,6,4,2024,complete,106200,2,-1,['7'],"['43', '59']",1,2,3,4,7,11,3,2,4,2,0,0,5,5,8,4,13,9,14,14,56,44,57128.0,20.0,1313.0,,,4,2,2.38,3.1,3.0,1.05,1.33,1.9,3.6,7.0,10.0,3.25,1.8,1.28,1.09,1.8,1.95,2.8,1.38,3.5,1.26,1.36,1.32,1.64,2.88,2.1,3.75,2.5,2.44,3.25,0,0,1.22,1.43,1.74,2.17,2.75,3.5,2.5,1.95,1.58,1.35,1.72,8.0,2.45,1.73,8.7,2.3,3.8,5.5,1.4,3.0,8.0,23.0,2.75,1.36,1.08,1.01,1.25,2.1,4.5,13.0,3.75,1.67,1.18,1.04,0,0,0,0,3,1,1,0,1,1,2,1709429400,4,0,50,0,50,0,-1,2,1,0,7,4,0,7,4,1,0,3,2,1,5,1,84,74,94,71,1.77,1.45,3.22,0,0,0,0,0,0,1,1,1,0,0,0,0,0,1,25,12,-1,-1,-1,1,1,0,0,0,0,50,50,0,0,50,50,10.0,5.0,0.0,1.0,/clubs/houston-dynamo-6,teams/usa-houston-dynamo.png,Houston Dynamo,/clubs/new-york-red-bulls-4,teams/usa-new-york-red-bulls.png,New York RB,1.61,1.33,1.0,1.0,1.0,1.0,100,100,100,50,50,0,0,0,1.29,1.51,2.8,/usa/new-york-red-bulls-vs-houston-dynamo-h2h-stats#7295255,10977,36,True,True,True,False,False,False,True,['7'],"['43', '59']"
MLS,2024,10977,7295256,8,16,2024,complete,106200,2,-1,['19'],['90+5'],1,1,2,7,2,9,2,1,1,2,0,0,7,2,2,5,9,7,10,13,59,41,69283.0,18.0,12.0,,,1,2,2.14,3.4,3.3,1.04,1.28,1.8,3.1,6.0,12.0,3.6,1.9,1.36,1.12,1.7,2.05,2.87,1.36,4.0,1.21,1.36,1.25,1.72,2.75,2.2,3.75,2.38,2.55,3.4,0,0,1.2,1.38,1.68,2.1,2.65,3.7,2.63,2.02,1.63,1.38,1.72,8.0,2.45,1.67,9.5,2.38,3.8,5.75,1.36,2.75,7.0,21.0,3.0,1.4,1.1,1.02,1.2,2.0,4.33,11.0,4.33,1.73,1.2,1.05,0,0,0,0,2,1,0,0,1,1,1,1709429400,-1,0,0,0,0,0,19942,2,1,1,0,6,2,1,8,0,0,1,2,0,3,1,88,68,125,106,1.7,1.08,2.78,0,0,0,0,0,0,1,1,0,0,1,0,0,0,1,19,22,-1,-1,-1,1,0,2,0,0,0,0,0,0,0,0,0,0.0,0.0,0.0,0.0,/clubs/sporting-kansas-city-8,teams/usa-sporting-kansas-city.png,Sporting KC,/clubs/philadelphia-union-16,teams/usa-philadelphia-union.png,Philadelphia Union,1.29,1.18,0.0,0.0,1.0,1.0,0,0,0,0,0,0,0,0,0.0,0.0,0.0,/usa/sporting-kansas-city-vs-philadelphia-union-h2h-stats#7295256,10977,34,True,True,False,False,False,False,True,['19'],['90+5']
MLS,2024,10977,7295257,945555,2,2024,complete,106200,2,-1,"['34', '72']",[],2,0,2,5,3,8,3,1,5,3,0,1,3,1,8,3,11,4,22,13,44,56,45862.0,36880.0,27505.0,,,5,5,2.3,3.4,2.85,1.03,1.25,1.75,3.1,5.5,13.0,3.75,1.95,1.38,1.14,1.67,2.1,3.2,1.3,3.7,1.24,1.42,1.25,1.6,3.0,2.2,3.4,2.6,2.6,3.0,0,0,1.2,1.38,1.66,2.07,2.63,3.7,2.65,2.05,1.65,1.38,1.8,8.0,2.3,1.73,9.5,2.2,4.33,5.25,1.36,2.63,7.0,21.0,3.0,1.44,1.1,1.02,1.2,1.91,4.0,11.0,4.33,1.8,1.22,1.05,0,0,0,0,2,1,0,1,0,1,1,1709429400,945555,0,50,0,50,0,-1,2,1,2,2,3,1,4,4,3,1,2,3,4,5,1,70,49,83,91,1.41,0.69,2.1,0,0,0,0,0,0,1,1,0,0,1,0,0,0,1,27,25,-1,-1,-1,1,0,2,0,0,0,50,100,0,50,50,50,8.0,1.0,3.0,1.5,/clubs/st-louis-city-sc-945555,teams/usa-st-louis-city-sc.png,St. Louis City,/clubs/new-york-city-fc-2,teams/usa-new-york-city-fc.png,New York City,1.53,0.95,1.0,0.0,1.0,0.0,100,100,100,50,0,50,50,50,1.31,1.0,2.31,/usa/new-york-city-fc-vs-st-louis-city-sc-h2h-stats#7295257,10977,34,True,True,False,False,False,False,False,"['34', '72']",[]
MLS,2024,10977,7295258,12,677447,2024,complete,106200,2,-1,['47'],['90'],1,1,2,1,3,4,2,1,1,0,0,0,2,3,5,4,7,7,13,7,51,49,39547.0,11435.0,24795.0,,,1,0,2.3,3.3,3.1,1.05,1.33,1.95,3.6,7.0,10.0,3.25,1.75,1.28,1.09,1.8,1.95,2.95,1.35,3.25,1.29,1.41,1.32,1.57,3.1,2.1,3.6,2.63,2.44,3.1,0,0,1.2,1.4,1.68,2.1,2.7,3.65,2.6,2.0,1.62,1.37,1.77,7.5,2.35,1.8,8.7,2.25,4.0,4.75,1.4,3.0,9.0,23.0,2.75,1.36,1.07,1.01,1.25,2.2,5.0,13.0,3.75,1.62,1.17,1.04,0,0,0,0,2,0,0,1,1,2,0,1709433000,-1,0,0,0,0,0,-1,2,1,1,2,0,1,3,1,0,0,1,0,0,1,1,48,30,73,67,0.93,0.87,1.81,0,1,0,1,0,0,1,1,0,0,0,0,0,0,1,20,20,-1,-1,-1,-1,-1,-1,0,0,0,0,0,0,0,0,0,0.0,0.0,0.0,0.0,/clubs/colorado-rapids-12,teams/usa-colorado-rapids.png,Colorado Rapids,/clubs/nashville-sc-mls-677447,teams/usa-nashville-sc-mls.png,Nashville SC,1.83,0.88,0.0,0.0,0.0,1.0,0,0,0,0,0,0,0,0,0.0,0.0,0.0,/usa/colorado-rapids-vs-nashville-sc-mls-h2h-stats#7295258,10977,34,True,True,False,False,False,False,True,['47'],['90']
MLS,2024,10977,7295259,20,13401,2024,complete,106200,2,-1,"['18', '61']","['72', '82']",2,2,4,4,8,12,1,5,3,2,0,0,3,8,4,3,7,11,12,15,41,59,47219.0,28121.0,13006.0,,,3,2,1.92,3.7,3.6,1.02,1.22,1.65,2.75,5.0,15.0,4.2,2.1,1.44,1.16,1.62,2.2,2.95,1.35,4.6,1.17,1.3,1.22,1.87,2.5,2.3,4.0,2.2,2.7,3.6,0,0,1.21,1.38,1.67,2.07,2.65,3.65,2.63,2.04,1.65,1.38,1.57,8.0,2.8,1.57,10.0,2.5,3.8,7.0,1.33,2.5,6.5,19.0,3.25,1.5,1.11,1.02,1.18,1.83,3.75,10.0,4.5,1.83,1.25,1.06,0,0,0,0,4,1,0,1,2,3,1,1709436600,-1,0,50,0,0,0,-1,2,1,3,7,1,1,10,2,1,0,2,2,1,4,1,66,111,75,87,1.13,2.05,3.17,0,1,0,1,0,0,1,1,0,0,0,1,1,0,1,20,16,-1,-1,-1,-1,-1,-1,50,50,50,50,50,50,50,50,0,4.0,3.0,2.0,2.5,/clubs/portland-timbers-20,teams/usa-portland-timbers.png,Portland Timbers,/clubs/dc-united-13401,teams/usa-dc-united.png,DC United,1.88,1.35,3.0,0.0,3.0,3.0,0,0,0,0,0,0,0,0,0.87,0.0,0.87,/usa/portland-timbers-vs-dc-united-h2h-stats#7295259,10977,34,True,True,True,True,False,False,True,"['18', '61']","['72', '82']"
MLS,2024,10977,7295260,15,10,2024,complete,106200,2,-1,['69'],"['18', '43', '48']",1,3,4,10,2,12,1,0,2,2,0,0,3,6,4,0,7,6,16,6,47,53,40876.0,12956.0,2.0,,,2,2,2.08,3.7,3.2,1.02,1.13,1.53,2.32,3.75,12.0,4.85,2.35,1.54,1.21,1.5,2.5,3.5,1.26,5.0,1.14,1.34,1.26,1.79,2.6,2.4,3.6,2.3,2.8,3.2,0,0,1.15,1.27,1.5,1.83,2.25,4.45,3.1,2.33,1.86,1.53,1.6,8.0,2.7,1.62,18.75,2.25,4.5,7.0,1.29,2.25,5.5,15.0,3.5,1.57,1.14,1.03,1.14,1.73,3.25,7.0,5.5,2.0,1.33,1.1,0,0,0,0,4,0,2,1,1,2,2,1709436600,10,0,0,0,0,0,-1,2,1,7,0,3,2,7,5,1,1,1,1,2,2,1,82,49,94,97,1.25,1.16,2.41,0,0,0,0,0,0,1,1,0,0,3,0,0,0,1,16,17,-1,-1,-1,-1,-1,-1,0,0,0,0,0,0,0,0,0,0.0,0.0,0.0,0.0,/clubs/san-jose-earthquakes-15,teams/usa-san-jose-earthquakes.png,SJ Earthquakes,/clubs/la-galaxy-10,teams/usa-la-galaxy.png,LA Galaxy,0.76,1.39,0.0,0.0,0.0,1.0,0,0,0,0,0,0,0,0,0.0,0.0,0.0,/usa/la-galaxy-vs-san-jose-earthquakes-h2h-stats#7295260,10977,34,True,True,True,True,False,False,True,['69'],"['18', '43', '48']"
MLS,2024,10977,7295261,18,698284,2024,complete,106200,2,-1,[],[],0,0,0,9,0,9,2,1,3,5,0,0,3,1,11,1,14,2,14,18,58,42,69288.0,25.0,2339.0,,,3,5,1.54,4.1,5.9,1.02,1.22,1.7,2.8,5.0,15.0,4.2,2.0,1.44,1.16,1.75,2.0,2.35,1.52,5.5,1.12,1.15,1.18,2.35,2.1,2.38,5.5,1.83,2.8,4.75,0,0,1.17,1.32,1.56,1.92,2.4,4.1,2.9,2.2,1.77,1.47,1.41,9.0,3.5,1.4,10.0,3.1,2.88,8.0,1.33,2.5,6.5,19.0,3.25,1.5,1.11,1.02,1.18,1.83,3.75,10.0,4.5,1.83,1.25,1.06,0,0,0,0,0,0,0,0,0,0,0,1709436600,-1,0,0,0,0,0,-1,2,1,5,0,4,0,5,4,1,0,2,5,1,7,1,100,30,91,71,1.81,0.43,2.23,0,0,0,0,0,0,1,1,0,0,0,0,0,0,1,23,14,-1,-1,-1,-1,-1,-1,0,0,0,0,0,0,0,0,0,0.0,0.0,0.0,0.0,/clubs/seattle-sounders-fc-18,teams/usa-seattle-sounders-fc.png,Seattle Sounders,/clubs/austin-fc-698284,teams/usa-austin-fc.png,Austin,1.78,0.94,0.0,0.0,0.0,0.0,0,0,0,0,0,0,0,0,0.0,0.0,0.0,/usa/seattle-sounders-fc-vs-austin-fc-h2h-stats#7295261,10977,34,False,False,False,False,False,False,False,[],[]
MLS,2024,10977,7295262,11,19,2024,complete,106200,2,-1,[],['27'],0,1,1,11,0,11,3,5,0,4,0,0,6,2,11,5,17,7,11,16,64,36,69286.0,13.0,10856.0,,,0,4,1.67,4.1,4.4,1.02,1.18,1.57,2.4,4.33,17.0,4.75,2.25,1.56,1.2,1.62,2.2,2.7,1.4,5.75,1.11,1.19,1.22,2.15,2.2,2.4,4.5,1.95,2.8,4.0,0,0,1.19,1.35,1.62,2.0,2.5,3.9,2.75,2.1,1.7,1.42,1.45,8.5,3.35,1.44,11.0,2.75,3.2,8.0,1.29,2.38,5.5,15.0,3.5,1.53,1.14,1.03,1.17,1.8,3.5,8.0,5.0,1.91,1.29,1.08,0,0,0,0,1,0,1,0,0,0,1,1709492400,19,0,0,0,0,0,-1,2,1,3,0,8,0,3,8,0,0,0,4,0,4,1,91,28,148,80,2.16,0.79,2.95,0,0,0,0,0,0,1,1,0,0,1,0,0,0,1,15,16,-1,-1,-1,-1,-1,-1,0,0,0,0,0,0,0,0,0,3.0,2.0,4.0,0.0,/clubs/new-england-revolution-11,teams/usa-new-england-revolution.png,New England Revolution,/clubs/toronto-fc-19,teams/canada-toronto-fc.png,Toronto,1.12,0.94,0.0,1.0,0.0,1.0,50,50,50,50,50,50,50,50,0.0,0.77,0.77,/usa/new-england-revolution-vs-toronto-fc-h2h-stats#7295262,10977,34,True,False,False,False,False,False,False,[],['27']
MLS,2024,10977,7295263,2,20,2024,complete,106200,3,-1,['10'],"['85', '90+7']",1,2,3,7,6,13,8,1,1,2,0,0,6,3,2,3,8,6,20,14,40,60,39547.0,27505.0,28121.0,,,1,2,1.78,3.78,4.4,1.05,1.28,1.85,3.25,6.25,9.0,3.5,1.9,1.33,1.11,1.78,1.9,2.45,1.47,4.33,1.18,1.22,1.27,1.93,2.37,2.15,4.33,2.1,2.5,4.0,0,0,1.26,1.5,1.85,2.32,3.05,3.2,2.33,1.84,1.5,1.29,1.56,8.0,2.9,1.64,9.4,2.66,3.2,6.5,1.37,2.7,6.75,18.5,2.8,1.41,1.09,1.01,1.22,2.05,4.2,10.0,3.8,1.68,1.19,1.04,0,0,0,0,3,1,0,0,2,2,1,1710010800,20,0,0,0,0,0,-1,2,1,5,3,2,3,8,5,0,2,1,0,2,1,1,39,35,108,130,1.22,0.87,2.09,0,0,0,0,0,0,1,1,1,0,3,0,0,0,1,18,14,-1,-1,-1,-1,-1,-1,0,0,0,0,0,0,0,0,0,0.0,0.0,0.0,0.0,/clubs/new-york-city-fc-2,teams/usa-new-york-city-fc.png,New York City,/clubs/portland-timbers-20,teams/usa-portland-timbers.png,Portland Timbers,1.89,0.83,0.0,0.0,0.0,2.0,0,0,0,0,0,0,0,0,0.0,0.0,0.0,/usa/new-york-city-fc-vs-portland-timbers-h2h-stats#7295263,10977,35,True,True,True,False,False,False,True,['10'],"['85', '90+7']"
MLS,2024,10977,7295264,19,711351,2024,complete,106200,3,-1,['80'],[],1,0,1,6,7,13,3,1,2,4,0,0,3,3,2,7,5,10,12,14,59,41,39538.0,10856.0,404.0,,,2,4,2.05,3.8,3.1,1.03,1.25,1.9,2.75,5.5,13.0,3.75,1.83,1.4,1.14,1.66,2.2,3.1,1.32,4.0,1.21,1.25,1.3,1.67,2.65,2.2,3.5,2.5,2.6,3.4,0,0,1.23,1.45,1.78,2.23,2.88,3.4,2.45,1.91,1.55,1.32,1.77,7.5,2.38,1.75,9.0,2.25,4.0,5.5,1.36,2.65,6.5,19.0,3.2,1.45,1.1,1.02,1.2,1.95,4.0,9.0,4.33,1.78,1.22,1.04,0,0,0,0,1,0,0,1,0,1,0,1710010800,19,0,50,50,0,0,-1,2,1,2,5,4,2,7,6,1,0,1,4,1,5,1,51,46,104,112,0.91,1.19,2.09,0,0,0,0,0,0,1,1,0,0,0,1,0,0,1,19,23,-1,-1,-1,-1,-1,-1,0,0,0,50,50,50,50,0,0,5.0,0.0,2.0,1.0,/clubs/toronto-fc-19,teams/canada-toronto-fc.png,Toronto,/clubs/charlotte-fc-711351,teams/usa-charlotte-fc.png,Charlotte,1.24,1.05,0.0,1.0,2.0,2.0,50,50,50,0,0,50,50,0,0.0,1.07,1.07,/usa/toronto-fc-vs-charlotte-fc-h2h-stats#7295264,10977,34,True,False,False,False,False,False,False,['80'],[]
MLS,2024,10977,7295265,1016,11,2024,complete,106200,3,-1,"['45+2', '55', '60', '74']",['83'],4,1,5,3,3,6,-1,-1,0,1,0,0,9,5,8,7,17,12,17,8,44,56,69288.0,40852.0,13.0,,,0,1,1.8,4.0,3.7,1.02,1.15,1.5,2.25,4.0,12.0,4.75,2.4,1.57,1.22,1.54,2.43,3.0,1.34,5.75,1.12,1.22,1.18,2.1,2.2,2.4,4.0,2.05,2.9,4.0,0,0,1.2,1.37,1.66,2.05,2.6,3.75,2.65,2.05,1.66,1.4,1.58,8.0,2.8,1.6,11.0,2.4,3.65,7.5,1.25,2.15,4.75,12.5,3.55,1.62,1.15,1.03,1.12,1.65,2.95,6.75,5.25,2.1,1.35,1.09,0,0,0,0,5,1,0,3,1,4,1,1710030600,1016,0,50,0,50,0,-1,2,1,1,1,2,2,2,4,0,1,0,0,1,0,1,50,23,81,101,2.06,1.29,3.34,2,0,2,0,0,0,1,1,0,0,1,0,0,0,1,22,11,-1,-1,-1,1,0,1,0,50,50,50,50,0,50,50,50,5.0,2.0,5.0,2.0,/clubs/atlanta-united-fc-1016,teams/usa-atlanta-united-fc.png,Atlanta United FC,/clubs/new-england-revolution-11,teams/usa-new-england-revolution.png,New England Revolution,1.39,0.71,0.0,0.0,0.0,0.0,50,0,0,0,0,50,50,50,0.0,0.95,0.95,/usa/new-england-revolution-vs-atlanta-united-fc-h2h-stats#7295265,10977,34,True,True,True,True,True,False,True,"['45+2', '55', '60', '74']",['83']
MLS,2024,10977,7295266,9,7,2024,complete,106200,3,-1,"['68', '90+10']",['72'],2,1,3,6,5,11,3,2,1,2,0,0,10,3,4,5,14,8,11,10,58,42,39576.0,39282.0,21081.0,,,1,2,1.52,4.4,5.5,1.02,1.18,1.57,2.4,4.5,17.0,4.75,2.25,1.5,1.2,1.68,2.15,2.5,1.47,6.25,1.1,1.15,1.17,2.45,2.0,2.38,5.0,1.9,2.9,4.75,0,0,1.2,1.38,1.68,2.08,2.65,3.7,2.65,2.02,1.63,1.37,1.44,8.5,3.4,1.48,11.0,2.8,2.9,8.0,1.28,2.3,5.0,11.0,3.35,1.55,1.13,1.03,1.17,1.8,3.5,8.0,5.0,1.91,1.29,1.08,0,0,0,0,3,0,0,2,1,3,0,1710030600,9,0,50,0,50,0,-1,2,1,3,5,3,0,8,3,0,1,1,1,1,2,1,91,33,140,75,2.25,0.96,3.21,0,0,0,0,0,0,1,1,0,0,0,4,0,0,1,19,17,-1,-1,-1,-1,-1,-1,0,50,50,50,100,0,100,50,50,6.0,8.0,2.0,2.5,/clubs/columbus-crew-9,teams/usa-columbus-crew.png,Columbus Crew,/clubs/chicago-fire-7,teams/usa-chicago-fire.png,Chicago Fire,1.89,0.65,3.0,1.0,2.0,0.5,100,50,50,50,0,50,50,50,1.22,1.02,2.24,/usa/chicago-fire-vs-columbus-crew-h2h-stats#7295266,10977,34,True,True,True,False,False,False,True,"['68', '90+10']",['72']
MLS,2024,10977,7295267,4,13,2024,complete,106200,3,-1,"['30', '54']",['59'],2,1,3,2,1,3,3,1,1,2,0,0,9,2,5,6,14,8,11,7,41,59,19955.0,1313.0,21189.0,,,1,2,1.77,3.4,4.6,1.06,1.38,2.1,4.0,8.0,9.0,3.0,1.65,1.22,1.07,2.1,1.68,1.95,1.73,4.2,1.19,1.15,1.22,2.25,2.3,2.15,5.5,2.05,2.55,5.0,0,0,1.29,1.54,1.9,2.4,3.15,3.05,2.25,1.79,1.47,1.27,1.44,8.5,3.4,1.44,8.0,3.25,2.45,7.0,1.47,3.2,8.5,15.0,2.7,1.33,1.06,1.02,1.28,2.35,5.0,13.0,3.5,1.55,1.14,1.01,0,0,0,0,3,1,0,1,1,2,1,1710030600,4,0,0,0,0,0,-1,2,1,2,1,0,0,3,0,0,2,1,0,2,1,1,33,25,100,110,1.76,0.84,2.6,1,0,1,0,0,0,1,1,0,0,1,1,0,0,1,15,20,-1,-1,-1,-1,-1,-1,0,0,0,0,0,0,0,0,0,0.0,0.0,0.0,0.0,/clubs/new-york-red-bulls-4,teams/usa-new-york-red-bulls.png,New York RB,/clubs/fc-dallas-13,teams/usa-fc-dallas.png,FC Dallas,1.61,0.53,0.0,0.0,2.0,1.5,0,0,0,0,0,0,0,0,0.0,0.0,0.0,/usa/new-york-red-bulls-vs-fc-dallas-h2h-stats#7295267,10977,34,True,True,True,False,False,False,True,"['30', '54']",['59']
MLS,2024,10977,7295268,17,1015,2024,complete,106200,3,-1,"['1', '83']","['4', '38', '90+5']",2,3,5,8,4,12,1,3,1,6,0,0,6,4,13,3,19,7,6,12,58,42,69391.0,21031.0,10665.0,,,1,6,1.83,3.75,3.8,1.04,1.22,1.7,2.62,4.75,10.0,4.0,2.0,1.44,1.15,1.65,2.2,2.85,1.37,4.6,1.17,1.28,1.22,1.87,2.55,2.3,4.0,2.3,2.65,3.75,0,0,1.22,1.43,1.74,2.18,2.8,3.5,2.5,1.95,1.58,1.34,1.64,8.0,2.63,1.57,12.0,2.5,3.55,6.5,1.33,2.55,6.0,17.0,3.3,1.47,1.11,1.02,1.18,1.9,4.0,9.0,4.5,1.83,1.22,1.04,0,0,0,0,5,1,2,1,1,2,3,1710030600,1015,0,50,0,50,0,-1,2,1,1,2,5,2,3,7,1,2,0,4,3,4,1,67,36,120,93,2.1,0.99,3.1,0,0,0,0,0,0,1,1,1,1,0,0,0,0,1,30,14,-1,-1,-1,-1,-1,-1,0,0,50,50,50,0,50,50,50,25.0,8.0,5.0,1.5,/clubs/orlando-city-sc-17,teams/usa-orlando-city-sc.png,Orlando City,/clubs/minnesota-united-fc-1015,teams/usa-minnesota-united-fc.png,Minnesota United,1.52,1.47,1.0,3.0,0.5,2.0,100,100,50,50,50,100,100,50,1.48,2.26,3.74,/usa/orlando-city-sc-vs-minnesota-united-fc-h2h-stats#7295268,10977,37,True,True,True,True,True,False,True,"['1', '83']","['4', '38', '90+5']"
MLS,2024,10977,7295269,16,18,2024,complete,106200,3,-1,"['55', '57']","['13', '22', '37']",2,3,5,9,10,19,2,3,2,2,0,0,6,4,4,5,10,9,7,3,58,42,13893.0,12.0,25.0,,,2,2,2.3,3.2,3.1,1.02,1.3,2.25,3.42,6.5,8.5,3.1,1.57,1.25,1.06,1.78,2.0,2.65,1.41,3.6,1.25,1.32,1.31,1.72,2.88,2.1,4.0,2.5,2.43,3.4,0,0,1.27,1.5,1.87,2.35,3.1,3.15,2.3,1.82,1.48,1.28,1.72,7.5,2.45,1.67,8.5,2.4,3.6,5.25,1.44,3.0,9.0,23.0,2.63,1.36,1.07,1.01,1.25,2.2,5.0,13.0,3.75,1.62,1.17,1.04,0,0,0,0,5,0,3,2,0,2,3,1714519800,18,0,64,10,54,0,-1,2,1,4,5,5,5,9,10,2,1,0,1,3,1,1,30,23,56,45,1.27,1.01,2.28,0,1,0,1,0,0,1,1,0,0,1,1,0,0,1,8,6,-1,-1,-1,-1,-1,-1,10,27,64,80,90,20,90,70,54,12.33,4.0,4.0,2.7,/clubs/philadelphia-union-16,teams/usa-philadelphia-union.png,Philadelphia Union,/clubs/seattle-sounders-fc-18,teams/usa-seattle-sounders-fc.png,Seattle Sounders,1.0,1.5,1.33,0.2,1.63,0.67,90,74,37,20,10,80,64,34,1.43,1.33,2.76,/usa/philadelphia-union-vs-seattle-sounders-fc-h2h-stats#7295269,10977,34,True,True,True,True,True,False,True,"['55', '57']","['13', '22', '37']"
MLS,2024,10977,7295270,698284,945555,2024,complete,106200,3,-1,"['14', '51']","['49', '90+3']",2,2,4,5,12,17,1,1,1,3,0,0,2,8,2,5,4,13,15,17,40,60,35337.0,2339.0,36880.0,,,1,3,2.1,3.7,3.1,1.02,1.16,1.6,2.43,4.25,17.0,4.33,2.2,1.47,1.16,1.53,2.38,3.3,1.28,4.5,1.17,1.38,1.28,1.7,2.75,2.38,3.5,2.4,2.7,3.1,0,0,1.21,1.4,1.7,2.12,2.7,3.65,2.6,2.0,1.62,1.37,1.75,7.5,2.4,1.67,16.25,2.25,4.33,6.25,1.3,2.38,6.0,17.0,3.4,1.53,1.13,1.03,1.17,1.8,3.5,8.0,5.0,1.91,1.29,1.08,0,0,0,0,4,1,0,1,2,3,1,1710034200,-1,0,50,0,50,0,-1,2,1,4,4,1,8,8,9,0,1,1,2,1,3,1,30,61,85,111,0.62,1.83,2.45,0,1,0,1,0,0,1,1,0,0,0,0,0,0,1,27,23,-1,-1,-1,1,0,1,0,0,50,50,50,0,50,50,50,4.0,1.0,2.0,1.5,/clubs/austin-fc-698284,teams/usa-austin-fc.png,Austin,/clubs/st-louis-city-sc-945555,teams/usa-st-louis-city-sc.png,St. Louis City,1.53,0.65,0.0,0.0,0.5,2.0,50,50,0,0,0,50,50,50,0.89,0.0,0.89,/usa/austin-fc-vs-st-louis-city-sc-h2h-stats#7295270,10977,34,True,True,True,True,False,False,True,"['14', '51']","['49', '90+3']"
MLS,2024,10977,7295271,14,12,2024,complete,106200,3,-1,['22'],"['43', '70']",1,2,3,3,0,3,4,1,3,1,0,0,4,6,2,3,6,9,13,10,62,38,69297.0,8.0,11435.0,,,3,1,1.68,4.0,4.5,1.02,1.2,1.7,2.75,5.1,14.0,4.4,2.0,1.45,1.16,1.7,2.05,2.5,1.46,5.25,1.14,1.22,1.25,2.12,2.25,2.3,4.75,2.0,2.75,4.33,0,0,1.22,1.42,1.74,2.17,2.8,3.5,2.5,1.96,1.58,1.34,1.5,8.5,3.05,1.44,10.0,2.75,3.0,8.0,1.33,2.5,5.5,12.0,3.25,1.5,1.12,1.02,1.18,1.83,3.75,10.0,4.5,1.83,1.25,1.06,0,0,0,0,3,1,1,0,1,1,2,1710037800,12,0,50,0,0,0,-1,2,1,1,0,2,0,1,2,1,0,2,1,1,3,1,61,37,136,96,1.12,1.27,2.39,0,1,0,1,0,0,1,1,0,0,0,0,0,0,1,20,21,-1,-1,-1,-1,-1,-1,50,50,100,100,100,100,100,50,0,8.0,5.0,6.0,4.0,/clubs/real-salt-lake-14,teams/usa-real-salt-lake.png,Real Salt Lake,/clubs/colorado-rapids-12,teams/usa-colorado-rapids.png,Colorado Rapids,2.06,0.94,3.0,0.0,1.33,0.5,50,50,0,0,0,50,50,50,1.45,1.73,3.18,/usa/colorado-rapids-vs-real-salt-lake-h2h-stats#7295271,10977,36,True,True,True,False,False,False,True,['22'],"['43', '70']"
MLS,2024,10977,7295272,6490,8,2024,complete,106200,3,-1,[],[],0,0,0,5,8,13,2,0,2,4,0,0,6,6,6,6,12,12,17,9,39,61,57128.0,39588.0,18.0,,,2,4,1.62,4.0,5.0,1.02,1.24,1.8,3.0,5.8,12.0,4.0,1.9,1.38,1.13,1.91,1.91,2.25,1.57,5.0,1.14,1.16,1.23,2.25,2.2,2.3,5.5,1.91,2.6,4.75,0,0,1.24,1.46,1.78,2.2,2.88,3.35,2.43,1.91,1.56,1.33,1.46,8.5,3.35,1.4,9.5,3.1,2.65,8.0,1.33,2.5,6.0,13.0,3.25,1.5,1.11,1.02,1.2,2.0,4.33,11.0,4.33,1.73,1.2,1.05,0,0,0,0,0,0,0,0,0,0,0,1710041400,-1,0,100,0,100,0,-1,2,1,3,4,2,4,7,6,1,1,1,3,2,4,1,48,40,79,105,1.52,1.48,3.0,0,0,0,0,0,0,1,1,0,0,0,2,0,0,1,13,13,-1,-1,-1,-1,-1,-1,0,0,50,100,100,0,50,100,100,9.0,3.0,4.0,2.5,/clubs/los-angeles-fc-6490,teams/usa-los-angeles-fc.png,Los Angeles FC,/clubs/sporting-kansas-city-8,teams/usa-sporting-kansas-city.png,Sporting KC,2.15,0.53,3.0,1.0,1.5,1.0,100,100,50,0,0,0,0,0,1.57,0.56,2.13,/usa/sporting-kansas-city-vs-los-angeles-fc-h2h-stats#7295272,10977,34,False,False,False,False,False,False,False,[],[]
MLS,2024,10977,7295273,15,5,2024,complete,106200,3,-1,[],"['74', '86']",0,2,2,8,6,14,0,2,4,1,0,0,2,4,4,2,6,6,12,13,61,39,44852.0,12956.0,41087.0,,,4,1,2.1,3.6,3.2,1.01,1.19,1.65,2.65,5.0,15.0,4.6,2.1,1.47,1.17,1.57,2.25,3.25,1.29,4.33,1.19,1.38,1.28,1.71,2.75,2.3,3.6,2.4,2.7,3.1,0,0,1.21,1.4,1.71,2.15,2.75,3.6,2.55,1.98,1.6,1.35,1.76,7.5,2.4,1.67,10.0,2.25,4.2,5.75,1.33,2.5,6.5,17.0,3.25,1.5,1.11,1.03,1.18,1.83,3.75,9.0,4.5,1.83,1.25,1.07,0,0,0,0,2,0,0,0,2,2,0,1710041400,5,0,50,0,50,0,-1,2,1,5,2,3,4,7,7,0,0,4,1,0,5,1,42,29,132,83,0.85,0.88,1.73,0,0,0,0,0,0,1,1,0,0,0,1,0,0,1,18,20,-1,-1,-1,-1,-1,-1,0,50,50,50,50,50,50,50,50,10.0,1.0,2.0,2.0,/clubs/san-jose-earthquakes-15,teams/usa-san-jose-earthquakes.png,SJ Earthquakes,/clubs/vancouver-whitecaps-fc-5,teams/canada-vancouver-whitecaps-fc.png,Vancouver Whitecaps,0.76,1.32,0.0,0.0,0.0,1.0,50,0,0,0,0,50,50,50,1.25,0.0,1.25,/usa/vancouver-whitecaps-fc-vs-san-jose-earthquakes-h2h-stats#7295273,10977,34,True,True,False,False,False,False,False,[],"['74', '86']"
MLS,2024,10977,7295274,8043,13401,2024,complete,106200,3,-1,[],[],0,0,0,5,9,14,2,0,1,4,0,0,7,4,5,3,12,7,11,12,58,42,40876.0,40182.0,13006.0,,,1,4,1.85,3.46,3.69,1.04,1.19,1.65,2.61,4.7,10.0,3.98,2.1,1.41,1.14,1.62,2.2,2.75,1.39,5.0,1.15,1.26,1.26,1.95,2.5,2.3,4.0,2.1,2.68,3.75,0,0,1.22,1.42,1.73,2.16,2.75,3.5,2.5,1.97,1.58,1.35,1.54,8.0,2.95,1.53,14.75,2.5,3.45,7.0,1.33,2.5,6.0,17.0,3.25,1.5,1.13,1.03,1.18,1.83,3.75,10.0,4.5,1.83,1.25,1.06,0,0,0,0,0,0,0,0,0,0,0,1710097200,-1,0,50,0,50,0,-1,2,1,3,5,2,4,8,6,0,1,1,3,1,4,1,41,45,70,108,1.54,1.06,2.6,0,0,0,0,0,0,1,1,0,0,0,0,0,0,1,20,22,-1,-1,-1,-1,-1,-1,0,50,50,50,50,0,50,50,50,16.0,9.0,3.0,2.0,/clubs/fc-cincinnati-8043,teams/usa-fc-cincinnati.png,FC Cincinnati,/clubs/dc-united-13401,teams/usa-dc-united.png,DC United,1.47,1.35,1.0,1.0,2.0,2.0,100,50,50,50,50,100,100,100,1.32,2.05,3.37,/usa/fc-cincinnati-vs-dc-united-h2h-stats#7295274,10977,34,False,False,False,False,False,False,False,[],[]
MLS,2024,10977,7295275,677447,10,2024,complete,106200,3,-1,"['54', '58']","['67', '82']",2,2,4,3,9,12,1,3,2,2,0,0,4,8,5,6,9,14,14,13,38,62,69286.0,24795.0,2.0,,,2,2,2.11,3.28,3.1,1.02,1.2,1.67,2.68,4.8,10.5,3.9,2.05,1.39,1.13,1.62,2.2,3.0,1.33,4.33,1.19,1.35,1.28,1.73,2.75,2.3,3.75,2.38,2.62,3.25,0,0,1.23,1.44,1.76,2.2,2.85,3.45,2.48,1.93,1.56,1.33,1.71,7.5,2.5,1.67,14.25,2.3,3.95,6.0,1.33,2.63,6.5,19.0,3.25,1.44,1.11,1.02,1.18,1.83,3.75,10.0,4.5,1.83,1.25,1.06,0,0,0,0,4,0,0,2,2,4,0,1710097200,-1,0,50,0,50,0,-1,2,1,1,2,2,7,3,9,1,1,1,1,2,2,1,43,56,80,109,1.16,1.85,3.02,1,1,1,0,0,1,1,1,0,0,0,1,0,0,1,11,16,-1,-1,-1,-1,-1,-1,0,50,50,50,50,50,50,50,50,5.0,1.0,5.0,2.0,/clubs/nashville-sc-mls-677447,teams/usa-nashville-sc-mls.png,Nashville SC,/clubs/la-galaxy-10,teams/usa-la-galaxy.png,LA Galaxy,1.24,1.39,1.0,3.0,1.0,2.0,100,50,50,50,50,50,50,50,0.69,1.16,1.85,/usa/la-galaxy-vs-nashville-sc-mls-h2h-stats#7295275,10977,34,True,True,True,True,False,False,True,"['54', '58']","['67', '82']"
MLS,2024,10977,7295276,677446,1,2024,complete,106200,3,-1,"['71', '80']","['13', '75', '78']",2,3,5,3,3,6,5,2,5,2,0,0,4,4,5,4,9,8,14,11,60,40,14034.0,647.0,44644.0,,,5,2,1.47,4.01,5.03,1.02,1.17,1.57,2.33,4.5,12.0,4.9,2.25,1.53,1.19,1.67,2.1,2.45,1.49,6.25,1.1,1.15,1.23,2.4,2.05,2.5,5.5,1.8,2.9,4.75,0,0,1.25,1.47,1.8,2.25,2.95,3.3,2.4,1.88,1.54,1.3,1.43,8.5,3.45,1.36,11.0,3.1,2.8,8.5,1.29,2.25,5.5,15.0,3.5,1.57,1.14,1.03,1.17,1.8,3.5,8.0,5.0,1.91,1.29,1.08,0,0,0,0,5,0,1,2,2,4,1,1710104400,1,0,25,25,0,0,-1,2,1,0,2,3,1,2,4,1,0,4,2,1,6,1,72,47,117,93,1.38,1.13,2.51,0,0,0,0,0,0,1,1,0,0,0,1,0,0,1,13,15,-1,-1,-1,-1,-1,-1,25,25,50,75,75,50,75,75,25,6.0,5.5,3.5,2.5,/clubs/club-internacional-de-futbol-miami-677446,teams/usa-club-internacional-de-futbol-miami.png,Inter Miami,/clubs/montreal-impact-1,teams/canada-montreal-impact.png,Montreal Impact,2.11,0.82,3.0,2.0,2.33,2.0,75,75,50,25,25,50,50,25,1.48,1.18,2.66,/usa/montreal-impact-vs-club-internacional-de-futbol-miami-h2h-stats#7295276,10977,35,True,True,True,True,True,False,True,"['71', '80']","['13', '75', '78']"
MLS,2024,10977,7295277,7,1,2024,complete,106200,4,-1,"['45+8', '84', '90+5', '90+9']","['7', '12', '70']",4,3,7,9,1,10,5,1,3,2,0,1,11,4,6,4,17,8,13,16,60,40,60310.0,21081.0,44644.0,,,3,4,1.83,3.7,3.9,1.05,1.25,1.75,2.9,5.25,9.5,3.85,1.95,1.4,1.15,1.67,2.1,2.7,1.4,4.4,1.18,1.25,1.22,1.83,2.6,2.25,4.0,2.25,2.55,3.6,0,0,1.22,1.49,1.92,2.23,2.98,3.64,2.59,1.88,1.64,1.32,1.85,8.0,2.28,1.57,9.5,2.5,3.55,6.5,1.36,2.63,7.0,19.0,3.0,1.44,1.1,1.02,1.2,1.91,4.0,10.0,4.33,1.8,1.22,1.06,0,0,0,0,7,1,2,3,1,4,3,1710612000,7,0,84,67,17,0,-1,2,1,4,1,5,0,5,5,2,1,1,2,3,3,1,60,23,135,72,2.28,0.96,3.24,1,2,1,2,0,0,1,1,0,1,0,0,0,0,1,20,22,-1,-1,-1,-1,-1,-1,17,17,84,84,84,67,84,84,17,5.67,2.67,4.67,2.84,/clubs/chicago-fire-7,teams/usa-chicago-fire.png,Chicago Fire,/clubs/montreal-impact-1,teams/canada-montreal-impact.png,Montreal Impact,1.12,0.82,0.0,2.33,0.33,2.33,84,84,17,17,17,67,67,50,0.71,1.17,1.88,/usa/montreal-impact-vs-chicago-fire-h2h-stats#7295277,10977,34,True,True,True,True,True,True,True,"['45+8', '84', '90+5', '90+9']","['7', '12', '70']"
MLS,2024,10977,7295278,13401,677446,2024,complete,106200,4,-1,['14'],"['24', '72', '85']",1,3,4,8,5,13,3,2,5,3,1,0,7,7,7,6,14,13,23,12,47,53,57128.0,13006.0,647.0,,,7,3,2.5,3.75,2.5,1.04,1.2,1.57,2.45,4.33,10.0,4.5,2.25,1.53,1.2,1.62,2.2,3.9,1.21,3.9,1.22,1.48,1.25,1.48,3.1,2.38,3.1,2.7,2.62,2.7,0,0,1.3,1.61,1.99,2.51,3.48,3.08,2.28,1.82,1.51,1.24,1.85,8.0,2.28,2.0,10.0,1.95,5.25,5.25,1.33,2.63,6.5,19.0,3.25,1.44,1.11,1.02,1.14,1.73,3.2,7.0,5.0,2.0,1.3,1.08,0,0,0,0,4,1,1,0,2,2,2,1710612000,677446,0,100,0,100,0,-1,2,1,3,4,5,1,7,6,3,1,3,2,4,5,1,48,49,108,74,1.73,1.66,3.39,0,0,0,0,0,0,1,1,0,0,1,1,0,0,1,18,15,-1,-1,-1,1,1,1,0,50,50,100,100,0,50,100,100,13.0,3.0,6.0,3.0,/clubs/dc-united-13401,teams/usa-dc-united.png,DC United,/clubs/club-internacional-de-futbol-miami-677446,teams/usa-club-internacional-de-futbol-miami.png,Inter Miami,1.0,2.06,3.0,1.0,1.67,1.75,100,50,50,0,0,100,50,50,1.81,1.17,2.98,/usa/dc-united-vs-club-internacional-de-futbol-miami-h2h-stats#7295278,10977,34,True,True,True,True,False,False,True,['14'],"['24', '72', '85']"
MLS,2024,10977,7295279,18,12,2024,complete,106200,4,-1,['11'],['87'],1,1,2,6,4,10,0,2,3,2,2,0,3,8,3,3,6,11,15,15,47,53,47219.0,25.0,11435.0,,,6,2,1.62,3.9,5.4,1.05,1.3,1.95,3.3,6.25,9.5,3.45,1.8,1.33,1.11,1.95,1.73,2.05,1.66,5.0,1.15,1.14,1.23,2.3,2.1,2.15,5.25,1.87,2.55,5.0,0,0,1.18,1.36,1.9,2.12,2.76,4.05,2.78,1.9,1.71,1.39,1.31,9.5,4.13,1.48,9.5,3.1,2.5,8.0,1.38,2.75,7.0,19.5,2.75,1.39,1.08,1.01,1.23,2.05,4.4,10.5,3.75,1.66,1.18,1.04,0,0,0,0,2,1,0,0,1,1,1,1710618900,-1,0,50,25,0,0,-1,2,1,3,2,3,2,5,5,1,1,4,1,2,5,1,50,53,96,100,0.96,1.64,2.6,1,1,1,0,0,1,1,1,0,0,0,0,0,0,1,18,19,-1,-1,-1,1,0,1,25,25,50,50,50,50,50,50,0,11.0,4.0,5.0,2.0,/clubs/seattle-sounders-fc-18,teams/usa-seattle-sounders-fc.png,Seattle Sounders,/clubs/colorado-rapids-12,teams/usa-colorado-rapids.png,Colorado Rapids,1.78,0.94,1.0,1.5,0.5,1.33,75,75,50,50,50,50,0,0,1.81,1.5,3.31,/usa/colorado-rapids-vs-seattle-sounders-fc-h2h-stats#7295279,10977,36,True,True,False,False,False,False,True,['11'],['87']
MLS,2024,10977,7295280,9,4,2024,complete,106200,4,-1,"['13', '56', '66']",[],3,0,3,7,1,8,2,0,2,3,0,1,3,2,8,1,11,3,13,15,60,40,39588.0,39282.0,1313.0,,,2,4,1.95,3.5,3.75,1.05,1.3,1.9,3.3,6.25,9.0,3.45,1.83,1.33,1.11,1.75,1.93,2.55,1.44,4.1,1.2,1.26,1.29,1.8,2.5,2.1,4.1,2.25,2.45,3.7,0,0,1.33,1.67,2.07,2.72,3.74,2.93,2.18,1.74,1.4,1.21,1.69,8.0,2.54,1.7,9.0,2.5,3.3,6.25,1.39,2.75,7.0,19.5,2.75,1.39,1.08,1.01,1.23,2.05,4.2,10.0,3.8,1.68,1.19,1.04,0,0,0,0,3,1,0,2,0,2,1,1710631800,9,0,50,25,25,0,-1,2,1,4,1,3,0,5,3,1,1,1,3,2,4,1,56,25,94,80,1.31,0.53,1.84,0,0,0,0,0,0,1,1,0,0,1,0,0,0,1,4,1,-1,-1,-1,-1,-1,-1,0,0,50,50,75,25,50,50,25,10.5,7.0,1.5,1.75,/clubs/columbus-crew-9,teams/usa-columbus-crew.png,Columbus Crew,/clubs/new-york-red-bulls-4,teams/usa-new-york-red-bulls.png,New York RB,1.89,1.33,3.0,2.0,2.33,2.33,100,100,50,50,25,50,50,50,1.73,1.48,3.21,/usa/new-york-red-bulls-vs-columbus-crew-h2h-stats#7295280,10977,36,True,True,True,False,False,False,False,"['13', '56', '66']",[]
MLS,2024,10977,7295281,2,19,2024,complete,106200,4,-1,"['24', '64']",['7'],2,1,3,6,4,10,1,2,4,5,1,0,9,1,6,7,15,8,15,26,73,27,57159.0,27505.0,10856.0,,,6,5,1.7,3.7,5.0,1.05,1.28,1.95,3.2,6.25,9.5,3.55,1.78,1.33,1.11,1.83,1.85,2.3,1.53,4.6,1.17,1.2,1.26,2.05,2.3,2.15,4.6,2.0,2.55,4.33,0,0,1.26,1.55,1.92,2.4,3.2,3.34,2.4,1.88,1.55,1.28,1.45,8.5,3.29,1.57,9.5,2.8,2.88,7.0,1.38,2.7,7.0,19.0,2.8,1.4,1.09,1.01,1.22,2.05,4.2,10.0,3.8,1.68,1.19,1.04,0,0,0,0,3,1,1,1,0,1,2,1710631800,2,0,50,0,0,0,90,2,1,6,2,0,2,8,2,1,2,4,3,3,7,1,43,32,111,72,1.89,0.81,2.71,0,0,0,0,0,0,1,1,0,1,0,0,0,0,1,6,3,-1,-1,-1,-1,-1,-1,0,0,50,50,75,0,75,50,50,8.5,11.5,5.0,1.75,/clubs/new-york-city-fc-2,teams/usa-new-york-city-fc.png,New York City,/clubs/toronto-fc-19,teams/canada-toronto-fc.png,Toronto,1.89,0.94,0.0,2.0,0.0,2.33,100,100,50,50,25,100,100,100,1.22,0.78,2.0,/usa/new-york-city-fc-vs-toronto-fc-h2h-stats#7295281,10977,34,True,True,True,False,False,False,True,"['24', '64']",['7']
MLS,2024,10977,7295282,698284,16,2024,complete,106200,4,-1,"['56', '58']","['14', '65']",2,2,4,5,5,10,1,5,3,6,0,0,2,7,6,6,8,13,12,16,55,45,69286.0,2339.0,12.0,,,3,6,2.63,3.5,2.55,1.04,1.22,1.8,2.75,4.75,10.0,4.0,1.95,1.4,1.15,1.62,2.2,3.5,1.27,3.6,1.25,1.46,1.29,1.51,3.2,2.25,3.1,2.75,2.5,2.75,0,0,1.16,1.33,1.64,2.01,2.5,4.33,2.93,2.22,1.81,1.51,1.95,8.0,2.1,2.05,9.5,1.83,4.75,4.6,1.33,2.63,7.0,19.0,3.25,1.44,1.1,1.02,1.18,1.83,3.75,10.0,4.5,1.83,1.25,1.06,0,0,0,0,4,0,1,2,1,3,1,1710635400,-1,0,100,0,50,0,-1,2,1,1,4,4,1,5,5,1,2,2,4,3,6,1,42,41,79,107,0.95,1.62,2.57,0,1,0,1,0,0,1,1,0,0,0,0,0,0,1,19,15,-1,-1,-1,1,1,0,0,25,50,100,100,0,100,100,50,6.5,2.0,3.5,2.75,/clubs/austin-fc-698284,teams/usa-austin-fc.png,Austin,/clubs/philadelphia-union-16,teams/usa-philadelphia-union.png,Philadelphia Union,1.53,1.18,0.5,1.0,0.67,1.0,100,75,50,0,0,100,50,50,0.76,1.08,1.84,/usa/philadelphia-union-vs-austin-fc-h2h-stats#7295282,10977,34,True,True,True,True,False,False,True,"['56', '58']","['14', '65']"
MLS,2024,10977,7295283,13,5,2024,complete,106200,4,-1,['40'],"['25', '29', '42']",1,3,4,3,2,5,0,5,0,1,0,0,3,3,8,2,11,5,12,11,59,41,31865.0,21189.0,41087.0,,,0,1,2.25,3.4,3.13,1.05,1.29,1.95,3.25,5.5,9.0,3.5,1.8,1.33,1.12,1.7,2.05,2.95,1.34,3.6,1.25,1.37,1.29,1.6,2.88,2.2,3.75,2.5,2.45,3.2,0,0,1.23,1.46,2.0,2.23,3.04,3.56,2.52,1.8,1.66,1.31,1.91,8.0,2.1,1.73,9.0,2.3,4.0,5.0,1.4,2.75,8.0,21.0,2.75,1.4,1.08,1.02,1.22,2.0,4.33,11.0,4.0,1.73,1.2,1.05,0,0,0,0,4,1,3,0,0,0,4,1710635400,5,0,50,50,0,0,19096,2,1,0,0,3,2,0,5,0,1,0,0,1,0,1,55,30,127,77,1.32,0.75,2.07,0,0,0,0,0,0,1,1,0,0,0,0,0,0,1,20,19,-1,-1,-1,-1,-1,-1,0,0,50,100,100,50,50,100,50,13.0,3.0,2.0,2.5,/clubs/fc-dallas-13,teams/usa-fc-dallas.png,FC Dallas,/clubs/vancouver-whitecaps-fc-5,teams/canada-vancouver-whitecaps-fc.png,Vancouver Whitecaps,1.88,1.32,1.5,3.0,1.0,2.0,100,100,50,0,0,75,75,75,1.79,0.88,2.67,/usa/vancouver-whitecaps-fc-vs-fc-dallas-h2h-stats#7295283,10977,34,True,True,True,True,False,False,True,['40'],"['25', '29', '42']"
MLS,2024,10977,7295284,6,20,2024,complete,106200,4,-1,['43'],[],1,0,1,3,4,7,3,1,3,2,0,0,3,4,5,7,8,11,8,9,58,42,45862.0,20.0,28121.0,,,3,2,1.9,3.6,3.9,1.05,1.25,1.87,3.0,5.5,9.0,3.75,1.87,1.36,1.12,1.75,2.0,2.55,1.44,4.33,1.18,1.24,1.27,1.9,2.5,2.2,4.33,2.2,2.5,3.75,0,0,1.21,1.42,1.9,2.06,2.93,3.74,2.65,1.9,1.76,1.33,1.75,8.0,2.44,1.57,9.5,2.6,3.2,6.5,1.36,2.75,8.0,21.0,3.0,1.4,1.08,1.02,1.22,2.0,4.33,11.0,4.0,1.73,1.2,1.05,0,0,0,0,1,1,0,0,0,0,1,1710635400,6,0,100,25,25,0,-1,2,1,2,2,1,2,4,3,0,0,3,2,0,5,1,40,41,91,81,1.01,1.27,2.29,0,0,0,0,0,0,1,1,0,0,1,1,0,0,1,12,18,-1,-1,-1,-1,-1,-1,0,0,75,100,100,25,75,100,75,10.5,4.0,4.0,2.75,/clubs/houston-dynamo-6,teams/usa-houston-dynamo.png,Houston Dynamo,/clubs/portland-timbers-20,teams/usa-portland-timbers.png,Portland Timbers,1.61,0.83,0.5,3.0,0.5,2.33,100,100,25,0,0,75,75,75,1.53,0.87,2.4,/usa/houston-dynamo-vs-portland-timbers-h2h-stats#7295284,10977,35,True,False,False,False,False,False,False,['43'],[]
MLS,2024,10977,7295285,8,15,2024,complete,106200,4,-1,"['18', '29']",['11'],2,1,3,3,5,8,1,1,3,2,0,0,3,7,2,4,5,11,10,15,51,49,19955.0,18.0,12956.0,,,3,2,1.75,3.75,4.5,1.05,1.25,1.83,3.0,5.5,9.0,3.75,1.9,1.36,1.12,1.8,1.95,2.35,1.52,4.8,1.16,1.19,1.25,2.1,2.3,2.25,5.0,2.0,2.55,4.5,0,0,1.18,1.37,1.61,1.99,2.47,4.0,2.75,2.26,1.83,1.53,1.41,9.0,3.58,1.44,9.5,3.0,2.9,7.5,1.36,2.75,7.0,21.0,3.0,1.4,1.1,1.02,1.22,2.0,4.33,11.0,4.0,1.73,1.2,1.05,0,0,0,0,3,2,1,0,0,0,3,1710635400,8,0,100,50,0,0,-1,2,1,3,2,0,3,5,3,1,0,2,2,1,4,1,38,41,94,107,0.81,1.49,2.31,0,0,0,0,0,0,1,1,0,0,0,0,0,0,1,18,20,-1,-1,-1,-1,-1,-1,0,0,50,100,100,50,100,100,0,8.0,3.0,3.0,2.5,/clubs/sporting-kansas-city-8,teams/usa-sporting-kansas-city.png,Sporting KC,/clubs/san-jose-earthquakes-15,teams/usa-san-jose-earthquakes.png,SJ Earthquakes,1.29,0.47,1.0,0.0,1.0,0.0,100,100,50,0,0,100,50,50,1.7,1.32,3.02,/usa/sporting-kansas-city-vs-san-jose-earthquakes-h2h-stats#7295285,10977,34,True,True,True,False,False,False,True,"['18', '29']",['11']
MLS,2024,10977,7295286,1015,6490,2024,complete,106200,4,-1,"['16', '88']",[],2,0,2,3,7,10,1,5,2,2,0,0,3,2,2,5,5,7,16,18,48,52,46712.0,25056.0,39588.0,,,2,2,2.88,3.6,2.3,1.04,1.2,1.65,2.62,4.5,10.0,4.33,2.15,1.44,1.17,1.57,2.25,4.0,1.21,3.5,1.26,1.57,1.27,1.43,3.25,2.3,3.0,2.88,2.6,2.6,0,0,1.11,1.24,1.51,2.0,2.23,5.2,3.48,2.53,1.8,1.64,1.95,8.0,2.05,2.1,10.0,1.73,5.5,4.4,1.33,2.5,6.5,17.0,3.25,1.5,1.11,1.03,1.18,1.83,3.75,9.0,4.5,1.83,1.25,1.07,0,0,0,0,2,1,0,1,0,1,1,1710635400,1015,0,50,0,50,0,-1,2,1,2,3,1,4,5,5,1,1,1,1,2,2,1,61,41,114,91,0.98,0.89,1.87,0,0,0,0,0,0,1,1,0,0,1,0,0,0,1,22,28,-1,-1,-1,-1,-1,-1,0,0,50,100,100,50,50,50,50,13.0,7.0,4.0,2.5,/clubs/minnesota-united-fc-1015,teams/usa-minnesota-united-fc.png,Minnesota United,/clubs/los-angeles-fc-6490,teams/usa-los-angeles-fc.png,Los Angeles FC,1.44,1.5,1.0,0.0,2.33,1.33,100,100,50,0,0,50,50,50,1.34,1.5,2.84,/usa/minnesota-united-fc-vs-los-angeles-fc-h2h-stats#7295286,10977,37,True,True,False,False,False,False,False,"['16', '88']",[]
MLS,2024,10977,7295287,677447,711351,2024,complete,106200,4,-1,"['32', '40']",['45+4'],2,1,3,4,3,7,3,1,1,3,0,0,2,4,4,3,6,7,10,14,55,45,39547.0,24795.0,404.0,,,1,3,2.2,3.2,3.4,1.07,1.42,2.3,4.33,8.5,9.0,2.85,1.57,1.22,1.06,1.95,1.8,2.6,1.43,3.1,1.31,1.31,1.29,1.53,3.1,2.05,3.75,2.63,2.3,3.25,0,0,1.26,1.56,2.0,2.38,3.2,3.34,2.39,1.8,1.56,1.28,2.0,8.0,2.05,1.8,8.0,2.3,3.55,4.75,1.5,3.4,10.0,26.0,2.5,1.3,1.06,1.01,1.29,2.38,5.5,15.0,3.5,1.53,1.14,1.03,0,0,0,0,3,2,1,0,0,0,3,1710635400,677447,0,50,25,25,0,-1,2,1,0,1,4,2,1,6,0,0,1,3,0,4,1,43,70,80,104,0.84,1.24,2.07,0,0,0,0,0,0,1,1,0,0,0,0,0,0,1,12,18,-1,-1,-1,1,0,1,0,25,25,50,75,25,25,50,25,9.0,1.5,5.5,1.75,/clubs/nashville-sc-mls-677447,teams/usa-nashville-sc-mls.png,Nashville SC,/clubs/charlotte-fc-711351,teams/usa-charlotte-fc.png,Charlotte,1.24,1.05,1.0,0.5,1.0,1.33,100,75,75,50,25,75,75,50,0.93,1.13,2.06,/usa/nashville-sc-mls-vs-charlotte-fc-h2h-stats#7295287,10977,34,True,True,True,False,False,False,True,"['32', '40']",['45+4']
MLS,2024,10977,7295288,10,945555,2024,complete,106200,4,-1,"['3', '51', '90+5']","['27', '60', '88']",3,3,6,4,3,7,2,2,3,4,1,0,8,5,3,8,11,13,8,12,62,38,69297.0,2.0,36880.0,,,5,4,1.9,3.26,3.35,1.02,1.16,1.55,2.2,3.75,15.0,5.0,2.3,1.6,1.25,1.5,2.5,3.2,1.3,5.5,1.12,1.26,1.24,1.9,2.38,2.5,4.0,2.0,2.75,3.75,0,0,1.14,1.28,1.59,1.93,2.39,4.7,3.18,2.32,1.87,1.56,1.59,8.5,2.78,1.5,10.0,2.5,3.8,8.0,1.25,2.2,5.0,15.0,3.75,1.62,1.17,1.03,1.14,1.67,3.25,7.0,5.5,2.1,1.33,1.1,0,0,0,0,6,1,1,2,2,4,2,1710642600,-1,0,100,0,100,0,-1,2,1,0,1,4,2,1,6,2,1,2,3,3,5,1,50,50,87,94,1.62,1.53,3.15,0,0,0,0,0,0,1,1,1,0,0,0,0,0,1,24,22,-1,-1,-1,-1,-1,-1,0,50,50,100,100,0,50,100,100,15.0,1.0,5.0,3.0,/clubs/la-galaxy-10,teams/usa-la-galaxy.png,LA Galaxy,/clubs/st-louis-city-sc-945555,teams/usa-st-louis-city-sc.png,St. Louis City,2.57,0.65,1.0,1.0,1.67,1.67,100,50,50,0,0,100,50,50,2.09,1.83,3.92,/usa/la-galaxy-vs-st-louis-city-sc-h2h-stats#7295288,10977,34,True,True,True,True,True,True,True,"['3', '51', '90+5']","['27', '60', '88']"
MLS,2024,10977,7295289,11,8043,2024,complete,106200,4,-1,['62'],"['52', '54']",1,2,3,7,3,10,0,4,4,5,0,0,7,5,5,7,12,12,11,13,59,41,39576.0,13.0,40182.0,,,4,5,2.44,3.6,2.73,1.02,1.22,1.78,2.8,5.0,15.0,4.2,2.0,1.44,1.16,1.57,2.25,3.3,1.28,4.1,1.2,1.39,1.27,1.62,2.88,2.3,3.4,2.5,2.6,3.0,0,0,1.21,1.42,1.92,2.12,2.88,3.74,2.65,1.88,1.71,1.34,1.95,8.0,2.1,1.73,10.0,2.2,4.33,5.5,1.33,2.5,6.5,17.0,3.25,1.5,1.11,1.03,1.18,1.83,3.75,9.0,4.5,1.83,1.25,1.07,0,0,0,0,3,0,0,1,2,3,0,1710698400,8043,0,50,50,0,0,-1,2,1,3,2,4,1,5,5,0,0,4,5,0,9,1,51,38,91,81,1.62,1.38,3.0,0,0,0,0,0,0,1,1,0,0,0,0,0,0,1,16,20,-1,-1,-1,-1,-1,-1,0,0,50,50,100,50,100,50,0,20.0,6.0,3.0,2.0,/clubs/new-england-revolution-11,teams/usa-new-england-revolution.png,New England Revolution,/clubs/fc-cincinnati-8043,teams/usa-fc-cincinnati.png,FC Cincinnati,1.12,1.94,0.0,3.0,0.0,1.67,100,100,50,50,0,100,100,100,2.16,1.66,3.82,/usa/new-england-revolution-vs-fc-cincinnati-h2h-stats#7295289,10977,34,True,True,True,False,False,False,True,['62'],"['52', '54']"
MLS,2024,10977,7295290,1016,17,2024,complete,106200,4,-1,"['9', '70']",[],2,0,2,5,8,13,1,0,5,1,0,0,7,3,6,5,13,8,11,4,52,48,40876.0,40852.0,21031.0,,,5,1,2.05,3.7,3.41,1.02,1.2,1.57,2.7,4.75,15.0,4.33,2.3,1.45,1.18,1.62,2.2,2.9,1.35,4.75,1.16,1.27,1.25,1.85,2.4,2.38,4.0,2.1,2.65,3.75,0,0,1.28,1.59,1.95,2.47,3.42,3.18,2.34,1.85,1.53,1.25,1.75,8.0,2.44,1.53,10.0,2.5,3.65,7.0,1.3,2.5,6.0,17.0,3.4,1.5,1.13,1.03,1.18,1.83,3.75,9.0,4.5,1.83,1.25,1.07,0,0,0,0,2,1,0,1,0,1,1,1710717300,1016,0,50,0,50,0,-1,2,1,3,3,2,5,6,7,2,0,3,1,2,4,1,44,72,70,121,1.63,1.25,2.87,0,0,0,0,0,0,1,1,1,0,0,1,0,0,1,3,3,-1,-1,-1,-1,-1,-1,100,100,100,100,100,50,100,100,100,8.0,2.0,1.0,5.0,/clubs/atlanta-united-fc-1016,teams/usa-atlanta-united-fc.png,Atlanta United FC,/clubs/orlando-city-sc-17,teams/usa-orlando-city-sc.png,Orlando City,1.39,1.56,3.0,0.0,1.5,0.33,0,0,0,0,0,0,0,0,2.06,1.15,3.21,/usa/orlando-city-sc-vs-atlanta-united-fc-h2h-stats#7295290,10977,39,True,True,False,False,False,False,False,"['9', '70']",[]
MLS,2024,10977,7295291,5,14,2024,complete,106200,5,-1,['33'],"['70', '76']",1,2,3,1,4,5,1,3,0,3,0,0,3,5,4,12,7,17,8,10,46,54,39538.0,41087.0,8.0,,,0,3,1.8,3.6,4.3,1.02,1.2,1.65,2.75,4.75,15.0,4.33,2.2,1.45,1.17,1.62,2.15,2.75,1.39,5.0,1.14,1.23,1.25,1.98,2.3,2.25,4.1,2.05,2.65,3.8,0,0,1.19,1.36,1.63,2.02,2.55,3.85,2.75,2.1,1.68,1.41,1.6,8.0,2.75,1.59,15.5,2.51,3.45,7.0,1.3,2.37,5.5,14.5,3.2,1.51,1.12,1.02,1.18,1.82,3.5,8.0,4.5,1.85,1.25,1.07,0,0,0,0,3,1,0,0,2,2,1,1711236600,14,0,75,50,25,0,-1,2,1,0,2,1,2,2,3,0,0,0,3,0,3,1,23,74,68,143,0.83,1.96,2.79,0,0,0,0,0,0,1,1,0,0,0,1,0,0,1,1,5,-1,-1,-1,-1,-1,-1,0,0,0,100,100,50,75,50,25,11.0,4.5,2.5,2.0,/clubs/vancouver-whitecaps-fc-5,teams/canada-vancouver-whitecaps-fc.png,Vancouver Whitecaps,/clubs/real-salt-lake-14,teams/usa-real-salt-lake.png,Real Salt Lake,1.47,1.33,1.0,0.5,2.33,1.0,100,100,100,0,0,100,100,50,1.5,1.18,2.68,/usa/vancouver-whitecaps-fc-vs-real-salt-lake-h2h-stats#7295291,10977,36,True,True,True,False,False,False,True,['33'],"['70', '76']"
MLS,2024,10977,7295292,11,7,2024,complete,106200,5,-1,['45+4'],['20'],1,1,2,5,3,8,1,2,4,4,0,0,4,2,3,4,7,6,18,11,64,36,46712.0,13.0,21081.0,,,4,4,2.01,3.8,3.38,1.04,1.2,1.6,2.27,4.75,10.0,4.33,2.2,1.56,1.18,1.62,2.2,2.95,1.35,4.6,1.17,1.25,1.22,1.85,2.5,2.3,4.0,2.2,2.65,3.5,0,0,1.27,1.5,1.88,2.38,3.1,3.1,2.3,1.81,1.48,1.28,1.65,7.5,2.63,1.57,10.0,2.5,3.65,6.5,1.3,2.5,6.0,17.0,3.4,1.5,1.13,1.03,1.18,1.83,3.75,9.0,4.5,1.83,1.25,1.07,0,0,0,0,2,1,1,0,0,0,2,1711216800,-1,0,75,0,75,0,-1,2,1,1,0,4,3,1,7,0,3,4,1,3,5,1,46,25,140,85,1.08,0.71,1.79,0,0,0,0,0,0,1,1,0,0,0,0,0,0,1,18,13,-1,-1,-1,1,1,0,0,25,75,75,100,0,50,75,75,13.0,3.0,4.0,2.75,/clubs/new-england-revolution-11,teams/usa-new-england-revolution.png,New England Revolution,/clubs/chicago-fire-7,teams/usa-chicago-fire.png,Chicago Fire,1.12,0.65,0.0,0.5,0.0,1.0,100,75,25,25,0,100,100,75,1.89,0.99,2.88,/usa/chicago-fire-vs-new-england-revolution-h2h-stats#7295292,10977,34,True,True,False,False,False,False,True,['45+4'],['20']
MLS,2024,10977,7295293,4,677446,2024,complete,106200,5,-1,"['3', '51', '66', '70']",[],4,0,4,6,3,9,0,1,0,3,0,0,6,3,4,5,10,8,16,5,31,69,69288.0,1313.0,647.0,,,0,3,2.3,3.5,2.9,1.05,1.25,1.83,2.9,5.5,9.5,3.85,1.91,1.4,1.14,1.67,2.1,3.1,1.32,3.8,1.22,1.38,1.25,1.62,2.88,2.25,3.5,2.5,2.55,3.1,0,0,1.49,1.87,2.4,3.2,4.0,2.35,1.82,1.47,1.26,1.18,1.72,7.0,2.5,1.85,9.5,2.2,4.0,5.25,1.36,2.63,7.0,19.0,3.0,1.44,1.1,1.02,1.2,1.91,4.0,11.0,4.33,1.8,1.22,1.05,0,0,0,0,4,1,0,3,0,3,1,1711216800,4,0,100,25,75,0,-1,2,1,4,1,2,2,5,4,0,2,0,1,2,1,1,39,48,92,111,1.34,1.08,2.42,0,0,0,0,0,0,1,1,1,0,0,0,0,0,1,18,19,-1,-1,-1,-1,-1,-1,0,25,75,100,100,25,75,100,100,7.5,5.5,4.0,3.0,/clubs/new-york-red-bulls-4,teams/usa-new-york-red-bulls.png,New York RB,/clubs/club-internacional-de-futbol-miami-677446,teams/usa-club-internacional-de-futbol-miami.png,Inter Miami,1.61,2.06,3.0,2.0,1.75,2.0,100,75,25,0,0,50,25,25,1.76,1.42,3.18,/usa/new-york-red-bulls-vs-club-internacional-de-futbol-miami-h2h-stats#7295293,10977,37,True,True,True,True,False,False,False,"['3', '51', '66', '70']",[]
MLS,2024,10977,7295294,711351,9,2024,complete,106200,5,-1,"['83', '88']",[],2,0,2,3,2,5,3,2,6,3,0,1,5,1,5,6,10,7,28,12,46,54,44852.0,404.0,39282.0,,,6,5,2.8,3.4,2.4,1.05,1.28,1.79,3.1,5.75,9.5,3.55,2.0,1.35,1.12,1.65,2.1,3.5,1.26,3.3,1.29,1.55,1.25,1.42,3.25,2.1,2.95,3.0,2.45,2.65,0,0,1.3,1.56,1.95,2.5,3.3,3.0,2.2,1.74,1.44,1.24,1.98,7.5,2.1,2.1,9.5,1.93,5.0,4.33,1.36,2.65,6.25,17.5,2.88,1.42,1.09,1.01,1.2,1.95,4.0,9.75,4.0,1.75,1.2,1.04,0,0,0,0,2,0,0,2,0,2,0,1711236600,711351,0,50,0,50,0,-1,2,1,1,2,2,0,3,2,1,3,5,1,4,6,1,36,27,102,92,1.25,0.72,1.97,1,0,0,0,1,0,1,1,0,0,0,1,0,0,1,0,3,-1,-1,-1,-1,-1,-1,0,0,0,50,100,0,50,50,50,5.0,4.0,3.0,1.5,/clubs/charlotte-fc-711351,teams/usa-charlotte-fc.png,Charlotte,/clubs/columbus-crew-9,teams/usa-columbus-crew.png,Columbus Crew,1.83,1.83,3.0,1.0,1.0,2.5,100,100,100,50,0,0,0,0,1.3,1.32,2.62,/usa/columbus-crew-vs-charlotte-fc-h2h-stats#7295294,10977,36,True,True,False,False,False,False,False,"['83', '88']",[]
MLS,2024,10977,7295295,8043,2,2024,complete,106200,5,-1,['57'],[],1,0,1,5,4,9,2,2,1,1,0,0,6,4,1,2,7,6,12,17,46,54,69283.0,40182.0,27505.0,,,1,1,1.95,3.5,3.8,1.06,1.3,1.92,3.3,6.25,8.5,3.4,1.86,1.33,1.11,1.8,1.95,2.55,1.44,4.0,1.21,1.25,1.25,1.83,2.6,2.2,4.33,2.25,2.45,3.75,0,0,1.33,1.6,2.0,2.55,3.45,2.85,2.14,1.68,1.41,1.22,1.64,7.5,2.65,1.7,8.5,2.5,3.3,6.25,1.4,2.75,8.0,21.0,2.75,1.4,1.08,1.02,1.22,2.0,4.2,11.0,3.9,1.73,1.18,1.04,0,0,0,0,1,0,0,1,0,1,0,1711236600,8043,0,0,0,0,0,-1,2,1,3,2,2,1,5,3,1,1,0,0,2,0,1,45,28,110,118,1.2,0.88,2.09,0,0,0,0,0,0,1,1,0,0,0,0,0,0,1,5,2,-1,-1,-1,-1,-1,-1,0,0,0,25,50,0,50,25,0,10.0,4.0,4.5,0.75,/clubs/fc-cincinnati-8043,teams/usa-fc-cincinnati.png,FC Cincinnati,/clubs/new-york-city-fc-2,teams/usa-new-york-city-fc.png,New York City,1.47,0.95,1.0,0.0,2.0,0.75,100,100,100,75,50,50,50,50,1.43,0.85,2.28,/usa/new-york-city-fc-vs-fc-cincinnati-h2h-stats#7295295,10977,37,True,False,False,False,False,False,False,['57'],[]
MLS,2024,10977,7295296,17,698284,2024,complete,106200,5,-1,"['42', '64']",[],2,0,2,6,0,6,2,0,1,0,0,0,8,1,7,2,15,3,13,9,43,57,39547.0,21031.0,2339.0,,,1,0,1.7,3.8,5.0,1.04,1.22,1.66,2.7,5.0,10.0,4.2,2.2,1.45,1.17,1.67,2.1,2.55,1.44,5.0,1.14,1.17,1.2,2.15,2.25,2.38,4.75,1.95,2.65,4.33,0,0,1.19,1.29,1.52,1.85,2.3,3.85,3.05,2.3,1.84,1.52,1.42,9.0,3.4,1.55,10.0,2.8,3.0,8.0,1.33,2.5,6.0,17.0,3.25,1.5,1.13,1.03,1.18,1.83,3.75,9.0,4.5,1.83,1.25,1.07,0,0,0,0,2,1,0,1,0,1,1,1711236600,17,0,25,25,25,0,-1,2,1,2,0,4,0,2,4,0,0,1,0,0,1,1,53,40,95,92,1.89,0.56,2.45,0,0,0,0,0,0,1,1,0,0,0,0,0,0,1,3,2,-1,-1,-1,-1,-1,-1,25,25,25,25,25,25,25,25,25,8.5,4.5,7.0,1.25,/clubs/orlando-city-sc-17,teams/usa-orlando-city-sc.png,Orlando City,/clubs/austin-fc-698284,teams/usa-austin-fc.png,Austin,1.52,0.94,0.5,1.0,0.25,0.75,75,75,75,75,75,100,50,25,1.79,0.43,2.22,/usa/orlando-city-sc-vs-austin-fc-h2h-stats#7295296,10977,34,True,True,False,False,False,False,False,"['42', '64']",[]
MLS,2024,10977,7295297,19,1016,2024,complete,106200,5,-1,"['35', '71']",[],2,0,2,7,7,14,1,1,1,0,0,0,9,3,9,3,18,6,13,9,46,54,49928.0,10856.0,40852.0,,,1,0,2.25,3.2,3.3,1.04,1.2,1.66,2.55,4.5,10.0,4.33,2.2,1.5,1.2,1.53,2.38,3.25,1.29,4.1,1.2,1.36,1.25,1.62,2.75,2.3,3.4,2.45,2.62,3.1,0,0,1.28,1.52,1.88,2.38,3.15,3.1,2.3,1.81,1.48,1.27,1.78,7.5,2.38,1.73,10.0,2.2,4.5,6.0,1.3,2.5,6.0,17.0,3.4,1.5,1.13,1.03,1.17,1.8,3.5,8.0,5.0,1.91,1.29,1.08,0,0,0,0,2,1,0,1,0,1,1,1711236600,19,0,0,0,0,0,-1,2,1,3,0,4,7,3,11,1,0,0,0,1,0,1,68,40,122,97,2.26,0.89,3.15,0,0,0,0,0,0,1,1,0,0,0,0,0,0,1,2,5,-1,-1,-1,-1,-1,-1,0,0,0,0,100,0,50,50,0,8.0,5.0,4.0,1.0,/clubs/toronto-fc-19,teams/canada-toronto-fc.png,Toronto,/clubs/atlanta-united-fc-1016,teams/usa-atlanta-united-fc.png,Atlanta United FC,1.24,1.05,3.0,0.0,1.75,2.0,100,100,100,100,0,50,50,50,0.91,0.89,1.8,/usa/toronto-fc-vs-atlanta-united-fc-h2h-stats#7295297,10977,34,True,True,False,False,False,False,False,"['35', '71']",[]
MLS,2024,10977,7295298,8,10,2024,complete,106200,5,-1,"['34', '45+3']","['72', '75', '80']",2,3,5,6,11,17,0,3,2,1,0,0,9,7,6,2,15,9,11,7,48,52,14034.0,18.0,2.0,,,2,1,1.91,3.8,3.8,1.03,1.17,1.57,2.32,4.2,11.0,5.0,2.25,1.6,1.22,1.53,2.38,3.2,1.3,5.25,1.14,1.28,1.25,1.85,2.4,2.4,4.0,2.1,2.75,3.6,0,0,1.22,1.43,1.76,2.2,2.85,3.5,2.5,1.93,1.57,1.33,1.63,8.0,2.65,1.53,11.0,2.5,3.8,7.0,1.29,2.25,5.5,15.0,3.5,1.57,1.14,1.03,1.14,1.73,3.4,8.0,5.5,2.0,1.3,1.08,0,0,0,0,5,2,0,0,3,3,2,1711240200,10,0,100,25,50,0,-1,2,1,6,3,0,8,9,8,0,0,2,1,0,3,1,61,45,136,88,2.03,1.39,3.42,0,0,0,0,0,0,1,1,0,0,0,0,0,0,1,13,15,-1,-1,-1,-1,-1,-1,0,50,75,100,100,50,75,75,50,10.5,3.0,4.0,3.25,/clubs/sporting-kansas-city-8,teams/usa-sporting-kansas-city.png,Sporting KC,/clubs/la-galaxy-10,teams/usa-la-galaxy.png,LA Galaxy,1.29,1.39,2.0,2.0,1.5,1.5,100,50,25,0,0,75,50,50,1.26,1.51,2.77,/usa/sporting-kansas-city-vs-la-galaxy-h2h-stats#7295298,10977,34,True,True,True,True,True,False,True,"['34', '45+3']","['72', '75', '80']"
MLS,2024,10977,7295299,945555,13401,2024,complete,106200,5,-1,"['19', '70']","['20', '38']",2,2,4,6,0,6,3,2,4,4,0,0,5,3,5,3,10,6,14,18,57,43,19955.0,36880.0,13006.0,,,4,4,2.0,3.5,3.5,1.02,1.22,1.7,2.75,5.0,15.0,4.2,2.14,1.44,1.16,1.62,2.2,3.0,1.34,4.4,1.18,1.31,1.26,1.77,2.6,2.3,4.0,2.25,2.6,3.5,0,0,1.29,1.54,1.9,2.4,3.15,3.05,2.25,1.79,1.47,1.27,1.67,7.5,2.6,1.62,10.0,2.4,3.9,6.25,1.33,2.5,6.5,19.0,3.25,1.5,1.11,1.02,1.18,1.83,3.75,9.0,4.5,1.83,1.25,1.07,0,0,0,0,4,1,2,1,0,1,3,1711240200,-1,0,50,0,50,0,-1,2,1,4,0,2,0,4,2,1,1,3,3,2,6,1,48,33,132,101,1.35,0.84,2.19,1,0,1,0,0,0,1,1,0,0,2,0,0,0,1,26,25,-1,-1,-1,-1,-1,-1,0,25,25,75,75,0,50,75,50,13.0,4.0,6.0,2.0,/clubs/st-louis-city-sc-945555,teams/usa-st-louis-city-sc.png,St. Louis City,/clubs/dc-united-13401,teams/usa-dc-united.png,DC United,1.53,1.35,2.0,1.0,1.5,1.25,100,75,75,25,25,75,75,75,1.36,1.55,2.91,/usa/dc-united-vs-st-louis-city-sc-h2h-stats#7295299,10977,34,True,True,True,True,False,False,True,"['19', '70']","['20', '38']"
MLS,2024,10977,7295300,12,6,2024,complete,106200,5,-1,[],['90+6'],0,1,1,6,0,6,3,4,1,1,0,0,3,2,2,4,5,6,15,9,47,53,65833.0,11435.0,20.0,,,1,1,2.2,3.3,3.3,1.07,1.33,1.96,3.5,6.5,7.5,3.25,1.82,1.29,1.1,1.91,1.91,2.65,1.41,3.4,1.27,1.33,1.25,1.7,2.88,2.1,4.0,2.5,2.35,3.4,0,0,1.33,1.61,2.02,2.6,3.5,2.85,2.12,1.68,1.38,1.22,1.75,7.5,2.43,1.73,8.5,2.4,3.4,5.0,1.44,3.25,9.0,26.0,2.63,1.33,1.07,1.01,1.25,2.2,5.0,13.0,3.75,1.62,1.17,1.04,0,0,0,0,1,0,0,0,1,1,0,1711243800,6,0,50,0,50,0,-1,2,1,3,0,3,0,3,3,0,0,1,1,0,2,1,81,17,136,60,1.13,0.65,1.78,0,0,0,0,0,0,1,1,0,0,1,0,0,0,1,24,21,-1,-1,-1,-1,-1,-1,0,0,0,50,50,0,0,50,50,1.0,2.0,1.0,1.0,/clubs/colorado-rapids-12,teams/usa-colorado-rapids.png,Colorado Rapids,/clubs/houston-dynamo-6,teams/usa-houston-dynamo.png,Houston Dynamo,1.83,1.5,1.0,0.0,1.25,1.33,50,50,50,0,0,0,0,0,0.93,0.0,0.93,/usa/houston-dynamo-vs-colorado-rapids-h2h-stats#7295300,10977,36,True,False,False,False,False,False,False,[],['90+6']
MLS,2024,10977,7295301,6490,677447,2024,complete,106200,5,-1,"['9', '18', '48', '74', '90+5']",[],5,0,5,7,4,11,1,2,4,2,0,1,12,2,10,1,22,3,14,6,44,56,45862.0,39588.0,24795.0,,,4,4,1.53,4.0,6.0,1.05,1.22,1.78,2.75,5.0,9.0,4.0,2.0,1.4,1.14,1.95,1.8,2.15,1.6,5.25,1.13,1.11,1.22,2.45,2.1,2.3,6.0,1.83,2.65,5.0,0,0,1.3,1.57,1.95,2.48,3.3,2.95,2.2,1.74,1.44,1.25,1.42,8.5,3.5,1.36,9.5,3.4,2.45,9.5,1.36,2.63,7.0,21.0,3.0,1.44,1.1,1.02,1.22,2.0,4.33,11.0,4.0,1.73,1.2,1.05,0,0,0,0,5,2,0,3,0,3,2,1711247400,6490,0,75,0,75,0,-1,2,1,2,3,5,1,5,6,2,2,2,1,4,3,1,61,32,91,118,2.66,0.59,3.24,1,0,1,0,0,0,1,1,1,0,1,0,0,1,1,24,15,-1,-1,-1,1,0,1,0,0,25,75,75,0,25,75,75,8.5,3.0,2.0,1.75,/clubs/los-angeles-fc-6490,teams/usa-los-angeles-fc.png,Los Angeles FC,/clubs/nashville-sc-mls-677447,teams/usa-nashville-sc-mls.png,Nashville SC,2.15,0.88,2.0,1.0,1.0,1.5,100,100,75,25,25,25,25,25,1.55,0.87,2.42,/usa/los-angeles-fc-vs-nashville-sc-mls-h2h-stats#7295301,10977,34,True,True,True,True,True,False,False,"['9', '18', '48', '74', '90+5']",[]
MLS,2024,10977,7295302,20,16,2024,complete,106200,5,-1,['80'],"['28', '58', '67']",1,3,4,4,5,9,0,2,1,4,0,0,6,7,9,6,15,13,14,19,72,28,40876.0,28121.0,12.0,,,1,4,2.25,3.5,3.0,1.04,1.22,1.73,2.75,4.75,10.0,4.0,2.08,1.4,1.15,1.62,2.2,3.1,1.31,4.1,1.2,1.35,1.25,1.67,2.75,2.25,3.6,2.4,2.55,3.2,0,0,1.29,1.55,1.93,2.45,3.25,3.0,2.23,1.76,1.45,1.26,1.75,7.5,2.4,1.67,9.5,2.3,3.9,5.8,1.33,2.63,6.5,19.0,3.25,1.44,1.11,1.02,1.18,1.83,3.75,10.0,4.5,1.83,1.25,1.06,0,0,0,0,4,0,1,1,2,3,1,1711247400,16,0,100,0,50,0,-1,2,1,4,3,0,2,7,2,1,2,0,2,3,2,1,67,34,140,85,1.86,1.56,3.42,0,0,0,0,0,0,1,1,0,0,0,0,0,0,1,25,18,-1,-1,-1,-1,-1,-1,25,75,75,100,100,25,100,100,50,7.5,5.0,6.5,3.75,/clubs/portland-timbers-20,teams/usa-portland-timbers.png,Portland Timbers,/clubs/philadelphia-union-16,teams/usa-philadelphia-union.png,Philadelphia Union,1.88,1.18,2.0,1.0,1.75,1.0,75,25,25,0,0,75,50,25,1.0,1.35,2.35,/usa/philadelphia-union-vs-portland-timbers-h2h-stats#7295302,10977,34,True,True,True,True,False,False,True,['80'],"['28', '58', '67']"
MLS,2024,10977,7295303,15,18,2024,complete,106200,5,-1,"['42', '43', '82']","['72', '81']",3,2,5,2,8,10,2,0,2,2,0,0,7,6,4,6,11,12,18,17,40,60,66434.0,12956.0,25.0,,,2,2,2.6,3.2,2.7,1.06,1.34,2.0,3.76,7.5,8.25,3.34,1.73,1.28,1.08,1.8,1.95,3.0,1.33,3.0,1.33,1.44,1.33,1.44,3.25,2.1,3.4,2.88,2.35,2.88,0,0,1.2,1.38,1.67,2.08,2.65,3.7,2.65,2.04,1.64,1.38,1.86,7.5,2.2,1.91,8.0,2.1,4.4,4.0,1.44,3.25,9.0,26.0,2.63,1.33,1.07,1.01,1.25,2.2,5.0,13.0,3.75,1.62,1.17,1.04,0,0,0,0,5,2,0,1,2,3,2,1711247400,15,0,75,0,75,0,-1,2,1,2,3,0,5,5,5,0,0,2,2,0,4,1,34,57,81,119,1.43,1.6,3.03,0,1,0,1,0,0,1,1,0,0,0,2,0,0,1,19,18,-1,-1,-1,1,1,0,0,25,75,100,100,25,75,100,100,11.0,0.5,5.0,3.0,/clubs/san-jose-earthquakes-15,teams/usa-san-jose-earthquakes.png,SJ Earthquakes,/clubs/seattle-sounders-fc-18,teams/usa-seattle-sounders-fc.png,Seattle Sounders,0.76,1.5,0.0,0.0,0.0,0.67,100,75,25,0,0,50,50,50,1.05,1.52,2.57,/usa/san-jose-earthquakes-vs-seattle-sounders-fc-h2h-stats#7295303,10977,34,True,True,True,True,True,False,True,"['42', '43', '82']","['72', '81']"
MLS,2024,10977,7295304,5,20,2024,complete,106200,6,-1,"['2', '29', '87']","['52', '77']",3,2,5,1,0,1,3,1,2,0,0,0,5,4,7,5,12,9,14,6,44,56,3.0,41087.0,28121.0,,,2,0,1.75,3.7,3.7,1.01,1.19,1.61,2.65,5.0,14.0,4.6,2.2,1.47,1.17,1.62,2.2,2.88,1.36,5.0,1.13,1.25,1.26,2.0,2.38,2.38,4.33,2.1,2.75,3.75,0,0,1.28,1.5,1.88,2.35,3.1,3.1,2.3,1.81,1.48,1.27,1.58,8.0,2.8,1.53,10.0,2.6,3.45,7.5,1.3,2.5,6.0,17.0,3.4,1.5,1.13,1.03,1.17,1.83,3.75,9.0,5.0,1.83,1.25,1.07,0,0,0,0,5,2,0,1,2,3,2,1711852200,5,0,75,25,0,0,-1,2,1,1,0,0,0,1,0,0,0,2,0,0,2,1,36,50,89,137,1.37,1.23,2.6,0,0,0,0,0,0,1,1,1,0,0,0,0,0,1,10,22,-1,-1,-1,-1,-1,-1,0,0,50,75,100,25,100,50,50,8.0,2.0,3.0,2.25,/clubs/vancouver-whitecaps-fc-5,teams/canada-vancouver-whitecaps-fc.png,Vancouver Whitecaps,/clubs/portland-timbers-20,teams/usa-portland-timbers.png,Portland Timbers,1.47,0.83,0.5,1.5,1.75,1.4,100,100,50,25,0,50,50,25,1.16,1.07,2.23,/usa/vancouver-whitecaps-fc-vs-portland-timbers-h2h-stats#7295304,10977,35,True,True,True,True,True,False,True,"['2', '29', '87']","['52', '77']"
MLS,2024,10977,7295305,16,1015,2024,complete,106200,6,-1,"['16', '84']",[],2,0,2,8,3,11,5,2,2,1,0,0,4,5,4,0,8,5,6,12,46,54,65601.0,12.0,25056.0,,,2,1,1.73,3.8,4.2,1.03,1.19,1.61,2.38,4.58,18.0,4.94,2.32,1.53,1.21,1.57,2.25,2.9,1.36,5.25,1.12,1.24,1.24,2.02,2.3,2.4,4.33,2.08,2.79,3.94,0,0,1.26,1.49,1.84,2.3,3.0,3.2,2.35,1.85,1.5,1.3,1.56,8.0,2.9,1.59,17.0,2.47,3.5,8.0,1.29,2.38,5.5,15.0,3.5,1.53,1.14,1.03,1.13,1.72,3.15,7.0,4.4,1.9,1.27,1.08,0,0,0,0,2,1,0,1,0,1,1,1711821600,16,0,100,25,100,0,-1,2,1,3,1,5,2,4,7,0,0,2,1,0,3,1,47,46,89,99,1.13,1.01,2.14,0,0,0,0,0,0,1,1,0,0,0,0,0,0,1,20,23,-1,-1,-1,-1,-1,-1,25,75,100,100,100,25,100,100,100,20.0,6.5,5.0,4.0,/clubs/philadelphia-union-16,teams/usa-philadelphia-union.png,Philadelphia Union,/clubs/minnesota-united-fc-1015,teams/usa-minnesota-united-fc.png,Minnesota United,1.0,1.47,1.0,3.0,1.5,2.5,75,25,0,0,0,100,100,100,1.82,1.63,3.45,/usa/philadelphia-union-vs-minnesota-united-fc-h2h-stats#7295305,10977,34,True,True,False,False,False,False,False,"['16', '84']",[]
MLS,2024,10977,7295306,12,6490,2024,complete,106200,6,-1,"['38', '83', '89']","['8', '76']",3,2,5,8,4,12,-1,-1,3,3,0,1,5,8,5,5,10,13,8,10,57,43,7.0,11435.0,39588.0,,,3,4,3.4,3.4,1.91,1.05,1.28,1.73,3.22,6.31,13.0,3.8,1.91,1.36,1.13,1.7,2.05,3.8,1.22,3.0,1.33,1.63,1.3,1.39,3.6,2.2,2.88,3.28,2.53,2.55,0,0,1.32,1.58,1.98,2.5,3.4,2.9,2.17,1.71,1.42,1.23,2.12,7.5,1.94,2.2,9.7,1.87,5.25,3.95,1.36,2.75,7.0,21.0,3.0,1.4,1.1,1.02,1.18,1.9,3.8,8.0,3.8,1.7,1.18,1.06,0,0,0,0,5,1,1,2,1,3,2,1711828800,12,0,25,0,25,0,-1,2,1,4,4,4,0,8,4,1,1,2,3,2,5,1,78,35,129,71,1.55,1.63,3.19,0,0,0,0,0,0,1,1,0,1,0,2,0,0,1,18,22,-1,-1,-1,-1,-1,-1,0,0,25,75,100,25,50,75,25,11.0,6.5,3.5,2.0,/clubs/colorado-rapids-12,teams/usa-colorado-rapids.png,Colorado Rapids,/clubs/los-angeles-fc-6490,teams/usa-los-angeles-fc.png,Los Angeles FC,1.83,1.5,0.5,0.0,1.0,1.4,100,100,75,25,0,50,50,25,1.03,1.19,2.22,/usa/colorado-rapids-vs-los-angeles-fc-h2h-stats#7295306,10977,36,True,True,True,True,True,False,True,"['38', '83', '89']","['8', '76']"
MLS,2024,10977,7295307,711351,8043,2024,complete,106200,6,-1,['59'],['90+2'],1,1,2,3,5,8,1,3,2,3,0,0,3,5,9,8,12,13,6,11,38,62,69.0,404.0,40182.0,,,2,3,2.25,3.1,2.87,1.06,1.31,1.95,3.33,6.45,11.5,3.52,1.7,1.33,1.12,1.75,2.0,2.88,1.36,3.6,1.25,1.33,1.32,1.52,2.88,2.2,3.75,2.51,2.47,3.46,0,0,1.33,1.61,2.02,2.6,3.5,2.8,2.12,1.68,1.4,1.22,1.73,7.5,2.45,1.77,9.0,2.25,3.6,5.25,1.4,2.75,8.0,21.0,2.75,1.4,1.08,1.02,1.2,2.0,4.0,10.0,3.6,1.65,1.16,1.04,0,0,0,0,2,0,0,1,1,2,0,1711841400,-1,0,50,25,25,0,-1,2,1,3,2,0,3,5,3,0,0,2,3,0,5,1,44,47,80,96,1.29,1.51,2.8,1,0,1,0,0,0,1,1,0,0,0,0,0,0,1,7,2,-1,-1,-1,-1,-1,-1,0,0,50,75,100,25,50,75,50,8.5,5.5,8.5,2.25,/clubs/charlotte-fc-711351,teams/usa-charlotte-fc.png,Charlotte,/clubs/fc-cincinnati-8043,teams/usa-fc-cincinnati.png,FC Cincinnati,1.83,1.94,3.0,3.0,1.4,2.2,100,100,50,25,0,50,50,25,1.28,1.52,2.8,/usa/fc-cincinnati-vs-charlotte-fc-h2h-stats#7295307,10977,37,True,True,False,False,False,False,True,['59'],['90+2']
MLS,2024,10977,7295308,13401,1,2024,complete,106200,6,-1,['84'],[],1,0,1,9,8,17,2,0,2,3,0,0,6,2,7,3,13,5,10,12,44,56,13851.0,13006.0,44644.0,,,2,3,1.73,3.6,3.9,1.04,1.23,1.7,2.79,5.1,15.25,4.18,1.95,1.45,1.17,1.7,2.05,2.6,1.44,5.0,1.13,1.2,1.18,2.05,2.3,2.3,4.75,2.05,2.69,4.3,0,0,1.29,1.54,1.92,2.45,3.25,3.0,2.23,1.77,1.45,1.25,1.55,8.0,2.95,1.57,11.0,2.55,3.0,7.0,1.33,2.5,6.5,19.0,3.25,1.5,1.11,1.02,1.16,1.82,3.5,8.5,4.0,1.78,1.22,1.05,0,0,0,0,1,0,0,1,0,1,0,1711841400,13401,0,88,50,50,0,-1,2,1,5,5,4,3,10,7,0,1,2,2,1,4,1,70,35,142,69,1.76,0.72,2.47,0,0,0,0,0,0,1,1,0,0,0,1,0,0,1,5,1,-1,-1,-1,-1,-1,-1,25,75,88,88,88,50,88,88,75,9.75,3.0,7.25,3.88,/clubs/dc-united-13401,teams/usa-dc-united.png,DC United,/clubs/montreal-impact-1,teams/canada-montreal-impact.png,Montreal Impact,1.0,0.82,1.5,1.75,1.2,1.75,75,25,13,13,13,75,75,50,1.77,1.11,2.88,/usa/montreal-impact-vs-dc-united-h2h-stats#7295308,10977,34,True,False,False,False,False,False,False,['84'],[]
MLS,2024,10977,7295309,677446,2,2024,complete,106200,6,-1,['14'],['34'],1,1,2,7,2,9,2,0,4,2,0,0,6,3,9,5,15,8,12,12,56,44,45125.0,647.0,27505.0,,,4,2,1.85,3.4,3.5,1.02,1.19,1.61,2.61,4.7,10.0,3.98,2.05,1.41,1.14,1.67,2.1,2.7,1.4,5.0,1.13,1.22,1.25,2.08,2.3,2.3,4.5,2.0,2.71,4.0,0,0,1.28,1.53,1.9,2.43,3.2,3.05,2.25,1.78,1.46,1.26,1.56,7.5,2.95,1.56,14.75,2.61,3.25,7.5,1.33,2.5,6.5,19.0,3.25,1.5,1.11,1.02,1.18,1.92,3.82,7.5,4.45,1.83,1.24,1.06,0,0,0,0,2,1,1,0,0,0,2,1711841400,-1,0,17,0,17,0,-1,2,1,3,1,4,1,4,5,0,1,4,1,1,5,1,73,23,124,85,1.9,0.89,2.79,0,0,0,0,0,0,1,1,0,0,1,0,0,0,1,4,5,-1,-1,-1,-1,-1,-1,34,34,34,67,100,17,84,84,34,7.0,5.66,5.67,2.67,/clubs/club-internacional-de-futbol-miami-677446,teams/usa-club-internacional-de-futbol-miami.png,Inter Miami,/clubs/new-york-city-fc-2,teams/usa-new-york-city-fc.png,New York City,2.11,0.95,2.0,0.0,1.67,0.6,67,67,67,34,0,33,17,17,1.45,0.86,2.31,/usa/new-york-city-fc-vs-club-internacional-de-futbol-miami-h2h-stats#7295309,10977,37,True,True,False,False,False,False,True,['14'],['34']
MLS,2024,10977,7295310,17,4,2024,complete,106200,6,-1,['89'],['21'],1,1,2,7,2,9,1,1,1,3,0,0,3,2,7,3,10,5,6,14,65,35,13864.0,21031.0,1313.0,,,1,3,2.37,3.0,2.75,1.07,1.35,2.0,3.7,7.35,9.75,3.22,1.67,1.28,1.09,1.8,1.95,2.9,1.36,3.3,1.29,1.37,1.35,1.45,3.1,2.05,3.6,2.73,2.39,3.24,0,0,1.35,1.64,2.07,2.65,3.6,2.75,2.08,1.65,1.37,1.21,1.86,7.5,2.25,1.9,7.8,2.15,4.0,5.0,1.44,3.25,9.0,26.0,2.63,1.33,1.07,1.01,1.23,2.1,4.4,12.0,3.4,1.58,1.13,1.01,0,0,0,0,2,0,1,1,0,1,1,1711841400,-1,0,33,33,17,0,-1,2,1,5,0,2,2,5,4,0,2,1,1,2,2,1,83,29,122,104,1.45,0.68,2.13,0,1,0,1,0,0,1,1,0,0,1,0,0,0,1,5,0,-1,-1,-1,-1,-1,-1,17,17,50,67,67,33,67,67,33,12.0,4.33,3.67,2.17,/clubs/orlando-city-sc-17,teams/usa-orlando-city-sc.png,Orlando City,/clubs/new-york-red-bulls-4,teams/usa-new-york-red-bulls.png,New York RB,1.52,1.33,1.33,1.33,0.8,2.0,84,84,50,33,33,50,50,33,1.82,1.16,2.98,/usa/new-york-red-bulls-vs-orlando-city-sc-h2h-stats#7295310,10977,39,True,True,False,False,False,False,True,['89'],['21']
MLS,2024,10977,7295311,19,8,2024,complete,106200,6,-1,['90+7'],"['57', '64', '83']",1,3,4,5,4,9,5,1,2,2,0,0,2,10,6,5,8,15,12,11,62,38,5016.0,10856.0,18.0,,,2,2,2.45,3.1,2.6,1.05,1.3,1.85,3.3,6.5,9.8,3.5,1.8,1.33,1.11,1.7,2.12,3.2,1.3,3.4,1.29,1.46,1.32,1.55,3.0,2.23,3.2,2.75,2.55,2.95,0,0,1.32,1.58,1.98,2.5,3.35,2.9,2.17,1.72,1.42,1.24,1.9,7.0,2.2,2.0,8.5,2.05,4.5,4.75,1.3,2.55,7.0,23.0,2.95,1.41,1.09,1.01,1.19,2.08,4.5,12.5,4.0,1.7,1.16,1.04,0,0,0,0,4,0,0,1,3,4,0,1711841400,8,0,25,0,25,0,-1,2,1,5,3,0,1,8,1,0,1,2,1,1,3,1,55,29,156,116,1.07,1.87,2.94,0,0,0,0,0,0,1,1,0,0,1,1,0,0,1,1,7,-1,-1,-1,-1,-1,-1,0,0,0,50,75,0,25,75,25,12.0,2.5,4.5,1.25,/clubs/toronto-fc-19,teams/canada-toronto-fc.png,Toronto,/clubs/sporting-kansas-city-8,teams/usa-sporting-kansas-city.png,Sporting KC,1.24,0.53,3.0,1.0,2.0,1.2,100,100,100,50,25,75,75,75,1.58,1.02,2.6,/usa/sporting-kansas-city-vs-toronto-fc-h2h-stats#7295311,10977,34,True,True,True,True,False,False,True,['90+7'],"['57', '64', '83']"
MLS,2024,10977,7295312,698284,13,2024,complete,106200,6,-1,"['54', '70']",['51'],2,1,3,4,2,6,4,1,3,2,0,0,5,4,5,3,10,7,13,13,67,33,13812.0,2339.0,21189.0,,,3,2,2.37,3.1,2.62,1.04,1.3,1.83,3.3,6.5,12.0,3.5,1.83,1.33,1.11,1.7,2.05,3.2,1.3,3.6,1.25,1.36,1.27,1.5,3.1,2.2,3.5,2.63,2.5,3.0,0,0,1.32,1.58,1.97,2.5,3.4,2.9,2.17,1.72,1.42,1.23,1.87,7.5,2.23,1.8,9.0,2.2,4.2,5.0,1.4,2.75,8.0,21.0,2.75,1.4,1.08,1.02,1.22,2.0,4.33,11.0,4.0,1.73,1.2,1.05,0,0,0,0,3,0,0,2,1,3,0,1711845000,698284,0,100,0,100,0,-1,2,1,1,1,3,1,2,4,1,1,2,1,2,3,1,69,20,111,74,1.49,0.88,2.36,0,0,0,0,0,0,1,1,0,0,0,0,0,0,1,24,17,-1,-1,-1,-1,-1,-1,0,34,100,100,100,0,100,100,100,5.67,2.0,4.0,3.34,/clubs/austin-fc-698284,teams/usa-austin-fc.png,Austin,/clubs/fc-dallas-13,teams/usa-fc-dallas.png,FC Dallas,1.53,0.53,0.67,0.0,0.6,0.75,100,67,0,0,0,50,50,34,0.82,0.84,1.66,/usa/fc-dallas-vs-austin-fc-h2h-stats#7295312,10977,34,True,True,True,False,False,False,True,"['54', '70']",['51']
MLS,2024,10977,7295313,6,15,2024,complete,106200,6,-1,"['81', '84']",['1'],2,1,3,10,1,11,1,0,2,4,0,2,8,2,3,0,11,2,13,10,81,19,13967.0,20.0,12956.0,,,2,7,1.8,3.4,3.75,1.05,1.3,1.85,3.5,6.5,9.6,3.4,1.75,1.3,1.1,1.8,1.95,2.4,1.5,4.33,1.18,1.15,1.21,2.0,2.5,2.2,4.75,2.1,2.55,4.0,0,0,1.26,1.48,1.83,2.3,3.0,3.25,2.35,1.86,1.5,1.29,1.82,7.5,2.28,1.53,8.5,2.75,2.95,7.0,1.4,3.0,8.0,23.0,2.75,1.36,1.08,1.01,1.22,2.1,4.5,13.0,4.0,1.67,1.18,1.04,0,0,0,0,3,0,1,2,0,2,1,1711845000,6,0,84,67,17,0,-1,2,1,4,1,6,0,5,6,1,2,1,4,3,5,1,120,20,163,37,2.13,0.42,2.55,0,0,0,0,0,0,1,1,0,1,0,1,0,1,1,25,18,-1,-1,-1,-1,-1,-1,0,0,67,84,100,67,84,59,17,7.0,4.0,4.33,2.5,/clubs/houston-dynamo-6,teams/usa-houston-dynamo.png,Houston Dynamo,/clubs/san-jose-earthquakes-15,teams/usa-san-jose-earthquakes.png,SJ Earthquakes,1.61,0.47,1.33,0.0,1.75,0.6,100,100,34,17,0,42,42,42,1.36,1.4,2.76,/usa/houston-dynamo-vs-san-jose-earthquakes-h2h-stats#7295313,10977,34,True,True,True,False,False,False,True,"['81', '84']",['1']
MLS,2024,10977,7295314,677447,9,2024,complete,106200,6,-1,"['45+3', '45+8']","['16', '79']",2,2,4,4,4,8,0,1,3,1,0,0,5,4,4,4,9,8,16,9,35,65,13889.0,24795.0,39282.0,,,3,1,2.87,3.25,2.15,1.04,1.28,1.8,3.1,6.0,12.0,3.75,1.85,1.36,1.12,1.7,2.05,3.8,1.22,3.2,1.3,1.56,1.26,1.32,3.6,2.2,2.88,3.1,2.55,2.5,0,0,1.3,1.57,1.97,2.5,3.35,2.95,2.18,1.73,1.43,1.24,2.18,7.5,1.9,2.25,9.5,1.73,5.25,4.0,1.36,2.75,7.0,21.0,3.0,1.4,1.1,1.02,1.22,2.0,4.33,11.0,4.0,1.73,1.2,1.05,0,0,0,0,4,2,1,0,1,1,3,1711845000,-1,0,59,17,42,0,-1,2,1,3,1,1,3,4,4,0,0,3,1,0,4,1,42,73,72,118,1.22,1.32,2.55,0,1,0,0,0,1,1,1,0,0,0,0,0,0,1,18,17,-1,-1,-1,-1,-1,-1,0,17,34,84,84,17,17,67,67,5.83,4.17,4.5,2.17,/clubs/nashville-sc-mls-677447,teams/usa-nashville-sc-mls.png,Nashville SC,/clubs/columbus-crew-9,teams/usa-columbus-crew.png,Columbus Crew,1.24,1.83,1.67,0.5,1.2,2.0,100,84,67,17,17,17,17,17,0.9,1.02,1.92,/usa/columbus-crew-vs-nashville-sc-mls-h2h-stats#7295314,10977,34,True,True,True,True,False,False,True,"['45+3', '45+8']","['16', '79']"
MLS,2024,10977,7295315,14,945555,2024,complete,106200,6,-1,"['70', '84', '90+1']",['3'],3,1,4,11,4,15,4,0,1,2,0,0,4,2,5,6,9,8,5,10,56,44,36.0,8.0,36880.0,,,1,2,1.91,3.5,3.3,1.02,1.2,1.6,2.65,4.75,15.0,4.5,2.1,1.47,1.18,1.57,2.25,3.0,1.33,4.75,1.15,1.3,1.22,1.9,2.5,2.38,4.0,2.2,2.75,3.6,0,0,1.27,1.5,1.86,2.35,3.1,3.15,2.33,1.83,1.49,1.28,1.63,7.5,2.65,1.57,10.0,2.5,3.7,6.5,1.3,2.5,6.0,17.0,3.4,1.5,1.13,1.03,1.17,1.83,3.75,9.0,5.0,1.83,1.25,1.07,0,0,0,0,4,0,1,3,0,3,1,1711848600,14,0,75,50,50,0,-1,2,1,4,3,7,1,7,8,1,1,0,1,2,1,1,61,29,102,91,1.3,0.87,2.16,1,0,1,0,0,0,1,1,0,1,0,0,0,0,1,31,14,-1,-1,-1,-1,-1,-1,25,50,100,100,100,75,100,75,50,11.0,4.5,6.5,4.0,/clubs/real-salt-lake-14,teams/usa-real-salt-lake.png,Real Salt Lake,/clubs/st-louis-city-sc-945555,teams/usa-st-louis-city-sc.png,St. Louis City,2.06,0.65,1.5,1.0,1.4,1.4,75,50,0,0,0,50,50,50,1.29,1.68,2.97,/usa/real-salt-lake-vs-st-louis-city-sc-h2h-stats#7295315,10977,34,True,True,True,True,False,False,True,"['70', '84', '90+1']",['3']
MLS,2024,10977,7295316,10,18,2024,complete,106200,6,-1,['4'],[],1,0,1,4,6,10,-1,-1,0,3,0,0,2,2,3,8,5,10,9,7,46,54,31.0,2.0,25.0,,,0,3,1.91,3.4,3.3,1.01,1.2,1.7,2.55,4.4,10.5,3.9,1.95,1.45,1.16,1.62,2.2,2.9,1.36,4.5,1.17,1.29,1.29,1.85,2.5,2.3,4.0,2.2,2.7,3.6,0,0,1.29,1.55,1.92,2.45,3.3,3.05,2.23,1.76,1.45,1.25,1.67,7.5,2.6,1.57,9.5,2.5,3.6,6.5,1.33,2.5,6.5,19.0,3.25,1.5,1.11,1.02,1.18,1.83,3.75,10.0,4.5,1.83,1.25,1.06,0,0,0,0,1,1,0,0,0,0,1,1711852200,10,0,100,25,100,0,-1,2,1,0,3,4,3,3,7,0,0,0,3,0,3,1,56,92,91,136,0.87,1.44,2.31,0,0,0,0,0,0,1,1,1,0,0,0,0,0,1,20,29,-1,-1,-1,-1,-1,-1,50,50,75,100,100,50,75,100,100,8.5,1.0,5.5,4.0,/clubs/la-galaxy-10,teams/usa-la-galaxy.png,LA Galaxy,/clubs/seattle-sounders-fc-18,teams/usa-seattle-sounders-fc.png,Seattle Sounders,2.57,1.5,1.0,0.0,1.8,0.5,50,50,25,0,0,50,25,0,1.85,1.56,3.41,/usa/la-galaxy-vs-seattle-sounders-fc-h2h-stats#7295316,10977,38,True,False,False,False,False,False,False,['4'],[]
MLS,2024,10977,7295317,1016,7,2024,complete,106200,6,-1,"['45', '64', '90+5']",[],3,0,3,3,4,7,2,2,2,1,0,1,7,3,7,4,14,7,5,4,51,49,19912.0,40852.0,21081.0,,,2,3,1.79,4.04,4.08,1.03,1.18,1.55,2.33,4.22,18.5,4.95,2.35,1.53,1.23,1.57,2.25,2.9,1.36,5.5,1.11,1.23,1.25,2.05,2.25,2.4,4.33,2.0,2.85,4.0,0,0,1.25,1.48,1.83,2.32,3.0,3.25,2.38,1.86,1.5,1.29,1.55,8.0,2.9,1.5,19.0,2.63,3.4,8.0,1.29,2.25,5.5,15.0,3.5,1.57,1.14,1.03,1.17,1.73,3.4,8.0,5.0,2.0,1.3,1.08,0,0,0,0,3,1,0,2,0,2,1,1711914300,1016,0,75,17,59,0,-1,2,1,3,1,0,3,4,3,0,0,2,2,0,4,1,62,54,102,101,1.82,1.05,2.87,0,0,0,0,0,0,1,1,0,0,0,0,0,0,1,24,19,-1,-1,-1,-1,-1,-1,25,42,59,100,100,17,84,84,59,7.67,1.67,5.17,3.25,/clubs/atlanta-united-fc-1016,teams/usa-atlanta-united-fc.png,Atlanta United FC,/clubs/chicago-fire-7,teams/usa-chicago-fire.png,Chicago Fire,1.39,0.65,3.0,0.67,1.5,1.0,75,59,42,0,0,59,59,59,1.84,0.9,2.74,/usa/chicago-fire-vs-atlanta-united-fc-h2h-stats#7295317,10977,34,True,True,True,False,False,False,False,"['45', '64', '90+5']",[]
MLS,2024,10977,7295318,5,19,2024,complete,106200,7,-1,"['6', '29', '81', '89']",[],4,0,4,5,5,10,2,0,2,5,0,0,6,3,7,0,13,3,11,18,50,50,13851.0,41087.0,10856.0,,,2,5,1.58,3.69,4.5,1.01,1.2,1.62,2.7,4.75,14.0,4.33,2.11,1.45,1.17,1.7,2.05,2.55,1.45,5.5,1.11,1.12,1.19,2.15,2.2,2.38,5.0,1.91,2.8,4.5,0,0,1.28,1.53,1.8,2.4,3.2,3.05,2.25,1.91,1.47,1.26,1.48,8.5,3.2,1.44,10.0,3.0,3.0,8.0,1.3,2.5,6.0,17.0,3.4,1.5,1.13,1.03,1.18,1.83,3.75,10.0,4.5,1.83,1.25,1.06,0,0,0,0,4,2,0,2,0,2,2,1712446200,5,0,67,33,17,0,-1,2,1,3,3,2,2,6,4,0,1,2,4,1,6,1,41,58,74,126,1.54,0.84,2.38,0,0,0,0,0,0,1,1,1,0,0,1,0,0,1,5,5,-1,-1,-1,-1,-1,-1,17,17,50,67,84,50,84,50,34,4.66,4.67,5.66,2.33,/clubs/vancouver-whitecaps-fc-5,teams/canada-vancouver-whitecaps-fc.png,Vancouver Whitecaps,/clubs/toronto-fc-19,teams/canada-toronto-fc.png,Toronto,1.47,0.94,1.33,1.33,2.0,1.67,84,84,50,34,17,67,67,34,1.23,0.79,2.02,/usa/vancouver-whitecaps-fc-vs-toronto-fc-h2h-stats#7295318,10977,34,True,True,True,True,False,False,False,"['6', '29', '81', '89']",[]
MLS,2024,10977,7295319,8043,4,2024,complete,106200,7,-1,['3'],"['19', '60']",1,2,3,8,8,16,4,0,3,2,0,0,4,5,3,4,7,9,19,16,54,46,36.0,40182.0,1313.0,,,3,2,2.08,3.19,3.24,1.06,1.36,1.97,3.75,7.5,10.0,3.2,1.72,1.25,1.08,1.8,1.95,2.6,1.44,3.4,1.29,1.33,1.25,1.72,2.88,2.1,4.0,2.5,2.45,3.4,0,0,1.36,1.65,2.06,2.65,3.6,3.04,2.07,1.65,1.42,1.22,1.96,8.6,2.14,1.67,7.8,2.4,3.55,5.5,1.44,3.25,9.0,26.0,2.63,1.33,1.07,1.01,1.25,2.2,5.0,13.0,3.75,1.62,1.17,1.04,0,0,0,0,3,1,1,0,1,1,2,1712446200,4,0,25,13,0,0,-1,2,1,3,6,5,2,9,7,2,0,1,2,2,3,1,41,46,104,102,1.03,1.26,2.29,0,1,0,0,0,1,1,1,1,0,0,1,0,0,1,8,5,-1,-1,-1,-1,-1,-1,0,0,25,38,54,13,38,54,13,9.75,3.92,3.25,1.17,/clubs/fc-cincinnati-8043,teams/usa-fc-cincinnati.png,FC Cincinnati,/clubs/new-york-red-bulls-4,teams/usa-new-york-red-bulls.png,New York RB,1.47,1.33,1.67,1.25,2.0,1.83,100,100,75,63,46,75,46,46,1.36,1.04,2.4,/usa/new-york-red-bulls-vs-fc-cincinnati-h2h-stats#7295319,10977,37,True,True,True,False,False,False,True,['3'],"['19', '60']"
MLS,2024,10977,7295320,9,13401,2024,complete,106200,7,-1,['87'],['61'],1,1,2,2,3,5,5,2,1,2,1,0,4,3,5,4,9,7,7,19,68,32,84.0,39282.0,13006.0,,,3,2,1.61,3.89,4.48,1.01,1.18,1.52,2.31,4.33,18.0,4.75,2.31,1.54,1.2,1.62,2.2,2.75,1.4,6.0,1.1,1.16,1.18,2.35,2.1,2.5,4.75,1.91,2.9,4.5,0,0,1.25,1.48,1.8,2.36,3.18,3.42,2.47,1.9,1.52,1.28,1.39,10.25,3.62,1.4,13.0,2.88,3.2,8.0,1.29,2.38,5.5,15.0,3.5,1.53,1.14,1.03,1.17,1.8,3.5,8.0,5.0,1.91,1.29,1.08,0,0,0,0,2,0,0,1,1,2,0,1712446200,-1,0,50,17,33,0,-1,2,1,2,2,0,1,4,1,1,0,1,2,1,3,1,47,30,135,87,1.21,0.88,2.09,0,0,0,0,0,0,1,1,0,0,0,0,0,0,1,3,0,-1,-1,-1,-1,-1,-1,0,34,67,67,84,17,67,67,50,11.0,6.33,4.33,2.5,/clubs/columbus-crew-9,teams/usa-columbus-crew.png,Columbus Crew,/clubs/dc-united-13401,teams/usa-dc-united.png,DC United,1.89,1.35,3.0,1.0,1.83,1.5,100,67,33,33,17,50,50,50,1.59,1.32,2.91,/usa/columbus-crew-vs-dc-united-h2h-stats#7295320,10977,34,True,True,False,False,False,False,True,['87'],['61']
MLS,2024,10977,7295321,6490,10,2024,complete,106200,7,-1,"['4', '35']",['29'],2,1,3,6,4,10,1,1,4,0,0,0,9,4,8,7,17,11,20,7,32,68,13889.0,39588.0,2.0,,,4,0,1.65,3.82,3.81,1.01,1.14,1.42,2.08,3.6,19.5,5.5,2.59,1.67,1.28,1.5,2.5,3.2,1.3,6.5,1.08,1.22,1.17,2.2,2.2,2.5,4.33,1.95,3.0,4.0,0,0,1.22,1.43,1.7,2.2,2.85,3.45,2.5,2.05,1.57,1.33,1.55,8.0,2.95,1.44,23.0,2.63,3.55,8.0,1.25,2.1,5.0,13.0,3.75,1.67,1.17,1.04,1.13,1.67,3.0,6.5,6.0,2.1,1.36,1.11,0,0,0,0,3,2,1,0,0,0,3,1712447100,6490,0,67,0,50,0,-1,2,1,4,1,2,3,5,5,2,0,2,0,2,2,1,35,54,72,143,1.95,1.38,3.33,1,0,1,0,0,0,1,1,1,0,1,0,0,0,1,0,1,-1,-1,-1,-1,-1,-1,33,67,84,84,84,50,67,84,84,13.33,3.67,4.34,3.5,/clubs/los-angeles-fc-6490,teams/usa-los-angeles-fc.png,Los Angeles FC,/clubs/la-galaxy-10,teams/usa-la-galaxy.png,LA Galaxy,2.15,1.39,2.33,2.33,1.17,2.0,67,34,17,17,17,84,84,84,1.92,1.47,3.39,/usa/la-galaxy-vs-los-angeles-fc-h2h-stats#7295321,10977,38,True,True,True,False,False,False,True,"['4', '35']",['29']
MLS,2024,10977,7295322,677446,12,2024,complete,106200,7,-1,"['57', '60']","['45', '88']",2,2,4,6,6,12,1,3,3,2,0,0,7,4,7,2,14,6,13,13,58,42,15.0,647.0,11435.0,,,3,2,1.82,3.36,3.57,1.03,1.22,1.65,2.8,5.0,15.0,4.2,2.06,1.44,1.16,1.75,2.0,2.5,1.48,5.25,1.12,1.17,1.18,2.05,2.2,2.38,5.0,1.91,2.8,4.5,0,0,1.29,1.61,2.0,2.55,3.48,3.14,2.27,1.73,1.5,1.24,1.51,9.2,3.1,1.4,10.0,3.0,2.95,7.5,1.33,2.5,6.5,19.0,3.25,1.5,1.11,1.02,1.18,1.83,3.75,10.0,4.5,1.83,1.25,1.06,0,0,0,0,4,0,1,2,1,3,1,1712446200,-1,0,75,29,13,0,-1,2,1,2,3,4,3,5,7,1,2,2,0,3,2,1,45,50,100,112,1.7,1.04,2.74,0,1,0,1,0,0,1,1,0,0,0,1,0,0,1,3,5,-1,-1,-1,-1,-1,-1,42,42,59,100,100,59,100,88,25,6.92,5.75,5.25,3.42,/clubs/club-internacional-de-futbol-miami-677446,teams/usa-club-internacional-de-futbol-miami.png,Inter Miami,/clubs/colorado-rapids-12,teams/usa-colorado-rapids.png,Colorado Rapids,2.11,0.94,1.75,1.33,1.57,1.33,59,59,42,0,0,42,29,13,1.56,1.55,3.11,/usa/colorado-rapids-vs-club-internacional-de-futbol-miami-h2h-stats#7295322,10977,36,True,True,True,True,False,False,True,"['57', '60']","['45', '88']"
MLS,2024,10977,7295323,11,711351,2024,complete,106200,7,-1,['45+3'],[],1,0,1,4,6,10,2,0,2,2,0,0,3,2,6,3,9,5,10,11,48,52,65601.0,13.0,404.0,,,2,2,2.08,3.18,2.98,1.05,1.27,1.88,3.05,5.8,12.5,3.83,2.0,1.38,1.14,1.7,2.05,3.2,1.3,3.95,1.2,1.38,1.33,1.62,2.88,2.2,3.6,2.5,2.4,3.2,0,0,1.3,1.58,1.91,2.5,3.35,2.95,2.18,1.8,1.42,1.24,1.73,7.5,2.45,1.73,13.0,2.25,4.0,5.5,1.36,2.75,7.0,21.0,3.0,1.4,1.1,1.02,1.2,2.0,4.33,11.0,4.33,1.73,1.2,1.05,0,0,0,0,1,1,0,0,0,0,1,1712446200,11,0,67,50,17,0,-1,2,1,2,3,2,3,5,5,1,0,1,2,1,3,1,53,57,87,125,1.17,0.89,2.05,0,0,0,0,0,0,1,1,0,0,0,1,0,0,1,2,2,-1,-1,-1,-1,-1,-1,0,0,33,67,100,50,67,33,17,12.67,2.0,5.67,2.0,/clubs/new-england-revolution-11,teams/usa-new-england-revolution.png,New England Revolution,/clubs/charlotte-fc-711351,teams/usa-charlotte-fc.png,Charlotte,1.12,1.05,0.33,0.33,0.2,1.33,100,100,67,33,0,67,67,33,1.62,1.16,2.78,/usa/new-england-revolution-vs-charlotte-fc-h2h-stats#7295323,10977,34,True,False,False,False,False,False,False,['45+3'],[]
MLS,2024,10977,7295324,2,1016,2024,complete,106200,7,-1,['43'],['65'],1,1,2,7,5,12,2,2,3,1,0,0,3,6,14,9,17,15,13,11,53,47,13812.0,27505.0,40852.0,,,3,1,2.08,3.21,3.22,1.05,1.3,1.93,3.3,6.5,11.0,3.5,1.95,1.33,1.11,1.75,2.0,2.75,1.4,4.0,1.2,1.22,1.23,1.77,2.75,2.2,4.0,2.3,2.55,3.5,0,0,1.33,1.61,1.91,2.55,3.45,2.85,2.12,1.8,1.4,1.22,1.64,7.5,2.65,1.62,8.5,2.5,3.55,6.0,1.4,2.75,8.0,21.0,2.75,1.4,1.08,1.02,1.22,2.0,4.33,11.0,4.0,1.73,1.2,1.05,0,0,0,0,2,1,0,0,1,1,1,1712446200,-1,0,50,25,0,0,-1,2,1,4,4,3,1,8,4,1,0,2,1,1,3,1,69,54,112,79,1.78,1.75,3.53,1,0,1,0,0,0,1,1,0,0,0,0,0,0,1,6,4,-1,-1,-1,-1,-1,-1,0,0,50,75,100,25,100,75,25,11.0,6.0,4.5,2.25,/clubs/new-york-city-fc-2,teams/usa-new-york-city-fc.png,New York City,/clubs/atlanta-united-fc-1016,teams/usa-atlanta-united-fc.png,Atlanta United FC,1.89,1.05,1.5,0.0,0.67,1.8,100,100,50,25,0,75,75,50,1.56,0.89,2.45,/usa/new-york-city-fc-vs-atlanta-united-fc-h2h-stats#7295324,10977,38,True,True,False,False,False,False,True,['43'],['65']
MLS,2024,10977,7295325,698284,15,2024,complete,106200,7,-1,"['61', '63', '67', '90+11']","['20', '57', '74']",4,3,7,10,3,13,0,1,3,3,0,0,6,8,4,4,10,12,12,12,61,39,19912.0,2339.0,12956.0,,,3,3,2.1,3.18,2.94,1.04,1.28,1.86,3.1,6.0,13.0,3.75,2.02,1.36,1.12,1.67,2.1,3.0,1.33,3.8,1.22,1.38,1.25,1.68,2.88,2.2,3.6,2.5,2.55,3.2,0,0,1.22,1.41,1.72,2.14,2.75,3.55,2.55,1.97,1.6,1.36,1.8,7.5,2.32,1.73,9.5,2.3,3.9,5.5,1.36,2.75,7.0,21.0,3.0,1.4,1.1,1.02,1.2,1.91,4.0,11.0,4.33,1.8,1.22,1.05,0,0,0,0,7,0,1,4,2,6,1,1712449800,698284,0,100,34,50,0,-1,2,1,6,1,4,2,7,6,2,3,1,0,5,1,1,99,34,109,66,1.77,1.56,3.33,1,0,1,0,0,0,1,1,0,0,2,0,0,1,1,26,13,-1,-1,-1,-1,-1,-1,0,25,100,100,100,34,88,84,67,6.83,2.42,5.92,3.25,/clubs/austin-fc-698284,teams/usa-austin-fc.png,Austin,/clubs/san-jose-earthquakes-15,teams/usa-san-jose-earthquakes.png,SJ Earthquakes,1.53,0.47,1.25,0.0,1.0,0.5,100,75,0,0,0,71,71,59,0.99,1.07,2.06,/usa/san-jose-earthquakes-vs-austin-fc-h2h-stats#7295325,10977,34,True,True,True,True,True,True,True,"['61', '63', '67', '90+11']","['20', '57', '74']"
MLS,2024,10977,7295326,7,6,2024,complete,106200,7,-1,"['10', '78']",['65'],2,1,3,5,6,11,1,1,1,1,0,0,6,4,2,6,8,10,14,10,41,59,13891.0,21081.0,20.0,,,1,1,2.14,3.1,2.93,1.05,1.33,2.02,3.5,6.5,10.0,3.3,1.86,1.3,1.1,1.75,2.0,2.88,1.36,3.6,1.25,1.38,1.25,1.65,3.0,2.1,3.75,2.6,2.45,3.2,0,0,1.34,1.62,2.04,2.65,3.55,2.8,2.1,1.67,1.38,1.21,1.81,7.5,2.33,1.73,8.8,2.3,3.8,5.25,1.4,3.0,8.0,23.0,2.75,1.36,1.08,1.01,1.25,2.15,4.75,11.0,3.75,1.65,1.17,1.02,0,0,0,0,3,1,0,1,1,2,1,1712449800,7,0,50,50,25,0,-1,2,1,1,2,4,4,3,8,0,1,1,0,1,1,1,33,43,84,114,1.17,1.24,2.41,1,0,1,0,0,0,1,1,1,0,1,0,0,0,1,27,21,-1,-1,-1,-1,-1,-1,25,25,50,50,100,50,50,100,25,6.0,7.0,4.0,3.0,/clubs/chicago-fire-7,teams/usa-chicago-fire.png,Chicago Fire,/clubs/houston-dynamo-6,teams/usa-houston-dynamo.png,Houston Dynamo,1.12,1.5,1.5,3.0,0.83,2.0,75,75,50,50,0,50,50,25,1.5,0.65,2.15,/usa/houston-dynamo-vs-chicago-fire-h2h-stats#7295326,10977,34,True,True,True,False,False,False,True,"['10', '78']",['65']
MLS,2024,10977,7295327,1015,14,2024,complete,106200,7,-1,['86'],['24'],1,1,2,7,6,13,1,4,2,3,1,0,7,5,8,3,15,8,13,13,59,41,14023.0,25056.0,8.0,,,3,3,2.08,3.39,3.06,1.02,1.22,1.61,2.62,4.5,10.0,3.8,2.13,1.42,1.17,1.57,2.25,3.2,1.3,4.33,1.18,1.35,1.25,1.72,2.75,2.3,3.6,2.4,2.65,3.2,0,0,1.28,1.53,1.91,2.43,3.2,3.1,2.28,1.78,1.46,1.26,1.68,7.5,2.55,1.67,12.0,2.3,4.0,6.0,1.33,2.63,6.5,19.0,3.25,1.44,1.11,1.02,1.18,1.83,3.75,9.0,4.5,1.83,1.25,1.07,0,0,0,0,2,0,1,1,0,1,1,1712449800,-1,0,59,0,42,0,-1,2,1,1,4,6,2,5,8,2,0,1,3,2,4,1,70,34,126,94,1.95,1.11,3.06,0,0,0,0,0,0,1,1,0,0,1,2,0,0,1,21,20,-1,-1,-1,-1,-1,-1,0,0,17,100,100,0,59,100,59,9.33,5.83,2.83,2.17,/clubs/minnesota-united-fc-1015,teams/usa-minnesota-united-fc.png,Minnesota United,/clubs/real-salt-lake-14,teams/usa-real-salt-lake.png,Real Salt Lake,1.44,1.33,2.0,1.33,2.0,1.67,100,100,84,0,0,59,59,34,1.16,1.44,2.6,/usa/real-salt-lake-vs-minnesota-united-fc-h2h-stats#7295327,10977,36,True,True,False,False,False,False,True,['86'],['24']
MLS,2024,10977,7295328,677447,16,2024,complete,106200,7,-1,['42'],"['62', '90']",1,2,3,8,5,13,2,0,1,0,0,0,5,5,3,6,8,11,10,9,51,49,13864.0,24795.0,12.0,,,1,0,2.39,3.18,2.71,1.05,1.3,1.93,3.4,6.5,11.0,3.4,1.91,1.3,1.1,1.7,2.05,3.2,1.3,3.4,1.29,1.45,1.25,1.55,3.1,2.2,3.4,2.8,2.5,3.1,0,0,1.34,1.62,2.02,2.63,3.55,2.8,2.12,1.68,1.38,1.21,1.9,7.5,2.18,1.8,9.0,2.1,4.33,4.75,1.4,2.75,8.0,21.0,2.75,1.4,1.08,1.02,1.22,2.0,4.33,11.0,4.0,1.73,1.2,1.05,0,0,0,0,3,1,0,0,2,2,1,1712449800,16,0,88,25,46,0,-1,2,1,7,1,1,4,8,5,0,0,1,0,0,1,1,43,37,91,86,1.17,1.32,2.49,0,0,0,0,0,0,1,1,0,0,1,0,0,0,1,34,24,-1,-1,-1,-1,-1,-1,0,59,71,88,88,25,75,75,46,7.5,3.92,6.25,3.04,/clubs/nashville-sc-mls-677447,teams/usa-nashville-sc-mls.png,Nashville SC,/clubs/philadelphia-union-16,teams/usa-philadelphia-union.png,Philadelphia Union,1.24,1.18,1.5,1.67,1.17,1.8,100,42,29,13,13,63,29,13,0.98,1.42,2.4,/usa/philadelphia-union-vs-nashville-sc-mls-h2h-stats#7295328,10977,34,True,True,True,False,False,False,True,['42'],"['62', '90']"
MLS,2024,10977,7295329,945555,13,2024,complete,106200,7,-1,[],[],0,0,0,9,2,11,0,4,3,2,0,0,7,5,15,4,22,9,10,10,66,34,42.0,36880.0,21189.0,,,3,2,1.69,3.49,4.0,1.03,1.25,1.74,3.0,5.5,13.0,3.75,1.94,1.38,1.14,1.7,2.05,2.62,1.42,4.75,1.15,1.22,1.22,2.0,2.38,2.3,4.5,2.05,2.7,4.0,0,0,1.3,1.56,1.94,2.45,3.25,2.95,2.2,1.75,1.44,1.25,1.58,7.5,2.8,1.5,9.5,2.75,3.2,7.0,1.33,2.63,6.5,19.0,3.25,1.44,1.11,1.02,1.2,1.91,4.0,10.0,4.33,1.8,1.22,1.06,0,0,0,0,0,0,0,0,0,0,0,1712449800,-1,0,84,17,67,0,95,2,1,4,1,5,1,5,6,1,1,2,1,2,3,1,94,18,141,58,2.55,1.05,3.61,0,0,0,0,0,0,1,1,0,0,1,0,0,0,1,20,15,-1,-1,-1,-1,-1,-1,0,17,67,100,100,17,59,100,67,6.5,3.0,5.33,2.84,/clubs/st-louis-city-sc-945555,teams/usa-st-louis-city-sc.png,St. Louis City,/clubs/fc-dallas-13,teams/usa-fc-dallas.png,FC Dallas,1.53,0.53,1.67,0.0,1.17,0.6,100,84,34,0,0,17,17,17,1.36,0.86,2.22,/usa/fc-dallas-vs-st-louis-city-sc-h2h-stats#7295329,10977,34,False,False,False,False,False,False,False,[],[]
MLS,2024,10977,7295330,18,1,2024,complete,106200,7,-1,"['20', '27', '48', '81', '90+7']",[],5,0,5,5,3,8,-1,-1,1,4,0,1,11,2,3,3,14,5,9,18,59,41,45125.0,25.0,44644.0,,,1,5,1.72,3.49,4.26,1.05,1.25,1.96,3.1,5.5,7.8,3.5,1.88,1.32,1.11,1.91,1.91,2.3,1.55,4.5,1.17,1.11,1.28,2.05,2.38,2.2,5.0,2.05,2.65,4.33,0,0,1.3,1.58,1.97,2.5,3.35,2.9,2.18,1.73,1.43,1.24,1.48,8.0,3.2,1.5,9.0,2.88,2.88,7.0,1.4,2.75,8.0,21.0,2.75,1.4,1.08,1.02,1.22,2.1,4.5,13.0,4.0,1.67,1.18,1.04,0,0,0,0,5,2,0,3,0,3,2,1712457000,18,0,55,20,20,0,-1,2,1,1,3,4,0,4,4,1,2,0,3,3,3,1,69,15,166,97,2.17,0.58,2.75,1,0,1,0,0,0,1,1,0,0,0,0,0,0,1,14,18,-1,-1,-1,-1,-1,-1,20,20,30,55,65,20,55,65,20,10.9,2.2,6.9,2.1,/clubs/seattle-sounders-fc-18,teams/usa-seattle-sounders-fc.png,Seattle Sounders,/clubs/montreal-impact-1,teams/canada-montreal-impact.png,Montreal Impact,1.78,0.82,1.0,1.4,0.4,1.4,80,80,70,45,35,80,55,10,1.38,1.03,2.41,/usa/montreal-impact-vs-seattle-sounders-fc-h2h-stats#7295330,10977,35,True,True,True,True,True,False,False,"['20', '27', '48', '81', '90+7']",[]
MLS,2024,10977,7295331,8,20,2024,complete,106200,7,-1,"['13', '38', '45+3']","['64', '66', '81']",3,3,6,7,1,8,0,3,3,2,0,0,6,8,7,2,13,10,13,19,49,51,7.0,18.0,28121.0,,,3,2,1.93,3.4,3.5,1.03,1.22,1.65,2.85,5.0,13.0,4.2,2.1,1.42,1.16,1.67,2.1,2.88,1.36,4.75,1.15,1.25,1.22,1.9,2.5,2.3,4.0,2.2,2.7,3.75,0,0,1.29,1.54,1.91,2.43,3.2,3.05,2.25,1.77,1.46,1.26,1.66,7.5,2.6,1.57,10.0,2.5,3.55,6.5,1.33,2.5,6.5,19.0,3.25,1.5,1.11,1.02,1.18,1.83,3.75,10.0,4.5,1.83,1.25,1.06,0,0,0,0,6,3,0,0,3,3,3,1712511900,-1,0,84,17,17,0,-1,2,1,3,0,4,1,3,5,1,1,2,1,2,3,1,50,39,97,102,1.61,1.48,3.09,1,1,0,1,1,0,1,1,0,0,1,0,0,0,1,17,15,-1,-1,-1,-1,-1,-1,33,33,67,84,100,50,100,67,50,8.66,2.0,3.33,3.17,/clubs/sporting-kansas-city-8,teams/usa-sporting-kansas-city.png,Sporting KC,/clubs/portland-timbers-20,teams/usa-portland-timbers.png,Portland Timbers,1.29,0.83,1.33,1.0,1.5,1.17,67,67,33,17,0,50,33,33,1.51,1.12,2.63,/usa/sporting-kansas-city-vs-portland-timbers-h2h-stats#7295331,10977,34,True,True,True,True,True,True,True,"['13', '38', '45+3']","['64', '66', '81']"
MLS,2024,10977,7295332,5,10,2024,complete,106200,8,-1,['77'],"['56', '80', '82']",1,3,4,0,3,3,0,1,4,1,0,0,7,5,9,6,16,11,5,8,15,85,13967.0,41087.0,2.0,,,4,1,2.0,3.85,3.1,1.01,1.16,1.5,2.3,4.0,2.44,5.0,2.4,1.61,1.22,1.5,2.5,3.55,1.25,5.0,1.14,1.33,1.25,1.62,2.6,2.4,3.6,2.25,2.8,3.25,0,0,1.24,1.47,1.81,2.25,2.95,3.3,2.4,1.88,1.53,1.3,1.76,7.5,2.4,1.62,11.0,2.3,4.33,6.5,1.29,2.25,5.5,15.0,3.5,1.57,1.14,1.03,1.14,1.73,3.25,7.0,5.5,2.0,1.33,1.1,0,0,0,0,4,0,0,1,3,4,0,1713061800,10,0,88,25,38,0,-1,2,1,0,3,0,0,3,0,2,1,2,0,3,2,-1,0,0,0,0,0.0,0.0,0.0,0,0,0,0,0,0,1,1,0,0,0,1,0,0,1,16,14,-1,-1,-1,-1,-1,-1,25,63,88,100,100,75,88,75,75,9.5,3.5,2.75,3.75,/clubs/vancouver-whitecaps-fc-5,teams/canada-vancouver-whitecaps-fc.png,Vancouver Whitecaps,/clubs/la-galaxy-10,teams/usa-la-galaxy.png,LA Galaxy,1.47,1.39,1.75,1.75,2.17,1.71,75,38,13,0,0,75,75,38,1.31,1.45,2.76,/usa/vancouver-whitecaps-fc-vs-la-galaxy-h2h-stats#7295332,10977,38,True,True,True,True,False,False,True,['77'],"['56', '80', '82']"
MLS,2024,10977,7295333,20,6490,2024,complete,106200,8,-1,"['11', '34']","['21', '51']",2,2,4,4,4,8,1,3,2,6,1,0,4,5,3,11,7,16,12,19,39,61,69.0,28121.0,39588.0,,,4,6,2.65,3.5,2.35,1.02,1.22,1.7,2.85,5.0,15.0,4.2,2.0,1.42,1.16,1.57,2.25,3.85,1.22,3.6,1.25,1.57,1.22,1.47,3.2,2.3,3.0,2.75,2.6,2.75,0,0,1.29,1.54,1.92,2.45,3.25,3.0,2.23,1.77,1.45,1.26,2.04,7.5,2.02,2.05,10.0,1.8,5.0,4.5,1.33,2.5,6.5,19.0,3.25,1.5,1.11,1.02,1.18,1.83,3.75,9.0,4.5,1.83,1.25,1.07,0,0,0,0,4,2,1,0,1,1,3,1713041100,-1,0,67,17,50,0,-1,2,1,1,2,3,2,3,5,2,3,1,3,5,4,1,21,79,88,124,0.89,1.93,2.82,0,0,0,0,0,0,1,1,0,0,1,1,0,0,1,16,30,-1,-1,-1,-1,-1,-1,33,67,84,100,100,50,100,84,50,10.33,3.66,5.0,3.83,/clubs/portland-timbers-20,teams/usa-portland-timbers.png,Portland Timbers,/clubs/los-angeles-fc-6490,teams/usa-los-angeles-fc.png,Los Angeles FC,1.88,1.5,1.33,0.0,1.14,1.43,67,34,17,0,0,84,67,50,1.29,1.34,2.63,/usa/portland-timbers-vs-los-angeles-fc-h2h-stats#7295333,10977,35,True,True,True,True,False,False,True,"['11', '34']","['21', '51']"
MLS,2024,10977,7295334,711351,19,2024,complete,106200,8,-1,"['39', '70', '85']","['49', '78']",3,2,5,4,6,10,3,1,2,3,0,1,5,5,5,4,10,9,3,10,43,57,3.0,404.0,10856.0,,,2,4,1.67,3.65,4.6,1.03,1.29,1.85,3.0,5.5,9.0,3.4,1.85,1.33,1.11,1.8,1.95,2.35,1.53,4.75,1.15,1.18,1.29,2.1,2.3,2.25,5.0,2.0,2.5,4.5,0,0,1.3,1.58,1.96,2.5,3.35,2.95,2.18,1.73,1.43,1.24,1.49,8.0,3.2,1.44,11.0,2.88,2.8,7.0,1.36,2.75,7.0,21.0,3.0,1.4,1.1,1.02,1.22,2.0,4.33,11.0,4.0,1.73,1.2,1.05,0,0,0,0,5,1,0,2,2,4,1,1713051000,711351,0,29,13,17,0,-1,2,1,0,2,4,4,2,8,0,0,2,4,0,6,1,46,32,104,73,1.32,1.15,2.48,0,0,0,0,0,0,1,1,0,0,0,1,0,0,1,8,3,-1,-1,-1,-1,-1,-1,0,13,25,59,88,25,54,59,46,5.67,3.92,8.17,1.84,/clubs/charlotte-fc-711351,teams/usa-charlotte-fc.png,Charlotte,/clubs/toronto-fc-19,teams/canada-toronto-fc.png,Toronto,1.83,0.94,2.33,1.0,1.14,1.43,100,88,75,42,13,50,50,25,1.28,0.8,2.08,/usa/toronto-fc-vs-charlotte-fc-h2h-stats#7295334,10977,34,True,True,True,True,True,False,True,"['39', '70', '85']","['49', '78']"
MLS,2024,10977,7295335,13401,17,2024,complete,106200,8,-1,"['5', '66']","['28', '82', '90+1']",2,3,5,7,4,11,4,3,6,2,0,0,7,5,7,4,14,9,19,14,52,48,5016.0,13006.0,21031.0,,,6,2,2.05,3.5,3.25,1.01,1.22,1.7,2.95,5.5,3.2,4.0,2.0,1.4,1.15,1.62,2.2,3.0,1.33,4.33,1.18,1.33,1.22,1.78,2.63,2.3,3.75,2.3,2.5,3.4,0,0,1.29,1.54,1.92,2.45,3.25,3.0,2.23,1.77,1.45,1.26,1.72,7.5,2.48,1.62,12.0,2.38,3.8,5.75,1.33,2.5,6.5,19.0,3.25,1.5,1.11,1.02,1.18,1.83,3.75,10.0,4.5,1.83,1.25,1.06,0,0,0,0,5,1,1,1,2,3,2,1713051000,17,0,34,17,17,0,-1,2,1,4,2,3,2,6,5,4,1,2,1,5,3,1,46,42,131,87,1.72,1.23,2.95,0,0,0,0,0,0,1,1,1,0,1,0,0,0,1,2,5,-1,-1,-1,-1,-1,-1,25,59,59,84,100,42,84,100,59,14.5,3.17,5.0,3.25,/clubs/dc-united-13401,teams/usa-dc-united.png,DC United,/clubs/orlando-city-sc-17,teams/usa-orlando-city-sc.png,Orlando City,1.0,1.56,2.0,0.0,1.43,0.83,75,42,42,17,0,75,75,75,1.77,1.2,2.97,/usa/orlando-city-sc-vs-dc-united-h2h-stats#7295335,10977,34,True,True,True,True,True,False,True,"['5', '66']","['28', '82', '90+1']"
MLS,2024,10977,7295336,1,8043,2024,complete,106200,8,-1,"['45+4', '62']",['58'],2,1,3,5,4,9,3,7,3,3,0,0,4,4,5,1,9,5,15,10,50,50,19912.0,44644.0,40182.0,,,3,3,2.4,3.3,2.7,1.01,1.23,1.85,2.92,5.4,9.9,3.58,1.85,1.33,1.1,1.67,2.1,3.4,1.28,3.6,1.25,1.46,1.3,1.54,3.1,2.2,3.4,2.75,2.53,2.88,0,0,1.3,1.57,1.96,2.5,3.3,2.9,2.18,1.73,1.43,1.24,1.92,7.5,2.17,1.8,9.9,2.1,4.5,5.0,1.36,2.75,7.0,21.0,3.0,1.4,1.1,1.02,1.22,2.0,4.33,11.0,4.0,1.73,1.2,1.05,0,0,0,0,3,1,0,1,1,2,1,1713051000,1,0,50,17,34,0,-1,2,1,3,1,2,3,4,5,3,2,0,1,5,1,1,49,45,110,84,1.21,0.93,2.14,0,0,0,0,0,0,1,1,0,0,0,0,0,0,1,5,9,-1,-1,-1,-1,-1,-1,0,0,34,50,50,17,17,50,34,5.67,3.33,3.67,1.34,/clubs/montreal-impact-1,teams/canada-montreal-impact.png,Montreal Impact,/clubs/fc-cincinnati-8043,teams/usa-fc-cincinnati.png,FC Cincinnati,1.67,1.94,0.0,2.33,1.17,1.71,50,50,17,0,0,34,34,17,0.0,1.52,1.52,/usa/montreal-impact-vs-fc-cincinnati-h2h-stats#7295336,10977,35,True,True,True,False,False,False,True,"['45+4', '62']",['58']
MLS,2024,10977,7295337,4,7,2024,complete,106200,8,-1,[],[],0,0,0,4,4,8,1,4,0,2,1,0,5,3,11,2,16,5,7,9,34,66,65601.0,1313.0,21081.0,,,2,2,1.6,3.65,5.5,1.01,1.24,1.85,2.98,5.55,9.7,3.5,1.85,1.32,1.1,1.91,1.91,2.15,1.62,5.0,1.13,1.14,1.24,2.34,2.2,2.25,5.5,1.91,2.66,4.75,0,0,1.3,1.55,1.94,2.45,3.3,3.0,2.2,1.75,1.44,1.25,1.41,8.5,3.6,1.4,9.7,3.1,2.6,8.0,1.36,2.75,7.0,21.0,3.0,1.4,1.1,1.02,1.22,2.0,4.33,11.0,4.0,1.73,1.2,1.05,0,0,0,0,0,0,0,0,0,0,0,1713051000,-1,0,63,13,50,0,-1,2,1,4,1,0,3,5,3,1,0,0,2,1,2,1,37,56,106,127,1.63,0.95,2.58,0,0,0,0,0,0,1,1,0,0,1,0,0,0,1,1,2,-1,-1,-1,-1,-1,-1,0,38,88,100,100,13,88,88,88,7.75,3.25,3.25,3.25,/clubs/new-york-red-bulls-4,teams/usa-new-york-red-bulls.png,New York RB,/clubs/chicago-fire-7,teams/usa-chicago-fire.png,Chicago Fire,1.61,0.65,3.0,0.5,2.0,1.14,100,63,13,0,0,50,25,25,1.55,0.94,2.49,/usa/new-york-red-bulls-vs-chicago-fire-h2h-stats#7295337,10977,34,False,False,False,False,False,False,False,[],[]
MLS,2024,10977,7295338,2,11,2024,complete,106200,8,-1,"['57', '90+3']",[],2,0,2,4,6,10,2,4,2,3,0,0,6,6,7,2,13,8,17,14,51,49,84.0,27505.0,13.0,,,2,3,1.67,3.75,4.5,1.05,1.28,1.8,3.1,5.75,9.5,3.65,1.9,1.36,1.12,1.8,1.95,2.4,1.5,5.0,1.14,1.18,1.22,2.1,2.3,2.25,5.0,2.0,2.55,4.33,0,0,1.3,1.56,1.94,2.5,3.35,2.95,2.2,1.75,1.43,1.24,1.53,8.0,3.0,1.44,9.5,2.88,2.88,7.5,1.36,2.63,7.0,19.0,3.0,1.44,1.1,1.02,1.2,1.91,4.0,11.0,4.33,1.8,1.22,1.05,0,0,0,0,2,0,0,2,0,2,0,1713051000,2,0,100,17,50,0,-1,2,1,2,3,2,3,5,5,1,2,1,1,3,2,1,57,38,131,82,1.66,1.21,2.87,0,0,0,0,0,0,1,1,0,0,2,0,0,0,1,7,7,-1,-1,-1,-1,-1,-1,25,50,84,100,100,17,100,100,67,10.67,4.17,6.33,3.59,/clubs/new-york-city-fc-2,teams/usa-new-york-city-fc.png,New York City,/clubs/new-england-revolution-11,teams/usa-new-england-revolution.png,New England Revolution,1.89,0.71,1.33,0.0,0.71,0.67,75,50,17,0,0,75,75,59,1.63,1.12,2.75,/usa/new-york-city-fc-vs-new-england-revolution-h2h-stats#7295338,10977,34,True,True,False,False,False,False,False,"['57', '90+3']",[]
MLS,2024,10977,7295339,13,18,2024,complete,106200,8,-1,[],[],0,0,0,4,3,7,1,0,2,0,0,0,2,2,9,4,11,6,13,12,43,57,57653.0,21189.0,25.0,,,2,0,2.75,3.05,2.55,1.07,1.4,2.15,4.2,8.0,9.0,2.9,1.62,1.22,1.07,1.95,1.8,3.0,1.33,2.95,1.35,1.5,1.28,1.47,3.5,2.05,3.25,3.0,2.35,2.88,0,0,1.38,1.68,2.14,2.8,3.8,2.65,2.0,1.6,1.35,1.19,1.98,7.5,2.1,2.2,8.0,1.91,4.33,4.0,1.5,3.4,10.0,26.0,2.5,1.3,1.06,1.01,1.29,2.25,5.5,15.0,3.5,1.57,1.14,1.03,0,0,0,0,0,0,0,0,0,0,0,1713054600,-1,0,84,50,34,0,-1,2,1,2,3,2,0,5,2,1,0,1,0,1,1,1,34,35,82,119,1.08,0.79,1.88,0,0,0,0,0,0,1,1,0,0,1,0,0,0,1,18,17,-1,-1,-1,-1,-1,-1,17,33,84,84,100,67,100,67,34,11.0,0.34,3.0,3.17,/clubs/fc-dallas-13,teams/usa-fc-dallas.png,FC Dallas,/clubs/seattle-sounders-fc-18,teams/usa-seattle-sounders-fc.png,Seattle Sounders,1.88,1.5,1.0,0.0,0.67,0.83,84,67,17,17,0,50,50,17,1.63,1.52,3.15,/usa/fc-dallas-vs-seattle-sounders-fc-h2h-stats#7295339,10977,34,False,False,False,False,False,False,False,[],[]
MLS,2024,10977,7295340,8,677446,2024,complete,106200,8,-1,"['6', '58']","['18', '51', '71']",2,3,5,5,1,6,1,1,3,2,0,0,3,6,4,2,7,8,7,4,40,60,13864.0,18.0,647.0,,,3,2,2.55,3.5,2.45,1.05,1.25,1.7,2.8,5.25,9.5,3.95,2.0,1.42,1.15,1.57,2.25,3.4,1.28,3.95,1.2,1.4,1.25,1.57,2.88,2.3,3.4,2.55,2.5,3.0,0,0,1.27,1.5,1.87,2.35,3.15,3.15,2.3,1.82,1.48,1.27,1.8,7.5,2.33,1.73,9.5,2.2,4.33,5.25,1.33,2.63,6.5,19.0,3.25,1.44,1.11,1.02,1.18,1.83,3.75,10.0,4.5,1.83,1.25,1.06,0,0,0,0,5,1,1,1,2,3,2,1713054600,677446,0,84,29,17,0,-1,2,1,2,0,3,1,2,4,0,1,3,1,1,4,1,35,32,93,126,0.92,1.18,2.09,0,0,0,0,0,0,1,1,1,0,0,0,0,0,1,26,18,-1,-1,-1,-1,-1,-1,25,59,71,100,100,54,84,88,75,10.42,2.75,5.25,3.67,/clubs/sporting-kansas-city-8,teams/usa-sporting-kansas-city.png,Sporting KC,/clubs/club-internacional-de-futbol-miami-677446,teams/usa-club-internacional-de-futbol-miami.png,Inter Miami,1.29,2.06,1.25,1.33,1.43,1.5,75,42,29,0,0,75,29,29,1.54,1.3,2.84,/usa/sporting-kansas-city-vs-club-internacional-de-futbol-miami-h2h-stats#7295340,10977,34,True,True,True,True,True,False,True,"['6', '58']","['18', '51', '71']"
MLS,2024,10977,7295341,1015,6,2024,complete,106200,8,-1,['70'],"['38', '77']",1,2,3,7,5,12,0,2,1,4,0,0,7,3,12,2,19,5,8,9,57,43,45125.0,25056.0,20.0,,,1,4,1.95,3.3,3.65,1.05,1.3,1.85,3.4,6.5,11.0,3.4,1.85,1.3,1.1,1.8,1.95,2.75,1.4,3.95,1.2,1.3,1.25,1.8,2.75,2.2,4.0,2.38,2.5,3.5,0,0,1.3,1.58,1.98,2.55,3.4,2.9,2.18,1.72,1.42,1.23,1.65,8.0,2.63,1.67,9.0,2.4,3.5,5.5,1.4,2.75,8.0,21.0,2.75,1.4,1.08,1.02,1.22,2.1,4.5,13.0,4.0,1.67,1.18,1.04,0,0,0,0,3,0,1,1,1,2,1,1713054600,6,0,59,0,42,0,-1,2,1,0,4,7,1,4,8,0,2,1,2,2,3,1,73,27,113,75,2.21,0.73,2.94,0,0,0,0,0,0,1,1,0,0,0,1,0,0,1,25,27,-1,-1,-1,-1,-1,-1,0,0,25,75,100,0,59,100,42,8.0,4.5,3.0,2.0,/clubs/minnesota-united-fc-1015,teams/usa-minnesota-united-fc.png,Minnesota United,/clubs/houston-dynamo-6,teams/usa-houston-dynamo.png,Houston Dynamo,1.44,1.5,1.67,1.5,1.83,1.67,100,100,75,25,0,59,59,42,1.42,0.94,2.36,/usa/houston-dynamo-vs-minnesota-united-fc-h2h-stats#7295341,10977,36,True,True,True,False,False,False,True,['70'],"['38', '77']"
MLS,2024,10977,7295342,14,9,2024,complete,106200,8,-1,[],[],0,0,0,5,3,8,3,2,6,3,0,0,8,4,5,4,13,8,18,10,44,56,13851.0,8.0,39282.0,,,6,3,2.2,3.45,2.95,1.01,1.25,1.7,3.0,5.5,2.14,3.75,2.0,1.38,1.14,1.62,2.2,3.4,1.28,3.95,1.2,1.42,1.25,1.62,2.88,2.25,3.5,2.5,2.6,3.1,0,0,1.29,1.54,1.92,2.45,3.25,3.0,2.25,1.77,1.45,1.25,1.83,7.5,2.28,1.73,9.5,2.2,4.33,5.25,1.33,2.63,6.5,19.0,3.25,1.44,1.11,1.02,1.18,1.83,3.75,10.0,4.5,1.83,1.25,1.06,0,0,0,0,0,0,0,0,0,0,0,1713058200,-1,0,67,33,17,0,-1,2,1,5,3,0,0,8,0,2,2,4,1,4,5,1,21,19,60,59,1.53,0.93,2.46,0,0,0,0,0,0,1,1,0,0,1,0,0,0,1,24,7,-1,-1,-1,-1,-1,-1,0,33,67,100,100,50,67,84,50,9.0,5.33,4.33,3.0,/clubs/real-salt-lake-14,teams/usa-real-salt-lake.png,Real Salt Lake,/clubs/columbus-crew-9,teams/usa-columbus-crew.png,Columbus Crew,2.06,1.83,2.0,0.67,1.57,1.71,100,67,34,0,0,34,34,34,1.29,1.12,2.41,/usa/columbus-crew-vs-real-salt-lake-h2h-stats#7295342,10977,36,False,False,False,False,False,False,False,[],[]
MLS,2024,10977,7295343,15,12,2024,complete,106200,8,-1,[],"['10', '60', '80']",0,3,3,0,2,2,1,3,3,1,0,0,6,3,12,3,18,6,9,3,55,45,13891.0,12956.0,11435.0,,,3,1,2.1,3.35,3.25,1.04,1.3,1.85,3.3,6.5,11.0,3.5,1.85,1.33,1.11,1.75,2.0,2.85,1.36,3.8,1.22,1.35,1.25,1.72,2.88,2.2,3.75,2.5,2.5,3.25,0,0,1.32,1.58,1.98,2.55,3.35,2.88,2.15,1.71,1.42,1.24,1.72,7.5,2.48,1.67,9.0,2.3,3.7,5.5,1.4,2.75,8.0,21.0,2.75,1.4,1.08,1.02,1.22,2.1,4.5,11.0,4.0,1.67,1.18,1.05,0,0,0,0,3,0,1,0,2,2,1,1713061800,12,0,84,13,46,0,-1,2,1,0,2,0,0,2,0,1,1,2,0,2,2,1,12,13,29,28,1.63,0.68,2.31,0,1,0,1,0,0,1,1,0,1,0,2,0,0,1,12,10,-1,-1,-1,-1,-1,-1,29,59,71,100,100,59,84,100,63,10.17,3.25,4.67,3.59,/clubs/san-jose-earthquakes-15,teams/usa-san-jose-earthquakes.png,SJ Earthquakes,/clubs/colorado-rapids-12,teams/usa-colorado-rapids.png,Colorado Rapids,0.76,0.94,1.0,1.25,0.43,1.29,71,42,29,0,0,75,75,46,1.18,1.42,2.6,/usa/colorado-rapids-vs-san-jose-earthquakes-h2h-stats#7295343,10977,34,True,True,True,False,False,False,False,[],"['10', '60', '80']"
MLS,2024,10977,7295344,1016,16,2024,complete,106200,8,-1,"['55', '63']","['73', '77']",2,2,4,7,5,12,4,2,2,5,0,0,6,5,7,2,13,7,11,8,62,38,13889.0,40852.0,12.0,,,2,5,1.91,3.9,3.5,1.04,1.19,1.57,2.53,4.44,2.38,4.96,2.15,1.56,1.22,1.57,2.25,3.2,1.3,4.75,1.15,1.32,1.27,1.6,2.5,2.38,3.75,2.25,2.75,3.4,0,0,1.27,1.5,1.86,2.35,3.1,3.15,2.33,1.83,1.49,1.28,1.68,7.5,2.55,1.62,10.0,2.3,3.9,6.5,1.29,2.38,5.5,15.0,3.5,1.53,1.14,1.03,1.17,1.8,3.5,8.0,5.0,1.91,1.29,1.08,0,0,0,0,4,0,0,2,2,4,0,1713119400,-1,0,67,0,42,0,-1,2,1,3,2,4,3,5,7,1,3,1,2,4,3,1,67,39,105,84,1.73,1.08,2.81,0,0,0,0,0,0,1,1,0,0,1,0,0,0,1,19,15,-1,-1,-1,-1,-1,-1,17,42,71,100,100,0,100,100,71,7.92,2.67,5.33,3.29,/clubs/atlanta-united-fc-1016,teams/usa-atlanta-united-fc.png,Atlanta United FC,/clubs/philadelphia-union-16,teams/usa-philadelphia-union.png,Philadelphia Union,1.39,1.18,3.0,2.0,1.67,2.0,84,59,29,0,0,67,42,29,1.84,1.39,3.23,/usa/philadelphia-union-vs-atlanta-united-fc-h2h-stats#7295344,10977,34,True,True,True,True,False,False,True,"['55', '63']","['73', '77']"
MLS,2024,10977,7295345,945555,698284,2024,complete,106200,8,-1,['57'],[],1,0,1,5,6,11,2,2,2,2,0,0,4,0,5,2,9,2,14,16,38,62,15.0,36880.0,2339.0,,,2,2,1.73,4.2,4.0,1.03,1.14,1.6,2.25,4.1,12.0,4.7,2.1,1.55,1.2,1.57,2.25,2.8,1.38,5.5,1.11,1.22,1.25,2.1,2.25,2.4,4.5,2.0,2.7,4.0,0,0,1.25,1.49,1.83,2.32,3.0,3.25,2.35,1.86,1.5,1.29,1.54,8.0,2.95,1.44,10.0,2.75,3.45,8.0,1.29,2.38,5.5,15.0,3.5,1.53,1.14,1.03,1.17,1.73,3.5,8.0,5.0,2.0,1.29,1.08,0,0,0,0,1,0,0,1,0,1,0,1713127500,945555,0,25,13,13,0,-1,2,1,2,3,2,3,5,5,2,1,0,1,3,1,1,46,43,83,84,1.18,0.45,1.64,0,0,0,0,0,0,1,1,0,0,0,0,1,1,1,16,26,-1,-1,-1,-1,-1,-1,0,13,13,63,63,13,50,63,13,6.0,2.0,5.75,1.5,/clubs/st-louis-city-sc-945555,teams/usa-st-louis-city-sc.png,St. Louis City,/clubs/austin-fc-698284,teams/usa-austin-fc.png,Austin,1.53,0.94,1.5,0.5,1.14,1.29,100,88,88,38,38,50,25,25,1.66,0.49,2.15,/usa/austin-fc-vs-st-louis-city-sc-h2h-stats#7295345,10977,34,True,False,False,False,False,False,False,['57'],[]
MLS,2024,10977,7295346,1016,8043,2024,complete,106200,9,-1,['59'],"['62', '64']",1,2,3,9,4,13,1,0,1,3,0,0,4,3,7,13,11,16,11,6,59,41,7.0,40852.0,40182.0,,,1,3,2.19,3.59,3.24,1.04,1.22,1.67,2.69,4.88,15.25,4.37,2.1,1.48,1.18,1.57,2.25,3.4,1.28,4.2,1.18,1.38,1.3,1.65,2.75,2.3,3.5,2.4,2.65,3.1,0,0,1.28,1.54,1.91,2.4,3.2,3.1,2.25,1.78,1.46,1.26,1.78,7.5,2.35,1.67,10.0,2.2,4.33,5.5,1.33,2.5,6.5,17.0,3.25,1.5,1.11,1.03,1.18,1.83,3.75,9.0,4.5,1.83,1.25,1.07,0,0,0,0,3,0,0,1,2,3,0,1713655800,8043,0,75,13,63,0,-1,2,1,2,3,7,1,5,8,0,0,1,3,0,4,1,62,46,120,90,1.43,1.55,2.98,0,0,0,0,0,0,1,1,0,0,1,0,0,0,1,2,4,-1,-1,-1,-1,-1,-1,13,25,75,100,100,13,63,100,75,9.75,5.75,5.75,3.13,/clubs/atlanta-united-fc-1016,teams/usa-atlanta-united-fc.png,Atlanta United FC,/clubs/fc-cincinnati-8043,teams/usa-fc-cincinnati.png,FC Cincinnati,1.39,1.94,2.5,1.75,1.57,1.5,88,75,25,0,0,63,50,38,1.81,1.37,3.18,/usa/atlanta-united-fc-vs-fc-cincinnati-h2h-stats#7295346,10977,37,True,True,True,False,False,False,True,['59'],"['62', '64']"
MLS,2024,10977,7295347,711351,1015,2024,complete,106200,9,-1,[],"['31', '49', '53']",0,3,3,11,5,16,6,4,1,1,0,0,1,5,4,4,5,9,8,14,57,43,84.0,404.0,25056.0,,,1,1,2.1,3.6,3.3,1.04,1.2,1.7,2.7,4.9,8.5,3.9,2.1,1.4,1.14,1.67,2.1,2.95,1.35,4.33,1.18,1.3,1.25,1.83,2.6,2.25,4.0,2.2,2.6,3.6,0,0,1.2,1.38,1.68,2.1,2.7,3.65,2.63,2.02,1.63,1.37,1.68,8.0,2.5,1.57,9.5,2.5,3.7,6.0,1.36,2.63,7.0,19.0,3.0,1.44,1.1,1.02,1.2,1.91,4.0,10.0,4.33,1.8,1.22,1.06,0,0,0,0,3,0,1,0,2,2,1,1713736800,1015,0,59,17,59,0,-1,2,1,5,3,6,2,8,8,0,0,1,1,0,2,1,47,35,114,72,0.74,1.17,1.92,0,0,0,0,0,0,1,1,0,0,0,1,0,0,1,23,11,-1,-1,-1,-1,-1,-1,29,29,46,88,100,17,75,88,71,10.67,4.33,6.25,2.92,/clubs/charlotte-fc-711351,teams/usa-charlotte-fc.png,Charlotte,/clubs/minnesota-united-fc-1015,teams/usa-minnesota-united-fc.png,Minnesota United,1.83,1.47,2.5,2.0,1.38,1.57,71,71,54,13,0,63,63,50,1.29,1.42,2.71,/usa/minnesota-united-fc-vs-charlotte-fc-h2h-stats#7295347,10977,37,True,True,True,False,False,False,False,[],"['31', '49', '53']"
MLS,2024,10977,7295348,9,20,2024,complete,106200,9,-1,"['51', '74']","['10', '57']",2,2,4,6,1,7,2,0,1,1,0,0,5,4,14,1,19,5,10,10,66,34,15.0,39282.0,28121.0,,,1,1,1.63,4.29,4.9,1.02,1.17,1.57,2.2,3.8,10.0,4.5,2.25,1.59,1.22,1.62,2.2,2.62,1.42,5.75,1.1,1.18,1.22,2.3,2.1,2.5,5.0,1.83,2.8,4.5,0,0,1.26,1.48,1.83,2.3,3.0,3.25,2.35,1.86,1.5,1.3,1.49,8.0,3.2,1.4,13.0,3.0,3.1,8.0,1.29,2.25,5.5,15.0,3.5,1.57,1.14,1.03,1.17,1.73,3.4,8.0,5.0,2.0,1.3,1.08,0,0,0,0,4,0,1,2,1,3,1,1713655800,-1,0,63,0,38,0,-1,2,1,3,1,3,0,4,3,0,0,1,1,0,2,1,96,31,157,64,2.25,0.83,3.07,0,0,0,0,0,0,1,1,0,1,0,0,0,0,1,3,1,-1,-1,-1,-1,-1,-1,25,25,63,75,100,25,75,75,75,7.25,5.75,3.0,3.0,/clubs/columbus-crew-9,teams/usa-columbus-crew.png,Columbus Crew,/clubs/portland-timbers-20,teams/usa-portland-timbers.png,Portland Timbers,1.89,0.83,2.5,1.0,1.63,1.13,75,75,38,25,0,25,25,25,1.5,1.21,2.71,/usa/columbus-crew-vs-portland-timbers-h2h-stats#7295348,10977,35,True,True,True,True,False,False,True,"['51', '74']","['10', '57']"
MLS,2024,10977,7295349,677446,677447,2024,complete,106200,9,-1,"['11', '39', '81']",['2'],3,1,4,4,6,10,2,2,2,1,0,0,7,6,1,6,8,12,14,12,52,48,31.0,647.0,24795.0,,,2,1,1.37,5.49,7.15,1.02,1.16,1.48,2.2,3.95,20.0,5.25,2.42,1.6,1.26,1.7,2.05,2.4,1.5,7.5,1.05,1.11,1.18,2.75,1.91,2.6,6.0,1.67,3.0,6.0,0,0,1.31,1.7,2.03,2.65,3.65,3.04,2.05,1.77,1.42,1.22,1.38,9.8,3.74,1.3,20.0,3.5,2.65,9.0,1.25,2.2,5.0,15.0,3.75,1.62,1.17,1.03,1.14,1.73,3.25,7.0,5.5,2.0,1.33,1.1,0,0,0,0,4,2,1,1,0,1,3,1713655800,677446,0,55,10,45,0,-1,2,1,3,4,1,2,7,3,2,0,0,1,2,1,1,29,64,75,115,1.21,1.65,2.86,1,0,1,0,0,0,1,1,0,1,0,2,0,0,1,4,5,-1,-1,-1,-1,-1,-1,45,55,55,100,100,45,75,90,80,8.1,4.7,5.2,3.55,/clubs/club-internacional-de-futbol-miami-677446,teams/usa-club-internacional-de-futbol-miami.png,Inter Miami,/clubs/nashville-sc-mls-677447,teams/usa-nashville-sc-mls.png,Nashville SC,2.11,0.88,1.6,0.5,1.67,1.0,55,45,45,0,0,55,45,45,1.59,0.73,2.32,/usa/club-internacional-de-futbol-miami-vs-nashville-sc-mls-h2h-stats#7295349,10977,34,True,True,True,True,False,False,True,"['11', '39', '81']",['2']
MLS,2024,10977,7295350,1,17,2024,complete,106200,9,-1,"['16', '88']","['22', '90+2']",2,2,4,1,8,9,1,2,4,2,0,0,4,2,2,3,6,5,11,8,53,47,13889.0,44644.0,21031.0,,,4,2,2.6,3.53,2.66,1.02,1.26,1.8,2.99,5.6,2.04,3.9,1.91,1.4,1.15,1.67,2.1,3.4,1.29,3.6,1.25,1.48,1.3,1.53,3.1,2.2,3.25,2.75,2.4,2.88,0,0,1.3,1.55,1.94,2.45,3.25,3.0,2.23,1.75,1.44,1.25,1.89,7.5,2.2,1.83,10.0,2.05,4.5,4.75,1.36,2.63,7.0,21.0,3.0,1.44,1.1,1.02,1.2,2.0,4.33,11.0,4.33,1.73,1.2,1.05,0,0,0,0,4,1,1,1,1,2,2,1713655800,-1,0,67,17,67,0,-1,2,1,0,2,1,4,2,5,2,1,2,1,3,3,1,47,46,118,111,1.02,0.81,1.82,0,1,0,1,0,0,1,1,0,0,0,0,1,1,1,3,5,-1,-1,-1,-1,-1,-1,34,34,84,100,100,34,100,100,84,10.67,5.0,4.33,3.5,/clubs/montreal-impact-1,teams/canada-montreal-impact.png,Montreal Impact,/clubs/orlando-city-sc-17,teams/usa-orlando-city-sc.png,Orlando City,1.67,1.56,3.0,1.0,1.43,1.14,67,67,17,0,0,84,34,34,1.21,1.21,2.42,/usa/montreal-impact-vs-orlando-city-sc-h2h-stats#7295350,10977,35,True,True,True,True,False,False,True,"['16', '88']","['22', '90+2']"
MLS,2024,10977,7295351,2,13401,2024,complete,106200,9,-1,"['20', '90+1']",[],2,0,2,7,4,11,1,2,1,2,0,0,8,1,6,7,14,8,10,10,48,52,13891.0,27505.0,13006.0,,,1,2,2.07,3.7,3.44,1.01,1.24,1.89,2.84,5.25,2.06,4.1,1.96,1.43,1.16,1.62,2.2,3.2,1.3,4.0,1.2,1.38,1.3,1.65,2.75,2.25,3.6,2.4,2.65,3.2,0,0,1.3,1.55,1.94,2.45,3.25,3.0,2.23,1.75,1.45,1.25,1.79,7.5,2.35,1.67,14.0,2.25,4.0,5.5,1.33,2.63,6.5,19.0,3.25,1.44,1.11,1.02,1.2,1.91,4.0,10.0,4.33,1.8,1.22,1.06,0,0,0,0,2,1,0,1,0,1,1,1713655800,2,0,75,25,25,0,-1,2,1,3,2,4,2,5,6,0,1,1,1,1,2,1,42,57,97,112,1.75,1.0,2.75,0,0,0,0,0,0,1,1,0,0,1,0,0,0,1,4,2,-1,-1,-1,-1,-1,-1,0,25,50,88,88,25,63,88,50,11.0,5.5,6.0,2.5,/clubs/new-york-city-fc-2,teams/usa-new-york-city-fc.png,New York City,/clubs/dc-united-13401,teams/usa-dc-united.png,DC United,1.89,1.35,1.75,1.0,1.0,1.25,100,75,50,13,13,75,75,50,1.64,1.21,2.85,/usa/new-york-city-fc-vs-dc-united-h2h-stats#7295351,10977,34,True,True,False,False,False,False,False,"['20', '90+1']",[]
MLS,2024,10977,7295352,19,11,2024,complete,106200,9,-1,['66'],[],1,0,1,0,8,8,0,1,3,2,0,0,8,6,2,5,10,11,11,15,39,61,14023.0,10856.0,13.0,,,3,2,2.17,3.57,3.28,1.01,1.21,1.73,2.72,4.9,9.9,3.75,2.0,1.38,1.12,1.62,2.2,3.2,1.3,4.2,1.18,1.36,1.31,1.66,2.75,2.25,3.6,2.4,2.59,3.1,0,0,1.29,1.54,1.92,2.45,3.25,3.0,2.25,1.77,1.45,1.26,1.78,7.5,2.38,1.67,9.9,2.25,4.0,5.75,1.33,2.63,6.5,19.0,3.25,1.44,1.11,1.02,1.2,1.91,4.0,10.0,4.33,1.8,1.22,1.06,0,0,0,0,1,0,0,1,0,1,0,1713655800,19,0,50,0,50,0,-1,2,1,0,5,0,3,5,3,2,2,1,0,4,1,1,33,50,75,120,1.43,1.49,2.92,1,0,0,0,1,0,1,1,0,0,0,0,1,0,1,4,4,-1,-1,-1,-1,-1,-1,17,50,50,84,100,0,50,100,67,10.67,4.67,4.67,3.0,/clubs/toronto-fc-19,teams/canada-toronto-fc.png,Toronto,/clubs/new-england-revolution-11,teams/usa-new-england-revolution.png,New England Revolution,1.24,0.71,2.0,0.0,1.25,0.57,84,50,50,17,0,84,67,50,1.41,1.15,2.56,/usa/new-england-revolution-vs-toronto-fc-h2h-stats#7295352,10977,34,True,False,False,False,False,False,False,['66'],[]
MLS,2024,10977,7295353,7,14,2024,complete,106200,9,-1,[],"['24', '33', '37', '90+3']",0,4,4,5,5,10,2,0,1,1,0,0,5,9,4,6,9,15,16,12,47,53,42.0,21081.0,8.0,,,1,1,2.27,3.53,3.12,1.04,1.25,1.72,2.9,5.5,13.0,4.0,1.9,1.42,1.15,1.62,2.2,3.3,1.28,4.0,1.2,1.4,1.25,1.65,2.88,2.25,3.5,2.5,2.6,3.0,0,0,1.28,1.53,1.91,2.43,3.2,3.05,2.25,1.78,1.45,1.26,1.79,7.5,2.35,1.73,9.5,2.2,4.33,5.5,1.33,2.63,6.5,19.0,3.25,1.44,1.11,1.02,1.18,1.83,3.75,10.0,4.5,1.83,1.25,1.06,0,0,0,0,4,0,3,0,1,1,3,1713659400,14,0,88,34,46,0,-1,2,1,1,3,4,2,4,6,1,1,0,0,2,0,1,54,53,137,104,1.33,1.96,3.29,0,0,0,0,0,0,1,1,0,0,0,1,0,0,1,22,25,-1,-1,-1,-1,-1,-1,17,17,63,100,100,34,88,100,59,11.17,5.83,4.08,3.29,/clubs/chicago-fire-7,teams/usa-chicago-fire.png,Chicago Fire,/clubs/real-salt-lake-14,teams/usa-real-salt-lake.png,Real Salt Lake,1.12,1.33,2.0,1.25,1.13,1.5,84,84,38,0,0,88,88,71,1.39,1.36,2.75,/usa/chicago-fire-vs-real-salt-lake-h2h-stats#7295353,10977,34,True,True,True,True,False,False,False,[],"['24', '33', '37', '90+3']"
MLS,2024,10977,7295354,6,698284,2024,complete,106200,9,-1,[],['86'],0,1,1,2,1,3,2,2,4,2,0,0,6,4,6,3,12,7,16,11,67,33,69.0,20.0,2339.0,,,4,2,1.76,3.79,4.6,1.03,1.26,1.92,3.1,5.5,13.0,4.0,1.93,1.4,1.15,1.8,1.95,2.4,1.5,5.0,1.13,1.2,1.2,2.15,2.3,2.3,5.0,2.0,2.7,4.33,0,0,1.3,1.55,1.94,2.48,3.3,2.95,2.23,1.75,1.44,1.25,1.52,8.0,3.05,1.44,9.5,2.88,2.95,7.5,1.36,2.63,7.0,19.0,3.0,1.44,1.1,1.02,1.2,2.0,4.33,11.0,4.33,1.73,1.2,1.05,0,0,0,0,1,0,0,0,1,1,0,1713659400,698284,0,38,13,13,0,-1,2,1,0,0,2,1,0,3,3,0,1,2,3,3,1,72,29,132,72,1.71,0.94,2.65,0,0,0,0,0,0,1,1,0,0,0,0,0,0,1,20,19,-1,-1,-1,-1,-1,-1,0,0,25,54,84,13,54,71,25,7.5,3.5,4.58,1.63,/clubs/houston-dynamo-6,teams/usa-houston-dynamo.png,Houston Dynamo,/clubs/austin-fc-698284,teams/usa-austin-fc.png,Austin,1.61,0.94,1.75,0.33,1.86,1.13,100,100,75,46,17,59,42,42,1.55,0.48,2.03,/usa/houston-dynamo-vs-austin-fc-h2h-stats#7295354,10977,34,True,False,False,False,False,False,False,[],['86']
MLS,2024,10977,7295355,8,945555,2024,complete,106200,9,-1,"['17', '65', '77']","['31', '45+3', '90+2']",3,3,6,2,6,8,2,0,3,2,0,0,4,7,2,8,6,15,15,20,59,41,3.0,18.0,36880.0,,,3,2,1.77,4.03,4.28,1.03,1.22,1.57,2.7,5.0,15.0,4.33,2.25,1.47,1.18,1.62,2.2,2.8,1.36,5.25,1.12,1.22,1.25,2.05,2.3,2.38,4.33,2.05,2.7,4.0,0,0,1.27,1.5,1.87,2.35,3.1,3.15,2.33,1.82,1.49,1.28,1.57,8.0,2.9,1.5,10.0,2.63,3.4,7.5,1.3,2.5,6.0,17.0,3.4,1.5,1.13,1.03,1.17,1.83,3.75,9.0,5.0,1.83,1.25,1.07,0,0,0,0,6,1,2,2,1,3,3,1713659400,-1,0,100,37,44,0,-1,2,1,0,3,2,3,3,5,1,0,2,2,1,4,1,26,49,106,105,0.87,1.79,2.66,0,0,0,0,0,0,1,1,0,0,0,0,0,0,1,21,19,-1,-1,-1,-1,-1,-1,47,80,90,100,100,57,100,90,80,11.93,1.8,5.4,4.44,/clubs/sporting-kansas-city-8,teams/usa-sporting-kansas-city.png,Sporting KC,/clubs/st-louis-city-sc-945555,teams/usa-st-louis-city-sc.png,St. Louis City,1.29,0.65,1.0,0.67,1.25,1.38,54,20,10,0,0,54,44,44,1.41,1.41,2.82,/usa/sporting-kansas-city-vs-st-louis-city-sc-h2h-stats#7295355,10977,34,True,True,True,True,True,True,True,"['17', '65', '77']","['31', '45+3', '90+2']"
MLS,2024,10977,7295356,12,13,2024,complete,106200,9,-1,"['45', '49']",['87'],2,1,3,3,8,11,0,3,0,3,0,0,4,3,4,5,8,8,13,9,46,54,52041.0,11435.0,21189.0,,,0,3,1.79,3.69,4.55,1.03,1.3,2.02,3.3,6.0,9.0,3.2,1.84,1.29,1.09,1.8,1.95,2.4,1.5,4.0,1.2,1.24,1.3,1.9,2.5,2.2,4.75,2.2,2.4,4.0,0,0,1.34,1.62,2.02,2.6,3.5,2.8,2.1,1.68,1.4,1.22,1.58,7.5,2.8,1.53,8.5,2.75,3.0,6.25,1.4,3.0,8.0,23.0,2.75,1.36,1.08,1.01,1.25,2.1,4.5,13.0,3.75,1.67,1.18,1.04,0,0,0,0,3,1,0,1,1,2,1,1713663000,12,0,67,17,67,0,-1,2,1,1,3,2,5,4,7,0,1,0,2,1,2,1,45,49,90,98,1.12,1.08,2.2,0,0,0,0,0,0,1,1,0,0,0,2,0,0,1,23,26,-1,-1,-1,-1,-1,-1,17,17,50,67,84,17,33,84,67,6.67,3.33,3.67,2.34,/clubs/colorado-rapids-12,teams/usa-colorado-rapids.png,Colorado Rapids,/clubs/fc-dallas-13,teams/usa-fc-dallas.png,FC Dallas,1.83,0.53,1.33,0.33,1.5,0.71,84,84,50,33,17,33,33,33,1.2,0.92,2.12,/usa/colorado-rapids-vs-fc-dallas-h2h-stats#7295356,10977,34,True,True,True,False,False,False,True,"['45', '49']",['87']
MLS,2024,10977,7295357,6490,4,2024,complete,106200,9,-1,"['67', '90+5']","['8', '81']",2,2,4,9,5,14,1,1,0,2,0,0,6,2,6,2,12,4,10,9,58,42,5016.0,39588.0,1313.0,,,0,2,1.8,3.7,4.5,1.03,1.29,1.97,3.2,5.75,9.0,3.3,1.88,1.3,1.1,1.8,1.95,2.55,1.45,4.33,1.18,1.22,1.3,1.95,2.5,2.2,4.5,2.2,2.5,4.0,0,0,1.33,1.6,2.0,2.55,3.45,2.85,2.14,1.7,1.41,1.23,1.58,7.5,2.8,1.53,12.0,2.63,3.1,6.0,1.4,2.75,8.0,21.0,2.75,1.4,1.08,1.02,1.22,2.1,4.5,13.0,4.0,1.67,1.18,1.04,0,0,0,0,4,0,1,2,1,3,1,1713666600,-1,0,55,33,13,0,-1,2,1,5,3,4,2,8,6,0,1,0,1,1,1,1,61,22,138,88,1.63,0.57,2.2,1,0,1,0,0,0,1,1,0,1,0,1,0,0,1,23,16,-1,-1,-1,-1,-1,-1,13,13,68,78,78,45,78,65,35,10.6,2.5,5.2,2.48,/clubs/los-angeles-fc-6490,teams/usa-los-angeles-fc.png,Los Angeles FC,/clubs/new-york-red-bulls-4,teams/usa-new-york-red-bulls.png,New York RB,2.15,1.33,2.5,1.6,1.38,1.88,88,88,33,23,23,68,58,45,1.92,1.09,3.01,/usa/new-york-red-bulls-vs-los-angeles-fc-h2h-stats#7295357,10977,38,True,True,True,True,False,False,True,"['67', '90+5']","['8', '81']"
MLS,2024,10977,7295358,18,5,2024,complete,106200,9,-1,[],"['58', '71']",0,2,2,6,3,9,2,3,1,3,2,0,1,4,5,3,6,7,6,9,37,63,13851.0,25.0,41087.0,,,5,3,2.04,3.51,3.69,1.04,1.3,1.95,3.25,6.5,12.0,3.6,1.9,1.35,1.12,1.75,2.0,2.7,1.4,4.33,1.18,1.28,1.24,1.88,2.6,2.2,4.0,2.25,2.55,3.6,0,0,1.3,1.57,1.97,2.5,3.4,2.9,2.18,1.73,1.43,1.24,1.63,7.5,2.7,1.57,9.5,2.5,3.3,6.25,1.36,2.75,7.0,21.0,3.0,1.4,1.1,1.02,1.22,2.0,4.33,11.0,4.0,1.73,1.2,1.05,0,0,0,0,2,0,0,0,2,2,0,1713666600,5,0,42,25,0,0,-1,2,1,2,2,4,1,4,5,1,1,2,2,2,4,1,40,67,58,141,0.74,1.23,1.96,0,0,0,0,0,0,1,1,0,0,0,1,0,0,1,12,16,-1,-1,-1,-1,-1,-1,17,42,42,84,84,42,59,59,42,10.67,3.83,4.33,2.67,/clubs/seattle-sounders-fc-18,teams/usa-seattle-sounders-fc.png,Seattle Sounders,/clubs/vancouver-whitecaps-fc-5,teams/canada-vancouver-whitecaps-fc.png,Vancouver Whitecaps,1.78,1.32,1.67,3.0,0.86,1.86,84,59,59,17,17,59,42,25,1.65,0.82,2.47,/usa/vancouver-whitecaps-fc-vs-seattle-sounders-fc-h2h-stats#7295358,10977,38,True,True,False,False,False,False,False,[],"['58', '71']"
MLS,2024,10977,7295359,10,15,2024,complete,106200,9,-1,"['14', '24', '30', '56']","['32', '58', '72']",4,3,7,3,5,8,2,2,2,4,1,0,8,7,2,5,10,12,9,12,60,40,13812.0,2.0,12956.0,,,4,4,1.45,4.8,6.0,1.03,1.1,1.55,1.95,3.34,2.72,5.35,2.3,1.8,1.26,1.53,2.38,2.9,1.36,7.0,1.07,1.18,1.21,2.36,2.05,2.6,4.75,1.83,3.04,4.33,0,0,1.24,1.29,1.52,1.87,2.32,3.35,3.05,2.3,1.82,1.5,1.45,9.0,3.3,1.4,23.0,2.88,3.3,8.5,1.22,2.1,4.5,13.0,4.0,1.67,1.18,1.04,1.13,1.62,3.0,6.5,6.0,2.2,1.36,1.11,0,0,0,0,7,3,1,1,2,3,4,1713744900,10,0,84,42,46,0,-1,2,1,2,1,1,4,3,5,1,1,2,3,2,5,1,65,41,100,81,1.67,1.55,3.21,1,1,1,1,0,0,1,1,0,0,0,1,1,0,1,15,15,-1,-1,-1,-1,-1,-1,29,29,67,84,100,42,84,71,59,6.17,1.08,5.83,3.5,/clubs/la-galaxy-10,teams/usa-la-galaxy.png,LA Galaxy,/clubs/san-jose-earthquakes-15,teams/usa-san-jose-earthquakes.png,SJ Earthquakes,2.57,0.47,1.67,0.0,1.88,0.38,71,71,34,17,0,71,54,38,1.52,1.2,2.72,/usa/la-galaxy-vs-san-jose-earthquakes-h2h-stats#7295359,10977,34,True,True,True,True,True,True,True,"['14', '24', '30', '56']","['32', '58', '72']"
MLS,2024,10977,7295360,698284,10,2024,complete,106200,10,-1,"['7', '19']",[],2,0,2,2,10,12,0,1,3,2,0,0,5,5,3,5,8,10,10,14,41,59,13864.0,2339.0,2.0,,,3,2,2.05,3.5,2.9,1.04,1.18,1.67,2.1,4.2,10.0,4.75,2.05,1.65,1.22,1.5,2.5,4.5,1.17,3.95,1.2,1.57,1.22,1.44,3.2,2.4,2.88,2.88,2.65,2.5,0,0,1.12,1.3,1.56,1.91,2.4,5.0,2.95,2.2,1.77,1.47,1.98,8.0,2.07,2.1,11.0,1.73,5.5,4.75,1.29,2.25,5.5,15.0,3.5,1.57,1.14,1.03,1.14,1.73,3.4,8.0,5.5,2.0,1.3,1.08,0,0,0,0,2,2,0,0,0,0,2,1714239900,698284,0,100,10,80,0,-1,2,1,2,5,0,5,7,5,2,2,1,0,4,1,1,31,85,61,124,1.08,1.6,2.68,0,0,0,0,0,0,1,1,1,0,0,1,0,1,1,9,16,-1,-1,-1,-1,-1,-1,20,70,100,100,100,30,70,90,90,11.4,3.0,3.6,4.1,/clubs/austin-fc-698284,teams/usa-austin-fc.png,Austin,/clubs/la-galaxy-10,teams/usa-la-galaxy.png,LA Galaxy,1.53,1.39,1.6,2.0,1.33,2.0,80,30,0,0,0,80,80,60,1.14,1.45,2.59,/usa/la-galaxy-vs-austin-fc-h2h-stats#7295360,10977,34,True,True,False,False,False,False,False,"['7', '19']",[]
MLS,2024,10977,7295361,8043,12,2024,complete,106200,10,-1,"['42', '64']",['72'],2,1,3,4,6,10,1,1,2,1,0,0,9,3,8,4,17,7,10,4,59,41,65601.0,40182.0,11435.0,,,2,1,1.7,3.6,4.0,1.04,1.25,1.75,2.95,5.5,13.5,3.95,1.95,1.41,1.15,1.78,2.05,2.5,1.48,5.0,1.13,1.22,1.27,2.05,2.2,2.25,4.7,2.0,2.7,4.3,0,0,1.19,1.36,1.64,2.02,2.6,3.85,2.7,2.08,1.67,1.4,1.58,8.0,2.75,1.52,13.0,2.65,3.0,7.5,1.35,2.55,5.75,19.0,3.05,1.45,1.1,1.02,1.17,1.9,3.7,9.5,3.8,1.72,1.2,1.05,0,0,0,0,3,1,0,1,1,2,1,1714260600,8043,0,53,23,10,0,-1,2,1,2,2,2,4,4,6,1,0,1,1,1,2,1,66,55,123,85,2.18,1.05,3.24,0,0,0,0,0,0,1,1,0,0,0,1,0,0,1,6,1,-1,-1,-1,-1,-1,-1,10,20,53,63,75,33,63,75,20,9.7,5.4,3.3,2.2,/clubs/fc-cincinnati-8043,teams/usa-fc-cincinnati.png,FC Cincinnati,/clubs/colorado-rapids-12,teams/usa-colorado-rapids.png,Colorado Rapids,1.47,0.94,1.25,1.6,1.67,1.67,90,80,48,38,25,70,58,48,1.28,1.27,2.55,/usa/colorado-rapids-vs-fc-cincinnati-h2h-stats#7295361,10977,36,True,True,True,False,False,False,True,"['42', '64']",['72']
MLS,2024,10977,7295362,9,1,2024,complete,106200,10,-1,[],[],0,0,0,6,3,9,2,1,1,4,0,0,4,3,4,4,8,7,9,17,66,34,45098.0,39282.0,44644.0,,,1,4,1.5,4.0,5.0,1.02,1.2,1.6,2.6,4.5,17.0,4.5,2.2,1.5,1.2,1.7,2.05,2.4,1.5,6.25,1.08,1.12,1.17,2.6,2.05,2.5,5.5,1.8,2.9,5.0,0,0,1.27,1.5,1.86,2.35,3.1,3.15,2.33,1.83,1.49,1.28,1.43,8.5,3.45,1.36,11.0,3.2,2.75,8.5,1.29,2.38,5.5,15.0,3.5,1.53,1.14,1.03,1.17,1.8,3.5,9.0,5.0,1.91,1.29,1.07,0,0,0,0,0,0,0,0,0,0,0,1714260600,-1,0,55,17,47,0,-1,2,1,1,2,5,1,3,6,0,1,1,3,1,4,1,54,34,136,55,1.19,0.9,2.09,0,0,0,0,0,0,1,1,0,0,1,1,0,0,1,9,1,-1,-1,-1,-1,-1,-1,25,35,64,74,92,25,64,82,65,8.13,4.63,4.23,3.05,/clubs/columbus-crew-9,teams/usa-columbus-crew.png,Columbus Crew,/clubs/montreal-impact-1,teams/canada-montreal-impact.png,Montreal Impact,1.89,0.82,2.2,1.17,1.56,1.38,75,65,37,27,9,35,35,19,1.65,0.96,2.61,/usa/montreal-impact-vs-columbus-crew-h2h-stats#7295362,10977,35,False,False,False,False,False,False,False,[],[]
MLS,2024,10977,7295363,13401,18,2024,complete,106200,10,-1,"['32', '45']",['14'],2,1,3,4,6,10,1,1,5,1,0,1,6,6,5,2,11,8,20,5,58,42,13812.0,13006.0,25.0,,,5,3,2.15,3.3,2.87,1.05,1.25,1.8,3.0,5.75,9.5,3.75,1.95,1.38,1.13,1.7,2.05,3.25,1.3,3.8,1.22,1.4,1.25,1.57,3.0,2.2,3.5,2.6,2.5,3.0,0,0,1.29,1.53,1.92,2.43,3.2,3.05,2.25,1.77,1.46,1.26,1.81,7.5,2.32,1.73,9.5,2.2,4.33,5.0,1.36,2.75,7.0,21.0,3.0,1.4,1.1,1.02,1.22,2.0,4.33,11.0,4.0,1.73,1.2,1.05,0,0,0,0,3,2,1,0,0,0,3,1714260600,13401,0,63,25,50,0,-1,2,1,2,1,2,5,3,7,3,2,2,0,5,2,1,56,54,108,75,1.53,1.32,2.84,1,0,1,0,0,0,1,1,0,0,0,0,1,0,1,3,1,-1,-1,-1,-1,-1,-1,25,50,63,63,88,38,75,75,63,12.5,2.0,6.25,2.88,/clubs/dc-united-13401,teams/usa-dc-united.png,DC United,/clubs/seattle-sounders-fc-18,teams/usa-seattle-sounders-fc.png,Seattle Sounders,1.0,1.5,1.5,0.25,1.11,0.75,75,50,38,38,13,75,75,50,1.75,1.34,3.09,/usa/seattle-sounders-fc-vs-dc-united-h2h-stats#7295363,10977,34,True,True,True,False,False,False,True,"['32', '45']",['14']
MLS,2024,10977,7295364,11,677446,2024,complete,106200,10,-1,['1'],"['32', '67', '83', '88']",1,4,5,2,4,6,0,2,0,0,0,0,1,6,5,4,6,10,4,10,44,56,69.0,13.0,647.0,,,0,0,2.7,3.5,2.15,1.03,1.18,1.8,2.25,4.75,11.0,4.75,1.91,1.57,1.18,1.53,2.38,4.75,1.15,3.6,1.25,1.65,1.2,1.4,3.5,2.4,2.63,3.1,2.75,2.38,0,0,1.27,1.5,1.87,2.35,3.1,3.15,2.32,1.82,1.48,1.28,2.08,7.5,1.98,2.2,11.0,1.67,5.5,4.33,1.29,2.25,5.5,15.0,3.5,1.57,1.14,1.03,1.14,1.73,3.4,8.0,5.5,2.0,1.3,1.08,0,0,0,0,5,1,1,0,3,3,2,1714260600,677446,0,63,38,38,0,-1,2,-1,0,1,2,3,1,5,0,0,0,0,0,0,1,44,44,91,133,0.78,1.39,2.17,0,0,0,0,0,0,1,1,1,0,0,0,-1,-1,1,2,6,-1,-1,-1,-1,-1,-1,13,38,50,75,100,38,75,63,63,10.5,3.25,5.25,2.75,/clubs/new-england-revolution-11,teams/usa-new-england-revolution.png,New England Revolution,/clubs/club-internacional-de-futbol-miami-677446,teams/usa-club-internacional-de-futbol-miami.png,Inter Miami,1.12,2.06,1.0,1.75,0.5,1.8,88,63,50,25,0,75,50,25,1.5,1.27,2.77,/usa/new-england-revolution-vs-club-internacional-de-futbol-miami-h2h-stats#7295364,10977,34,True,True,True,True,True,False,True,['1'],"['32', '67', '83', '88']"
MLS,2024,10977,7295365,4,5,2024,complete,106200,10,-1,['56'],['15'],1,1,2,6,4,10,0,2,4,3,1,0,9,4,1,2,10,6,11,8,59,41,14023.0,1313.0,41087.0,,,6,3,1.73,3.4,4.0,1.05,1.3,1.95,3.4,6.5,12.0,3.6,1.8,1.33,1.12,1.91,1.91,2.3,1.55,4.75,1.15,1.2,1.22,2.15,2.3,2.2,5.0,2.0,2.55,4.5,0,0,1.18,1.34,1.6,1.97,2.48,3.95,2.8,2.14,1.72,1.44,1.48,8.5,3.15,1.5,9.5,2.88,2.8,7.0,1.4,2.75,8.0,21.0,2.75,1.4,1.08,1.02,1.22,2.1,4.5,13.0,4.0,1.67,1.18,1.04,0,0,0,0,2,0,1,1,0,1,1,1714260600,-1,0,33,17,17,0,-1,2,1,2,2,4,2,4,6,2,2,3,1,4,4,1,80,44,132,88,1.85,0.99,2.84,0,0,0,0,0,0,1,1,0,0,0,0,0,0,1,4,1,-1,-1,-1,-1,-1,-1,0,33,50,84,84,17,50,67,67,7.67,4.66,2.67,2.5,/clubs/new-york-red-bulls-4,teams/usa-new-york-red-bulls.png,New York RB,/clubs/vancouver-whitecaps-fc-5,teams/canada-vancouver-whitecaps-fc.png,Vancouver Whitecaps,1.61,1.32,2.33,3.0,1.78,2.0,100,67,50,17,17,50,17,17,1.58,0.95,2.53,/usa/new-york-red-bulls-vs-vancouver-whitecaps-fc-h2h-stats#7295365,10977,38,True,True,False,False,False,False,True,['56'],['15']
MLS,2024,10977,7295366,2,711351,2024,complete,106200,10,-1,"['41', '90+3']",['3'],2,1,3,6,3,9,1,6,0,3,0,0,7,7,5,0,12,7,12,15,58,42,13967.0,27505.0,404.0,,,0,3,1.73,3.5,4.0,1.05,1.33,2.05,3.55,7.0,9.0,3.3,1.7,1.28,1.09,1.91,1.91,2.35,1.53,4.33,1.18,1.2,1.22,1.95,2.4,2.2,4.75,2.1,2.45,4.33,0,0,1.21,1.38,1.68,2.1,2.7,3.65,2.63,2.0,1.62,1.37,1.56,8.5,2.88,1.53,9.0,2.75,2.88,6.5,1.4,3.0,8.0,23.0,2.75,1.36,1.08,1.01,1.25,2.1,5.0,13.0,3.75,1.67,1.17,1.04,0,0,0,0,3,1,1,1,0,1,2,1714260600,2,0,55,35,0,0,-1,2,1,3,1,3,2,4,5,0,1,0,2,1,2,1,60,50,119,100,1.69,1.3,2.99,0,0,0,0,0,0,1,1,0,1,0,0,0,0,1,6,3,-1,-1,-1,-1,-1,-1,0,0,33,75,100,35,78,63,20,11.45,3.3,5.35,2.08,/clubs/new-york-city-fc-2,teams/usa-new-york-city-fc.png,New York City,/clubs/charlotte-fc-711351,teams/usa-charlotte-fc.png,Charlotte,1.89,1.05,2.0,0.25,1.22,1.22,100,100,68,25,0,88,88,43,1.66,1.1,2.76,/usa/new-york-city-fc-vs-charlotte-fc-h2h-stats#7295366,10977,37,True,True,True,False,False,False,True,"['41', '90+3']",['3']
MLS,2024,10977,7295367,17,19,2024,complete,106200,10,-1,['37'],"['87', '90']",1,2,3,3,4,7,3,5,4,4,0,0,3,4,3,5,6,9,11,13,48,52,7.0,21031.0,10856.0,,,4,4,1.6,3.7,4.5,1.03,1.22,1.75,2.75,5.25,11.0,4.2,1.95,1.44,1.15,1.91,1.91,2.3,1.55,5.5,1.11,1.14,1.17,2.4,2.0,2.4,6.0,1.73,2.7,5.5,0,0,1.18,1.3,1.54,1.88,2.33,4.0,2.95,2.25,1.81,1.5,1.4,9.5,3.6,1.33,11.0,3.4,2.5,8.0,1.33,2.5,6.0,17.0,3.25,1.5,1.13,1.03,1.18,1.83,3.75,10.0,4.5,1.83,1.25,1.06,0,0,0,0,3,1,0,0,2,2,1,1714260600,19,0,45,23,23,0,-1,2,1,0,1,3,3,1,6,0,1,4,3,1,7,1,47,58,112,103,0.94,1.27,2.22,0,0,0,0,0,0,1,1,0,0,0,0,0,0,1,1,0,-1,-1,-1,-1,-1,-1,23,33,43,68,78,33,78,68,33,11.1,4.5,5.9,2.43,/clubs/orlando-city-sc-17,teams/usa-orlando-city-sc.png,Orlando City,/clubs/toronto-fc-19,teams/canada-toronto-fc.png,Toronto,1.52,0.94,1.25,0.8,1.13,1.44,78,68,58,33,23,88,75,33,1.73,0.87,2.6,/usa/orlando-city-sc-vs-toronto-fc-h2h-stats#7295367,10977,34,True,True,True,False,False,False,True,['37'],"['87', '90']"
MLS,2024,10977,7295368,16,14,2024,complete,106200,10,-1,['50'],"['34', '89']",1,2,3,4,5,9,3,2,3,5,0,0,5,4,5,3,10,7,14,15,50,50,13891.0,12.0,8.0,,,3,5,1.75,3.6,3.7,1.04,1.22,1.67,2.7,5.0,10.0,4.2,2.05,1.45,1.17,1.67,2.1,2.95,1.35,4.75,1.15,1.25,1.22,1.85,2.5,2.3,4.0,2.2,2.6,3.6,0,0,1.26,1.48,1.83,2.3,3.0,3.25,2.35,1.86,1.5,1.29,1.62,8.0,2.7,1.57,10.0,2.5,3.55,6.5,1.33,2.5,6.5,19.0,3.25,1.5,1.11,1.02,1.18,1.83,3.75,10.0,4.5,1.83,1.25,1.06,0,0,0,0,3,0,1,1,1,2,1,1714260600,14,0,55,0,35,0,-1,2,1,4,2,0,3,6,3,0,1,3,4,1,7,1,47,35,102,104,1.33,0.99,2.32,0,0,0,0,0,0,1,1,0,0,1,1,0,0,1,7,5,-1,-1,-1,-1,-1,-1,0,35,45,100,100,10,90,100,45,14.4,7.3,3.1,2.8,/clubs/philadelphia-union-16,teams/usa-philadelphia-union.png,Philadelphia Union,/clubs/real-salt-lake-14,teams/usa-real-salt-lake.png,Real Salt Lake,1.0,1.33,2.0,1.6,1.86,1.67,100,65,55,0,0,90,90,80,1.47,1.48,2.95,/usa/real-salt-lake-vs-philadelphia-union-h2h-stats#7295368,10977,34,True,True,True,False,False,False,True,['50'],"['34', '89']"
MLS,2024,10977,7295369,7,1016,2024,complete,106200,10,-1,[],[],0,0,0,3,8,11,1,2,1,3,0,0,0,5,6,9,6,14,12,8,36,64,45125.0,21081.0,40852.0,,,1,3,2.05,3.1,3.3,1.04,1.2,1.73,2.25,4.2,10.0,4.5,2.0,1.57,1.22,1.53,2.38,3.55,1.25,4.5,1.17,1.36,1.22,1.67,2.75,2.38,3.4,2.4,2.65,3.0,0,0,1.17,1.32,1.57,1.94,2.43,4.1,2.88,2.18,1.75,1.45,1.75,8.0,2.4,1.67,10.0,2.2,4.33,6.25,1.29,2.38,5.5,15.0,3.5,1.53,1.14,1.03,1.17,1.73,3.5,8.0,5.0,2.0,1.29,1.08,0,0,0,0,0,0,0,0,0,0,0,1714264200,-1,0,54,25,25,0,-1,2,1,1,5,2,2,6,4,0,0,1,3,0,4,1,36,53,88,122,0.65,1.63,2.28,0,0,0,0,0,0,1,1,0,0,0,1,0,0,1,21,17,-1,-1,-1,-1,-1,-1,13,25,50,84,100,38,100,84,25,10.17,3.92,3.0,2.96,/clubs/chicago-fire-7,teams/usa-chicago-fire.png,Chicago Fire,/clubs/atlanta-united-fc-1016,teams/usa-atlanta-united-fc.png,Atlanta United FC,1.12,1.05,1.5,0.33,1.0,1.38,88,75,50,17,0,84,84,59,1.37,1.18,2.55,/usa/chicago-fire-vs-atlanta-united-fc-h2h-stats#7295369,10977,34,False,False,False,False,False,False,False,[],[]
MLS,2024,10977,7295370,13,6,2024,complete,106200,10,-1,"['55', '80']",[],2,0,2,9,1,10,1,1,3,2,0,1,5,0,10,1,15,1,20,10,56,44,19912.0,21189.0,20.0,,,3,4,2.37,3.1,2.75,1.08,1.42,2.1,4.33,9.0,8.5,2.9,1.65,1.22,1.07,1.95,1.8,2.8,1.38,2.95,1.35,1.44,1.3,1.55,3.4,2.0,3.5,2.88,2.3,3.0,0,0,1.28,1.53,1.9,2.4,3.15,3.1,2.28,1.79,1.47,1.27,1.87,7.5,2.23,1.83,7.5,2.2,4.0,4.33,1.5,3.4,10.0,17.0,2.5,1.3,1.06,1.01,1.29,2.38,5.5,15.0,3.5,1.53,1.14,1.03,0,0,0,0,2,0,0,2,0,2,0,1714264200,13,0,71,38,34,0,-1,2,1,3,1,6,0,4,6,2,1,1,2,3,3,1,62,18,115,47,1.75,0.2,1.95,0,0,0,0,0,0,1,1,0,0,0,0,0,1,1,16,17,-1,-1,-1,-1,-1,-1,0,13,71,71,88,38,71,75,34,8.92,3.08,3.0,2.42,/clubs/fc-dallas-13,teams/usa-fc-dallas.png,FC Dallas,/clubs/houston-dynamo-6,teams/usa-houston-dynamo.png,Houston Dynamo,1.88,1.5,1.0,2.0,0.63,1.63,100,88,29,29,13,46,46,46,1.49,0.87,2.36,/usa/houston-dynamo-vs-fc-dallas-h2h-stats#7295370,10977,34,True,True,False,False,False,False,False,"['55', '80']",[]
MLS,2024,10977,7295371,1015,8,2024,complete,106200,10,-1,"['2', '25']",['37'],2,1,3,5,4,9,0,5,2,1,0,0,5,3,2,3,7,6,17,12,37,63,15.0,25056.0,18.0,,,2,1,1.95,3.1,3.5,1.04,1.2,1.7,2.55,4.33,10.0,4.33,2.0,1.5,1.2,1.57,2.25,3.2,1.3,4.75,1.15,1.28,1.25,1.75,2.6,2.38,3.75,2.2,2.65,3.6,0,0,1.13,1.29,1.5,1.85,2.3,4.85,3.05,2.3,1.84,1.5,1.63,8.0,2.63,1.57,10.0,2.4,4.0,7.0,1.3,2.5,6.0,17.0,3.4,1.5,1.13,1.03,1.17,1.8,3.5,8.0,5.0,1.91,1.29,1.08,0,0,0,0,3,2,1,0,0,0,3,1714264200,1015,0,71,0,59,0,-1,2,1,4,1,1,3,5,4,1,1,1,0,2,1,1,33,57,91,136,1.04,1.02,2.06,0,0,0,0,0,0,1,1,1,0,1,0,0,0,1,10,21,-1,-1,-1,-1,-1,-1,0,17,29,84,84,0,38,84,59,10.5,2.17,4.42,2.13,/clubs/minnesota-united-fc-1015,teams/usa-minnesota-united-fc.png,Minnesota United,/clubs/sporting-kansas-city-8,teams/usa-sporting-kansas-city.png,Sporting KC,1.44,0.53,1.25,1.67,1.75,1.22,100,84,71,17,17,71,54,42,1.62,1.3,2.92,/usa/sporting-kansas-city-vs-minnesota-united-fc-h2h-stats#7295371,10977,34,True,True,True,False,False,False,True,"['2', '25']",['37']
MLS,2024,10977,7295372,677447,15,2024,complete,106200,10,-1,['19'],['63'],1,1,2,7,5,12,2,0,1,4,0,0,5,4,7,2,12,6,5,6,54,46,3.0,24795.0,12956.0,,,1,4,1.85,3.2,3.75,1.05,1.25,1.65,2.9,5.5,9.5,3.8,2.1,1.4,1.14,1.67,2.1,2.95,1.35,4.33,1.18,1.28,1.25,1.77,2.6,2.25,4.0,2.25,2.5,3.6,0,0,1.16,1.33,1.77,2.04,2.62,4.3,2.91,1.93,1.78,1.43,1.57,7.5,2.95,1.62,9.5,2.5,3.7,6.25,1.36,2.63,7.0,19.0,3.0,1.44,1.1,1.02,1.2,1.91,4.0,10.0,4.33,1.8,1.22,1.06,0,0,0,0,2,1,0,0,1,1,1,1714264200,-1,0,90,50,30,0,-1,2,1,4,3,3,2,7,5,1,2,0,2,3,2,1,61,30,109,96,1.55,0.89,2.44,0,0,0,0,0,0,1,1,0,0,1,1,1,0,1,20,21,-1,-1,-1,-1,-1,-1,20,40,90,90,90,50,80,70,50,7.4,2.4,5.6,3.7,/clubs/nashville-sc-mls-677447,teams/usa-nashville-sc-mls.png,Nashville SC,/clubs/san-jose-earthquakes-15,teams/usa-san-jose-earthquakes.png,SJ Earthquakes,1.24,0.47,1.2,0.0,0.88,0.33,80,60,10,10,10,50,50,50,1.02,1.27,2.29,/usa/san-jose-earthquakes-vs-nashville-sc-mls-h2h-stats#7295372,10977,34,True,True,False,False,False,False,True,['19'],['63']
MLS,2024,10977,7295373,6490,20,2024,complete,106200,10,-1,"['44', '45+4', '90+2']","['65', '73']",3,2,5,8,3,11,2,1,4,5,0,1,10,4,7,2,17,6,17,12,54,46,31.0,39588.0,28121.0,,,4,6,1.48,4.2,5.0,1.02,1.18,1.55,2.25,4.33,19.0,5.0,2.3,1.57,1.22,1.7,2.05,2.4,1.5,7.0,1.07,1.11,1.16,2.75,2.0,2.5,5.5,1.73,3.0,5.0,0,0,1.17,1.26,1.47,1.8,2.23,4.1,3.2,2.38,1.89,1.55,1.38,9.5,3.65,1.33,11.0,3.25,2.75,9.0,1.29,2.25,5.5,15.0,3.5,1.57,1.14,1.03,1.17,1.73,3.5,8.0,5.0,2.0,1.29,1.08,0,0,0,0,5,2,0,1,2,3,2,1714271400,6490,0,70,10,40,0,-1,2,1,3,0,5,3,3,8,0,0,4,6,0,10,1,83,36,125,101,2.37,0.93,3.31,0,0,0,0,0,0,1,1,0,0,1,0,0,0,1,14,22,-1,-1,-1,-1,-1,-1,30,50,80,80,90,40,90,70,70,9.0,2.6,3.8,3.4,/clubs/los-angeles-fc-6490,teams/usa-los-angeles-fc.png,Los Angeles FC,/clubs/portland-timbers-20,teams/usa-portland-timbers.png,Portland Timbers,2.15,0.83,2.2,1.0,1.33,1.11,70,50,20,20,10,50,50,40,1.87,1.14,3.01,/usa/portland-timbers-vs-los-angeles-fc-h2h-stats#7295373,10977,35,True,True,True,True,True,False,True,"['44', '45+4', '90+2']","['65', '73']"
MLS,2024,10977,7295374,5,698284,2024,complete,106200,11,-1,[],[],0,0,0,10,2,12,1,1,2,2,0,0,6,1,11,2,17,3,5,10,65,35,42.0,41087.0,2339.0,,,2,2,1.75,3.75,4.33,1.03,1.2,1.79,2.7,4.75,15.0,4.5,1.88,1.48,1.19,1.7,2.05,2.45,1.48,5.5,1.11,1.18,1.2,2.3,2.2,2.38,5.0,1.91,2.8,4.5,0,0,1.19,1.36,1.63,2.02,2.55,3.85,2.7,2.1,1.68,1.41,1.42,9.0,3.45,1.44,10.0,2.88,2.88,8.0,1.3,2.5,6.0,17.0,3.4,1.5,1.13,1.03,1.18,1.83,3.75,9.0,4.5,1.83,1.25,1.07,0,0,0,0,0,0,0,0,0,0,0,1714876200,-1,0,40,10,20,0,-1,2,1,4,2,6,0,6,6,1,2,1,0,3,1,1,75,22,123,59,2.04,0.43,2.46,0,0,0,0,0,0,1,1,0,0,0,0,0,0,1,16,11,-1,-1,-1,-1,-1,-1,10,30,40,63,88,30,53,78,40,4.15,2.65,4.25,2.3,/clubs/vancouver-whitecaps-fc-5,teams/canada-vancouver-whitecaps-fc.png,Vancouver Whitecaps,/clubs/austin-fc-698284,teams/usa-austin-fc.png,Austin,1.47,0.94,1.4,1.0,1.89,1.5,90,70,60,38,13,45,33,13,1.31,0.59,1.9,/usa/vancouver-whitecaps-fc-vs-austin-fc-h2h-stats#7295374,10977,34,False,False,False,False,False,False,False,[],[]
MLS,2024,10977,7295375,1016,1015,2024,complete,106200,11,-1,['82'],"['54', '60']",1,2,3,13,9,22,4,3,1,1,0,0,5,5,8,2,13,7,8,12,69,31,5016.0,40852.0,25056.0,,,1,1,1.75,4.0,4.2,1.01,1.12,1.59,2.28,3.58,11.0,5.0,2.16,1.61,1.23,1.53,2.38,3.0,1.33,6.0,1.09,1.22,1.22,2.14,2.2,2.5,4.33,1.95,2.91,4.0,0,0,1.17,1.32,1.55,1.91,2.4,4.1,2.9,2.2,1.77,1.47,1.55,8.5,2.88,1.44,19.5,2.63,3.55,8.0,1.25,2.2,5.0,13.0,3.75,1.62,1.17,1.04,1.14,1.67,3.25,7.0,5.5,2.1,1.33,1.1,0,0,0,0,3,0,0,1,2,3,0,1714865400,1015,0,55,13,55,0,-1,2,1,3,4,10,5,7,15,1,0,0,1,1,1,1,70,35,98,83,1.68,1.05,2.73,0,0,0,0,0,0,1,1,0,0,1,1,0,0,1,5,4,-1,-1,-1,-1,-1,-1,23,33,78,100,100,13,80,100,78,12.4,4.15,4.5,3.33,/clubs/atlanta-united-fc-1016,teams/usa-atlanta-united-fc.png,Atlanta United FC,/clubs/minnesota-united-fc-1015,teams/usa-minnesota-united-fc.png,Minnesota United,1.39,1.47,2.0,2.25,1.33,1.89,78,68,23,0,0,80,80,80,1.73,1.36,3.09,/usa/minnesota-united-fc-vs-atlanta-united-fc-h2h-stats#7295375,10977,37,True,True,True,False,False,False,True,['82'],"['54', '60']"
MLS,2024,10977,7295376,711351,20,2024,complete,106200,11,-1,"['54', '90+1']",[],2,0,2,3,3,6,0,3,5,2,0,0,3,3,6,3,9,6,9,14,46,54,13891.0,404.0,28121.0,,,5,2,1.95,3.75,3.5,1.04,1.2,1.53,2.55,4.5,10.0,4.33,2.3,1.5,1.2,1.62,2.2,3.0,1.33,5.0,1.13,1.27,1.26,1.92,2.38,2.38,4.33,2.05,2.71,3.75,0,0,1.26,1.49,1.85,2.33,3.05,3.2,2.35,1.84,1.5,1.29,1.65,7.5,2.65,1.5,15.75,2.6,3.55,7.0,1.3,2.38,6.0,17.0,3.4,1.53,1.13,1.03,1.17,1.8,3.5,9.0,5.0,1.91,1.29,1.07,0,0,0,0,2,0,0,2,0,2,0,1714865400,711351,0,62,0,45,0,-1,2,1,2,1,1,2,3,3,2,2,3,0,4,3,1,41,34,99,81,1.08,0.84,1.93,0,0,0,0,0,0,1,1,0,0,0,0,0,0,1,4,2,-1,-1,-1,-1,-1,-1,35,44,62,82,100,25,80,82,82,7.1,3.97,4.97,3.3,/clubs/charlotte-fc-711351,teams/usa-charlotte-fc.png,Charlotte,/clubs/portland-timbers-20,teams/usa-portland-timbers.png,Portland Timbers,1.83,0.83,2.0,0.83,1.1,1.0,65,57,39,19,0,37,37,27,1.18,1.1,2.28,/usa/portland-timbers-vs-charlotte-fc-h2h-stats#7295376,10977,35,True,True,False,False,False,False,False,"['54', '90+1']",[]
MLS,2024,10977,7295377,13401,16,2024,complete,106200,11,-1,"['9', '33']","['42', '79']",2,2,4,4,5,9,3,2,1,3,0,0,5,3,0,3,5,6,14,11,48,52,13967.0,13006.0,12.0,,,1,3,2.8,3.1,2.63,1.05,1.22,1.65,2.6,4.75,9.5,4.2,2.06,1.48,1.18,1.53,2.38,3.5,1.25,4.2,1.18,1.42,1.29,1.62,2.88,2.3,3.4,2.5,2.6,3.0,0,0,1.19,1.36,1.62,2.0,2.55,3.85,2.75,2.1,1.7,1.42,1.83,8.0,2.25,1.73,9.5,2.2,4.5,5.75,1.33,2.5,6.5,17.0,3.25,1.5,1.11,1.03,1.17,1.8,3.5,9.0,5.0,1.91,1.29,1.07,0,0,0,0,4,2,1,0,1,1,3,1714865400,-1,0,90,30,50,0,-1,2,1,1,2,3,3,3,6,0,3,1,0,3,1,1,44,33,107,78,1.0,0.84,1.84,0,0,0,0,0,0,1,1,1,0,0,0,0,0,1,1,2,-1,-1,-1,-1,-1,-1,10,60,80,90,100,30,80,90,70,11.4,4.0,8.0,3.4,/clubs/dc-united-13401,teams/usa-dc-united.png,DC United,/clubs/philadelphia-union-16,teams/usa-philadelphia-union.png,Philadelphia Union,1.0,1.18,1.8,1.8,1.3,1.44,90,40,20,10,0,100,80,60,1.71,1.33,3.04,/usa/philadelphia-union-vs-dc-united-h2h-stats#7295377,10977,34,True,True,True,True,False,False,True,"['9', '33']","['42', '79']"
MLS,2024,10977,7295378,677446,4,2024,complete,106200,11,-1,"['48', '50', '62', '68', '75', '81']","['30', '90+7']",6,2,8,3,3,6,0,1,1,3,0,0,7,5,5,7,12,12,6,13,58,42,45098.0,647.0,1313.0,,,1,3,1.95,3.75,3.5,1.03,1.2,1.65,2.47,4.35,17.5,4.78,2.06,1.53,1.21,1.62,2.2,2.95,1.35,5.25,1.12,1.25,1.2,2.05,2.38,2.4,4.33,2.05,2.8,3.75,0,0,1.25,1.48,1.82,2.28,3.0,3.25,2.38,1.87,1.52,1.3,1.57,8.0,2.88,1.5,17.0,2.6,3.5,7.5,1.3,2.38,6.0,17.0,3.4,1.53,1.13,1.03,1.17,1.8,3.5,9.0,5.0,1.91,1.29,1.07,0,0,0,0,8,0,1,6,1,7,1,1714865400,677446,0,67,33,25,0,-1,2,1,3,2,0,1,5,1,0,3,1,0,3,1,1,24,43,83,137,1.43,1.44,2.86,0,1,0,1,0,0,1,1,0,0,0,1,0,0,1,1,2,-1,-1,-1,-1,-1,-1,17,42,67,92,92,42,92,83,42,9.17,4.0,5.17,3.09,/clubs/club-internacional-de-futbol-miami-677446,teams/usa-club-internacional-de-futbol-miami.png,Inter Miami,/clubs/new-york-red-bulls-4,teams/usa-new-york-red-bulls.png,New York RB,2.11,1.33,1.83,1.5,1.91,1.7,84,58,33,9,9,67,50,42,1.52,1.0,2.52,/usa/new-york-red-bulls-vs-club-internacional-de-futbol-miami-h2h-stats#7295378,10977,37,True,True,True,True,True,True,True,"['48', '50', '62', '68', '75', '81']","['30', '90+7']"
MLS,2024,10977,7295379,17,8043,2024,complete,106200,11,-1,[],['1'],0,1,1,5,3,8,3,2,4,3,1,1,3,3,2,2,5,5,12,19,41,59,31.0,21031.0,40182.0,,,6,4,2.05,3.2,3.75,1.02,1.25,1.83,2.8,5.0,10.0,3.6,2.03,1.38,1.13,1.62,2.2,3.0,1.33,4.33,1.18,1.33,1.3,1.73,2.63,2.25,3.75,2.38,2.5,3.4,0,0,1.21,1.4,1.68,2.1,2.7,3.6,2.6,2.02,1.62,1.37,1.68,8.0,2.5,1.62,10.25,2.38,3.9,6.25,1.33,2.63,6.5,19.0,3.25,1.44,1.11,1.02,1.2,1.91,4.0,10.0,4.33,1.8,1.22,1.06,0,0,0,0,1,0,1,0,0,0,1,1714865400,8043,0,80,20,50,0,-1,2,1,3,1,2,2,4,4,2,0,3,4,2,7,1,50,37,107,102,0.9,0.81,1.71,0,0,0,0,0,0,1,1,0,1,3,0,0,0,1,2,1,-1,-1,-1,-1,-1,-1,10,10,60,90,90,20,60,90,60,11.6,6.0,5.4,2.6,/clubs/orlando-city-sc-17,teams/usa-orlando-city-sc.png,Orlando City,/clubs/fc-cincinnati-8043,teams/usa-fc-cincinnati.png,FC Cincinnati,1.52,1.94,1.0,2.0,1.0,1.8,90,90,40,10,10,70,50,30,1.57,1.41,2.98,/usa/orlando-city-sc-vs-fc-cincinnati-h2h-stats#7295379,10977,37,True,False,False,False,False,False,False,[],['1']
MLS,2024,10977,7295380,15,6490,2024,complete,106200,11,-1,"['5', '55', '59']",['69'],3,1,4,4,7,11,0,2,2,2,0,0,3,7,7,6,10,13,15,15,39,61,13864.0,12956.0,39588.0,,,2,2,2.8,3.6,2.3,1.01,1.16,1.53,2.4,4.2,10.5,4.4,2.3,1.48,1.17,1.53,2.38,4.5,1.17,3.6,1.25,1.68,1.28,1.39,3.4,2.38,2.75,3.0,2.71,2.5,0,0,1.18,1.34,1.61,1.98,2.5,4.0,2.8,2.12,1.7,1.42,2.17,8.0,1.89,2.2,16.5,1.73,6.0,4.5,1.29,2.38,5.5,17.0,3.5,1.53,1.14,1.03,1.17,1.8,3.5,8.0,5.0,1.91,1.29,1.08,0,0,0,0,4,1,0,2,1,3,1,1714865400,15,0,50,25,38,0,-1,2,1,2,3,2,4,5,6,1,1,1,1,2,2,1,33,62,92,133,1.09,1.77,2.86,0,0,0,0,0,0,1,1,1,0,1,0,1,0,1,7,6,-1,-1,-1,-1,-1,-1,25,50,75,100,100,63,88,88,63,10.75,3.5,6.5,3.5,/clubs/san-jose-earthquakes-15,teams/usa-san-jose-earthquakes.png,SJ Earthquakes,/clubs/los-angeles-fc-6490,teams/usa-los-angeles-fc.png,Los Angeles FC,0.76,1.5,0.75,0.25,0.4,1.5,75,50,25,0,0,75,75,50,1.29,1.49,2.78,/usa/san-jose-earthquakes-vs-los-angeles-fc-h2h-stats#7295380,10977,34,True,True,True,True,False,False,True,"['5', '55', '59']",['69']
MLS,2024,10977,7295381,19,13,2024,complete,106200,11,-1,"['45+3', '52', '82']",['87'],3,1,4,6,4,10,5,2,2,2,0,0,6,2,2,4,8,6,11,7,57,43,84.0,10856.0,21189.0,,,2,2,1.95,3.6,3.6,1.02,1.28,2.0,3.28,6.2,8.8,3.22,1.85,1.27,1.07,1.8,1.95,2.88,1.36,3.6,1.25,1.35,1.31,1.67,2.88,2.1,3.75,2.5,2.46,3.25,0,0,1.22,1.43,1.74,2.18,2.8,3.5,2.5,1.95,1.58,1.34,1.74,7.5,2.43,1.73,8.8,2.3,3.6,5.25,1.4,3.0,8.0,23.0,2.75,1.36,1.08,1.01,1.25,2.1,4.5,13.0,3.75,1.67,1.18,1.04,0,0,0,0,4,1,0,2,1,3,1,1714865400,19,0,50,0,50,0,-1,2,1,4,2,2,2,6,4,0,1,2,1,1,3,1,43,28,95,116,1.25,0.74,1.99,1,0,0,0,1,0,1,1,0,0,0,0,0,1,1,3,5,-1,-1,-1,-1,-1,-1,0,13,50,63,88,0,38,88,50,7.75,4.5,4.25,2.13,/clubs/toronto-fc-19,teams/canada-toronto-fc.png,Toronto,/clubs/fc-dallas-13,teams/usa-fc-dallas.png,FC Dallas,1.24,0.53,2.25,0.25,1.6,0.89,100,88,50,38,13,63,50,50,1.42,0.96,2.38,/usa/fc-dallas-vs-toronto-fc-h2h-stats#7295381,10977,34,True,True,True,True,False,False,True,"['45+3', '52', '82']",['87']
MLS,2024,10977,7295382,7,11,2024,complete,106200,11,-1,[],['62'],0,1,1,7,4,11,2,0,1,4,0,0,3,4,9,5,12,9,6,15,51,49,19856.0,21081.0,13.0,,,1,4,2.15,3.6,3.1,1.03,1.22,1.65,2.8,5.0,15.0,4.33,2.06,1.45,1.18,1.62,2.2,3.0,1.33,4.75,1.15,1.32,1.22,1.85,2.5,2.3,4.0,2.2,2.65,3.6,0,0,1.19,1.36,1.64,2.04,2.55,3.85,2.7,2.08,1.67,1.4,1.67,8.0,2.55,1.57,10.0,2.5,3.7,6.5,1.33,2.5,6.5,19.0,3.25,1.5,1.11,1.02,1.18,1.83,3.75,10.0,4.5,1.83,1.25,1.06,0,0,0,0,1,0,0,0,1,1,0,1714872300,11,0,55,20,45,0,-1,2,1,1,0,6,4,1,10,0,1,1,3,1,4,1,84,35,90,89,1.57,1.11,2.68,0,0,0,0,0,0,1,1,0,0,0,0,0,0,1,36,25,-1,-1,-1,-1,-1,-1,23,45,65,78,90,30,65,90,58,10.5,3.5,4.55,3.2,/clubs/chicago-fire-7,teams/usa-chicago-fire.png,Chicago Fire,/clubs/new-england-revolution-11,teams/usa-new-england-revolution.png,New England Revolution,1.12,0.71,1.4,0.0,1.0,0.44,78,55,35,23,10,75,75,43,1.23,1.23,2.46,/usa/chicago-fire-vs-new-england-revolution-h2h-stats#7295382,10977,34,True,False,False,False,False,False,False,[],['62']
MLS,2024,10977,7295383,6,945555,2024,complete,106200,11,-1,[],[],0,0,0,5,7,12,-1,-1,1,2,0,0,7,3,11,10,18,13,7,12,67,33,65601.0,20.0,36880.0,,,1,2,1.91,3.6,3.75,1.04,1.28,1.88,3.2,6.0,12.0,3.75,1.98,1.36,1.13,1.75,2.0,2.8,1.38,4.5,1.17,1.28,1.25,1.85,2.6,2.2,4.0,2.25,2.55,3.6,0,0,1.21,1.4,1.7,2.1,2.7,3.6,2.6,2.0,1.62,1.37,1.61,8.0,2.7,1.57,9.5,2.5,3.45,6.5,1.36,2.75,7.0,21.0,3.0,1.4,1.1,1.02,1.22,2.0,4.33,11.0,4.0,1.73,1.2,1.05,0,0,0,0,0,0,0,0,0,0,0,1714869000,-1,0,80,35,48,0,-1,2,1,4,3,1,4,7,5,0,0,1,2,0,3,1,43,42,109,82,1.94,1.33,3.27,0,0,0,0,0,0,1,1,0,0,1,0,0,0,1,16,14,-1,-1,-1,-1,-1,-1,25,50,70,80,100,35,80,90,70,11.05,3.15,5.35,3.5,/clubs/houston-dynamo-6,teams/usa-houston-dynamo.png,Houston Dynamo,/clubs/st-louis-city-sc-945555,teams/usa-st-louis-city-sc.png,St. Louis City,1.61,0.65,1.4,0.75,1.44,1.33,75,50,30,20,0,45,45,45,1.58,1.51,3.09,/usa/houston-dynamo-vs-st-louis-city-sc-h2h-stats#7295383,10977,34,False,False,False,False,False,False,False,[],[]
MLS,2024,10977,7295384,677447,1,2024,complete,106200,11,-1,"['11', '20', '47', '81']",['64'],4,1,5,7,5,12,2,1,2,3,0,0,7,4,7,6,14,10,11,13,40,60,13812.0,24795.0,44644.0,,,2,3,2.1,3.4,3.4,1.04,1.26,1.57,3.1,5.5,13.0,4.0,2.21,1.4,1.15,1.67,2.1,2.7,1.4,4.75,1.15,1.25,1.22,1.98,2.5,2.3,4.33,2.2,2.65,3.75,0,0,1.26,1.57,1.9,2.43,3.28,3.34,2.39,1.8,1.55,1.27,1.59,9.2,2.81,1.53,9.5,2.6,3.3,7.0,1.33,2.63,6.5,19.0,3.25,1.44,1.11,1.02,1.2,1.91,4.0,10.0,4.33,1.8,1.22,1.06,0,0,0,0,5,2,0,2,1,3,2,1714869000,677447,0,63,31,23,0,-1,2,1,4,4,3,1,8,4,0,1,2,2,1,4,1,43,43,75,104,1.68,1.23,2.91,0,0,0,0,0,0,1,1,0,0,1,0,0,0,1,9,10,-1,-1,-1,-1,-1,-1,22,38,62,70,77,38,62,69,38,8.12,2.36,4.83,2.84,/clubs/nashville-sc-mls-677447,teams/usa-nashville-sc-mls.png,Nashville SC,/clubs/montreal-impact-1,teams/canada-montreal-impact.png,Montreal Impact,1.24,0.82,1.17,1.14,0.89,1.33,79,62,38,30,23,54,47,32,1.11,0.95,2.06,/usa/montreal-impact-vs-nashville-sc-mls-h2h-stats#7295384,10977,34,True,True,True,True,True,False,True,"['11', '20', '47', '81']",['64']
MLS,2024,10977,7295385,14,8,2024,complete,106200,11,-1,['81'],[],1,0,1,7,2,9,2,0,3,1,0,0,5,1,7,5,12,6,12,14,59,41,13841.0,8.0,18.0,,,3,1,2.0,3.4,3.75,1.01,1.22,1.62,2.75,5.0,14.5,4.33,2.11,1.47,1.18,1.67,2.1,2.65,1.42,5.25,1.12,1.2,1.22,2.1,2.3,2.38,4.5,2.0,2.75,4.33,0,0,1.19,1.36,1.63,2.02,2.55,3.9,2.75,2.1,1.68,1.41,1.49,8.5,3.1,1.5,10.0,2.75,3.2,8.0,1.33,2.5,6.0,17.0,3.25,1.5,1.13,1.03,1.18,1.83,3.75,9.0,4.5,1.83,1.25,1.07,0,0,0,0,1,0,0,1,0,1,0,1714872600,14,0,63,25,25,0,-1,2,1,3,0,4,2,3,6,1,0,2,1,1,3,1,49,26,108,91,1.47,0.65,2.12,0,0,0,0,0,0,1,1,0,0,1,0,0,0,1,19,22,-1,-1,-1,-1,-1,-1,0,25,63,75,75,38,50,50,38,10.5,5.0,5.5,2.38,/clubs/real-salt-lake-14,teams/usa-real-salt-lake.png,Real Salt Lake,/clubs/sporting-kansas-city-8,teams/usa-sporting-kansas-city.png,Sporting KC,2.06,0.53,1.75,1.25,1.8,1.1,100,75,38,25,25,63,38,38,1.35,1.23,2.58,/usa/sporting-kansas-city-vs-real-salt-lake-h2h-stats#7295385,10977,34,True,False,False,False,False,False,False,['81'],[]
MLS,2024,10977,7295386,2,12,2024,complete,106200,11,-1,[],"['16', '86']",0,2,2,4,3,7,3,1,1,1,0,0,3,4,10,3,13,7,8,7,67,33,3.0,27505.0,11435.0,,,1,1,1.93,3.4,3.98,1.05,1.27,1.85,3.3,5.9,12.25,3.77,1.85,1.33,1.14,1.75,2.0,2.55,1.45,4.75,1.15,1.23,1.3,1.95,2.4,2.25,4.5,2.1,2.6,4.0,0,0,1.22,1.41,1.71,2.14,2.75,3.55,2.55,1.98,1.6,1.36,1.55,8.0,2.9,1.5,12.0,2.75,3.2,7.0,1.36,2.63,7.0,21.0,3.0,1.44,1.1,1.02,1.2,2.0,4.0,11.0,4.33,1.73,1.22,1.05,0,0,0,0,2,0,1,0,1,1,1,1714939200,12,0,75,25,17,0,-1,2,1,1,1,3,2,2,5,1,1,0,0,2,0,1,81,33,153,94,1.63,0.97,2.6,0,0,0,0,0,0,1,1,0,0,0,1,0,0,1,23,21,-1,-1,-1,-1,-1,-1,9,17,67,100,100,33,92,100,42,9.84,4.67,3.84,2.92,/clubs/new-york-city-fc-2,teams/usa-new-york-city-fc.png,New York City,/clubs/colorado-rapids-12,teams/usa-colorado-rapids.png,Colorado Rapids,1.89,0.94,2.17,1.33,1.4,1.5,92,84,34,0,0,75,67,34,1.67,1.24,2.91,/usa/new-york-city-fc-vs-colorado-rapids-h2h-stats#7295386,10977,36,True,True,False,False,False,False,False,[],"['16', '86']"
MLS,2024,10977,7295387,18,10,2024,complete,106200,11,-1,[],[],0,0,0,12,5,17,1,1,1,2,0,0,4,3,7,6,11,9,8,11,55,45,36.0,25.0,2.0,,,1,2,2.22,3.75,2.86,1.04,1.16,1.54,2.25,4.2,10.0,4.4,2.26,1.57,1.17,1.53,2.38,3.2,1.3,5.0,1.13,1.3,1.26,1.84,2.5,2.4,3.75,2.2,2.73,3.4,0,0,1.18,1.34,1.6,1.98,2.5,4.0,2.8,2.14,1.71,1.43,1.67,8.0,2.55,1.57,16.5,2.38,3.95,7.0,1.29,2.38,5.5,15.0,3.5,1.53,1.14,1.03,1.17,1.73,3.5,8.0,5.0,2.0,1.29,1.08,0,0,0,0,0,0,0,0,0,0,0,1714949100,-1,0,54,9,25,0,-1,2,1,5,3,7,2,8,9,0,0,1,2,0,3,1,79,54,107,100,1.55,1.18,2.72,0,0,0,0,0,0,1,1,0,0,1,0,0,0,1,6,11,-1,-1,-1,-1,-1,-1,21,46,54,88,88,46,59,71,59,13.0,2.25,5.08,2.96,/clubs/seattle-sounders-fc-18,teams/usa-seattle-sounders-fc.png,Seattle Sounders,/clubs/la-galaxy-10,teams/usa-la-galaxy.png,LA Galaxy,1.78,1.39,1.25,1.67,0.9,1.8,79,54,46,13,13,79,54,34,1.42,1.48,2.9,/usa/la-galaxy-vs-seattle-sounders-fc-h2h-stats#7295387,10977,38,False,False,False,False,False,False,False,[],[]
MLS,2024,10977,7295388,1016,13401,2024,complete,106200,12,-1,"['16', '48']","['19', '44', '55']",2,3,5,7,6,13,1,2,4,2,0,0,3,6,4,7,7,13,10,17,63,37,13893.0,40852.0,13006.0,,,4,2,1.72,3.95,3.8,1.01,1.17,1.4,2.32,3.7,19.5,5.0,2.82,1.6,1.25,1.5,2.5,3.0,1.33,6.25,1.08,1.18,1.18,2.15,2.2,2.5,4.33,1.95,2.8,4.0,0,0,1.23,1.43,1.74,2.18,2.85,3.45,2.5,1.95,1.57,1.33,1.53,8.0,2.95,1.44,11.0,2.63,3.5,8.5,1.25,2.1,5.0,13.0,3.75,1.67,1.17,1.04,1.13,1.67,3.0,6.5,6.0,2.1,1.36,1.11,0,0,0,0,5,1,2,1,1,2,3,1715470200,13401,0,64,10,54,0,-1,2,1,2,3,5,3,5,8,2,1,2,1,3,3,1,65,59,82,84,1.12,1.66,2.79,1,0,1,0,0,0,1,1,0,0,1,1,0,0,1,4,4,-1,-1,-1,-1,-1,-1,9,37,62,90,90,10,55,90,62,11.47,4.03,4.63,2.87,/clubs/atlanta-united-fc-1016,teams/usa-atlanta-united-fc.png,Atlanta United FC,/clubs/dc-united-13401,teams/usa-dc-united.png,DC United,1.39,1.35,1.67,0.8,1.2,1.27,92,64,39,10,10,64,64,64,1.72,1.17,2.89,/usa/atlanta-united-fc-vs-dc-united-h2h-stats#7295388,10977,34,True,True,True,True,True,False,True,"['16', '48']","['19', '44', '55']"
MLS,2024,10977,7295389,711351,677447,2024,complete,106200,12,-1,['52'],[],1,0,1,3,0,3,4,7,2,3,0,0,3,2,2,1,5,3,16,10,53,47,7.0,404.0,24795.0,,,2,3,1.89,3.35,3.7,1.02,1.3,2.0,3.34,6.45,8.6,3.1,1.79,1.26,1.07,1.8,1.95,2.62,1.42,3.8,1.22,1.28,1.3,1.81,2.63,2.1,4.33,2.3,2.46,3.6,0,0,1.4,1.67,2.08,2.49,4.25,2.72,2.19,1.74,1.52,1.17,1.5,8.5,2.9,1.62,8.6,2.5,3.3,5.75,1.4,3.0,8.0,23.0,2.75,1.36,1.08,1.01,1.25,2.1,4.5,13.0,3.75,1.67,1.18,1.04,0,0,0,0,1,0,0,1,0,1,0,1715470200,711351,0,50,17,33,0,-1,2,1,1,0,2,0,1,2,0,1,2,2,1,4,1,62,38,119,84,0.99,0.62,1.61,0,0,0,0,0,0,1,1,0,0,1,0,0,0,1,3,2,-1,-1,-1,-1,-1,-1,25,42,50,92,100,34,59,92,75,8.66,4.0,4.84,3.09,/clubs/charlotte-fc-711351,teams/usa-charlotte-fc.png,Charlotte,/clubs/nashville-sc-mls-677447,teams/usa-nashville-sc-mls.png,Nashville SC,1.83,0.88,2.17,0.33,1.27,1.1,75,58,50,9,0,50,50,25,1.16,1.04,2.2,/usa/nashville-sc-mls-vs-charlotte-fc-h2h-stats#7295389,10977,34,True,False,False,False,False,False,False,['52'],[]
MLS,2024,10977,7295390,9,8043,2024,complete,106200,12,-1,['89'],"['74', '76']",1,2,3,4,4,8,0,1,2,3,0,0,4,5,7,2,11,7,4,7,54,46,5016.0,39282.0,40182.0,,,2,3,1.77,3.7,3.8,1.04,1.24,1.71,2.81,5.25,13.25,4.17,2.1,1.44,1.16,1.67,2.1,2.75,1.4,4.75,1.15,1.23,1.3,1.9,2.5,2.3,4.33,2.1,2.6,4.0,0,0,1.29,1.54,1.92,2.43,3.2,3.05,2.25,1.77,1.45,1.26,1.58,7.5,2.8,1.53,13.0,2.63,3.45,7.0,1.33,2.63,6.5,19.0,3.25,1.44,1.11,1.02,1.18,1.83,3.75,10.0,4.5,1.83,1.25,1.06,0,0,0,0,3,0,0,1,2,3,0,1715471100,8043,0,67,9,59,0,-1,2,1,2,2,2,2,4,4,1,2,1,1,3,2,1,57,58,97,97,1.39,1.22,2.61,0,0,0,0,0,0,1,1,0,0,0,1,0,0,-1,-1,-1,-1,-1,-1,-1,-1,-1,0,9,59,75,92,9,50,75,67,9.67,6.67,4.83,2.34,/clubs/columbus-crew-9,teams/usa-columbus-crew.png,Columbus Crew,/clubs/fc-cincinnati-8043,teams/usa-fc-cincinnati.png,FC Cincinnati,1.89,1.94,2.0,2.17,1.5,1.91,100,92,42,25,9,50,34,25,1.57,1.31,2.88,/usa/columbus-crew-vs-fc-cincinnati-h2h-stats#7295390,10977,36,True,True,True,False,False,False,True,['89'],"['74', '76']"
MLS,2024,10977,7295391,1,677446,2024,complete,106200,12,-1,"['22', '32']","['44', '45+3', '59']",2,3,5,10,3,13,0,4,1,2,0,0,6,4,4,2,10,6,15,9,53,47,36.0,44644.0,647.0,,,1,2,3.3,3.75,1.89,1.01,1.12,1.45,2.35,3.58,12.0,5.0,2.63,1.58,1.23,1.5,2.5,5.5,1.11,3.3,1.28,2.01,1.24,1.26,3.75,2.4,2.4,3.5,2.88,2.1,0,0,1.46,1.81,2.32,3.1,4.5,2.43,1.88,1.5,1.28,1.15,2.35,7.0,1.8,2.38,19.5,1.57,7.0,4.0,1.29,2.25,5.5,15.0,3.5,1.57,1.14,1.03,1.14,1.73,3.4,7.0,5.5,2.0,1.3,1.1,0,0,0,0,5,2,2,0,1,1,4,1715470200,677446,0,90,55,70,0,-1,2,1,2,1,8,2,3,10,1,0,0,2,1,2,1,89,48,109,82,1.7,1.01,2.71,0,0,0,0,0,0,1,1,0,0,1,0,0,0,1,3,2,-1,-1,-1,-1,-1,-1,20,65,90,100,100,55,90,100,100,6.8,3.8,5.7,3.75,/clubs/montreal-impact-1,teams/canada-montreal-impact.png,Montreal Impact,/clubs/club-internacional-de-futbol-miami-677446,teams/usa-club-internacional-de-futbol-miami.png,Inter Miami,1.67,2.06,2.0,2.0,1.2,2.0,80,35,10,0,0,80,10,10,1.12,1.3,2.42,/usa/montreal-impact-vs-club-internacional-de-futbol-miami-h2h-stats#7295391,10977,35,True,True,True,True,True,False,True,"['22', '32']","['44', '45+3', '59']"
MLS,2024,10977,7295392,4,11,2024,complete,106200,12,-1,"['6', '43', '84', '90+3']","['24', '90']",4,2,6,2,7,9,1,3,0,3,0,0,6,6,3,1,9,7,7,9,33,67,13889.0,1313.0,13.0,,,0,3,1.52,3.95,5.3,1.02,1.22,1.73,2.8,5.0,10.0,3.8,2.08,1.38,1.13,1.91,1.91,2.25,1.57,5.5,1.11,1.17,1.22,2.38,2.1,2.3,5.5,1.83,2.7,5.0,0,0,1.32,1.58,1.98,2.55,3.4,2.88,2.16,1.71,1.41,1.23,1.44,8.5,3.45,1.4,11.0,3.2,2.62,8.0,1.33,2.63,7.0,19.0,3.25,1.44,1.1,1.02,1.2,2.0,4.0,11.0,4.33,1.73,1.22,1.05,0,0,0,0,6,2,1,2,1,3,3,1715470200,4,0,45,0,33,0,-1,2,1,2,2,0,5,4,5,0,1,0,2,1,2,1,53,72,81,95,1.37,1.39,2.76,1,0,1,0,0,0,1,1,1,0,0,0,0,0,1,6,1,-1,-1,-1,-1,-1,-1,10,33,45,68,88,0,58,88,55,9.7,2.2,5.25,2.43,/clubs/new-york-red-bulls-4,teams/usa-new-york-red-bulls.png,New York RB,/clubs/new-england-revolution-11,teams/usa-new-england-revolution.png,New England Revolution,1.61,0.71,2.0,0.6,1.55,0.7,90,68,55,33,13,55,43,20,1.65,1.21,2.86,/usa/new-york-red-bulls-vs-new-england-revolution-h2h-stats#7295392,10977,34,True,True,True,True,True,True,True,"['6', '43', '84', '90+3']","['24', '90']"
MLS,2024,10977,7295395,16,17,2024,complete,106200,12,-1,"['12', '66']","['21', '41', '46']",2,3,5,7,6,13,2,1,1,3,0,0,6,4,15,6,21,10,11,9,61,39,13841.0,12.0,21031.0,,,1,3,1.82,3.6,3.7,1.02,1.21,1.74,2.78,5.05,10.5,3.75,2.07,1.36,1.12,1.7,2.05,2.8,1.38,4.75,1.15,1.26,1.27,1.91,2.5,2.25,4.33,2.2,2.62,3.75,0,0,1.41,1.75,2.2,2.9,4.0,2.55,1.94,1.56,1.32,1.18,1.58,7.5,2.8,1.57,10.5,2.5,3.45,7.0,1.33,2.63,6.5,19.0,3.25,1.44,1.11,1.02,1.2,1.91,4.0,10.0,4.33,1.8,1.22,1.06,0,0,0,0,5,1,2,1,1,2,3,1715470200,17,0,63,25,50,0,-1,2,1,3,5,3,1,8,4,0,1,1,2,1,3,1,84,49,97,78,2.34,1.27,3.61,2,0,1,0,1,0,1,1,0,0,0,0,0,0,1,3,3,-1,-1,-1,-1,-1,-1,38,63,75,100,100,50,100,100,75,14.0,5.5,3.5,3.75,/clubs/philadelphia-union-16,teams/usa-philadelphia-union.png,Philadelphia Union,/clubs/orlando-city-sc-17,teams/usa-orlando-city-sc.png,Orlando City,1.0,1.56,1.0,1.0,1.4,0.9,63,38,25,0,0,88,63,63,1.39,1.11,2.5,/usa/philadelphia-union-vs-orlando-city-sc-h2h-stats#7295395,10977,34,True,True,True,True,True,False,True,"['12', '66']","['21', '41', '46']"
MLS,2024,10977,7295396,19,2,2024,complete,106200,12,-1,"['55', '89']","['23', '44', '77']",2,3,5,6,4,10,2,1,3,3,1,0,11,4,2,2,13,6,17,13,60,40,19912.0,10856.0,27505.0,,,4,3,2.7,3.2,2.4,1.05,1.3,1.97,3.55,7.0,9.5,3.35,1.82,1.28,1.09,1.8,1.95,3.4,1.28,3.0,1.33,1.55,1.28,1.45,3.4,2.1,3.1,3.1,2.45,2.63,0,0,1.34,1.63,2.04,2.63,3.55,2.8,2.1,1.67,1.38,1.22,2.02,7.0,2.05,2.2,9.5,1.8,4.5,3.9,1.4,2.75,8.0,23.0,2.75,1.4,1.08,1.01,1.22,2.1,4.5,13.0,4.0,1.67,1.18,1.04,0,0,0,0,5,0,2,2,1,3,2,1715470200,2,0,33,13,20,0,-1,2,1,0,3,6,1,3,7,2,1,2,2,3,4,1,91,54,97,72,2.24,1.05,3.29,0,1,0,1,0,0,1,1,0,0,0,0,0,0,1,3,6,-1,-1,-1,-1,-1,-1,0,20,20,55,100,13,58,75,20,8.05,3.8,4.5,1.95,/clubs/toronto-fc-19,teams/canada-toronto-fc.png,Toronto,/clubs/new-york-city-fc-2,teams/usa-new-york-city-fc.png,New York City,1.24,0.95,2.4,0.25,1.73,1.27,100,80,80,45,0,65,30,20,1.38,0.87,2.25,/usa/new-york-city-fc-vs-toronto-fc-h2h-stats#7295396,10977,34,True,True,True,True,True,False,True,"['55', '89']","['23', '44', '77']"
MLS,2024,10977,7295397,13,698284,2024,complete,106200,12,-1,"['4', '56']",['84'],2,1,3,0,8,8,1,7,3,1,0,0,3,5,2,7,5,12,6,8,35,65,57.0,21189.0,2339.0,,,3,1,1.87,3.45,3.65,1.05,1.32,1.93,3.5,6.5,11.0,3.4,1.85,1.32,1.11,1.8,1.95,2.55,1.45,4.2,1.18,1.26,1.26,1.88,2.6,2.2,4.33,2.2,2.5,3.75,0,0,1.32,1.6,1.98,2.55,3.4,2.88,2.15,1.71,1.41,1.23,1.64,7.5,2.65,1.57,8.5,2.63,3.3,6.5,1.4,2.75,8.0,21.0,2.75,1.4,1.08,1.02,1.22,2.1,4.5,13.0,4.0,1.67,1.18,1.04,0,0,0,0,3,1,0,1,1,2,1,1715473800,13,0,30,30,0,0,-1,2,1,0,1,0,7,1,7,2,1,1,0,3,1,1,24,86,52,109,0.7,1.73,2.43,0,1,0,1,0,0,1,1,1,0,0,0,1,0,1,17,16,-1,-1,-1,-1,-1,-1,0,10,30,50,70,30,40,60,10,7.8,2.0,3.6,1.6,/clubs/fc-dallas-13,teams/usa-fc-dallas.png,FC Dallas,/clubs/austin-fc-698284,teams/usa-austin-fc.png,Austin,1.88,0.94,1.4,1.0,0.8,1.45,100,90,70,50,30,50,40,30,1.55,0.56,2.11,/usa/fc-dallas-vs-austin-fc-h2h-stats#7295397,10977,34,True,True,True,False,False,False,True,"['4', '56']",['84']
MLS,2024,10977,7295398,8,6,2024,complete,106200,12,-1,['61'],"['31', '78']",1,2,3,7,3,10,3,3,2,1,0,0,6,7,3,4,9,11,11,12,46,54,57653.0,18.0,20.0,,,2,1,1.97,3.35,3.4,1.07,1.33,1.95,3.6,7.0,9.5,3.3,1.83,1.3,1.1,1.8,1.95,2.65,1.42,3.8,1.22,1.3,1.3,1.75,2.75,2.1,4.0,2.4,2.45,3.5,0,0,1.33,1.61,2.0,2.6,3.5,2.85,2.12,1.68,1.4,1.22,1.68,7.5,2.55,1.67,8.0,2.5,3.5,5.75,1.4,3.0,8.0,23.0,2.75,1.36,1.08,1.01,1.25,2.1,4.5,13.0,3.75,1.67,1.18,1.04,0,0,0,0,3,0,1,1,1,2,1,1715473800,6,0,75,25,42,0,-1,2,1,2,1,5,2,3,7,1,0,1,1,1,2,1,73,46,91,75,1.52,1.52,3.03,0,0,0,0,0,0,1,1,0,0,0,0,0,0,1,15,16,-1,-1,-1,-1,-1,-1,34,34,67,88,100,42,75,92,71,8.0,3.0,5.0,3.38,/clubs/sporting-kansas-city-8,teams/usa-sporting-kansas-city.png,Sporting KC,/clubs/houston-dynamo-6,teams/usa-houston-dynamo.png,Houston Dynamo,1.29,1.5,1.0,1.5,1.0,1.4,67,67,34,13,0,54,46,34,1.32,0.7,2.02,/usa/houston-dynamo-vs-sporting-kansas-city-h2h-stats#7295398,10977,34,True,True,True,False,False,False,True,['61'],"['31', '78']"
MLS,2024,10977,7295399,945555,7,2024,complete,106200,12,-1,"['2', '56', '67']",['46'],3,1,4,5,3,8,3,0,1,3,0,0,7,5,15,6,22,11,14,10,47,53,84.0,36880.0,21081.0,,,1,3,1.72,3.7,4.0,1.03,1.22,1.68,2.7,5.0,15.0,4.33,2.16,1.47,1.18,1.62,2.2,2.75,1.4,5.25,1.12,1.22,1.22,2.1,2.3,2.38,4.5,2.0,2.75,4.0,0,0,1.18,1.33,1.58,1.95,2.45,4.0,2.85,2.17,1.74,1.45,1.52,8.5,3.0,1.5,10.0,2.75,3.3,8.0,1.3,2.5,6.0,17.0,3.4,1.5,1.13,1.03,1.17,1.83,3.75,9.0,5.0,1.83,1.25,1.07,0,0,0,0,4,1,0,2,1,3,1,1715473800,945555,0,50,20,30,0,-1,2,1,2,1,3,2,3,5,1,1,0,2,2,2,1,80,40,87,68,2.44,1.33,3.77,0,0,0,0,0,0,1,1,1,0,0,0,0,0,1,22,20,-1,-1,-1,-1,-1,-1,0,20,40,70,80,20,50,70,40,9.6,3.8,5.6,2.1,/clubs/st-louis-city-sc-945555,teams/usa-st-louis-city-sc.png,St. Louis City,/clubs/chicago-fire-7,teams/usa-chicago-fire.png,Chicago Fire,1.53,0.65,1.8,0.6,1.3,0.91,100,80,60,30,20,50,50,50,1.56,0.94,2.5,/usa/chicago-fire-vs-st-louis-city-sc-h2h-stats#7295399,10977,34,True,True,True,True,False,False,True,"['2', '56', '67']",['46']
MLS,2024,10977,7295400,12,15,2024,complete,106200,12,-1,"['33', '42']","['44', '45+6', '66']",2,3,5,7,5,12,5,0,2,2,0,0,6,4,4,2,10,6,10,13,64,36,14001.0,11435.0,12956.0,,,2,2,1.66,3.85,4.25,1.03,1.2,1.64,2.0,4.75,17.0,4.5,2.23,1.73,1.19,1.67,2.1,2.8,1.38,5.25,1.12,1.22,1.2,2.15,2.3,2.38,4.5,2.0,2.75,4.0,0,0,1.21,1.4,1.68,2.1,2.65,3.6,2.6,2.0,1.63,1.37,1.47,8.5,3.2,1.5,11.0,2.63,3.2,7.0,1.3,2.5,6.0,17.0,3.4,1.5,1.13,1.03,1.17,1.83,3.75,9.0,5.0,1.83,1.25,1.07,0,0,0,0,5,2,2,0,1,1,4,1715477400,15,0,88,38,54,0,-1,2,1,3,4,4,1,7,5,1,0,1,2,1,3,1,79,48,89,68,1.62,1.01,2.63,0,0,0,0,0,0,1,1,0,0,0,0,0,0,1,19,17,-1,-1,-1,-1,-1,-1,29,29,67,88,100,38,75,92,63,7.83,1.83,4.92,3.46,/clubs/colorado-rapids-12,teams/usa-colorado-rapids.png,Colorado Rapids,/clubs/san-jose-earthquakes-15,teams/usa-san-jose-earthquakes.png,SJ Earthquakes,1.83,0.47,1.75,0.17,1.64,0.64,71,71,34,13,0,59,59,59,1.18,1.2,2.38,/usa/colorado-rapids-vs-san-jose-earthquakes-h2h-stats#7295400,10977,34,True,True,True,True,True,False,True,"['33', '42']","['44', '45+6', '66']"
MLS,2024,10977,7295401,10,14,2024,complete,106200,12,-1,"['54', '90+4']","['20', '40']",2,2,4,12,3,15,2,0,1,1,0,0,6,4,7,4,13,8,7,13,56,44,69.0,2.0,8.0,,,1,1,1.91,3.8,3.2,1.01,1.13,1.53,2.17,3.6,2.66,5.0,2.4,1.67,1.25,1.44,2.63,3.5,1.25,5.25,1.12,1.32,1.2,1.88,2.5,2.5,3.75,2.2,2.7,3.4,0,0,1.12,1.29,1.52,1.86,2.33,4.95,3.05,2.3,1.83,1.5,1.61,8.5,2.65,1.57,11.0,2.38,4.2,7.0,1.25,2.2,5.0,13.0,3.75,1.62,1.17,1.04,1.14,1.67,3.25,7.0,5.5,2.1,1.33,1.1,0,0,0,0,4,0,2,2,0,2,2,1715481000,-1,0,71,25,54,0,-1,2,1,6,1,6,2,7,8,1,1,0,0,2,0,1,96,45,109,80,1.93,1.12,3.05,0,0,0,0,0,0,1,1,0,0,2,0,0,0,1,16,12,-1,-1,-1,-1,-1,-1,25,34,50,88,100,34,79,88,63,8.83,3.42,4.92,3.34,/clubs/la-galaxy-10,teams/usa-la-galaxy.png,LA Galaxy,/clubs/real-salt-lake-14,teams/usa-real-salt-lake.png,Real Salt Lake,2.57,1.33,2.0,1.83,1.73,1.91,75,67,50,13,0,67,46,25,1.56,1.4,2.96,/usa/la-galaxy-vs-real-salt-lake-h2h-stats#7295401,10977,36,True,True,True,True,False,False,True,"['54', '90+4']","['20', '40']"
MLS,2024,10977,7295402,6490,5,2024,complete,106200,12,-1,"['18', '36', '57']",[],3,0,3,5,5,10,0,1,1,1,0,0,7,3,3,5,10,8,16,8,54,46,15.0,39588.0,41087.0,,,1,1,1.54,4.1,4.9,1.02,1.19,1.58,2.38,4.33,17.0,4.75,2.33,1.51,1.22,1.62,2.2,2.7,1.4,6.25,1.09,1.18,1.19,2.35,2.1,2.5,4.75,1.91,2.85,4.5,0,0,1.18,1.33,1.58,1.94,2.43,4.0,2.85,2.18,1.75,1.46,1.41,9.0,3.55,1.4,11.0,2.88,3.1,8.5,1.29,2.38,5.5,15.0,3.5,1.53,1.14,1.03,1.17,1.8,3.5,8.0,5.0,1.91,1.29,1.08,0,0,0,0,3,2,0,1,0,1,2,1715481000,6490,0,59,21,25,0,-1,2,1,3,3,2,2,6,4,1,1,0,0,2,0,1,58,61,81,74,1.54,1.16,2.7,0,0,0,0,0,0,1,1,0,0,2,0,0,0,1,18,17,-1,-1,-1,-1,-1,-1,17,38,54,92,92,38,67,71,59,10.58,4.5,4.67,2.92,/clubs/los-angeles-fc-6490,teams/usa-los-angeles-fc.png,Los Angeles FC,/clubs/vancouver-whitecaps-fc-5,teams/canada-vancouver-whitecaps-fc.png,Vancouver Whitecaps,2.15,1.32,2.33,2.5,1.36,1.8,84,63,46,9,9,79,67,46,1.95,0.96,2.91,/usa/vancouver-whitecaps-fc-vs-los-angeles-fc-h2h-stats#7295402,10977,38,True,True,True,False,False,False,False,"['18', '36', '57']",[]
MLS,2024,10977,7295403,20,18,2024,complete,106200,12,-1,['15'],"['19', '50']",1,2,3,4,6,10,0,2,1,1,0,0,2,5,5,0,7,5,8,5,53,47,3.0,28121.0,25.0,,,1,1,2.5,3.5,2.7,1.02,1.25,1.78,2.9,5.5,10.0,3.6,1.95,1.36,1.11,1.7,2.05,3.5,1.25,3.55,1.25,1.48,1.25,1.5,3.2,2.2,3.2,2.75,2.52,2.75,0,0,1.33,1.6,2.02,2.6,3.55,2.85,2.14,1.68,1.4,1.22,1.96,7.0,2.12,1.95,11.0,1.95,4.5,4.5,1.36,2.75,7.0,21.0,3.0,1.4,1.1,1.02,1.22,2.0,4.33,11.0,4.0,1.73,1.2,1.05,0,0,0,0,3,1,1,0,1,1,2,1715546700,18,0,84,21,42,0,-1,2,1,2,4,2,2,6,4,0,0,1,1,0,2,1,63,37,112,108,1.05,0.95,2.0,0,0,0,0,0,0,1,1,0,0,0,1,0,0,1,18,9,-1,-1,-1,-1,-1,-1,29,67,84,84,92,50,92,75,50,9.83,1.75,4.5,3.54,/clubs/portland-timbers-20,teams/usa-portland-timbers.png,Portland Timbers,/clubs/seattle-sounders-fc-18,teams/usa-seattle-sounders-fc.png,Seattle Sounders,1.88,1.5,1.25,0.67,0.91,0.91,71,34,17,17,9,59,46,21,1.19,1.28,2.47,/usa/seattle-sounders-fc-vs-portland-timbers-h2h-stats#7295403,10977,35,True,True,True,False,False,False,True,['15'],"['19', '50']"
MLS,2024,10977,7295404,8043,1016,2024,complete,106200,13,-1,['7'],[],1,0,1,7,3,10,2,1,0,2,0,0,5,1,2,5,7,6,10,8,50,50,15.0,40182.0,40852.0,,,0,2,1.62,3.75,4.8,1.03,1.26,1.65,2.07,5.5,15.0,4.0,2.1,1.69,1.15,1.67,2.1,2.6,1.44,4.75,1.15,1.22,1.2,2.15,2.4,2.3,4.33,2.1,2.65,3.75,0,0,1.17,1.35,1.68,2.07,2.69,4.2,2.84,2.17,1.75,1.41,1.67,9.5,2.58,1.53,15.0,2.5,3.0,6.5,1.33,2.5,6.0,17.0,3.25,1.5,1.13,1.03,1.18,1.83,3.75,10.0,4.5,1.83,1.25,1.06,0,0,0,0,1,1,0,0,0,0,1,1715815800,8043,0,33,10,10,0,-1,2,1,2,2,5,1,4,6,0,1,0,1,1,1,1,42,47,103,110,1.11,0.8,1.91,0,0,0,0,0,0,1,1,1,0,0,0,0,0,1,3,6,-1,-1,-1,-1,-1,-1,0,0,20,45,68,10,58,55,10,11.5,4.35,3.1,1.33,/clubs/fc-cincinnati-8043,teams/usa-fc-cincinnati.png,FC Cincinnati,/clubs/atlanta-united-fc-1016,teams/usa-atlanta-united-fc.png,Atlanta United FC,1.47,1.05,1.6,0.5,2.0,1.09,100,100,80,55,33,88,78,68,1.46,1.29,2.75,/usa/atlanta-united-fc-vs-fc-cincinnati-h2h-stats#7295404,10977,37,True,False,False,False,False,False,False,['7'],[]
MLS,2024,10977,7295405,13401,4,2024,complete,106200,13,-1,['65'],"['45+2', '52', '57', '90+3']",1,4,5,10,5,15,4,4,0,0,0,0,7,7,8,2,15,9,3,9,60,40,69.0,13006.0,1313.0,,,0,0,2.05,3.4,3.2,1.05,1.26,1.75,2.95,5.55,13.25,3.95,1.95,1.4,1.15,1.62,2.2,3.5,1.25,3.65,1.25,1.45,1.25,1.5,3.1,2.25,3.2,2.75,2.5,2.75,0,0,1.25,1.55,2.0,2.37,3.18,3.42,2.43,1.73,1.57,1.28,1.77,8.9,2.4,1.83,9.5,2.05,4.75,5.0,1.33,2.63,7.0,19.0,3.25,1.44,1.1,1.02,1.2,1.83,3.75,10.0,4.33,1.83,1.25,1.06,0,0,0,0,5,0,1,1,3,4,1,1715815800,4,0,77,48,31,0,-1,2,-1,2,4,8,1,6,9,0,0,0,0,0,0,1,47,46,121,102,1.79,1.4,3.19,0,0,0,0,0,0,1,1,0,0,0,2,-1,-1,1,5,3,-1,-1,-1,-1,-1,-1,16,48,77,85,93,48,85,85,47,10.93,3.17,6.29,3.4,/clubs/dc-united-13401,teams/usa-dc-united.png,DC United,/clubs/new-york-red-bulls-4,teams/usa-new-york-red-bulls.png,New York RB,1.0,1.33,1.67,1.29,1.42,1.67,85,52,23,16,7,79,63,55,1.59,1.06,2.65,/usa/new-york-red-bulls-vs-dc-united-h2h-stats#7295405,10977,34,True,True,True,True,True,False,True,['65'],"['45+2', '52', '57', '90+3']"
MLS,2024,10977,7295406,1,9,2024,complete,106200,13,-1,['45+2'],"['19', '59', '89']",1,3,4,1,2,3,2,2,2,3,0,0,3,6,4,3,7,9,14,3,44,56,14023.0,44644.0,39282.0,,,2,3,2.9,3.5,2.15,1.04,1.25,1.75,2.88,5.3,14.75,4.05,1.95,1.42,1.16,1.67,2.1,4.33,1.18,3.0,1.33,1.78,1.24,1.33,3.5,2.25,2.88,3.1,2.6,2.5,0,0,1.33,1.7,1.95,2.76,3.84,2.91,2.05,1.77,1.39,1.2,2.28,8.5,1.86,2.2,10.0,1.73,5.75,3.75,1.33,2.63,7.0,19.0,3.25,1.44,1.1,1.02,1.2,1.91,4.0,10.0,4.33,1.8,1.22,1.06,0,0,0,0,4,1,1,0,2,2,2,1715815800,9,0,75,46,46,0,-1,2,1,0,2,1,0,2,1,2,2,0,1,4,1,1,40,58,81,135,0.95,1.42,2.37,1,0,1,0,0,0,1,1,0,0,0,1,0,0,1,3,6,-1,-1,-1,-1,-1,-1,17,46,63,88,88,46,63,88,59,8.33,3.33,4.92,3.0,/clubs/montreal-impact-1,teams/canada-montreal-impact.png,Montreal Impact,/clubs/columbus-crew-9,teams/usa-columbus-crew.png,Columbus Crew,1.67,1.83,1.33,0.75,1.09,1.36,84,54,38,13,13,50,17,17,1.31,1.07,2.38,/usa/montreal-impact-vs-columbus-crew-h2h-stats#7295406,10977,35,True,True,True,True,False,False,True,['45+2'],"['19', '59', '89']"
MLS,2024,10977,7295407,17,677446,2024,complete,106200,13,-1,[],[],0,0,0,8,4,12,1,2,2,3,0,0,3,3,4,2,7,5,7,10,41,59,13812.0,21031.0,647.0,,,2,3,2.88,3.6,2.15,1.03,1.2,1.6,2.16,4.53,17.0,4.65,2.3,1.63,1.21,1.57,2.25,4.33,1.18,3.55,1.25,1.62,1.22,1.38,3.4,2.3,2.75,3.0,2.7,2.4,0,0,1.38,1.8,2.05,2.66,4.2,2.71,1.9,1.7,1.43,1.17,1.65,8.8,2.68,2.2,17.0,1.67,5.75,4.33,1.3,2.5,6.0,17.0,3.4,1.5,1.13,1.03,1.17,1.8,3.5,9.0,5.0,1.91,1.29,1.07,0,0,0,0,0,0,0,0,0,0,0,1715815800,-1,0,67,42,25,0,-1,2,1,4,2,4,2,6,6,0,0,2,3,0,5,1,51,32,84,95,1.03,0.77,1.8,0,0,0,0,0,0,1,1,0,0,0,0,0,0,1,1,1,-1,-1,-1,-1,-1,-1,34,50,58,84,92,42,83,84,58,10.0,4.84,4.84,3.17,/clubs/orlando-city-sc-17,teams/usa-orlando-city-sc.png,Orlando City,/clubs/club-internacional-de-futbol-miami-677446,teams/usa-club-internacional-de-futbol-miami.png,Inter Miami,1.52,2.06,0.83,2.17,1.09,2.08,67,50,42,17,9,59,33,25,1.46,1.25,2.71,/usa/orlando-city-sc-vs-club-internacional-de-futbol-miami-h2h-stats#7295407,10977,37,False,False,False,False,False,False,False,[],[]
MLS,2024,10977,7295408,16,2,2024,complete,106200,13,-1,['47'],"['2', '45+1']",1,2,3,9,3,12,5,0,2,5,0,0,5,7,14,3,19,10,10,11,57,43,11.0,12.0,27505.0,,,2,5,1.7,3.6,4.4,1.04,1.28,1.75,3.2,6.0,13.0,3.75,1.95,1.36,1.13,1.7,2.05,2.75,1.4,4.5,1.17,1.28,1.24,1.9,2.5,2.25,4.33,2.2,2.65,3.75,0,0,1.3,1.55,2.05,2.36,3.1,3.3,2.41,1.7,1.57,1.33,1.62,8.5,2.6,1.53,13.0,2.6,3.35,6.5,1.36,2.63,7.0,19.0,3.0,1.44,1.1,1.02,1.2,1.91,4.0,11.0,4.33,1.8,1.22,1.05,0,0,0,0,3,0,2,1,0,1,2,1715815800,2,0,60,20,40,0,-1,2,1,6,0,3,3,6,6,1,0,1,5,1,6,1,62,42,104,74,1.99,1.43,3.42,0,0,0,0,0,0,1,1,0,1,2,0,0,0,1,2,4,-1,-1,-1,-1,-1,-1,30,40,50,80,100,40,90,80,50,11.0,4.2,4.4,3.0,/clubs/philadelphia-union-16,teams/usa-philadelphia-union.png,Philadelphia Union,/clubs/new-york-city-fc-2,teams/usa-new-york-city-fc.png,New York City,1.0,0.95,0.8,0.8,1.27,1.42,70,60,50,20,0,80,50,40,1.58,0.9,2.48,/usa/new-york-city-fc-vs-philadelphia-union-h2h-stats#7295408,10977,34,True,True,True,False,False,False,True,['47'],"['2', '45+1']"
MLS,2024,10977,7295409,698284,6,2024,complete,106200,13,-1,['87'],[],1,0,1,7,5,12,0,2,3,1,0,0,4,6,7,4,11,10,14,12,42,58,31.0,2339.0,20.0,,,3,1,2.4,3.2,2.8,1.05,1.26,1.85,2.98,5.6,13.25,3.92,1.85,1.4,1.15,1.75,2.0,3.2,1.3,3.95,1.2,1.38,1.25,1.68,3.1,2.2,3.4,2.63,2.55,3.0,0,0,1.2,1.4,1.74,2.05,2.84,3.88,2.72,2.07,1.7,1.35,1.78,9.0,2.38,1.8,9.5,2.2,4.2,5.5,1.4,2.75,8.0,21.0,2.75,1.4,1.08,1.02,1.22,2.1,4.5,11.0,4.0,1.67,1.18,1.05,0,0,0,0,1,0,0,1,0,1,0,1715819400,698284,0,72,0,72,0,-1,2,1,4,2,3,3,6,6,1,0,2,1,1,3,1,36,45,47,89,1.23,1.38,2.61,0,0,0,0,0,0,1,1,0,0,0,1,0,0,1,11,21,-1,-1,-1,-1,-1,-1,9,25,72,90,100,9,72,92,82,8.0,3.37,4.7,3.12,/clubs/austin-fc-698284,teams/usa-austin-fc.png,Austin,/clubs/houston-dynamo-6,teams/usa-houston-dynamo.png,Houston Dynamo,1.53,1.5,1.83,1.8,1.33,1.55,92,75,29,10,0,82,82,54,1.13,0.87,2.0,/usa/houston-dynamo-vs-austin-fc-h2h-stats#7295409,10977,34,True,False,False,False,False,False,False,['87'],[]
MLS,2024,10977,7295410,7,711351,2024,complete,106200,13,-1,[],['60'],0,1,1,10,7,17,2,1,2,2,0,0,4,2,4,5,8,7,13,15,62,38,13864.0,21081.0,404.0,,,2,2,2.05,3.4,3.3,1.05,1.26,1.8,2.98,5.6,13.25,3.9,1.9,1.4,1.15,1.7,2.05,2.9,1.36,3.8,1.22,1.4,1.3,1.62,2.75,2.2,3.75,2.4,2.6,3.25,0,0,1.24,1.53,1.85,2.32,3.14,3.48,2.45,1.85,1.58,1.29,1.94,8.9,2.15,1.67,13.0,2.3,4.33,5.0,1.36,2.75,7.0,21.0,3.0,1.4,1.1,1.02,1.22,2.0,4.33,11.0,4.0,1.73,1.2,1.05,0,0,0,0,1,0,0,0,1,1,0,1715819400,711351,0,55,47,17,0,-1,2,1,5,4,5,3,9,8,1,0,1,2,1,3,1,52,31,80,67,1.16,0.81,1.98,0,0,0,0,0,0,1,1,0,0,1,0,0,0,1,28,23,-1,-1,-1,-1,-1,-1,9,17,54,64,92,55,74,62,17,10.13,3.6,4.47,2.5,/clubs/chicago-fire-7,teams/usa-chicago-fire.png,Chicago Fire,/clubs/charlotte-fc-711351,teams/usa-charlotte-fc.png,Charlotte,1.12,1.05,1.17,0.2,0.83,1.42,92,84,47,37,9,90,80,44,1.29,1.14,2.43,/usa/chicago-fire-vs-charlotte-fc-h2h-stats#7295410,10977,34,True,False,False,False,False,False,False,[],['60']
MLS,2024,10977,7295411,1015,10,2024,complete,106200,13,-1,"['30', '80']","['61', '68']",2,2,4,6,2,8,1,5,2,1,0,0,8,5,12,0,20,5,13,9,41,59,19912.0,25056.0,2.0,,,2,1,2.05,3.65,3.1,1.01,1.17,1.45,2.08,3.7,19.5,5.0,2.55,1.68,1.25,1.4,2.75,3.8,1.22,5.0,1.13,1.32,1.22,1.83,2.63,2.5,3.25,2.38,2.75,3.0,0,0,1.11,1.18,1.36,2.0,1.95,5.5,4.05,2.79,1.73,1.77,1.79,9.8,2.31,1.67,11.0,2.2,4.0,6.5,1.25,2.1,4.5,13.0,3.75,1.67,1.18,1.04,1.13,1.62,3.0,6.5,6.0,2.2,1.36,1.11,0,0,0,0,4,1,0,1,2,3,1,1715819400,-1,0,76,17,42,0,-1,2,1,3,0,3,2,3,5,1,0,1,1,1,2,1,55,43,110,107,2.22,0.99,3.21,0,0,0,0,0,0,1,1,0,0,2,0,0,0,1,11,16,-1,-1,-1,-1,-1,-1,7,29,56,93,93,39,69,69,49,11.69,2.63,3.23,2.77,/clubs/minnesota-united-fc-1015,teams/usa-minnesota-united-fc.png,Minnesota United,/clubs/la-galaxy-10,teams/usa-la-galaxy.png,LA Galaxy,1.44,1.39,1.6,1.57,2.0,1.67,93,72,45,7,7,83,73,56,1.5,1.43,2.93,/usa/la-galaxy-vs-minnesota-united-fc-h2h-stats#7295411,10977,37,True,True,True,True,False,False,True,"['30', '80']","['61', '68']"
MLS,2024,10977,7295412,677447,19,2024,complete,106200,13,-1,"['81', '90+1']",[],2,0,2,5,2,7,4,1,2,1,0,0,3,2,3,3,6,5,4,8,57,43,42.0,24795.0,10856.0,,,2,1,1.7,3.75,4.33,1.05,1.28,1.85,3.15,5.95,13.0,3.72,1.85,1.37,1.13,1.8,1.95,2.45,1.48,4.5,1.17,1.22,1.22,2.1,2.38,2.25,5.0,2.05,2.6,4.33,0,0,1.25,1.53,1.9,2.34,3.18,3.42,2.49,1.8,1.59,1.28,1.49,9.5,3.15,1.5,10.0,2.88,2.95,6.5,1.36,2.75,7.0,21.0,3.0,1.4,1.1,1.02,1.22,2.0,4.33,11.0,4.0,1.73,1.2,1.05,0,0,0,0,2,0,0,2,0,2,0,1715819400,677447,0,68,23,23,0,-1,2,1,2,0,3,2,2,5,1,0,1,1,1,2,1,31,47,99,92,0.83,0.81,1.64,0,0,0,0,0,0,1,1,0,0,1,0,0,0,1,15,15,-1,-1,-1,-1,-1,-1,16,38,69,77,85,38,77,69,47,8.81,4.07,6.19,2.84,/clubs/nashville-sc-mls-677447,teams/usa-nashville-sc-mls.png,Nashville SC,/clubs/toronto-fc-19,teams/canada-toronto-fc.png,Toronto,1.24,0.94,1.43,1.17,1.0,1.58,85,62,31,24,16,70,70,45,1.19,0.94,2.13,/usa/toronto-fc-vs-nashville-sc-mls-h2h-stats#7295412,10977,34,True,True,False,False,False,False,False,"['81', '90+1']",[]
MLS,2024,10977,7295413,945555,6490,2024,complete,106200,13,-1,[],"['59', '90+5']",0,2,2,8,6,14,0,1,5,2,1,0,7,3,2,5,9,8,15,8,55,45,13893.0,36880.0,39588.0,,,6,2,2.5,3.5,2.5,1.04,1.22,1.6,2.68,4.87,15.5,4.38,2.2,1.48,1.18,1.57,2.25,3.75,1.22,3.8,1.22,1.4,1.24,1.68,3.1,2.3,3.1,2.75,2.65,2.75,0,0,1.13,1.28,1.77,1.9,2.37,4.85,3.2,1.95,1.8,1.57,1.86,9.5,2.22,1.83,16.0,2.0,5.0,5.0,1.33,2.5,6.5,19.0,3.25,1.5,1.11,1.02,1.18,1.83,3.75,9.0,4.5,1.83,1.25,1.07,0,0,0,0,2,0,0,0,2,2,0,1715819400,6490,0,55,29,37,0,-1,2,1,6,4,2,2,10,4,1,1,5,1,2,6,1,57,35,126,77,1.48,0.97,2.46,1,0,0,0,1,0,1,1,0,0,0,1,0,0,1,20,21,-1,-1,-1,-1,-1,-1,10,47,57,84,92,39,75,82,37,11.67,4.23,6.07,2.89,/clubs/st-louis-city-sc-945555,teams/usa-st-louis-city-sc.png,St. Louis City,/clubs/los-angeles-fc-6490,teams/usa-los-angeles-fc.png,Los Angeles FC,1.53,1.5,2.0,0.2,1.45,1.5,90,54,44,17,9,65,65,55,1.71,1.54,3.25,/usa/los-angeles-fc-vs-st-louis-city-sc-h2h-stats#7295413,10977,34,True,True,False,False,False,False,False,[],"['59', '90+5']"
MLS,2024,10977,7295414,12,5,2024,complete,106200,13,-1,['45+4'],[],1,0,1,8,6,14,3,1,0,0,0,1,4,2,10,5,14,7,5,10,58,42,57653.0,11435.0,41087.0,,,0,2,2.1,3.45,3.1,1.04,1.24,1.7,2.82,5.2,14.5,4.13,2.0,1.44,1.17,1.62,2.2,3.45,1.25,4.0,1.2,1.42,1.22,1.57,2.75,2.25,3.6,2.4,2.6,3.2,0,0,1.22,1.43,1.8,2.22,2.93,3.65,2.62,1.9,1.65,1.33,1.67,9.2,2.59,1.67,10.0,2.25,4.33,5.25,1.33,2.63,6.5,19.0,3.25,1.44,1.11,1.02,1.2,1.91,4.0,10.0,4.33,1.8,1.22,1.06,0,0,0,0,1,1,0,0,0,0,1,1715823000,12,0,60,30,30,0,-1,2,1,3,6,5,0,9,5,0,1,0,0,1,0,1,74,26,120,70,1.7,0.78,2.48,1,0,1,0,0,0,1,1,0,0,0,0,0,0,1,17,24,-1,-1,-1,-1,-1,-1,20,30,50,90,100,40,60,90,50,9.0,4.4,3.2,2.9,/clubs/colorado-rapids-12,teams/usa-colorado-rapids.png,Colorado Rapids,/clubs/vancouver-whitecaps-fc-5,teams/canada-vancouver-whitecaps-fc.png,Vancouver Whitecaps,1.83,1.32,1.4,2.0,1.5,1.64,80,70,50,10,0,70,60,40,1.27,1.0,2.27,/usa/vancouver-whitecaps-fc-vs-colorado-rapids-h2h-stats#7295414,10977,36,True,False,False,False,False,False,False,['45+4'],[]
MLS,2024,10977,7295415,14,18,2024,complete,106200,13,-1,"['27', '58']",[],2,0,2,11,6,17,1,1,2,2,0,0,9,2,6,2,15,4,6,6,62,38,13967.0,8.0,25.0,,,2,2,1.75,3.65,4.1,1.05,1.26,1.8,2.98,5.6,13.25,3.9,1.9,1.4,1.15,1.75,2.0,2.6,1.44,4.75,1.15,1.22,1.22,2.1,2.4,2.25,4.5,2.1,2.65,4.0,0,0,1.22,1.43,1.77,2.25,2.98,3.65,2.62,1.95,1.63,1.32,1.71,9.1,2.51,1.5,9.5,2.75,3.2,7.0,1.36,2.63,7.0,19.0,3.0,1.44,1.1,1.02,1.2,2.0,4.33,11.0,4.33,1.73,1.2,1.05,0,0,0,0,2,1,0,1,0,1,1,1715823000,14,0,56,25,15,0,-1,2,1,5,3,6,3,8,9,0,0,2,2,0,4,-1,0,0,0,0,0.0,0.0,0.0,0,0,0,0,0,0,1,1,0,0,0,0,0,0,1,24,22,-1,-1,-1,-1,-1,-1,15,25,66,66,83,49,73,59,32,11.86,3.71,5.06,2.53,/clubs/real-salt-lake-14,teams/usa-real-salt-lake.png,Real Salt Lake,/clubs/seattle-sounders-fc-18,teams/usa-seattle-sounders-fc.png,Seattle Sounders,2.06,1.5,2.0,1.0,1.83,1.08,86,76,35,35,17,66,56,27,1.37,1.23,2.6,/usa/real-salt-lake-vs-seattle-sounders-fc-h2h-stats#7295415,10977,36,True,True,False,False,False,False,False,"['27', '58']",[]
MLS,2024,10977,7295416,20,15,2024,complete,106200,13,-1,"['74', '80', '90', '90+10']","['31', '34']",4,2,6,7,4,11,1,2,1,1,0,1,9,3,9,3,18,6,11,4,63,37,84.0,28121.0,12956.0,,,1,3,1.73,3.75,4.1,1.03,1.18,1.55,2.22,4.25,18.0,4.93,2.3,1.58,1.23,1.57,2.25,3.0,1.33,5.25,1.12,1.3,1.22,1.9,2.3,2.4,4.33,2.05,2.75,4.0,0,0,1.19,1.4,1.77,2.14,2.79,3.9,2.72,1.95,1.63,1.36,1.69,9.3,2.54,1.5,18.0,2.6,3.9,7.0,1.29,2.38,5.5,15.0,3.5,1.53,1.14,1.03,1.17,1.73,3.5,8.0,5.0,2.0,1.29,1.08,0,0,0,0,6,0,2,4,0,4,2,1715826600,20,0,100,49,35,0,-1,2,1,4,3,3,1,7,4,0,0,1,2,0,3,1,74,24,159,57,2.31,0.77,3.08,2,0,2,0,0,0,1,1,0,0,1,1,0,0,1,26,19,-1,-1,-1,-1,-1,-1,32,62,93,100,100,59,100,93,42,7.57,1.71,5.63,4.15,/clubs/portland-timbers-20,teams/usa-portland-timbers.png,Portland Timbers,/clubs/san-jose-earthquakes-15,teams/usa-san-jose-earthquakes.png,SJ Earthquakes,1.88,0.47,1.0,0.57,0.83,0.83,69,39,7,0,0,66,56,46,1.16,1.18,2.34,/usa/san-jose-earthquakes-vs-portland-timbers-h2h-stats#7295416,10977,34,True,True,True,True,True,True,True,"['74', '80', '90', '90+10']","['31', '34']"
MLS,2024,10977,7295417,677447,1016,2024,complete,106200,14,-1,['40'],['55'],1,1,2,6,1,7,4,0,2,2,0,0,4,1,7,9,11,10,9,14,48,52,36.0,24795.0,40852.0,,,2,2,2.12,4.1,3.0,1.03,1.2,1.7,2.72,4.9,13.0,3.85,2.05,1.38,1.12,1.62,2.2,3.25,1.3,4.2,1.18,1.35,1.25,1.67,2.75,2.25,3.6,2.4,2.61,3.2,0,0,1.2,1.4,1.76,2.19,2.84,3.88,2.72,2.06,1.68,1.35,1.7,9.4,2.51,1.67,14.0,2.25,4.0,5.75,1.33,2.63,6.5,19.0,3.25,1.44,1.11,1.02,1.2,1.91,4.0,10.0,4.33,1.8,1.22,1.06,0,0,0,0,2,1,0,0,1,1,1,1716054300,-1,0,48,13,13,0,28377,2,1,2,0,4,1,2,5,1,2,1,0,3,1,1,45,55,82,115,1.3,1.11,2.41,1,0,1,0,0,0,1,1,0,0,1,0,0,0,1,16,15,-1,-1,-1,-1,-1,-1,7,19,32,64,84,19,72,58,25,10.13,3.48,3.48,2.04,/clubs/nashville-sc-mls-677447,teams/usa-nashville-sc-mls.png,Nashville SC,/clubs/atlanta-united-fc-1016,teams/usa-atlanta-united-fc.png,Atlanta United FC,1.24,1.05,1.63,0.4,1.17,1.0,94,82,69,37,17,65,65,55,1.14,1.19,2.33,/usa/atlanta-united-fc-vs-nashville-sc-mls-h2h-stats#7295417,10977,34,True,True,False,False,False,False,True,['40'],['55']
MLS,2024,10977,7295418,711351,10,2024,complete,106200,14,-1,[],[],0,0,0,2,6,8,1,2,2,1,0,0,1,0,0,3,1,3,8,9,33,67,13893.0,404.0,2.0,,,2,1,2.19,3.8,2.98,1.05,1.22,1.65,2.16,5.0,9.5,4.2,2.06,1.63,1.17,1.62,2.2,3.2,1.3,4.33,1.18,1.36,1.24,1.75,2.75,2.3,3.75,2.38,2.65,3.25,0,0,1.18,1.36,1.72,2.13,2.72,4.1,2.79,2.12,1.72,1.4,1.71,9.3,2.49,1.8,9.5,2.25,4.0,6.25,1.33,2.63,6.5,19.0,3.25,1.44,1.11,1.02,1.18,1.83,3.75,10.0,4.5,1.83,1.25,1.06,0,0,0,0,0,0,0,0,0,0,0,1716075000,-1,0,52,7,40,0,29099,2,1,1,1,1,5,2,6,1,1,1,0,2,1,1,51,46,84,96,0.51,0.54,1.05,0,0,0,0,0,0,1,1,0,0,0,0,0,0,1,3,1,-1,-1,-1,-1,-1,-1,14,39,52,80,94,25,53,75,67,9.89,4.45,4.38,2.77,/clubs/charlotte-fc-711351,teams/usa-charlotte-fc.png,Charlotte,/clubs/la-galaxy-10,teams/usa-la-galaxy.png,LA Galaxy,1.83,1.39,2.29,1.5,1.54,1.62,87,62,48,21,7,52,52,39,1.14,1.37,2.51,/usa/la-galaxy-vs-charlotte-fc-h2h-stats#7295418,10977,37,False,False,False,False,False,False,False,[],[]
MLS,2024,10977,7295419,8043,945555,2024,complete,106200,14,-1,"['26', '49', '80']",['54'],3,1,4,5,4,9,3,1,1,3,0,0,1,0,1,3,2,3,12,15,56,44,13841.0,40182.0,36880.0,,,1,3,1.87,3.84,3.85,1.04,1.26,1.74,3.1,5.5,13.0,4.0,1.94,1.4,1.15,1.8,1.95,2.55,1.45,5.0,1.14,1.2,1.22,2.15,2.3,2.25,4.75,2.0,2.65,4.33,0,0,1.17,1.35,1.68,2.08,2.69,4.2,2.84,2.18,1.75,1.41,1.59,9.4,2.79,1.5,10.0,2.75,3.0,7.0,1.36,2.63,7.0,19.0,3.0,1.44,1.1,1.02,1.2,2.0,4.33,11.0,4.33,1.73,1.2,1.05,0,0,0,0,4,1,0,2,1,3,1,1716075000,8043,0,57,29,39,0,25513,2,1,3,0,2,4,3,6,1,2,0,1,3,1,1,54,42,105,114,0.6,0.51,1.12,1,0,1,0,0,0,1,1,0,0,0,0,0,0,1,9,10,-1,-1,-1,-1,-1,-1,20,40,57,57,74,29,65,65,49,12.57,2.9,3.93,2.67,/clubs/fc-cincinnati-8043,teams/usa-fc-cincinnati.png,FC Cincinnati,/clubs/st-louis-city-sc-945555,teams/usa-st-louis-city-sc.png,St. Louis City,1.47,0.65,1.83,0.8,2.08,1.33,80,60,44,44,27,80,72,55,1.4,1.47,2.87,/usa/fc-cincinnati-vs-st-louis-city-sc-h2h-stats#7295419,10977,34,True,True,True,True,False,False,True,"['26', '49', '80']",['54']
MLS,2024,10977,7295420,677446,13401,2024,complete,106200,14,-1,['90+4'],[],1,0,1,4,3,7,3,2,2,4,0,0,1,3,6,12,7,15,6,13,66,34,5016.0,647.0,13006.0,,,2,4,1.51,4.9,5.3,1.02,1.15,1.46,2.2,3.8,22.5,5.25,2.46,1.66,1.25,1.53,2.38,2.88,1.36,6.5,1.08,1.18,1.17,2.25,2.1,2.6,4.75,1.83,2.9,4.33,0,0,1.37,1.66,2.1,2.75,3.75,2.7,2.05,1.62,1.35,1.2,1.5,8.0,3.1,1.4,23.0,2.75,3.2,8.0,1.25,2.2,5.0,13.0,3.75,1.62,1.17,1.04,1.14,1.67,3.25,7.0,5.5,2.1,1.33,1.1,0,0,0,0,1,0,0,1,0,1,0,1716077100,677446,0,69,31,47,0,21318,2,1,2,1,2,2,3,4,1,2,1,2,3,3,1,41,36,127,88,0.83,1.42,2.25,0,0,0,0,0,0,1,1,0,0,1,0,0,0,1,17,10,-1,-1,-1,-1,-1,-1,30,61,61,92,92,38,84,85,54,9.29,4.74,5.38,3.56,/clubs/club-internacional-de-futbol-miami-677446,teams/usa-club-internacional-de-futbol-miami.png,Inter Miami,/clubs/dc-united-13401,teams/usa-dc-united.png,DC United,2.11,1.35,2.0,1.17,2.0,1.31,70,40,40,9,9,62,55,48,1.51,1.25,2.76,/usa/dc-united-vs-club-internacional-de-futbol-miami-h2h-stats#7295420,10977,34,True,False,False,False,False,False,False,['90+4'],[]
MLS,2024,10977,7295421,11,16,2024,complete,106200,14,-1,[],"['38', '47', '80']",0,3,3,7,5,12,0,1,3,1,1,0,0,1,1,1,1,2,11,10,41,59,45125.0,13.0,12.0,,,5,1,2.68,3.72,2.42,1.03,1.17,1.6,2.27,4.5,15.0,4.15,2.16,1.57,1.15,1.57,2.25,4.0,1.2,3.75,1.22,1.54,1.28,1.49,3.2,2.3,3.0,2.88,2.65,2.63,0,0,1.2,1.4,1.75,2.18,2.84,3.88,2.72,2.06,1.68,1.35,1.72,9.2,2.48,2.05,15.5,1.8,5.25,5.0,1.3,2.5,6.0,17.0,3.4,1.5,1.13,1.03,1.17,1.83,3.75,9.0,5.0,1.83,1.25,1.07,0,0,0,0,3,0,1,0,2,2,1,1716075000,16,0,80,29,35,0,34947,2,1,3,2,4,3,5,7,2,1,2,0,3,2,1,44,53,93,112,0.4,0.6,1.0,0,0,0,0,0,0,1,1,0,0,1,0,0,0,1,3,2,-1,-1,-1,-1,-1,-1,10,44,62,80,100,29,82,70,54,10.3,3.2,5.33,2.95,/clubs/new-england-revolution-11,teams/usa-new-england-revolution.png,New England Revolution,/clubs/philadelphia-union-16,teams/usa-philadelphia-union.png,Philadelphia Union,1.12,1.18,0.8,1.67,0.64,1.17,90,57,39,20,0,80,55,27,1.36,1.25,2.61,/usa/new-england-revolution-vs-philadelphia-union-h2h-stats#7295421,10977,34,True,True,True,False,False,False,False,[],"['38', '47', '80']"
MLS,2024,10977,7295422,2,4,2024,complete,106200,14,-1,"['3', '64']",['45+1'],2,1,3,5,5,10,1,2,1,4,0,1,1,1,1,3,2,4,10,12,61,39,13812.0,27505.0,1313.0,,,1,5,2.49,3.48,2.73,1.07,1.38,2.01,3.75,8.0,9.5,3.1,1.69,1.28,1.08,1.8,1.95,2.88,1.36,3.3,1.28,1.42,1.3,1.57,3.1,2.05,3.6,2.75,2.4,3.1,0,0,1.29,1.62,2.01,2.56,3.15,3.05,2.24,1.8,1.49,1.27,1.8,7.5,2.33,1.8,8.0,2.25,4.0,4.75,1.44,3.25,9.0,26.0,2.63,1.33,1.07,1.01,1.25,2.2,5.0,15.0,3.75,1.62,1.17,1.03,0,0,0,0,3,1,1,1,0,1,2,1716075000,2,0,66,27,19,0,-1,2,1,2,3,3,2,5,5,1,1,0,4,2,4,1,48,30,125,75,0.57,0.55,1.12,0,0,0,0,0,0,1,1,1,0,0,0,0,0,1,6,9,-1,-1,-1,-1,-1,-1,13,19,59,94,94,27,87,94,40,10.36,3.95,4.0,2.97,/clubs/new-york-city-fc-2,teams/usa-new-york-city-fc.png,New York City,/clubs/new-york-red-bulls-4,teams/usa-new-york-red-bulls.png,New York RB,1.89,1.33,1.86,1.5,1.54,1.77,88,82,41,7,7,75,61,47,1.66,1.1,2.76,/usa/new-york-city-fc-vs-new-york-red-bulls-h2h-stats#7295422,10977,38,True,True,True,False,False,False,True,"['3', '64']",['45+1']
MLS,2024,10977,7295423,19,1,2024,complete,106200,14,-1,"['6', '12', '19', '58', '59']",['67'],5,1,6,6,7,13,2,2,1,0,0,0,1,0,4,1,5,1,10,3,50,50,3.0,10856.0,44644.0,,,1,0,1.9,3.62,3.96,1.01,1.21,1.7,2.72,4.95,9.9,3.75,1.99,1.38,1.12,1.67,2.1,3.2,1.3,4.33,1.18,1.33,1.3,1.72,2.75,2.25,3.75,2.38,2.6,3.25,0,0,1.27,1.58,1.93,2.44,3.28,3.28,2.36,1.87,1.55,1.27,1.73,9.0,2.48,1.67,9.9,2.3,4.0,6.25,1.36,2.63,7.0,19.0,3.0,1.44,1.1,1.02,1.2,1.91,4.0,10.0,4.33,1.8,1.22,1.06,0,0,0,0,6,3,0,2,1,3,3,1716075000,19,0,50,13,44,0,28261,2,1,4,2,2,5,6,7,0,0,1,0,0,1,1,48,47,102,94,0.75,0.42,1.17,0,0,0,0,0,0,1,1,1,0,1,0,0,0,1,1,4,-1,-1,-1,-1,-1,-1,34,50,57,65,88,34,57,88,50,8.5,3.55,5.33,3.04,/clubs/toronto-fc-19,teams/canada-toronto-fc.png,Toronto,/clubs/montreal-impact-1,teams/canada-montreal-impact.png,Montreal Impact,1.24,0.82,2.0,1.0,1.46,1.0,67,50,44,36,13,73,59,29,1.53,0.99,2.52,/usa/montreal-impact-vs-toronto-fc-h2h-stats#7295423,10977,34,True,True,True,True,True,True,True,"['6', '12', '19', '58', '59']",['67']
MLS,2024,10977,7295424,698284,8,2024,complete,106200,14,-1,"['28', '39', '46']","['18', '63']",3,2,5,7,5,12,6,4,4,2,0,0,7,3,5,15,12,18,7,8,43,57,65601.0,2339.0,18.0,,,4,2,2.23,3.55,3.08,1.04,1.22,1.65,2.8,5.25,10.0,4.2,2.06,1.42,1.15,1.62,2.2,3.2,1.3,4.5,1.17,1.33,1.22,1.73,2.63,2.3,3.75,2.3,2.65,3.25,0,0,1.19,1.39,1.75,2.17,2.79,3.95,2.76,2.08,1.69,1.36,1.85,9.1,2.26,1.62,10.0,2.3,3.8,5.75,1.33,2.5,6.5,19.0,3.25,1.5,1.11,1.02,1.18,1.83,3.75,10.0,4.5,1.83,1.25,1.06,0,0,0,0,5,2,1,1,1,2,3,1716078600,698284,0,66,10,56,0,20738,2,1,1,3,6,2,4,8,1,0,3,2,1,5,1,37,43,76,88,1.52,1.65,3.17,1,0,0,0,1,0,1,1,0,0,0,0,0,0,1,19,17,-1,-1,-1,-1,-1,-1,7,32,56,73,90,17,46,73,56,9.49,2.4,4.57,2.72,/clubs/austin-fc-698284,teams/usa-austin-fc.png,Austin,/clubs/sporting-kansas-city-8,teams/usa-sporting-kansas-city.png,Sporting KC,1.53,0.53,2.0,1.0,1.46,0.92,93,69,45,27,10,83,53,46,1.15,1.12,2.27,/usa/sporting-kansas-city-vs-austin-fc-h2h-stats#7295424,10977,34,True,True,True,True,True,False,True,"['28', '39', '46']","['18', '63']"
MLS,2024,10977,7295425,7,9,2024,complete,106200,14,-1,['85'],"['30', '55', '88']",1,3,4,9,5,14,1,1,3,0,0,0,3,5,7,4,10,9,18,7,40,60,52041.0,21081.0,39282.0,,,3,0,2.9,3.52,2.35,1.05,1.25,1.7,2.88,5.25,9.5,3.85,1.99,1.4,1.15,1.62,2.2,3.9,1.22,3.35,1.28,1.57,1.25,1.4,3.4,2.25,3.0,3.0,2.5,2.6,0,0,1.29,1.61,1.98,2.5,3.2,3.05,2.29,1.83,1.52,1.26,2.14,7.5,1.94,2.2,9.5,1.73,5.25,4.33,1.36,2.63,7.0,19.0,3.0,1.44,1.1,1.02,1.2,1.91,4.0,10.0,4.33,1.8,1.22,1.06,0,0,0,0,4,0,1,1,2,3,1,1716078600,9,0,52,35,25,0,-1,2,1,3,1,6,4,4,10,2,0,1,0,2,1,1,36,22,61,107,1.1,1.09,2.19,0,0,0,0,0,0,1,1,0,0,1,0,0,0,1,11,13,-1,-1,-1,-1,-1,-1,7,35,49,69,83,42,49,83,45,8.8,4.0,4.11,2.56,/clubs/chicago-fire-7,teams/usa-chicago-fire.png,Chicago Fire,/clubs/columbus-crew-9,teams/usa-columbus-crew.png,Columbus Crew,1.12,1.83,1.0,1.2,0.77,1.5,93,66,52,32,17,50,50,36,1.27,1.14,2.41,/usa/chicago-fire-vs-columbus-crew-h2h-stats#7295425,10977,34,True,True,True,True,False,False,True,['85'],"['30', '55', '88']"
MLS,2024,10977,7295426,6,13,2024,complete,106200,14,-1,['45+6'],['69'],1,1,2,6,1,7,3,2,2,1,0,0,8,3,10,4,18,7,15,9,61,39,45098.0,20.0,21189.0,,,2,1,1.74,3.74,4.7,1.06,1.35,2.01,3.75,7.5,8.5,3.1,1.69,1.25,1.08,2.0,1.75,2.15,1.62,4.33,1.18,1.15,1.22,2.1,2.38,2.1,5.5,2.0,2.45,4.75,0,0,1.38,1.74,2.19,2.88,4.1,2.8,2.08,1.67,1.34,1.18,1.57,8.9,2.91,1.44,8.5,3.1,2.65,7.0,1.44,3.25,9.0,26.0,2.63,1.33,1.07,1.01,1.25,2.25,5.5,15.0,3.75,1.57,1.14,1.03,0,0,0,0,2,1,0,0,1,1,1,1716078600,-1,0,65,9,49,0,-1,2,1,4,0,2,1,4,3,0,0,2,1,0,3,1,52,32,118,85,2.08,0.89,2.97,0,0,0,0,0,0,1,1,0,0,0,0,0,0,1,24,17,-1,-1,-1,-1,-1,-1,0,10,57,65,82,9,55,74,57,8.23,4.03,4.53,2.14,/clubs/houston-dynamo-6,teams/usa-houston-dynamo.png,Houston Dynamo,/clubs/fc-dallas-13,teams/usa-fc-dallas.png,FC Dallas,1.61,0.53,1.33,0.2,1.42,1.0,100,90,44,35,19,55,55,45,1.64,0.92,2.56,/usa/houston-dynamo-vs-fc-dallas-h2h-stats#7295426,10977,34,True,True,False,False,False,False,True,['45+6'],['69']
MLS,2024,10977,7295427,1015,20,2024,complete,106200,14,-1,"['65', '82']",['17'],2,1,3,8,7,15,1,4,3,5,1,0,4,2,14,7,18,9,13,10,58,42,57.0,25056.0,28121.0,,,4,5,1.75,4.15,4.15,1.03,1.2,1.57,2.35,4.5,11.0,4.5,2.22,1.58,1.2,1.67,2.1,2.8,1.38,5.5,1.11,1.2,1.18,2.1,2.25,2.4,4.5,2.0,2.75,4.0,0,0,1.14,1.3,1.58,1.92,2.4,4.6,3.08,2.36,1.88,1.56,1.56,9.7,2.86,1.44,11.0,2.75,3.2,7.5,1.3,2.38,6.0,17.0,3.4,1.53,1.13,1.03,1.17,1.8,3.5,9.0,5.0,1.91,1.29,1.07,0,0,0,0,3,0,1,2,0,2,1,1716078600,1015,0,77,9,47,0,19735,2,1,5,1,3,3,6,6,1,2,3,3,3,6,1,67,27,131,82,1.9,0.91,2.82,0,0,0,0,0,0,1,1,0,0,0,0,0,0,1,20,22,-1,-1,-1,-1,-1,-1,22,37,61,93,100,30,85,85,68,8.07,2.6,3.97,3.19,/clubs/minnesota-united-fc-1015,teams/usa-minnesota-united-fc.png,Minnesota United,/clubs/portland-timbers-20,teams/usa-portland-timbers.png,Portland Timbers,1.44,0.83,1.5,0.71,1.91,1.0,79,63,40,7,0,48,40,31,1.62,1.07,2.69,/usa/portland-timbers-vs-minnesota-united-fc-h2h-stats#7295427,10977,35,True,True,True,False,False,False,True,"['65', '82']",['17']
MLS,2024,10977,7295428,14,12,2024,complete,106200,14,-1,"['23', '40', '85', '88', '90+6']","['5', '19', '56']",5,3,8,6,2,8,1,1,4,2,0,0,4,8,12,3,16,11,15,12,63,37,13889.0,8.0,11435.0,,,4,2,1.69,3.8,4.25,1.04,1.22,1.7,2.8,5.0,10.0,4.0,1.99,1.42,1.17,1.75,2.0,2.62,1.42,5.0,1.13,1.2,1.2,2.05,2.3,2.3,4.75,2.0,2.65,4.33,0,0,1.2,1.5,1.83,2.22,2.79,3.88,2.53,1.97,1.64,1.36,1.39,10.25,3.62,1.5,10.0,2.75,3.2,7.5,1.33,2.63,6.5,19.0,3.25,1.44,1.11,1.02,1.2,1.91,4.0,10.0,4.33,1.8,1.22,1.06,0,0,0,0,8,2,2,3,1,4,4,1716082200,14,0,52,16,15,0,-1,2,1,2,1,4,1,3,5,0,1,4,1,1,5,1,63,40,114,76,1.75,1.54,3.29,0,0,0,0,0,0,1,1,0,1,0,0,0,0,1,16,21,-1,-1,-1,-1,-1,-1,7,23,61,84,92,31,84,84,30,10.4,4.67,4.57,2.66,/clubs/real-salt-lake-14,teams/usa-real-salt-lake.png,Real Salt Lake,/clubs/colorado-rapids-12,teams/usa-colorado-rapids.png,Colorado Rapids,2.06,0.94,2.17,1.57,1.92,1.62,93,77,40,17,9,55,47,32,1.37,1.2,2.57,/usa/colorado-rapids-vs-real-salt-lake-h2h-stats#7295428,10977,36,True,True,True,True,True,True,True,"['23', '40', '85', '88', '90+6']","['5', '19', '56']"
MLS,2024,10977,7295429,15,17,2024,complete,106200,14,-1,[],['89'],0,1,1,6,5,11,1,2,2,0,0,0,3,3,7,8,10,11,11,7,50,50,13891.0,12956.0,21031.0,,,2,0,2.3,3.6,2.64,1.04,1.2,1.57,2.55,4.5,10.0,4.33,2.22,1.5,1.2,1.53,2.38,3.8,1.22,4.2,1.18,1.44,1.22,1.57,3.0,2.3,3.2,2.6,2.62,2.88,0,0,1.16,1.33,1.67,2.03,2.62,4.3,2.93,2.19,1.77,1.43,2.15,9.1,1.93,1.73,10.0,2.05,4.75,5.25,1.3,2.5,6.0,17.0,3.4,1.5,1.13,1.03,1.17,1.8,3.5,9.0,5.0,1.91,1.29,1.07,0,0,0,0,1,0,0,0,1,1,0,1716085800,17,0,60,30,60,0,14172,2,1,4,3,2,2,7,4,0,0,2,0,0,2,1,50,38,111,122,1.21,1.19,2.41,0,0,0,0,0,0,1,1,0,0,1,0,0,0,1,12,21,-1,-1,-1,-1,-1,-1,40,70,80,100,100,60,90,100,90,11.0,2.6,4.4,3.9,/clubs/san-jose-earthquakes-15,teams/usa-san-jose-earthquakes.png,SJ Earthquakes,/clubs/orlando-city-sc-17,teams/usa-orlando-city-sc.png,Orlando City,0.76,1.56,1.2,1.4,0.77,1.08,60,30,20,0,0,80,70,60,1.25,1.14,2.39,/usa/san-jose-earthquakes-vs-orlando-city-sc-h2h-stats#7295429,10977,34,True,False,False,False,False,False,False,[],['89']
MLS,2024,10977,7295430,18,5,2024,complete,106200,14,-1,['8'],['90+4'],1,1,2,5,3,8,0,1,3,1,1,0,1,4,10,3,11,7,7,11,52,48,13864.0,25.0,41087.0,,,4,1,1.91,3.5,3.6,1.05,1.25,1.74,2.9,5.5,9.5,3.8,1.94,1.4,1.14,1.7,2.05,2.85,1.36,4.5,1.17,1.25,1.22,1.8,2.6,2.2,4.0,2.25,2.55,3.6,0,0,1.18,1.36,1.7,2.11,2.72,4.1,2.79,2.15,1.73,1.4,1.39,10.25,3.62,1.57,9.5,2.5,3.55,6.5,1.36,2.63,7.0,21.0,3.0,1.44,1.1,1.02,1.2,2.0,4.33,11.0,4.33,1.73,1.2,1.05,0,0,0,0,2,1,0,0,1,1,1,1716085800,-1,0,27,9,0,0,30102,2,1,2,1,3,2,3,5,2,0,2,1,2,3,1,66,45,95,101,1.24,1.06,2.3,0,1,0,1,0,0,1,1,1,0,2,0,0,0,1,13,13,-1,-1,-1,-1,-1,-1,10,19,27,72,80,27,54,64,37,11.93,3.13,5.03,2.07,/clubs/seattle-sounders-fc-18,teams/usa-seattle-sounders-fc.png,Seattle Sounders,/clubs/vancouver-whitecaps-fc-5,teams/canada-vancouver-whitecaps-fc.png,Vancouver Whitecaps,1.78,1.32,1.2,1.67,1.0,1.5,90,82,74,29,20,82,54,27,1.44,0.96,2.4,/usa/vancouver-whitecaps-fc-vs-seattle-sounders-fc-h2h-stats#7295430,10977,38,True,True,False,False,False,False,True,['8'],['90+4']
MLS,2024,10977,7295431,5,677446,2024,complete,106200,15,-1,['72'],"['38', '54']",1,2,3,9,5,14,2,1,3,6,0,0,1,6,13,3,14,9,6,11,51,49,13893.0,41087.0,647.0,,,3,6,1.85,4.0,3.65,1.02,1.13,1.5,2.2,3.6,12.0,5.0,2.4,1.55,1.25,1.44,2.63,4.33,1.18,4.33,1.18,1.5,1.29,1.53,3.0,2.4,3.0,2.63,2.62,2.63,0,0,1.27,1.5,1.86,2.35,3.1,3.15,2.3,1.82,1.49,1.28,2.0,7.5,2.07,1.91,13.0,1.91,5.5,5.5,1.25,2.25,5.5,15.0,3.75,1.57,1.14,1.03,1.14,1.67,3.25,7.0,5.5,2.1,1.33,1.1,0,0,0,0,3,0,1,1,1,2,1,1716690600,677446,0,69,37,31,0,-1,2,1,5,3,4,2,8,6,1,1,2,5,2,7,1,66,24,120,74,1.44,1.17,2.6,1,0,1,0,0,0,1,1,0,0,2,0,0,0,1,19,13,-1,-1,-1,-1,-1,-1,30,61,69,85,85,54,69,77,69,7.38,3.47,4.29,3.29,/clubs/vancouver-whitecaps-fc-5,teams/canada-vancouver-whitecaps-fc.png,Vancouver Whitecaps,/clubs/club-internacional-de-futbol-miami-677446,teams/usa-club-internacional-de-futbol-miami.png,Inter Miami,1.47,2.06,1.33,2.0,1.46,2.07,70,40,31,16,16,61,47,30,1.45,1.18,2.63,/usa/vancouver-whitecaps-fc-vs-club-internacional-de-futbol-miami-h2h-stats#7295431,10977,37,True,True,True,False,False,False,True,['72'],"['38', '54']"
MLS,2024,10977,7295432,1016,6490,2024,complete,106200,15,-1,[],['63'],0,1,1,5,9,14,0,1,2,1,1,1,1,3,0,2,1,5,10,7,64,36,65601.0,40852.0,39588.0,,,4,2,2.65,3.7,2.4,1.02,1.16,1.5,2.2,3.88,20.0,5.35,2.4,1.55,1.26,1.44,2.63,4.33,1.18,4.5,1.17,1.51,1.26,1.55,2.88,2.25,3.0,2.68,2.79,2.76,0,0,1.23,1.45,1.79,2.23,2.9,3.4,2.45,1.9,1.55,1.32,1.97,7.5,2.08,1.9,19.75,1.94,5.5,5.5,1.27,2.2,4.6,13.0,3.6,1.6,1.16,1.04,1.12,1.65,2.95,7.0,4.6,2.0,1.3,1.09,0,0,0,0,1,0,0,0,1,1,0,1716679800,6490,0,61,24,52,0,-1,2,1,2,7,3,2,9,5,1,1,2,1,2,3,1,73,44,110,69,0.68,0.85,1.52,0,0,0,0,0,0,1,1,0,0,1,0,0,1,1,7,2,-1,-1,-1,-1,-1,-1,23,47,77,100,100,32,70,92,68,12.71,3.88,5.31,3.45,/clubs/atlanta-united-fc-1016,teams/usa-atlanta-united-fc.png,Atlanta United FC,/clubs/los-angeles-fc-6490,teams/usa-los-angeles-fc.png,Los Angeles FC,1.39,1.5,1.43,0.67,1.0,1.62,77,54,24,0,0,77,77,69,1.64,1.45,3.09,/usa/atlanta-united-fc-vs-los-angeles-fc-h2h-stats#7295432,10977,38,True,False,False,False,False,False,False,[],['63']
MLS,2024,10977,7295433,711351,16,2024,complete,106200,15,-1,[],[],0,0,0,11,2,13,1,2,0,2,0,0,1,1,0,1,1,2,6,9,68,32,5016.0,404.0,12.0,,,0,2,2.4,3.4,2.75,1.01,1.22,1.8,2.84,5.2,10.25,3.66,1.85,1.35,1.11,1.63,2.19,3.4,1.29,3.6,1.25,1.47,1.3,1.54,2.99,2.21,3.28,2.73,2.56,2.98,0,0,1.3,1.55,1.93,2.48,3.3,3.0,2.23,1.76,1.44,1.25,1.89,7.5,2.2,1.96,10.25,2.07,4.5,4.75,1.35,2.61,6.35,21.0,3.05,1.46,1.1,1.02,1.21,1.99,4.15,9.0,4.15,1.77,1.21,1.03,0,0,0,0,0,0,0,0,0,0,0,1716679800,-1,0,56,7,34,0,-1,2,1,3,1,8,1,4,9,0,1,0,1,1,1,1,66,29,117,73,0.63,0.42,1.05,0,0,0,0,0,0,1,1,0,0,1,0,0,0,1,9,5,-1,-1,-1,-1,-1,-1,7,35,56,82,94,7,62,88,67,8.45,4.24,5.88,2.72,/clubs/charlotte-fc-711351,teams/usa-charlotte-fc.png,Charlotte,/clubs/philadelphia-union-16,teams/usa-philadelphia-union.png,Philadelphia Union,1.83,1.18,2.13,1.86,1.5,1.31,94,66,45,19,7,63,41,28,1.06,1.16,2.22,/usa/philadelphia-union-vs-charlotte-fc-h2h-stats#7295433,10977,34,False,False,False,False,False,False,False,[],[]
MLS,2024,10977,7295434,13401,7,2024,complete,106200,15,-1,['20'],['53'],1,1,2,8,1,9,2,2,3,2,0,0,1,0,2,0,3,0,12,15,44,56,14023.0,13006.0,21081.0,,,3,2,1.6,4.2,4.8,1.03,1.13,1.5,2.2,3.75,19.25,4.85,2.4,1.55,1.21,1.55,2.36,2.9,1.36,6.0,1.09,1.21,1.22,2.18,2.16,2.45,4.5,1.95,2.9,4.25,0,0,1.25,1.47,1.8,2.25,2.95,3.3,2.4,1.89,1.53,1.3,1.52,8.0,3.05,1.52,18.75,2.62,3.4,8.0,1.26,2.24,5.0,10.0,3.64,1.61,1.15,1.02,1.14,1.74,3.28,6.5,5.15,2.03,1.31,1.08,0,0,0,0,2,1,0,0,1,1,1,1716679800,-1,0,77,37,47,0,-1,2,1,5,0,3,1,5,4,1,2,2,0,3,2,1,50,28,121,74,0.64,0.22,0.86,0,0,0,0,0,0,1,1,0,0,2,0,0,0,1,5,5,-1,-1,-1,-1,-1,-1,15,52,77,85,92,37,77,77,62,10.67,4.26,6.1,3.19,/clubs/dc-united-13401,teams/usa-dc-united.png,DC United,/clubs/chicago-fire-7,teams/usa-chicago-fire.png,Chicago Fire,1.0,0.65,1.43,0.5,1.21,0.71,86,48,24,16,9,67,60,52,1.62,1.0,2.62,/usa/chicago-fire-vs-dc-united-h2h-stats#7295434,10977,34,True,True,False,False,False,False,True,['20'],['53']
MLS,2024,10977,7295435,1,677447,2024,complete,106200,15,-1,[],[],0,0,0,3,5,8,1,1,3,1,0,0,0,1,1,0,1,1,13,7,46,54,13841.0,44644.0,24795.0,,,3,1,2.5,3.35,2.7,1.06,1.31,1.85,3.37,6.55,11.5,3.5,1.75,1.33,1.12,1.7,2.05,3.2,1.3,3.45,1.25,1.42,1.25,1.53,3.0,2.05,3.3,2.7,2.45,2.95,0,0,1.28,1.62,1.99,2.52,3.42,3.18,2.28,1.82,1.52,1.25,1.92,8.6,2.19,1.95,9.0,2.1,4.33,4.75,1.4,2.8,6.5,23.0,2.75,1.38,1.08,1.01,1.2,2.0,4.1,11.0,3.6,1.62,1.16,1.03,0,0,0,0,0,0,0,0,0,0,0,1716679800,-1,0,75,50,38,0,-1,2,1,2,3,1,2,5,3,1,1,2,0,2,2,1,58,45,99,90,0.5,0.47,0.97,0,0,0,0,0,0,1,1,0,0,0,1,0,0,1,2,4,-1,-1,-1,-1,-1,-1,25,63,75,88,100,63,75,100,63,7.5,4.5,4.5,3.5,/clubs/montreal-impact-1,teams/canada-montreal-impact.png,Montreal Impact,/clubs/nashville-sc-mls-677447,teams/usa-nashville-sc-mls.png,Nashville SC,1.67,0.88,1.0,0.25,0.92,1.15,75,38,25,13,0,63,38,25,1.22,0.93,2.15,/usa/montreal-impact-vs-nashville-sc-mls-h2h-stats#7295435,10977,34,False,False,False,False,False,False,False,[],[]
MLS,2024,10977,7295436,11,2,2024,complete,106200,15,-1,[],['81'],0,1,1,8,7,15,5,1,3,2,0,0,6,4,0,3,6,7,14,3,45,55,15.0,13.0,27505.0,,,3,2,2.55,3.3,2.65,1.04,1.23,1.7,2.75,5.05,15.0,4.25,1.95,1.46,1.17,1.55,2.3,3.6,1.25,3.85,1.22,1.45,1.25,1.53,2.95,2.15,3.1,2.65,2.55,2.85,0,0,1.28,1.5,1.89,2.38,3.15,3.1,2.3,1.8,1.48,1.27,1.89,7.5,2.2,1.95,10.0,2.05,4.75,5.0,1.32,2.5,5.5,19.0,3.1,1.48,1.11,1.02,1.16,1.82,3.5,8.5,4.1,1.8,1.22,1.04,0,0,0,0,1,0,0,0,1,1,0,1716679800,2,0,50,25,17,0,-1,2,1,3,3,5,4,6,9,1,2,2,0,3,2,1,55,44,111,78,1.21,1.05,2.26,0,0,0,0,0,0,1,1,0,0,1,2,0,0,1,4,3,-1,-1,-1,-1,-1,-1,17,17,42,67,100,42,83,59,34,9.33,1.83,5.5,2.42,/clubs/new-england-revolution-11,teams/usa-new-england-revolution.png,New England Revolution,/clubs/new-york-city-fc-2,teams/usa-new-york-city-fc.png,New York City,1.12,0.95,0.67,1.17,0.58,1.64,83,83,59,33,0,67,50,25,1.2,0.99,2.19,/usa/new-york-city-fc-vs-new-england-revolution-h2h-stats#7295436,10977,34,True,False,False,False,False,False,False,[],['81']
MLS,2024,10977,7295437,17,9,2024,complete,106200,15,-1,[],"['45+1', '61']",0,2,2,9,2,11,6,1,2,2,0,0,1,0,2,0,3,0,10,6,36,64,57.0,21031.0,39282.0,,,2,2,2.05,3.55,3.4,1.04,1.21,1.7,2.76,5.05,10.5,3.75,1.95,1.37,1.12,1.65,2.16,2.9,1.36,4.33,1.18,1.3,1.28,1.82,2.51,2.24,4.05,2.31,2.61,3.6,0,0,1.3,1.55,1.93,2.45,3.25,3.0,2.2,1.76,1.45,1.25,1.71,7.5,2.5,1.72,10.5,2.41,3.7,6.25,1.34,2.58,6.2,19.0,3.1,1.47,1.1,1.02,1.2,1.96,4.05,9.0,4.3,1.79,1.22,1.03,0,0,0,0,2,0,1,0,1,1,1,1716679800,9,0,55,24,24,0,-1,2,1,4,1,7,1,5,8,1,0,1,2,1,3,1,59,58,99,112,0.7,0.44,1.14,0,1,0,1,0,0,1,1,0,0,1,1,0,0,1,1,2,-1,-1,-1,-1,-1,-1,7,32,40,70,77,24,61,70,48,9.74,4.26,4.57,2.27,/clubs/orlando-city-sc-17,teams/usa-orlando-city-sc.png,Orlando City,/clubs/columbus-crew-9,teams/usa-columbus-crew.png,Columbus Crew,1.52,1.83,0.86,1.5,1.23,1.62,93,68,61,30,23,37,30,23,1.4,1.13,2.53,/usa/columbus-crew-vs-orlando-city-sc-h2h-stats#7295437,10977,36,True,True,False,False,False,False,False,[],"['45+1', '61']"
MLS,2024,10977,7295438,19,8043,2024,complete,106200,15,-1,"['25', '63', '85']","['53', '55', '79', '90+3']",3,4,7,4,3,7,3,2,4,3,0,0,1,1,0,1,1,2,17,14,48,52,13864.0,10856.0,40182.0,,,4,3,2.9,3.35,2.35,1.05,1.26,1.73,2.97,5.6,13.0,3.93,1.91,1.4,1.15,1.65,2.2,3.75,1.22,3.35,1.28,1.57,1.3,1.44,3.3,2.15,2.9,3.0,2.55,2.63,0,0,1.25,1.48,1.83,2.3,3.05,3.25,2.38,1.86,1.5,1.29,1.98,7.5,2.08,2.05,13.0,1.85,5.25,4.5,1.35,2.6,5.75,19.0,2.95,1.45,1.1,1.02,1.18,1.88,3.7,10.0,3.9,1.72,1.19,1.04,0,0,0,0,7,1,0,2,4,6,1,1716679800,8043,0,72,7,64,0,-1,2,1,3,0,1,2,3,3,1,0,3,3,1,6,1,45,30,104,93,0.48,0.43,0.91,1,0,1,0,0,0,1,1,0,0,0,0,0,0,1,5,1,-1,-1,-1,-1,-1,-1,15,29,64,79,100,22,50,93,64,9.71,5.43,5.57,2.93,/clubs/toronto-fc-19,teams/canada-toronto-fc.png,Toronto,/clubs/fc-cincinnati-8043,teams/usa-fc-cincinnati.png,FC Cincinnati,1.24,1.94,2.14,2.29,1.57,2.14,86,72,36,22,0,72,57,36,1.41,1.3,2.71,/usa/toronto-fc-vs-fc-cincinnati-h2h-stats#7295438,10977,34,True,True,True,True,True,True,True,"['25', '63', '85']","['53', '55', '79', '90+3']"
MLS,2024,10977,7295439,13,14,2024,complete,106200,15,-1,"['45+4', '57', '59']","['61', '73', '90+8']",3,3,6,5,7,12,0,3,4,0,0,0,8,7,8,11,16,18,14,8,40,60,60311.0,21189.0,8.0,,,4,0,2.8,3.4,2.4,1.04,1.28,1.8,3.1,6.0,12.0,3.75,1.85,1.38,1.13,1.67,2.1,3.75,1.22,3.3,1.28,1.58,1.26,1.45,3.4,2.2,3.0,3.0,2.5,2.63,0,0,1.29,1.54,1.93,2.45,3.25,3.0,2.23,1.76,1.45,1.25,2.07,7.5,2.0,2.1,9.5,1.8,5.0,4.33,1.36,2.75,7.0,21.0,3.0,1.4,1.1,1.02,1.2,2.0,4.33,11.0,4.33,1.73,1.2,1.05,0,0,0,0,6,1,0,2,3,5,1,1716683400,-1,0,69,25,23,0,-1,2,1,4,3,1,4,7,5,1,0,3,0,1,3,1,30,38,88,93,1.79,1.9,3.69,0,0,0,0,0,0,1,1,0,0,0,1,0,0,1,11,21,-1,-1,-1,-1,-1,-1,0,23,62,92,92,40,77,84,45,10.0,3.12,3.67,2.68,/clubs/fc-dallas-13,teams/usa-fc-dallas.png,FC Dallas,/clubs/real-salt-lake-14,teams/usa-real-salt-lake.png,Real Salt Lake,1.88,1.33,1.67,1.71,1.0,2.0,100,77,38,9,9,60,52,37,1.41,1.36,2.77,/usa/fc-dallas-vs-real-salt-lake-h2h-stats#7295439,10977,34,True,True,True,True,True,True,True,"['45+4', '57', '59']","['61', '73', '90+8']"
MLS,2024,10977,7295440,945555,18,2024,complete,106200,15,-1,['82'],"['66', '69']",1,2,3,6,1,7,-1,-1,3,2,0,0,4,0,15,6,19,6,13,6,46,54,19912.0,36880.0,25.0,,,3,2,2.05,3.45,3.45,1.05,1.28,1.75,3.1,6.0,12.0,3.75,1.85,1.38,1.13,1.67,2.1,3.2,1.3,3.95,1.2,1.38,1.28,1.65,2.88,2.2,3.6,2.5,2.5,3.1,0,0,1.27,1.5,1.87,2.35,3.1,3.15,2.33,1.82,1.49,1.28,1.72,7.5,2.45,1.73,9.0,2.25,4.0,5.5,1.36,2.75,7.0,21.0,3.0,1.4,1.1,1.02,1.2,1.91,4.0,11.0,4.33,1.8,1.22,1.05,0,0,0,0,3,0,0,1,2,3,0,1716683400,18,0,53,20,27,0,-1,2,1,3,1,3,0,4,3,2,0,1,2,2,3,1,73,30,112,100,2.0,0.61,2.61,0,0,0,0,0,0,1,1,0,0,0,1,0,0,1,26,16,-1,-1,-1,-1,-1,-1,13,27,46,73,87,32,66,75,41,11.88,2.32,5.02,2.45,/clubs/st-louis-city-sc-945555,teams/usa-st-louis-city-sc.png,St. Louis City,/clubs/seattle-sounders-fc-18,teams/usa-seattle-sounders-fc.png,Seattle Sounders,1.53,1.5,1.71,0.88,1.23,1.0,88,73,55,27,14,66,66,41,1.68,1.23,2.91,/usa/seattle-sounders-fc-vs-st-louis-city-sc-h2h-stats#7295440,10977,34,True,True,True,False,False,False,True,['82'],"['66', '69']"
MLS,2024,10977,7295441,12,1015,2024,complete,106200,15,-1,"['18', '62', '71']","['8', '24', '33']",3,3,6,9,0,9,5,1,0,4,0,0,8,6,12,3,20,9,3,11,74,26,45125.0,11435.0,25056.0,,,0,4,1.95,3.7,3.5,1.03,1.18,1.55,2.35,4.0,11.0,4.75,2.2,1.56,1.22,1.53,2.38,3.4,1.28,5.25,1.12,1.32,1.27,1.8,2.5,2.4,3.75,2.2,2.7,3.4,0,0,1.2,1.38,1.66,2.06,2.63,3.75,2.65,2.05,1.65,1.38,1.68,8.0,2.5,1.57,19.0,2.38,4.0,7.0,1.29,2.25,5.5,15.0,3.5,1.57,1.14,1.03,1.14,1.73,3.4,8.0,5.5,2.0,1.3,1.08,0,0,0,0,6,1,3,2,0,2,4,1716687000,-1,0,64,27,55,0,-1,2,1,2,0,7,0,2,7,0,0,0,4,0,4,1,101,10,141,68,2.55,1.07,3.62,1,0,0,0,1,0,1,1,0,1,0,0,0,0,1,32,21,-1,-1,-1,-1,-1,-1,27,27,65,84,100,27,74,92,65,12.9,4.8,3.37,3.02,/clubs/colorado-rapids-12,teams/usa-colorado-rapids.png,Colorado Rapids,/clubs/minnesota-united-fc-1015,teams/usa-minnesota-united-fc.png,Minnesota United,1.83,1.47,1.67,2.4,1.5,2.0,74,74,35,17,0,84,84,84,1.34,1.3,2.64,/usa/colorado-rapids-vs-minnesota-united-fc-h2h-stats#7295441,10977,36,True,True,True,True,True,True,True,"['18', '62', '71']","['8', '24', '33']"
MLS,2024,10977,7295442,10,6,2024,complete,106200,15,-1,"['44', '59']",['18'],2,1,3,7,5,12,1,2,1,0,0,0,3,0,7,15,10,15,12,7,49,51,3.0,2.0,20.0,,,1,0,1.83,3.65,4.0,1.04,1.2,1.6,2.45,4.33,10.0,4.33,2.1,1.53,1.2,1.57,2.25,2.95,1.35,5.25,1.12,1.22,1.2,2.0,2.38,2.38,4.33,2.1,2.7,3.75,0,0,1.27,1.5,1.86,2.35,3.05,3.15,2.33,1.82,1.49,1.28,1.58,8.0,2.85,1.53,10.0,2.6,3.55,8.0,1.3,2.38,6.0,17.0,3.4,1.53,1.13,1.03,1.17,1.8,3.5,8.0,5.0,1.91,1.29,1.08,0,0,0,0,3,1,1,1,0,1,2,1716690600,10,0,65,20,55,0,-1,2,1,4,2,3,3,6,6,0,0,1,0,0,1,1,50,59,94,122,1.21,1.38,2.59,0,0,0,0,0,0,1,1,0,0,2,0,0,0,1,19,15,-1,-1,-1,-1,-1,-1,20,30,55,74,100,30,65,90,74,8.53,3.17,4.4,3.09,/clubs/la-galaxy-10,teams/usa-la-galaxy.png,LA Galaxy,/clubs/houston-dynamo-6,teams/usa-houston-dynamo.png,Houston Dynamo,2.57,1.5,1.8,1.5,1.57,1.38,80,70,45,27,0,72,62,35,1.63,0.95,2.58,/usa/houston-dynamo-vs-la-galaxy-h2h-stats#7295442,10977,36,True,True,True,False,False,False,True,"['44', '59']",['18']
MLS,2024,10977,7295443,20,8,2024,complete,106200,15,-1,"['51', '79']",['62'],2,1,3,3,2,5,2,3,0,1,0,0,3,1,6,3,9,4,12,8,43,57,36.0,28121.0,18.0,,,0,1,1.9,3.7,3.65,1.03,1.18,1.61,2.3,4.2,11.0,4.75,2.15,1.54,1.22,1.53,2.38,3.3,1.28,5.0,1.13,1.3,1.27,1.82,2.5,2.4,3.75,2.2,2.8,3.4,0,0,1.25,1.47,1.81,2.28,2.95,3.3,2.4,1.88,1.52,1.3,1.67,7.5,2.55,1.57,11.0,2.38,3.95,7.0,1.29,2.25,5.5,15.0,3.5,1.57,1.14,1.03,1.17,1.73,3.4,8.0,5.0,2.0,1.3,1.08,0,0,0,0,3,0,0,2,1,3,0,1716690600,20,0,84,33,42,0,-1,2,1,1,0,2,2,1,4,0,1,0,0,1,0,1,45,46,111,115,1.12,0.67,1.79,0,0,0,0,0,0,1,1,0,0,0,0,0,0,1,21,25,-1,-1,-1,-1,-1,-1,25,58,75,84,92,50,67,84,50,8.83,2.83,4.0,3.42,/clubs/portland-timbers-20,teams/usa-portland-timbers.png,Portland Timbers,/clubs/sporting-kansas-city-8,teams/usa-sporting-kansas-city.png,Sporting KC,1.88,0.53,1.33,0.83,0.93,0.85,75,42,25,17,9,75,42,33,1.35,1.2,2.55,/usa/sporting-kansas-city-vs-portland-timbers-h2h-stats#7295443,10977,34,True,True,True,False,False,False,True,"['51', '79']",['62']
MLS,2024,10977,7295444,15,698284,2024,complete,106200,15,-1,['10'],['44'],1,1,2,8,1,9,1,2,4,1,0,0,5,1,15,4,20,5,10,6,49,51,11.0,12956.0,2339.0,,,4,1,1.83,3.9,3.8,1.03,1.18,1.57,2.43,4.25,18.75,4.88,2.15,1.57,1.23,1.57,2.25,3.0,1.33,5.5,1.11,1.2,1.2,2.0,2.3,2.4,4.33,2.05,2.75,3.75,0,0,1.11,1.29,1.53,1.87,2.33,5.2,3.0,2.28,1.81,1.5,1.5,8.5,3.05,1.5,10.0,2.6,3.55,8.0,1.29,2.25,5.5,15.0,3.5,1.57,1.14,1.03,1.17,1.73,3.4,8.0,5.0,2.0,1.3,1.08,0,0,0,0,2,1,1,0,0,0,2,1716690600,-1,0,34,0,34,0,-1,2,1,5,1,3,0,6,3,2,0,2,1,2,3,1,50,40,84,89,1.97,0.69,2.65,0,0,0,0,0,0,1,1,1,0,1,0,0,0,1,20,18,-1,-1,-1,-1,-1,-1,9,25,42,58,84,17,50,84,50,7.83,3.0,4.5,2.17,/clubs/san-jose-earthquakes-15,teams/usa-san-jose-earthquakes.png,SJ Earthquakes,/clubs/austin-fc-698284,teams/usa-austin-fc.png,Austin,0.76,0.94,1.0,0.83,0.71,1.57,92,75,58,42,17,67,58,50,1.24,0.76,2.0,/usa/san-jose-earthquakes-vs-austin-fc-h2h-stats#7295444,10977,34,True,True,False,False,False,False,True,['10'],['44']
MLS,2024,10977,7295445,8043,677447,2024,complete,106200,16,-1,[],"['25', '29']",0,2,2,8,4,12,0,1,0,0,0,0,6,3,11,5,17,8,9,8,54,46,57.0,40182.0,24795.0,,,0,0,1.69,3.75,5.1,1.05,1.27,1.9,3.07,5.85,12.0,3.8,1.98,1.38,1.14,1.75,2.0,2.55,1.45,4.75,1.15,1.22,1.3,1.95,2.4,2.25,4.5,2.1,2.6,4.0,0,0,1.21,1.46,1.8,2.24,2.93,3.74,2.59,1.9,1.61,1.33,1.45,8.0,3.4,1.5,12.0,2.75,3.2,7.5,1.36,2.75,7.0,21.0,3.0,1.4,1.1,1.02,1.22,2.0,4.33,11.0,4.0,1.73,1.2,1.05,0,0,0,0,2,0,2,0,0,0,2,1717025400,677447,0,42,17,25,0,-1,2,-1,1,2,7,2,3,9,0,0,0,0,0,0,1,73,27,136,88,2.03,0.92,2.95,0,0,0,0,0,0,1,1,0,0,0,0,-1,-1,1,5,1,-1,-1,-1,-1,-1,-1,10,27,42,52,76,27,49,69,35,9.6,5.17,3.09,2.06,/clubs/fc-cincinnati-8043,teams/usa-fc-cincinnati.png,FC Cincinnati,/clubs/nashville-sc-mls-677447,teams/usa-nashville-sc-mls.png,Nashville SC,1.47,0.88,2.0,0.4,2.2,1.14,90,73,59,49,25,70,56,32,1.29,0.84,2.13,/usa/fc-cincinnati-vs-nashville-sc-mls-h2h-stats#7295445,10977,34,True,True,False,False,False,False,False,[],"['25', '29']"
MLS,2024,10977,7295446,9,11,2024,complete,106200,0,-1,"['5', '14', '64', '72']",[],4,0,4,5,1,6,1,1,0,2,0,0,4,2,14,6,18,8,7,8,-1,-1,45125.0,39282.0,13.0,,,0,2,1.39,5.15,6.39,1.01,1.12,1.4,2.02,3.4,11.0,6.5,2.82,1.79,1.32,1.62,2.2,2.55,1.45,8.5,1.04,1.09,1.12,3.0,1.83,2.75,6.0,1.62,3.25,5.5,0,0,1.29,1.5,1.81,2.25,2.9,3.2,2.38,1.88,1.55,1.35,1.29,7.0,3.55,1.3,26.0,3.4,2.7,13.0,1.22,2.0,4.33,11.0,4.0,1.73,1.2,1.05,1.13,1.62,2.75,6.0,6.0,2.2,1.4,1.13,0,0,0,0,4,2,0,2,0,2,2,1728775800,9,0,52,10,45,0,-1,2,1,0,0,1,0,0,1,0,0,0,2,0,2,1,0,0,0,0,1.75,0.87,2.62,0,0,0,0,0,0,1,1,1,0,0,0,0,0,-1,-1,-1,-1,-1,-1,-1,-1,-1,26,45,68,88,97,29,74,94,68,10.15,3.13,3.64,3.39,/clubs/columbus-crew-9,teams/usa-columbus-crew.png,Columbus Crew,/clubs/new-england-revolution-11,teams/usa-new-england-revolution.png,New England Revolution,1.89,0.71,1.94,0.8,1.88,0.97,74,55,32,13,3,62,42,29,1.48,1.15,2.63,/usa/columbus-crew-vs-new-england-revolution-h2h-stats#7295446,10977,34,True,True,True,True,False,False,False,"['5', '14', '64', '72']",[]
MLS,2024,10977,7295447,677446,1016,2024,complete,106200,16,-1,['62'],"['44', '59', '73']",1,3,4,4,5,9,2,0,1,0,0,0,5,8,1,9,6,17,11,7,54,46,7.0,647.0,40852.0,,,1,0,1.46,5.05,5.8,1.02,1.14,1.61,1.85,3.6,23.5,5.7,2.15,1.88,1.29,1.53,2.38,2.95,1.35,7.0,1.07,1.17,1.17,2.3,2.05,2.6,4.75,1.83,3.0,4.33,0,0,1.23,1.5,2.0,2.32,3.04,3.56,2.62,1.73,1.62,1.31,1.65,9.2,2.64,1.4,24.0,2.75,3.3,8.5,1.22,2.1,4.5,13.0,4.0,1.67,1.18,1.04,1.13,1.62,3.0,6.5,6.0,2.2,1.36,1.11,0,0,0,0,4,0,1,1,2,3,1,1717025400,1016,0,48,13,19,0,-1,2,1,2,4,2,1,6,3,0,0,1,0,0,1,1,81,37,126,62,1.33,1.89,3.22,0,0,0,0,0,0,1,1,0,0,0,0,0,0,1,4,2,-1,-1,-1,-1,-1,-1,19,32,32,69,92,19,86,69,25,8.58,3.96,4.3,2.61,/clubs/club-internacional-de-futbol-miami-677446,teams/usa-club-internacional-de-futbol-miami.png,Inter Miami,/clubs/atlanta-united-fc-1016,teams/usa-atlanta-united-fc.png,Atlanta United FC,2.11,1.05,2.13,0.5,2.13,0.93,82,69,69,32,9,59,53,38,1.43,1.18,2.61,/usa/atlanta-united-fc-vs-club-internacional-de-futbol-miami-h2h-stats#7295447,10977,37,True,True,True,True,False,False,True,['62'],"['44', '59', '73']"
MLS,2024,10977,7295448,1,13401,2024,complete,106200,16,-1,"['6', '34', '38', '73']","['29', '42']",4,2,6,4,2,6,2,2,3,3,0,1,6,4,4,3,10,7,13,20,48,52,31.0,44644.0,13006.0,,,3,4,2.7,3.48,2.52,1.03,1.19,1.55,2.26,4.48,16.0,4.73,2.3,1.54,1.21,1.5,2.5,3.9,1.22,4.0,1.2,1.45,1.25,1.5,3.0,2.38,3.1,2.5,2.62,3.0,0,0,1.24,1.52,1.95,2.38,3.14,3.48,2.56,1.77,1.59,1.29,1.9,7.8,2.2,1.8,10.0,2.05,5.0,5.5,1.3,2.38,6.0,17.0,3.4,1.53,1.13,1.03,1.17,1.73,3.5,8.0,5.0,2.0,1.29,1.08,0,0,0,0,6,3,2,1,0,1,5,1717025400,1,0,69,45,42,0,-1,2,1,2,1,2,1,3,3,2,3,1,1,5,2,1,46,49,94,110,1.39,1.09,2.48,0,0,0,0,0,0,1,1,1,0,0,1,1,1,1,3,2,-1,-1,-1,-1,-1,-1,17,52,62,76,83,45,69,83,52,8.71,3.54,5.46,2.89,/clubs/montreal-impact-1,teams/canada-montreal-impact.png,Montreal Impact,/clubs/dc-united-13401,teams/usa-dc-united.png,DC United,1.67,1.35,1.0,1.0,0.93,1.2,83,49,39,25,17,59,39,39,1.07,1.27,2.34,/usa/montreal-impact-vs-dc-united-h2h-stats#7295448,10977,34,True,True,True,True,True,True,True,"['6', '34', '38', '73']","['29', '42']"
MLS,2024,10977,7295449,4,711351,2024,complete,106200,16,-1,"['74', '76', '83']",['90+6'],3,1,4,4,3,7,4,2,1,4,0,0,6,4,4,3,10,7,6,13,53,47,11.0,1313.0,404.0,,,1,4,1.63,3.95,5.3,1.04,1.26,1.88,3.0,5.6,13.5,3.9,2.0,1.4,1.15,1.8,1.95,2.3,1.55,5.25,1.12,1.13,1.2,2.3,2.2,2.3,5.5,1.91,2.62,4.75,0,0,1.29,1.77,2.1,2.56,3.48,3.14,1.95,1.67,1.49,1.24,1.5,7.5,3.2,1.4,9.9,3.1,2.75,8.0,1.36,2.63,7.0,19.0,3.0,1.44,1.1,1.02,1.2,2.0,4.33,11.0,4.33,1.73,1.2,1.05,0,0,0,0,4,0,0,3,1,4,0,1717025400,4,0,55,35,20,0,-1,2,1,2,2,2,1,4,3,1,1,0,3,2,3,1,47,42,98,94,1.4,1.04,2.43,0,0,0,0,0,0,1,1,0,0,0,0,0,0,1,4,4,-1,-1,-1,-1,-1,-1,10,20,47,65,90,35,74,65,30,9.17,2.5,4.47,2.42,/clubs/new-york-red-bulls-4,teams/usa-new-york-red-bulls.png,New York RB,/clubs/charlotte-fc-711351,teams/usa-charlotte-fc.png,Charlotte,1.61,1.05,2.2,0.67,1.64,1.47,90,80,54,35,10,72,44,17,1.59,1.08,2.67,/usa/new-york-red-bulls-vs-charlotte-fc-h2h-stats#7295449,10977,37,True,True,True,True,False,False,True,"['74', '76', '83']",['90+6']
MLS,2024,10977,7295450,16,19,2024,complete,106200,16,-1,[],[],0,0,0,5,4,9,1,1,1,2,0,0,1,3,5,6,6,9,8,8,57,43,69.0,12.0,10856.0,,,1,2,1.61,4.15,5.2,1.04,1.2,1.6,2.27,4.33,10.0,4.33,2.2,1.57,1.2,1.67,2.1,2.5,1.48,6.25,1.09,1.14,1.18,2.38,2.1,2.4,5.0,1.83,2.75,4.75,0,0,1.22,1.49,1.95,2.3,2.93,3.65,2.68,1.77,1.65,1.33,1.3,9.0,4.4,1.4,10.0,3.1,2.9,8.5,1.29,2.38,5.5,17.0,3.5,1.53,1.14,1.03,1.17,1.8,3.5,8.0,5.0,1.91,1.29,1.08,0,0,0,0,0,0,0,0,0,0,0,1717025400,-1,0,63,16,32,0,-1,2,1,3,2,2,2,5,4,1,0,0,2,1,2,1,41,40,106,101,0.76,1.08,1.84,0,0,0,0,0,0,1,1,0,0,0,0,0,0,1,2,2,-1,-1,-1,-1,-1,-1,24,40,70,86,93,40,86,86,62,11.26,5.79,5.69,3.12,/clubs/philadelphia-union-16,teams/usa-philadelphia-union.png,Philadelphia Union,/clubs/toronto-fc-19,teams/canada-toronto-fc.png,Toronto,1.0,0.94,0.67,1.0,1.29,1.47,77,61,30,15,7,86,77,56,1.65,0.92,2.57,/usa/philadelphia-union-vs-toronto-fc-h2h-stats#7295450,10977,34,False,False,False,False,False,False,False,[],[]
MLS,2024,10977,7295451,698284,20,2024,complete,106200,16,-1,[],"['45+3', '66']",0,2,2,3,3,6,2,2,5,1,0,0,3,3,5,2,8,5,12,15,62,38,13864.0,2339.0,28121.0,,,5,1,2.08,3.64,3.34,1.03,1.17,1.61,2.48,4.4,15.0,4.2,2.15,1.45,1.16,1.57,2.25,3.1,1.33,5.0,1.14,1.3,1.25,1.85,2.5,2.3,4.0,2.2,2.65,3.5,0,0,1.17,1.34,1.77,1.95,2.65,4.25,2.88,1.95,1.77,1.42,1.65,8.0,2.65,1.57,14.75,2.4,3.8,7.0,1.3,2.5,6.0,17.0,3.4,1.5,1.13,1.03,1.18,1.83,3.75,9.0,4.5,1.83,1.25,1.07,0,0,0,0,2,0,1,0,1,1,1,1717029000,20,0,75,7,57,0,-1,2,1,1,1,2,2,2,4,0,0,5,1,0,6,1,62,25,121,75,1.18,0.72,1.89,1,1,0,1,1,0,1,1,0,0,0,0,0,0,1,21,15,-1,-1,-1,-1,-1,-1,32,50,75,88,100,32,82,88,82,8.63,3.38,5.25,3.63,/clubs/austin-fc-698284,teams/usa-austin-fc.png,Austin,/clubs/portland-timbers-20,teams/usa-portland-timbers.png,Portland Timbers,1.53,0.83,2.13,0.63,1.53,1.07,69,50,25,13,0,63,63,57,1.19,1.05,2.24,/usa/portland-timbers-vs-austin-fc-h2h-stats#7295451,10977,34,True,True,False,False,False,False,False,[],"['45+3', '66']"
MLS,2024,10977,7295452,7,17,2024,complete,106200,16,-1,['70'],['4'],1,1,2,6,4,10,3,3,3,1,0,0,3,2,13,2,16,4,14,4,48,52,13891.0,21081.0,21031.0,,,3,1,2.62,3.4,2.64,1.01,1.25,1.86,2.9,5.5,12.5,4.0,1.98,1.42,1.16,1.67,2.1,3.35,1.28,4.0,1.2,1.42,1.26,1.62,3.0,2.2,3.4,2.63,2.55,3.0,0,0,1.21,1.46,1.9,2.2,2.88,3.74,2.76,1.8,1.67,1.34,2.15,7.8,1.93,1.8,9.5,2.2,4.33,5.5,1.36,2.63,7.0,21.0,3.0,1.44,1.1,1.02,1.2,1.91,4.0,10.0,4.33,1.8,1.22,1.06,0,0,0,0,2,0,1,1,0,1,1,1717029000,-1,0,50,38,44,0,-1,2,1,2,3,4,1,5,5,0,1,3,0,1,3,1,54,43,114,100,1.61,0.72,2.33,0,0,0,0,0,0,1,1,0,1,0,0,0,0,1,17,13,-1,-1,-1,-1,-1,-1,32,53,65,73,94,53,73,94,53,12.38,3.71,3.38,3.28,/clubs/chicago-fire-7,teams/usa-chicago-fire.png,Chicago Fire,/clubs/orlando-city-sc-17,teams/usa-orlando-city-sc.png,Orlando City,1.12,1.56,0.88,1.67,0.73,1.14,69,48,36,28,7,92,84,71,1.25,1.15,2.4,/usa/chicago-fire-vs-orlando-city-sc-h2h-stats#7295452,10977,34,True,True,False,False,False,False,True,['70'],['4']
MLS,2024,10977,7295453,6,12,2024,complete,106200,16,-1,"['40', '70', '80']",['49'],3,1,4,3,6,9,3,3,1,1,0,0,6,10,3,4,9,14,19,15,56,44,42.0,20.0,11435.0,,,1,1,2.07,3.56,3.44,1.03,1.22,1.61,2.7,5.0,13.0,4.33,2.15,1.48,1.18,1.57,2.25,3.2,1.3,4.75,1.15,1.3,1.25,1.83,2.6,2.3,3.75,2.25,2.65,3.4,0,0,1.23,1.47,2.0,2.25,3.04,3.56,2.54,1.73,1.6,1.31,1.82,8.9,2.32,1.62,16.0,2.38,4.0,6.5,1.3,2.5,6.0,17.0,3.4,1.5,1.13,1.03,1.18,1.83,3.75,9.0,4.5,1.83,1.25,1.07,0,0,0,0,4,1,0,2,1,3,1,1717029000,6,0,66,20,26,0,-1,2,1,2,4,1,2,6,3,0,1,1,0,1,1,1,44,50,80,78,1.31,1.94,3.25,0,1,0,0,0,1,1,1,0,0,0,0,0,0,1,10,21,-1,-1,-1,-1,-1,-1,13,19,52,79,93,26,79,86,40,8.38,3.88,3.92,2.73,/clubs/houston-dynamo-6,teams/usa-houston-dynamo.png,Houston Dynamo,/clubs/colorado-rapids-12,teams/usa-colorado-rapids.png,Colorado Rapids,1.61,0.94,1.29,1.38,1.29,1.47,88,82,48,22,7,41,41,28,1.7,1.24,2.94,/usa/houston-dynamo-vs-colorado-rapids-h2h-stats#7295453,10977,36,True,True,True,True,False,False,True,"['40', '70', '80']",['49']
MLS,2024,10977,7295454,8,5,2024,complete,106200,16,-1,['90+2'],"['39', '82']",1,2,3,4,4,8,2,2,2,1,0,0,3,2,3,9,6,11,9,12,59,41,13812.0,18.0,41087.0,,,2,1,2.32,3.48,2.97,1.03,1.22,1.61,2.7,4.75,13.0,4.33,2.15,1.48,1.19,1.57,2.25,3.4,1.29,4.33,1.18,1.38,1.26,1.68,2.75,2.3,3.5,2.4,2.65,3.1,0,0,1.19,1.41,1.8,2.06,2.8,4.0,2.78,1.9,1.68,1.38,1.57,7.5,2.95,1.67,15.0,2.25,4.33,6.0,1.33,2.5,6.0,17.0,3.25,1.5,1.13,1.03,1.18,1.83,3.75,9.0,4.5,1.83,1.25,1.07,0,0,0,0,3,0,1,1,1,2,1,1717029000,5,0,72,29,22,0,-1,2,1,3,1,1,3,4,4,1,1,1,0,2,1,1,50,47,105,78,0.96,1.17,2.14,0,0,0,0,0,0,1,1,0,0,0,0,0,1,1,17,17,-1,-1,-1,-1,-1,-1,29,36,58,93,100,50,86,79,50,9.43,3.43,4.14,3.29,/clubs/sporting-kansas-city-8,teams/usa-sporting-kansas-city.png,Sporting KC,/clubs/vancouver-whitecaps-fc-5,teams/canada-vancouver-whitecaps-fc.png,Vancouver Whitecaps,1.29,1.32,0.86,1.57,0.79,1.36,72,65,43,7,0,57,43,22,1.35,0.98,2.33,/usa/vancouver-whitecaps-fc-vs-sporting-kansas-city-h2h-stats#7295454,10977,34,True,True,True,False,False,False,True,['90+2'],"['39', '82']"
MLS,2024,10977,7295455,10,13,2024,complete,106200,16,-1,"['4', '66', '90+4']",['22'],3,1,4,6,2,8,4,3,1,4,0,1,11,5,7,1,18,6,9,17,57,43,45125.0,2.0,21189.0,,,1,5,1.5,4.5,6.05,1.03,1.18,1.65,2.25,4.0,17.0,5.0,2.15,1.57,1.25,1.57,2.25,2.65,1.42,6.25,1.09,1.16,1.22,2.25,2.2,2.5,4.75,1.83,2.85,4.75,0,0,1.2,1.41,1.9,2.18,2.84,3.84,2.69,1.8,1.65,1.35,1.33,10.5,4.05,1.4,9.5,2.88,3.1,8.5,1.29,2.25,5.5,15.0,3.5,1.57,1.14,1.03,1.14,1.73,3.4,8.0,5.5,2.0,1.3,1.08,0,0,0,0,4,1,1,2,0,2,2,1717036200,10,0,83,25,59,0,-1,2,1,2,0,4,2,2,6,0,4,1,1,4,2,1,38,31,113,110,2.19,0.97,3.16,2,0,1,0,1,0,1,1,1,0,0,0,0,0,1,8,13,-1,-1,-1,-1,-1,-1,17,34,67,83,92,34,75,83,67,8.5,3.17,4.17,3.17,/clubs/la-galaxy-10,teams/usa-la-galaxy.png,LA Galaxy,/clubs/fc-dallas-13,teams/usa-fc-dallas.png,FC Dallas,2.57,0.53,2.0,0.33,1.67,1.0,84,67,33,17,9,59,50,33,1.56,0.91,2.47,/usa/la-galaxy-vs-fc-dallas-h2h-stats#7295455,10977,34,True,True,True,True,False,False,True,"['4', '66', '90+4']",['22']
MLS,2024,10977,7295456,6490,1015,2024,complete,106200,16,-1,"['38', '82']",[],2,0,2,7,8,15,4,0,0,2,0,0,5,1,5,4,10,5,11,16,55,45,13841.0,39588.0,25056.0,,,0,2,1.5,4.6,5.85,1.02,1.16,1.6,2.0,4.0,19.0,5.5,2.2,1.73,1.26,1.57,2.25,2.75,1.4,6.5,1.08,1.16,1.19,2.45,2.05,2.5,5.0,1.8,3.0,4.75,0,0,1.1,1.22,1.42,1.8,2.19,5.5,3.65,2.65,1.9,1.64,1.34,11.25,3.88,1.4,17.75,3.0,3.2,8.5,1.25,2.2,5.0,15.0,3.75,1.62,1.17,1.03,1.14,1.67,3.25,7.0,5.5,2.1,1.33,1.1,0,0,0,0,2,1,0,1,0,1,1,1717037100,6490,0,62,24,47,0,-1,2,1,4,5,3,3,9,6,0,1,0,1,1,1,1,61,42,102,100,1.43,0.7,2.13,1,0,1,0,0,0,1,1,0,0,1,1,0,0,1,18,17,-1,-1,-1,-1,-1,-1,31,38,85,93,93,45,85,86,70,12.74,3.79,4.93,3.48,/clubs/los-angeles-fc-6490,teams/usa-los-angeles-fc.png,Los Angeles FC,/clubs/minnesota-united-fc-1015,teams/usa-minnesota-united-fc.png,Minnesota United,2.15,1.47,2.43,2.17,1.71,1.92,69,62,16,7,7,93,85,70,1.89,1.26,3.15,/usa/minnesota-united-fc-vs-los-angeles-fc-h2h-stats#7295456,10977,37,True,True,False,False,False,False,False,"['38', '82']",[]
MLS,2024,10977,7295457,18,14,2024,complete,106200,16,-1,['68'],['90+9'],1,1,2,11,4,15,2,0,2,2,0,0,6,3,5,9,11,12,11,12,46,54,65601.0,25.0,8.0,,,2,2,1.9,3.66,3.92,1.04,1.24,1.61,2.86,5.25,15.25,4.08,2.15,1.43,1.16,1.67,2.1,3.1,1.33,4.33,1.18,1.35,1.27,1.75,2.6,2.3,4.0,2.25,2.7,3.5,0,0,1.18,1.36,1.77,1.95,2.52,4.1,2.79,1.95,1.77,1.48,1.64,9.4,2.65,1.62,15.0,2.4,3.75,5.75,1.33,2.63,6.5,19.0,3.25,1.44,1.11,1.02,1.2,1.91,4.0,10.0,4.33,1.8,1.22,1.06,0,0,0,0,2,0,0,1,1,2,0,1717036200,-1,0,54,0,19,0,-1,2,1,4,2,7,2,6,9,0,0,2,2,0,4,1,52,49,111,104,1.5,1.33,2.83,0,0,0,0,0,0,1,1,0,0,0,0,0,0,1,26,30,-1,-1,-1,-1,-1,-1,15,28,40,84,84,21,69,84,48,12.42,3.05,5.08,2.54,/clubs/seattle-sounders-fc-18,teams/usa-seattle-sounders-fc.png,Seattle Sounders,/clubs/real-salt-lake-14,teams/usa-real-salt-lake.png,Real Salt Lake,1.78,1.33,1.17,1.63,1.13,1.93,86,73,61,17,17,78,54,40,1.41,1.43,2.84,/usa/real-salt-lake-vs-seattle-sounders-fc-h2h-stats#7295457,10977,36,True,True,False,False,False,False,True,['68'],['90+9']
MLS,2024,10977,7295458,5,12,2024,complete,106200,17,-1,"['46', '90+1']",['50'],2,1,3,3,7,10,1,1,2,2,0,0,3,3,8,6,11,9,6,9,53,47,61080.0,41087.0,11435.0,,,2,2,2.1,3.62,3.35,1.03,1.25,1.76,2.29,5.5,13.0,4.0,1.95,1.55,1.16,1.7,2.05,3.0,1.33,4.2,1.18,1.3,1.24,1.83,2.75,2.2,3.75,2.38,2.65,3.4,0,0,1.22,1.41,1.62,2.01,2.88,3.75,2.63,2.22,1.77,1.35,1.61,9.5,2.72,1.67,9.5,2.38,3.8,5.75,1.36,2.63,7.0,21.0,3.0,1.44,1.1,1.02,1.2,2.0,4.0,11.0,4.33,1.73,1.22,1.05,0,0,0,0,3,0,0,2,1,3,0,1717295400,5,0,75,18,44,0,-1,2,1,0,3,3,4,3,7,1,2,1,0,3,1,1,55,42,105,92,1.31,1.09,2.4,0,0,0,0,0,0,1,1,0,0,0,0,1,0,1,21,23,-1,-1,-1,-1,-1,-1,18,44,75,93,93,38,86,86,64,8.1,3.43,3.7,3.39,/clubs/vancouver-whitecaps-fc-5,teams/canada-vancouver-whitecaps-fc.png,Vancouver Whitecaps,/clubs/colorado-rapids-12,teams/usa-colorado-rapids.png,Colorado Rapids,1.47,0.94,1.14,1.22,1.47,1.38,82,57,26,7,7,51,45,20,1.45,1.32,2.77,/usa/vancouver-whitecaps-fc-vs-colorado-rapids-h2h-stats#7295458,10977,36,True,True,True,False,False,False,True,"['46', '90+1']",['50']
MLS,2024,10977,7295459,2,15,2024,complete,106200,17,-1,"['50', '80', '85', '90+2', '90+5']",['53'],5,1,6,4,6,10,4,3,3,1,0,0,7,3,10,5,17,8,14,8,61,39,14023.0,27505.0,12956.0,,,3,1,1.52,3.95,4.5,1.03,1.2,1.52,2.65,4.75,15.0,4.5,2.35,1.48,1.19,1.7,2.05,2.55,1.45,5.5,1.11,1.18,1.2,2.3,2.2,2.38,5.0,1.91,2.75,4.33,0,0,1.26,1.45,1.78,2.2,2.9,3.6,2.6,2.0,1.62,1.38,1.7,6.5,2.8,1.44,10.0,2.88,3.0,8.0,1.3,2.5,6.0,17.0,3.4,1.5,1.13,1.03,1.18,1.83,3.75,9.0,4.5,1.83,1.25,1.07,0,0,0,0,6,0,0,5,1,6,0,1717198200,2,0,82,44,13,0,-1,2,1,3,1,1,5,4,6,2,1,1,0,3,1,1,77,24,131,62,2.12,0.89,3.01,0,0,0,0,0,0,1,1,0,0,0,0,0,0,1,2,3,-1,-1,-1,-1,-1,-1,25,25,69,100,100,51,94,94,38,9.38,3.26,5.26,3.5,/clubs/new-york-city-fc-2,teams/usa-new-york-city-fc.png,New York City,/clubs/san-jose-earthquakes-15,teams/usa-san-jose-earthquakes.png,SJ Earthquakes,1.89,0.47,2.0,0.5,1.73,0.73,75,75,32,0,0,82,75,57,1.52,1.12,2.64,/usa/new-york-city-fc-vs-san-jose-earthquakes-h2h-stats#7295459,10977,34,True,True,True,True,True,True,True,"['50', '80', '85', '90+2', '90+5']",['53']
MLS,2024,10977,7295460,9,18,2024,complete,106200,0,-1,[],"['45+6', '60', '67', '70']",0,4,4,5,4,9,2,2,0,1,1,0,1,7,8,5,9,12,7,6,54,46,13812.0,39282.0,25.0,,,2,1,1.99,3.68,3.56,1.02,1.21,1.66,2.72,4.9,10.5,3.75,2.14,1.38,1.12,1.67,2.1,2.8,1.38,4.75,1.15,1.24,1.26,1.97,2.4,2.3,4.33,2.1,2.66,3.75,0,0,1.3,1.54,1.88,2.35,3.05,3.05,2.3,1.81,1.5,1.32,1.49,6.5,2.7,1.53,14.0,2.6,3.5,7.0,1.33,2.63,6.5,19.0,3.25,1.44,1.11,1.02,1.2,1.83,4.0,10.0,4.33,1.83,1.22,1.06,0,0,0,0,4,0,1,0,3,3,1,1725751800,18,0,57,19,36,0,-1,2,1,5,1,0,3,6,3,1,1,0,0,2,0,1,62,35,121,86,1.1,1.5,2.6,0,0,0,0,0,0,1,1,0,0,2,0,0,0,1,15,13,-1,-1,-1,1,6,7,15,31,61,77,93,34,69,81,55,11.11,2.82,2.72,2.81,/clubs/columbus-crew-9,teams/usa-columbus-crew.png,Columbus Crew,/clubs/seattle-sounders-fc-18,teams/usa-seattle-sounders-fc.png,Seattle Sounders,1.89,1.5,2.08,1.21,1.96,1.48,86,69,39,23,8,61,52,27,1.52,1.11,2.63,/usa/columbus-crew-vs-seattle-sounders-fc-h2h-stats#7295460,10977,36,True,True,True,True,False,False,False,[],"['45+6', '60', '67', '70']"
MLS,2024,10977,7295461,13401,19,2024,complete,106200,17,-1,"['79', '90+5']","['2', '33']",2,2,4,10,4,14,2,3,0,7,0,2,8,3,4,3,12,6,12,12,45,55,13889.0,13006.0,10856.0,,,0,9,2.0,3.75,3.53,1.02,1.19,1.68,2.3,4.8,10.0,3.92,2.07,1.54,1.13,1.67,2.1,2.7,1.4,5.0,1.13,1.24,1.26,2.0,2.38,2.3,4.33,2.1,2.67,4.0,0,0,1.2,1.38,1.73,2.1,2.7,3.95,2.75,2.0,1.69,1.38,1.57,7.5,2.95,1.5,14.5,2.63,3.3,7.0,1.33,2.5,6.5,19.0,3.25,1.5,1.11,1.02,1.18,1.83,3.75,10.0,4.5,1.83,1.25,1.06,0,0,0,0,4,0,2,2,0,2,2,1717284600,-1,0,63,32,26,0,-1,2,1,3,3,7,1,6,8,0,0,0,9,0,9,1,46,33,133,71,1.67,0.83,2.5,1,0,1,0,0,0,1,1,0,1,1,1,0,0,1,1,0,-1,-1,-1,-1,-1,-1,19,44,63,76,88,38,76,76,50,10.63,4.51,7.01,2.88,/clubs/dc-united-13401,teams/usa-dc-united.png,DC United,/clubs/toronto-fc-19,teams/canada-toronto-fc.png,Toronto,1.0,0.94,1.38,1.0,1.13,1.44,82,57,38,26,13,88,69,44,1.5,0.94,2.44,/usa/toronto-fc-vs-dc-united-h2h-stats#7295461,10977,34,True,True,True,True,False,False,True,"['79', '90+5']","['2', '33']"
MLS,2024,10977,7295462,677446,945555,2024,complete,106200,17,-1,"['25', '45+2', '85']","['15', '41', '68']",3,3,6,9,7,16,2,1,1,1,0,0,10,7,4,7,14,14,6,19,79,21,3.0,647.0,36880.0,,,1,1,1.39,5.1,7.45,1.02,1.15,1.45,2.25,3.85,21.5,5.25,2.63,1.57,1.25,1.7,2.05,2.25,1.57,7.5,1.04,1.08,1.13,3.0,1.83,2.63,6.5,1.62,3.0,5.75,0,0,1.29,1.52,1.9,2.45,3.3,3.25,2.33,1.8,1.47,1.27,1.5,7.8,3.2,1.36,21.0,3.3,2.5,9.0,1.25,2.2,5.0,13.0,3.75,1.62,1.17,1.04,1.13,1.67,3.0,6.5,5.0,2.1,1.33,1.08,0,0,0,0,6,2,2,1,1,2,4,1717284600,-1,0,75,28,56,0,-1,2,1,2,2,7,5,4,12,0,0,1,1,0,2,1,50,40,110,105,1.95,1.67,3.62,0,0,0,0,0,0,1,1,0,0,0,0,0,0,1,2,2,-1,-1,-1,-1,-1,-1,33,75,75,86,92,33,86,86,70,10.22,3.06,5.11,3.95,/clubs/club-internacional-de-futbol-miami-677446,teams/usa-club-internacional-de-futbol-miami.png,Inter Miami,/clubs/st-louis-city-sc-945555,teams/usa-st-louis-city-sc.png,St. Louis City,2.11,0.65,1.89,0.67,2.0,1.14,67,25,25,14,9,62,42,36,1.41,1.31,2.72,/usa/club-internacional-de-futbol-miami-vs-st-louis-city-sc-h2h-stats#7295462,10977,34,True,True,True,True,True,True,True,"['25', '45+2', '85']","['15', '41', '68']"
MLS,2024,10977,7295463,4,17,2024,complete,106200,17,-1,['38'],[],1,0,1,4,5,9,1,2,1,1,0,0,4,1,9,2,13,3,15,9,60,40,36.0,1313.0,21031.0,,,1,1,1.84,3.75,4.17,1.01,1.24,1.81,2.93,5.4,9.9,3.5,1.9,1.33,1.1,1.8,1.95,2.5,1.48,4.75,1.15,1.23,1.27,2.0,2.4,2.2,4.5,2.1,2.6,4.0,0,0,1.35,1.8,2.1,2.56,3.92,2.84,1.9,1.7,1.47,1.19,1.65,7.5,2.7,1.53,9.9,2.75,3.2,7.0,1.36,2.75,7.0,21.0,3.0,1.4,1.1,1.02,1.22,2.0,4.33,11.0,4.0,1.73,1.2,1.05,0,0,0,0,1,1,0,0,0,0,1,1717284600,4,0,62,30,47,0,-1,2,1,3,1,1,4,4,5,0,0,1,1,0,2,1,47,48,116,107,1.45,0.62,2.07,0,0,0,0,0,0,1,1,0,0,1,0,0,0,1,6,6,-1,-1,-1,-1,-1,-1,30,54,62,85,92,37,77,92,62,9.71,3.5,3.1,3.3,/clubs/new-york-red-bulls-4,teams/usa-new-york-red-bulls.png,New York RB,/clubs/orlando-city-sc-17,teams/usa-orlando-city-sc.png,Orlando City,1.61,1.56,2.33,1.57,1.73,1.13,70,47,38,16,9,68,44,29,1.56,1.09,2.65,/usa/new-york-red-bulls-vs-orlando-city-sc-h2h-stats#7295463,10977,39,True,False,False,False,False,False,False,['38'],[]
MLS,2024,10977,7295464,16,1,2024,complete,106200,17,-1,"['56', '58']","['1', '66']",2,2,4,11,1,12,1,1,1,2,1,1,10,3,9,2,19,5,12,11,68,32,15.0,12.0,44644.0,,,3,4,1.43,4.85,7.0,1.03,1.2,1.59,2.25,4.75,11.0,4.5,2.21,1.57,1.18,1.8,1.95,2.2,1.62,7.0,1.06,1.1,1.13,2.8,1.91,2.5,6.5,1.67,2.88,6.0,0,0,1.26,1.45,1.78,2.2,2.9,3.6,2.6,2.0,1.62,1.38,1.33,8.0,4.5,1.29,11.0,3.6,2.4,8.5,1.3,2.38,6.0,17.0,3.4,1.53,1.13,1.03,1.17,1.83,3.75,9.0,5.0,1.83,1.25,1.07,0,0,0,0,4,0,1,2,1,3,1,1717284600,-1,0,64,18,44,0,-1,2,1,4,1,7,0,5,7,1,3,1,0,4,1,1,69,10,133,58,2.4,0.61,3.01,1,0,1,0,0,0,1,1,0,1,1,1,0,0,1,2,2,-1,-1,-1,-1,-1,-1,43,50,69,77,82,50,77,82,57,11.32,4.14,4.38,3.35,/clubs/philadelphia-union-16,teams/usa-philadelphia-union.png,Philadelphia Union,/clubs/montreal-impact-1,teams/canada-montreal-impact.png,Montreal Impact,1.0,0.82,0.71,0.89,1.27,1.07,58,51,31,24,18,84,64,52,1.52,0.92,2.44,/usa/montreal-impact-vs-philadelphia-union-h2h-stats#7295464,10977,34,True,True,True,True,False,False,True,"['56', '58']","['1', '66']"
MLS,2024,10977,7295465,7,10,2024,complete,106200,17,-1,"['32', '61']",['7'],2,1,3,2,5,7,-1,-1,3,2,0,0,4,4,6,5,10,9,16,6,36,64,42.0,21081.0,2.0,,,3,2,2.53,3.75,2.58,1.03,1.22,1.65,2.27,5.0,15.0,4.33,2.12,1.56,1.18,1.57,2.25,3.75,1.22,3.8,1.22,1.53,1.24,1.55,3.1,2.3,3.1,2.75,2.6,2.75,0,0,1.13,1.28,1.54,1.9,2.34,4.75,3.25,2.36,1.9,1.55,1.91,8.5,2.1,1.83,10.0,2.0,4.75,4.75,1.33,2.5,6.5,19.0,3.25,1.5,1.11,1.02,1.18,1.83,3.75,9.0,4.5,1.83,1.25,1.07,0,0,0,0,3,1,1,1,0,1,2,1717288200,7,0,62,17,39,0,-1,2,1,2,3,0,2,5,2,1,1,2,1,2,3,1,32,60,106,137,1.16,1.3,2.45,0,1,0,1,0,0,1,1,0,1,0,1,0,0,1,13,17,-1,-1,-1,-1,-1,-1,11,45,62,73,84,39,62,73,45,12.11,3.89,3.33,2.84,/clubs/chicago-fire-7,teams/usa-chicago-fire.png,Chicago Fire,/clubs/la-galaxy-10,teams/usa-la-galaxy.png,LA Galaxy,1.12,1.39,0.89,1.44,0.75,1.75,89,56,39,28,17,84,84,62,1.29,1.26,2.55,/usa/chicago-fire-vs-la-galaxy-h2h-stats#7295465,10977,34,True,True,True,False,False,False,True,"['32', '61']",['7']
MLS,2024,10977,7295466,1015,8,2024,complete,106200,17,-1,"['33', '67', '83']",['86'],3,1,4,4,4,8,3,4,4,1,0,0,6,1,3,7,9,8,15,16,46,54,13893.0,25056.0,18.0,,,4,1,1.7,4.15,4.5,1.02,1.19,1.58,2.25,4.5,17.0,4.75,2.25,1.57,1.2,1.62,2.2,2.75,1.4,5.75,1.1,1.2,1.2,2.2,2.25,2.4,4.5,1.95,2.85,4.0,0,0,1.12,1.29,1.51,1.85,2.3,5.1,3.25,2.46,1.94,1.58,1.57,9.0,2.62,1.44,10.0,2.75,3.25,8.0,1.29,2.38,5.5,17.0,3.5,1.53,1.14,1.03,1.17,1.8,3.5,9.0,5.0,1.91,1.29,1.07,0,0,0,0,4,1,0,2,1,3,1,1717288200,1015,0,79,22,50,0,-1,2,1,2,3,2,1,5,3,2,1,2,0,3,2,1,39,62,85,118,1.28,1.04,2.31,0,0,0,0,0,0,1,1,0,0,0,1,0,0,1,22,24,-1,-1,-1,-1,-1,-1,7,22,57,86,93,22,58,79,57,9.86,3.14,4.0,2.64,/clubs/minnesota-united-fc-1015,teams/usa-minnesota-united-fc.png,Minnesota United,/clubs/sporting-kansas-city-8,teams/usa-sporting-kansas-city.png,Sporting KC,1.44,0.53,1.71,0.71,1.79,0.73,93,79,43,15,7,71,43,36,1.66,1.13,2.79,/usa/sporting-kansas-city-vs-minnesota-united-fc-h2h-stats#7295466,10977,34,True,True,True,True,False,False,True,"['33', '67', '83']",['86']
MLS,2024,10977,7295467,677447,11,2024,complete,106200,17,-1,['80'],"['18', '51']",1,2,3,8,4,12,-1,-1,1,3,0,0,5,4,6,4,11,8,12,14,62,38,31.0,24795.0,13.0,,,1,3,1.71,3.9,4.8,1.04,1.26,1.76,3.1,5.5,13.0,4.0,1.95,1.4,1.15,1.8,1.95,2.45,1.48,5.0,1.13,1.19,1.22,2.15,2.3,2.25,5.0,2.0,2.7,4.5,0,0,1.22,1.44,1.76,2.21,2.98,3.65,2.58,2.02,1.63,1.32,1.62,9.3,2.71,1.44,9.5,2.88,2.95,7.5,1.36,2.63,7.0,19.0,3.0,1.44,1.1,1.02,1.2,2.0,4.33,11.0,4.33,1.73,1.2,1.05,0,0,0,0,3,0,1,1,1,2,1,1717288200,11,0,64,20,36,0,-1,2,1,2,2,5,2,4,7,0,0,1,3,0,4,1,64,39,119,84,1.52,1.07,2.59,2,0,1,0,1,0,1,1,0,0,0,0,0,0,1,25,11,-1,-1,-1,-1,-1,-1,22,42,53,78,95,25,59,89,56,10.72,3.61,4.89,2.98,/clubs/nashville-sc-mls-677447,teams/usa-nashville-sc-mls.png,Nashville SC,/clubs/new-england-revolution-11,teams/usa-new-england-revolution.png,New England Revolution,1.24,0.71,1.56,0.5,1.27,0.54,78,59,47,22,6,56,47,39,1.16,1.24,2.4,/usa/new-england-revolution-vs-nashville-sc-mls-h2h-stats#7295467,10977,34,True,True,True,False,False,False,True,['80'],"['18', '51']"
MLS,2024,10977,7295468,14,698284,2024,complete,106200,17,-1,"['16', '24', '31', '45+5', '71']",['90+2'],5,1,6,4,2,6,1,1,2,3,0,0,11,3,7,3,18,6,16,11,61,39,57653.0,8.0,2339.0,,,2,3,1.84,3.85,4.05,1.03,1.24,1.7,2.25,5.5,13.0,4.2,2.03,1.57,1.16,1.8,1.95,2.35,1.53,5.5,1.11,1.14,1.2,2.45,2.1,2.3,5.5,1.83,2.75,5.0,0,0,1.12,1.29,1.49,1.83,2.28,5.1,3.25,2.49,1.96,1.58,1.33,10.0,3.6,1.4,14.0,3.2,2.75,8.0,1.33,2.63,6.5,19.0,3.25,1.44,1.11,1.02,1.2,1.91,4.0,10.0,4.33,1.8,1.22,1.06,0,0,0,0,6,4,0,1,1,2,4,1717291800,14,0,36,22,14,0,-1,2,1,2,0,2,2,2,4,0,1,2,2,1,4,1,56,26,122,54,2.31,0.78,3.09,1,1,1,1,0,0,1,1,0,0,1,0,0,0,1,18,15,-1,-1,-1,-1,-1,-1,7,15,36,57,79,29,57,64,22,9.28,4.57,5.0,2.15,/clubs/real-salt-lake-14,teams/usa-real-salt-lake.png,Real Salt Lake,/clubs/austin-fc-698284,teams/usa-austin-fc.png,Austin,2.06,0.94,2.29,0.86,1.88,1.44,93,86,65,43,22,57,36,36,1.44,0.75,2.19,/usa/real-salt-lake-vs-austin-fc-h2h-stats#7295468,10977,34,True,True,True,True,True,True,True,"['16', '24', '31', '45+5', '71']",['90+2']
MLS,2024,10977,7295469,6490,13,2024,complete,106200,17,-1,['74'],[],1,0,1,8,2,10,1,1,1,4,0,0,9,3,6,5,15,8,6,10,44,56,19912.0,39588.0,21189.0,,,1,4,1.47,4.72,6.3,1.03,1.18,1.65,2.33,4.6,16.5,4.05,2.12,1.53,1.14,1.91,1.91,2.2,1.62,6.25,1.08,1.14,1.2,2.65,1.95,2.4,6.0,1.73,2.9,5.5,0,0,1.27,1.49,1.69,2.11,3.2,3.35,2.4,2.11,1.69,1.29,1.3,10.0,3.9,1.33,16.0,3.5,2.45,8.5,1.3,2.5,6.0,17.0,3.4,1.5,1.13,1.03,1.18,1.83,3.75,10.0,4.5,1.83,1.25,1.06,0,0,0,0,1,0,0,1,0,1,0,1717295400,6490,0,68,14,48,0,-1,2,1,4,0,4,2,4,6,1,2,0,2,3,2,1,56,29,126,118,1.99,0.94,2.93,0,0,0,0,0,0,1,1,0,0,1,0,0,0,1,17,21,-1,-1,-1,-1,-1,-1,13,34,73,87,87,32,80,81,61,9.49,3.92,4.56,2.92,/clubs/los-angeles-fc-6490,teams/usa-los-angeles-fc.png,Los Angeles FC,/clubs/fc-dallas-13,teams/usa-fc-dallas.png,FC Dallas,2.15,0.53,2.5,0.29,1.8,0.93,88,67,27,14,14,66,66,46,1.83,0.92,2.75,/usa/fc-dallas-vs-los-angeles-fc-h2h-stats#7295469,10977,34,True,False,False,False,False,False,False,['74'],[]
MLS,2024,10977,7295470,20,6,2024,complete,106200,17,-1,"['37', '76']","['8', '50']",2,2,4,7,8,15,1,5,4,6,0,0,4,4,8,1,12,5,19,12,45,55,5016.0,28121.0,20.0,,,4,6,2.1,3.62,3.35,1.04,1.28,1.81,3.2,6.0,12.0,3.75,1.9,1.36,1.13,1.75,2.0,2.95,1.35,4.0,1.2,1.33,1.26,1.75,2.75,2.2,4.0,2.38,2.55,3.4,0,0,1.27,1.52,1.88,2.37,3.2,3.35,2.44,1.92,1.55,1.29,1.65,8.5,2.65,1.67,9.5,2.38,3.75,5.75,1.36,2.75,7.0,21.0,3.0,1.4,1.1,1.02,1.22,2.0,4.33,11.0,4.0,1.73,1.2,1.05,0,0,0,0,4,1,1,1,1,2,2,1717295400,-1,0,79,22,43,0,-1,2,1,2,4,5,4,6,9,0,1,4,5,1,9,1,59,36,109,92,1.47,0.87,2.34,0,0,0,0,0,0,1,1,0,1,0,3,0,0,1,15,16,-1,-1,-1,-1,-1,-1,15,36,79,86,100,36,72,100,57,7.86,3.28,3.42,3.22,/clubs/portland-timbers-20,teams/usa-portland-timbers.png,Portland Timbers,/clubs/houston-dynamo-6,teams/usa-houston-dynamo.png,Houston Dynamo,1.88,1.5,1.57,1.29,1.19,1.4,86,65,22,15,0,72,65,43,1.32,1.01,2.33,/usa/houston-dynamo-vs-portland-timbers-h2h-stats#7295470,10977,35,True,True,True,True,False,False,True,"['37', '76']","['8', '50']"
MLS,2024,10977,7295471,1016,711351,2024,complete,106200,17,-1,"['35', '76']","['40', '56', '68']",2,3,5,4,3,7,1,1,3,4,0,0,5,4,8,3,13,7,12,9,60,40,13967.0,40852.0,404.0,,,3,4,1.75,3.8,4.34,1.05,1.3,1.63,3.2,6.0,12.0,3.6,2.19,1.36,1.13,1.75,2.0,2.75,1.4,3.95,1.2,1.32,1.26,1.75,2.75,2.1,4.0,2.38,2.5,3.5,0,0,1.27,1.49,1.69,2.13,3.2,3.35,2.4,2.11,1.69,1.29,1.67,8.5,2.45,1.67,8.5,2.5,3.55,5.75,1.4,3.0,8.0,23.0,2.75,1.36,1.08,1.01,1.22,2.1,4.5,13.0,4.0,1.67,1.18,1.04,0,0,0,0,5,1,1,1,2,3,2,1717361100,711351,0,60,28,39,0,-1,2,1,1,1,3,2,2,5,1,0,2,4,1,6,1,57,39,90,85,1.58,1.01,2.59,0,0,0,0,0,0,1,1,0,0,0,0,0,0,1,16,18,-1,-1,-1,-1,-1,-1,13,26,59,73,100,28,54,79,45,11.36,3.07,5.24,2.7,/clubs/atlanta-united-fc-1016,teams/usa-atlanta-united-fc.png,Atlanta United FC,/clubs/charlotte-fc-711351,teams/usa-charlotte-fc.png,Charlotte,1.39,1.05,1.25,0.57,1.07,1.38,88,75,41,28,0,73,66,52,1.52,1.08,2.6,/usa/atlanta-united-fc-vs-charlotte-fc-h2h-stats#7295471,10977,37,True,True,True,True,True,False,True,"['35', '76']","['40', '56', '68']"
MLS,2024,10977,7295472,11,4,2024,complete,106200,18,-1,['81'],[],1,0,1,4,2,6,4,1,1,1,0,0,4,5,8,7,12,12,10,12,53,47,57653.0,13.0,1313.0,,,1,1,4.34,3.85,1.62,1.02,1.19,1.65,2.64,4.8,10.5,3.92,2.1,1.4,1.13,1.62,2.2,4.0,1.2,3.4,1.29,1.6,1.29,1.43,3.4,2.25,2.88,3.0,2.61,2.6,0,0,1.25,1.54,1.88,2.35,3.18,3.42,2.45,1.92,1.58,1.28,1.75,9.0,2.43,2.1,14.5,1.73,5.5,4.5,1.33,2.63,6.5,19.0,3.25,1.44,1.11,1.02,1.18,1.83,3.75,10.0,4.5,1.83,1.25,1.06,0,0,0,0,1,0,0,1,0,1,0,1717889400,11,0,61,31,24,0,-1,2,1,2,1,2,1,3,3,0,1,1,0,1,1,1,44,45,106,107,1.36,1.44,2.8,0,0,0,0,0,0,1,1,0,0,0,0,0,0,1,4,4,-1,-1,-1,-1,-1,-1,18,24,61,73,95,31,80,73,44,10.85,3.01,4.9,2.87,/clubs/new-england-revolution-11,teams/usa-new-england-revolution.png,New England Revolution,/clubs/new-york-red-bulls-4,teams/usa-new-york-red-bulls.png,New York RB,1.12,1.33,0.57,1.33,0.71,1.81,82,77,40,27,6,69,64,44,1.2,1.04,2.24,/usa/new-york-red-bulls-vs-new-england-revolution-h2h-stats#7295472,10977,34,True,False,False,False,False,False,False,['81'],[]
MLS,2024,10977,7295473,1015,13,2024,complete,106200,18,-1,['9'],['15'],1,1,2,5,4,9,2,5,2,0,0,0,6,4,4,1,10,5,7,6,35,65,42.0,25056.0,21189.0,,,2,0,2.16,6.73,2.01,1.03,1.22,1.65,2.7,5.0,15.0,4.33,2.1,1.47,1.18,1.62,2.2,2.9,1.36,5.0,1.14,1.28,1.22,1.92,2.5,2.3,4.0,2.1,2.67,3.75,0,0,1.14,1.3,1.61,1.97,2.47,4.6,3.08,2.28,1.83,1.52,1.58,9.7,2.8,1.53,10.0,2.5,3.1,8.0,1.33,2.5,6.0,17.0,3.25,1.5,1.13,1.03,1.18,1.83,3.75,9.0,4.5,1.83,1.25,1.07,0,0,0,0,2,1,1,0,0,0,2,1717893000,-1,0,82,13,50,0,-1,2,1,2,2,3,2,4,5,2,0,0,0,2,0,1,43,33,93,90,1.37,0.85,2.22,0,0,0,0,0,0,1,1,1,0,0,0,0,0,1,20,17,-1,-1,-1,-1,-1,-1,0,25,63,88,94,13,76,88,63,8.38,3.51,5.01,2.69,/clubs/minnesota-united-fc-1015,teams/usa-minnesota-united-fc.png,Minnesota United,/clubs/fc-dallas-13,teams/usa-fc-dallas.png,FC Dallas,1.44,0.53,1.88,0.25,1.87,0.87,100,75,38,13,7,57,50,32,1.62,0.93,2.55,/usa/fc-dallas-vs-minnesota-united-fc-h2h-stats#7295473,10977,34,True,True,False,False,False,False,True,['9'],['15']
MLS,2024,10977,7295474,8,18,2024,complete,106200,18,-1,"['19', '85']",['12'],2,1,3,9,1,10,0,1,3,2,0,1,4,1,6,6,10,7,13,16,56,44,5016.0,18.0,25.0,,,3,3,5.59,2.96,1.69,1.03,1.3,1.98,3.3,6.5,9.5,3.6,1.88,1.33,1.12,1.75,2.0,3.45,1.25,3.3,1.28,1.53,1.28,1.48,3.4,2.2,3.1,3.0,2.45,2.75,0,0,1.19,1.4,1.72,2.13,2.79,3.92,2.72,2.1,1.7,1.36,1.93,9.1,2.15,2.1,9.5,1.8,4.6,4.4,1.4,2.75,8.0,21.0,2.75,1.4,1.08,1.02,1.22,2.1,4.5,11.0,4.0,1.67,1.18,1.05,0,0,0,0,3,1,1,1,0,1,2,1717893000,8,0,84,30,42,0,-1,2,1,4,0,5,1,4,6,1,0,2,3,1,5,1,75,38,136,80,1.47,0.79,2.26,0,0,0,0,0,0,1,1,0,0,0,0,0,0,1,19,12,-1,-1,-1,-1,-1,-1,36,36,78,89,95,54,89,78,60,10.46,1.94,4.27,3.46,/clubs/sporting-kansas-city-8,teams/usa-sporting-kansas-city.png,Sporting KC,/clubs/seattle-sounders-fc-18,teams/usa-seattle-sounders-fc.png,Seattle Sounders,1.29,1.5,0.75,1.11,0.69,1.13,64,64,23,11,6,53,46,18,1.3,1.16,2.46,/usa/sporting-kansas-city-vs-seattle-sounders-fc-h2h-stats#7295474,10977,34,True,True,True,False,False,False,True,"['19', '85']",['12']
MLS,2024,10977,7295475,945555,20,2024,complete,106200,18,-1,[],[],0,0,0,6,4,10,3,1,6,2,0,0,4,4,3,5,7,9,21,11,54,46,13967.0,36880.0,28121.0,,,6,2,1.86,5.52,2.56,1.01,1.16,1.57,2.2,4.0,21.0,5.5,2.25,1.62,1.26,1.53,2.38,3.2,1.3,6.0,1.09,1.22,1.19,2.15,2.25,2.5,4.33,1.95,2.9,4.0,0,0,1.15,1.31,1.63,2.01,2.55,4.45,3.04,2.25,1.81,1.51,1.39,10.5,3.6,1.5,12.0,2.6,3.4,8.5,1.25,2.2,5.0,13.0,3.75,1.62,1.17,1.04,1.14,1.67,3.25,7.0,5.5,2.1,1.33,1.1,0,0,0,0,0,0,0,0,0,0,0,1717893000,-1,0,59,7,36,0,-1,2,1,5,3,1,1,8,2,2,0,4,2,2,6,1,61,45,89,86,1.17,1.18,2.35,0,0,0,0,0,0,1,1,0,0,2,0,0,0,1,27,24,-1,-1,-1,-1,-1,-1,17,35,53,82,94,23,64,89,64,9.11,3.03,5.46,2.85,/clubs/st-louis-city-sc-945555,teams/usa-st-louis-city-sc.png,St. Louis City,/clubs/portland-timbers-20,teams/usa-portland-timbers.png,Portland Timbers,1.53,0.83,1.5,0.89,1.13,1.18,84,66,48,18,7,42,42,42,1.72,1.01,2.73,/usa/portland-timbers-vs-st-louis-city-sc-h2h-stats#7295475,10977,34,False,False,False,False,False,False,False,[],[]
MLS,2024,10977,7295476,2,9,2024,complete,106200,0,-1,"['44', '86']","['48', '53', '65']",2,3,5,3,4,7,5,2,4,2,1,0,6,12,6,3,12,15,16,12,44,56,57653.0,27505.0,39282.0,,,6,2,2.15,3.6,3.05,1.01,1.2,1.55,2.72,4.9,11.0,3.85,2.3,1.38,1.12,1.57,2.25,3.2,1.3,4.33,1.18,1.36,1.25,1.72,2.75,2.3,3.6,2.4,2.6,3.2,0,0,1.41,1.7,2.05,2.7,3.65,2.65,2.05,1.7,1.38,1.23,2.08,5.8,1.84,1.67,14.0,2.3,4.2,6.25,1.33,2.63,6.5,19.0,3.25,1.44,1.11,1.02,1.18,1.83,3.75,9.0,4.5,1.83,1.25,1.07,0,0,0,0,5,1,0,1,3,4,1,1718412000,9,0,62,31,20,0,-1,2,1,0,4,2,0,4,2,2,0,3,2,2,5,1,16,32,40,66,1.29,2.01,3.3,0,1,0,1,0,0,1,1,0,0,0,0,0,0,1,16,13,-1,-1,-1,-1,-1,-1,6,27,50,93,93,31,68,93,45,8.56,4.27,4.0,2.73,/clubs/new-york-city-fc-2,teams/usa-new-york-city-fc.png,New York City,/clubs/columbus-crew-9,teams/usa-columbus-crew.png,Columbus Crew,1.89,1.83,2.11,1.71,1.81,1.71,95,73,51,7,7,59,54,31,1.59,1.04,2.63,/usa/new-york-city-fc-vs-columbus-crew-h2h-stats#7295476,10977,36,True,True,True,True,True,False,True,"['44', '86']","['48', '53', '65']"
MLS,2024,10977,7295477,1016,6,2024,complete,106200,0,-1,"['25', '55']","['5', '89']",2,2,4,4,6,10,4,3,1,4,0,0,5,9,5,7,10,16,12,16,52,48,13864.0,40413.0,20.0,,,1,4,1.94,3.65,3.25,1.03,1.22,1.57,2.7,5.0,15.0,4.33,2.23,1.47,1.18,1.57,2.25,3.2,1.3,4.5,1.17,1.33,1.24,1.78,2.63,2.3,3.75,2.3,2.65,3.25,0,0,1.19,1.37,1.8,2.11,2.76,4.0,2.75,1.91,1.71,1.39,1.37,8.5,3.8,1.62,10.0,2.3,4.0,7.0,1.3,2.5,6.0,17.0,3.4,1.5,1.13,1.03,1.17,1.83,3.75,9.0,5.0,1.83,1.25,1.07,0,0,0,0,4,1,1,1,1,2,2,1718494200,-1,0,65,24,59,0,-1,2,1,1,5,3,1,6,4,1,2,0,2,3,2,1,45,56,76,98,1.31,2.04,3.35,0,0,0,0,0,0,1,1,0,1,0,1,1,0,1,1,5,-1,-1,-1,-1,-1,-1,17,29,71,82,100,24,60,100,71,10.35,3.94,4.69,2.97,/clubs/atlanta-united-fc-1016,teams/usa-atlanta-united-fc.png,Atlanta United FC,/clubs/houston-dynamo-6,teams/usa-houston-dynamo.png,Houston Dynamo,1.39,1.5,1.11,1.25,1.0,1.38,84,72,30,18,0,78,78,65,1.52,1.0,2.52,/usa/houston-dynamo-vs-atlanta-united-fc-h2h-stats#7295477,10977,36,True,True,True,True,False,False,True,"['25', '55']","['5', '89']"
MLS,2024,10977,7295478,711351,13401,2024,complete,106200,0,-1,['45+7'],[],1,0,1,6,5,11,0,3,4,2,0,0,2,1,8,2,10,3,12,9,56,44,65601.0,404.0,13006.0,,,4,2,1.96,3.7,3.15,1.03,1.22,1.7,2.33,5.0,15.0,4.33,2.03,1.52,1.18,1.57,2.25,3.2,1.3,4.75,1.15,1.32,1.24,1.8,2.63,2.3,3.75,2.3,2.65,3.4,0,0,1.23,1.5,1.95,2.25,3.04,3.56,2.54,1.77,1.62,1.31,1.6,8.2,2.75,1.62,10.0,2.38,4.0,7.0,1.3,2.5,6.0,17.0,3.4,1.5,1.13,1.03,1.18,1.83,3.75,9.0,4.5,1.83,1.25,1.07,0,0,0,0,1,1,0,0,0,0,1,1718494200,711351,0,43,19,30,0,-1,2,1,4,2,2,3,6,5,1,0,3,2,1,5,1,35,38,83,109,1.03,0.55,1.58,0,0,0,0,0,0,1,1,0,0,0,0,0,0,1,5,4,-1,-1,-1,-1,-1,-1,18,31,36,66,83,19,48,78,47,9.05,4.35,5.56,2.39,/clubs/charlotte-fc-711351,teams/usa-charlotte-fc.png,Charlotte,/clubs/dc-united-13401,teams/usa-dc-united.png,DC United,1.83,1.35,2.0,0.88,1.47,1.12,82,70,64,35,18,42,42,36,1.01,1.25,2.26,/usa/dc-united-vs-charlotte-fc-h2h-stats#7295478,10977,34,True,False,False,False,False,False,False,['45+7'],[]
MLS,2024,10977,7295479,1,14,2024,complete,106200,0,-1,[],[],0,0,0,0,7,7,4,1,5,1,0,0,2,6,6,7,8,13,16,11,36,64,45125.0,44644.0,8.0,,,5,1,2.88,3.55,2.12,1.03,1.19,1.68,2.27,4.33,17.0,4.75,2.05,1.56,1.22,1.5,2.5,5.0,1.14,3.4,1.28,1.77,1.22,1.3,3.75,2.4,2.6,3.25,2.75,2.25,0,0,1.3,1.53,1.85,2.35,3.1,3.3,2.4,1.85,1.55,1.33,2.55,6.5,1.8,2.38,17.5,1.62,7.0,4.33,1.29,2.25,5.5,15.0,3.5,1.57,1.14,1.03,1.17,1.73,3.4,8.0,5.0,2.0,1.3,1.08,0,0,0,0,0,0,0,0,0,0,0,1718494200,-1,0,81,34,39,0,-1,2,1,0,2,0,5,2,5,1,0,4,1,1,5,1,38,45,89,129,0.93,1.58,2.51,0,0,0,0,0,0,1,1,0,0,0,1,0,0,1,1,7,-1,-1,-1,-1,-1,-1,22,50,70,92,92,45,81,92,59,9.11,3.61,4.45,3.39,/clubs/montreal-impact-1,teams/canada-montreal-impact.png,Montreal Impact,/clubs/real-salt-lake-14,teams/usa-real-salt-lake.png,Real Salt Lake,1.67,1.33,1.33,1.56,1.06,1.94,78,50,31,9,9,70,48,42,1.13,1.42,2.55,/usa/montreal-impact-vs-real-salt-lake-h2h-stats#7295479,10977,35,False,False,False,False,False,False,False,[],[]
MLS,2024,10977,7295480,11,5,2024,complete,106200,0,-1,"['7', '21', '39']","['13', '90+4']",3,2,5,3,4,7,-1,-1,1,2,0,0,7,8,7,5,14,13,12,11,47,53,14001.0,13.0,41087.0,,,1,2,2.2,3.5,2.8,1.03,1.22,1.65,2.7,4.75,13.0,4.33,2.08,1.48,1.19,1.53,2.38,3.7,1.22,4.0,1.2,1.47,1.26,1.57,3.0,2.3,3.2,2.63,2.65,2.75,0,0,1.23,1.46,1.85,2.2,3.04,3.56,2.52,1.85,1.66,1.31,1.8,7.8,2.35,1.8,10.0,2.1,5.0,5.5,1.3,2.5,6.0,17.0,3.4,1.5,1.13,1.03,1.17,1.8,3.75,9.0,5.0,1.91,1.25,1.07,0,0,0,0,5,3,1,0,1,1,4,1718494200,11,0,44,19,13,0,-1,2,1,1,1,2,3,2,5,1,0,0,2,1,2,1,53,40,97,86,1.76,1.67,3.43,0,0,0,0,0,0,1,1,1,0,0,0,0,0,1,2,3,-1,-1,-1,-1,-1,-1,7,13,38,69,100,25,69,69,38,10.13,4.01,4.01,2.26,/clubs/new-england-revolution-11,teams/usa-new-england-revolution.png,New England Revolution,/clubs/vancouver-whitecaps-fc-5,teams/canada-vancouver-whitecaps-fc.png,Vancouver Whitecaps,1.12,1.32,0.88,1.75,0.87,1.56,94,88,63,32,0,63,57,32,1.22,1.0,2.22,/usa/vancouver-whitecaps-fc-vs-new-england-revolution-h2h-stats#7295480,10977,34,True,True,True,True,True,False,True,"['7', '21', '39']","['13', '90+4']"
MLS,2024,10977,7295481,4,677447,2024,complete,106200,0,-1,[],[],0,0,0,8,2,10,3,0,2,1,0,0,6,0,5,4,11,4,18,11,49,51,5016.0,1313.0,24795.0,,,2,1,1.68,3.7,4.25,1.02,1.28,1.9,3.28,6.35,8.8,3.18,1.79,1.27,1.07,1.91,1.91,2.25,1.57,4.5,1.17,1.19,1.24,2.1,2.38,2.2,5.0,2.05,2.52,4.5,0,0,1.31,1.62,1.95,2.56,3.56,3.04,2.25,1.75,1.49,1.23,1.55,8.0,2.95,1.5,8.8,3.0,2.88,8.0,1.4,3.0,8.0,23.0,2.75,1.36,1.08,1.01,1.25,2.1,4.5,13.0,3.75,1.67,1.18,1.04,0,0,0,0,0,0,0,0,0,0,0,1718494200,-1,0,45,16,30,0,-1,2,1,4,1,4,1,5,5,1,1,1,0,2,1,1,70,22,109,78,1.62,0.43,2.05,0,0,0,0,0,0,1,1,0,0,0,0,0,0,1,16,13,-1,-1,-1,-1,-1,-1,16,38,45,69,85,32,61,69,45,7.67,3.76,3.07,2.6,/clubs/new-york-red-bulls-4,teams/usa-new-york-red-bulls.png,New York RB,/clubs/nashville-sc-mls-677447,teams/usa-nashville-sc-mls.png,Nashville SC,1.61,0.88,2.43,0.83,1.71,1.19,85,62,55,31,16,54,32,17,1.54,0.85,2.39,/usa/new-york-red-bulls-vs-nashville-sc-mls-h2h-stats#7295481,10977,34,False,False,False,False,False,False,False,[],[]
MLS,2024,10977,7295482,17,6490,2024,complete,106200,0,-1,['68'],"['45', '80', '86']",1,3,4,9,1,10,2,2,1,1,0,0,1,7,10,5,11,12,8,10,51,49,69.0,21031.0,39588.0,,,1,1,2.6,3.45,2.35,1.04,1.26,1.72,3.0,5.5,13.0,4.0,1.98,1.4,1.15,1.62,2.2,3.55,1.25,3.6,1.25,1.52,1.25,1.53,3.1,2.25,3.1,2.75,2.55,2.75,0,0,1.24,1.44,1.75,2.15,2.8,3.75,2.65,1.95,1.65,1.4,1.8,6.5,2.55,1.91,9.5,1.91,4.75,4.75,1.33,2.63,6.5,19.0,3.25,1.44,1.11,1.02,1.18,1.83,4.0,10.0,4.5,1.83,1.22,1.06,0,0,0,0,4,0,1,1,2,3,1,1718494200,6490,0,41,21,21,0,-1,2,1,4,0,5,1,4,6,0,0,1,1,0,2,1,30,15,55,41,0.98,1.35,2.33,1,1,0,1,1,0,1,1,0,0,1,0,0,0,1,2,3,-1,-1,-1,-1,-1,-1,14,28,41,75,88,28,73,75,34,13.31,4.88,5.5,2.44,/clubs/orlando-city-sc-17,teams/usa-orlando-city-sc.png,Orlando City,/clubs/los-angeles-fc-6490,teams/usa-los-angeles-fc.png,Los Angeles FC,1.52,1.5,0.75,1.0,1.06,1.88,87,73,59,26,13,75,68,55,1.31,1.36,2.67,/usa/orlando-city-sc-vs-los-angeles-fc-h2h-stats#7295482,10977,38,True,True,True,True,False,False,True,['68'],"['45', '80', '86']"
MLS,2024,10977,7295483,16,677446,2024,complete,106200,0,-1,['3'],"['47', '90+4']",1,2,3,6,3,9,1,1,3,4,0,2,3,4,9,5,12,9,8,11,42,58,13967.0,12.0,647.0,,,3,6,1.76,3.95,3.6,1.01,1.16,1.45,2.07,4.0,21.0,5.5,2.55,1.66,1.26,1.5,2.5,3.4,1.28,5.5,1.11,1.3,1.2,1.95,2.38,2.5,4.0,2.1,2.85,3.5,0,0,1.31,1.7,2.02,2.44,3.64,3.04,2.05,1.78,1.54,1.22,1.6,8.2,2.75,1.53,21.0,2.4,3.95,8.0,1.25,2.2,5.0,13.0,3.75,1.62,1.17,1.04,1.14,1.67,3.25,7.0,5.5,2.1,1.33,1.1,0,0,0,0,3,1,0,0,2,2,1,1718494200,677446,0,75,32,44,0,-1,2,1,1,0,5,3,1,8,1,1,2,5,2,7,1,46,33,117,108,1.31,1.1,2.41,0,0,0,0,0,0,1,1,1,0,0,0,0,0,1,3,9,-1,-1,-1,-1,-1,-1,32,57,75,88,88,44,82,88,69,11.76,4.88,4.63,3.38,/clubs/philadelphia-union-16,teams/usa-philadelphia-union.png,Philadelphia Union,/clubs/club-internacional-de-futbol-miami-677446,teams/usa-club-internacional-de-futbol-miami.png,Inter Miami,1.0,2.06,0.75,2.13,1.25,1.94,69,44,25,13,13,88,63,63,1.63,1.18,2.81,/usa/philadelphia-union-vs-club-internacional-de-futbol-miami-h2h-stats#7295483,10977,34,True,True,True,False,False,False,True,['3'],"['47', '90+4']"
MLS,2024,10977,7295484,19,7,2024,complete,106200,0,-1,['44'],"['41', '57', '60', '89']",1,4,5,5,5,10,1,1,0,0,0,0,6,8,4,3,10,11,6,12,70,30,84.0,10856.0,21081.0,,,0,0,1.76,3.65,3.9,1.03,1.21,1.7,2.76,5.05,10.5,3.75,2.0,1.37,1.12,1.7,2.05,2.75,1.4,4.75,1.15,1.26,1.22,1.98,2.4,2.3,4.33,2.1,2.65,3.75,0,0,1.18,1.36,1.77,2.1,2.72,4.1,2.79,1.95,1.72,1.4,1.62,8.2,2.7,1.53,9.5,2.6,3.4,7.5,1.33,2.63,6.5,19.0,3.25,1.44,1.11,1.02,1.2,1.91,4.0,10.0,4.33,1.8,1.22,1.06,0,0,0,0,5,1,1,0,3,3,2,1718494200,7,0,67,7,53,0,-1,2,-1,2,3,3,2,5,5,0,0,0,0,0,0,1,52,43,119,87,1.44,1.57,3.01,0,0,0,0,0,0,1,1,0,0,0,0,-1,-1,1,9,5,-1,-1,-1,-1,-1,-1,19,46,60,81,93,20,67,86,60,8.29,4.49,4.95,3.16,/clubs/toronto-fc-19,teams/canada-toronto-fc.png,Toronto,/clubs/chicago-fire-7,teams/usa-chicago-fire.png,Chicago Fire,1.24,0.65,1.88,0.57,1.41,0.88,82,55,41,20,7,59,46,34,1.3,0.89,2.19,/usa/chicago-fire-vs-toronto-fc-h2h-stats#7295484,10977,34,True,True,True,True,True,False,True,['44'],"['41', '57', '60', '89']"
MLS,2024,10977,7295485,13,945555,2024,complete,106200,0,-1,"['28', '81']",[],2,0,2,4,6,10,4,0,2,4,0,0,4,8,2,7,6,15,11,11,43,57,13889.0,52424.0,36880.0,,,2,4,2.23,3.5,2.75,1.04,1.26,1.68,3.0,5.5,13.0,4.0,2.02,1.4,1.15,1.62,2.2,3.25,1.3,3.9,1.22,1.4,1.26,1.65,2.88,2.25,3.4,2.6,2.6,3.0,0,0,1.24,1.5,1.91,2.26,3.14,3.48,2.53,1.8,1.62,1.29,1.95,8.2,2.1,1.73,9.5,2.2,4.2,5.5,1.33,2.63,7.0,19.0,3.25,1.44,1.1,1.02,1.2,1.91,4.0,10.0,4.33,1.8,1.22,1.06,0,0,0,0,2,1,0,1,0,1,1,1718497800,13,0,79,43,50,0,-1,2,1,2,2,2,4,4,6,1,2,1,2,3,3,1,11,26,27,56,0.74,1.69,2.43,1,0,1,0,0,0,1,1,0,0,0,0,0,0,1,19,26,-1,-1,-1,-1,-1,-1,29,58,79,86,86,43,79,79,65,11.14,1.28,4.43,3.65,/clubs/fc-dallas-13,teams/usa-fc-dallas.png,FC Dallas,/clubs/st-louis-city-sc-945555,teams/usa-st-louis-city-sc.png,St. Louis City,1.88,0.65,1.57,0.71,0.88,1.13,72,43,22,14,14,57,50,43,1.46,1.36,2.82,/usa/fc-dallas-vs-st-louis-city-sc-h2h-stats#7295485,10977,34,True,True,False,False,False,False,False,"['28', '81']",[]
MLS,2024,10977,7295486,12,698284,2024,complete,106200,0,-1,"['22', '49']",[],2,0,2,4,3,7,1,3,0,2,0,0,6,0,3,6,9,6,10,15,44,56,13891.0,11435.0,2339.0,,,0,2,1.49,4.2,5.25,1.02,1.18,1.58,2.33,4.0,19.0,5.0,2.25,1.5,1.25,1.57,2.25,2.8,1.38,6.0,1.09,1.19,1.19,2.25,2.2,2.5,4.5,1.91,2.9,4.33,0,0,1.17,1.35,1.8,2.05,2.53,4.15,2.84,1.91,1.76,1.51,1.3,9.0,4.4,1.44,10.0,2.88,3.35,9.5,1.25,2.25,5.5,15.0,3.75,1.57,1.14,1.03,1.14,1.73,3.25,7.0,5.5,2.0,1.33,1.1,0,0,0,0,2,1,0,1,0,1,1,1718501400,12,0,55,28,34,0,-1,2,1,3,0,1,3,3,4,0,0,0,2,0,2,1,61,38,99,100,1.43,0.67,2.1,0,0,0,0,0,0,1,1,0,0,0,0,0,0,1,20,23,-1,-1,-1,-1,-1,-1,28,28,41,61,88,34,61,75,41,8.5,4.43,3.0,2.59,/clubs/colorado-rapids-12,teams/usa-colorado-rapids.png,Colorado Rapids,/clubs/austin-fc-698284,teams/usa-austin-fc.png,Austin,1.83,0.94,1.57,0.75,1.29,1.35,73,73,59,40,13,61,41,41,1.51,0.75,2.26,/usa/colorado-rapids-vs-austin-fc-h2h-stats#7295486,10977,34,True,True,False,False,False,False,False,"['22', '49']",[]
MLS,2024,10977,7295487,10,8,2024,complete,106200,0,-1,"['40', '54', '75', '90+2']","['66', '81']",4,2,6,5,4,9,0,1,3,1,0,0,10,4,1,10,11,14,10,6,50,50,11.0,2.0,18.0,,,3,1,1.54,4.25,4.6,1.01,1.1,1.4,2.08,3.28,21.0,5.45,2.75,1.66,1.27,1.5,2.5,2.95,1.35,6.5,1.08,1.18,1.19,2.3,2.1,2.6,4.5,1.83,3.02,4.33,0,0,1.18,1.36,1.77,2.07,2.48,4.1,2.79,1.95,1.75,1.52,1.6,8.2,2.75,1.4,23.0,2.75,3.35,11.0,1.25,2.1,4.5,13.0,3.75,1.67,1.18,1.04,1.13,1.62,3.0,6.5,6.0,2.2,1.36,1.11,0,0,0,0,6,1,0,3,2,5,1,1718505000,10,0,81,41,53,0,-1,2,1,2,3,3,1,5,4,1,0,2,1,1,3,1,39,44,98,113,1.68,1.49,3.17,0,0,0,0,0,0,1,1,0,0,0,1,0,0,1,19,13,-1,-1,-1,-1,-1,-1,21,48,67,81,94,48,62,81,67,9.57,3.68,3.75,3.31,/clubs/la-galaxy-10,teams/usa-la-galaxy.png,LA Galaxy,/clubs/sporting-kansas-city-8,teams/usa-sporting-kansas-city.png,Sporting KC,2.57,0.53,2.14,0.63,1.65,0.82,80,53,34,20,7,60,34,27,1.65,1.12,2.77,/usa/sporting-kansas-city-vs-la-galaxy-h2h-stats#7295487,10977,34,True,True,True,True,True,True,True,"['40', '54', '75', '90+2']","['66', '81']"
MLS,2024,10977,7295488,15,8043,2024,complete,106200,0,-1,"['57', '72']","['53', '78', '80', '87']",2,4,6,10,3,13,-1,-1,1,1,0,0,8,6,9,8,17,14,5,11,43,57,19912.0,12956.0,40182.0,,,1,1,1.9,3.7,3.3,1.01,1.17,1.5,2.51,4.5,16.0,4.15,2.35,1.44,1.15,1.57,2.25,4.0,1.2,3.7,1.22,1.58,1.24,1.48,3.25,2.3,3.0,2.88,2.66,2.63,0,0,1.14,1.3,1.7,2.05,2.41,4.6,3.08,2.05,1.7,1.55,1.93,7.8,2.15,2.1,15.5,1.8,5.5,4.75,1.3,2.5,6.0,17.0,3.4,1.5,1.13,1.03,1.17,1.83,3.75,9.0,5.0,1.83,1.25,1.07,0,0,0,0,6,0,0,2,4,6,0,1718505000,8043,0,73,14,59,0,-1,2,1,4,3,6,0,7,6,0,0,1,1,0,2,1,49,73,83,128,1.98,1.84,3.82,0,0,0,0,0,0,1,1,0,0,1,2,0,0,1,10,14,-1,-1,-1,1,0,1,14,28,66,87,100,28,61,87,73,9.81,3.61,6.09,3.07,/clubs/san-jose-earthquakes-15,teams/usa-san-jose-earthquakes.png,SJ Earthquakes,/clubs/fc-cincinnati-8043,teams/usa-fc-cincinnati.png,FC Cincinnati,0.76,1.94,1.0,2.38,0.69,2.06,87,73,34,14,0,68,55,41,1.35,1.19,2.54,/usa/san-jose-earthquakes-vs-fc-cincinnati-h2h-stats#7295488,10977,34,True,True,True,True,True,True,True,"['57', '72']","['53', '78', '80', '87']"
MLS,2024,10977,7295489,18,1015,2024,complete,106200,0,-1,"['28', '57']",[],2,0,2,6,3,9,-1,-1,0,2,0,1,4,0,3,4,7,4,10,13,58,42,13812.0,25.0,25056.0,,,0,4,1.55,4.0,4.9,1.01,1.22,1.64,2.8,5.0,14.5,4.33,2.12,1.44,1.18,1.7,2.05,2.55,1.45,5.5,1.11,1.19,1.2,2.2,2.25,2.38,4.75,1.95,2.73,4.33,0,0,1.1,1.23,1.44,1.85,2.16,5.35,3.56,2.58,1.83,1.68,1.22,9.5,5.3,1.44,10.0,2.88,3.1,9.0,1.33,2.5,6.5,19.0,3.25,1.5,1.11,1.02,1.18,1.83,3.75,10.0,4.5,1.83,1.25,1.06,0,0,0,0,2,1,0,1,0,1,1,1718505000,18,0,50,15,29,0,-1,2,1,2,2,4,1,4,5,0,1,0,2,1,2,1,41,26,130,91,1.04,0.46,1.5,0,0,0,0,0,0,1,1,0,0,1,0,0,0,1,20,14,-1,-1,-1,-1,-1,-1,22,22,43,86,86,22,65,86,57,14.14,3.0,5.57,2.65,/clubs/seattle-sounders-fc-18,teams/usa-seattle-sounders-fc.png,Seattle Sounders,/clubs/minnesota-united-fc-1015,teams/usa-minnesota-united-fc.png,Minnesota United,1.78,1.47,1.14,1.86,1.06,1.81,79,79,58,15,15,86,65,58,1.42,1.18,2.6,/usa/seattle-sounders-fc-vs-minnesota-united-fc-h2h-stats#7295489,10977,37,True,True,False,False,False,False,False,"['28', '57']",[]
MLS,2024,10977,7295490,711351,17,2024,complete,106200,0,-1,"['11', '77']","['63', '81']",2,2,4,3,11,14,2,2,1,2,1,0,5,9,2,9,7,18,7,6,51,49,3.0,404.0,21031.0,,,3,2,2.16,3.5,3.0,1.03,1.22,1.78,2.8,5.0,15.0,4.33,1.91,1.45,1.18,1.57,2.25,3.3,1.28,4.5,1.17,1.36,1.24,1.75,2.75,2.3,3.6,2.38,2.65,3.2,0,0,1.33,1.56,1.9,2.4,3.15,2.95,2.23,1.78,1.49,1.3,1.65,6.25,2.35,1.67,10.0,2.25,4.2,6.5,1.33,2.5,6.5,17.0,3.25,1.5,1.11,1.03,1.18,1.83,3.75,9.0,4.5,1.83,1.25,1.07,0,0,0,0,4,1,0,1,2,3,1,1718839800,-1,0,35,19,29,0,-1,2,1,0,1,3,10,1,13,1,1,1,1,2,2,1,22,92,63,121,0.96,2.43,3.38,0,0,0,0,0,0,1,1,0,0,0,0,0,0,1,6,0,-1,-1,-1,-1,-1,-1,24,30,35,63,90,25,64,74,50,10.43,4.0,4.08,2.42,/clubs/charlotte-fc-711351,teams/usa-charlotte-fc.png,Charlotte,/clubs/orlando-city-sc-17,teams/usa-orlando-city-sc.png,Orlando City,1.83,1.56,2.1,1.38,1.56,1.0,77,70,65,38,10,64,52,40,1.02,1.03,2.05,/usa/orlando-city-sc-vs-charlotte-fc-h2h-stats#7295490,10977,37,True,True,True,True,False,False,True,"['11', '77']","['63', '81']"
MLS,2024,10977,7295491,8043,16,2024,complete,106200,0,-1,"['29', '49', '60', '90+10']","['43', '55', '90+1']",4,3,7,2,4,6,4,2,1,3,0,0,6,5,6,6,12,11,9,7,94,6,57.0,40182.0,12.0,,,1,3,1.81,3.8,3.8,1.03,1.22,1.6,2.8,5.0,15.0,4.33,2.17,1.45,1.18,1.67,2.1,2.8,1.38,5.0,1.13,1.24,1.22,2.0,2.38,2.3,4.33,2.05,2.7,4.0,0,0,1.25,1.44,1.72,2.12,2.65,3.45,2.55,1.98,1.62,1.4,1.49,6.5,2.7,1.5,10.0,2.63,3.5,8.0,1.33,2.5,6.0,17.0,3.25,1.5,1.13,1.03,1.18,1.83,3.75,10.0,4.5,1.83,1.25,1.06,0,0,0,0,7,1,1,3,2,5,2,1718840700,8043,0,57,13,32,0,-1,2,1,1,1,1,3,2,4,1,2,0,1,3,1,1,27,18,59,47,1.37,1.17,2.54,1,0,1,0,0,0,1,1,0,0,0,0,1,0,-1,-1,-1,-1,-1,-1,-1,-1,-1,0,32,57,69,82,19,69,69,44,10.5,4.13,4.01,2.38,/clubs/fc-cincinnati-8043,teams/usa-fc-cincinnati.png,FC Cincinnati,/clubs/philadelphia-union-16,teams/usa-philadelphia-union.png,Philadelphia Union,1.47,1.18,1.75,1.75,2.12,1.18,100,69,44,32,19,100,69,50,1.38,1.06,2.44,/usa/philadelphia-union-vs-fc-cincinnati-h2h-stats#7295491,10977,34,True,True,True,True,True,True,True,"['29', '49', '60', '90+10']","['43', '55', '90+1']"
MLS,2024,10977,7295492,13401,1016,2024,complete,106200,0,-1,[],['79'],0,1,1,11,2,13,4,0,2,2,0,0,4,4,9,4,13,8,5,11,57,43,84.0,13006.0,40413.0,,,2,2,1.99,3.85,3.15,1.02,1.18,1.55,2.07,4.33,19.0,5.0,2.3,1.67,1.22,1.53,2.38,3.55,1.25,4.75,1.15,1.35,1.22,1.8,2.75,2.38,3.5,2.38,2.75,3.1,0,0,1.25,1.44,1.73,2.12,2.7,3.4,2.55,1.96,1.63,1.4,1.65,6.5,2.33,1.67,11.0,2.2,4.5,6.5,1.29,2.38,5.5,15.0,3.5,1.53,1.14,1.03,1.17,1.73,3.4,8.0,5.0,2.0,1.3,1.08,0,0,0,0,1,0,0,0,1,1,0,1718839800,1016,0,66,22,24,0,-1,2,1,4,1,7,1,5,8,2,1,0,1,3,1,1,65,21,94,75,1.57,0.95,2.51,0,0,0,0,0,0,1,1,0,0,2,1,0,0,1,5,3,-1,-1,-1,-1,-1,-1,11,41,46,73,93,28,88,73,35,11.87,3.47,4.43,2.64,/clubs/dc-united-13401,teams/usa-dc-united.png,DC United,/clubs/atlanta-united-fc-1016,teams/usa-atlanta-united-fc.png,Atlanta United FC,1.0,1.05,1.33,0.86,1.06,1.0,89,60,54,27,7,86,68,55,1.52,1.28,2.8,/usa/atlanta-united-fc-vs-dc-united-h2h-stats#7295492,10977,34,True,False,False,False,False,False,False,[],['79']
MLS,2024,10977,7295493,677446,9,2024,complete,106200,0,-1,"['10', '21']",['40'],2,1,3,3,4,7,2,0,2,0,0,0,7,4,2,8,9,12,8,6,21,79,65601.0,647.0,39282.0,,,2,0,2.18,3.7,2.83,1.02,1.16,1.55,2.35,4.0,19.0,5.5,2.3,1.5,1.26,1.44,2.63,3.8,1.22,4.75,1.15,1.4,1.22,1.7,2.75,2.4,3.25,2.4,2.8,3.0,0,0,1.4,1.67,2.1,2.7,3.65,2.7,2.05,1.64,1.4,1.23,1.95,5.8,1.98,1.67,15.0,2.1,5.0,6.5,1.25,2.2,5.0,13.0,3.75,1.62,1.17,1.04,1.14,1.67,3.25,7.0,5.5,2.1,1.33,1.1,0,0,0,0,3,2,1,0,0,0,3,1718839800,677446,0,67,28,44,0,-1,2,1,2,1,1,3,3,4,1,0,1,0,1,1,1,26,77,65,156,1.25,1.61,2.86,0,0,0,0,0,0,1,1,1,0,1,0,0,0,1,2,1,-1,-1,-1,-1,-1,-1,27,60,60,89,94,33,77,89,62,7.83,4.25,4.3,3.49,/clubs/club-internacional-de-futbol-miami-677446,teams/usa-club-internacional-de-futbol-miami.png,Inter Miami,/clubs/columbus-crew-9,teams/usa-columbus-crew.png,Columbus Crew,2.11,1.83,1.8,1.88,2.0,1.8,74,40,40,12,7,43,33,28,1.47,1.16,2.63,/usa/columbus-crew-vs-club-internacional-de-futbol-miami-h2h-stats#7295493,10977,36,True,True,True,False,False,False,True,"['10', '21']",['40']
MLS,2024,10977,7295494,1,4,2024,complete,106200,0,-1,"['11', '40']","['61', '88']",2,2,4,3,12,15,0,3,2,3,0,0,4,10,2,11,6,21,5,8,57,43,19912.0,44644.0,1313.0,,,2,3,3.2,3.5,2.06,1.03,1.24,1.76,2.85,5.0,15.0,4.2,1.94,1.44,1.17,1.62,2.2,4.2,1.18,3.3,1.28,1.75,1.24,1.36,3.5,2.25,2.88,3.1,2.65,2.5,0,0,1.33,1.56,1.91,2.4,3.15,2.95,2.23,1.77,1.49,1.3,2.18,6.4,1.74,2.2,9.5,1.67,5.75,4.33,1.33,2.63,6.5,19.0,3.25,1.44,1.11,1.02,1.18,1.83,3.75,10.0,4.5,1.83,1.25,1.06,0,0,0,0,4,2,0,0,2,2,2,1718839800,-1,0,71,44,30,0,-1,2,1,1,5,2,7,6,9,1,0,1,3,1,4,1,33,59,67,127,0.9,2.45,3.36,0,0,0,0,0,0,1,1,0,0,0,0,0,0,1,5,5,-1,-1,-1,-1,-1,-1,25,44,71,76,81,44,76,81,42,7.73,3.26,5.2,3.17,/clubs/montreal-impact-1,teams/canada-montreal-impact.png,Montreal Impact,/clubs/new-york-red-bulls-4,teams/usa-new-york-red-bulls.png,New York RB,1.67,1.33,1.29,1.2,1.06,1.67,76,57,30,25,20,52,32,27,1.1,1.08,2.18,/usa/montreal-impact-vs-new-york-red-bulls-h2h-stats#7295494,10977,35,True,True,True,True,False,False,True,"['11', '40']","['61', '88']"
MLS,2024,10977,7295495,19,677447,2024,complete,106200,0,-1,['34'],"['65', '90']",1,2,3,2,3,5,2,1,2,1,0,0,5,3,10,7,15,10,8,15,63,37,11.0,10856.0,24795.0,,,2,1,2.26,3.4,2.93,1.05,1.28,1.93,3.1,5.5,12.0,3.75,1.91,1.4,1.15,1.67,2.1,3.2,1.3,3.85,1.22,1.38,1.28,1.65,2.88,2.2,3.5,2.5,2.55,3.1,0,0,1.3,1.54,1.9,2.38,3.05,3.05,2.28,1.79,1.5,1.3,1.76,6.4,2.15,1.73,9.5,2.2,4.2,5.5,1.36,2.63,7.0,21.0,3.0,1.44,1.1,1.02,1.2,2.0,4.0,11.0,4.33,1.73,1.22,1.05,0,0,0,0,3,1,0,0,2,2,1,1718839800,677447,0,48,13,35,0,-1,2,1,0,3,2,0,3,2,0,0,2,1,0,3,1,47,37,97,86,1.64,1.11,2.75,1,0,0,0,1,0,1,1,0,0,0,1,0,0,1,7,5,-1,-1,-1,-1,-1,-1,29,48,48,68,86,38,55,79,48,8.43,4.44,3.54,2.95,/clubs/toronto-fc-19,teams/canada-toronto-fc.png,Toronto,/clubs/nashville-sc-mls-677447,teams/usa-nashville-sc-mls.png,Nashville SC,1.24,0.88,1.67,0.86,1.33,1.18,71,52,52,33,15,68,62,31,1.31,0.79,2.1,/usa/toronto-fc-vs-nashville-sc-mls-h2h-stats#7295495,10977,34,True,True,True,False,False,False,True,['34'],"['65', '90']"
MLS,2024,10977,7295496,698284,6490,2024,complete,106200,0,-1,['19'],['90'],1,1,2,1,8,9,0,1,3,3,0,0,1,2,1,9,2,11,18,12,40,60,15.0,2339.0,39588.0,,,3,3,3.45,3.75,1.91,1.02,1.2,1.68,2.6,4.5,17.0,4.5,2.05,1.5,1.2,1.57,2.25,5.0,1.14,3.1,1.33,2.02,1.27,1.27,4.0,2.38,2.5,3.5,2.7,2.2,0,0,1.23,1.4,1.65,2.0,2.55,3.65,2.65,2.08,1.71,1.44,2.33,6.4,1.65,2.4,11.0,1.57,7.0,3.8,1.3,2.5,6.0,17.0,3.4,1.5,1.13,1.03,1.17,1.8,3.5,9.0,5.0,1.91,1.29,1.07,0,0,0,0,2,1,0,0,1,1,1,1718843400,-1,0,59,18,53,0,-1,2,1,1,2,0,6,3,6,0,2,3,1,2,4,1,38,65,96,114,0.49,1.31,1.8,0,0,0,0,0,0,1,1,0,0,0,0,0,1,1,17,21,-1,-1,-1,-1,-1,-1,18,47,65,89,100,30,77,89,59,10.97,3.67,5.75,3.29,/clubs/austin-fc-698284,teams/usa-austin-fc.png,Austin,/clubs/los-angeles-fc-6490,teams/usa-los-angeles-fc.png,Los Angeles FC,1.53,1.5,1.89,1.25,1.28,1.94,83,53,36,12,0,83,83,65,1.19,1.36,2.55,/usa/los-angeles-fc-vs-austin-fc-h2h-stats#7295496,10977,34,True,True,False,False,False,False,True,['19'],['90']
MLS,2024,10977,7295497,13,1015,2024,complete,106200,0,-1,"['17', '38', '62', '75', '90']","['32', '57', '90+9']",5,3,8,1,7,8,4,0,2,1,0,0,9,7,0,8,9,15,11,9,43,57,19856.0,52424.0,25056.0,,,2,1,2.03,3.6,3.2,1.04,1.28,1.71,3.1,6.0,13.0,3.75,2.0,1.38,1.14,1.67,2.1,3.35,1.28,3.75,1.22,1.37,1.33,1.72,3.1,2.2,3.4,2.63,2.55,2.88,0,0,1.26,1.47,1.76,2.18,2.8,3.4,2.48,1.94,1.58,1.37,1.68,6.4,2.3,1.8,9.5,2.1,4.5,5.25,1.36,2.63,7.0,21.0,3.0,1.44,1.1,1.02,1.2,2.0,4.0,11.0,4.33,1.73,1.22,1.05,0,0,0,0,8,2,1,3,2,5,3,1718843400,13,0,57,32,32,0,-1,2,1,0,4,1,4,4,5,0,0,2,1,0,3,1,19,59,57,110,1.34,1.87,3.2,0,1,0,1,0,0,1,1,0,0,0,0,0,0,1,18,9,-1,-1,-1,-1,-1,-1,19,25,63,94,94,32,82,88,51,10.88,2.88,4.63,3.07,/clubs/fc-dallas-13,teams/usa-fc-dallas.png,FC Dallas,/clubs/minnesota-united-fc-1015,teams/usa-minnesota-united-fc.png,Minnesota United,1.88,1.47,1.75,1.63,1.0,1.71,82,75,38,7,7,75,63,50,1.37,1.09,2.46,/usa/fc-dallas-vs-minnesota-united-fc-h2h-stats#7295497,10977,34,True,True,True,True,True,True,True,"['17', '38', '62', '75', '90']","['32', '57', '90+9']"
MLS,2024,10977,7295498,6,18,2024,complete,106200,0,-1,"['30', '39']","['57', '63']",2,2,4,5,2,7,2,0,3,1,0,0,5,5,6,2,11,7,12,11,56,44,36.0,20.0,25.0,,,3,1,2.12,3.3,3.25,1.04,1.3,2.01,3.25,6.5,13.0,3.6,1.83,1.35,1.12,1.7,2.05,3.3,1.28,3.5,1.25,1.48,1.25,1.57,3.1,2.2,3.4,2.75,2.5,2.88,0,0,1.25,1.44,1.72,2.1,2.65,3.45,2.55,1.98,1.64,1.4,1.65,6.5,2.33,1.8,9.5,2.1,4.5,4.75,1.36,2.75,8.0,21.0,3.0,1.4,1.08,1.02,1.22,2.0,4.33,11.0,4.0,1.73,1.2,1.05,0,0,0,0,4,2,0,0,2,2,2,1718843400,-1,0,67,22,28,0,-1,2,1,2,0,3,2,2,5,1,0,2,1,1,3,1,58,28,106,91,1.47,1.01,2.48,0,0,0,0,0,0,1,1,0,0,0,0,1,0,1,16,14,-1,-1,-1,-1,-1,-1,10,17,54,72,89,32,72,73,39,9.65,2.73,4.13,2.4,/clubs/houston-dynamo-6,teams/usa-houston-dynamo.png,Houston Dynamo,/clubs/seattle-sounders-fc-18,teams/usa-seattle-sounders-fc.png,Seattle Sounders,1.61,1.5,1.5,1.0,1.35,1.17,90,84,47,29,12,60,54,29,1.65,1.12,2.77,/usa/houston-dynamo-vs-seattle-sounders-fc-h2h-stats#7295498,10977,36,True,True,True,True,False,False,True,"['30', '39']","['57', '63']"
MLS,2024,10977,7295499,8,14,2024,complete,106200,0,-1,"['28', '70', '90+5']","['14', '33', '51', '84']",3,4,7,13,0,13,2,1,1,1,0,0,8,9,10,3,18,12,16,11,57,43,14023.0,18.0,8.0,,,1,1,2.56,3.55,2.46,1.04,1.25,1.63,2.33,5.5,13.0,4.0,2.12,1.53,1.16,1.62,2.2,3.9,1.22,3.5,1.25,1.6,1.26,1.45,3.25,2.25,3.0,2.88,2.6,2.63,0,0,1.28,1.49,1.8,2.25,2.9,3.3,2.4,1.88,1.55,1.35,1.95,6.4,1.94,2.1,9.5,1.8,5.5,4.75,1.33,2.63,6.5,19.0,3.25,1.44,1.11,1.02,1.2,1.91,4.0,10.0,4.33,1.8,1.22,1.06,0,0,0,0,7,1,2,2,2,4,3,1718843400,14,0,85,22,42,0,-1,2,1,7,0,6,0,7,6,0,0,1,1,0,2,1,87,22,117,56,2.32,1.54,3.86,1,0,0,0,1,0,1,1,0,0,3,0,0,0,1,28,13,-1,-1,-1,-1,-1,-1,27,37,70,95,95,44,85,90,64,10.86,3.22,4.14,3.4,/clubs/sporting-kansas-city-8,teams/usa-sporting-kansas-city.png,Sporting KC,/clubs/real-salt-lake-14,teams/usa-real-salt-lake.png,Real Salt Lake,1.29,1.33,1.0,1.5,0.78,1.89,73,63,31,5,5,62,52,36,1.32,1.43,2.75,/usa/sporting-kansas-city-vs-real-salt-lake-h2h-stats#7295499,10977,34,True,True,True,True,True,True,True,"['28', '70', '90+5']","['14', '33', '51', '84']"
MLS,2024,10977,7295500,945555,12,2024,complete,106200,0,-1,[],"['9', '60', '90+6']",0,3,3,4,7,11,1,4,4,2,0,0,4,5,6,6,10,11,15,10,54,46,5016.0,36880.0,11435.0,,,4,2,1.99,3.7,3.25,1.03,1.19,1.58,2.28,4.33,15.0,4.75,2.25,1.55,1.22,1.57,2.25,3.2,1.3,5.0,1.13,1.28,1.24,1.88,2.5,2.38,4.0,2.2,2.75,3.6,0,0,1.28,1.49,1.79,2.25,2.9,3.3,2.4,1.9,1.56,1.34,1.67,6.25,2.33,1.57,10.0,2.5,3.9,7.5,1.3,2.38,6.0,17.0,3.4,1.53,1.13,1.03,1.17,1.8,3.5,8.0,5.0,1.91,1.29,1.08,0,0,0,0,3,0,1,0,2,2,1,1718843400,12,0,62,16,42,0,-1,2,1,0,3,4,4,3,8,1,0,3,2,1,5,1,21,24,62,38,1.07,1.21,2.28,1,1,0,1,1,0,1,1,0,1,0,0,0,0,1,17,24,-1,-1,-1,1,1,1,10,31,57,84,89,21,62,89,52,10.0,3.34,5.04,2.85,/clubs/st-louis-city-sc-945555,teams/usa-st-louis-city-sc.png,St. Louis City,/clubs/colorado-rapids-12,teams/usa-colorado-rapids.png,Colorado Rapids,1.53,0.94,1.44,1.1,1.06,1.39,90,69,44,17,11,53,48,27,1.66,1.3,2.96,/usa/colorado-rapids-vs-st-louis-city-sc-h2h-stats#7295500,10977,34,True,True,True,False,False,False,False,[],"['9', '60', '90+6']"
MLS,2024,10977,7295501,10,2,2024,complete,106200,0,-1,"['41', '49']",[],2,0,2,2,5,7,1,2,3,2,0,0,5,4,6,6,11,10,9,9,52,48,69.0,2.0,27505.0,,,3,2,2.02,3.75,3.15,1.02,1.16,1.55,2.17,4.0,19.0,5.5,2.3,1.6,1.26,1.44,2.63,3.55,1.25,5.25,1.12,1.35,1.22,1.83,2.5,2.5,3.6,2.25,2.85,3.25,0,0,1.27,1.48,1.78,2.23,2.9,3.3,2.45,1.9,1.56,1.35,1.68,6.25,2.32,1.62,11.0,2.3,4.33,7.5,1.25,2.2,5.0,13.0,3.75,1.62,1.17,1.04,1.14,1.67,3.25,7.0,5.5,2.1,1.33,1.1,0,0,0,0,2,1,0,1,0,1,1,1718850600,10,0,66,32,32,0,-1,2,1,1,2,1,3,3,4,2,2,1,0,4,1,1,47,54,78,130,1.38,1.32,2.7,0,0,0,0,0,0,1,1,0,0,0,0,0,0,1,14,18,-1,-1,-1,1,3,0,26,39,52,73,100,53,80,80,45,9.36,2.11,4.99,3.14,/clubs/la-galaxy-10,teams/usa-la-galaxy.png,LA Galaxy,/clubs/new-york-city-fc-2,teams/usa-new-york-city-fc.png,New York City,2.57,0.95,2.25,1.43,1.72,1.71,75,62,48,28,0,67,41,27,1.66,1.0,2.66,/usa/new-york-city-fc-vs-la-galaxy-h2h-stats#7295501,10977,38,True,True,False,False,False,False,False,"['41', '49']",[]
MLS,2024,10977,7295502,15,20,2024,complete,106200,0,-1,['50'],"['22', '72']",1,2,3,9,2,11,2,1,0,5,0,0,2,4,7,6,9,10,3,11,55,45,42.0,12956.0,28121.0,,,0,5,1.91,3.75,3.45,1.02,1.18,1.55,2.2,4.33,19.0,5.0,2.3,1.58,1.22,1.53,2.38,3.25,1.3,5.0,1.13,1.32,1.22,1.88,2.5,2.4,3.75,2.2,2.8,3.5,0,0,1.28,1.49,1.81,2.25,2.9,3.3,2.4,1.88,1.55,1.35,1.65,6.25,2.33,1.57,11.0,2.4,4.0,7.0,1.29,2.25,5.5,15.0,3.5,1.57,1.14,1.03,1.14,1.73,3.4,8.0,5.5,2.0,1.3,1.08,0,0,0,0,3,0,1,1,1,2,1,1718850600,20,0,62,7,40,0,-1,2,1,3,1,6,1,4,7,0,0,0,5,0,5,1,61,40,101,101,1.16,1.21,2.37,0,0,0,0,0,0,1,1,0,0,0,0,0,0,1,23,15,-1,-1,-1,1,1,0,28,45,62,84,95,34,72,84,73,9.2,2.33,4.8,3.24,/clubs/san-jose-earthquakes-15,teams/usa-san-jose-earthquakes.png,SJ Earthquakes,/clubs/portland-timbers-20,teams/usa-portland-timbers.png,Portland Timbers,0.76,0.83,0.88,0.9,0.65,1.17,73,55,39,17,5,64,58,47,1.43,1.03,2.46,/usa/san-jose-earthquakes-vs-portland-timbers-h2h-stats#7295502,10977,34,True,True,True,False,False,False,True,['50'],"['22', '72']"
MLS,2024,10977,7295503,8043,11,2024,complete,106200,0,-1,['65'],"['21', '41']",1,2,3,9,3,12,2,0,5,1,1,0,5,5,8,3,13,8,19,9,44,56,13889.0,40182.0,13.0,,,6,1,1.53,4.2,5.5,1.03,1.24,1.62,2.25,5.5,15.0,4.2,2.11,1.57,1.15,1.95,1.8,2.15,1.62,6.0,1.09,1.11,1.16,2.8,2.0,2.4,6.0,1.73,2.8,5.5,0,0,1.18,1.38,1.72,2.13,2.71,4.05,2.8,2.13,1.72,1.38,1.4,7.6,4.05,1.33,10.0,3.5,2.5,9.5,1.33,2.63,6.5,19.0,3.25,1.44,1.11,1.02,1.2,1.91,4.0,10.0,4.33,1.8,1.22,1.06,0,0,0,0,3,0,2,1,0,1,2,1719099000,11,0,51,18,45,0,-1,2,1,1,2,8,1,3,9,2,0,4,1,2,5,1,48,31,99,81,1.52,1.09,2.61,0,0,0,0,0,0,1,1,0,0,0,1,0,0,1,3,4,-1,-1,-1,-1,-1,-1,20,33,51,64,89,24,62,78,52,11.07,3.58,4.11,2.74,/clubs/fc-cincinnati-8043,teams/usa-fc-cincinnati.png,FC Cincinnati,/clubs/new-england-revolution-11,teams/usa-new-england-revolution.png,New England Revolution,1.47,0.71,1.89,0.86,2.17,1.0,80,68,50,37,11,80,62,44,1.38,1.21,2.59,/usa/new-england-revolution-vs-fc-cincinnati-h2h-stats#7295503,10977,34,True,True,True,False,False,False,True,['65'],"['21', '41']"
MLS,2024,10977,7295504,9,8,2024,complete,106200,0,-1,"['32', '45+1', '66', '71']",[],4,0,4,7,1,8,2,3,0,2,0,0,7,0,4,2,11,2,5,15,68,32,42.0,39282.0,18.0,,,0,2,1.45,4.75,5.75,1.04,1.2,1.58,2.2,4.75,10.0,4.33,2.18,1.6,1.18,1.95,1.8,2.0,1.73,7.0,1.06,1.06,1.13,3.1,1.83,2.5,7.5,1.6,2.95,6.5,0,0,1.28,1.58,1.97,2.48,3.42,3.2,2.33,1.84,1.52,1.25,1.36,7.7,4.4,1.33,10.0,3.75,2.25,13.0,1.3,2.5,6.0,17.0,3.4,1.5,1.13,1.03,1.18,1.83,3.75,9.0,4.5,1.83,1.25,1.07,0,0,0,0,4,2,0,2,0,2,2,1719099000,9,0,68,11,62,0,-1,2,1,6,1,1,0,7,1,0,0,0,2,0,2,1,56,20,128,64,1.6,0.28,1.89,0,0,0,0,0,0,1,1,0,0,1,1,0,0,1,3,1,-1,-1,-1,-1,-1,-1,11,29,62,75,88,11,44,75,69,8.86,5.11,3.1,2.7,/clubs/columbus-crew-9,teams/usa-columbus-crew.png,Columbus Crew,/clubs/sporting-kansas-city-8,teams/usa-sporting-kansas-city.png,Sporting KC,1.89,0.53,1.71,0.56,1.69,0.74,89,71,38,26,13,48,18,18,1.55,1.16,2.71,/usa/sporting-kansas-city-vs-columbus-crew-h2h-stats#7295504,10977,34,True,True,True,True,False,False,False,"['32', '45+1', '66', '71']",[]
MLS,2024,10977,7295505,13401,6,2024,complete,106200,0,-1,['38'],"['51', '54', '86', '90+5']",1,4,5,7,2,9,0,3,5,1,2,0,3,6,6,5,9,11,20,11,43,57,13841.0,13006.0,20.0,,,8,1,2.15,3.5,3.1,1.04,1.28,1.6,3.1,6.0,13.0,3.75,2.2,1.38,1.14,1.67,2.1,3.35,1.28,3.7,1.22,1.47,1.25,1.58,3.0,2.2,3.4,2.63,2.55,3.0,0,0,1.18,1.35,1.69,2.09,2.72,4.15,2.84,2.14,1.73,1.4,1.47,7.3,3.62,1.8,9.5,2.1,4.5,5.25,1.36,2.63,7.0,21.0,3.0,1.44,1.1,1.02,1.22,2.0,4.33,10.0,4.2,1.78,1.2,1.04,0,0,0,0,5,1,0,0,4,4,1,1719099000,6,0,74,37,43,0,-1,2,1,4,2,3,0,6,3,1,0,6,1,1,7,1,10,18,26,27,0.85,1.24,2.08,1,1,1,1,0,0,1,1,0,0,0,0,0,0,1,4,0,-1,-1,-1,-1,-1,-1,10,41,69,79,100,42,74,95,59,12.13,5.06,5.34,2.99,/clubs/dc-united-13401,teams/usa-dc-united.png,DC United,/clubs/houston-dynamo-6,teams/usa-houston-dynamo.png,Houston Dynamo,1.0,1.5,1.2,1.22,1.0,1.33,90,59,32,21,0,95,85,63,1.52,1.11,2.63,/usa/houston-dynamo-vs-dc-united-h2h-stats#7295505,10977,34,True,True,True,True,True,False,True,['38'],"['51', '54', '86', '90+5']"
MLS,2024,10977,7295506,4,19,2024,complete,106200,0,-1,"['29', '47', '75']",[],3,0,3,9,1,10,2,1,2,2,0,0,6,2,5,2,11,4,9,11,41,59,13893.0,1313.0,10856.0,,,2,2,1.62,4.0,5.0,1.04,1.25,1.67,2.95,5.5,10.0,3.9,2.1,1.38,1.14,1.91,1.91,2.15,1.62,5.5,1.11,1.12,1.17,2.45,2.05,2.38,6.0,1.8,2.7,5.5,0,0,1.25,1.54,1.89,2.38,3.2,3.42,2.43,1.91,1.56,1.28,1.28,8.3,5.2,1.45,10.0,3.1,2.55,9.0,1.33,2.63,6.5,19.0,3.25,1.44,1.11,1.02,1.18,1.95,3.9,9.5,4.2,1.77,1.22,1.05,0,0,0,0,3,1,0,2,0,2,1,1719099000,4,0,47,12,25,0,-1,2,1,4,0,5,1,4,6,0,0,2,2,0,4,1,41,32,110,90,1.42,0.64,2.06,0,0,0,0,0,0,1,1,0,0,2,0,0,0,1,14,13,-1,-1,-1,-1,-1,-1,12,36,53,65,77,23,65,65,53,8.06,3.85,5.85,2.47,/clubs/new-york-red-bulls-4,teams/usa-new-york-red-bulls.png,New York RB,/clubs/toronto-fc-19,teams/canada-toronto-fc.png,Toronto,1.61,0.94,2.25,1.0,1.63,1.26,89,65,47,36,24,71,46,17,1.55,0.93,2.48,/usa/new-york-red-bulls-vs-toronto-fc-h2h-stats#7295506,10977,34,True,True,True,False,False,False,False,"['29', '47', '75']",[]
MLS,2024,10977,7295507,17,7,2024,complete,106200,0,-1,"['4', '20', '29', '60']","['53', '69']",4,2,6,1,3,4,1,2,1,1,0,0,6,12,2,6,8,18,11,12,61,39,14001.0,21031.0,21081.0,,,1,1,1.75,3.8,4.2,1.05,1.25,1.7,3.0,5.75,9.5,3.75,2.05,1.38,1.12,1.75,2.0,2.55,1.45,4.75,1.15,1.2,1.22,2.0,2.38,2.25,4.75,2.05,2.55,4.2,0,0,1.16,1.33,1.66,2.05,2.65,4.25,2.91,2.2,1.76,1.42,1.25,8.8,5.55,1.6,9.5,2.65,3.1,7.0,1.36,2.63,7.0,19.0,3.0,1.44,1.1,1.02,1.2,1.95,4.0,10.0,4.0,1.77,1.2,1.04,0,0,0,0,6,3,0,1,2,3,3,1719099000,17,0,60,18,30,0,-1,2,1,1,1,0,2,2,2,0,0,1,1,0,2,1,9,11,23,24,0.99,2.04,3.03,1,1,1,1,0,0,1,1,1,0,0,0,0,0,1,4,2,-1,-1,-1,-1,-1,-1,12,30,48,78,83,18,77,71,48,10.61,4.53,4.58,2.5,/clubs/orlando-city-sc-17,teams/usa-orlando-city-sc.png,Orlando City,/clubs/chicago-fire-7,teams/usa-chicago-fire.png,Chicago Fire,1.52,0.65,0.67,0.88,1.0,1.0,89,71,53,23,18,59,47,29,1.27,0.98,2.25,/usa/chicago-fire-vs-orlando-city-sc-h2h-stats#7295507,10977,34,True,True,True,True,True,True,True,"['4', '20', '29', '60']","['53', '69']"
MLS,2024,10977,7295508,16,711351,2024,complete,106200,0,-1,[],"['56', '63']",0,2,2,7,9,16,2,2,0,3,0,0,6,8,5,6,11,14,9,10,66,34,57653.0,12.0,404.0,,,0,3,1.91,3.6,3.75,1.03,1.24,1.75,2.86,5.1,13.5,3.65,1.95,1.37,1.13,1.75,2.0,2.65,1.42,4.5,1.17,1.27,1.28,1.88,2.5,2.25,4.33,2.15,2.65,3.75,0,0,1.23,1.5,1.82,2.26,3.04,3.56,2.55,1.99,1.62,1.31,1.45,7.3,3.74,1.62,13.0,2.4,3.35,7.0,1.36,2.63,7.0,21.0,3.0,1.44,1.1,1.02,1.2,2.0,4.33,11.0,4.33,1.73,1.2,1.05,0,0,0,0,2,0,0,0,2,2,0,1719099000,711351,0,71,31,35,0,-1,2,1,6,2,1,7,8,8,0,0,0,3,0,3,1,63,54,99,66,1.57,1.83,3.4,0,0,0,0,0,0,1,1,0,0,1,0,0,0,1,5,1,-1,-1,-1,-1,-1,-1,18,35,64,76,95,42,76,76,46,12.3,4.17,5.0,2.86,/clubs/philadelphia-union-16,teams/usa-philadelphia-union.png,Philadelphia Union,/clubs/charlotte-fc-711351,teams/usa-charlotte-fc.png,Charlotte,1.0,1.05,0.67,0.88,1.11,1.53,83,66,36,25,6,82,59,46,1.59,1.07,2.66,/usa/philadelphia-union-vs-charlotte-fc-h2h-stats#7295508,10977,34,True,True,False,False,False,False,False,[],"['56', '63']"
MLS,2024,10977,7295509,1015,698284,2024,complete,106200,0,-1,[],['31'],0,1,1,6,4,10,0,1,3,2,1,0,1,3,6,5,7,8,18,15,47,53,36.0,25056.0,2339.0,,,4,2,1.75,4.0,4.0,1.04,1.22,1.57,2.33,5.25,10.0,4.2,2.25,1.53,1.15,1.67,2.1,2.8,1.38,5.0,1.14,1.22,1.2,1.95,2.4,2.3,4.33,2.1,2.62,3.75,0,0,1.1,1.23,1.49,1.8,2.22,5.4,3.56,2.55,2.01,1.64,1.31,8.4,4.75,1.62,10.0,2.55,3.4,7.0,1.33,2.5,6.5,19.0,3.25,1.5,1.11,1.02,1.17,1.85,3.65,9.5,4.5,1.85,1.25,1.05,0,0,0,0,1,0,1,0,0,0,1,1719102600,698284,0,61,17,33,0,-1,2,1,3,0,3,4,3,7,3,0,1,2,3,3,1,40,38,82,106,0.81,1.0,1.81,0,0,0,0,0,0,1,1,0,0,1,0,0,0,1,19,16,-1,-1,-1,-1,-1,-1,6,17,39,78,89,22,73,73,39,8.12,3.55,4.33,2.34,/clubs/minnesota-united-fc-1015,teams/usa-minnesota-united-fc.png,Minnesota United,/clubs/austin-fc-698284,teams/usa-austin-fc.png,Austin,1.44,0.94,1.78,0.67,1.61,1.26,95,84,61,22,11,56,33,28,1.59,0.74,2.33,/usa/minnesota-united-fc-vs-austin-fc-h2h-stats#7295509,10977,34,True,False,False,False,False,False,False,[],['31']
MLS,2024,10977,7295510,677447,2,2024,complete,106200,0,-1,['23'],[],1,0,1,3,5,8,3,1,0,2,0,0,3,0,3,4,6,4,8,10,40,60,13864.0,24795.0,27505.0,,,0,2,2.25,3.3,3.1,1.05,1.3,1.91,3.3,6.25,9.0,3.45,1.8,1.33,1.11,1.75,2.0,3.2,1.3,3.5,1.25,1.42,1.25,1.55,3.1,2.1,3.5,2.62,2.45,3.0,0,0,1.24,1.52,1.85,2.3,3.08,3.48,2.49,1.95,1.6,1.3,1.51,7.1,3.44,1.8,9.0,2.2,4.2,5.0,1.4,3.0,8.0,23.0,2.75,1.36,1.08,1.01,1.22,2.1,4.5,13.0,4.0,1.67,1.18,1.04,0,0,0,0,1,1,0,0,0,0,1,1719102600,677447,0,59,17,22,0,-1,2,1,1,2,2,3,3,5,0,1,0,1,1,1,1,30,66,65,135,0.81,0.75,1.56,0,0,0,0,0,0,1,1,0,0,0,1,0,0,1,13,14,-1,-1,-1,1,0,1,12,22,43,77,95,34,73,78,32,9.5,2.8,4.55,2.47,/clubs/nashville-sc-mls-677447,teams/usa-nashville-sc-mls.png,Nashville SC,/clubs/new-york-city-fc-2,teams/usa-new-york-city-fc.png,New York City,1.24,0.95,1.4,1.25,1.28,1.61,89,79,58,24,5,57,44,38,1.2,1.04,2.24,/usa/new-york-city-fc-vs-nashville-sc-mls-h2h-stats#7295510,10977,34,True,False,False,False,False,False,False,['23'],[]
MLS,2024,10977,7295511,945555,1016,2024,complete,106200,0,-1,['50'],['71'],1,1,2,7,5,12,2,1,2,1,0,0,4,8,4,4,8,12,14,12,48,52,45125.0,36880.0,40413.0,,,2,1,1.85,3.8,3.75,1.04,1.22,1.55,2.17,4.75,10.0,4.2,2.3,1.61,1.18,1.62,2.2,3.2,1.3,4.5,1.17,1.3,1.22,1.77,2.63,2.3,3.75,2.25,2.6,3.35,0,0,1.14,1.3,1.61,1.98,2.48,4.6,3.08,2.28,1.83,1.52,1.38,7.8,4.15,1.75,10.0,2.3,4.0,6.5,1.33,2.5,6.5,17.0,3.25,1.5,1.11,1.03,1.17,1.8,3.4,9.0,4.5,1.91,1.28,1.05,0,0,0,0,2,0,0,1,1,2,0,1719102600,-1,0,39,5,22,0,-1,2,1,4,1,3,4,5,7,0,0,2,1,0,3,1,34,27,77,60,1.04,1.51,2.55,0,1,0,0,0,1,1,1,0,0,1,1,0,0,1,23,20,-1,-1,-1,1,0,1,0,17,27,60,84,5,58,72,32,9.93,2.4,5.0,1.87,/clubs/st-louis-city-sc-945555,teams/usa-st-louis-city-sc.png,St. Louis City,/clubs/atlanta-united-fc-1016,teams/usa-atlanta-united-fc.png,Atlanta United FC,1.53,1.05,1.3,1.13,1.0,1.11,100,84,74,40,17,68,62,50,1.6,1.24,2.84,/usa/atlanta-united-fc-vs-st-louis-city-sc-h2h-stats#7295511,10977,34,True,True,False,False,False,False,True,['50'],['71']
MLS,2024,10977,7295512,12,1,2024,complete,106200,0,-1,"['28', '45', '90', '90+2']",['53'],4,1,5,10,3,13,3,2,0,2,0,0,8,1,3,7,11,8,7,5,54,46,13812.0,11435.0,44644.0,,,0,2,1.45,4.75,5.75,1.04,1.2,1.52,2.2,4.5,10.0,4.33,2.32,1.6,1.2,1.7,2.05,2.45,1.48,6.0,1.09,1.14,1.18,2.38,2.1,2.4,5.5,1.83,2.75,4.75,0,0,1.23,1.5,1.82,2.27,3.04,3.56,2.58,1.99,1.62,1.31,1.28,8.4,5.1,1.4,10.0,3.1,2.9,10.0,1.3,2.5,6.0,17.0,3.4,1.5,1.13,1.03,1.18,1.83,3.75,9.0,4.5,1.83,1.25,1.07,0,0,0,0,5,2,0,2,1,3,2,1719106200,12,0,62,29,44,0,-1,2,1,3,1,7,2,4,9,0,1,0,1,1,1,1,78,24,114,78,1.82,0.76,2.58,1,0,1,0,0,0,1,1,0,0,2,0,0,0,1,20,15,-1,-1,-1,1,1,1,44,49,60,73,90,44,73,84,55,9.35,3.25,3.68,3.37,/clubs/colorado-rapids-12,teams/usa-colorado-rapids.png,Colorado Rapids,/clubs/montreal-impact-1,teams/canada-montreal-impact.png,Montreal Impact,1.83,0.82,1.75,0.9,1.47,1.06,57,52,40,28,10,67,55,45,1.5,0.89,2.39,/usa/montreal-impact-vs-colorado-rapids-h2h-stats#7295512,10977,35,True,True,True,True,True,False,True,"['28', '45', '90', '90+2']",['53']
MLS,2024,10977,7295513,14,10,2024,complete,106200,0,-1,[],['74'],0,1,1,6,3,9,1,1,2,1,0,0,4,3,11,3,15,6,14,10,58,42,57.0,8.0,2.0,,,2,1,1.75,4.0,4.0,1.04,1.17,1.44,2.1,3.8,10.0,5.0,2.54,1.67,1.25,1.5,2.5,3.2,1.3,5.75,1.1,1.22,1.2,2.0,2.3,2.5,4.0,2.05,2.75,3.75,0,0,1.12,1.26,1.53,1.85,2.29,5.05,3.34,2.46,1.95,1.6,1.38,7.8,4.15,1.62,11.0,2.45,3.7,9.0,1.25,2.2,5.0,15.0,3.75,1.62,1.17,1.03,1.14,1.67,3.25,7.0,5.5,2.1,1.33,1.1,0,0,0,0,1,0,0,0,1,1,0,1719106200,10,0,60,23,33,0,-1,2,1,4,0,2,3,4,5,0,0,2,1,0,3,1,56,32,103,64,1.63,0.83,2.46,0,0,0,0,0,0,1,1,0,0,0,0,0,0,1,24,19,-1,-1,-1,-1,-1,-1,18,44,67,78,84,50,68,68,44,12.08,3.85,4.4,3.14,/clubs/real-salt-lake-14,teams/usa-real-salt-lake.png,Real Salt Lake,/clubs/la-galaxy-10,teams/usa-la-galaxy.png,LA Galaxy,2.06,1.39,2.38,1.3,1.95,1.79,83,57,34,23,17,55,49,44,1.56,1.27,2.83,/usa/la-galaxy-vs-real-salt-lake-h2h-stats#7295513,10977,36,True,False,False,False,False,False,False,[],['74']
MLS,2024,10977,7295514,6490,15,2024,complete,106200,0,-1,"['15', '26', '33', '42', '48', '87']","['45+3', '57']",6,2,8,6,6,12,2,1,0,1,0,0,8,4,12,8,20,12,5,4,60,40,65601.0,39588.0,12956.0,,,0,1,1.38,5.0,7.0,1.03,1.2,1.57,2.05,4.75,11.0,4.5,2.21,1.7,1.18,2.1,1.67,1.85,1.85,7.5,1.04,1.05,1.13,3.5,1.73,2.63,8.5,1.5,3.1,7.5,0,0,1.15,1.18,1.36,1.68,2.05,4.6,4.05,2.79,2.17,1.76,1.21,9.6,6.15,1.2,11.0,5.0,2.05,15.0,1.29,2.38,6.0,17.0,3.5,1.53,1.13,1.03,1.17,1.83,3.75,9.0,5.0,1.83,1.25,1.07,0,0,0,0,8,4,1,2,1,3,5,1719109800,6490,0,72,28,33,0,-1,2,1,3,2,3,4,5,7,0,0,0,1,0,1,1,71,38,114,97,2.33,1.32,3.65,0,0,0,0,0,0,1,1,0,0,0,0,0,0,1,16,9,-1,-1,-1,1,0,2,39,45,78,89,95,50,84,84,50,10.67,2.67,5.11,3.78,/clubs/los-angeles-fc-6490,teams/usa-los-angeles-fc.png,Los Angeles FC,/clubs/san-jose-earthquakes-15,teams/usa-san-jose-earthquakes.png,SJ Earthquakes,2.15,0.47,2.56,0.44,1.89,0.61,61,56,22,11,6,84,84,62,1.85,1.1,2.95,/usa/san-jose-earthquakes-vs-los-angeles-fc-h2h-stats#7295514,10977,34,True,True,True,True,True,True,True,"['15', '26', '33', '42', '48', '87']","['45+3', '57']"
MLS,2024,10977,7295515,20,5,2024,complete,106200,0,-1,"['26', '43']",[],2,0,2,1,4,5,1,4,1,3,0,1,7,2,3,4,10,6,11,12,57,43,15.0,28121.0,41087.0,,,1,4,2.2,3.6,3.0,1.04,1.2,1.55,2.27,4.5,10.0,4.33,2.3,1.56,1.2,1.57,2.25,3.6,1.25,4.2,1.18,1.4,1.22,1.6,2.88,2.3,3.4,2.5,2.62,2.88,0,0,1.19,1.4,1.75,2.17,2.79,3.92,2.72,2.06,1.68,1.36,1.67,6.9,2.86,1.73,10.0,2.1,4.5,5.75,1.3,2.5,6.0,17.0,3.4,1.5,1.13,1.03,1.15,1.77,3.3,8.5,4.75,1.95,1.28,1.06,0,0,0,0,2,2,0,0,0,0,2,1719109800,20,0,78,30,31,0,-1,2,1,0,0,1,4,0,5,0,2,1,2,2,3,1,62,68,125,94,1.58,1.02,2.6,0,0,0,0,0,0,1,1,0,0,0,0,0,0,1,22,17,-1,-1,-1,1,0,2,18,49,72,95,100,48,83,89,48,8.74,2.91,3.67,3.4,/clubs/portland-timbers-20,teams/usa-portland-timbers.png,Portland Timbers,/clubs/vancouver-whitecaps-fc-5,teams/canada-vancouver-whitecaps-fc.png,Vancouver Whitecaps,1.88,1.32,1.5,1.56,1.26,1.47,82,52,28,6,0,60,47,30,1.34,1.08,2.42,/usa/vancouver-whitecaps-fc-vs-portland-timbers-h2h-stats#7295515,10977,35,True,True,False,False,False,False,False,"['26', '43']",[]
MLS,2024,10977,7295516,18,13,2024,complete,106200,0,-1,"['78', '88', '90+4']","['66', '70']",3,2,5,9,1,10,0,2,1,2,0,0,10,5,9,0,19,5,16,11,58,42,13891.0,25.0,52424.0,,,1,2,1.45,4.2,7.0,1.06,1.33,1.8,3.55,7.0,8.5,3.25,1.91,1.28,1.09,2.0,1.75,2.15,1.62,4.75,1.15,1.15,1.22,2.2,2.25,2.2,5.5,1.95,2.5,5.0,0,0,1.2,1.41,1.76,2.21,2.84,3.84,2.69,2.04,1.65,1.35,1.19,9.7,6.7,1.44,8.5,3.2,2.62,8.0,1.4,3.0,8.0,23.0,2.75,1.36,1.08,1.01,1.25,2.2,5.0,13.0,3.75,1.62,1.17,1.04,0,0,0,0,5,0,0,3,2,5,0,1719109800,18,0,58,11,29,0,-1,2,1,2,1,7,0,3,7,0,1,1,1,1,2,1,72,21,127,69,2.42,0.83,3.25,0,0,0,0,0,0,1,1,0,0,0,0,0,0,1,14,19,-1,-1,-1,1,0,1,7,18,35,77,82,18,59,77,47,10.39,3.07,5.08,2.16,/clubs/seattle-sounders-fc-18,teams/usa-seattle-sounders-fc.png,Seattle Sounders,/clubs/fc-dallas-13,teams/usa-fc-dallas.png,FC Dallas,1.78,0.53,1.38,0.33,1.16,1.11,94,83,66,24,18,66,41,24,1.38,0.92,2.3,/usa/fc-dallas-vs-seattle-sounders-fc-h2h-stats#7295516,10977,34,True,True,True,True,True,False,True,"['78', '88', '90+4']","['66', '70']"
MLS,2024,10977,7295517,5,945555,2024,complete,106200,0,-1,"['37', '54', '61', '90']","['7', '12', '90+3']",4,3,7,3,5,8,1,1,1,2,0,0,8,4,4,2,12,6,11,9,58,42,14023.0,41087.0,36880.0,,,1,2,1.83,4.03,3.99,1.03,1.19,1.57,2.33,4.5,17.0,4.75,2.25,1.53,1.2,1.57,2.25,3.0,1.33,5.25,1.12,1.18,1.19,2.0,2.25,2.28,3.78,2.1,2.6,3.8,0,0,1.16,1.33,1.73,2.05,2.65,4.3,2.91,2.0,1.78,1.42,1.62,7.0,3.0,1.65,10.0,2.5,3.7,8.0,1.3,2.4,5.5,15.0,3.5,1.55,1.14,1.02,1.17,1.8,3.6,8.0,5.0,1.98,1.28,1.07,0,0,0,0,7,1,2,3,1,4,3,1719714600,5,0,75,26,57,0,-1,2,1,3,4,0,1,7,1,1,1,0,1,2,1,1,2,5,4,5,1.32,0.69,2.01,0,1,0,1,0,0,1,1,0,1,0,1,0,0,1,19,25,-1,-1,-1,-1,-1,-1,26,57,75,88,88,38,76,82,75,10.38,1.88,4.76,3.5,/clubs/vancouver-whitecaps-fc-5,teams/canada-vancouver-whitecaps-fc.png,Vancouver Whitecaps,/clubs/st-louis-city-sc-945555,teams/usa-st-louis-city-sc.png,St. Louis City,1.47,0.65,1.38,0.63,1.39,1.0,76,44,25,13,13,69,63,38,1.43,1.4,2.83,/usa/vancouver-whitecaps-fc-vs-st-louis-city-sc-h2h-stats#7295517,10977,34,True,True,True,True,True,True,True,"['37', '54', '61', '90']","['7', '12', '90+3']"
MLS,2024,10977,7295518,2,17,2024,complete,106200,0,-1,"['15', '45+4', '45+11', '90+4']","['72', '90+1']",4,2,6,3,2,5,4,2,2,0,0,0,6,8,3,3,9,11,12,10,57,43,13967.0,27505.0,21031.0,,,2,0,1.94,3.6,3.4,1.02,1.22,1.68,2.1,4.75,10.0,3.8,2.03,1.65,1.15,1.62,2.2,2.9,1.36,4.75,1.15,1.29,1.29,1.88,2.4,2.3,4.0,2.2,2.6,3.8,0,0,1.32,1.56,1.85,2.4,3.15,3.05,2.23,1.85,1.49,1.3,1.82,6.1,2.07,1.62,12.0,2.5,3.55,7.0,1.3,2.4,5.5,17.0,3.2,1.5,1.11,1.02,1.2,1.91,3.8,8.5,4.0,1.8,1.22,1.04,0,0,0,0,6,3,0,1,2,3,3,1719617400,2,0,63,32,32,0,-1,2,1,1,0,2,2,1,4,0,0,2,0,0,2,1,52,44,124,108,1.38,1.58,2.96,0,0,0,0,0,0,1,1,0,0,0,0,0,0,1,2,5,-1,-1,-1,-1,-1,-1,27,38,58,89,100,37,85,95,48,11.52,4.8,3.84,3.16,/clubs/new-york-city-fc-2,teams/usa-new-york-city-fc.png,New York City,/clubs/orlando-city-sc-17,teams/usa-orlando-city-sc.png,Orlando City,1.89,1.56,1.9,1.33,1.53,1.11,74,62,42,11,0,85,69,43,1.56,1.18,2.74,/usa/new-york-city-fc-vs-orlando-city-sc-h2h-stats#7295518,10977,38,True,True,True,True,True,True,True,"['15', '45+4', '45+11', '90+4']","['72', '90+1']"
MLS,2024,10977,7295519,1016,19,2024,complete,106200,0,-1,"['45+2', '90+7']",['46'],2,1,3,6,2,8,1,2,2,1,0,0,6,4,3,4,9,8,17,10,40,60,42.0,40413.0,10856.0,,,2,1,1.78,4.11,4.14,1.02,1.15,1.48,2.2,3.8,19.5,4.75,2.54,1.55,1.22,1.53,2.38,3.0,1.33,5.75,1.1,1.22,1.25,2.1,2.15,2.5,4.2,2.05,2.75,4.0,0,0,1.26,1.46,1.73,2.07,2.8,3.4,2.48,2.0,1.75,1.37,1.5,6.4,2.65,1.6,13.0,2.5,3.5,8.5,1.25,2.2,4.75,10.0,3.6,1.62,1.15,1.02,1.15,1.73,3.2,6.5,4.75,2.0,1.3,1.08,0,0,0,0,3,1,0,1,1,2,1,1719703800,1016,0,55,20,40,0,-1,2,1,0,2,6,0,2,6,0,0,2,1,0,3,1,55,51,98,85,1.39,1.16,2.55,0,0,0,0,0,0,1,1,0,0,0,0,0,0,-1,-1,-1,-1,-1,-1,-1,-1,-1,20,40,70,80,90,30,65,85,70,9.3,3.8,6.3,3.0,/clubs/atlanta-united-fc-1016,teams/usa-atlanta-united-fc.png,Atlanta United FC,/clubs/toronto-fc-19,teams/canada-toronto-fc.png,Toronto,1.39,0.94,1.1,0.9,1.11,1.2,80,60,30,20,10,75,70,45,1.5,0.9,2.4,/usa/toronto-fc-vs-atlanta-united-fc-h2h-stats#7295519,10977,34,True,True,True,False,False,False,True,"['45+2', '90+7']",['46']
MLS,2024,10977,7295520,1,16,2024,complete,106200,0,-1,"['36', '56', '89', '90+2']","['29', '42']",4,2,6,5,3,8,2,1,1,1,0,0,5,5,5,2,10,7,11,10,54,46,13889.0,44644.0,12.0,,,1,1,3.13,3.56,2.25,1.01,1.2,1.65,2.62,4.75,11.0,4.0,2.0,1.42,1.15,1.57,2.25,3.6,1.25,3.8,1.22,1.48,1.3,1.53,3.0,2.25,3.1,2.8,2.6,2.8,0,0,1.35,1.6,1.85,2.22,3.3,2.9,2.17,1.85,1.66,1.28,1.88,6.25,2.0,1.91,13.0,2.0,5.0,5.0,1.3,2.4,5.5,17.0,3.2,1.5,1.11,1.02,1.2,1.91,3.6,8.0,4.0,1.8,1.25,1.05,0,0,0,0,6,1,2,3,0,3,3,1719703800,1,0,77,36,35,0,-1,2,1,1,3,4,0,4,4,0,0,1,1,0,2,1,65,55,131,85,1.46,1.19,2.66,0,0,0,0,0,0,1,1,0,0,0,0,0,0,1,2,6,-1,-1,-1,-1,-1,-1,18,60,77,82,82,43,77,82,59,7.6,3.52,5.77,3.35,/clubs/montreal-impact-1,teams/canada-montreal-impact.png,Montreal Impact,/clubs/philadelphia-union-16,teams/usa-philadelphia-union.png,Philadelphia Union,1.67,1.18,1.25,1.56,1.0,1.05,82,41,24,18,18,70,41,35,1.07,1.08,2.15,/usa/montreal-impact-vs-philadelphia-union-h2h-stats#7295520,10977,34,True,True,True,True,True,True,True,"['36', '56', '89', '90+2']","['29', '42']"
MLS,2024,10977,7295521,11,9,2024,complete,106200,0,-1,['9'],"['16', '42', '45+2', '72', '80']",1,5,6,4,3,7,2,0,0,1,0,0,5,6,2,7,7,13,14,8,49,51,52041.0,13.0,39282.0,,,0,1,3.13,3.73,2.19,1.03,1.15,1.5,2.2,3.8,18.75,4.75,2.48,1.53,1.22,1.48,2.5,4.75,1.15,3.6,1.25,1.7,1.25,1.4,3.4,2.38,2.6,3.1,2.62,2.5,0,0,1.4,1.55,2.05,2.35,3.55,2.7,2.41,1.7,1.57,1.24,2.08,5.8,1.82,2.1,15.0,1.8,6.5,4.5,1.29,2.25,4.75,10.0,3.4,1.57,1.15,1.02,1.15,1.75,3.3,6.5,4.75,1.95,1.29,1.08,0,0,0,0,6,1,3,0,2,2,4,1719703800,9,0,56,33,22,0,-1,2,1,0,2,4,1,2,5,0,1,0,0,1,0,1,29,40,67,81,1.01,1.53,2.54,0,0,0,0,0,0,1,1,1,0,0,1,0,0,1,0,1,-1,-1,-1,-1,-1,-1,17,33,50,73,95,33,67,73,45,8.89,3.12,4.0,2.67,/clubs/new-england-revolution-11,teams/usa-new-england-revolution.png,New England Revolution,/clubs/columbus-crew-9,teams/usa-columbus-crew.png,Columbus Crew,1.12,1.83,1.11,1.67,1.12,1.76,84,67,50,28,6,39,39,28,1.28,1.21,2.49,/usa/columbus-crew-vs-new-england-revolution-h2h-stats#7295521,10977,34,True,True,True,True,True,True,True,['9'],"['16', '42', '45+2', '72', '80']"
MLS,2024,10977,7295522,4,13401,2024,complete,106200,0,-1,"['24', '78']","['6', '45+4']",2,2,4,5,2,7,0,1,2,5,0,1,4,3,14,5,18,8,16,11,52,48,13891.0,1313.0,13006.0,,,2,6,1.73,4.05,4.49,1.01,1.18,1.57,2.45,4.0,12.0,4.33,2.15,1.48,1.2,1.73,2.0,2.4,1.5,6.0,1.09,1.13,1.2,2.6,1.95,2.5,5.25,1.8,2.8,5.25,0,0,1.33,1.51,1.91,2.3,3.15,2.95,2.53,1.8,1.61,1.3,1.36,6.75,3.2,1.42,13.0,3.1,2.7,11.0,1.29,2.25,5.0,11.0,3.3,1.57,1.13,1.01,1.17,1.8,3.4,7.5,4.5,1.91,1.29,1.06,0,0,0,0,4,1,2,1,0,1,3,1719703800,-1,0,50,22,33,0,-1,2,1,1,1,4,1,2,5,1,3,1,3,4,4,1,6,5,11,15,1.44,0.75,2.19,1,0,1,0,0,0,1,1,0,1,0,1,0,0,1,0,2,-1,-1,-1,-1,-1,-1,17,39,50,67,84,22,67,73,45,9.44,3.89,4.56,2.67,/clubs/new-york-red-bulls-4,teams/usa-new-york-red-bulls.png,New York RB,/clubs/dc-united-13401,teams/usa-dc-united.png,DC United,1.61,1.35,2.33,0.78,1.7,0.95,84,62,50,33,17,62,45,28,1.54,1.17,2.71,/usa/new-york-red-bulls-vs-dc-united-h2h-stats#7295522,10977,34,True,True,True,True,False,False,True,"['24', '78']","['6', '45+4']"
MLS,2024,10977,7295523,13,8043,2024,complete,106200,0,-1,[],['47'],0,1,1,5,1,6,0,4,2,6,0,0,2,2,8,4,10,6,16,14,52,48,13864.0,52424.0,40182.0,,,2,6,2.79,3.38,2.57,1.04,1.28,1.87,3.1,6.0,13.0,3.75,1.98,1.38,1.14,1.62,2.2,3.45,1.25,3.6,1.25,1.48,1.26,1.55,3.25,2.25,3.1,2.8,2.55,2.95,0,0,1.23,1.5,1.91,2.25,3.04,3.56,2.52,1.8,1.62,1.31,2.13,6.45,2.13,1.95,9.5,2.05,4.75,5.0,1.33,2.63,6.5,19.0,3.25,1.44,1.11,1.02,1.22,2.0,4.2,10.0,4.2,1.78,1.22,1.04,0,0,0,0,1,0,0,0,1,1,0,1719707400,8043,0,78,28,56,0,-1,2,1,1,1,4,0,2,4,0,1,2,5,1,7,1,43,25,88,85,1.09,0.71,1.8,0,0,0,0,0,0,1,1,0,0,0,0,0,0,1,18,12,-1,-1,-1,-1,-1,-1,22,28,73,89,95,28,61,84,61,8.66,3.77,5.11,3.44,/clubs/fc-dallas-13,teams/usa-fc-dallas.png,FC Dallas,/clubs/fc-cincinnati-8043,teams/usa-fc-cincinnati.png,FC Cincinnati,1.88,1.94,1.89,2.44,1.05,2.05,78,73,28,11,6,50,44,28,1.37,1.26,2.63,/usa/fc-dallas-vs-fc-cincinnati-h2h-stats#7295523,10977,34,True,False,False,False,False,False,False,[],['47']
MLS,2024,10977,7295524,6,711351,2024,complete,106200,0,-1,['5'],[],1,0,1,7,2,9,1,1,1,1,0,0,4,4,4,6,8,10,8,9,69,31,84.0,20.0,404.0,,,1,1,1.83,3.73,4.27,1.04,1.26,1.88,3.1,5.5,13.0,4.0,1.98,1.4,1.15,1.7,2.05,2.55,1.45,4.75,1.15,1.22,1.22,2.05,2.4,2.25,4.33,2.15,2.65,4.0,0,0,1.29,1.5,1.85,2.19,2.9,3.15,2.38,1.85,1.67,1.35,1.49,6.5,2.8,1.62,9.5,2.65,3.1,7.0,1.36,2.63,7.0,19.0,3.0,1.44,1.1,1.02,1.2,2.0,4.2,10.0,4.33,1.78,1.22,1.04,0,0,0,0,1,1,0,0,0,0,1,1719707400,6,0,62,28,22,0,-1,2,1,4,1,3,1,5,4,0,1,1,0,1,1,1,41,36,88,81,1.09,1.18,2.27,0,0,0,0,0,0,1,1,1,0,0,1,0,0,1,13,20,-1,-1,-1,-1,-1,-1,6,22,44,67,95,33,62,73,39,9.89,3.67,5.22,2.33,/clubs/houston-dynamo-6,teams/usa-houston-dynamo.png,Houston Dynamo,/clubs/charlotte-fc-711351,teams/usa-charlotte-fc.png,Charlotte,1.61,1.05,1.44,1.11,1.42,1.6,95,78,56,33,6,56,45,33,1.63,1.15,2.78,/usa/houston-dynamo-vs-charlotte-fc-h2h-stats#7295524,10977,36,True,False,False,False,False,False,False,['5'],[]
MLS,2024,10977,7295525,8,698284,2024,complete,106200,0,-1,"['26', '69']",[],2,0,2,5,1,6,1,2,3,3,0,0,2,0,4,2,6,2,16,20,51,49,45125.0,18.0,2339.0,,,3,3,1.85,3.83,4.08,1.03,1.24,1.65,2.9,5.5,15.0,4.2,2.0,1.42,1.16,1.62,2.2,2.8,1.38,5.0,1.13,1.25,1.22,2.0,2.4,2.3,4.33,2.15,2.65,4.0,0,0,1.27,1.48,1.8,2.1,2.8,3.3,2.43,1.91,1.74,1.36,1.49,6.75,2.65,1.62,10.0,2.55,3.5,7.5,1.33,2.6,6.0,19.0,3.3,1.5,1.12,1.01,1.19,1.95,4.0,9.5,4.5,1.83,1.24,1.05,0,0,0,0,2,1,0,1,0,1,1,1719707400,8,0,65,30,35,0,-1,2,1,3,0,2,1,3,3,2,2,1,1,4,2,1,65,15,116,67,1.0,0.25,1.25,0,0,0,0,0,0,1,1,0,0,0,0,0,0,1,13,14,-1,-1,-1,1,1,0,30,30,55,75,90,45,80,75,45,9.0,3.3,4.3,3.05,/clubs/sporting-kansas-city-8,teams/usa-sporting-kansas-city.png,Sporting KC,/clubs/austin-fc-698284,teams/usa-austin-fc.png,Austin,1.29,0.94,0.9,0.9,0.7,1.35,70,70,45,25,10,50,35,20,1.42,0.77,2.19,/usa/sporting-kansas-city-vs-austin-fc-h2h-stats#7295525,10977,34,True,True,False,False,False,False,False,"['26', '69']",[]
MLS,2024,10977,7295526,677447,677446,2024,complete,106200,0,-1,['73'],"['40', '44']",1,2,3,7,5,12,2,1,1,1,0,0,5,5,1,7,6,12,3,11,52,48,19912.0,24795.0,647.0,,,1,1,2.01,3.89,3.45,1.03,1.18,1.65,2.4,4.22,17.75,4.97,2.15,1.58,1.23,1.53,2.38,3.25,1.3,5.0,1.13,1.25,1.22,1.85,2.38,2.25,3.9,2.15,2.75,3.5,0,0,1.32,1.59,2.0,2.47,3.05,3.05,2.35,1.73,1.53,1.3,1.6,6.4,2.43,1.62,18.0,2.25,4.0,7.5,1.28,2.25,4.9,11.0,3.5,1.55,1.14,1.01,1.14,1.7,3.2,7.0,5.0,2.05,1.3,1.07,0,0,0,0,3,0,2,1,0,1,2,1719707400,677446,0,76,31,30,0,-1,2,1,3,5,4,0,8,4,0,1,1,0,1,1,1,26,26,62,82,0.92,1.3,2.22,1,0,1,0,0,0,1,1,0,0,1,0,0,0,1,13,18,-1,-1,-1,1,1,0,21,42,67,86,90,36,76,81,62,9.05,3.8,4.75,3.04,/clubs/nashville-sc-mls-677447,teams/usa-nashville-sc-mls.png,Nashville SC,/clubs/club-internacional-de-futbol-miami-677446,teams/usa-club-internacional-de-futbol-miami.png,Inter Miami,1.24,2.06,1.55,2.22,1.37,2.05,79,59,34,15,10,62,45,45,1.16,1.17,2.33,/usa/club-internacional-de-futbol-miami-vs-nashville-sc-mls-h2h-stats#7295526,10977,34,True,True,True,False,False,False,True,['73'],"['40', '44']"
MLS,2024,10977,7295527,6490,12,2024,complete,106200,0,-1,"['20', '58', '72']",[],3,0,3,4,9,13,2,1,1,4,0,1,11,1,5,4,16,5,9,11,53,47,11.0,39588.0,11435.0,,,1,5,1.5,4.75,5.75,1.01,1.12,1.45,2.15,3.58,21.0,5.05,2.63,1.6,1.23,1.62,2.2,2.55,1.45,7.0,1.06,1.09,1.15,2.49,2.04,2.41,4.08,1.75,2.8,5.0,0,0,1.12,1.26,1.8,1.8,2.3,5.0,3.34,1.91,1.91,1.6,1.29,8.6,4.95,1.45,23.0,2.85,2.8,11.0,1.26,2.25,5.0,13.0,3.75,1.65,1.17,1.02,1.14,1.72,3.25,7.0,5.5,2.1,1.33,1.09,0,0,0,0,3,1,0,2,0,2,1,1719714600,6490,0,62,19,43,0,-1,2,1,3,7,1,2,10,3,1,3,0,2,4,2,1,52,55,107,101,2.16,0.8,2.95,0,0,0,0,0,0,1,1,0,0,1,0,0,1,1,14,12,-1,-1,-1,-1,-1,-1,24,38,76,90,95,39,86,90,57,10.97,3.69,3.44,3.52,/clubs/los-angeles-fc-6490,teams/usa-los-angeles-fc.png,Los Angeles FC,/clubs/colorado-rapids-12,teams/usa-colorado-rapids.png,Colorado Rapids,2.15,0.94,2.6,1.27,1.95,1.55,76,62,24,10,5,73,68,39,1.9,1.29,3.19,/usa/colorado-rapids-vs-los-angeles-fc-h2h-stats#7295527,10977,36,True,True,True,False,False,False,False,"['20', '58', '72']",[]
MLS,2024,10977,7295528,20,1015,2024,complete,106200,0,-1,"['45+8', '73', '90+2']","['29', '38']",3,2,5,11,1,12,1,4,0,0,0,0,13,4,10,1,23,5,9,8,67,33,13841.0,28121.0,25056.0,,,0,0,1.93,3.99,3.6,1.01,1.11,1.39,2.05,3.42,21.0,5.2,2.86,1.61,1.25,1.44,2.63,3.45,1.25,5.5,1.11,1.23,1.18,1.9,2.32,2.44,3.22,2.2,2.7,3.4,0,0,1.14,1.3,1.59,2.05,2.41,4.6,3.08,2.35,1.7,1.56,1.66,7.0,2.88,1.67,19.0,2.3,4.0,8.5,1.26,2.2,4.75,13.0,4.0,1.66,1.18,1.03,1.13,1.68,3.05,7.0,5.5,2.12,1.35,1.09,0,0,0,0,5,1,2,2,0,2,3,1719714600,20,0,73,33,44,0,-1,2,-1,4,0,7,1,4,8,0,0,0,0,0,0,1,89,21,148,53,3.0,0.75,3.76,1,0,1,0,0,0,1,1,0,0,1,0,-1,-1,1,24,8,-1,-1,-1,-1,-1,-1,28,50,78,100,100,50,89,95,62,10.33,2.67,4.33,3.84,/clubs/portland-timbers-20,teams/usa-portland-timbers.png,Portland Timbers,/clubs/minnesota-united-fc-1015,teams/usa-minnesota-united-fc.png,Minnesota United,1.88,1.47,1.67,1.44,1.35,1.53,73,50,22,0,0,73,56,50,1.36,1.18,2.54,/usa/portland-timbers-vs-minnesota-united-fc-h2h-stats#7295528,10977,35,True,True,True,True,True,False,True,"['45+8', '73', '90+2']","['29', '38']"
MLS,2024,10977,7295529,15,10,2024,complete,106200,0,-1,[],"['37', '72', '90+1']",0,3,3,5,6,11,1,0,1,4,0,0,6,7,10,4,16,11,11,9,37,63,5016.0,428.0,2.0,,,1,4,2.38,3.82,2.75,1.02,1.09,1.35,1.95,3.0,25.0,5.8,3.04,1.7,1.33,1.4,2.75,4.75,1.15,4.75,1.15,1.52,1.25,1.42,3.0,2.5,3.0,2.7,2.7,2.62,0,0,1.14,1.26,1.44,1.78,2.18,4.8,3.4,2.55,2.03,1.67,1.85,6.9,2.45,1.91,19.0,1.91,6.25,6.0,1.25,2.1,5.0,13.0,3.75,1.67,1.17,1.04,1.11,1.6,2.88,5.5,5.5,2.2,1.36,1.11,0,0,0,0,3,0,1,0,2,2,1,1719714600,10,0,66,15,46,0,-1,2,1,3,0,2,6,3,8,1,3,0,1,4,1,1,58,55,100,99,1.85,1.59,3.43,0,0,0,0,0,0,1,1,0,0,1,0,0,0,1,17,19,-1,-1,-1,-1,-1,-1,16,45,66,81,91,39,61,77,62,11.78,2.33,3.58,3.03,/clubs/san-jose-earthquakes-15,teams/usa-san-jose-earthquakes.png,SJ Earthquakes,/clubs/la-galaxy-10,teams/usa-la-galaxy.png,LA Galaxy,0.76,1.39,0.78,1.45,0.58,1.85,85,56,35,19,9,77,67,56,1.4,1.22,2.62,/usa/la-galaxy-vs-san-jose-earthquakes-h2h-stats#7295529,10977,34,True,True,True,False,False,False,False,[],"['37', '72', '90+1']"
MLS,2024,10977,7295530,18,7,2024,complete,106200,0,-1,"['57', '90+3']",['30'],2,1,3,3,2,5,2,0,2,2,0,0,7,4,2,2,9,6,10,17,52,48,13893.0,25.0,21081.0,,,2,2,1.62,4.08,5.32,1.04,1.26,1.83,3.1,5.5,13.0,4.0,2.03,1.4,1.15,1.91,1.91,2.3,1.55,5.0,1.13,1.17,1.2,2.3,2.2,2.35,5.0,1.98,2.7,4.75,0,0,1.19,1.37,1.7,2.05,2.8,4.0,2.75,2.05,1.7,1.38,1.41,6.75,2.95,1.5,9.5,2.95,2.75,8.5,1.36,2.7,6.5,21.0,3.2,1.47,1.1,1.02,1.2,2.0,4.2,10.0,4.33,1.78,1.22,1.04,0,0,0,0,3,0,1,2,0,2,1,1719714600,18,0,61,11,33,0,-1,2,1,1,1,2,1,2,3,0,1,2,1,1,3,1,27,20,61,78,1.26,0.82,2.07,2,0,2,0,0,0,1,1,0,0,0,0,0,0,1,15,21,-1,-1,-1,-1,-1,-1,22,33,45,84,84,22,61,78,56,11.11,2.34,4.67,2.72,/clubs/seattle-sounders-fc-18,teams/usa-seattle-sounders-fc.png,Seattle Sounders,/clubs/chicago-fire-7,teams/usa-chicago-fire.png,Chicago Fire,1.78,0.65,1.56,0.78,1.25,0.95,78,67,56,17,17,61,39,22,1.49,1.1,2.59,/usa/chicago-fire-vs-seattle-sounders-fc-h2h-stats#7295530,10977,34,True,True,True,False,False,False,True,"['57', '90+3']",['30']
MLS,2024,10977,7295531,711351,677446,2024,complete,106200,0,-1,['41'],"['30', '86']",1,2,3,6,1,7,1,2,1,4,1,0,2,4,8,2,10,6,13,11,47,53,69.0,404.0,647.0,,,3,4,2.15,3.4,3.2,1.05,1.22,1.67,2.6,4.75,9.5,4.2,2.1,1.48,1.18,1.57,2.25,3.3,1.28,4.5,1.17,1.33,1.25,1.67,2.75,2.25,3.6,2.4,2.6,3.2,0,0,1.32,1.56,1.92,2.43,3.15,3.0,2.23,1.77,1.48,1.3,1.73,6.25,2.23,1.67,9.5,2.25,4.33,6.5,1.33,2.5,6.5,17.0,3.25,1.5,1.11,1.03,1.18,1.83,3.75,9.0,4.5,1.83,1.25,1.07,0,0,0,0,3,1,1,0,1,1,2,1720049400,677446,0,54,20,29,0,-1,2,1,3,0,3,1,3,4,1,1,1,3,2,4,1,56,41,111,74,1.19,0.96,2.15,0,0,0,0,0,0,1,1,0,0,1,0,0,0,1,3,3,-1,-1,-1,-1,-1,-1,20,34,54,73,86,25,63,77,63,8.54,3.8,5.63,2.66,/clubs/charlotte-fc-711351,teams/usa-charlotte-fc.png,Charlotte,/clubs/club-internacional-de-futbol-miami-677446,teams/usa-club-internacional-de-futbol-miami.png,Inter Miami,1.83,2.06,2.0,2.3,1.52,2.1,81,66,47,28,14,63,48,43,1.01,1.18,2.19,/usa/club-internacional-de-futbol-miami-vs-charlotte-fc-h2h-stats#7295531,10977,37,True,True,True,False,False,False,True,['41'],"['30', '86']"
MLS,2024,10977,7295532,9,677447,2024,complete,106200,0,-1,"['30', '65']",[],2,0,2,10,4,14,1,2,0,2,0,0,4,3,7,4,11,7,8,16,55,45,13893.0,39282.0,24795.0,,,0,2,1.43,4.7,6.75,1.05,1.25,1.55,2.25,5.25,9.5,3.9,2.3,1.55,1.15,1.8,1.95,2.45,1.48,5.25,1.12,1.17,1.2,2.2,2.2,2.3,5.0,1.95,2.62,4.5,0,0,1.38,1.65,2.04,2.6,3.45,2.7,2.08,1.67,1.43,1.25,1.38,6.75,3.15,1.44,9.5,3.0,3.0,8.5,1.33,2.63,7.0,19.0,3.25,1.44,1.1,1.02,1.2,1.91,4.0,10.0,4.33,1.8,1.22,1.06,0,0,0,0,2,1,0,1,0,1,1,1720053900,9,0,44,7,32,0,-1,2,1,5,4,5,0,9,5,0,0,0,2,0,2,1,55,29,95,65,1.38,0.87,2.24,0,0,0,0,0,0,1,1,0,0,2,2,0,0,1,13,18,-1,-1,-1,-1,-1,-1,7,25,51,69,82,26,50,69,57,8.51,4.76,2.63,2.32,/clubs/columbus-crew-9,teams/usa-columbus-crew.png,Columbus Crew,/clubs/nashville-sc-mls-677447,teams/usa-nashville-sc-mls.png,Nashville SC,1.89,0.88,1.88,1.13,1.83,1.3,94,75,51,32,19,38,32,19,1.55,0.83,2.38,/usa/columbus-crew-vs-nashville-sc-mls-h2h-stats#7295532,10977,34,True,True,False,False,False,False,False,"['30', '65']",[]
MLS,2024,10977,7295533,13401,8043,2024,complete,106200,0,-1,"['24', '69']","['10', '39', '63']",2,3,5,3,4,7,0,6,2,2,0,0,5,5,6,4,11,9,8,12,48,52,57653.0,13006.0,40182.0,,,2,2,2.55,3.55,2.5,1.04,1.2,1.57,2.2,4.5,10.0,4.33,2.25,1.59,1.2,1.53,2.38,3.95,1.2,3.85,1.22,1.48,1.25,1.48,3.2,2.3,3.1,2.75,2.6,2.75,0,0,1.3,1.53,1.85,2.33,3.05,3.05,2.3,1.83,1.5,1.3,1.9,6.4,1.98,2.05,10.0,1.83,5.5,5.25,1.33,2.5,6.0,17.0,3.25,1.5,1.13,1.03,1.18,1.83,3.75,9.0,4.5,1.83,1.25,1.07,0,0,0,0,5,1,2,1,1,2,3,1720049400,8043,0,81,23,49,0,-1,2,1,0,1,3,3,1,6,1,0,1,2,1,3,1,31,63,96,89,1.28,1.38,2.65,0,0,0,0,0,0,1,1,0,1,0,0,0,0,1,2,5,-1,-1,-1,-1,-1,-1,24,42,72,81,100,28,61,91,63,11.63,4.77,6.76,3.33,/clubs/dc-united-13401,teams/usa-dc-united.png,DC United,/clubs/fc-cincinnati-8043,teams/usa-fc-cincinnati.png,FC Cincinnati,1.0,1.94,1.09,2.5,0.95,2.1,77,58,29,19,0,75,57,47,1.46,1.2,2.66,/usa/fc-cincinnati-vs-dc-united-h2h-stats#7295533,10977,34,True,True,True,True,True,False,True,"['24', '69']","['10', '39', '63']"
MLS,2024,10977,7295534,11,1016,2024,complete,106200,0,-1,"['11', '44']",['90'],2,1,3,3,12,15,5,0,0,1,0,0,5,8,4,5,9,13,5,7,42,58,57.0,13.0,40413.0,,,0,1,2.15,3.5,3.15,1.04,1.14,1.57,2.3,3.98,10.0,4.55,2.25,1.54,1.19,1.5,2.5,3.65,1.25,4.5,1.17,1.38,1.25,1.62,2.75,2.38,3.4,2.6,2.62,3.0,0,0,1.3,1.54,1.89,2.35,3.05,3.05,2.3,1.8,1.5,1.32,1.73,6.25,2.23,1.67,10.0,2.2,4.75,6.25,1.29,2.38,5.5,15.0,3.5,1.53,1.14,1.03,1.18,1.83,3.75,10.0,4.5,1.83,1.25,1.06,0,0,0,0,3,2,0,0,1,1,2,1720050300,11,0,47,20,16,0,-1,2,1,3,5,0,7,8,7,0,1,0,0,1,0,1,46,79,92,122,1.26,1.96,3.21,0,0,0,0,0,0,1,1,0,0,0,1,0,0,1,0,1,-1,-1,-1,-1,-1,-1,15,21,31,58,95,20,69,69,31,9.72,2.6,3.44,2.24,/clubs/new-england-revolution-11,teams/usa-new-england-revolution.png,New England Revolution,/clubs/atlanta-united-fc-1016,teams/usa-atlanta-united-fc.png,Atlanta United FC,1.12,1.05,1.0,1.11,1.06,1.2,85,80,70,42,6,64,59,43,1.25,1.27,2.52,/usa/new-england-revolution-vs-atlanta-united-fc-h2h-stats#7295534,10977,34,True,True,True,False,False,False,True,"['11', '44']",['90']
MLS,2024,10977,7295535,2,1,2024,complete,106200,0,-1,"['9', '56']",[],2,0,2,2,4,6,1,1,1,1,0,0,7,4,6,3,13,7,10,13,48,52,42.0,27505.0,44644.0,,,1,1,1.43,5.0,6.5,1.04,1.2,1.53,2.1,4.5,10.0,4.33,2.35,1.65,1.2,1.8,1.95,2.2,1.6,6.5,1.08,1.1,1.15,2.7,2.0,2.4,6.0,1.73,2.85,5.5,0,0,1.32,1.55,1.89,2.4,3.05,3.0,2.25,1.8,1.5,1.3,1.35,6.75,3.3,1.33,10.0,3.5,2.5,11.0,1.3,2.5,6.0,17.0,3.4,1.5,1.13,1.03,1.18,1.83,3.75,10.0,4.5,1.83,1.25,1.06,0,0,0,0,2,1,0,1,0,1,1,1720049400,2,0,69,23,41,0,-1,2,1,0,3,2,1,3,3,0,0,1,1,0,2,1,52,42,103,113,1.69,1.04,2.73,0,0,0,0,0,0,1,1,1,0,0,0,0,0,1,5,4,-1,-1,-1,-1,-1,-1,41,46,69,87,91,46,78,91,55,8.64,4.0,5.09,3.55,/clubs/new-york-city-fc-2,teams/usa-new-york-city-fc.png,New York City,/clubs/montreal-impact-1,teams/canada-montreal-impact.png,Montreal Impact,1.89,0.82,2.0,0.82,1.6,1.1,59,55,32,14,9,73,64,36,1.54,0.88,2.42,/usa/montreal-impact-vs-new-york-city-fc-h2h-stats#7295535,10977,35,True,True,False,False,False,False,False,"['9', '56']",[]
MLS,2024,10977,7295536,19,17,2024,complete,106200,0,-1,['5'],"['27', '45']",1,2,3,6,4,10,1,1,4,3,0,0,1,3,14,10,15,13,11,6,57,43,14023.0,10856.0,29408.0,,,4,3,2.35,3.6,2.8,1.05,1.22,1.57,2.25,5.0,9.5,4.0,2.25,1.55,1.17,1.57,2.25,3.5,1.25,4.0,1.2,1.4,1.25,1.57,2.88,2.25,3.4,2.6,2.55,3.0,0,0,1.35,1.6,1.97,2.48,3.3,2.9,2.17,1.72,1.46,1.28,1.79,6.25,2.12,1.73,9.5,2.2,4.5,5.75,1.33,2.5,6.5,19.0,3.25,1.5,1.11,1.02,1.18,1.83,3.75,9.0,4.5,1.83,1.25,1.07,0,0,0,0,3,1,2,0,0,0,3,1720049400,17,0,65,20,50,0,-1,2,1,0,4,6,0,4,6,0,0,4,3,0,7,1,45,43,88,106,1.34,1.35,2.69,0,0,0,0,0,0,1,1,1,0,0,0,0,0,1,5,4,-1,-1,-1,-1,-1,-1,40,60,65,80,100,40,80,95,65,10.5,4.4,3.4,3.65,/clubs/toronto-fc-19,teams/canada-toronto-fc.png,Toronto,/clubs/orlando-city-sc-17,teams/usa-orlando-city-sc.png,Orlando City,1.24,1.56,1.5,1.2,1.14,1.05,60,40,35,20,0,75,60,40,1.35,1.22,2.57,/usa/orlando-city-sc-vs-toronto-fc-h2h-stats#7295536,10977,34,True,True,True,False,False,False,True,['5'],"['27', '45']"
MLS,2024,10977,7295537,7,16,2024,complete,106200,0,-1,"['30', '82', '89', '90+1']","['38', '45+7', '49']",4,3,7,4,1,5,3,2,2,2,0,0,10,5,7,7,17,12,16,12,47,53,60311.0,21081.0,12.0,,,2,2,2.05,3.55,3.35,1.03,1.19,1.57,2.45,4.33,17.0,4.75,2.25,1.55,1.22,1.53,2.38,3.65,1.25,4.33,1.18,1.42,1.25,1.63,2.88,2.3,3.25,2.5,2.75,2.88,0,0,1.33,1.56,1.92,2.43,3.15,2.95,2.23,1.77,1.48,1.29,1.79,6.1,2.1,1.73,10.0,2.1,4.75,6.0,1.3,2.38,6.0,17.0,3.4,1.53,1.13,1.03,1.17,1.8,3.5,8.0,5.0,1.91,1.29,1.08,0,0,0,0,7,1,2,3,1,4,3,1720053000,7,0,70,30,35,0,-1,2,1,0,0,4,0,0,4,2,1,0,1,3,1,1,34,33,88,116,2.02,1.36,3.38,0,1,0,1,0,0,1,1,0,0,0,0,1,0,1,19,17,-1,-1,-1,-1,-1,-1,15,45,70,80,90,35,75,90,50,10.0,3.5,4.8,3.25,/clubs/chicago-fire-7,teams/usa-chicago-fire.png,Chicago Fire,/clubs/philadelphia-union-16,teams/usa-philadelphia-union.png,Philadelphia Union,1.12,1.18,1.1,1.4,0.9,1.0,85,55,30,20,10,85,70,50,1.27,1.09,2.36,/usa/chicago-fire-vs-philadelphia-union-h2h-stats#7295537,10977,34,True,True,True,True,True,True,True,"['30', '82', '89', '90+1']","['38', '45+7', '49']"
MLS,2024,10977,7295538,1015,5,2024,complete,106200,0,-1,['30'],"['4', '17', '60']",1,3,4,7,5,12,2,2,4,3,0,0,4,3,10,4,14,7,12,13,57,43,13864.0,25056.0,41087.0,,,4,3,2.15,3.55,3.05,1.03,1.18,1.57,2.25,4.2,17.0,5.0,2.25,1.57,1.24,1.5,2.5,3.8,1.22,4.5,1.17,1.42,1.25,1.63,2.88,2.3,3.25,2.5,2.75,2.88,0,0,1.32,1.56,1.92,2.4,3.15,3.0,2.23,1.77,1.49,1.3,1.74,6.4,2.18,1.73,10.0,2.1,5.0,6.5,1.3,2.38,5.5,15.0,3.4,1.53,1.14,1.03,1.17,1.73,3.5,8.0,5.0,2.0,1.29,1.08,0,0,0,0,4,1,2,0,1,1,3,1720053000,5,0,65,20,25,0,-1,2,1,2,3,5,2,5,7,3,2,1,1,5,2,1,63,37,82,77,1.61,0.93,2.54,1,0,0,0,1,0,1,1,0,1,0,0,0,0,1,22,19,-1,-1,-1,-1,-1,-1,5,20,45,90,100,30,85,70,40,9.7,3.3,4.4,2.6,/clubs/minnesota-united-fc-1015,teams/usa-minnesota-united-fc.png,Minnesota United,/clubs/vancouver-whitecaps-fc-5,teams/canada-vancouver-whitecaps-fc.png,Vancouver Whitecaps,1.44,1.32,1.6,1.4,1.45,1.47,95,80,55,10,0,60,45,25,1.51,1.07,2.58,/usa/vancouver-whitecaps-fc-vs-minnesota-united-fc-h2h-stats#7295538,10977,37,True,True,True,True,False,False,True,['30'],"['4', '17', '60']"
MLS,2024,10977,7295539,945555,15,2024,complete,106200,0,-1,"['28', '41']",[],2,0,2,7,5,12,1,3,2,2,0,0,9,2,12,2,21,4,15,12,57,43,13891.0,424.0,428.0,,,2,2,1.7,4.1,4.3,1.02,1.16,1.5,2.1,4.0,19.0,5.5,2.4,1.65,1.26,1.53,2.38,2.8,1.38,6.5,1.08,1.18,1.2,2.3,2.2,2.5,4.75,1.91,2.9,4.33,0,0,1.32,1.55,1.9,2.4,3.1,3.05,2.25,1.79,1.49,1.3,1.5,6.5,2.65,1.44,17.0,2.75,3.25,10.0,1.25,2.2,5.0,13.0,3.75,1.62,1.17,1.04,1.14,1.73,3.25,7.0,5.5,2.0,1.33,1.1,0,0,0,0,2,2,0,0,0,0,2,1720053000,945555,0,73,30,38,0,-1,2,1,6,1,1,4,7,5,0,0,2,2,0,4,1,73,24,127,59,2.48,0.57,3.05,0,0,0,0,0,0,1,1,0,0,0,1,0,0,1,24,14,-1,-1,-1,1,0,1,30,39,63,87,91,35,63,86,58,10.01,2.55,6.26,3.55,/clubs/st-louis-city-sc-945555,teams/usa-st-louis-city-sc.png,St. Louis City,/clubs/san-jose-earthquakes-15,teams/usa-san-jose-earthquakes.png,SJ Earthquakes,1.53,0.47,1.27,0.4,0.95,0.55,70,61,37,14,9,72,72,63,1.55,1.12,2.67,/usa/san-jose-earthquakes-vs-st-louis-city-sc-h2h-stats#7295539,10977,34,True,True,False,False,False,False,False,"['28', '41']",[]
MLS,2024,10977,7295540,14,6,2024,complete,106200,0,-1,"['22', '42', '67']","['8', '55']",3,2,5,7,2,9,1,1,2,2,0,0,8,2,9,7,17,9,17,13,45,55,3.0,8.0,20.0,,,2,2,1.77,3.8,4.2,1.03,1.2,1.6,2.35,4.75,15.0,4.5,2.2,1.52,1.19,1.62,2.2,2.75,1.4,5.25,1.12,1.22,1.22,2.1,2.3,2.38,4.5,2.0,2.75,4.0,0,0,1.35,1.6,1.96,2.48,3.2,2.9,2.17,1.73,1.47,1.28,1.52,6.4,2.65,1.5,10.0,2.75,3.4,8.5,1.3,2.5,6.0,17.0,3.4,1.5,1.13,1.03,1.17,1.8,3.5,9.0,5.0,1.91,1.29,1.07,0,0,0,0,5,2,1,1,1,2,3,1720056600,14,0,57,26,36,0,-1,2,1,3,0,4,2,3,6,0,1,2,1,1,3,1,52,35,114,83,2.01,0.97,2.98,0,0,0,0,0,0,1,1,0,1,1,0,0,1,1,17,19,-1,-1,-1,-1,-1,-1,16,32,63,74,95,37,69,89,52,10.43,4.71,5.19,3.01,/clubs/real-salt-lake-14,teams/usa-real-salt-lake.png,Real Salt Lake,/clubs/houston-dynamo-6,teams/usa-houston-dynamo.png,Houston Dynamo,2.06,1.5,2.11,1.4,1.85,1.5,84,69,37,27,6,73,57,42,1.57,1.12,2.69,/usa/houston-dynamo-vs-real-salt-lake-h2h-stats#7295540,10977,36,True,True,True,True,True,False,True,"['22', '42', '67']","['8', '55']"
MLS,2024,10977,7295541,13,20,2024,complete,106200,0,-1,"['49', '61', '87']","['8', '64']",3,2,5,7,1,8,1,2,4,1,0,0,4,5,12,8,16,13,17,10,67,33,13812.0,21189.0,28121.0,,,4,1,2.11,3.62,3.21,1.03,1.22,1.7,2.7,5.0,15.0,4.33,2.15,1.47,1.18,1.62,2.2,3.2,1.3,4.5,1.17,1.33,1.22,1.83,2.63,2.3,3.75,2.3,2.7,3.4,0,0,1.35,1.61,1.98,2.55,3.3,2.9,2.15,1.72,1.44,1.27,1.7,6.25,2.28,1.62,10.0,2.3,3.95,6.25,1.33,2.5,6.5,17.0,3.25,1.5,1.11,1.03,1.18,1.83,3.75,10.0,4.5,1.83,1.25,1.06,0,0,0,0,5,0,1,3,1,4,1,1720139400,13,0,62,20,33,0,-1,2,1,2,0,5,1,2,6,1,0,3,1,1,4,1,60,13,110,66,1.73,1.27,2.99,0,0,0,0,0,0,1,1,0,1,0,0,0,0,1,15,13,-1,-1,-1,-1,-1,-1,24,33,62,81,91,34,76,81,57,7.59,2.94,4.55,3.15,/clubs/fc-dallas-13,teams/usa-fc-dallas.png,FC Dallas,/clubs/portland-timbers-20,teams/usa-portland-timbers.png,Portland Timbers,1.88,0.83,1.7,1.09,1.0,1.43,77,67,38,19,10,43,43,28,1.34,1.04,2.38,/usa/fc-dallas-vs-portland-timbers-h2h-stats#7295541,10977,34,True,True,True,True,True,False,True,"['49', '61', '87']","['8', '64']"
MLS,2024,10977,7295542,12,8,2024,complete,106200,0,-1,"['69', '90+4']",['48'],2,1,3,4,1,5,2,1,2,2,0,0,4,1,9,4,13,5,5,12,61,39,65601.0,11435.0,18.0,,,2,2,1.68,4.03,4.48,1.02,1.18,1.51,2.2,4.33,19.0,5.0,2.33,1.61,1.22,1.62,2.2,2.6,1.44,6.25,1.08,1.16,1.19,2.4,2.1,2.5,5.0,1.83,2.9,4.5,0,0,1.33,1.56,1.92,2.43,3.15,2.95,2.23,1.77,1.47,1.29,1.46,6.4,2.9,1.4,11.0,3.0,3.0,10.0,1.29,2.25,5.5,15.0,3.5,1.57,1.14,1.03,1.17,1.73,3.4,8.0,5.0,2.0,1.3,1.08,0,0,0,0,3,0,0,2,1,3,0,1720143000,12,0,69,27,52,0,-1,2,1,2,1,2,0,3,2,0,0,2,2,0,4,1,48,39,110,72,1.46,0.67,2.13,1,0,1,0,0,0,1,1,0,0,1,0,0,0,1,30,18,-1,-1,-1,1,1,1,32,47,63,79,95,37,64,85,63,9.92,4.53,2.48,3.27,/clubs/colorado-rapids-12,teams/usa-colorado-rapids.png,Colorado Rapids,/clubs/sporting-kansas-city-8,teams/usa-sporting-kansas-city.png,Sporting KC,1.83,0.53,1.89,0.5,1.48,0.81,68,53,37,21,5,64,38,38,1.54,1.07,2.61,/usa/sporting-kansas-city-vs-colorado-rapids-h2h-stats#7295542,10977,34,True,True,True,False,False,False,True,"['69', '90+4']",['48']
MLS,2024,10977,7295543,10,6490,2024,complete,106200,0,-1,['56'],"['39', '44']",1,2,3,5,11,16,2,0,2,1,0,0,4,7,4,10,8,17,7,14,64,36,36.0,2.0,39588.0,,,2,1,2.68,3.66,2.41,1.01,1.13,1.57,1.85,3.4,21.0,6.0,2.25,1.88,1.32,1.4,2.75,5.0,1.14,4.33,1.18,1.65,1.22,1.44,3.1,2.5,2.75,2.75,2.85,2.5,0,0,1.26,1.47,1.75,2.17,2.8,3.4,2.48,1.95,1.58,1.37,2.05,6.25,1.85,2.1,11.0,1.73,6.5,5.5,1.25,2.1,4.5,13.0,3.75,1.67,1.18,1.04,1.13,1.62,3.0,6.5,6.0,2.2,1.36,1.11,0,0,0,0,3,0,2,1,0,1,2,1720147200,6490,0,67,33,39,0,-1,2,1,2,4,3,8,6,11,1,0,1,1,1,2,1,14,20,49,40,0.89,1.7,2.58,0,1,0,1,0,0,1,1,0,0,1,1,0,0,1,9,21,-1,-1,-1,-1,-1,-1,22,50,62,89,100,45,84,89,56,11.11,3.11,5.0,3.45,/clubs/la-galaxy-10,teams/usa-la-galaxy.png,LA Galaxy,/clubs/los-angeles-fc-6490,teams/usa-los-angeles-fc.png,Los Angeles FC,2.57,1.5,2.33,1.22,1.9,2.0,78,50,39,11,0,73,56,39,1.63,1.36,2.99,/usa/la-galaxy-vs-los-angeles-fc-h2h-stats#7295543,10977,38,True,True,True,False,False,False,True,['56'],"['39', '44']"
MLS,2024,10977,7295544,8043,677446,2024,complete,106200,0,-1,"['10', '36', '38', '45+4', '57', '72']",['21'],6,1,7,7,5,12,2,0,2,4,0,1,10,4,3,5,13,9,13,14,54,46,11.0,40182.0,647.0,,,2,5,1.71,4.15,4.43,1.03,1.18,1.57,2.4,4.28,17.5,4.9,2.23,1.5,1.22,1.57,2.25,2.88,1.36,5.75,1.1,1.22,1.27,2.05,2.25,2.4,4.5,1.95,2.8,4.1,0,0,1.32,1.55,1.9,2.4,3.05,3.05,2.25,1.79,1.5,1.3,1.53,6.4,2.55,1.52,18.0,2.5,3.5,9.0,1.29,2.25,5.5,15.0,3.5,1.57,1.14,1.03,1.14,1.72,3.15,7.0,4.4,1.9,1.27,1.07,0,0,0,0,7,4,1,2,0,2,5,1720308600,8043,0,66,33,29,0,-1,2,1,5,5,2,0,10,2,0,0,2,5,0,7,1,60,37,122,71,1.96,1.12,3.08,0,0,0,0,0,0,1,1,1,0,2,3,0,0,1,4,5,-1,-1,-1,-1,-1,-1,19,33,66,76,86,48,76,76,47,9.74,4.22,4.6,2.88,/clubs/fc-cincinnati-8043,teams/usa-fc-cincinnati.png,FC Cincinnati,/clubs/club-internacional-de-futbol-miami-677446,teams/usa-club-internacional-de-futbol-miami.png,Inter Miami,1.47,2.06,1.7,2.36,2.14,2.14,82,68,34,25,15,82,58,48,1.39,1.16,2.55,/usa/fc-cincinnati-vs-club-internacional-de-futbol-miami-h2h-stats#7295544,10977,37,True,True,True,True,True,True,True,"['10', '36', '38', '45+4', '57', '72']",['21']
MLS,2024,10977,7295545,9,19,2024,complete,106200,0,-1,"['15', '52', '81', '84']",[],4,0,4,5,4,9,1,2,1,4,0,0,6,2,4,6,10,8,8,15,58,42,15.0,39282.0,10856.0,,,1,4,1.4,4.9,7.5,1.03,1.2,1.58,2.05,4.55,17.5,4.6,2.2,1.68,1.2,1.91,1.91,2.15,1.62,6.5,1.06,1.12,1.19,2.8,1.85,2.45,6.25,1.65,2.95,6.0,0,0,1.33,1.58,1.95,2.45,3.2,2.95,2.2,1.74,1.48,1.29,1.33,6.75,3.4,1.35,17.0,3.2,2.45,11.0,1.3,2.35,5.0,17.0,3.3,1.52,1.13,1.03,1.14,1.75,3.3,8.0,4.25,1.85,1.24,1.05,0,0,0,0,4,1,0,3,0,3,1,1720308600,9,0,45,5,31,0,-1,2,1,5,1,0,3,6,3,0,1,1,3,1,4,1,36,36,102,72,1.32,0.91,2.23,0,0,0,0,0,0,1,1,0,0,0,0,0,0,1,2,5,-1,-1,-1,-1,-1,-1,5,25,60,76,86,19,65,76,66,8.85,4.76,4.84,2.5,/clubs/columbus-crew-9,teams/usa-columbus-crew.png,Columbus Crew,/clubs/toronto-fc-19,teams/canada-toronto-fc.png,Toronto,1.89,0.94,2.0,0.82,1.89,1.09,96,76,40,25,15,53,43,25,1.53,0.92,2.45,/usa/columbus-crew-vs-toronto-fc-h2h-stats#7295545,10977,34,True,True,True,True,False,False,False,"['15', '52', '81', '84']",[]
MLS,2024,10977,7295546,1,5,2024,complete,106200,0,-1,['79'],['29'],1,1,2,3,7,10,1,0,1,1,0,0,3,5,10,2,13,7,6,5,63,37,5016.0,44644.0,41087.0,,,1,1,2.29,3.75,2.88,1.03,1.18,1.6,2.43,4.3,17.5,4.88,2.17,1.57,1.22,1.5,2.5,3.8,1.22,4.5,1.17,1.42,1.3,1.6,2.7,2.3,3.25,2.5,2.7,2.95,0,0,1.32,1.56,1.91,2.4,3.15,3.0,2.23,1.77,1.49,1.3,1.79,6.25,2.1,1.8,17.0,2.0,4.75,6.0,1.28,2.3,4.9,15.0,3.4,1.55,1.14,1.03,1.13,1.7,3.15,7.0,4.4,1.9,1.27,1.07,0,0,0,0,2,0,1,1,0,1,1,1720308600,-1,0,67,42,16,0,-1,2,1,2,7,1,0,9,1,1,0,0,1,1,1,1,52,16,110,70,1.41,0.92,2.33,0,0,0,0,0,0,1,1,0,0,0,2,0,0,1,1,2,-1,-1,-1,-1,-1,-1,21,47,62,85,89,56,80,76,42,7.74,3.67,4.67,3.15,/clubs/montreal-impact-1,teams/canada-montreal-impact.png,Montreal Impact,/clubs/vancouver-whitecaps-fc-5,teams/canada-vancouver-whitecaps-fc.png,Vancouver Whitecaps,1.67,1.32,1.44,1.55,1.05,1.55,79,53,39,16,11,50,34,25,1.12,1.06,2.18,/usa/montreal-impact-vs-vancouver-whitecaps-fc-h2h-stats#7295546,10977,35,True,True,False,False,False,False,True,['79'],['29']
MLS,2024,10977,7295547,17,13401,2024,complete,106200,0,-1,"['19', '23', '42', '74', '85']",[],5,0,5,12,1,13,2,0,0,1,0,1,10,1,5,3,15,4,5,8,62,38,19912.0,21031.0,13006.0,,,0,3,1.97,3.78,3.58,1.04,1.18,1.66,2.65,4.55,15.25,4.1,2.23,1.41,1.14,1.57,2.25,3.0,1.33,4.75,1.15,1.29,1.27,1.86,2.6,2.3,4.0,2.25,2.68,3.5,0,0,1.34,1.58,1.94,2.43,3.2,2.9,2.2,1.76,1.48,1.28,1.6,6.4,2.43,1.62,15.25,2.4,3.95,7.0,1.33,2.5,6.0,17.0,3.25,1.5,1.13,1.03,1.18,1.83,3.75,9.0,4.5,1.83,1.25,1.07,0,0,0,0,5,3,0,2,0,2,3,1720308600,17,0,55,25,30,0,-1,2,1,5,1,7,0,6,7,0,1,0,1,1,1,1,91,23,118,78,2.3,0.5,2.8,0,0,0,0,0,0,1,1,0,0,0,0,0,0,1,8,5,-1,-1,-1,-1,-1,-1,20,40,45,70,85,30,75,75,35,10.7,4.7,5.4,2.7,/clubs/orlando-city-sc-17,teams/usa-orlando-city-sc.png,Orlando City,/clubs/dc-united-13401,teams/usa-dc-united.png,DC United,1.52,1.35,0.9,0.8,1.14,0.91,80,60,55,30,15,55,50,40,1.25,1.13,2.38,/usa/orlando-city-sc-vs-dc-united-h2h-stats#7295547,10977,34,True,True,True,True,True,False,False,"['19', '23', '42', '74', '85']",[]
MLS,2024,10977,7295548,16,4,2024,complete,106200,0,-1,[],[],0,0,0,4,3,7,2,2,1,1,0,0,6,5,8,8,14,13,8,9,53,47,45125.0,12.0,1313.0,,,1,1,2.51,3.8,2.54,1.02,1.13,1.54,2.33,3.75,19.25,4.85,2.3,1.61,1.21,1.5,2.5,4.0,1.2,4.33,1.18,1.52,1.27,1.53,3.0,2.4,3.0,2.63,2.75,2.75,0,0,1.3,1.5,1.84,2.32,3.0,3.15,2.33,1.84,1.52,1.32,1.95,6.25,1.95,1.8,18.75,2.0,5.25,5.5,1.29,2.25,5.5,15.0,3.5,1.57,1.14,1.03,1.14,1.73,3.4,8.0,5.5,2.0,1.3,1.08,0,0,0,0,0,0,0,0,0,0,0,1720308600,-1,0,72,19,34,0,-1,2,1,1,1,3,2,2,5,0,1,1,0,1,1,1,38,38,76,95,1.58,1.45,3.03,0,0,0,0,0,0,1,1,0,0,1,0,0,0,1,4,4,-1,-1,-1,-1,-1,-1,19,38,72,86,91,33,81,91,58,12.6,4.15,4.07,3.19,/clubs/philadelphia-union-16,teams/usa-philadelphia-union.png,Philadelphia Union,/clubs/new-york-red-bulls-4,teams/usa-new-york-red-bulls.png,New York RB,1.0,1.33,0.6,1.18,0.95,1.67,81,62,29,14,10,82,63,58,1.59,1.21,2.8,/usa/new-york-red-bulls-vs-philadelphia-union-h2h-stats#7295548,10977,34,False,False,False,False,False,False,False,[],[]
MLS,2024,10977,7295549,698284,2,2024,complete,106200,0,-1,"['45+7', '69']",['5'],2,1,3,5,5,10,2,2,1,0,0,0,4,4,1,7,5,11,5,7,46,54,13841.0,2339.0,27505.0,,,1,0,2.43,3.48,2.84,1.05,1.28,1.8,3.25,6.25,9.5,3.5,1.8,1.33,1.11,1.7,2.05,3.2,1.3,3.55,1.25,1.42,1.25,1.55,3.1,2.2,3.4,2.62,2.45,3.0,0,0,1.37,1.61,1.98,2.5,3.3,2.8,2.15,1.72,1.46,1.27,1.77,6.4,2.15,1.93,9.5,2.1,4.2,5.0,1.4,2.75,8.0,21.0,2.75,1.4,1.08,1.02,1.2,2.0,4.2,10.0,3.95,1.73,1.18,1.02,0,0,0,0,3,1,1,1,0,1,2,1720317300,698284,0,52,11,36,0,-1,2,1,4,1,1,4,5,5,1,0,0,0,1,0,1,38,55,75,110,0.88,1.38,2.26,0,0,0,0,0,0,1,1,0,1,1,1,0,0,1,16,19,-1,-1,-1,-1,-1,-1,16,26,41,73,100,27,79,79,36,8.91,2.5,5.67,2.65,/clubs/austin-fc-698284,teams/usa-austin-fc.png,Austin,/clubs/new-york-city-fc-2,teams/usa-new-york-city-fc.png,New York City,1.53,0.95,1.8,1.11,1.29,1.67,85,75,59,27,0,68,52,41,1.12,1.01,2.13,/usa/new-york-city-fc-vs-austin-fc-h2h-stats#7295549,10977,34,True,True,True,False,False,False,True,"['45+7', '69']",['5']
MLS,2024,10977,7295550,14,1016,2024,complete,106200,0,-1,"['1', '59', '68', '78', '84']","['31', '80']",5,2,7,5,5,10,1,1,1,2,0,0,6,4,5,9,11,13,11,8,63,37,69.0,8.0,40413.0,,,1,2,1.73,4.05,4.44,1.04,1.18,1.69,2.55,4.65,15.5,4.05,2.19,1.44,1.14,1.75,2.0,2.25,1.57,5.75,1.1,1.13,1.21,2.53,2.05,2.38,6.0,1.8,2.83,5.0,0,0,1.34,1.58,1.94,2.43,3.15,2.9,2.2,1.76,1.48,1.29,1.35,6.75,3.3,1.36,15.0,3.25,2.7,10.0,1.33,2.5,6.0,17.0,3.25,1.5,1.13,1.03,1.18,1.83,3.75,10.0,4.5,1.83,1.25,1.06,0,0,0,0,7,1,1,4,1,5,2,1720315800,14,0,50,15,25,0,-1,2,1,2,2,3,3,4,6,0,0,1,2,0,3,1,24,41,101,73,1.3,1.39,2.7,0,0,0,0,0,0,1,1,1,0,2,0,0,0,1,25,15,-1,-1,-1,-1,-1,-1,15,25,40,65,90,30,70,75,30,11.4,2.9,4.2,2.55,/clubs/real-salt-lake-14,teams/usa-real-salt-lake.png,Real Salt Lake,/clubs/atlanta-united-fc-1016,teams/usa-atlanta-united-fc.png,Atlanta United FC,2.06,1.05,2.2,1.0,1.9,1.14,85,75,60,35,10,70,50,45,1.62,1.34,2.96,/usa/real-salt-lake-vs-atlanta-united-fc-h2h-stats#7295550,10977,36,True,True,True,True,True,True,True,"['1', '59', '68', '78', '84']","['31', '80']"
MLS,2024,10977,7295551,18,11,2024,complete,106200,0,-1,"['15', '81']",[],2,0,2,9,8,17,1,0,1,2,0,0,7,4,5,4,12,8,5,7,54,46,13967.0,25.0,13.0,,,1,2,1.72,3.95,4.62,1.05,1.25,1.83,2.95,5.5,9.5,3.75,1.85,1.38,1.14,1.8,1.95,2.3,1.55,5.25,1.12,1.14,1.22,2.25,2.2,2.3,5.5,1.91,2.6,4.75,0,0,1.34,1.58,1.96,2.48,3.2,2.9,2.18,1.74,1.47,1.28,1.41,6.75,3.05,1.4,9.5,3.1,2.85,9.0,1.33,2.63,6.5,19.0,3.25,1.44,1.11,1.02,1.2,1.91,4.0,11.0,4.33,1.8,1.22,1.05,0,0,0,0,2,1,0,1,0,1,1,1720319400,18,0,57,7,35,0,-1,2,1,3,6,6,2,9,8,0,1,1,1,1,2,1,51,32,93,85,1.62,1.03,2.64,0,0,0,0,0,0,1,1,0,0,2,0,0,0,1,12,17,-1,-1,-1,1,0,1,23,29,47,78,90,18,57,90,57,12.2,1.7,5.25,2.72,/clubs/seattle-sounders-fc-18,teams/usa-seattle-sounders-fc.png,Seattle Sounders,/clubs/new-england-revolution-11,teams/usa-new-england-revolution.png,New England Revolution,1.78,0.71,1.7,1.13,1.33,1.16,78,72,54,23,10,73,52,35,1.47,1.2,2.67,/usa/new-england-revolution-vs-seattle-sounders-fc-h2h-stats#7295551,10977,34,True,True,False,False,False,False,False,"['15', '81']",[]
MLS,2024,10977,7295552,15,7,2024,complete,106200,0,-1,['49'],[],1,0,1,7,5,12,3,2,2,3,0,0,3,2,7,9,10,11,7,11,44,56,13851.0,428.0,21081.0,,,2,3,2.0,3.9,3.1,1.03,1.18,1.55,2.18,4.2,11.0,4.75,2.3,1.61,1.22,1.48,2.45,3.55,1.25,4.75,1.15,1.35,1.22,1.7,2.55,2.3,3.45,2.35,2.7,3.1,0,0,1.29,1.5,1.82,2.28,2.9,3.15,2.35,1.86,1.54,1.34,1.74,6.25,2.18,1.77,11.0,2.15,4.2,6.5,1.28,2.3,5.0,10.5,3.3,1.55,1.13,1.03,1.14,1.73,3.2,8.0,5.0,2.0,1.3,1.05,0,0,0,0,1,0,0,1,0,1,0,1720398600,15,0,70,15,45,0,-1,2,1,4,1,3,4,5,7,0,2,2,1,2,3,1,45,54,89,108,1.17,1.23,2.4,0,0,0,0,0,0,1,1,0,0,0,0,0,0,1,24,19,-1,-1,-1,-1,-1,-1,20,40,70,90,95,30,75,85,75,9.5,2.4,4.2,3.25,/clubs/san-jose-earthquakes-15,teams/usa-san-jose-earthquakes.png,SJ Earthquakes,/clubs/chicago-fire-7,teams/usa-chicago-fire.png,Chicago Fire,0.76,0.65,0.7,0.7,0.52,1.0,80,60,30,10,5,65,55,45,1.44,1.07,2.51,/usa/chicago-fire-vs-san-jose-earthquakes-h2h-stats#7295552,10977,34,True,False,False,False,False,False,False,['49'],[]
MLS,2024,10977,7295553,6,6490,2024,complete,106200,0,-1,[],[],0,0,0,6,5,11,2,1,4,3,0,0,3,2,7,5,10,7,11,12,65,35,5016.0,20.0,39588.0,,,4,3,2.15,3.7,3.15,1.05,1.25,1.62,2.9,4.8,9.5,3.75,2.23,1.4,1.14,1.62,2.2,3.8,1.22,3.3,1.28,1.55,1.25,1.4,3.4,2.2,3.0,3.0,2.5,2.6,0,0,1.37,1.63,2.0,2.55,3.4,2.8,2.12,1.71,1.44,1.26,2.05,6.1,1.85,2.2,9.5,1.73,5.5,4.5,1.36,2.63,7.0,19.0,3.0,1.44,1.1,1.02,1.2,1.91,4.0,10.0,4.33,1.8,1.22,1.06,0,0,0,0,0,0,0,0,0,0,0,1725755400,-1,0,57,13,26,0,-1,2,1,1,2,5,3,3,8,1,1,3,2,2,5,1,55,35,123,63,1.25,0.84,2.09,0,0,0,0,0,0,1,1,0,0,0,2,0,0,1,7,14,-1,-1,-1,1,6,7,5,27,49,75,96,31,70,83,39,11.51,3.81,4.55,2.5,/clubs/houston-dynamo-6,teams/usa-houston-dynamo.png,Houston Dynamo,/clubs/los-angeles-fc-6490,teams/usa-los-angeles-fc.png,Los Angeles FC,1.61,1.5,1.42,1.55,1.54,1.88,96,74,52,26,4,70,58,44,1.6,1.34,2.94,/usa/houston-dynamo-vs-los-angeles-fc-h2h-stats#7295553,10977,36,False,False,False,False,False,False,False,[],[]
MLS,2024,10977,7295554,8,13,2024,complete,106200,0,-1,"['11', '23', '82']","['30', '65']",3,2,5,7,0,7,0,4,2,1,1,0,6,5,12,7,18,12,18,9,54,46,14001.0,18.0,21189.0,,,3,1,1.87,3.75,3.6,1.03,1.18,1.5,2.18,4.2,18.0,4.75,2.4,1.61,1.22,1.5,2.5,3.2,1.3,5.25,1.12,1.25,1.22,1.85,2.4,2.4,4.0,2.1,2.7,3.6,0,0,1.33,1.57,1.92,2.43,3.15,2.95,2.23,1.77,1.48,1.29,1.58,6.25,2.48,1.67,15.0,2.4,4.0,8.0,1.29,2.2,5.0,15.0,3.5,1.62,1.17,1.03,1.14,1.67,3.25,7.0,5.5,2.1,1.33,1.1,0,0,0,0,5,2,1,1,1,2,3,1720398600,8,0,86,33,48,0,-1,2,1,2,0,5,0,2,5,1,0,2,1,1,3,1,52,25,124,78,1.94,1.29,3.23,0,0,0,0,0,0,1,1,0,0,0,0,0,0,1,14,10,-1,-1,-1,1,1,0,28,38,71,90,95,42,80,86,62,8.88,3.67,4.66,3.4,/clubs/sporting-kansas-city-8,teams/usa-sporting-kansas-city.png,Sporting KC,/clubs/fc-dallas-13,teams/usa-fc-dallas.png,FC Dallas,1.29,0.53,1.09,0.3,0.77,1.1,73,63,29,10,5,53,43,19,1.38,0.91,2.29,/usa/sporting-kansas-city-vs-fc-dallas-h2h-stats#7295554,10977,34,True,True,True,True,True,False,True,"['11', '23', '82']","['30', '65']"
MLS,2024,10977,7295555,12,945555,2024,complete,106200,0,-1,"['6', '35', '81', '90']",['12'],4,1,5,3,7,10,2,1,0,1,0,0,5,3,6,5,11,8,6,11,54,46,36.0,11435.0,424.0,,,0,1,1.8,3.8,3.75,1.04,1.2,1.55,2.12,4.2,10.0,4.5,2.3,1.64,1.22,1.57,2.25,2.8,1.38,5.75,1.1,1.18,1.2,2.1,2.25,2.4,4.5,1.95,2.75,4.0,0,0,1.33,1.56,1.9,2.4,3.15,2.95,2.23,1.78,1.49,1.3,1.52,6.4,2.65,1.44,10.0,2.75,3.4,8.5,1.29,2.25,5.5,15.0,3.5,1.57,1.14,1.03,1.17,1.8,3.5,8.0,5.0,1.91,1.29,1.08,0,0,0,0,5,2,1,2,0,2,3,1720402200,12,0,74,37,59,0,-1,2,1,0,7,3,0,7,3,0,0,0,1,0,1,1,52,44,111,73,1.43,1.04,2.47,0,0,0,0,0,0,1,1,1,0,0,1,0,0,1,25,28,-1,-1,-1,1,1,1,42,59,69,85,95,42,80,90,69,12.0,2.86,3.46,3.82,/clubs/colorado-rapids-12,teams/usa-colorado-rapids.png,Colorado Rapids,/clubs/st-louis-city-sc-945555,teams/usa-st-louis-city-sc.png,St. Louis City,1.83,0.65,2.0,0.56,1.55,1.05,58,41,31,16,6,64,53,47,1.53,1.32,2.85,/usa/colorado-rapids-vs-st-louis-city-sc-h2h-stats#7295555,10977,34,True,True,True,True,True,False,True,"['6', '35', '81', '90']",['12']
MLS,2024,10977,7295556,10,1015,2024,complete,106200,0,-1,"['25', '90']",['73'],2,1,3,3,6,9,1,4,2,1,0,0,4,7,5,6,9,13,4,13,62,38,84.0,2.0,25056.0,,,2,1,1.65,4.2,4.2,1.02,1.17,1.45,2.28,3.75,19.5,5.0,2.55,1.56,1.25,1.44,2.63,3.0,1.33,6.25,1.09,1.18,1.2,2.1,2.1,2.35,4.5,1.95,2.8,3.95,0,0,1.19,1.33,1.55,1.86,2.32,4.1,2.95,2.28,1.82,1.52,1.57,6.75,2.43,1.57,15.0,2.62,3.7,9.5,1.25,2.1,4.5,13.0,3.75,1.67,1.18,1.04,1.12,1.62,2.88,6.0,5.25,2.15,1.36,1.09,0,0,0,0,3,1,0,1,1,2,1,1720405800,10,0,70,40,40,0,-1,2,1,3,3,0,3,6,3,2,0,0,1,2,1,1,57,59,122,91,1.27,1.74,3.01,0,0,0,0,0,0,1,1,0,0,0,0,0,0,1,18,9,-1,-1,-1,-1,-1,-1,35,45,70,95,100,50,90,95,65,10.7,3.1,4.4,3.85,/clubs/la-galaxy-10,teams/usa-la-galaxy.png,LA Galaxy,/clubs/minnesota-united-fc-1015,teams/usa-minnesota-united-fc.png,Minnesota United,2.57,1.47,2.1,1.3,1.82,1.38,65,55,30,5,0,75,55,50,1.55,1.13,2.68,/usa/la-galaxy-vs-minnesota-united-fc-h2h-stats#7295556,10977,37,True,True,True,False,False,False,True,"['25', '90']",['73']
MLS,2024,10977,7295557,20,677447,2024,complete,106200,0,-1,"['18', '21', '24', '29']",['82'],4,1,5,3,3,6,1,3,0,1,0,1,8,3,7,5,15,8,10,11,53,47,13889.0,28121.0,52571.0,,,0,3,1.8,3.6,3.9,1.04,1.22,1.65,2.6,4.75,10.0,4.2,2.1,1.48,1.18,1.57,2.25,3.2,1.3,4.5,1.17,1.28,1.25,1.77,2.75,2.25,3.75,2.25,2.6,3.4,0,0,1.3,1.53,1.88,2.35,3.05,3.05,2.3,1.81,1.5,1.3,1.67,6.25,2.32,1.75,10.0,2.35,4.0,7.0,1.33,2.5,6.5,17.0,3.25,1.5,1.11,1.03,1.17,1.77,3.4,8.0,4.5,1.95,1.28,1.05,0,0,0,0,5,4,0,0,1,1,4,1720405800,20,0,62,26,26,0,-1,2,1,1,1,2,2,2,4,0,1,0,1,1,1,1,16,16,54,50,1.62,0.83,2.45,0,0,0,0,0,0,1,1,0,0,1,0,0,0,1,15,12,-1,-1,-1,-1,-1,-1,21,46,62,84,89,52,73,79,47,8.34,2.99,3.14,3.06,/clubs/portland-timbers-20,teams/usa-portland-timbers.png,Portland Timbers,/clubs/nashville-sc-mls-677447,teams/usa-nashville-sc-mls.png,Nashville SC,1.88,0.88,1.8,1.0,1.36,1.24,80,54,39,17,11,58,53,37,1.53,0.84,2.37,/usa/portland-timbers-vs-nashville-sc-mls-h2h-stats#7295557,10977,34,True,True,True,True,True,False,True,"['18', '21', '24', '29']",['82']
MLS,2024,10977,7295558,8043,711351,2024,complete,106200,0,-1,['45+1'],"['20', '22', '66']",1,3,4,5,2,7,3,3,2,5,1,0,7,6,9,6,16,12,9,11,48,52,5016.0,40182.0,404.0,,,4,5,1.53,3.85,4.57,1.03,1.2,1.61,2.25,4.75,15.0,4.5,2.15,1.58,1.19,1.67,2.1,2.65,1.42,5.5,1.11,1.2,1.2,2.2,2.25,2.38,4.75,1.95,2.8,4.33,0,0,1.26,1.45,1.8,2.2,2.9,3.6,2.6,1.91,1.62,1.38,1.52,7.0,3.4,1.44,10.0,2.75,3.2,8.5,1.3,2.5,6.0,17.0,3.4,1.5,1.13,1.03,1.18,1.83,3.75,9.0,4.5,1.83,1.25,1.07,0,0,0,0,4,1,2,0,1,1,3,1720913400,711351,0,53,34,24,0,-1,2,1,1,1,4,1,2,5,0,2,3,3,2,6,1,10,6,18,17,1.56,1.21,2.77,1,0,0,0,1,0,1,1,0,0,0,0,0,1,1,1,4,-1,-1,-1,-1,-1,-1,14,24,48,62,91,43,67,62,33,10.98,3.86,4.44,2.56,/clubs/fc-cincinnati-8043,teams/usa-fc-cincinnati.png,FC Cincinnati,/clubs/charlotte-fc-711351,teams/usa-charlotte-fc.png,Charlotte,1.47,1.05,1.82,1.0,2.18,1.45,86,77,53,38,9,81,62,43,1.44,1.15,2.59,/usa/fc-cincinnati-vs-charlotte-fc-h2h-stats#7295558,10977,37,True,True,True,True,False,False,True,['45+1'],"['20', '22', '66']"
MLS,2024,10977,7295559,13401,677447,2024,complete,106200,0,-1,"['50', '55']",['19'],2,1,3,6,3,9,3,1,1,1,0,0,7,3,7,4,14,7,12,12,54,46,45125.0,13006.0,52571.0,,,1,1,2.37,2.95,2.71,1.03,1.22,1.64,2.8,5.0,15.0,4.33,2.12,1.45,1.18,1.62,2.2,3.0,1.33,4.75,1.15,1.28,1.22,1.92,2.5,2.3,4.0,2.2,2.65,3.6,0,0,1.26,1.45,1.85,2.2,2.9,3.6,2.6,1.83,1.62,1.38,1.61,6.9,3.05,1.57,10.0,2.5,3.8,7.0,1.33,2.5,6.0,17.0,3.25,1.5,1.13,1.03,1.18,1.83,3.75,9.0,4.5,1.83,1.25,1.07,0,0,0,0,3,0,1,2,0,2,1,1720913400,13401,0,62,26,22,0,-1,2,1,4,2,2,1,6,3,0,0,1,1,0,2,1,58,18,118,58,1.8,0.79,2.59,0,0,0,0,0,0,1,1,0,0,1,0,0,0,1,2,3,-1,-1,-1,-1,-1,-1,27,49,58,77,90,45,72,81,44,10.73,4.08,4.85,2.99,/clubs/dc-united-13401,teams/usa-dc-united.png,DC United,/clubs/nashville-sc-mls-677447,teams/usa-nashville-sc-mls.png,Nashville SC,1.0,0.88,1.0,0.9,0.87,1.18,74,52,43,24,10,71,59,44,1.44,0.84,2.28,/usa/dc-united-vs-nashville-sc-mls-h2h-stats#7295559,10977,34,True,True,True,False,False,False,True,"['50', '55']",['19']
MLS,2024,10977,7295560,1,1016,2024,complete,106200,0,-1,['51'],[],1,0,1,4,7,11,4,0,3,1,0,1,7,0,5,2,12,2,10,11,64,36,15.0,44644.0,40413.0,,,3,2,2.28,3.19,2.64,1.03,1.19,1.55,2.4,4.33,17.0,4.75,2.24,1.49,1.22,1.5,2.5,4.0,1.2,4.2,1.18,1.52,1.24,1.53,3.0,2.38,3.1,2.63,2.7,2.75,0,0,1.3,1.53,1.85,2.4,3.1,3.3,2.4,1.85,1.53,1.33,1.92,6.5,2.35,1.8,10.0,2.0,5.5,5.5,1.29,2.38,5.5,15.0,3.5,1.53,1.14,1.03,1.14,1.73,3.4,8.0,5.5,2.0,1.3,1.08,0,0,0,0,1,0,0,1,0,1,0,1720913400,1,0,68,30,24,0,-1,2,1,2,0,2,7,2,9,0,1,3,1,1,4,1,41,29,95,71,1.55,0.35,1.9,0,0,0,0,0,0,1,1,0,0,0,0,0,0,1,2,2,-1,-1,-1,-1,-1,-1,20,39,49,72,86,39,77,77,39,8.5,2.51,3.95,2.84,/clubs/montreal-impact-1,teams/canada-montreal-impact.png,Montreal Impact,/clubs/atlanta-united-fc-1016,teams/usa-atlanta-united-fc.png,Atlanta United FC,1.67,1.05,1.4,0.91,1.05,1.09,81,61,52,28,15,66,52,38,1.15,1.34,2.49,/usa/montreal-impact-vs-atlanta-united-fc-h2h-stats#7295560,10977,35,True,False,False,False,False,False,False,['51'],[]
MLS,2024,10977,7295561,11,17,2024,complete,106200,0,-1,['23'],"['51', '58', '81']",1,3,4,3,4,7,1,2,1,2,0,0,4,7,4,5,8,12,9,7,48,52,65601.0,13.0,21031.0,,,1,2,2.19,3.38,2.65,1.03,1.22,1.58,2.7,5.0,15.0,4.33,2.18,1.47,1.18,1.53,2.38,3.55,1.25,4.33,1.18,1.42,1.25,1.65,2.88,2.3,3.25,2.6,2.65,2.88,0,0,1.28,1.52,1.95,2.3,3.0,3.4,2.45,1.75,1.57,1.35,1.98,6.5,2.25,1.73,10.0,2.1,4.5,6.0,1.3,2.5,6.0,17.0,3.4,1.5,1.13,1.03,1.17,1.8,3.5,9.0,5.0,1.91,1.29,1.07,0,0,0,0,4,1,0,0,3,3,1,1720913400,17,0,60,36,27,0,-1,2,1,2,1,1,3,3,4,0,0,1,2,0,3,1,33,60,112,107,1.04,1.69,2.73,0,0,0,0,0,0,1,1,0,0,0,1,0,0,1,2,4,-1,-1,-1,-1,-1,-1,32,41,60,73,100,50,82,78,46,10.91,3.82,3.27,3.14,/clubs/new-england-revolution-11,teams/usa-new-england-revolution.png,New England Revolution,/clubs/orlando-city-sc-17,teams/usa-orlando-city-sc.png,Orlando City,1.12,1.56,1.18,1.36,1.1,1.23,69,59,41,27,0,69,60,41,1.25,1.24,2.49,/usa/new-england-revolution-vs-orlando-city-sc-h2h-stats#7295561,10977,34,True,True,True,True,False,False,True,['23'],"['51', '58', '81']"
MLS,2024,10977,7295562,19,16,2024,complete,106200,0,-1,"['74', '78']",['39'],2,1,3,0,3,3,2,5,0,1,0,0,3,3,7,8,10,11,8,12,62,38,3.0,10856.0,12.0,,,0,1,1.9,3.48,3.16,1.03,1.2,1.58,2.3,4.75,15.0,4.5,2.18,1.54,1.19,1.57,2.25,3.35,1.28,4.5,1.17,1.36,1.24,1.75,2.63,2.38,3.6,2.3,2.7,3.2,0,0,1.28,1.52,1.77,2.3,3.0,3.4,2.45,1.95,1.57,1.35,1.9,6.5,2.4,1.62,15.5,2.25,4.2,6.5,1.3,2.38,6.0,17.0,3.4,1.53,1.13,1.03,1.17,1.8,3.5,9.0,5.0,1.91,1.29,1.07,0,0,0,0,3,0,1,2,0,2,1,1720913400,19,0,78,27,45,0,-1,2,1,0,1,0,2,1,2,0,0,0,1,0,1,1,51,44,114,75,1.22,1.22,2.44,0,0,0,0,0,0,1,1,0,0,0,0,0,0,1,6,2,-1,-1,-1,-1,-1,-1,32,60,78,87,96,36,78,91,69,8.64,4.09,4.91,3.87,/clubs/toronto-fc-19,teams/canada-toronto-fc.png,Toronto,/clubs/philadelphia-union-16,teams/usa-philadelphia-union.png,Philadelphia Union,1.24,1.18,1.36,1.27,1.04,0.95,69,41,23,14,5,73,55,32,1.35,1.11,2.46,/usa/philadelphia-union-vs-toronto-fc-h2h-stats#7295562,10977,34,True,True,True,False,False,False,True,"['74', '78']",['39']
MLS,2024,10977,7295563,698284,18,2024,complete,106200,0,-1,[],['63'],0,1,1,7,3,10,1,1,1,1,1,0,4,6,5,2,9,8,15,6,57,43,57.0,2339.0,25.0,,,2,1,2.09,3.37,2.82,1.02,1.25,1.85,3.0,6.2,9.5,3.6,1.83,1.33,1.08,1.7,2.05,3.4,1.28,3.3,1.28,1.47,1.32,1.37,3.1,2.2,3.25,2.75,2.55,2.88,0,0,1.17,1.36,1.63,2.05,2.5,4.15,3.0,2.3,1.7,1.5,2.15,7.0,2.05,1.83,9.5,2.1,4.75,4.5,1.36,2.75,8.0,21.0,3.0,1.4,1.08,1.02,1.22,2.0,4.33,11.0,4.0,1.73,1.2,1.05,0,0,0,0,1,0,0,0,1,1,0,1720917000,18,0,73,23,41,0,-1,2,1,1,2,6,1,3,7,0,1,2,0,1,2,1,61,35,102,81,1.3,1.19,2.48,0,0,0,0,0,0,1,1,0,0,1,0,0,0,1,25,14,-1,-1,-1,-1,-1,-1,18,32,69,87,96,41,82,82,50,9.46,2.1,4.73,3.09,/clubs/austin-fc-698284,teams/usa-austin-fc.png,Austin,/clubs/seattle-sounders-fc-18,teams/usa-seattle-sounders-fc.png,Seattle Sounders,1.53,1.5,1.91,1.0,1.36,1.41,82,69,32,14,5,73,69,37,1.1,1.1,2.2,/usa/seattle-sounders-fc-vs-austin-fc-h2h-stats#7295563,10977,34,True,False,False,False,False,False,False,[],['63']
MLS,2024,10977,7295564,7,2,2024,complete,106200,0,-1,[],[],0,0,0,6,4,10,1,2,4,2,0,0,1,1,8,7,9,8,13,10,51,49,13812.0,21081.0,27505.0,,,4,2,2.45,3.18,2.45,1.03,1.22,1.63,2.7,5.0,15.0,4.33,2.15,1.48,1.18,1.53,2.38,3.7,1.22,4.0,1.2,1.45,1.25,1.6,2.88,2.3,3.25,2.6,2.65,2.88,0,0,1.28,1.48,1.77,2.25,3.0,3.5,2.55,1.95,1.6,1.36,1.7,6.5,2.8,1.73,10.0,2.1,4.75,5.75,1.3,2.5,6.0,17.0,3.4,1.5,1.13,1.03,1.17,1.8,3.5,9.0,5.0,1.91,1.29,1.07,0,0,0,0,0,0,0,0,0,0,0,1720917000,-1,0,52,28,23,0,-1,2,1,2,1,4,3,3,7,2,1,2,1,3,3,1,34,44,101,90,0.9,0.9,1.8,0,0,0,0,0,0,1,1,0,0,0,0,0,0,1,17,27,-1,-1,-1,1,1,0,14,23,47,67,96,43,77,81,23,9.93,2.92,4.49,2.64,/clubs/chicago-fire-7,teams/usa-chicago-fire.png,Chicago Fire,/clubs/new-york-city-fc-2,teams/usa-new-york-city-fc.png,New York City,1.12,0.95,1.27,1.0,0.95,1.59,86,77,53,34,5,71,61,38,1.34,1.04,2.38,/usa/new-york-city-fc-vs-chicago-fire-h2h-stats#7295564,10977,34,False,False,False,False,False,False,False,[],[]
MLS,2024,10977,7295565,13,10,2024,complete,106200,0,-1,"['28', '55']",[],2,0,2,6,2,8,2,1,0,0,0,0,5,1,7,5,12,6,11,8,36,64,13851.0,52424.0,2.0,,,0,0,2.81,3.17,2.18,1.02,1.18,1.58,2.25,4.2,17.0,5.0,2.2,1.57,1.24,1.5,2.5,4.2,1.18,4.0,1.2,1.55,1.24,1.5,3.1,2.38,2.88,2.75,2.75,2.6,0,0,1.26,1.45,1.85,2.2,2.9,3.6,2.6,1.85,1.62,1.38,1.98,6.5,2.25,2.05,10.0,1.8,5.75,5.25,1.29,2.25,5.5,15.0,3.5,1.57,1.14,1.03,1.14,1.73,3.4,8.0,5.5,2.0,1.3,1.08,0,0,0,0,2,1,0,1,0,1,1,1720917000,13,0,61,27,35,0,-1,2,-1,5,1,1,1,6,2,0,0,0,0,0,0,1,35,48,70,129,1.36,0.82,2.18,0,0,0,0,0,0,1,1,0,0,2,0,-1,-1,1,11,13,-1,-1,-1,-1,-1,-1,18,39,66,79,87,39,66,75,48,10.23,2.69,3.76,3.06,/clubs/fc-dallas-13,teams/usa-fc-dallas.png,FC Dallas,/clubs/la-galaxy-10,teams/usa-la-galaxy.png,LA Galaxy,1.88,1.39,1.82,1.58,1.05,1.87,83,61,35,22,13,52,47,34,1.37,1.26,2.63,/usa/la-galaxy-vs-fc-dallas-h2h-stats#7295565,10977,34,True,True,False,False,False,False,False,"['28', '55']",[]
MLS,2024,10977,7295566,6,1015,2024,complete,106200,0,-1,['82'],['70'],1,1,2,8,4,12,4,1,2,1,0,0,6,2,8,2,14,4,11,11,68,32,13889.0,20.0,25056.0,,,2,1,1.75,3.47,3.7,1.03,1.2,1.67,2.27,4.75,15.0,4.5,2.07,1.56,1.19,1.67,2.1,2.65,1.42,5.5,1.11,1.19,1.2,2.25,2.2,2.4,4.75,1.91,2.8,4.33,0,0,1.14,1.3,1.7,2.05,2.46,4.6,3.08,2.05,1.7,1.48,1.54,7.3,3.26,1.44,10.0,2.88,3.2,8.5,1.3,2.5,6.0,17.0,3.4,1.5,1.13,1.03,1.17,1.83,3.75,9.0,5.0,1.83,1.25,1.07,0,0,0,0,2,0,0,1,1,2,0,1720920420,-1,0,62,23,33,0,-1,2,1,2,1,6,3,3,9,1,0,1,1,1,2,1,80,27,151,58,1.89,0.59,2.49,0,0,0,0,0,0,1,1,0,0,0,1,0,0,1,20,14,-1,-1,-1,1,0,1,18,28,57,80,95,28,81,85,57,10.64,4.0,4.19,2.96,/clubs/houston-dynamo-6,teams/usa-houston-dynamo.png,Houston Dynamo,/clubs/minnesota-united-fc-1015,teams/usa-minnesota-united-fc.png,Minnesota United,1.61,1.47,1.6,1.18,1.43,1.32,82,72,44,20,5,71,47,47,1.58,1.19,2.77,/usa/houston-dynamo-vs-minnesota-united-fc-h2h-stats#7295566,10977,36,True,True,False,False,False,False,True,['82'],['70']
MLS,2024,10977,7295567,945555,5,2024,complete,106200,0,-1,['27'],"['9', '44', '63', '90+2']",1,4,5,5,5,10,2,2,3,3,0,0,3,9,4,4,7,13,10,10,47,53,84.0,424.0,41087.0,,,3,3,2.18,3.17,2.81,1.02,1.18,1.56,2.3,4.2,17.0,5.0,2.23,1.54,1.24,1.5,2.5,3.4,1.28,5.0,1.14,1.35,1.24,1.78,2.6,2.4,3.6,2.25,2.75,3.25,0,0,1.24,1.42,1.75,2.1,2.75,3.75,2.75,1.95,1.68,1.42,1.45,7.5,3.6,1.62,10.0,2.3,4.33,7.0,1.29,2.25,5.5,15.0,3.5,1.57,1.14,1.03,1.14,1.73,3.4,8.0,5.5,2.0,1.3,1.08,0,0,0,0,5,1,2,0,2,2,3,1720917000,5,0,50,17,21,0,-1,2,1,1,5,4,0,6,4,1,1,2,2,2,4,1,61,24,102,72,1.1,1.63,2.73,0,0,0,0,0,0,1,1,0,1,0,1,0,0,1,22,18,-1,-1,-1,1,1,0,4,21,38,84,92,30,63,75,38,10.42,3.25,5.17,2.38,/clubs/st-louis-city-sc-945555,teams/usa-st-louis-city-sc.png,St. Louis City,/clubs/vancouver-whitecaps-fc-5,teams/canada-vancouver-whitecaps-fc.png,Vancouver Whitecaps,1.53,1.32,1.42,1.5,1.0,1.52,96,79,63,17,9,63,59,42,1.62,1.05,2.67,/usa/vancouver-whitecaps-fc-vs-st-louis-city-sc-h2h-stats#7295567,10977,34,True,True,True,True,True,False,True,['27'],"['9', '44', '63', '90+2']"
MLS,2024,10977,7295568,12,4,2024,complete,106200,0,-1,['64'],['45+1'],1,1,2,1,3,4,2,0,1,2,0,0,4,7,10,6,14,13,6,13,59,41,13841.0,11435.0,1313.0,,,1,2,2.14,3.37,2.73,1.03,1.24,1.74,2.85,5.0,13.0,4.2,1.96,1.44,1.17,1.62,2.2,3.2,1.3,4.33,1.18,1.35,1.25,1.75,2.75,2.3,3.6,2.38,2.6,3.25,0,0,1.28,1.52,1.85,2.3,3.0,3.4,2.45,1.85,1.57,1.35,1.65,6.8,2.94,1.67,10.0,2.3,4.2,6.25,1.33,2.5,6.5,19.0,3.25,1.5,1.11,1.02,1.18,1.83,3.75,10.0,4.5,1.83,1.25,1.06,0,0,0,0,2,0,1,1,0,1,1,1720920600,-1,0,70,31,35,0,-1,2,1,0,2,1,1,2,2,0,0,1,2,0,3,1,59,34,88,73,1.59,1.56,3.14,0,0,0,0,0,0,1,1,0,0,0,1,0,0,1,33,10,-1,-1,-1,-1,-1,-1,31,39,66,79,92,39,74,87,53,10.56,3.85,2.99,3.23,/clubs/colorado-rapids-12,teams/usa-colorado-rapids.png,Colorado Rapids,/clubs/new-york-red-bulls-4,teams/usa-new-york-red-bulls.png,New York RB,1.83,1.33,2.09,1.17,1.61,1.64,69,61,35,22,9,61,53,44,1.52,1.23,2.75,/usa/new-york-red-bulls-vs-colorado-rapids-h2h-stats#7295568,10977,36,True,True,False,False,False,False,True,['64'],['45+1']
MLS,2024,10977,7295569,6490,9,2024,complete,106200,0,-1,['85'],"['38', '56', '60', '84', '89']",1,5,6,7,6,13,1,2,3,0,2,1,5,8,7,7,12,15,18,6,37,63,19912.0,39588.0,39282.0,,,6,2,1.68,3.52,4.01,1.02,1.18,1.52,2.32,4.33,19.0,5.0,2.32,1.52,1.22,1.53,2.38,3.2,1.3,5.5,1.11,1.26,1.22,1.96,2.5,2.4,3.75,2.25,2.8,3.25,0,0,1.19,1.39,1.8,2.12,2.75,3.98,2.76,1.91,1.64,1.37,1.57,7.0,3.18,1.62,15.0,2.3,3.85,8.0,1.29,2.25,5.5,15.0,3.5,1.57,1.14,1.03,1.14,1.73,3.4,8.0,5.5,2.0,1.3,1.08,0,0,0,0,6,0,1,1,4,5,1,1720924200,9,0,58,29,33,0,-1,2,1,3,3,4,3,6,7,1,0,4,1,1,5,1,32,57,68,129,1.34,1.93,3.27,0,0,0,0,0,0,1,1,0,0,0,1,0,0,1,16,14,-1,-1,-1,1,1,0,24,43,67,86,91,43,76,81,58,9.65,3.04,3.43,3.28,/clubs/los-angeles-fc-6490,teams/usa-los-angeles-fc.png,Los Angeles FC,/clubs/columbus-crew-9,teams/usa-columbus-crew.png,Columbus Crew,2.15,1.83,2.64,1.8,2.05,1.95,77,57,34,14,10,56,56,42,1.92,1.24,3.16,/usa/columbus-crew-vs-los-angeles-fc-h2h-stats#7295569,10977,36,True,True,True,True,True,True,True,['85'],"['38', '56', '60', '84', '89']"
MLS,2024,10977,7295570,20,14,2024,complete,106200,0,-1,"['2', '48', '90']",[],3,0,3,6,2,8,1,2,4,5,0,0,7,3,7,7,14,10,11,21,42,58,13893.0,28121.0,8.0,,,4,5,2.05,3.36,2.91,1.02,1.12,1.54,2.23,3.5,19.0,5.1,2.26,1.57,1.24,1.44,2.63,3.85,1.22,4.75,1.15,1.42,1.22,1.68,2.75,2.5,3.25,2.4,2.8,2.88,0,0,1.28,1.48,1.77,2.25,3.0,3.5,2.55,1.95,1.6,1.36,1.98,6.5,2.25,1.67,21.0,2.1,4.75,6.5,1.25,2.2,5.0,13.0,3.75,1.62,1.17,1.04,1.13,1.67,3.0,6.5,6.0,2.1,1.36,1.11,0,0,0,0,3,1,0,2,0,2,1,1720923900,20,0,82,23,41,0,-1,2,1,0,2,6,0,2,6,3,3,1,2,6,3,1,40,41,94,117,1.67,1.15,2.82,0,0,0,0,0,0,1,1,1,0,0,1,2,0,1,11,17,-1,-1,-1,-1,-1,-1,27,55,73,96,96,50,82,91,60,9.55,3.0,3.19,3.64,/clubs/portland-timbers-20,teams/usa-portland-timbers.png,Portland Timbers,/clubs/real-salt-lake-14,teams/usa-real-salt-lake.png,Real Salt Lake,1.88,1.33,1.91,1.64,1.43,1.95,73,46,27,5,5,69,59,50,1.54,1.44,2.98,/usa/real-salt-lake-vs-portland-timbers-h2h-stats#7295570,10977,35,True,True,True,False,False,False,False,"['2', '48', '90']",[]
MLS,2024,10977,7295571,15,8,2024,complete,106200,0,-1,['83'],"['48', '57']",1,2,3,8,7,15,2,1,2,1,0,0,1,4,10,9,11,13,7,12,50,50,,12956.0,18.0,,,2,1,2.0,3.5,2.91,1.02,1.18,1.56,2.23,4.33,19.0,5.0,2.24,1.56,1.22,1.5,2.5,3.45,1.25,5.0,1.14,1.33,1.22,1.83,2.6,2.4,3.6,2.25,2.75,3.25,0,0,1.16,1.4,1.75,1.91,2.42,4.4,2.8,1.95,1.85,1.55,1.68,7.0,2.75,1.62,10.0,2.3,4.2,7.0,1.29,2.25,5.5,15.0,3.5,1.57,1.14,1.03,1.14,1.73,3.4,8.0,5.5,2.0,1.3,1.08,0,0,0,0,3,0,0,1,2,3,0,1720924200,8,0,64,14,55,0,-1,2,1,2,5,6,2,7,8,1,1,1,0,2,1,1,40,54,93,113,1.06,1.5,2.56,0,0,0,0,0,0,1,1,0,0,0,0,0,0,1,21,9,-1,-1,-1,-1,-1,-1,18,41,69,82,96,27,55,87,73,9.72,3.09,3.82,3.14,/clubs/san-jose-earthquakes-15,teams/usa-san-jose-earthquakes.png,SJ Earthquakes,/clubs/sporting-kansas-city-8,teams/usa-sporting-kansas-city.png,Sporting KC,0.76,0.53,0.91,0.45,0.64,0.87,82,60,32,18,5,73,50,46,1.42,1.04,2.46,/usa/sporting-kansas-city-vs-san-jose-earthquakes-h2h-stats#7295571,10977,34,True,True,True,False,False,False,True,['83'],"['48', '57']"
MLS,2024,10977,7295572,1016,2,2024,complete,106200,0,-1,"['1', '38']","['65', '82']",2,2,4,7,5,12,2,2,3,1,0,0,9,5,5,3,14,8,16,7,40,60,19912.0,40413.0,27505.0,,,3,1,2.3,3.65,2.85,1.03,1.24,1.59,2.25,5.0,15.0,4.2,2.28,1.58,1.17,1.5,2.5,3.7,1.22,3.75,1.22,1.52,1.25,1.53,2.75,2.4,3.25,2.5,2.6,2.88,0,0,1.36,1.6,1.98,2.55,3.3,2.85,2.17,1.72,1.44,1.27,1.9,6.1,1.98,1.67,10.0,2.1,5.0,5.0,1.29,2.25,5.5,15.0,3.5,1.57,1.14,1.03,1.14,1.73,3.4,7.0,5.5,2.0,1.3,1.1,0,0,0,0,4,2,0,0,2,2,2,1721259000,-1,0,55,23,41,0,-1,2,1,4,3,3,2,7,5,0,0,3,1,0,4,1,32,5,27,25,1.73,0.89,2.62,0,1,0,1,0,0,1,1,1,0,1,1,0,0,1,2,2,-1,-1,-1,-1,-1,-1,18,27,55,73,96,32,69,82,46,10.18,2.82,4.63,2.68,/clubs/atlanta-united-fc-1016,teams/usa-atlanta-united-fc.png,Atlanta United FC,/clubs/new-york-city-fc-2,teams/usa-new-york-city-fc.png,New York City,1.39,0.95,1.27,1.0,1.04,1.57,82,73,46,27,5,64,55,37,1.49,1.03,2.52,/usa/new-york-city-fc-vs-atlanta-united-fc-h2h-stats#7295572,10977,38,True,True,True,True,False,False,True,"['1', '38']","['65', '82']"
MLS,2024,10977,7295573,8043,7,2024,complete,106200,0,-1,[],['69'],0,1,1,8,4,12,0,1,1,3,1,0,7,8,3,6,10,14,8,18,63,37,45125.0,40182.0,21081.0,,,2,3,1.6,4.2,5.0,1.02,1.19,1.57,2.25,4.5,19.0,4.75,2.25,1.57,1.2,1.7,2.05,2.1,1.65,7.0,1.06,1.08,1.14,3.0,2.05,2.5,5.5,1.8,3.0,4.75,0,0,1.3,1.53,1.87,2.33,3.05,3.05,2.3,1.82,1.5,1.32,1.43,6.75,2.95,1.36,11.0,3.1,2.4,12.0,1.29,2.25,5.5,15.0,3.5,1.57,1.14,1.03,1.17,1.8,3.5,8.0,5.0,1.91,1.29,1.08,0,0,0,0,1,0,0,0,1,1,0,1721259000,7,0,66,26,31,0,-1,2,1,3,3,4,1,6,5,0,1,2,2,1,4,1,75,26,126,76,1.67,1.63,3.31,0,0,0,0,0,0,1,1,0,0,0,2,0,0,1,4,6,-1,-1,-1,-1,-1,-1,18,35,61,75,87,39,74,75,49,9.53,4.06,4.01,2.96,/clubs/fc-cincinnati-8043,teams/usa-fc-cincinnati.png,FC Cincinnati,/clubs/chicago-fire-7,teams/usa-chicago-fire.png,Chicago Fire,1.47,0.65,1.67,0.64,2.09,0.96,83,66,39,26,13,64,52,39,1.45,1.08,2.53,/usa/chicago-fire-vs-fc-cincinnati-h2h-stats#7295573,10977,34,True,False,False,False,False,False,False,[],['69']
MLS,2024,10977,7295574,9,711351,2024,complete,106200,0,-1,['31'],['83'],1,1,2,9,1,10,2,1,1,2,0,0,8,6,5,4,13,10,2,4,69,31,13864.0,39282.0,404.0,,,1,2,1.5,4.4,6.0,1.03,1.2,1.53,2.17,4.75,17.0,4.5,2.4,1.61,1.19,1.8,1.95,2.3,1.55,6.5,1.08,1.12,1.17,2.65,2.0,2.4,6.0,1.73,2.9,5.5,0,0,1.34,1.58,1.95,2.48,3.2,2.9,2.2,1.75,1.47,1.28,1.38,6.75,3.05,1.33,10.0,3.5,2.65,10.0,1.3,2.5,6.0,17.0,3.4,1.5,1.13,1.03,1.18,1.83,3.75,9.0,4.5,1.83,1.25,1.07,0,0,0,0,2,1,0,0,1,1,1,1721259000,-1,0,48,23,29,0,-1,2,1,3,0,6,1,3,7,0,0,1,2,0,3,1,69,34,105,49,1.88,1.29,3.17,0,0,0,0,0,0,1,1,0,0,0,0,0,0,1,4,1,-1,-1,-1,-1,-1,-1,5,29,53,72,95,28,62,72,49,10.15,4.14,4.1,2.53,/clubs/columbus-crew-9,teams/usa-columbus-crew.png,Columbus Crew,/clubs/charlotte-fc-711351,teams/usa-charlotte-fc.png,Charlotte,1.89,1.05,2.1,1.18,2.0,1.52,96,72,48,28,5,52,33,24,1.51,1.16,2.67,/usa/columbus-crew-vs-charlotte-fc-h2h-stats#7295574,10977,36,True,True,False,False,False,False,True,['31'],['83']
MLS,2024,10977,7295575,677446,19,2024,complete,106200,0,-1,"['43', '53', '59']",['79'],3,1,4,2,5,7,3,1,2,1,0,0,5,4,4,3,9,7,19,11,47,53,57.0,647.0,10856.0,,,2,1,1.8,3.9,3.95,1.03,1.2,1.54,2.22,4.75,15.0,4.5,2.38,1.58,1.19,1.62,2.2,2.8,1.38,5.25,1.12,1.22,1.2,2.15,2.3,2.38,4.33,2.05,2.75,4.0,0,0,1.34,1.58,1.95,2.48,3.2,2.9,2.2,1.75,1.47,1.28,1.52,6.4,2.65,1.5,10.0,2.63,3.4,8.0,1.3,2.38,6.0,17.0,3.4,1.53,1.13,1.03,1.17,1.8,3.5,9.0,5.0,1.91,1.29,1.07,0,0,0,0,4,1,0,2,1,3,1,1721259000,677446,0,58,22,31,0,-1,2,1,0,2,2,3,2,5,0,0,2,1,0,3,1,35,47,85,103,1.18,1.07,2.25,0,0,0,0,0,0,1,1,0,0,0,0,0,0,1,2,0,-1,-1,-1,-1,-1,-1,22,49,70,83,92,35,83,79,61,7.8,4.53,6.02,3.34,/clubs/club-internacional-de-futbol-miami-677446,teams/usa-club-internacional-de-futbol-miami.png,Inter Miami,/clubs/toronto-fc-19,teams/canada-toronto-fc.png,Toronto,2.11,0.94,1.91,0.75,2.04,1.13,78,52,30,17,9,65,47,26,1.45,0.92,2.37,/usa/toronto-fc-vs-club-internacional-de-futbol-miami-h2h-stats#7295575,10977,34,True,True,True,True,False,False,True,"['43', '53', '59']",['79']
MLS,2024,10977,7295576,4,1,2024,complete,106200,0,-1,"['18', '75']","['67', '81']",2,2,4,4,3,7,2,2,0,1,1,0,7,3,8,4,15,7,9,11,37,63,,1313.0,,,,2,1,1.45,4.6,6.5,1.04,1.2,1.58,2.35,4.7,18.0,5.0,2.29,1.52,1.23,1.75,2.0,2.3,1.55,7.0,1.07,1.12,1.19,3.1,2.0,2.5,6.0,1.73,3.02,5.0,0,0,1.28,1.53,1.78,2.36,2.85,3.3,2.54,1.91,1.59,1.36,1.3,7.0,3.45,1.33,17.25,3.25,2.62,12.0,1.3,2.38,6.0,17.0,3.4,1.53,1.13,1.03,1.17,1.83,3.75,9.0,5.0,1.83,1.25,1.07,0,0,0,0,4,1,0,1,2,3,1,1721259000,-1,0,54,19,40,0,-1,2,1,1,1,3,2,2,5,0,1,1,0,1,1,1,23,29,58,78,1.6,0.87,2.47,0,1,0,1,0,0,1,1,0,0,0,0,0,0,1,16,12,-1,-1,-1,-1,-1,-1,30,49,64,73,82,35,73,77,54,8.58,2.58,4.28,3.14,/clubs/new-york-red-bulls-4,teams/usa-new-york-red-bulls.png,New York RB,/clubs/montreal-impact-1,teams/canada-montreal-impact.png,Montreal Impact,1.61,0.82,2.2,0.75,1.61,1.13,70,51,37,28,19,64,44,21,1.53,0.89,2.42,/usa/montreal-impact-vs-new-york-red-bulls-h2h-stats#7295576,10977,35,True,True,True,True,False,False,True,"['18', '75']","['67', '81']"
MLS,2024,10977,7295577,16,11,2024,complete,106200,0,-1,"['29', '39', '44', '52', '84']",['50'],5,1,6,4,3,7,2,1,0,1,0,0,8,1,6,3,14,4,10,6,49,51,69.0,12.0,13.0,,,0,1,1.65,4.0,4.6,1.02,1.18,1.55,2.35,4.33,19.0,5.0,2.36,1.52,1.22,1.57,2.25,3.1,1.33,5.25,1.12,1.25,1.2,2.05,2.3,2.4,4.33,2.05,2.85,3.75,0,0,1.32,1.55,1.9,2.4,3.05,3.05,2.25,1.79,1.5,1.3,1.54,6.4,2.55,1.5,10.0,2.6,3.8,7.5,1.29,2.25,5.5,15.0,3.5,1.57,1.14,1.03,1.14,1.73,3.4,8.0,5.5,2.0,1.3,1.08,0,0,0,0,6,3,0,2,1,3,3,1721259000,16,0,60,10,40,0,-1,2,1,3,3,1,0,6,1,0,0,0,1,0,1,1,27,22,56,86,1.63,0.5,2.13,0,0,0,0,0,0,1,1,0,0,0,0,0,0,1,4,3,-1,-1,-1,-1,-1,-1,20,35,60,80,91,25,70,91,60,12.6,3.44,4.4,2.91,/clubs/philadelphia-union-16,teams/usa-philadelphia-union.png,Philadelphia Union,/clubs/new-england-revolution-11,teams/usa-new-england-revolution.png,New England Revolution,1.0,0.71,0.64,1.0,0.91,1.05,80,66,40,20,9,85,66,60,1.59,1.18,2.77,/usa/new-england-revolution-vs-philadelphia-union-h2h-stats#7295577,10977,34,True,True,True,True,True,True,True,"['29', '39', '44', '52', '84']",['50']
MLS,2024,10977,7295578,13,698284,2024,complete,106200,0,-1,"['10', '56', '74']",['16'],3,1,4,1,5,6,1,4,5,2,0,1,6,4,2,4,8,8,16,12,45,55,7.0,52424.0,2339.0,,,5,4,2.0,3.6,3.45,1.03,1.22,1.77,2.8,5.0,15.0,4.33,1.98,1.45,1.18,1.62,2.2,3.2,1.3,4.5,1.17,1.33,1.24,1.78,2.63,2.3,3.75,2.3,2.65,3.25,0,0,1.37,1.63,2.0,2.55,3.4,2.8,2.12,1.71,1.44,1.26,1.7,6.25,2.3,1.62,10.0,2.3,4.0,6.5,1.33,2.5,6.5,17.0,3.25,1.5,1.11,1.03,1.18,1.83,3.75,9.0,4.5,1.83,1.25,1.07,0,0,0,0,4,1,1,2,0,2,2,1721262600,13,0,43,21,26,0,-1,2,1,0,1,1,3,1,4,0,0,5,3,0,8,1,23,60,48,121,1.09,1.23,2.32,1,0,1,0,0,0,1,1,1,0,0,1,0,0,1,20,12,-1,-1,-1,-1,-1,-1,17,21,38,69,87,26,70,74,30,7.38,3.33,4.09,2.54,/clubs/fc-dallas-13,teams/usa-fc-dallas.png,FC Dallas,/clubs/austin-fc-698284,teams/usa-austin-fc.png,Austin,1.88,0.94,1.92,0.82,1.13,1.3,83,79,62,31,13,39,30,18,1.37,0.72,2.09,/usa/fc-dallas-vs-austin-fc-h2h-stats#7295578,10977,34,True,True,True,True,False,False,True,"['10', '56', '74']",['16']
MLS,2024,10977,7295579,1015,13401,2024,complete,106200,0,-1,"['32', '80']","['14', '90', '90+1']",2,3,5,6,5,11,0,1,1,1,0,0,3,4,1,1,4,5,20,13,46,54,52041.0,25056.0,13006.0,,,1,1,1.83,3.95,3.7,1.02,1.16,1.45,2.0,4.0,21.0,5.5,2.62,1.72,1.26,1.5,2.5,3.2,1.3,5.75,1.1,1.26,1.2,2.0,2.38,2.5,4.0,2.05,2.9,3.6,0,0,1.29,1.5,1.82,2.3,2.95,3.15,2.38,1.86,1.54,1.33,1.56,6.4,2.55,1.53,11.0,2.5,3.75,8.5,1.25,2.2,5.0,15.0,3.75,1.62,1.17,1.03,1.14,1.67,3.25,7.0,5.5,2.1,1.33,1.1,0,0,0,0,5,1,1,1,2,3,2,1721262600,13401,0,69,32,32,0,-1,2,1,2,4,4,1,6,5,0,0,1,1,0,2,1,24,44,67,111,0.65,0.93,1.58,0,0,0,0,0,0,1,1,0,0,1,1,0,0,1,24,16,-1,-1,-1,1,1,0,14,41,55,82,96,36,82,78,41,9.64,3.27,5.82,2.91,/clubs/minnesota-united-fc-1015,teams/usa-minnesota-united-fc.png,Minnesota United,/clubs/dc-united-13401,teams/usa-dc-united.png,DC United,1.44,1.35,1.45,0.73,1.3,0.96,87,59,45,18,5,64,55,46,1.52,1.07,2.59,/usa/minnesota-united-fc-vs-dc-united-h2h-stats#7295579,10977,34,True,True,True,True,True,False,True,"['32', '80']","['14', '90', '90+1']"
MLS,2024,10977,7295580,677447,17,2024,complete,106200,0,-1,[],"['19', '41', '81']",0,3,3,6,1,7,1,2,3,2,0,0,1,5,7,4,8,9,12,11,47,53,84.0,48648.0,29408.0,,,3,2,2.7,3.45,2.5,1.04,1.28,1.82,3.1,6.0,13.0,3.75,1.92,1.38,1.14,1.62,2.2,3.25,1.3,3.9,1.22,1.42,1.25,1.63,2.88,2.25,3.5,2.5,2.55,3.0,0,0,1.4,1.66,2.08,2.65,3.45,2.7,2.06,1.65,1.41,1.25,1.8,6.1,2.1,1.73,9.5,2.2,4.2,5.5,1.33,2.63,6.5,19.0,3.25,1.44,1.11,1.02,1.2,1.91,4.0,10.0,4.33,1.8,1.22,1.06,0,0,0,0,3,0,2,0,1,1,2,1721262600,17,0,71,25,34,0,-1,2,1,3,0,3,1,3,4,2,1,1,1,3,2,1,28,34,94,85,0.79,1.17,1.96,0,0,0,0,0,0,1,1,0,0,1,0,0,0,1,20,17,-1,-1,-1,1,0,1,21,42,63,83,96,42,84,79,50,10.92,3.84,3.08,3.09,/clubs/nashville-sc-mls-677447,teams/usa-nashville-sc-mls.png,Nashville SC,/clubs/orlando-city-sc-17,teams/usa-orlando-city-sc.png,Orlando City,1.24,1.56,1.42,1.5,1.13,1.3,80,59,38,17,4,63,54,46,1.14,1.27,2.41,/usa/orlando-city-sc-vs-nashville-sc-mls-h2h-stats#7295580,10977,34,True,True,True,False,False,False,False,[],"['19', '41', '81']"
MLS,2024,10977,7295581,10,12,2024,complete,106200,0,-1,"['12', '37', '42']","['31', '45+10']",3,2,5,5,5,10,4,3,1,4,0,0,8,9,5,3,13,12,11,8,54,46,13967.0,2.0,11435.0,,,1,4,1.95,4.0,3.3,1.01,1.16,1.39,1.9,4.0,21.0,5.5,2.86,1.8,1.26,1.4,2.75,3.1,1.33,5.75,1.1,1.24,1.2,2.1,2.3,2.6,3.75,2.05,2.9,3.6,0,0,1.27,1.47,1.77,2.23,2.8,3.3,2.43,1.92,1.57,1.36,1.58,6.4,2.48,1.5,11.0,2.5,3.55,9.0,1.22,2.0,4.33,11.0,4.0,1.73,1.2,1.05,1.11,1.57,2.75,6.0,6.5,2.25,1.4,1.13,0,0,0,0,5,3,2,0,0,0,5,1721269800,10,0,75,27,44,0,-1,2,1,3,4,2,1,7,3,0,1,1,3,1,4,1,40,54,115,108,1.68,1.78,3.46,0,1,0,0,0,1,1,1,0,0,0,0,0,1,1,13,21,-1,-1,-1,-1,-1,-1,22,39,78,96,100,40,92,96,66,9.58,3.27,4.1,3.66,/clubs/la-galaxy-10,teams/usa-la-galaxy.png,LA Galaxy,/clubs/colorado-rapids-12,teams/usa-colorado-rapids.png,Colorado Rapids,2.57,0.94,2.18,1.17,1.79,1.58,78,61,22,5,0,61,43,26,1.53,1.25,2.78,/usa/la-galaxy-vs-colorado-rapids-h2h-stats#7295581,10977,36,True,True,True,True,True,False,True,"['12', '37', '42']","['31', '45+10']"
MLS,2024,10977,7295582,6490,14,2024,complete,106200,0,-1,['5'],['33'],1,1,2,6,5,11,2,2,2,5,0,0,5,2,4,10,9,12,12,18,44,56,5016.0,39588.0,8.0,,,2,5,1.5,4.6,5.5,1.01,1.16,1.55,2.05,4.0,21.0,5.5,2.3,1.68,1.26,1.57,2.25,2.75,1.4,6.5,1.08,1.17,1.15,2.35,2.05,2.5,5.0,1.83,2.9,4.5,0,0,1.3,1.52,1.84,2.32,2.95,3.15,2.33,1.84,1.53,1.33,1.49,6.4,2.7,1.4,12.0,2.88,3.0,10.0,1.25,2.2,5.0,13.0,3.75,1.62,1.17,1.04,1.14,1.67,3.25,7.0,5.5,2.1,1.33,1.1,0,0,0,0,2,1,1,0,0,0,2,1721270700,-1,0,59,13,42,0,-1,2,1,6,2,0,3,8,3,1,1,1,4,2,5,1,37,52,67,106,1.19,1.28,2.47,0,0,0,0,0,0,1,1,1,0,2,0,0,1,1,17,16,-1,-1,-1,1,1,0,25,38,67,88,92,34,79,88,63,11.08,3.5,4.0,3.38,/clubs/los-angeles-fc-6490,teams/usa-los-angeles-fc.png,Los Angeles FC,/clubs/real-salt-lake-14,teams/usa-real-salt-lake.png,Real Salt Lake,2.15,1.33,2.42,1.5,1.95,1.87,75,63,34,13,8,84,80,63,1.87,1.42,3.29,/usa/real-salt-lake-vs-los-angeles-fc-h2h-stats#7295582,10977,36,True,True,False,False,False,False,True,['5'],['33']
MLS,2024,10977,7295583,15,6,2024,complete,106200,0,-1,[],['86'],0,1,1,5,7,12,0,4,0,1,0,0,0,6,7,10,7,16,16,16,36,64,14001.0,428.0,20.0,,,0,1,2.8,3.55,2.3,1.02,1.19,1.63,2.5,4.5,17.0,4.75,2.2,1.53,1.2,1.57,2.25,4.75,1.15,3.3,1.28,1.83,1.22,1.33,3.4,2.3,2.88,3.0,2.7,2.5,0,0,1.33,1.57,1.94,2.43,3.15,2.95,2.2,1.76,1.48,1.29,2.07,6.1,1.83,2.1,11.0,1.73,6.5,4.0,1.3,2.5,6.0,17.0,3.4,1.5,1.13,1.03,1.18,1.83,3.75,9.0,4.5,1.83,1.25,1.07,0,0,0,0,1,0,0,0,1,1,0,1721269800,6,0,66,22,53,0,-1,2,1,1,4,4,3,5,7,0,1,0,0,1,0,1,12,26,53,50,0.53,1.61,2.14,0,0,0,0,0,0,1,1,0,0,0,1,0,0,1,25,25,-1,-1,-1,-1,-1,-1,18,35,70,83,100,31,66,96,74,10.33,3.53,4.35,3.09,/clubs/san-jose-earthquakes-15,teams/usa-san-jose-earthquakes.png,SJ Earthquakes,/clubs/houston-dynamo-6,teams/usa-houston-dynamo.png,Houston Dynamo,0.76,1.5,0.83,1.27,0.61,1.41,83,66,30,18,0,92,78,60,1.39,1.11,2.5,/usa/houston-dynamo-vs-san-jose-earthquakes-h2h-stats#7295583,10977,34,True,False,False,False,False,False,False,[],['86']
MLS,2024,10977,7295584,18,945555,2024,complete,106200,0,-1,"['27', '49']",[],2,0,2,9,5,14,2,4,1,2,0,0,7,3,4,7,11,10,9,14,69,31,,25.0,424.0,,,1,2,1.63,4.0,4.8,1.03,1.22,1.63,2.8,5.0,15.0,4.33,2.19,1.45,1.18,1.7,2.05,2.65,1.42,5.25,1.12,1.2,1.2,2.15,2.2,2.38,4.75,1.95,2.75,4.33,0,0,1.35,1.61,1.98,2.5,3.3,2.9,2.15,1.72,1.46,1.27,1.5,6.4,2.65,1.44,10.0,2.88,3.25,8.0,1.33,2.5,6.5,17.0,3.25,1.5,1.11,1.03,1.18,1.83,3.75,10.0,4.5,1.83,1.25,1.06,0,0,0,0,2,1,0,1,0,1,1,1721269800,18,0,63,25,39,0,-1,2,1,5,4,4,1,9,5,0,2,1,0,2,1,1,42,38,118,63,1.5,1.11,2.62,0,0,0,0,0,0,1,1,0,0,2,0,0,1,1,25,15,-1,-1,-1,-1,-1,-1,34,49,54,86,86,30,73,86,63,13.46,1.33,4.76,3.34,/clubs/seattle-sounders-fc-18,teams/usa-seattle-sounders-fc.png,Seattle Sounders,/clubs/st-louis-city-sc-945555,teams/usa-st-louis-city-sc.png,St. Louis City,1.78,0.65,1.82,0.5,1.48,0.96,66,51,47,14,14,72,53,34,1.48,1.3,2.78,/usa/seattle-sounders-fc-vs-st-louis-city-sc-h2h-stats#7295584,10977,34,True,True,False,False,False,False,False,"['27', '49']",[]
MLS,2024,10977,7295585,5,8,2024,complete,106200,0,-1,"['34', '76']",['69'],2,1,3,4,6,10,2,0,0,1,0,0,5,8,9,9,14,17,10,8,54,46,42.0,47234.0,18.0,,,0,1,1.7,4.0,4.3,1.02,1.19,1.58,2.27,4.33,19.0,4.75,2.29,1.56,1.22,1.67,2.1,2.65,1.42,6.25,1.09,1.16,1.19,2.4,2.3,2.38,4.5,2.0,2.9,4.0,0,0,1.33,1.56,1.92,2.43,3.15,2.95,2.23,1.77,1.48,1.3,1.5,6.4,2.65,1.5,11.0,2.63,3.0,9.5,1.3,2.5,6.0,17.0,3.4,1.5,1.13,1.03,1.17,1.83,3.75,9.0,5.0,1.83,1.25,1.07,0,0,0,0,3,1,0,1,1,2,1,1721269800,5,0,77,20,62,0,-1,2,1,4,1,0,5,5,5,0,0,0,1,0,1,1,56,43,91,69,1.64,1.94,3.57,0,0,0,0,0,0,1,1,0,0,1,0,0,0,1,15,17,-1,-1,-1,-1,-1,-1,20,43,77,86,91,35,55,81,77,7.86,3.33,3.67,3.31,/clubs/vancouver-whitecaps-fc-5,teams/canada-vancouver-whitecaps-fc.png,Vancouver Whitecaps,/clubs/sporting-kansas-city-8,teams/usa-sporting-kansas-city.png,Sporting KC,1.47,0.53,1.56,0.67,1.59,0.96,81,57,24,14,10,57,41,24,1.42,1.07,2.49,/usa/vancouver-whitecaps-fc-vs-sporting-kansas-city-h2h-stats#7295585,10977,34,True,True,True,False,False,False,True,"['34', '76']",['69']
MLS,2024,10977,7295586,5,6,2024,complete,106200,0,-1,"['48', '54', '66']","['29', '36', '78', '87']",3,4,7,4,1,5,0,2,2,3,0,0,6,7,6,5,12,12,7,16,37,63,24.0,41087.0,20.0,,,2,3,1.95,3.4,3.5,1.01,1.15,1.44,2.05,3.75,21.0,5.5,2.6,1.65,1.28,1.4,2.75,3.65,1.25,5.5,1.11,1.33,1.22,1.83,2.5,2.5,3.75,2.2,2.85,3.4,0,0,1.26,1.46,1.75,2.17,2.8,3.4,2.5,1.95,1.6,1.37,1.61,6.4,2.4,1.57,17.0,2.3,4.5,8.0,1.25,2.1,5.0,13.0,3.75,1.67,1.17,1.04,1.13,1.62,3.0,6.5,6.0,2.2,1.36,1.11,0,0,0,0,7,0,2,3,2,5,2,1721529000,6,0,74,27,55,0,-1,2,1,2,1,2,0,3,2,1,1,1,2,2,3,1,48,59,81,107,1.52,1.68,3.2,0,0,0,0,0,0,1,1,0,0,0,0,0,0,1,17,19,-1,-1,-1,-1,-1,-1,19,37,74,83,95,37,69,90,74,8.27,3.98,3.97,3.16,/clubs/vancouver-whitecaps-fc-5,teams/canada-vancouver-whitecaps-fc.png,Vancouver Whitecaps,/clubs/houston-dynamo-6,teams/usa-houston-dynamo.png,Houston Dynamo,1.47,1.5,1.7,1.42,1.65,1.48,82,64,27,18,5,76,68,35,1.44,1.15,2.59,/usa/vancouver-whitecaps-fc-vs-houston-dynamo-h2h-stats#7295586,10977,36,True,True,True,True,True,True,True,"['48', '54', '66']","['29', '36', '78', '87']"
MLS,2024,10977,7295587,1016,9,2024,complete,106200,0,-1,"['60', '76']",['36'],2,1,3,9,7,16,2,1,2,1,0,0,7,3,5,13,12,16,9,8,31,69,13812.0,40413.0,39282.0,,,2,1,2.6,3.65,2.35,1.01,1.12,1.5,2.15,3.58,21.0,5.0,2.4,1.57,1.23,1.44,2.63,4.5,1.17,4.2,1.18,1.6,1.22,1.5,3.1,2.4,2.88,2.75,2.8,2.6,0,0,1.3,1.5,1.84,2.32,2.95,3.15,2.33,1.84,1.52,1.33,2.02,6.1,1.88,2.05,19.0,1.73,6.0,5.25,1.25,2.25,5.5,15.0,3.75,1.57,1.14,1.03,1.14,1.67,3.25,7.0,5.5,2.1,1.33,1.1,0,0,0,0,3,0,1,2,0,2,1,1721518200,1016,0,74,31,52,0,-1,2,1,4,4,5,3,8,8,1,1,1,0,2,1,1,1,3,7,10,1.24,1.23,2.47,0,0,0,0,0,0,1,1,0,0,1,0,0,0,1,0,2,-1,-1,-1,-1,-1,-1,26,53,74,92,96,35,70,91,74,9.53,3.12,4.06,3.48,/clubs/atlanta-united-fc-1016,teams/usa-atlanta-united-fc.png,Atlanta United FC,/clubs/columbus-crew-9,teams/usa-columbus-crew.png,Columbus Crew,1.39,1.83,1.25,1.91,1.04,1.95,74,48,27,9,5,47,47,43,1.51,1.3,2.81,/usa/columbus-crew-vs-atlanta-united-fc-h2h-stats#7295587,10977,36,True,True,True,False,False,False,True,"['60', '76']",['36']
MLS,2024,10977,7295588,677446,7,2024,complete,106200,0,-1,"['6', '75']",['73'],2,1,3,7,4,11,2,1,2,1,0,0,9,5,7,4,16,9,9,10,49,51,42.0,647.0,21081.0,,,2,1,1.5,4.6,4.75,1.01,1.12,1.4,1.95,3.4,29.0,6.5,2.75,1.7,1.33,1.5,2.5,2.95,1.35,7.5,1.04,1.16,1.15,2.6,2.0,2.63,4.75,1.8,3.1,4.5,0,0,1.27,1.47,1.76,2.18,2.8,3.3,2.48,1.94,1.58,1.37,1.47,6.5,2.8,1.36,29.0,3.0,3.2,11.0,1.22,2.0,4.33,11.0,4.0,1.73,1.2,1.05,1.13,1.62,2.75,6.0,6.0,2.2,1.4,1.13,0,0,0,0,3,1,0,1,1,2,1,1721518200,677446,0,71,25,42,0,-1,2,1,4,2,3,2,6,5,1,0,1,1,1,2,1,49,41,86,95,1.99,1.22,3.21,0,0,0,0,0,0,1,1,1,0,1,1,0,0,1,0,3,-1,-1,-1,-1,-1,-1,25,50,67,84,96,34,80,83,58,7.83,4.08,4.5,3.42,/clubs/club-internacional-de-futbol-miami-677446,teams/usa-club-internacional-de-futbol-miami.png,Inter Miami,/clubs/chicago-fire-7,teams/usa-chicago-fire.png,Chicago Fire,2.11,0.65,2.0,0.83,2.08,1.04,75,50,34,17,4,50,38,29,1.43,1.13,2.56,/usa/chicago-fire-vs-club-internacional-de-futbol-miami-h2h-stats#7295588,10977,34,True,True,True,False,False,False,True,"['6', '75']",['73']
MLS,2024,10977,7295589,1,19,2024,complete,106200,0,-1,[],['38'],0,1,1,4,1,5,2,1,1,3,0,0,1,3,8,3,9,6,14,16,55,45,7.0,44644.0,10856.0,,,1,3,1.9,3.85,3.4,1.02,1.16,1.65,2.15,4.0,21.0,5.5,2.1,1.6,1.26,1.5,2.5,3.45,1.25,5.5,1.11,1.28,1.22,1.96,2.4,2.4,3.75,2.2,2.85,3.4,0,0,1.35,1.6,1.96,2.5,3.2,2.9,2.17,1.73,1.46,1.28,1.58,6.1,2.48,1.57,19.0,2.38,4.0,8.5,1.25,2.2,5.0,15.0,3.75,1.62,1.17,1.03,1.14,1.67,3.25,7.0,5.5,2.1,1.33,1.1,0,0,0,0,1,0,1,0,0,0,1,1721518200,19,0,60,27,21,0,-1,2,1,1,1,3,0,2,3,1,0,0,3,1,3,1,48,36,112,75,1.0,0.86,1.85,0,0,0,0,0,0,1,1,0,0,0,1,0,0,1,6,4,-1,-1,-1,-1,-1,-1,18,47,67,75,84,39,75,80,57,6.93,3.82,6.09,2.98,/clubs/montreal-impact-1,teams/canada-montreal-impact.png,Montreal Impact,/clubs/toronto-fc-19,teams/canada-toronto-fc.png,Toronto,1.67,0.94,1.55,0.69,1.13,1.08,83,54,34,25,17,62,45,25,1.18,0.93,2.11,/usa/montreal-impact-vs-toronto-fc-h2h-stats#7295589,10977,34,True,False,False,False,False,False,False,[],['38']
MLS,2024,10977,7295590,11,13,2024,complete,106200,0,-1,['65'],['90+5'],1,1,2,8,4,12,2,0,5,2,0,0,2,2,6,5,8,7,16,15,53,47,84.0,13.0,52424.0,,,5,2,1.91,3.65,3.4,1.02,1.18,1.5,2.2,4.2,19.0,5.0,2.4,1.55,1.24,1.5,2.5,3.45,1.25,5.0,1.13,1.32,1.22,1.87,2.5,2.4,3.75,2.2,2.8,3.4,0,0,1.32,1.54,1.9,2.4,3.05,3.05,2.28,1.79,1.49,1.3,1.65,6.4,2.33,1.57,11.0,2.38,4.0,7.0,1.29,2.25,5.5,15.0,3.5,1.57,1.14,1.03,1.14,1.73,3.4,8.0,5.5,2.0,1.3,1.08,0,0,0,0,2,0,0,1,1,2,0,1721518200,-1,0,70,30,32,0,-1,2,1,7,2,1,2,9,3,2,1,3,1,3,4,1,43,29,87,52,0.96,0.79,1.76,0,1,0,1,0,0,1,1,0,0,3,1,0,0,1,6,7,-1,-1,-1,-1,-1,-1,22,35,61,75,96,35,70,79,53,7.53,4.38,3.93,2.92,/clubs/new-england-revolution-11,teams/usa-new-england-revolution.png,New England Revolution,/clubs/fc-dallas-13,teams/usa-fc-dallas.png,FC Dallas,1.12,0.53,1.08,0.27,1.0,1.21,79,66,39,26,5,53,48,26,1.24,0.94,2.18,/usa/new-england-revolution-vs-fc-dallas-h2h-stats#7295590,10977,34,True,True,False,False,False,False,True,['65'],['90+5']
MLS,2024,10977,7295591,4,8043,2024,complete,106200,0,-1,"['7', '52', '59']",['67'],3,1,4,2,5,7,3,4,1,2,0,0,9,2,5,1,14,3,17,14,35,65,15.0,1313.0,40182.0,,,1,2,1.95,3.5,3.4,1.03,1.18,1.6,2.4,4.33,12.0,4.33,2.2,1.5,1.18,1.57,2.25,3.2,1.3,4.75,1.15,1.33,1.29,1.78,2.6,2.3,3.75,2.25,2.6,3.4,0,0,1.32,1.55,1.9,2.4,3.1,3.05,2.25,1.79,1.49,1.3,1.68,6.4,2.3,1.62,13.0,2.38,4.0,7.0,1.3,2.5,6.0,17.0,3.4,1.5,1.13,1.03,1.17,1.8,3.5,9.0,5.0,1.91,1.29,1.07,0,0,0,0,4,1,0,2,1,3,1,1721518200,4,0,69,18,55,0,-1,2,1,2,2,0,3,4,3,0,0,1,2,0,3,1,39,41,96,98,1.8,0.64,2.44,0,0,0,0,0,0,1,1,1,0,0,0,0,0,1,4,6,-1,-1,-1,-1,-1,-1,18,36,69,78,91,18,59,82,64,8.82,4.37,5.0,3.09,/clubs/new-york-red-bulls-4,teams/usa-new-york-red-bulls.png,New York RB,/clubs/fc-cincinnati-8043,teams/usa-fc-cincinnati.png,FC Cincinnati,1.61,1.94,2.09,2.55,1.58,2.0,82,64,32,23,9,50,32,14,1.54,1.22,2.76,/usa/new-york-red-bulls-vs-fc-cincinnati-h2h-stats#7295591,10977,37,True,True,True,True,False,False,True,"['7', '52', '59']",['67']
MLS,2024,10977,7295592,17,2,2024,complete,106200,0,-1,['52'],['57'],1,1,2,5,5,10,3,0,1,4,0,0,5,3,2,3,7,6,11,20,52,48,13893.0,21031.0,27505.0,,,1,4,2.2,3.5,2.85,1.03,1.25,1.7,2.95,5.5,13.0,4.0,2.0,1.42,1.15,1.62,2.2,3.35,1.28,4.0,1.2,1.4,1.25,1.65,2.88,2.25,3.4,2.5,2.6,3.0,0,0,1.36,1.61,2.0,2.55,3.3,2.8,2.15,1.71,1.44,1.27,1.75,6.1,2.18,1.73,10.0,2.2,4.33,5.75,1.33,2.63,6.5,19.0,3.25,1.44,1.11,1.02,1.2,1.91,4.0,10.0,4.33,1.8,1.22,1.06,0,0,0,0,2,0,0,1,1,2,0,1721518200,-1,0,44,13,18,0,-1,2,1,0,1,5,4,1,9,1,1,0,3,2,3,1,41,35,90,85,1.1,0.85,1.95,0,0,0,0,0,0,1,1,0,0,0,1,0,0,1,5,4,-1,-1,-1,-1,-1,-1,18,27,39,66,87,35,79,70,31,11.25,3.8,4.25,2.41,/clubs/orlando-city-sc-17,teams/usa-orlando-city-sc.png,Orlando City,/clubs/new-york-city-fc-2,teams/usa-new-york-city-fc.png,New York City,1.52,0.95,1.09,1.0,1.38,1.54,83,74,61,35,13,66,53,31,1.34,1.02,2.36,/usa/new-york-city-fc-vs-orlando-city-sc-h2h-stats#7295592,10977,38,True,True,False,False,False,False,True,['52'],['57']
MLS,2024,10977,7295593,16,677447,2024,complete,106200,0,-1,"['10', '38', '89']",[],3,0,3,4,7,11,1,0,3,3,0,0,9,3,4,7,13,10,12,9,42,58,11.0,12.0,52571.0,,,3,3,2.2,3.4,2.95,1.02,1.17,1.5,2.15,4.0,19.0,5.0,2.4,1.57,1.25,1.44,2.63,3.9,1.22,4.75,1.15,1.42,1.24,1.68,2.75,2.4,3.25,2.5,2.8,2.88,0,0,1.3,1.53,1.86,2.35,3.05,3.05,2.3,1.82,1.5,1.32,1.75,6.4,2.17,1.73,15.0,2.1,5.0,6.5,1.29,2.2,5.5,15.0,3.5,1.62,1.14,1.03,1.14,1.67,3.25,7.0,5.5,2.1,1.33,1.1,0,0,0,0,3,2,0,1,0,1,2,1721518200,16,0,56,9,26,0,-1,2,1,1,1,3,6,2,9,2,0,1,3,2,4,1,50,47,85,102,1.81,1.19,3.0,0,0,0,0,0,0,1,1,1,0,0,0,1,0,1,1,6,-1,-1,-1,-1,-1,-1,22,35,56,78,83,35,70,78,52,10.36,4.41,3.13,2.77,/clubs/philadelphia-union-16,teams/usa-philadelphia-union.png,Philadelphia Union,/clubs/nashville-sc-mls-677447,teams/usa-nashville-sc-mls.png,Nashville SC,1.0,0.88,0.83,0.82,1.0,1.08,79,66,44,22,18,69,52,43,1.59,0.83,2.42,/usa/philadelphia-union-vs-nashville-sc-mls-h2h-stats#7295593,10977,34,True,True,True,False,False,False,False,"['10', '38', '89']",[]
MLS,2024,10977,7295594,698284,711351,2024,complete,106200,0,-1,"['11', '80']","['33', '56']",2,2,4,3,3,6,2,2,3,1,0,0,4,5,4,5,8,10,11,10,56,44,13889.0,2339.0,404.0,,,3,1,2.0,3.45,3.35,1.05,1.3,1.85,3.4,6.5,12.0,3.6,1.85,1.33,1.12,1.75,2.0,2.75,1.4,4.0,1.2,1.32,1.25,1.78,2.75,2.2,4.0,2.38,2.5,3.5,0,0,1.4,1.68,2.1,2.7,3.65,2.65,2.02,1.64,1.4,1.22,1.7,5.8,2.3,1.67,9.0,2.4,3.55,6.25,1.4,2.75,8.0,21.0,2.75,1.4,1.08,1.02,1.22,2.0,4.5,11.0,4.0,1.73,1.18,1.05,0,0,0,0,4,1,1,1,1,2,2,1721521800,-1,0,63,30,34,0,-1,2,1,1,0,2,3,1,5,0,0,3,1,0,4,1,13,19,22,36,0.87,1.11,1.99,0,1,0,1,0,0,1,1,0,0,0,0,0,0,1,13,16,-1,-1,-1,1,0,1,13,29,50,75,100,34,71,80,38,9.25,3.08,5.67,2.75,/clubs/austin-fc-698284,teams/usa-austin-fc.png,Austin,/clubs/charlotte-fc-711351,teams/usa-charlotte-fc.png,Charlotte,1.53,1.05,1.75,1.17,1.25,1.5,88,71,50,25,0,75,63,38,1.12,1.17,2.29,/usa/austin-fc-vs-charlotte-fc-h2h-stats#7295594,10977,34,True,True,True,True,False,False,True,"['11', '80']","['33', '56']"
MLS,2024,10977,7295595,8,945555,2024,complete,106200,0,-1,['73'],['42'],1,1,2,8,3,11,2,2,2,3,0,0,6,3,3,3,9,6,13,15,62,38,69.0,18.0,424.0,,,2,3,1.8,3.9,3.75,1.02,1.18,1.5,2.2,4.0,19.0,5.0,2.4,1.55,1.25,1.53,2.38,3.0,1.33,5.5,1.11,1.26,1.2,2.05,2.3,2.4,4.0,2.05,2.85,3.75,0,0,1.29,1.5,1.82,2.25,2.9,3.2,2.38,1.86,1.55,1.34,1.57,6.4,2.48,1.53,17.0,2.5,3.6,8.5,1.29,2.25,5.5,15.0,3.5,1.57,1.14,1.03,1.14,1.73,3.4,8.0,5.5,2.0,1.3,1.08,0,0,0,0,2,0,1,1,0,1,1,1721521800,-1,0,83,48,53,0,-1,2,1,3,1,5,2,4,7,0,2,2,1,2,3,1,58,34,114,79,1.42,0.84,2.26,0,0,0,0,0,0,1,1,0,0,0,0,0,0,1,21,27,-1,-1,-1,-1,-1,-1,48,62,78,96,96,56,96,92,70,12.25,2.08,4.78,4.18,/clubs/sporting-kansas-city-8,teams/usa-sporting-kansas-city.png,Sporting KC,/clubs/st-louis-city-sc-945555,teams/usa-st-louis-city-sc.png,St. Louis City,1.29,0.65,1.25,0.45,0.92,0.92,53,39,22,5,5,58,49,31,1.43,1.28,2.71,/usa/sporting-kansas-city-vs-st-louis-city-sc-h2h-stats#7295595,10977,34,True,True,False,False,False,False,True,['73'],['42']
MLS,2024,10977,7295596,1015,15,2024,complete,106200,0,-1,"['38', '75']",[],2,0,2,6,8,14,1,3,3,2,0,0,6,1,4,9,10,10,16,8,53,47,13967.0,10665.0,428.0,,,3,2,1.75,4.1,3.65,1.02,1.13,1.4,1.95,3.4,26.0,6.0,2.75,1.7,1.32,1.44,2.63,3.5,1.25,6.5,1.08,1.25,1.19,2.1,2.3,2.6,4.0,2.05,3.0,3.6,0,0,1.26,1.44,1.73,2.15,2.7,3.4,2.55,1.96,1.61,1.38,1.58,6.5,2.43,1.5,23.0,2.5,3.95,9.0,1.22,2.0,4.33,11.0,4.0,1.73,1.2,1.05,1.13,1.57,2.75,6.0,6.0,2.25,1.4,1.13,0,0,0,0,2,1,0,1,0,1,1,1721521800,1015,0,87,39,39,0,-1,2,1,1,4,5,4,5,9,1,1,2,1,2,3,1,61,25,91,101,1.49,0.9,2.39,0,0,0,0,0,0,1,1,0,0,0,0,0,0,1,18,20,-1,-1,-1,-1,-1,-1,32,44,70,96,100,49,92,79,53,9.93,2.52,5.32,3.83,/clubs/minnesota-united-fc-1015,teams/usa-minnesota-united-fc.png,Minnesota United,/clubs/san-jose-earthquakes-15,teams/usa-san-jose-earthquakes.png,SJ Earthquakes,1.44,0.47,1.33,0.36,1.25,0.58,69,56,30,4,0,79,70,58,1.45,1.07,2.52,/usa/san-jose-earthquakes-vs-minnesota-united-fc-h2h-stats#7295596,10977,34,True,True,False,False,False,False,False,"['38', '75']",[]
MLS,2024,10977,7295597,12,14,2024,complete,106200,0,-1,"['35', '39', '88']","['9', '49']",3,2,5,4,4,8,2,1,2,0,0,0,4,4,3,6,7,10,9,10,36,64,13851.0,11435.0,8.0,,,2,0,1.9,3.65,3.5,1.01,1.13,1.4,1.95,3.5,23.0,6.0,2.75,1.7,1.3,1.4,2.75,3.8,1.22,5.75,1.1,1.32,1.22,1.88,2.4,2.5,3.75,2.1,2.95,3.4,0,0,1.26,1.44,1.74,2.17,2.8,3.4,2.55,1.96,1.6,1.37,1.68,6.4,2.3,1.57,21.0,2.3,4.5,8.5,1.22,2.0,4.5,11.0,4.0,1.73,1.18,1.05,1.13,1.57,2.75,6.0,6.0,2.25,1.4,1.13,0,0,0,0,5,2,1,1,1,2,3,1721525400,12,0,72,24,40,0,-1,2,1,2,2,2,2,4,4,1,0,1,0,1,1,1,56,33,95,105,1.13,1.16,2.3,1,0,1,0,0,0,1,1,0,1,0,1,0,0,1,27,14,-1,-1,-1,-1,-1,-1,29,37,56,88,96,37,76,89,60,9.95,4.17,2.98,3.21,/clubs/colorado-rapids-12,teams/usa-colorado-rapids.png,Colorado Rapids,/clubs/real-salt-lake-14,teams/usa-real-salt-lake.png,Real Salt Lake,1.83,1.33,2.0,1.46,1.52,1.83,72,64,44,13,4,68,60,52,1.53,1.41,2.94,/usa/colorado-rapids-vs-real-salt-lake-h2h-stats#7295597,10977,36,True,True,True,True,True,False,True,"['35', '39', '88']","['9', '49']"
MLS,2024,10977,7295598,10,20,2024,complete,106200,0,-1,"['38', '48', '58']","['52', '73']",3,2,5,4,6,10,5,0,2,5,0,0,6,4,4,6,10,10,6,13,51,49,65601.0,2.0,28121.0,,,2,5,1.65,4.4,3.9,1.01,1.1,1.33,1.83,3.0,29.0,7.0,3.0,1.83,1.4,1.4,2.75,3.5,1.25,7.5,1.05,1.22,1.17,2.25,2.2,2.75,4.0,1.91,3.1,3.75,0,0,1.25,1.44,1.72,2.12,2.7,3.45,2.55,1.98,1.63,1.4,1.49,6.75,2.65,1.44,26.0,2.63,3.9,11.0,1.2,1.91,4.0,10.0,4.33,1.8,1.22,1.06,1.1,1.53,2.63,5.5,7.0,2.38,1.44,1.14,0,0,0,0,5,1,0,2,2,4,1,1721529900,10,0,75,21,42,0,-1,2,1,3,4,1,2,7,3,0,2,2,3,2,5,1,51,44,90,130,1.42,1.25,2.67,0,0,0,0,0,0,1,1,0,0,2,1,0,0,1,15,9,-1,-1,-1,-1,-1,-1,33,46,71,88,96,42,88,83,67,7.84,3.17,4.5,3.54,/clubs/la-galaxy-10,teams/usa-la-galaxy.png,LA Galaxy,/clubs/portland-timbers-20,teams/usa-portland-timbers.png,Portland Timbers,2.57,0.83,2.25,1.0,1.84,1.5,67,54,29,13,4,55,42,29,1.54,1.06,2.6,/usa/la-galaxy-vs-portland-timbers-h2h-stats#7295598,10977,35,True,True,True,True,True,False,True,"['38', '48', '58']","['52', '73']"
MLS,2024,10977,7295599,18,6490,2024,complete,106200,0,-1,[],"['16', '26', '74']",0,3,3,6,2,8,0,2,3,2,0,0,6,5,10,2,16,7,10,12,65,35,3.0,25.0,39588.0,,,3,2,2.45,3.5,2.5,1.03,1.24,1.7,2.9,5.5,15.0,4.2,2.0,1.42,1.16,1.62,2.2,3.7,1.22,3.75,1.22,1.52,1.24,1.53,3.1,2.25,3.1,2.75,2.6,2.75,0,0,1.35,1.61,1.98,2.55,3.3,2.9,2.15,1.72,1.44,1.27,1.9,6.1,2.0,1.83,10.0,2.0,5.0,5.0,1.33,2.63,6.5,19.0,3.25,1.44,1.11,1.02,1.18,1.83,3.75,10.0,4.5,1.83,1.25,1.06,0,0,0,0,3,0,2,0,1,1,2,1721529000,6490,0,51,10,24,0,-1,2,1,3,1,3,1,4,4,2,0,1,2,2,3,1,6,4,14,10,1.46,0.82,2.27,0,1,0,1,0,0,1,1,0,0,0,0,0,0,1,20,12,-1,-1,-1,-1,-1,-1,14,29,43,87,92,24,69,87,41,14.0,2.53,4.85,2.63,/clubs/seattle-sounders-fc-18,teams/usa-seattle-sounders-fc.png,Seattle Sounders,/clubs/los-angeles-fc-6490,teams/usa-los-angeles-fc.png,Los Angeles FC,1.78,1.5,1.92,1.4,1.54,1.91,87,72,58,14,9,83,65,47,1.48,1.39,2.87,/usa/seattle-sounders-fc-vs-los-angeles-fc-h2h-stats#7295599,10977,38,True,True,True,False,False,False,False,[],"['16', '26', '74']"
MLS,2024,10977,7295600,1015,18,2024,complete,106200,0,-1,"['24', '56']","['11', '27', '75']",2,3,5,5,8,13,1,0,1,1,0,0,4,5,9,3,13,8,14,11,56,44,5016.0,25056.0,25.0,,,1,1,2.62,3.39,2.62,1.02,1.19,1.59,2.61,4.7,10.0,3.98,2.26,1.41,1.14,1.57,2.25,3.8,1.22,3.8,1.22,1.51,1.29,1.51,3.1,2.3,3.1,2.75,2.62,2.75,0,0,1.21,1.4,1.65,2.02,2.55,3.8,2.7,2.08,1.7,1.44,1.85,6.25,2.05,1.91,14.75,1.91,5.25,5.25,1.33,2.5,6.5,19.0,3.25,1.5,1.11,1.02,1.18,1.83,3.75,9.0,4.5,1.83,1.25,1.07,0,0,0,0,5,1,2,1,1,2,3,1724539500,18,0,72,28,32,0,-1,2,1,1,4,4,4,5,8,0,1,1,0,1,1,1,11,9,22,25,1.17,0.92,2.09,1,0,1,0,0,0,1,1,0,0,0,1,0,1,1,15,6,-1,-1,-1,-1,-1,-1,13,28,61,84,96,41,84,76,44,10.27,1.81,4.37,2.8,/clubs/minnesota-united-fc-1015,teams/usa-minnesota-united-fc.png,Minnesota United,/clubs/seattle-sounders-fc-18,teams/usa-seattle-sounders-fc.png,Seattle Sounders,1.44,1.5,1.46,1.17,1.32,1.48,88,72,40,17,4,72,65,32,1.45,1.11,2.56,/usa/seattle-sounders-fc-vs-minnesota-united-fc-h2h-stats#7295600,10977,37,True,True,True,True,True,False,True,"['24', '56']","['11', '27', '75']"
MLS,2024,10977,7295601,5,6490,2024,complete,106200,0,-1,['63'],"['1', '90+3']",1,2,3,4,4,8,0,1,0,1,0,0,6,4,11,8,17,12,4,10,47,53,36.0,47234.0,43902.0,,,0,1,2.6,3.4,2.3,1.03,1.18,1.5,2.2,4.22,18.5,4.95,2.4,1.6,1.23,1.49,2.43,4.5,1.17,4.2,1.18,1.55,1.28,1.48,3.05,2.3,2.85,2.75,2.75,2.6,0,0,1.23,1.41,1.67,2.07,2.63,3.65,2.65,2.04,1.66,1.42,1.85,6.25,2.02,1.95,18.0,1.85,6.0,5.25,1.28,2.3,4.9,12.0,3.4,1.55,1.14,1.02,1.13,1.7,3.1,7.5,4.5,1.95,1.27,1.08,0,0,0,0,3,0,1,1,1,2,1,1728862200,6490,0,60,16,38,0,-1,-1,1,-1,-1,-1,-1,-1,-1,0,0,0,1,0,1,1,57,47,87,79,1.9,1.38,3.28,0,0,0,0,0,0,1,1,0,1,-1,-1,0,0,1,2,3,1,9,4,1,5,7,16,35,66,85,91,41,78,79,54,9.88,3.0,4.57,3.06,/clubs/vancouver-whitecaps-fc-5,teams/canada-vancouver-whitecaps-fc.png,Vancouver Whitecaps,/clubs/los-angeles-fc-6490,teams/usa-los-angeles-fc.png,Los Angeles FC,1.47,1.5,1.38,1.5,1.47,1.81,85,66,35,16,10,66,57,35,1.42,1.31,2.73,/usa/vancouver-whitecaps-fc-vs-los-angeles-fc-h2h-stats#7295601,10977,38,True,True,True,False,False,False,True,['63'],"['1', '90+3']"
MLS,2024,10977,7295602,711351,4,2024,complete,106200,0,-1,['13'],['37'],1,1,2,2,8,10,2,2,2,0,0,0,-1,-1,-1,-1,-1,-1,10,8,54,46,36.0,404.0,1313.0,,,2,0,2.46,3.43,2.76,1.05,1.28,1.86,3.1,5.9,12.25,3.77,1.94,1.37,1.14,1.67,2.1,3.2,1.3,3.65,1.25,1.42,1.26,1.63,3.0,2.2,3.5,2.63,2.55,3.0,0,0,1.32,1.55,1.91,2.4,3.05,3.05,2.25,1.8,1.49,1.3,1.73,6.25,2.2,1.73,9.0,2.2,4.2,5.25,1.36,2.75,7.0,21.0,3.0,1.4,1.1,1.02,1.22,2.0,4.33,11.0,4.0,1.73,1.2,1.05,0,0,0,0,2,1,1,0,0,0,2,1724542200,-1,0,51,16,24,0,-1,2,1,2,3,0,5,5,5,0,0,2,0,0,2,1,2,5,10,14,0.0,0.0,0.0,1,0,1,0,0,0,1,1,0,0,0,0,0,0,1,2,5,-1,-1,-1,-1,-1,-1,12,24,48,68,84,20,64,76,44,9.44,3.38,4.9,2.46,/clubs/charlotte-fc-711351,teams/usa-charlotte-fc.png,Charlotte,/clubs/new-york-red-bulls-4,teams/usa-new-york-red-bulls.png,New York RB,1.83,1.33,1.83,1.15,1.48,1.64,89,76,53,33,16,48,44,36,1.02,1.25,2.27,/usa/new-york-red-bulls-vs-charlotte-fc-h2h-stats#7295602,10977,37,True,True,False,False,False,False,True,['13'],['37']
MLS,2024,10977,7295603,13401,13,2024,complete,106200,0,-1,"['2', '42', '48']","['9', '21', '40', '44']",3,4,7,5,5,10,2,1,7,3,1,0,7,8,6,5,13,13,17,5,46,54,65601.0,13006.0,52424.0,,,8,3,1.83,3.88,3.83,1.02,1.14,1.57,2.28,3.7,10.0,4.7,2.31,1.58,1.22,1.53,2.38,3.1,1.33,5.5,1.11,1.25,1.2,1.87,2.38,2.4,4.0,2.05,2.8,3.75,0,0,1.3,1.52,1.85,2.33,3.05,3.15,2.33,1.85,1.52,1.32,1.47,6.5,2.8,1.5,18.0,2.6,3.8,8.0,1.29,2.25,5.5,15.0,3.5,1.57,1.14,1.03,1.17,1.73,3.4,8.0,5.0,2.0,1.3,1.08,0,0,0,0,7,2,4,1,0,1,6,1724542200,13,0,84,32,45,0,-1,2,1,3,3,2,2,6,4,4,0,4,3,4,7,1,50,48,95,91,1.67,1.73,3.4,0,0,0,0,0,0,1,1,1,1,1,1,0,0,1,2,1,-1,-1,-1,-1,-1,-1,24,48,68,84,96,36,72,88,65,9.81,4.48,5.25,3.19,/clubs/dc-united-13401,teams/usa-dc-united.png,DC United,/clubs/fc-dallas-13,teams/usa-fc-dallas.png,FC Dallas,1.0,0.53,1.15,0.33,1.04,1.2,76,53,33,16,4,75,56,40,1.47,0.93,2.4,/usa/fc-dallas-vs-dc-united-h2h-stats#7295603,10977,34,True,True,True,True,True,True,True,"['2', '42', '48']","['9', '21', '40', '44']"
MLS,2024,10977,7295604,677446,8043,2024,complete,106200,0,-1,"['1', '6']",[],2,0,2,1,8,9,4,1,3,4,1,0,3,8,2,4,5,12,12,19,42,58,7.0,647.0,40182.0,,,4,4,2.11,3.71,3.15,1.01,1.15,1.59,2.45,3.8,12.0,4.75,2.26,1.48,1.22,1.5,2.5,3.55,1.25,4.75,1.15,1.36,1.22,1.78,2.6,2.4,3.6,2.25,2.75,3.4,0,0,1.32,1.55,1.91,2.4,3.15,3.05,2.28,1.8,1.49,1.3,1.71,6.4,2.23,1.62,10.0,2.3,4.5,6.5,1.29,2.25,5.5,15.0,3.5,1.57,1.14,1.03,1.14,1.73,3.4,8.0,5.5,2.0,1.3,1.08,0,0,0,0,2,2,0,0,0,0,2,1724542200,677446,0,80,24,65,0,-1,2,1,1,5,0,3,6,3,3,2,1,2,5,3,1,23,58,71,121,0.7,1.75,2.45,0,0,0,0,0,0,1,1,2,0,0,1,0,0,1,1,1,-1,-1,-1,-1,-1,-1,28,48,76,88,100,28,71,89,69,8.54,5.38,5.4,3.67,/clubs/club-internacional-de-futbol-miami-677446,teams/usa-club-internacional-de-futbol-miami.png,Inter Miami,/clubs/fc-cincinnati-8043,teams/usa-fc-cincinnati.png,FC Cincinnati,2.11,1.94,2.08,2.33,2.12,1.92,72,53,24,13,0,48,36,28,1.47,1.17,2.64,/usa/fc-cincinnati-vs-club-internacional-de-futbol-miami-h2h-stats#7295604,10977,37,True,True,False,False,False,False,False,"['1', '6']",[]
MLS,2024,10977,7295605,1,11,2024,complete,106200,0,-1,[],"['7', '37', '71', '79', '83']",0,5,5,5,1,6,1,1,2,1,0,0,4,6,4,6,8,12,12,8,57,43,13967.0,53329.0,13.0,,,2,1,1.93,3.78,3.57,1.02,1.17,1.59,2.28,4.0,12.0,4.5,2.27,1.58,1.2,1.57,2.25,3.2,1.3,5.0,1.13,1.3,1.27,1.85,2.5,2.38,4.0,2.2,2.8,3.5,0,0,1.24,1.44,1.75,2.1,2.65,3.55,2.55,1.95,1.63,1.41,1.76,6.4,2.15,1.57,10.0,2.4,3.9,7.0,1.29,2.38,5.5,15.0,3.5,1.53,1.14,1.03,1.17,1.8,3.5,8.0,5.0,1.91,1.29,1.08,0,0,0,0,5,0,2,0,3,3,2,1724542200,11,0,64,26,34,0,-1,2,1,1,0,4,1,1,5,0,1,2,0,1,2,1,48,35,94,95,1.14,1.44,2.58,0,0,0,0,0,0,1,1,0,1,0,0,0,0,1,2,4,-1,-1,-1,-1,-1,-1,28,45,59,74,92,40,73,88,51,8.68,2.73,4.92,3.15,/clubs/montreal-impact-1,teams/canada-montreal-impact.png,Montreal Impact,/clubs/new-england-revolution-11,teams/usa-new-england-revolution.png,New England Revolution,1.67,0.71,1.42,0.9,1.08,1.0,73,55,41,27,9,60,47,38,1.17,1.11,2.28,/usa/montreal-impact-vs-new-england-revolution-h2h-stats#7295605,10977,34,True,True,True,True,True,False,False,[],"['7', '37', '71', '79', '83']"
MLS,2024,10977,7295606,2,7,2024,complete,106200,0,-1,"['15', '22']","['78', '90+4']",2,2,4,12,4,16,1,0,3,2,0,0,4,3,6,2,10,5,7,14,58,42,13891.0,27505.0,21081.0,,,3,2,1.68,4.01,4.52,1.01,1.17,1.8,2.45,4.4,10.5,4.25,2.0,1.48,1.16,1.67,2.1,2.75,1.4,5.5,1.11,1.2,1.23,2.15,2.25,2.38,4.75,2.0,2.8,4.0,0,0,1.3,1.54,1.88,2.35,3.05,3.05,2.3,1.81,1.5,1.32,1.48,6.75,2.7,1.44,11.0,2.75,3.1,8.0,1.3,2.5,6.0,17.0,3.4,1.5,1.13,1.03,1.18,1.83,3.75,9.0,4.5,1.83,1.25,1.07,0,0,0,0,4,2,0,0,2,2,2,1724542200,-1,0,68,20,32,0,-1,2,1,6,3,6,1,9,7,0,0,3,2,0,5,1,69,22,123,71,1.42,0.7,2.12,0,1,0,1,0,0,1,1,0,0,3,0,0,0,1,23,22,-1,-1,-1,-1,-1,-1,20,28,60,89,96,28,76,93,52,8.37,4.29,4.4,3.05,/clubs/new-york-city-fc-2,teams/usa-new-york-city-fc.png,New York City,/clubs/chicago-fire-7,teams/usa-chicago-fire.png,Chicago Fire,1.89,0.65,2.08,0.77,1.52,1.0,80,72,40,12,4,61,52,32,1.56,1.14,2.7,/usa/new-york-city-fc-vs-chicago-fire-h2h-stats#7295606,10977,34,True,True,True,True,False,False,True,"['15', '22']","['78', '90+4']"
MLS,2024,10977,7295607,16,9,2024,complete,106200,0,-1,[],['75'],0,1,1,8,6,14,2,4,1,3,0,0,2,6,5,1,7,7,14,11,38,62,13967.0,12.0,39282.0,,,1,3,2.6,3.75,2.4,1.02,1.11,1.5,2.25,3.42,21.5,5.2,2.4,1.57,1.25,1.45,2.7,4.75,1.15,4.0,1.2,1.58,1.28,1.48,3.05,2.4,2.75,2.8,2.8,2.5,0,0,1.3,1.53,1.95,2.33,3.05,3.05,2.3,1.77,1.5,1.3,1.9,6.25,1.98,1.95,22.0,1.82,6.0,5.0,1.24,2.16,4.75,13.0,3.82,1.65,1.17,1.02,1.15,1.73,3.2,6.0,4.75,2.0,1.3,1.09,0,0,0,0,1,0,0,0,1,1,0,1724887800,9,0,69,21,36,0,-1,2,1,5,2,3,4,7,7,1,1,0,2,2,2,1,41,35,86,101,0.89,1.13,2.02,0,0,0,0,0,0,1,1,0,0,5,0,0,1,1,5,3,-1,-1,-1,-1,-1,-1,24,44,68,89,89,36,76,84,65,10.52,3.8,3.36,3.25,/clubs/philadelphia-union-16,teams/usa-philadelphia-union.png,Philadelphia Union,/clubs/columbus-crew-9,teams/usa-columbus-crew.png,Columbus Crew,1.0,1.83,1.0,1.75,1.08,1.87,76,56,32,12,12,59,48,48,1.61,1.3,2.91,/usa/columbus-crew-vs-philadelphia-union-h2h-stats#7295607,10977,34,True,False,False,False,False,False,False,[],['75']
MLS,2024,10977,7295608,6,19,2024,complete,106200,0,-1,[],['54'],0,1,1,7,3,10,1,0,1,3,0,0,4,3,8,5,12,8,11,10,72,28,15.0,20.0,10856.0,,,1,3,1.52,4.42,5.37,1.03,1.17,1.65,2.43,4.45,15.0,4.15,2.12,1.49,1.15,1.67,2.1,2.7,1.4,5.5,1.11,1.2,1.2,2.2,2.25,2.38,4.75,1.95,2.8,4.33,0,0,1.26,1.47,1.85,2.18,2.8,3.4,2.48,1.85,1.58,1.37,1.48,6.75,2.7,1.44,10.0,2.75,3.25,8.0,1.3,2.5,6.0,17.0,3.4,1.5,1.13,1.03,1.17,1.83,3.75,9.0,5.0,1.83,1.25,1.07,0,0,0,0,1,0,0,0,1,1,0,1724545800,19,0,54,8,24,0,-1,2,1,3,0,4,3,3,7,0,2,1,1,2,2,1,59,25,119,68,1.47,0.9,2.37,0,0,0,0,0,0,1,1,0,0,0,0,0,1,1,20,14,-1,-1,-1,-1,-1,-1,4,27,50,68,89,20,72,72,55,8.48,4.11,5.59,2.37,/clubs/houston-dynamo-6,teams/usa-houston-dynamo.png,Houston Dynamo,/clubs/toronto-fc-19,teams/canada-toronto-fc.png,Toronto,1.61,0.94,1.55,0.86,1.54,1.15,97,73,50,33,12,60,43,29,1.61,0.93,2.54,/usa/houston-dynamo-vs-toronto-fc-h2h-stats#7295608,10977,34,True,False,False,False,False,False,False,[],['54']
MLS,2024,10977,7295609,8,17,2024,complete,106200,0,-1,"['44', '52', '90+2']",[],3,0,3,3,6,9,2,1,2,2,1,0,6,1,5,8,11,9,9,10,42,58,13841.0,18.0,21031.0,,,4,2,2.6,3.45,2.6,1.04,1.2,1.58,2.18,4.75,16.0,4.5,2.29,1.61,1.19,1.57,2.25,3.8,1.22,4.0,1.2,1.5,1.25,1.55,3.0,2.3,3.1,2.63,2.65,2.75,0,0,1.27,1.48,1.91,2.23,2.8,3.3,2.43,1.8,1.57,1.36,1.84,6.25,2.05,1.8,10.0,2.0,5.0,5.25,1.3,2.5,6.0,17.0,3.4,1.5,1.13,1.03,1.17,1.83,3.75,9.0,5.0,1.83,1.25,1.07,0,0,0,0,3,1,0,2,0,2,1,1724545800,8,0,77,39,42,0,-1,2,1,2,3,1,3,5,4,0,0,3,2,0,5,1,44,50,98,103,1.44,1.01,2.45,0,0,0,0,0,0,1,1,0,0,0,2,0,0,1,18,17,-1,-1,-1,1,1,1,39,50,73,93,100,58,96,89,58,11.53,3.15,3.92,3.73,/clubs/sporting-kansas-city-8,teams/usa-sporting-kansas-city.png,Sporting KC,/clubs/orlando-city-sc-17,teams/usa-orlando-city-sc.png,Orlando City,1.29,1.56,1.23,1.62,0.92,1.36,62,50,27,8,0,58,46,31,1.43,1.27,2.7,/usa/sporting-kansas-city-vs-orlando-city-sc-h2h-stats#7295609,10977,34,True,True,True,False,False,False,False,"['44', '52', '90+2']",[]
MLS,2024,10977,7295610,677447,698284,2024,complete,106200,0,-1,[],"['43', '84']",0,2,2,10,2,12,1,0,1,3,0,0,8,6,3,5,11,11,12,12,59,41,13812.0,52571.0,2339.0,,,1,3,2.06,3.51,3.42,1.04,1.28,1.84,3.2,6.0,13.0,3.75,1.97,1.36,1.13,1.75,2.0,2.95,1.35,4.0,1.2,1.35,1.25,1.75,2.75,2.2,3.75,2.38,2.55,3.4,0,0,1.27,1.48,1.85,2.2,2.8,3.3,2.43,1.85,1.58,1.36,1.48,6.75,2.7,1.67,10.0,2.38,3.75,5.5,1.36,2.75,7.0,21.0,3.0,1.4,1.1,1.02,1.22,2.0,4.33,11.0,4.0,1.73,1.2,1.05,0,0,0,0,2,0,1,0,1,1,1,1724545800,698284,0,51,16,20,0,-1,2,1,2,2,8,0,4,8,0,1,1,2,1,3,1,71,31,119,71,1.77,1.34,3.12,1,0,0,0,1,0,1,1,0,0,0,0,0,1,1,18,10,-1,-1,-1,-1,-1,-1,8,20,44,72,88,32,72,72,32,8.21,4.02,3.94,2.35,/clubs/nashville-sc-mls-677447,teams/usa-nashville-sc-mls.png,Nashville SC,/clubs/austin-fc-698284,teams/usa-austin-fc.png,Austin,1.24,0.94,1.31,0.75,1.04,1.24,92,80,57,29,13,44,36,32,1.12,0.76,1.88,/usa/nashville-sc-mls-vs-austin-fc-h2h-stats#7295610,10977,34,True,True,False,False,False,False,False,[],"['43', '84']"
MLS,2024,10977,7295611,14,15,2024,complete,106200,0,-1,[],"['19', '33']",0,2,2,7,7,14,2,1,1,2,0,0,4,6,10,4,14,10,16,14,63,37,52041.0,8.0,428.0,,,1,2,1.4,5.19,6.19,1.01,1.07,1.33,1.95,2.84,30.5,6.35,3.15,1.85,1.35,1.53,2.38,2.75,1.4,9.0,1.03,1.11,1.16,2.9,1.83,2.88,5.5,1.62,3.3,5.5,0,0,1.23,1.41,1.77,2.05,2.55,3.65,2.65,1.95,1.67,1.44,1.27,7.5,3.2,1.3,26.0,3.4,2.9,15.0,1.2,1.91,4.0,10.0,4.33,1.8,1.22,1.06,1.11,1.53,2.63,5.5,6.5,2.38,1.44,1.14,0,0,0,0,2,0,2,0,0,0,2,1724549400,15,0,69,39,35,0,-1,2,1,3,4,4,3,7,7,0,1,1,1,1,2,1,44,28,113,63,1.49,1.25,2.74,0,0,0,0,0,0,1,1,0,0,0,0,0,0,1,19,13,-1,-1,-1,1,0,2,43,48,70,87,96,57,83,83,48,10.77,3.33,5.39,4.07,/clubs/real-salt-lake-14,teams/usa-real-salt-lake.png,Real Salt Lake,/clubs/san-jose-earthquakes-15,teams/usa-san-jose-earthquakes.png,SJ Earthquakes,2.06,0.47,2.27,0.33,1.76,0.56,57,53,31,14,5,74,60,51,1.59,1.06,2.65,/usa/real-salt-lake-vs-san-jose-earthquakes-h2h-stats#7295611,10977,34,True,True,False,False,False,False,False,[],"['19', '33']"
MLS,2024,10977,7295612,10,1016,2024,complete,106200,0,-1,"['76', '84']",[],2,0,2,3,0,3,2,4,2,1,0,0,8,4,6,9,14,13,8,12,70,30,69.0,2.0,40413.0,,,2,1,1.68,4.32,4.44,1.02,1.09,1.56,1.93,2.9,21.0,6.0,2.32,1.93,1.36,1.4,2.75,3.65,1.25,7.0,1.07,1.17,1.14,2.16,2.2,2.63,4.0,1.95,3.1,3.75,0,0,1.19,1.33,1.7,1.91,2.32,4.1,2.95,2.05,1.8,1.53,1.44,6.75,2.9,1.5,29.0,2.5,4.0,10.0,1.2,1.91,4.0,11.0,4.33,1.8,1.22,1.05,1.11,1.53,2.63,5.5,6.5,2.38,1.44,1.14,0,0,0,0,2,0,0,2,0,2,0,1724553000,10,0,68,23,36,0,-1,2,1,2,0,1,0,2,1,0,0,2,1,0,3,1,51,38,132,65,1.82,1.37,3.2,1,0,0,0,1,0,1,1,0,0,0,0,0,0,1,9,12,-1,-1,-1,-1,-1,-1,23,36,51,75,96,36,80,80,44,10.02,2.6,3.58,3.05,/clubs/la-galaxy-10,teams/usa-la-galaxy.png,LA Galaxy,/clubs/atlanta-united-fc-1016,teams/usa-atlanta-united-fc.png,Atlanta United FC,2.57,1.05,2.31,0.83,1.88,1.12,77,65,49,25,4,76,61,41,1.53,1.26,2.79,/usa/la-galaxy-vs-atlanta-united-fc-h2h-stats#7295612,10977,39,True,True,False,False,False,False,False,"['76', '84']",[]
MLS,2024,10977,7295613,20,945555,2024,complete,106200,0,-1,"['39', '57', '64', '90+9']","['10', '36', '45+2', '58']",4,4,8,12,3,15,1,3,4,3,1,0,13,6,7,4,20,10,12,22,60,40,13851.0,28121.0,424.0,,,6,3,1.89,3.64,4.0,1.02,1.1,1.39,2.04,3.2,26.0,5.75,2.86,1.76,1.3,1.44,2.63,3.3,1.28,7.0,1.07,1.21,1.21,2.2,2.1,2.63,4.33,1.83,3.04,4.33,0,0,1.25,1.43,1.85,2.08,2.65,3.45,2.55,1.85,1.65,1.41,1.73,6.4,2.2,1.44,25.0,2.75,3.75,11.0,1.22,2.0,4.33,11.0,4.0,1.73,1.2,1.05,1.13,1.57,2.75,6.0,6.0,2.25,1.4,1.13,0,0,0,0,8,1,3,3,1,4,4,1724553000,-1,0,79,38,42,0,-1,2,1,2,2,8,1,4,9,1,0,4,3,1,7,1,43,15,85,47,2.48,1.16,3.64,0,1,0,1,0,0,1,1,0,1,0,1,0,0,1,23,14,-1,-1,-1,-1,-1,-1,38,67,80,96,96,55,92,92,63,10.58,2.08,4.17,4.0,/clubs/portland-timbers-20,teams/usa-portland-timbers.png,Portland Timbers,/clubs/st-louis-city-sc-945555,teams/usa-st-louis-city-sc.png,St. Louis City,1.88,0.65,2.0,0.5,1.44,0.92,63,33,21,4,4,63,55,42,1.55,1.24,2.79,/usa/portland-timbers-vs-st-louis-city-sc-h2h-stats#7295613,10977,34,True,True,True,True,True,True,True,"['39', '57', '64', '90+9']","['10', '36', '45+2', '58']"
MLS,2024,10977,7295614,711351,1016,2024,complete,106200,0,-1,[],['55'],0,1,1,3,4,7,2,2,0,1,0,0,6,6,5,8,11,14,4,4,49,51,57653.0,404.0,40413.0,,,0,1,1.91,3.75,3.4,1.03,1.15,1.6,2.32,4.1,18.25,4.5,2.2,1.52,1.18,1.47,2.45,3.2,1.3,5.25,1.12,1.28,1.26,1.9,2.43,2.5,4.1,2.19,2.77,3.62,0,0,1.24,1.44,1.72,2.1,2.65,3.55,2.55,1.98,1.64,1.41,1.49,6.75,2.65,1.64,17.25,2.36,3.85,7.5,1.28,2.37,5.3,15.0,3.48,1.59,1.14,1.03,1.16,1.8,3.44,7.0,4.9,1.95,1.28,1.07,0,0,0,0,1,0,0,0,1,1,0,1725147000,1016,0,42,12,23,0,59900,2,1,1,1,2,3,2,5,0,1,0,0,1,0,1,71,52,105,74,1.63,1.67,3.3,0,0,0,0,0,0,1,1,0,0,0,0,0,0,1,0,2,-1,-1,-1,1,13,11,8,15,27,62,89,15,58,70,39,9.31,3.0,4.15,2.08,/clubs/charlotte-fc-711351,teams/usa-charlotte-fc.png,Charlotte,/clubs/atlanta-united-fc-1016,teams/usa-atlanta-united-fc.png,Atlanta United FC,1.83,1.05,1.77,0.77,1.46,1.08,92,85,73,38,12,62,58,43,1.02,1.27,2.29,/usa/atlanta-united-fc-vs-charlotte-fc-h2h-stats#7295614,10977,37,True,False,False,False,False,False,False,[],['55']
MLS,2024,10977,7295615,8043,1,2024,complete,106200,0,-1,"['36', '53', '57', '71']",['81'],4,1,5,7,1,8,1,1,3,3,0,0,6,3,6,2,12,5,13,16,55,45,13889.0,40182.0,53329.0,,,3,3,1.47,4.6,5.6,1.02,1.09,1.43,2.07,3.4,24.5,5.8,2.7,1.66,1.27,1.65,2.2,2.45,1.48,8.0,1.04,1.1,1.13,2.85,1.8,2.6,5.75,1.67,3.1,5.5,0,0,1.22,1.38,1.64,1.98,2.5,3.7,2.7,2.1,1.72,1.46,1.27,7.5,3.65,1.35,25.0,3.0,2.7,13.0,1.23,2.1,4.3,11.0,3.9,1.68,1.18,1.05,1.11,1.58,2.8,5.75,4.9,2.1,1.32,1.1,0,0,0,0,5,1,0,3,1,4,1,1725147000,8043,0,58,23,39,0,-1,2,1,6,0,1,1,6,2,2,0,1,3,2,4,1,41,19,114,61,1.49,0.67,2.16,0,0,0,0,0,0,1,1,0,0,1,0,0,0,1,0,2,-1,-1,-1,1,3,11,31,47,62,70,85,46,73,77,47,9.77,3.38,4.31,3.2,/clubs/fc-cincinnati-8043,teams/usa-fc-cincinnati.png,FC Cincinnati,/clubs/montreal-impact-1,teams/canada-montreal-impact.png,Montreal Impact,1.47,0.82,1.54,0.77,1.85,1.04,70,54,39,31,15,74,62,46,1.47,0.89,2.36,/usa/montreal-impact-vs-fc-cincinnati-h2h-stats#7295615,10977,35,True,True,True,True,True,False,True,"['36', '53', '57', '71']",['81']
MLS,2024,10977,7295616,9,2,2024,complete,106200,0,-1,"['17', '58', '90+3', '90+9']","['4', '86']",4,2,6,4,8,12,0,1,1,2,0,1,6,6,2,5,8,11,9,14,46,54,15.0,39282.0,27505.0,,,1,4,1.7,3.9,4.2,1.01,1.14,1.57,2.55,4.8,13.0,4.8,2.25,1.43,1.14,1.57,2.25,2.8,1.38,5.5,1.11,1.22,1.24,2.11,2.25,2.4,4.33,2.0,2.8,4.0,0,0,1.37,1.64,2.0,2.55,3.4,2.8,2.1,1.71,1.43,1.26,1.36,6.75,3.3,1.5,16.5,2.63,3.35,8.0,1.29,2.38,5.5,15.0,3.5,1.53,1.14,1.03,1.17,1.8,3.5,8.0,5.0,1.91,1.29,1.08,0,0,0,0,6,1,1,3,1,4,2,1725147000,9,0,46,8,26,0,-1,2,1,2,4,2,4,6,6,1,0,0,3,1,3,1,36,54,79,101,1.19,1.51,2.7,0,0,0,0,0,0,1,1,0,1,0,1,0,0,1,4,1,-1,-1,-1,1,11,4,4,21,43,72,92,24,67,76,44,10.22,3.6,3.47,2.32,/clubs/columbus-crew-9,teams/usa-columbus-crew.png,Columbus Crew,/clubs/new-york-city-fc-2,teams/usa-new-york-city-fc.png,New York City,1.89,0.95,2.0,1.0,1.92,1.5,96,79,57,28,9,57,41,21,1.55,1.01,2.56,/usa/new-york-city-fc-vs-columbus-crew-h2h-stats#7295616,10977,36,True,True,True,True,True,True,True,"['17', '58', '90+3', '90+9']","['4', '86']"
MLS,2024,10977,7295617,4,16,2024,complete,106200,0,-1,[],"['4', '14']",0,2,2,10,5,15,1,0,0,2,0,0,4,7,11,5,15,12,2,9,59,41,57.0,1313.0,12.0,,,0,2,1.7,3.9,4.2,1.01,1.14,1.62,2.43,4.8,13.0,4.8,2.2,1.49,1.14,1.62,2.2,2.7,1.4,5.5,1.11,1.22,1.24,2.11,2.25,2.4,4.5,2.0,2.78,4.0,0,0,1.32,1.56,1.92,2.43,3.15,3.0,2.23,1.77,1.48,1.3,1.5,6.4,2.7,1.44,16.5,2.75,3.4,8.5,1.3,2.38,6.0,17.0,3.4,1.53,1.13,1.03,1.17,1.8,3.5,9.0,5.0,1.91,1.29,1.07,0,0,0,0,2,0,2,0,0,0,2,1725147000,16,0,71,25,42,0,-1,2,1,5,4,5,1,9,6,0,0,0,2,0,2,1,64,42,134,81,1.7,1.55,3.25,0,0,0,0,0,0,1,1,0,1,0,1,0,0,1,2,3,-1,-1,-1,1,3,15,17,54,75,84,88,25,79,84,67,8.42,3.75,4.17,3.42,/clubs/new-york-red-bulls-4,teams/usa-new-york-red-bulls.png,New York RB,/clubs/philadelphia-union-16,teams/usa-philadelphia-union.png,Philadelphia Union,1.61,1.18,2.17,1.17,1.62,1.04,84,46,25,17,13,59,34,17,1.56,1.12,2.68,/usa/new-york-red-bulls-vs-philadelphia-union-h2h-stats#7295617,10977,34,True,True,False,False,False,False,False,[],"['4', '14']"
MLS,2024,10977,7295618,17,677447,2024,complete,106200,0,-1,"['10', '14', '85']",[],3,0,3,5,5,10,1,3,6,1,0,0,7,2,6,6,13,8,14,14,59,41,13864.0,21031.0,52571.0,,,6,1,1.55,4.0,5.25,1.03,1.17,1.6,2.55,4.4,16.5,4.2,2.2,1.43,1.16,1.75,2.01,2.35,1.53,6.25,1.08,1.13,1.21,2.56,1.97,2.57,6.11,1.8,2.88,5.25,0,0,1.3,1.5,1.83,2.28,2.9,3.15,2.35,1.85,1.54,1.34,1.28,7.0,3.65,1.42,15.75,3.08,2.7,10.0,1.3,2.47,5.6,12.0,3.34,1.54,1.12,1.03,1.17,1.87,3.64,8.0,4.65,1.88,1.26,1.05,0,0,0,0,3,2,0,1,0,1,2,1725147000,17,0,46,8,21,0,-1,2,1,1,4,4,1,5,5,3,0,3,1,3,4,1,56,46,91,83,1.72,0.98,2.7,0,0,0,0,0,0,1,1,1,0,0,1,0,0,1,2,1,-1,-1,-1,1,8,5,21,29,46,75,83,34,71,75,42,10.5,4.33,3.59,2.59,/clubs/orlando-city-sc-17,teams/usa-orlando-city-sc.png,Orlando City,/clubs/nashville-sc-mls-677447,teams/usa-nashville-sc-mls.png,Nashville SC,1.52,0.88,1.08,0.75,1.31,1.0,79,71,54,25,17,63,54,33,1.32,0.86,2.18,/usa/orlando-city-sc-vs-nashville-sc-mls-h2h-stats#7295618,10977,34,True,True,True,False,False,False,False,"['10', '14', '85']",[]
MLS,2024,10977,7295619,19,13401,2024,complete,106200,0,-1,['82'],"['67', '88', '90+3']",1,3,4,6,1,7,6,4,3,1,0,0,3,6,2,3,5,9,15,9,57,43,42.0,10856.0,13006.0,,,3,1,1.95,3.75,3.3,0.0,0.0,1.52,2.33,0.0,0.0,0.0,2.43,1.52,0.0,1.5,2.5,0.0,0.0,0.0,0.0,0.0,0.0,0.0,2.6,2.4,3.6,2.25,0.0,3.25,0,0,0.0,0.0,0.0,0.0,0.0,0.0,0.0,0.0,0.0,0.0,0.0,0.0,0.0,1.62,0.0,2.3,0.0,0.0,1.29,2.25,5.5,15.0,3.5,1.57,1.14,1.03,1.14,1.73,3.4,7.0,5.5,2.0,1.3,1.1,0,0,0,0,4,0,0,1,3,4,0,1725147000,13401,0,67,30,38,0,-1,2,1,5,0,1,1,5,2,0,0,3,1,0,4,1,37,39,79,78,0.8,1.27,2.08,0,0,0,0,0,0,1,1,0,0,1,0,0,0,-1,-1,-1,-1,-1,-1,1,7,2,33,54,67,79,96,42,75,88,55,8.42,4.08,5.08,3.46,/clubs/toronto-fc-19,teams/canada-toronto-fc.png,Toronto,/clubs/dc-united-13401,teams/usa-dc-united.png,DC United,1.24,1.35,1.5,0.92,1.22,1.0,67,46,34,21,4,63,58,42,1.34,1.06,2.4,/usa/toronto-fc-vs-dc-united-h2h-stats#7295619,10977,34,True,True,True,True,False,False,True,['82'],"['67', '88', '90+3']"
MLS,2024,10977,7295620,698284,5,2024,complete,106200,0,-1,[],['70'],0,1,1,9,7,16,2,1,3,3,0,0,0,4,4,6,4,10,12,10,48,52,14023.0,2339.0,41087.0,,,3,3,2.55,3.3,2.62,1.03,1.2,1.73,2.68,4.85,13.0,3.88,1.98,1.39,1.13,1.57,2.25,3.6,1.25,3.8,1.22,1.47,1.22,1.5,3.1,2.25,3.2,2.75,2.6,2.75,0,0,1.25,1.44,1.72,2.12,2.7,3.45,2.55,1.98,1.62,1.4,1.84,6.25,2.05,1.8,9.5,2.05,4.75,5.25,1.33,2.63,6.5,19.0,3.25,1.44,1.11,1.02,1.18,1.83,3.75,10.0,4.5,1.83,1.25,1.06,0,0,0,0,1,0,0,0,1,1,0,1725150600,5,0,66,27,31,0,-1,2,1,5,5,4,2,10,6,1,1,2,2,2,4,1,38,57,67,83,0.53,1.32,1.86,0,0,0,0,0,0,1,1,0,0,0,1,1,1,1,14,11,-1,-1,-1,1,10,6,15,35,54,89,100,39,81,85,43,9.31,3.39,4.77,3.0,/clubs/austin-fc-698284,teams/usa-austin-fc.png,Austin,/clubs/vancouver-whitecaps-fc-5,teams/canada-vancouver-whitecaps-fc.png,Vancouver Whitecaps,1.53,1.32,1.69,1.62,1.31,1.58,85,66,46,12,0,70,62,35,1.1,1.09,2.19,/usa/vancouver-whitecaps-fc-vs-austin-fc-h2h-stats#7295620,10977,34,True,False,False,False,False,False,False,[],['70']
MLS,2024,10977,7295621,7,677446,2024,complete,106200,0,-1,['82'],"['25', '46', '65', '90+3']",1,4,5,7,2,9,1,1,2,5,0,0,4,7,12,10,16,17,14,14,50,50,84.0,42857.0,647.0,,,2,5,2.62,3.7,2.3,1.03,1.15,1.52,2.32,3.8,19.0,4.75,2.43,1.52,1.22,1.5,2.5,4.0,1.2,4.33,1.18,1.5,1.22,1.5,3.0,2.4,3.0,2.63,2.76,2.75,0,0,1.3,1.55,1.91,2.4,3.05,3.05,2.25,1.78,1.49,1.3,1.75,6.25,2.17,1.8,17.0,2.0,5.25,5.25,1.29,2.25,5.5,15.0,3.5,1.57,1.14,1.03,1.14,1.73,3.4,7.0,5.5,2.0,1.3,1.1,0,0,0,0,5,0,1,1,3,4,1,1725150600,677446,0,71,42,29,0,-1,-1,1,-1,-1,-1,-1,-1,-1,1,1,1,4,2,5,1,50,32,122,82,1.66,1.79,3.45,0,0,0,0,0,0,1,1,0,0,-1,-1,0,0,1,19,13,-1,-1,-1,1,4,7,25,42,71,80,88,50,75,88,50,9.5,3.42,5.42,3.3,/clubs/chicago-fire-7,teams/usa-chicago-fire.png,Chicago Fire,/clubs/club-internacional-de-futbol-miami-677446,teams/usa-club-internacional-de-futbol-miami.png,Inter Miami,1.12,2.06,1.25,2.17,1.0,2.15,75,59,30,21,13,79,67,50,1.31,1.16,2.47,/usa/chicago-fire-vs-club-internacional-de-futbol-miami-h2h-stats#7295621,10977,34,True,True,True,True,True,False,True,['82'],"['25', '46', '65', '90+3']"
MLS,2024,10977,7295622,13,12,2024,complete,106200,0,-1,"['6', '66']","['11', '76', '90+3']",2,3,5,3,3,6,1,1,4,3,0,0,5,8,9,3,14,11,14,13,59,41,35891.0,52424.0,11435.0,,,4,3,2.38,3.4,2.75,1.03,1.15,1.6,2.4,4.15,12.0,4.45,2.17,1.48,1.17,1.53,2.38,3.65,1.25,4.33,1.18,1.42,1.28,1.63,2.88,2.38,3.4,2.5,2.71,3.0,0,0,1.35,1.62,1.98,2.55,3.3,2.88,2.14,1.72,1.44,1.27,1.84,6.1,2.07,1.73,16.75,2.1,4.75,6.0,1.3,2.38,6.0,17.0,3.4,1.53,1.13,1.03,1.17,1.8,3.5,8.0,5.0,1.91,1.29,1.08,0,0,0,0,5,1,1,1,2,3,2,1725150600,12,0,66,31,35,0,-1,2,1,0,1,3,2,1,5,1,0,3,3,1,6,1,54,35,79,74,1.62,1.51,3.13,0,1,0,0,0,1,1,1,1,0,0,1,0,0,1,20,20,-1,-1,-1,1,5,15,23,38,74,93,96,35,85,89,54,9.23,3.39,4.31,3.5,/clubs/fc-dallas-13,teams/usa-fc-dallas.png,FC Dallas,/clubs/colorado-rapids-12,teams/usa-colorado-rapids.png,Colorado Rapids,1.88,0.94,2.0,1.08,1.27,1.58,77,62,27,8,4,47,43,19,1.35,1.29,2.64,/usa/colorado-rapids-vs-fc-dallas-h2h-stats#7295622,10977,34,True,True,True,True,True,False,True,"['6', '66']","['11', '76', '90+3']"
MLS,2024,10977,7295623,14,11,2024,complete,106200,0,-1,"['45+3', '56']",[],2,0,2,6,3,9,2,1,1,1,0,0,10,2,6,5,16,7,13,8,44,56,24.0,8.0,13.0,,,1,1,1.44,4.75,5.8,1.01,1.11,1.45,2.12,3.3,17.0,5.5,2.63,1.63,1.29,1.57,2.25,2.62,1.42,7.5,1.04,1.13,1.18,2.68,1.95,2.63,5.5,1.73,3.1,5.0,0,0,1.24,1.41,1.67,2.05,2.55,3.55,2.65,2.04,1.67,1.43,1.35,7.0,3.2,1.33,15.0,3.25,2.85,12.0,1.22,2.1,4.5,13.0,4.0,1.67,1.18,1.04,1.13,1.62,3.0,6.5,6.0,2.2,1.36,1.11,0,0,0,0,2,1,0,1,0,1,1,1725154200,14,0,53,21,39,0,-1,2,1,4,1,2,1,5,3,1,0,0,1,1,1,1,47,48,83,106,2.05,0.94,2.99,0,0,0,0,0,0,1,1,0,0,3,0,0,0,1,24,13,-1,-1,-1,1,8,10,35,44,61,79,96,47,74,88,53,11.06,2.83,4.86,3.48,/clubs/real-salt-lake-14,teams/usa-real-salt-lake.png,Real Salt Lake,/clubs/new-england-revolution-11,teams/usa-new-england-revolution.png,New England Revolution,2.06,0.71,2.08,1.09,1.69,1.08,66,57,39,22,4,66,49,39,1.58,1.14,2.72,/usa/new-england-revolution-vs-real-salt-lake-h2h-stats#7295623,10977,34,True,True,False,False,False,False,False,"['45+3', '56']",[]
MLS,2024,10977,7295624,6490,6,2024,complete,106200,0,-1,[],"['28', '71']",0,2,2,4,5,9,1,2,2,4,0,0,6,6,5,2,11,8,9,14,37,63,7.0,39588.0,20.0,,,2,4,1.62,4.0,4.75,1.04,1.17,1.63,2.5,4.4,10.0,4.25,2.12,1.44,1.16,1.67,2.1,2.45,1.48,5.75,1.1,1.14,1.18,2.35,2.2,2.4,5.0,1.91,2.8,4.5,0,0,1.2,1.35,1.57,1.9,2.35,3.95,2.9,2.23,1.79,1.5,1.32,7.5,3.3,1.44,10.0,2.88,2.95,9.5,1.3,2.5,6.0,17.0,3.4,1.5,1.13,1.03,1.17,1.83,3.75,9.0,5.0,1.83,1.25,1.07,0,0,0,0,2,0,1,0,1,1,1,1725157800,6,0,62,27,46,0,-1,2,1,0,2,4,3,2,7,1,2,1,2,3,3,1,41,68,96,116,1.42,1.43,2.84,0,0,0,0,0,0,1,1,0,0,0,0,0,0,1,13,15,-1,-1,-1,1,5,7,27,38,69,81,96,42,77,89,62,10.38,4.16,4.31,3.35,/clubs/los-angeles-fc-6490,teams/usa-los-angeles-fc.png,Los Angeles FC,/clubs/houston-dynamo-6,teams/usa-houston-dynamo.png,Houston Dynamo,2.15,1.5,2.31,1.54,1.96,1.48,73,62,31,19,4,89,81,58,1.82,1.19,3.01,/usa/houston-dynamo-vs-los-angeles-fc-h2h-stats#7295624,10977,36,True,True,False,False,False,False,False,[],"['28', '71']"
MLS,2024,10977,7295625,20,18,2024,complete,106200,0,-1,['55'],[],1,0,1,5,13,18,1,1,0,0,0,0,5,2,6,7,11,9,9,16,49,51,19912.0,28121.0,25.0,,,0,0,2.3,3.4,2.88,1.04,1.2,1.68,2.58,4.63,16.25,4.57,2.05,1.51,1.2,1.53,2.38,3.4,1.29,4.2,1.18,1.38,1.27,1.68,2.75,2.38,3.5,2.4,2.68,3.0,0,0,1.28,1.48,1.78,2.23,2.8,3.3,2.43,1.91,1.57,1.36,1.84,6.4,2.05,1.67,12.0,2.2,4.5,6.0,1.3,2.5,6.0,17.0,3.4,1.5,1.13,1.03,1.17,1.8,3.5,9.0,5.0,1.91,1.29,1.07,0,0,0,0,1,0,0,1,0,1,0,1725157800,20,0,77,35,35,0,-1,2,-1,2,7,3,6,9,9,0,0,0,0,0,0,1,35,82,81,103,1.3,1.3,2.6,0,0,0,0,0,0,1,1,0,0,0,1,-1,-1,1,9,23,-1,-1,-1,1,9,6,31,50,81,89,96,62,85,85,54,10.15,1.62,3.85,3.62,/clubs/portland-timbers-20,teams/usa-portland-timbers.png,Portland Timbers,/clubs/seattle-sounders-fc-18,teams/usa-seattle-sounders-fc.png,Seattle Sounders,1.88,1.5,1.92,1.31,1.42,1.54,70,50,20,12,4,62,58,31,1.62,1.1,2.72,/usa/seattle-sounders-fc-vs-portland-timbers-h2h-stats#7295625,10977,35,True,False,False,False,False,False,False,['55'],[]
MLS,2024,10977,7295626,15,1015,2024,complete,106200,0,-1,['33'],"['9', '63']",1,2,3,3,8,11,1,1,1,1,0,0,2,7,3,3,5,10,7,18,53,47,19856.0,428.0,25056.0,,,1,1,2.2,3.75,2.8,1.02,1.11,1.45,2.23,3.42,21.5,5.1,2.63,1.56,1.25,1.44,2.63,4.0,1.2,5.0,1.13,1.41,1.26,1.67,2.63,2.5,3.25,2.4,2.83,3.0,0,0,1.14,1.28,1.48,1.75,2.15,4.6,3.3,2.45,1.95,1.61,1.58,6.75,2.43,1.67,19.0,2.1,5.0,7.0,1.25,2.2,5.0,13.0,3.75,1.62,1.17,1.04,1.13,1.62,3.0,6.5,6.0,2.2,1.36,1.11,0,0,0,0,3,1,1,0,1,1,2,1725157800,1015,0,61,21,48,0,-1,2,1,2,5,1,3,7,4,0,0,1,1,0,2,1,27,52,80,110,0.66,1.51,2.17,0,0,0,0,0,0,1,1,0,1,0,1,0,0,1,15,24,-1,-1,-1,1,9,6,24,32,65,89,100,28,69,96,72,11.81,2.92,3.92,3.3,/clubs/san-jose-earthquakes-15,teams/usa-san-jose-earthquakes.png,SJ Earthquakes,/clubs/minnesota-united-fc-1015,teams/usa-minnesota-united-fc.png,Minnesota United,0.76,1.47,0.77,1.17,0.65,1.27,76,68,36,12,0,92,76,72,1.32,1.14,2.46,/usa/san-jose-earthquakes-vs-minnesota-united-fc-h2h-stats#7295626,10977,34,True,True,True,False,False,False,True,['33'],"['9', '63']"
MLS,2024,10977,7295627,945555,10,2024,complete,106200,0,-1,"['9', '68']",['46'],2,1,3,2,3,5,4,0,4,1,0,0,6,6,2,0,8,6,7,17,41,59,13893.0,424.0,2.0,,,4,1,2.88,4.0,2.1,1.01,1.09,1.4,1.93,3.1,26.0,5.75,2.75,1.88,1.3,1.36,3.0,5.0,1.13,4.75,1.15,1.56,1.25,1.51,3.0,2.5,2.88,2.63,2.89,2.6,0,0,1.2,1.37,1.58,1.95,2.43,3.95,2.8,2.18,1.74,1.48,1.74,6.75,2.15,2.0,19.0,1.8,6.5,6.0,1.22,2.1,4.5,11.0,4.0,1.67,1.18,1.05,1.11,1.57,2.75,6.0,6.5,2.25,1.4,1.13,0,0,0,0,3,1,0,1,1,2,1,1725216300,945555,0,50,15,31,0,-1,2,1,1,1,1,2,2,3,1,0,3,1,1,4,1,33,61,80,124,1.17,1.26,2.43,0,0,0,0,0,0,1,1,1,0,0,0,0,0,1,4,1,-1,-1,-1,1,4,4,8,31,50,77,85,31,54,73,50,11.15,2.84,4.69,2.5,/clubs/st-louis-city-sc-945555,teams/usa-st-louis-city-sc.png,St. Louis City,/clubs/la-galaxy-10,teams/usa-la-galaxy.png,LA Galaxy,1.53,1.39,1.31,1.46,0.92,1.93,92,70,50,23,15,66,62,50,1.58,1.22,2.8,/usa/la-galaxy-vs-st-louis-city-sc-h2h-stats#7295627,10977,34,True,True,True,False,False,False,True,"['9', '68']",['46']
MLS,2024,10977,7295628,5,13,2024,complete,106200,0,-1,[],[],0,0,0,7,1,8,3,2,1,1,0,0,4,2,9,3,13,5,11,7,53,47,3.0,41087.0,52424.0,,,1,1,2.07,3.65,3.45,1.04,1.22,1.65,2.2,4.75,10.0,4.2,2.05,1.6,1.18,1.62,2.2,3.0,1.33,4.75,1.15,1.28,1.22,1.8,2.6,2.3,3.75,2.25,2.6,3.4,0,0,1.34,1.58,1.95,2.48,3.2,2.9,2.18,1.74,1.47,1.29,1.53,6.4,2.65,1.62,10.0,2.4,3.9,7.0,1.33,2.5,6.5,19.0,3.25,1.5,1.11,1.02,1.18,1.83,3.75,9.0,4.5,1.83,1.25,1.07,0,0,0,0,0,0,0,0,0,0,0,1725762600,-1,0,84,25,59,0,-1,2,1,4,1,4,0,5,4,0,0,1,1,0,2,1,56,15,113,66,1.51,0.57,2.09,0,0,0,0,0,0,1,1,0,0,0,1,0,0,1,21,12,-1,-1,-1,1,6,6,25,42,72,88,92,38,68,84,72,6.86,3.5,4.05,3.44,/clubs/vancouver-whitecaps-fc-5,teams/canada-vancouver-whitecaps-fc.png,Vancouver Whitecaps,/clubs/fc-dallas-13,teams/usa-fc-dallas.png,FC Dallas,1.47,0.53,1.55,0.54,1.64,1.22,75,59,28,12,9,59,55,21,1.45,0.99,2.44,/usa/vancouver-whitecaps-fc-vs-fc-dallas-h2h-stats#7295628,10977,34,False,False,False,False,False,False,False,[],[]
MLS,2024,10977,7295629,11,945555,2024,complete,106200,0,-1,"['28', '40']","['23', '73']",2,2,4,2,7,9,1,0,1,4,0,0,4,9,4,6,8,15,8,13,55,45,13841.0,13.0,424.0,,,1,4,2.12,3.62,3.28,1.04,1.15,1.55,2.12,3.98,12.0,4.5,2.36,1.68,1.19,1.5,2.5,3.55,1.25,4.75,1.15,1.35,1.3,1.7,2.63,2.38,3.5,2.4,2.73,3.1,0,0,1.2,1.36,1.61,1.96,2.45,3.9,2.8,2.15,1.73,1.48,1.61,6.4,2.4,1.67,15.0,2.25,4.5,6.5,1.29,2.38,5.5,15.0,3.5,1.53,1.14,1.03,1.17,1.73,3.4,8.0,5.0,2.0,1.3,1.08,0,0,0,0,4,2,1,0,1,1,3,1725751800,-1,0,70,39,35,0,-1,2,1,1,6,1,1,7,2,1,1,0,3,2,3,1,46,56,107,103,1.13,1.98,3.11,0,0,0,0,0,0,1,1,0,0,0,1,0,0,1,3,3,-1,-1,-1,1,7,6,35,50,62,81,96,42,81,85,58,10.85,3.0,4.46,3.58,/clubs/new-england-revolution-11,teams/usa-new-england-revolution.png,New England Revolution,/clubs/st-louis-city-sc-945555,teams/usa-st-louis-city-sc.png,St. Louis City,1.12,0.65,1.08,0.54,1.04,1.0,66,50,39,20,4,66,62,46,1.21,1.24,2.45,/usa/new-england-revolution-vs-st-louis-city-sc-h2h-stats#7295629,10977,34,True,True,True,True,False,False,True,"['28', '40']","['23', '73']"
MLS,2024,10977,7295630,4,8,2024,complete,106200,0,-1,['89'],['55'],1,1,2,4,2,6,1,3,2,1,0,1,3,1,7,2,10,3,15,18,59,41,13851.0,53650.0,18.0,,,2,2,1.75,4.0,4.28,1.04,1.18,1.6,2.54,4.5,10.0,4.15,2.3,1.43,1.15,1.67,2.1,2.55,1.45,5.75,1.1,1.18,1.23,2.26,2.2,2.4,4.75,1.91,2.78,4.33,0,0,1.32,1.56,1.91,2.4,3.15,3.0,2.23,1.78,1.49,1.3,1.44,6.75,2.9,1.44,15.5,2.88,3.1,9.0,1.3,2.5,6.0,17.0,3.4,1.5,1.13,1.03,1.17,1.83,3.75,9.0,5.0,1.83,1.25,1.07,0,0,0,0,2,0,0,1,1,2,0,1725751800,-1,0,66,15,54,0,-1,2,1,1,2,3,0,3,3,1,0,1,2,1,3,1,49,45,117,80,1.21,0.6,1.8,0,0,0,0,0,0,1,1,0,0,0,0,0,0,1,7,2,-1,-1,-1,1,6,10,12,42,70,81,89,23,62,77,66,9.0,3.47,3.16,3.0,/clubs/new-york-red-bulls-4,teams/usa-new-york-red-bulls.png,New York RB,/clubs/sporting-kansas-city-8,teams/usa-sporting-kansas-city.png,Sporting KC,1.61,0.53,2.0,0.62,1.56,1.0,89,58,31,19,12,58,31,16,1.57,1.14,2.71,/usa/new-york-red-bulls-vs-sporting-kansas-city-h2h-stats#7295630,10977,34,True,True,False,False,False,False,True,['89'],['55']
MLS,2024,10977,7295631,7,13401,2024,complete,106200,0,-1,['54'],"['26', '29']",1,2,3,3,4,7,-1,-1,1,2,0,0,2,3,3,3,5,6,10,13,65,35,24.0,21081.0,13006.0,,,1,2,1.94,3.8,3.5,1.02,1.19,1.55,2.28,4.33,17.0,4.75,2.36,1.55,1.22,1.5,2.5,3.4,1.28,5.0,1.13,1.33,1.22,1.83,2.6,2.4,3.75,2.25,2.75,3.4,0,0,1.25,1.44,1.72,2.12,2.7,3.45,2.55,1.98,1.63,1.38,1.68,6.4,2.3,1.62,10.0,2.38,4.33,7.0,1.29,2.25,5.5,15.0,3.5,1.57,1.14,1.03,1.17,1.73,3.4,8.0,5.0,2.0,1.3,1.08,0,0,0,0,3,0,2,1,0,1,2,1725755400,13401,0,62,35,38,0,-1,2,1,0,1,3,3,1,6,1,0,0,2,1,2,1,47,28,125,88,0.82,0.8,1.62,0,0,0,0,0,0,1,1,0,0,0,0,0,0,1,23,19,-1,-1,-1,1,6,6,27,50,62,73,89,42,69,85,42,9.62,3.69,5.08,3.2,/clubs/chicago-fire-7,teams/usa-chicago-fire.png,Chicago Fire,/clubs/dc-united-13401,teams/usa-dc-united.png,DC United,1.12,1.35,1.15,1.08,0.96,1.07,73,50,38,27,12,70,66,50,1.33,1.08,2.41,/usa/chicago-fire-vs-dc-united-h2h-stats#7295631,10977,34,True,True,True,False,False,False,True,['54'],"['26', '29']"
MLS,2024,10977,7295632,5,15,2024,complete,106200,0,-1,"['35', '86']",[],2,0,2,7,2,9,1,1,1,2,0,0,11,2,4,1,15,3,9,8,57,43,19912.0,41087.0,428.0,,,1,2,1.48,4.75,5.5,1.02,1.1,1.41,2.1,3.22,25.0,5.55,2.78,1.67,1.28,1.57,2.25,2.65,1.42,7.5,1.04,1.09,1.14,2.48,1.95,2.63,5.5,1.73,3.14,4.75,0,0,1.2,1.35,1.57,1.92,2.4,3.95,2.9,2.2,1.77,1.5,1.43,6.75,2.9,1.33,24.0,3.25,2.95,13.0,1.22,2.1,4.5,13.0,4.0,1.67,1.18,1.04,1.13,1.62,3.0,6.5,6.0,2.2,1.36,1.11,0,0,0,0,2,1,0,1,0,1,1,1726367400,5,0,76,28,45,0,-1,2,1,3,2,4,0,5,4,1,1,0,1,2,1,1,83,28,112,75,2.31,0.54,2.86,0,0,0,0,0,0,1,1,0,0,1,1,0,0,1,16,11,-1,-1,-1,1,4,9,36,44,72,92,92,52,80,76,61,9.02,2.8,4.44,3.87,/clubs/vancouver-whitecaps-fc-5,teams/canada-vancouver-whitecaps-fc.png,Vancouver Whitecaps,/clubs/san-jose-earthquakes-15,teams/usa-san-jose-earthquakes.png,SJ Earthquakes,1.47,0.47,1.5,0.54,1.62,0.63,65,56,28,9,9,68,68,47,1.46,1.07,2.53,/usa/vancouver-whitecaps-fc-vs-san-jose-earthquakes-h2h-stats#7295632,10977,34,True,True,False,False,False,False,False,"['35', '86']",[]
MLS,2024,10977,7295633,1016,677447,2024,complete,106200,0,-1,[],"['5', '76']",0,2,2,6,2,8,1,3,1,2,0,0,5,3,4,1,9,4,11,12,56,44,7.0,40413.0,52571.0,,,1,2,1.7,3.8,4.5,1.03,1.2,1.6,2.55,4.62,17.0,4.57,2.2,1.44,1.2,1.62,2.2,2.65,1.42,5.5,1.11,1.22,1.2,2.15,2.25,2.4,4.5,2.0,2.8,4.0,0,0,1.28,1.47,1.77,2.18,2.8,3.3,2.43,1.92,1.58,1.37,1.43,6.75,2.9,1.5,10.0,2.63,3.2,8.5,1.3,2.38,6.0,17.0,3.4,1.53,1.13,1.03,1.17,1.8,3.5,9.0,5.0,1.91,1.29,1.07,0,0,0,0,2,0,1,0,1,1,1,1726356600,677447,0,58,16,35,0,-1,2,1,5,2,1,0,7,1,0,1,1,1,1,2,1,59,37,107,100,1.35,0.75,2.1,0,0,0,0,0,0,1,1,0,1,1,1,0,0,1,3,1,-1,-1,-1,1,3,8,19,35,70,85,93,39,69,89,58,10.08,3.54,3.93,3.0,/clubs/atlanta-united-fc-1016,teams/usa-atlanta-united-fc.png,Atlanta United FC,/clubs/nashville-sc-mls-677447,teams/usa-nashville-sc-mls.png,Nashville SC,1.39,0.88,1.38,0.69,1.15,0.96,81,66,31,16,8,66,62,47,1.49,0.87,2.36,/usa/atlanta-united-fc-vs-nashville-sc-mls-h2h-stats#7295633,10977,34,True,True,False,False,False,False,False,[],"['5', '76']"
MLS,2024,10977,7295634,8043,9,2024,complete,106200,0,-1,[],[],0,0,0,1,4,5,2,3,2,1,0,0,2,3,3,5,5,8,18,9,50,50,13893.0,40182.0,39282.0,,,2,1,2.38,3.75,2.63,1.02,1.12,1.59,2.1,3.58,19.0,5.0,2.21,1.67,1.23,1.44,2.63,3.95,1.2,4.75,1.15,1.44,1.22,1.66,2.75,2.4,3.25,2.5,2.8,2.88,0,0,1.33,1.56,1.92,2.43,3.15,2.95,2.23,1.77,1.47,1.29,1.86,6.25,2.05,1.73,11.0,2.1,5.0,6.25,1.25,2.2,5.0,15.0,3.75,1.62,1.17,1.03,1.14,1.67,3.25,7.0,5.5,2.1,1.33,1.1,0,0,0,0,0,0,0,0,0,0,0,1726356600,-1,0,63,30,30,0,-1,2,1,0,0,1,4,0,5,0,0,2,1,0,3,1,40,28,90,66,0.76,0.92,1.68,0,0,0,0,0,0,1,1,0,0,0,0,0,0,1,8,7,-1,-1,-1,1,8,4,22,41,60,75,89,37,70,78,49,10.21,3.76,3.7,3.08,/clubs/fc-cincinnati-8043,teams/usa-fc-cincinnati.png,FC Cincinnati,/clubs/columbus-crew-9,teams/usa-columbus-crew.png,Columbus Crew,1.47,1.83,1.64,1.85,1.89,1.88,78,59,41,26,11,59,51,44,1.47,1.28,2.75,/usa/columbus-crew-vs-fc-cincinnati-h2h-stats#7295634,10977,36,False,False,False,False,False,False,False,[],[]
MLS,2024,10977,7295635,13401,2,2024,complete,106200,0,-1,['67'],['32'],1,1,2,5,3,8,2,3,4,3,0,0,6,3,1,3,7,6,12,14,38,62,13851.0,13006.0,27505.0,,,4,3,2.38,3.6,2.7,1.03,1.17,1.62,2.1,4.1,19.0,5.1,2.15,1.65,1.24,1.44,2.63,4.0,1.2,4.33,1.18,1.5,1.24,1.58,3.0,2.4,3.1,2.63,2.65,2.75,0,0,1.28,1.49,1.79,2.23,2.9,3.3,2.4,1.9,1.56,1.35,1.7,6.25,2.3,1.8,10.0,2.0,5.25,5.75,1.29,2.25,5.5,15.0,3.5,1.57,1.14,1.03,1.14,1.73,3.25,7.0,5.5,2.0,1.33,1.1,0,0,0,0,2,0,1,1,0,1,1,1726356600,-1,0,68,32,25,0,-1,2,1,0,2,5,1,2,6,2,1,2,2,3,4,1,38,42,77,109,1.14,0.91,2.05,1,1,1,1,0,0,1,1,0,0,0,0,0,0,1,0,5,-1,-1,-1,1,7,6,25,43,58,75,97,47,79,82,43,11.64,3.28,5.93,3.08,/clubs/dc-united-13401,teams/usa-dc-united.png,DC United,/clubs/new-york-city-fc-2,teams/usa-new-york-city-fc.png,New York City,1.0,0.95,1.07,0.93,1.14,1.44,75,58,43,25,4,82,61,40,1.49,1.04,2.53,/usa/new-york-city-fc-vs-dc-united-h2h-stats#7295635,10977,34,True,True,False,False,False,False,True,['67'],['32']
MLS,2024,10977,7295636,677446,16,2024,complete,106200,0,-1,"['26', '30', '90+8']",['2'],3,1,4,5,4,9,4,1,4,2,0,0,4,8,1,6,5,14,7,12,62,38,65601.0,647.0,12.0,,,4,2,1.44,4.75,6.0,1.01,1.15,1.43,2.1,3.75,23.0,5.5,2.7,1.67,1.28,1.62,2.2,2.7,1.4,7.0,1.07,1.14,1.16,2.6,2.0,2.6,5.5,1.73,3.0,5.0,0,0,1.3,1.52,1.85,2.33,3.05,3.15,2.33,1.83,1.52,1.32,1.55,6.4,2.55,1.36,21.0,3.2,2.95,11.0,1.25,2.2,5.0,13.0,3.75,1.62,1.17,1.04,1.14,1.67,3.25,7.0,5.5,2.1,1.33,1.1,0,0,0,0,4,2,1,1,0,1,3,1726356600,677446,0,74,30,44,0,-1,2,1,2,2,3,2,4,5,1,0,3,2,1,5,1,38,42,95,83,0.88,1.75,2.63,0,0,0,0,0,0,1,1,0,1,1,0,0,0,1,3,3,-1,-1,-1,1,9,2,26,56,74,93,96,41,89,82,63,8.14,4.49,4.82,3.78,/clubs/club-internacional-de-futbol-miami-677446,teams/usa-club-internacional-de-futbol-miami.png,Inter Miami,/clubs/philadelphia-union-16,teams/usa-philadelphia-union.png,Philadelphia Union,2.11,1.18,2.14,1.31,2.19,1.11,74,45,26,8,4,63,41,34,1.41,1.15,2.56,/usa/philadelphia-union-vs-club-internacional-de-futbol-miami-h2h-stats#7295636,10977,34,True,True,True,True,False,False,True,"['26', '30', '90+8']",['2']
MLS,2024,10977,7295637,1,711351,2024,complete,106200,0,-1,"['23', '26']",['35'],2,1,3,7,5,12,0,1,0,0,0,0,8,1,3,6,11,7,8,8,59,41,69.0,53329.0,404.0,,,0,0,2.7,3.6,2.38,1.03,1.22,1.65,2.7,5.0,15.0,4.33,2.1,1.48,1.18,1.57,2.25,3.95,1.2,3.7,1.22,1.63,1.25,1.42,3.2,2.3,3.0,2.75,2.65,2.63,0,0,1.3,1.54,1.88,2.38,3.05,3.05,2.3,1.81,1.5,1.3,1.98,6.25,1.9,2.05,10.0,1.8,5.5,5.0,1.33,2.5,6.5,19.0,3.25,1.5,1.11,1.02,1.18,1.83,3.75,9.0,4.5,1.83,1.25,1.07,0,0,0,0,3,2,1,0,0,0,3,1726356600,1,0,62,42,19,0,-1,2,-1,2,4,5,1,6,6,0,0,0,0,0,0,1,33,58,78,94,1.5,0.94,2.43,0,0,0,0,0,0,1,1,0,0,0,1,-1,-1,1,1,4,-1,-1,-1,1,10,6,20,43,54,69,93,50,73,73,39,7.84,3.39,5.15,2.85,/clubs/montreal-impact-1,teams/canada-montreal-impact.png,Montreal Impact,/clubs/charlotte-fc-711351,teams/usa-charlotte-fc.png,Charlotte,1.67,1.05,1.31,1.15,1.0,1.41,81,58,46,31,8,54,39,23,1.17,1.17,2.34,/usa/montreal-impact-vs-charlotte-fc-h2h-stats#7295637,10977,35,True,True,True,False,False,False,True,"['23', '26']",['35']
MLS,2024,10977,7295638,17,11,2024,complete,106200,0,-1,"['22', '45+2', '74']",[],3,0,3,5,3,8,2,2,2,3,0,0,5,2,11,6,16,8,9,16,54,46,45098.0,21031.0,13.0,,,2,3,1.53,4.2,5.5,1.01,1.14,1.57,2.43,4.8,13.0,4.8,2.25,1.48,1.14,1.7,2.05,2.4,1.5,6.25,1.08,1.14,1.17,2.55,2.05,2.5,5.5,1.8,2.9,5.0,0,0,1.25,1.44,1.72,2.1,2.65,3.45,2.55,1.98,1.64,1.41,1.38,6.75,3.15,1.36,10.0,3.2,2.85,10.0,1.29,2.38,5.5,15.0,3.5,1.53,1.14,1.03,1.17,1.8,3.5,8.0,5.0,1.91,1.29,1.08,0,0,0,0,3,2,0,1,0,1,2,1726356600,17,0,48,8,37,0,-1,2,1,2,2,3,1,4,4,0,1,2,2,1,4,1,48,43,64,85,1.7,0.96,2.66,1,0,1,0,0,0,1,1,0,0,0,1,0,0,1,3,2,-1,-1,-1,1,8,11,28,37,52,80,93,32,76,89,52,11.27,3.38,4.48,3.01,/clubs/orlando-city-sc-17,teams/usa-orlando-city-sc.png,Orlando City,/clubs/new-england-revolution-11,teams/usa-new-england-revolution.png,New England Revolution,1.52,0.71,1.23,1.0,1.37,1.04,72,64,48,20,8,68,56,37,1.35,1.12,2.47,/usa/new-england-revolution-vs-orlando-city-sc-h2h-stats#7295638,10977,34,True,True,True,False,False,False,False,"['22', '45+2', '74']",[]
MLS,2024,10977,7295639,19,698284,2024,complete,106200,0,-1,"['7', '30']",['75'],2,1,3,2,6,8,0,2,5,3,0,0,3,6,3,9,6,15,11,14,48,52,11.0,10856.0,2339.0,,,5,3,1.85,3.75,3.8,1.04,1.23,1.73,2.79,1.02,14.5,4.18,2.0,1.45,1.15,1.67,2.1,2.8,1.38,4.75,1.15,1.26,1.22,1.98,2.4,2.3,4.33,2.1,2.6,3.75,0,0,1.3,1.5,1.83,2.3,2.9,3.15,2.35,1.85,1.53,1.34,1.58,6.4,2.43,1.53,9.5,2.6,3.5,7.5,1.33,2.5,6.5,19.0,3.25,1.5,1.11,1.02,1.18,1.83,3.75,10.0,4.5,1.83,1.25,1.06,0,0,0,0,3,2,0,0,1,1,2,1726356600,19,0,54,15,31,0,-1,2,1,1,5,1,1,6,2,0,2,5,1,2,6,1,32,49,76,96,0.83,1.72,2.55,0,0,0,0,0,0,1,1,1,0,0,0,0,1,1,4,1,-1,-1,-1,1,13,6,20,35,50,74,93,27,69,81,46,7.23,4.54,4.46,2.85,/clubs/toronto-fc-19,teams/canada-toronto-fc.png,Toronto,/clubs/austin-fc-698284,teams/usa-austin-fc.png,Austin,1.24,0.94,1.38,0.92,1.18,1.26,81,66,50,27,8,54,43,23,1.29,0.81,2.1,/usa/toronto-fc-vs-austin-fc-h2h-stats#7295639,10977,34,True,True,True,False,False,False,True,"['7', '30']",['75']
MLS,2024,10977,7295640,7,4,2024,complete,106200,0,-1,"['31', '75']",['47'],2,1,3,3,7,10,2,3,3,1,0,0,5,3,4,8,9,11,12,11,48,52,14023.0,21081.0,53650.0,,,3,1,2.64,3.5,2.4,1.04,1.24,1.67,2.85,5.0,13.0,4.2,2.0,1.44,1.17,1.57,2.25,3.75,1.22,3.6,1.25,1.46,1.26,1.41,3.2,2.25,3.1,2.75,2.6,2.75,0,0,1.34,1.58,1.96,2.48,3.2,2.9,2.18,1.73,1.47,1.28,1.97,6.1,1.95,2.05,9.5,1.8,5.25,4.75,1.33,2.63,6.5,19.0,3.25,1.44,1.11,1.02,1.18,1.83,3.75,10.0,4.5,1.83,1.25,1.06,0,0,0,0,3,1,0,1,1,2,1,1726360200,7,0,68,29,29,0,-1,2,1,1,1,2,6,2,8,1,0,2,1,1,3,1,20,43,71,119,1.07,1.23,2.3,0,0,0,0,0,0,1,1,0,0,0,0,0,0,1,27,18,-1,-1,-1,1,8,6,18,33,61,75,86,40,75,83,36,10.57,3.0,4.14,2.97,/clubs/chicago-fire-7,teams/usa-chicago-fire.png,Chicago Fire,/clubs/new-york-red-bulls-4,teams/usa-new-york-red-bulls.png,New York RB,1.12,1.33,1.07,1.14,0.93,1.54,83,68,40,25,14,68,61,40,1.3,1.25,2.55,/usa/new-york-red-bulls-vs-chicago-fire-h2h-stats#7295640,10977,34,True,True,True,False,False,False,True,"['31', '75']",['47']
MLS,2024,10977,7295641,6,14,2024,complete,106200,0,-1,"['27', '45+3', '75', '81']",['49'],4,1,5,4,3,7,2,1,2,3,0,0,8,6,8,9,16,15,12,7,57,43,13889.0,20.0,8.0,,,2,3,1.94,3.75,3.35,1.03,1.17,1.6,2.48,4.33,17.0,4.25,2.1,1.45,1.16,1.57,2.25,3.2,1.3,4.75,1.15,1.21,1.2,1.88,2.5,2.38,4.0,2.2,2.7,3.5,0,0,1.29,1.5,1.82,2.28,2.9,3.2,2.4,1.86,1.54,1.34,1.79,6.4,2.08,1.57,11.0,2.4,3.8,6.5,1.3,2.38,6.0,17.0,3.4,1.53,1.13,1.03,1.17,1.8,3.5,9.0,5.0,1.91,1.29,1.07,0,0,0,0,5,2,0,2,1,3,2,1726360200,6,0,63,15,33,0,-1,2,1,1,3,3,0,4,3,2,1,0,2,3,2,1,37,35,80,95,1.84,1.62,3.46,0,0,0,0,0,0,1,1,0,0,0,2,0,0,1,13,13,-1,-1,-1,1,8,4,11,26,44,74,89,26,67,78,51,10.03,3.94,4.15,2.53,/clubs/houston-dynamo-6,teams/usa-houston-dynamo.png,Houston Dynamo,/clubs/real-salt-lake-14,teams/usa-real-salt-lake.png,Real Salt Lake,1.61,1.33,1.38,1.36,1.52,1.74,90,75,56,27,11,67,55,48,1.57,1.39,2.96,/usa/houston-dynamo-vs-real-salt-lake-h2h-stats#7295641,10977,36,True,True,True,True,True,False,True,"['27', '45+3', '75', '81']",['49']
MLS,2024,10977,7295642,945555,1015,2024,complete,106200,0,-1,['4'],"['24', '52', '62']",1,3,4,2,8,10,2,1,1,2,0,0,8,9,7,9,15,18,11,18,58,42,42.0,424.0,55946.0,,,1,2,1.98,3.65,3.15,1.02,1.18,1.55,2.25,4.0,19.0,5.0,2.2,1.57,1.25,1.5,2.5,3.45,1.25,5.0,1.13,1.27,1.2,1.75,2.6,2.4,3.6,2.25,2.8,3.25,0,0,1.19,1.34,1.57,1.9,2.35,4.1,2.9,2.23,1.79,1.5,1.5,6.75,2.65,1.62,10.0,2.3,4.33,7.0,1.29,2.25,5.5,15.0,3.5,1.57,1.14,1.03,1.14,1.73,3.4,7.0,5.5,2.0,1.3,1.1,0,0,0,0,4,1,1,0,2,2,2,1726360200,1015,0,60,26,41,0,-1,2,1,0,5,2,3,5,5,0,1,1,1,1,2,1,42,37,114,87,1.82,2.03,3.85,0,1,0,1,0,0,1,1,1,0,0,0,0,0,1,14,13,-1,-1,-1,1,4,9,19,26,56,90,93,30,68,90,63,11.33,3.49,5.21,2.99,/clubs/st-louis-city-sc-945555,teams/usa-st-louis-city-sc.png,St. Louis City,/clubs/minnesota-united-fc-1015,teams/usa-minnesota-united-fc.png,Minnesota United,1.53,1.47,1.43,1.31,1.0,1.33,81,74,44,11,7,78,67,60,1.55,1.17,2.72,/usa/minnesota-united-fc-vs-st-louis-city-sc-h2h-stats#7295642,10977,34,True,True,True,True,False,False,True,['4'],"['24', '52', '62']"
MLS,2024,10977,7295643,12,20,2024,complete,106200,0,-1,"['14', '71']",['24'],2,1,3,4,5,9,3,1,1,1,1,0,4,4,6,7,10,11,7,11,55,45,45125.0,11435.0,28121.0,,,3,1,2.03,3.9,2.86,1.01,1.08,1.37,1.93,2.98,17.0,6.05,2.94,1.91,1.32,1.36,3.0,4.33,1.18,5.75,1.1,1.31,1.18,1.73,2.5,2.6,3.4,2.3,2.96,3.0,0,0,1.3,1.5,1.84,2.33,3.05,3.15,2.33,1.84,1.52,1.32,1.55,6.4,2.55,1.62,27.0,2.2,5.0,8.0,1.22,2.0,4.33,11.0,4.0,1.73,1.2,1.05,1.11,1.57,2.75,6.0,6.5,2.25,1.4,1.13,0,0,0,0,3,1,1,1,0,1,2,1726363800,12,0,73,19,46,0,14000,2,1,1,4,3,1,5,4,0,0,2,1,0,3,1,48,42,111,91,1.27,1.28,2.55,0,0,0,0,0,0,1,1,0,0,0,1,0,0,1,21,17,-1,-1,-1,1,11,8,42,46,66,85,96,35,81,89,70,8.38,3.77,3.54,3.42,/clubs/colorado-rapids-12,teams/usa-colorado-rapids.png,Colorado Rapids,/clubs/portland-timbers-20,teams/usa-portland-timbers.png,Portland Timbers,1.83,0.83,2.08,0.92,1.63,1.48,58,54,35,15,4,50,46,35,1.5,1.08,2.58,/usa/colorado-rapids-vs-portland-timbers-h2h-stats#7295643,10977,35,True,True,True,False,False,False,True,"['14', '71']",['24']
MLS,2024,10977,7295644,10,6490,2024,complete,106200,0,-1,"['53', '55', '67', '86']","['4', '15']",4,2,6,6,1,7,0,1,5,2,0,1,10,5,1,9,11,14,13,16,64,36,15.0,2.0,39588.0,,,5,4,2.6,3.75,2.4,1.02,1.11,1.46,2.1,3.42,22.0,5.25,2.6,1.65,1.25,1.4,2.75,4.5,1.17,4.75,1.15,1.45,1.22,1.46,2.88,2.5,3.0,2.6,2.8,2.63,0,0,1.16,1.29,1.47,1.75,2.15,4.5,3.2,2.43,1.95,1.61,1.84,6.5,2.05,1.8,15.0,2.0,5.75,6.0,1.25,2.1,4.5,13.0,3.75,1.67,1.18,1.04,1.13,1.62,3.0,6.5,6.0,2.2,1.36,1.11,0,0,0,0,6,0,2,4,0,4,2,1726367400,10,0,65,27,34,0,-1,2,1,4,0,2,1,4,3,2,1,3,2,3,5,1,72,22,136,78,1.93,1.4,3.32,0,0,0,0,0,0,1,1,0,1,0,0,0,0,1,13,16,-1,-1,-1,1,7,4,22,42,65,88,96,46,81,85,49,10.71,3.46,4.65,3.27,/clubs/la-galaxy-10,teams/usa-la-galaxy.png,LA Galaxy,/clubs/los-angeles-fc-6490,teams/usa-los-angeles-fc.png,Los Angeles FC,2.57,1.5,2.36,1.5,1.86,1.85,78,59,36,12,4,74,59,40,1.55,1.3,2.85,/usa/la-galaxy-vs-los-angeles-fc-h2h-stats#7295644,10977,38,True,True,True,True,True,True,True,"['53', '55', '67', '86']","['4', '15']"
MLS,2024,10977,7295645,18,8,2024,complete,106200,0,-1,"['19', '40']",[],2,0,2,9,11,20,2,2,1,2,0,0,5,2,10,5,15,7,9,10,52,48,36.0,25.0,18.0,,,1,2,1.57,4.23,5.12,1.01,1.19,1.62,2.61,4.7,11.0,3.98,2.21,1.41,1.14,1.75,2.0,2.4,1.5,5.5,1.11,1.11,1.18,2.27,2.1,2.38,5.0,1.91,2.7,4.75,0,0,1.23,1.41,1.67,2.06,2.6,3.65,2.63,2.05,1.66,1.43,1.4,7.0,3.05,1.4,13.0,3.1,2.9,9.0,1.3,2.5,6.0,17.0,3.4,1.5,1.13,1.03,1.18,1.83,3.75,10.0,4.5,1.83,1.25,1.06,0,0,0,0,2,2,0,0,0,0,2,1726442100,18,0,59,7,43,0,-1,2,1,3,7,6,4,10,10,1,1,0,1,2,1,1,48,59,84,116,1.64,1.02,2.66,1,0,0,0,1,0,1,1,0,0,0,3,0,0,1,4,8,-1,-1,-1,1,8,12,15,26,51,86,89,18,53,86,59,11.17,2.7,3.95,2.69,/clubs/seattle-sounders-fc-18,teams/usa-seattle-sounders-fc.png,Seattle Sounders,/clubs/sporting-kansas-city-8,teams/usa-sporting-kansas-city.png,Sporting KC,1.78,0.53,1.77,0.64,1.54,1.0,86,75,49,15,11,63,38,26,1.48,1.1,2.58,/usa/sporting-kansas-city-vs-seattle-sounders-fc-h2h-stats#7295645,10977,34,True,True,False,False,False,False,False,"['19', '40']",[]
MLS,2024,10977,7295646,1016,677446,2024,complete,106200,0,-1,"['56', '84']","['29', '59']",2,2,4,3,5,8,-1,-1,1,2,0,0,5,7,6,4,11,11,12,11,48,52,13812.0,40413.0,647.0,,,1,2,2.63,3.75,2.38,1.01,1.14,1.53,2.0,4.8,11.0,4.8,2.35,1.73,1.14,1.57,2.25,3.8,1.22,3.8,1.22,1.52,1.28,1.51,3.1,2.3,3.1,2.75,2.67,2.75,0,0,1.28,1.49,1.79,2.23,2.9,3.2,2.4,1.9,1.56,1.35,1.63,6.4,2.4,1.91,15.75,1.91,5.0,5.0,1.3,2.5,6.0,17.0,3.4,1.5,1.13,1.03,1.17,1.83,3.75,9.0,5.0,1.83,1.25,1.07,0,0,0,0,4,0,1,2,1,3,1,1726702200,-1,0,78,34,44,0,-1,-1,1,-1,-1,-1,-1,-1,-1,1,1,0,1,2,1,1,64,33,109,71,1.51,1.42,2.94,0,0,0,0,0,0,1,1,0,0,-1,-1,0,1,1,3,4,-1,-1,-1,1,6,7,30,49,82,93,96,42,78,96,74,9.91,3.26,5.52,3.57,/clubs/atlanta-united-fc-1016,teams/usa-atlanta-united-fc.png,Atlanta United FC,/clubs/club-internacional-de-futbol-miami-677446,teams/usa-club-internacional-de-futbol-miami.png,Inter Miami,1.39,2.06,1.29,2.23,1.11,2.21,71,52,18,8,4,71,55,52,1.48,1.21,2.69,/usa/atlanta-united-fc-vs-club-internacional-de-futbol-miami-h2h-stats#7295646,10977,37,True,True,True,True,False,False,True,"['56', '84']","['29', '59']"
MLS,2024,10977,7295647,11,1,2024,complete,106200,0,-1,"['24', '35']","['53', '68']",2,2,4,8,8,16,3,1,2,2,0,0,7,5,5,3,12,8,11,11,56,44,13858.0,13.0,53329.0,,,2,2,1.83,3.8,3.8,1.01,1.13,1.47,2.25,3.75,13.0,4.75,2.63,1.57,1.21,1.53,2.38,3.2,1.3,5.5,1.11,1.26,1.24,1.99,2.38,2.4,4.0,2.05,2.83,3.75,0,0,1.34,1.58,1.95,2.48,3.2,2.9,2.2,1.75,1.47,1.29,1.42,6.5,3.05,1.5,18.5,2.5,3.85,8.5,1.29,2.25,5.5,15.0,3.5,1.57,1.14,1.03,1.14,1.73,3.4,8.0,5.5,2.0,1.3,1.08,0,0,0,0,4,2,0,0,2,2,2,1726702200,-1,0,64,25,36,0,-1,-1,1,-1,-1,-1,-1,-1,-1,0,0,2,2,0,4,1,57,43,118,79,1.67,1.17,2.84,0,0,0,0,0,0,1,1,0,0,-1,-1,0,0,1,4,3,-1,-1,-1,1,6,10,36,50,64,75,93,43,75,83,54,8.43,2.93,4.43,3.32,/clubs/new-england-revolution-11,teams/usa-new-england-revolution.png,New England Revolution,/clubs/montreal-impact-1,teams/canada-montreal-impact.png,Montreal Impact,1.12,0.82,1.07,0.71,1.0,1.07,65,50,36,25,7,57,50,36,1.21,0.88,2.09,/usa/montreal-impact-vs-new-england-revolution-h2h-stats#7295647,10977,34,True,True,True,True,False,False,True,"['24', '35']","['53', '68']"
MLS,2024,10977,7295648,2,16,2024,complete,106200,0,-1,['45+5'],"['15', '25', '31', '74', '85']",1,5,6,12,4,16,2,2,2,1,0,0,9,7,9,2,18,9,16,10,64,36,84.0,27505.0,12.0,,,2,1,1.73,4.2,4.0,1.03,1.18,1.55,2.25,4.23,18.75,4.92,2.3,1.57,1.23,1.57,2.25,2.9,1.36,5.25,1.12,1.25,1.25,2.1,2.3,2.4,4.33,2.05,2.8,3.75,0,0,1.33,1.57,1.94,2.43,3.15,2.95,2.23,1.76,1.48,1.3,1.57,6.4,2.55,1.5,13.0,2.5,3.55,7.5,1.29,2.25,5.5,15.0,3.5,1.57,1.14,1.03,1.17,1.73,3.5,8.0,5.0,2.0,1.29,1.08,0,0,0,0,6,1,3,0,2,2,4,1726702200,16,0,74,30,30,0,-1,2,1,0,0,1,0,0,1,0,1,2,0,1,2,1,60,37,124,67,2.2,1.33,3.53,0,0,0,0,0,0,1,1,0,0,0,0,0,0,1,3,4,-1,-1,-1,1,3,10,22,44,71,97,97,41,86,93,55,9.24,4.48,4.74,3.55,/clubs/new-york-city-fc-2,teams/usa-new-york-city-fc.png,New York City,/clubs/philadelphia-union-16,teams/usa-philadelphia-union.png,Philadelphia Union,1.89,1.18,2.0,1.21,1.43,1.07,78,56,30,4,4,70,53,34,1.55,1.2,2.75,/usa/new-york-city-fc-vs-philadelphia-union-h2h-stats#7295648,10977,34,True,True,True,True,True,True,True,['45+5'],"['15', '25', '31', '74', '85']"
MLS,2024,10977,7295649,19,9,2024,complete,106200,0,-1,[],"['51', '70']",0,2,2,5,2,7,3,4,2,2,0,0,4,4,4,2,8,6,8,14,50,50,5016.0,10856.0,39282.0,,,2,2,3.4,3.8,1.95,1.01,1.11,1.53,2.25,4.0,13.0,5.5,2.35,1.57,1.2,1.5,2.5,4.75,1.15,3.65,1.25,1.78,1.2,1.42,3.5,2.4,2.63,3.0,2.75,2.4,0,0,1.28,1.49,1.8,2.23,2.9,3.2,2.4,1.89,1.57,1.35,2.33,6.25,1.66,2.2,18.25,1.67,6.5,4.33,1.29,2.25,5.5,15.0,3.5,1.57,1.14,1.03,1.14,1.73,3.4,8.0,5.5,2.0,1.3,1.08,0,0,0,0,2,0,0,0,2,2,0,1726702200,9,0,72,22,36,0,-1,-1,1,-1,-1,-1,-1,-1,-1,0,0,2,2,0,4,1,42,37,81,81,1.09,0.94,2.03,0,0,0,0,0,0,1,1,0,0,-1,-1,0,0,1,3,5,-1,-1,-1,1,5,9,25,47,68,83,93,33,68,86,61,8.29,4.07,4.07,3.32,/clubs/toronto-fc-19,teams/canada-toronto-fc.png,Toronto,/clubs/columbus-crew-9,teams/usa-columbus-crew.png,Columbus Crew,1.24,1.83,1.5,1.79,1.24,1.85,75,54,32,18,7,47,43,29,1.26,1.26,2.52,/usa/columbus-crew-vs-toronto-fc-h2h-stats#7295649,10977,34,True,True,False,False,False,False,False,[],"['51', '70']"
MLS,2024,10977,7295650,17,711351,2024,complete,106200,0,-1,"['52', '89']",[],2,0,2,7,3,10,1,1,4,1,0,0,4,2,2,2,6,4,15,16,58,42,42.0,21031.0,404.0,,,4,1,1.75,3.8,4.2,1.03,1.22,1.7,2.8,5.0,13.0,4.33,2.05,1.45,1.18,1.67,2.1,2.65,1.42,5.0,1.13,1.22,1.24,2.05,2.3,2.3,4.5,2.05,2.7,4.0,0,0,1.29,1.49,1.81,2.28,2.9,3.2,2.4,1.88,1.55,1.34,1.43,6.75,2.9,1.5,10.0,2.63,3.25,7.5,1.33,2.5,6.5,19.0,3.25,1.5,1.11,1.02,1.18,1.83,3.75,10.0,4.5,1.83,1.25,1.06,0,0,0,0,2,0,0,2,0,2,0,1726704900,17,0,54,29,25,0,-1,-1,1,-1,-1,-1,-1,-1,-1,2,1,2,0,3,2,1,64,40,104,74,1.13,0.69,1.82,0,0,0,0,0,0,1,1,0,0,-1,-1,0,0,1,11,19,-1,-1,-1,1,6,6,14,29,50,75,93,43,75,72,36,10.78,4.0,4.78,2.64,/clubs/orlando-city-sc-17,teams/usa-orlando-city-sc.png,Orlando City,/clubs/charlotte-fc-711351,teams/usa-charlotte-fc.png,Charlotte,1.52,1.05,1.36,1.07,1.43,1.36,86,71,50,25,7,64,54,29,1.38,1.15,2.53,/usa/orlando-city-sc-vs-charlotte-fc-h2h-stats#7295650,10977,37,True,True,False,False,False,False,False,"['52', '89']",[]
MLS,2024,10977,7295651,6,5,2024,complete,106200,0,-1,['45+7'],['73'],1,1,2,13,2,15,5,1,3,2,0,0,1,4,3,3,4,7,13,11,68,32,57653.0,20.0,41087.0,,,3,2,1.78,3.6,4.33,1.01,1.14,1.73,2.55,4.8,13.0,4.8,2.0,1.45,1.14,1.62,2.2,3.2,1.3,4.75,1.15,1.32,1.22,1.85,2.5,2.3,4.0,2.2,2.7,3.5,0,0,1.23,1.4,1.65,2.02,2.55,3.65,2.65,2.08,1.68,1.44,1.5,6.75,2.65,1.57,15.75,2.4,3.95,6.5,1.3,2.5,6.0,17.0,3.4,1.5,1.13,1.03,1.17,1.83,3.75,9.0,5.0,1.83,1.25,1.07,0,0,0,0,2,1,0,0,1,1,1,1726705800,-1,0,57,18,18,0,-1,-1,1,-1,-1,-1,-1,-1,-1,1,2,2,0,3,2,1,72,25,114,49,0.86,0.9,1.76,1,0,1,0,0,0,1,1,0,0,-1,-1,0,0,1,12,8,-1,-1,-1,1,5,4,11,25,40,72,93,32,68,75,36,10.0,3.86,4.21,2.39,/clubs/houston-dynamo-6,teams/usa-houston-dynamo.png,Houston Dynamo,/clubs/vancouver-whitecaps-fc-5,teams/canada-vancouver-whitecaps-fc.png,Vancouver Whitecaps,1.61,1.32,1.5,1.71,1.57,1.67,90,75,61,29,7,61,50,33,1.59,1.11,2.7,/usa/vancouver-whitecaps-fc-vs-houston-dynamo-h2h-stats#7295651,10977,36,True,True,False,False,False,False,True,['45+7'],['73']
MLS,2024,10977,7295652,8,12,2024,complete,106200,0,-1,"['8', '49', '69', '82']",['75'],4,1,5,11,4,15,3,2,2,2,0,0,10,3,12,3,22,6,10,5,54,46,24.0,18.0,11435.0,,,2,2,2.2,3.75,2.9,1.01,1.1,1.46,2.25,3.34,17.0,5.35,2.7,1.57,1.26,1.44,2.63,3.7,1.22,5.5,1.11,1.3,1.2,1.8,2.5,2.5,3.6,2.2,2.9,3.25,0,0,1.46,1.76,2.23,2.9,3.9,2.5,1.93,1.56,1.34,1.19,1.72,5.8,2.3,1.57,19.0,2.3,4.5,8.0,1.25,2.1,4.5,13.0,3.75,1.67,1.18,1.04,1.13,1.62,3.0,6.5,6.0,2.2,1.36,1.11,0,0,0,0,5,1,0,3,1,4,1,1726705800,8,0,79,36,43,0,-1,-1,1,-1,-1,-1,-1,-1,-1,0,2,2,0,2,2,1,85,30,119,76,2.69,0.81,3.51,0,0,0,0,0,0,1,1,1,0,-1,-1,0,0,1,18,16,-1,-1,-1,1,2,13,36,43,83,100,100,47,97,93,64,10.71,3.29,4.64,3.86,/clubs/sporting-kansas-city-8,teams/usa-sporting-kansas-city.png,Sporting KC,/clubs/colorado-rapids-12,teams/usa-colorado-rapids.png,Colorado Rapids,1.29,0.94,1.36,1.21,0.97,1.68,64,57,18,0,0,54,43,21,1.43,1.3,2.73,/usa/sporting-kansas-city-vs-colorado-rapids-h2h-stats#7295652,10977,34,True,True,True,True,True,False,True,"['8', '49', '69', '82']",['75']
MLS,2024,10977,7295653,1015,8043,2024,complete,106200,0,-1,['54'],"['33', '45+1']",1,2,3,7,5,12,3,1,1,3,0,0,5,5,5,5,10,10,11,14,46,54,36.0,25056.0,40182.0,,,1,3,2.38,3.6,2.7,1.01,1.11,1.5,2.1,4.0,13.0,5.5,2.4,1.65,1.2,1.44,2.63,4.0,1.2,4.5,1.17,1.47,1.24,1.6,2.75,2.4,3.25,2.63,2.75,2.75,0,0,1.19,1.34,1.57,1.9,2.4,4.1,2.9,2.23,1.78,1.5,1.64,6.5,2.33,1.73,17.0,2.1,5.0,6.25,1.25,2.25,5.5,15.0,3.75,1.57,1.14,1.03,1.14,1.67,3.25,7.0,5.5,2.1,1.33,1.1,0,0,0,0,3,0,2,1,0,1,2,1726705800,8043,0,78,26,56,0,-1,-1,1,-1,-1,-1,-1,-1,-1,1,1,0,2,2,2,1,48,29,103,106,1.34,1.2,2.54,1,0,1,0,0,0,1,1,0,0,-1,-1,0,0,1,11,10,-1,-1,-1,1,7,7,19,34,63,89,100,30,74,82,60,10.02,3.98,5.66,3.16,/clubs/minnesota-united-fc-1015,teams/usa-minnesota-united-fc.png,Minnesota United,/clubs/fc-cincinnati-8043,teams/usa-fc-cincinnati.png,FC Cincinnati,1.44,1.94,1.36,2.15,1.39,1.86,82,67,37,11,0,63,48,37,1.43,1.22,2.65,/usa/minnesota-united-fc-vs-fc-cincinnati-h2h-stats#7295653,10977,37,True,True,True,False,False,False,True,['54'],"['33', '45+1']"
MLS,2024,10977,7295654,677447,7,2024,complete,106200,0,-1,['19'],[],1,0,1,1,2,3,2,0,5,1,0,0,2,4,1,5,3,9,11,13,37,63,69.0,52571.0,21081.0,,,5,1,2.0,3.6,3.4,1.04,1.25,1.7,2.9,5.5,13.0,4.0,2.05,1.42,1.16,1.62,2.2,3.3,1.28,4.33,1.18,1.33,1.25,1.78,2.75,2.3,3.75,2.5,2.6,2.88,0,0,1.28,1.49,1.79,2.23,2.8,3.2,2.4,1.9,1.57,1.36,1.56,6.4,2.55,1.67,10.0,2.3,4.33,6.25,1.33,2.63,6.5,19.0,3.25,1.44,1.11,1.02,1.17,1.8,3.5,8.0,5.0,1.91,1.29,1.08,0,0,0,0,1,1,0,0,0,0,1,1726705800,677447,0,68,14,29,0,-1,-1,1,-1,-1,-1,-1,-1,-1,2,0,3,1,2,4,1,17,61,69,123,0.47,1.3,1.77,0,0,0,0,0,0,1,1,0,0,-1,-1,0,0,1,10,7,-1,-1,-1,1,9,2,11,29,61,83,93,33,75,83,50,9.36,3.22,3.78,2.79,/clubs/nashville-sc-mls-677447,teams/usa-nashville-sc-mls.png,Nashville SC,/clubs/chicago-fire-7,teams/usa-chicago-fire.png,Chicago Fire,1.24,0.65,1.21,0.79,1.04,1.0,90,72,40,18,7,54,50,47,1.16,1.1,2.26,/usa/chicago-fire-vs-nashville-sc-mls-h2h-stats#7295654,10977,34,True,False,False,False,False,False,False,['19'],[]
MLS,2024,10977,7295655,14,13,2024,complete,106200,0,-1,"['11', '24', '62']","['45+1', '88']",3,2,5,2,5,7,3,2,2,0,0,0,7,5,6,5,13,10,11,12,45,55,19856.0,8.0,52424.0,,,2,0,1.73,3.85,4.5,1.01,1.11,1.53,2.25,4.0,13.0,5.5,2.35,1.58,1.2,1.53,2.38,2.8,1.38,6.25,1.09,1.17,1.18,2.2,2.2,2.5,4.5,1.91,2.8,4.0,0,0,1.35,1.58,1.96,2.48,3.3,2.9,2.18,1.73,1.47,1.28,1.34,6.75,3.3,1.5,17.0,2.5,3.35,9.5,1.25,2.2,5.0,15.0,3.75,1.62,1.17,1.03,1.14,1.73,3.25,7.0,5.5,2.0,1.33,1.1,0,0,0,0,5,2,1,1,1,2,3,1726709400,14,0,63,30,41,0,-1,-1,1,-1,-1,-1,-1,-1,-1,0,0,2,0,0,2,1,26,45,97,95,1.51,1.31,2.82,1,1,1,1,0,0,1,1,0,0,-1,-1,0,0,1,14,19,-1,-1,-1,1,8,9,26,37,56,78,89,42,67,78,48,8.95,4.13,4.52,3.16,/clubs/real-salt-lake-14,teams/usa-real-salt-lake.png,Real Salt Lake,/clubs/fc-dallas-13,teams/usa-fc-dallas.png,FC Dallas,2.06,0.53,2.15,0.57,1.68,1.21,74,63,45,22,11,63,44,26,1.62,0.96,2.58,/usa/fc-dallas-vs-real-salt-lake-h2h-stats#7295655,10977,34,True,True,True,True,True,False,True,"['11', '24', '62']","['45+1', '88']"
MLS,2024,10977,7295656,6490,698284,2024,complete,106200,0,-1,['62'],['45+2'],1,1,2,5,3,8,2,1,3,2,0,0,6,2,6,5,12,7,12,15,61,39,3.0,39588.0,2339.0,,,3,2,1.35,5.0,7.5,1.02,1.13,1.53,2.15,3.75,19.0,4.75,2.35,1.63,1.21,1.67,2.1,2.45,1.48,7.0,1.07,1.12,1.17,2.55,1.95,2.5,6.0,1.73,2.85,5.5,0,0,1.28,1.5,1.81,2.25,2.9,3.2,2.4,1.88,1.55,1.35,1.28,7.0,3.65,1.33,18.5,3.25,2.8,12.0,1.29,2.25,5.5,15.0,3.5,1.57,1.14,1.03,1.17,1.73,3.4,8.0,5.0,2.0,1.3,1.08,0,0,0,0,2,0,1,1,0,1,1,1726713000,-1,0,43,18,25,0,-1,-1,1,-1,-1,-1,-1,-1,-1,1,1,2,1,2,3,1,59,34,152,78,1.62,0.84,2.46,0,0,0,0,0,0,1,1,0,0,-1,-1,0,0,1,13,18,-1,-1,-1,1,7,9,18,25,47,75,90,36,79,75,36,9.22,3.57,4.43,2.72,/clubs/los-angeles-fc-6490,teams/usa-los-angeles-fc.png,Los Angeles FC,/clubs/austin-fc-698284,teams/usa-austin-fc.png,Austin,2.15,0.94,2.14,0.86,1.78,1.21,82,75,54,25,11,68,58,43,1.79,0.87,2.66,/usa/los-angeles-fc-vs-austin-fc-h2h-stats#7295656,10977,34,True,True,False,False,False,False,True,['62'],['45+2']
MLS,2024,10977,7295657,20,10,2024,complete,106200,0,-1,"['17', '39', '51', '80']","['45+3', '58']",4,2,6,5,6,11,2,2,3,2,0,0,12,7,8,11,20,18,8,7,40,60,13841.0,28121.0,2.0,,,3,2,2.05,4.0,3.0,1.01,1.07,1.33,1.75,2.84,26.0,6.35,3.0,2.0,1.35,1.33,3.25,4.5,1.17,5.5,1.11,1.42,1.22,1.68,2.63,2.6,3.1,2.4,2.95,2.88,0,0,1.24,1.44,1.72,2.1,2.7,3.55,2.55,1.98,1.64,1.4,1.79,6.4,2.08,1.67,30.0,2.1,5.75,7.5,1.2,2.0,4.33,11.0,4.33,1.73,1.2,1.05,1.11,1.53,2.63,5.5,6.5,2.38,1.44,1.14,0,0,0,0,6,2,1,2,1,3,3,1726713000,20,0,68,25,36,0,-1,2,1,0,0,0,1,0,1,2,1,1,1,3,2,1,52,83,106,154,2.48,2.23,4.71,0,0,0,0,0,0,1,1,0,0,0,0,0,0,1,7,10,-1,-1,-1,1,10,9,22,50,75,86,93,50,75,82,54,10.43,2.36,3.36,3.39,/clubs/portland-timbers-20,teams/usa-portland-timbers.png,Portland Timbers,/clubs/la-galaxy-10,teams/usa-la-galaxy.png,LA Galaxy,1.88,1.39,2.0,1.36,1.43,1.9,79,50,25,14,7,57,50,43,1.6,1.22,2.82,/usa/la-galaxy-vs-portland-timbers-h2h-stats#7295657,10977,35,True,True,True,True,True,True,True,"['17', '39', '51', '80']","['45+3', '58']"
MLS,2024,10977,7295658,18,15,2024,complete,106200,0,-1,"['21', '39']","['15', '89']",2,2,4,5,3,8,1,0,0,3,0,0,4,3,8,3,12,6,12,13,46,54,13864.0,25.0,428.0,,,0,3,1.3,5.25,8.0,1.02,1.15,1.55,2.15,4.0,21.0,4.55,2.3,1.63,1.19,1.8,1.95,2.25,1.57,7.0,1.06,1.09,1.17,2.95,1.91,2.6,6.0,1.67,3.05,5.5,0,0,1.17,1.3,1.5,1.78,2.18,4.35,3.15,2.4,1.91,1.58,1.33,7.0,3.3,1.29,17.75,3.6,2.5,11.0,1.29,2.25,5.5,15.0,3.5,1.57,1.14,1.03,1.17,1.8,3.5,8.0,5.0,1.91,1.29,1.08,0,0,0,0,4,2,1,0,1,1,3,1726713000,-1,0,54,18,22,0,-1,-1,1,-1,-1,-1,-1,-1,-1,0,2,0,1,2,1,1,59,28,101,90,1.47,0.81,2.27,0,0,0,0,0,0,1,1,0,0,-1,-1,0,0,1,13,15,-1,-1,-1,1,4,12,29,29,47,93,93,39,79,79,40,12.0,2.22,4.85,3.22,/clubs/seattle-sounders-fc-18,teams/usa-seattle-sounders-fc.png,Seattle Sounders,/clubs/san-jose-earthquakes-15,teams/usa-san-jose-earthquakes.png,SJ Earthquakes,1.78,0.47,1.86,0.5,1.59,0.61,72,72,54,7,7,79,65,54,1.49,1.03,2.52,/usa/san-jose-earthquakes-vs-seattle-sounders-fc-h2h-stats#7295658,10977,34,True,True,True,True,False,False,True,"['21', '39']","['15', '89']"
MLS,2024,10977,7295659,2,677446,2024,complete,106200,0,-1,['90+5'],['75'],1,1,2,8,1,9,2,3,4,5,0,0,4,2,7,1,11,3,15,18,47,53,13889.0,27505.0,647.0,,,4,5,2.4,3.65,2.67,1.01,1.14,1.56,1.95,4.8,11.0,4.8,2.33,1.78,1.14,1.53,2.38,4.0,1.2,3.8,1.22,1.5,1.25,1.48,3.1,2.3,3.1,2.75,2.6,2.75,0,0,1.34,1.6,1.97,2.5,3.3,2.9,2.17,1.73,1.46,1.27,1.84,6.25,2.05,1.91,10.0,1.91,5.5,5.0,1.3,2.5,6.0,17.0,3.4,1.5,1.13,1.03,1.17,1.8,3.5,9.0,5.0,1.91,1.29,1.07,0,0,0,0,2,0,0,1,1,2,0,1726941600,-1,0,79,36,29,0,-1,-1,1,-1,-1,-1,-1,-1,-1,1,1,3,4,2,7,1,54,23,111,81,1.37,0.51,1.88,0,0,0,0,0,0,1,1,0,0,-1,-1,0,0,1,11,18,-1,-1,-1,1,5,8,33,47,75,97,97,47,86,97,61,9.57,4.0,5.5,3.65,/clubs/new-york-city-fc-2,teams/usa-new-york-city-fc.png,New York City,/clubs/club-internacional-de-futbol-miami-677446,teams/usa-club-internacional-de-futbol-miami.png,Inter Miami,1.89,2.06,1.86,2.14,1.38,2.17,68,54,25,4,4,71,54,40,1.59,1.22,2.81,/usa/new-york-city-fc-vs-club-internacional-de-futbol-miami-h2h-stats#7295659,10977,37,True,True,False,False,False,False,True,['90+5'],['75']
MLS,2024,10977,7295660,711351,11,2024,complete,106200,0,-1,"['39', '65', '77', '87']",[],4,0,4,7,3,10,2,2,2,3,0,1,8,4,10,6,18,10,7,15,42,58,14023.0,404.0,13.0,,,2,4,1.67,4.0,4.63,1.05,1.28,1.63,2.25,6.0,9.5,3.6,2.19,1.58,1.12,1.8,1.95,2.4,1.5,4.75,1.15,1.18,1.22,2.05,2.4,2.2,4.75,2.05,2.5,4.33,0,0,1.37,1.65,2.02,2.55,3.45,2.8,2.08,1.68,1.43,1.25,1.55,6.4,2.55,1.5,9.5,2.75,3.0,7.5,1.36,2.75,8.0,21.0,3.0,1.4,1.08,1.02,1.22,2.0,4.33,11.0,4.0,1.73,1.2,1.05,0,0,0,0,4,1,0,3,0,3,1,1726948800,711351,0,41,11,30,0,-1,-1,1,-1,-1,-1,-1,-1,-1,0,1,2,3,1,5,1,55,53,82,87,2.09,1.3,3.38,0,0,0,0,0,0,1,1,0,0,-1,-1,0,0,1,23,14,-1,-1,-1,1,8,11,19,26,46,71,93,26,64,82,49,8.89,2.93,4.81,2.62,/clubs/charlotte-fc-711351,teams/usa-charlotte-fc.png,Charlotte,/clubs/new-england-revolution-11,teams/usa-new-england-revolution.png,New England Revolution,1.83,0.71,1.64,0.92,1.31,1.0,81,74,55,29,7,53,45,34,1.07,1.11,2.18,/usa/new-england-revolution-vs-charlotte-fc-h2h-stats#7295660,10977,34,True,True,True,True,False,False,False,"['39', '65', '77', '87']",[]
MLS,2024,10977,7295661,9,17,2024,complete,106200,0,-1,"['30', '51', '71', '85']","['74', '78', '90+7']",4,3,7,5,3,8,3,4,2,2,0,0,5,5,4,5,9,10,6,13,61,39,65601.0,39282.0,21031.0,,,2,2,1.75,4.0,4.0,1.05,1.22,1.55,2.8,5.0,9.5,4.0,2.3,1.42,1.17,1.62,2.2,2.8,1.38,4.75,1.15,1.22,1.22,1.91,2.5,2.3,4.0,2.1,2.6,3.75,0,0,1.4,1.68,2.12,2.75,3.65,2.65,2.02,1.62,1.38,1.22,1.56,6.25,2.55,1.57,9.5,2.5,3.55,7.5,1.33,2.5,6.5,19.0,3.25,1.5,1.11,1.02,1.17,1.83,3.55,8.5,4.5,1.85,1.25,1.04,0,0,0,0,7,1,0,3,3,6,1,1726961400,9,0,52,19,37,0,-1,-1,1,-1,-1,-1,-1,-1,-1,1,0,1,2,1,3,1,47,37,97,61,1.27,1.25,2.51,0,1,0,1,0,0,1,1,0,0,-1,-1,0,0,1,2,3,-1,-1,-1,1,4,6,19,44,67,86,96,33,81,86,63,10.9,4.09,2.72,3.18,/clubs/columbus-crew-9,teams/usa-columbus-crew.png,Columbus Crew,/clubs/orlando-city-sc-17,teams/usa-orlando-city-sc.png,Orlando City,1.89,1.56,1.92,1.5,1.89,1.48,82,56,34,15,4,63,41,30,1.48,1.25,2.73,/usa/columbus-crew-vs-orlando-city-sc-h2h-stats#7295661,10977,36,True,True,True,True,True,True,True,"['30', '51', '71', '85']","['74', '78', '90+7']"
MLS,2024,10977,7295662,1,7,2024,complete,106200,0,-1,"['21', '74']",[],2,0,2,0,5,5,1,1,1,0,0,0,3,3,5,3,8,6,9,12,44,56,19912.0,53329.0,21081.0,,,1,0,2.15,3.5,3.1,1.01,1.18,1.65,2.2,4.0,13.0,4.75,2.1,1.55,1.22,1.5,2.5,3.4,1.28,5.0,1.13,1.3,1.22,1.77,2.63,2.4,3.5,2.38,2.7,3.1,0,0,1.3,1.53,1.88,2.35,3.05,3.05,2.32,1.81,1.5,1.3,1.58,6.4,2.48,1.67,15.0,2.25,4.33,7.0,1.29,2.25,5.5,15.0,3.5,1.57,1.14,1.03,1.14,1.73,3.4,7.0,5.5,2.0,1.3,1.1,0,0,0,0,2,1,0,1,0,1,1,1726961400,1,0,66,28,24,0,-1,-1,1,-1,-1,-1,-1,-1,-1,1,0,0,0,1,0,1,27,44,83,101,0.92,0.92,1.84,0,0,0,0,0,0,1,1,0,0,-1,-1,0,0,1,3,1,-1,-1,-1,1,6,6,21,42,62,72,90,42,76,76,52,7.4,2.97,4.28,2.97,/clubs/montreal-impact-1,teams/canada-montreal-impact.png,Montreal Impact,/clubs/chicago-fire-7,teams/usa-chicago-fire.png,Chicago Fire,1.67,0.65,1.43,0.73,1.07,0.97,79,59,38,28,11,52,42,35,1.19,1.12,2.31,/usa/montreal-impact-vs-chicago-fire-h2h-stats#7295662,10977,34,True,True,False,False,False,False,False,"['21', '74']",[]
MLS,2024,10977,7295663,4,1016,2024,complete,106200,0,-1,"['31', '90+7']","['45+3', '90+2']",2,2,4,9,4,13,1,0,3,1,0,0,10,2,6,4,16,6,7,13,65,35,11.0,53650.0,40413.0,,,3,1,1.7,3.8,4.5,1.01,1.22,1.67,2.95,6.5,11.0,3.8,2.1,1.4,1.08,1.8,1.95,2.25,1.57,5.0,1.13,1.15,1.2,2.2,2.25,2.25,5.0,1.95,2.55,4.75,0,0,1.34,1.58,1.96,2.48,3.2,2.9,2.18,1.73,1.47,1.28,1.41,6.5,3.05,1.5,9.5,3.0,2.8,8.5,1.36,2.75,7.0,21.0,3.0,1.4,1.1,1.02,1.22,2.0,4.33,11.0,4.0,1.73,1.2,1.05,0,0,0,0,4,1,1,1,1,2,2,1726961400,-1,0,50,11,32,0,-1,2,1,0,0,1,1,0,2,1,0,2,1,1,3,1,72,20,119,64,2.23,0.67,2.9,1,1,0,1,1,0,1,1,0,0,0,0,0,0,1,1,4,-1,-1,-1,1,4,10,7,29,39,68,90,18,64,75,43,9.71,2.71,3.0,2.43,/clubs/new-york-red-bulls-4,teams/usa-new-york-red-bulls.png,New York RB,/clubs/atlanta-united-fc-1016,teams/usa-atlanta-united-fc.png,Atlanta United FC,1.61,1.05,1.93,0.93,1.48,1.1,93,72,61,32,11,61,47,29,1.54,1.3,2.84,/usa/new-york-red-bulls-vs-atlanta-united-fc-h2h-stats#7295663,10977,39,True,True,True,True,False,False,True,"['31', '90+7']","['45+3', '90+2']"
MLS,2024,10977,7295664,698284,6,2024,complete,106200,0,-1,[],['83'],0,1,1,11,4,15,0,2,3,2,0,0,6,4,8,5,14,9,15,12,45,55,13864.0,,,,,3,2,2.7,3.4,2.5,1.03,1.18,1.77,2.62,4.65,10.5,3.78,1.98,1.37,1.11,1.57,2.25,3.4,1.29,3.95,1.2,1.45,1.25,1.6,3.0,2.25,3.25,2.63,2.6,2.88,0,0,1.26,1.47,1.76,2.18,2.8,3.4,2.48,1.94,1.58,1.37,1.76,6.4,2.15,1.8,14.25,2.1,4.5,5.5,1.33,2.63,6.5,19.0,3.25,1.44,1.11,1.02,1.18,1.83,3.75,9.0,4.5,1.83,1.25,1.07,0,0,0,0,1,0,0,0,1,1,0,1726965000,6,0,64,25,50,0,-1,-1,1,-1,-1,-1,-1,-1,-1,2,1,1,1,3,2,1,56,47,86,77,1.71,1.19,2.9,0,0,0,0,0,0,1,1,0,0,-1,-1,0,0,1,13,9,-1,-1,-1,1,7,13,18,36,61,79,100,33,71,97,57,9.14,4.07,5.15,3.07,/clubs/austin-fc-698284,teams/usa-austin-fc.png,Austin,/clubs/houston-dynamo-6,teams/usa-houston-dynamo.png,Houston Dynamo,1.53,1.5,1.57,1.64,1.21,1.55,83,64,40,21,0,83,68,47,1.06,1.21,2.27,/usa/houston-dynamo-vs-austin-fc-h2h-stats#7295664,10977,34,True,False,False,False,False,False,False,[],['83']
MLS,2024,10977,7295665,13,6490,2024,complete,106200,0,-1,"['28', '60', '62']",['86'],3,1,4,2,5,7,1,1,3,2,0,0,7,4,6,9,13,13,15,19,47,53,65836.0,,,,,3,2,2.9,3.7,2.22,1.03,1.19,1.65,2.5,4.5,17.0,4.75,2.16,1.53,1.2,1.53,2.38,4.2,1.18,3.75,1.22,1.6,1.25,1.47,3.2,2.3,3.0,2.75,2.7,2.63,0,0,1.29,1.5,1.83,2.32,2.95,3.15,2.35,1.85,1.53,1.33,2.1,6.1,1.79,2.05,10.0,1.8,5.75,5.0,1.3,2.5,6.0,17.0,3.4,1.5,1.13,1.03,1.17,1.8,3.5,8.0,5.0,1.91,1.29,1.08,0,0,0,0,4,1,0,2,1,3,1,1726965000,13,0,59,29,30,0,-1,2,1,0,0,1,0,0,1,1,0,2,2,1,4,1,27,38,91,100,1.51,1.38,2.89,0,0,0,0,0,0,1,1,0,0,0,0,0,0,1,20,9,-1,-1,-1,1,12,8,22,41,63,86,93,45,78,86,44,10.05,2.91,5.05,3.22,/clubs/fc-dallas-13,teams/usa-fc-dallas.png,FC Dallas,/clubs/los-angeles-fc-6490,teams/usa-los-angeles-fc.png,Los Angeles FC,1.88,1.5,1.86,1.38,1.17,1.75,78,60,37,15,8,53,49,34,1.37,1.3,2.67,/usa/fc-dallas-vs-los-angeles-fc-h2h-stats#7295665,10977,34,True,True,True,True,False,False,True,"['28', '60', '62']",['86']
MLS,2024,10977,7295666,8,1015,2024,complete,106200,0,-1,[],"['65', '90+4']",0,2,2,8,1,9,2,2,1,1,0,0,4,3,11,3,15,6,7,18,67,33,13967.0,18.0,25056.0,,,1,1,2.03,3.8,3.23,1.02,1.17,1.47,2.2,4.03,19.5,5.15,2.57,1.55,1.25,1.53,2.38,3.2,1.3,5.5,1.11,1.27,1.25,1.96,2.4,2.4,4.0,2.1,2.8,3.5,0,0,1.2,1.37,1.61,1.98,2.48,3.9,2.8,2.15,1.72,1.47,1.52,6.75,2.6,1.57,18.25,2.4,3.95,8.0,1.29,2.25,5.5,15.0,3.5,1.57,1.14,1.03,1.14,1.73,3.4,8.0,5.5,2.0,1.3,1.08,0,0,0,0,2,0,0,0,2,2,0,1726965000,1015,0,79,42,45,0,-1,-1,1,-1,-1,-1,-1,-1,-1,1,0,0,1,1,1,1,49,75,91,57,1.58,1.12,2.7,1,0,0,0,1,0,1,1,0,0,-1,-1,0,0,1,14,14,-1,-1,-1,1,2,17,38,42,76,100,100,48,93,97,69,12.33,3.19,4.4,3.82,/clubs/sporting-kansas-city-8,teams/usa-sporting-kansas-city.png,Sporting KC,/clubs/minnesota-united-fc-1015,teams/usa-minnesota-united-fc.png,Minnesota United,1.29,1.47,1.47,1.43,1.03,1.34,62,59,25,0,0,73,56,46,1.51,1.23,2.74,/usa/sporting-kansas-city-vs-minnesota-united-fc-h2h-stats#7295666,10977,34,True,True,False,False,False,False,False,[],"['65', '90+4']"
MLS,2024,10977,7295667,677447,8043,2024,complete,106200,0,-1,"['4', '25']","['9', '52']",2,2,4,2,7,9,3,3,3,4,0,0,2,4,2,6,4,10,12,13,32,68,84.0,52571.0,40182.0,,,3,4,2.87,3.5,2.32,1.01,1.19,1.7,2.72,5.0,10.5,3.75,2.08,1.38,1.12,1.62,2.2,4.33,1.18,2.95,1.35,1.78,1.25,1.33,3.5,2.25,2.88,3.1,2.6,2.5,0,0,1.32,1.55,1.89,2.35,3.05,3.05,2.28,1.8,1.5,1.3,1.98,6.1,1.92,2.25,9.5,1.73,6.5,3.85,1.33,2.63,7.0,19.0,3.25,1.44,1.1,1.02,1.2,1.83,4.0,10.0,4.33,1.83,1.22,1.06,0,0,0,0,4,2,1,0,1,1,3,1726965000,-1,0,70,14,42,0,-1,-1,1,-1,-1,-1,-1,-1,-1,1,1,2,3,2,5,1,30,64,65,129,0.62,1.39,2.0,0,0,0,0,0,0,1,1,1,1,-1,-1,0,0,1,11,14,-1,-1,-1,1,9,4,14,25,62,83,97,31,69,80,49,9.83,4.44,5.08,2.91,/clubs/nashville-sc-mls-677447,teams/usa-nashville-sc-mls.png,Nashville SC,/clubs/fc-cincinnati-8043,teams/usa-fc-cincinnati.png,FC Cincinnati,1.24,1.94,1.33,2.21,1.1,1.9,86,76,38,17,4,49,42,38,1.12,1.22,2.34,/usa/fc-cincinnati-vs-nashville-sc-mls-h2h-stats#7295667,10977,34,True,True,True,True,False,False,True,"['4', '25']","['9', '52']"
MLS,2024,10977,7295668,12,19,2024,complete,106200,0,-1,"['52', '90+1']",[],2,0,2,-1,-1,-1,-1,-1,2,5,0,0,-1,-1,-1,-1,-1,-1,-1,-1,-1,-1,13812.0,,,,,2,5,1.72,4.1,4.17,1.01,1.1,1.51,2.15,3.58,21.0,4.75,2.46,1.57,1.23,1.5,2.5,3.0,1.33,6.0,1.09,1.2,1.19,2.2,2.25,2.5,4.33,1.95,2.95,4.0,0,0,1.32,1.57,1.93,2.4,3.15,3.05,2.23,1.76,1.49,1.3,1.38,6.75,3.15,1.5,17.0,2.63,3.5,9.5,1.25,2.2,5.0,13.0,3.75,1.62,1.17,1.04,1.14,1.67,3.25,7.0,5.5,2.1,1.33,1.1,0,0,0,0,2,0,0,2,0,2,0,1726968600,12,0,60,25,32,0,-1,-1,1,-1,-1,-1,-1,-1,-1,1,2,1,3,3,4,-1,0,0,0,0,0.0,0.0,0.0,1,0,1,0,0,0,1,1,0,0,-1,-1,0,0,-1,-1,-1,-1,-1,-1,-1,-1,-1,25,38,62,77,94,35,76,83,59,8.34,4.09,4.54,2.98,/clubs/colorado-rapids-12,teams/usa-colorado-rapids.png,Colorado Rapids,/clubs/toronto-fc-19,teams/canada-toronto-fc.png,Toronto,1.83,0.94,2.14,1.0,1.62,1.2,75,62,38,24,7,62,48,28,1.48,0.93,2.41,/usa/colorado-rapids-vs-toronto-fc-h2h-stats#7295668,10977,34,True,True,False,False,False,False,False,"['52', '90+1']",[]
MLS,2024,10977,7295669,14,20,2024,complete,106200,0,-1,"['10', '22', '89']","['62', '76', '90+2']",3,3,6,6,3,9,4,1,1,3,0,0,4,4,7,3,11,7,18,11,53,47,45098.0,8.0,28121.0,,,1,3,1.77,4.2,3.82,1.01,1.12,1.38,2.05,3.4,21.0,5.25,2.9,1.65,1.29,1.44,2.63,3.55,1.25,5.75,1.1,1.3,1.24,1.9,2.5,2.5,3.6,2.2,2.9,3.25,0,0,1.33,1.57,1.92,2.4,3.15,2.95,2.23,1.77,1.49,1.3,1.43,6.4,2.95,1.57,19.0,2.3,4.2,8.5,1.25,2.2,5.0,13.0,3.75,1.62,1.17,1.04,1.13,1.67,3.25,7.0,6.0,2.1,1.33,1.1,0,0,0,0,6,2,0,1,3,4,2,1726968600,-1,0,61,22,40,0,-1,-1,1,-1,-1,-1,-1,-1,-1,0,0,1,3,0,4,1,43,27,109,104,1.3,0.93,2.23,0,0,0,0,0,0,1,1,1,0,-1,-1,0,0,1,17,21,-1,-1,-1,1,4,9,36,43,64,83,93,43,83,83,57,9.29,3.5,4.86,3.43,/clubs/real-salt-lake-14,teams/usa-real-salt-lake.png,Real Salt Lake,/clubs/portland-timbers-20,teams/usa-portland-timbers.png,Portland Timbers,2.06,0.83,2.21,0.86,1.72,1.48,64,57,36,18,7,57,40,29,1.61,1.09,2.7,/usa/real-salt-lake-vs-portland-timbers-h2h-stats#7295669,10977,35,True,True,True,True,True,True,True,"['10', '22', '89']","['62', '76', '90+2']"
MLS,2024,10977,7295670,10,5,2024,complete,106200,0,-1,"['32', '50', '70', '90+3']","['64', '90+7']",4,2,6,4,12,16,0,1,0,3,0,0,8,2,7,11,15,13,6,9,61,39,57.0,2.0,47234.0,,,0,3,1.7,4.1,4.29,1.01,1.14,1.41,2.43,4.8,11.0,4.8,2.78,1.55,1.14,1.57,2.25,3.1,1.33,5.0,1.13,1.25,1.22,1.85,2.5,2.38,4.0,2.1,2.65,3.75,0,0,1.25,1.46,1.72,2.12,2.65,3.45,2.5,1.98,1.63,1.4,1.5,6.4,2.65,1.57,10.0,2.5,3.9,7.5,1.3,2.38,6.0,17.0,3.4,1.53,1.13,1.03,1.17,1.8,3.5,8.0,5.0,1.91,1.29,1.08,0,0,0,0,6,1,0,3,2,5,1,1726972200,10,0,70,30,24,0,25387,-1,1,-1,-1,-1,-1,-1,-1,0,1,0,2,1,2,1,62,50,90,96,1.95,1.32,3.28,0,0,0,0,0,0,1,1,0,0,-1,-1,0,1,1,18,12,-1,-1,-1,1,6,5,27,40,57,90,100,47,84,84,47,9.27,3.4,4.34,3.3,/clubs/la-galaxy-10,teams/usa-la-galaxy.png,LA Galaxy,/clubs/vancouver-whitecaps-fc-5,teams/canada-vancouver-whitecaps-fc.png,Vancouver Whitecaps,2.57,1.32,2.4,1.67,1.83,1.64,74,60,44,10,0,64,50,27,1.58,1.09,2.67,/usa/vancouver-whitecaps-fc-vs-la-galaxy-h2h-stats#7295670,10977,38,True,True,True,True,True,True,True,"['32', '50', '70', '90+3']","['64', '90+7']"
MLS,2024,10977,7295671,15,945555,2024,complete,106200,0,-1,['40'],"['4', '13']",1,2,3,4,4,8,2,1,0,1,0,0,5,2,6,4,11,6,10,13,56,44,35891.0,428.0,424.0,,,0,1,2.35,3.9,2.61,1.02,1.18,1.45,2.48,4.2,17.0,5.0,2.63,1.53,1.24,1.5,2.5,4.0,1.2,4.33,1.18,1.5,1.24,1.55,3.0,2.38,3.1,2.63,2.75,2.75,0,0,1.15,1.28,1.48,1.74,2.15,4.6,3.3,2.45,1.96,1.61,1.8,6.75,2.07,1.8,10.0,2.05,5.25,5.75,1.29,2.38,5.5,15.0,3.5,1.53,1.14,1.03,1.14,1.73,3.4,8.0,5.5,2.0,1.3,1.08,0,0,0,0,3,1,2,0,0,0,3,1726972200,945555,0,68,32,47,0,-1,-1,1,-1,-1,-1,-1,-1,-1,0,1,0,0,1,0,1,42,37,120,89,1.36,0.8,2.16,0,1,0,1,0,0,1,1,0,1,-1,-1,0,0,1,22,20,-1,-1,-1,1,5,5,29,50,68,86,97,40,75,93,64,11.71,2.07,4.43,3.61,/clubs/san-jose-earthquakes-15,teams/usa-san-jose-earthquakes.png,SJ Earthquakes,/clubs/st-louis-city-sc-945555,teams/usa-st-louis-city-sc.png,St. Louis City,0.76,0.65,0.71,0.57,0.62,0.97,72,50,33,14,4,86,75,65,1.27,1.29,2.56,/usa/san-jose-earthquakes-vs-st-louis-city-sc-h2h-stats#7295671,10977,34,True,True,True,False,False,False,True,['40'],"['4', '13']"
MLS,2024,10977,7295672,16,13401,2024,complete,106200,0,-1,"['13', '16', '51', '69']",[],4,0,4,4,5,9,3,2,0,2,0,0,9,4,6,7,15,11,12,24,50,50,45125.0,12.0,13006.0,,,0,2,1.85,4.1,3.6,1.01,1.11,1.44,2.3,4.5,13.0,5.5,2.6,1.6,1.17,1.5,2.5,3.3,1.28,5.25,1.12,1.28,1.2,1.83,2.5,2.4,3.75,2.2,2.7,3.25,0,0,1.3,1.55,1.88,2.4,3.15,3.05,2.28,1.8,1.5,1.3,1.56,6.4,2.55,1.62,17.0,2.3,4.0,7.5,1.29,2.25,5.5,15.0,3.5,1.57,1.14,1.03,1.14,1.73,3.25,7.0,5.5,2.0,1.33,1.1,0,0,0,0,4,2,0,2,0,2,2,1727043300,16,0,61,22,36,0,-1,-1,1,-1,-1,-1,-1,-1,-1,0,1,0,1,1,1,1,45,57,92,87,1.9,1.39,3.29,0,0,0,0,0,0,1,1,0,0,-1,-1,0,0,1,11,6,-1,-1,-1,1,6,8,25,47,64,79,90,43,71,86,50,10.65,4.15,4.43,3.11,/clubs/philadelphia-union-16,teams/usa-philadelphia-union.png,Philadelphia Union,/clubs/dc-united-13401,teams/usa-dc-united.png,DC United,1.0,1.35,0.93,1.21,1.14,1.14,75,54,36,21,11,68,57,57,1.56,1.06,2.62,/usa/philadelphia-union-vs-dc-united-h2h-stats#7295672,10977,34,True,True,True,True,False,False,False,"['13', '16', '51', '69']",[]
MLS,2024,10977,7295673,5,20,2024,complete,106200,0,-1,['3'],['43'],1,1,2,2,8,10,1,1,1,1,0,0,3,5,7,4,10,9,10,7,53,47,13893.0,41087.0,28121.0,,,1,1,1.84,4.1,3.2,1.01,1.12,1.36,1.98,3.25,26.0,6.5,2.99,1.81,1.35,1.36,3.0,3.95,1.2,5.75,1.1,1.33,1.2,1.9,2.4,2.6,3.6,2.1,2.95,3.25,0,0,1.3,1.53,1.86,2.33,3.05,3.15,2.32,1.82,1.52,1.32,1.63,6.1,3.0,1.57,27.0,2.3,4.5,8.5,1.2,2.0,4.33,11.0,4.33,1.73,1.2,1.05,1.11,1.53,2.63,5.5,6.5,2.38,1.44,1.14,0,0,0,0,2,1,1,0,0,0,2,1727577000,-1,0,71,11,51,0,-1,-1,1,-1,-1,-1,-1,-1,-1,1,1,0,0,2,0,1,50,35,106,94,1.21,1.18,2.39,0,0,0,0,0,0,1,1,1,0,-1,-1,0,1,1,20,16,-1,-1,-1,1,5,12,32,43,71,86,89,36,78,82,71,7.81,2.85,4.22,3.42,/clubs/vancouver-whitecaps-fc-5,teams/canada-vancouver-whitecaps-fc.png,Vancouver Whitecaps,/clubs/portland-timbers-20,teams/usa-portland-timbers.png,Portland Timbers,1.47,0.83,1.62,0.87,1.59,1.47,69,58,29,14,11,54,43,21,1.53,1.08,2.61,/usa/vancouver-whitecaps-fc-vs-portland-timbers-h2h-stats#7295673,10977,35,True,True,False,False,False,False,True,['3'],['43']
MLS,2024,10977,7295674,8043,6490,2024,complete,106200,0,-1,['61'],"['34', '73']",1,2,3,7,4,11,2,0,0,4,0,0,5,6,8,6,13,12,11,12,62,38,13967.0,40182.0,39588.0,,,0,4,2.2,3.6,2.7,1.02,1.17,1.59,2.55,4.07,18.75,4.87,2.21,1.49,1.23,1.5,2.5,3.5,1.22,5.0,1.13,1.35,1.28,1.78,2.5,2.4,3.75,2.2,2.8,3.4,0,0,1.21,1.4,1.65,2.02,2.55,3.8,2.7,2.08,1.68,1.44,1.88,6.4,1.98,1.57,19.0,2.38,4.33,7.0,1.29,2.25,5.5,15.0,3.5,1.57,1.14,1.03,1.14,1.73,3.4,8.0,5.5,2.0,1.3,1.08,0,0,0,0,3,0,1,1,1,2,1,1727566200,6490,0,55,21,28,0,-1,-1,1,-1,-1,-1,-1,-1,-1,0,2,0,2,2,2,1,69,29,95,91,1.67,1.39,3.06,0,0,0,0,0,0,1,1,0,0,-1,-1,0,1,1,5,5,-1,-1,-1,1,8,10,17,38,59,73,87,42,73,77,38,11.5,3.7,4.57,2.9,/clubs/fc-cincinnati-8043,teams/usa-fc-cincinnati.png,FC Cincinnati,/clubs/los-angeles-fc-6490,teams/usa-los-angeles-fc.png,Los Angeles FC,1.47,1.5,1.6,1.29,1.87,1.69,83,62,42,27,14,72,62,49,1.42,1.31,2.73,/usa/los-angeles-fc-vs-fc-cincinnati-h2h-stats#7295674,10977,37,True,True,True,False,False,False,True,['61'],"['34', '73']"
MLS,2024,10977,7295675,13401,9,2024,complete,106200,0,-1,"['30', '81']","['54', '57']",2,2,4,5,3,8,8,2,2,3,0,0,6,6,4,4,10,10,14,8,42,58,69.0,13006.0,39282.0,,,2,3,2.85,3.4,2.2,1.01,1.11,1.59,2.14,4.0,13.0,5.5,2.21,1.68,1.2,1.4,2.75,4.75,1.15,4.2,1.18,1.58,1.28,1.42,3.1,2.5,2.75,2.75,2.8,2.5,0,0,1.27,1.46,1.77,2.18,2.8,3.3,2.48,1.92,1.58,1.37,2.1,6.4,1.79,1.95,22.0,1.78,6.25,5.25,1.25,2.2,5.0,13.0,3.75,1.62,1.17,1.04,1.13,1.62,3.0,6.5,6.0,2.2,1.36,1.11,0,0,0,0,4,1,0,1,2,3,1,1727566200,-1,0,74,34,27,0,-1,-1,1,-1,-1,-1,-1,-1,-1,0,0,2,3,0,5,1,36,53,98,111,1.32,1.44,2.77,0,0,0,0,0,0,1,1,0,0,-1,-1,0,0,1,3,1,-1,-1,-1,1,8,8,27,50,63,84,94,37,74,87,57,10.73,4.0,5.2,3.3,/clubs/dc-united-13401,teams/usa-dc-united.png,DC United,/clubs/columbus-crew-9,teams/usa-columbus-crew.png,Columbus Crew,1.0,1.83,1.07,1.87,1.1,1.93,74,50,37,17,7,60,47,40,1.46,1.24,2.7,/usa/columbus-crew-vs-dc-united-h2h-stats#7295675,10977,34,True,True,True,True,False,False,True,"['30', '81']","['54', '57']"
MLS,2024,10977,7295676,677446,711351,2024,complete,106200,0,-1,['67'],['57'],1,1,2,4,2,6,2,2,5,1,0,0,-1,-1,-1,-1,-1,-1,9,8,60,40,13851.0,,,,,5,1,1.49,4.2,5.25,1.01,1.08,1.45,1.91,3.3,26.5,6.5,2.7,1.8,1.29,1.5,2.5,3.2,1.3,7.0,1.07,1.15,1.18,2.53,2.0,2.63,5.0,1.73,3.15,4.75,0,0,1.27,1.41,1.66,2.04,2.8,3.65,2.65,2.07,1.58,1.37,1.58,6.5,2.48,1.36,25.0,3.0,3.35,11.0,1.22,2.0,4.33,11.0,4.0,1.73,1.2,1.05,1.13,1.57,2.75,6.0,6.0,2.25,1.4,1.13,0,0,0,0,2,0,0,1,1,2,0,1727566200,-1,0,67,40,34,0,-1,-1,1,-1,-1,-1,-1,-1,-1,1,0,4,1,1,5,-1,0,0,0,0,0.0,0.0,0.0,0,0,0,0,0,0,1,1,0,0,-1,-1,1,0,1,2,1,-1,-1,-1,1,9,14,17,44,60,83,100,47,80,74,43,8.46,4.2,4.94,3.17,/clubs/club-internacional-de-futbol-miami-677446,teams/usa-club-internacional-de-futbol-miami.png,Inter Miami,/clubs/charlotte-fc-711351,teams/usa-charlotte-fc.png,Charlotte,2.11,1.05,2.2,1.0,2.13,1.37,83,57,40,17,0,64,43,27,1.38,1.12,2.5,/usa/club-internacional-de-futbol-miami-vs-charlotte-fc-h2h-stats#7295676,10977,37,True,True,False,False,False,False,True,['67'],['57']
MLS,2024,10977,7295677,1,15,2024,complete,106200,0,-1,"['50', '55', '72']",[],3,0,3,7,3,10,0,1,3,3,0,0,8,2,6,10,14,12,14,11,58,42,7.0,53329.0,428.0,,,3,3,1.88,3.85,3.25,1.01,1.11,1.48,2.32,4.0,13.0,5.5,2.54,1.6,1.2,1.5,2.5,3.4,1.28,5.5,1.11,1.3,1.25,1.88,2.4,2.5,4.0,2.1,2.85,3.5,0,0,1.2,1.37,1.61,1.96,2.45,3.9,2.8,2.15,1.74,1.48,1.75,6.4,2.15,1.53,21.0,2.4,4.0,8.0,1.25,2.2,5.0,13.0,3.75,1.62,1.17,1.04,1.14,1.67,3.25,7.0,5.5,2.1,1.33,1.1,0,0,0,0,3,0,0,3,0,3,0,1727566200,1,0,67,40,20,0,-1,-1,1,-1,-1,-1,-1,-1,-1,0,0,3,3,0,6,1,44,33,106,66,1.77,1.13,2.9,0,0,0,0,0,0,1,1,0,0,-1,-1,0,0,1,3,1,-1,-1,-1,1,9,5,34,47,64,87,94,57,87,77,40,8.07,2.87,4.8,3.6,/clubs/montreal-impact-1,teams/canada-montreal-impact.png,Montreal Impact,/clubs/san-jose-earthquakes-15,teams/usa-san-jose-earthquakes.png,SJ Earthquakes,1.67,0.47,1.53,0.53,1.13,0.6,67,53,37,14,7,64,53,47,1.17,1.02,2.19,/usa/montreal-impact-vs-san-jose-earthquakes-h2h-stats#7295677,10977,34,True,True,True,False,False,False,False,"['50', '55', '72']",[]
MLS,2024,10977,7295678,11,677447,2024,complete,106200,0,-1,['86'],[],1,0,1,8,3,11,2,2,1,1,0,0,1,4,5,1,6,5,12,11,56,44,42.0,13.0,52571.0,,,1,1,1.85,3.8,3.4,1.01,1.2,1.6,2.88,5.5,11.0,4.0,2.3,1.36,1.11,1.62,2.2,3.0,1.33,4.5,1.17,1.32,1.24,1.8,2.6,2.3,3.75,2.3,2.64,3.58,0,0,1.28,1.48,1.67,2.18,2.55,3.65,2.43,2.05,1.66,1.37,1.52,6.4,2.55,1.62,10.0,2.38,3.9,6.5,1.33,2.5,6.5,19.0,3.25,1.5,1.11,1.02,1.18,1.83,3.75,10.0,4.5,1.83,1.25,1.06,0,0,0,0,1,0,0,1,0,1,0,1727566200,11,0,52,20,10,0,-1,-1,1,-1,-1,-1,-1,-1,-1,1,1,0,0,2,0,1,52,25,44,21,0.82,0.77,1.59,0,0,0,0,0,0,1,1,0,0,-1,-1,0,0,1,3,2,-1,-1,-1,1,5,8,17,31,55,76,93,45,72,80,38,8.91,3.8,3.57,2.75,/clubs/new-england-revolution-11,teams/usa-new-england-revolution.png,New England Revolution,/clubs/nashville-sc-mls-677447,teams/usa-nashville-sc-mls.png,Nashville SC,1.12,0.88,1.07,0.86,0.97,1.1,83,70,45,24,7,59,52,35,1.24,0.86,2.1,/usa/new-england-revolution-vs-nashville-sc-mls-h2h-stats#7295678,10977,34,True,False,False,False,False,False,False,['86'],[]
MLS,2024,10977,7295679,4,2,2024,complete,106200,0,-1,['28'],"['5', '7', '30', '45+5', '67']",1,5,6,9,1,10,2,3,2,0,0,0,4,6,6,3,10,9,12,11,51,49,45098.0,53650.0,27505.0,,,2,0,1.93,3.65,3.25,1.03,1.15,1.68,2.42,4.2,17.0,4.1,2.15,1.43,1.14,1.58,2.29,3.35,1.28,4.5,1.17,1.35,1.29,1.71,2.64,2.22,3.75,2.38,2.69,3.32,0,0,1.36,1.63,2.0,2.55,3.4,2.8,2.12,1.71,1.44,1.26,1.5,6.4,2.65,1.74,14.75,2.22,4.33,6.5,1.33,2.41,5.6,15.0,3.16,1.53,1.12,1.01,1.17,1.84,3.72,8.5,4.55,1.91,1.25,1.06,0,0,0,0,6,1,4,0,1,1,5,1727566200,2,0,57,20,34,0,-1,-1,1,-1,-1,-1,-1,-1,-1,1,0,1,0,1,1,1,46,41,99,106,1.25,1.3,2.55,0,0,0,0,0,0,1,1,0,2,-1,-1,0,0,1,3,3,-1,-1,-1,1,3,9,10,34,47,74,90,34,73,73,44,9.74,2.8,4.2,2.6,/clubs/new-york-red-bulls-4,teams/usa-new-york-red-bulls.png,New York RB,/clubs/new-york-city-fc-2,teams/usa-new-york-city-fc.png,New York City,1.61,0.95,1.87,0.93,1.47,1.37,90,67,54,27,10,60,43,20,1.59,1.03,2.62,/usa/new-york-city-fc-vs-new-york-red-bulls-h2h-stats#7295679,10977,38,True,True,True,True,True,True,True,['28'],"['5', '7', '30', '45+5', '67']"
MLS,2024,10977,7295680,16,1016,2024,complete,106200,0,-1,['61'],['72'],1,1,2,8,9,17,2,1,2,1,0,0,7,1,10,5,17,6,8,8,52,48,24.0,,,,,2,1,1.64,3.95,4.25,1.01,1.08,1.57,2.04,3.3,17.0,6.5,2.25,1.77,1.29,1.44,2.63,3.4,1.29,6.0,1.09,1.25,1.22,2.06,2.25,2.6,4.0,2.0,2.99,3.75,0,0,1.26,1.44,1.72,2.14,2.7,3.4,2.55,1.97,1.62,1.38,1.54,6.4,2.55,1.5,25.0,2.5,4.0,8.0,1.22,2.0,4.33,11.0,4.0,1.73,1.2,1.05,1.11,1.57,2.75,6.0,6.5,2.25,1.4,1.13,0,0,0,0,2,0,0,1,1,2,0,1727566200,-1,0,50,10,30,0,-1,-1,1,-1,-1,-1,-1,-1,-1,0,0,2,1,0,3,1,70,48,105,91,2.07,0.81,2.87,0,0,0,0,0,0,1,1,0,0,-1,-1,0,0,1,5,4,-1,-1,-1,1,10,9,14,30,47,70,90,30,67,84,47,11.34,3.47,2.93,2.6,/clubs/philadelphia-union-16,teams/usa-philadelphia-union.png,Philadelphia Union,/clubs/atlanta-united-fc-1016,teams/usa-atlanta-united-fc.png,Atlanta United FC,1.0,1.05,1.07,0.93,1.2,1.1,87,70,53,30,10,80,64,57,1.58,1.26,2.84,/usa/philadelphia-union-vs-atlanta-united-fc-h2h-stats#7295680,10977,34,True,True,False,False,False,False,True,['61'],['72']
MLS,2024,10977,7295681,698284,14,2024,complete,106200,0,-1,"['81', '89']","['48', '65']",2,2,4,7,6,13,3,0,0,2,0,0,5,7,4,8,9,15,11,8,51,49,19912.0,2339.0,8.0,,,0,2,2.4,3.6,2.48,1.03,1.19,1.61,2.5,4.5,15.0,4.75,2.28,1.53,1.2,1.53,2.38,3.8,1.22,4.75,1.15,1.44,1.25,1.63,2.88,2.38,3.25,2.5,2.7,2.88,0,0,1.16,1.34,1.69,2.08,2.71,3.9,2.69,2.14,1.74,1.38,2.15,8.0,1.93,1.73,13.0,2.1,4.75,6.0,1.3,2.38,6.0,17.0,3.4,1.53,1.13,1.03,1.17,1.8,3.5,8.0,5.0,1.91,1.29,1.08,0,0,0,0,4,0,0,2,2,4,0,1727569800,-1,0,67,20,47,0,-1,-1,1,-1,-1,-1,-1,-1,-1,0,0,0,2,0,2,1,62,50,90,102,1.37,1.8,3.17,0,1,0,1,0,0,1,1,0,0,-1,-1,0,0,1,12,13,-1,-1,-1,1,6,7,20,37,57,83,97,34,74,90,57,10.0,3.27,4.87,3.1,/clubs/austin-fc-698284,teams/usa-austin-fc.png,Austin,/clubs/real-salt-lake-14,teams/usa-real-salt-lake.png,Real Salt Lake,1.53,1.33,1.47,1.27,1.17,1.7,80,64,44,17,4,74,67,53,1.1,1.41,2.51,/usa/real-salt-lake-vs-austin-fc-h2h-stats#7295681,10977,34,True,True,True,True,False,False,True,"['81', '89']","['48', '65']"
MLS,2024,10977,7295682,7,19,2024,complete,106200,0,-1,['84'],['45+4'],1,1,2,1,2,3,1,0,4,3,0,0,-1,-1,-1,-1,-1,-1,15,12,61,39,35891.0,21081.0,10856.0,,,4,3,1.85,3.75,3.4,1.03,1.18,1.61,2.6,4.6,15.0,3.76,2.18,1.49,1.11,1.67,2.1,2.9,1.36,4.75,1.15,1.25,1.25,1.91,2.5,2.3,4.0,2.2,2.64,3.6,0,0,1.3,1.55,1.85,2.33,3.0,3.15,2.33,1.83,1.52,1.33,1.57,7.5,2.95,1.57,12.0,2.5,3.5,7.5,1.33,2.63,6.5,19.0,3.25,1.44,1.11,1.02,1.18,1.83,4.0,10.0,4.5,1.83,1.22,1.06,0,0,0,0,2,0,1,1,0,1,1,1727569800,-1,0,53,17,30,0,16097,-1,1,-1,-1,-1,-1,-1,-1,1,1,3,2,2,5,-1,0,0,0,0,0.0,0.0,0.0,0,1,0,1,0,0,1,1,0,0,-1,-1,0,0,1,16,17,-1,-1,-1,1,11,9,13,32,62,71,88,30,71,81,52,8.67,3.16,5.76,2.79,/clubs/chicago-fire-7,teams/usa-chicago-fire.png,Chicago Fire,/clubs/toronto-fc-19,teams/canada-toronto-fc.png,Toronto,1.12,0.94,1.2,0.94,0.94,1.16,87,68,39,29,13,74,63,30,1.28,0.93,2.21,/usa/chicago-fire-vs-toronto-fc-h2h-stats#7295682,10977,34,True,True,False,False,False,False,True,['84'],['45+4']
MLS,2024,10977,7295683,13,17,2024,complete,106200,0,-1,['78'],"['18', '51', '55']",1,3,4,6,7,13,3,1,1,3,0,0,6,7,8,3,14,10,11,14,45,55,57.0,52424.0,21031.0,,,1,3,2.32,3.55,2.6,1.04,1.24,1.7,2.85,4.5,13.0,4.2,2.12,1.44,1.12,1.57,2.25,3.4,1.29,4.0,1.2,1.44,1.29,1.55,2.88,2.25,3.4,2.6,2.4,3.0,0,0,1.52,1.89,2.43,3.2,4.4,2.32,1.8,1.48,1.28,1.16,2.05,5.8,1.88,1.73,11.0,2.1,4.4,5.0,1.33,2.63,6.5,19.0,3.25,1.44,1.11,1.02,1.18,1.83,3.75,9.0,4.5,1.83,1.25,1.07,0,0,0,0,4,0,1,1,2,3,1,1727569800,17,0,64,34,40,0,-1,-1,1,-1,-1,-1,-1,-1,-1,0,0,1,3,0,4,1,48,64,93,101,1.65,1.59,3.24,1,0,1,0,0,0,1,1,0,0,-1,-1,0,0,1,14,18,-1,-1,-1,1,4,11,30,50,70,87,97,44,87,87,57,9.34,3.27,4.0,3.57,/clubs/fc-dallas-13,teams/usa-fc-dallas.png,FC Dallas,/clubs/orlando-city-sc-17,teams/usa-orlando-city-sc.png,Orlando City,1.88,1.56,1.93,1.4,1.23,1.43,70,50,30,13,4,47,37,23,1.38,1.25,2.63,/usa/fc-dallas-vs-orlando-city-sc-h2h-stats#7295683,10977,34,True,True,True,True,False,False,True,['78'],"['18', '51', '55']"
MLS,2024,10977,7295684,1015,12,2024,complete,106200,0,-1,"['16', '47', '82']",[],3,0,3,5,3,8,1,1,3,2,0,0,10,1,4,2,14,3,18,8,43,57,57128.0,25056.0,11435.0,,,3,2,2.05,3.95,2.75,1.01,1.08,1.4,2.0,3.6,17.0,6.5,2.82,1.8,1.25,1.4,2.75,3.8,1.22,5.75,1.1,1.35,1.22,1.78,2.5,2.5,3.5,2.25,2.7,3.2,0,0,1.17,1.3,1.52,1.83,2.24,4.5,3.2,2.49,1.98,1.62,1.93,8.0,2.15,1.62,21.0,2.25,4.5,7.0,1.22,2.1,4.5,13.0,4.0,1.67,1.18,1.04,1.13,1.62,2.75,6.0,6.0,2.2,1.4,1.13,0,0,0,0,3,1,0,2,0,2,1,1727569800,1015,0,77,30,44,0,-1,-1,1,-1,-1,-1,-1,-1,-1,1,0,2,2,1,4,1,45,43,86,106,1.91,0.59,2.5,0,0,0,0,0,0,1,1,0,0,-1,-1,0,0,1,22,17,-1,-1,-1,1,5,6,23,40,74,97,100,37,93,87,57,10.33,3.33,4.46,3.44,/clubs/minnesota-united-fc-1015,teams/usa-minnesota-united-fc.png,Minnesota United,/clubs/colorado-rapids-12,teams/usa-colorado-rapids.png,Colorado Rapids,1.44,0.94,1.27,1.13,1.4,1.67,77,60,27,4,0,70,60,40,1.42,1.27,2.69,/usa/colorado-rapids-vs-minnesota-united-fc-h2h-stats#7295684,10977,36,True,True,True,False,False,False,False,"['16', '47', '82']",[]
MLS,2024,10977,7295685,945555,8,2024,complete,106200,0,-1,"['33', '54', '75']",['63'],3,1,4,5,9,14,5,1,3,3,0,0,4,6,5,7,9,13,9,14,47,53,5016.0,,,,,3,3,1.87,3.9,3.25,1.01,1.15,1.43,2.2,3.75,21.0,5.5,2.7,1.65,1.28,1.44,2.63,3.55,1.25,6.0,1.09,1.32,1.2,1.9,2.4,2.5,3.75,2.1,2.62,3.4,0,0,1.28,1.5,1.82,2.28,2.9,3.2,2.4,1.86,1.54,1.34,1.56,6.4,2.5,1.57,15.0,2.38,3.9,7.5,1.25,2.1,5.0,13.0,3.75,1.67,1.17,1.04,1.13,1.67,3.0,6.5,6.0,2.1,1.36,1.11,0,0,0,0,4,1,0,2,1,3,1,1727569800,945555,0,63,17,50,0,22423,2,1,0,0,0,1,0,1,1,3,2,0,4,2,1,32,70,74,117,1.08,1.75,2.84,0,0,0,0,0,0,1,1,0,0,0,0,0,0,1,13,28,-1,-1,-1,1,12,8,10,30,57,84,90,27,50,80,67,9.67,3.6,4.8,2.74,/clubs/st-louis-city-sc-945555,teams/usa-st-louis-city-sc.png,St. Louis City,/clubs/sporting-kansas-city-8,teams/usa-sporting-kansas-city.png,Sporting KC,1.53,0.53,1.33,0.6,1.03,1.0,90,70,43,17,10,64,50,37,1.57,1.1,2.67,/usa/sporting-kansas-city-vs-st-louis-city-sc-h2h-stats#7295685,10977,34,True,True,True,True,False,False,True,"['33', '54', '75']",['63']
MLS,2024,10977,7295686,18,6,2024,complete,106200,0,-1,['22'],[],1,0,1,3,5,8,1,0,1,3,0,0,4,1,4,1,8,2,8,10,38,62,3.0,25.0,20.0,,,1,3,1.75,3.75,3.85,1.05,1.3,1.76,3.4,6.5,12.0,3.6,2.04,1.33,1.12,1.8,1.95,2.6,1.44,4.33,1.18,1.24,1.24,1.96,2.5,2.2,4.5,2.2,2.4,4.0,0,0,1.21,1.37,1.61,1.96,2.43,3.8,2.8,2.15,1.74,1.48,1.3,6.75,4.4,1.57,10.0,2.63,3.1,7.0,1.4,2.75,8.0,21.0,2.75,1.4,1.08,1.02,1.22,2.1,4.5,11.0,4.0,1.67,1.18,1.05,0,0,0,0,1,1,0,0,0,0,1,1727577000,18,0,50,17,30,0,-1,-1,1,-1,-1,-1,-1,-1,-1,0,1,1,2,1,3,1,49,47,102,108,1.15,0.56,1.71,0,0,0,0,0,0,1,1,0,0,-1,-1,0,0,1,19,16,-1,-1,-1,1,7,6,17,27,47,80,94,30,67,90,47,11.33,3.34,4.4,2.7,/clubs/seattle-sounders-fc-18,teams/usa-seattle-sounders-fc.png,Seattle Sounders,/clubs/houston-dynamo-6,teams/usa-houston-dynamo.png,Houston Dynamo,1.78,1.5,1.8,1.73,1.57,1.6,84,74,54,20,7,77,57,40,1.49,1.21,2.7,/usa/houston-dynamo-vs-seattle-sounders-fc-h2h-stats#7295686,10977,36,True,False,False,False,False,False,False,['22'],[]
MLS,2024,10977,7295687,1016,1,2024,complete,106200,0,-1,['45+3'],"['43', '76']",1,2,3,7,1,8,1,0,1,2,0,0,7,3,8,3,15,6,10,13,49,51,15.0,40413.0,53329.0,,,1,2,1.58,4.3,4.65,1.01,1.08,1.4,2.06,3.6,17.0,6.5,2.75,1.74,1.25,1.53,2.38,2.95,1.35,7.0,1.06,1.17,1.17,2.3,2.05,2.6,4.75,1.83,2.9,4.33,0,0,1.28,1.48,1.79,2.23,2.9,3.3,2.43,1.9,1.56,1.35,1.41,6.75,2.95,1.4,24.0,2.75,3.3,11.0,1.22,2.1,4.5,13.0,4.0,1.67,1.18,1.04,1.13,1.62,3.0,6.5,6.0,2.2,1.36,1.11,0,0,0,0,3,1,1,0,1,1,2,1727911800,1,0,70,17,57,0,-1,-1,1,-1,-1,-1,-1,-1,-1,0,1,1,1,1,2,1,54,34,101,86,1.83,0.85,2.67,0,0,0,0,0,0,1,1,0,0,-1,-1,0,0,1,4,2,-1,-1,-1,1,5,5,34,57,77,87,94,37,77,94,74,9.74,2.6,4.6,3.57,/clubs/atlanta-united-fc-1016,teams/usa-atlanta-united-fc.png,Atlanta United FC,/clubs/montreal-impact-1,teams/canada-montreal-impact.png,Montreal Impact,1.39,0.82,1.27,0.73,1.1,1.19,67,43,24,14,7,60,57,47,1.48,0.9,2.38,/usa/montreal-impact-vs-atlanta-united-fc-h2h-stats#7295687,10977,35,True,True,True,False,False,False,True,['45+3'],"['43', '76']"
MLS,2024,10977,7295688,711351,7,2024,complete,106200,0,-1,"['8', '30', '45+1', '58']","['25', '67', '90+3']",4,3,7,5,3,8,2,1,3,1,0,0,10,7,5,6,15,13,8,5,43,57,65601.0,404.0,21081.0,,,3,1,1.75,3.8,4.05,1.02,1.16,1.65,2.48,4.3,13.0,4.0,2.1,1.41,1.13,1.67,2.1,2.8,1.38,5.25,1.12,1.2,1.2,2.05,2.3,2.38,4.5,2.0,2.7,4.0,0,0,1.26,1.46,1.74,2.17,2.8,3.4,2.5,1.96,1.58,1.37,1.45,6.5,2.9,1.5,10.0,2.63,3.4,8.0,1.3,2.5,6.0,17.0,3.4,1.5,1.13,1.03,1.18,1.83,3.75,9.0,4.5,1.83,1.25,1.07,0,0,0,0,7,3,1,1,2,3,4,1727911800,711351,0,48,13,26,0,-1,-1,1,-1,-1,-1,-1,-1,-1,1,0,2,1,1,3,1,43,51,81,93,1.96,1.68,3.64,0,0,0,0,0,0,1,1,1,0,-1,-1,0,0,1,1,4,-1,-1,-1,1,8,5,10,26,45,68,91,19,64,74,52,8.16,3.24,4.41,2.41,/clubs/charlotte-fc-711351,teams/usa-charlotte-fc.png,Charlotte,/clubs/chicago-fire-7,teams/usa-chicago-fire.png,Chicago Fire,1.83,0.65,1.73,0.69,1.35,0.94,91,75,56,33,10,49,46,33,1.14,1.1,2.24,/usa/chicago-fire-vs-charlotte-fc-h2h-stats#7295688,10977,34,True,True,True,True,True,True,True,"['8', '30', '45+1', '58']","['25', '67', '90+3']"
MLS,2024,10977,7295689,9,677446,2024,complete,106200,0,-1,"['46', '61']","['45', '45+5', '48']",2,3,5,4,5,9,3,3,1,3,1,0,6,4,2,0,8,4,8,10,48,52,36.0,39282.0,647.0,,,2,3,2.06,3.7,2.96,1.01,1.14,1.65,2.05,4.33,15.0,5.5,2.1,1.7,1.2,1.5,2.5,3.35,1.28,5.5,1.11,1.29,1.26,1.9,2.4,2.5,3.75,2.1,2.85,3.5,0,0,1.36,1.61,1.98,2.55,3.4,2.8,2.14,1.72,1.44,1.26,1.45,6.4,2.9,1.53,18.0,2.4,4.0,8.0,1.25,2.2,5.0,13.0,3.75,1.62,1.17,1.04,1.14,1.67,3.25,7.0,5.5,2.1,1.33,1.1,0,0,0,0,5,0,2,2,1,3,2,1727912700,677446,0,69,24,42,0,-1,-1,1,-1,-1,-1,-1,-1,-1,0,1,2,2,1,4,1,36,29,114,95,1.2,0.76,1.96,2,0,1,0,1,0,1,1,0,0,-1,-1,0,0,1,2,0,-1,-1,-1,1,1,7,24,48,72,90,93,31,76,90,72,9.17,3.82,4.54,3.44,/clubs/columbus-crew-9,teams/usa-columbus-crew.png,Columbus Crew,/clubs/club-internacional-de-futbol-miami-677446,teams/usa-club-internacional-de-futbol-miami.png,Inter Miami,1.89,2.06,2.0,2.07,1.9,2.1,77,52,28,11,7,62,35,31,1.47,1.18,2.65,/usa/columbus-crew-vs-club-internacional-de-futbol-miami-h2h-stats#7295689,10977,36,True,True,True,True,True,False,True,"['46', '61']","['45', '45+5', '48']"
MLS,2024,10977,7295690,2,8043,2024,complete,106200,0,-1,"['16', '65', '75']","['69', '90+6']",3,2,5,6,2,8,2,2,5,1,0,0,9,5,2,6,11,11,16,11,55,45,5016.0,27505.0,40182.0,,,5,1,1.98,3.75,3.25,1.01,1.11,1.53,2.34,4.5,13.0,5.5,2.35,1.58,1.17,1.53,2.38,3.3,1.28,5.25,1.12,1.28,1.2,1.83,2.5,2.4,3.75,2.2,2.79,3.4,0,0,1.28,1.49,1.8,2.25,2.9,3.2,2.4,1.88,1.55,1.34,1.67,6.25,2.33,1.57,18.25,2.38,4.0,7.5,1.29,2.25,5.5,15.0,3.5,1.57,1.14,1.03,1.14,1.73,3.4,8.0,5.5,2.0,1.3,1.08,0,0,0,0,5,1,0,2,2,4,1,1727911800,2,0,77,24,44,0,-1,2,1,0,0,0,1,0,1,1,1,4,0,2,4,1,55,44,106,100,1.73,1.37,3.1,1,1,1,1,0,0,1,1,0,0,0,0,0,0,1,10,3,-1,-1,-1,1,8,5,24,33,67,94,100,37,70,94,57,10.53,5.2,5.67,3.37,/clubs/new-york-city-fc-2,teams/usa-new-york-city-fc.png,New York City,/clubs/fc-cincinnati-8043,teams/usa-fc-cincinnati.png,FC Cincinnati,1.89,1.94,1.8,2.13,1.42,1.81,77,67,34,7,0,63,47,30,1.58,1.23,2.81,/usa/new-york-city-fc-vs-fc-cincinnati-h2h-stats#7295690,10977,37,True,True,True,True,True,False,True,"['16', '65', '75']","['69', '90+6']"
MLS,2024,10977,7295691,17,16,2024,complete,106200,0,-1,"['57', '64']",['72'],2,1,3,3,8,11,1,3,4,3,0,0,6,2,7,8,13,10,6,9,54,46,7.0,,,,,4,3,1.7,4.0,4.15,1.01,1.14,1.53,2.36,4.5,13.0,4.8,2.35,1.57,1.17,1.57,2.25,2.8,1.38,5.75,1.1,1.22,1.24,2.15,2.25,2.4,4.5,1.95,2.85,4.0,0,0,1.27,1.46,1.76,2.18,2.8,3.3,2.48,1.94,1.58,1.37,1.43,6.75,2.9,1.44,17.75,2.63,3.3,9.5,1.29,2.25,5.5,15.0,3.5,1.57,1.14,1.03,1.14,1.73,3.4,8.0,5.5,2.0,1.3,1.08,0,0,0,0,3,0,0,2,1,3,0,1727911800,17,0,60,24,30,0,-1,-1,1,-1,-1,-1,-1,-1,-1,1,0,3,3,1,6,1,50,44,93,80,1.6,1.09,2.7,0,0,0,0,0,0,1,1,0,0,-1,-1,0,0,1,4,4,-1,-1,-1,1,9,12,24,44,64,87,90,40,80,84,57,10.47,4.2,4.66,3.3,/clubs/orlando-city-sc-17,teams/usa-orlando-city-sc.png,Orlando City,/clubs/philadelphia-union-16,teams/usa-philadelphia-union.png,Philadelphia Union,1.52,1.18,1.47,1.33,1.48,1.19,77,57,37,14,10,70,54,34,1.36,1.21,2.57,/usa/philadelphia-union-vs-orlando-city-sc-h2h-stats#7295691,10977,34,True,True,True,False,False,False,True,"['57', '64']",['72']
MLS,2024,10977,7295692,19,4,2024,complete,106200,0,-1,['66'],"['27', '48', '69', '88']",1,4,5,4,6,10,2,1,3,2,1,0,3,8,5,1,8,9,12,14,56,44,45125.0,10856.0,53650.0,,,4,2,2.78,3.5,2.32,1.01,1.2,1.75,2.88,5.5,11.0,4.0,1.95,1.36,1.11,1.62,2.2,3.8,1.22,3.3,1.28,1.59,1.29,1.42,3.4,2.25,3.0,3.0,2.57,2.6,0,0,1.38,1.65,2.08,2.65,3.55,2.7,2.08,1.65,1.41,1.24,2.15,5.8,1.79,2.2,13.5,1.73,5.5,4.33,1.33,2.63,7.0,19.0,3.25,1.44,1.1,1.02,1.2,1.91,4.0,10.0,4.33,1.8,1.22,1.06,0,0,0,0,5,0,1,1,3,4,1,1727911800,4,0,73,20,34,0,-1,-1,1,-1,-1,-1,-1,-1,-1,2,2,2,0,4,2,1,37,42,84,92,0.99,1.44,2.43,1,2,1,2,0,0,1,1,0,0,-1,-1,0,0,1,3,1,-1,-1,-1,1,2,7,20,37,67,84,94,33,74,87,54,9.47,4.0,4.26,3.2,/clubs/toronto-fc-19,teams/canada-toronto-fc.png,Toronto,/clubs/new-york-red-bulls-4,teams/usa-new-york-red-bulls.png,New York RB,1.24,1.33,1.4,1.07,1.16,1.42,80,63,34,17,7,57,50,27,1.25,1.25,2.5,/usa/new-york-red-bulls-vs-toronto-fc-h2h-stats#7295692,10977,34,True,True,True,True,True,False,True,['66'],"['27', '48', '69', '88']"
MLS,2024,10977,7295693,6,11,2024,complete,106200,0,-1,"['50', '68']",['54'],2,1,3,5,5,10,1,0,2,1,0,0,8,4,7,10,15,14,14,14,54,46,24.0,20.0,13.0,,,2,1,1.48,4.2,5.25,1.01,1.14,1.57,2.6,4.8,13.0,4.8,2.15,1.49,1.14,1.75,2.0,2.35,1.53,6.5,1.08,1.13,1.21,2.55,2.0,2.5,5.5,1.8,2.95,5.0,0,0,1.26,1.46,1.72,2.15,2.7,3.4,2.5,1.98,1.61,1.38,1.42,6.75,2.95,1.33,10.0,3.4,2.7,10.0,1.3,2.38,6.0,17.0,3.4,1.53,1.13,1.03,1.17,1.8,3.5,9.0,5.0,1.91,1.29,1.07,0,0,0,0,3,0,0,2,1,3,0,1727915400,6,0,52,7,32,0,-1,-1,1,-1,-1,-1,-1,-1,-1,1,0,1,1,1,2,1,58,51,78,107,1.92,1.54,3.46,0,1,0,1,0,0,1,1,0,0,-1,-1,1,0,1,16,14,-1,-1,-1,1,10,7,18,32,49,73,94,28,70,87,49,10.23,3.34,4.63,2.72,/clubs/houston-dynamo-6,teams/usa-houston-dynamo.png,Houston Dynamo,/clubs/new-england-revolution-11,teams/usa-new-england-revolution.png,New England Revolution,1.61,0.71,1.47,0.86,1.55,1.03,82,69,52,27,7,62,49,38,1.54,1.12,2.66,/usa/houston-dynamo-vs-new-england-revolution-h2h-stats#7295693,10977,34,True,True,True,False,False,False,True,"['50', '68']",['54']
MLS,2024,10977,7295694,677447,13401,2024,complete,106200,0,-1,"['6', '45', '62']","['24', '76', '90+4', '90+7']",3,4,7,5,13,18,2,1,3,3,0,0,4,10,8,8,12,18,13,12,37,63,19912.0,52571.0,13006.0,,,3,3,2.1,3.5,2.87,1.04,1.14,1.57,2.39,4.1,10.0,4.2,2.2,1.44,1.15,1.53,2.38,3.5,1.25,4.5,1.17,1.39,1.28,1.68,2.75,2.38,3.4,2.4,2.69,3.0,0,0,1.28,1.49,1.79,2.23,2.9,3.2,2.4,1.9,1.56,1.35,1.68,6.4,2.3,1.67,16.25,2.2,4.5,6.25,1.3,2.38,6.0,17.0,3.4,1.53,1.13,1.03,1.17,1.8,3.5,8.0,5.0,1.91,1.29,1.08,0,0,0,0,7,2,1,1,3,4,3,1727915400,13401,0,62,26,26,0,-1,-1,1,-1,-1,-1,-1,-1,-1,0,3,3,0,3,3,1,34,74,63,122,1.28,2.37,3.65,0,0,0,0,0,0,1,1,1,0,-1,-1,0,0,1,13,13,-1,-1,-1,1,7,8,17,43,62,81,94,46,77,81,39,9.12,3.68,4.67,2.98,/clubs/nashville-sc-mls-677447,teams/usa-nashville-sc-mls.png,Nashville SC,/clubs/dc-united-13401,teams/usa-dc-united.png,DC United,1.24,1.35,1.31,1.13,1.06,1.1,84,58,39,20,7,52,46,46,1.08,1.08,2.16,/usa/dc-united-vs-nashville-sc-mls-h2h-stats#7295694,10977,34,True,True,True,True,True,True,True,"['6', '45', '62']","['24', '76', '90+4', '90+7']"
MLS,2024,10977,7295695,12,10,2024,complete,106200,0,-1,['45'],"['50', '58', '90+1']",1,3,4,6,4,10,2,3,1,1,0,0,3,7,7,5,10,12,9,11,42,58,84.0,,,,,1,1,1.91,3.8,3.1,0.0,1.04,1.31,1.73,2.54,0.0,6.55,3.27,1.91,1.39,1.3,3.4,4.5,1.17,6.5,1.08,1.35,1.18,1.77,2.5,2.75,3.25,2.2,3.08,3.0,0,0,1.25,1.44,1.71,2.1,2.65,3.45,2.55,2.0,1.63,1.4,1.58,6.4,2.43,1.62,34.0,2.2,5.25,8.5,1.18,1.83,3.75,10.0,4.5,1.83,1.25,1.06,1.08,1.44,2.5,5.0,8.0,2.63,1.5,1.17,0,0,0,0,4,1,0,0,3,3,1,1727919000,10,0,67,30,40,0,15196,-1,1,-1,-1,-1,-1,-1,-1,0,0,1,1,0,2,1,56,30,106,72,1.25,1.47,2.72,0,0,0,0,0,0,1,1,0,0,-1,-1,0,0,1,21,9,-1,-1,-1,1,6,10,27,40,64,84,94,44,70,83,57,10.27,3.4,2.6,3.13,/clubs/colorado-rapids-12,teams/usa-colorado-rapids.png,Colorado Rapids,/clubs/la-galaxy-10,teams/usa-la-galaxy.png,LA Galaxy,1.83,1.39,2.2,1.27,1.61,1.87,74,60,37,17,7,59,48,42,1.48,1.29,2.77,/usa/la-galaxy-vs-colorado-rapids-h2h-stats#7295695,10977,36,True,True,True,True,False,False,True,['45'],"['50', '58', '90+1']"
MLS,2024,10977,7295696,14,1015,2024,complete,106200,0,-1,[],[],0,0,0,5,2,7,3,1,2,4,1,0,4,3,3,2,7,5,13,14,58,42,59668.0,,,,,4,4,1.75,3.8,3.4,1.01,1.08,1.41,1.95,3.14,17.0,5.35,2.78,1.7,1.26,1.4,2.75,3.7,1.22,5.75,1.1,1.3,1.2,1.85,2.4,2.5,3.6,2.2,2.8,3.25,0,0,1.16,1.29,1.49,1.77,2.17,4.4,3.2,2.4,1.92,1.6,1.46,6.75,2.8,1.57,24.0,2.3,4.33,8.0,1.22,2.1,4.5,13.0,4.0,1.67,1.18,1.04,1.13,1.62,3.0,6.5,6.0,2.2,1.36,1.11,0,0,0,0,0,0,0,0,0,0,0,1727919000,-1,0,60,37,40,0,19346,-1,1,-1,-1,-1,-1,-1,-1,1,3,2,1,4,3,1,52,41,111,79,1.11,0.83,1.94,0,0,0,0,0,0,1,1,0,0,-1,-1,0,1,1,20,22,-1,-1,-1,1,6,6,34,40,64,90,97,50,80,90,60,11.53,3.93,4.14,3.6,/clubs/real-salt-lake-14,teams/usa-real-salt-lake.png,Real Salt Lake,/clubs/minnesota-united-fc-1015,teams/usa-minnesota-united-fc.png,Minnesota United,2.06,1.47,2.13,1.53,1.68,1.45,67,60,37,10,4,80,50,44,1.59,1.22,2.81,/usa/real-salt-lake-vs-minnesota-united-fc-h2h-stats#7295696,10977,36,False,False,False,False,False,False,False,[],[]
MLS,2024,10977,7295697,6490,945555,2024,complete,106200,0,-1,['45+1'],[],1,0,1,9,2,11,4,0,2,2,0,0,4,0,7,4,11,4,9,14,45,55,13864.0,39588.0,424.0,,,2,2,1.44,4.4,5.25,1.01,1.08,1.38,1.95,3.3,17.0,6.5,2.9,1.7,1.29,1.53,2.38,2.85,1.36,8.0,1.04,1.14,1.18,2.55,1.95,2.63,5.0,1.73,3.18,4.75,0,0,1.17,1.3,1.49,1.77,2.18,4.35,3.15,2.4,1.91,1.58,1.42,7.0,2.9,1.36,26.0,3.0,3.0,12.0,1.22,2.0,4.33,11.0,4.0,1.73,1.2,1.05,1.13,1.62,2.75,6.0,6.0,2.2,1.4,1.13,0,0,0,0,1,1,0,0,0,0,1,1727922600,6490,0,67,37,40,0,-1,-1,1,-1,-1,-1,-1,-1,-1,2,1,0,1,3,1,1,61,76,80,126,1.41,0.82,2.23,0,0,0,0,0,0,1,1,0,0,-1,-1,1,1,1,11,21,-1,-1,-1,1,3,10,34,50,67,90,93,47,90,84,54,11.73,2.67,4.6,3.74,/clubs/los-angeles-fc-6490,teams/usa-los-angeles-fc.png,Los Angeles FC,/clubs/st-louis-city-sc-945555,teams/usa-st-louis-city-sc.png,St. Louis City,2.15,0.65,2.07,0.73,1.73,1.1,67,50,34,10,7,80,70,54,1.78,1.26,3.04,/usa/los-angeles-fc-vs-st-louis-city-sc-h2h-stats#7295697,10977,34,True,False,False,False,False,False,False,['45+1'],[]
MLS,2024,10977,7295698,20,698284,2024,complete,106200,0,-1,[],['42'],0,1,1,9,3,12,2,3,0,3,0,0,10,1,7,4,17,5,13,16,59,41,57653.0,28121.0,2339.0,,,0,3,1.65,3.9,3.9,1.01,1.09,1.43,2.05,3.26,17.0,5.05,2.7,1.61,1.24,1.5,2.5,3.2,1.3,6.5,1.08,1.21,1.23,2.12,2.2,2.5,4.33,1.95,2.96,4.0,0,0,1.33,1.57,1.95,2.45,3.15,2.95,2.23,1.74,1.48,1.29,1.5,6.5,2.65,1.44,21.0,2.63,3.55,10.0,1.25,2.1,5.0,13.0,3.75,1.67,1.17,1.04,1.13,1.67,3.0,6.5,6.0,2.1,1.36,1.11,0,0,0,0,1,0,1,0,0,0,1,1727922600,698284,0,60,27,27,0,-1,-1,1,-1,-1,-1,-1,-1,-1,0,2,0,1,2,1,1,56,34,107,77,2.18,0.64,2.82,0,0,0,0,0,0,1,1,0,0,-1,-1,0,0,1,22,8,-1,-1,-1,1,8,9,24,40,57,80,94,47,80,83,40,8.26,3.06,4.33,3.14,/clubs/portland-timbers-20,teams/usa-portland-timbers.png,Portland Timbers,/clubs/austin-fc-698284,teams/usa-austin-fc.png,Austin,1.88,0.94,2.07,0.87,1.45,1.16,77,60,43,20,7,50,40,34,1.65,0.87,2.52,/usa/portland-timbers-vs-austin-fc-h2h-stats#7295698,10977,34,True,False,False,False,False,False,False,[],['42']
MLS,2024,10977,7295699,15,13,2024,complete,106200,0,-1,"['13', '79', '83']","['41', '90']",3,2,5,4,5,9,3,2,2,4,0,0,5,5,4,8,9,13,11,16,40,60,57128.0,428.0,52424.0,,,2,4,2.3,3.4,2.5,1.01,1.14,1.55,2.55,4.8,11.0,4.8,2.2,1.5,1.14,1.5,2.5,3.95,1.2,4.0,1.2,1.51,1.28,1.53,3.1,2.38,3.1,2.75,2.69,2.75,0,0,1.25,1.46,1.73,2.15,2.75,3.4,2.5,1.96,1.61,1.38,1.58,6.5,2.43,1.91,16.5,1.91,5.25,5.5,1.3,2.38,6.0,17.0,3.4,1.53,1.13,1.03,1.17,1.73,3.5,8.0,5.0,2.0,1.29,1.08,0,0,0,0,5,1,1,2,1,3,2,1727922600,15,0,70,27,47,0,-1,-1,1,-1,-1,-1,-1,-1,-1,1,1,1,3,2,4,1,24,40,74,112,1.1,1.47,2.57,0,1,0,0,0,1,1,1,0,0,-1,-1,0,0,1,16,22,-1,-1,-1,1,10,5,20,34,64,80,94,33,60,84,60,8.73,3.27,3.73,3.0,/clubs/san-jose-earthquakes-15,teams/usa-san-jose-earthquakes.png,SJ Earthquakes,/clubs/fc-dallas-13,teams/usa-fc-dallas.png,FC Dallas,0.76,0.53,0.67,0.53,0.58,1.19,80,67,37,20,7,70,64,47,1.28,0.99,2.27,/usa/fc-dallas-vs-san-jose-earthquakes-h2h-stats#7295699,10977,34,True,True,True,True,True,False,True,"['13', '79', '83']","['41', '90']"
MLS,2024,10977,7295700,5,18,2024,complete,106200,0,-1,[],"['14', '65', '67']",0,3,3,3,6,9,2,2,4,0,1,0,3,5,3,4,6,9,12,7,41,59,11.0,41087.0,25.0,,,5,0,2.37,3.25,2.6,1.01,1.2,1.7,2.88,5.5,11.0,4.0,1.95,1.36,1.11,1.62,2.2,3.45,1.25,3.7,1.22,1.46,1.3,1.55,3.0,2.25,3.25,2.63,2.58,2.88,0,0,1.25,1.44,1.72,2.1,2.65,3.45,2.55,1.98,1.64,1.4,1.9,6.4,1.98,1.8,9.5,2.1,4.5,5.25,1.33,2.63,6.5,19.0,3.25,1.44,1.11,1.02,1.18,1.83,3.75,10.0,4.5,1.83,1.25,1.06,0,0,0,0,3,0,1,0,2,2,1,1727922600,18,0,66,24,39,0,-1,-1,1,-1,-1,-1,-1,-1,-1,2,0,3,0,2,3,1,41,52,85,92,0.89,1.3,2.19,0,1,0,1,0,0,1,1,0,0,-1,-1,0,0,1,17,17,-1,-1,-1,1,5,10,21,35,66,80,90,45,72,76,56,9.63,2.03,3.24,3.04,/clubs/vancouver-whitecaps-fc-5,teams/canada-vancouver-whitecaps-fc.png,Vancouver Whitecaps,/clubs/seattle-sounders-fc-18,teams/usa-seattle-sounders-fc.png,Seattle Sounders,1.47,1.5,1.57,1.33,1.57,1.61,80,66,35,21,11,65,59,21,1.5,1.14,2.64,/usa/vancouver-whitecaps-fc-vs-seattle-sounders-fc-h2h-stats#7295700,10977,38,True,True,True,False,False,False,False,[],"['14', '65', '67']"
MLS,2024,10977,7295701,5,1015,2024,complete,106200,0,-1,[],['24'],0,1,1,4,3,7,2,2,2,4,0,0,2,5,4,4,6,9,16,11,63,37,13851.0,41087.0,25056.0,,,2,4,1.92,3.98,3.6,1.01,1.14,1.57,2.2,4.8,13.0,4.8,2.25,1.6,1.14,1.57,2.25,3.2,1.3,5.0,1.13,1.28,1.2,1.85,2.5,2.38,4.0,2.15,2.7,3.5,0,0,1.17,1.29,1.49,1.8,2.18,4.35,3.15,2.4,1.91,1.58,1.52,7.0,2.55,1.67,11.0,2.38,3.8,7.0,1.3,2.38,6.0,17.0,3.4,1.53,1.13,1.03,1.17,1.8,3.5,9.0,5.0,1.91,1.29,1.07,0,0,0,0,1,0,1,0,0,0,1,1728171000,1015,0,65,29,43,0,-1,-1,1,-1,-1,-1,-1,-1,-1,1,1,1,3,2,4,1,52,33,138,89,0.92,1.17,2.08,0,1,0,1,0,0,1,1,0,0,-1,-1,0,0,1,3,1,-1,-1,-1,1,4,7,23,32,65,91,91,39,74,84,68,9.58,3.15,3.87,3.26,/clubs/vancouver-whitecaps-fc-5,teams/canada-vancouver-whitecaps-fc.png,Vancouver Whitecaps,/clubs/minnesota-united-fc-1015,teams/usa-minnesota-united-fc.png,Minnesota United,1.47,1.47,1.47,1.5,1.52,1.44,78,68,36,10,10,74,55,35,1.46,1.2,2.66,/usa/vancouver-whitecaps-fc-vs-minnesota-united-fc-h2h-stats#7295701,10977,37,True,False,False,False,False,False,False,[],['24']
MLS,2024,10977,7295702,1016,4,2024,complete,106200,0,-1,"['75', '90+7']",['90+13'],2,1,3,9,4,13,3,5,1,5,0,1,6,2,8,2,14,4,7,14,65,35,13967.0,40413.0,53650.0,,,1,7,2.35,3.7,2.83,1.01,1.17,1.65,2.6,5.2,11.0,4.5,2.12,1.44,1.13,1.57,2.25,3.55,1.25,4.0,1.2,1.43,1.3,1.58,2.88,2.3,3.25,2.6,2.65,2.88,0,0,1.3,1.54,1.89,2.38,3.05,3.05,2.3,1.8,1.5,1.3,1.8,6.1,2.1,1.73,14.5,2.1,4.5,5.5,1.3,2.5,6.0,17.0,3.4,1.5,1.13,1.03,1.18,1.83,3.75,9.0,4.5,1.83,1.25,1.07,0,0,0,0,3,0,0,2,1,3,0,1728171000,1016,0,75,25,44,0,-1,2,1,0,0,0,0,0,0,0,1,1,5,1,6,1,45,24,100,84,1.63,0.58,2.21,1,0,1,0,0,0,1,1,0,0,0,0,0,0,1,7,5,-1,-1,-1,1,3,11,19,38,72,88,94,31,78,91,60,11.26,3.0,4.0,3.19,/clubs/atlanta-united-fc-1016,teams/usa-atlanta-united-fc.png,Atlanta United FC,/clubs/new-york-red-bulls-4,teams/usa-new-york-red-bulls.png,New York RB,1.39,1.33,1.19,1.19,1.06,1.47,81,63,29,13,7,60,56,41,1.51,1.26,2.77,/usa/new-york-red-bulls-vs-atlanta-united-fc-h2h-stats#7295702,10977,39,True,True,True,False,False,False,True,"['75', '90+7']",['90+13']
MLS,2024,10977,7295703,711351,1,2024,complete,106200,0,-1,"['34', '90+4']",[],2,0,2,4,2,6,1,3,2,3,0,0,6,1,5,4,11,5,11,12,36,64,13864.0,,,,,2,3,1.87,3.83,3.93,1.01,1.17,1.68,2.75,4.5,11.0,3.86,2.07,1.44,1.12,1.67,2.1,2.8,1.38,5.0,1.13,1.22,1.25,2.05,2.3,2.3,4.5,2.05,2.7,4.0,0,0,1.36,1.63,2.0,2.55,3.3,2.8,2.12,1.71,1.44,1.27,1.48,6.4,2.8,1.57,14.75,2.58,3.45,7.5,1.33,2.5,6.5,19.0,3.25,1.5,1.11,1.02,1.18,1.83,3.75,10.0,4.5,1.83,1.25,1.06,0,0,0,0,2,1,0,1,0,1,1,1728171000,711351,0,54,19,38,0,-1,-1,1,-1,-1,-1,-1,-1,-1,0,1,2,2,1,4,1,35,47,63,128,1.37,0.75,2.11,0,0,0,0,0,0,1,1,0,0,-1,-1,0,1,1,6,1,-1,-1,-1,1,8,8,29,44,57,72,88,35,69,79,57,8.13,3.0,4.94,3.04,/clubs/charlotte-fc-711351,teams/usa-charlotte-fc.png,Charlotte,/clubs/montreal-impact-1,teams/canada-montreal-impact.png,Montreal Impact,1.83,0.82,1.81,0.88,1.41,1.25,72,57,44,29,13,50,47,32,1.2,0.89,2.09,/usa/montreal-impact-vs-charlotte-fc-h2h-stats#7295703,10977,35,True,True,False,False,False,False,False,"['34', '90+4']",[]
MLS,2024,10977,7295704,8043,17,2024,complete,106200,0,-1,['45'],"['10', '66', '72']",1,3,4,5,5,10,3,2,1,3,0,0,6,5,12,1,18,6,16,13,54,46,45125.0,40182.0,21031.0,,,1,3,1.79,3.98,4.15,1.04,1.16,1.62,2.45,4.3,10.0,4.05,2.15,1.42,1.13,1.62,2.2,2.8,1.38,5.25,1.12,1.22,1.25,2.06,2.3,2.38,4.33,2.05,2.73,4.0,0,0,1.3,1.52,1.85,2.33,3.0,3.15,2.33,1.83,1.52,1.32,1.63,6.4,2.4,1.57,15.5,2.56,3.45,7.5,1.3,2.5,6.0,17.0,3.4,1.5,1.13,1.03,1.17,1.83,3.75,9.0,5.0,1.83,1.25,1.07,0,0,0,0,4,1,1,0,2,2,2,1728171000,17,0,60,25,38,0,-1,-1,1,-1,-1,-1,-1,-1,-1,1,1,0,2,2,2,1,58,28,119,63,1.98,0.94,2.91,0,0,0,0,0,0,1,1,0,1,-1,-1,0,0,1,4,0,-1,-1,-1,1,3,15,25,44,66,76,91,41,82,79,51,11.19,4.07,3.5,3.22,/clubs/fc-cincinnati-8043,teams/usa-fc-cincinnati.png,FC Cincinnati,/clubs/orlando-city-sc-17,teams/usa-orlando-city-sc.png,Orlando City,1.47,1.56,1.5,1.5,1.75,1.53,75,57,35,26,10,72,57,44,1.44,1.27,2.71,/usa/orlando-city-sc-vs-fc-cincinnati-h2h-stats#7295704,10977,37,True,True,True,True,False,False,True,['45'],"['10', '66', '72']"
MLS,2024,10977,7295705,9,16,2024,complete,106200,0,-1,"['4', '41', '76']","['25', '78']",3,2,5,9,2,11,-1,-1,2,0,0,0,10,6,5,4,15,10,9,6,62,38,3.0,39282.0,12.0,,,2,0,1.59,4.58,4.98,1.01,1.13,1.4,2.06,3.5,17.0,6.0,2.75,1.74,1.29,1.47,2.63,3.0,1.33,6.5,1.08,1.19,1.21,2.36,2.0,2.5,4.5,1.87,3.04,4.35,0,0,1.17,1.38,1.73,2.15,2.69,3.78,2.71,2.09,1.69,1.34,1.39,9.3,3.75,1.49,23.0,2.64,3.35,10.0,1.23,2.12,4.45,13.0,3.92,1.72,1.19,1.04,1.12,1.6,3.0,6.5,5.7,2.2,1.36,1.11,0,0,0,0,5,2,1,1,1,2,3,1728171000,9,0,67,23,43,0,19000,-1,1,-1,-1,-1,-1,-1,-1,1,0,1,0,1,1,1,48,41,101,66,2.0,1.35,3.34,0,0,0,0,0,0,1,1,1,0,-1,-1,0,0,1,3,2,-1,-1,-1,1,7,9,23,52,74,91,94,32,77,88,71,9.66,4.27,3.65,3.61,/clubs/columbus-crew-9,teams/usa-columbus-crew.png,Columbus Crew,/clubs/philadelphia-union-16,teams/usa-philadelphia-union.png,Philadelphia Union,1.89,1.18,1.87,1.25,1.84,1.16,78,49,26,10,7,64,39,32,1.45,1.2,2.65,/usa/columbus-crew-vs-philadelphia-union-h2h-stats#7295705,10977,34,True,True,True,True,True,False,True,"['4', '41', '76']","['25', '78']"
MLS,2024,10977,7295706,11,13401,2024,complete,106200,0,-1,['74'],"['3', '8']",1,2,3,6,7,13,3,1,2,2,0,0,1,4,12,6,13,10,13,11,63,37,,13.0,13006.0,,,2,2,2.23,3.92,2.89,1.01,1.14,1.45,2.18,4.33,15.0,5.5,2.55,1.66,1.2,1.44,2.7,3.75,1.18,4.75,1.15,1.37,1.28,1.7,2.63,2.3,3.3,2.4,2.7,3.0,0,0,1.17,1.38,1.73,2.14,2.73,3.78,2.71,2.09,1.69,1.33,1.85,7.2,2.42,1.8,15.0,2.15,4.75,6.25,1.29,2.25,5.0,15.0,3.3,1.57,1.14,1.03,1.13,1.7,3.1,8.0,5.0,2.05,1.33,1.08,0,0,0,0,3,0,2,1,0,1,2,1728171000,13401,0,63,35,26,0,44110,-1,1,-1,-1,-1,-1,-1,-1,0,0,2,2,0,4,1,68,45,114,98,1.39,1.24,2.63,0,0,0,0,0,0,1,1,0,2,-1,-1,0,0,1,3,3,1,11,13,1,9,6,25,51,63,75,97,50,72,85,47,9.88,3.63,4.63,3.22,/clubs/new-england-revolution-11,teams/usa-new-england-revolution.png,New England Revolution,/clubs/dc-united-13401,teams/usa-dc-united.png,DC United,1.12,1.35,1.19,1.25,1.0,1.16,75,51,38,25,3,60,53,47,1.21,1.16,2.37,/usa/new-england-revolution-vs-dc-united-h2h-stats#7295706,10977,34,True,True,True,False,False,False,True,['74'],"['3', '8']"
MLS,2024,10977,7295707,2,677447,2024,complete,106200,0,-1,"['1', '18', '21']",['58'],3,1,4,3,6,9,1,1,0,2,0,0,4,6,4,9,8,15,8,11,40,60,65601.0,27505.0,52571.0,,,0,2,1.52,4.2,4.9,1.01,1.2,1.67,2.75,5.5,11.0,4.0,2.05,1.44,1.11,1.75,2.0,2.45,1.48,5.75,1.1,1.15,1.18,2.3,2.2,2.38,5.0,1.91,2.7,4.75,0,0,1.33,1.57,1.91,2.43,3.15,2.95,2.23,1.8,1.48,1.29,1.54,6.25,2.55,1.4,10.0,3.0,2.95,9.0,1.33,2.5,6.5,17.0,3.25,1.5,1.11,1.03,1.18,1.83,3.75,10.0,4.5,1.83,1.25,1.06,0,0,0,0,4,3,0,0,1,1,3,1728246300,2,0,54,16,19,0,-1,-1,1,-1,-1,-1,-1,-1,-1,0,1,0,1,1,1,1,31,60,69,121,1.01,1.81,2.82,0,0,0,0,0,0,1,1,1,0,-1,-1,0,0,1,7,21,-1,-1,-1,1,13,5,22,29,55,87,94,39,74,90,42,9.6,4.43,4.16,2.95,/clubs/new-york-city-fc-2,teams/usa-new-york-city-fc.png,New York City,/clubs/nashville-sc-mls-677447,teams/usa-nashville-sc-mls.png,Nashville SC,1.89,0.88,1.88,0.8,1.47,1.03,78,72,46,14,7,65,55,32,1.59,0.86,2.45,/usa/new-york-city-fc-vs-nashville-sc-mls-h2h-stats#7295707,10977,34,True,True,True,True,False,False,True,"['1', '18', '21']",['58']
MLS,2024,10977,7295708,19,677446,2024,complete,106200,0,-1,[],['90+3'],0,1,1,6,1,7,2,2,3,0,0,0,6,2,4,1,10,3,11,5,43,57,13893.0,,,,,3,0,2.3,3.75,2.7,1.01,1.15,1.43,2.25,3.65,15.0,5.25,2.7,1.64,1.28,1.4,2.75,4.0,1.2,4.75,1.15,1.42,1.22,1.6,2.75,2.3,3.0,2.5,2.82,2.85,0,0,1.29,1.58,2.05,2.67,3.62,2.92,2.17,1.73,1.39,1.19,1.72,7.0,2.71,1.9,22.0,2.0,5.25,6.25,1.25,2.19,5.0,13.0,3.5,1.68,1.17,1.04,1.13,1.67,2.88,7.0,6.0,2.1,1.36,1.1,0,0,0,0,1,0,0,0,1,1,0,1728158400,677446,0,82,26,44,0,-1,-1,1,-1,-1,-1,-1,-1,-1,0,0,3,0,0,3,1,45,17,124,93,1.39,0.47,1.87,0,0,0,0,0,0,1,1,0,0,-1,-1,0,0,1,21,15,-1,-1,-1,1,5,9,35,53,78,91,97,41,75,94,72,8.01,4.01,5.75,3.69,/clubs/toronto-fc-19,teams/canada-toronto-fc.png,Toronto,/clubs/club-internacional-de-futbol-miami-677446,teams/usa-club-internacional-de-futbol-miami.png,Inter Miami,1.24,2.06,1.31,2.13,1.12,2.13,66,47,22,10,3,66,44,29,1.23,1.15,2.38,/usa/toronto-fc-vs-club-internacional-de-futbol-miami-h2h-stats#7295708,10977,34,True,False,False,False,False,False,False,[],['90+3']
MLS,2024,10977,7295709,8,6490,2024,complete,106200,0,-1,[],"['14', '45+1', '69']",0,3,3,3,8,11,0,3,1,2,0,0,3,4,4,5,7,9,12,8,54,46,42.0,18.0,39588.0,,,1,2,2.74,3.8,2.37,1.04,1.13,1.58,2.25,4.33,10.0,5.5,2.35,1.57,1.17,1.5,2.5,4.5,1.17,3.8,1.22,1.6,1.29,1.45,3.24,2.38,2.79,2.92,2.74,2.59,0,0,1.11,1.26,1.51,1.9,2.4,4.55,3.08,2.32,1.84,1.48,1.82,7.3,2.46,2.03,17.75,1.84,6.0,4.75,1.28,2.31,5.15,15.0,3.3,1.6,1.14,1.03,1.15,1.78,3.4,8.0,5.0,1.98,1.3,1.08,0,0,0,0,3,0,2,0,1,1,2,1728174600,6490,0,71,26,39,0,-1,-1,1,-1,-1,-1,-1,-1,-1,1,1,0,1,2,1,1,51,43,132,83,1.04,1.16,2.2,0,1,0,0,0,1,1,1,0,0,-1,-1,0,0,1,17,21,-1,-1,-1,1,8,9,29,42,71,94,97,45,87,91,58,12.03,2.91,5.11,3.48,/clubs/sporting-kansas-city-8,teams/usa-sporting-kansas-city.png,Sporting KC,/clubs/los-angeles-fc-6490,teams/usa-los-angeles-fc.png,Los Angeles FC,1.29,1.5,1.38,1.4,0.97,1.77,72,58,29,7,4,65,53,39,1.52,1.32,2.84,/usa/sporting-kansas-city-vs-los-angeles-fc-h2h-stats#7295709,10977,34,True,True,True,False,False,False,False,[],"['14', '45+1', '69']"
MLS,2024,10977,7295710,945555,6,2024,complete,106200,0,-1,"['14', '47', '90+2']",[],3,0,3,5,9,14,4,6,2,1,0,1,3,4,3,5,6,9,14,13,41,59,45098.0,424.0,20.0,,,2,2,2.44,3.75,2.67,1.02,1.17,1.58,2.55,4.5,13.0,5.0,2.33,1.5,1.2,1.47,2.63,3.8,1.18,4.33,1.18,1.43,1.29,1.61,2.75,2.3,3.3,2.58,2.62,2.97,0,0,1.12,1.28,1.6,1.95,2.43,4.4,2.97,2.3,1.85,1.54,1.92,7.3,2.3,1.84,17.0,2.05,5.5,5.75,1.29,2.37,5.5,15.0,3.5,1.58,1.14,1.03,1.16,1.81,3.4,8.0,5.0,1.94,1.3,1.08,0,0,0,0,3,1,0,2,0,2,1,1728174600,945555,0,56,22,41,0,-1,-1,1,-1,-1,-1,-1,-1,-1,1,1,1,1,2,2,1,28,70,68,100,0.8,1.36,2.16,0,0,0,0,0,0,1,1,0,0,-1,-1,0,0,1,13,16,-1,-1,-1,1,9,4,13,31,53,75,94,28,63,88,60,9.44,4.19,5.51,2.72,/clubs/st-louis-city-sc-945555,teams/usa-st-louis-city-sc.png,St. Louis City,/clubs/houston-dynamo-6,teams/usa-houston-dynamo.png,Houston Dynamo,1.53,1.5,1.44,1.63,1.06,1.59,88,69,47,25,7,75,66,47,1.54,1.17,2.71,/usa/houston-dynamo-vs-st-louis-city-sc-h2h-stats#7295710,10977,34,True,True,True,False,False,False,False,"['14', '47', '90+2']",[]
MLS,2024,10977,7295711,12,18,2024,complete,106200,0,-1,[],['48'],0,1,1,3,6,9,0,2,0,2,0,0,3,2,8,5,11,7,8,6,49,51,13841.0,11435.0,25.0,,,0,2,2.13,3.7,3.22,1.01,1.14,1.59,2.4,4.8,11.0,4.8,2.21,1.5,1.14,1.53,2.38,3.45,1.25,4.5,1.17,1.36,1.28,1.7,2.75,2.38,3.5,2.4,2.7,3.1,0,0,1.27,1.47,1.77,2.18,2.8,3.3,2.48,1.95,1.58,1.37,1.65,6.25,2.33,1.67,15.25,2.25,4.33,6.5,1.3,2.38,6.0,17.0,3.4,1.53,1.13,1.03,1.17,1.8,3.5,9.0,5.0,1.91,1.29,1.07,0,0,0,0,1,0,0,0,1,1,0,1728178200,18,0,66,32,32,0,-1,-1,1,-1,-1,-1,-1,-1,-1,0,1,0,1,1,1,1,71,59,95,91,1.42,1.01,2.43,0,0,0,0,0,0,1,1,0,0,-1,-1,0,0,1,24,12,-1,-1,-1,1,11,9,29,38,66,82,97,44,75,88,57,10.51,2.81,2.63,3.13,/clubs/colorado-rapids-12,teams/usa-colorado-rapids.png,Colorado Rapids,/clubs/seattle-sounders-fc-18,teams/usa-seattle-sounders-fc.png,Seattle Sounders,1.83,1.5,2.06,1.44,1.56,1.66,72,63,35,19,3,68,55,29,1.47,1.15,2.62,/usa/colorado-rapids-vs-seattle-sounders-fc-h2h-stats#7295711,10977,36,True,False,False,False,False,False,False,[],['48']
MLS,2024,10977,7295712,10,698284,2024,complete,106200,0,-1,"['31', '76']",['55'],2,1,3,4,3,7,2,4,6,4,0,1,3,5,10,6,13,11,13,17,52,48,15.0,2.0,2339.0,,,6,6,1.59,4.68,4.78,1.01,1.07,1.36,1.91,2.61,33.5,8.0,2.9,1.87,1.37,1.44,2.7,3.3,1.28,8.0,1.04,1.16,1.18,2.5,1.94,2.74,4.7,1.77,3.1,4.5,0,0,1.11,1.25,1.55,1.88,2.3,4.65,3.14,2.41,1.92,1.58,1.42,9.5,3.52,1.48,29.0,2.6,3.55,12.0,1.18,1.89,3.7,10.0,4.55,1.86,1.22,1.06,1.08,1.5,2.55,4.75,6.5,2.4,1.48,1.15,0,0,0,0,3,1,0,1,1,2,1,1728181800,10,0,60,22,29,0,-1,-1,1,-1,-1,-1,-1,-1,-1,2,2,4,3,4,7,1,36,62,84,86,1.29,1.49,2.79,0,0,0,0,0,0,1,1,0,0,-1,-1,1,0,1,9,15,-1,-1,-1,1,9,10,25,35,50,79,94,38,82,79,44,7.69,3.56,4.51,3.03,/clubs/la-galaxy-10,teams/usa-la-galaxy.png,LA Galaxy,/clubs/austin-fc-698284,teams/usa-austin-fc.png,Austin,2.57,0.94,2.44,1.0,1.91,1.22,75,66,50,22,7,54,38,25,1.6,0.86,2.46,/usa/la-galaxy-vs-austin-fc-h2h-stats#7295712,10977,34,True,True,True,False,False,False,True,"['31', '76']",['55']
MLS,2024,10977,7295713,15,14,2024,complete,106200,0,-1,[],['78'],0,1,1,2,9,11,2,2,0,4,0,0,2,5,4,6,6,11,9,20,43,57,14023.0,428.0,8.0,,,0,4,3.25,4.07,2.01,1.01,1.1,1.4,2.0,3.5,17.0,6.5,2.75,1.79,1.29,1.4,2.88,5.25,1.12,3.9,1.22,1.73,1.25,1.34,3.5,2.4,2.4,3.28,2.8,2.26,0,0,1.09,1.22,1.44,1.79,2.21,5.05,3.35,2.51,1.96,1.56,2.25,7.4,1.95,2.19,23.0,1.69,7.0,4.75,1.25,2.1,4.5,13.0,3.6,1.69,1.18,1.04,1.12,1.57,2.8,6.5,5.5,2.25,1.4,1.11,0,0,0,0,1,0,0,0,1,1,0,1728181800,14,0,69,22,47,0,-1,-1,1,-1,-1,-1,-1,-1,-1,0,1,0,3,1,3,1,20,58,71,133,0.67,1.48,2.15,0,0,0,0,0,0,1,1,0,0,-1,-1,0,0,1,14,19,-1,-1,-1,1,9,5,22,38,66,88,97,38,69,88,66,10.37,2.88,3.81,3.22,/clubs/san-jose-earthquakes-15,teams/usa-san-jose-earthquakes.png,SJ Earthquakes,/clubs/real-salt-lake-14,teams/usa-real-salt-lake.png,Real Salt Lake,0.76,1.33,0.81,1.25,0.66,1.66,78,63,35,13,3,79,69,63,1.27,1.43,2.7,/usa/real-salt-lake-vs-san-jose-earthquakes-h2h-stats#7295713,10977,34,True,False,False,False,False,False,False,[],['78']
MLS,2024,10977,7295714,20,13,2024,complete,106200,0,-1,[],[],0,0,0,2,8,10,4,3,2,3,0,0,8,7,10,4,18,11,10,15,47,53,7.0,,,,,2,3,1.79,4.1,3.75,1.01,1.11,1.45,2.23,4.0,13.0,5.5,2.55,1.58,1.2,1.53,2.38,3.2,1.3,5.5,1.11,1.25,1.18,1.95,2.38,2.5,4.0,2.1,2.8,3.6,0,0,1.46,1.7,2.05,2.9,3.9,2.48,2.05,1.7,1.34,1.2,1.52,6.25,2.65,1.53,19.0,2.5,3.65,7.5,1.25,2.25,5.5,15.0,3.75,1.57,1.14,1.03,1.14,1.73,3.4,8.0,5.5,2.0,1.3,1.08,0,0,0,0,0,0,0,0,0,0,0,1728255600,-1,0,78,38,47,0,-1,-1,1,-1,-1,-1,-1,-1,-1,1,1,1,2,2,3,1,56,40,97,106,2.1,1.48,3.58,0,0,0,0,0,0,1,1,0,0,-1,-1,1,0,1,5,7,-1,-1,-1,1,7,10,35,54,72,85,94,51,76,85,60,8.5,3.38,4.01,3.6,/clubs/portland-timbers-20,teams/usa-portland-timbers.png,Portland Timbers,/clubs/fc-dallas-13,teams/usa-fc-dallas.png,FC Dallas,1.88,0.53,1.94,0.5,1.41,1.16,66,47,29,16,7,60,50,35,1.69,1.02,2.71,/usa/fc-dallas-vs-portland-timbers-h2h-stats#7295714,10977,34,False,False,False,False,False,False,False,[],[]
MLS,2024,10977,7295715,7,677447,2024,complete,106200,0,-1,[],"['54', '87', '90+1']",0,3,3,4,6,10,0,2,1,3,0,0,6,6,3,5,9,11,13,7,49,51,13889.0,21081.0,52571.0,,,1,3,2.0,3.6,3.3,1.04,1.25,1.73,2.9,5.5,13.0,4.0,2.0,1.42,1.15,1.62,2.2,2.95,1.35,4.33,1.18,1.33,1.25,1.78,2.6,2.3,3.75,2.3,2.6,3.4,0,0,1.29,1.49,1.81,2.25,2.9,3.2,2.4,1.88,1.55,1.34,1.72,6.4,2.23,1.62,9.5,2.38,3.8,6.5,1.33,2.5,6.5,19.0,3.25,1.5,1.11,1.02,1.18,1.83,3.75,10.0,4.5,1.83,1.25,1.06,0,0,0,0,3,0,0,0,3,3,0,1729375200,677447,0,54,16,22,0,-1,-1,1,-1,-1,-1,-1,-1,-1,0,0,1,3,0,4,1,46,49,96,98,1.33,1.47,2.8,0,0,0,0,0,0,1,1,0,0,-1,-1,0,0,1,20,18,-1,-1,-1,1,8,6,16,28,57,75,88,41,72,85,32,8.94,3.38,3.94,2.75,/clubs/chicago-fire-7,teams/usa-chicago-fire.png,Chicago Fire,/clubs/nashville-sc-mls-677447,teams/usa-nashville-sc-mls.png,Nashville SC,1.12,0.88,1.19,0.75,0.91,1.0,85,72,44,25,13,69,60,35,1.28,0.92,2.2,/usa/chicago-fire-vs-nashville-sc-mls-h2h-stats#7295715,10977,34,True,True,True,False,False,False,False,[],"['54', '87', '90+1']"
MLS,2024,10977,7295716,13401,711351,2024,complete,106200,0,-1,[],"['58', '75', '90+1']",0,3,3,7,4,11,5,2,1,1,0,0,3,7,7,4,10,11,12,6,58,42,57.0,13006.0,404.0,,,1,1,1.82,4.0,3.7,1.02,1.18,1.45,2.25,4.0,21.0,5.0,2.63,1.57,1.25,1.5,2.5,3.4,1.28,5.5,1.11,1.3,1.2,1.95,2.4,2.5,3.75,2.2,2.8,3.4,0,0,1.26,1.47,1.74,2.17,2.75,3.4,2.48,1.95,1.6,1.38,1.58,6.4,2.45,1.57,19.0,2.38,4.0,7.5,1.25,2.2,5.0,13.0,3.75,1.62,1.17,1.04,1.14,1.67,3.25,7.0,5.5,2.1,1.33,1.1,0,0,0,0,3,0,0,0,3,3,0,1729375200,711351,0,76,41,28,0,-1,-1,1,-1,-1,-1,-1,-1,-1,1,0,0,1,1,1,1,66,32,119,77,1.33,1.42,2.75,0,0,0,0,0,0,1,1,0,0,-1,-1,1,0,1,14,16,-1,-1,-1,1,7,11,19,44,60,82,100,44,76,82,47,10.81,4.06,5.76,3.1,/clubs/dc-united-13401,teams/usa-dc-united.png,DC United,/clubs/charlotte-fc-711351,teams/usa-charlotte-fc.png,Charlotte,1.0,1.05,1.06,1.0,1.21,1.45,82,57,41,19,0,72,53,35,1.45,1.12,2.57,/usa/dc-united-vs-charlotte-fc-h2h-stats#7295716,10977,34,True,True,True,False,False,False,False,[],"['58', '75', '90+1']"
MLS,2024,10977,7295717,677446,11,2024,complete,106200,0,-1,"['40', '42', '58', '78', '81', '89']","['2', '34']",6,2,8,10,1,11,3,0,0,0,0,0,11,4,8,4,19,8,11,12,70,30,57653.0,647.0,13.0,,,0,0,1.37,5.25,6.75,0.0,0.0,1.34,1.8,0.0,0.0,0.0,3.09,1.91,0.0,1.53,2.38,0.0,0.0,0.0,0.0,0.0,0.0,0.0,1.8,2.88,6.0,1.57,0.0,5.5,0,0,0.0,0.0,0.0,0.0,0.0,0.0,0.0,0.0,0.0,0.0,0.0,0.0,0.0,1.29,0.0,3.5,0.0,0.0,1.18,1.83,3.75,10.0,4.5,1.83,1.25,1.06,1.1,1.5,2.63,5.5,7.0,2.5,1.44,1.14,0,0,0,0,8,2,2,4,0,4,4,1729375200,677446,0,60,19,44,0,-1,-1,-1,-1,-1,-1,-1,-1,-1,0,0,0,0,0,0,1,78,16,134,46,2.53,0.9,3.44,0,0,0,0,0,0,1,1,0,1,-1,-1,-1,-1,1,13,19,-1,-1,-1,1,4,9,25,50,69,91,100,41,82,91,60,8.5,3.63,4.94,3.54,/clubs/club-internacional-de-futbol-miami-677446,teams/usa-club-internacional-de-futbol-miami.png,Inter Miami,/clubs/new-england-revolution-11,teams/usa-new-england-revolution.png,New England Revolution,2.11,0.71,2.13,0.75,2.15,0.94,75,50,31,10,0,60,41,28,1.38,1.13,2.51,/usa/new-england-revolution-vs-club-internacional-de-futbol-miami-h2h-stats#7295717,10977,34,True,True,True,True,True,True,True,"['40', '42', '58', '78', '81', '89']","['2', '34']"
MLS,2024,10977,7295718,1,2,2024,complete,106200,0,-1,"['18', '45+1']",[],2,0,2,1,10,11,1,1,2,3,0,0,4,4,1,6,5,10,9,13,41,59,3.0,53329.0,27505.0,,,2,3,2.75,3.75,2.25,1.02,1.18,1.48,2.25,4.0,19.0,5.0,2.54,1.57,1.25,1.44,2.63,4.5,1.17,3.95,1.2,1.62,1.22,1.47,3.25,2.4,2.75,2.88,2.75,2.5,0,0,1.35,1.58,1.98,2.5,3.3,2.9,2.17,1.72,1.46,1.28,1.98,6.1,1.91,2.1,15.0,1.73,6.0,5.0,1.25,2.25,5.5,15.0,3.75,1.57,1.14,1.03,1.14,1.67,3.25,7.0,5.5,2.1,1.33,1.1,0,0,0,0,2,2,0,0,0,0,2,1729375200,1,0,56,32,16,0,-1,2,1,0,1,0,0,1,0,0,1,2,2,1,4,1,16,88,66,156,0.72,1.56,2.28,0,0,0,0,0,0,1,1,0,0,0,0,0,1,1,10,17,-1,-1,-1,1,15,1,22,35,51,72,91,47,75,75,35,8.13,2.88,4.57,2.81,/clubs/montreal-impact-1,teams/canada-montreal-impact.png,Montreal Impact,/clubs/new-york-city-fc-2,teams/usa-new-york-city-fc.png,New York City,1.67,0.95,1.63,1.06,1.21,1.52,78,66,51,28,10,60,47,25,1.21,1.05,2.26,/usa/montreal-impact-vs-new-york-city-fc-h2h-stats#7295718,10977,35,True,True,False,False,False,False,False,"['18', '45+1']",[]
MLS,2024,10977,7295719,4,9,2024,complete,106200,0,-1,"['78', '87']","['2', '14', '90+7']",2,3,5,4,4,8,2,4,1,3,0,0,7,6,5,7,12,13,8,10,29,71,5016.0,,,,,1,3,2.15,3.7,3.0,0.0,0.0,1.55,2.25,4.2,0.0,0.0,2.3,1.57,1.23,1.5,2.5,0.0,0.0,0.0,0.0,0.0,0.0,0.0,2.88,2.38,3.2,2.5,0.0,2.88,0,0,0.0,0.0,0.0,0.0,0.0,0.0,0.0,0.0,0.0,0.0,0.0,0.0,0.0,1.73,0.0,2.1,0.0,0.0,1.29,2.25,5.5,15.0,3.5,1.57,1.14,1.03,1.14,1.73,3.4,8.0,5.5,2.0,1.3,1.08,0,0,0,0,5,0,2,2,1,3,2,1729375200,9,0,63,25,38,0,-1,-1,1,-1,-1,-1,-1,-1,-1,0,2,1,1,2,2,1,36,77,95,112,1.51,1.8,3.31,1,0,1,0,0,0,1,1,0,1,-1,-1,0,0,1,10,15,-1,-1,-1,1,6,3,16,47,60,81,88,28,69,78,60,9.25,3.44,3.5,3.03,/clubs/new-york-red-bulls-4,teams/usa-new-york-red-bulls.png,New York RB,/clubs/columbus-crew-9,teams/usa-columbus-crew.png,Columbus Crew,1.61,1.83,1.75,1.81,1.42,1.91,85,53,41,19,13,44,35,22,1.57,1.25,2.82,/usa/new-york-red-bulls-vs-columbus-crew-h2h-stats#7295719,10977,36,True,True,True,True,True,False,True,"['78', '87']","['2', '14', '90+7']"
MLS,2024,10977,7295720,17,1016,2024,complete,106200,0,-1,['42'],"['7', '16']",1,2,3,1,1,2,-1,-1,1,0,0,0,9,4,10,2,19,6,10,15,67,33,69.0,21031.0,40413.0,,,1,0,1.68,4.4,4.0,1.01,1.14,1.4,2.05,3.6,17.0,6.0,2.82,1.7,1.3,1.44,2.63,3.35,1.28,6.25,1.08,1.25,1.18,2.15,2.25,2.6,4.0,2.0,3.0,3.75,0,0,1.24,1.4,1.67,2.06,2.6,3.55,2.65,2.05,1.66,1.43,1.47,6.5,2.8,1.5,26.0,2.5,3.75,8.5,1.25,2.1,4.5,13.0,3.75,1.67,1.18,1.04,1.13,1.62,3.0,6.5,6.0,2.2,1.36,1.11,0,0,0,0,3,1,2,0,0,0,3,1729375200,1016,0,47,10,31,0,-1,-1,1,-1,-1,-1,-1,-1,-1,0,0,1,0,0,1,1,89,32,130,67,2.47,0.9,3.37,0,1,0,0,0,1,1,1,0,1,-1,-1,0,0,1,21,15,-1,-1,-1,1,6,9,13,22,38,72,91,25,63,81,44,11.32,3.31,3.82,2.44,/clubs/orlando-city-sc-17,teams/usa-orlando-city-sc.png,Orlando City,/clubs/atlanta-united-fc-1016,teams/usa-atlanta-united-fc.png,Atlanta United FC,1.52,1.05,1.56,0.94,1.58,1.12,88,78,63,29,10,72,66,44,1.38,1.23,2.61,/usa/orlando-city-sc-vs-atlanta-united-fc-h2h-stats#7295720,10977,39,True,True,True,False,False,False,True,['42'],"['7', '16']"
MLS,2024,10977,7295721,16,8043,2024,complete,106200,0,-1,['2'],"['45+4', '46']",1,2,3,3,1,4,0,4,3,3,0,0,4,5,10,7,14,12,16,18,43,57,13893.0,12.0,40744.0,,,3,3,1.98,3.9,3.25,1.01,1.14,1.43,2.1,3.6,23.0,6.0,2.7,1.65,1.3,1.44,2.63,3.7,1.22,5.75,1.1,1.32,1.2,1.9,2.4,2.5,3.75,2.1,2.9,3.4,0,0,1.24,1.43,1.7,2.08,2.65,3.55,2.55,2.0,1.65,1.41,1.65,6.4,2.33,1.57,19.0,2.38,4.33,8.0,1.22,2.1,4.5,13.0,4.0,1.67,1.18,1.04,1.13,1.62,3.0,6.5,6.0,2.2,1.36,1.11,0,0,0,0,3,1,1,0,1,1,2,1729375200,8043,0,69,13,51,0,-1,-1,1,-1,-1,-1,-1,-1,-1,0,0,3,3,0,6,1,33,46,103,120,1.41,1.45,2.86,0,0,0,0,0,0,1,1,1,0,-1,-1,0,0,1,17,17,1,18,15,1,5,5,22,38,69,85,94,35,66,88,63,11.13,5.01,4.69,3.19,/clubs/philadelphia-union-16,teams/usa-philadelphia-union.png,Philadelphia Union,/clubs/fc-cincinnati-8043,teams/usa-fc-cincinnati.png,FC Cincinnati,1.0,1.94,1.06,2.0,1.12,1.7,78,63,32,16,7,69,47,44,1.61,1.24,2.85,/usa/philadelphia-union-vs-fc-cincinnati-h2h-stats#7295721,10977,34,True,True,True,False,False,False,True,['2'],"['45+4', '46']"
MLS,2024,10977,7295722,698284,12,2024,complete,106200,0,-1,"['8', '90+1', '90+3']","['42', '75']",3,2,5,5,4,9,2,4,5,1,0,0,5,7,5,1,10,8,13,7,68,32,11.0,,,,,5,1,2.35,3.75,2.85,0.0,0.0,1.5,2.23,0.0,0.0,0.0,2.4,1.58,0.0,1.44,2.63,0.0,0.0,0.0,0.0,0.0,0.0,0.0,2.88,2.4,3.2,2.5,0.0,2.88,0,0,0.0,0.0,0.0,0.0,0.0,0.0,0.0,0.0,0.0,0.0,0.0,0.0,0.0,1.73,0.0,2.1,0.0,0.0,1.29,2.25,5.5,15.0,3.5,1.57,1.14,1.03,1.14,1.67,3.25,7.0,5.5,2.1,1.33,1.1,0,0,0,0,5,1,1,2,1,3,2,1729386000,698284,0,66,22,47,0,-1,-1,1,-1,-1,-1,-1,-1,-1,3,1,2,0,4,2,1,51,41,102,59,1.36,1.29,2.65,1,1,1,1,0,0,1,1,1,0,-1,-1,1,0,1,22,19,-1,-1,-1,1,4,8,22,41,72,88,100,28,79,94,60,10.07,3.5,4.76,3.38,/clubs/austin-fc-698284,teams/usa-austin-fc.png,Austin,/clubs/colorado-rapids-12,teams/usa-colorado-rapids.png,Colorado Rapids,1.53,0.94,1.44,1.06,1.18,1.52,79,60,29,13,0,69,63,41,1.12,1.23,2.35,/usa/colorado-rapids-vs-austin-fc-h2h-stats#7295722,10977,34,True,True,True,True,True,False,True,"['8', '90+1', '90+3']","['42', '75']"
MLS,2024,10977,7295723,13,8,2024,complete,106200,0,-1,"['16', '40']",['89'],2,1,3,2,5,7,5,8,1,1,0,0,1,6,2,8,3,14,19,17,55,45,,52606.0,18.0,,,1,1,1.87,4.2,3.75,1.01,1.12,1.5,2.2,3.6,12.0,5.0,2.4,1.6,1.28,1.5,2.5,3.3,1.28,6.5,1.08,1.2,0.0,2.1,2.38,2.5,4.0,2.05,2.7,3.6,0,0,1.3,1.49,1.8,2.4,2.9,3.3,2.4,1.83,1.53,1.34,1.67,6.25,2.32,1.53,0.0,2.5,3.7,9.0,1.25,2.2,5.0,15.0,3.75,1.62,1.17,1.03,1.14,1.67,3.25,7.0,5.5,2.1,1.33,1.1,0,0,0,0,3,2,0,0,1,1,2,1729386000,13,0,72,26,57,0,-1,-1,1,-1,-1,-1,-1,-1,-1,0,1,1,0,1,1,1,31,45,77,97,0.5,1.63,2.13,0,0,0,0,0,0,1,1,0,0,-1,-1,0,0,1,23,19,1,17,19,1,5,4,19,44,69,88,94,32,66,85,66,8.94,3.26,4.06,3.28,/clubs/fc-dallas-13,teams/usa-fc-dallas.png,FC Dallas,/clubs/sporting-kansas-city-8,teams/usa-sporting-kansas-city.png,Sporting KC,1.88,0.53,1.81,0.56,1.15,0.94,82,57,31,13,6,47,35,25,1.4,1.14,2.54,/usa/sporting-kansas-city-vs-fc-dallas-h2h-stats#7295723,10977,34,True,True,True,False,False,False,True,"['16', '40']",['89']
MLS,2024,10977,7295724,6,10,2024,complete,106200,0,-1,"['44', '90+11']",['90+6'],2,1,3,9,5,14,1,0,2,1,0,0,7,7,4,5,11,12,11,9,53,47,13812.0,20.0,2.0,,,2,1,2.15,3.75,3.3,0.0,3.41,1.4,2.03,0.0,0.0,1.32,2.75,1.72,0.0,1.4,2.75,0.0,0.0,0.0,0.0,0.0,0.0,0.0,2.6,2.5,3.4,2.3,0.0,3.0,0,0,0.0,0.0,0.0,0.0,0.0,0.0,0.0,0.0,0.0,0.0,0.0,0.0,0.0,1.62,0.0,2.25,0.0,0.0,1.22,2.1,4.5,13.0,4.0,1.67,1.18,1.04,1.13,1.62,2.75,6.0,6.0,2.2,1.4,1.13,0,0,0,0,3,1,0,1,1,2,1,1729386000,6,0,63,13,35,0,-1,2,1,0,0,2,0,0,2,1,0,1,1,1,2,1,55,38,85,98,1.58,1.53,3.11,0,1,0,1,0,0,1,1,0,0,0,0,1,0,1,5,17,-1,-1,-1,1,9,8,10,32,54,72,88,29,63,75,50,10.87,3.63,3.63,2.57,/clubs/houston-dynamo-6,teams/usa-houston-dynamo.png,Houston Dynamo,/clubs/la-galaxy-10,teams/usa-la-galaxy.png,LA Galaxy,1.61,1.39,1.56,1.38,1.55,1.94,91,69,47,29,13,63,53,41,1.56,1.31,2.87,/usa/houston-dynamo-vs-la-galaxy-h2h-stats#7295724,10977,36,True,True,True,False,False,False,True,"['44', '90+11']",['90+6']
MLS,2024,10977,7295725,6490,15,2024,complete,106200,0,-1,"['64', '75', '90+1']",['9'],3,1,4,12,3,15,2,2,0,3,0,0,10,5,9,3,19,8,12,9,57,43,84.0,,,,,0,3,1.24,7.0,11.0,0.0,0.0,1.3,1.79,0.0,0.0,0.0,3.2,1.95,0.0,1.62,2.2,0.0,0.0,0.0,0.0,0.0,0.0,0.0,1.67,3.0,7.0,1.5,0.0,6.5,0,0,0.0,0.0,0.0,0.0,0.0,0.0,0.0,0.0,0.0,0.0,0.0,0.0,0.0,1.25,0.0,3.75,0.0,0.0,1.18,1.83,3.75,10.0,4.5,1.83,1.25,1.06,1.1,1.5,2.63,5.5,7.0,2.5,1.44,1.14,0,0,0,0,4,0,1,3,0,3,1,1729386000,6490,0,60,29,28,0,-1,-1,1,-1,-1,-1,-1,-1,-1,0,1,0,2,1,2,1,70,26,133,73,2.41,1.05,3.46,0,0,0,0,0,0,1,1,0,1,-1,-1,0,0,1,20,16,-1,-1,-1,1,3,14,32,38,63,91,97,47,88,78,44,10.69,3.0,4.82,3.6,/clubs/los-angeles-fc-6490,teams/usa-los-angeles-fc.png,Los Angeles FC,/clubs/san-jose-earthquakes-15,teams/usa-san-jose-earthquakes.png,SJ Earthquakes,2.15,0.47,2.13,0.5,1.85,0.64,69,63,38,10,3,85,78,63,1.76,1.03,2.79,/usa/san-jose-earthquakes-vs-los-angeles-fc-h2h-stats#7295725,10977,34,True,True,True,True,False,False,True,"['64', '75', '90+1']",['9']
MLS,2024,10977,7295726,1015,945555,2024,complete,106200,0,-1,"['21', '72', '75', '78', '84']",[],5,0,5,5,3,8,-1,-1,2,1,0,0,5,4,10,7,15,11,11,11,40,60,19912.0,55946.0,424.0,,,2,1,1.53,5.0,5.5,1.01,1.08,1.33,1.92,2.8,31.5,6.59,3.0,1.89,1.37,1.44,2.63,3.2,1.3,7.5,1.04,1.21,0.0,2.6,2.0,2.75,4.75,1.8,3.1,4.33,0,0,1.18,1.35,1.58,1.83,2.35,4.33,3.25,2.4,1.85,1.53,1.5,7.5,3.3,1.4,0.0,2.75,3.0,12.0,1.2,1.91,4.0,11.0,4.33,1.8,1.22,1.05,1.11,1.53,2.63,5.5,6.5,2.38,1.44,1.14,0,0,0,0,5,1,0,4,0,4,1,1729386000,1015,0,75,41,41,0,-1,-1,1,-1,-1,-1,-1,-1,-1,0,0,2,1,0,3,1,36,47,69,131,1.55,1.33,2.88,0,0,0,0,0,0,1,1,0,0,-1,-1,0,0,1,20,20,1,10,11,1,6,5,26,47,66,91,97,44,94,81,53,11.06,2.31,4.82,3.5,/clubs/minnesota-united-fc-1015,teams/usa-minnesota-united-fc.png,Minnesota United,/clubs/st-louis-city-sc-945555,teams/usa-st-louis-city-sc.png,St. Louis City,1.44,0.65,1.38,0.69,1.48,1.12,76,54,35,10,3,75,63,50,1.45,1.23,2.68,/usa/minnesota-united-fc-vs-st-louis-city-sc-h2h-stats#7295726,10977,34,True,True,True,True,True,False,False,"['21', '72', '75', '78', '84']",[]
MLS,2024,10977,7295727,14,5,2024,complete,106200,0,-1,"['58', '73', '83']",[],3,0,3,9,4,13,1,4,2,5,0,0,6,1,8,9,14,10,9,15,51,49,7.0,8.0,47234.0,,,2,5,2.05,4.2,3.2,1.02,1.14,1.44,2.05,3.45,23.5,5.8,2.6,1.7,1.25,1.44,2.63,3.2,1.3,6.5,1.08,1.2,0.0,2.15,2.5,2.5,3.6,2.2,2.9,3.2,0,0,1.22,1.4,1.78,2.06,2.55,3.7,2.78,2.1,1.71,1.44,1.64,9.0,2.8,1.62,0.0,2.25,3.75,9.0,1.25,2.1,4.5,13.0,3.75,1.67,1.18,1.04,1.13,1.62,3.0,6.5,6.0,2.2,1.36,1.11,0,0,0,0,3,0,0,3,0,3,0,1729386000,14,0,57,28,26,0,-1,-1,1,-1,-1,-1,-1,-1,-1,2,1,0,4,3,4,1,42,28,98,102,1.61,0.92,2.53,0,0,0,0,0,0,1,1,0,0,-1,-1,0,0,1,20,19,1,14,9,1,10,8,29,38,50,82,94,47,78,78,38,10.88,3.88,4.51,3.16,/clubs/real-salt-lake-14,teams/usa-real-salt-lake.png,Real Salt Lake,/clubs/vancouver-whitecaps-fc-5,teams/canada-vancouver-whitecaps-fc.png,Vancouver Whitecaps,2.06,1.32,2.06,1.56,1.7,1.42,72,63,50,19,7,66,47,32,1.55,1.11,2.66,/usa/vancouver-whitecaps-fc-vs-real-salt-lake-h2h-stats#7295727,10977,36,True,True,True,False,False,False,False,"['58', '73', '83']",[]
MLS,2024,10977,7295728,18,20,2024,complete,106200,0,-1,['37'],['68'],1,1,2,7,2,9,2,0,4,1,1,0,7,2,4,3,11,5,14,16,49,51,13967.0,25.0,28121.0,,,5,1,1.8,4.0,4.2,0.0,0.0,1.58,2.5,0.0,0.0,0.0,2.4,1.52,0.0,1.53,2.38,0.0,0.0,0.0,0.0,0.0,0.0,0.0,2.3,2.4,4.33,2.05,0.0,3.75,0,0,0.0,0.0,0.0,0.0,0.0,0.0,0.0,0.0,0.0,0.0,0.0,0.0,0.0,1.5,0.0,2.6,0.0,0.0,1.29,2.25,5.5,15.0,3.5,1.57,1.14,1.03,1.14,1.73,3.4,8.0,5.5,2.0,1.3,1.08,0,0,0,0,2,1,0,0,1,1,1,1729386000,-1,0,57,10,29,0,-1,-1,1,-1,-1,-1,-1,-1,-1,1,0,4,1,1,5,1,68,32,108,94,1.68,0.7,2.38,0,0,0,0,0,0,1,1,0,0,-1,-1,0,0,1,16,16,-1,-1,-1,1,4,8,26,32,50,85,91,32,79,78,50,10.62,2.32,4.44,2.88,/clubs/seattle-sounders-fc-18,teams/usa-seattle-sounders-fc.png,Seattle Sounders,/clubs/portland-timbers-20,teams/usa-portland-timbers.png,Portland Timbers,1.78,0.83,1.88,0.88,1.7,1.39,76,69,50,16,10,60,44,28,1.47,1.09,2.56,/usa/seattle-sounders-fc-vs-portland-timbers-h2h-stats#7295728,10977,35,True,True,False,False,False,False,True,['37'],['68']
MLS,2024,10977,7727672,1,1016,2024,complete,106205,0,-1,"['63', '89']","['29', '44']",2,2,4,7,1,8,0,1,1,1,0,0,7,5,4,6,11,11,7,6,67,33,13893.0,53329.0,40413.0,,,1,1,2.25,3.75,2.8,1.04,1.13,1.57,2.25,3.95,10.0,4.3,2.25,1.53,1.16,1.53,2.38,3.8,1.22,4.33,1.18,1.44,1.25,1.55,3.0,2.38,3.2,2.6,2.6,2.75,0,0,1.17,1.38,1.7,2.09,2.69,3.82,2.71,2.08,1.63,1.34,2.12,6.55,2.13,1.8,17.0,2.05,4.6,6.0,1.3,2.38,6.0,17.0,3.4,1.53,1.13,1.03,1.17,1.8,3.5,8.0,5.0,1.91,1.29,1.08,0,0,0,0,4,0,2,2,0,2,2,1729639800,-1,1,62,27,21,0,-1,-1,1,-1,-1,-1,-1,-1,-1,0,0,1,1,0,2,1,75,39,88,68,1.72,1.33,3.05,1,0,1,0,0,0,1,1,0,0,-1,-1,0,0,1,2,3,-1,-1,-1,1,7,8,22,40,61,79,93,38,72,84,53,9.06,2.56,3.97,3.04,/clubs/montreal-impact-1,teams/canada-montreal-impact.png,Montreal Impact,/clubs/atlanta-united-fc-1016,teams/usa-atlanta-united-fc.png,Atlanta United FC,1.26,1.21,1.26,1.18,1.26,1.18,78,61,40,21,8,59,53,43,1.03,1.36,2.39,/usa/montreal-impact-vs-atlanta-united-fc-h2h-stats#7727672,10977,35,True,True,True,True,False,False,True,"['63', '89']","['29', '44']"
MLS,2024,10977,7727673,17,711351,2024,complete,106204,0,-1,"['32', '76']",[],2,0,2,8,4,12,4,0,1,0,0,1,6,2,5,4,11,6,9,10,56,44,36.0,,,,,1,2,1.74,3.95,4.53,1.01,1.14,1.55,2.4,4.5,13.0,4.8,2.36,1.5,1.17,1.62,2.2,2.88,1.36,5.25,1.12,1.2,1.2,2.0,2.3,2.4,4.33,2.0,2.65,4.0,0,0,1.3,1.53,1.85,2.33,3.05,3.05,2.32,1.83,1.5,1.3,1.49,6.5,2.65,1.5,10.0,2.63,3.55,8.0,1.29,2.38,5.5,17.0,3.5,1.53,1.14,1.03,1.15,1.77,3.3,8.0,4.75,1.95,1.28,1.07,0,0,0,0,2,1,0,1,0,1,1,1730071800,17,1,52,27,27,0,17787,-1,1,-1,-1,-1,-1,-1,-1,0,0,1,1,0,2,1,67,61,70,95,1.59,0.97,2.56,0,0,0,0,0,0,1,1,0,0,-1,-1,0,0,1,5,3,-1,-1,-1,1,6,8,17,33,53,78,94,35,71,77,50,9.91,3.74,4.44,2.83,/clubs/orlando-city-sc-17,teams/usa-orlando-city-sc.png,Orlando City,/clubs/charlotte-fc-711351,teams/usa-charlotte-fc.png,Charlotte,1.54,1.43,1.53,1.5,1.53,1.5,84,68,47,22,6,61,52,29,1.34,1.17,2.51,/usa/orlando-city-sc-vs-charlotte-fc-h2h-stats#7727673,10977,37,True,True,False,False,False,False,False,"['32', '76']",[]
MLS,2024,10977,7727674,8043,2,2024,complete,106204,0,-1,['51'],[],1,0,1,9,5,14,4,1,2,2,0,1,7,3,9,4,16,7,20,13,50,50,65601.0,40182.0,27505.0,,,2,4,1.9,3.85,3.77,1.01,1.12,1.55,2.32,3.84,13.0,4.4,2.3,1.6,1.17,1.53,2.38,3.3,1.28,5.25,1.12,1.28,1.2,1.85,2.4,2.4,4.0,2.1,2.86,3.6,0,0,1.27,1.47,1.76,2.17,2.8,3.3,2.48,1.94,1.6,1.37,1.49,6.5,2.7,1.57,17.5,2.5,3.9,7.5,1.29,2.25,5.5,15.0,3.5,1.57,1.14,1.03,1.14,1.73,3.4,8.0,5.5,2.0,1.3,1.08,0,0,0,0,1,0,0,1,0,1,0,1730155500,8043,1,68,27,24,0,-1,-1,1,-1,-1,-1,-1,-1,-1,1,1,1,2,2,3,1,68,35,94,85,1.99,0.91,2.9,0,0,0,0,0,0,1,1,0,0,-1,-1,0,0,1,13,10,-1,-1,-1,1,8,10,23,34,59,81,94,41,74,82,44,10.27,4.32,4.85,3.08,/clubs/fc-cincinnati-8043,teams/usa-fc-cincinnati.png,FC Cincinnati,/clubs/new-york-city-fc-2,teams/usa-new-york-city-fc.png,New York City,1.7,1.42,1.74,1.47,1.74,1.47,78,67,41,20,6,67,52,32,1.36,1.32,2.68,/usa/new-york-city-fc-vs-fc-cincinnati-h2h-stats#7727674,10977,37,True,False,False,False,False,False,False,['51'],[]
MLS,2024,10977,7727675,9,4,2024,complete,106204,0,-1,[],['25'],0,1,1,5,4,9,4,2,1,2,0,0,8,3,4,3,12,6,8,10,78,22,13841.0,,,,,1,2,1.67,3.95,4.6,1.04,1.18,1.57,2.25,4.2,10.0,4.75,2.31,1.53,1.22,1.57,2.25,2.8,1.38,5.75,1.1,1.18,1.2,2.15,2.2,2.4,4.5,1.95,2.75,4.33,0,0,1.33,1.57,1.93,2.43,3.15,2.95,2.23,1.76,1.48,1.29,1.45,6.4,2.9,1.44,10.0,2.75,3.4,9.0,1.29,2.25,5.5,15.0,3.5,1.57,1.14,1.03,1.17,1.73,3.5,8.0,5.0,2.0,1.29,1.08,0,0,0,0,1,0,1,0,0,0,1,1730241900,4,1,65,18,41,0,-1,-1,1,-1,-1,-1,-1,-1,-1,0,1,1,1,1,2,1,81,57,144,80,1.91,1.01,2.92,0,0,0,0,0,0,1,1,0,0,-1,-1,0,0,1,12,10,-1,-1,-1,1,7,8,21,46,65,84,90,31,74,82,62,9.98,3.71,3.5,3.19,/clubs/columbus-crew-9,teams/usa-columbus-crew.png,Columbus Crew,/clubs/new-york-red-bulls-4,teams/usa-new-york-red-bulls.png,New York RB,1.86,1.46,1.94,1.38,1.94,1.38,79,55,35,17,11,50,38,25,1.39,1.4,2.79,/usa/new-york-red-bulls-vs-columbus-crew-h2h-stats#7727675,10977,36,True,False,False,False,False,False,False,[],['25']
MLS,2024,10977,7727676,711351,17,2024,complete,106204,0,-1,[],[],0,0,0,11,3,14,1,4,1,3,0,0,3,1,7,0,10,1,14,8,43,57,5016.0,404.0,21031.0,,,1,3,2.25,3.3,2.7,1.03,1.2,1.6,2.6,4.75,15.0,4.5,2.1,1.5,1.19,1.53,2.38,3.65,1.25,4.33,1.18,1.45,1.25,1.6,2.88,2.3,3.4,2.5,2.65,3.0,0,0,1.3,1.54,1.88,2.35,3.05,3.05,2.3,1.81,1.5,1.32,1.49,6.4,2.7,1.73,15.75,2.1,4.5,5.5,1.3,2.5,6.0,17.0,3.4,1.5,1.13,1.03,1.17,1.8,3.5,9.0,5.0,1.91,1.29,1.07,0,0,0,0,0,0,0,0,0,0,0,1730503800,-1,1,50,24,33,0,-1,-1,1,-1,-1,-1,-1,-1,-1,1,1,0,2,2,2,1,51,39,86,87,1.21,0.43,1.64,0,0,0,0,0,0,1,1,0,0,-1,-1,0,0,1,1,4,-1,-1,-1,1,6,9,16,32,52,79,94,35,72,77,49,9.98,3.75,4.4,2.8,/clubs/charlotte-fc-711351,teams/usa-charlotte-fc.png,Charlotte,/clubs/orlando-city-sc-17,teams/usa-orlando-city-sc.png,Orlando City,1.43,1.54,1.46,1.57,1.46,1.57,84,69,49,22,6,62,53,32,1.17,1.35,2.52,/usa/orlando-city-sc-vs-charlotte-fc-h2h-stats#7727676,10977,37,False,False,False,False,False,False,False,[],[]
MLS,2024,10977,7727677,2,8043,2024,complete,106204,0,-1,"['22', '40', '90+7']",['65'],3,1,4,4,2,6,5,3,2,3,0,0,5,5,4,4,9,9,15,21,50,50,13967.0,,,,,2,3,2.54,3.32,2.3,1.01,1.18,1.57,2.35,4.26,13.0,4.92,2.25,1.59,1.22,1.5,2.5,3.6,1.25,4.75,1.15,1.36,1.26,1.73,2.75,2.38,3.5,2.38,2.75,3.1,0,0,1.29,1.49,1.81,2.25,2.9,3.2,2.4,1.88,1.55,1.34,1.78,6.25,2.15,1.67,19.0,2.2,4.2,6.0,1.29,2.25,5.5,15.0,3.5,1.57,1.14,1.03,1.14,1.73,3.4,8.0,5.5,2.0,1.3,1.08,0,0,0,0,4,2,0,1,1,2,2,1730581200,2,1,66,24,44,0,-1,-1,1,-1,-1,-1,-1,-1,-1,0,1,2,2,1,4,1,46,60,80,134,1.25,1.37,2.62,1,0,1,0,0,0,1,1,0,0,-1,-1,0,0,1,21,19,-1,-1,-1,1,7,7,22,33,58,79,94,40,72,83,43,10.37,4.35,4.89,3.02,/clubs/new-york-city-fc-2,teams/usa-new-york-city-fc.png,New York City,/clubs/fc-cincinnati-8043,teams/usa-fc-cincinnati.png,FC Cincinnati,1.42,1.7,1.43,1.77,1.43,1.77,79,68,43,22,6,67,53,34,1.31,1.38,2.69,/usa/new-york-city-fc-vs-fc-cincinnati-h2h-stats#7727677,10977,37,True,True,True,True,False,False,True,"['22', '40', '90+7']",['65']
MLS,2024,10977,7727678,4,9,2024,complete,106204,0,-1,"['64', '80']","['55', '90+6']",2,2,4,3,5,8,2,3,2,1,0,0,6,4,2,7,8,11,18,8,36,64,45125.0,1313.0,39282.0,,,2,1,2.18,3.82,3.01,1.02,1.18,1.57,2.27,4.33,21.0,5.0,2.25,1.63,1.22,1.5,2.5,3.8,1.22,4.75,1.15,1.44,1.22,1.68,2.75,2.4,3.4,2.5,2.75,3.0,0,0,1.34,1.58,1.96,2.5,3.3,2.9,2.18,1.73,1.46,1.27,1.74,6.1,2.23,1.67,16.75,2.2,4.4,6.5,1.29,2.25,5.5,15.0,3.5,1.57,1.14,1.03,1.14,1.73,3.4,8.0,5.5,2.0,1.3,1.08,0,0,0,0,4,0,0,2,2,4,0,1730669400,-1,1,63,24,41,0,-1,2,1,0,0,0,1,0,1,0,0,2,1,0,3,1,42,64,92,101,1.24,1.44,2.68,1,0,1,0,0,0,1,1,0,0,0,0,0,0,1,14,25,-1,-1,-1,1,11,5,20,45,63,82,90,30,74,80,60,9.94,3.78,3.48,3.13,/clubs/new-york-red-bulls-4,teams/usa-new-york-red-bulls.png,New York RB,/clubs/columbus-crew-9,teams/usa-columbus-crew.png,Columbus Crew,1.46,1.86,1.43,1.89,1.43,1.89,80,56,37,19,10,52,38,25,1.39,1.41,2.8,/usa/new-york-red-bulls-vs-columbus-crew-h2h-stats#7727678,10977,36,True,True,True,True,False,False,True,"['64', '80']","['55', '90+6']"
MLS,2024,10977,7727679,17,711351,2024,complete,106204,0,-1,['90+12'],['81'],1,1,2,9,3,12,1,2,1,6,0,0,6,4,10,2,16,6,11,14,60,40,13967.0,21031.0,404.0,,,1,6,1.84,3.9,3.96,1.05,1.25,1.73,3.0,5.5,9.5,3.8,2.0,1.38,1.14,1.75,2.0,2.65,1.42,4.75,1.15,1.22,1.22,1.95,2.4,2.25,4.5,2.1,2.55,4.0,0,0,1.3,1.53,1.88,2.38,3.05,3.05,2.32,1.81,1.5,1.3,1.5,6.4,2.65,1.53,9.5,2.63,3.3,7.0,1.36,2.63,7.0,19.0,3.0,1.44,1.1,1.02,1.2,2.0,4.0,11.0,4.33,1.73,1.22,1.05,0,0,0,0,2,0,0,1,1,2,0,1731193200,-1,1,49,25,25,0,-1,-1,1,-1,-1,-1,-1,-1,-1,0,1,1,5,1,6,1,78,26,121,64,1.99,0.85,2.85,1,0,0,0,1,0,1,1,0,0,-1,-1,0,0,1,10,3,-1,-1,-1,1,3,12,15,31,50,76,92,34,70,75,48,10.08,3.78,4.39,2.72,/clubs/orlando-city-sc-17,teams/usa-orlando-city-sc.png,Orlando City,/clubs/charlotte-fc-711351,teams/usa-charlotte-fc.png,Charlotte,1.54,1.43,1.56,1.44,1.56,1.44,85,70,50,24,8,63,54,34,1.33,1.17,2.5,/usa/orlando-city-sc-vs-charlotte-fc-h2h-stats#7727679,10977,37,True,True,False,False,False,False,True,['90+12'],['81']
MLS,2024,10977,7727680,8043,2,2024,complete,106204,0,-1,[],[],0,0,0,1,5,6,2,3,3,3,0,0,4,1,8,3,12,4,12,13,52,48,36.0,40182.0,27505.0,,,3,3,1.89,4.3,3.51,1.01,1.17,1.6,2.15,4.05,12.0,3.82,2.2,1.6,1.16,1.62,2.2,2.9,1.36,5.0,1.13,1.25,1.22,2.0,2.4,2.38,4.33,2.1,2.6,3.75,0,0,1.3,1.54,1.89,2.38,3.05,3.05,2.3,1.8,1.5,1.3,1.5,6.4,2.65,1.53,15.0,2.5,3.3,7.5,1.3,2.5,6.0,17.0,3.4,1.5,1.13,1.03,1.18,1.83,3.75,9.0,4.5,1.83,1.25,1.07,0,0,0,0,0,0,0,0,0,0,0,1731186000,-1,1,67,25,23,0,-1,-1,1,-1,-1,-1,-1,-1,-1,0,1,3,2,1,5,1,45,45,109,103,1.37,0.66,2.04,0,0,0,0,0,0,1,1,0,0,-1,-1,0,0,1,19,13,-1,-1,-1,1,7,8,21,35,59,79,95,42,73,84,45,10.25,4.44,4.88,3.04,/clubs/fc-cincinnati-8043,teams/usa-fc-cincinnati.png,FC Cincinnati,/clubs/new-york-city-fc-2,teams/usa-new-york-city-fc.png,New York City,1.7,1.42,1.72,1.47,1.72,1.47,80,66,42,21,6,65,52,34,1.38,1.3,2.68,/usa/new-york-city-fc-vs-fc-cincinnati-h2h-stats#7727680,10977,37,False,False,False,False,False,False,False,[],[]
MLS,2024,10977,7729410,5,20,2024,complete,106205,0,-1,"['20', '24', '31', '51', '59']",[],5,0,5,6,6,12,6,0,2,3,0,0,8,4,2,7,10,11,13,7,45,55,69.0,41087.0,28121.0,,,2,3,2.0,3.59,3.1,1.01,1.1,1.57,2.1,3.42,17.0,4.9,2.31,1.67,1.22,1.44,2.63,5.25,1.12,3.7,1.22,1.75,1.22,1.35,3.5,2.5,2.5,3.2,2.7,2.25,0,0,1.33,1.56,1.91,2.4,3.15,2.95,2.23,1.78,1.49,1.3,2.0,6.1,1.89,2.25,21.0,1.62,7.5,4.2,1.25,2.2,5.0,13.0,3.75,1.62,1.17,1.04,1.13,1.67,3.0,7.0,6.0,2.1,1.36,1.1,0,0,0,0,5,3,0,2,0,2,3,1729737000,5,1,68,15,44,0,-1,-1,1,-1,-1,-1,-1,-1,-1,0,1,2,2,1,4,1,65,67,96,105,1.66,1.46,3.13,0,0,0,0,0,0,1,1,0,0,-1,-1,0,0,1,11,22,-1,-1,-1,1,9,1,27,40,64,85,94,41,81,79,55,8.97,2.94,4.15,3.27,/clubs/vancouver-whitecaps-fc-5,teams/canada-vancouver-whitecaps-fc.png,Vancouver Whitecaps,/clubs/portland-timbers-20,teams/usa-portland-timbers.png,Portland Timbers,1.39,1.34,1.38,1.38,1.38,1.38,74,61,37,15,6,62,52,31,1.27,1.39,2.66,/usa/vancouver-whitecaps-fc-vs-portland-timbers-h2h-stats#7729410,10977,35,True,True,True,True,True,False,False,"['20', '24', '31', '51', '59']",[]
MLS,2024,10977,7729411,10,12,2024,complete,106204,0,-1,"['32', '52', '54', '75', '87']",[],5,0,5,3,2,5,1,3,0,3,0,0,9,0,7,1,16,1,13,10,66,34,19912.0,2.0,11435.0,,,0,3,1.51,4.24,4.33,0.0,1.11,1.32,1.78,2.65,0.0,6.25,3.4,1.82,1.4,1.44,2.63,3.2,1.3,7.5,1.04,1.17,1.15,2.35,2.0,2.75,4.75,1.73,3.0,4.75,0,0,1.25,1.44,1.72,2.12,2.7,3.45,2.55,1.98,1.62,1.38,1.5,6.4,2.65,1.36,26.0,3.0,3.55,12.0,1.2,1.91,4.0,11.0,4.33,1.8,1.22,1.05,1.11,1.53,2.63,5.5,6.5,2.38,1.44,1.14,0,0,0,0,5,1,0,4,0,4,1,1729998000,10,1,73,29,47,0,24537,2,1,0,1,0,0,1,0,0,2,0,1,2,1,1,53,43,110,92,2.03,0.39,2.42,0,0,0,0,0,0,1,1,0,0,0,0,0,0,1,12,14,-1,-1,-1,1,1,8,31,46,74,90,97,40,81,88,65,9.61,3.47,3.44,3.53,/clubs/la-galaxy-10,teams/usa-la-galaxy.png,LA Galaxy,/clubs/colorado-rapids-12,teams/usa-colorado-rapids.png,Colorado Rapids,2.03,1.39,1.88,1.47,1.88,1.47,70,55,26,11,3,62,48,31,1.45,1.34,2.79,/usa/la-galaxy-vs-colorado-rapids-h2h-stats#7729411,10977,36,True,True,True,True,True,False,False,"['32', '52', '54', '75', '87']",[]
MLS,2024,10977,7729412,18,6,2024,complete,106204,0,-1,[],[],0,0,0,8,1,9,1,1,4,1,0,1,3,0,10,5,13,5,12,16,54,46,15.0,,,,,4,3,1.78,3.6,4.33,1.05,1.3,1.91,3.3,6.5,12.0,3.6,1.8,1.35,1.12,1.8,1.95,2.45,1.48,4.5,1.17,1.2,1.24,2.1,2.3,2.25,5.0,2.0,2.6,4.33,0,0,1.23,1.4,1.65,2.04,2.55,3.65,2.65,2.07,1.68,1.44,1.45,6.75,2.9,1.5,9.5,2.88,3.0,7.0,1.36,2.75,8.0,21.0,3.0,1.4,1.08,1.02,1.22,2.0,4.33,11.0,4.0,1.73,1.2,1.05,0,0,0,0,0,0,0,0,0,0,0,1730163000,-1,1,53,15,27,0,-1,-1,1,-1,-1,-1,-1,-1,-1,0,0,4,2,0,6,1,83,31,110,65,1.63,0.55,2.18,0,0,0,0,0,0,1,1,0,0,-1,-1,0,0,1,17,8,-1,-1,-1,1,7,12,14,24,49,72,93,28,68,82,46,11.39,3.2,4.11,2.53,/clubs/seattle-sounders-fc-18,teams/usa-seattle-sounders-fc.png,Seattle Sounders,/clubs/houston-dynamo-6,teams/usa-houston-dynamo.png,Houston Dynamo,1.63,1.56,1.68,1.59,1.68,1.59,87,76,52,28,8,73,55,35,1.32,1.37,2.69,/usa/houston-dynamo-vs-seattle-sounders-fc-h2h-stats#7729412,10977,36,False,False,False,False,False,False,False,[],[]
MLS,2024,10977,7729413,14,1015,2024,complete,106204,0,-1,[],[],0,0,0,3,6,9,2,1,0,2,0,0,6,7,4,3,10,10,9,13,58,42,84.0,8.0,25056.0,,,0,2,1.95,3.65,3.55,1.02,1.17,1.47,2.05,4.0,19.0,5.0,2.57,1.61,1.25,1.5,2.5,3.5,1.25,5.25,1.12,1.32,1.22,1.87,2.5,2.5,3.75,2.2,2.8,3.4,0,0,1.19,1.33,1.54,1.86,2.3,4.1,2.95,2.28,1.82,1.54,1.45,7.0,2.8,1.57,17.0,2.38,4.2,7.5,1.25,2.2,5.0,15.0,3.75,1.62,1.17,1.03,1.14,1.67,3.25,7.0,5.5,2.1,1.33,1.1,0,0,0,0,0,0,0,0,0,0,0,1730249400,-1,1,62,32,35,0,-1,-1,1,-1,-1,-1,-1,-1,-1,0,1,0,1,1,1,1,47,39,124,80,1.41,1.41,2.81,0,0,0,0,0,0,1,1,0,0,-1,-1,0,1,1,18,19,-1,-1,-1,1,9,7,25,37,61,87,94,40,78,84,58,10.91,3.38,4.5,3.24,/clubs/real-salt-lake-14,teams/usa-real-salt-lake.png,Real Salt Lake,/clubs/minnesota-united-fc-1015,teams/usa-minnesota-united-fc.png,Minnesota United,1.69,1.46,1.74,1.53,1.74,1.53,75,64,40,14,6,72,55,47,1.49,1.33,2.82,/usa/real-salt-lake-vs-minnesota-united-fc-h2h-stats#7729413,10977,36,False,False,False,False,False,False,False,[],[]
MLS,2024,10977,7729414,12,10,2024,complete,106204,0,-1,['19'],"['8', '45+3', '90+1', '90+3']",1,4,5,6,3,9,2,0,2,2,0,0,4,9,2,2,6,11,8,6,42,58,13864.0,11435.0,2.0,,,2,2,2.2,3.7,2.5,1.01,1.09,1.32,1.73,2.8,34.0,7.5,3.21,1.91,1.44,1.3,3.4,5.25,1.12,5.5,1.11,1.53,1.2,1.6,2.8,2.6,2.95,2.6,3.0,2.7,0,0,1.2,1.36,1.6,1.95,2.43,3.95,2.85,2.17,1.75,1.48,1.64,6.5,2.33,1.9,31.0,1.91,6.25,6.5,1.2,1.92,3.75,9.0,4.75,1.87,1.26,1.06,1.09,1.5,2.55,5.0,7.0,2.55,1.5,1.16,0,0,0,0,5,1,2,0,2,2,3,1730511000,10,1,70,27,38,0,-1,-1,1,-1,-1,-1,-1,-1,-1,1,0,1,2,1,3,1,46,38,93,93,1.0,1.61,2.61,0,0,0,0,0,0,1,1,0,1,-1,-1,1,0,1,12,15,-1,-1,-1,1,4,8,33,48,74,90,97,39,82,89,66,9.48,3.49,3.43,3.57,/clubs/colorado-rapids-12,teams/usa-colorado-rapids.png,Colorado Rapids,/clubs/la-galaxy-10,teams/usa-la-galaxy.png,LA Galaxy,1.39,2.03,1.43,1.91,1.43,1.91,67,53,26,10,3,60,47,30,1.32,1.47,2.79,/usa/la-galaxy-vs-colorado-rapids-h2h-stats#7729414,10977,36,True,True,True,True,True,False,True,['19'],"['8', '45+3', '90+1', '90+3']"
MLS,2024,10977,7729415,1015,14,2024,complete,106204,0,-1,['53'],['75'],1,1,2,5,5,10,1,4,0,1,0,0,5,2,7,7,12,9,10,8,47,53,45098.0,25056.0,8.0,,,0,1,1.95,3.7,3.6,1.02,1.18,1.58,2.07,4.2,19.0,5.0,2.4,1.75,1.24,1.53,2.38,3.3,1.29,5.0,1.13,1.33,1.22,1.85,2.5,2.4,3.75,2.3,2.75,3.4,0,0,1.2,1.36,1.6,1.95,2.4,3.9,2.8,2.17,1.75,1.49,1.74,6.4,2.17,1.67,19.75,2.27,4.0,7.5,1.29,2.25,5.5,15.0,3.5,1.57,1.14,1.03,1.16,1.75,3.3,7.5,5.0,2.05,1.32,1.08,0,0,0,0,2,0,0,1,1,2,0,1730595600,-1,1,60,24,41,0,-1,-1,1,-1,-1,-1,-1,-1,-1,0,0,0,1,0,1,1,50,54,90,102,1.47,1.11,2.58,0,0,0,0,0,0,1,1,0,0,-1,-1,0,0,1,16,14,-1,-1,-1,1,10,7,25,36,59,85,92,39,76,82,56,10.86,3.37,4.43,3.15,/clubs/minnesota-united-fc-1015,teams/usa-minnesota-united-fc.png,Minnesota United,/clubs/real-salt-lake-14,teams/usa-real-salt-lake.png,Real Salt Lake,1.46,1.69,1.51,1.71,1.51,1.71,76,65,42,16,9,73,53,46,1.33,1.49,2.82,/usa/real-salt-lake-vs-minnesota-united-fc-h2h-stats#7729415,10977,36,True,True,False,False,False,False,True,['53'],['75']
MLS,2024,10977,7729416,6,18,2024,complete,106204,0,-1,['90+3'],['87'],1,1,2,7,8,15,2,0,4,1,1,0,7,1,11,13,18,14,12,11,53,47,7.0,20.0,25.0,,,5,1,2.31,3.67,2.91,1.06,1.33,1.91,3.6,7.0,10.0,3.3,1.89,1.3,1.1,1.8,1.95,2.8,1.38,3.4,1.29,1.38,1.28,1.63,3.0,2.1,3.75,2.5,2.4,3.25,0,0,1.24,1.43,1.71,2.1,2.65,3.55,2.55,2.0,1.64,1.41,1.84,6.4,2.05,1.73,7.7,2.3,3.8,5.0,1.44,3.0,9.0,23.0,2.63,1.36,1.07,1.01,1.25,2.2,5.0,13.0,3.75,1.62,1.17,1.04,0,0,0,0,2,0,0,1,1,2,0,1730676600,-1,1,52,15,30,0,18859,-1,1,-1,-1,-1,-1,-1,-1,1,0,4,1,1,5,1,49,56,108,105,1.98,1.36,3.34,0,0,0,0,0,0,1,1,0,0,-1,-1,0,0,1,2,2,1,11,12,1,6,9,13,23,48,70,90,27,66,80,44,11.32,3.18,4.2,2.46,/clubs/houston-dynamo-6,teams/usa-houston-dynamo.png,Houston Dynamo,/clubs/seattle-sounders-fc-18,teams/usa-seattle-sounders-fc.png,Seattle Sounders,1.56,1.63,1.57,1.66,1.57,1.66,88,77,53,30,10,73,53,35,1.35,1.33,2.68,/usa/houston-dynamo-vs-seattle-sounders-fc-h2h-stats#7729416,10977,36,True,True,False,False,False,False,True,['90+3'],['87']
MLS,2024,10977,7731164,677446,1016,2024,complete,106204,0,-1,"['2', '60']",['39'],2,1,3,12,4,16,0,3,0,1,0,0,12,2,6,3,18,5,7,5,66,34,3.0,647.0,40413.0,,,0,1,1.4,5.5,7.0,1.01,1.09,1.31,1.68,2.1,15.0,7.5,3.27,2.05,1.6,1.45,2.75,2.95,1.35,9.0,1.03,1.12,1.14,2.8,1.88,2.8,5.5,1.7,3.3,5.0,0,0,1.26,1.47,1.76,2.18,2.8,3.4,2.48,1.94,1.58,1.37,1.53,6.4,2.65,1.39,34.0,2.91,3.1,13.0,1.2,1.9,3.75,9.0,4.5,1.87,1.26,1.06,1.09,1.5,2.55,5.0,7.0,2.55,1.5,1.16,0,0,0,0,3,1,1,1,0,1,2,1729902600,677446,1,73,26,38,0,-1,-1,1,-1,-1,-1,-1,-1,-1,0,0,0,1,0,1,1,82,23,135,64,2.57,0.63,3.2,0,0,0,0,0,0,1,1,1,0,-1,-1,0,0,1,19,10,-1,-1,-1,1,3,10,22,44,66,86,97,38,74,89,61,9.43,3.38,4.42,3.3,/clubs/club-internacional-de-futbol-miami-677446,teams/usa-club-internacional-de-futbol-miami.png,Inter Miami,/clubs/atlanta-united-fc-1016,teams/usa-atlanta-united-fc.png,Atlanta United FC,2.08,1.21,2.18,1.17,2.18,1.17,79,57,35,15,3,64,48,42,1.28,1.36,2.64,/usa/atlanta-united-fc-vs-club-internacional-de-futbol-miami-h2h-stats#7731164,10977,37,True,True,True,False,False,False,True,"['2', '60']",['39']
MLS,2024,10977,7731165,1016,677446,2024,complete,106204,0,-1,"['58', '90+4']",['40'],2,1,3,7,7,14,0,3,4,1,0,0,4,2,4,7,8,9,7,7,41,59,69.0,,,,,4,1,2.42,3.8,2.51,1.01,1.1,1.33,1.83,2.95,31.0,7.0,3.0,1.91,1.4,1.35,3.25,5.75,1.1,4.33,1.18,1.87,1.2,1.35,3.6,2.55,2.45,3.3,3.0,2.2,0,0,1.24,1.44,1.7,2.08,2.65,3.55,2.55,2.0,1.65,1.41,1.79,6.4,2.08,2.15,29.0,1.7,8.5,5.0,1.2,1.96,4.0,9.5,4.5,1.83,1.24,1.05,1.1,1.53,2.6,5.5,6.5,2.45,1.48,1.15,0,0,0,0,3,0,1,2,0,2,1,1730588400,1016,1,74,30,50,0,-1,-1,1,-1,-1,-1,-1,-1,-1,1,0,3,1,1,4,1,49,55,95,101,1.15,1.11,2.26,0,0,0,0,0,0,1,1,0,0,-1,-1,0,0,1,9,8,-1,-1,-1,1,8,6,21,43,66,86,97,40,75,89,60,9.62,3.37,4.32,3.29,/clubs/atlanta-united-fc-1016,teams/usa-atlanta-united-fc.png,Atlanta United FC,/clubs/club-internacional-de-futbol-miami-677446,teams/usa-club-internacional-de-futbol-miami.png,Inter Miami,1.21,2.08,1.14,2.2,1.14,2.2,79,58,34,14,3,65,49,44,1.34,1.31,2.65,/usa/atlanta-united-fc-vs-club-internacional-de-futbol-miami-h2h-stats#7731165,10977,37,True,True,True,False,False,False,True,"['58', '90+4']",['40']
MLS,2024,10977,7731166,677446,1016,2024,complete,106204,0,-1,"['17', '65']","['19', '21', '76']",2,3,5,8,4,12,2,1,2,1,0,0,10,4,6,4,16,8,6,11,64,36,19912.0,647.0,40413.0,,,2,1,1.55,5.19,4.77,1.01,1.05,1.33,1.73,2.69,32.5,6.15,3.0,2.0,1.35,1.5,2.5,2.75,1.4,9.0,1.03,1.1,1.14,2.88,1.83,2.88,5.5,1.67,3.1,5.0,0,0,1.25,1.44,1.73,2.17,2.75,3.4,2.55,1.96,1.6,1.38,1.52,6.5,2.65,1.33,31.0,3.25,2.9,15.0,1.2,1.91,4.0,10.0,4.33,1.8,1.22,1.06,1.1,1.53,2.63,5.5,7.0,2.38,1.44,1.14,0,0,0,0,5,1,2,1,1,2,3,1731200400,1016,1,75,30,35,0,-1,-1,1,-1,-1,-1,-1,-1,-1,1,0,1,1,1,2,1,70,36,161,64,2.23,1.05,3.28,0,0,0,0,0,0,1,1,0,0,-1,-1,0,0,1,20,13,-1,-1,-1,1,7,9,21,42,67,87,97,39,76,89,61,9.74,3.35,4.35,3.28,/clubs/club-internacional-de-futbol-miami-677446,teams/usa-club-internacional-de-futbol-miami.png,Inter Miami,/clubs/atlanta-united-fc-1016,teams/usa-atlanta-united-fc.png,Atlanta United FC,2.08,1.21,2.14,1.19,2.14,1.19,79,59,33,14,3,66,51,45,1.31,1.33,2.64,/usa/atlanta-united-fc-vs-club-internacional-de-futbol-miami-h2h-stats#7731166,10977,37,True,True,True,True,True,False,True,"['17', '65']","['19', '21', '76']"
MLS,2024,10977,7731783,6490,5,2024,complete,106204,0,-1,"['30', '57']",['90+4'],2,1,3,5,3,8,1,2,2,2,0,0,4,4,7,8,11,12,12,16,49,51,57.0,39588.0,41087.0,,,2,2,1.49,4.77,5.85,1.01,1.16,1.47,1.91,4.0,21.0,5.5,2.57,1.73,1.25,1.65,2.25,2.6,1.44,7.0,1.06,1.12,1.15,2.65,1.96,2.6,5.5,1.8,3.0,5.0,0,0,1.12,1.26,1.56,1.91,2.36,4.55,3.08,2.37,1.88,1.57,1.43,9.8,3.42,1.45,23.0,2.85,2.8,11.0,1.26,2.25,5.0,13.0,3.75,1.63,1.16,1.02,1.15,1.75,3.3,7.5,5.5,2.05,1.32,1.08,0,0,0,0,3,1,0,1,1,2,1,1730079900,6490,1,58,21,21,0,-1,-1,1,-1,-1,-1,-1,-1,-1,0,0,2,2,0,4,1,46,36,96,100,1.31,1.31,2.62,1,0,1,0,0,0,1,1,0,0,-1,-1,0,0,1,12,22,-1,-1,-1,1,8,8,19,33,61,86,94,38,81,80,49,10.72,3.36,4.32,3.08,/clubs/los-angeles-fc-6490,teams/usa-los-angeles-fc.png,Los Angeles FC,/clubs/vancouver-whitecaps-fc-5,teams/canada-vancouver-whitecaps-fc.png,Vancouver Whitecaps,1.84,1.39,1.88,1.43,1.88,1.43,81,67,39,15,6,71,64,44,1.55,1.28,2.83,/usa/vancouver-whitecaps-fc-vs-los-angeles-fc-h2h-stats#7731783,10977,38,True,True,True,False,False,False,True,"['30', '57']",['90+4']
MLS,2024,10977,7731784,5,6490,2024,complete,106204,0,-1,"['10', '13', '68']",[],3,0,3,9,5,14,0,1,2,3,0,0,2,5,15,10,17,15,15,11,44,56,13812.0,47234.0,43902.0,,,2,3,2.73,4.16,2.27,1.02,1.18,1.58,2.18,4.2,19.0,5.0,2.4,1.68,1.24,1.5,2.5,4.33,1.18,4.0,1.2,1.58,1.24,1.48,3.1,2.38,3.0,2.75,2.75,2.63,0,0,1.21,1.4,1.66,2.02,2.55,3.7,2.65,2.07,1.68,1.44,1.88,6.4,2.0,2.0,17.0,1.8,5.75,5.0,1.29,2.25,5.5,15.0,3.5,1.57,1.14,1.03,1.14,1.73,3.4,8.0,5.5,2.0,1.3,1.08,0,0,0,0,3,2,0,1,0,1,2,1730684700,5,1,59,15,40,0,-1,-1,1,-1,-1,-1,-1,-1,-1,0,1,2,2,1,4,1,40,59,68,119,1.49,1.73,3.22,0,0,0,0,0,0,1,1,1,0,-1,-1,0,0,1,12,18,1,10,14,1,12,5,18,33,62,86,94,37,82,81,51,10.65,3.35,4.32,3.07,/clubs/vancouver-whitecaps-fc-5,teams/canada-vancouver-whitecaps-fc.png,Vancouver Whitecaps,/clubs/los-angeles-fc-6490,teams/usa-los-angeles-fc.png,Los Angeles FC,1.39,1.84,1.39,1.91,1.39,1.91,82,68,38,14,6,69,62,43,1.28,1.55,2.83,/usa/vancouver-whitecaps-fc-vs-los-angeles-fc-h2h-stats#7731784,10977,38,True,True,True,False,False,False,False,"['10', '13', '68']",[]
MLS,2024,10977,7731785,6490,5,2024,complete,106204,0,-1,['62'],[],1,0,1,7,1,8,1,3,1,1,0,0,2,2,7,6,9,8,16,13,38,62,13893.0,39588.0,41087.0,,,1,1,1.61,4.25,5.16,1.01,1.11,1.4,2.05,3.65,13.0,4.6,2.75,1.61,1.19,1.62,2.2,2.62,1.42,6.5,1.06,1.16,1.21,2.42,2.0,2.6,5.5,1.8,2.95,4.75,0,0,1.23,1.4,1.65,2.0,2.55,3.65,2.7,2.08,1.71,1.44,1.36,7.0,3.15,1.36,18.75,3.1,2.95,11.0,1.25,2.2,5.0,13.0,3.75,1.62,1.17,1.04,1.14,1.73,3.25,7.0,5.5,2.0,1.33,1.1,0,0,0,0,1,0,0,1,0,1,0,1731123000,6490,1,58,20,25,0,-1,-1,1,-1,-1,-1,-1,-1,-1,0,0,1,1,0,2,1,40,49,87,124,1.0,1.02,2.02,0,0,0,0,0,0,1,1,0,0,-1,-1,0,0,1,10,15,-1,-1,-1,1,10,10,18,32,63,86,95,39,82,81,49,10.74,3.29,4.34,3.07,/clubs/los-angeles-fc-6490,teams/usa-los-angeles-fc.png,Los Angeles FC,/clubs/vancouver-whitecaps-fc-5,teams/canada-vancouver-whitecaps-fc.png,Vancouver Whitecaps,1.84,1.39,1.86,1.43,1.86,1.43,82,69,37,14,6,70,63,44,1.55,1.29,2.84,/usa/vancouver-whitecaps-fc-vs-los-angeles-fc-h2h-stats#7731785,10977,38,True,False,False,False,False,False,False,['62'],[]
MLS,2024,10977,7744100,2,4,2024,complete,106203,0,-1,[],"['16', '25']",0,2,2,13,5,18,2,0,2,1,0,0,7,3,10,1,17,4,9,18,71,29,3.0,,,,,2,1,2.07,3.28,2.94,1.03,1.24,1.64,2.85,5.0,13.0,4.2,2.25,1.44,1.17,1.57,2.25,3.35,1.28,4.33,1.18,1.38,1.25,1.7,2.75,2.3,3.6,2.4,2.6,3.1,0,0,1.36,1.62,2.0,2.55,3.4,2.8,2.12,1.7,1.44,1.26,1.84,6.1,2.08,1.67,10.0,2.25,4.33,6.25,1.33,2.63,6.5,19.0,3.25,1.44,1.11,1.02,1.18,1.83,3.75,9.0,4.5,1.83,1.25,1.07,0,0,0,0,2,0,2,0,0,0,2,1732401000,4,1,66,22,33,0,-1,2,1,2,3,11,2,5,13,2,1,0,0,3,0,1,60,27,103,95,1.99,0.68,2.67,0,0,0,0,0,0,1,1,0,0,1,1,0,0,1,15,19,-1,-1,-1,1,5,17,20,37,57,81,92,37,76,81,46,10.3,3.66,4.4,2.99,/clubs/new-york-city-fc-2,teams/usa-new-york-city-fc.png,New York City,/clubs/new-york-red-bulls-4,teams/usa-new-york-red-bulls.png,New York RB,1.42,1.46,1.46,1.42,1.46,1.42,81,63,44,19,8,63,49,26,1.29,1.38,2.67,/usa/new-york-city-fc-vs-new-york-red-bulls-h2h-stats#7744100,10977,38,True,True,False,False,False,False,False,[],"['16', '25']"
MLS,2024,10977,7744101,6490,18,2024,complete,106203,0,-1,['50'],"['109', '59']",1,2,3,11,4,15,1,1,2,2,0,0,10,7,17,6,27,13,15,13,49,51,5016.0,43902.0,25.0,,,2,2,1.91,3.18,3.44,1.04,1.28,1.92,2.85,6.0,13.0,3.75,1.96,1.35,1.13,1.75,2.0,2.7,1.4,4.33,1.18,1.26,1.24,1.92,2.5,2.2,4.33,2.2,2.6,3.75,0,0,1.2,1.37,1.61,1.97,2.45,3.9,2.8,2.15,1.72,1.48,1.68,6.5,2.25,1.57,9.5,2.6,3.45,6.5,1.36,2.75,7.0,21.0,3.0,1.4,1.1,1.02,1.2,2.0,4.0,11.0,4.33,1.73,1.22,1.05,0,0,0,0,3,0,0,1,2,3,0,1732419000,18,1,51,19,30,0,22301,2,1,1,0,10,4,1,14,1,0,1,2,1,3,1,91,50,163,135,3.06,1.69,4.75,0,0,0,0,0,0,1,1,0,0,0,0,0,0,1,22,22,1,13,15,1,8,16,15,27,55,80,92,35,76,81,43,12.39,2.45,4.16,2.75,/clubs/los-angeles-fc-6490,teams/usa-los-angeles-fc.png,Los Angeles FC,/clubs/seattle-sounders-fc-18,teams/usa-seattle-sounders-fc.png,Seattle Sounders,1.84,1.63,1.89,1.64,1.89,1.64,85,73,46,21,8,74,60,43,1.54,1.33,2.87,/usa/seattle-sounders-fc-vs-los-angeles-fc-h2h-stats#7744101,10977,38,True,True,True,False,False,False,True,['50'],"['109', '59']"
MLS,2024,10977,7744102,17,1016,2024,complete,106203,0,-1,['39'],[],1,0,1,5,4,9,3,0,0,1,0,0,4,0,8,6,12,6,7,5,49,51,7.0,21031.0,40413.0,,,0,1,1.64,3.65,4.1,1.03,1.2,1.55,2.43,4.75,17.0,4.5,2.3,1.48,1.19,1.62,2.2,2.75,1.4,5.5,1.11,1.2,1.2,2.2,2.2,2.4,4.75,1.95,2.8,4.33,0,0,1.24,1.44,1.72,2.08,2.65,3.55,2.55,1.98,1.65,1.41,1.42,6.75,2.9,1.44,10.0,2.75,3.35,8.5,1.3,2.38,6.0,17.0,3.4,1.53,1.13,1.03,1.17,1.8,3.5,8.0,5.0,1.91,1.29,1.08,0,0,0,0,1,1,0,0,0,0,1,1732480200,17,1,61,18,31,0,-1,2,1,2,2,3,2,4,5,0,0,0,1,0,1,1,48,36,105,108,1.39,0.66,2.05,0,0,0,0,0,0,1,1,0,0,1,0,0,0,1,21,14,-1,-1,-1,1,9,10,18,35,60,83,95,35,73,85,56,11.04,3.32,3.69,2.97,/clubs/orlando-city-sc-17,teams/usa-orlando-city-sc.png,Orlando City,/clubs/atlanta-united-fc-1016,teams/usa-atlanta-united-fc.png,Atlanta United FC,1.54,1.21,1.54,1.24,1.54,1.24,83,65,40,17,6,68,61,47,1.34,1.33,2.67,/usa/orlando-city-sc-vs-atlanta-united-fc-h2h-stats#7744102,10977,39,True,False,False,False,False,False,False,['39'],[]
MLS,2024,10977,7744103,10,1015,2024,complete,106203,0,-1,"['1', '18', '37', '50', '86', '89']","['6', '45+4']",6,2,8,-1,-1,-1,-1,-1,3,3,0,1,-1,-1,-1,-1,-1,-1,-1,-1,-1,-1,13812.0,2.0,25056.0,,,3,4,1.88,3.7,3.7,1.02,1.17,1.58,2.3,4.14,19.0,5.11,2.2,1.55,1.23,1.57,2.25,2.88,1.36,6.0,1.09,1.2,1.19,2.25,2.2,2.5,4.5,1.95,2.9,4.0,0,0,1.2,1.35,1.57,1.9,2.38,3.95,2.9,2.2,1.78,1.5,1.42,7.0,2.95,1.44,15.0,2.75,3.4,9.0,1.29,2.25,5.5,15.0,3.5,1.57,1.14,1.03,1.14,1.73,3.25,7.0,5.5,2.0,1.33,1.1,0,0,0,0,8,3,2,3,0,3,5,1732490100,10,1,68,31,39,0,-1,2,1,1,3,3,2,4,5,1,0,2,4,1,6,-1,0,0,0,0,0.0,0.0,0.0,1,1,0,1,1,0,1,1,1,1,0,2,0,0,-1,-1,-1,-1,-1,-1,-1,-1,-1,25,41,67,89,94,38,81,83,63,10.22,2.86,4.0,3.31,/clubs/la-galaxy-10,teams/usa-la-galaxy.png,LA Galaxy,/clubs/minnesota-united-fc-1015,teams/usa-minnesota-united-fc.png,Minnesota United,2.03,1.46,1.94,1.5,1.94,1.5,75,60,34,11,6,70,53,40,1.48,1.33,2.81,/usa/la-galaxy-vs-minnesota-united-fc-h2h-stats#7744103,10977,37,True,True,True,True,True,True,True,"['1', '18', '37', '50', '86', '89']","['6', '45+4']"
MLS,2024,10977,7754136,17,4,2024,complete,106202,0,-1,[],['47'],0,1,1,5,2,7,2,2,1,2,0,0,3,1,4,3,7,4,9,20,60,40,13812.0,21031.0,1313.0,,,1,2,1.85,3.8,4.1,1.04,1.26,1.75,3.1,5.5,13.0,4.0,1.95,1.4,1.15,1.7,2.05,2.65,1.42,4.75,1.15,1.25,1.22,1.98,2.4,2.25,4.5,2.1,2.65,4.0,0,0,1.3,1.52,1.85,2.33,3.0,3.1,2.32,1.83,1.52,1.32,1.47,6.75,2.8,1.53,12.75,2.63,3.35,7.5,1.36,2.63,7.0,19.0,3.0,1.44,1.1,1.02,1.2,1.91,4.0,10.0,4.33,1.8,1.22,1.06,0,0,0,0,1,0,0,0,1,1,0,1733013000,4,1,61,16,31,0,-1,2,1,0,1,5,1,1,6,0,1,1,1,1,2,1,74,35,105,88,1.19,0.59,1.78,0,0,0,0,0,0,1,1,0,0,0,0,0,0,1,26,17,-1,-1,-1,1,7,10,19,39,60,82,91,35,78,78,52,10.82,3.76,3.89,3.02,/clubs/orlando-city-sc-17,teams/usa-orlando-city-sc.png,Orlando City,/clubs/new-york-red-bulls-4,teams/usa-new-york-red-bulls.png,New York RB,1.54,1.46,1.58,1.46,1.58,1.46,82,61,40,19,10,65,52,31,1.35,1.36,2.71,/usa/new-york-red-bulls-vs-orlando-city-sc-h2h-stats#7754136,10977,39,True,False,False,False,False,False,False,[],['47']
MLS,2024,10977,7754137,10,18,2024,complete,106202,0,-1,['85'],[],1,0,1,3,5,8,0,1,0,4,0,0,5,4,3,1,8,5,8,13,54,46,36.0,2.0,25.0,,,0,4,1.81,3.55,4.05,1.03,1.22,1.62,1.93,5.0,15.0,4.33,2.15,1.88,1.18,1.62,2.2,2.95,1.35,5.0,1.14,1.28,1.22,1.92,2.4,2.3,4.33,2.1,2.7,3.75,0,0,1.2,1.37,1.61,1.96,2.45,3.8,2.8,2.15,1.73,1.48,1.7,6.5,2.23,1.53,14.75,2.5,3.7,7.5,1.33,2.5,6.5,19.0,3.25,1.5,1.11,1.02,1.18,1.83,3.75,9.0,4.5,1.83,1.25,1.07,0,0,0,0,1,0,0,1,0,1,0,1733022000,10,1,61,27,37,0,-1,2,1,1,5,2,0,6,2,0,0,0,4,0,4,1,72,56,106,103,1.38,1.01,2.39,0,0,0,0,0,0,1,1,0,0,0,1,0,0,1,18,10,-1,-1,-1,1,2,8,23,37,61,83,92,37,73,81,55,11.02,2.21,3.75,3.08,/clubs/la-galaxy-10,teams/usa-la-galaxy.png,LA Galaxy,/clubs/seattle-sounders-fc-18,teams/usa-seattle-sounders-fc.png,Seattle Sounders,2.03,1.63,1.97,1.68,1.97,1.68,77,64,39,18,8,67,49,32,1.48,1.34,2.82,/usa/la-galaxy-vs-seattle-sounders-fc-h2h-stats#7754137,10977,38,True,False,False,False,False,False,False,['85'],[]
MLS,2024,10977,7758195,10,4,2024,complete,106201,0,-1,"['9', '13']",['28'],2,1,3,4,6,10,2,1,1,2,0,0,6,3,6,3,12,6,8,11,41,59,5016.0,2.0,1313.0,,,1,2,1.84,3.81,3.8,1.04,1.22,1.66,2.45,4.57,10.0,4.36,2.08,1.47,1.2,1.62,2.2,2.95,1.35,5.0,1.13,1.22,1.2,1.95,2.38,2.38,4.33,2.05,2.7,3.75,0,0,1.28,1.49,1.79,2.23,2.85,3.2,2.4,1.9,1.56,1.36,1.61,6.75,2.55,1.53,10.0,2.6,3.6,7.5,1.3,2.5,6.0,17.0,3.4,1.5,1.13,1.03,1.17,1.83,3.75,9.0,5.0,1.83,1.25,1.07,0,0,0,0,3,2,1,0,0,0,3,1733605200,10,1,69,25,35,0,-1,2,1,3,4,1,2,7,3,1,1,0,1,2,1,1,57,74,62,75,1.58,1.12,2.7,0,0,0,0,0,0,1,1,1,0,0,0,0,0,1,15,18,-1,-1,-1,1,7,8,24,45,68,83,92,37,77,80,58,9.78,2.98,3.74,3.3,/clubs/la-galaxy-10,teams/usa-la-galaxy.png,LA Galaxy,/clubs/new-york-red-bulls-4,teams/usa-new-york-red-bulls.png,New York RB,2.03,1.46,2.0,1.5,2.0,1.5,76,56,33,17,8,59,46,28,1.47,1.34,2.81,/usa/new-york-red-bulls-vs-la-galaxy-h2h-stats#7758195,10977,39,True,True,True,False,False,False,True,"['9', '13']",['28']
