download_league,download_season,download_season_id,id,homeID,awayID,season,status,roundID,game_week,revised_game_week,homeGoals,awayGoals,homeGoalCount,awayGoalCount,totalGoalCount,team_a_corners,team_b_corners,totalCornerCount,team_a_offsides,team_b_offsides,team_a_yellow_cards,team_b_yellow_cards,team_a_red_cards,team_b_red_cards,team_a_shotsOnTarget,team_b_shotsOnTarget,team_a_shotsOffTarget,team_b_shotsOffTarget,team_a_shots,team_b_shots,team_a_fouls,team_b_fouls,team_a_possession,team_b_possession,refereeID,coach_a_ID,coach_b_ID,stadium_name,stadium_location,team_a_cards_num,team_b_cards_num,odds_ft_1,odds_ft_x,odds_ft_2,odds_ft_over05,odds_ft_over15,odds_ft_over25,odds_ft_over35,odds_ft_over45,odds_ft_under05,odds_ft_under15,odds_ft_under25,odds_ft_under35,odds_ft_under45,odds_btts_yes,odds_btts_no,odds_team_a_cs_yes,odds_team_a_cs_no,odds_team_b_cs_yes,odds_team_b_cs_no,odds_doublechance_1x,odds_doublechance_12,odds_doublechance_x2,odds_1st_half_result_1,odds_1st_half_result_x,odds_1st_half_result_2,odds_2nd_half_result_1,odds_2nd_half_result_x,odds_2nd_half_result_2,odds_dnb_1,odds_dnb_2,odds_corners_over_75,odds_corners_over_85,odds_corners_over_95,odds_corners_over_105,odds_corners_over_115,odds_corners_under_75,odds_corners_under_85,odds_corners_under_95,odds_corners_under_105,odds_corners_under_115,odds_corners_1,odds_corners_x,odds_corners_2,odds_team_to_score_first_1,odds_team_to_score_first_x,odds_team_to_score_first_2,odds_win_to_nil_1,odds_win_to_nil_2,odds_1st_half_over05,odds_1st_half_over15,odds_1st_half_over25,odds_1st_half_over35,odds_1st_half_under05,odds_1st_half_under15,odds_1st_half_under25,odds_1st_half_under35,odds_2nd_half_over05,odds_2nd_half_over15,odds_2nd_half_over25,odds_2nd_half_over35,odds_2nd_half_under05,odds_2nd_half_under15,odds_2nd_half_under25,odds_2nd_half_under35,odds_btts_1st_half_yes,odds_btts_1st_half_no,odds_btts_2nd_half_yes,odds_btts_2nd_half_no,overallGoalCount,ht_goals_team_a,ht_goals_team_b,goals_2hg_team_a,goals_2hg_team_b,GoalCount_2hg,HTGoalCount,date_unix,winningTeam,no_home_away,btts_potential,btts_fhg_potential,btts_2hg_potential,goalTimingDisabled,attendance,corner_timings_recorded,card_timings_recorded,team_a_fh_corners,team_b_fh_corners,team_a_2h_corners,team_b_2h_corners,corner_fh_count,corner_2h_count,team_a_fh_cards,team_b_fh_cards,team_a_2h_cards,team_b_2h_cards,total_fh_cards,total_2h_cards,attacks_recorded,team_a_dangerous_attacks,team_b_dangerous_attacks,team_a_attacks,team_b_attacks,team_a_xg,team_b_xg,total_xg,team_a_penalties_won,team_b_penalties_won,team_a_penalty_goals,team_b_penalty_goals,team_a_penalty_missed,team_b_penalty_missed,pens_recorded,goal_timings_recorded,team_a_0_10_min_goals,team_b_0_10_min_goals,team_a_corners_0_10_min,team_b_corners_0_10_min,team_a_cards_0_10_min,team_b_cards_0_10_min,throwins_recorded,team_a_throwins,team_b_throwins,freekicks_recorded,team_a_freekicks,team_b_freekicks,goalkicks_recorded,team_a_goalkicks,team_b_goalkicks,o45_potential,o35_potential,o25_potential,o15_potential,o05_potential,o15HT_potential,o05HT_potential,o05_2H_potential,o15_2H_potential,corners_potential,offsides_potential,cards_potential,avg_potential,home_url,home_image,home_name,away_url,away_image,away_name,home_ppg,away_ppg,pre_match_home_ppg,pre_match_away_ppg,pre_match_teamA_overall_ppg,pre_match_teamB_overall_ppg,u45_potential,u35_potential,u25_potential,u15_potential,u05_potential,corners_o85_potential,corners_o95_potential,corners_o105_potential,team_a_xg_prematch,team_b_xg_prematch,total_xg_prematch,match_url,competition_id,matches_completed_minimum,over05,over15,over25,over35,over45,over55,btts,homeGoals_timings,awayGoals_timings
MLS,2023,8777,4925935,677447,2,2023,complete,96848,0,-1,"['34', '80']",[],2,0,2,8,3,11,1,1,1,4,0,0,5,2,5,7,10,9,14,13,38,62,7,24795,27505,,,1,4,2.45,3.48,2.74,1.03,1.29,1.86,3.2,5.75,8.5,3.3,1.94,1.3,1.1,1.75,2.0,2.75,1.39,3.6,1.25,1.3,1.3,1.67,2.63,2.2,4.0,2.3,2.49,3.6,0,0,1.28,1.5,1.93,2.5,3.45,3.5,2.45,1.88,1.49,1.28,1.58,7.5,2.88,1.62,9.1,2.5,3.5,5.5,1.4,2.75,8.0,21.0,2.75,1.4,1.08,1.02,1.29,2.2,4.5,10.0,3.5,1.62,1.17,1.04,0,0,0,0,2,1,0,1,0,1,1,1677360600,677447,0,0,0,0,0,28051,2,1,5,1,3,2,6,5,0,1,1,3,1,4,1,40,39,104,115,1.28,1.01,2.29,0,0,0,0,0,0,1,1,0,0,0,0,0,0,1,20,19,-1,-1,-1,-1,-1,-1,0,0,0,0,0,0,0,0,0,0.0,0.0,0.0,0.0,/clubs/nashville-sc-mls-677447,teams/usa-nashville-sc-mls.png,Nashville SC,/clubs/new-york-city-fc-2,teams/usa-new-york-city-fc.png,New York City,1.72,0.65,0.0,0.0,0.0,0.0,0,0,0,0,0,0,0,0,0.0,0.0,0.0,/usa/new-york-city-fc-vs-nashville-sc-mls-h2h-stats#4925935,8777,34,True,True,False,False,False,False,False,"['34', '80']",[]
MLS,2023,8777,4925936,1016,15,2023,complete,96848,0,-1,"['90+3', '90+9']",['12'],2,1,3,8,3,11,2,1,2,2,0,0,5,4,15,7,20,11,14,14,61,39,13889,40852,12956,,,2,2,1.61,4.2,5.05,1.02,1.17,1.6,2.22,3.8,17.0,4.5,2.15,1.58,1.22,1.67,2.1,2.45,1.49,6.25,1.1,1.14,1.17,2.5,2.05,2.5,5.5,1.8,2.9,5.0,0,0,1.2,1.38,1.67,2.12,2.85,4.25,2.9,2.12,1.67,1.38,1.26,9.0,4.7,1.36,17.75,3.1,2.75,10.0,1.29,2.25,5.5,15.0,3.5,1.57,1.14,1.03,1.16,1.8,3.5,7.5,5.0,1.95,1.28,1.07,0,0,0,0,3,0,1,2,0,2,1,1677371400,1016,0,0,0,0,0,-1,2,1,4,2,4,1,6,5,0,1,2,1,1,3,1,70,46,118,76,2.12,1.31,3.42,1,0,0,0,1,0,1,1,0,0,0,1,0,0,1,21,11,-1,-1,-1,-1,-1,-1,0,0,0,0,0,0,0,0,0,0.0,0.0,0.0,0.0,/clubs/atlanta-united-fc-1016,teams/usa-atlanta-united-fc.png,Atlanta United FC,/clubs/san-jose-earthquakes-15,teams/usa-san-jose-earthquakes.png,SJ Earthquakes,2.06,0.78,0.0,0.0,0.0,0.0,0,0,0,0,0,0,0,0,0.0,0.0,0.0,/usa/san-jose-earthquakes-vs-atlanta-united-fc-h2h-stats#4925936,8777,35,True,True,True,False,False,False,True,"['90+3', '90+9']",['12']
MLS,2023,8777,4925937,711351,11,2023,complete,96848,0,-1,[],['89'],0,1,1,8,6,14,1,2,1,1,0,0,4,5,10,10,14,15,15,11,54,46,69,44668,21032,,,1,1,2.06,3.72,3.3,1.03,1.22,1.6,2.6,4.5,16.0,3.8,2.15,1.44,1.17,1.57,2.25,3.2,1.31,4.33,1.18,1.37,1.27,1.76,2.75,2.3,3.6,2.4,2.7,3.1,0,0,1.24,1.44,1.8,2.3,3.1,3.85,2.65,2.0,1.57,1.33,1.58,7.5,2.88,1.67,15.0,2.25,3.8,6.5,1.33,2.5,6.5,17.0,3.25,1.5,1.11,1.03,1.16,1.87,3.9,9.0,4.75,1.85,1.22,1.05,0,0,0,0,1,0,0,0,1,1,0,1677371400,11,0,0,0,0,0,69345,2,1,2,1,6,5,3,11,1,1,0,0,2,0,1,77,57,107,116,1.72,1.71,3.43,0,0,0,0,0,0,1,1,0,0,0,0,0,0,1,28,23,-1,-1,-1,-1,-1,-1,0,0,0,0,0,0,0,0,0,0.0,0.0,0.0,0.0,/clubs/charlotte-fc-711351,teams/usa-charlotte-fc.png,Charlotte,/clubs/new-england-revolution-11,teams/usa-new-england-revolution.png,New England Revolution,1.53,0.83,0.0,0.0,0.0,0.0,0,0,0,0,0,0,0,0,0.0,0.0,0.0,/usa/new-england-revolution-vs-charlotte-fc-h2h-stats#4925937,8777,35,True,False,False,False,False,False,False,[],['89']
MLS,2023,8777,4925938,8043,6,2023,complete,96848,0,-1,"['19', '48']",['45+2'],2,1,3,0,7,7,2,0,1,2,0,0,5,8,10,13,15,21,13,10,38,62,11,40182,20,,,1,2,1.69,4.14,4.48,1.02,1.17,1.53,2.4,3.8,19.0,4.5,2.35,1.55,1.22,1.62,2.2,2.6,1.42,6.0,1.11,1.16,1.17,2.35,2.1,2.5,5.0,1.91,2.9,4.5,0,0,1.22,1.42,1.74,2.23,3.0,4.0,2.75,2.02,1.61,1.35,1.34,8.5,4.0,1.4,17.75,2.88,2.9,9.0,1.29,2.25,5.5,15.0,3.5,1.57,1.14,1.03,1.16,1.79,3.42,7.0,4.94,1.97,1.29,1.08,0,0,0,0,3,1,1,1,0,1,2,1677371400,8043,0,0,0,0,0,25513,2,1,0,2,0,5,2,5,0,1,1,1,1,2,1,36,45,110,118,1.57,2.21,3.78,0,0,0,0,0,0,1,1,0,0,0,0,0,1,1,12,20,-1,-1,-1,-1,-1,-1,0,0,0,0,0,0,0,0,0,0.0,0.0,0.0,0.0,/clubs/fc-cincinnati-8043,teams/usa-fc-cincinnati.png,FC Cincinnati,/clubs/houston-dynamo-6,teams/usa-houston-dynamo.png,Houston Dynamo,2.35,0.79,0.0,0.0,0.0,0.0,0,0,0,0,0,0,0,0,0.0,0.0,0.0,/usa/houston-dynamo-vs-fc-cincinnati-h2h-stats#4925938,8777,38,True,True,True,False,False,False,True,"['19', '48']",['45+2']
MLS,2023,8777,4925939,13401,19,2023,complete,96848,0,-1,"['13', '90', '90+8']","['66', '83']",3,2,5,3,2,5,3,4,2,2,0,0,6,4,4,4,10,8,18,8,44,56,15,38056,211,,,2,2,2.29,3.68,2.87,1.03,1.2,1.61,2.6,4.33,16.0,4.0,2.15,1.44,1.18,1.57,2.25,3.3,1.28,4.1,1.2,1.43,1.28,1.65,2.88,2.3,3.4,2.5,2.7,3.0,0,0,1.27,1.5,1.9,2.45,3.4,3.55,2.48,1.9,1.5,1.29,1.65,7.0,2.7,1.73,15.5,2.2,4.33,5.5,1.3,2.5,6.0,17.0,3.4,1.5,1.13,1.03,1.16,1.85,3.8,9.0,4.8,1.87,1.23,1.06,0,0,0,0,5,1,0,2,2,4,1,1677371400,13401,0,0,0,0,0,-1,2,1,3,1,0,1,4,1,0,0,2,2,0,4,1,32,43,100,96,1.29,1.11,2.4,0,1,0,1,0,0,1,1,0,0,1,0,0,0,1,23,24,-1,-1,-1,-1,-1,-1,0,0,0,0,0,0,0,0,0,0.0,0.0,0.0,0.0,/clubs/dc-united-13401,teams/usa-dc-united.png,DC United,/clubs/toronto-fc-19,teams/canada-toronto-fc.png,Toronto,1.41,0.24,0.0,0.0,0.0,0.0,0,0,0,0,0,0,0,0,0.0,0.0,0.0,/usa/toronto-fc-vs-dc-united-h2h-stats#4925939,8777,34,True,True,True,True,True,False,True,"['13', '90', '90+8']","['66', '83']"
MLS,2023,8777,4925940,677446,1,2023,complete,96848,0,-1,"['41', '76']",[],2,0,2,4,4,8,1,3,0,1,0,0,7,7,11,9,18,16,12,12,44,56,36,28121,36107,,,0,1,2.53,3.56,2.62,1.04,1.25,1.75,2.8,5.0,13.0,3.6,2.08,1.38,1.13,1.62,2.2,3.5,1.26,3.6,1.25,1.48,1.3,1.55,3.1,2.25,3.2,2.75,2.55,2.75,0,0,1.25,1.47,1.85,2.38,3.25,3.7,2.55,1.95,1.54,1.3,1.72,7.0,2.55,1.83,10.25,2.05,5.0,4.75,1.33,2.63,7.0,19.0,3.25,1.44,1.1,1.02,1.19,1.98,4.3,10.5,4.35,1.75,1.19,1.04,0,0,0,0,2,1,0,1,0,1,1,1677371400,677446,0,0,0,0,0,-1,2,1,3,2,1,2,5,3,0,1,0,0,1,0,1,58,41,110,94,2.05,1.8,3.84,0,0,0,0,0,0,1,1,0,0,0,0,0,0,1,18,18,-1,-1,-1,-1,-1,-1,0,0,0,0,0,0,0,0,0,0.0,0.0,0.0,0.0,/clubs/club-internacional-de-futbol-miami-677446,teams/usa-club-internacional-de-futbol-miami.png,Inter Miami,/clubs/montreal-impact-1,teams/canada-montreal-impact.png,Montreal Impact,1.35,0.47,0.0,0.0,0.0,0.0,0,0,0,0,0,0,0,0,0.0,0.0,0.0,/usa/montreal-impact-vs-club-internacional-de-futbol-miami-h2h-stats#4925940,8777,34,True,True,False,False,False,False,False,"['41', '76']",[]
MLS,2023,8777,4925941,17,4,2023,complete,96848,0,-1,['56'],[],1,0,1,4,3,7,0,5,4,3,0,0,1,4,5,12,6,16,18,18,47,53,5016,21031,11574,,,4,3,2.33,3.4,3.0,1.07,1.34,1.99,3.95,8.5,10.0,3.3,1.82,1.25,1.09,1.8,1.95,2.85,1.37,3.4,1.28,1.38,1.34,1.62,3.0,2.1,3.75,2.63,2.38,3.2,0,0,1.3,1.55,1.98,2.6,3.6,3.35,2.38,1.83,1.46,1.26,1.72,7.0,2.55,1.73,8.2,2.3,3.8,4.8,1.44,3.25,9.0,26.0,2.63,1.33,1.07,1.01,1.25,2.3,5.4,14.0,3.65,1.56,1.13,1.02,0,0,0,0,1,0,0,1,0,1,0,1677371400,17,0,0,0,0,0,24088,2,1,1,1,3,2,2,5,1,1,3,2,2,5,1,47,62,74,102,0.79,1.74,2.53,1,0,1,0,0,0,1,1,0,0,0,1,0,1,1,22,19,-1,-1,-1,-1,-1,-1,0,0,0,0,0,0,0,0,0,0.0,0.0,0.0,0.0,/clubs/orlando-city-sc-17,teams/usa-orlando-city-sc.png,Orlando City,/clubs/new-york-red-bulls-4,teams/usa-new-york-red-bulls.png,New York RB,1.84,0.94,0.0,0.0,0.0,0.0,0,0,0,0,0,0,0,0,0.0,0.0,0.0,/usa/new-york-red-bulls-vs-orlando-city-sc-h2h-stats#4925941,8777,37,True,False,False,False,False,False,False,['56'],[]
MLS,2023,8777,4925942,16,9,2023,complete,96848,0,-1,"['45+3', '52', '72', '80']",['28'],4,1,5,2,2,4,9,0,1,5,0,0,6,3,8,5,14,8,12,13,46,54,19912,12,39282,,,1,5,1.74,3.8,4.56,1.05,1.29,1.89,3.0,5.5,12.5,3.4,1.91,1.33,1.11,1.8,1.95,2.3,1.55,4.75,1.16,1.18,1.27,2.23,2.25,2.25,5.0,1.95,2.6,4.75,0,0,1.27,1.5,1.9,2.45,3.4,3.55,2.48,1.9,1.5,1.29,1.34,8.0,4.0,1.44,9.5,3.1,2.8,7.5,1.36,2.75,7.0,21.0,3.0,1.4,1.1,1.02,1.2,2.07,4.6,11.5,4.1,1.68,1.17,1.03,0,0,0,0,5,1,1,3,0,3,2,1677371400,16,0,0,0,0,0,-1,2,1,2,1,0,1,3,1,0,2,1,3,2,4,1,21,42,88,113,1.46,1.03,2.5,2,0,2,0,0,0,1,1,0,0,1,1,0,0,1,12,17,-1,-1,-1,-1,-1,-1,0,0,0,0,0,0,0,0,0,0.0,0.0,0.0,0.0,/clubs/philadelphia-union-16,teams/usa-philadelphia-union.png,Philadelphia Union,/clubs/columbus-crew-9,teams/usa-columbus-crew.png,Columbus Crew,2.17,1.15,0.0,0.0,0.0,0.0,0,0,0,0,0,0,0,0,0.0,0.0,0.0,/usa/columbus-crew-vs-philadelphia-union-h2h-stats#4925942,8777,37,True,True,True,True,True,False,True,"['45+3', '52', '72', '80']",['28']
MLS,2023,8777,4925943,698284,945555,2023,complete,96848,0,-1,"['45+4', '72']","['24', '78', '86']",2,3,5,8,8,16,1,0,0,1,0,0,2,9,8,4,10,13,5,9,58,42,3,2339,36880,,,0,1,1.53,4.2,5.8,1.01,1.16,1.66,2.4,4.2,17.0,4.44,2.12,1.49,1.17,1.63,2.2,2.25,1.57,6.0,1.11,1.15,1.22,2.55,1.98,2.55,5.2,1.79,2.95,5.0,0,0,1.2,1.4,1.65,2.2,2.88,4.0,2.75,2.1,1.6,1.36,1.27,9.0,4.6,1.4,17.5,3.13,2.5,10.0,1.21,2.23,5.4,15.0,3.7,1.54,1.13,1.02,1.14,1.76,3.55,8.0,5.2,1.97,1.26,1.07,0,0,0,0,5,1,1,1,2,3,2,1677375000,945555,0,0,0,0,0,20738,2,1,3,4,5,4,7,9,0,1,0,0,1,0,1,62,42,130,112,1.23,1.76,3.0,0,0,0,0,0,0,1,1,0,0,1,0,0,0,1,19,19,-1,-1,-1,-1,-1,-1,0,0,0,0,0,0,0,0,0,0.0,0.0,0.0,0.0,/clubs/austin-fc-698284,teams/usa-austin-fc.png,Austin,/clubs/st-louis-city-sc-945555,teams/usa-st-louis-city-sc.png,St. Louis City,1.47,1.17,0.0,0.0,0.0,0.0,0,0,0,0,0,0,0,0,0.0,0.0,0.0,/usa/austin-fc-vs-st-louis-city-sc-h2h-stats#4925943,8777,34,True,True,True,True,True,False,True,"['45+4', '72']","['24', '78', '86']"
MLS,2023,8777,4925944,13,1015,2023,complete,96848,0,-1,[],['48'],0,1,1,9,0,9,0,3,1,2,0,0,1,4,10,4,11,8,17,14,57,43,13851,21189,5,,,1,2,1.97,3.74,3.54,1.04,1.25,1.7,2.87,5.0,14.0,3.6,2.05,1.36,1.13,1.75,2.0,2.6,1.43,4.8,1.16,1.24,1.28,1.95,2.38,2.25,4.5,2.05,2.65,4.0,0,0,1.22,1.42,1.74,2.23,3.0,4.0,2.75,2.02,1.61,1.35,1.42,8.0,3.5,1.5,14.0,2.75,3.1,7.5,1.36,2.63,7.0,19.0,3.0,1.44,1.1,1.02,1.21,2.0,4.14,9.0,4.14,1.76,1.21,1.05,0,0,0,0,1,0,0,0,1,1,0,1677375000,1015,0,0,0,0,0,-1,2,1,7,0,2,0,7,2,0,1,1,1,1,2,1,57,39,101,104,1.18,1.08,2.26,0,0,0,0,0,0,1,1,0,0,0,0,0,0,1,28,21,-1,-1,-1,-1,-1,-1,0,0,0,0,0,0,0,0,0,0.0,0.0,0.0,0.0,/clubs/fc-dallas-13,teams/usa-fc-dallas.png,FC Dallas,/clubs/minnesota-united-fc-1015,teams/usa-minnesota-united-fc.png,Minnesota United,1.72,1.18,0.0,0.0,0.0,0.0,0,0,0,0,0,0,0,0,0.0,0.0,0.0,/usa/fc-dallas-vs-minnesota-united-fc-h2h-stats#4925944,8777,34,True,False,False,False,False,False,False,[],['48']
MLS,2023,8777,4925945,10,6490,2023,complete,96848,0,-1,"['26', '73']",['57'],2,1,3,1,6,7,0,3,3,3,0,0,6,8,3,5,9,13,17,15,52,48,13864,2,39588,,,3,3,3.4,3.5,2.1,1.01,1.15,1.94,2.25,3.6,15.0,4.75,1.94,1.57,1.25,1.44,2.63,4.2,1.19,4.0,1.21,1.6,1.28,1.47,3.1,2.4,2.88,2.75,2.75,2.6,0,0,1.2,1.38,1.67,2.12,2.85,4.25,2.9,2.12,1.67,1.38,2.06,7.0,2.06,2.05,18.5,1.73,5.5,4.75,1.29,2.25,5.5,15.0,3.5,1.57,1.14,1.03,1.14,1.72,3.4,7.5,5.4,2.02,1.28,1.08,0,0,0,0,3,1,0,1,1,2,1,1688524200,10,0,60,30,31,0,-1,2,1,1,4,0,2,5,2,1,1,2,2,2,4,1,33,56,97,110,1.24,1.79,3.03,0,0,0,0,0,0,1,1,0,0,0,0,0,0,1,22,19,-1,-1,-1,1,0,1,12,30,60,83,89,42,65,83,54,13.72,3.25,4.36,2.72,/clubs/la-galaxy-10,teams/usa-la-galaxy.png,LA Galaxy,/clubs/los-angeles-fc-6490,teams/usa-los-angeles-fc.png,Los Angeles FC,1.41,1.25,1.0,1.33,0.84,1.68,89,71,41,18,11,82,71,66,1.68,1.35,3.03,/usa/la-galaxy-vs-los-angeles-fc-h2h-stats#4925945,8777,34,True,True,True,False,False,False,True,"['26', '73']",['57']
MLS,2023,8777,4925946,20,8,2023,complete,96848,0,-1,['6'],[],1,0,1,3,11,14,1,0,3,1,0,0,4,4,3,11,7,15,12,9,36,64,13841,7206,18,,,3,1,1.95,3.7,3.55,1.03,1.2,1.65,2.5,4.33,17.0,4.0,2.16,1.48,1.18,1.57,2.25,2.95,1.34,4.6,1.17,1.34,1.26,1.84,2.6,2.38,3.75,2.25,2.7,3.5,0,0,1.25,1.48,1.87,2.41,3.28,3.42,2.47,1.87,1.5,1.27,1.53,7.5,3.05,1.57,15.75,2.4,3.7,7.0,1.3,2.5,6.0,17.0,3.4,1.5,1.13,1.03,1.16,1.84,3.8,9.0,4.8,1.88,1.23,1.06,0,0,0,0,1,1,0,0,0,0,1,1677553200,20,0,0,0,0,0,-1,2,1,2,7,1,4,9,5,1,1,2,0,2,2,1,26,82,93,155,0.92,1.83,2.75,0,0,0,0,0,0,1,1,1,0,1,1,0,0,1,20,21,-1,-1,-1,-1,-1,-1,0,0,0,0,0,0,0,0,0,0.0,0.0,0.0,0.0,/clubs/portland-timbers-20,teams/usa-portland-timbers.png,Portland Timbers,/clubs/sporting-kansas-city-8,teams/usa-sporting-kansas-city.png,Sporting KC,1.76,0.95,0.0,0.0,0.0,0.0,0,0,0,0,0,0,0,0,0.0,0.0,0.0,/usa/sporting-kansas-city-vs-portland-timbers-h2h-stats#4925946,8777,34,True,False,False,False,False,False,False,['6'],[]
MLS,2023,8777,4925947,5,14,2023,complete,96848,0,-1,['24'],"['70', '72']",1,2,3,10,6,16,4,3,0,1,0,0,7,7,12,4,19,11,10,4,55,45,13967,41087,8,,,0,1,2.4,3.5,2.83,1.05,1.29,1.83,3.0,5.5,12.0,3.4,1.97,1.33,1.11,1.7,2.05,3.1,1.32,3.5,1.25,1.38,1.34,1.62,3.0,2.2,3.5,2.63,2.5,3.0,0,0,1.22,1.44,1.8,2.29,3.08,3.64,2.58,1.95,1.55,1.3,1.72,7.0,2.55,1.8,9.8,2.2,4.0,5.0,1.36,2.75,8.0,21.0,3.0,1.4,1.08,1.02,1.2,2.02,4.4,11.0,4.25,1.73,1.18,1.04,0,0,0,0,3,1,0,0,2,2,1,1677382200,14,0,0,0,0,0,-1,2,1,6,3,4,3,9,7,0,1,0,0,1,0,1,64,46,123,86,2.15,1.52,3.67,0,0,0,0,0,0,1,1,0,0,3,0,0,0,1,19,14,-1,-1,-1,-1,-1,-1,0,0,0,0,0,0,0,0,0,0.0,0.0,0.0,0.0,/clubs/vancouver-whitecaps-fc-5,teams/canada-vancouver-whitecaps-fc.png,Vancouver Whitecaps,/clubs/real-salt-lake-14,teams/usa-real-salt-lake.png,Real Salt Lake,1.67,1.53,0.0,0.0,0.0,0.0,0,0,0,0,0,0,0,0,0.0,0.0,0.0,/usa/vancouver-whitecaps-fc-vs-real-salt-lake-h2h-stats#4925947,8777,36,True,True,True,False,False,False,True,['24'],"['70', '72']"
MLS,2023,8777,4925948,18,12,2023,complete,96848,0,-1,"['25', '45', '53', '83']",[],4,0,4,6,5,11,3,0,0,1,0,0,9,2,7,8,16,10,10,14,45,55,58,25,11434,,,0,1,1.72,3.85,4.2,1.03,1.22,1.74,2.63,4.75,13.0,3.8,2.1,1.43,1.15,1.67,2.1,2.65,1.41,4.75,1.16,1.23,1.25,1.95,2.38,2.3,4.33,2.1,2.6,4.0,0,0,1.25,1.48,1.87,2.41,3.28,3.42,2.47,1.87,1.5,1.27,1.43,7.5,3.45,1.53,14.5,2.63,3.1,7.5,1.33,2.5,6.5,19.0,3.25,1.5,1.11,1.02,1.19,1.88,3.75,8.75,4.2,1.8,1.23,1.06,0,0,0,0,4,2,0,2,0,2,2,1677459600,18,0,0,0,0,0,-1,2,1,3,3,3,2,6,5,0,0,0,1,0,1,1,43,39,117,107,1.96,1.07,3.02,0,0,0,0,0,0,1,1,0,0,0,0,0,0,-1,-1,-1,-1,-1,-1,-1,-1,-1,0,0,0,0,0,0,0,0,0,0.0,0.0,0.0,0.0,/clubs/seattle-sounders-fc-18,teams/usa-seattle-sounders-fc.png,Seattle Sounders,/clubs/colorado-rapids-12,teams/usa-colorado-rapids.png,Colorado Rapids,1.65,0.59,0.0,0.0,0.0,0.0,0,0,0,0,0,0,0,0,0.0,0.0,0.0,/usa/colorado-rapids-vs-seattle-sounders-fc-h2h-stats#4925948,8777,34,True,True,True,True,False,False,False,"['25', '45', '53', '83']",[]
MLS,2023,8777,4925949,6490,20,2023,complete,96848,0,-1,"['24', '34', '52']","['62', '84']",3,2,5,6,5,11,1,1,3,2,0,0,5,5,3,3,8,8,20,15,47,53,13893,39588,7206,,,3,2,1.47,4.5,6.0,1.03,1.18,1.5,2.4,4.33,17.0,4.75,2.35,1.53,1.2,1.7,2.1,2.25,1.55,6.5,1.1,1.12,1.2,2.6,1.97,2.49,5.9,1.79,2.96,5.25,0,0,1.15,1.32,1.6,2.01,2.62,4.45,2.98,2.19,1.75,1.43,1.15,12.0,7.3,1.41,17.5,3.08,2.5,11.0,1.29,2.35,5.5,14.0,3.25,1.52,1.13,1.02,1.17,1.78,3.4,7.75,4.6,1.9,1.27,1.07,0,0,0,0,5,2,0,1,2,3,2,1677965400,6490,0,0,0,0,0,-1,2,1,5,1,1,4,6,5,2,1,1,1,3,2,1,52,51,120,115,1.25,1.24,2.48,1,0,1,0,0,0,1,1,0,0,0,1,0,0,1,18,36,-1,-1,-1,-1,-1,-1,0,0,0,0,0,0,0,0,0,0.0,0.0,0.0,0.0,/clubs/los-angeles-fc-6490,teams/usa-los-angeles-fc.png,Los Angeles FC,/clubs/portland-timbers-20,teams/usa-portland-timbers.png,Portland Timbers,2.05,0.76,0.0,0.0,0.0,3.0,0,0,0,0,0,0,0,0,0.0,0.0,0.0,/usa/portland-timbers-vs-los-angeles-fc-h2h-stats#4925949,8777,34,True,True,True,True,True,False,True,"['24', '34', '52']","['62', '84']"
MLS,2023,8777,4925950,1016,19,2023,complete,96848,0,-1,['60'],['52'],1,1,2,9,0,9,2,1,2,0,0,0,6,3,7,1,13,4,12,6,64,36,20,40852,211,,,2,0,1.63,4.3,4.4,1.02,1.15,1.44,2.08,3.67,23.0,5.6,2.53,1.68,1.29,1.5,2.5,2.95,1.35,6.5,1.1,1.2,1.23,2.2,2.2,2.6,4.5,1.88,2.95,4.2,0,0,1.2,1.4,1.73,2.17,2.88,3.9,2.72,2.04,1.61,1.34,1.41,9.0,3.48,1.5,23.0,2.55,3.25,10.0,1.25,2.1,4.5,13.0,3.75,1.67,1.18,1.04,1.13,1.69,3.1,6.5,5.45,2.1,1.34,1.1,0,0,0,0,2,0,0,1,1,2,0,1677976200,-1,0,100,0,50,0,-1,2,1,2,0,7,0,2,7,0,0,2,0,0,2,1,78,13,142,61,1.81,0.57,2.38,0,0,0,0,0,0,1,1,0,0,0,0,0,0,1,20,17,-1,-1,-1,-1,-1,-1,50,50,100,100,100,0,100,100,100,10.0,6.0,4.0,4.0,/clubs/atlanta-united-fc-1016,teams/usa-atlanta-united-fc.png,Atlanta United FC,/clubs/toronto-fc-19,teams/canada-toronto-fc.png,Toronto,2.06,0.24,3.0,0.0,3.0,0.0,50,50,0,0,0,50,50,50,2.12,1.11,3.23,/usa/toronto-fc-vs-atlanta-united-fc-h2h-stats#4925950,8777,34,True,True,False,False,False,False,True,['60'],['52']
MLS,2023,8777,4925953,9,13401,2023,complete,96848,0,-1,"['10', '44']",[],2,0,2,1,7,8,0,2,1,2,0,0,4,3,6,8,10,11,18,13,47,53,42,39282,38056,,,1,2,1.57,4.1,5.25,1.01,1.2,1.69,2.8,4.8,12.0,3.9,2.01,1.37,1.15,1.8,1.95,2.25,1.57,5.5,1.13,1.13,1.19,2.22,2.1,2.38,5.5,1.83,2.65,5.0,0,0,1.25,1.48,1.88,2.41,3.28,3.42,2.47,1.93,1.5,1.27,1.41,9.0,3.56,1.4,14.0,3.2,2.5,10.0,1.33,2.63,6.5,19.0,3.25,1.44,1.11,1.02,1.2,1.95,4.0,9.0,4.32,1.8,1.22,1.05,0,0,0,0,2,2,0,0,0,0,2,1677976200,9,0,0,0,0,0,20391,2,1,1,5,0,2,6,2,0,0,1,2,0,3,1,36,54,94,116,1.18,1.3,2.49,0,0,0,0,0,0,1,1,1,0,0,0,0,0,1,19,16,-1,-1,-1,-1,-1,-1,0,0,0,0,0,0,0,0,0,0.0,0.0,0.0,0.0,/clubs/columbus-crew-9,teams/usa-columbus-crew.png,Columbus Crew,/clubs/dc-united-13401,teams/usa-dc-united.png,DC United,2.45,0.94,0.0,0.0,0.0,3.0,0,0,0,0,0,0,0,0,0.0,0.0,0.0,/usa/columbus-crew-vs-dc-united-h2h-stats#4925953,8777,34,True,True,False,False,False,False,False,"['10', '44']",[]
MLS,2023,8777,4925954,677446,16,2023,complete,96848,0,-1,"['32', '77']",[],2,0,2,6,5,11,0,2,1,3,0,0,2,4,3,7,5,11,12,16,49,51,11,28121,12,,,1,3,3.0,3.45,2.15,1.01,1.2,1.69,2.8,5.2,11.0,3.9,2.01,1.37,1.12,1.6,2.15,4.1,1.2,3.1,1.31,1.65,1.29,1.35,3.5,2.15,2.7,3.2,2.55,2.4,0,0,1.21,1.41,1.75,2.19,2.93,3.74,2.69,2.01,1.6,1.33,2.2,8.0,1.91,2.3,12.0,1.67,5.8,3.8,1.33,2.45,6.0,15.5,3.0,1.47,1.11,1.02,1.19,1.9,3.8,8.75,4.2,1.78,1.23,1.06,0,0,0,0,2,1,0,1,0,1,1,1677976200,677446,0,0,0,0,0,-1,2,1,4,1,2,4,5,6,1,2,0,1,3,1,1,38,47,69,120,0.74,1.33,2.06,0,0,0,0,0,0,1,1,0,0,1,0,0,0,1,21,26,-1,-1,-1,1,0,1,0,0,0,50,50,0,50,50,0,4.0,1.0,0.0,1.0,/clubs/club-internacional-de-futbol-miami-677446,teams/usa-club-internacional-de-futbol-miami.png,Inter Miami,/clubs/philadelphia-union-16,teams/usa-philadelphia-union.png,Philadelphia Union,1.35,1.16,3.0,0.0,3.0,3.0,50,50,50,0,0,0,0,0,2.05,0.0,2.05,/usa/philadelphia-union-vs-club-internacional-de-futbol-miami-h2h-stats#4925954,8777,34,True,True,False,False,False,False,False,"['32', '77']",[]
MLS,2023,8777,4925955,11,6,2023,complete,96848,0,-1,"['42', '53', '65']",[],3,0,3,3,3,6,3,2,2,4,0,0,5,4,3,2,8,6,15,14,46,54,24,21032,20,,,2,4,1.65,3.95,4.7,1.03,1.18,1.55,2.28,4.37,17.5,4.5,2.25,1.58,1.22,1.62,2.15,2.65,1.42,5.75,1.12,1.19,1.23,2.15,2.15,2.3,4.4,1.93,2.75,4.2,0,0,1.18,1.36,1.68,2.09,2.75,4.14,2.88,2.11,1.66,1.37,1.51,8.5,3.07,1.5,17.0,2.6,3.1,8.5,1.29,2.3,5.25,14.0,3.25,1.53,1.13,1.02,1.16,1.77,3.4,7.5,4.6,1.9,1.28,1.07,0,0,0,0,3,1,0,2,0,2,1,1677976200,11,0,50,50,0,0,13176,2,1,1,0,2,3,1,5,0,3,2,1,3,3,1,52,56,97,129,1.24,1.08,2.32,0,0,0,0,0,0,1,1,0,0,0,0,0,0,1,13,21,-1,-1,-1,-1,-1,-1,0,0,50,50,50,50,50,50,0,7.0,0.0,2.0,1.5,/clubs/new-england-revolution-11,teams/usa-new-england-revolution.png,New England Revolution,/clubs/houston-dynamo-6,teams/usa-houston-dynamo.png,Houston Dynamo,2.22,0.79,0.0,0.0,3.0,0.0,50,50,0,0,0,0,0,0,0.0,2.21,2.21,/usa/houston-dynamo-vs-new-england-revolution-h2h-stats#4925955,8777,36,True,True,True,False,False,False,False,"['42', '53', '65']",[]
MLS,2023,8777,4925956,4,677447,2023,complete,96848,0,-1,[],[],0,0,0,3,5,8,1,3,0,4,0,0,3,0,4,3,7,3,10,9,58,42,84,11574,24795,,,0,4,2.0,3.4,3.5,1.07,1.27,1.97,3.5,5.8,7.0,3.4,1.71,1.25,1.1,1.8,1.95,2.6,1.44,3.8,1.22,1.3,1.32,1.75,2.75,2.1,4.0,2.3,2.5,3.6,0,0,1.27,1.51,2.0,2.49,3.42,3.28,2.39,1.8,1.47,1.25,1.55,8.5,3.01,1.62,11.0,2.5,3.25,6.0,1.4,3.0,9.0,23.0,2.75,1.36,1.07,1.01,1.22,2.1,4.1,11.0,4.2,1.62,1.15,1.04,0,0,0,0,0,0,0,0,0,0,0,1677976200,-1,0,0,0,0,0,-1,2,1,2,2,1,3,4,4,0,1,0,3,1,3,1,48,48,132,111,1.02,0.56,1.57,0,0,0,0,0,0,1,1,0,0,1,0,0,1,1,28,39,-1,-1,-1,-1,-1,-1,0,0,0,0,0,0,0,0,0,0.0,0.0,0.0,0.0,/clubs/new-york-red-bulls-4,teams/usa-new-york-red-bulls.png,New York RB,/clubs/nashville-sc-mls-677447,teams/usa-nashville-sc-mls.png,Nashville SC,1.58,1.0,0.0,0.0,0.0,3.0,0,0,0,0,0,0,0,0,0.0,0.0,0.0,/usa/new-york-red-bulls-vs-nashville-sc-mls-h2h-stats#4925956,8777,36,False,False,False,False,False,False,False,[],[]
MLS,2023,8777,4925957,17,8043,2023,complete,96848,0,-1,[],[],0,0,0,4,1,5,3,2,1,1,0,0,1,4,4,5,5,9,11,17,48,52,31,21031,40182,,,1,1,2.1,3.35,3.25,1.05,1.28,1.82,3.17,6.05,12.0,3.7,1.85,1.36,1.13,1.73,2.08,2.7,1.4,4.1,1.2,1.32,1.32,1.72,2.66,2.14,3.9,2.35,2.55,3.5,0,0,1.25,1.48,1.93,2.39,3.28,3.42,2.47,1.88,1.51,1.27,1.64,8.0,2.67,1.72,12.0,2.25,3.5,6.0,1.4,2.75,8.0,21.0,2.75,1.4,1.08,1.02,1.23,2.1,4.5,9.0,3.92,1.69,1.18,1.05,0,0,0,0,0,0,0,0,0,0,0,1677976200,-1,0,0,0,0,0,18062,2,1,3,0,1,1,3,2,1,0,0,1,1,1,1,44,52,95,118,0.72,1.24,1.95,0,0,0,0,0,0,1,1,0,0,1,0,0,0,1,11,19,-1,-1,-1,1,1,0,0,0,0,0,50,0,0,50,0,4.0,0.0,4.0,0.5,/clubs/orlando-city-sc-17,teams/usa-orlando-city-sc.png,Orlando City,/clubs/fc-cincinnati-8043,teams/usa-fc-cincinnati.png,FC Cincinnati,1.84,1.61,3.0,0.0,3.0,3.0,50,50,50,50,0,0,0,0,0.79,0.0,0.79,/usa/orlando-city-sc-vs-fc-cincinnati-h2h-stats#4925957,8777,37,False,False,False,False,False,False,False,[],[]
MLS,2023,8777,4925958,698284,1,2023,complete,96848,0,-1,['88'],[],1,0,1,5,7,12,3,1,1,2,0,0,5,2,3,3,8,5,10,15,53,47,19912,2339,36107,,,1,2,2.05,3.55,3.25,1.05,1.25,1.68,2.9,4.75,9.0,3.75,2.02,1.38,1.15,1.63,2.2,3.0,1.33,4.0,1.21,1.28,1.25,1.7,2.7,2.15,3.6,2.4,2.6,3.2,0,0,1.2,1.41,1.75,2.19,2.93,3.84,2.69,2.01,1.6,1.33,1.91,8.0,2.1,1.67,10.5,2.3,3.8,5.8,1.36,2.65,6.0,19.0,3.0,1.45,1.1,1.02,1.25,2.0,4.0,8.0,3.75,1.73,1.22,1.06,0,0,0,0,1,0,0,1,0,1,0,1677979800,698284,0,50,50,50,0,-1,2,1,3,3,2,4,6,6,1,1,0,1,2,1,1,44,44,106,100,1.19,0.79,1.97,0,0,0,0,0,0,1,1,0,0,0,1,0,1,1,12,20,-1,-1,-1,-1,-1,-1,50,50,50,100,100,50,100,100,50,12.0,4.0,1.0,3.5,/clubs/austin-fc-698284,teams/usa-austin-fc.png,Austin,/clubs/montreal-impact-1,teams/canada-montreal-impact.png,Montreal Impact,1.47,0.47,0.0,0.0,0.0,0.0,50,50,50,0,0,50,50,50,1.23,1.8,3.03,/usa/montreal-impact-vs-austin-fc-h2h-stats#4925958,8777,34,True,False,False,False,False,False,False,['88'],[]
MLS,2023,8777,4925959,7,2,2023,complete,96848,0,-1,['75'],['39'],1,1,2,6,4,10,2,0,1,2,0,0,1,3,6,3,7,6,12,19,49,51,45125,10695,27505,,,1,2,2.35,3.3,2.75,1.05,1.25,1.82,3.1,5.25,9.0,3.6,1.85,1.36,1.13,1.65,2.15,3.5,1.26,3.25,1.29,1.44,1.3,1.57,3.0,2.15,3.25,2.7,2.55,2.9,0,0,1.27,1.5,1.9,2.45,3.4,3.55,2.48,1.9,1.5,1.29,1.75,8.0,2.44,1.95,10.0,2.05,4.5,4.6,1.38,2.7,6.5,21.0,2.95,1.42,1.09,1.02,1.25,2.0,4.33,9.0,3.75,1.73,1.2,1.05,0,0,0,0,2,0,1,1,0,1,1,1677979800,-1,0,0,0,0,0,-1,2,1,4,3,2,1,7,3,1,1,0,1,2,1,1,45,41,116,81,0.85,0.89,1.75,0,0,0,0,0,0,1,1,0,0,0,0,0,0,1,25,25,-1,-1,-1,-1,-1,-1,0,0,0,50,50,0,50,50,0,3.0,1.0,4.0,1.0,/clubs/chicago-fire-7,teams/usa-chicago-fire.png,Chicago Fire,/clubs/new-york-city-fc-2,teams/usa-new-york-city-fc.png,New York City,1.47,0.65,0.0,0.0,0.0,0.0,50,50,50,0,0,50,50,50,0.0,1.01,1.01,/usa/new-york-city-fc-vs-chicago-fire-h2h-stats#4925959,8777,34,True,True,False,False,False,False,True,['75'],['39']
MLS,2023,8777,4925960,13,10,2023,complete,96848,0,-1,"['45+2', '56', '64']",['35'],3,1,4,2,7,9,2,2,4,3,0,0,4,6,6,4,10,10,8,7,44,56,13841,21189,2,,,4,3,2.2,3.4,3.1,1.04,1.25,1.75,2.9,5.0,10.0,3.75,1.93,1.38,1.13,1.62,2.2,3.0,1.33,4.1,1.2,1.35,1.25,1.66,2.78,2.12,3.75,2.5,2.55,3.2,0,0,1.24,1.44,1.8,2.3,3.1,3.85,2.65,2.0,1.57,1.33,1.95,8.0,2.05,1.78,11.0,2.25,3.7,6.0,1.36,2.65,6.0,19.0,3.0,1.45,1.1,1.02,1.2,1.98,4.04,8.0,4.24,1.78,1.22,1.06,0,0,0,0,4,1,1,2,0,2,2,1677979800,13,0,0,0,0,0,-1,2,1,1,3,1,4,4,5,0,1,4,2,1,6,1,41,41,88,112,1.21,1.36,2.57,0,0,0,0,0,0,1,1,0,0,1,0,0,0,1,17,13,-1,-1,-1,-1,-1,-1,0,0,0,0,50,0,0,50,0,9.0,0.0,1.0,0.5,/clubs/fc-dallas-13,teams/usa-fc-dallas.png,FC Dallas,/clubs/la-galaxy-10,teams/usa-la-galaxy.png,LA Galaxy,1.72,0.71,0.0,0.0,0.0,0.0,50,50,50,50,0,50,0,0,1.18,0.0,1.18,/usa/la-galaxy-vs-fc-dallas-h2h-stats#4925960,8777,34,True,True,True,True,False,False,True,"['45+2', '56', '64']",['35']
MLS,2023,8777,4925961,945555,711351,2023,complete,96848,0,-1,"['41', '45+5', '71']",['25'],3,1,4,4,3,7,2,1,3,5,0,0,5,3,3,2,8,5,15,14,47,53,15,36880,44668,,,3,5,2.4,3.35,2.7,1.04,1.25,1.75,2.87,5.0,13.0,3.6,1.93,1.36,1.13,1.65,2.1,2.95,1.34,4.0,1.21,1.32,1.3,1.68,2.65,2.1,3.6,2.37,2.5,3.3,0,0,1.22,1.47,1.88,2.26,3.24,3.68,2.63,1.92,1.57,1.32,1.9,7.6,2.3,1.78,11.0,2.25,3.9,5.5,1.36,2.55,6.25,17.0,2.9,1.44,1.1,1.01,1.21,1.95,3.9,9.25,4.0,1.75,1.21,1.05,0,0,0,0,4,2,1,1,0,1,3,1677979800,945555,0,0,0,0,0,-1,2,1,3,1,1,2,4,3,2,3,1,2,5,3,1,54,36,95,118,1.25,0.81,2.06,1,0,1,0,0,0,1,1,0,0,1,0,0,0,1,20,18,-1,-1,-1,-1,-1,-1,0,0,0,0,0,0,0,0,0,0.0,0.0,0.0,0.0,/clubs/st-louis-city-sc-945555,teams/usa-st-louis-city-sc.png,St. Louis City,/clubs/charlotte-fc-711351,teams/usa-charlotte-fc.png,Charlotte,1.94,0.94,0.0,0.0,3.0,0.0,0,0,0,0,0,0,0,0,0.0,0.0,0.0,/usa/charlotte-fc-vs-st-louis-city-sc-h2h-stats#4925961,8777,35,True,True,True,True,False,False,True,"['41', '45+5', '71']",['25']
MLS,2023,8777,4925962,12,8,2023,complete,96848,0,-1,[],[],0,0,0,0,7,7,1,3,2,1,0,0,4,11,8,0,12,11,8,10,58,42,3,11434,18,,,2,1,2.05,3.6,3.3,1.02,1.2,1.6,2.7,4.75,15.0,4.33,2.15,1.47,1.18,1.59,2.29,3.0,1.33,4.5,1.17,1.3,1.27,1.77,2.5,2.2,3.7,2.25,2.6,3.4,0,0,1.27,1.52,1.92,2.49,3.42,3.28,2.36,1.82,1.47,1.25,1.7,7.7,2.66,1.68,15.5,2.31,3.8,6.5,1.32,2.45,5.75,15.5,3.1,1.49,1.11,1.02,1.17,1.82,3.5,8.0,4.5,1.87,1.26,1.07,0,0,0,0,0,0,0,0,0,0,0,1677983400,-1,0,0,0,0,0,-1,2,1,0,4,0,3,4,3,1,0,1,1,1,2,1,37,34,135,84,1.32,1.72,3.04,0,0,0,0,0,0,1,1,0,0,0,0,1,0,1,29,23,-1,-1,-1,-1,-1,-1,0,0,0,0,50,0,50,0,0,11.0,0.0,1.0,0.5,/clubs/colorado-rapids-12,teams/usa-colorado-rapids.png,Colorado Rapids,/clubs/sporting-kansas-city-8,teams/usa-sporting-kansas-city.png,Sporting KC,1.0,0.95,0.0,0.0,0.0,0.0,50,50,50,50,0,50,50,50,0.0,1.83,1.83,/usa/sporting-kansas-city-vs-colorado-rapids-h2h-stats#4925962,8777,34,False,False,False,False,False,False,False,[],[]
MLS,2023,8777,4925963,15,5,2023,complete,96848,0,-1,"['68', '77']",['17'],2,1,3,11,6,17,1,0,2,4,0,0,6,2,9,3,15,5,7,9,61,39,14023,12956,41087,,,2,4,1.95,3.6,3.45,1.03,1.2,1.6,2.6,4.7,16.0,4.33,2.15,1.47,1.19,1.57,2.25,3.0,1.34,4.6,1.16,1.28,1.26,1.82,2.45,2.2,3.75,2.2,2.65,3.5,0,0,1.2,1.38,1.67,2.12,2.85,4.25,2.9,2.12,1.67,1.38,1.64,8.5,2.66,1.65,16.0,2.25,3.75,6.5,1.31,2.4,5.75,15.0,3.1,1.5,1.12,1.02,1.18,1.82,3.5,8.0,4.5,1.85,1.25,1.07,0,0,0,0,3,0,1,2,0,2,1,1677987000,15,0,0,0,0,0,-1,2,1,3,2,8,4,5,12,0,2,2,2,2,4,1,51,43,134,91,1.75,0.78,2.53,0,0,0,0,0,0,1,1,0,0,0,2,0,0,1,22,12,-1,-1,-1,-1,-1,-1,0,0,0,0,0,0,0,0,0,0.0,0.0,0.0,0.0,/clubs/san-jose-earthquakes-15,teams/usa-san-jose-earthquakes.png,SJ Earthquakes,/clubs/vancouver-whitecaps-fc-5,teams/canada-vancouver-whitecaps-fc.png,Vancouver Whitecaps,1.82,1.0,0.0,0.0,0.0,0.0,0,0,0,0,0,0,0,0,0.0,0.0,0.0,/usa/vancouver-whitecaps-fc-vs-san-jose-earthquakes-h2h-stats#4925963,8777,35,True,True,True,False,False,False,True,"['68', '77']",['17']
MLS,2023,8777,4925964,18,14,2023,complete,96848,0,-1,"['35', '58']",[],2,0,2,4,5,9,0,0,2,1,0,0,8,2,6,3,14,5,13,10,57,43,13864,25,8,,,2,1,1.73,3.7,4.2,1.03,1.22,1.7,2.95,5.5,13.0,4.0,1.99,1.4,1.15,1.7,2.05,2.55,1.44,4.75,1.16,1.19,1.23,1.91,2.3,2.3,4.75,2.0,2.65,4.33,0,0,1.24,1.44,1.8,2.3,3.1,3.85,2.65,2.0,1.57,1.33,1.55,8.5,2.91,1.5,11.0,2.88,3.1,7.5,1.33,2.63,6.5,19.0,3.25,1.44,1.11,1.02,1.2,1.95,4.0,9.0,4.33,1.8,1.22,1.04,0,0,0,0,2,1,0,1,0,1,1,1677987000,18,0,50,0,0,0,-1,2,1,2,4,2,1,6,3,0,0,2,1,0,3,1,45,44,123,73,1.78,0.78,2.56,0,0,0,0,0,0,1,1,0,0,0,0,0,0,1,20,13,-1,-1,-1,-1,-1,-1,0,50,100,100,100,50,100,100,100,12.0,6.0,1.0,3.5,/clubs/seattle-sounders-fc-18,teams/usa-seattle-sounders-fc.png,Seattle Sounders,/clubs/real-salt-lake-14,teams/usa-real-salt-lake.png,Real Salt Lake,1.65,1.53,3.0,3.0,3.0,3.0,100,50,0,0,0,100,100,100,1.96,1.52,3.48,/usa/real-salt-lake-vs-seattle-sounders-fc-h2h-stats#4925964,8777,37,True,True,False,False,False,False,False,"['35', '58']",[]
MLS,2023,8777,4925965,711351,1016,2023,complete,96848,0,-1,[],"['5', '12', '45+2']",0,3,3,5,4,9,1,2,1,4,0,0,3,5,6,3,9,8,14,13,56,44,31,44668,40852,,,1,4,2.13,3.5,2.97,1.04,1.21,1.66,2.65,4.82,15.25,4.45,2.06,1.49,1.19,1.56,2.36,3.4,1.27,4.1,1.2,1.4,1.32,1.6,2.75,2.25,3.3,2.5,2.65,3.0,0,0,1.17,1.32,1.58,2.0,2.6,4.7,3.2,2.28,1.8,1.46,1.7,7.5,2.55,1.8,15.0,2.05,4.33,5.5,1.31,2.44,5.75,12.0,3.28,1.52,1.12,1.03,1.15,1.82,3.4,8.0,5.25,1.82,1.23,1.06,0,0,0,0,3,0,3,0,0,0,3,1678554000,1016,0,0,0,0,0,-1,2,1,4,2,1,2,6,3,0,2,1,2,2,3,1,60,29,129,94,1.23,1.08,2.3,0,0,0,0,0,0,1,1,0,1,0,0,0,0,-1,-1,-1,-1,-1,-1,-1,-1,-1,0,0,0,0,50,0,0,50,0,8.0,1.0,1.0,0.5,/clubs/charlotte-fc-711351,teams/usa-charlotte-fc.png,Charlotte,/clubs/atlanta-united-fc-1016,teams/usa-atlanta-united-fc.png,Atlanta United FC,1.53,0.89,0.0,0.0,0.0,2.0,50,50,50,50,0,50,50,50,1.72,0.0,1.72,/usa/atlanta-united-fc-vs-charlotte-fc-h2h-stats#4925965,8777,35,True,True,True,False,False,False,False,[],"['5', '12', '45+2']"
MLS,2023,8777,4925966,5,13,2023,complete,96848,0,-1,['34'],['5'],1,1,2,8,6,14,0,2,2,2,0,0,4,2,4,5,8,7,14,8,44,56,42,41087,21189,,,2,2,2.31,3.21,2.59,1.06,1.3,1.8,3.3,6.4,11.25,3.55,1.8,1.34,1.12,1.75,2.12,3.0,1.33,3.6,1.25,1.42,1.35,1.58,2.96,2.15,3.54,2.69,2.49,3.2,0,0,1.24,1.44,1.8,2.3,3.15,3.85,2.65,2.0,1.57,1.33,1.71,7.0,2.55,1.88,11.5,2.05,4.0,5.0,1.38,2.75,6.9,15.0,2.91,1.42,1.08,1.02,1.2,2.05,4.0,9.0,4.3,1.65,1.16,1.05,0,0,0,0,2,1,1,0,0,0,2,1678572000,-1,0,50,0,0,0,16780,2,1,4,2,4,4,6,8,1,0,1,2,1,3,1,64,86,103,131,1.25,1.22,2.47,0,0,0,0,0,0,1,1,0,1,1,1,0,0,1,4,13,-1,-1,-1,-1,-1,-1,0,0,50,50,50,0,50,50,50,10.0,4.0,0.0,1.5,/clubs/vancouver-whitecaps-fc-5,teams/canada-vancouver-whitecaps-fc.png,Vancouver Whitecaps,/clubs/fc-dallas-13,teams/usa-fc-dallas.png,FC Dallas,1.67,0.95,0.0,0.0,0.0,1.5,50,50,0,0,0,50,50,50,2.15,0.0,2.15,/usa/vancouver-whitecaps-fc-vs-fc-dallas-h2h-stats#4925966,8777,36,True,True,False,False,False,False,True,['34'],['5']
MLS,2023,8777,4925967,8043,18,2023,complete,96848,0,-1,['63'],[],1,0,1,5,3,8,1,0,2,2,1,0,2,1,4,5,6,6,18,12,49,51,13893,40182,25,,,4,2,1.73,3.46,3.79,1.04,1.22,1.71,2.7,4.75,15.0,3.8,1.9,1.4,1.15,1.62,2.2,2.95,1.35,4.5,1.17,1.35,1.25,1.78,2.5,2.3,3.75,2.3,2.65,3.3,0,0,1.25,1.47,1.85,2.38,3.25,3.7,2.55,1.95,1.54,1.3,1.58,7.5,2.88,1.73,12.0,2.3,3.6,6.0,1.33,2.4,5.5,19.0,3.0,1.5,1.11,1.02,1.16,1.85,3.5,8.0,5.0,1.8,1.22,1.06,0,0,0,0,1,0,0,1,0,1,0,1678581000,8043,0,50,50,0,0,-1,2,1,4,0,1,3,4,4,2,0,1,2,2,3,1,36,63,114,122,0.8,0.92,1.72,0,0,0,0,0,0,1,1,0,0,1,0,0,0,1,22,22,-1,-1,-1,-1,-1,-1,0,0,50,50,50,50,50,50,0,0.0,2.0,1.0,1.5,/clubs/fc-cincinnati-8043,teams/usa-fc-cincinnati.png,FC Cincinnati,/clubs/seattle-sounders-fc-18,teams/usa-seattle-sounders-fc.png,Seattle Sounders,2.35,1.44,3.0,0.0,2.0,3.0,50,50,0,0,0,0,0,0,1.57,0.0,1.57,/usa/seattle-sounders-fc-vs-fc-cincinnati-h2h-stats#4925967,8777,38,True,False,False,False,False,False,False,['63'],[]
MLS,2023,8777,4925968,13401,17,2023,complete,96848,0,-1,['80'],['53'],1,1,2,5,2,7,2,0,2,1,0,0,5,4,7,3,12,7,10,13,56,44,13889,38056,21031,,,2,1,2.31,3.27,2.55,1.05,1.25,1.79,2.9,5.25,12.25,3.6,1.95,1.36,1.13,1.65,2.1,3.1,1.31,3.7,1.24,1.44,1.3,1.57,2.9,2.15,3.4,2.6,2.55,3.0,0,0,1.37,1.67,2.16,2.95,4.1,2.95,2.12,1.65,1.37,1.21,1.73,7.0,2.55,1.88,11.0,2.1,4.5,4.75,1.36,2.62,6.0,13.0,2.88,1.42,1.09,1.02,1.18,1.95,3.75,9.0,4.6,1.7,1.18,1.05,0,0,0,0,2,0,0,1,1,2,0,1678581000,-1,0,50,0,50,0,-1,2,1,0,1,5,1,1,6,0,0,2,1,0,3,1,71,33,130,88,1.63,0.97,2.6,0,0,0,0,0,0,1,1,0,0,0,0,0,0,1,20,21,-1,-1,-1,-1,-1,-1,50,50,50,50,50,0,50,50,50,3.0,3.0,2.0,2.5,/clubs/dc-united-13401,teams/usa-dc-united.png,DC United,/clubs/orlando-city-sc-17,teams/usa-orlando-city-sc.png,Orlando City,1.41,1.89,3.0,0.0,1.5,2.0,0,0,0,0,0,0,0,0,1.29,0.0,1.29,/usa/orlando-city-sc-vs-dc-united-h2h-stats#4925968,8777,34,True,True,False,False,False,False,True,['80'],['53']
MLS,2023,8777,4925969,2,677446,2023,complete,96848,0,-1,['36'],[],1,0,1,2,2,4,5,1,4,4,0,0,7,3,4,2,11,5,13,14,43,57,19912,27505,28121,,,4,4,1.61,3.54,4.43,1.04,1.25,1.8,2.8,5.0,8.5,3.6,1.8,1.38,1.13,1.73,2.0,2.5,1.47,4.8,1.16,1.22,1.29,2.0,2.3,2.25,4.5,2.05,2.65,4.1,0,0,1.25,1.47,1.85,2.38,3.25,3.7,2.55,1.95,1.54,1.3,1.43,8.0,3.5,1.57,11.0,2.7,2.88,8.0,1.33,2.6,5.75,19.0,3.0,1.44,1.1,1.01,1.18,1.95,3.75,9.0,4.6,1.7,1.19,1.05,0,0,0,0,1,1,0,0,0,0,1,1678581000,2,0,0,0,0,0,-1,2,1,0,2,2,0,2,2,1,1,3,3,2,6,1,57,49,108,131,1.6,0.9,2.51,0,0,0,0,0,0,1,1,0,0,0,1,0,1,1,14,28,-1,-1,-1,-1,-1,-1,0,0,0,0,0,0,0,0,0,0.0,0.0,0.0,0.0,/clubs/new-york-city-fc-2,teams/usa-new-york-city-fc.png,New York City,/clubs/club-internacional-de-futbol-miami-677446,teams/usa-club-internacional-de-futbol-miami.png,Inter Miami,1.76,0.65,0.0,0.0,0.5,3.0,0,0,0,0,0,0,0,0,0.0,0.0,0.0,/usa/new-york-city-fc-vs-club-internacional-de-futbol-miami-h2h-stats#4925969,8777,34,True,False,False,False,False,False,False,['36'],[]
MLS,2023,8777,4925970,16,7,2023,complete,96848,0,-1,['90'],[],1,0,1,6,2,8,3,2,5,4,0,2,3,2,8,7,11,9,18,9,54,46,5016,12,10695,,,5,6,1.35,4.28,6.33,1.03,1.18,1.55,2.4,4.0,19.25,4.33,2.33,1.5,1.2,1.73,2.0,2.25,1.57,6.5,1.08,1.13,1.2,2.63,1.91,2.5,5.75,1.7,3.0,5.5,0,0,1.28,1.5,1.93,2.5,3.45,3.5,2.45,1.88,1.49,1.28,1.24,9.0,4.9,1.4,13.0,3.2,2.5,12.0,1.29,2.25,5.0,15.0,3.3,1.57,1.13,1.01,1.13,1.72,3.15,7.5,5.75,1.9,1.27,1.07,0,0,0,0,1,0,0,1,0,1,0,1678581000,16,0,50,50,0,0,-1,2,1,1,2,5,0,3,5,1,4,4,2,5,6,1,50,34,130,110,1.28,0.97,2.25,0,0,0,0,0,0,1,1,0,0,0,0,0,0,1,20,13,-1,-1,-1,-1,-1,-1,50,50,50,50,50,50,50,50,50,2.0,9.0,1.0,2.5,/clubs/philadelphia-union-16,teams/usa-philadelphia-union.png,Philadelphia Union,/clubs/chicago-fire-7,teams/usa-chicago-fire.png,Chicago Fire,2.17,0.88,3.0,0.0,1.5,1.0,0,0,0,0,0,0,0,0,1.46,0.0,1.46,/usa/chicago-fire-vs-philadelphia-union-h2h-stats#4925970,8777,34,True,False,False,False,False,False,False,['90'],[]
MLS,2023,8777,4925971,19,9,2023,complete,96848,0,-1,['24'],['75'],1,1,2,1,9,10,2,2,2,2,0,0,3,4,2,9,5,13,13,17,44,56,13967,211,39282,,,2,2,2.52,3.4,2.28,1.04,1.22,1.67,2.62,4.75,8.5,3.8,2.1,1.42,1.15,1.57,2.25,3.2,1.31,4.2,1.2,1.35,1.3,1.7,2.7,2.2,3.6,2.4,2.65,3.15,0,0,1.3,1.56,2.0,2.63,3.65,3.3,2.33,1.8,1.45,1.26,1.66,7.0,2.7,1.78,12.0,2.2,3.9,5.8,1.33,2.4,5.5,12.0,3.0,1.5,1.11,1.03,1.15,1.82,3.4,7.5,5.0,1.82,1.22,1.07,0,0,0,0,2,1,0,0,1,1,1,1678581000,-1,0,50,50,0,0,-1,2,1,1,6,0,3,7,3,0,1,2,1,1,3,1,47,65,104,119,0.88,1.58,2.46,0,0,0,0,0,0,1,1,0,0,0,1,0,0,1,23,18,-1,-1,-1,-1,-1,-1,50,50,50,50,50,50,50,50,50,2.0,0.0,5.0,2.5,/clubs/toronto-fc-19,teams/canada-toronto-fc.png,Toronto,/clubs/columbus-crew-9,teams/usa-columbus-crew.png,Columbus Crew,1.06,1.15,0.0,0.0,0.5,1.5,0,0,0,0,0,0,0,0,0.0,1.03,1.03,/usa/columbus-crew-vs-toronto-fc-h2h-stats#4925971,8777,34,True,True,False,False,False,False,True,['24'],['75']
MLS,2023,8777,4925972,8,10,2023,complete,96848,0,-1,[],[],0,0,0,9,4,13,2,2,0,0,0,0,11,2,8,1,19,3,11,10,47,53,7,18,2,,,0,0,2.28,3.4,2.52,1.02,1.2,1.54,2.6,4.5,15.0,4.5,2.35,1.5,1.2,1.53,2.45,3.6,1.25,4.33,1.18,1.44,1.22,1.62,2.9,2.35,3.3,2.65,2.7,3.0,0,0,1.32,1.58,2.02,2.7,3.8,3.2,2.28,1.74,1.43,1.24,1.73,7.0,2.55,1.85,12.0,2.1,4.6,5.5,1.3,2.4,5.5,15.0,3.5,1.53,1.12,1.01,1.16,1.83,3.6,8.0,4.75,1.9,1.25,1.06,0,0,0,0,0,0,0,0,0,0,0,1678584600,-1,0,50,50,0,0,-1,2,-1,6,0,3,4,6,7,0,0,0,0,0,0,1,79,36,122,94,2.54,0.61,3.14,0,0,0,0,0,0,1,1,0,0,0,0,-1,-1,1,11,13,-1,-1,-1,-1,-1,-1,0,50,50,50,50,50,50,50,50,7.0,2.0,3.0,2.0,/clubs/sporting-kansas-city-8,teams/usa-sporting-kansas-city.png,Sporting KC,/clubs/la-galaxy-10,teams/usa-la-galaxy.png,LA Galaxy,1.74,0.71,0.0,0.0,0.5,0.0,50,0,0,0,0,50,0,0,0.0,1.36,1.36,/usa/sporting-kansas-city-vs-la-galaxy-h2h-stats#4925972,8777,34,False,False,False,False,False,False,False,[],[]
MLS,2023,8777,4925973,1015,4,2023,complete,96848,0,-1,['18'],['49'],1,1,2,6,5,11,1,0,1,3,0,0,2,4,5,11,7,15,11,13,51,49,11,5,11574,,,1,3,2.35,3.13,2.59,1.05,1.33,1.9,3.4,6.0,8.0,3.0,1.71,1.29,1.09,1.8,1.91,3.0,1.33,3.1,1.32,1.48,1.33,1.48,3.24,2.07,3.34,2.93,2.39,3.0,0,0,1.24,1.44,1.8,2.3,3.15,3.85,2.65,2.0,1.57,1.33,1.87,7.0,2.28,2.06,8.2,2.07,4.0,4.75,1.42,2.9,6.5,15.0,2.62,1.36,1.08,1.02,1.27,2.26,5.1,11.0,3.56,1.6,1.15,1.02,0,0,0,0,2,1,0,0,1,1,1,1678584600,-1,0,0,0,0,0,-1,2,1,3,0,3,5,3,8,0,1,1,2,1,3,1,57,38,106,126,1.0,1.51,2.52,0,0,0,0,0,0,1,1,0,0,0,0,0,0,1,38,31,-1,-1,-1,1,1,0,0,0,0,0,50,0,0,50,0,3.0,5.0,3.0,0.5,/clubs/minnesota-united-fc-1015,teams/usa-minnesota-united-fc.png,Minnesota United,/clubs/new-york-red-bulls-4,teams/usa-new-york-red-bulls.png,New York RB,1.24,0.94,0.0,0.0,3.0,0.5,50,50,50,50,0,0,0,0,0.0,1.74,1.74,/usa/new-york-red-bulls-vs-minnesota-united-fc-h2h-stats#4925973,8777,34,True,True,False,False,False,False,True,['18'],['49']
MLS,2023,8777,4925974,677447,1,2023,complete,96848,0,-1,"['37', '89']",[],2,0,2,9,5,14,1,2,1,1,0,0,4,0,5,7,9,7,11,9,34,66,69,24795,36107,,,1,1,2.08,3.17,3.0,1.05,1.3,1.9,3.2,5.75,11.0,3.2,1.71,1.3,1.1,1.8,1.95,2.55,1.44,4.2,1.19,1.25,1.25,1.9,2.4,2.2,4.33,2.3,2.55,4.0,0,0,1.3,1.56,2.0,2.63,3.65,3.3,2.33,1.8,1.45,1.26,1.48,7.5,3.25,1.65,9.0,2.6,3.25,6.5,1.38,2.8,6.0,23.0,2.8,1.38,1.09,1.02,1.25,2.15,4.75,11.0,3.75,1.66,1.17,1.02,0,0,0,0,2,1,0,1,0,1,1,1678584600,677447,0,0,0,0,0,-1,2,1,3,1,6,4,4,10,0,1,1,0,1,1,1,29,72,72,137,1.06,0.98,2.04,0,0,0,0,0,0,1,1,0,0,1,0,0,0,1,19,22,-1,-1,-1,-1,-1,-1,0,0,0,75,100,0,75,100,0,13.5,3.0,2.5,1.75,/clubs/nashville-sc-mls-677447,teams/usa-nashville-sc-mls.png,Nashville SC,/clubs/montreal-impact-1,teams/canada-montreal-impact.png,Montreal Impact,1.72,0.47,3.0,0.0,2.0,0.0,100,100,100,25,0,75,75,75,1.28,1.29,2.57,/usa/montreal-impact-vs-nashville-sc-mls-h2h-stats#4925974,8777,34,True,True,False,False,False,False,False,"['37', '89']",[]
MLS,2023,8777,4925975,14,698284,2023,complete,96848,0,-1,['22'],"['9', '33']",1,2,3,8,3,11,3,2,1,0,0,0,6,5,6,2,12,7,6,8,58,42,58,8,2339,,,1,0,2.3,3.34,2.53,1.04,1.22,1.63,2.62,4.75,15.0,3.8,2.18,1.42,1.15,1.57,2.25,3.25,1.3,4.1,1.2,1.36,1.29,1.7,2.7,2.25,3.5,2.45,2.65,3.1,0,0,1.18,1.34,1.61,2.02,2.7,4.5,3.1,2.23,1.74,1.43,1.63,7.5,2.7,1.8,11.0,2.2,4.0,6.0,1.33,2.5,5.5,17.0,3.0,1.48,1.11,1.02,1.16,1.85,3.4,7.5,5.0,1.8,1.22,1.07,0,0,0,0,3,1,2,0,0,0,3,1678588200,698284,0,0,0,0,0,-1,2,1,5,0,3,3,5,6,1,0,0,0,1,0,1,80,38,130,103,1.76,1.08,2.84,0,0,0,0,0,0,1,1,0,1,1,0,0,0,1,19,21,-1,-1,-1,-1,-1,-1,0,0,0,0,0,0,0,0,0,0.0,0.0,0.0,0.0,/clubs/real-salt-lake-14,teams/usa-real-salt-lake.png,Real Salt Lake,/clubs/austin-fc-698284,teams/usa-austin-fc.png,Austin,1.28,0.82,0.0,0.0,1.5,1.5,0,0,0,0,0,0,0,0,0.0,0.0,0.0,/usa/real-salt-lake-vs-austin-fc-h2h-stats#4925975,8777,34,True,True,True,False,False,False,True,['22'],"['9', '33']"
MLS,2023,8777,4925976,20,945555,2023,complete,96848,0,-1,['3'],"['45+1', '75']",1,2,3,6,6,12,1,2,3,2,0,0,3,5,8,4,11,9,18,13,50,50,13864,7206,36880,,,3,2,1.88,3.28,3.42,1.04,1.22,1.75,2.65,4.75,11.0,3.9,1.98,1.42,1.16,1.65,2.1,2.75,1.39,4.75,1.16,1.24,1.26,1.9,2.35,2.2,4.0,2.1,2.6,3.75,0,0,1.2,1.38,1.63,2.03,2.6,4.2,2.9,2.2,1.73,1.45,1.5,8.0,3.1,1.6,11.0,2.6,3.4,6.5,1.32,2.45,5.75,15.5,3.1,1.49,1.11,1.02,1.19,1.87,3.7,8.5,4.33,1.8,1.24,1.06,0,0,0,0,3,1,1,0,1,1,2,1678591800,945555,0,50,50,50,0,-1,2,1,4,4,2,2,8,4,0,1,3,1,1,4,1,49,33,109,113,1.27,1.17,2.44,0,0,0,0,0,0,1,1,1,0,2,0,0,0,1,42,21,-1,-1,-1,-1,-1,-1,50,50,50,50,100,50,100,50,50,11.0,1.0,4.0,3.0,/clubs/portland-timbers-20,teams/usa-portland-timbers.png,Portland Timbers,/clubs/st-louis-city-sc-945555,teams/usa-st-louis-city-sc.png,St. Louis City,1.76,1.17,3.0,3.0,1.5,3.0,50,50,50,50,0,100,100,100,0.92,1.76,2.68,/usa/portland-timbers-vs-st-louis-city-sc-h2h-stats#4925976,8777,34,True,True,True,False,False,False,True,['3'],"['45+1', '75']"
MLS,2023,8777,4925977,15,12,2023,complete,96848,0,-1,['78'],[],1,0,1,5,3,8,2,1,0,2,1,0,4,0,6,6,10,6,9,13,58,42,13851,12956,11434,,,2,2,2.22,3.27,2.68,1.04,1.2,1.65,2.6,4.5,15.75,4.0,2.14,1.44,1.17,1.57,2.25,2.95,1.34,4.6,1.16,1.3,1.25,1.88,2.4,2.3,4.0,2.25,2.7,3.4,0,0,1.2,1.38,1.67,2.12,2.85,4.25,2.9,2.12,1.67,1.38,1.46,8.0,3.3,1.7,11.0,2.38,3.5,7.0,1.3,2.4,5.5,17.0,3.2,1.5,1.11,1.02,1.15,1.8,3.3,8.5,5.25,1.82,1.23,1.05,0,0,0,0,1,0,0,1,0,1,0,1678591800,15,0,50,0,0,0,-1,2,1,2,2,3,1,4,4,0,1,1,1,1,2,1,56,30,130,90,1.33,0.61,1.94,0,0,0,0,0,0,1,1,0,0,0,0,0,0,1,27,18,-1,-1,-1,-1,-1,-1,0,50,100,100,100,50,100,100,100,16.0,1.0,3.0,3.5,/clubs/san-jose-earthquakes-15,teams/usa-san-jose-earthquakes.png,SJ Earthquakes,/clubs/colorado-rapids-12,teams/usa-colorado-rapids.png,Colorado Rapids,1.82,0.59,3.0,0.0,1.5,0.5,100,50,0,0,0,100,100,100,1.75,1.07,2.82,/usa/colorado-rapids-vs-san-jose-earthquakes-h2h-stats#4925977,8777,34,True,False,False,False,False,False,False,['78'],[]
MLS,2023,8777,4925978,6490,11,2023,complete,96848,0,-1,"['14', '67', '83', '90+6']",[],4,0,4,8,5,13,2,2,0,1,0,0,12,1,4,2,16,3,11,6,44,56,3,39588,21032,,,0,1,1.4,4.35,5.9,1.02,1.18,1.56,2.33,4.5,17.0,4.75,2.3,1.53,1.2,1.75,2.0,2.25,1.57,6.25,1.1,1.12,1.2,2.55,2.0,2.5,6.0,1.73,2.85,5.5,0,0,1.13,1.28,1.51,1.87,2.36,4.8,3.2,2.39,1.87,1.52,1.25,9.0,4.75,1.33,16.5,3.4,2.5,11.0,1.3,2.38,6.0,17.0,3.4,1.53,1.13,1.03,1.16,1.77,3.4,7.5,4.6,1.9,1.28,1.07,0,0,0,0,4,1,0,3,0,3,1,1678674600,6490,0,50,0,50,0,-1,2,1,4,1,4,4,5,8,0,0,0,1,0,1,1,47,37,106,113,2.19,0.55,2.74,1,0,1,0,0,0,1,1,0,0,0,0,0,0,1,24,22,-1,-1,-1,-1,-1,-1,50,50,50,50,100,50,50,100,50,12.0,3.0,4.0,3.0,/clubs/los-angeles-fc-6490,teams/usa-los-angeles-fc.png,Los Angeles FC,/clubs/new-england-revolution-11,teams/usa-new-england-revolution.png,New England Revolution,2.05,0.83,3.0,3.0,3.0,3.0,50,50,50,50,0,100,100,100,1.25,1.71,2.96,/usa/new-england-revolution-vs-los-angeles-fc-h2h-stats#4925978,8777,36,True,True,True,True,False,False,False,"['14', '67', '83', '90+6']",[]
MLS,2023,8777,4925979,18,6490,2023,complete,96848,0,-1,[],[],0,0,0,7,4,11,2,0,4,4,0,0,5,4,4,4,9,8,14,14,50,50,31,25,39588,,,4,4,2.15,3.5,3.1,1.04,1.17,1.73,2.6,5.2,8.5,4.3,2.1,1.42,1.12,1.52,2.35,3.25,1.3,4.1,1.2,1.37,1.3,1.5,2.7,2.2,3.4,2.55,2.65,3.25,0,0,1.17,1.48,1.73,2.1,2.7,4.24,2.5,2.0,1.65,1.4,1.69,8.0,2.54,1.75,12.0,2.15,4.2,5.5,1.32,2.5,5.3,17.0,3.1,1.47,1.12,1.02,1.18,1.85,3.6,8.5,4.3,1.85,1.25,1.05,0,0,0,0,0,0,0,0,0,0,0,1679169600,-1,0,0,0,0,0,-1,2,1,2,4,5,0,6,5,3,2,1,2,5,3,1,0,0,0,0,1.34,1.09,2.43,0,0,0,0,0,0,1,1,0,0,1,2,0,0,-1,-1,-1,-1,-1,-1,-1,-1,-1,0,25,25,50,50,25,50,50,25,5.0,1.5,1.0,1.5,/clubs/seattle-sounders-fc-18,teams/usa-seattle-sounders-fc.png,Seattle Sounders,/clubs/los-angeles-fc-6490,teams/usa-los-angeles-fc.png,Los Angeles FC,1.65,1.25,3.0,0.0,2.0,3.0,50,25,25,0,0,50,25,25,1.87,0.0,1.87,/usa/seattle-sounders-fc-vs-los-angeles-fc-h2h-stats#4925979,8777,38,False,False,False,False,False,False,False,[],[]
MLS,2023,8777,4925980,1016,20,2023,complete,96848,0,-1,"['25', '45+5', '59', '75', '86']",['83'],5,1,6,3,3,6,7,4,1,4,0,0,8,3,8,4,16,7,18,11,59,41,15,40852,7206,,,1,4,1.48,4.0,4.9,1.03,1.19,1.57,2.49,4.42,17.0,4.77,2.25,1.54,1.21,1.63,2.34,2.75,1.39,5.5,1.13,1.22,1.25,2.18,2.29,2.55,4.76,2.0,2.75,4.0,0,0,1.13,1.43,1.7,2.1,2.63,4.8,2.63,2.05,1.67,1.43,1.26,10.0,4.64,1.55,17.0,2.5,3.2,8.0,1.28,2.44,5.5,14.0,3.4,1.59,1.14,1.02,1.14,1.75,3.2,7.5,5.5,1.88,1.25,1.08,0,0,0,0,6,2,0,3,1,4,2,1679182200,1016,0,100,0,75,0,42648,2,1,1,3,2,0,4,2,0,1,1,3,1,4,1,34,30,88,80,1.82,0.88,2.69,0,0,0,0,0,0,1,1,0,0,0,0,0,0,1,3,8,-1,-1,-1,-1,-1,-1,50,50,75,100,100,50,75,100,100,13.5,3.0,4.0,3.75,/clubs/atlanta-united-fc-1016,teams/usa-atlanta-united-fc.png,Atlanta United FC,/clubs/portland-timbers-20,teams/usa-portland-timbers.png,Portland Timbers,2.06,0.76,2.0,0.0,2.33,1.0,50,50,25,0,0,100,75,75,1.97,1.24,3.21,/usa/portland-timbers-vs-atlanta-united-fc-h2h-stats#4925980,8777,34,True,True,True,True,True,True,True,"['25', '45+5', '59', '75', '86']",['83']
MLS,2023,8777,4925981,1,16,2023,complete,96848,0,-1,"['3', '90', '90+8']","['46', '60']",3,2,5,8,3,11,1,3,4,3,0,1,4,7,6,4,10,11,11,13,55,45,20,36107,12,,,4,4,2.15,3.3,2.78,1.05,1.25,1.79,2.9,5.45,13.25,4.02,1.91,1.42,1.15,1.66,2.27,3.3,1.28,3.5,1.25,1.49,1.32,1.54,3.2,2.33,3.37,2.75,2.54,2.98,0,0,1.22,1.48,1.73,2.1,2.7,3.64,2.5,2.0,1.65,1.4,1.51,8.5,3.07,1.9,13.0,2.0,4.4,5.0,1.36,2.77,6.5,13.0,3.27,1.48,1.09,1.02,1.22,2.03,4.24,9.0,4.04,1.74,1.2,1.05,0,0,0,0,5,1,0,2,2,4,1,1679182200,1,0,0,0,0,0,-1,2,1,2,2,6,1,4,7,3,1,1,3,4,4,1,60,39,109,104,1.35,1.48,2.83,1,0,1,0,0,0,1,1,1,0,0,0,0,1,1,2,3,-1,-1,-1,-1,-1,-1,0,0,0,50,50,0,50,50,0,5.0,2.0,3.0,1.0,/clubs/montreal-impact-1,teams/canada-montreal-impact.png,Montreal Impact,/clubs/philadelphia-union-16,teams/usa-philadelphia-union.png,Philadelphia Union,1.94,1.16,0.0,0.0,0.0,2.0,50,50,50,0,0,50,50,50,0.0,1.33,1.33,/usa/montreal-impact-vs-philadelphia-union-h2h-stats#4925981,8777,34,True,True,True,True,True,False,True,"['3', '90', '90+8']","['46', '60']"
MLS,2023,8777,4925982,11,677447,2023,complete,96848,0,-1,['52'],[],1,0,1,3,8,11,3,3,1,2,0,0,5,3,2,6,7,9,8,8,49,51,13889,21032,24795,,,1,2,2.23,3.05,2.83,1.06,1.33,2.08,3.6,7.0,10.0,3.25,1.66,1.28,1.09,1.8,1.96,2.8,1.38,3.4,1.27,1.36,1.32,1.64,3.0,2.1,3.75,2.7,2.45,3.3,0,0,1.18,1.55,1.85,2.3,2.79,4.04,2.3,1.95,1.55,1.36,1.95,8.0,2.1,1.85,8.0,2.2,3.75,5.0,1.42,2.91,7.5,15.0,2.75,1.38,1.07,1.02,1.25,2.2,4.75,11.0,3.75,1.63,1.16,1.02,0,0,0,0,1,0,0,1,0,1,0,1679182200,11,0,0,0,0,0,14930,2,1,3,1,0,7,4,7,0,1,1,1,1,2,1,40,45,141,99,1.11,1.11,2.22,0,0,0,0,0,0,1,1,0,0,0,0,0,0,1,2,2,-1,-1,-1,-1,-1,-1,0,0,50,50,50,0,50,50,50,8.0,6.0,6.0,1.5,/clubs/new-england-revolution-11,teams/usa-new-england-revolution.png,New England Revolution,/clubs/nashville-sc-mls-677447,teams/usa-nashville-sc-mls.png,Nashville SC,2.22,1.0,3.0,1.0,2.0,2.33,100,100,50,50,50,0,0,0,1.24,0.56,1.8,/usa/new-england-revolution-vs-nashville-sc-mls-h2h-stats#4925982,8777,36,True,False,False,False,False,False,False,['52'],[]
MLS,2023,8777,4925983,4,9,2023,complete,96848,0,-1,"['58', '86']",['33'],2,1,3,6,2,8,5,1,2,3,0,0,4,3,6,2,10,5,12,14,38,62,13841,11574,39282,,,2,3,1.62,3.35,4.7,1.07,1.35,2.08,3.65,7.2,10.25,3.25,1.66,1.29,1.1,1.95,1.85,2.25,1.57,4.1,1.2,1.23,1.3,1.9,2.55,2.21,5.07,2.15,2.5,4.1,0,0,1.25,1.57,2.0,2.4,3.28,3.42,2.25,1.8,1.5,1.27,1.59,8.0,2.9,1.6,10.0,2.6,2.8,7.0,1.45,3.25,7.8,15.0,2.85,1.37,1.06,1.02,1.27,2.26,5.1,11.0,3.56,1.6,1.15,1.03,0,0,0,0,3,0,1,2,0,2,1,1679182200,4,0,50,25,0,0,-1,2,1,3,1,3,1,4,4,0,1,2,2,1,4,1,53,25,115,104,1.31,0.73,2.03,0,0,0,0,0,0,1,1,0,0,2,0,0,0,1,5,3,-1,-1,-1,-1,-1,-1,25,25,25,50,50,25,50,50,25,8.5,2.0,3.5,1.75,/clubs/new-york-red-bulls-4,teams/usa-new-york-red-bulls.png,New York RB,/clubs/columbus-crew-9,teams/usa-columbus-crew.png,Columbus Crew,1.58,1.15,1.0,0.5,0.67,1.33,75,75,75,50,50,25,25,0,1.02,1.31,2.33,/usa/new-york-red-bulls-vs-columbus-crew-h2h-stats#4925983,8777,37,True,True,True,False,False,False,True,"['58', '86']",['33']
MLS,2023,8777,4925984,2,13401,2023,complete,96848,0,-1,"['17', '37', '88']","['46', '90']",3,2,5,5,5,10,3,3,2,3,0,0,6,4,2,5,8,9,13,12,48,52,14023,27505,38056,,,2,3,1.58,3.65,4.45,1.02,1.2,1.78,2.75,4.75,15.0,4.33,1.92,1.45,1.17,1.73,2.04,2.37,1.51,5.75,1.12,1.16,1.23,2.3,2.12,2.35,5.1,1.95,2.8,4.75,0,0,1.25,1.57,1.83,2.38,3.28,3.42,2.37,1.98,1.57,1.27,1.55,8.5,2.91,1.48,14.75,2.88,2.7,9.5,1.3,2.45,6.0,17.0,3.4,1.52,1.12,1.03,1.18,1.9,3.75,8.5,4.5,1.87,1.25,1.05,0,0,0,0,5,2,0,1,2,3,2,1679182200,2,0,0,0,0,0,-1,2,1,4,2,1,3,6,4,0,1,2,2,1,4,1,48,48,102,106,1.28,1.21,2.49,0,0,0,0,0,0,1,1,0,0,1,1,0,1,1,3,2,-1,-1,-1,-1,-1,-1,0,0,0,50,100,50,100,0,0,9.0,7.0,6.0,1.5,/clubs/new-york-city-fc-2,teams/usa-new-york-city-fc.png,New York City,/clubs/dc-united-13401,teams/usa-dc-united.png,DC United,1.76,0.94,3.0,0.0,1.33,1.33,100,100,100,50,0,0,0,0,1.6,1.3,2.9,/usa/new-york-city-fc-vs-dc-united-h2h-stats#4925984,8777,34,True,True,True,True,True,False,True,"['17', '37', '88']","['46', '90']"
MLS,2023,8777,4925985,17,711351,2023,complete,96848,0,-1,['57'],"['26', '37']",1,2,3,5,3,8,6,4,0,6,0,0,7,4,8,3,15,7,7,19,55,45,7,21031,44668,,,0,6,1.93,3.3,3.25,1.04,1.3,1.88,3.3,6.5,12.0,3.5,1.82,1.33,1.11,1.75,2.0,2.65,1.41,4.0,1.21,1.3,1.25,1.83,2.65,2.2,4.0,2.4,2.55,3.75,0,0,1.27,1.55,1.9,2.3,3.42,3.28,2.3,1.9,1.55,1.25,1.75,8.0,2.44,1.75,9.2,2.43,3.3,6.0,1.4,2.85,7.0,23.0,3.0,1.4,1.08,1.02,1.22,2.1,4.5,10.0,4.0,1.68,1.18,1.03,0,0,0,0,3,0,2,1,0,1,2,1679182200,711351,0,50,50,0,0,-1,2,1,1,1,4,2,2,6,0,1,0,5,1,5,1,50,48,109,91,1.8,1.08,2.88,0,0,0,0,0,0,1,1,0,0,1,0,0,0,1,3,6,-1,-1,-1,-1,-1,-1,0,50,50,50,75,50,50,75,0,7.0,2.5,7.5,2.25,/clubs/orlando-city-sc-17,teams/usa-orlando-city-sc.png,Orlando City,/clubs/charlotte-fc-711351,teams/usa-charlotte-fc.png,Charlotte,1.84,0.94,2.0,0.0,1.67,0.0,100,50,50,50,25,0,0,0,0.75,0.81,1.56,/usa/orlando-city-sc-vs-charlotte-fc-h2h-stats#4925985,8777,35,True,True,True,False,False,False,True,['57'],"['26', '37']"
MLS,2023,8777,4925986,19,677446,2023,complete,96848,0,-1,"['48', '69']",[],2,0,2,5,4,9,2,2,2,1,0,0,6,3,5,4,11,7,10,14,48,52,58,211,28121,,,2,1,1.93,3.35,3.2,1.04,1.2,1.77,2.68,4.8,8.5,3.92,1.93,1.4,1.13,1.63,2.19,2.95,1.34,4.5,1.17,1.3,1.28,1.82,2.5,2.26,4.0,2.3,2.63,3.6,0,0,1.26,1.5,1.8,2.25,3.34,3.34,2.4,2.0,1.57,1.26,1.59,8.5,2.78,1.69,14.25,2.33,3.5,7.0,1.33,2.52,6.05,12.0,3.16,1.49,1.11,1.03,1.19,1.93,3.92,8.0,4.4,1.82,1.23,1.06,0,0,0,0,2,0,0,2,0,2,0,1679182200,19,0,50,0,0,0,-1,2,1,3,1,2,3,4,5,1,0,1,1,1,2,1,46,39,118,122,1.46,0.95,2.41,0,0,0,0,0,0,1,1,0,0,2,1,0,0,1,7,3,-1,-1,-1,-1,-1,-1,0,0,0,50,100,0,100,50,0,3.0,3.0,6.0,1.5,/clubs/toronto-fc-19,teams/canada-toronto-fc.png,Toronto,/clubs/club-internacional-de-futbol-miami-677446,teams/usa-club-internacional-de-futbol-miami.png,Inter Miami,1.06,0.65,1.0,0.0,0.67,2.0,100,100,100,50,0,50,50,0,0.88,0.9,1.78,/usa/toronto-fc-vs-club-internacional-de-futbol-miami-h2h-stats#4925986,8777,34,True,True,False,False,False,False,False,"['48', '69']",[]
MLS,2023,8777,4925987,7,8043,2023,complete,96848,0,-1,"['32', '45', '46']","['8', '84', '87']",3,3,6,8,6,14,1,2,5,1,0,0,4,9,3,4,7,13,17,10,49,51,24,10695,40182,,,5,1,2.33,3.2,2.58,1.04,1.25,1.85,3.1,5.0,12.0,3.75,1.85,1.38,1.14,1.61,2.15,3.4,1.28,3.7,1.24,1.43,1.3,1.52,2.95,2.1,3.2,2.65,2.5,2.9,0,0,1.24,1.55,1.85,2.3,3.2,3.48,2.3,1.95,1.55,1.28,1.75,8.0,2.44,1.95,10.0,2.05,4.5,4.5,1.35,2.5,6.25,16.5,2.95,1.46,1.1,1.01,1.2,1.93,3.9,9.0,4.1,1.77,1.22,1.06,0,0,0,0,6,2,1,1,2,3,3,1679185800,-1,0,50,0,0,0,-1,2,1,4,0,4,6,4,10,1,0,4,1,1,5,1,52,43,114,96,1.11,1.77,2.88,1,0,1,0,0,0,1,1,0,1,0,0,0,0,1,18,20,-1,-1,-1,-1,-1,-1,0,0,0,50,50,0,50,50,0,7.0,4.0,2.0,1.0,/clubs/chicago-fire-7,teams/usa-chicago-fire.png,Chicago Fire,/clubs/fc-cincinnati-8043,teams/usa-fc-cincinnati.png,FC Cincinnati,1.47,1.61,1.0,1.0,0.5,2.33,100,100,100,50,50,50,50,0,0.85,1.24,2.09,/usa/chicago-fire-vs-fc-cincinnati-h2h-stats#4925987,8777,34,True,True,True,True,True,True,True,"['32', '45', '46']","['8', '84', '87']"
MLS,2023,8777,4925988,13,8,2023,complete,96848,0,-1,"['55', '84']",['11'],2,1,3,7,4,11,2,1,2,1,0,0,3,3,4,5,7,8,8,11,51,49,84,21189,18,,,2,1,1.85,3.3,3.5,1.02,1.25,1.91,2.9,5.7,9.5,3.65,1.79,1.35,1.1,1.76,2.02,2.65,1.42,4.33,1.18,1.27,1.3,1.89,2.5,2.23,4.2,2.25,2.5,3.95,0,0,1.23,1.55,1.93,2.3,3.08,3.56,2.3,1.88,1.55,1.3,1.85,8.0,2.28,1.62,13.0,2.4,3.3,6.5,1.3,2.8,7.5,21.0,3.0,1.38,1.08,1.02,1.21,2.1,4.75,12.0,4.1,1.67,1.16,1.03,0,0,0,0,3,0,1,2,0,2,1,1679185800,13,0,25,25,0,0,-1,2,1,5,1,2,3,6,5,0,0,2,1,0,3,1,51,45,83,95,1.03,1.05,2.08,0,1,0,0,0,1,1,1,0,0,0,0,0,0,1,15,20,-1,-1,-1,-1,-1,-1,0,25,25,25,75,25,50,50,25,14.5,2.5,3.5,1.5,/clubs/fc-dallas-13,teams/usa-fc-dallas.png,FC Dallas,/clubs/sporting-kansas-city-8,teams/usa-sporting-kansas-city.png,Sporting KC,1.72,0.95,1.5,0.5,1.33,0.67,100,75,75,75,25,75,25,25,1.2,1.77,2.97,/usa/sporting-kansas-city-vs-fc-dallas-h2h-stats#4925988,8777,37,True,True,True,False,False,False,True,"['55', '84']",['11']
MLS,2023,8777,4925989,6,698284,2023,complete,96848,0,-1,"['71', '86']",[],2,0,2,7,4,11,2,1,2,3,0,0,7,5,2,2,9,7,14,11,48,52,36,20,2339,,,2,3,2.3,3.4,2.5,1.03,1.2,1.65,2.75,5.2,15.0,4.7,2.1,1.46,1.17,1.54,2.4,3.6,1.25,3.9,1.22,1.44,1.3,1.62,2.85,2.3,3.3,2.6,2.65,3.05,0,0,1.16,1.43,1.67,2.05,2.6,4.32,2.63,2.1,1.7,1.44,1.91,8.0,2.2,1.8,12.0,2.1,4.6,5.0,1.25,2.43,6.25,17.0,3.4,1.46,1.11,1.01,1.16,1.86,3.85,9.0,4.75,1.86,1.23,1.06,0,0,0,0,2,0,0,2,0,2,0,1679185800,6,0,50,50,0,0,-1,2,1,2,1,5,3,3,8,0,1,2,2,1,4,1,50,39,103,96,1.43,1.09,2.51,1,0,1,0,0,0,1,1,0,0,0,0,0,0,1,17,18,-1,-1,-1,1,0,1,0,0,50,50,50,50,50,0,0,3.0,2.0,0.0,1.5,/clubs/houston-dynamo-6,teams/usa-houston-dynamo.png,Houston Dynamo,/clubs/austin-fc-698284,teams/usa-austin-fc.png,Austin,2.2,0.82,0.0,3.0,0.0,2.0,50,50,0,0,0,50,50,50,0.0,1.08,1.08,/usa/houston-dynamo-vs-austin-fc-h2h-stats#4925989,8777,34,True,True,False,False,False,False,False,"['71', '86']",[]
MLS,2023,8777,4925990,945555,15,2023,complete,96848,0,-1,"['34', '45+3', '68']",[],3,0,3,8,5,13,2,1,1,5,0,0,8,2,5,8,13,10,17,8,45,55,13812,36880,12956,,,1,5,1.81,3.5,3.45,1.03,1.21,1.71,3.0,5.6,12.0,4.1,2.01,1.4,1.13,1.61,2.25,3.0,1.33,3.9,1.21,1.35,1.3,1.73,2.7,2.25,3.7,2.43,2.6,3.45,0,0,1.22,1.44,1.8,2.27,3.04,3.64,2.58,1.95,1.56,1.31,1.57,8.1,3.08,1.62,13.0,2.4,3.6,6.0,1.28,2.55,6.75,19.0,3.2,1.41,1.09,1.01,1.18,1.95,4.2,10.0,4.4,1.78,1.2,1.05,0,0,0,0,3,2,0,1,0,1,2,1679185800,945555,0,100,50,0,0,22423,2,1,4,1,4,4,5,8,0,2,1,3,2,4,1,66,55,96,88,1.86,1.17,3.03,0,0,0,0,0,0,1,1,0,0,4,0,0,0,1,18,19,-1,-1,-1,1,1,0,0,50,100,100,100,50,100,100,50,7.0,3.0,5.0,3.5,/clubs/st-louis-city-sc-945555,teams/usa-st-louis-city-sc.png,St. Louis City,/clubs/san-jose-earthquakes-15,teams/usa-san-jose-earthquakes.png,SJ Earthquakes,1.94,0.78,3.0,0.0,3.0,2.0,100,50,0,0,0,50,50,50,1.25,1.31,2.56,/usa/san-jose-earthquakes-vs-st-louis-city-sc-h2h-stats#4925990,8777,35,True,True,True,False,False,False,False,"['34', '45+3', '68']",[]
MLS,2023,8777,4925991,12,1015,2023,complete,96848,0,-1,['49'],"['54', '82']",1,2,3,3,3,6,0,1,3,2,0,0,3,2,5,7,8,9,15,9,61,39,69,11434,5,,,3,2,1.93,3.25,3.3,1.05,1.25,1.89,2.85,5.0,9.0,3.6,1.81,1.37,1.14,1.67,2.1,2.8,1.37,4.2,1.19,1.3,1.25,1.75,2.75,2.2,4.0,2.38,2.56,3.62,0,0,1.17,1.48,1.73,2.1,2.7,4.24,2.5,2.0,1.65,1.4,1.64,8.5,2.66,1.62,10.0,2.4,3.6,5.8,1.36,2.75,7.0,21.0,3.0,1.4,1.1,1.02,1.22,2.03,4.24,9.0,4.04,1.74,1.2,1.05,0,0,0,0,3,0,0,1,2,3,0,1679189400,1015,0,0,0,0,0,-1,2,1,0,1,3,2,1,5,1,0,2,2,1,4,1,56,44,119,87,1.13,1.03,2.17,0,1,0,1,0,0,1,1,0,0,0,0,0,0,1,24,20,-1,-1,-1,-1,-1,-1,0,0,0,0,50,0,0,50,0,0.0,4.0,4.0,0.5,/clubs/colorado-rapids-12,teams/usa-colorado-rapids.png,Colorado Rapids,/clubs/minnesota-united-fc-1015,teams/usa-minnesota-united-fc.png,Minnesota United,1.0,1.18,1.0,3.0,0.33,2.0,100,100,100,100,50,50,0,0,1.32,1.08,2.4,/usa/colorado-rapids-vs-minnesota-united-fc-h2h-stats#4925991,8777,34,True,True,True,False,False,False,True,['49'],"['54', '82']"
MLS,2023,8777,4925992,10,5,2023,complete,96848,0,-1,['45+4'],['14'],1,1,2,13,4,17,1,1,1,4,0,0,6,2,9,8,15,10,14,14,57,43,13864,2,41087,,,1,4,1.62,3.75,4.1,1.03,1.19,1.58,2.45,4.2,12.5,4.2,2.22,1.49,1.19,1.62,2.2,2.65,1.42,5.5,1.12,1.19,1.23,2.15,2.2,2.4,4.75,1.91,2.7,4.33,0,0,1.16,1.43,1.67,2.05,2.6,4.34,2.63,2.1,1.7,1.44,1.45,9.0,3.3,1.44,12.0,2.88,3.0,9.0,1.29,2.38,6.0,17.0,3.5,1.53,1.13,1.03,1.17,1.85,3.5,7.5,4.6,1.9,1.27,1.07,0,0,0,0,2,1,1,0,0,0,2,1679193000,-1,0,50,0,0,0,-1,2,1,5,1,8,3,6,11,0,2,1,2,2,3,1,67,49,130,73,1.86,1.12,2.98,0,0,0,0,0,0,1,1,0,0,0,1,0,0,1,7,20,-1,-1,-1,1,0,1,0,0,50,50,50,0,50,50,50,6.0,0.0,4.0,1.5,/clubs/la-galaxy-10,teams/usa-la-galaxy.png,LA Galaxy,/clubs/vancouver-whitecaps-fc-5,teams/canada-vancouver-whitecaps-fc.png,Vancouver Whitecaps,1.41,1.0,0.0,0.0,0.5,0.33,50,50,0,0,0,50,50,50,0.0,0.78,0.78,/usa/vancouver-whitecaps-fc-vs-la-galaxy-h2h-stats#4925992,8777,34,True,True,False,False,False,False,True,['45+4'],['14']
MLS,2023,8777,4925993,20,10,2023,complete,96848,0,-1,[],[],0,0,0,2,5,7,1,3,3,5,0,0,1,4,4,6,5,10,17,15,33,67,11,7206,2,,,3,5,2.31,3.65,2.91,1.04,1.22,1.75,2.67,4.85,15.5,4.4,1.95,1.48,1.18,1.58,2.32,3.5,1.26,4.2,1.19,1.39,1.28,1.64,2.77,2.26,3.56,2.56,2.63,3.19,0,0,1.2,1.48,1.73,2.1,2.7,3.9,2.5,2.0,1.65,1.4,2.08,7.6,2.08,1.8,15.0,2.05,4.2,5.8,1.32,2.49,5.9,12.0,3.22,1.5,1.11,1.03,1.18,1.91,3.82,7.5,4.44,1.84,1.24,1.07,0,0,0,0,0,0,0,0,0,0,0,1679776200,-1,0,50,50,0,0,24077,2,1,1,3,1,2,4,3,1,1,2,4,2,6,1,57,57,104,113,0.81,1.33,2.14,0,0,0,0,0,0,1,1,0,0,0,1,0,0,-1,-1,-1,-1,-1,-1,-1,-1,-1,0,25,50,50,75,50,75,50,25,10.0,3.0,4.5,2.0,/clubs/portland-timbers-20,teams/usa-portland-timbers.png,Portland Timbers,/clubs/la-galaxy-10,teams/usa-la-galaxy.png,LA Galaxy,1.76,0.71,1.5,0.5,0.75,0.67,100,75,50,50,25,100,75,75,1.1,0.98,2.08,/usa/la-galaxy-vs-portland-timbers-h2h-stats#4925993,8777,34,False,False,False,False,False,False,False,[],[]
MLS,2023,8777,4925994,711351,4,2023,complete,96848,0,-1,['74'],['43'],1,1,2,4,1,5,1,1,3,4,0,0,1,6,3,3,4,9,16,21,74,26,42,44668,11574,,,3,4,2.6,3.2,2.7,1.08,1.38,2.02,3.93,7.9,9.25,3.07,1.81,1.26,1.08,1.87,1.89,2.8,1.38,3.0,1.34,1.44,1.33,1.51,3.18,2.04,3.48,2.86,2.35,3.14,0,0,1.24,1.55,1.9,2.3,3.3,3.5,2.3,1.9,1.55,1.27,1.85,8.0,2.28,1.95,9.25,2.05,4.2,4.5,1.45,3.1,8.2,15.0,2.64,1.34,1.06,1.02,1.29,2.34,5.35,10.0,3.44,1.56,1.14,1.04,0,0,0,0,2,0,1,1,0,1,1,1679787000,-1,0,25,0,0,0,-1,2,1,2,1,2,0,3,2,1,1,2,3,2,5,1,46,20,119,79,0.68,1.14,1.82,0,0,0,0,0,0,1,1,0,0,0,0,0,0,1,1,3,-1,-1,-1,-1,-1,-1,0,0,25,50,100,25,50,75,0,10.5,3.5,4.0,1.75,/clubs/charlotte-fc-711351,teams/usa-charlotte-fc.png,Charlotte,/clubs/new-york-red-bulls-4,teams/usa-new-york-red-bulls.png,New York RB,1.53,0.94,0.0,0.5,0.75,1.25,100,100,75,50,0,75,50,50,1.47,1.63,3.1,/usa/new-york-red-bulls-vs-charlotte-fc-h2h-stats#4925994,8777,35,True,True,False,False,False,False,True,['74'],['43']
MLS,2023,8777,4925995,9,1016,2023,complete,96848,0,-1,"['14', '47', '51', '64', '68', '90+1']",['71'],6,1,7,8,2,10,1,2,1,2,0,0,6,1,4,0,10,1,13,12,54,46,13851,39282,40852,,,1,2,2.0,3.5,3.5,1.05,1.26,1.88,2.9,5.25,9.75,3.5,2.0,1.36,1.13,1.67,2.14,3.25,1.29,3.6,1.25,1.48,1.3,1.51,3.08,2.19,3.24,2.79,2.54,2.94,0,0,1.2,1.48,1.73,2.1,2.7,3.9,2.5,2.0,1.65,1.4,2.19,7.6,1.98,1.95,13.0,1.95,4.5,4.75,1.36,2.68,6.6,13.0,3.0,1.44,1.09,1.02,1.22,2.04,4.3,8.0,4.04,1.73,1.2,1.06,0,0,0,0,7,1,0,5,1,6,1,1679787000,9,0,0,0,0,0,-1,2,1,4,1,4,1,5,5,0,1,1,1,1,2,1,64,20,115,65,1.52,0.29,1.81,0,0,0,0,0,0,1,1,0,0,2,1,0,0,1,4,3,-1,-1,-1,-1,-1,-1,0,0,50,100,100,100,100,0,0,5.0,2.0,5.0,2.5,/clubs/columbus-crew-9,teams/usa-columbus-crew.png,Columbus Crew,/clubs/atlanta-united-fc-1016,teams/usa-atlanta-united-fc.png,Atlanta United FC,2.45,0.89,3.0,3.0,1.0,2.5,100,100,50,0,0,50,0,0,1.18,1.08,2.26,/usa/columbus-crew-vs-atlanta-united-fc-h2h-stats#4925995,8777,37,True,True,True,True,True,True,True,"['14', '47', '51', '64', '68', '90+1']",['71']
MLS,2023,8777,4925996,13401,11,2023,complete,96848,0,-1,['45'],"['63', '88']",1,2,3,8,4,12,1,1,1,1,0,0,7,5,3,7,10,12,11,13,51,49,45125,38056,21032,,,1,1,2.4,3.4,2.75,1.0,1.22,1.94,2.79,5.05,10.25,3.72,1.94,1.37,1.12,1.63,2.22,3.2,1.3,3.8,1.22,1.39,1.29,1.63,2.8,2.22,3.6,2.58,2.58,3.22,0,0,1.2,1.48,1.73,2.1,2.7,3.9,2.5,2.0,1.65,1.4,1.59,8.5,2.78,1.87,10.25,2.18,4.2,5.0,1.34,2.58,6.25,13.0,3.1,1.47,1.1,1.02,1.2,1.98,4.04,8.0,4.24,1.78,1.22,1.06,0,0,0,0,3,1,0,0,2,2,1,1679787000,11,0,50,0,50,0,-1,2,1,1,3,7,1,4,8,0,0,1,1,0,2,1,45,44,114,90,1.46,1.43,2.89,0,0,0,0,0,0,1,1,0,0,0,1,0,0,1,4,8,-1,-1,-1,-1,-1,-1,25,50,50,75,100,0,50,100,75,9.5,4.5,3.0,3.0,/clubs/dc-united-13401,teams/usa-dc-united.png,DC United,/clubs/new-england-revolution-11,teams/usa-new-england-revolution.png,New England Revolution,1.41,0.83,2.0,1.5,1.0,2.25,75,50,50,25,0,50,50,50,1.46,1.13,2.59,/usa/new-england-revolution-vs-dc-united-h2h-stats#4925996,8777,34,True,True,True,False,False,False,True,['45'],"['63', '88']"
MLS,2023,8777,4925997,677446,7,2023,complete,96848,0,-1,"['45+3', '76']","['30', '38', '90+2']",2,3,5,4,4,8,1,1,2,1,0,0,7,5,1,8,8,13,14,10,67,33,45098,28121,10695,,,2,1,1.95,3.5,3.7,1.05,1.3,1.85,3.25,6.25,11.75,3.6,2.03,1.35,1.12,1.73,2.06,2.7,1.41,4.1,1.2,1.28,1.28,1.84,2.52,2.19,4.32,2.3,2.55,3.86,0,0,1.24,1.55,1.9,2.3,3.3,3.5,2.3,1.9,1.55,1.27,1.85,8.0,2.28,1.71,9.5,2.49,3.3,7.0,1.37,2.71,6.75,15.0,2.96,1.43,1.09,1.02,1.22,2.06,4.4,10.0,4.04,1.72,1.19,1.04,0,0,0,0,5,1,2,1,1,2,3,1679787000,7,0,0,0,0,0,-1,2,1,2,0,2,4,2,6,1,0,1,1,1,2,1,40,33,115,106,1.3,1.42,2.72,0,0,0,0,0,0,1,1,0,0,0,0,0,0,1,4,2,-1,-1,-1,-1,-1,-1,0,0,0,50,100,0,50,100,0,7.0,2.5,6.5,1.5,/clubs/club-internacional-de-futbol-miami-677446,teams/usa-club-internacional-de-futbol-miami.png,Inter Miami,/clubs/chicago-fire-7,teams/usa-chicago-fire.png,Chicago Fire,1.35,0.88,3.0,0.0,1.5,0.67,100,100,100,50,0,25,25,25,1.39,0.97,2.36,/usa/chicago-fire-vs-club-internacional-de-futbol-miami-h2h-stats#4925997,8777,34,True,True,True,True,True,False,True,"['45+3', '76']","['30', '38', '90+2']"
MLS,2023,8777,4925998,16,17,2023,complete,96848,0,-1,['17'],"['2', '9']",1,2,3,7,4,11,4,2,2,2,0,0,6,4,13,4,19,8,7,9,48,52,3,12,21031,,,2,2,1.53,4.0,6.0,1.05,1.26,1.86,2.96,5.55,13.25,3.93,2.02,1.4,1.15,1.78,2.0,2.4,1.49,5.0,1.15,1.22,1.27,2.05,2.25,2.25,4.7,2.0,2.65,4.25,0,0,1.29,1.62,2.0,2.5,3.75,3.1,2.2,1.73,1.48,1.22,1.75,8.0,2.52,1.55,13.0,2.6,2.75,8.0,1.35,2.64,6.45,13.0,3.05,1.45,1.1,1.02,1.21,2.02,4.14,9.0,4.14,1.75,1.21,1.05,0,0,0,0,3,1,2,0,0,0,3,1679787000,17,0,75,25,50,0,-1,2,1,2,1,5,3,3,8,0,2,2,0,2,2,1,65,46,125,110,2.09,1.13,3.22,0,0,0,0,0,0,1,1,0,2,0,0,0,0,1,5,6,-1,-1,-1,-1,-1,-1,25,25,25,75,100,25,25,100,75,6.0,6.0,4.0,2.5,/clubs/philadelphia-union-16,teams/usa-philadelphia-union.png,Philadelphia Union,/clubs/orlando-city-sc-17,teams/usa-orlando-city-sc.png,Orlando City,2.17,1.89,3.0,1.0,1.5,1.25,75,75,75,25,0,0,0,0,1.37,0.97,2.34,/usa/philadelphia-union-vs-orlando-city-sc-h2h-stats#4925998,8777,37,True,True,True,False,False,False,True,['17'],"['2', '9']"
MLS,2023,8777,4925999,698284,12,2023,complete,96848,0,-1,['5'],['85'],1,1,2,3,12,15,1,0,2,4,0,0,3,8,4,8,7,16,8,14,53,47,15,2339,11434,,,2,4,1.62,4.0,5.0,1.03,1.2,1.83,2.7,5.0,15.75,4.0,2.05,1.45,1.17,1.7,2.1,2.4,1.5,5.25,1.13,1.15,1.17,2.25,2.24,2.47,5.32,1.9,2.75,4.4,0,0,1.2,1.39,1.75,2.2,3.0,3.9,2.65,2.0,1.57,1.32,1.38,8.0,3.75,1.5,12.0,2.65,2.75,9.0,1.3,2.45,6.0,17.0,3.4,1.52,1.12,1.02,1.18,1.87,3.75,8.5,4.5,1.87,1.25,1.05,0,0,0,0,2,1,0,0,1,1,1,1679790600,-1,0,25,25,25,0,-1,2,1,1,7,2,5,8,7,0,0,2,4,0,6,1,52,72,119,99,1.04,2.09,3.13,0,0,0,0,0,0,1,1,1,0,0,0,0,0,1,18,24,-1,-1,-1,1,12,7,25,50,50,50,100,50,50,100,50,10.5,2.5,2.0,2.75,/clubs/austin-fc-698284,teams/usa-austin-fc.png,Austin,/clubs/colorado-rapids-12,teams/usa-colorado-rapids.png,Colorado Rapids,1.47,0.59,1.5,0.0,1.5,0.25,75,50,50,50,0,75,75,75,1.21,0.84,2.05,/usa/colorado-rapids-vs-austin-fc-h2h-stats#4925999,8777,34,True,True,False,False,False,False,True,['5'],['85']
MLS,2023,8777,4926000,6,2,2023,complete,96848,0,-1,['55'],[],1,0,1,1,5,6,3,2,2,4,0,0,2,1,6,2,8,3,15,15,45,55,5016,20,27505,,,2,4,2.6,3.25,2.62,1.04,1.28,1.88,3.1,6.0,11.0,3.75,2.0,1.36,1.12,1.66,2.15,3.2,1.3,3.6,1.25,1.47,1.28,1.5,3.1,2.15,3.2,2.9,2.55,2.95,0,0,1.21,1.41,1.73,2.25,3.1,3.8,2.4,1.93,1.53,1.3,1.8,6.0,2.3,2.0,11.0,1.95,4.0,5.0,1.4,2.75,6.5,21.0,3.0,1.42,1.09,1.01,1.22,2.0,4.2,9.5,4.0,1.75,1.2,1.04,0,0,0,0,1,0,0,1,0,1,0,1679790600,6,0,25,0,0,0,13024,2,1,0,2,1,3,2,4,1,1,1,3,2,4,1,33,37,65,108,0.89,0.55,1.43,1,0,1,0,0,0,1,1,0,0,0,1,0,0,1,17,10,-1,-1,-1,1,8,11,0,0,0,100,100,0,50,100,50,10.5,2.5,5.0,2.0,/clubs/houston-dynamo-6,teams/usa-houston-dynamo.png,Houston Dynamo,/clubs/new-york-city-fc-2,teams/usa-new-york-city-fc.png,New York City,2.2,0.65,3.0,0.5,1.0,1.75,100,100,100,0,0,100,100,75,1.43,0.95,2.38,/usa/new-york-city-fc-vs-houston-dynamo-h2h-stats#4926000,8777,34,True,False,False,False,False,False,False,['55'],[]
MLS,2023,8777,4926001,8,18,2023,complete,96848,0,-1,['5'],"['23', '54', '69', '77']",1,4,5,3,3,6,1,5,1,0,1,0,3,7,2,2,5,9,11,10,47,53,58,18,25,,,2,0,2.38,3.3,2.9,1.02,1.28,1.93,3.1,5.7,9.5,3.6,1.95,1.32,1.1,1.68,2.05,3.1,1.32,3.6,1.25,1.4,1.32,1.45,3.11,2.28,3.6,2.6,2.45,3.0,0,0,1.27,1.5,1.83,2.45,3.4,3.55,2.48,1.9,1.5,1.29,1.58,6.25,2.9,1.85,10.75,2.05,0.0,0.0,1.39,2.92,6.75,18.5,2.8,1.41,1.09,1.01,1.21,1.98,4.1,9.75,3.9,1.72,1.2,1.05,0,0,0,0,5,1,1,0,3,3,2,1679790600,18,0,0,0,0,0,-1,2,1,0,1,3,2,1,5,0,0,2,0,0,2,1,56,34,108,93,0.94,1.31,2.26,0,0,0,0,0,0,1,1,1,0,0,0,0,0,1,25,10,-1,-1,-1,1,4,2,0,0,0,0,50,0,0,50,0,12.0,2.0,2.0,0.5,/clubs/sporting-kansas-city-8,teams/usa-sporting-kansas-city.png,Sporting KC,/clubs/seattle-sounders-fc-18,teams/usa-seattle-sounders-fc.png,Seattle Sounders,1.74,1.44,1.0,0.0,0.5,1.75,100,100,100,100,50,50,50,50,2.54,0.92,3.46,/usa/sporting-kansas-city-vs-seattle-sounders-fc-h2h-stats#4926001,8777,38,True,True,True,True,True,False,True,['5'],"['23', '54', '69', '77']"
MLS,2023,8777,4926002,1015,5,2023,complete,96848,0,-1,['40'],['90+8'],1,1,2,2,10,12,0,3,4,3,0,0,2,5,3,14,5,19,9,10,37,63,13812,5,41087,,,4,3,2.0,3.4,3.6,1.03,1.25,1.67,2.85,5.2,13.0,3.6,2.0,1.37,1.12,1.66,2.14,3.0,1.33,4.1,1.2,1.28,1.28,1.85,2.46,2.35,4.15,2.26,2.65,3.72,0,0,1.15,1.31,1.59,1.95,2.4,4.7,3.0,2.21,1.71,1.5,1.62,6.25,2.75,1.69,9.5,2.47,0.0,0.0,1.36,2.78,5.75,19.0,3.27,1.47,1.1,1.01,1.2,1.96,4.0,9.0,4.2,1.79,1.22,1.04,0,0,0,0,2,1,0,0,1,1,1,1679790600,-1,0,100,25,0,0,19609,2,1,1,4,1,6,5,7,0,0,4,3,0,7,1,41,74,82,145,0.76,2.09,2.85,0,0,0,0,0,0,1,1,0,0,0,2,0,0,1,26,17,-1,-1,-1,1,14,7,0,0,25,100,100,25,100,75,25,11.0,1.5,5.0,2.25,/clubs/minnesota-united-fc-1015,teams/usa-minnesota-united-fc.png,Minnesota United,/clubs/vancouver-whitecaps-fc-5,teams/canada-vancouver-whitecaps-fc.png,Vancouver Whitecaps,1.24,1.0,1.0,0.5,2.33,0.5,100,100,75,0,0,100,100,100,1.0,0.95,1.95,/usa/vancouver-whitecaps-fc-vs-minnesota-united-fc-h2h-stats#4926002,8777,34,True,True,False,False,False,False,True,['40'],['90+8']
MLS,2023,8777,4926003,677447,8043,2023,complete,96848,0,-1,[],['48'],0,1,1,3,2,5,0,1,2,4,0,0,3,7,8,5,11,12,10,14,61,39,13967,24795,40182,,,2,4,1.95,3.3,3.9,1.05,1.3,2.03,3.3,6.0,10.0,3.2,1.85,1.29,1.09,1.83,2.0,2.6,1.44,3.8,1.22,1.29,1.33,1.85,2.76,2.09,4.41,2.33,2.3,3.88,0,0,1.21,1.39,1.78,2.19,3.0,3.74,2.65,2.05,1.68,1.32,1.39,6.5,3.6,1.7,9.0,2.4,0.0,0.0,1.41,2.9,8.25,26.0,2.9,1.37,1.07,1.01,1.29,2.2,4.5,10.0,3.4,1.62,1.16,1.04,0,0,0,0,1,0,0,0,1,1,0,1679790600,8043,0,25,25,25,0,-1,2,1,2,1,1,1,3,2,0,2,2,2,2,4,1,60,26,106,66,1.34,1.44,2.78,0,0,0,0,0,0,1,1,0,0,0,0,0,0,1,21,17,-1,-1,-1,1,10,12,25,25,25,75,75,25,75,75,25,12.0,3.0,2.0,2.5,/clubs/nashville-sc-mls-677447,teams/usa-nashville-sc-mls.png,Nashville SC,/clubs/fc-cincinnati-8043,teams/usa-fc-cincinnati.png,FC Cincinnati,1.72,1.61,3.0,1.0,1.75,2.0,75,75,75,25,25,75,75,75,1.17,1.5,2.67,/usa/fc-cincinnati-vs-nashville-sc-mls-h2h-stats#4926003,8777,36,True,False,False,False,False,False,False,[],['48']
MLS,2023,8777,4926004,14,945555,2023,complete,96848,0,-1,[],"['47', '61', '66', '76']",0,4,4,9,4,13,3,0,3,2,0,0,8,8,3,3,11,11,8,20,61,39,14023,8,36880,,,3,2,2.3,3.5,2.88,1.05,1.25,1.6,2.8,5.0,9.75,3.6,2.1,1.38,1.14,1.65,2.1,2.8,1.37,4.2,1.19,1.28,1.29,1.75,2.56,2.17,4.0,2.25,2.5,3.5,0,0,1.22,1.44,1.8,2.27,3.04,3.64,2.58,1.95,1.56,1.31,1.53,8.2,3.22,1.73,12.0,2.3,3.3,6.5,1.36,2.55,6.25,16.5,2.9,1.44,1.1,1.01,1.21,1.93,3.9,9.25,4.0,1.75,1.22,1.05,0,0,0,0,4,0,0,0,4,4,0,1679794200,945555,0,100,100,25,0,19508,2,1,3,1,6,3,4,9,1,0,2,2,1,4,1,57,44,157,91,1.69,1.58,3.27,0,0,0,0,0,0,1,1,0,0,0,1,0,0,1,18,16,-1,-1,-1,1,5,5,25,25,100,100,100,100,100,50,25,15.0,4.0,2.5,3.5,/clubs/real-salt-lake-14,teams/usa-real-salt-lake.png,Real Salt Lake,/clubs/st-louis-city-sc-945555,teams/usa-st-louis-city-sc.png,St. Louis City,1.28,1.17,0.0,3.0,1.0,3.0,75,75,0,0,0,100,100,100,1.76,1.47,3.23,/usa/real-salt-lake-vs-st-louis-city-sc-h2h-stats#4926004,8777,36,True,True,True,True,False,False,False,[],"['47', '61', '66', '76']"
MLS,2023,8777,4926005,6490,13,2023,complete,96848,0,-1,"['3', '84']",['73'],2,1,3,7,0,7,2,1,2,4,0,1,6,3,10,2,16,5,10,10,58,42,19912,39588,21189,,,2,6,1.6,3.9,5.5,1.02,1.22,1.61,2.7,5.0,15.0,4.2,2.05,1.4,1.16,1.78,2.01,2.3,1.55,5.5,1.11,1.15,1.18,2.35,2.2,2.28,4.8,1.95,2.8,4.75,0,0,1.18,1.35,1.63,2.1,2.8,4.2,2.8,2.05,1.61,1.35,1.44,9.1,3.54,1.46,14.0,2.75,0.0,0.0,1.3,2.5,6.0,17.0,3.2,1.45,1.11,1.02,1.19,1.93,3.92,8.5,4.4,1.82,1.23,1.05,0,0,0,0,3,1,0,1,1,2,1,1679797800,6490,0,75,50,25,0,-1,2,1,2,0,5,0,2,5,1,2,1,3,3,4,1,89,29,127,79,2.07,0.75,2.82,1,0,0,0,1,0,1,1,1,0,2,0,0,0,1,15,14,-1,-1,-1,1,0,4,25,50,50,100,100,75,100,50,50,13.0,3.5,3.5,3.25,/clubs/los-angeles-fc-6490,teams/usa-los-angeles-fc.png,Los Angeles FC,/clubs/fc-dallas-13,teams/usa-fc-dallas.png,FC Dallas,2.05,0.95,3.0,1.0,2.33,1.75,75,50,50,0,0,100,100,100,1.72,1.22,2.94,/usa/fc-dallas-vs-los-angeles-fc-h2h-stats#4926005,8777,37,True,True,True,False,False,False,True,"['3', '84']",['73']
MLS,2023,8777,4926006,15,19,2023,complete,96848,0,-1,[],[],0,0,0,6,3,9,3,2,1,1,0,0,2,2,11,6,13,8,10,9,46,54,24,12956,211,,,1,1,1.91,3.6,3.7,1.0,1.18,1.67,2.6,5.0,11.0,4.2,2.0,1.42,1.13,1.66,2.18,2.75,1.39,4.6,1.16,1.22,1.26,2.02,2.44,2.21,4.2,2.09,2.68,4.15,0,0,1.2,1.39,1.7,2.2,2.95,3.9,2.65,1.98,1.57,1.32,1.49,8.9,3.3,1.65,11.0,2.35,0.0,0.0,1.34,2.67,6.0,19.0,3.4,1.51,1.11,1.02,1.19,1.9,3.8,9.0,4.4,1.8,1.22,1.04,0,0,0,0,0,0,0,0,0,0,0,1679797800,-1,0,75,0,50,0,-1,2,1,1,1,5,2,2,7,1,0,0,1,1,1,1,82,39,115,101,1.55,0.94,2.49,0,0,0,0,0,0,1,1,0,0,0,1,0,0,1,22,20,-1,-1,-1,1,8,16,25,25,50,75,100,0,50,100,75,9.0,4.0,3.0,2.75,/clubs/san-jose-earthquakes-15,teams/usa-san-jose-earthquakes.png,SJ Earthquakes,/clubs/toronto-fc-19,teams/canada-toronto-fc.png,Toronto,1.82,0.24,3.0,0.5,1.5,1.25,75,75,50,25,0,50,25,25,1.54,0.84,2.38,/usa/san-jose-earthquakes-vs-toronto-fc-h2h-stats#4926006,8777,34,False,False,False,False,False,False,False,[],[]
MLS,2023,8777,4926007,1016,4,2023,complete,96848,0,-1,['7'],[],1,0,1,3,5,8,0,3,4,6,0,0,4,2,3,12,7,14,14,16,59,41,58,40852,11574,,,4,6,2.12,3.5,3.45,1.04,1.28,1.87,3.3,6.5,13.0,3.6,1.94,1.32,1.12,1.75,2.0,2.75,1.38,3.9,1.22,1.3,1.25,1.8,2.63,2.2,4.0,2.3,2.55,3.6,0,0,1.2,1.38,1.68,2.15,2.95,4.0,2.7,1.98,1.57,1.32,1.45,6.5,3.25,1.62,11.0,2.5,3.6,5.8,1.4,2.75,8.0,21.0,2.75,1.4,1.08,1.02,1.22,2.1,4.5,10.0,4.0,1.68,1.18,1.03,0,0,0,0,1,1,0,0,0,0,1,1680391800,1016,0,84,0,34,0,-1,2,1,0,5,3,0,5,3,2,4,2,2,6,4,1,28,42,84,108,0.94,1.33,2.27,0,0,0,0,0,0,1,1,1,0,0,0,0,1,1,2,5,-1,-1,-1,-1,-1,-1,17,17,34,84,100,17,67,100,50,9.67,5.67,5.0,2.67,/clubs/atlanta-united-fc-1016,teams/usa-atlanta-united-fc.png,Atlanta United FC,/clubs/new-york-red-bulls-4,teams/usa-new-york-red-bulls.png,New York RB,2.06,0.94,2.33,0.67,2.0,1.2,84,84,67,17,0,50,33,33,1.92,1.46,3.38,/usa/new-york-red-bulls-vs-atlanta-united-fc-h2h-stats#4926007,8777,37,True,False,False,False,False,False,False,['7'],[]
MLS,2023,8777,4926008,8043,677446,2023,complete,96848,0,-1,['45+5'],[],1,0,1,4,4,8,3,0,3,2,0,0,4,3,4,4,8,7,11,16,38,62,20,40182,28121,,,3,2,1.77,3.95,4.3,1.03,1.19,1.75,3.0,5.2,13.0,4.0,2.05,1.38,1.12,1.75,2.0,2.4,1.5,5.0,1.13,1.17,1.24,1.97,2.25,2.3,5.0,1.95,2.7,4.33,0,0,1.25,1.47,1.83,2.45,3.4,3.5,2.4,1.8,1.46,1.26,1.41,6.5,3.55,1.44,14.5,2.88,2.88,8.0,1.33,2.63,6.5,19.0,3.25,1.44,1.11,1.02,1.18,1.94,4.2,10.0,4.5,1.78,1.2,1.05,0,0,0,0,1,1,0,0,0,0,1,1680391800,8043,0,25,25,0,0,-1,2,1,3,0,1,4,3,5,1,2,2,0,3,2,1,31,58,92,147,1.02,1.09,2.11,0,0,0,0,0,0,1,1,0,0,1,0,0,0,1,2,6,-1,-1,-1,-1,-1,-1,0,0,25,50,100,25,50,75,25,5.5,3.0,5.0,1.75,/clubs/fc-cincinnati-8043,teams/usa-fc-cincinnati.png,FC Cincinnati,/clubs/club-internacional-de-futbol-miami-677446,teams/usa-club-internacional-de-futbol-miami.png,Inter Miami,2.35,0.65,3.0,0.0,2.2,1.2,100,100,75,50,0,25,0,0,1.18,0.93,2.11,/usa/fc-cincinnati-vs-club-internacional-de-futbol-miami-h2h-stats#4926008,8777,34,True,False,False,False,False,False,False,['45+5'],[]
MLS,2023,8777,4926009,9,14,2023,complete,96848,0,-1,"['14', '41', '53', '90+3']",[],4,0,4,4,2,6,1,4,1,2,0,0,6,5,7,1,13,6,13,9,59,41,69,39282,8,,,1,2,2.05,3.6,3.5,1.04,1.22,1.8,2.85,5.2,15.0,3.85,2.0,1.37,1.12,1.7,2.05,2.63,1.43,4.75,1.15,1.23,1.26,1.9,2.4,2.3,4.33,2.1,2.5,3.75,0,0,1.2,1.39,1.68,2.2,2.95,3.9,2.7,1.98,1.57,1.32,1.4,6.75,3.4,1.53,14.0,2.6,3.0,7.5,1.33,2.63,6.5,19.0,3.25,1.44,1.11,1.02,1.2,1.9,4.0,10.0,4.33,1.8,1.22,1.06,0,0,0,0,4,2,0,2,0,2,2,1680391800,9,0,50,0,25,0,-1,2,1,1,0,3,2,1,5,0,1,1,1,1,2,1,74,39,124,84,1.78,1.02,2.8,1,0,1,0,0,0,1,1,0,0,1,0,0,0,1,4,3,-1,-1,-1,-1,-1,-1,25,25,50,100,100,25,100,75,50,10.0,2.0,2.0,3.5,/clubs/columbus-crew-9,teams/usa-columbus-crew.png,Columbus Crew,/clubs/real-salt-lake-14,teams/usa-real-salt-lake.png,Real Salt Lake,2.45,1.53,3.0,1.5,1.4,0.75,75,75,50,0,0,75,50,25,1.35,1.15,2.5,/usa/columbus-crew-vs-real-salt-lake-h2h-stats#4926009,8777,37,True,True,True,True,False,False,False,"['14', '41', '53', '90+3']",[]
MLS,2023,8777,4926010,10,18,2023,complete,96848,0,-1,['63'],"['21', '35']",1,2,3,13,2,15,2,1,2,3,0,0,8,3,9,2,17,5,8,14,61,39,3,2,25,,,2,3,2.12,3.6,3.35,1.03,1.2,1.8,2.95,5.75,13.0,4.0,2.0,1.39,1.14,1.62,2.2,3.2,1.3,4.0,1.2,1.37,1.3,1.7,2.75,2.25,3.6,2.4,2.55,3.2,0,0,1.2,1.38,1.68,2.15,2.95,4.0,2.7,1.98,1.57,1.32,1.44,6.5,3.25,1.67,10.0,2.3,0.0,0.0,1.33,2.63,6.5,19.0,3.25,1.44,1.11,1.02,1.18,1.97,4.25,10.5,4.4,1.76,1.19,1.04,0,0,0,0,3,0,2,1,0,1,2,1680391800,18,0,75,75,0,0,-1,2,1,4,0,9,2,4,11,0,0,2,3,0,5,1,89,28,151,91,2.28,0.74,3.03,0,0,0,0,0,0,1,1,0,0,1,0,0,0,-1,-1,-1,-1,-1,-1,-1,-1,-1,25,25,25,75,100,75,75,50,25,16.0,3.5,2.0,2.5,/clubs/la-galaxy-10,teams/usa-la-galaxy.png,LA Galaxy,/clubs/seattle-sounders-fc-18,teams/usa-seattle-sounders-fc.png,Seattle Sounders,1.41,1.44,1.0,1.5,0.75,2.0,75,75,75,25,0,50,50,50,1.86,1.12,2.98,/usa/la-galaxy-vs-seattle-sounders-fc-h2h-stats#4926010,8777,34,True,True,True,False,False,False,True,['63'],"['21', '35']"
MLS,2023,8777,4926011,11,2,2023,complete,96848,0,-1,['70'],['80'],1,1,2,4,9,13,2,1,0,1,0,0,3,3,4,6,7,9,10,13,42,58,31,21032,27505,,,0,1,2.18,3.4,3.35,1.05,1.3,1.93,3.2,6.0,11.0,3.45,1.88,1.28,1.09,1.75,2.0,2.88,1.36,3.8,1.22,1.29,1.25,1.7,2.75,2.2,3.75,2.4,2.5,3.4,0,0,1.22,1.42,1.75,2.25,3.1,3.75,2.55,1.9,1.52,1.29,1.64,6.0,2.65,1.67,10.5,2.38,0.0,0.0,1.4,2.75,8.0,21.0,2.75,1.4,1.08,1.02,1.25,2.15,4.5,10.0,3.75,1.68,1.18,1.03,0,0,0,0,2,0,0,1,1,2,0,1680391800,-1,0,17,0,0,0,-1,2,1,4,1,0,8,5,8,0,1,0,0,1,0,1,42,55,95,111,0.97,1.19,2.15,0,0,0,0,0,0,1,1,0,0,0,1,0,0,1,8,3,-1,-1,-1,-1,-1,-1,0,0,25,59,100,0,59,100,25,7.0,4.0,4.83,1.84,/clubs/new-england-revolution-11,teams/usa-new-england-revolution.png,New England Revolution,/clubs/new-york-city-fc-2,teams/usa-new-york-city-fc.png,New York City,2.22,0.65,3.0,0.33,2.4,1.4,100,100,75,42,0,59,59,42,1.17,0.82,1.99,/usa/new-york-city-fc-vs-new-england-revolution-h2h-stats#4926011,8777,34,True,True,False,False,False,False,True,['70'],['80']
MLS,2023,8777,4926012,17,677447,2023,complete,96848,0,-1,[],"['28', '74']",0,2,2,10,2,12,1,3,2,3,0,0,6,3,6,3,12,6,13,11,64,36,11,21031,24795,,,2,3,2.48,3.4,2.85,1.06,1.29,2.01,3.5,7.25,10.0,3.15,1.81,1.25,1.09,1.8,1.95,2.9,1.36,3.3,1.29,1.3,1.35,1.52,3.1,2.1,3.5,2.75,2.3,3.0,0,0,1.29,1.55,1.95,2.65,3.75,3.2,2.2,1.7,1.4,1.22,1.8,6.0,2.4,1.8,9.25,2.2,0.0,0.0,1.44,3.0,9.0,23.0,2.63,1.36,1.07,1.01,1.25,2.2,5.0,13.0,3.75,1.62,1.17,1.04,0,0,0,0,2,0,1,0,1,1,1,1680391800,677447,0,17,0,0,0,-1,2,1,2,1,8,1,3,9,0,2,2,1,2,3,1,67,31,120,70,1.67,0.82,2.49,0,0,0,0,0,0,1,1,0,0,0,1,0,0,1,3,3,-1,-1,-1,-1,-1,-1,0,0,17,17,59,17,17,59,0,10.83,6.0,4.67,0.92,/clubs/orlando-city-sc-17,teams/usa-orlando-city-sc.png,Orlando City,/clubs/nashville-sc-mls-677447,teams/usa-nashville-sc-mls.png,Nashville SC,1.84,1.0,1.33,0.5,1.6,1.4,100,100,84,84,42,25,25,25,1.1,0.83,1.93,/usa/orlando-city-sc-vs-nashville-sc-mls-h2h-stats#4926012,8777,36,True,True,False,False,False,False,False,[],"['28', '74']"
MLS,2023,8777,4926013,16,8,2023,complete,96848,0,-1,[],[],0,0,0,3,8,11,2,0,3,2,0,0,4,4,8,5,12,9,14,11,51,49,13864,12,18,,,3,2,1.61,4.1,5.4,1.03,1.25,1.83,3.1,5.75,13.0,3.75,1.98,1.33,1.11,1.91,1.91,2.25,1.57,5.25,1.13,1.12,1.2,2.18,2.2,2.3,5.5,1.91,2.6,5.0,0,0,1.27,1.5,1.88,2.5,3.5,3.3,2.3,1.75,1.43,1.24,1.39,6.5,3.55,1.4,10.25,3.2,2.62,9.0,1.36,2.63,7.0,21.0,3.0,1.44,1.1,1.02,1.22,1.9,4.33,11.0,4.0,1.71,1.2,1.05,0,0,0,0,0,0,0,0,0,0,0,1680396000,-1,0,50,34,0,0,-1,2,1,0,7,3,1,7,4,2,1,1,1,3,2,1,30,34,104,113,1.27,1.11,2.38,0,0,0,0,0,0,1,1,0,0,0,1,0,0,-1,-1,-1,-1,-1,-1,-1,-1,-1,17,17,50,50,84,34,67,50,33,12.33,6.66,3.67,2.17,/clubs/philadelphia-union-16,teams/usa-philadelphia-union.png,Philadelphia Union,/clubs/sporting-kansas-city-8,teams/usa-sporting-kansas-city.png,Sporting KC,2.17,0.95,2.0,0.33,1.2,0.4,84,84,50,50,17,50,50,50,1.61,1.53,3.14,/usa/sporting-kansas-city-vs-philadelphia-union-h2h-stats#4926013,8777,37,False,False,False,False,False,False,False,[],[]
MLS,2023,8777,4926014,19,711351,2023,complete,96848,0,-1,"['6', '44']","['50', '70']",2,2,4,10,7,17,3,2,3,2,0,0,5,4,1,6,6,10,13,19,46,54,13851,211,44668,,,3,2,2.1,3.6,3.4,1.03,1.2,1.8,2.95,5.75,13.0,3.95,2.0,1.39,1.15,1.62,2.2,2.95,1.35,4.2,1.2,1.3,1.3,1.67,2.63,2.25,3.75,2.38,2.5,3.4,0,0,1.22,1.42,1.75,2.25,3.1,3.75,2.55,1.9,1.52,1.29,1.74,5.75,2.5,1.62,12.0,2.38,3.5,6.5,1.33,2.63,6.5,19.0,3.25,1.44,1.11,1.02,1.2,1.83,4.0,9.0,4.33,1.76,1.22,1.04,0,0,0,0,4,2,0,0,2,2,2,1680391800,-1,0,75,25,0,0,-1,2,1,8,0,2,7,8,9,2,0,1,2,2,3,1,38,48,108,112,1.02,1.27,2.29,0,0,0,0,0,0,1,1,1,0,1,0,0,0,1,3,4,-1,-1,-1,-1,-1,-1,0,25,50,100,100,50,75,100,25,6.0,4.5,7.5,2.75,/clubs/toronto-fc-19,teams/canada-toronto-fc.png,Toronto,/clubs/charlotte-fc-711351,teams/usa-charlotte-fc.png,Charlotte,1.06,0.94,2.0,1.5,1.2,0.8,100,75,50,0,0,50,25,0,1.17,0.94,2.11,/usa/toronto-fc-vs-charlotte-fc-h2h-stats#4926014,8777,34,True,True,True,True,False,False,True,"['6', '44']","['50', '70']"
MLS,2023,8777,4926015,7,13401,2023,complete,96848,0,-1,[],[],0,0,0,9,3,12,2,1,0,2,0,0,2,3,5,5,7,8,17,19,58,42,84,10695,38056,,,0,2,1.88,3.6,4.1,1.05,1.27,1.91,3.07,5.85,9.6,3.8,1.97,1.35,1.14,1.79,2.0,2.5,1.48,4.33,1.18,1.23,1.22,1.96,2.51,2.12,4.35,2.1,2.57,4.0,0,0,1.25,1.47,1.83,2.45,3.4,3.5,2.4,1.8,1.46,1.26,1.51,6.0,3.1,1.53,9.6,2.75,3.1,7.0,1.36,2.75,7.0,21.0,3.0,1.4,1.1,1.02,1.22,1.95,4.4,10.0,4.05,1.74,1.19,1.03,0,0,0,0,0,0,0,0,0,0,0,1680395400,-1,0,75,25,50,0,-1,2,1,5,2,4,1,7,5,0,1,0,1,1,1,1,53,57,115,116,0.98,1.14,2.12,0,0,0,0,0,0,1,1,0,0,1,1,0,0,1,22,31,-1,-1,-1,1,6,9,50,50,50,100,100,75,100,75,50,13.0,4.0,5.5,3.75,/clubs/chicago-fire-7,teams/usa-chicago-fire.png,Chicago Fire,/clubs/dc-united-13401,teams/usa-dc-united.png,DC United,1.47,0.94,1.0,0.0,1.25,0.8,50,50,50,0,0,75,75,25,0.98,1.26,2.24,/usa/chicago-fire-vs-dc-united-h2h-stats#4926015,8777,34,False,False,False,False,False,False,False,[],[]
MLS,2023,8777,4926016,13,20,2023,complete,96848,0,-1,['74'],['90+1'],1,1,2,11,2,13,2,2,4,0,0,0,6,2,6,1,12,3,15,10,59,41,7,21189,7206,,,4,0,1.69,3.95,4.9,1.0,1.23,1.8,2.75,5.0,10.5,3.75,2.0,1.38,1.12,1.78,1.97,2.4,1.49,5.25,1.14,1.17,1.23,2.15,2.31,2.22,4.6,1.93,2.71,4.85,0,0,1.2,1.39,1.7,2.2,2.95,3.9,2.65,1.98,1.57,1.32,1.32,7.0,4.25,1.52,10.5,2.95,2.75,0.0,1.33,2.58,6.2,16.0,3.14,1.47,1.1,1.02,1.2,1.96,3.8,8.75,4.3,1.79,1.23,1.04,0,0,0,0,2,0,0,1,1,2,0,1680395400,-1,0,84,17,50,0,-1,2,1,3,1,8,1,4,9,2,0,2,0,2,2,1,53,31,99,80,1.56,0.57,2.13,0,0,0,0,0,0,1,1,0,0,0,0,0,0,1,16,17,-1,-1,-1,1,5,12,50,67,84,84,100,67,84,100,84,10.0,3.83,5.33,4.09,/clubs/fc-dallas-13,teams/usa-fc-dallas.png,FC Dallas,/clubs/portland-timbers-20,teams/usa-portland-timbers.png,Portland Timbers,1.72,0.76,2.0,0.0,1.4,0.8,50,34,17,17,0,75,42,42,1.14,1.06,2.2,/usa/fc-dallas-vs-portland-timbers-h2h-stats#4926016,8777,34,True,True,False,False,False,False,True,['74'],['90+1']
MLS,2023,8777,4926017,945555,1015,2023,complete,96848,0,-1,[],['78'],0,1,1,4,4,8,0,4,3,2,0,0,3,1,11,6,14,7,13,10,55,45,13889,36880,5,,,3,2,1.92,3.75,3.8,1.04,1.22,1.7,2.88,5.3,15.0,4.5,2.1,1.43,1.14,1.65,2.18,2.65,1.41,4.8,1.15,1.23,1.27,2.06,2.3,2.33,4.4,2.08,2.7,4.1,0,0,1.22,1.42,1.75,2.3,3.1,3.7,2.55,1.9,1.52,1.29,1.42,8.0,3.5,1.5,14.0,2.63,3.1,7.5,1.35,2.63,6.4,18.0,3.22,1.51,1.1,1.01,1.19,1.87,3.7,8.5,4.33,1.82,1.24,1.06,0,0,0,0,1,0,0,0,1,1,0,1680395400,1015,0,50,25,25,0,22423,2,1,4,2,0,2,6,2,1,1,2,1,2,3,1,63,48,131,101,1.56,0.87,2.43,0,1,0,1,0,0,1,1,0,0,0,1,0,0,1,20,19,-1,-1,-1,1,10,18,0,25,75,75,100,50,50,100,25,7.5,4.0,4.0,2.75,/clubs/st-louis-city-sc-945555,teams/usa-st-louis-city-sc.png,St. Louis City,/clubs/minnesota-united-fc-1015,teams/usa-minnesota-united-fc.png,Minnesota United,1.94,1.18,3.0,3.0,3.0,2.0,100,75,25,25,0,50,25,25,1.55,1.06,2.61,/usa/minnesota-united-fc-vs-st-louis-city-sc-h2h-stats#4926017,8777,34,True,False,False,False,False,False,False,[],['78']
MLS,2023,8777,4926018,12,6490,2023,complete,96848,0,-1,[],[],0,0,0,10,3,13,2,2,1,1,0,0,4,2,4,7,8,9,8,11,52,48,36,11434,39588,,,1,1,3.2,3.55,2.19,1.04,1.19,1.7,2.75,5.2,14.0,4.35,2.1,1.41,1.14,1.56,2.35,4.33,1.18,3.2,1.3,1.73,1.3,1.35,3.7,2.25,2.65,3.4,2.6,2.4,0,0,1.2,1.38,1.68,2.15,2.95,4.0,2.7,1.98,1.57,1.32,2.3,6.0,1.83,2.25,10.5,1.67,6.0,4.2,1.26,2.55,6.4,18.0,3.25,1.47,1.1,1.01,1.17,1.89,3.95,9.5,4.6,1.83,1.22,1.05,0,0,0,0,0,0,0,0,0,0,0,1680399000,-1,0,25,0,25,0,-1,2,1,5,1,5,2,6,7,0,0,1,1,0,2,1,33,28,86,99,1.03,0.92,1.96,0,0,0,0,0,0,1,1,0,0,0,0,0,0,1,25,23,-1,-1,-1,1,12,7,0,0,25,25,25,0,0,25,25,5.5,0.5,6.5,0.75,/clubs/colorado-rapids-12,teams/usa-colorado-rapids.png,Colorado Rapids,/clubs/los-angeles-fc-6490,teams/usa-los-angeles-fc.png,Los Angeles FC,1.0,1.25,0.5,1.0,0.4,2.5,100,100,75,75,75,50,50,50,1.23,1.09,2.32,/usa/colorado-rapids-vs-los-angeles-fc-h2h-stats#4926018,8777,34,False,False,False,False,False,False,False,[],[]
MLS,2023,8777,4926019,15,6,2023,complete,96848,0,-1,"['7', '65']",['42'],2,1,3,5,2,7,0,0,3,2,0,0,3,3,5,1,8,4,11,13,48,52,45098,12956,20,,,3,2,1.87,3.75,4.0,1.03,1.22,1.8,2.95,5.5,13.0,4.0,2.0,1.4,1.15,1.68,2.15,2.63,1.43,4.75,1.15,1.22,1.22,2.0,2.49,2.2,4.1,2.2,2.7,4.0,0,0,1.22,1.33,1.6,2.05,2.7,4.1,2.9,2.1,1.65,1.38,1.3,6.75,4.15,1.53,10.25,2.63,0.0,0.0,1.33,2.6,6.0,19.0,3.25,1.47,1.11,1.02,1.2,1.95,4.0,9.0,4.33,1.8,1.22,1.04,0,0,0,0,3,1,1,1,0,1,2,1680402600,15,0,42,25,0,0,-1,2,1,3,0,2,2,3,4,2,1,1,1,3,2,1,46,49,107,117,1.06,0.84,1.9,2,1,2,1,0,0,1,1,1,0,0,0,0,0,1,20,23,-1,-1,-1,1,6,7,0,0,67,67,84,25,67,84,42,12.33,3.0,4.67,2.17,/clubs/san-jose-earthquakes-15,teams/usa-san-jose-earthquakes.png,SJ Earthquakes,/clubs/houston-dynamo-6,teams/usa-houston-dynamo.png,Houston Dynamo,1.82,0.79,2.33,0.0,1.4,1.5,100,100,34,34,17,34,17,17,1.54,1.65,3.19,/usa/houston-dynamo-vs-san-jose-earthquakes-h2h-stats#4926019,8777,35,True,True,True,False,False,False,True,"['7', '65']",['42']
MLS,2023,8777,4926020,5,1,2023,complete,96848,0,-1,"['38', '43', '45', '48', '59']",[],5,0,5,6,1,7,1,1,1,3,0,1,9,0,11,3,20,3,8,10,64,36,13841,41087,36107,,,1,5,2.16,3.5,3.3,1.03,1.24,1.8,3.0,6.0,11.0,4.1,2.0,1.35,1.14,1.62,2.23,3.0,1.33,4.0,1.2,1.36,1.32,1.71,2.78,2.14,3.65,2.48,2.55,3.4,0,0,1.22,1.42,1.75,2.25,3.1,3.75,2.55,1.9,1.52,1.29,1.68,6.0,2.6,1.79,10.25,2.29,3.75,5.8,1.3,2.65,7.0,19.0,3.2,1.43,1.09,1.02,1.19,1.98,4.3,10.5,4.35,1.75,1.19,1.04,0,0,0,0,5,3,0,2,0,2,3,1680402600,5,0,50,25,0,0,-1,2,1,3,1,3,0,4,3,0,3,1,1,3,2,1,61,27,126,66,2.33,0.39,2.73,0,0,0,0,0,0,1,1,0,0,0,0,0,0,1,18,16,-1,-1,-1,1,1,3,0,0,25,84,100,25,84,75,25,14.33,4.0,2.33,2.09,/clubs/vancouver-whitecaps-fc-5,teams/canada-vancouver-whitecaps-fc.png,Vancouver Whitecaps,/clubs/montreal-impact-1,teams/canada-montreal-impact.png,Montreal Impact,1.67,0.47,0.5,0.0,0.6,0.75,100,100,75,17,0,84,84,84,1.7,1.19,2.89,/usa/montreal-impact-vs-vancouver-whitecaps-fc-h2h-stats#4926020,8777,34,True,True,True,True,True,False,False,"['38', '43', '45', '48', '59']",[]
MLS,2023,8777,4926021,8043,16,2023,complete,96848,0,-1,['69'],[],1,0,1,1,4,5,1,1,1,2,0,0,2,4,4,4,6,8,8,14,64,36,15,40182,12,,,1,2,2.0,3.6,3.5,1.04,1.24,1.75,2.82,5.25,13.75,4.13,2.05,1.44,1.16,1.62,2.2,3.2,1.3,3.8,1.22,1.36,1.33,1.55,2.75,2.2,3.4,2.5,2.6,3.1,0,0,1.22,1.42,1.83,2.25,3.1,3.75,2.55,1.98,1.52,1.3,1.68,6.0,2.55,1.8,14.0,2.1,4.33,5.5,1.36,2.65,6.5,19.0,3.1,1.45,1.1,1.01,1.2,1.95,4.0,9.0,4.33,1.8,1.22,1.04,0,0,0,0,1,0,0,1,0,1,0,1680996600,8043,0,42,17,25,0,-1,2,1,0,2,1,2,2,3,0,1,1,1,1,2,1,32,35,141,87,0.78,1.05,1.83,1,0,1,0,0,0,1,1,0,0,0,0,0,0,1,10,4,-1,-1,-1,-1,-1,-1,25,25,42,67,100,17,84,84,25,7.0,4.5,6.17,2.59,/clubs/fc-cincinnati-8043,teams/usa-fc-cincinnati.png,FC Cincinnati,/clubs/philadelphia-union-16,teams/usa-philadelphia-union.png,Philadelphia Union,2.35,1.16,3.0,0.0,2.33,1.17,75,75,59,34,0,50,50,50,1.13,1.4,2.53,/usa/philadelphia-union-vs-fc-cincinnati-h2h-stats#4926021,8777,37,True,False,False,False,False,False,False,['69'],[]
MLS,2023,8777,4926022,13401,9,2023,complete,96848,0,-1,[],"['39', '47']",0,2,2,2,4,6,2,0,3,2,0,0,5,5,6,3,11,8,11,12,44,56,13812,38056,39282,,,3,2,2.6,3.4,2.63,1.05,1.29,1.9,3.18,6.1,12.25,3.67,1.87,1.36,1.13,1.72,2.1,3.3,1.28,3.25,1.29,1.5,1.32,1.48,3.15,2.1,3.1,2.8,2.55,2.75,0,0,1.26,1.5,2.0,2.5,3.5,3.3,2.35,1.8,1.44,1.24,1.95,5.75,2.2,1.95,12.0,1.95,4.75,4.33,1.4,2.8,7.0,23.0,3.0,1.4,1.08,1.02,1.19,2.0,3.9,10.0,4.5,1.68,1.17,1.03,0,0,0,0,2,0,1,0,1,1,1,1680996600,9,0,100,17,34,0,-1,2,1,1,3,1,1,4,2,1,1,2,1,2,3,1,55,62,107,123,1.45,1.32,2.77,0,1,0,1,0,0,1,1,0,0,0,1,0,0,1,2,2,-1,-1,-1,-1,-1,-1,33,33,67,100,100,17,84,100,84,9.66,3.0,5.0,3.33,/clubs/dc-united-13401,teams/usa-dc-united.png,DC United,/clubs/columbus-crew-9,teams/usa-columbus-crew.png,Columbus Crew,1.41,1.15,1.33,0.33,0.83,1.67,67,67,33,0,0,33,33,17,1.46,1.11,2.57,/usa/columbus-crew-vs-dc-united-h2h-stats#4926022,8777,34,True,True,False,False,False,False,False,[],"['39', '47']"
MLS,2023,8777,4926023,6490,698284,2023,complete,96848,0,-1,"['40', '57', '68']",[],3,0,3,10,3,13,1,0,0,1,0,0,6,4,12,5,18,9,10,7,49,51,13864,39588,2339,,,0,1,1.44,4.75,6.5,1.03,1.18,1.53,2.4,4.25,18.75,4.88,2.2,1.55,1.23,1.68,2.15,2.45,1.47,6.25,1.1,1.12,1.2,2.45,2.1,2.5,5.0,1.86,2.86,4.85,0,0,1.14,1.34,1.6,2.05,2.7,4.7,2.9,2.1,1.65,1.37,1.23,7.5,5.25,1.45,19.0,2.75,0.0,13.0,1.28,2.3,5.25,15.0,3.5,1.55,1.14,1.01,1.16,1.8,3.6,8.0,4.75,1.95,1.25,1.06,0,0,0,0,3,1,0,2,0,2,1,1680996600,6490,0,59,25,34,0,22199,2,1,3,2,7,1,5,8,0,0,0,1,0,1,1,52,36,121,113,1.94,1.12,3.06,0,0,0,0,0,0,1,1,0,0,0,2,0,0,-1,-1,-1,-1,-1,-1,-1,-1,-1,17,34,75,100,100,42,75,75,75,10.5,3.17,3.17,3.25,/clubs/los-angeles-fc-6490,teams/usa-los-angeles-fc.png,Los Angeles FC,/clubs/austin-fc-698284,teams/usa-austin-fc.png,Austin,2.05,0.82,3.0,1.5,2.2,1.4,84,67,25,0,0,84,84,84,1.84,1.08,2.92,/usa/los-angeles-fc-vs-austin-fc-h2h-stats#4926023,8777,34,True,True,True,False,False,False,False,"['40', '57', '68']",[]
MLS,2023,8777,4926024,677446,13,2023,complete,96848,0,-1,[],['27'],0,1,1,5,2,7,3,2,1,4,0,0,3,8,6,6,9,14,10,13,69,31,45125,28121,21189,,,1,4,2.3,3.4,3.0,1.05,1.29,1.95,3.1,6.0,9.0,3.3,1.83,1.31,1.11,1.72,1.98,2.9,1.36,3.6,1.25,1.36,1.3,1.61,2.8,2.05,3.5,2.5,2.5,3.2,0,0,1.25,1.47,1.85,2.4,3.4,3.5,2.4,1.95,1.46,1.26,1.8,5.75,2.45,1.8,12.0,2.15,3.6,0.0,1.39,2.75,7.25,19.5,2.75,1.39,1.08,1.01,1.23,2.15,4.33,10.5,4.4,1.65,1.17,1.04,0,0,0,0,1,0,1,0,0,0,1,1680996600,13,0,67,42,42,0,-1,2,1,2,0,3,2,2,5,0,1,1,3,1,4,1,74,26,158,75,1.33,1.63,2.97,0,0,0,0,0,0,1,1,0,0,1,0,0,0,1,3,3,-1,-1,-1,-1,-1,-1,17,17,42,100,100,42,100,75,42,7.67,2.17,5.0,2.75,/clubs/club-internacional-de-futbol-miami-677446,teams/usa-club-internacional-de-futbol-miami.png,Inter Miami,/clubs/fc-dallas-13,teams/usa-fc-dallas.png,FC Dallas,1.35,0.95,2.0,0.5,1.0,1.33,84,84,59,0,0,42,42,42,1.36,0.98,2.34,/usa/fc-dallas-vs-club-internacional-de-futbol-miami-h2h-stats#4926024,8777,34,True,False,False,False,False,False,False,[],['27']
MLS,2023,8777,4926025,11,1,2023,complete,96848,0,-1,"['21', '45+4', '50', '86']",[],4,0,4,6,2,8,1,0,0,4,0,0,9,3,7,3,16,6,7,10,58,42,45098,21032,36107,,,0,4,1.67,3.9,4.75,1.02,1.28,1.75,3.2,6.2,9.5,3.6,2.05,1.3,1.08,1.75,2.05,2.65,1.41,4.2,1.2,1.28,1.25,1.87,2.6,2.2,4.2,2.31,2.54,3.74,0,0,1.22,1.42,1.8,2.3,3.1,3.75,2.55,2.0,1.52,1.29,1.54,6.5,2.9,1.73,9.5,2.45,3.1,6.0,1.37,2.75,5.8,23.0,2.85,1.4,1.1,1.01,1.2,2.0,4.1,10.0,4.0,1.72,1.2,1.03,0,0,0,0,4,2,0,2,0,2,2,1680996600,11,0,17,0,17,0,-1,2,1,5,1,1,1,6,2,0,2,0,2,2,2,1,51,50,132,89,2.02,0.96,2.98,1,0,1,0,0,0,1,1,0,0,3,0,0,0,1,4,1,-1,-1,-1,-1,-1,-1,13,13,29,71,100,13,54,100,46,7.58,4.42,3.25,2.25,/clubs/new-england-revolution-11,teams/usa-new-england-revolution.png,New England Revolution,/clubs/montreal-impact-1,teams/canada-montreal-impact.png,Montreal Impact,2.22,0.47,2.33,0.0,2.17,0.6,88,88,71,29,0,59,59,59,1.1,0.99,2.09,/usa/montreal-impact-vs-new-england-revolution-h2h-stats#4926025,8777,34,True,True,True,True,False,False,False,"['21', '45+4', '50', '86']",[]
MLS,2023,8777,4926026,4,15,2023,complete,96848,0,-1,['90+17'],['80'],1,1,2,5,4,9,0,3,2,3,0,0,5,3,7,3,12,6,13,11,51,49,13967,11574,12956,,,2,3,1.67,3.7,5.25,1.05,1.29,2.0,3.23,6.2,12.0,3.62,1.78,1.35,1.13,1.85,1.9,2.3,1.55,4.6,1.17,1.2,1.27,2.05,2.25,2.15,4.8,2.0,2.6,4.4,0,0,1.25,1.47,1.9,2.45,3.4,3.4,2.4,1.9,1.46,1.26,1.3,7.0,4.35,1.55,12.0,2.65,2.7,8.5,1.38,2.7,7.25,23.0,2.85,1.4,1.09,1.02,1.2,2.05,4.0,10.0,4.4,1.65,1.17,1.03,0,0,0,0,2,0,0,1,1,2,0,1680996600,-1,0,50,0,0,0,-1,2,1,2,3,2,1,5,3,1,1,1,2,2,3,1,55,39,126,132,1.52,0.89,2.41,0,0,0,0,0,0,1,1,0,0,0,2,0,0,1,2,6,-1,-1,-1,-1,-1,-1,0,0,75,75,75,25,75,75,50,8.5,4.0,4.5,2.25,/clubs/new-york-red-bulls-4,teams/usa-new-york-red-bulls.png,New York RB,/clubs/san-jose-earthquakes-15,teams/usa-san-jose-earthquakes.png,SJ Earthquakes,1.58,0.78,2.0,0.0,1.0,1.67,100,100,25,25,25,50,50,50,1.16,1.24,2.4,/usa/new-york-red-bulls-vs-san-jose-earthquakes-h2h-stats#4926026,8777,35,True,True,False,False,False,False,True,['90+17'],['80']
MLS,2023,8777,4926027,2,1016,2023,complete,96848,0,-1,['72'],['70'],1,1,2,4,5,9,0,3,3,1,0,1,4,3,6,4,10,7,16,10,51,49,36,27505,40852,,,3,3,2.0,3.6,3.6,1.05,1.26,1.78,3.02,5.7,13.25,3.85,2.0,1.39,1.14,1.72,2.1,2.65,1.41,4.2,1.19,1.28,1.3,1.82,2.5,2.2,4.0,2.2,2.6,3.6,0,0,1.21,1.4,1.71,2.2,3.0,3.9,2.65,1.95,1.55,1.31,1.57,6.0,2.85,1.65,13.0,2.35,3.3,7.0,1.35,2.6,6.75,19.0,2.95,1.42,1.1,1.02,1.18,1.95,3.75,10.0,4.6,1.7,1.19,1.06,0,0,0,0,2,0,0,1,1,2,0,1680996600,-1,0,50,0,50,0,-1,2,1,1,1,2,4,2,6,0,1,3,1,1,4,1,37,42,115,114,1.19,0.97,2.17,0,0,0,0,0,0,1,1,0,0,0,1,0,0,1,3,3,-1,-1,-1,-1,-1,-1,50,50,75,75,100,50,100,50,50,6.5,6.0,6.0,4.0,/clubs/new-york-city-fc-2,teams/usa-new-york-city-fc.png,New York City,/clubs/atlanta-united-fc-1016,teams/usa-atlanta-united-fc.png,Atlanta United FC,1.76,0.89,3.0,1.5,1.33,2.17,50,50,25,25,0,75,50,0,1.44,0.68,2.12,/usa/new-york-city-fc-vs-atlanta-united-fc-h2h-stats#4926027,8777,34,True,True,False,False,False,False,True,['72'],['70']
MLS,2023,8777,4926028,7,1015,2023,complete,96848,0,-1,"['24', '36']",['57'],2,1,3,4,5,9,1,3,1,0,0,0,2,6,8,1,10,7,10,4,52,48,13841,10695,5,,,1,0,2.05,3.5,3.5,1.05,1.26,1.83,2.97,5.55,13.25,3.93,1.95,1.4,1.15,1.7,2.05,2.63,1.43,4.75,1.15,1.22,1.22,1.95,2.4,2.25,4.33,2.1,2.65,3.75,0,0,1.21,1.4,1.71,2.2,3.0,3.9,2.65,1.95,1.55,1.31,1.4,6.5,3.5,1.53,11.0,2.63,3.5,0.0,1.36,2.63,7.0,19.0,3.0,1.44,1.1,1.02,1.2,1.95,4.0,9.0,4.33,1.78,1.22,1.04,0,0,0,0,3,2,0,0,1,1,2,1681000200,7,0,50,17,33,0,-1,2,1,2,1,2,4,3,6,0,0,1,0,0,1,1,46,49,153,130,1.13,1.24,2.36,0,0,0,0,0,0,1,1,0,0,0,0,0,0,1,16,27,-1,-1,-1,-1,-1,-1,17,17,33,50,84,17,34,84,33,10.0,4.34,4.0,2.17,/clubs/chicago-fire-7,teams/usa-chicago-fire.png,Chicago Fire,/clubs/minnesota-united-fc-1015,teams/usa-minnesota-united-fc.png,Minnesota United,1.47,1.18,1.0,3.0,1.2,2.2,84,84,67,50,17,67,50,34,0.98,0.99,1.97,/usa/chicago-fire-vs-minnesota-united-fc-h2h-stats#4926028,8777,34,True,True,True,False,False,False,True,"['24', '36']",['57']
MLS,2023,8777,4926029,6,10,2023,complete,96848,0,-1,"['35', '65', '73']",[],3,0,3,9,6,15,3,0,3,4,1,2,3,3,5,2,8,5,10,6,48,52,58,20,2,,,4,7,2.3,3.5,2.9,1.04,1.25,1.67,2.8,5.5,12.0,3.6,2.15,1.38,1.14,1.62,2.2,3.3,1.29,3.7,1.24,1.42,1.3,1.53,3.0,2.25,3.4,2.63,2.5,2.88,0,0,1.2,1.4,1.71,2.2,3.0,3.9,2.65,1.95,1.55,1.31,2.0,6.0,2.15,1.8,13.0,2.1,0.0,0.0,1.33,2.63,7.0,19.0,3.25,1.44,1.1,1.02,1.2,1.95,4.0,8.0,4.2,1.78,1.21,1.04,0,0,0,0,3,1,0,2,0,2,1,1681000200,6,0,17,17,0,0,-1,2,1,4,3,5,3,7,8,2,1,2,5,3,7,1,55,71,79,120,1.11,1.05,2.17,1,0,1,0,0,0,1,1,0,0,1,2,0,0,1,14,11,-1,-1,-1,-1,-1,-1,0,17,17,42,67,17,17,67,42,9.33,4.83,4.67,1.42,/clubs/houston-dynamo-6,teams/usa-houston-dynamo.png,Houston Dynamo,/clubs/la-galaxy-10,teams/usa-la-galaxy.png,LA Galaxy,2.2,0.71,3.0,0.67,1.2,0.6,100,84,84,59,34,59,42,42,1.16,1.1,2.26,/usa/houston-dynamo-vs-la-galaxy-h2h-stats#4926029,8777,34,True,True,True,False,False,False,False,"['35', '65', '73']",[]
MLS,2023,8777,4926030,8,12,2023,complete,96848,0,-1,[],['68'],0,1,1,8,4,12,2,2,2,4,0,0,2,2,6,2,8,4,8,20,61,39,13893,18,11434,,,2,4,1.75,3.8,4.33,1.03,1.22,1.7,2.9,5.5,13.0,4.0,2.1,1.4,1.15,1.67,2.1,2.65,1.41,4.75,1.15,1.25,1.28,1.9,2.4,2.3,4.33,2.1,2.5,4.0,0,0,1.26,1.5,1.98,2.5,3.5,3.3,2.3,1.83,1.43,1.24,1.37,6.5,3.65,1.53,12.0,2.63,3.0,7.5,1.33,2.63,6.5,19.0,3.25,1.44,1.11,1.02,1.2,1.88,4.0,9.0,4.33,1.8,1.22,1.04,0,0,0,0,1,0,0,0,1,1,0,1681000200,12,0,42,25,0,0,-1,2,1,3,4,5,0,7,5,1,1,1,3,2,4,1,71,36,126,71,1.17,0.66,1.83,0,0,0,0,0,0,1,1,0,0,1,1,0,0,1,22,24,-1,-1,-1,1,1,1,25,42,42,59,75,42,59,75,42,12.67,1.83,3.33,2.42,/clubs/sporting-kansas-city-8,teams/usa-sporting-kansas-city.png,Sporting KC,/clubs/colorado-rapids-12,teams/usa-colorado-rapids.png,Colorado Rapids,1.74,0.59,0.5,0.33,0.5,0.5,75,59,59,42,25,59,59,59,1.74,1.25,2.99,/usa/sporting-kansas-city-vs-colorado-rapids-h2h-stats#4926030,8777,34,True,False,False,False,False,False,False,[],['68']
MLS,2023,8777,4926031,677447,19,2023,complete,96848,0,-1,[],[],0,0,0,2,5,7,1,0,2,2,0,0,3,3,3,5,6,8,13,8,40,60,5016,24795,211,,,2,2,1.67,3.8,5.0,1.03,1.22,1.85,3.0,5.5,15.0,4.0,1.93,1.4,1.14,1.75,2.0,2.3,1.53,5.0,1.14,1.18,1.2,2.25,2.25,2.3,5.0,1.95,2.75,4.5,0,0,1.25,1.47,1.9,2.45,3.4,3.4,2.4,1.9,1.46,1.26,1.25,7.25,4.85,1.44,13.0,2.88,2.75,8.5,1.33,2.63,6.5,19.0,3.25,1.44,1.11,1.02,1.2,2.02,4.14,9.0,4.33,1.75,1.21,1.04,0,0,0,0,0,0,0,0,0,0,0,1681000200,-1,0,34,0,34,0,-1,2,1,1,0,1,5,1,6,1,2,1,0,3,1,1,54,52,105,122,0.99,1.11,2.1,0,0,0,0,0,0,1,1,0,0,0,0,0,0,1,13,18,-1,-1,-1,-1,-1,-1,17,17,17,67,84,0,50,84,34,8.34,3.0,2.33,2.0,/clubs/nashville-sc-mls-677447,teams/usa-nashville-sc-mls.png,Nashville SC,/clubs/toronto-fc-19,teams/canada-toronto-fc.png,Toronto,1.72,0.24,2.0,0.67,1.67,1.17,84,84,84,33,17,67,34,34,1.23,0.87,2.1,/usa/toronto-fc-vs-nashville-sc-mls-h2h-stats#4926031,8777,34,False,False,False,False,False,False,False,[],[]
MLS,2023,8777,4926032,14,711351,2023,complete,96848,0,-1,"['56', '59', '62']",['27'],3,1,4,3,5,8,6,2,3,3,0,0,10,6,7,4,17,10,7,5,40,60,24,8,44668,,,3,3,2.0,3.6,3.5,1.01,1.25,1.78,2.75,5.0,11.0,3.75,2.0,1.4,1.14,1.67,2.1,2.88,1.36,4.33,1.18,1.3,1.27,1.65,2.6,2.25,4.0,2.25,2.61,3.5,0,0,1.21,1.4,1.71,2.2,3.0,3.9,2.65,1.95,1.55,1.31,1.45,7.0,3.1,1.62,11.0,2.5,0.0,0.0,1.33,2.63,6.5,19.0,3.25,1.44,1.11,1.02,1.21,1.98,4.04,8.0,4.14,1.78,1.22,1.04,0,0,0,0,4,0,1,3,0,3,1,1681003800,14,0,75,42,0,0,-1,2,1,1,2,2,3,3,5,1,2,2,1,3,3,1,51,41,97,113,2.14,1.36,3.5,0,0,0,0,0,0,1,1,0,0,0,0,0,0,1,23,22,-1,-1,-1,-1,-1,-1,0,59,100,100,100,75,75,75,42,12.83,5.33,6.33,3.59,/clubs/real-salt-lake-14,teams/usa-real-salt-lake.png,Real Salt Lake,/clubs/charlotte-fc-711351,teams/usa-charlotte-fc.png,Charlotte,1.28,0.94,0.0,1.33,0.6,0.83,100,42,0,0,0,67,67,67,1.73,1.05,2.78,/usa/real-salt-lake-vs-charlotte-fc-h2h-stats#4926032,8777,35,True,True,True,True,False,False,True,"['56', '59', '62']",['27']
MLS,2023,8777,4926033,18,945555,2023,complete,96848,0,-1,"['65', '71', '89']",[],3,0,3,8,3,11,3,0,1,2,0,0,6,2,4,6,10,8,5,9,61,39,69,25,36880,,,1,2,2.25,3.68,2.95,1.01,1.17,1.65,2.7,5.0,12.0,4.3,2.25,1.4,1.13,1.7,2.05,2.5,1.46,5.25,1.13,1.18,1.25,2.2,2.25,2.38,4.75,2.0,2.76,4.33,0,0,1.27,1.49,1.82,2.33,3.1,3.5,2.5,1.92,1.56,1.34,1.47,7.8,3.54,1.44,12.0,2.75,2.9,8.5,1.33,2.5,6.5,17.0,3.25,1.5,1.11,1.03,1.18,1.88,3.82,8.0,4.54,1.87,1.24,1.06,0,0,0,0,3,0,0,3,0,3,0,1681007400,18,0,34,34,17,0,-1,2,1,3,2,5,1,5,6,1,1,0,1,2,1,1,38,61,121,110,1.34,1.1,2.44,0,0,0,0,0,0,1,1,0,0,1,0,0,1,1,16,30,-1,-1,-1,-1,-1,-1,17,50,67,84,84,50,67,84,50,11.67,2.34,3.67,3.0,/clubs/seattle-sounders-fc-18,teams/usa-seattle-sounders-fc.png,Seattle Sounders,/clubs/st-louis-city-sc-945555,teams/usa-st-louis-city-sc.png,St. Louis City,1.65,1.17,2.33,3.0,2.17,2.5,84,50,34,17,17,100,84,84,1.69,1.5,3.19,/usa/seattle-sounders-fc-vs-st-louis-city-sc-h2h-stats#4926033,8777,36,True,True,True,False,False,False,False,"['65', '71', '89']",[]
MLS,2023,8777,4926034,5,20,2023,complete,96848,0,-1,['74'],[],1,0,1,12,1,13,4,0,3,3,0,0,9,0,3,1,12,1,16,12,58,42,20,41087,7206,,,3,3,1.94,3.82,3.6,1.02,1.2,1.72,2.7,4.75,15.0,4.33,2.1,1.47,1.18,1.62,2.2,3.0,1.33,4.75,1.15,1.28,1.22,1.87,2.5,2.3,4.0,2.2,2.7,3.6,0,0,1.21,1.4,1.71,2.2,3.0,3.9,2.65,1.95,1.55,1.31,1.34,7.0,3.75,1.57,14.75,2.5,0.0,0.0,1.3,2.5,6.0,17.0,3.4,1.5,1.13,1.03,1.18,1.87,3.75,8.5,4.5,1.87,1.25,1.05,0,0,0,0,1,0,0,1,0,1,0,1681007400,5,0,84,17,50,0,-1,2,1,6,1,6,0,7,6,1,0,2,3,1,5,1,56,24,123,98,1.8,0.26,2.06,0,0,0,0,0,0,1,1,0,0,4,1,0,0,1,29,17,-1,-1,-1,-1,-1,-1,50,50,67,100,100,67,84,84,84,11.33,4.0,3.0,3.83,/clubs/vancouver-whitecaps-fc-5,teams/canada-vancouver-whitecaps-fc.png,Vancouver Whitecaps,/clubs/portland-timbers-20,teams/usa-portland-timbers.png,Portland Timbers,1.67,0.76,1.33,0.33,1.0,0.83,50,50,33,0,0,67,67,67,1.91,0.89,2.8,/usa/vancouver-whitecaps-fc-vs-portland-timbers-h2h-stats#4926034,8777,34,True,False,False,False,False,False,False,['74'],[]
MLS,2023,8777,4926035,711351,12,2023,complete,96848,0,-1,"['62', '65']","['54', '90+1']",2,2,4,5,4,9,2,1,1,5,0,0,3,6,9,4,12,10,9,10,52,48,5016,44668,11434,,,1,5,2.02,3.5,3.5,1.04,1.24,1.7,2.83,5.25,14.0,4.13,2.06,1.44,1.16,1.65,2.2,2.9,1.33,4.33,1.19,1.3,1.3,1.78,2.55,2.2,3.8,2.3,2.6,3.4,0,0,1.27,1.5,1.9,2.45,3.4,3.55,2.48,1.9,1.5,1.29,1.53,7.5,3.05,1.7,14.0,2.25,3.5,6.0,1.35,2.5,6.25,16.0,3.05,1.48,1.11,1.02,1.17,1.88,3.6,8.75,4.9,1.75,1.2,1.06,0,0,0,0,4,0,0,2,2,4,0,1681601400,-1,0,29,0,0,0,-1,2,1,3,1,2,3,4,5,0,2,1,3,2,4,1,48,35,113,105,1.32,1.32,2.64,0,0,0,0,0,0,1,1,0,0,0,0,0,1,1,4,5,-1,-1,-1,-1,-1,-1,0,13,29,59,100,29,59,84,13,11.67,1.75,4.42,2.0,/clubs/charlotte-fc-711351,teams/usa-charlotte-fc.png,Charlotte,/clubs/colorado-rapids-12,teams/usa-colorado-rapids.png,Colorado Rapids,1.53,0.59,0.33,1.0,0.71,0.86,100,88,71,42,0,71,54,54,1.21,1.11,2.32,/usa/colorado-rapids-vs-charlotte-fc-h2h-stats#4926035,8777,34,True,True,True,True,False,False,True,"['62', '65']","['54', '90+1']"
MLS,2023,8777,4926036,9,11,2023,complete,96848,0,-1,['90+8'],['58'],1,1,2,5,5,10,2,1,2,1,0,1,7,8,7,6,14,14,11,7,59,41,11,39282,21032,,,2,2,2.0,3.3,3.8,1.04,1.25,1.84,2.9,5.25,13.5,3.6,1.89,1.36,1.13,1.7,2.05,2.7,1.39,4.2,1.19,1.25,1.33,1.83,2.4,2.15,4.2,2.25,2.6,3.6,0,0,1.22,1.42,1.74,2.23,3.0,4.0,2.75,2.02,1.61,1.35,1.52,7.5,3.05,1.65,11.0,2.5,3.2,6.0,1.36,2.62,5.5,17.0,2.9,1.42,1.11,1.01,1.22,1.98,4.1,9.75,3.9,1.71,1.2,1.05,0,0,0,0,2,0,0,1,1,2,0,1681601400,-1,0,33,0,17,0,-1,2,1,1,3,4,2,4,6,2,0,0,2,2,2,1,85,41,114,91,1.99,1.74,3.73,0,0,0,0,0,0,1,1,0,0,0,2,0,0,1,8,3,-1,-1,-1,-1,-1,-1,17,50,67,84,100,34,84,84,67,9.33,2.34,2.0,3.5,/clubs/columbus-crew-9,teams/usa-columbus-crew.png,Columbus Crew,/clubs/new-england-revolution-11,teams/usa-new-england-revolution.png,New England Revolution,2.45,0.83,3.0,2.0,1.86,2.29,84,50,33,17,0,67,67,50,1.49,1.23,2.72,/usa/columbus-crew-vs-new-england-revolution-h2h-stats#4926036,8777,36,True,True,False,False,False,False,True,['90+8'],['58']
MLS,2023,8777,4926037,1,13401,2023,complete,96848,0,-1,[],['46'],0,1,1,3,3,6,1,4,3,2,0,0,2,2,5,4,7,6,14,14,60,40,13893,36107,38056,,,3,2,1.81,3.8,4.0,1.05,1.27,1.77,3.03,5.7,13.0,3.85,1.96,1.39,1.14,1.75,2.05,2.55,1.44,4.6,1.17,1.25,1.3,1.88,2.35,2.2,4.2,2.15,2.6,3.8,0,0,1.26,1.48,1.88,2.43,3.3,3.65,2.55,1.93,1.52,1.3,1.43,8.0,3.5,1.62,13.0,2.4,3.1,7.0,1.36,2.6,6.75,17.0,2.95,1.42,1.1,1.02,1.18,1.95,3.75,9.5,4.6,1.7,1.18,1.05,0,0,0,0,1,0,0,0,1,1,0,1681601400,13401,0,67,0,67,0,-1,2,1,2,2,1,1,4,2,3,1,0,1,4,1,1,29,38,112,100,0.81,0.81,1.62,0,0,0,0,0,0,1,1,0,0,0,0,0,1,1,7,4,-1,-1,-1,-1,-1,-1,67,67,67,84,84,34,84,67,67,13.0,3.0,6.33,3.67,/clubs/montreal-impact-1,teams/canada-montreal-impact.png,Montreal Impact,/clubs/dc-united-13401,teams/usa-dc-united.png,DC United,1.94,0.94,3.0,0.33,0.5,0.71,34,34,34,17,17,84,84,67,1.35,1.22,2.57,/usa/montreal-impact-vs-dc-united-h2h-stats#4926037,8777,34,True,False,False,False,False,False,False,[],['46']
MLS,2023,8777,4926038,4,6,2023,complete,96848,0,-1,['89'],['67'],1,1,2,10,0,10,0,1,2,2,0,0,7,2,5,1,12,3,20,16,66,34,13851,11574,20,,,2,2,1.64,3.7,5.4,1.05,1.29,1.93,3.2,5.5,9.0,3.3,1.8,1.3,1.11,1.85,1.85,2.15,1.6,4.75,1.15,1.17,1.29,2.15,2.15,2.2,5.5,2.0,2.55,4.6,0,0,1.26,1.5,1.93,2.41,3.2,3.34,2.41,1.88,1.5,1.28,1.36,8.0,4.3,1.5,9.0,3.1,2.75,7.0,1.38,2.7,6.0,19.5,2.8,1.4,1.09,1.01,1.23,2.05,4.33,10.5,3.75,1.66,1.18,1.04,0,0,0,0,2,0,0,1,1,2,0,1681603860,-1,0,67,34,17,0,-1,2,1,4,0,6,0,4,6,1,1,1,1,2,2,1,96,19,158,67,1.95,0.48,2.43,0,0,0,0,0,0,1,1,0,0,0,0,0,0,-1,-1,-1,-1,-1,-1,-1,-1,-1,0,0,67,84,84,34,67,84,50,8.67,2.67,4.0,2.34,/clubs/new-york-red-bulls-4,teams/usa-new-york-red-bulls.png,New York RB,/clubs/houston-dynamo-6,teams/usa-houston-dynamo.png,Houston Dynamo,1.58,0.79,1.67,0.0,1.0,1.5,100,100,34,17,17,17,0,0,1.28,1.38,2.66,/usa/new-york-red-bulls-vs-houston-dynamo-h2h-stats#4926038,8777,37,True,True,False,False,False,False,True,['89'],['67']
MLS,2023,8777,4926039,2,677447,2023,complete,96848,0,-1,"['11', '25']",['81'],2,1,3,3,7,10,1,3,2,0,0,0,6,6,4,3,10,9,10,8,53,47,3,27505,24795,,,2,0,1.97,3.5,3.7,1.05,1.33,2.1,3.4,6.0,8.0,3.0,1.67,1.29,1.09,1.85,1.85,2.5,1.47,3.7,1.24,1.3,1.3,1.78,2.6,2.05,4.33,2.45,2.5,3.75,0,0,1.27,1.5,1.9,2.45,3.4,3.55,2.48,1.9,1.5,1.29,1.53,7.5,3.05,1.7,9.0,2.5,0.0,0.0,1.42,2.9,6.5,21.0,2.62,1.36,1.08,1.0,1.27,2.2,4.8,12.0,3.5,1.58,1.15,1.03,0,0,0,0,3,2,0,0,1,1,2,1681601400,2,0,34,0,34,0,-1,2,1,1,4,2,3,5,5,1,0,1,0,1,1,1,39,67,105,128,1.34,1.49,2.83,0,0,0,0,0,0,1,1,0,0,0,0,0,0,1,5,7,-1,-1,-1,-1,-1,-1,17,17,17,50,84,17,50,67,34,8.67,5.67,6.0,1.84,/clubs/new-york-city-fc-2,teams/usa-new-york-city-fc.png,New York City,/clubs/nashville-sc-mls-677447,teams/usa-nashville-sc-mls.png,Nashville SC,1.76,1.0,2.33,1.33,1.29,1.57,84,84,84,50,17,67,50,34,1.36,0.83,2.19,/usa/new-york-city-fc-vs-nashville-sc-mls-h2h-stats#4926039,8777,34,True,True,True,False,False,False,True,"['11', '25']",['81']
MLS,2023,8777,4926040,19,1016,2023,complete,96848,0,-1,"['43', '90+4']","['4', '76']",2,2,4,7,3,10,3,3,1,1,0,0,4,5,2,3,6,8,5,10,53,47,15,211,40852,,,1,1,2.55,3.15,2.85,1.05,1.25,1.77,2.8,5.0,9.75,3.6,1.97,1.38,1.13,1.57,2.25,3.5,1.25,3.5,1.26,1.44,1.3,1.53,3.1,2.15,3.2,2.8,2.5,2.75,0,0,1.2,1.38,1.67,2.12,2.85,4.25,2.9,2.12,1.67,1.38,1.78,7.5,2.4,1.95,10.0,2.05,4.8,5.0,1.36,2.6,5.75,16.5,2.9,1.44,1.1,1.01,1.2,1.93,3.8,9.0,4.1,1.77,1.22,1.06,0,0,0,0,4,1,1,1,1,2,2,1681601400,-1,0,67,0,34,0,-1,2,1,4,1,3,2,5,5,0,0,1,1,0,2,1,51,36,103,85,1.04,1.12,2.16,0,0,0,0,0,0,1,1,0,1,0,1,0,0,1,5,6,-1,-1,-1,-1,-1,-1,17,33,50,100,100,33,67,84,67,9.0,4.66,5.33,3.34,/clubs/toronto-fc-19,teams/canada-toronto-fc.png,Toronto,/clubs/atlanta-united-fc-1016,teams/usa-atlanta-united-fc.png,Atlanta United FC,1.06,0.89,1.67,1.33,1.14,2.0,84,67,50,0,0,100,50,17,1.12,0.78,1.9,/usa/toronto-fc-vs-atlanta-united-fc-h2h-stats#4926040,8777,34,True,True,True,True,False,False,True,"['43', '90+4']","['4', '76']"
MLS,2023,8777,4926041,698284,5,2023,complete,96848,0,-1,[],[],0,0,0,6,2,8,2,1,2,2,0,0,7,4,8,9,15,13,6,10,57,43,14023,2339,41087,,,2,2,1.92,3.75,3.6,1.01,1.22,1.67,2.7,5.0,11.0,4.3,2.1,1.4,1.13,1.62,2.25,2.85,1.37,4.75,1.16,1.28,1.22,1.87,2.64,2.4,4.09,2.2,2.7,3.6,0,0,1.17,1.32,1.58,2.0,2.6,4.7,3.2,2.28,1.8,1.46,1.46,8.0,3.3,1.65,15.0,2.3,3.5,7.0,1.32,2.65,6.0,19.0,3.15,1.51,1.12,1.02,1.16,1.85,3.5,8.0,5.0,1.8,1.22,1.06,0,0,0,0,0,0,0,0,0,0,0,1681605000,-1,0,84,33,17,0,-1,2,1,2,1,4,1,3,5,1,2,1,0,3,1,1,48,33,108,93,1.79,1.34,3.13,0,0,0,0,0,0,1,1,0,0,0,0,0,0,1,25,16,-1,-1,-1,-1,-1,-1,17,17,33,84,100,33,84,84,33,12.0,3.0,4.67,2.5,/clubs/austin-fc-698284,teams/usa-austin-fc.png,Austin,/clubs/vancouver-whitecaps-fc-5,teams/canada-vancouver-whitecaps-fc.png,Vancouver Whitecaps,1.47,1.0,1.33,0.67,1.17,1.29,84,84,67,17,0,100,100,100,1.15,1.33,2.48,/usa/vancouver-whitecaps-fc-vs-austin-fc-h2h-stats#4926041,8777,34,False,False,False,False,False,False,False,[],[]
MLS,2023,8777,4926042,7,16,2023,complete,96848,0,-1,"['19', '47']","['62', '65']",2,2,4,4,2,6,0,2,2,1,0,0,2,4,8,7,10,11,7,10,50,50,31,10695,12,,,2,1,2.75,3.3,2.5,1.02,1.25,1.83,3.1,5.7,9.5,3.5,1.9,1.32,1.1,1.66,2.14,3.5,1.26,3.25,1.29,1.47,1.32,1.37,3.44,2.28,3.23,3.04,2.54,2.7,0,0,1.23,1.46,1.83,2.32,3.08,3.56,2.52,1.98,1.54,1.3,1.98,6.85,2.26,2.1,9.9,1.95,0.0,0.0,1.39,2.9,6.5,13.0,3.13,1.44,1.09,1.02,1.22,2.03,4.24,9.0,4.04,1.74,1.2,1.05,0,0,0,0,4,1,0,1,2,3,1,1681605000,-1,0,54,13,29,0,12811,2,1,3,1,1,1,4,2,0,0,2,1,0,3,1,41,49,118,116,1.08,1.34,2.42,0,1,0,1,0,0,1,1,0,0,1,0,0,0,1,20,32,-1,-1,-1,-1,-1,-1,29,29,42,71,88,25,71,88,29,10.75,3.5,4.75,2.71,/clubs/chicago-fire-7,teams/usa-chicago-fire.png,Chicago Fire,/clubs/philadelphia-union-16,teams/usa-philadelphia-union.png,Philadelphia Union,1.47,1.16,1.5,0.0,1.5,1.0,71,71,59,29,13,84,71,59,1.02,1.28,2.3,/usa/chicago-fire-vs-philadelphia-union-h2h-stats#4926042,8777,34,True,True,True,True,False,False,True,"['19', '47']","['62', '65']"
MLS,2023,8777,4926043,13,14,2023,complete,96848,0,-1,"['5', '88']",['68'],2,1,3,1,3,4,1,2,3,2,0,0,2,5,0,7,2,12,6,16,48,52,65601,21189,8,,,3,2,1.7,3.8,4.75,1.04,1.25,1.79,2.9,6.0,10.0,3.85,1.94,1.36,1.13,1.78,1.95,2.4,1.49,4.75,1.15,1.18,1.25,2.05,2.38,2.15,4.65,2.0,2.6,4.33,0,0,1.21,1.48,1.73,2.1,2.7,3.74,2.5,2.0,1.65,1.4,1.38,8.0,4.1,1.5,10.0,2.88,0.0,0.0,1.38,2.63,7.0,21.0,3.0,1.44,1.1,1.02,1.22,2.0,3.8,9.5,3.8,1.73,1.22,1.04,0,0,0,0,3,1,0,1,1,2,1,1681605000,13,0,54,13,13,0,19096,2,1,0,2,1,1,2,2,0,0,3,2,0,5,1,27,40,98,111,0.48,1.41,1.89,0,0,0,0,0,0,1,1,1,0,0,0,0,0,1,18,25,-1,-1,-1,1,1,0,0,29,59,88,100,29,75,100,71,11.58,3.83,4.08,2.75,/clubs/fc-dallas-13,teams/usa-fc-dallas.png,FC Dallas,/clubs/real-salt-lake-14,teams/usa-real-salt-lake.png,Real Salt Lake,1.72,1.53,1.75,1.0,1.57,1.0,100,71,42,13,0,84,42,42,1.25,1.11,2.36,/usa/fc-dallas-vs-real-salt-lake-h2h-stats#4926043,8777,37,True,True,True,False,False,False,True,"['5', '88']",['68']
MLS,2023,8777,4926044,1015,17,2023,complete,96848,0,-1,['58'],"['66', '88']",1,2,3,8,6,14,2,2,1,0,0,0,4,2,9,5,13,7,10,10,44,56,84,5,21031,,,1,0,2.1,3.5,3.3,1.05,1.29,1.88,3.22,6.2,11.75,3.65,1.84,1.35,1.13,1.72,2.1,2.8,1.38,3.7,1.24,1.35,1.32,1.65,2.85,2.09,3.7,2.45,2.5,3.25,0,0,1.24,1.44,1.8,2.3,3.1,3.85,2.65,2.0,1.57,1.33,1.52,7.5,3.05,1.78,11.5,2.2,3.6,5.8,1.38,2.75,7.25,21.0,2.85,1.4,1.09,1.02,1.19,2.05,3.9,10.5,4.4,1.65,1.17,1.04,0,0,0,0,3,0,0,1,2,3,0,1681605000,17,0,100,25,25,0,19,2,1,6,3,2,3,9,5,0,0,1,0,0,1,1,55,58,105,112,1.5,1.01,2.52,0,0,0,0,0,0,1,1,0,0,2,1,0,0,1,15,19,-1,-1,-1,1,1,1,0,0,25,100,100,25,75,75,25,7.0,1.5,4.0,2.25,/clubs/minnesota-united-fc-1015,teams/usa-minnesota-united-fc.png,Minnesota United,/clubs/orlando-city-sc-17,teams/usa-orlando-city-sc.png,Orlando City,1.24,1.89,1.0,2.0,1.83,1.33,100,100,75,0,0,75,75,75,0.88,1.05,1.93,/usa/orlando-city-sc-vs-minnesota-united-fc-h2h-stats#4926044,8777,34,True,True,True,False,False,False,True,['58'],"['66', '88']"
MLS,2023,8777,4926045,945555,8043,2023,complete,96848,0,-1,"['3', '39', '45+2', '53', '57']",['62'],5,1,6,3,5,8,3,2,2,2,0,0,7,5,4,3,11,8,26,15,43,57,19912,36880,40182,,,2,2,2.3,3.45,2.95,1.01,1.22,1.74,2.83,5.15,10.25,3.72,2.0,1.36,1.11,1.63,2.19,3.4,1.27,3.8,1.23,1.49,1.3,1.51,3.05,2.21,3.2,2.79,2.56,2.9,0,0,1.24,1.44,1.8,2.3,3.15,3.85,2.65,2.0,1.57,1.33,1.71,7.0,2.55,2.0,10.25,2.03,4.4,5.0,1.35,2.61,6.3,19.0,3.05,1.46,1.1,1.02,1.21,1.99,4.15,8.25,4.15,1.77,1.21,1.06,0,0,0,0,6,3,0,2,1,3,3,1681613340,945555,0,33,33,17,0,-1,2,1,2,1,1,4,3,5,0,2,2,0,2,2,1,35,70,85,109,1.44,1.37,2.81,0,0,0,0,0,0,1,1,1,0,0,1,0,0,-1,-1,-1,-1,-1,-1,-1,-1,-1,17,33,50,50,84,50,50,84,17,8.33,3.0,4.33,2.5,/clubs/st-louis-city-sc-945555,teams/usa-st-louis-city-sc.png,St. Louis City,/clubs/fc-cincinnati-8043,teams/usa-fc-cincinnati.png,FC Cincinnati,1.94,1.61,2.0,1.67,2.14,2.43,84,67,50,50,17,33,33,33,1.56,1.48,3.04,/usa/fc-cincinnati-vs-st-louis-city-sc-h2h-stats#4926045,8777,36,True,True,True,True,True,True,True,"['3', '39', '45+2', '53', '57']",['62']
MLS,2023,8777,4926046,20,18,2023,complete,96848,0,-1,"['71', '76', '81', '89']",['58'],4,1,5,3,7,10,2,2,1,2,0,0,8,5,5,6,13,11,12,8,42,58,36,7206,25,,,1,2,2.8,3.65,2.32,1.04,1.22,1.72,2.9,5.0,13.0,4.0,2.02,1.4,1.16,1.57,2.25,3.7,1.22,3.4,1.27,1.57,1.25,1.44,3.45,2.14,2.91,3.1,2.6,2.7,0,0,1.19,1.38,1.67,2.09,2.71,4.0,2.8,2.12,1.66,1.38,2.13,6.65,2.11,2.2,10.5,1.73,5.0,4.6,1.36,2.6,6.0,19.0,3.1,1.47,1.11,1.02,1.2,1.95,4.0,9.0,4.33,1.8,1.22,1.04,0,0,0,0,5,0,0,4,1,5,0,1681612200,20,0,50,33,0,0,-1,2,1,3,4,0,3,7,3,0,1,1,1,1,2,1,37,54,105,99,1.66,1.44,3.1,0,0,0,0,0,0,1,1,0,0,1,0,0,0,1,21,19,-1,-1,-1,-1,-1,-1,17,17,50,50,84,50,67,67,17,6.34,3.0,4.67,2.17,/clubs/portland-timbers-20,teams/usa-portland-timbers.png,Portland Timbers,/clubs/seattle-sounders-fc-18,teams/usa-seattle-sounders-fc.png,Seattle Sounders,1.76,1.44,1.33,2.0,0.71,2.29,84,84,50,50,17,50,50,50,1.0,0.99,1.99,/usa/seattle-sounders-fc-vs-portland-timbers-h2h-stats#4926046,8777,34,True,True,True,True,True,False,True,"['71', '76', '81', '89']",['58']
MLS,2023,8777,4926047,15,8,2023,complete,96848,0,-1,"['9', '40', '51']",[],3,0,3,4,3,7,1,0,2,1,0,1,6,3,3,2,9,5,10,9,54,46,13841,12956,18,,,2,3,2.17,3.3,3.3,1.04,1.25,1.78,3.1,5.5,12.0,3.75,1.95,1.38,1.14,1.68,2.15,3.0,1.33,4.1,1.2,1.33,1.25,1.72,2.69,2.14,3.85,2.5,2.55,3.5,0,0,1.23,1.46,1.8,2.29,3.04,3.56,2.52,2.0,1.55,1.31,1.63,7.2,2.94,1.75,13.0,2.2,0.0,0.0,1.38,2.7,6.5,19.0,3.0,1.44,1.09,1.02,1.2,2.0,4.2,9.0,4.2,1.75,1.2,1.04,0,0,0,0,3,2,0,1,0,1,2,1681612200,15,0,38,13,0,0,-1,2,1,1,1,3,2,2,5,0,2,2,0,2,2,1,47,66,111,134,1.34,1.02,2.36,1,0,1,0,0,0,1,1,1,0,0,0,0,0,1,31,24,-1,-1,-1,-1,-1,-1,0,0,38,38,63,13,50,50,25,14.25,2.5,3.25,1.38,/clubs/san-jose-earthquakes-15,teams/usa-san-jose-earthquakes.png,SJ Earthquakes,/clubs/sporting-kansas-city-8,teams/usa-sporting-kansas-city.png,Sporting KC,1.82,0.95,2.5,0.5,1.57,0.43,100,100,63,63,38,63,50,50,1.42,1.43,2.85,/usa/sporting-kansas-city-vs-san-jose-earthquakes-h2h-stats#4926047,8777,35,True,True,True,False,False,False,False,"['9', '40', '51']",[]
MLS,2023,8777,4926048,10,6490,2023,complete,96848,0,-1,"['41', '84']","['22', '68', '70']",2,3,5,9,8,17,2,1,3,4,0,0,5,9,5,4,10,13,12,14,66,34,7,2,39588,,,3,4,2.84,3.7,2.33,1.03,1.2,1.58,2.65,4.33,15.0,4.5,2.18,1.5,1.2,1.53,2.45,4.2,1.2,3.6,1.25,1.6,1.25,1.42,3.2,2.25,2.7,3.0,2.55,2.62,0,0,1.18,1.34,1.61,2.02,2.7,4.5,3.1,2.23,1.74,1.43,2.16,7.5,1.95,2.04,15.0,1.87,5.5,4.5,1.33,2.45,5.5,15.0,3.3,1.52,1.12,1.02,1.17,1.83,3.6,7.5,4.75,1.9,1.29,1.07,0,0,0,0,5,1,1,1,2,3,2,1681677000,6490,0,50,25,0,0,-1,2,1,2,6,7,2,8,9,0,1,3,3,1,6,1,47,30,136,90,1.34,1.67,3.01,0,1,0,1,0,0,1,1,0,0,0,1,0,0,1,14,15,-1,-1,-1,-1,-1,-1,0,0,25,50,50,50,50,25,0,16.5,2.5,4.0,1.25,/clubs/la-galaxy-10,teams/usa-la-galaxy.png,LA Galaxy,/clubs/los-angeles-fc-6490,teams/usa-los-angeles-fc.png,Los Angeles FC,1.41,1.25,0.5,1.0,0.5,2.33,100,100,75,50,50,100,100,100,2.07,1.0,3.07,/usa/la-galaxy-vs-los-angeles-fc-h2h-stats#4926048,8777,34,True,True,True,True,True,False,True,"['41', '84']","['22', '68', '70']"
MLS,2023,8777,4926049,711351,9,2023,complete,96848,0,-1,['37'],[],1,0,1,3,3,6,3,1,1,1,0,0,4,3,2,2,6,5,13,8,33,67,13889,44668,39282,,,1,1,2.35,3.25,2.8,1.03,1.25,1.75,3.1,5.5,13.0,3.75,1.87,1.38,1.14,1.66,2.2,3.75,1.23,3.6,1.25,1.42,1.3,1.57,3.19,2.32,3.48,2.7,2.6,3.1,0,0,1.37,1.68,2.2,3.1,3.64,2.75,1.98,1.55,1.31,1.22,1.85,7.5,2.29,1.85,13.0,2.05,4.0,5.0,1.39,2.91,6.5,19.0,3.13,1.44,1.1,1.02,1.2,2.0,4.2,9.5,4.2,1.75,1.2,1.04,0,0,0,0,1,1,0,0,0,0,1,1682206200,711351,0,63,13,13,0,-1,2,1,3,1,0,2,4,2,1,0,0,1,1,1,1,50,85,92,125,1.03,1.15,2.18,0,0,0,0,0,0,1,1,0,0,1,0,0,0,1,4,1,-1,-1,-1,-1,-1,-1,13,25,50,88,100,25,75,88,38,9.75,2.0,4.5,2.75,/clubs/charlotte-fc-711351,teams/usa-charlotte-fc.png,Charlotte,/clubs/columbus-crew-9,teams/usa-columbus-crew.png,Columbus Crew,1.53,1.15,0.5,1.0,0.75,1.75,88,75,50,13,0,50,25,13,1.24,1.16,2.4,/usa/columbus-crew-vs-charlotte-fc-h2h-stats#4926049,8777,35,True,False,False,False,False,False,False,['37'],[]
MLS,2023,8777,4926050,8043,20,2023,complete,96848,0,-1,"['34', '58']",['60'],2,1,3,4,8,12,1,0,3,4,0,0,6,4,6,7,12,11,9,12,46,54,3,40182,7206,,,3,4,1.53,3.9,5.5,1.04,1.23,1.67,2.7,5.0,10.5,3.75,2.0,1.4,1.15,1.78,1.9,2.25,1.57,5.5,1.13,1.14,1.2,2.4,2.15,2.3,5.5,1.85,2.65,4.8,0,0,1.23,1.43,1.8,2.3,3.2,3.7,2.5,2.0,1.51,1.28,1.37,9.0,3.7,1.45,14.0,2.85,2.62,9.0,1.35,2.71,6.0,16.0,3.35,1.49,1.11,1.02,1.2,1.95,4.0,9.0,4.33,1.8,1.22,1.04,0,0,0,0,3,1,0,1,1,2,1,1682206200,8043,0,50,13,38,0,-1,2,1,3,5,1,3,8,4,1,2,2,2,3,4,1,36,65,87,124,1.44,1.45,2.9,0,0,0,0,0,0,1,1,0,0,0,1,0,0,1,5,3,-1,-1,-1,-1,-1,-1,25,25,38,50,100,38,50,88,38,5.25,3.5,4.5,2.5,/clubs/fc-cincinnati-8043,teams/usa-fc-cincinnati.png,FC Cincinnati,/clubs/portland-timbers-20,teams/usa-portland-timbers.png,Portland Timbers,2.35,0.76,3.0,0.25,2.13,1.0,75,75,63,50,0,38,38,38,1.04,0.74,1.78,/usa/portland-timbers-vs-fc-cincinnati-h2h-stats#4926050,8777,34,True,True,True,False,False,False,True,"['34', '58']",['60']
MLS,2023,8777,4926051,1,4,2023,complete,96848,0,-1,"['25', '90+2']",[],2,0,2,3,5,8,1,1,3,3,1,0,6,4,0,8,6,12,16,12,41,59,69,36107,11574,,,4,3,2.8,3.1,2.45,1.03,1.32,2.05,3.55,6.8,8.3,3.04,1.61,1.24,1.06,1.82,1.94,3.1,1.31,2.87,1.36,1.6,1.33,1.38,3.4,2.0,3.1,2.95,2.3,2.75,0,0,1.42,1.8,2.35,3.3,3.74,2.55,2.0,1.5,1.27,1.21,1.95,7.5,2.1,2.25,8.3,1.9,4.75,4.0,1.43,2.95,7.75,21.0,2.6,1.35,1.07,1.0,1.27,2.2,4.8,12.0,3.4,1.58,1.15,1.04,0,0,0,0,2,1,0,1,0,1,1,1682206200,1,0,50,0,25,0,-1,2,1,1,2,2,3,3,5,1,1,3,2,2,5,1,21,49,85,124,0.96,1.4,2.37,0,0,0,0,0,0,1,1,0,0,0,0,0,1,1,3,6,-1,-1,-1,-1,-1,-1,25,25,25,50,100,0,63,88,25,9.0,3.25,7.5,2.25,/clubs/montreal-impact-1,teams/canada-montreal-impact.png,Montreal Impact,/clubs/new-york-red-bulls-4,teams/usa-new-york-red-bulls.png,New York RB,1.94,0.94,1.5,0.5,0.43,1.0,75,75,75,50,0,38,38,38,1.08,1.43,2.51,/usa/montreal-impact-vs-new-york-red-bulls-h2h-stats#4926051,8777,34,True,True,False,False,False,False,False,"['25', '90+2']",[]
MLS,2023,8777,4926052,11,8,2023,complete,96848,0,-1,"['31', '35']",['50'],2,1,3,3,1,4,1,2,0,2,0,1,9,3,4,3,13,6,4,12,52,48,20,21032,18,,,0,4,1.75,3.6,4.2,1.04,1.24,1.67,2.83,5.25,14.0,4.13,2.0,1.44,1.16,1.7,2.1,2.5,1.47,5.0,1.15,1.23,1.28,1.95,2.3,2.25,4.4,2.05,2.65,4.0,0,0,1.24,1.46,1.93,2.4,3.3,3.5,2.4,1.88,1.47,1.26,1.91,8.0,2.1,1.58,14.0,2.5,3.1,7.0,1.36,2.65,6.5,19.0,3.2,1.45,1.11,1.01,1.17,1.9,3.6,9.0,4.8,1.75,1.2,1.04,0,0,0,0,3,2,0,0,1,1,2,1682206200,11,0,23,0,13,0,-1,2,1,1,1,2,0,2,2,0,1,0,2,1,2,1,35,43,119,117,1.72,0.92,2.63,0,0,0,0,0,0,1,1,0,0,1,0,0,0,1,6,4,-1,-1,-1,-1,-1,-1,0,13,45,58,80,23,55,70,48,10.6,3.05,2.35,1.95,/clubs/new-england-revolution-11,teams/usa-new-england-revolution.png,New England Revolution,/clubs/sporting-kansas-city-8,teams/usa-sporting-kansas-city.png,Sporting KC,2.22,0.95,2.5,0.4,2.13,0.38,100,88,55,43,20,55,55,55,1.33,1.35,2.68,/usa/sporting-kansas-city-vs-new-england-revolution-h2h-stats#4926052,8777,36,True,True,True,False,False,False,True,"['31', '35']",['50']
MLS,2023,8777,4926053,2,13,2023,complete,96848,0,-1,"['44', '50', '55']",['77'],3,1,4,3,6,9,6,0,1,3,0,0,6,8,8,6,14,14,9,15,55,45,24,27505,21189,,,1,3,1.95,3.2,3.9,1.07,1.36,2.1,3.75,7.45,9.9,3.18,1.61,1.28,1.09,1.92,1.84,2.35,1.51,3.8,1.22,1.23,1.3,1.9,2.7,2.2,4.62,2.3,2.45,3.7,0,0,1.26,1.49,1.98,2.45,3.5,3.4,2.35,1.83,1.44,1.25,1.64,8.0,2.77,1.7,10.0,2.4,3.1,6.0,1.45,3.23,8.75,21.0,2.86,1.37,1.07,1.0,1.23,2.2,4.4,12.5,3.9,1.55,1.13,1.03,0,0,0,0,4,1,0,2,1,3,1,1682206200,2,0,71,17,42,0,-1,2,1,3,1,0,5,4,5,0,0,1,3,0,4,1,41,36,86,87,1.6,1.71,3.31,0,0,0,0,0,0,1,1,0,0,2,0,0,0,1,6,5,-1,-1,-1,-1,-1,-1,13,13,42,71,100,42,88,54,42,6.17,3.92,6.75,2.38,/clubs/new-york-city-fc-2,teams/usa-new-york-city-fc.png,New York City,/clubs/fc-dallas-13,teams/usa-fc-dallas.png,FC Dallas,1.76,0.95,2.5,1.33,1.5,1.75,88,88,59,29,0,54,42,17,1.36,1.2,2.56,/usa/new-york-city-fc-vs-fc-dallas-h2h-stats#4926053,8777,34,True,True,True,True,False,False,True,"['44', '50', '55']",['77']
MLS,2023,8777,4926054,17,13401,2023,complete,96848,0,-1,['23'],"['15', '52', '62']",1,3,4,9,3,12,1,1,3,4,0,0,5,5,4,3,9,8,14,20,55,45,19912,21031,38056,,,3,4,1.91,3.4,3.7,1.04,1.28,1.75,3.2,6.0,12.0,3.75,1.87,1.36,1.12,1.72,2.05,2.65,1.41,4.33,1.19,1.28,1.25,1.87,2.57,2.36,4.41,2.35,2.6,3.75,0,0,1.47,2.0,2.5,3.6,4.44,2.37,1.8,1.43,1.23,1.15,1.69,7.5,2.64,1.68,13.0,2.3,3.2,6.5,1.36,2.76,6.5,21.0,3.27,1.48,1.09,1.01,1.22,2.05,4.2,10.0,4.0,1.72,1.2,1.03,0,0,0,0,4,1,1,0,2,2,2,1682206200,13401,0,25,0,13,0,-1,2,1,3,1,6,2,4,8,1,2,2,2,3,4,1,74,37,105,89,1.46,1.13,2.59,0,0,0,0,0,0,1,1,0,0,0,0,0,0,1,7,2,-1,-1,-1,-1,-1,-1,13,13,25,50,75,38,50,63,13,10.25,5.0,4.0,1.75,/clubs/orlando-city-sc-17,teams/usa-orlando-city-sc.png,Orlando City,/clubs/dc-united-13401,teams/usa-dc-united.png,DC United,1.84,0.94,1.0,1.0,1.57,1.0,88,88,75,50,25,38,38,25,1.25,1.11,2.36,/usa/orlando-city-sc-vs-dc-united-h2h-stats#4926054,8777,34,True,True,True,True,False,False,True,['23'],"['15', '52', '62']"
MLS,2023,8777,4926055,16,19,2023,complete,96848,0,-1,"['16', '20', '43', '56']","['66', '90+2']",4,2,6,6,7,13,3,0,2,1,0,0,7,5,5,2,12,7,12,6,40,60,58,12,211,,,2,1,1.6,3.8,5.2,1.03,1.25,1.7,3.1,5.5,13.0,3.75,1.95,1.38,1.14,1.85,1.95,2.15,1.6,5.25,1.13,1.15,1.18,2.45,2.22,2.42,5.64,1.85,2.75,4.9,0,0,1.26,1.49,2.0,2.5,3.5,3.4,2.35,1.8,1.44,1.25,1.55,8.0,2.92,1.45,14.0,2.85,2.5,9.0,1.37,2.79,6.5,21.0,3.26,1.47,1.1,1.01,1.2,2.0,4.2,9.5,4.33,1.75,1.2,1.04,0,0,0,0,6,3,0,1,2,3,3,1682206200,16,0,50,25,25,0,-1,2,1,5,2,1,5,7,6,1,1,1,0,2,1,1,45,63,119,107,1.58,1.26,2.84,0,0,0,0,0,0,1,1,0,0,2,0,0,0,1,5,1,-1,-1,-1,-1,-1,-1,25,25,38,50,63,25,38,50,38,7.0,6.25,4.0,2.0,/clubs/philadelphia-union-16,teams/usa-philadelphia-union.png,Philadelphia Union,/clubs/toronto-fc-19,teams/canada-toronto-fc.png,Toronto,2.17,0.24,1.75,0.75,1.0,1.13,75,75,63,50,38,50,25,25,1.52,0.93,2.45,/usa/philadelphia-union-vs-toronto-fc-h2h-stats#4926055,8777,34,True,True,True,True,True,True,True,"['16', '20', '43', '56']","['66', '90+2']"
MLS,2023,8777,4926056,6,677446,2023,complete,96848,0,-1,['72'],[],1,0,1,3,7,10,2,1,0,1,0,0,3,5,4,9,7,14,11,8,55,45,13812,20,28121,,,0,1,2.0,3.4,3.5,1.04,1.28,1.75,3.1,6.0,13.0,3.75,1.87,1.36,1.12,1.75,2.0,2.8,1.38,4.1,1.2,1.28,1.29,1.83,2.6,2.2,4.33,2.2,2.6,3.75,0,0,1.2,1.39,1.7,2.2,2.95,3.9,2.65,1.98,1.57,1.32,1.69,8.0,2.63,1.57,9.4,2.5,3.3,6.5,1.36,2.75,7.0,21.0,3.0,1.4,1.1,1.02,1.22,2.05,4.33,10.0,4.0,1.72,1.2,1.03,0,0,0,0,1,0,0,1,0,1,0,1682209800,6,0,0,0,0,0,-1,2,1,2,1,1,6,3,7,0,1,0,0,1,0,1,47,46,110,87,1.01,1.57,2.57,0,0,0,0,0,0,1,1,0,0,0,0,0,0,1,14,12,-1,-1,-1,1,0,1,0,0,17,50,100,0,50,67,50,9.0,3.67,5.0,1.67,/clubs/houston-dynamo-6,teams/usa-houston-dynamo.png,Houston Dynamo,/clubs/club-internacional-de-futbol-miami-677446,teams/usa-club-internacional-de-futbol-miami.png,Inter Miami,2.2,0.65,3.0,0.0,1.43,0.86,100,100,84,50,0,50,34,34,1.14,0.98,2.12,/usa/houston-dynamo-vs-club-internacional-de-futbol-miami-h2h-stats#4926056,8777,34,True,False,False,False,False,False,False,['72'],[]
MLS,2023,8777,4926057,677447,6490,2023,complete,96848,0,-1,['35'],['59'],1,1,2,6,5,11,3,1,0,3,0,0,3,6,4,9,7,15,7,10,55,45,15,24795,39588,,,0,3,2.55,3.25,2.6,1.05,1.3,1.8,3.3,6.5,11.0,3.5,1.85,1.33,1.11,1.7,2.05,3.2,1.3,3.4,1.27,1.43,1.31,1.5,3.2,2.2,3.25,2.75,2.4,2.88,0,0,1.15,1.31,1.57,1.98,2.6,4.5,3.0,2.2,1.7,1.4,1.75,8.5,2.41,1.83,10.0,2.05,4.4,4.6,1.4,2.75,8.0,21.0,2.75,1.4,1.08,1.02,1.23,2.0,4.2,10.0,3.8,1.68,1.19,1.05,0,0,0,0,2,1,0,0,1,1,1,1682209800,-1,0,17,17,17,0,30109,2,1,3,1,3,4,4,7,0,1,0,2,1,2,1,80,47,140,86,1.25,1.7,2.95,0,0,0,0,0,0,1,1,0,0,1,0,0,1,1,24,18,-1,-1,-1,-1,-1,-1,17,17,17,42,54,17,42,54,17,10.5,1.75,4.5,1.46,/clubs/nashville-sc-mls-677447,teams/usa-nashville-sc-mls.png,Nashville SC,/clubs/los-angeles-fc-6490,teams/usa-los-angeles-fc.png,Los Angeles FC,1.72,1.25,1.75,1.67,1.38,2.43,84,84,84,59,46,75,75,75,1.17,1.23,2.4,/usa/los-angeles-fc-vs-nashville-sc-mls-h2h-stats#4926057,8777,36,True,True,False,False,False,False,True,['35'],['59']
MLS,2023,8777,4926058,12,945555,2023,complete,96848,0,-1,['90+2'],['57'],1,1,2,4,5,9,3,0,2,3,0,0,13,4,5,3,18,7,8,12,56,44,42,11434,36880,,,2,3,2.0,3.3,3.4,1.05,1.3,1.8,3.25,5.5,9.0,3.4,1.85,1.33,1.12,1.7,2.05,2.85,1.37,4.0,1.21,1.3,1.25,1.75,2.63,2.25,4.0,2.3,2.6,3.5,0,0,1.18,1.35,1.63,2.1,2.8,4.2,2.8,2.05,1.62,1.36,1.75,8.0,2.42,1.62,12.0,2.4,3.5,5.8,1.36,2.63,7.0,19.0,3.0,1.44,1.1,1.02,1.22,2.1,4.5,10.0,4.0,1.68,1.18,1.03,0,0,0,0,2,0,0,1,1,2,0,1682213400,-1,0,42,25,29,0,-1,2,1,2,1,2,4,3,6,0,0,2,3,0,5,1,51,37,111,75,2.42,1.0,3.41,0,0,0,0,0,0,1,1,0,0,1,0,0,0,1,21,16,-1,-1,-1,-1,-1,-1,13,25,67,67,67,25,25,67,54,9.58,1.5,3.75,2.38,/clubs/colorado-rapids-12,teams/usa-colorado-rapids.png,Colorado Rapids,/clubs/st-louis-city-sc-945555,teams/usa-st-louis-city-sc.png,St. Louis City,1.0,1.17,0.67,2.25,0.88,2.25,88,75,34,34,34,67,67,67,1.16,1.4,2.56,/usa/colorado-rapids-vs-st-louis-city-sc-h2h-stats#4926058,8777,34,True,True,False,False,False,False,True,['90+2'],['57']
MLS,2023,8777,4926059,14,15,2023,complete,96848,0,-1,"['39', '54', '80']",['49'],3,1,4,3,1,4,0,1,1,0,0,0,6,4,5,5,11,9,11,7,42,58,45125,8,12956,,,1,0,2.0,3.4,3.4,1.0,1.22,1.67,2.62,4.75,10.5,3.8,2.0,1.42,1.15,1.62,2.2,3.0,1.34,4.4,1.18,1.31,1.28,1.78,2.6,2.3,3.75,2.3,2.63,3.4,0,0,1.16,1.26,1.47,1.88,2.35,4.32,3.4,2.4,1.93,1.49,1.75,8.5,2.41,1.62,14.25,2.4,3.7,6.5,1.33,2.63,6.5,19.0,3.25,1.44,1.11,1.02,1.19,1.93,3.92,8.0,4.4,1.82,1.23,1.06,0,0,0,0,4,1,0,2,1,3,1,1682213400,14,0,67,17,17,0,-1,2,1,0,0,3,1,0,4,1,0,0,0,1,0,1,30,28,98,123,1.34,1.07,2.41,0,0,0,0,0,0,1,1,0,0,0,0,0,0,1,18,15,-1,-1,-1,-1,-1,-1,0,34,84,100,100,33,67,84,67,10.67,5.67,5.66,3.17,/clubs/real-salt-lake-14,teams/usa-real-salt-lake.png,Real Salt Lake,/clubs/san-jose-earthquakes-15,teams/usa-san-jose-earthquakes.png,SJ Earthquakes,1.28,0.78,1.0,0.33,0.86,1.75,100,67,17,0,0,84,67,67,1.86,1.12,2.98,/usa/real-salt-lake-vs-san-jose-earthquakes-h2h-stats#4926059,8777,35,True,True,True,True,False,False,True,"['39', '54', '80']",['49']
MLS,2023,8777,4926060,10,698284,2023,complete,96848,0,-1,"['54', '64']",[],2,0,2,12,2,14,1,4,4,3,0,0,8,2,2,6,10,8,15,15,62,38,11,2,2339,,,4,3,1.8,3.7,3.8,1.03,1.2,1.53,2.25,4.0,11.0,4.33,2.2,1.57,1.22,1.57,2.25,2.9,1.35,4.75,1.16,1.26,1.26,1.85,2.38,2.4,4.33,2.1,2.6,3.75,0,0,1.12,1.25,1.55,1.85,2.25,5.1,3.42,2.3,1.95,1.57,1.51,9.0,3.06,1.53,17.75,2.5,3.4,8.0,1.29,2.25,5.5,15.0,3.5,1.57,1.14,1.03,1.2,1.8,3.5,7.0,4.33,1.91,1.29,1.08,0,0,0,0,2,0,0,2,0,2,0,1682217000,10,0,67,50,17,0,-1,2,1,10,1,2,1,11,3,1,2,3,1,3,4,1,58,37,110,84,1.62,0.92,2.54,0,0,0,0,0,0,1,1,0,0,1,0,1,0,1,17,9,-1,-1,-1,1,1,0,17,17,67,100,100,67,84,67,50,15.0,2.67,3.33,3.0,/clubs/la-galaxy-10,teams/usa-la-galaxy.png,LA Galaxy,/clubs/austin-fc-698284,teams/usa-austin-fc.png,Austin,1.41,0.82,0.33,1.0,0.43,1.14,84,84,33,0,0,100,100,100,1.83,1.1,2.93,/usa/la-galaxy-vs-austin-fc-h2h-stats#4926060,8777,34,True,True,False,False,False,False,False,"['54', '64']",[]
MLS,2023,8777,4926061,18,1015,2023,complete,96848,0,-1,['79'],[],1,0,1,9,3,12,2,2,1,2,0,0,3,4,6,3,9,7,4,10,66,34,7,25,5,,,1,2,1.6,3.8,5.2,1.02,1.25,1.7,3.1,5.0,15.0,3.75,1.95,1.38,1.14,1.8,1.95,2.3,1.53,5.25,1.13,1.16,1.24,2.25,2.1,2.3,5.5,1.91,2.65,5.0,0,0,1.17,1.33,1.57,2.0,2.4,4.7,3.15,2.25,1.8,1.5,1.45,9.0,3.26,1.4,10.0,3.1,2.62,9.0,1.33,2.63,7.0,19.0,3.25,1.44,1.1,1.02,1.18,2.0,4.2,9.5,4.2,1.75,1.2,1.05,0,0,0,0,1,0,0,1,0,1,0,1682217000,18,0,25,0,13,0,-1,2,1,4,2,5,1,6,6,0,1,1,1,1,2,1,67,39,148,76,1.28,1.01,2.29,0,0,0,0,0,0,1,1,0,0,1,0,0,0,1,24,24,-1,-1,-1,-1,-1,-1,0,13,50,63,88,25,38,88,38,9.25,4.75,3.25,2.13,/clubs/seattle-sounders-fc-18,teams/usa-seattle-sounders-fc.png,Seattle Sounders,/clubs/minnesota-united-fc-1015,teams/usa-minnesota-united-fc.png,Minnesota United,1.65,1.18,2.5,2.25,2.0,1.57,100,88,50,38,13,75,38,38,1.61,1.05,2.66,/usa/seattle-sounders-fc-vs-minnesota-united-fc-h2h-stats#4926061,8777,34,True,False,False,False,False,False,False,['79'],[]
MLS,2023,8777,4926062,1016,7,2023,complete,96848,0,-1,"['13', '90+9']",['90'],2,1,3,4,5,9,2,5,1,4,0,0,4,5,4,7,8,12,7,13,56,44,13864,40852,10695,,,1,4,1.56,3.7,4.59,1.04,1.25,1.66,2.75,4.5,10.0,3.75,2.12,1.4,1.17,1.75,2.0,2.35,1.52,5.25,1.13,1.17,1.23,2.2,2.2,2.38,5.0,1.91,2.65,4.75,0,0,1.21,1.42,1.75,2.19,2.88,3.74,2.65,2.01,1.6,1.34,1.48,9.7,3.24,1.4,11.0,3.0,2.8,8.5,1.33,2.5,6.5,17.0,3.25,1.5,1.11,1.03,1.2,1.93,3.9,9.0,4.1,1.75,1.22,1.05,0,0,0,0,3,1,0,1,1,2,1,1682281800,1016,0,63,25,50,0,-1,2,1,1,3,3,2,4,5,1,1,0,3,2,3,1,27,53,74,108,0.99,1.5,2.48,0,0,0,0,0,0,1,1,0,0,1,0,0,0,-1,-1,-1,-1,-1,-1,-1,-1,-1,38,38,50,63,100,38,63,88,63,8.75,4.25,5.75,3.0,/clubs/atlanta-united-fc-1016,teams/usa-atlanta-united-fc.png,Atlanta United FC,/clubs/chicago-fire-7,teams/usa-chicago-fire.png,Chicago Fire,2.06,0.88,2.5,1.5,1.88,1.43,63,63,50,38,0,25,13,13,1.67,1.19,2.86,/usa/chicago-fire-vs-atlanta-united-fc-h2h-stats#4926062,8777,34,True,True,True,False,False,False,True,"['13', '90+9']",['90']
MLS,2023,8777,4926063,677447,1016,2023,complete,96848,0,-1,"['36', '56', '90+1']",['72'],3,1,4,3,7,10,6,2,1,3,0,0,4,2,6,7,10,9,11,10,34,66,13893,24795,40852,,,1,3,1.85,3.25,3.7,1.01,1.26,1.85,3.08,5.75,9.4,3.4,1.85,1.31,1.09,1.72,2.05,2.9,1.35,4.0,1.21,1.34,1.29,1.75,2.71,2.16,3.82,2.49,2.51,3.42,0,0,1.22,1.42,1.74,2.23,3.0,4.0,2.75,2.02,1.61,1.35,1.64,7.5,2.7,1.77,9.4,2.29,3.4,6.0,1.38,2.75,6.85,13.0,2.91,1.42,1.08,1.02,1.23,2.09,4.5,9.0,3.92,1.7,1.18,1.05,0,0,0,0,4,1,0,2,1,3,1,1682789400,677447,0,48,13,38,0,-1,2,1,3,3,0,4,6,4,0,1,1,2,1,3,1,32,44,85,108,1.15,1.04,2.19,0,1,0,1,0,0,1,1,0,0,0,1,0,0,-1,-1,-1,-1,-1,-1,-1,-1,-1,13,25,38,80,90,25,68,78,38,9.1,3.7,3.7,2.7,/clubs/nashville-sc-mls-677447,teams/usa-nashville-sc-mls.png,Nashville SC,/clubs/atlanta-united-fc-1016,teams/usa-atlanta-united-fc.png,Atlanta United FC,1.72,0.89,1.6,1.25,1.33,2.0,88,75,63,20,10,80,55,30,1.19,0.87,2.06,/usa/atlanta-united-fc-vs-nashville-sc-mls-h2h-stats#4926063,8777,36,True,True,True,True,False,False,True,"['36', '56', '90+1']",['72']
MLS,2023,8777,4926064,9,677446,2023,complete,96848,0,-1,['10'],"['7', '41']",1,2,3,10,5,15,0,1,1,3,0,0,8,5,6,2,14,7,8,10,70,30,84,39282,28121,,,1,3,1.62,4.0,5.25,1.03,1.25,1.78,3.1,6.0,13.0,3.75,2.0,1.36,1.12,1.8,1.88,2.3,1.53,4.8,1.15,1.18,1.25,2.15,2.2,2.2,4.75,1.95,2.6,4.4,0,0,1.29,1.53,1.95,2.55,3.5,3.45,2.4,1.85,1.48,1.27,1.35,8.0,3.95,1.52,13.0,2.7,2.8,8.5,1.35,2.6,6.5,17.5,2.9,1.43,1.1,1.01,1.21,1.98,4.1,9.5,4.0,1.72,1.2,1.05,0,0,0,0,3,1,2,0,0,0,3,1682811000,677446,0,25,0,25,0,-1,2,1,5,5,5,0,10,5,1,1,0,2,2,2,1,91,29,175,63,2.12,1.01,3.12,0,0,0,0,0,0,1,1,1,1,0,0,0,0,1,2,6,-1,-1,-1,-1,-1,-1,13,25,25,63,100,25,63,63,50,8.75,2.0,3.25,2.5,/clubs/columbus-crew-9,teams/usa-columbus-crew.png,Columbus Crew,/clubs/club-internacional-de-futbol-miami-677446,teams/usa-club-internacional-de-futbol-miami.png,Inter Miami,2.45,0.65,2.5,0.0,1.56,0.75,88,75,75,38,0,50,38,0,1.62,1.13,2.75,/usa/columbus-crew-vs-club-internacional-de-futbol-miami-h2h-stats#4926064,8777,34,True,True,True,False,False,False,True,['10'],"['7', '41']"
MLS,2023,8777,4926065,13401,711351,2023,complete,96848,0,-1,"['34', '75', '90+5']",[],3,0,3,2,5,7,2,0,2,2,0,0,4,1,6,3,10,4,16,14,41,59,13967,38056,44668,,,2,2,1.9,3.6,3.9,1.03,1.25,1.8,3.0,5.5,13.0,3.75,2.0,1.38,1.14,1.7,2.15,2.75,1.39,4.5,1.17,1.28,1.22,1.87,2.55,2.25,4.2,2.3,2.65,3.75,0,0,1.27,1.5,1.9,2.45,3.4,3.55,2.48,1.9,1.5,1.29,1.48,7.5,3.25,1.7,9.9,2.5,3.5,6.5,1.36,2.65,6.5,19.0,3.2,1.45,1.1,1.01,1.2,1.95,4.0,9.0,4.33,1.78,1.22,1.04,0,0,0,0,3,1,0,2,0,2,1,1682811000,13401,0,88,13,25,0,-1,2,1,1,1,1,4,2,5,2,0,0,2,2,2,1,37,51,111,91,1.19,0.7,1.89,1,0,1,0,0,0,1,1,0,0,0,0,1,0,1,4,7,-1,-1,-1,-1,-1,-1,13,50,75,100,100,38,88,100,63,9.0,4.25,6.0,3.38,/clubs/dc-united-13401,teams/usa-dc-united.png,DC United,/clubs/charlotte-fc-711351,teams/usa-charlotte-fc.png,Charlotte,1.41,0.94,1.0,1.0,1.22,1.0,88,50,25,0,0,25,25,25,1.46,1.13,2.59,/usa/dc-united-vs-charlotte-fc-h2h-stats#4926065,8777,34,True,True,True,False,False,False,False,"['34', '75', '90+5']",[]
MLS,2023,8777,4926066,11,8043,2023,complete,96848,0,-1,['45+3'],['31'],1,1,2,3,8,11,1,0,1,3,0,0,5,5,6,3,11,8,10,15,56,44,58,21032,40182,,,1,3,2.05,3.5,3.5,1.03,1.22,1.75,2.85,5.0,13.0,4.2,2.05,1.42,1.16,1.62,2.25,3.1,1.31,4.2,1.2,1.35,1.25,1.72,2.75,2.25,3.75,2.45,2.65,3.4,0,0,1.26,1.48,1.88,2.43,3.3,3.65,2.55,1.93,1.52,1.3,1.58,7.5,2.88,1.8,11.0,2.2,3.9,5.8,1.33,2.55,6.0,17.0,3.3,1.47,1.11,1.01,1.19,1.87,3.7,8.5,4.33,1.8,1.24,1.06,0,0,0,0,2,1,1,0,0,0,2,1682811000,-1,0,45,13,35,0,-1,2,1,1,6,2,2,7,4,0,3,1,0,3,1,1,61,42,143,86,1.5,1.17,2.67,0,1,0,0,0,1,1,1,0,0,1,1,0,0,1,5,5,-1,-1,-1,-1,-1,-1,25,35,55,65,88,45,55,88,55,7.3,3.75,2.6,2.93,/clubs/new-england-revolution-11,teams/usa-new-england-revolution.png,New England Revolution,/clubs/fc-cincinnati-8043,teams/usa-fc-cincinnati.png,FC Cincinnati,2.22,1.61,2.6,1.25,2.22,2.22,75,65,45,35,13,33,33,33,1.41,1.45,2.86,/usa/new-england-revolution-vs-fc-cincinnati-h2h-stats#4926066,8777,36,True,True,False,False,False,False,True,['45+3'],['31']
MLS,2023,8777,4926067,17,10,2023,complete,96848,0,-1,"['38', '57']",[],2,0,2,4,6,10,5,2,0,3,0,0,6,3,4,4,10,7,13,15,55,45,13889,21031,2,,,0,3,2.15,3.6,3.13,1.05,1.26,1.7,2.9,5.25,9.75,3.5,2.1,1.36,1.13,1.66,2.05,2.95,1.35,3.9,1.22,1.33,1.29,1.66,2.7,2.1,3.6,2.4,2.5,3.25,0,0,1.28,1.5,1.93,2.5,3.45,3.5,2.45,1.88,1.49,1.28,1.65,7.0,2.7,1.78,13.0,2.15,3.8,5.5,1.36,2.6,6.5,17.5,2.87,1.43,1.1,1.01,1.21,1.98,4.0,9.5,4.0,1.73,1.21,1.05,0,0,0,0,2,1,0,1,0,1,1,1682811000,17,0,33,23,0,0,-1,2,1,3,1,1,5,4,6,0,1,0,2,1,2,1,31,48,90,98,1.28,1.01,2.29,0,0,0,0,0,0,1,1,0,0,1,1,0,0,1,4,5,-1,-1,-1,-1,-1,-1,0,23,45,55,65,33,55,65,35,11.9,3.95,5.75,1.88,/clubs/orlando-city-sc-17,teams/usa-orlando-city-sc.png,Orlando City,/clubs/la-galaxy-10,teams/usa-la-galaxy.png,LA Galaxy,1.84,0.71,0.8,0.5,1.38,0.75,100,78,55,45,35,58,45,45,1.29,1.09,2.38,/usa/la-galaxy-vs-orlando-city-sc-h2h-stats#4926067,8777,34,True,True,False,False,False,False,False,"['38', '57']",[]
MLS,2023,8777,4926068,19,2,2023,complete,96848,0,-1,['46'],[],1,0,1,2,4,6,2,2,3,1,0,0,6,1,2,2,8,3,11,9,45,55,7,211,27505,,,3,1,2.45,3.3,2.9,1.05,1.28,1.9,3.1,5.75,9.25,3.3,1.87,1.32,1.11,1.71,2.0,2.95,1.34,3.5,1.25,1.38,1.3,1.58,2.85,2.1,3.4,2.6,2.5,3.05,0,0,1.22,1.42,1.75,2.25,3.1,3.75,2.55,1.9,1.52,1.3,1.65,7.5,2.7,1.88,9.0,2.2,4.0,4.75,1.38,2.7,7.0,19.0,2.8,1.4,1.08,1.01,1.23,2.05,4.33,10.5,3.8,1.68,1.19,1.04,0,0,0,0,1,0,0,1,0,1,0,1682811000,19,0,63,13,25,0,-1,2,1,1,2,1,2,3,3,0,0,3,1,0,4,1,51,38,124,106,1.31,0.55,1.86,0,0,0,0,0,0,1,1,0,0,1,0,0,0,-1,-1,-1,-1,-1,-1,-1,-1,-1,0,25,25,88,100,25,63,100,50,11.0,3.5,4.75,2.38,/clubs/toronto-fc-19,teams/canada-toronto-fc.png,Toronto,/clubs/new-york-city-fc-2,teams/usa-new-york-city-fc.png,New York City,1.06,0.65,1.5,0.5,1.0,1.67,100,75,75,13,0,88,75,38,1.1,0.91,2.01,/usa/new-york-city-fc-vs-toronto-fc-h2h-stats#4926068,8777,34,True,False,False,False,False,False,False,['46'],[]
MLS,2023,8777,4926069,698284,15,2023,complete,96848,0,-1,"['40', '78']","['21', '75']",2,2,4,11,10,21,1,0,1,2,0,0,4,3,7,2,11,5,9,11,55,45,5016,2339,12956,,,1,2,2.05,3.6,3.4,1.04,1.18,1.7,2.65,4.75,15.0,4.2,2.1,1.45,1.17,1.58,2.3,3.0,1.34,4.6,1.17,1.29,1.25,1.83,2.6,2.25,3.75,2.2,2.6,3.5,0,0,1.21,1.4,1.71,2.2,3.0,3.9,2.65,1.95,1.55,1.31,1.52,7.5,3.05,1.62,15.0,2.4,4.0,5.8,1.26,2.55,6.25,18.0,3.25,1.48,1.11,1.02,1.17,1.87,3.95,9.5,4.7,1.87,1.22,1.05,0,0,0,0,4,1,1,1,1,2,2,1682814600,-1,0,63,13,38,0,-1,2,1,3,4,8,6,7,14,0,0,1,2,0,3,1,49,36,105,82,1.34,0.8,2.13,0,0,0,0,0,0,1,1,0,0,0,1,0,0,1,21,15,-1,-1,-1,1,0,1,13,25,50,75,88,25,63,88,50,8.75,3.25,3.75,2.5,/clubs/austin-fc-698284,teams/usa-austin-fc.png,Austin,/clubs/san-jose-earthquakes-15,teams/usa-san-jose-earthquakes.png,SJ Earthquakes,1.47,0.78,1.25,0.25,1.0,1.56,88,75,50,25,13,75,63,63,1.31,1.11,2.42,/usa/san-jose-earthquakes-vs-austin-fc-h2h-stats#4926069,8777,34,True,True,True,True,False,False,True,"['40', '78']","['21', '75']"
MLS,2023,8777,4926070,7,4,2023,complete,96848,0,-1,['34'],['89'],1,1,2,0,5,5,1,0,5,2,0,0,4,4,2,4,6,8,11,7,48,52,11,10695,11574,,,5,2,2.5,3.2,2.9,1.07,1.36,2.2,3.75,7.5,9.65,3.17,1.65,1.28,1.09,1.87,1.9,2.8,1.38,3.2,1.3,1.35,1.3,1.49,3.05,1.89,3.5,2.7,2.4,3.1,0,0,1.25,1.47,1.83,2.4,3.4,3.5,2.4,1.8,1.46,1.26,1.85,8.7,2.28,1.88,7.5,2.1,0.0,0.0,1.44,3.0,7.5,26.0,2.62,1.36,1.07,1.01,1.3,2.3,5.55,15.0,3.34,1.57,1.13,1.03,0,0,0,0,2,1,0,0,1,1,1,1682814600,-1,0,60,10,20,0,-1,2,1,0,0,0,5,0,5,2,2,3,0,4,3,1,43,41,116,145,0.99,1.11,2.09,0,0,0,0,0,0,1,1,0,0,0,0,1,0,1,19,46,-1,-1,-1,1,1,0,10,20,30,70,90,20,80,80,20,10.0,3.2,5.6,2.3,/clubs/chicago-fire-7,teams/usa-chicago-fire.png,Chicago Fire,/clubs/new-york-red-bulls-4,teams/usa-new-york-red-bulls.png,New York RB,1.47,0.94,1.4,0.4,1.25,0.89,90,80,70,30,10,50,40,30,1.03,1.43,2.46,/usa/new-york-red-bulls-vs-chicago-fire-h2h-stats#4926070,8777,34,True,True,False,False,False,False,True,['34'],['89']
MLS,2023,8777,4926071,8,1,2023,complete,96848,0,-1,[],"['35', '45+1']",0,2,2,5,6,11,3,4,3,3,0,0,6,4,5,2,11,6,10,6,62,38,13851,18,36107,,,3,3,1.65,3.9,5.0,1.01,1.23,1.78,2.88,5.2,10.0,3.64,2.05,1.35,1.11,1.7,2.15,2.85,1.37,4.33,1.18,1.28,1.22,1.87,2.55,2.38,4.2,2.3,2.65,3.75,0,0,1.26,1.5,1.88,2.5,3.5,3.3,2.3,1.77,1.44,1.24,1.56,9.1,2.92,1.67,10.0,2.38,3.3,7.0,1.36,2.77,6.4,16.5,3.29,1.48,1.1,1.01,1.21,2.0,4.14,9.0,4.2,1.78,1.21,1.06,0,0,0,0,2,0,2,0,0,0,2,1682814600,1,0,17,17,0,0,-1,2,1,3,3,2,3,6,5,1,1,2,2,2,4,1,55,37,122,80,1.52,0.94,2.46,0,0,0,0,0,0,1,1,0,0,0,0,0,0,1,30,26,-1,-1,-1,1,1,1,27,37,37,57,84,37,57,84,37,10.47,3.07,3.93,2.4,/clubs/sporting-kansas-city-8,teams/usa-sporting-kansas-city.png,Sporting KC,/clubs/montreal-impact-1,teams/canada-montreal-impact.png,Montreal Impact,1.74,0.47,0.33,0.0,0.33,0.75,74,64,64,44,17,54,54,54,1.55,0.98,2.53,/usa/montreal-impact-vs-sporting-kansas-city-h2h-stats#4926071,8777,34,True,True,False,False,False,False,False,[],"['35', '45+1']"
MLS,2023,8777,4926072,945555,20,2023,complete,96848,0,-1,['79'],"['63', '82']",1,2,3,2,1,3,3,1,1,2,0,0,1,7,4,7,5,14,12,12,52,48,31,36880,7206,,,1,2,1.83,3.75,4.1,1.03,1.22,1.7,2.9,5.0,15.0,4.2,2.1,1.42,1.16,1.65,2.1,2.75,1.39,4.6,1.16,1.25,1.26,1.88,2.37,2.2,4.0,2.15,2.6,3.7,0,0,1.22,1.42,1.75,2.3,3.1,3.75,2.55,1.9,1.52,1.29,1.55,8.5,2.91,1.59,14.25,2.54,3.4,7.0,1.33,2.45,6.0,15.5,3.0,1.47,1.11,1.02,1.19,1.88,3.75,8.75,4.2,1.8,1.23,1.06,0,0,0,0,3,0,0,1,2,3,0,1682814600,20,0,65,13,53,0,-1,2,1,1,0,1,1,1,2,0,1,1,1,1,2,1,64,33,100,92,0.86,1.62,2.47,0,1,0,1,0,0,1,1,0,0,0,0,0,1,1,25,31,-1,-1,-1,-1,-1,-1,33,45,68,78,100,58,68,100,53,8.55,3.15,4.85,3.45,/clubs/st-louis-city-sc-945555,teams/usa-st-louis-city-sc.png,St. Louis City,/clubs/portland-timbers-20,teams/usa-portland-timbers.png,Portland Timbers,1.94,0.76,2.25,0.2,2.11,0.89,68,55,33,23,0,53,53,53,1.53,0.88,2.41,/usa/portland-timbers-vs-st-louis-city-sc-h2h-stats#4926072,8777,34,True,True,True,False,False,False,True,['79'],"['63', '82']"
MLS,2023,8777,4926073,14,18,2023,complete,96848,0,-1,[],[],0,0,0,7,2,9,2,2,5,3,1,0,3,1,9,8,12,9,14,5,43,57,20,8,25,,,6,3,2.5,3.4,2.75,1.04,1.24,1.85,2.75,5.0,10.5,3.7,1.93,1.39,1.15,1.65,2.1,3.4,1.27,3.3,1.28,1.49,1.3,1.4,3.35,2.28,3.32,2.85,2.45,2.75,0,0,1.22,1.4,1.71,2.1,3.0,4.0,2.75,2.1,1.71,1.31,2.06,7.0,2.06,1.95,10.0,1.95,4.4,0.0,1.39,2.91,6.5,17.5,3.13,1.44,1.1,1.01,1.21,1.98,4.0,9.5,4.0,1.72,1.21,1.05,0,0,0,0,0,0,0,0,0,0,0,1682818200,-1,0,75,25,25,0,-1,2,1,5,2,2,0,7,2,2,1,4,2,3,6,1,50,43,85,94,1.33,0.96,2.29,0,0,0,0,0,0,1,1,0,0,0,0,1,1,1,17,13,-1,-1,-1,-1,-1,-1,25,63,88,88,100,38,63,88,63,9.5,5.0,3.75,3.63,/clubs/real-salt-lake-14,teams/usa-real-salt-lake.png,Real Salt Lake,/clubs/seattle-sounders-fc-18,teams/usa-seattle-sounders-fc.png,Seattle Sounders,1.28,1.44,1.5,1.5,1.13,2.11,75,38,13,13,0,50,50,38,1.73,1.1,2.83,/usa/real-salt-lake-vs-seattle-sounders-fc-h2h-stats#4926073,8777,37,False,False,False,False,False,False,False,[],[]
MLS,2023,8777,4926074,6490,6,2023,complete,96848,0,-1,[],['23'],0,1,1,4,5,9,3,3,3,5,1,0,1,3,7,6,8,9,13,20,71,29,5016,39588,20,,,5,5,1.4,4.9,6.75,1.03,1.22,1.58,2.27,5.5,13.0,4.2,2.28,1.57,1.15,1.8,1.95,2.1,1.65,6.5,1.08,1.07,1.15,3.0,1.91,2.5,6.5,1.67,2.9,6.0,0,0,1.13,1.33,1.68,2.0,2.7,4.85,2.95,2.1,1.66,1.38,1.23,11.0,5.1,1.3,16.5,3.6,2.2,12.0,1.29,2.38,5.5,15.0,3.5,1.53,1.14,1.03,1.17,1.8,3.5,8.0,5.0,1.91,1.29,1.08,0,0,0,0,1,0,1,0,0,0,1,1686796200,6,0,60,26,34,0,-1,2,1,4,3,0,2,7,2,2,0,2,5,2,7,1,98,49,111,69,1.29,1.13,2.42,0,0,0,0,0,0,1,1,0,0,0,0,0,0,1,127,127,-1,-1,-1,1,1,0,14,21,67,87,93,34,81,80,67,12.81,3.27,4.46,3.0,/clubs/los-angeles-fc-6490,teams/usa-los-angeles-fc.png,Los Angeles FC,/clubs/houston-dynamo-6,teams/usa-houston-dynamo.png,Houston Dynamo,2.05,0.79,2.43,0.25,1.86,1.31,87,80,34,14,7,61,61,55,1.93,1.23,3.16,/usa/houston-dynamo-vs-los-angeles-fc-h2h-stats#4926074,8777,39,True,False,False,False,False,False,False,[],['23']
MLS,2023,8777,4926075,5,12,2023,complete,96848,0,-1,[],[],0,0,0,13,1,14,1,0,1,0,0,0,5,2,10,3,15,5,10,9,62,38,45098,41087,11434,,,1,0,1.8,3.75,4.33,1.03,1.25,1.78,3.1,6.0,13.0,3.75,2.0,1.36,1.12,1.77,2.0,2.4,1.5,4.75,1.15,1.22,1.22,2.0,2.4,2.3,4.5,2.12,2.61,4.36,0,0,1.22,1.44,1.85,2.19,2.98,3.65,2.58,1.95,1.68,1.32,1.41,6.5,3.4,1.5,10.0,2.75,0.0,0.0,1.36,2.65,6.5,19.0,3.1,1.44,1.09,1.02,1.2,2.0,4.2,9.5,4.2,1.75,1.2,1.04,0,0,0,0,0,0,0,0,0,0,0,1682821800,-1,0,45,13,10,0,-1,2,1,5,1,8,0,6,8,1,0,0,0,1,0,1,67,30,123,62,1.79,0.68,2.46,0,1,0,0,0,1,1,1,0,0,2,0,0,0,1,10,12,-1,-1,-1,-1,-1,-1,13,33,45,68,100,35,58,88,45,14.6,3.05,4.7,2.58,/clubs/vancouver-whitecaps-fc-5,teams/canada-vancouver-whitecaps-fc.png,Vancouver Whitecaps,/clubs/colorado-rapids-12,teams/usa-colorado-rapids.png,Colorado Rapids,1.67,0.59,1.75,1.0,1.25,0.89,88,68,55,33,0,78,68,68,1.89,1.15,3.04,/usa/vancouver-whitecaps-fc-vs-colorado-rapids-h2h-stats#4926075,8777,34,False,False,False,False,False,False,False,[],[]
MLS,2023,8777,4926076,1015,13,2023,complete,96848,0,-1,[],[],0,0,0,6,3,9,3,4,2,1,0,0,5,2,10,2,15,4,7,5,50,50,3,5,21189,,,2,1,2.34,3.55,2.63,1.01,1.25,1.74,2.9,5.25,9.7,3.6,1.94,1.36,1.13,1.67,2.1,3.0,1.33,3.6,1.24,1.38,1.32,1.65,2.88,2.2,3.5,2.6,2.5,3.1,0,0,1.21,1.44,1.77,2.19,2.63,3.9,2.6,2.03,1.64,1.43,1.68,6.0,2.5,1.73,10.0,2.25,3.5,0.0,1.36,2.75,7.0,21.0,3.0,1.4,1.1,1.02,1.22,2.0,4.33,11.0,4.0,1.73,1.2,1.05,0,0,0,0,0,0,0,0,0,0,0,1682902800,-1,0,88,13,42,0,-1,2,1,4,3,2,0,7,2,1,1,1,0,2,1,1,53,47,112,107,1.68,0.75,2.43,0,0,0,0,0,0,1,1,0,0,1,0,0,0,-1,-1,-1,-1,-1,-1,-1,-1,-1,0,13,42,88,100,13,84,75,42,8.83,2.25,5.75,2.42,/clubs/minnesota-united-fc-1015,teams/usa-minnesota-united-fc.png,Minnesota United,/clubs/fc-dallas-13,teams/usa-fc-dallas.png,FC Dallas,1.24,0.95,0.67,1.0,1.38,1.56,100,88,59,13,0,75,63,63,1.09,1.33,2.42,/usa/fc-dallas-vs-minnesota-united-fc-h2h-stats#4926076,8777,34,False,False,False,False,False,False,False,[],[]
MLS,2023,8777,4926077,711351,2,2023,complete,96848,0,-1,"['8', '39', '74']","['37', '57']",3,2,5,8,6,14,1,1,3,2,0,0,3,6,7,4,10,10,9,14,42,58,13812,44668,27505,,,3,2,2.6,3.3,2.75,1.02,1.27,1.86,3.14,5.9,9.2,3.32,1.94,1.3,1.08,1.71,2.06,3.3,1.29,3.4,1.29,1.45,1.35,1.5,3.27,2.24,3.49,2.75,2.5,2.85,0,0,1.26,1.49,1.98,2.45,3.5,3.4,2.35,1.83,1.44,1.25,1.8,7.0,2.4,1.99,9.2,2.08,4.0,4.75,1.41,3.02,7.0,17.5,3.02,1.41,1.08,1.01,1.24,2.12,4.55,9.25,3.82,1.68,1.18,1.05,0,0,0,0,5,2,1,1,1,2,3,1683415800,711351,0,40,0,20,0,-1,2,1,6,2,2,4,8,6,2,1,1,1,3,2,1,37,36,80,94,1.11,1.32,2.43,0,1,0,1,0,0,1,1,1,0,2,0,1,0,1,0,2,-1,-1,-1,-1,-1,-1,0,10,20,60,100,10,50,80,20,10.0,2.8,3.8,1.9,/clubs/charlotte-fc-711351,teams/usa-charlotte-fc.png,Charlotte,/clubs/new-york-city-fc-2,teams/usa-new-york-city-fc.png,New York City,1.53,0.65,1.0,0.4,0.9,1.5,100,90,80,40,0,60,40,30,1.2,0.84,2.04,/usa/new-york-city-fc-vs-charlotte-fc-h2h-stats#4926077,8777,34,True,True,True,True,True,False,True,"['8', '39', '74']","['37', '57']"
MLS,2023,8777,4926078,8043,13401,2023,complete,96848,0,-1,"['59', '73']",['90'],2,1,3,6,6,12,0,1,5,3,0,0,4,5,6,9,10,14,12,15,46,54,5016,40182,38056,,,5,3,1.74,4.0,4.5,1.04,1.21,1.74,2.68,4.85,10.5,3.82,2.16,1.4,1.13,1.71,2.06,2.45,1.47,5.0,1.13,1.18,1.25,2.1,2.22,2.31,4.75,2.0,2.71,4.45,0,0,1.24,1.46,1.95,2.4,3.3,3.5,2.4,1.85,1.47,1.26,1.35,8.0,3.95,1.53,14.25,2.71,2.8,8.5,1.33,2.52,6.05,16.0,3.16,1.49,1.11,1.02,1.19,1.93,3.92,8.75,4.4,1.82,1.23,1.06,0,0,0,0,3,0,0,2,1,3,0,1683415800,8043,0,40,20,20,0,-1,2,1,3,1,3,5,4,8,1,1,4,2,2,6,1,44,60,85,111,1.23,1.67,2.9,0,0,0,0,0,0,1,1,0,0,1,0,0,0,1,2,4,-1,-1,-1,-1,-1,-1,10,20,40,50,90,40,60,70,30,7.0,3.8,5.0,2.1,/clubs/fc-cincinnati-8043,teams/usa-fc-cincinnati.png,FC Cincinnati,/clubs/dc-united-13401,teams/usa-dc-united.png,DC United,2.35,0.94,3.0,1.4,2.1,1.4,90,80,60,50,10,40,40,30,1.12,1.12,2.24,/usa/fc-cincinnati-vs-dc-united-h2h-stats#4926078,8777,34,True,True,True,False,False,False,True,"['59', '73']",['90']
MLS,2023,8777,4926079,677446,1016,2023,complete,96848,0,-1,"['59', '75']",['90+2'],2,1,3,3,7,10,1,5,2,2,1,0,3,5,5,13,8,18,9,13,44,56,7,28121,40852,,,4,2,2.55,3.45,2.7,1.0,1.21,1.73,2.75,4.95,10.5,3.82,2.17,1.38,1.12,1.61,2.23,3.6,1.25,3.8,1.22,1.47,1.29,1.53,3.12,2.35,3.41,2.73,2.59,2.94,0,0,1.2,1.39,1.68,2.2,2.95,3.9,2.7,1.98,1.57,1.32,1.79,7.0,2.4,1.9,14.0,1.95,4.6,5.0,1.35,2.72,6.1,19.0,3.33,1.49,1.1,1.02,1.2,1.95,4.0,10.0,4.32,1.8,1.22,1.06,0,0,0,0,3,0,0,2,1,3,0,1683415800,677446,0,53,23,53,0,16750,2,1,2,2,1,4,4,5,1,0,2,2,1,4,1,34,63,81,130,0.97,1.95,2.91,1,0,1,0,0,0,1,1,0,0,0,0,0,0,1,9,5,-1,-1,-1,-1,-1,-1,23,43,53,88,100,33,90,78,53,8.95,3.65,3.6,3.25,/clubs/club-internacional-de-futbol-miami-677446,teams/usa-club-internacional-de-futbol-miami.png,Inter Miami,/clubs/atlanta-united-fc-1016,teams/usa-atlanta-united-fc.png,Atlanta United FC,1.35,0.89,1.5,1.0,1.0,1.8,78,58,48,13,0,63,43,13,1.35,0.9,2.25,/usa/atlanta-united-fc-vs-club-internacional-de-futbol-miami-h2h-stats#4926079,8777,34,True,True,True,False,False,False,True,"['59', '75']",['90+2']
MLS,2023,8777,4926080,1,17,2023,complete,96848,0,-1,"['62', '66']",[],2,0,2,4,5,9,0,1,2,5,0,0,4,2,4,10,8,12,19,14,45,55,42,36107,21031,,,2,5,2.19,3.5,3.25,1.05,1.27,1.84,3.05,5.8,12.5,3.83,1.96,1.38,1.14,1.67,2.15,3.0,1.34,3.8,1.23,1.35,1.32,1.65,2.79,2.18,3.72,2.35,2.55,3.3,0,0,1.26,1.49,2.0,2.45,3.5,3.4,2.35,1.8,1.44,1.25,1.66,7.0,2.7,1.72,13.0,2.2,3.6,6.0,1.38,2.86,6.2,13.0,3.18,1.45,1.1,1.02,1.25,2.0,4.32,9.0,3.74,1.73,1.22,1.05,0,0,0,0,2,0,0,2,0,2,0,1683415800,1,0,67,17,50,0,-1,2,1,3,2,1,3,5,4,0,2,2,3,2,5,1,34,37,95,87,1.04,1.17,2.21,0,0,0,0,0,0,1,1,0,0,1,1,0,0,1,1,6,-1,-1,-1,-1,-1,-1,17,17,50,84,100,17,50,84,50,8.67,2.33,4.67,2.67,/clubs/montreal-impact-1,teams/canada-montreal-impact.png,Montreal Impact,/clubs/orlando-city-sc-17,teams/usa-orlando-city-sc.png,Orlando City,1.94,1.89,2.0,2.33,1.0,1.56,84,84,50,17,0,50,50,50,1.04,1.04,2.08,/usa/montreal-impact-vs-orlando-city-sc-h2h-stats#4926080,8777,34,True,True,False,False,False,False,False,"['62', '66']",[]
MLS,2023,8777,4926081,4,16,2023,complete,96848,0,-1,[],['31'],0,1,1,3,2,5,1,2,2,2,0,0,3,2,15,1,18,3,23,18,53,47,13893,11574,12,,,2,2,2.11,3.45,3.5,1.07,1.36,2.08,3.75,7.45,9.95,3.18,1.8,1.28,1.09,1.88,1.9,2.6,1.44,3.6,1.25,1.32,1.32,1.68,2.75,2.05,3.9,2.4,2.45,3.5,0,0,1.26,1.49,2.0,2.45,3.5,3.4,2.35,1.8,1.44,1.25,1.58,7.0,2.88,1.75,10.0,2.3,3.25,5.8,1.45,3.1,8.1,15.0,2.64,1.34,1.06,1.02,1.23,2.2,4.4,10.0,3.9,1.55,1.13,1.04,0,0,0,0,1,0,1,0,0,0,1,1683415800,16,0,63,0,50,0,-1,2,1,3,0,0,2,3,2,1,2,1,0,3,1,1,57,45,143,86,1.77,0.67,2.43,0,1,0,1,0,0,1,1,0,0,1,0,0,0,1,9,3,-1,-1,-1,-1,-1,-1,13,25,38,75,88,0,50,88,63,9.5,3.5,4.0,2.38,/clubs/new-york-red-bulls-4,teams/usa-new-york-red-bulls.png,New York RB,/clubs/philadelphia-union-16,teams/usa-philadelphia-union.png,Philadelphia Union,1.58,1.16,1.5,0.25,0.9,1.22,88,75,63,25,13,50,38,25,1.45,1.3,2.75,/usa/new-york-red-bulls-vs-philadelphia-union-h2h-stats#4926081,8777,37,True,False,False,False,False,False,False,[],['31']
MLS,2023,8777,4926082,15,6490,2023,complete,96848,0,-1,"['8', '83']",['30'],2,1,3,4,5,9,3,2,0,2,0,0,3,7,6,11,9,18,13,10,40,60,69,12956,39588,,,0,2,2.8,3.55,2.44,1.04,1.22,1.74,2.62,4.5,10.0,4.0,2.16,1.44,1.17,1.62,2.2,3.8,1.22,3.3,1.29,1.53,1.3,1.44,3.37,2.37,3.13,3.0,2.4,2.7,0,0,1.18,1.31,1.57,1.98,2.6,4.5,3.0,2.2,1.7,1.4,2.05,7.0,2.05,2.02,14.25,1.9,3.9,5.8,1.35,2.67,5.5,12.0,3.38,1.51,1.12,1.02,1.22,1.91,3.75,8.0,4.0,1.8,1.25,1.06,0,0,0,0,3,1,1,1,0,1,2,1683415800,15,0,45,23,13,0,-1,2,1,1,3,3,2,4,5,0,1,0,1,1,1,1,27,41,92,141,0.98,1.94,2.92,1,0,1,0,0,0,1,1,1,0,0,0,0,0,1,8,5,-1,-1,-1,-1,-1,-1,13,13,43,55,65,33,55,65,23,11.2,2.4,5.0,1.88,/clubs/san-jose-earthquakes-15,teams/usa-san-jose-earthquakes.png,SJ Earthquakes,/clubs/los-angeles-fc-6490,teams/usa-los-angeles-fc.png,Los Angeles FC,1.82,1.25,2.6,1.5,1.5,2.25,88,88,58,45,35,70,60,60,1.41,1.35,2.76,/usa/san-jose-earthquakes-vs-los-angeles-fc-h2h-stats#4926082,8777,35,True,True,True,False,False,False,True,"['8', '83']",['30']
MLS,2023,8777,4926083,19,11,2023,complete,96848,0,-1,[],"['19', '62']",0,2,2,5,4,9,1,3,3,0,0,0,5,6,15,5,20,11,6,6,52,48,24,211,21032,,,3,0,2.24,3.45,3.2,1.0,1.22,1.8,2.82,5.1,10.25,3.72,2.01,1.36,1.11,1.64,2.17,2.9,1.36,4.33,1.18,1.35,1.29,1.69,2.68,2.36,4.12,2.47,2.58,3.32,0,0,1.2,1.33,1.6,2.05,2.7,4.25,2.9,2.1,1.65,1.38,1.52,7.5,3.05,1.82,10.25,2.25,3.75,5.8,1.36,2.74,6.3,19.5,3.31,1.49,1.1,1.01,1.21,1.98,4.05,10.5,4.15,1.78,1.22,1.04,0,0,0,0,2,0,1,0,1,1,1,1683415800,11,0,55,10,23,0,27438,2,1,0,2,5,2,2,7,2,0,1,0,2,1,1,44,70,104,111,1.93,1.63,3.55,0,0,0,0,0,0,1,1,0,0,0,0,0,0,1,6,8,-1,-1,-1,-1,-1,-1,0,33,45,78,100,20,55,100,68,10.0,3.9,3.45,2.55,/clubs/toronto-fc-19,teams/canada-toronto-fc.png,Toronto,/clubs/new-england-revolution-11,teams/usa-new-england-revolution.png,New England Revolution,1.06,0.83,1.8,1.75,1.2,2.1,100,68,55,23,0,90,80,48,1.14,1.36,2.5,/usa/new-england-revolution-vs-toronto-fc-h2h-stats#4926083,8777,34,True,True,False,False,False,False,False,[],"['19', '62']"
MLS,2023,8777,4926084,13,945555,2023,complete,96848,0,-1,"['80', '89']",[],2,0,2,1,3,4,0,1,0,4,0,0,3,1,2,5,5,6,4,10,42,58,36,21189,36880,,,0,4,1.86,3.8,4.0,1.0,1.22,1.76,2.79,5.05,10.25,3.72,2.13,1.37,1.12,1.7,2.08,2.63,1.43,4.75,1.15,1.23,1.26,1.99,2.33,2.26,4.55,2.13,2.64,4.1,0,0,1.2,1.39,1.7,2.2,2.95,3.9,2.65,1.98,1.57,1.32,1.42,8.0,3.5,1.64,10.25,2.6,3.2,7.5,1.34,2.58,6.25,19.0,3.1,1.47,1.1,1.02,1.2,1.98,4.05,9.0,4.25,1.78,1.22,1.04,0,0,0,0,2,0,0,2,0,2,0,1686184200,13,0,69,36,36,0,-1,2,1,1,3,0,0,4,0,0,2,0,2,2,2,-1,0,0,0,0,0.0,0.0,0.0,0,0,0,0,0,0,1,1,0,0,0,2,0,0,-1,-1,-1,-1,-1,-1,-1,-1,-1,9,23,65,86,100,36,57,92,65,10.08,1.71,4.33,2.82,/clubs/fc-dallas-13,teams/usa-fc-dallas.png,FC Dallas,/clubs/st-louis-city-sc-945555,teams/usa-st-louis-city-sc.png,St. Louis City,1.72,1.17,1.75,1.67,1.44,2.0,92,78,36,15,0,73,53,53,1.19,1.3,2.49,/usa/fc-dallas-vs-st-louis-city-sc-h2h-stats#4926084,8777,36,True,True,False,False,False,False,False,"['80', '89']",[]
MLS,2023,8777,4926085,6,14,2023,complete,96848,0,-1,[],[],0,0,0,4,9,13,2,0,2,2,0,0,4,6,11,7,15,13,8,12,61,39,19912,20,8,,,2,2,2.03,3.65,3.55,1.04,1.25,1.74,3.0,5.5,14.25,3.75,2.09,1.38,1.14,1.68,2.15,2.9,1.36,4.33,1.18,1.3,1.25,1.83,2.57,2.19,3.9,2.35,2.65,3.6,0,0,1.2,1.39,1.7,2.2,2.95,3.9,2.65,1.98,1.57,1.32,1.52,7.5,3.05,1.68,12.0,2.4,3.6,6.5,1.32,2.63,6.5,19.0,3.25,1.44,1.11,1.02,1.2,1.91,4.0,10.0,4.33,1.8,1.22,1.06,0,0,0,0,0,0,0,0,0,0,0,1683419400,-1,0,25,0,13,0,-1,2,1,1,4,3,5,5,8,0,1,2,1,1,3,1,41,44,106,91,1.53,1.56,3.09,0,0,0,0,0,0,1,1,0,0,1,1,0,0,1,10,15,-1,-1,-1,1,1,1,0,13,50,75,100,13,63,100,63,9.0,4.75,3.5,2.38,/clubs/houston-dynamo-6,teams/usa-houston-dynamo.png,Houston Dynamo,/clubs/real-salt-lake-14,teams/usa-real-salt-lake.png,Real Salt Lake,2.2,1.53,3.0,0.75,1.63,1.11,100,88,50,25,0,63,50,38,1.11,1.18,2.29,/usa/houston-dynamo-vs-real-salt-lake-h2h-stats#4926085,8777,37,False,False,False,False,False,False,False,[],[]
MLS,2023,8777,4926086,677447,7,2023,complete,96848,0,-1,"['45+3', '70', '90+1']",[],3,0,3,10,2,12,3,0,3,4,0,0,11,3,17,2,28,5,10,15,50,50,14023,24795,10695,,,3,4,1.83,3.65,4.3,1.03,1.25,1.96,3.5,5.7,8.5,3.5,1.84,1.3,1.1,1.87,1.9,2.38,1.53,4.33,1.18,1.2,1.29,1.95,2.43,2.1,4.5,2.1,2.4,4.1,0,0,1.24,1.46,1.95,2.4,3.3,3.5,2.4,1.85,1.47,1.26,1.43,7.5,3.45,1.6,11.5,2.55,2.9,7.0,1.4,2.9,7.0,21.0,2.95,1.4,1.08,1.02,1.25,2.15,4.75,10.0,3.75,1.66,1.17,1.04,0,0,0,0,3,1,0,2,0,2,1,1683419400,677447,0,50,17,42,0,-1,2,1,6,0,4,2,6,6,1,1,2,3,2,5,1,50,39,100,102,2.89,0.82,3.71,2,0,2,0,0,0,1,1,0,0,0,0,0,0,1,20,18,-1,-1,-1,1,0,2,17,25,42,67,92,17,67,92,42,8.84,4.67,4.84,2.42,/clubs/nashville-sc-mls-677447,teams/usa-nashville-sc-mls.png,Nashville SC,/clubs/chicago-fire-7,teams/usa-chicago-fire.png,Chicago Fire,1.72,0.88,1.83,1.0,1.5,1.22,84,75,58,33,9,50,34,25,1.18,1.3,2.48,/usa/chicago-fire-vs-nashville-sc-mls-h2h-stats#4926086,8777,34,True,True,True,False,False,False,False,"['45+3', '70', '90+1']",[]
MLS,2023,8777,4926087,10,12,2023,complete,96848,0,-1,['89'],"['14', '65', '81']",1,3,4,6,1,7,0,2,2,2,0,0,7,5,13,5,20,10,11,7,63,37,13851,2,11434,,,2,2,1.95,3.65,3.8,1.04,1.22,1.72,2.31,5.0,15.0,4.2,2.12,1.56,1.16,1.63,2.24,2.9,1.36,4.75,1.15,1.28,1.22,1.95,2.47,2.29,3.85,2.2,2.7,3.6,0,0,1.2,1.33,1.6,2.05,2.7,4.25,2.9,2.1,1.65,1.38,1.46,8.0,3.3,1.57,11.0,2.35,3.3,7.0,1.33,2.5,6.0,17.0,3.3,1.5,1.12,1.02,1.18,1.9,4.0,9.0,4.5,1.83,1.22,1.04,0,0,0,0,4,0,1,1,2,3,1,1683426600,12,0,54,25,21,0,19101,2,1,3,1,3,0,4,3,1,1,1,1,2,2,1,68,29,162,76,2.25,1.2,3.45,0,0,0,0,0,0,1,1,0,0,1,0,0,0,1,20,10,-1,-1,-1,-1,-1,-1,13,29,42,75,92,46,54,79,42,16.58,2.17,5.17,2.5,/clubs/la-galaxy-10,teams/usa-la-galaxy.png,LA Galaxy,/clubs/colorado-rapids-12,teams/usa-colorado-rapids.png,Colorado Rapids,1.41,0.59,1.0,1.0,0.67,0.9,88,71,59,25,9,92,84,84,1.77,1.07,2.84,/usa/la-galaxy-vs-colorado-rapids-h2h-stats#4926087,8777,34,True,True,True,True,False,False,True,['89'],"['14', '65', '81']"
MLS,2023,8777,4926088,20,698284,2023,complete,96848,0,-1,"['33', '71']","['59', '90+2']",2,2,4,5,3,8,0,4,3,0,0,0,3,4,7,7,10,11,18,15,47,53,13889,7206,2339,,,3,0,2.2,3.55,3.2,1.03,1.21,1.74,2.65,4.68,14.5,4.05,2.16,1.42,1.15,1.61,2.28,2.9,1.35,4.0,1.21,1.35,1.32,1.65,2.76,2.21,3.5,2.4,2.65,3.2,0,0,1.18,1.35,1.63,2.1,2.8,4.2,2.8,2.05,1.62,1.36,1.58,7.5,2.88,1.75,14.0,2.15,4.0,6.0,1.33,2.63,6.5,19.0,3.25,1.44,1.11,1.02,1.18,1.83,3.75,10.0,4.5,1.83,1.25,1.06,0,0,0,0,4,1,0,1,2,3,1,1683426600,-1,0,38,25,13,0,23318,2,1,2,0,3,3,2,6,1,0,2,0,1,2,1,45,58,103,111,1.18,1.4,2.58,0,0,0,0,0,0,1,1,0,0,0,0,0,0,1,14,17,-1,-1,-1,-1,-1,-1,13,13,50,75,88,25,50,63,50,6.5,3.0,4.25,2.38,/clubs/portland-timbers-20,teams/usa-portland-timbers.png,Portland Timbers,/clubs/austin-fc-698284,teams/usa-austin-fc.png,Austin,1.76,0.82,1.75,0.75,1.1,1.0,88,88,50,25,13,88,88,75,1.16,1.05,2.21,/usa/portland-timbers-vs-austin-fc-h2h-stats#4926088,8777,34,True,True,True,True,False,False,True,"['33', '71']","['59', '90+2']"
MLS,2023,8777,4926089,5,1015,2023,complete,96848,0,-1,"['17', '52', '56']","['33', '65']",3,2,5,8,5,13,1,0,0,0,0,0,7,5,11,4,18,9,9,10,47,53,45125,41087,5,,,0,0,1.88,3.75,4.0,1.05,1.29,2.02,3.0,5.5,8.0,3.3,1.79,1.33,1.11,1.75,2.0,2.5,1.48,4.33,1.18,1.22,1.22,1.95,2.5,2.2,4.5,2.25,2.6,4.0,0,0,1.22,1.43,1.8,2.3,3.2,3.7,2.5,2.0,1.51,1.29,1.42,8.0,3.5,1.65,11.0,2.5,3.1,7.0,1.4,2.96,6.3,15.0,3.08,1.43,1.1,1.02,1.21,1.99,4.04,9.0,4.14,1.77,1.22,1.05,0,0,0,0,5,1,1,2,1,3,2,1683426600,5,0,40,10,10,0,14047,2,-1,7,3,1,2,10,3,0,0,0,0,0,0,1,55,36,90,96,2.02,1.19,3.21,0,0,0,0,0,0,1,1,0,0,1,1,-1,-1,1,11,26,-1,-1,-1,-1,-1,-1,10,10,40,50,90,30,40,80,30,12.8,4.6,3.0,2.0,/clubs/vancouver-whitecaps-fc-5,teams/canada-vancouver-whitecaps-fc.png,Vancouver Whitecaps,/clubs/minnesota-united-fc-1015,teams/usa-minnesota-united-fc.png,Minnesota United,1.67,1.18,1.6,1.8,1.22,1.33,90,90,60,50,10,70,50,50,1.87,1.05,2.92,/usa/vancouver-whitecaps-fc-vs-minnesota-united-fc-h2h-stats#4926089,8777,34,True,True,True,True,True,False,True,"['17', '52', '56']","['33', '65']"
MLS,2023,8777,4926090,18,8,2023,complete,96848,0,-1,['66'],"['4', '31']",1,2,3,5,8,13,1,2,2,3,0,0,3,5,7,4,10,9,11,6,60,40,13864,25,18,,,2,3,1.61,3.5,4.75,1.03,1.25,1.8,3.1,6.0,13.0,3.75,1.95,1.36,1.12,1.83,1.95,2.35,1.52,4.8,1.15,1.18,1.2,2.2,2.24,2.22,5.3,2.04,2.61,4.7,0,0,1.3,1.56,2.0,2.63,3.65,3.3,2.33,1.8,1.45,1.26,1.35,8.0,3.95,1.52,13.0,2.7,2.7,8.0,1.35,2.65,6.5,21.0,3.25,1.44,1.1,1.02,1.2,2.0,4.2,10.0,4.2,1.75,1.2,1.03,0,0,0,0,3,0,2,1,0,1,2,1683491400,8,0,17,0,0,0,-1,2,1,2,4,3,4,6,7,1,1,1,2,2,3,1,37,38,85,76,1.11,1.2,2.31,1,0,1,0,0,0,1,1,0,1,1,0,1,0,-1,-1,-1,-1,-1,-1,-1,-1,-1,0,10,45,55,74,27,54,65,29,12.47,3.0,3.6,1.84,/clubs/seattle-sounders-fc-18,teams/usa-seattle-sounders-fc.png,Seattle Sounders,/clubs/sporting-kansas-city-8,teams/usa-sporting-kansas-city.png,Sporting KC,1.65,0.95,2.6,0.33,2.0,0.3,100,90,55,45,27,75,65,65,1.54,1.27,2.81,/usa/sporting-kansas-city-vs-seattle-sounders-fc-h2h-stats#4926090,8777,38,True,True,True,False,False,False,True,['66'],"['4', '31']"
MLS,2023,8777,4926091,7,945555,2023,complete,96848,0,-1,['40'],[],1,0,1,5,3,8,2,0,2,3,0,1,6,3,3,6,9,9,14,15,51,49,45125,21081,36880,,,2,4,1.94,3.85,3.6,1.0,1.21,1.7,2.75,4.95,10.5,3.82,2.1,1.38,1.12,1.67,2.15,2.8,1.38,4.5,1.17,1.26,1.27,1.91,2.5,2.2,4.0,2.21,2.64,3.92,0,0,1.21,1.4,1.71,2.2,3.0,3.9,2.65,1.95,1.55,1.31,1.59,8.5,2.78,1.67,12.0,2.4,3.4,6.5,1.33,2.5,5.5,13.0,3.0,1.48,1.11,1.02,1.2,1.95,4.0,8.0,4.32,1.8,1.22,1.06,0,0,0,0,1,1,0,0,0,0,1,1683997200,7,0,72,29,37,0,-1,2,1,3,1,2,2,4,4,0,2,2,2,2,4,1,36,58,82,133,1.25,1.21,2.47,0,0,0,0,0,0,1,1,0,0,2,1,0,0,1,23,29,-1,-1,-1,-1,-1,-1,19,37,65,92,92,37,62,92,57,10.37,1.57,4.33,3.12,/clubs/chicago-fire-7,teams/usa-chicago-fire.png,Chicago Fire,/clubs/st-louis-city-sc-945555,teams/usa-st-louis-city-sc.png,St. Louis City,1.47,1.17,1.33,2.0,1.1,1.9,82,64,35,9,9,84,65,57,1.02,1.32,2.34,/usa/chicago-fire-vs-st-louis-city-sc-h2h-stats#4926091,8777,34,True,False,False,False,False,False,False,['40'],[]
MLS,2023,8777,4926092,1016,711351,2023,complete,96848,0,-1,['86'],"['18', '52', '57']",1,3,4,6,3,9,1,0,2,3,1,0,2,4,11,2,13,6,9,17,52,48,19912,40852,44668,,,4,3,1.55,3.98,4.36,1.02,1.2,1.57,2.6,4.75,17.0,4.5,2.28,1.47,1.18,1.68,2.1,2.45,1.47,6.0,1.11,1.15,1.17,2.4,2.15,2.45,5.0,1.9,2.9,4.75,0,0,1.21,1.4,1.71,2.2,3.0,3.9,2.65,1.95,1.55,1.31,1.45,9.0,3.19,1.45,17.0,2.75,2.8,9.5,1.3,2.4,5.5,15.0,3.5,1.53,1.12,1.01,1.16,1.83,3.75,8.0,4.75,1.9,1.25,1.06,0,0,0,0,4,0,1,1,2,3,1,1684020600,711351,0,80,10,30,0,-1,2,1,1,2,5,1,3,6,0,0,3,3,0,6,1,52,38,108,91,1.34,0.95,2.29,0,1,0,1,0,0,1,1,0,0,0,1,0,0,1,7,2,-1,-1,-1,-1,-1,-1,10,40,80,90,100,40,90,90,70,10.0,4.4,5.6,3.3,/clubs/atlanta-united-fc-1016,teams/usa-atlanta-united-fc.png,Atlanta United FC,/clubs/charlotte-fc-711351,teams/usa-charlotte-fc.png,Charlotte,2.06,0.94,2.6,0.8,1.64,1.09,90,60,20,10,0,40,20,20,1.53,1.04,2.57,/usa/atlanta-united-fc-vs-charlotte-fc-h2h-stats#4926092,8777,35,True,True,True,True,False,False,True,['86'],"['18', '52', '57']"
MLS,2023,8777,4926093,9,17,2023,complete,96848,0,-1,"['39', '45+2']","['49', '90+2']",2,2,4,6,5,11,2,4,4,2,0,0,7,3,16,7,23,10,15,9,59,41,36,39282,21031,,,4,2,1.72,3.6,4.1,1.05,1.28,1.88,3.12,5.9,12.5,3.75,2.0,1.37,1.14,1.82,1.95,2.35,1.52,4.8,1.15,1.22,1.28,2.05,2.25,2.2,4.75,2.0,2.6,4.3,0,0,1.27,1.5,1.98,2.5,3.5,3.3,2.3,1.83,1.43,1.24,1.51,8.5,3.07,1.55,13.0,2.65,2.8,8.0,1.4,2.93,6.95,13.0,3.1,1.43,1.08,1.02,1.23,2.1,4.54,9.0,3.92,1.69,1.18,1.05,0,0,0,0,4,2,0,0,2,2,2,1684020600,-1,0,68,23,45,0,-1,2,1,4,1,2,4,5,6,2,1,2,1,3,3,1,85,28,107,82,2.54,1.05,3.59,0,0,0,0,0,0,1,1,0,0,1,1,0,0,1,6,3,-1,-1,-1,-1,-1,-1,10,20,55,100,100,43,53,68,68,9.85,2.05,3.2,3.05,/clubs/columbus-crew-9,teams/usa-columbus-crew.png,Columbus Crew,/clubs/orlando-city-sc-17,teams/usa-orlando-city-sc.png,Orlando City,2.45,1.89,2.0,1.75,1.4,1.4,90,80,45,0,0,68,55,35,1.72,1.07,2.79,/usa/columbus-crew-vs-orlando-city-sc-h2h-stats#4926093,8777,37,True,True,True,True,False,False,True,"['39', '45+2']","['49', '90+2']"
MLS,2023,8777,4926094,13401,677447,2023,complete,96848,0,-1,['83'],['73'],1,1,2,4,2,6,1,4,2,2,0,0,1,2,7,4,8,6,15,18,53,47,20,38056,24795,,,2,2,2.28,3.1,2.94,1.05,1.35,2.01,3.75,7.5,11.0,3.2,1.83,1.25,1.08,1.83,1.9,2.75,1.39,3.5,1.26,1.36,1.25,1.68,2.95,2.1,3.75,2.6,2.45,3.5,0,0,1.26,1.5,1.98,2.5,3.5,3.3,2.35,1.83,1.44,1.24,1.75,8.0,2.42,1.8,10.5,2.15,3.75,5.5,1.42,3.0,7.5,15.0,2.85,1.36,1.07,1.02,1.25,2.25,5.0,12.0,3.75,1.6,1.15,1.01,0,0,0,0,2,0,0,1,1,2,0,1684020600,-1,0,43,0,20,0,-1,2,1,1,1,3,1,2,4,0,1,2,1,1,3,1,56,42,92,85,0.99,0.83,1.82,0,0,0,0,0,0,1,1,0,0,0,1,0,0,1,2,2,-1,-1,-1,-1,-1,-1,10,10,43,75,88,13,65,88,40,9.5,5.0,4.25,2.25,/clubs/dc-united-13401,teams/usa-dc-united.png,DC United,/clubs/nashville-sc-mls-677447,teams/usa-nashville-sc-mls.png,Nashville SC,1.41,1.0,1.4,1.0,1.27,1.64,90,90,58,25,13,48,48,35,1.4,0.99,2.39,/usa/dc-united-vs-nashville-sc-mls-h2h-stats#4926094,8777,34,True,True,False,False,False,False,True,['83'],['73']
MLS,2023,8777,4926095,677446,11,2023,complete,96848,0,-1,"['6', '44']",['26'],2,1,3,2,6,8,0,1,5,2,1,0,4,2,4,6,8,8,14,8,42,58,13967,28121,21032,,,6,2,2.42,3.0,2.83,1.01,1.24,1.92,2.96,5.45,9.8,3.55,1.96,1.33,1.1,1.66,2.14,3.3,1.29,3.6,1.25,1.44,1.3,1.55,2.99,2.18,3.34,2.71,2.53,3.04,0,0,1.2,1.4,1.71,2.2,3.0,3.9,2.65,1.95,1.55,1.31,1.82,8.0,2.39,1.96,9.8,2.09,4.2,4.8,1.36,2.68,6.6,17.5,3.0,1.44,1.09,1.01,1.22,2.04,4.3,10.0,4.05,1.73,1.2,1.03,0,0,0,0,3,2,1,0,0,0,3,1684020600,677446,0,40,10,30,0,-1,2,1,2,4,0,2,6,2,2,0,4,2,2,6,1,37,85,88,138,1.06,1.27,2.33,0,0,0,0,0,0,1,1,1,0,1,1,0,0,1,4,4,-1,-1,-1,-1,-1,-1,10,20,40,80,100,10,70,90,50,9.2,3.0,2.6,2.5,/clubs/club-internacional-de-futbol-miami-677446,teams/usa-club-internacional-de-futbol-miami.png,Inter Miami,/clubs/new-england-revolution-11,teams/usa-new-england-revolution.png,New England Revolution,1.35,0.83,1.8,2.0,1.2,2.18,90,80,60,20,0,70,60,40,1.28,1.41,2.69,/usa/new-england-revolution-vs-club-internacional-de-futbol-miami-h2h-stats#4926095,8777,34,True,True,True,False,False,False,True,"['6', '44']",['26']
MLS,2023,8777,4926096,1,19,2023,complete,96848,0,-1,"['53', '68']",[],2,0,2,8,5,13,1,1,4,1,0,1,6,1,9,1,15,2,19,8,51,49,11,36107,211,,,4,2,2.11,3.2,3.2,1.05,1.27,1.85,3.05,5.8,12.5,3.83,1.99,1.39,1.14,1.69,2.11,2.95,1.34,4.0,1.21,1.35,1.32,1.65,2.7,2.15,3.6,2.4,2.55,3.25,0,0,1.25,1.47,1.95,2.4,3.4,3.5,2.4,1.85,1.46,1.26,1.64,8.0,2.67,1.75,13.0,2.15,3.7,5.8,1.39,2.71,6.75,13.0,2.88,1.43,1.09,1.02,1.22,2.05,4.3,10.0,4.04,1.73,1.2,1.06,0,0,0,0,2,0,0,2,0,2,0,1684020600,1,0,43,0,43,0,-1,2,1,3,3,5,2,6,7,3,1,1,1,4,2,1,51,29,110,81,1.74,0.42,2.16,0,0,0,0,0,0,1,1,0,0,0,0,1,0,1,5,8,-1,-1,-1,-1,-1,-1,33,33,33,68,80,10,45,80,55,7.9,2.15,4.45,2.55,/clubs/montreal-impact-1,teams/canada-montreal-impact.png,Montreal Impact,/clubs/toronto-fc-19,teams/canada-toronto-fc.png,Toronto,1.94,0.24,2.25,0.6,1.2,1.09,68,68,68,33,20,55,23,23,1.04,1.0,2.04,/usa/montreal-impact-vs-toronto-fc-h2h-stats#4926096,8777,34,True,True,False,False,False,False,False,"['53', '68']",[]
MLS,2023,8777,4926097,4,2,2023,complete,96848,0,-1,['76'],[],1,0,1,3,4,7,1,2,4,1,0,0,4,1,4,5,8,6,14,10,32,68,15,13006,27505,,,4,1,2.02,3.21,3.11,1.04,1.38,2.3,4.05,7.9,7.4,2.75,1.57,1.19,1.04,1.98,1.77,2.35,1.51,3.6,1.25,1.26,1.32,1.8,2.63,2.03,4.55,2.36,2.34,4.15,0,0,1.27,1.5,2.0,2.5,3.5,3.3,2.3,1.8,1.43,1.24,1.51,8.5,3.16,1.73,7.4,2.64,3.0,6.0,1.48,3.22,8.7,26.0,2.55,1.32,1.05,1.01,1.31,2.41,5.65,12.0,3.28,1.53,1.12,1.03,0,0,0,0,1,0,0,1,0,1,0,1684020600,4,0,55,9,37,0,-1,2,1,0,0,3,3,0,6,0,1,4,0,1,4,1,38,43,80,113,1.07,0.78,1.84,0,0,0,0,0,0,1,1,0,0,0,0,0,0,1,5,5,-1,-1,-1,-1,-1,-1,9,9,19,64,90,9,45,80,47,10.57,2.57,3.93,1.89,/clubs/new-york-red-bulls-4,teams/usa-new-york-red-bulls.png,New York RB,/clubs/new-york-city-fc-2,teams/usa-new-york-city-fc.png,New York City,1.58,0.65,1.2,0.33,0.82,1.36,92,92,82,37,10,54,44,25,1.51,0.92,2.43,/usa/new-york-city-fc-vs-new-york-red-bulls-h2h-stats#4926097,8777,34,True,False,False,False,False,False,False,['76'],[]
MLS,2023,8777,4926098,698284,13,2023,complete,96848,0,-1,[],['89'],0,1,1,2,5,7,2,2,3,4,1,0,2,3,7,11,9,14,10,18,46,54,31,2339,21189,,,4,4,2.12,3.2,3.2,1.05,1.25,1.86,2.85,5.25,10.0,3.6,1.98,1.37,1.14,1.65,2.1,3.0,1.33,3.9,1.22,1.35,1.29,1.65,2.7,2.15,3.5,2.4,2.5,3.2,0,0,1.2,1.4,1.71,2.2,3.0,3.9,2.65,1.95,1.55,1.31,1.69,8.0,2.54,1.83,10.0,2.2,3.8,5.5,1.35,2.6,6.5,17.0,2.9,1.44,1.1,1.01,1.2,1.95,3.9,9.25,4.1,1.75,1.21,1.05,0,0,0,0,1,0,0,0,1,1,0,1684024200,13,0,60,30,40,0,-1,2,1,2,3,0,2,5,2,1,2,3,2,3,5,1,86,48,111,89,1.33,1.44,2.77,0,0,0,0,0,0,1,1,0,0,0,1,0,0,1,19,23,-1,-1,-1,-1,-1,-1,10,30,40,60,80,30,70,60,40,10.0,3.4,4.4,2.2,/clubs/austin-fc-698284,teams/usa-austin-fc.png,Austin,/clubs/fc-dallas-13,teams/usa-fc-dallas.png,FC Dallas,1.47,0.95,1.2,1.0,1.0,1.5,90,70,60,40,20,70,50,50,1.32,1.21,2.53,/usa/fc-dallas-vs-austin-fc-h2h-stats#4926098,8777,34,True,False,False,False,False,False,False,[],['89']
MLS,2023,8777,4926099,6,18,2023,complete,96848,0,-1,[],['87'],0,1,1,2,5,7,0,1,2,2,2,0,1,2,3,11,4,13,12,8,29,71,69,20,25,,,5,2,2.36,3.0,2.9,1.05,1.29,1.85,3.0,5.5,11.0,3.4,2.03,1.33,1.11,1.72,2.09,3.2,1.3,3.6,1.25,1.44,1.33,1.53,3.0,2.15,3.3,2.8,2.38,3.1,0,0,1.18,1.35,1.63,2.1,2.8,4.2,2.8,2.05,1.62,1.36,1.95,8.0,2.1,1.88,12.0,2.05,4.0,5.0,1.38,2.7,6.0,21.0,2.8,1.4,1.09,1.02,1.25,2.05,4.0,7.0,3.6,1.7,1.2,1.07,0,0,0,0,1,0,0,0,1,1,0,1684024200,18,0,30,10,10,0,-1,2,1,1,3,1,2,4,3,1,0,3,2,1,5,1,21,87,72,149,0.49,1.6,2.09,0,0,0,0,0,0,1,1,0,0,0,2,0,0,1,15,17,-1,-1,-1,-1,-1,-1,20,20,40,50,80,20,30,80,40,8.2,4.4,4.0,2.1,/clubs/houston-dynamo-6,teams/usa-houston-dynamo.png,Houston Dynamo,/clubs/seattle-sounders-fc-18,teams/usa-seattle-sounders-fc.png,Seattle Sounders,2.2,1.44,2.6,1.4,1.56,1.82,80,80,60,50,20,70,60,40,1.19,1.07,2.26,/usa/houston-dynamo-vs-seattle-sounders-fc-h2h-stats#4926099,8777,38,True,False,False,False,False,False,False,[],['87']
MLS,2023,8777,4926100,8,1015,2023,complete,96848,0,-1,"['9', '22', '84']",[],3,0,3,5,3,8,1,4,1,2,0,0,4,3,6,4,10,7,9,15,56,44,58,18,5,,,1,2,1.91,3.35,3.6,1.04,1.28,1.94,3.25,6.0,11.0,3.6,1.9,1.33,1.12,1.73,2.0,2.6,1.43,4.33,1.19,1.28,1.25,1.85,2.6,2.2,4.2,2.35,2.6,3.75,0,0,1.27,1.39,1.9,2.15,2.85,3.55,2.77,1.9,1.62,1.37,1.37,9.0,3.7,1.67,10.0,2.5,3.25,6.5,1.38,2.8,7.0,21.0,3.0,1.42,1.09,1.02,1.22,2.05,4.5,10.0,4.0,1.72,1.18,1.03,0,0,0,0,3,2,0,1,0,1,2,1684024200,8,0,38,21,17,0,-1,2,1,2,0,3,3,2,6,1,1,0,1,2,1,1,38,32,100,119,1.2,0.9,2.1,0,1,0,0,0,1,1,1,1,0,1,0,0,0,1,21,16,-1,-1,-1,-1,-1,-1,21,21,38,50,88,42,42,75,29,9.58,4.17,3.08,2.17,/clubs/sporting-kansas-city-8,teams/usa-sporting-kansas-city.png,Sporting KC,/clubs/minnesota-united-fc-1015,teams/usa-minnesota-united-fc.png,Minnesota United,1.74,1.18,0.25,1.5,0.55,1.2,79,79,63,50,13,71,54,54,1.54,1.07,2.61,/usa/sporting-kansas-city-vs-minnesota-united-fc-h2h-stats#4926100,8777,34,True,True,True,False,False,False,False,"['9', '22', '84']",[]
MLS,2023,8777,4926101,12,16,2023,complete,96848,0,-1,['38'],"['45+2', '52']",1,2,3,6,6,12,1,1,5,4,1,1,5,2,6,8,11,10,9,7,56,44,13864,11434,12,,,7,6,2.45,2.92,2.63,1.03,1.25,1.92,3.1,5.3,8.5,3.5,1.92,1.32,1.12,1.7,2.05,3.25,1.29,3.3,1.28,1.47,1.25,1.52,3.2,2.2,3.25,2.75,2.5,2.88,0,0,1.26,1.45,1.88,2.27,3.1,3.65,2.55,1.93,1.56,1.32,1.75,8.0,2.44,1.83,8.5,2.05,4.2,4.5,1.4,2.75,8.0,21.0,2.75,1.4,1.08,1.02,1.22,2.0,4.33,11.0,4.0,1.73,1.2,1.05,0,0,0,0,3,1,1,0,1,1,2,1684027800,16,0,45,0,45,0,-1,2,1,1,6,5,0,7,5,2,2,4,3,4,7,1,57,39,116,71,1.47,1.05,2.52,1,0,1,0,0,0,1,1,0,0,1,0,0,0,1,24,27,-1,-1,-1,-1,-1,-1,10,20,33,55,75,0,40,65,45,7.45,3.5,4.4,1.93,/clubs/colorado-rapids-12,teams/usa-colorado-rapids.png,Colorado Rapids,/clubs/philadelphia-union-16,teams/usa-philadelphia-union.png,Philadelphia Union,1.0,1.16,0.75,0.8,1.09,1.4,90,80,68,45,25,45,33,33,1.48,1.17,2.65,/usa/colorado-rapids-vs-philadelphia-union-h2h-stats#4926101,8777,34,True,True,True,False,False,False,True,['38'],"['45+2', '52']"
MLS,2023,8777,4926102,14,6490,2023,complete,96848,0,-1,[],"['8', '34', '87']",0,3,3,6,2,8,0,2,2,1,0,0,5,4,15,11,20,15,6,11,50,50,84,8,39588,,,2,1,2.85,3.1,2.34,1.03,1.22,1.77,2.9,5.5,13.0,4.0,2.12,1.4,1.15,1.62,2.2,3.9,1.22,3.3,1.29,1.6,1.25,1.42,3.4,2.25,3.0,3.0,2.6,2.6,0,0,1.2,1.4,1.67,2.12,2.77,4.25,2.75,2.12,1.64,1.39,1.75,8.0,2.42,2.1,12.0,1.73,5.8,4.0,1.33,2.63,6.5,19.0,3.25,1.44,1.11,1.02,1.18,1.83,3.75,10.0,4.5,1.83,1.25,1.06,0,0,0,0,3,0,2,0,1,1,2,1684027800,6490,0,60,30,20,0,-1,2,1,5,2,1,0,7,1,1,0,1,1,1,2,1,52,34,126,89,1.99,1.47,3.47,0,1,0,1,0,0,1,1,0,1,0,0,0,0,1,23,14,-1,-1,-1,-1,-1,-1,10,40,60,70,70,30,60,60,40,11.0,4.0,5.6,2.5,/clubs/real-salt-lake-14,teams/usa-real-salt-lake.png,Real Salt Lake,/clubs/los-angeles-fc-6490,teams/usa-los-angeles-fc.png,Los Angeles FC,1.28,1.25,1.4,1.2,1.1,2.0,90,60,40,30,30,80,60,60,1.65,1.46,3.11,/usa/real-salt-lake-vs-los-angeles-fc-h2h-stats#4926102,8777,37,True,True,True,False,False,False,False,[],"['8', '34', '87']"
MLS,2023,8777,4926103,20,5,2023,complete,96848,0,-1,"['2', '18', '54']",['24'],3,1,4,4,7,11,1,3,1,1,0,0,7,4,7,4,14,8,14,11,46,54,5016,7206,41087,,,1,1,2.24,3.02,2.86,1.04,1.28,1.83,3.1,6.0,12.0,3.75,2.01,1.36,1.12,1.67,2.1,3.1,1.32,3.75,1.23,1.4,1.25,1.62,2.88,2.2,3.5,2.6,2.55,3.1,0,0,1.2,1.38,1.67,2.12,2.85,4.25,2.9,2.12,1.67,1.38,2.28,8.0,1.85,1.73,10.0,2.25,3.9,5.5,1.36,2.75,7.0,21.0,3.0,1.4,1.1,1.02,1.2,2.0,4.33,11.0,4.33,1.73,1.2,1.05,0,0,0,0,4,2,1,1,0,1,3,1684031400,20,0,68,23,20,0,-1,2,1,1,4,3,3,5,6,0,0,1,1,0,2,1,57,65,99,123,1.79,1.27,3.05,0,0,0,0,0,0,1,1,1,0,1,0,0,0,1,17,24,-1,-1,-1,-1,-1,-1,10,20,43,68,78,23,68,55,33,9.3,2.25,5.85,2.18,/clubs/portland-timbers-20,teams/usa-portland-timbers.png,Portland Timbers,/clubs/vancouver-whitecaps-fc-5,teams/canada-vancouver-whitecaps-fc.png,Vancouver Whitecaps,1.76,1.0,1.6,0.75,1.09,1.4,90,80,58,33,23,68,68,58,1.17,1.33,2.5,/usa/vancouver-whitecaps-fc-vs-portland-timbers-h2h-stats#4926103,8777,34,True,True,True,True,False,False,True,"['2', '18', '54']",['24']
MLS,2023,8777,4926104,10,15,2023,complete,96848,0,-1,"['60', '90+1']",['90+4'],2,1,3,4,2,6,1,2,3,4,0,0,5,3,12,4,17,7,13,15,56,44,13893,2,12956,,,3,4,1.9,3.81,3.61,1.03,1.18,1.55,2.3,4.42,17.0,4.33,2.4,1.54,1.21,1.53,2.38,3.0,1.33,5.25,1.13,1.25,1.2,1.91,2.4,2.4,4.0,2.1,2.75,3.75,0,0,1.2,1.37,1.48,1.85,2.35,4.25,2.85,2.47,1.85,1.52,1.51,8.5,3.07,1.53,15.0,2.5,3.6,7.5,1.29,2.38,5.5,15.0,3.5,1.53,1.14,1.03,1.17,1.73,3.4,8.0,5.0,2.0,1.3,1.08,0,0,0,0,3,0,0,2,1,3,0,1684114200,10,0,80,30,50,0,-1,2,1,0,0,4,2,0,6,2,0,1,4,2,5,1,56,35,126,80,1.83,0.91,2.75,0,0,0,0,0,0,1,1,0,0,0,0,0,0,-1,-1,-1,-1,-1,-1,-1,-1,-1,10,40,70,100,100,50,80,90,70,15.2,2.4,4.8,3.2,/clubs/la-galaxy-10,teams/usa-la-galaxy.png,LA Galaxy,/clubs/san-jose-earthquakes-15,teams/usa-san-jose-earthquakes.png,SJ Earthquakes,1.41,0.78,0.8,0.4,0.6,1.64,90,60,30,0,0,80,70,70,1.87,1.05,2.92,/usa/la-galaxy-vs-san-jose-earthquakes-h2h-stats#4926104,8777,34,True,True,True,False,False,False,True,"['60', '90+1']",['90+4']
MLS,2023,8777,4926105,1016,12,2023,complete,96848,0,-1,"['29', '80', '87', '90']",[],4,0,4,7,2,9,1,1,1,2,0,0,10,3,11,2,21,5,8,10,68,32,24,40852,11434,,,1,2,1.55,4.33,5.5,1.02,1.22,1.75,2.8,5.0,15.0,4.2,2.05,1.44,1.16,1.68,2.13,2.63,1.43,5.25,1.13,1.19,1.24,2.17,2.05,2.3,5.0,1.91,2.5,5.0,0,0,1.16,1.26,1.49,1.83,2.4,4.32,3.3,2.35,1.8,1.47,1.33,7.0,3.9,1.52,15.0,2.72,2.9,8.5,1.31,2.46,5.8,12.0,3.28,1.51,1.12,1.03,1.18,1.89,3.72,8.0,4.54,1.86,1.25,1.06,0,0,0,0,4,1,0,3,0,3,1,1684366200,1016,0,63,0,48,0,-1,2,1,2,0,5,2,2,7,1,1,0,1,2,1,1,76,16,121,61,2.57,0.65,3.22,1,0,0,0,1,0,1,1,0,0,0,0,0,0,1,4,1,-1,-1,-1,-1,-1,-1,9,38,55,70,93,16,63,85,63,9.79,3.19,4.9,2.73,/clubs/atlanta-united-fc-1016,teams/usa-atlanta-united-fc.png,Atlanta United FC,/clubs/colorado-rapids-12,teams/usa-colorado-rapids.png,Colorado Rapids,2.06,0.59,2.17,1.29,1.5,1.0,92,62,45,30,7,69,37,37,1.5,1.09,2.59,/usa/colorado-rapids-vs-atlanta-united-fc-h2h-stats#4926105,8777,34,True,True,True,True,False,False,False,"['29', '80', '87', '90']",[]
MLS,2023,8777,4926106,711351,7,2023,complete,96848,0,-1,"['68', '81']",['29'],2,1,3,8,2,10,0,5,5,4,0,0,3,3,1,1,4,4,10,14,64,36,45098,44668,21081,,,5,4,2.15,3.75,3.0,1.03,1.22,1.72,2.85,5.0,15.0,4.2,2.1,1.42,1.16,1.62,2.23,3.0,1.33,4.33,1.18,1.31,1.28,1.78,2.62,2.25,3.3,2.5,2.4,3.2,0,0,1.3,1.57,1.98,2.7,3.8,3.1,2.2,1.68,1.38,1.21,1.65,8.9,2.67,1.7,15.0,2.2,3.75,6.5,1.33,2.52,6.05,12.0,3.16,1.49,1.11,1.03,1.19,1.94,3.92,8.0,4.4,1.81,1.23,1.06,0,0,0,0,3,0,1,2,0,2,1,1684366200,711351,0,50,21,42,0,-1,2,1,6,1,2,1,7,3,1,2,4,2,3,6,1,71,17,140,75,1.0,0.6,1.6,0,0,0,0,0,0,1,1,0,0,3,0,0,0,1,4,4,-1,-1,-1,-1,-1,-1,21,29,63,71,100,29,71,84,54,8.75,3.5,5.42,2.84,/clubs/charlotte-fc-711351,teams/usa-charlotte-fc.png,Charlotte,/clubs/chicago-fire-7,teams/usa-chicago-fire.png,Chicago Fire,1.53,0.88,1.33,0.75,1.25,1.27,79,71,38,29,0,59,29,29,1.18,1.18,2.36,/usa/chicago-fire-vs-charlotte-fc-h2h-stats#4926106,8777,34,True,True,True,False,False,False,True,"['68', '81']",['29']
MLS,2023,8777,4926107,8043,1,2023,complete,96848,0,-1,"['2', '26', '65']",[],3,0,3,5,2,7,1,3,1,0,0,0,5,5,7,4,12,9,11,12,46,54,14023,40182,36107,,,1,0,1.5,4.33,6.0,1.03,1.22,1.78,3.0,5.5,13.0,4.0,2.0,1.4,1.14,1.75,2.0,2.1,1.65,5.5,1.12,1.17,1.2,2.3,2.2,2.35,5.0,2.0,2.7,4.75,0,0,1.32,1.6,2.05,2.8,4.0,2.95,2.1,1.63,1.36,1.19,1.68,8.9,2.59,1.4,14.0,3.15,2.3,11.0,1.33,2.6,6.0,21.0,3.3,1.47,1.11,1.03,1.22,1.95,4.0,9.0,4.33,1.8,1.22,1.03,0,0,0,0,3,2,0,1,0,1,2,1684366200,8043,0,25,9,17,0,-1,2,1,3,0,2,2,3,4,1,0,0,0,1,0,1,45,51,118,113,1.44,1.3,2.74,0,0,0,0,0,0,1,1,1,0,1,0,0,0,1,4,3,-1,-1,-1,-1,-1,-1,9,17,42,67,100,34,67,83,33,7.5,3.16,5.5,2.34,/clubs/fc-cincinnati-8043,teams/usa-fc-cincinnati.png,FC Cincinnati,/clubs/montreal-impact-1,teams/canada-montreal-impact.png,Montreal Impact,2.35,0.47,3.0,0.5,2.18,1.36,92,84,59,34,0,42,42,42,1.14,0.98,2.12,/usa/montreal-impact-vs-fc-cincinnati-h2h-stats#4926107,8777,34,True,True,True,False,False,False,False,"['2', '26', '65']",[]
MLS,2023,8777,4926108,9,10,2023,complete,96848,0,-1,"['25', '43']",[],2,0,2,1,6,7,1,3,1,2,0,0,3,3,8,7,11,10,8,13,52,48,15,39282,2,,,1,2,1.72,4.0,4.5,1.03,1.25,1.78,3.0,5.5,13.0,4.0,2.0,1.38,1.14,1.72,2.1,2.4,1.49,4.8,1.15,1.22,1.22,2.0,2.45,2.3,4.33,2.2,2.7,4.0,0,0,1.24,1.44,1.8,2.35,3.25,3.6,2.45,1.85,1.49,1.27,1.73,9.1,2.47,1.58,10.0,2.78,2.88,8.0,1.35,2.65,6.5,19.0,3.2,1.45,1.1,1.01,1.2,2.0,4.2,9.5,4.2,1.75,1.2,1.04,0,0,0,0,2,2,0,0,0,0,2,1684366200,9,0,44,19,17,0,20192,2,1,1,5,0,1,6,1,0,0,1,2,0,3,1,43,29,110,75,1.23,1.06,2.28,0,0,0,0,0,0,1,1,0,0,0,2,0,0,1,4,2,-1,-1,-1,-1,-1,-1,9,35,54,80,80,44,72,64,54,11.27,2.8,5.27,2.74,/clubs/columbus-crew-9,teams/usa-columbus-crew.png,Columbus Crew,/clubs/la-galaxy-10,teams/usa-la-galaxy.png,LA Galaxy,2.45,0.71,1.83,0.4,1.36,0.82,92,65,47,20,20,74,64,37,1.86,1.07,2.93,/usa/columbus-crew-vs-la-galaxy-h2h-stats#4926108,8777,34,True,True,False,False,False,False,False,"['25', '43']",[]
MLS,2023,8777,4926109,17,2,2023,complete,96848,0,-1,['7'],['89'],1,1,2,5,3,8,1,0,2,1,0,0,4,6,7,8,11,14,16,10,47,53,65601,21031,27505,,,2,1,2.45,3.5,2.75,1.03,1.31,1.9,3.48,6.6,8.4,3.08,1.87,1.25,1.06,1.85,1.9,2.63,1.43,3.6,1.25,1.35,1.25,1.72,2.9,2.15,3.75,2.55,2.5,3.5,0,0,1.36,1.66,2.15,3.0,3.64,2.8,2.0,1.57,1.32,1.22,1.73,8.8,2.49,1.82,8.4,2.36,3.4,5.5,1.4,2.85,7.0,23.0,3.0,1.4,1.08,1.02,1.22,2.25,5.0,12.0,4.0,1.6,1.15,1.01,0,0,0,0,2,1,0,0,1,1,1,1684366200,-1,0,38,16,15,0,-1,2,1,2,0,3,3,2,6,1,0,1,1,1,2,1,46,64,85,100,1.31,1.77,3.08,0,0,0,0,0,0,1,1,1,0,1,0,0,0,1,4,0,-1,-1,-1,-1,-1,-1,7,16,24,62,92,24,55,92,23,11.0,3.96,3.81,2.0,/clubs/orlando-city-sc-17,teams/usa-orlando-city-sc.png,Orlando City,/clubs/new-york-city-fc-2,teams/usa-new-york-city-fc.png,New York City,1.84,0.65,1.17,0.29,1.36,1.25,93,85,77,38,9,54,54,38,1.29,0.9,2.19,/usa/new-york-city-fc-vs-orlando-city-sc-h2h-stats#4926109,8777,34,True,True,False,False,False,False,True,['7'],['89']
MLS,2023,8777,4926110,16,13401,2023,complete,96848,0,-1,[],[],0,0,0,4,4,8,1,2,2,2,0,0,2,4,16,8,18,12,11,12,46,54,84,12,38056,,,2,2,1.65,4.0,5.0,1.03,1.25,1.78,3.1,6.0,13.0,3.75,2.0,1.36,1.12,1.87,1.89,2.3,1.55,4.75,1.15,1.15,1.24,2.29,2.05,2.3,4.8,1.95,2.5,4.75,0,0,1.44,1.8,2.4,3.4,4.14,2.5,1.85,1.47,1.26,1.18,1.5,8.9,3.18,1.5,14.0,2.75,2.62,9.0,1.37,2.71,6.75,13.0,2.96,1.43,1.09,1.02,1.22,2.07,4.44,9.0,4.0,1.71,1.19,1.05,0,0,0,0,0,0,0,0,0,0,0,1684367700,-1,0,55,29,27,0,-1,2,1,2,2,2,2,4,4,1,0,1,2,1,3,1,38,65,87,132,1.55,1.52,3.07,0,0,0,0,0,0,1,1,0,0,0,1,1,0,-1,-1,-1,-1,-1,-1,-1,-1,-1,29,37,55,64,82,55,55,64,45,9.3,6.2,5.27,2.75,/clubs/philadelphia-union-16,teams/usa-philadelphia-union.png,Philadelphia Union,/clubs/dc-united-13401,teams/usa-dc-united.png,DC United,2.17,0.94,2.0,1.17,1.55,1.25,72,64,45,37,19,64,64,55,1.54,1.21,2.75,/usa/philadelphia-union-vs-dc-united-h2h-stats#4926110,8777,34,False,False,False,False,False,False,False,[],[]
MLS,2023,8777,4926111,19,4,2023,complete,96848,0,-1,[],[],0,0,0,6,1,7,1,2,0,3,0,0,3,3,12,9,15,12,13,16,57,43,5016,211,13006,,,0,3,2.05,3.5,3.5,1.06,1.32,2.0,3.4,6.3,10.25,3.12,1.78,1.27,1.09,1.85,1.95,3.0,1.33,3.3,1.29,1.32,1.32,1.7,2.62,2.05,3.8,2.45,2.25,3.7,0,0,1.43,1.8,2.37,3.4,4.4,2.5,1.85,1.47,1.26,1.16,2.14,8.3,1.98,1.75,10.0,2.3,3.9,4.75,1.42,2.9,8.25,15.0,2.65,1.35,1.07,1.02,1.26,2.22,4.94,10.0,3.64,1.62,1.16,1.04,0,0,0,0,0,0,0,0,0,0,0,1684366200,-1,0,50,9,9,0,-1,2,1,3,1,3,0,4,3,0,1,0,2,1,2,1,29,50,107,109,1.38,1.34,2.71,0,0,0,0,0,0,1,1,0,0,0,0,0,0,1,3,4,-1,-1,-1,-1,-1,-1,0,17,17,75,100,17,75,92,25,9.0,3.84,5.83,2.09,/clubs/toronto-fc-19,teams/canada-toronto-fc.png,Toronto,/clubs/new-york-red-bulls-4,teams/usa-new-york-red-bulls.png,New York RB,1.06,0.94,1.5,0.5,1.0,1.0,100,84,84,25,0,50,34,17,1.27,1.37,2.64,/usa/new-york-red-bulls-vs-toronto-fc-h2h-stats#4926111,8777,34,False,False,False,False,False,False,False,[],[]
MLS,2023,8777,4926112,13,5,2023,complete,96848,0,-1,"['37', '54']",['23'],2,1,3,5,2,7,2,3,1,1,0,0,3,4,9,3,12,7,8,11,52,48,13889,21189,41087,,,1,1,1.72,3.6,5.0,1.04,1.33,2.0,3.6,7.5,11.0,3.3,1.8,1.25,1.08,1.95,1.83,2.8,1.38,4.0,1.2,1.2,1.2,2.1,2.3,2.25,5.0,2.15,2.55,4.5,0,0,1.23,1.44,1.8,2.35,3.25,3.6,2.45,1.85,1.49,1.28,1.75,7.5,2.5,1.52,10.5,2.85,2.62,8.0,1.4,2.9,7.5,15.0,2.95,1.38,1.08,1.02,1.25,2.2,4.75,12.0,3.75,1.6,1.16,1.01,0,0,0,0,3,1,1,1,0,1,2,1684369800,13,0,80,30,20,0,-1,2,1,5,0,0,2,5,2,0,1,1,0,1,1,1,54,31,121,107,1.37,0.96,2.33,0,0,0,0,0,0,1,1,0,0,1,0,0,0,1,21,19,-1,-1,-1,-1,-1,-1,0,20,50,80,90,30,70,80,50,11.8,3.0,5.6,2.4,/clubs/fc-dallas-13,teams/usa-fc-dallas.png,FC Dallas,/clubs/vancouver-whitecaps-fc-5,teams/canada-vancouver-whitecaps-fc.png,Vancouver Whitecaps,1.72,1.0,2.0,0.6,1.64,1.27,100,80,50,20,10,80,60,60,1.09,1.32,2.41,/usa/vancouver-whitecaps-fc-vs-fc-dallas-h2h-stats#4926112,8777,36,True,True,True,False,False,False,True,"['37', '54']",['23']
MLS,2023,8777,4926113,1015,6,2023,complete,96848,0,-1,['14'],[],1,0,1,4,8,12,3,1,3,1,0,0,5,4,9,9,14,13,10,10,46,54,42,5,20,,,3,1,2.1,3.5,3.4,1.03,1.22,1.9,2.95,5.5,13.0,4.0,1.87,1.4,1.15,1.72,1.98,2.75,1.39,3.9,1.22,1.3,1.3,1.7,2.65,2.1,3.75,2.37,2.45,3.4,0,0,1.14,1.29,1.52,1.94,2.47,4.7,3.3,2.35,1.77,1.48,1.57,7.5,3.0,1.7,11.0,2.38,3.5,6.5,1.37,2.65,6.75,18.0,2.8,1.41,1.09,1.01,1.23,2.05,4.33,10.5,3.75,1.66,1.18,1.04,0,0,0,0,1,1,0,0,0,0,1,1684369800,1015,0,75,25,25,0,-1,2,1,2,2,2,6,4,8,2,0,1,1,2,2,1,49,46,102,83,1.59,1.43,3.02,0,0,0,0,0,0,1,1,0,0,0,2,0,0,1,27,20,-1,-1,-1,1,0,1,0,0,50,88,88,25,63,88,38,8.5,2.25,4.5,2.25,/clubs/minnesota-united-fc-1015,teams/usa-minnesota-united-fc.png,Minnesota United,/clubs/houston-dynamo-6,teams/usa-houston-dynamo.png,Houston Dynamo,1.24,0.79,0.75,0.25,1.09,1.4,100,100,50,13,13,63,50,38,1.24,1.15,2.39,/usa/houston-dynamo-vs-minnesota-united-fc-h2h-stats#4926113,8777,34,True,False,False,False,False,False,False,['14'],[]
MLS,2023,8777,4926114,677447,677446,2023,complete,96848,0,-1,"['33', '49']",['90+3'],2,1,3,6,3,9,2,0,0,3,0,0,5,4,11,7,16,11,9,14,56,44,58,24795,28121,,,0,3,1.72,3.75,4.75,1.04,1.28,1.87,3.3,6.0,13.0,3.6,1.9,1.33,1.12,1.85,1.9,2.25,1.57,4.75,1.15,1.18,1.2,2.2,2.3,2.3,4.75,2.1,2.65,4.5,0,0,1.23,1.4,1.9,2.2,2.9,3.56,2.75,1.9,1.6,1.36,1.38,8.0,4.0,1.52,12.0,2.7,2.62,8.5,1.36,2.75,7.0,23.0,3.1,1.42,1.09,1.02,1.22,2.1,4.5,10.0,4.0,1.7,1.18,1.03,0,0,0,0,3,1,0,1,1,2,1,1684369800,677447,0,25,10,7,0,-1,2,1,4,0,2,3,4,5,0,1,0,2,1,2,1,58,36,116,77,1.78,1.24,3.02,0,0,0,0,0,0,1,1,0,0,0,0,0,0,1,18,14,-1,-1,-1,-1,-1,-1,0,7,25,56,93,10,66,63,25,10.26,3.14,3.63,1.8,/clubs/nashville-sc-mls-677447,teams/usa-nashville-sc-mls.png,Nashville SC,/clubs/club-internacional-de-futbol-miami-677446,teams/usa-club-internacional-de-futbol-miami.png,Inter Miami,1.72,0.65,2.0,0.6,1.58,1.36,100,93,76,45,7,66,56,39,1.42,1.1,2.52,/usa/club-internacional-de-futbol-miami-vs-nashville-sc-mls-h2h-stats#4926114,8777,34,True,True,True,False,False,False,True,"['33', '49']",['90+3']
MLS,2023,8777,4926115,14,20,2023,complete,96848,0,-1,[],[],0,0,0,5,3,8,2,1,1,1,0,0,6,4,13,6,19,10,11,13,60,40,13851,8,7206,,,1,1,1.85,3.75,4.0,1.03,1.22,1.78,2.95,5.5,13.0,4.0,2.0,1.4,1.15,1.68,2.15,2.8,1.38,4.75,1.15,1.22,1.22,2.0,2.45,2.3,4.33,2.2,2.7,4.0,0,0,1.14,1.29,1.51,1.9,2.45,4.54,3.3,2.37,1.8,1.49,1.38,8.0,4.0,1.65,11.0,2.5,3.1,7.0,1.33,2.6,6.0,19.0,3.25,1.47,1.11,1.02,1.2,1.95,4.0,9.0,4.33,1.8,1.22,1.04,0,0,0,0,0,0,0,0,0,0,0,1684379520,-1,0,67,9,50,0,-1,2,1,1,1,4,2,2,6,1,0,0,1,1,1,1,41,48,111,93,1.92,1.26,3.18,0,0,0,0,0,0,1,1,0,0,1,0,0,0,1,21,28,-1,-1,-1,-1,-1,-1,17,42,75,83,92,33,59,84,67,9.33,3.66,5.17,3.17,/clubs/real-salt-lake-14,teams/usa-real-salt-lake.png,Real Salt Lake,/clubs/portland-timbers-20,teams/usa-portland-timbers.png,Portland Timbers,1.28,0.76,1.17,0.67,1.0,1.25,84,59,25,17,9,59,50,50,1.71,1.0,2.71,/usa/real-salt-lake-vs-portland-timbers-h2h-stats#4926115,8777,34,False,False,False,False,False,False,False,[],[]
MLS,2023,8777,4926116,6490,8,2023,complete,96848,0,-1,['13'],['20'],1,1,2,5,3,8,3,2,3,1,0,0,6,3,7,4,13,7,15,9,55,45,7,39588,18,,,3,1,1.53,4.5,5.5,1.02,1.16,1.68,2.38,4.2,17.0,5.0,2.15,1.53,1.22,1.62,2.25,2.5,1.48,6.0,1.09,1.15,1.17,2.45,2.1,2.5,5.0,1.9,2.95,4.75,0,0,1.21,1.44,1.83,2.16,2.63,3.74,2.6,1.98,1.68,1.43,1.48,8.0,3.4,1.5,13.0,2.8,2.5,11.0,1.28,2.25,5.0,13.0,3.75,1.6,1.15,1.01,1.15,1.75,3.3,7.0,5.0,2.0,1.3,1.08,0,0,0,0,2,1,1,0,0,0,2,1684377000,-1,0,47,0,25,0,22222,2,1,2,2,3,1,4,4,2,0,1,1,2,2,1,71,50,126,104,1.76,1.03,2.79,0,0,0,0,0,0,1,1,0,0,0,1,0,0,1,17,16,-1,-1,-1,-1,-1,-1,13,25,79,79,86,34,86,79,57,13.75,2.64,3.39,2.81,/clubs/los-angeles-fc-6490,teams/usa-los-angeles-fc.png,Los Angeles FC,/clubs/sporting-kansas-city-8,teams/usa-sporting-kansas-city.png,Sporting KC,2.05,0.95,3.0,0.71,2.1,0.75,88,75,22,22,15,66,66,66,1.86,1.26,3.12,/usa/sporting-kansas-city-vs-los-angeles-fc-h2h-stats#4926116,8777,38,True,True,False,False,False,False,True,['13'],['20']
MLS,2023,8777,4926117,18,698284,2023,complete,96848,0,-1,['79'],"['36', '57']",1,2,3,8,3,11,3,1,0,2,0,0,4,4,13,2,17,6,5,9,60,40,13812,25,2339,,,0,2,1.53,4.5,5.5,1.02,1.22,1.68,2.8,5.0,15.0,4.2,2.15,1.42,1.16,1.72,2.1,2.4,1.5,5.25,1.13,1.18,1.17,2.3,2.05,2.45,5.5,2.0,2.9,4.5,0,0,1.14,1.29,1.6,1.83,2.4,4.64,3.14,2.29,1.98,1.55,1.38,8.0,4.0,1.48,15.0,2.75,2.7,9.0,1.3,2.5,6.0,17.0,3.4,1.5,1.12,1.02,1.18,1.9,4.0,9.0,4.5,1.83,1.22,1.04,0,0,0,0,3,0,1,1,1,2,1,1684377000,698284,0,29,10,10,0,30026,2,1,2,2,6,1,4,7,0,0,0,2,0,2,1,67,27,115,95,1.84,0.87,2.71,0,0,0,0,0,0,1,1,0,0,1,0,0,0,1,17,24,-1,-1,-1,-1,-1,-1,0,19,55,84,92,27,55,82,57,9.5,4.03,3.07,2.49,/clubs/seattle-sounders-fc-18,teams/usa-seattle-sounders-fc.png,Seattle Sounders,/clubs/austin-fc-698284,teams/usa-austin-fc.png,Austin,1.65,0.82,2.17,0.8,1.92,0.91,100,82,45,17,9,90,82,82,1.47,1.12,2.59,/usa/seattle-sounders-fc-vs-austin-fc-h2h-stats#4926117,8777,34,True,True,True,False,False,False,True,['79'],"['36', '57']"
MLS,2023,8777,4926118,711351,677447,2023,complete,96848,0,-1,['6'],"['39', '90+3']",1,2,3,2,8,10,0,2,2,2,0,0,6,4,5,7,11,11,6,14,50,50,69,44668,24795,,,2,2,2.5,3.3,2.75,1.04,1.22,1.88,2.6,4.75,11.0,3.9,1.98,1.42,1.16,1.58,2.2,3.5,1.26,3.75,1.23,1.44,1.29,1.53,2.9,2.2,3.1,2.65,2.55,2.85,0,0,1.25,1.5,1.8,2.25,3.2,3.75,2.4,1.91,1.57,1.32,1.8,7.0,2.5,1.88,15.0,1.95,4.5,5.0,1.3,2.5,6.0,12.0,3.2,1.5,1.11,1.02,1.19,1.88,3.75,8.5,4.2,1.8,1.23,1.06,0,0,0,0,3,1,1,0,1,1,2,1684625400,677447,0,49,7,25,0,-1,2,1,0,2,2,6,2,8,1,1,1,1,2,2,1,37,32,120,90,1.4,1.21,2.61,0,1,0,1,0,0,1,1,1,0,0,2,0,0,1,6,6,-1,-1,-1,-1,-1,-1,7,15,39,66,90,25,56,76,32,10.66,4.49,4.34,2.16,/clubs/charlotte-fc-711351,teams/usa-charlotte-fc.png,Charlotte,/clubs/nashville-sc-mls-677447,teams/usa-nashville-sc-mls.png,Nashville SC,1.53,1.0,1.57,1.0,1.38,1.69,93,86,62,35,10,66,52,35,1.16,0.96,2.12,/usa/nashville-sc-mls-vs-charlotte-fc-h2h-stats#4926118,8777,35,True,True,True,False,False,False,True,['6'],"['39', '90+3']"
MLS,2023,8777,4926119,8043,9,2023,complete,96848,0,-1,"['17', '23', '67']","['40', '52']",3,2,5,2,4,6,1,0,1,1,0,0,6,7,5,5,11,12,8,12,33,67,20,40182,39282,,,1,1,1.83,3.6,4.2,1.03,1.25,1.77,3.1,5.5,13.0,3.75,1.93,1.38,1.14,1.77,1.93,2.4,1.5,4.8,1.15,1.19,1.25,2.05,2.25,2.2,4.5,2.0,2.6,4.2,0,0,1.28,1.58,1.93,2.39,3.45,3.5,2.33,1.76,1.56,1.28,1.83,5.75,2.35,1.55,13.0,2.6,2.88,8.0,1.35,2.6,6.5,17.5,2.9,1.43,1.1,1.01,1.21,1.95,4.0,9.5,4.0,1.73,1.21,1.05,0,0,0,0,5,2,1,1,1,2,3,1684625400,8043,0,52,17,15,0,-1,2,1,0,2,2,2,2,4,0,0,1,1,0,2,1,22,59,73,131,1.28,1.69,2.96,1,0,1,0,0,0,1,1,0,0,0,0,0,0,1,4,7,-1,-1,-1,-1,-1,-1,10,10,49,69,100,25,79,83,35,7.57,2.09,5.17,2.37,/clubs/fc-cincinnati-8043,teams/usa-fc-cincinnati.png,FC Cincinnati,/clubs/columbus-crew-9,teams/usa-columbus-crew.png,Columbus Crew,2.35,1.15,3.0,0.8,2.25,1.5,90,90,52,32,0,25,25,15,1.18,1.16,2.34,/usa/columbus-crew-vs-fc-cincinnati-h2h-stats#4926119,8777,38,True,True,True,True,True,False,True,"['17', '23', '67']","['40', '52']"
MLS,2023,8777,4926120,13401,10,2023,complete,96848,0,-1,"['71', '73', '80']",[],3,0,3,2,1,3,2,5,2,2,0,0,5,6,10,5,15,11,17,14,47,53,24,38056,2,,,2,2,1.95,3.5,3.75,1.01,1.2,1.67,2.88,5.5,11.0,4.0,2.07,1.36,1.11,1.57,2.25,2.7,1.4,4.33,1.19,1.3,1.25,1.67,2.4,2.25,3.8,2.2,2.55,3.6,0,0,1.23,1.5,1.8,2.25,3.2,3.56,2.4,1.91,1.57,1.32,1.91,6.5,2.38,1.62,13.0,2.35,3.5,6.0,1.3,2.62,6.0,13.0,3.2,1.44,1.1,1.01,1.21,1.98,4.1,9.75,4.0,1.72,1.2,1.05,0,0,0,0,3,0,0,3,0,3,0,1684625400,13401,0,42,9,25,0,-1,2,1,0,1,2,0,1,2,0,1,2,1,1,3,1,51,28,103,101,1.67,1.33,3.0,0,0,0,0,0,0,1,1,0,0,0,1,0,0,1,4,1,-1,-1,-1,-1,-1,-1,9,17,42,84,84,17,67,75,58,9.67,3.83,5.33,2.33,/clubs/dc-united-13401,teams/usa-dc-united.png,DC United,/clubs/la-galaxy-10,teams/usa-la-galaxy.png,LA Galaxy,1.41,0.71,1.33,0.33,1.23,0.75,92,83,59,17,17,42,34,25,1.34,1.07,2.41,/usa/la-galaxy-vs-dc-united-h2h-stats#4926120,8777,34,True,True,True,False,False,False,False,"['71', '73', '80']",[]
MLS,2023,8777,4926121,677446,17,2023,complete,96848,0,-1,['57'],"['19', '68', '86']",1,3,4,3,2,5,4,2,4,3,0,0,2,4,5,7,7,11,12,13,61,39,13851,28121,21031,,,4,3,2.2,3.5,3.1,1.05,1.25,1.9,2.75,5.0,9.0,3.74,1.95,1.4,1.14,1.67,2.15,3.3,1.28,3.6,1.25,1.45,1.3,1.5,3.1,2.2,3.3,2.8,2.6,3.0,0,0,1.26,1.54,1.88,2.31,3.3,3.65,2.42,1.88,1.59,1.3,1.83,6.5,2.5,1.88,13.0,2.0,4.4,5.0,1.33,2.62,6.0,12.0,3.0,1.44,1.1,1.02,1.2,2.0,4.2,9.5,4.2,1.75,1.2,1.04,0,0,0,0,4,0,1,1,2,3,1,1684625400,17,0,65,27,37,0,-1,2,1,0,1,3,1,1,4,1,3,3,0,4,3,1,58,36,122,89,1.02,1.24,2.26,0,0,0,0,0,0,1,1,0,0,0,0,0,0,1,5,2,-1,-1,-1,-1,-1,-1,9,19,55,92,100,37,62,74,57,8.4,2.8,4.33,2.74,/clubs/club-internacional-de-futbol-miami-677446,teams/usa-club-internacional-de-futbol-miami.png,Inter Miami,/clubs/orlando-city-sc-17,teams/usa-orlando-city-sc.png,Orlando City,1.35,1.89,2.0,1.6,1.25,1.33,92,82,45,9,0,57,47,39,1.24,1.07,2.31,/usa/orlando-city-sc-vs-club-internacional-de-futbol-miami-h2h-stats#4926121,8777,34,True,True,True,True,False,False,True,['57'],"['19', '68', '86']"
MLS,2023,8777,4926122,4,1,2023,complete,96848,0,-1,"['23', '38']",['29'],2,1,3,5,3,8,3,4,1,3,0,0,6,3,9,6,15,9,17,13,50,50,36,13006,36107,,,1,3,1.73,3.5,5.0,1.06,1.33,2.15,3.4,6.75,8.5,3.0,1.62,1.27,1.09,1.87,1.82,2.4,1.5,3.9,1.22,1.24,1.29,1.83,2.5,2.05,4.2,2.2,2.4,3.9,0,0,1.32,1.66,2.03,2.5,3.75,3.25,2.21,1.78,1.48,1.25,1.4,8.0,3.8,1.65,10.0,2.5,3.0,6.5,1.4,2.75,7.0,15.0,2.75,1.4,1.08,1.02,1.25,2.15,4.75,11.5,3.5,1.6,1.16,1.03,0,0,0,0,3,2,1,0,0,0,3,1684625400,4,0,25,0,17,0,-1,2,1,2,1,3,2,3,5,1,2,0,1,3,1,1,62,45,111,103,1.82,1.11,2.93,0,0,0,0,0,0,1,1,0,0,0,0,0,0,1,3,7,-1,-1,-1,-1,-1,-1,7,15,30,68,92,29,60,77,40,8.86,3.33,4.29,2.11,/clubs/new-york-red-bulls-4,teams/usa-new-york-red-bulls.png,New York RB,/clubs/montreal-impact-1,teams/canada-montreal-impact.png,Montreal Impact,1.58,0.47,1.5,0.43,1.0,1.25,93,86,70,32,9,38,30,22,1.44,1.02,2.46,/usa/montreal-impact-vs-new-york-red-bulls-h2h-stats#4926122,8777,34,True,True,True,False,False,False,True,"['23', '38']",['29']
MLS,2023,8777,4926123,16,11,2023,complete,96848,0,-1,"['56', '74', '88']",[],3,0,3,7,6,13,3,0,1,5,0,0,7,0,11,7,18,7,11,12,43,57,19912,12,21032,,,1,5,1.95,3.5,3.8,1.04,1.3,1.83,3.4,6.5,12.0,3.5,2.03,1.3,1.1,1.75,2.0,2.87,1.36,3.7,1.24,1.3,1.22,1.8,2.7,2.2,4.0,2.45,2.55,3.6,0,0,1.18,1.43,1.67,2.1,2.6,4.14,2.63,2.1,1.67,1.44,1.45,8.0,3.5,1.78,12.0,2.15,3.75,5.5,1.38,2.85,7.0,23.0,3.0,1.4,1.08,1.01,1.22,2.15,4.5,11.0,4.0,1.68,1.18,1.02,0,0,0,0,3,0,0,3,0,3,0,1684625400,16,0,50,25,17,0,-1,2,1,2,3,5,3,5,8,0,2,1,3,2,4,1,43,46,106,113,1.94,0.79,2.73,1,0,1,0,0,0,1,1,0,0,1,0,0,1,1,6,3,-1,-1,-1,-1,-1,-1,17,25,50,67,84,34,59,67,42,9.67,5.34,3.67,2.5,/clubs/philadelphia-union-16,teams/usa-philadelphia-union.png,Philadelphia Union,/clubs/new-england-revolution-11,teams/usa-new-england-revolution.png,New England Revolution,2.17,0.83,1.83,1.67,1.5,2.0,84,75,50,34,17,67,59,50,1.54,1.39,2.93,/usa/new-england-revolution-vs-philadelphia-union-h2h-stats#4926123,8777,36,True,True,True,False,False,False,False,"['56', '74', '88']",[]
MLS,2023,8777,4926124,698284,19,2023,complete,96848,0,-1,['90+1'],[],1,0,1,11,2,13,2,1,4,3,0,0,2,0,13,3,15,3,12,13,62,38,13967,2339,211,,,4,3,2.0,3.5,3.6,1.06,1.3,1.69,3.24,5.5,8.0,3.4,2.04,1.33,1.13,1.75,2.0,2.55,1.44,4.2,1.2,1.28,1.25,1.87,2.6,2.2,4.2,2.35,2.6,3.75,0,0,1.17,1.32,1.6,1.95,2.4,4.8,3.2,2.2,1.75,1.5,1.6,7.0,3.0,1.65,11.5,2.4,3.2,6.5,1.4,2.85,7.0,23.0,3.0,1.4,1.08,1.02,1.22,2.1,4.5,10.0,4.0,1.68,1.18,1.03,0,0,0,0,1,0,0,1,0,1,0,1684629000,698284,0,50,17,42,0,-1,2,1,4,1,7,1,5,8,2,1,2,2,3,4,1,60,16,95,71,1.52,0.32,1.84,0,0,0,0,0,0,1,1,0,0,1,0,0,0,1,23,18,-1,-1,-1,-1,-1,-1,25,33,33,59,75,25,42,75,50,9.5,3.0,3.0,2.34,/clubs/austin-fc-698284,teams/usa-austin-fc.png,Austin,/clubs/toronto-fc-19,teams/canada-toronto-fc.png,Toronto,1.47,0.24,1.0,0.5,1.08,1.0,75,67,67,42,25,67,50,50,1.32,0.9,2.22,/usa/toronto-fc-vs-austin-fc-h2h-stats#4926124,8777,34,True,False,False,False,False,False,False,['90+1'],[]
MLS,2023,8777,4926125,7,1016,2023,complete,96848,0,-1,"['42', '49', '89']","['29', '55', '64']",3,3,6,2,5,7,1,0,4,3,1,1,3,7,7,9,10,16,14,12,44,56,13812,21081,40852,,,5,4,2.25,3.5,3.0,1.02,1.2,1.68,2.65,4.75,17.0,4.5,2.05,1.47,1.18,1.53,2.4,3.7,1.24,4.0,1.21,1.47,1.22,1.57,3.0,2.3,3.25,2.7,2.7,2.95,0,0,1.21,1.5,1.81,2.19,2.91,3.74,2.54,2.01,1.65,1.33,1.86,9.0,2.25,1.85,17.0,2.0,4.6,5.5,1.3,2.4,5.5,15.0,3.5,1.53,1.12,1.02,1.17,1.85,3.75,8.0,4.75,1.9,1.25,1.06,0,0,0,0,6,1,1,2,2,4,2,1684629000,-1,0,77,16,56,0,-1,2,1,2,3,0,2,5,2,3,1,2,3,4,5,1,36,49,75,122,1.1,1.86,2.97,0,0,0,0,0,0,1,1,0,0,0,1,1,0,1,11,18,-1,-1,-1,-1,-1,-1,16,40,63,86,93,31,77,77,56,9.81,4.12,4.79,3.2,/clubs/chicago-fire-7,teams/usa-chicago-fire.png,Chicago Fire,/clubs/atlanta-united-fc-1016,teams/usa-atlanta-united-fc.png,Atlanta United FC,1.47,0.89,1.57,0.83,1.17,1.62,85,61,37,15,7,79,55,15,1.06,1.07,2.13,/usa/chicago-fire-vs-atlanta-united-fc-h2h-stats#4926125,8777,34,True,True,True,True,True,True,True,"['42', '49', '89']","['29', '55', '64']"
MLS,2023,8777,4926126,13,6,2023,complete,96848,0,-1,['53'],['85'],1,1,2,5,7,12,1,1,0,2,0,0,5,2,6,6,11,8,13,15,43,57,13864,21189,20,,,0,2,1.95,3.5,3.75,1.05,1.25,2.0,2.75,5.0,9.0,3.74,1.85,1.4,1.14,1.68,2.1,2.6,1.43,4.6,1.17,1.22,1.22,2.0,2.45,2.3,4.33,2.2,2.7,4.0,0,0,1.25,1.46,1.74,2.35,3.2,3.75,2.6,1.86,1.55,1.32,1.4,6.5,3.5,1.58,13.0,2.5,3.1,7.5,1.36,2.65,6.5,19.0,3.2,1.45,1.1,1.02,1.2,1.95,4.2,9.0,4.33,1.78,1.2,1.04,0,0,0,0,2,0,0,1,1,2,0,1684629000,-1,0,72,37,27,0,-1,2,1,2,3,3,4,5,7,0,1,0,1,1,1,1,47,24,87,86,1.39,0.83,2.22,0,0,0,0,0,0,1,1,0,0,0,2,0,0,1,23,15,-1,-1,-1,1,1,0,0,9,64,82,100,37,74,90,54,9.83,2.3,4.7,2.54,/clubs/fc-dallas-13,teams/usa-fc-dallas.png,FC Dallas,/clubs/houston-dynamo-6,teams/usa-houston-dynamo.png,Houston Dynamo,1.72,0.79,2.17,0.2,1.75,1.27,100,92,37,19,0,54,37,27,1.14,1.21,2.35,/usa/houston-dynamo-vs-fc-dallas-h2h-stats#4926126,8777,37,True,True,False,False,False,False,True,['53'],['85']
MLS,2023,8777,4926127,12,14,2023,complete,96848,0,-1,"['33', '74']","['12', '21', '44']",2,3,5,4,4,8,1,0,3,5,0,0,4,4,8,3,12,7,13,16,62,38,13889,11434,8,,,3,5,2.0,3.6,3.5,1.02,1.2,1.72,3.0,5.5,10.0,4.0,2.0,1.33,1.11,1.6,2.2,2.9,1.35,4.1,1.2,1.25,1.25,1.73,2.72,2.23,3.88,2.4,2.65,3.48,0,0,1.22,1.41,1.75,2.13,2.95,4.1,2.8,2.07,1.7,1.36,1.58,6.25,2.8,1.72,13.0,2.2,3.6,6.0,1.33,2.62,6.0,13.0,3.0,1.44,1.1,1.01,1.2,1.98,4.1,9.5,4.2,1.77,1.21,1.04,0,0,0,0,5,1,3,1,0,1,4,1684632600,14,0,50,10,30,0,-1,2,1,1,1,3,3,2,6,2,2,1,3,4,4,1,57,28,125,57,1.46,0.93,2.39,0,0,0,0,0,0,1,1,0,0,1,0,0,0,1,19,19,-1,-1,-1,-1,-1,-1,0,10,50,70,70,20,50,70,50,9.6,3.2,4.6,2.0,/clubs/colorado-rapids-12,teams/usa-colorado-rapids.png,Colorado Rapids,/clubs/real-salt-lake-14,teams/usa-real-salt-lake.png,Real Salt Lake,1.0,1.53,0.6,0.8,0.92,1.0,100,90,50,30,30,60,40,40,1.47,1.26,2.73,/usa/colorado-rapids-vs-real-salt-lake-h2h-stats#4926127,8777,34,True,True,True,True,True,False,True,"['33', '74']","['12', '21', '44']"
MLS,2023,8777,4926128,945555,8,2023,complete,96848,0,-1,"['19', '25', '55', '74']",[],4,0,4,4,11,15,3,2,1,2,0,0,6,7,8,10,14,17,15,8,33,67,11,36880,18,,,1,2,1.95,3.6,3.6,1.02,1.22,1.75,2.9,5.0,15.0,4.2,1.95,1.42,1.16,1.68,2.15,2.7,1.4,4.8,1.16,1.25,1.2,2.0,2.35,2.35,4.33,2.2,2.7,4.0,0,0,1.22,1.44,1.72,2.35,3.25,4.1,2.45,2.05,1.49,1.28,1.87,7.1,2.42,1.6,15.0,2.4,3.2,7.5,1.3,2.55,6.0,17.0,3.4,1.47,1.11,1.02,1.18,1.95,4.0,9.0,4.5,1.8,1.22,1.04,0,0,0,0,4,2,0,2,0,2,2,1684632600,945555,0,55,17,20,0,-1,2,1,3,5,1,6,8,7,1,2,0,0,3,0,1,29,74,94,109,1.52,2.09,3.61,1,0,1,0,0,0,1,1,0,0,1,1,0,0,-1,-1,-1,-1,-1,-1,-1,-1,-1,10,20,65,72,88,55,68,75,27,9.83,3.25,4.0,2.64,/clubs/st-louis-city-sc-945555,teams/usa-st-louis-city-sc.png,St. Louis City,/clubs/sporting-kansas-city-8,teams/usa-sporting-kansas-city.png,Sporting KC,1.94,0.95,1.8,0.75,1.73,0.77,90,80,35,29,13,35,35,35,1.39,1.23,2.62,/usa/sporting-kansas-city-vs-st-louis-city-sc-h2h-stats#4926128,8777,36,True,True,True,True,False,False,False,"['19', '25', '55', '74']",[]
MLS,2023,8777,4926129,6490,15,2023,complete,96848,0,-1,"['3', '90+5']",['52'],2,1,3,15,7,22,3,1,1,2,0,0,6,3,9,13,15,16,15,9,56,44,31,39588,12956,,,1,2,1.4,4.8,7.0,1.01,1.17,1.68,2.35,5.5,11.0,4.5,2.07,1.52,1.11,1.78,2.0,2.25,1.55,5.75,1.12,1.14,1.17,2.5,2.05,2.45,5.5,1.9,2.85,5.0,0,0,1.17,1.29,1.53,1.83,2.45,4.6,3.35,2.43,1.76,1.5,1.25,7.25,4.8,1.42,15.0,2.95,2.38,12.0,1.3,2.5,6.0,17.0,3.4,1.5,1.12,1.02,1.18,1.9,4.0,9.0,4.5,1.83,1.22,1.04,0,0,0,0,3,1,0,1,1,2,1,1684636200,6490,0,72,19,54,0,-1,2,1,3,4,12,3,7,15,1,0,0,2,1,2,1,82,58,119,94,1.96,1.64,3.6,1,0,1,0,0,0,1,1,1,0,0,0,0,0,1,15,17,-1,-1,-1,-1,-1,-1,10,37,82,100,100,37,84,90,82,11.37,3.13,4.27,3.29,/clubs/los-angeles-fc-6490,teams/usa-los-angeles-fc.png,Los Angeles FC,/clubs/san-jose-earthquakes-15,teams/usa-san-jose-earthquakes.png,SJ Earthquakes,2.05,0.78,2.6,0.33,2.0,1.5,90,64,19,0,0,64,55,55,1.84,1.03,2.87,/usa/san-jose-earthquakes-vs-los-angeles-fc-h2h-stats#4926129,8777,35,True,True,True,False,False,False,True,"['3', '90+5']",['52']
MLS,2023,8777,4926130,20,1015,2023,complete,96848,0,-1,[],['90+5'],0,1,1,7,4,11,1,6,3,2,0,0,3,6,20,4,23,10,13,12,54,46,7,7206,5,,,3,2,1.91,3.6,3.8,1.05,1.25,1.83,2.75,5.0,9.0,3.74,2.03,1.4,1.14,1.7,2.15,2.7,1.4,4.4,1.18,1.28,1.22,1.87,2.55,2.25,4.2,2.3,2.65,3.75,0,0,1.18,1.3,1.6,1.94,2.4,4.25,3.3,2.29,1.85,1.56,1.71,6.0,2.5,1.65,13.0,2.35,3.3,7.0,1.36,2.65,6.5,19.0,3.2,1.45,1.1,1.02,1.2,1.95,4.0,9.0,4.33,1.8,1.22,1.04,0,0,0,0,1,0,0,0,1,1,0,1684636200,1015,0,55,24,31,0,-1,2,1,4,3,3,1,7,4,0,0,3,2,0,5,1,65,29,139,77,2.13,1.27,3.4,0,0,0,0,0,0,1,1,0,0,0,1,0,0,1,19,22,-1,-1,-1,1,0,1,16,32,62,62,92,38,55,84,31,7.12,3.43,3.76,2.63,/clubs/portland-timbers-20,teams/usa-portland-timbers.png,Portland Timbers,/clubs/minnesota-united-fc-1015,teams/usa-minnesota-united-fc.png,Minnesota United,1.76,1.18,1.83,1.29,1.23,1.25,85,68,38,38,9,62,48,40,1.27,1.05,2.32,/usa/portland-timbers-vs-minnesota-united-fc-h2h-stats#4926130,8777,34,True,False,False,False,False,False,False,[],['90+5']
MLS,2023,8777,4926131,5,18,2023,complete,96848,0,-1,"['44', '58']",[],2,0,2,6,9,15,0,2,3,3,0,0,5,1,12,8,17,9,16,11,45,55,13893,41087,25,,,3,3,2.3,3.4,3.0,1.05,1.25,1.93,2.95,5.55,13.25,3.95,1.93,1.41,1.15,1.68,2.15,2.9,1.35,4.1,1.2,1.32,1.32,1.72,2.6,2.2,3.75,2.35,2.6,3.4,0,0,1.16,1.3,1.53,1.83,2.48,4.4,3.35,2.4,1.76,1.5,1.44,6.5,3.25,1.72,13.0,2.25,3.6,6.0,1.35,2.6,6.75,19.0,3.0,1.45,1.1,1.02,1.18,1.95,3.7,9.5,4.7,1.72,1.19,1.04,0,0,0,0,2,1,0,1,0,1,1,1684636200,5,0,50,25,17,0,-1,2,1,4,4,2,5,8,7,2,1,1,2,3,3,1,44,54,96,106,1.74,1.04,2.78,0,0,0,0,0,0,1,1,0,0,1,1,1,0,1,15,13,-1,-1,-1,-1,-1,-1,33,33,50,59,83,42,50,75,42,13.17,3.66,3.17,2.59,/clubs/vancouver-whitecaps-fc-5,teams/canada-vancouver-whitecaps-fc.png,Vancouver Whitecaps,/clubs/seattle-sounders-fc-18,teams/usa-seattle-sounders-fc.png,Seattle Sounders,1.67,1.44,1.83,1.67,1.17,1.77,67,67,50,42,17,67,58,50,1.89,1.16,3.05,/usa/vancouver-whitecaps-fc-vs-seattle-sounders-fc-h2h-stats#4926131,8777,36,True,True,False,False,False,False,False,"['44', '58']",[]
MLS,2023,8777,4926132,1,677446,2023,complete,96848,0,-1,['53'],[],1,0,1,2,4,6,1,0,2,1,0,0,2,6,12,6,14,12,11,12,42,58,20,36107,28121,,,2,1,1.95,3.5,3.75,1.05,1.3,1.85,3.25,6.0,9.0,3.4,1.87,1.33,1.11,1.8,2.0,2.5,1.46,4.2,1.19,1.27,1.3,1.82,2.59,2.29,4.6,2.2,2.55,3.8,0,0,1.27,1.5,1.87,2.45,3.4,3.55,2.48,1.87,1.5,1.29,1.48,7.5,3.25,1.65,11.5,2.4,3.25,6.5,1.4,2.98,6.5,15.0,3.07,1.42,1.1,1.02,1.29,2.1,4.33,9.0,3.5,1.67,1.2,1.05,0,0,0,0,1,0,0,1,0,1,0,1685230200,1,0,27,9,19,0,-1,2,1,2,1,0,3,3,3,1,0,1,1,1,2,1,46,29,109,118,1.36,1.4,2.77,0,0,0,0,0,0,1,1,0,0,1,0,0,0,1,5,3,-1,-1,-1,-1,-1,-1,10,10,27,65,100,9,54,75,47,9.37,1.63,5.73,2.12,/clubs/montreal-impact-1,teams/canada-montreal-impact.png,Montreal Impact,/clubs/club-internacional-de-futbol-miami-677446,teams/usa-club-internacional-de-futbol-miami.png,Inter Miami,1.94,0.65,2.4,0.5,1.15,1.15,90,90,74,35,0,64,37,29,1.18,1.13,2.31,/usa/montreal-impact-vs-club-internacional-de-futbol-miami-h2h-stats#4926132,8777,34,True,False,False,False,False,False,False,['53'],[]
MLS,2023,8777,4926133,11,7,2023,complete,96848,0,-1,"['38', '40', '83']","['10', '22', '78']",3,3,6,9,4,13,1,0,2,2,0,0,6,3,6,3,12,6,14,4,52,48,13891,21032,21081,,,2,2,1.83,3.7,3.9,1.04,1.22,1.67,2.62,4.75,10.0,4.0,2.1,1.44,1.15,1.65,2.2,2.75,1.39,4.75,1.16,1.25,1.29,1.83,2.58,2.38,4.34,2.15,2.5,3.9,0,0,1.27,1.5,1.87,2.45,3.4,3.55,2.48,1.87,1.5,1.29,1.43,7.5,3.45,1.62,15.0,2.35,3.3,7.5,1.36,2.73,5.5,13.0,3.32,1.49,1.12,1.02,1.22,1.91,4.0,8.0,4.0,1.8,1.22,1.06,0,0,0,0,6,2,2,1,1,2,4,1685230200,-1,0,55,19,29,0,-1,2,1,2,3,7,1,5,8,0,0,2,2,0,4,1,48,27,139,99,1.54,0.8,2.34,0,0,0,0,0,0,1,1,0,1,0,1,0,0,1,4,2,-1,-1,-1,-1,-1,-1,10,19,65,82,100,35,74,92,65,6.67,4.43,4.47,2.75,/clubs/new-england-revolution-11,teams/usa-new-england-revolution.png,New England Revolution,/clubs/chicago-fire-7,teams/usa-chicago-fire.png,Chicago Fire,2.22,0.88,2.33,0.6,1.85,1.15,90,82,35,19,0,55,45,35,1.42,1.06,2.48,/usa/chicago-fire-vs-new-england-revolution-h2h-stats#4926133,8777,34,True,True,True,True,True,True,True,"['38', '40', '83']","['10', '22', '78']"
MLS,2023,8777,4926134,2,16,2023,complete,96848,0,-1,['30'],"['45+1', '45+3', '53']",1,3,4,5,7,12,2,3,3,3,0,0,7,6,12,9,19,15,16,15,59,41,5016,27505,12,,,3,3,2.0,3.3,3.75,1.07,1.36,2.1,3.5,6.5,7.5,3.0,1.67,1.29,1.1,1.75,1.95,2.5,1.46,3.6,1.25,1.3,1.33,1.65,2.75,2.0,3.8,2.45,2.25,3.7,0,0,1.27,1.5,1.87,2.45,3.4,3.55,2.48,1.87,1.5,1.29,1.58,7.5,2.88,1.78,9.5,2.3,3.3,5.5,1.4,3.0,7.0,15.0,2.75,1.36,1.08,1.02,1.3,2.3,4.75,11.0,3.4,1.57,1.15,1.03,0,0,0,0,4,1,2,0,1,1,3,1685230200,16,0,65,9,47,0,-1,2,1,2,5,3,2,7,5,1,1,2,2,2,4,1,35,45,88,91,1.94,1.69,3.63,0,1,0,1,0,0,1,1,0,0,1,1,0,0,1,3,0,-1,-1,-1,-1,-1,-1,19,37,55,74,100,29,82,82,47,7.07,4.83,5.4,2.84,/clubs/new-york-city-fc-2,teams/usa-new-york-city-fc.png,New York City,/clubs/philadelphia-union-16,teams/usa-philadelphia-union.png,Philadelphia Union,1.76,1.16,2.6,1.17,1.23,1.62,82,64,45,27,0,65,45,25,1.4,1.15,2.55,/usa/new-york-city-fc-vs-philadelphia-union-h2h-stats#4926134,8777,34,True,True,True,True,False,False,True,['30'],"['45+1', '45+3', '53']"
MLS,2023,8777,4926135,17,1016,2023,complete,96848,0,-1,['30'],['86'],1,1,2,8,6,14,1,0,1,2,0,0,6,3,9,8,15,11,9,11,50,50,3,21031,40852,,,1,2,2.3,3.4,2.9,1.05,1.29,1.83,3.0,5.0,9.0,3.5,1.87,1.36,1.14,1.63,2.2,3.1,1.31,3.8,1.22,1.38,1.25,1.66,2.94,2.35,3.67,2.6,2.55,3.3,0,0,1.25,1.47,1.82,2.38,3.25,3.7,2.55,1.92,1.54,1.3,1.65,7.5,2.7,1.85,9.5,2.1,3.9,5.0,1.36,2.74,6.0,13.0,3.31,1.49,1.11,1.02,1.25,2.0,4.0,9.0,3.75,1.73,1.22,1.05,0,0,0,0,2,1,0,0,1,1,1,1685230200,-1,0,65,22,43,0,-1,2,1,3,3,5,3,6,8,1,0,0,2,1,2,1,69,44,80,96,1.86,1.23,3.09,0,0,0,0,0,0,1,1,0,0,0,0,0,0,1,7,0,-1,-1,-1,-1,-1,-1,15,36,58,86,93,36,71,86,50,10.57,4.86,4.42,3.07,/clubs/orlando-city-sc-17,teams/usa-orlando-city-sc.png,Orlando City,/clubs/atlanta-united-fc-1016,teams/usa-atlanta-united-fc.png,Atlanta United FC,1.84,0.89,1.14,0.86,1.46,1.57,86,65,43,15,7,65,50,15,1.29,1.19,2.48,/usa/orlando-city-sc-vs-atlanta-united-fc-h2h-stats#4926135,8777,37,True,True,False,False,False,False,True,['30'],['86']
MLS,2023,8777,4926136,19,13401,2023,complete,96848,0,-1,"['14', '72']",['87'],2,1,3,3,6,9,1,4,2,1,0,0,5,4,6,14,11,18,5,13,42,58,19912,211,38056,,,2,1,2.05,3.6,3.3,1.06,1.3,1.8,3.32,6.45,11.0,3.55,1.91,1.34,1.12,1.75,2.03,2.8,1.38,3.7,1.24,1.35,1.31,1.67,2.92,2.26,3.94,2.51,2.48,3.52,0,0,1.25,1.47,1.82,2.38,3.25,3.7,2.55,1.92,1.54,1.3,1.65,7.5,2.7,1.78,11.0,2.2,3.6,5.8,1.41,3.0,7.1,15.0,3.04,1.42,1.08,1.02,1.24,2.14,4.64,9.0,3.82,1.67,1.17,1.05,0,0,0,0,3,1,0,1,1,2,1,1685230200,19,0,43,14,22,0,-1,2,1,3,1,0,5,4,5,1,0,1,1,1,2,1,45,53,90,114,1.37,1.8,3.18,0,0,0,0,0,0,1,1,0,0,0,1,0,0,1,3,5,-1,-1,-1,-1,-1,-1,7,29,36,64,79,36,50,72,43,9.57,4.0,4.57,2.14,/clubs/toronto-fc-19,teams/canada-toronto-fc.png,Toronto,/clubs/dc-united-13401,teams/usa-dc-united.png,DC United,1.06,0.94,1.43,1.14,0.93,1.36,93,71,64,36,22,64,50,29,1.29,1.25,2.54,/usa/toronto-fc-vs-dc-united-h2h-stats#4926136,8777,34,True,True,True,False,False,False,True,"['14', '72']",['87']
MLS,2023,8777,4926137,6,698284,2023,complete,96848,0,-1,"['37', '87']",['21'],2,1,3,6,6,12,5,1,2,1,0,0,6,3,10,7,16,10,8,9,53,47,15,20,2339,,,2,1,2.05,3.6,3.3,1.05,1.25,1.8,2.9,5.25,9.5,3.6,1.91,1.36,1.13,1.67,2.1,2.85,1.36,4.0,1.21,1.33,1.3,1.73,2.7,2.15,3.75,2.4,2.38,3.5,0,0,1.2,1.38,1.67,2.12,2.85,4.25,2.9,2.12,1.67,1.38,1.58,7.5,2.88,1.78,11.0,2.25,3.6,6.0,1.36,2.62,6.0,17.5,2.9,1.42,1.09,1.01,1.21,1.98,4.1,9.5,3.9,1.72,1.2,1.05,0,0,0,0,3,1,1,1,0,1,2,1685233800,6,0,25,9,17,0,-1,2,1,2,4,4,2,6,6,0,1,2,0,1,2,1,50,34,112,97,1.8,1.1,2.89,0,0,0,0,0,0,1,1,0,0,0,2,0,0,1,13,10,-1,-1,-1,-1,-1,-1,0,9,42,67,92,9,42,83,58,7.33,4.0,4.0,2.08,/clubs/houston-dynamo-6,teams/usa-houston-dynamo.png,Houston Dynamo,/clubs/austin-fc-698284,teams/usa-austin-fc.png,Austin,2.2,0.82,2.17,1.17,1.25,1.23,100,92,58,34,9,75,75,67,1.08,1.08,2.16,/usa/houston-dynamo-vs-austin-fc-h2h-stats#4926137,8777,34,True,True,True,False,False,False,True,"['37', '87']",['21']
MLS,2023,8777,4926138,1015,14,2023,complete,96848,0,-1,['31'],['28'],1,1,2,5,4,9,2,0,2,3,0,0,3,2,14,7,17,9,10,11,54,46,13812,5,8,,,2,3,2.2,3.6,3.0,1.01,1.23,1.7,2.88,5.25,10.0,3.64,2.05,1.35,1.11,1.67,2.12,2.95,1.34,4.2,1.2,1.27,1.28,1.64,2.57,2.22,3.94,2.38,2.45,3.4,0,0,1.2,1.38,1.67,2.12,2.85,4.25,2.9,2.12,1.67,1.38,1.52,7.5,3.05,1.76,10.0,2.36,3.75,6.0,1.35,2.61,6.4,16.0,3.05,1.46,1.1,1.01,1.21,2.0,4.15,11.0,4.15,1.76,1.21,1.04,0,0,0,0,2,1,1,0,0,0,2,1685233800,-1,0,55,9,19,0,19912,2,1,1,0,4,4,1,8,1,1,1,2,2,3,1,56,46,130,94,1.7,1.05,2.74,0,0,0,0,0,0,1,1,0,0,0,0,1,0,1,18,21,-1,-1,-1,-1,-1,-1,9,17,44,72,82,17,72,72,35,10.03,3.3,4.37,2.22,/clubs/minnesota-united-fc-1015,teams/usa-minnesota-united-fc.png,Minnesota United,/clubs/real-salt-lake-14,teams/usa-real-salt-lake.png,Real Salt Lake,1.24,1.53,1.2,1.17,1.38,1.15,92,84,57,29,19,75,57,57,1.31,1.2,2.51,/usa/real-salt-lake-vs-minnesota-united-fc-h2h-stats#4926138,8777,34,True,True,False,False,False,False,True,['31'],['28']
MLS,2023,8777,4926139,945555,5,2023,complete,96848,0,-1,"['10', '45', '90+4']",['83'],3,1,4,7,5,12,2,3,4,3,0,0,7,3,11,9,18,12,12,12,39,61,65601,36880,41087,,,4,3,2.0,3.6,3.4,1.03,1.21,1.7,2.8,5.4,15.0,4.6,2.05,1.44,1.16,1.6,2.2,3.2,1.31,4.1,1.2,1.38,1.28,1.71,2.7,2.25,3.5,2.45,2.65,3.25,0,0,1.26,1.48,1.85,2.43,3.3,3.65,2.55,1.89,1.52,1.3,1.65,7.0,2.7,1.78,14.5,2.17,3.9,5.8,1.25,2.45,6.4,18.0,3.4,1.44,1.1,1.01,1.19,1.92,3.82,8.5,4.45,1.83,1.24,1.06,0,0,0,0,4,2,0,1,1,2,2,1685233800,945555,0,67,34,17,0,22423,2,1,5,4,2,1,9,3,2,0,2,3,2,5,1,36,53,104,114,1.89,1.36,3.25,0,0,0,0,0,0,1,1,1,0,1,0,0,0,1,13,26,-1,-1,-1,1,1,1,9,34,67,83,92,59,75,84,34,9.34,4.0,4.33,2.92,/clubs/st-louis-city-sc-945555,teams/usa-st-louis-city-sc.png,St. Louis City,/clubs/vancouver-whitecaps-fc-5,teams/canada-vancouver-whitecaps-fc.png,Vancouver Whitecaps,1.94,1.0,2.0,0.5,1.83,1.31,92,67,34,17,9,50,50,50,1.41,1.26,2.67,/usa/vancouver-whitecaps-fc-vs-st-louis-city-sc-h2h-stats#4926139,8777,36,True,True,True,True,False,False,True,"['10', '45', '90+4']",['83']
MLS,2023,8777,4926140,12,8043,2023,complete,96848,0,-1,[],['33'],0,1,1,2,3,5,1,1,1,1,0,0,3,6,9,10,12,16,14,11,50,50,42,11434,40182,,,1,1,2.25,3.35,2.95,1.01,1.25,1.83,2.87,5.0,9.8,3.6,1.87,1.36,1.13,1.62,2.2,3.25,1.29,3.5,1.26,1.48,1.3,1.53,3.0,2.15,3.3,2.77,2.52,2.99,0,0,1.26,1.48,1.85,2.43,3.3,3.65,2.55,1.89,1.52,1.3,1.79,7.0,2.4,1.95,10.0,2.05,4.4,5.0,1.36,2.62,6.0,21.0,2.9,1.42,1.09,1.01,1.22,2.05,4.33,10.0,4.05,1.73,1.2,1.03,0,0,0,0,1,0,1,0,0,0,1,1685237400,8043,0,64,37,37,0,-1,2,1,0,1,2,2,1,4,0,0,1,1,0,2,1,46,37,85,113,1.3,1.7,3.01,0,0,0,0,0,0,1,1,0,0,0,1,0,0,1,17,20,-1,-1,-1,-1,-1,-1,29,29,45,64,74,47,47,64,37,8.9,2.73,5.2,2.59,/clubs/colorado-rapids-12,teams/usa-colorado-rapids.png,Colorado Rapids,/clubs/fc-cincinnati-8043,teams/usa-fc-cincinnati.png,FC Cincinnati,1.0,1.61,0.5,1.2,0.86,2.31,72,72,55,37,27,45,37,37,1.47,1.39,2.86,/usa/colorado-rapids-vs-fc-cincinnati-h2h-stats#4926140,8777,34,True,False,False,False,False,False,False,[],['33']
MLS,2023,8777,4926141,10,711351,2023,complete,96848,0,-1,[],['73'],0,1,1,5,7,12,3,2,1,2,1,0,2,4,12,9,14,13,10,10,52,48,36,2,44668,,,2,2,1.7,3.9,4.2,1.03,1.18,1.57,2.38,4.6,18.0,5.1,2.3,1.51,1.18,1.57,2.33,2.75,1.39,5.75,1.12,1.22,1.25,2.12,2.23,2.43,4.4,2.0,2.8,4.2,0,0,1.2,1.38,1.67,2.12,2.85,4.25,2.9,2.12,1.67,1.38,1.37,8.0,3.75,1.44,14.0,2.75,3.1,9.0,1.28,2.3,4.8,15.0,3.3,1.55,1.15,1.02,1.17,1.8,3.5,8.0,5.0,1.91,1.29,1.08,0,0,0,0,1,0,0,0,1,1,0,1685241000,711351,0,83,25,34,0,-1,2,1,4,4,1,3,8,4,0,0,2,2,0,4,1,49,41,96,113,1.38,1.41,2.79,0,0,0,0,0,0,1,1,0,0,0,1,0,0,1,31,13,-1,-1,-1,-1,-1,-1,9,50,84,100,100,50,84,92,67,13.83,2.67,6.0,3.42,/clubs/la-galaxy-10,teams/usa-la-galaxy.png,LA Galaxy,/clubs/charlotte-fc-711351,teams/usa-charlotte-fc.png,Charlotte,1.41,0.94,1.17,1.17,0.69,1.29,92,50,17,0,0,50,42,42,1.86,1.03,2.89,/usa/la-galaxy-vs-charlotte-fc-h2h-stats#4926141,8777,34,True,False,False,False,False,False,False,[],['73']
MLS,2023,8777,4926142,15,13,2023,complete,96848,0,-1,['70'],['90+4'],1,1,2,5,0,5,4,2,4,2,1,0,2,4,6,5,8,9,11,11,44,56,45125,12956,21189,,,5,2,2.0,3.45,3.45,1.04,1.29,1.8,3.0,5.5,10.5,3.4,1.91,1.33,1.11,1.67,2.1,2.85,1.37,4.0,1.21,1.33,1.3,1.73,2.6,2.2,3.8,2.35,2.5,3.4,0,0,1.24,1.45,1.8,2.33,3.2,3.75,2.6,1.95,1.56,1.32,1.53,7.5,3.05,1.73,10.0,2.38,3.6,5.8,1.38,2.62,6.0,18.0,2.8,1.42,1.09,1.01,1.21,2.08,4.7,12.0,4.1,1.67,1.17,1.03,0,0,0,0,2,0,0,1,1,2,0,1685241000,-1,0,50,25,17,0,13409,2,1,2,0,3,0,2,3,1,0,4,2,1,6,1,38,59,76,110,0.92,1.28,2.21,0,0,0,0,0,0,1,1,0,0,0,0,0,0,1,18,12,-1,-1,-1,-1,-1,-1,0,9,50,59,83,34,67,67,25,9.5,3.5,5.0,2.0,/clubs/san-jose-earthquakes-15,teams/usa-san-jose-earthquakes.png,SJ Earthquakes,/clubs/fc-dallas-13,teams/usa-fc-dallas.png,FC Dallas,1.82,0.95,2.67,1.33,1.38,1.69,100,92,50,42,17,50,17,17,1.34,1.25,2.59,/usa/fc-dallas-vs-san-jose-earthquakes-h2h-stats#4926142,8777,35,True,True,False,False,False,False,True,['70'],['90+4']
MLS,2023,8777,4926143,18,4,2023,complete,96848,0,-1,['22'],[],1,0,1,7,4,11,2,1,3,3,1,0,1,3,7,6,8,9,19,14,53,47,13889,25,13006,,,4,3,2.0,3.35,3.6,1.08,1.4,2.0,3.8,7.5,6.5,2.7,1.73,1.22,1.06,2.0,1.73,2.3,1.55,3.5,1.27,1.25,1.35,1.78,2.7,2.0,4.33,2.5,2.35,4.0,0,0,1.28,1.5,1.9,2.5,3.45,3.5,2.45,1.84,1.49,1.28,1.53,7.5,3.05,1.75,7.5,2.5,3.1,5.5,1.5,3.2,8.0,26.0,2.4,1.3,1.05,1.0,1.3,2.45,5.5,13.0,3.3,1.52,1.12,1.01,0,0,0,0,1,1,0,0,0,0,1,1685241000,18,0,36,0,7,0,31032,2,1,5,1,2,3,6,5,1,2,3,1,3,4,1,41,43,96,112,0.88,1.1,1.98,0,0,0,0,0,0,1,1,0,0,1,0,0,1,1,22,25,-1,-1,-1,1,0,1,0,7,29,64,86,15,64,79,22,10.28,3.71,4.86,1.86,/clubs/seattle-sounders-fc-18,teams/usa-seattle-sounders-fc.png,Seattle Sounders,/clubs/new-york-red-bulls-4,teams/usa-new-york-red-bulls.png,New York RB,1.65,0.94,1.86,0.57,1.64,1.14,100,93,72,36,14,57,50,50,1.52,1.37,2.89,/usa/new-york-red-bulls-vs-seattle-sounders-fc-h2h-stats#4926143,8777,37,True,False,False,False,False,False,False,['22'],[]
MLS,2023,8777,4926144,8,20,2023,complete,96848,0,-1,"['33', '66', '68', '90+3']",['8'],4,1,5,8,1,9,2,0,3,1,0,0,7,3,8,5,15,8,16,13,63,37,69,18,7206,,,3,1,1.83,3.5,3.9,1.01,1.25,1.81,2.8,5.0,11.0,3.6,2.0,1.38,1.13,1.67,2.1,2.6,1.43,4.6,1.17,1.22,1.29,2.0,2.3,2.25,4.5,2.1,2.65,4.1,0,0,1.27,1.5,1.87,2.45,3.4,3.55,2.48,1.87,1.5,1.29,1.34,8.0,4.0,1.6,11.0,2.6,3.2,7.0,1.33,2.6,5.75,19.0,3.0,1.44,1.1,1.01,1.18,1.95,4.2,10.0,4.5,1.78,1.2,1.05,0,0,0,0,5,1,1,3,0,3,2,1685300400,8,0,46,10,36,0,-1,2,1,2,1,6,0,3,6,0,0,3,1,0,4,1,78,29,114,81,2.0,0.93,2.93,0,0,0,0,0,0,1,1,0,1,0,0,0,0,1,10,23,-1,-1,-1,-1,-1,-1,25,25,49,66,83,45,52,73,46,9.29,3.09,3.89,2.53,/clubs/sporting-kansas-city-8,teams/usa-sporting-kansas-city.png,Sporting KC,/clubs/portland-timbers-20,teams/usa-portland-timbers.png,Portland Timbers,1.74,0.76,0.8,0.71,0.71,1.14,76,76,52,35,17,59,59,59,1.47,1.04,2.51,/usa/sporting-kansas-city-vs-portland-timbers-h2h-stats#4926144,8777,34,True,True,True,True,True,False,True,"['33', '66', '68', '90+3']",['8']
MLS,2023,8777,4926145,677447,9,2023,complete,96848,0,-1,"['56', '80', '90+7']",['2'],3,1,4,6,5,11,4,1,3,2,0,0,10,6,6,6,16,12,15,11,47,53,13864,24795,39282,,,3,2,1.9,3.4,3.75,1.06,1.33,1.95,3.4,6.0,8.0,3.25,1.78,1.3,1.11,1.8,1.95,2.5,1.47,4.1,1.2,1.22,1.3,1.83,2.6,2.2,4.33,2.25,2.5,3.75,0,0,1.3,1.55,1.98,2.6,3.6,3.35,2.38,1.83,1.46,1.27,1.48,7.5,3.25,1.57,8.5,2.6,3.1,6.5,1.4,2.75,8.0,21.0,2.75,1.4,1.08,1.02,1.22,2.1,4.5,13.0,4.0,1.67,1.18,1.04,0,0,0,0,4,0,1,3,0,3,1,1685320200,677447,0,53,17,21,0,30109,2,1,3,1,3,4,4,7,1,1,2,1,2,3,1,39,47,98,111,1.99,1.53,3.52,0,0,0,0,0,0,1,1,0,1,0,0,0,1,-1,-1,-1,-1,-1,-1,-1,-1,-1,17,23,44,79,94,17,88,86,44,9.88,2.8,3.58,2.57,/clubs/nashville-sc-mls-677447,teams/usa-nashville-sc-mls.png,Nashville SC,/clubs/columbus-crew-9,teams/usa-columbus-crew.png,Columbus Crew,1.72,1.15,2.13,0.67,1.79,1.38,84,78,57,21,7,46,40,25,1.47,1.25,2.72,/usa/columbus-crew-vs-nashville-sc-mls-h2h-stats#4926145,8777,36,True,True,True,True,False,False,True,"['56', '80', '90+7']",['2']
MLS,2023,8777,4926146,1016,11,2023,complete,96848,0,-1,"['56', '74', '87']","['1', '37', '90+3']",3,3,6,0,3,3,0,1,4,2,0,0,7,3,9,1,16,4,14,6,72,28,69,40852,21032,,,4,2,1.85,3.7,4.2,1.05,1.29,1.82,3.0,5.5,9.0,3.5,1.99,1.36,1.12,1.73,2.0,2.55,1.44,4.5,1.17,1.22,1.29,1.91,2.38,2.28,4.4,2.19,2.66,3.94,0,0,1.18,1.33,1.6,2.05,2.7,4.0,2.9,2.1,1.65,1.38,1.4,10.0,3.64,1.62,12.0,2.5,3.0,7.5,1.36,2.5,6.0,13.0,3.0,1.5,1.11,1.02,1.25,2.05,4.33,9.0,3.75,1.7,1.2,1.05,0,0,0,0,6,0,2,3,1,4,2,1685574000,-1,0,57,7,36,0,42915,2,1,0,2,0,1,2,1,0,1,4,1,1,5,1,85,23,179,64,2.13,0.64,2.77,0,0,0,0,0,0,1,1,0,1,0,1,0,0,-1,-1,-1,-1,-1,-1,-1,-1,-1,7,29,64,86,100,14,72,86,72,10.85,3.57,3.85,2.93,/clubs/atlanta-united-fc-1016,teams/usa-atlanta-united-fc.png,Atlanta United FC,/clubs/new-england-revolution-11,teams/usa-new-england-revolution.png,New England Revolution,2.06,0.83,2.29,1.43,1.53,1.79,93,72,36,14,0,79,43,36,1.65,1.3,2.95,/usa/new-england-revolution-vs-atlanta-united-fc-h2h-stats#4926146,8777,36,True,True,True,True,True,True,True,"['56', '74', '87']","['1', '37', '90+3']"
MLS,2023,8777,4926147,9,12,2023,complete,96848,0,-1,"['37', '62', '72']","['9', '90+5']",3,2,5,7,0,7,3,6,1,1,0,0,6,3,12,6,18,9,6,5,63,37,45098,39282,11434,,,1,1,1.82,3.85,4.1,1.04,1.22,1.7,2.62,4.5,10.0,4.0,2.1,1.44,1.17,1.67,2.1,2.7,1.4,4.8,1.15,1.2,1.25,2.0,2.32,2.25,4.58,2.25,2.7,3.75,0,0,1.24,1.46,1.9,2.4,3.3,3.5,2.45,1.9,1.47,1.27,1.51,8.5,3.16,1.62,12.0,2.5,3.2,7.5,1.33,2.38,5.5,12.0,3.25,1.53,1.12,1.02,1.22,1.91,4.0,8.0,4.0,1.8,1.22,1.06,0,0,0,0,5,1,1,2,1,3,2,1685575800,9,0,48,7,27,0,20223,2,1,2,0,5,0,2,5,0,0,1,1,0,2,1,66,32,124,81,2.04,1.02,3.05,0,0,0,0,0,0,1,1,0,1,1,0,0,0,1,6,1,-1,-1,-1,-1,-1,-1,7,47,54,82,94,42,68,73,54,9.0,1.88,4.07,2.97,/clubs/columbus-crew-9,teams/usa-columbus-crew.png,Columbus Crew,/clubs/colorado-rapids-12,teams/usa-colorado-rapids.png,Colorado Rapids,2.45,0.59,2.0,1.13,1.29,0.8,93,54,47,19,7,66,54,40,1.77,1.03,2.8,/usa/columbus-crew-vs-colorado-rapids-h2h-stats#4926147,8777,34,True,True,True,True,True,False,True,"['37', '62', '72']","['9', '90+5']"
MLS,2023,8777,4926148,13401,1,2023,complete,96848,0,-1,"['44', '59']","['80', '82']",2,2,4,4,7,11,4,3,1,1,0,0,4,5,9,6,13,11,15,9,56,44,58,38056,36107,,,1,1,1.73,3.75,4.9,1.05,1.3,1.91,3.25,5.5,9.0,3.4,1.9,1.33,1.12,1.85,1.85,2.25,1.55,4.6,1.17,1.18,1.25,2.1,2.25,2.2,4.9,2.0,2.6,4.5,0,0,1.32,1.6,2.05,2.8,4.0,3.0,2.1,1.65,1.36,1.2,1.64,8.0,2.67,1.52,11.5,2.7,2.75,8.0,1.36,2.62,6.0,13.0,3.0,1.44,1.11,1.02,1.29,2.1,4.5,10.0,3.5,1.67,1.17,1.04,0,0,0,0,4,1,0,1,2,3,1,1685575800,-1,0,35,7,22,0,-1,2,1,3,2,1,5,5,6,0,0,1,1,0,2,1,60,37,104,90,1.54,1.32,2.86,0,0,0,0,0,0,1,1,0,0,0,1,0,0,1,3,1,-1,-1,-1,-1,-1,-1,14,20,54,94,100,32,73,88,56,7.46,4.11,4.38,2.81,/clubs/dc-united-13401,teams/usa-dc-united.png,DC United,/clubs/montreal-impact-1,teams/canada-montreal-impact.png,Montreal Impact,1.41,0.47,1.57,0.38,1.27,1.29,87,81,47,7,0,26,26,26,1.38,1.03,2.41,/usa/montreal-impact-vs-dc-united-h2h-stats#4926148,8777,34,True,True,True,True,False,False,True,"['44', '59']","['80', '82']"
MLS,2023,8777,4926149,677446,4,2023,complete,96848,0,-1,[],['52'],0,1,1,2,5,7,3,3,1,3,0,1,3,9,5,9,8,18,9,15,62,38,84,28121,13006,,,1,4,2.34,3.4,3.05,1.07,1.33,1.9,3.4,6.5,7.5,3.25,1.9,1.3,1.1,1.8,1.91,3.0,1.33,3.0,1.33,1.5,1.3,1.4,2.75,2.1,3.6,2.45,2.5,3.25,0,0,1.3,1.55,1.98,2.7,3.8,3.1,2.2,1.68,1.39,1.21,2.33,7.5,1.85,1.78,11.5,2.15,4.8,4.0,1.42,2.99,7.7,15.0,2.75,1.36,1.06,1.02,1.27,2.24,5.0,10.0,3.56,1.61,1.15,1.04,0,0,0,0,1,0,0,0,1,1,0,1685578500,4,0,48,15,22,0,-1,2,1,1,4,1,1,5,2,0,1,1,3,1,4,1,67,39,130,102,1.21,2.05,3.26,1,0,0,0,1,0,1,1,0,0,1,3,0,1,1,15,19,-1,-1,-1,-1,-1,-1,7,15,29,68,94,15,81,67,22,7.49,3.06,5.95,2.12,/clubs/club-internacional-de-futbol-miami-677446,teams/usa-club-internacional-de-futbol-miami.png,Inter Miami,/clubs/new-york-red-bulls-4,teams/usa-new-york-red-bulls.png,New York RB,1.35,0.94,1.71,0.5,1.07,1.07,93,86,72,32,7,27,27,20,1.21,1.33,2.54,/usa/new-york-red-bulls-vs-club-internacional-de-futbol-miami-h2h-stats#4926149,8777,34,True,False,False,False,False,False,False,[],['52']
MLS,2023,8777,4926150,2,8043,2023,complete,96848,0,-1,['64'],"['38', '59', '70']",1,3,4,5,0,5,2,2,7,4,0,0,6,5,7,5,13,10,10,17,60,40,7,27505,40182,,,7,4,2.46,3.55,2.75,1.06,1.33,1.9,3.4,6.0,8.0,3.25,1.8,1.3,1.11,1.8,1.91,3.3,1.28,3.6,1.25,1.2,1.3,1.95,2.88,2.2,3.1,2.7,2.4,3.0,0,0,1.24,1.46,1.9,2.37,3.3,3.5,2.45,1.9,1.47,1.27,1.75,8.0,2.44,1.67,10.0,2.5,3.1,6.5,1.36,2.62,6.5,15.0,3.0,1.44,1.1,1.02,1.29,2.1,4.5,10.0,3.5,1.67,1.17,1.04,0,0,0,0,4,0,1,1,2,3,1,1685575800,8043,0,67,25,42,0,-1,2,1,4,0,1,0,4,1,1,2,6,2,3,8,1,39,19,116,81,1.53,1.13,2.66,0,1,0,1,0,0,1,1,0,0,0,0,0,0,1,6,6,-1,-1,-1,-1,-1,-1,25,42,50,67,92,50,75,67,42,7.84,4.16,4.5,2.92,/clubs/new-york-city-fc-2,teams/usa-new-york-city-fc.png,New York City,/clubs/fc-cincinnati-8043,teams/usa-fc-cincinnati.png,FC Cincinnati,1.76,1.61,2.17,1.5,1.14,2.36,75,59,50,34,9,58,42,25,1.49,1.45,2.94,/usa/new-york-city-fc-vs-fc-cincinnati-h2h-stats#4926150,8777,34,True,True,True,True,False,False,True,['64'],"['38', '59', '70']"
MLS,2023,8777,4926151,16,711351,2023,complete,96848,0,-1,['70'],[],1,0,1,5,6,11,4,0,1,1,0,0,4,2,8,3,12,5,17,10,46,54,15,12,44668,,,1,1,1.78,4.0,4.2,1.03,1.2,1.55,2.3,5.5,13.0,4.0,2.4,1.55,1.14,1.75,2.0,2.4,1.5,5.5,1.11,1.15,1.22,2.3,2.2,2.4,5.0,2.0,2.7,4.75,0,0,1.24,1.46,1.9,2.4,3.3,3.5,2.45,1.9,1.47,1.27,1.69,8.0,2.54,1.52,15.0,2.72,2.75,8.5,1.3,2.6,5.5,19.0,3.4,1.52,1.12,1.01,1.2,1.9,3.75,8.5,4.33,1.8,1.25,1.05,0,0,0,0,1,0,0,1,0,1,0,1685575800,16,0,57,22,14,0,-1,2,1,3,2,2,4,5,6,0,1,1,0,1,1,1,40,31,103,99,1.33,0.7,2.03,0,0,0,0,0,0,1,1,0,0,0,1,0,0,1,9,4,-1,-1,-1,-1,-1,-1,15,43,72,72,86,43,65,79,50,9.71,5.14,5.58,2.93,/clubs/philadelphia-union-16,teams/usa-philadelphia-union.png,Philadelphia Union,/clubs/charlotte-fc-711351,teams/usa-charlotte-fc.png,Charlotte,2.17,0.94,2.0,1.43,1.71,1.4,86,57,29,29,15,50,43,43,1.6,1.08,2.68,/usa/philadelphia-union-vs-charlotte-fc-h2h-stats#4926151,8777,35,True,False,False,False,False,False,False,['70'],[]
MLS,2023,8777,4926152,19,7,2023,complete,96848,0,-1,[],[],0,0,0,7,4,11,1,1,1,1,0,0,7,1,12,4,19,5,16,14,57,43,20,211,21081,,,1,1,2.15,3.4,3.4,1.04,1.25,1.9,2.75,4.75,10.0,3.75,1.9,1.4,1.15,1.67,2.1,2.75,1.39,3.9,1.22,1.3,1.29,1.7,2.65,2.15,3.8,2.4,2.55,3.4,0,0,1.24,1.46,1.93,2.37,3.3,3.5,2.45,1.88,1.47,1.27,1.75,8.0,2.52,1.75,11.5,2.25,3.8,5.8,1.33,2.5,5.5,13.0,3.25,1.5,1.12,1.02,1.22,2.0,4.0,8.0,4.0,1.73,1.22,1.06,0,0,0,0,0,0,0,0,0,0,0,1685575800,-1,0,59,23,38,0,-1,2,1,4,2,3,2,6,5,1,1,0,0,2,0,1,52,36,104,77,2.06,0.66,2.72,0,0,0,0,0,0,1,1,0,0,0,0,0,0,1,1,4,-1,-1,-1,-1,-1,-1,17,29,61,79,94,29,73,94,67,8.05,4.05,5.5,2.88,/clubs/toronto-fc-19,teams/canada-toronto-fc.png,Toronto,/clubs/chicago-fire-7,teams/usa-chicago-fire.png,Chicago Fire,1.06,0.88,1.63,0.67,1.07,1.14,84,71,40,21,7,71,44,23,1.3,1.02,2.32,/usa/chicago-fire-vs-toronto-fc-h2h-stats#4926152,8777,34,False,False,False,False,False,False,False,[],[]
MLS,2023,8777,4926153,698284,1015,2023,complete,96848,0,-1,"['19', '82']",['26'],2,1,3,4,7,11,0,7,1,0,0,0,6,7,6,14,12,21,11,10,54,46,24,2339,5,,,1,0,2.41,3.5,2.85,1.03,1.25,1.81,3.1,5.5,13.0,3.75,2.01,1.38,1.14,1.65,2.2,2.9,1.36,4.0,1.2,1.47,1.25,1.57,3.1,2.2,3.3,2.8,2.6,3.0,0,0,1.15,1.33,1.6,2.05,2.7,4.5,2.9,2.1,1.65,1.38,1.64,8.5,2.66,1.9,13.0,2.0,3.4,6.5,1.36,2.65,6.5,19.0,3.1,1.44,1.1,1.02,1.2,2.0,4.2,9.5,4.2,1.75,1.2,1.04,0,0,0,0,3,1,1,1,0,1,2,1685579400,698284,0,41,21,27,0,-1,2,1,4,3,0,4,7,4,0,0,1,0,0,1,1,41,68,116,75,1.49,2.29,3.78,0,0,0,0,0,0,1,1,0,0,2,0,0,0,1,16,16,-1,-1,-1,1,0,1,14,21,40,47,93,34,41,93,27,9.95,4.59,3.5,2.13,/clubs/austin-fc-698284,teams/usa-austin-fc.png,Austin,/clubs/minnesota-united-fc-1015,teams/usa-minnesota-united-fc.png,Minnesota United,1.47,1.18,1.29,1.5,1.14,1.36,87,80,61,54,7,67,55,55,1.35,1.07,2.42,/usa/minnesota-united-fc-vs-austin-fc-h2h-stats#4926153,8777,34,True,True,True,False,False,False,True,"['19', '82']",['26']
MLS,2023,8777,4926154,8,13,2023,complete,96848,0,-1,"['41', '60']",['90+1'],2,1,3,5,2,7,2,2,1,1,0,0,5,4,11,5,16,9,6,13,52,48,5016,18,21189,,,1,1,2.13,3.6,3.35,1.04,1.28,1.92,3.1,6.0,12.0,3.6,1.78,1.36,1.12,1.7,2.1,3.0,1.33,3.9,1.22,1.3,1.25,1.75,2.75,2.2,3.75,2.45,2.55,3.6,0,0,1.3,1.55,1.98,2.7,3.8,3.1,2.2,1.68,1.39,1.21,1.45,8.5,3.28,1.75,13.0,2.15,3.8,5.8,1.38,2.75,6.5,21.0,3.0,1.42,1.09,1.02,1.22,2.05,4.2,10.0,4.2,1.75,1.2,1.03,0,0,0,0,3,1,0,1,1,2,1,1685583300,8,0,45,24,22,0,-1,2,1,3,1,2,1,4,3,1,0,0,1,1,1,1,55,43,109,95,1.76,1.17,2.93,0,0,0,0,0,0,1,1,0,0,1,0,0,0,1,14,11,-1,-1,-1,-1,-1,-1,17,24,40,62,85,41,62,62,38,9.47,3.69,4.97,2.27,/clubs/sporting-kansas-city-8,teams/usa-sporting-kansas-city.png,Sporting KC,/clubs/fc-dallas-13,teams/usa-fc-dallas.png,FC Dallas,1.74,0.95,1.17,1.29,0.87,1.64,84,77,61,38,16,55,32,32,1.56,1.25,2.81,/usa/sporting-kansas-city-vs-fc-dallas-h2h-stats#4926154,8777,37,True,True,True,False,False,False,True,"['41', '60']",['90+1']
MLS,2023,8777,4926155,14,10,2023,complete,96848,0,-1,"['51', '67']","['45+4', '72', '74']",2,3,5,8,4,12,2,0,4,1,0,0,8,4,13,7,21,11,21,13,46,54,13967,8,2,,,4,1,1.96,3.65,3.75,1.03,1.22,1.8,2.63,4.5,13.0,3.8,2.0,1.43,1.17,1.57,2.25,3.2,1.3,4.33,1.18,1.33,1.3,1.73,2.5,2.3,3.75,2.35,2.65,3.6,0,0,1.24,1.46,1.93,2.37,3.3,3.5,2.45,1.88,1.47,1.27,1.85,8.0,2.28,1.73,12.0,2.3,3.9,5.8,1.33,2.4,5.5,17.0,3.0,1.5,1.11,1.02,1.18,1.9,3.75,8.5,4.5,1.85,1.25,1.05,0,0,0,0,5,0,1,2,2,4,1,1685583000,10,0,29,14,7,0,-1,2,1,4,2,4,2,6,6,0,0,4,1,0,5,1,61,37,119,74,2.32,1.24,3.57,0,1,0,1,0,0,1,1,0,0,0,0,0,0,1,19,13,-1,-1,-1,1,0,1,0,29,57,71,71,29,57,57,43,10.86,4.72,5.57,2.29,/clubs/real-salt-lake-14,teams/usa-real-salt-lake.png,Real Salt Lake,/clubs/la-galaxy-10,teams/usa-la-galaxy.png,LA Galaxy,1.28,0.71,1.14,0.29,1.14,0.64,100,72,43,29,29,50,36,29,1.74,1.11,2.85,/usa/la-galaxy-vs-real-salt-lake-h2h-stats#4926155,8777,34,True,True,True,True,True,False,True,"['51', '67']","['45+4', '72', '74']"
MLS,2023,8777,4926156,6490,945555,2023,complete,96848,0,-1,"['72', '82', '90+2']",[],3,0,3,4,5,9,2,0,2,2,0,0,3,2,5,5,8,7,14,9,59,41,13893,39588,36880,,,2,2,1.48,4.33,5.5,1.02,1.13,1.5,2.16,3.6,19.0,5.0,2.48,1.63,1.25,1.57,2.3,2.63,1.43,6.5,1.08,1.18,1.21,2.57,2.06,2.71,5.35,1.8,2.85,4.4,0,0,1.22,1.42,1.74,2.23,3.0,4.0,2.75,2.02,1.61,1.35,1.45,9.0,3.32,1.48,15.0,2.8,2.9,11.0,1.25,2.25,4.65,13.0,3.7,1.68,1.18,1.04,1.14,1.68,2.95,6.5,6.0,2.07,1.33,1.1,0,0,0,0,3,0,0,3,0,3,0,1689215400,6490,0,53,29,33,0,-1,2,1,3,2,1,3,5,4,2,0,0,2,2,2,1,54,54,121,97,1.12,0.98,2.1,0,0,0,0,0,0,1,1,0,0,1,0,0,0,1,12,20,-1,-1,-1,-1,-1,-1,14,29,58,77,96,33,71,73,63,11.86,2.7,4.42,2.72,/clubs/los-angeles-fc-6490,teams/usa-los-angeles-fc.png,Los Angeles FC,/clubs/st-louis-city-sc-945555,teams/usa-st-louis-city-sc.png,St. Louis City,2.05,1.17,1.91,1.6,1.57,1.81,86,72,43,24,5,72,57,57,1.8,1.28,3.08,/usa/los-angeles-fc-vs-st-louis-city-sc-h2h-stats#4926156,8777,36,True,True,True,False,False,False,False,"['72', '82', '90+2']",[]
MLS,2023,8777,4926157,18,15,2023,complete,96848,0,-1,[],['48'],0,1,1,10,2,12,2,0,3,2,0,0,8,3,23,6,31,9,12,9,63,37,13851,25,12956,,,3,2,1.71,4.0,4.6,1.02,1.22,1.72,2.95,5.0,17.0,4.2,2.1,1.42,1.16,1.72,2.1,2.55,1.44,5.0,1.14,1.2,1.18,2.25,2.2,2.45,4.75,2.05,2.75,4.5,0,0,1.18,1.35,1.63,2.1,2.8,4.2,2.8,2.05,1.61,1.35,1.51,8.5,3.07,1.52,15.0,2.6,2.8,9.0,1.3,2.55,6.0,17.0,3.5,1.5,1.11,1.03,1.2,1.95,4.0,9.0,4.33,1.8,1.22,1.04,0,0,0,0,1,0,0,0,1,1,0,1685586600,15,0,56,7,42,0,-1,2,1,1,1,9,1,2,10,2,0,1,2,2,3,1,74,31,143,69,3.04,1.01,4.05,0,0,0,0,0,0,1,1,0,0,0,1,0,0,1,20,15,-1,-1,-1,-1,-1,-1,0,21,68,82,94,27,67,88,62,11.32,3.29,4.32,2.64,/clubs/seattle-sounders-fc-18,teams/usa-seattle-sounders-fc.png,Seattle Sounders,/clubs/san-jose-earthquakes-15,teams/usa-san-jose-earthquakes.png,SJ Earthquakes,1.65,0.78,2.0,0.29,1.73,1.36,100,80,32,19,7,86,73,73,1.44,1.11,2.55,/usa/san-jose-earthquakes-vs-seattle-sounders-fc-h2h-stats#4926157,8777,35,True,False,False,False,False,False,False,[],['48']
MLS,2023,8777,4926158,5,6,2023,complete,96848,0,-1,"['1', '18', '46', '59', '88', '90+5']","['8', '16']",6,2,8,3,2,5,3,1,3,3,0,1,7,7,9,9,16,16,12,8,47,53,14023,41087,20,,,3,5,1.81,4.0,4.4,1.02,1.22,1.82,2.7,4.75,13.0,3.8,2.06,1.4,1.15,1.73,2.0,2.63,1.43,5.0,1.13,1.22,1.29,2.0,2.3,2.2,4.33,2.15,2.65,4.2,0,0,1.21,1.4,1.71,2.2,3.0,3.9,2.65,1.95,1.55,1.31,1.34,9.5,3.86,1.57,12.0,2.63,3.1,7.5,1.33,2.4,5.5,19.0,3.0,1.5,1.11,1.01,1.2,2.0,4.2,9.5,4.33,1.75,1.2,1.04,0,0,0,0,8,2,2,4,0,4,4,1685586600,5,0,55,31,24,0,-1,2,1,3,1,0,1,4,1,1,0,2,4,1,6,1,46,30,97,105,1.83,1.72,3.56,0,0,0,0,0,0,1,1,1,1,0,1,0,0,1,15,16,-1,-1,-1,1,0,1,15,15,47,77,93,38,69,77,47,13.5,2.4,3.6,2.45,/clubs/vancouver-whitecaps-fc-5,teams/canada-vancouver-whitecaps-fc.png,Vancouver Whitecaps,/clubs/houston-dynamo-6,teams/usa-houston-dynamo.png,Houston Dynamo,1.67,0.79,2.0,0.33,1.21,1.38,86,86,54,23,7,68,68,60,1.87,1.15,3.02,/usa/vancouver-whitecaps-fc-vs-houston-dynamo-h2h-stats#4926158,8777,36,True,True,True,True,True,True,True,"['1', '18', '46', '59', '88', '90+5']","['8', '16']"
MLS,2023,8777,4926159,2,11,2023,complete,96848,0,-1,[],[],0,0,0,7,4,11,3,3,1,2,1,0,5,2,6,6,11,8,13,17,54,46,13812,27505,21032,,,3,2,1.85,3.3,3.6,1.03,1.25,1.75,3.0,5.5,13.0,3.75,1.95,1.38,1.14,1.7,2.15,2.7,1.4,4.4,1.18,1.25,1.29,1.83,2.4,2.2,3.9,2.25,2.4,3.75,0,0,1.19,1.39,1.74,2.13,2.78,3.95,2.76,2.05,1.67,1.36,1.55,9.7,2.9,1.57,11.0,2.5,3.3,6.5,1.36,2.65,6.5,19.0,3.2,1.45,1.1,1.02,1.2,1.95,4.0,9.0,4.33,1.8,1.22,1.05,0,0,0,0,0,0,0,0,0,0,0,1685820600,-1,0,68,14,41,0,-1,2,1,4,2,3,2,6,5,0,1,2,1,1,3,1,46,44,93,91,1.38,0.97,2.35,0,0,0,0,0,0,1,1,0,0,0,0,0,0,1,17,13,-1,-1,-1,-1,-1,-1,14,41,67,87,100,34,75,87,60,8.74,4.09,4.89,3.15,/clubs/new-york-city-fc-2,teams/usa-new-york-city-fc.png,New York City,/clubs/new-england-revolution-11,teams/usa-new-england-revolution.png,New England Revolution,1.76,0.83,1.86,1.38,1.07,1.73,87,59,34,14,0,73,53,32,1.5,1.22,2.72,/usa/new-york-city-fc-vs-new-england-revolution-h2h-stats#4926159,8777,34,False,False,False,False,False,False,False,[],[]
MLS,2023,8777,4926160,18,20,2023,complete,96848,0,-1,[],[],0,0,0,5,5,10,2,6,1,3,0,0,1,2,3,7,4,9,8,19,61,39,3,25,7206,,,1,3,1.5,3.8,5.5,1.02,1.22,1.67,2.9,5.0,15.0,4.2,2.1,1.42,1.16,1.8,1.95,2.25,1.57,5.75,1.12,1.11,1.22,2.45,2.1,2.4,5.5,1.85,2.6,5.0,0,0,1.14,1.29,1.59,1.93,2.38,4.65,3.14,2.23,1.85,1.5,1.31,11.0,4.2,1.45,11.0,3.25,2.5,10.0,1.33,2.55,6.0,17.0,3.3,1.47,1.11,1.03,1.2,1.95,4.0,8.0,4.33,1.8,1.22,1.06,0,0,0,0,0,0,0,0,0,0,0,1685824200,-1,0,49,7,37,0,-1,2,1,1,1,4,4,2,8,0,1,1,2,1,3,1,52,30,97,103,0.71,0.94,1.65,0,0,0,0,0,0,1,1,0,0,0,0,0,1,-1,-1,-1,-1,-1,-1,-1,-1,-1,19,25,54,66,89,30,53,83,54,10.11,3.13,4.02,2.57,/clubs/seattle-sounders-fc-18,teams/usa-seattle-sounders-fc.png,Seattle Sounders,/clubs/portland-timbers-20,teams/usa-portland-timbers.png,Portland Timbers,1.65,0.76,1.78,0.63,1.63,1.07,82,76,47,35,12,82,70,70,1.62,1.03,2.65,/usa/seattle-sounders-fc-vs-portland-timbers-h2h-stats#4926160,8777,34,False,False,False,False,False,False,False,[],[]
MLS,2023,8777,4926161,8043,7,2023,complete,96848,0,-1,['83'],[],1,0,1,7,5,12,1,4,2,3,0,0,1,0,8,2,9,2,12,7,49,51,11,40182,21081,,,2,3,1.5,3.8,5.5,1.04,1.22,1.67,2.62,4.5,10.0,4.0,2.1,1.44,1.17,1.73,2.0,2.25,1.57,5.75,1.12,1.17,1.22,2.2,2.1,2.38,4.5,1.95,2.6,4.5,0,0,1.26,1.56,1.92,2.36,3.28,3.34,2.28,1.87,1.51,1.27,1.55,9.2,2.94,1.52,10.0,2.6,2.8,8.5,1.34,2.58,6.4,12.0,3.1,1.47,1.1,1.03,1.21,2.0,4.04,8.0,4.14,1.76,1.22,1.06,0,0,0,0,1,0,0,1,0,1,0,1685835000,8043,0,54,27,41,0,25513,2,1,5,3,2,2,8,4,0,1,2,2,1,4,1,37,45,117,90,0.92,0.47,1.39,0,0,0,0,0,0,1,1,0,0,0,1,0,0,1,4,6,-1,-1,-1,-1,-1,-1,21,21,67,67,93,34,67,87,55,6.67,3.25,5.52,2.75,/clubs/fc-cincinnati-8043,teams/usa-fc-cincinnati.png,FC Cincinnati,/clubs/chicago-fire-7,teams/usa-chicago-fire.png,Chicago Fire,2.35,0.88,3.0,0.71,2.4,1.13,80,80,34,34,7,48,41,34,1.2,0.97,2.17,/usa/chicago-fire-vs-fc-cincinnati-h2h-stats#4926161,8777,34,True,False,False,False,False,False,False,['83'],[]
MLS,2023,8777,4926162,9,711351,2023,complete,96848,0,-1,"['5', '21', '43', '59']","['56', '58']",4,2,6,4,2,6,5,1,1,3,0,0,8,4,8,3,16,7,10,15,49,51,58,39282,44668,,,1,3,1.67,3.6,4.2,1.02,1.2,1.6,2.7,4.75,15.0,4.33,2.2,1.47,1.18,1.65,2.2,2.65,1.41,5.5,1.13,1.18,1.22,2.1,2.15,2.38,4.2,2.0,2.6,4.2,0,0,1.25,1.55,1.89,2.33,3.2,3.42,2.3,1.9,1.53,1.28,1.46,9.5,3.3,1.52,17.0,2.55,3.1,8.0,1.3,2.4,5.5,15.0,3.5,1.53,1.12,1.02,1.17,1.87,3.64,7.5,4.64,1.88,1.26,1.07,0,0,0,0,6,3,0,1,2,3,3,1685837340,9,0,63,19,26,0,-1,2,1,2,2,2,0,4,2,0,1,1,2,1,3,1,38,40,75,96,1.84,1.02,2.86,0,0,0,0,0,0,1,1,1,0,0,0,0,0,1,15,17,-1,-1,-1,-1,-1,-1,13,50,69,88,100,57,82,82,57,10.13,2.63,4.5,3.32,/clubs/columbus-crew-9,teams/usa-columbus-crew.png,Columbus Crew,/clubs/charlotte-fc-711351,teams/usa-charlotte-fc.png,Charlotte,2.45,0.94,2.13,1.25,1.4,1.31,88,50,32,13,0,50,44,32,1.8,1.03,2.83,/usa/columbus-crew-vs-charlotte-fc-h2h-stats#4926162,8777,35,True,True,True,True,True,True,True,"['5', '21', '43', '59']","['56', '58']"
MLS,2023,8777,4926163,677446,13401,2023,complete,96848,0,-1,['90+2'],"['76', '90']",1,2,3,5,6,11,3,3,4,2,1,0,1,6,2,13,3,19,16,8,35,65,42,48538,38056,,,6,2,2.1,3.3,2.9,1.04,1.22,1.67,2.62,4.5,10.0,4.0,2.1,1.44,1.17,1.62,2.2,3.2,1.3,4.1,1.2,1.36,1.25,1.65,2.62,2.25,3.3,2.5,2.4,3.2,0,0,1.33,1.69,2.12,2.45,3.74,2.93,2.14,1.71,1.47,1.21,1.74,8.7,2.48,1.75,15.0,2.1,4.0,5.8,1.32,2.49,5.95,12.0,3.22,1.5,1.11,1.03,1.19,1.92,3.82,8.0,4.44,1.83,1.24,1.06,0,0,0,0,3,0,0,1,2,3,0,1685835000,13401,0,50,19,38,0,-1,2,1,3,3,2,3,6,5,2,2,3,0,4,3,1,17,65,60,124,0.39,2.09,2.48,0,0,0,0,0,0,1,1,0,0,1,0,1,0,1,3,1,-1,-1,-1,-1,-1,-1,13,25,50,69,88,32,63,69,44,8.26,3.88,4.76,2.44,/clubs/club-internacional-de-futbol-miami-677446,teams/usa-club-internacional-de-futbol-miami.png,Inter Miami,/clubs/dc-united-13401,teams/usa-dc-united.png,DC United,1.35,0.94,1.5,1.0,1.0,1.25,88,75,50,32,13,44,38,26,1.21,1.32,2.53,/usa/dc-united-vs-club-internacional-de-futbol-miami-h2h-stats#4926163,8777,34,True,True,True,False,False,False,True,['90+2'],"['76', '90']"
MLS,2023,8777,4926164,4,17,2023,complete,96848,0,-1,[],"['18', '51', '72']",0,3,3,8,2,10,0,1,3,3,1,0,2,5,5,2,7,7,20,15,52,48,13864,13006,21031,,,4,3,2.05,3.1,3.3,1.07,1.33,2.05,3.5,6.5,7.5,3.25,1.7,1.29,1.1,1.8,1.91,2.6,1.44,3.6,1.25,1.25,1.33,1.7,2.62,2.05,3.8,2.45,2.25,3.7,0,0,1.33,1.68,2.07,2.76,3.74,2.93,2.12,1.71,1.39,1.21,1.44,9.4,3.42,1.72,10.5,2.35,3.3,5.8,1.4,2.75,7.0,15.0,2.75,1.4,1.08,1.02,1.3,2.25,4.75,10.0,3.4,1.6,1.15,1.04,0,0,0,0,3,0,1,0,2,2,1,1685835000,17,0,70,16,40,0,-1,2,1,1,0,7,2,1,9,2,1,2,2,3,4,1,63,28,101,90,1.05,1.01,2.05,0,1,0,1,0,0,1,1,0,0,0,0,0,0,-1,-1,-1,-1,-1,-1,-1,-1,-1,0,17,48,79,93,24,47,70,63,9.0,3.4,4.03,2.36,/clubs/new-york-red-bulls-4,teams/usa-new-york-red-bulls.png,New York RB,/clubs/orlando-city-sc-17,teams/usa-orlando-city-sc.png,Orlando City,1.58,1.89,1.71,1.83,1.19,1.43,100,84,52,22,7,48,32,25,1.49,1.1,2.59,/usa/new-york-red-bulls-vs-orlando-city-sc-h2h-stats#4926164,8777,37,True,True,True,False,False,False,False,[],"['18', '51', '72']"
MLS,2023,8777,4926165,16,1,2023,complete,96848,0,-1,"['12', '36', '61']",[],3,0,3,7,4,11,4,0,1,3,0,0,8,2,9,3,17,5,21,15,56,44,13889,12,36107,,,1,3,1.5,3.75,5.5,1.05,1.25,1.75,2.75,5.0,9.0,3.75,1.95,1.4,1.14,1.85,1.85,2.15,1.62,5.5,1.13,1.11,1.22,2.45,1.95,2.38,5.5,1.85,2.5,5.5,0,0,1.26,1.56,1.92,2.36,3.28,3.34,2.28,1.87,1.51,1.27,1.55,9.2,2.94,1.36,14.25,3.4,2.45,9.5,1.33,2.5,5.5,13.0,3.25,1.5,1.12,1.02,1.25,2.05,4.33,9.0,3.75,1.7,1.2,1.05,0,0,0,0,3,2,0,1,0,1,2,1685835000,16,0,30,18,12,0,-1,2,1,3,2,4,2,5,6,0,1,1,2,1,3,1,51,35,101,94,2.0,0.72,2.72,0,0,0,0,0,0,1,1,0,0,0,1,0,0,1,3,2,-1,-1,-1,-1,-1,-1,18,29,53,70,88,47,64,71,36,9.11,5.96,4.35,2.64,/clubs/philadelphia-union-16,teams/usa-philadelphia-union.png,Philadelphia Union,/clubs/montreal-impact-1,teams/canada-montreal-impact.png,Montreal Impact,2.17,0.47,2.13,0.44,1.8,1.27,82,71,47,31,13,54,54,54,1.56,1.06,2.62,/usa/montreal-impact-vs-philadelphia-union-h2h-stats#4926165,8777,34,True,True,True,False,False,False,False,"['12', '36', '61']",[]
MLS,2023,8777,4926166,698284,14,2023,complete,96848,0,-1,['90+2'],"['15', '81']",1,2,3,12,1,13,1,0,3,3,0,0,5,6,6,6,11,12,11,11,56,44,45098,2339,8,,,3,3,2.0,3.25,3.2,1.05,1.25,1.75,2.75,5.0,9.0,3.75,1.95,1.4,1.14,1.7,2.1,2.9,1.35,4.1,1.2,1.33,1.22,1.78,2.6,2.2,3.6,2.4,2.38,3.5,0,0,1.15,1.3,1.61,1.97,2.43,4.55,3.08,2.2,1.81,1.48,1.76,9.4,2.39,1.7,13.0,2.25,3.6,6.0,1.33,2.5,6.0,13.0,3.25,1.5,1.11,1.02,1.25,2.0,4.0,9.0,3.75,1.73,1.22,1.05,0,0,0,0,3,0,1,1,1,2,1,1685838600,14,0,54,34,20,0,-1,2,1,5,0,7,1,5,8,1,2,2,1,3,3,1,48,31,100,92,1.4,1.41,2.81,0,0,0,0,0,0,1,1,0,0,1,0,0,1,1,21,18,-1,-1,-1,1,0,1,14,27,48,68,87,41,68,80,34,10.96,2.79,4.17,2.42,/clubs/austin-fc-698284,teams/usa-austin-fc.png,Austin,/clubs/real-salt-lake-14,teams/usa-real-salt-lake.png,Real Salt Lake,1.47,1.53,1.5,1.14,1.27,1.07,87,73,53,32,14,66,52,52,1.37,1.18,2.55,/usa/real-salt-lake-vs-austin-fc-h2h-stats#4926166,8777,34,True,True,True,False,False,False,True,['90+2'],"['15', '81']"
MLS,2023,8777,4926167,13,677447,2023,complete,96848,0,-1,['25'],"['9', '77']",1,2,3,2,5,7,1,5,1,2,0,0,3,3,11,4,14,7,8,7,50,50,84,21189,24795,,,1,2,1.87,3.25,3.7,1.04,1.3,1.85,3.4,6.5,12.0,3.5,1.85,1.33,1.11,1.78,2.0,2.55,1.44,4.2,1.2,1.28,1.25,1.87,2.55,2.2,4.33,2.3,2.55,4.0,0,0,1.23,1.55,1.88,2.33,3.25,3.6,2.4,1.92,1.58,1.28,1.71,5.75,2.6,1.68,12.0,2.3,3.2,6.5,1.4,2.85,7.0,23.0,3.0,1.4,1.08,1.02,1.22,2.1,4.5,10.0,4.0,1.68,1.18,1.03,0,0,0,0,3,1,1,0,1,1,2,1685838600,677447,0,68,23,30,0,16890,2,1,0,3,2,2,3,4,1,0,0,2,1,2,1,32,32,108,91,1.33,0.9,2.23,0,0,0,0,0,0,1,1,0,1,0,0,0,0,1,18,16,-1,-1,-1,-1,-1,-1,0,7,45,77,92,31,54,92,44,11.04,4.43,4.31,2.2,/clubs/fc-dallas-13,teams/usa-fc-dallas.png,FC Dallas,/clubs/nashville-sc-mls-677447,teams/usa-nashville-sc-mls.png,Nashville SC,1.72,1.0,2.0,1.33,1.53,1.87,100,93,55,24,9,69,55,38,1.17,1.0,2.17,/usa/fc-dallas-vs-nashville-sc-mls-h2h-stats#4926167,8777,36,True,True,True,False,False,False,True,['25'],"['9', '77']"
MLS,2023,8777,4926168,1015,19,2023,complete,96848,0,-1,['89'],['58'],1,1,2,5,1,6,3,1,1,1,0,0,4,5,10,1,14,6,16,10,50,50,13851,5,211,,,1,1,1.87,3.2,3.8,1.06,1.36,2.05,3.75,7.5,10.0,3.2,1.7,1.25,1.08,1.87,1.89,2.4,1.5,3.9,1.22,1.25,1.29,1.86,2.65,2.15,4.33,2.4,2.45,4.0,0,0,1.17,1.35,1.68,2.05,2.69,4.2,2.84,2.11,1.74,1.41,1.58,9.7,2.8,1.65,10.0,2.45,3.0,6.5,1.44,3.0,8.0,15.0,2.85,1.36,1.07,1.02,1.25,2.25,5.0,12.0,3.6,1.6,1.15,1.01,0,0,0,0,2,0,0,1,1,2,0,1685838600,-1,0,55,9,30,0,-1,2,1,0,1,5,0,1,5,1,0,0,1,1,1,1,64,37,108,85,1.63,1.01,2.63,0,0,0,0,0,0,1,1,0,0,0,1,0,0,1,20,13,-1,-1,-1,1,0,1,15,15,23,62,77,16,48,61,37,8.6,3.12,3.74,1.98,/clubs/minnesota-united-fc-1015,teams/usa-minnesota-united-fc.png,Minnesota United,/clubs/toronto-fc-19,teams/canada-toronto-fc.png,Toronto,1.24,0.24,1.17,0.43,1.27,1.06,86,86,77,38,23,86,55,55,1.37,0.82,2.19,/usa/toronto-fc-vs-minnesota-united-fc-h2h-stats#4926168,8777,34,True,True,False,False,False,False,True,['89'],['58']
MLS,2023,8777,4926169,945555,6,2023,complete,96848,0,-1,"['9', '51', '83']",[],3,0,3,7,6,13,2,3,3,4,0,0,5,4,4,6,9,10,12,12,49,51,13893,36880,20,,,3,4,1.75,3.3,4.0,1.05,1.28,1.85,3.1,5.75,9.25,3.3,1.87,1.32,1.12,1.78,1.9,2.45,1.49,4.33,1.18,1.22,1.28,1.93,2.37,2.1,4.33,2.1,2.5,4.0,0,0,1.23,1.44,1.78,2.35,3.25,3.6,2.45,1.85,1.49,1.28,1.59,8.5,2.89,1.58,12.0,2.55,2.9,7.5,1.38,2.65,6.75,18.5,2.8,1.41,1.09,1.01,1.23,2.05,4.33,10.5,3.8,1.66,1.19,1.04,0,0,0,0,3,1,0,2,0,2,1,1685838600,945555,0,64,29,36,0,-1,2,1,6,1,1,5,7,6,1,3,2,1,4,3,1,43,44,93,86,1.24,1.23,2.47,2,0,2,0,0,0,1,1,1,0,1,0,0,0,1,19,24,-1,-1,-1,1,0,1,14,36,72,86,100,57,71,93,57,8.71,3.0,4.71,3.36,/clubs/st-louis-city-sc-945555,teams/usa-st-louis-city-sc.png,St. Louis City,/clubs/houston-dynamo-6,teams/usa-houston-dynamo.png,Houston Dynamo,1.94,0.79,2.14,0.29,1.92,1.29,86,65,29,14,0,43,43,36,1.48,1.23,2.71,/usa/houston-dynamo-vs-st-louis-city-sc-h2h-stats#4926169,8777,36,True,True,True,False,False,False,False,"['9', '51', '83']",[]
MLS,2023,8777,4926170,12,15,2023,complete,96848,0,-1,[],[],0,0,0,8,7,15,0,4,2,0,1,0,5,0,3,8,8,8,8,5,51,49,65601,11434,12956,,,3,0,2.0,3.25,3.2,1.05,1.25,1.75,2.75,5.0,9.0,3.75,1.95,1.4,1.14,1.6,2.27,2.9,1.35,4.1,1.2,1.25,1.25,1.67,2.6,2.2,3.6,2.4,2.38,3.5,0,0,1.2,1.39,1.69,2.06,3.0,3.9,2.65,2.1,1.72,1.32,1.52,6.5,3.0,1.67,14.0,2.38,3.6,6.0,1.33,2.5,6.0,13.0,3.25,1.5,1.11,1.02,1.25,2.0,4.0,9.0,3.75,1.73,1.22,1.05,0,0,0,0,0,0,0,0,0,0,0,1685842200,-1,0,66,21,46,0,-1,2,1,6,2,2,5,8,7,1,0,2,0,1,2,1,33,32,72,94,1.1,0.75,1.85,1,0,0,0,1,0,1,1,0,0,2,1,0,0,1,17,15,-1,-1,-1,-1,-1,-1,7,20,59,73,86,27,53,79,52,8.39,2.42,5.21,2.44,/clubs/colorado-rapids-12,teams/usa-colorado-rapids.png,Colorado Rapids,/clubs/san-jose-earthquakes-15,teams/usa-san-jose-earthquakes.png,SJ Earthquakes,1.0,0.78,0.43,0.63,0.75,1.47,93,81,41,28,15,59,46,46,1.45,1.1,2.55,/usa/colorado-rapids-vs-san-jose-earthquakes-h2h-stats#4926170,8777,34,False,False,False,False,False,False,False,[],[]
MLS,2023,8777,4926171,6490,1016,2023,complete,96848,0,-1,[],[],0,0,0,8,3,11,3,2,3,5,0,0,8,0,12,3,20,3,18,8,50,50,13893,39588,40852,,,3,5,1.63,4.1,4.6,1.02,1.2,1.55,2.38,4.75,17.0,4.5,2.36,1.57,1.18,1.65,2.2,2.7,1.4,5.5,1.11,1.2,1.25,2.2,2.2,2.4,4.75,2.0,2.85,4.33,0,0,1.15,1.29,1.45,1.8,2.27,5.0,3.4,2.55,1.9,1.56,1.39,8.0,4.06,1.53,15.0,2.7,3.1,8.5,1.25,2.2,4.75,15.0,3.3,1.6,1.15,1.01,1.16,1.83,3.75,8.0,4.75,1.9,1.25,1.06,0,0,0,0,0,0,0,0,0,0,0,1686191400,-1,0,78,21,63,0,-1,2,1,7,1,1,0,8,1,2,1,1,4,3,5,1,72,27,137,94,2.35,0.4,2.75,1,0,0,0,1,0,1,1,0,0,1,0,0,0,1,22,19,-1,-1,-1,-1,-1,-1,21,42,79,100,100,36,88,86,79,13.38,4.13,4.13,3.61,/clubs/los-angeles-fc-6490,teams/usa-los-angeles-fc.png,Los Angeles FC,/clubs/atlanta-united-fc-1016,teams/usa-atlanta-united-fc.png,Atlanta United FC,2.05,0.89,2.67,0.88,2.08,1.5,79,59,21,0,0,78,65,40,1.86,1.19,3.05,/usa/atlanta-united-fc-vs-los-angeles-fc-h2h-stats#4926171,8777,37,False,False,False,False,False,False,False,[],[]
MLS,2023,8777,4926172,5,8,2023,complete,96848,0,-1,['88'],['20'],1,1,2,4,5,9,6,0,4,3,0,0,3,2,3,5,6,7,13,7,55,45,19912,41087,18,,,4,3,1.85,3.4,3.5,1.04,1.22,1.67,2.85,5.0,13.0,4.2,2.1,1.42,1.16,1.65,2.2,2.87,1.36,4.6,1.17,1.28,1.22,1.87,2.55,2.3,4.0,2.2,2.5,3.7,0,0,1.2,1.47,1.74,2.12,3.4,3.5,2.4,2.09,1.71,1.26,1.8,6.0,2.33,1.57,15.0,2.5,3.4,7.0,1.33,2.55,5.5,19.0,3.3,1.47,1.11,1.03,1.22,1.9,4.0,8.5,4.0,1.83,1.22,1.05,0,0,0,0,2,0,1,1,0,1,1,1685845800,-1,0,47,25,7,0,-1,2,1,1,3,3,2,4,5,1,1,3,2,2,5,1,45,49,118,97,0.93,0.95,1.88,1,0,1,0,0,0,1,1,0,0,0,0,0,1,1,18,11,-1,-1,-1,-1,-1,-1,19,25,53,71,83,53,77,66,36,14.47,3.08,3.63,2.68,/clubs/vancouver-whitecaps-fc-5,teams/canada-vancouver-whitecaps-fc.png,Vancouver Whitecaps,/clubs/sporting-kansas-city-8,teams/usa-sporting-kansas-city.png,Sporting KC,1.67,0.95,2.13,0.67,1.33,1.0,82,76,47,29,18,66,66,66,1.87,1.33,3.2,/usa/vancouver-whitecaps-fc-vs-sporting-kansas-city-h2h-stats#4926172,8777,36,True,True,False,False,False,False,True,['88'],['20']
MLS,2023,8777,4926173,1016,13401,2023,complete,96848,0,-1,"['13', '49', '73']",['27'],3,1,4,7,4,11,3,3,2,3,0,0,4,6,3,4,7,10,15,11,51,49,45125,40852,38056,,,2,3,1.6,4.2,4.75,1.03,1.2,1.53,2.25,4.33,11.0,4.33,2.35,1.5,1.2,1.62,2.2,2.8,1.38,5.5,1.13,1.18,1.22,2.15,2.15,2.38,4.2,2.05,2.6,4.0,0,0,1.25,1.47,1.85,2.4,3.4,3.5,2.4,1.95,1.46,1.26,1.45,6.75,3.25,1.55,14.0,2.45,3.25,8.5,1.29,2.3,4.75,11.0,3.5,1.57,1.15,1.03,1.16,1.8,3.44,7.0,4.9,1.95,1.29,1.08,0,0,0,0,4,1,1,2,0,2,2,1686439800,1016,0,66,6,54,0,42539,2,1,6,1,1,3,7,4,1,0,1,3,1,4,1,24,46,74,100,0.9,1.39,2.3,0,0,0,0,0,0,1,1,0,0,3,0,0,0,1,4,2,-1,-1,-1,-1,-1,-1,18,36,66,78,89,29,66,78,72,9.78,4.21,4.71,2.98,/clubs/atlanta-united-fc-1016,teams/usa-atlanta-united-fc.png,Atlanta United FC,/clubs/dc-united-13401,teams/usa-dc-united.png,DC United,2.06,0.94,2.13,1.22,1.47,1.35,82,64,35,23,11,65,35,29,1.71,1.41,3.12,/usa/atlanta-united-fc-vs-dc-united-h2h-stats#4926173,8777,34,True,True,True,True,False,False,True,"['13', '49', '73']",['27']
MLS,2023,8777,4926174,711351,18,2023,complete,96848,0,-1,"['17', '53', '89']","['11', '35', '70']",3,3,6,2,0,2,1,3,4,1,0,0,3,6,4,0,7,6,15,6,55,45,19912,44668,25,,,4,1,2.6,3.2,2.7,1.05,1.33,2.03,3.5,6.5,11.0,3.3,1.83,1.3,1.1,1.75,2.0,3.0,1.34,3.3,1.29,1.44,1.28,1.55,3.1,2.1,3.1,2.88,2.25,3.0,0,0,1.25,1.47,1.85,2.4,3.4,3.5,2.4,1.95,1.46,1.26,1.83,5.75,2.35,1.9,8.5,2.1,4.33,4.5,1.44,2.99,7.5,15.0,2.9,1.42,1.08,1.02,1.25,2.15,4.75,11.0,3.75,1.65,1.17,1.02,0,0,0,0,6,1,2,2,1,3,3,1686439800,-1,0,53,20,20,0,-1,2,1,2,0,0,0,2,0,0,0,4,1,0,5,1,48,34,110,108,1.01,1.06,2.08,0,0,0,0,0,0,1,1,0,0,0,0,0,0,1,1,7,-1,-1,-1,-1,-1,-1,21,27,53,66,93,34,59,81,34,9.81,2.99,4.27,2.59,/clubs/charlotte-fc-711351,teams/usa-charlotte-fc.png,Charlotte,/clubs/seattle-sounders-fc-18,teams/usa-seattle-sounders-fc.png,Seattle Sounders,1.53,1.44,1.38,1.43,1.24,1.59,80,73,48,34,7,66,47,27,1.19,1.14,2.33,/usa/seattle-sounders-fc-vs-charlotte-fc-h2h-stats#4926174,8777,35,True,True,True,True,True,True,True,"['17', '53', '89']","['11', '35', '70']"
MLS,2023,8777,4926175,1,1015,2023,complete,96848,0,-1,"['7', '13', '57', '76']",[],4,0,4,7,9,16,2,3,4,2,0,0,8,4,2,7,10,11,12,7,46,54,5016,36107,5,,,4,2,2.05,3.5,3.4,1.04,1.29,1.84,3.0,5.5,12.0,3.3,2.02,1.33,1.11,1.73,2.0,2.85,1.37,4.0,1.21,1.33,1.3,1.73,2.5,2.2,3.7,2.3,2.4,3.6,0,0,1.25,1.47,1.9,2.4,3.4,3.5,2.4,1.9,1.46,1.26,1.54,6.0,3.0,1.78,10.0,2.3,3.6,6.0,1.38,2.8,6.0,23.0,2.8,1.38,1.09,1.02,1.22,2.1,4.5,10.0,4.0,1.68,1.18,1.03,0,0,0,0,4,2,0,2,0,2,2,1686439800,1,0,31,11,20,0,-1,2,1,3,3,4,6,6,10,1,0,3,2,1,5,1,29,57,102,101,1.41,1.39,2.8,0,0,0,0,0,0,1,1,1,0,0,0,0,0,1,3,7,-1,-1,-1,-1,-1,-1,14,14,37,62,100,22,39,100,36,8.45,4.16,4.5,2.25,/clubs/montreal-impact-1,teams/canada-montreal-impact.png,Montreal Impact,/clubs/minnesota-united-fc-1015,teams/usa-minnesota-united-fc.png,Minnesota United,1.94,1.18,2.5,1.33,1.19,1.25,86,86,64,39,0,59,39,39,1.21,1.21,2.42,/usa/montreal-impact-vs-minnesota-united-fc-h2h-stats#4926175,8777,34,True,True,True,True,False,False,False,"['7', '13', '57', '76']",[]
MLS,2023,8777,4926176,11,677446,2023,complete,96848,0,-1,"['27', '34', '51']",['84'],3,1,4,4,3,7,2,3,2,5,0,0,5,5,2,7,7,12,12,8,44,56,65601,21032,48538,,,2,5,1.65,3.8,5.0,1.02,1.22,1.67,2.63,4.75,15.0,3.8,2.1,1.43,1.15,1.73,2.0,2.3,1.53,6.0,1.11,1.18,1.25,2.2,2.05,2.38,4.6,1.85,2.6,5.0,0,0,1.25,1.47,1.88,2.45,3.4,3.4,2.4,1.93,1.46,1.26,1.27,7.5,4.65,1.53,11.0,2.8,2.62,10.0,1.38,2.48,5.7,12.0,3.17,1.57,1.12,1.03,1.18,1.87,3.75,8.5,4.5,1.87,1.25,1.05,0,0,0,0,4,2,0,1,1,2,2,1686439800,11,0,43,22,22,0,-1,2,1,2,1,2,2,3,4,0,2,2,3,2,5,1,38,44,103,122,1.08,1.44,2.52,1,1,1,1,0,0,1,1,0,0,1,0,0,0,1,8,4,-1,-1,-1,-1,-1,-1,7,15,43,65,100,36,64,72,43,8.57,2.42,3.0,2.36,/clubs/new-england-revolution-11,teams/usa-new-england-revolution.png,New England Revolution,/clubs/club-internacional-de-futbol-miami-677446,teams/usa-club-internacional-de-futbol-miami.png,Inter Miami,2.22,0.65,2.14,0.43,1.69,0.94,93,86,57,36,0,57,43,36,1.44,1.17,2.61,/usa/new-england-revolution-vs-club-internacional-de-futbol-miami-h2h-stats#4926176,8777,34,True,True,True,True,False,False,True,"['27', '34', '51']",['84']
MLS,2023,8777,4926177,17,12,2023,complete,96848,0,-1,"['56', '83']",[],2,0,2,5,3,8,1,1,2,2,0,2,6,2,5,0,11,2,17,12,64,36,13812,21031,11434,,,2,5,2.0,3.5,3.5,1.05,1.29,1.86,3.0,5.25,9.0,3.4,2.0,1.33,1.13,1.74,2.04,2.55,1.44,4.4,1.18,1.24,1.27,1.95,2.58,2.3,4.63,2.2,2.58,4.1,0,0,1.25,1.47,1.95,2.4,3.4,3.5,2.4,1.85,1.46,1.26,1.4,6.75,3.55,1.65,11.0,2.5,3.2,6.5,1.39,2.86,6.6,13.0,3.13,1.45,1.09,1.02,1.22,2.05,4.3,9.0,4.04,1.73,1.2,1.05,0,0,0,0,2,0,0,2,0,2,0,1686442800,17,0,47,12,17,0,-1,2,1,2,2,3,1,4,4,1,2,1,2,3,3,1,70,19,106,59,1.62,0.41,2.04,0,0,0,0,0,0,1,1,0,0,1,0,0,1,1,16,15,-1,-1,-1,-1,-1,-1,6,35,41,71,89,24,66,89,35,9.69,3.69,3.96,2.39,/clubs/orlando-city-sc-17,teams/usa-orlando-city-sc.png,Orlando City,/clubs/colorado-rapids-12,teams/usa-colorado-rapids.png,Colorado Rapids,1.84,0.59,1.13,1.0,1.53,0.76,95,66,60,29,12,59,47,41,1.36,1.03,2.39,/usa/colorado-rapids-vs-orlando-city-sc-h2h-stats#4926177,8777,34,True,True,False,False,False,False,False,"['56', '83']",[]
MLS,2023,8777,4926178,19,677447,2023,complete,96848,0,-1,['38'],['69'],1,1,2,2,5,7,0,2,1,1,0,0,2,3,5,4,7,7,4,18,48,52,13889,211,24795,,,1,1,2.5,3.2,2.8,1.05,1.33,2.01,3.5,6.5,10.0,3.3,1.85,1.3,1.1,1.75,2.05,3.2,1.31,3.25,1.3,1.44,1.35,1.5,3.0,2.05,3.25,2.8,2.25,3.1,0,0,1.25,1.47,1.9,2.4,3.4,3.5,2.4,1.9,1.46,1.26,1.86,6.0,2.3,1.95,8.5,2.05,4.0,4.75,1.48,3.05,6.0,15.0,2.75,1.41,1.09,1.02,1.25,2.15,4.75,11.0,3.75,1.65,1.17,1.02,0,0,0,0,2,1,0,0,1,1,1,1686439800,-1,0,51,20,18,0,-1,2,1,1,2,1,3,3,4,0,1,1,0,1,1,1,42,35,96,101,0.9,0.92,1.82,0,0,0,0,0,0,1,1,0,0,1,1,0,0,1,4,5,-1,-1,-1,-1,-1,-1,0,11,38,69,82,33,57,82,29,10.4,5.07,4.03,2.0,/clubs/toronto-fc-19,teams/canada-toronto-fc.png,Toronto,/clubs/nashville-sc-mls-677447,teams/usa-nashville-sc-mls.png,Nashville SC,1.06,1.0,1.56,1.57,1.06,1.94,100,89,62,31,18,68,51,26,1.38,0.99,2.37,/usa/toronto-fc-vs-nashville-sc-mls-h2h-stats#4926178,8777,34,True,True,False,False,False,False,True,['38'],['69']
MLS,2023,8777,4926179,7,9,2023,complete,96848,0,-1,['88'],"['59', '90+3']",1,2,3,1,1,2,7,2,2,4,0,0,2,4,5,5,7,9,13,11,43,57,14023,21081,39282,,,2,4,2.3,3.5,2.88,1.03,1.19,1.67,2.8,5.25,12.0,4.3,2.1,1.4,1.14,1.57,2.25,3.6,1.27,3.6,1.22,1.45,1.25,1.47,3.0,2.25,3.25,2.63,2.6,2.88,0,0,1.26,1.5,1.88,2.5,3.5,3.3,2.35,1.77,1.44,1.24,1.86,5.75,2.3,1.8,14.25,2.05,4.2,5.5,1.33,2.63,6.5,19.0,3.25,1.44,1.11,1.02,1.18,1.83,3.75,10.0,4.5,1.83,1.25,1.06,0,0,0,0,3,0,0,1,2,3,0,1686443400,9,0,73,27,26,0,-1,2,1,1,1,0,0,2,0,1,2,1,2,3,3,1,25,50,93,139,0.78,1.23,2.01,0,0,0,0,0,0,1,1,0,0,1,0,0,0,1,22,21,-1,-1,-1,-1,-1,-1,27,41,54,81,94,34,94,81,48,8.89,1.96,4.92,3.07,/clubs/chicago-fire-7,teams/usa-chicago-fire.png,Chicago Fire,/clubs/columbus-crew-9,teams/usa-columbus-crew.png,Columbus Crew,1.47,1.15,1.5,0.57,1.06,1.5,73,60,47,20,7,40,34,20,1.06,1.29,2.35,/usa/chicago-fire-vs-columbus-crew-h2h-stats#4926179,8777,34,True,True,True,False,False,False,True,['88'],"['59', '90+3']"
MLS,2023,8777,4926180,6,6490,2023,complete,96848,0,-1,"['11', '50', '69', '89']",[],4,0,4,5,12,17,0,0,3,1,0,0,5,3,6,5,11,8,14,5,42,58,58,20,39588,,,3,1,2.38,3.6,2.7,1.01,1.2,1.67,2.7,5.0,11.0,4.0,2.1,1.4,1.13,1.62,2.2,3.7,1.23,3.5,1.26,1.62,1.25,1.42,3.25,2.25,3.0,2.88,2.6,2.6,0,0,1.14,1.33,1.6,2.0,2.7,4.64,2.9,2.1,1.65,1.38,2.35,6.0,1.8,2.1,14.25,1.8,5.5,4.2,1.33,2.63,6.5,19.0,3.25,1.44,1.11,1.02,1.18,1.83,3.75,10.0,4.5,1.83,1.25,1.06,0,0,0,0,4,1,0,3,0,3,1,1686443400,6,0,32,24,9,0,-1,2,1,5,4,0,8,9,8,0,1,3,0,1,3,1,35,53,80,110,1.3,1.11,2.41,1,0,1,0,0,0,1,1,0,0,1,0,0,0,1,16,16,-1,-1,-1,-1,-1,-1,9,9,40,55,77,32,48,77,23,9.07,3.76,4.93,1.87,/clubs/houston-dynamo-6,teams/usa-houston-dynamo.png,Houston Dynamo,/clubs/los-angeles-fc-6490,teams/usa-los-angeles-fc.png,Los Angeles FC,2.2,1.25,2.29,1.5,1.2,2.0,92,92,61,45,24,77,69,62,1.18,1.47,2.65,/usa/houston-dynamo-vs-los-angeles-fc-h2h-stats#4926180,8777,39,True,True,True,True,False,False,False,"['11', '50', '69', '89']",[]
MLS,2023,8777,4926181,8,698284,2023,complete,96848,0,-1,"['19', '47', '57', '89']",['61'],4,1,5,2,5,7,2,1,2,2,0,0,6,2,5,5,11,7,11,12,36,64,42,18,2339,,,2,2,1.95,3.6,3.6,1.01,1.2,1.6,2.6,5.2,11.0,3.9,2.2,1.42,1.12,1.62,2.2,2.8,1.37,4.5,1.17,1.27,1.25,1.72,2.5,2.3,4.0,2.2,2.65,3.6,0,0,1.25,1.47,1.83,2.4,3.4,3.5,2.4,1.8,1.46,1.26,1.37,6.75,3.8,1.57,14.0,2.5,3.6,7.0,1.33,2.63,6.5,19.0,3.25,1.44,1.11,1.02,1.18,1.83,3.75,10.0,4.5,1.83,1.25,1.06,0,0,0,0,5,1,0,3,1,4,1,1686443400,8,0,50,29,22,0,-1,2,1,2,2,0,3,4,3,0,0,2,2,0,4,1,27,42,58,115,1.31,0.9,2.21,0,0,0,0,0,0,1,1,0,0,0,0,0,0,1,17,23,-1,-1,-1,-1,-1,-1,15,22,64,86,93,43,71,79,57,9.57,3.72,3.14,2.79,/clubs/sporting-kansas-city-8,teams/usa-sporting-kansas-city.png,Sporting KC,/clubs/austin-fc-698284,teams/usa-austin-fc.png,Austin,1.74,0.82,1.43,1.0,1.0,1.19,86,79,36,15,7,72,65,65,1.59,1.08,2.67,/usa/sporting-kansas-city-vs-austin-fc-h2h-stats#4926181,8777,34,True,True,True,True,True,False,True,"['19', '47', '57', '89']",['61']
MLS,2023,8777,4926182,14,2,2023,complete,96848,0,-1,[],[],0,0,0,9,2,11,4,1,1,4,0,0,5,1,11,2,16,3,13,11,46,54,24,8,27505,,,1,4,2.2,3.5,3.0,1.05,1.27,1.88,3.03,5.75,12.75,3.85,1.98,1.39,1.14,1.7,2.05,2.95,1.34,3.9,1.22,1.4,1.28,1.7,2.75,2.2,3.75,2.4,2.55,3.25,0,0,1.25,1.47,1.83,2.4,3.4,3.5,2.4,1.8,1.46,1.26,1.66,6.0,2.65,1.67,13.0,2.3,3.9,5.5,1.36,2.75,7.0,21.0,3.0,1.4,1.1,1.02,1.2,2.0,4.33,11.0,4.33,1.73,1.2,1.05,0,0,0,0,0,0,0,0,0,0,0,1686447000,-1,0,50,13,25,0,-1,2,1,4,2,5,0,6,5,1,1,0,3,2,3,1,46,23,86,102,1.69,0.45,2.14,0,0,0,0,0,0,1,1,0,0,0,0,0,0,1,14,16,-1,-1,-1,-1,-1,-1,13,32,44,69,88,19,57,82,38,10.88,3.38,4.63,2.44,/clubs/real-salt-lake-14,teams/usa-real-salt-lake.png,Real Salt Lake,/clubs/new-york-city-fc-2,teams/usa-new-york-city-fc.png,New York City,1.28,0.65,1.0,0.38,1.19,1.06,88,69,57,32,13,50,44,38,1.81,1.01,2.82,/usa/new-york-city-fc-vs-real-salt-lake-h2h-stats#4926182,8777,34,False,False,False,False,False,False,False,[],[]
MLS,2023,8777,4926183,15,16,2023,complete,96848,0,-1,"['8', '57']",['17'],2,1,3,1,6,7,1,1,0,0,0,0,2,7,6,7,8,14,10,18,48,52,20,12956,12,,,0,0,2.15,3.4,3.2,1.04,1.25,1.67,2.91,5.45,13.5,4.0,2.1,1.42,1.15,1.67,2.1,3.2,1.3,3.7,1.24,1.4,1.33,1.57,3.0,2.2,3.4,2.6,2.6,3.0,0,0,1.2,1.4,1.71,2.2,3.0,3.9,2.65,1.95,1.55,1.31,1.8,6.0,2.35,1.73,10.0,2.2,4.0,5.5,1.36,2.63,7.0,21.0,3.0,1.44,1.1,1.02,1.2,1.91,4.0,11.0,4.33,1.8,1.22,1.05,0,0,0,0,3,1,1,1,0,1,2,1686450600,15,0,57,29,22,0,-1,2,-1,0,2,1,4,2,5,0,0,0,0,0,0,1,59,67,91,111,1.08,1.86,2.94,0,0,0,0,0,0,1,1,1,0,0,0,-1,-1,1,33,20,-1,-1,-1,1,0,2,7,22,57,71,93,36,72,86,29,9.85,4.0,5.14,2.5,/clubs/san-jose-earthquakes-15,teams/usa-san-jose-earthquakes.png,SJ Earthquakes,/clubs/philadelphia-union-16,teams/usa-philadelphia-union.png,Philadelphia Union,1.82,1.16,2.43,1.43,1.44,1.88,93,79,43,29,7,50,36,36,1.28,1.23,2.51,/usa/san-jose-earthquakes-vs-philadelphia-union-h2h-stats#4926183,8777,35,True,True,True,False,False,False,True,"['8', '57']",['17']
MLS,2023,8777,4926184,5,8043,2023,complete,96848,0,-1,['89'],['83'],1,1,2,5,2,7,1,2,2,2,0,0,3,3,5,3,8,6,15,13,53,47,13967,41087,40182,,,2,2,2.0,3.75,3.25,1.03,1.17,1.57,2.3,4.7,12.0,4.3,2.25,1.53,1.15,1.57,2.25,3.1,1.31,4.6,1.16,1.33,1.22,1.83,2.5,2.38,3.75,2.25,2.71,3.4,0,0,1.22,1.42,1.75,2.25,3.1,3.75,2.55,1.9,1.52,1.29,1.48,6.5,3.15,1.62,16.0,2.38,4.0,6.5,1.3,2.38,6.0,17.0,3.4,1.53,1.13,1.03,1.17,1.8,3.5,9.0,5.0,1.91,1.29,1.07,0,0,0,0,2,0,0,1,1,2,0,1686450600,-1,0,57,31,27,0,-1,2,1,4,2,1,0,6,1,0,1,2,1,1,3,1,41,35,102,85,1.02,0.85,1.88,1,0,1,0,0,0,1,1,0,0,0,0,0,0,1,23,20,-1,-1,-1,-1,-1,-1,31,38,44,68,88,44,75,68,44,11.35,3.65,4.18,2.99,/clubs/vancouver-whitecaps-fc-5,teams/canada-vancouver-whitecaps-fc.png,Vancouver Whitecaps,/clubs/fc-cincinnati-8043,teams/usa-fc-cincinnati.png,FC Cincinnati,1.67,1.61,2.0,1.71,1.31,2.44,69,62,57,33,13,54,48,48,1.76,1.4,3.16,/usa/vancouver-whitecaps-fc-vs-fc-cincinnati-h2h-stats#4926184,8777,36,True,True,False,False,False,False,True,['89'],['83']
MLS,2023,8777,4926185,945555,10,2023,complete,96848,0,-1,['68'],['85'],1,1,2,7,4,11,0,0,4,2,0,0,6,5,11,5,17,10,15,8,45,55,13864,36880,2,,,4,2,1.9,3.8,3.5,1.01,1.17,1.6,2.51,4.4,10.25,4.25,2.25,1.45,1.16,1.57,2.35,3.0,1.33,4.6,1.16,1.35,1.22,1.62,2.5,2.3,3.75,2.35,2.75,3.5,0,0,1.27,1.5,1.9,1.95,3.3,3.55,2.48,1.9,1.8,1.29,1.85,8.0,2.28,1.67,15.75,2.33,3.6,6.0,1.3,2.4,5.5,15.0,3.5,1.53,1.12,1.03,1.17,1.85,3.75,8.0,4.75,1.9,1.25,1.06,0,0,0,0,2,0,0,1,1,2,0,1686502800,-1,0,38,13,26,0,-1,2,1,4,1,3,3,5,6,3,0,1,2,3,3,1,78,36,131,112,2.06,1.26,3.31,0,0,0,0,0,0,1,1,0,0,1,0,1,0,1,27,17,-1,-1,-1,-1,-1,-1,13,38,69,82,88,44,69,82,57,9.76,4.26,5.13,2.94,/clubs/st-louis-city-sc-945555,teams/usa-st-louis-city-sc.png,St. Louis City,/clubs/la-galaxy-10,teams/usa-la-galaxy.png,LA Galaxy,1.94,0.71,2.25,0.63,1.87,0.8,88,63,32,19,13,57,50,44,1.45,1.12,2.57,/usa/la-galaxy-vs-st-louis-city-sc-h2h-stats#4926185,8777,34,True,True,False,False,False,False,True,['68'],['85']
MLS,2023,8777,4926186,20,13,2023,complete,96848,0,-1,['35'],[],1,0,1,2,2,4,4,1,4,3,0,0,9,2,8,2,17,4,13,11,42,58,15,7206,21189,,,4,3,2.05,3.35,3.35,1.05,1.27,1.84,3.3,6.75,12.0,3.85,1.88,1.34,1.12,1.7,2.05,2.75,1.39,4.0,1.21,1.32,1.32,1.77,2.75,2.2,4.0,2.38,2.5,3.5,0,0,1.28,1.54,1.88,2.49,3.34,3.2,2.32,1.93,1.47,1.26,1.6,5.75,2.7,1.62,10.0,2.4,3.5,5.8,1.36,2.75,8.0,21.0,3.0,1.4,1.08,1.02,1.22,2.0,4.33,11.0,4.0,1.73,1.2,1.05,0,0,0,0,1,1,0,0,0,0,1,1686535200,20,0,60,21,40,0,-1,2,1,2,0,0,2,2,2,1,1,3,2,2,5,1,51,30,111,106,2.07,0.63,2.7,0,0,0,0,0,0,1,1,0,0,2,0,0,0,-1,-1,-1,-1,-1,-1,-1,-1,-1,7,28,48,60,87,21,60,67,40,7.29,2.88,5.31,2.29,/clubs/portland-timbers-20,teams/usa-portland-timbers.png,Portland Timbers,/clubs/fc-dallas-13,teams/usa-fc-dallas.png,FC Dallas,1.76,0.95,1.57,1.13,1.06,1.53,93,73,53,41,14,55,42,35,1.39,1.24,2.63,/usa/fc-dallas-vs-portland-timbers-h2h-stats#4926186,8777,34,True,False,False,False,False,False,False,['35'],[]
MLS,2023,8777,4926187,2,9,2023,complete,96848,0,-1,['90+4'],['48'],1,1,2,2,6,8,4,4,3,0,0,0,5,2,6,4,11,6,13,9,53,47,84,27505,39282,,,3,0,2.05,3.7,3.2,1.04,1.25,1.75,2.85,5.25,10.5,3.6,1.95,1.37,1.14,1.66,2.14,3.0,1.34,3.9,1.22,1.36,1.29,1.68,2.72,2.2,3.7,2.49,2.56,3.32,0,0,1.26,1.5,2.0,2.5,3.5,3.3,2.35,1.8,1.44,1.24,2.1,8.0,1.95,1.83,9.9,2.25,4.0,5.5,1.35,2.64,6.45,19.0,3.05,1.45,1.1,1.02,1.21,2.02,4.15,9.5,4.15,1.75,1.21,1.04,0,0,0,0,2,0,0,1,1,2,0,1687030200,-1,0,75,19,38,0,-1,2,1,0,3,2,3,3,5,1,0,2,0,1,2,1,34,33,130,107,1.31,0.78,2.08,0,0,0,0,0,0,1,1,0,0,0,0,0,0,1,20,20,-1,-1,-1,-1,-1,-1,19,44,63,82,94,32,82,82,57,8.0,3.63,5.63,3.01,/clubs/new-york-city-fc-2,teams/usa-new-york-city-fc.png,New York City,/clubs/columbus-crew-9,teams/usa-columbus-crew.png,Columbus Crew,1.76,1.15,1.75,0.88,1.06,1.59,82,57,38,19,7,50,38,19,1.48,1.28,2.76,/usa/new-york-city-fc-vs-columbus-crew-h2h-stats#4926187,8777,34,True,True,False,False,False,False,True,['90+4'],['48']
MLS,2023,8777,4926188,13401,14,2023,complete,96848,0,-1,['53'],"['41', '51']",1,2,3,4,5,9,1,3,3,2,1,0,2,8,6,5,8,13,15,8,38,62,13891,38056,8,,,5,2,1.93,3.6,3.5,1.04,1.22,1.66,2.65,4.75,11.0,3.9,2.08,1.42,1.16,1.7,2.05,2.5,1.46,5.25,1.14,1.22,1.22,2.15,2.25,2.3,4.5,2.05,2.75,4.5,0,0,1.3,1.57,1.98,2.7,3.8,3.1,2.2,1.68,1.38,1.21,1.64,8.0,2.77,1.53,12.0,2.75,2.9,8.5,1.33,2.4,5.5,17.0,3.0,1.5,1.11,1.02,1.19,1.92,3.82,8.0,4.45,1.83,1.24,1.06,0,0,0,0,3,0,1,1,1,2,1,1687044600,14,0,63,13,38,0,19215,2,1,3,1,1,4,4,5,1,1,3,1,2,4,1,45,65,71,113,0.97,1.85,2.83,0,0,0,0,0,0,1,1,0,0,0,0,0,1,1,1,3,-1,-1,-1,-1,-1,-1,13,25,63,94,94,19,76,88,69,8.0,3.26,4.26,2.88,/clubs/dc-united-13401,teams/usa-dc-united.png,DC United,/clubs/real-salt-lake-14,teams/usa-real-salt-lake.png,Real Salt Lake,1.41,1.53,1.5,1.38,1.28,1.18,88,75,38,7,7,44,32,32,1.4,1.21,2.61,/usa/real-salt-lake-vs-dc-united-h2h-stats#4926188,8777,34,True,True,True,False,False,False,True,['53'],"['41', '51']"
MLS,2023,8777,4926189,11,17,2023,complete,96848,0,-1,"['51', '69', '85']",['80'],3,1,4,2,2,4,1,0,2,2,0,0,4,4,8,11,12,15,13,7,60,40,24,21032,21031,,,2,2,1.82,3.8,3.9,1.04,1.24,1.61,2.75,5.0,10.5,3.7,2.17,1.39,1.14,1.68,2.0,2.65,1.42,4.6,1.17,1.24,1.26,1.93,2.57,2.15,5.36,2.1,2.6,3.8,0,0,1.23,1.44,1.95,2.35,3.25,3.6,2.45,1.85,1.49,1.28,1.82,8.0,2.33,1.65,10.25,2.57,3.1,7.0,1.41,2.73,6.0,17.0,3.03,1.49,1.09,1.01,1.19,1.9,3.8,8.75,4.2,1.78,1.23,1.06,0,0,0,0,4,0,0,3,1,4,0,1687044600,11,0,67,20,41,0,-1,2,1,2,1,0,1,3,1,0,2,2,0,2,2,1,52,57,123,95,1.42,1.64,3.06,0,0,0,0,0,0,1,1,0,0,0,0,0,1,1,7,6,-1,-1,-1,-1,-1,-1,7,34,67,94,100,46,66,87,75,8.09,3.46,3.29,3.07,/clubs/new-england-revolution-11,teams/usa-new-england-revolution.png,New England Revolution,/clubs/orlando-city-sc-17,teams/usa-orlando-city-sc.png,Orlando City,2.22,1.89,2.25,2.0,1.76,1.63,94,67,34,7,0,61,54,47,1.4,1.08,2.48,/usa/new-england-revolution-vs-orlando-city-sc-h2h-stats#4926189,8777,36,True,True,True,True,False,False,True,"['51', '69', '85']",['80']
MLS,2023,8777,4926190,8,6490,2023,complete,96848,0,-1,['17'],"['48', '90']",1,2,3,8,2,10,0,4,1,2,0,0,8,4,6,1,14,5,14,17,63,37,13812,18,39588,,,1,2,2.2,3.5,3.0,1.03,1.2,1.57,2.45,4.33,11.5,4.2,2.25,1.47,1.19,1.53,2.3,3.4,1.27,4.33,1.19,1.37,1.28,1.63,2.7,2.2,3.4,2.4,2.6,3.1,0,0,1.19,1.36,1.71,2.1,2.75,4.4,3.0,2.12,1.72,1.41,1.8,5.75,2.4,1.9,15.5,2.0,4.33,5.5,1.31,2.35,5.5,14.0,3.1,1.52,1.12,1.02,1.17,1.8,3.5,7.75,4.5,1.88,1.26,1.07,0,0,0,0,3,1,0,0,2,2,1,1687048200,6490,0,47,27,20,0,19410,2,1,6,1,2,1,7,3,0,0,1,2,0,3,1,61,29,121,82,1.89,0.82,2.71,1,0,1,0,0,0,1,1,0,0,2,1,0,0,1,26,12,-1,-1,-1,-1,-1,-1,26,34,60,73,80,47,73,73,40,11.2,3.02,4.04,2.72,/clubs/sporting-kansas-city-8,teams/usa-sporting-kansas-city.png,Sporting KC,/clubs/los-angeles-fc-6490,teams/usa-los-angeles-fc.png,Los Angeles FC,1.74,1.25,1.63,1.29,1.11,1.73,75,67,41,27,21,68,55,55,1.56,1.42,2.98,/usa/sporting-kansas-city-vs-los-angeles-fc-h2h-stats#4926190,8777,38,True,True,True,False,False,False,True,['17'],"['48', '90']"
MLS,2023,8777,4926191,677447,945555,2023,complete,96848,0,-1,"['11', '70', '75']",['41'],3,1,4,3,3,6,4,1,4,2,0,1,5,3,4,3,9,6,14,18,50,50,20,24795,36880,,,4,3,1.58,4.1,5.25,1.04,1.23,1.7,2.7,4.8,11.0,3.8,2.02,1.4,1.15,1.8,1.98,2.37,1.5,5.25,1.13,1.18,1.18,2.25,2.26,2.26,4.65,2.0,2.8,4.5,0,0,1.23,1.44,1.8,2.35,3.25,3.6,2.45,2.0,1.49,1.28,1.51,8.5,3.16,1.51,14.0,2.79,2.7,9.0,1.33,2.52,6.05,13.0,3.16,1.49,1.11,1.02,1.18,1.95,4.0,9.0,4.5,1.8,1.22,1.04,0,0,0,0,4,1,1,2,0,2,2,1687048200,677447,0,44,15,26,0,-1,2,1,0,2,3,1,2,4,2,1,2,2,3,4,1,40,56,65,125,1.21,1.01,2.22,1,0,1,0,0,0,1,1,0,0,0,0,0,0,1,23,20,-1,-1,-1,-1,-1,-1,7,26,51,82,95,15,61,88,58,10.46,2.76,4.01,2.6,/clubs/nashville-sc-mls-677447,teams/usa-nashville-sc-mls.png,Nashville SC,/clubs/st-louis-city-sc-945555,teams/usa-st-louis-city-sc.png,St. Louis City,1.72,1.17,2.22,1.43,1.88,1.81,93,75,50,18,6,75,62,57,1.53,1.3,2.83,/usa/nashville-sc-mls-vs-st-louis-city-sc-h2h-stats#4926191,8777,36,True,True,True,True,False,False,True,"['11', '70', '75']",['41']
MLS,2023,8777,4926192,15,20,2023,complete,96848,0,-1,[],[],0,0,0,7,4,11,1,0,3,3,0,0,2,4,9,9,11,13,8,14,55,45,58,12956,7206,,,3,3,1.85,3.6,3.9,1.04,1.24,1.83,2.75,5.0,10.5,3.7,1.87,1.39,1.15,1.7,2.05,2.85,1.37,4.33,1.18,1.29,1.25,1.75,2.63,2.2,4.0,2.3,2.55,3.6,0,0,1.2,1.4,1.71,2.2,3.0,3.9,2.65,1.95,1.55,1.31,1.37,9.0,3.71,1.62,10.0,2.5,3.5,6.5,1.36,2.75,7.0,21.0,3.0,1.4,1.1,1.02,1.2,1.91,4.0,11.0,4.33,1.8,1.22,1.05,0,0,0,0,0,0,0,0,0,0,0,1687055400,-1,0,65,25,35,0,-1,2,1,2,3,5,1,5,6,0,2,3,1,2,4,1,48,74,86,116,1.18,1.64,2.82,0,0,0,0,0,0,1,1,0,0,1,1,0,0,1,26,16,-1,-1,-1,-1,-1,-1,17,17,60,71,83,42,54,83,46,8.35,3.55,4.1,2.52,/clubs/san-jose-earthquakes-15,teams/usa-san-jose-earthquakes.png,SJ Earthquakes,/clubs/portland-timbers-20,teams/usa-portland-timbers.png,Portland Timbers,1.82,0.76,2.5,0.67,1.53,1.18,84,84,41,29,18,53,35,29,1.25,1.02,2.27,/usa/san-jose-earthquakes-vs-portland-timbers-h2h-stats#4926192,8777,34,False,False,False,False,False,False,False,[],[]
MLS,2023,8777,4926193,1016,2,2023,complete,96848,0,-1,"['11', '90+5']","['1', '56']",2,2,4,5,1,6,2,2,2,3,0,0,5,3,2,0,7,3,14,11,59,41,13889,40852,27505,,,2,3,1.73,3.9,4.2,1.04,1.22,1.7,2.62,4.75,10.0,4.0,2.02,1.44,1.15,1.7,2.05,2.55,1.44,5.0,1.14,1.18,1.25,2.1,2.15,2.38,4.33,2.0,2.5,4.33,0,0,1.24,1.44,1.8,2.3,3.1,3.85,2.65,2.0,1.57,1.33,1.38,8.0,3.75,1.54,15.0,2.66,3.0,8.0,1.3,2.38,5.0,12.0,3.4,1.53,1.14,1.02,1.22,1.91,4.0,8.0,4.0,1.8,1.22,1.06,0,0,0,0,4,1,1,1,1,2,2,1687390200,-1,0,61,11,39,0,-1,2,1,3,1,2,0,4,2,1,0,1,3,1,4,1,31,20,104,95,1.03,0.56,1.6,0,0,0,0,0,0,1,1,0,1,1,0,0,0,1,4,4,-1,-1,-1,-1,-1,-1,17,34,45,73,95,22,67,89,56,9.66,3.11,4.55,2.73,/clubs/atlanta-united-fc-1016,teams/usa-atlanta-united-fc.png,Atlanta United FC,/clubs/new-york-city-fc-2,teams/usa-new-york-city-fc.png,New York City,2.06,0.65,2.22,0.44,1.56,1.06,84,67,56,28,6,62,39,33,1.62,0.94,2.56,/usa/new-york-city-fc-vs-atlanta-united-fc-h2h-stats#4926193,8777,34,True,True,True,True,False,False,True,"['11', '90+5']","['1', '56']"
MLS,2023,8777,4926194,8043,19,2023,complete,96848,0,-1,"['35', '54', '63']",[],3,0,3,6,1,7,0,2,3,2,0,0,7,4,4,4,11,8,19,10,36,64,14023,40182,211,,,3,2,1.65,3.8,5.0,1.03,1.22,1.68,2.95,5.5,13.0,4.0,2.05,1.4,1.15,1.75,2.05,2.3,1.53,5.0,1.14,1.18,1.2,2.15,2.35,2.27,5.77,2.05,2.7,4.5,0,0,1.29,1.53,1.95,2.55,3.5,3.45,2.4,1.85,1.48,1.27,1.58,7.5,2.88,1.54,10.5,2.88,2.9,8.5,1.38,2.64,6.0,19.0,3.2,1.52,1.11,1.01,1.21,1.98,4.0,9.5,4.0,1.73,1.21,1.05,0,0,0,0,3,1,0,2,0,2,1,1687390200,8043,0,47,11,42,0,-1,2,1,4,0,2,1,4,3,2,2,1,0,4,1,1,33,46,94,118,1.43,1.13,2.56,0,0,0,0,0,0,1,1,0,0,0,0,0,0,1,6,7,-1,-1,-1,-1,-1,-1,18,18,41,60,88,23,41,82,48,6.91,2.47,3.83,2.29,/clubs/fc-cincinnati-8043,teams/usa-fc-cincinnati.png,FC Cincinnati,/clubs/toronto-fc-19,teams/canada-toronto-fc.png,Toronto,2.35,0.24,3.0,0.5,2.35,1.06,82,82,60,41,13,48,36,36,1.16,0.84,2.0,/usa/toronto-fc-vs-fc-cincinnati-h2h-stats#4926194,8777,34,True,True,True,False,False,False,False,"['35', '54', '63']",[]
MLS,2023,8777,4926195,1,677447,2023,complete,96848,0,-1,['27'],[],1,0,1,2,4,6,1,2,2,0,0,0,6,2,6,6,12,8,6,2,46,54,45098,36107,24795,,,2,0,2.38,3.7,2.62,1.03,1.2,1.86,2.5,4.33,11.0,4.33,1.84,1.5,1.2,1.53,2.38,3.7,1.24,4.0,1.21,1.44,1.25,1.53,2.8,2.3,3.0,2.7,2.45,2.9,0,0,1.3,1.55,1.98,2.6,3.6,3.35,2.38,1.83,1.46,1.26,1.8,7.0,2.4,1.95,14.5,1.97,4.6,5.0,1.3,2.38,5.0,12.0,3.4,1.53,1.14,1.02,1.2,1.85,3.5,7.5,4.33,1.85,1.29,1.07,0,0,0,0,1,1,0,0,0,0,1,1687390200,1,0,39,13,14,0,-1,2,1,0,1,2,3,1,5,2,0,0,0,2,0,1,39,47,110,125,1.47,1.0,2.47,0,0,0,0,0,0,1,1,0,0,0,0,0,0,1,2,6,-1,-1,-1,-1,-1,-1,7,15,34,73,94,26,53,94,35,10.25,4.13,5.29,2.22,/clubs/montreal-impact-1,teams/canada-montreal-impact.png,Montreal Impact,/clubs/nashville-sc-mls-677447,teams/usa-nashville-sc-mls.png,Nashville SC,1.94,1.0,2.57,1.5,1.29,1.94,93,86,67,27,7,54,47,34,1.24,0.98,2.22,/usa/montreal-impact-vs-nashville-sc-mls-h2h-stats#4926195,8777,34,True,False,False,False,False,False,False,['27'],[]
MLS,2023,8777,4926196,4,711351,2023,complete,96848,0,-1,"['53', '58']","['13', '19']",2,2,4,6,3,9,2,3,4,5,0,0,6,3,5,2,11,5,8,18,58,42,65601,13006,44668,,,4,5,1.8,3.4,4.5,1.07,1.36,2.05,3.5,6.5,7.5,3.0,1.68,1.29,1.1,1.91,1.8,2.55,1.44,4.2,1.2,1.2,1.22,2.05,2.45,2.1,4.1,2.2,2.5,4.5,0,0,1.3,1.56,2.0,2.63,3.65,3.3,2.33,1.8,1.45,1.26,1.38,8.0,3.7,1.6,8.2,2.9,2.62,7.5,1.4,2.75,7.0,15.0,2.75,1.4,1.08,1.02,1.3,2.25,4.75,11.0,3.4,1.6,1.15,1.03,0,0,0,0,4,0,2,2,0,2,2,1687390200,-1,0,59,12,24,0,-1,2,1,0,2,6,1,2,7,3,1,1,4,4,5,1,51,29,142,87,1.5,0.75,2.25,0,0,0,0,0,0,1,1,0,0,0,1,0,0,1,2,8,-1,-1,-1,-1,-1,-1,6,28,58,71,94,29,64,82,53,9.94,2.71,5.13,2.61,/clubs/new-york-red-bulls-4,teams/usa-new-york-red-bulls.png,New York RB,/clubs/charlotte-fc-711351,teams/usa-charlotte-fc.png,Charlotte,1.58,0.94,1.5,1.11,1.12,1.22,95,72,43,30,7,41,29,17,1.44,1.03,2.47,/usa/new-york-red-bulls-vs-charlotte-fc-h2h-stats#4926196,8777,35,True,True,True,True,False,False,True,"['53', '58']","['13', '19']"
MLS,2023,8777,4926197,17,16,2023,complete,96848,0,-1,"['13', '54']","['60', '90']",2,2,4,4,7,11,1,0,3,4,0,0,5,5,2,4,7,9,11,14,44,56,58,21031,12,,,3,4,2.25,3.6,2.9,1.04,1.22,1.89,2.62,4.5,10.0,4.0,1.81,1.44,1.17,1.62,2.2,3.2,1.3,4.0,1.21,1.41,1.29,1.61,2.62,2.25,3.3,2.5,2.4,3.2,0,0,1.29,1.53,1.95,2.55,3.5,3.4,2.4,1.85,1.48,1.27,1.72,7.0,2.55,1.88,10.5,2.15,4.0,5.8,1.33,2.5,5.5,12.0,3.25,1.5,1.12,1.02,1.22,1.91,3.75,8.0,4.0,1.8,1.25,1.06,0,0,0,0,4,1,0,1,2,3,1,1687390200,-1,0,54,25,13,0,-1,2,1,3,6,1,1,9,2,0,2,3,2,2,5,1,39,71,84,107,1.08,1.44,2.52,0,0,0,0,0,0,1,1,0,0,1,1,0,0,1,1,1,-1,-1,-1,-1,-1,-1,7,25,43,77,95,30,78,89,24,10.38,3.99,4.3,2.44,/clubs/orlando-city-sc-17,teams/usa-orlando-city-sc.png,Orlando City,/clubs/philadelphia-union-16,teams/usa-philadelphia-union.png,Philadelphia Union,1.84,1.16,1.33,1.25,1.53,1.76,94,76,58,24,6,47,47,42,1.39,1.31,2.7,/usa/philadelphia-union-vs-orlando-city-sc-h2h-stats#4926197,8777,37,True,True,True,True,False,False,True,"['13', '54']","['60', '90']"
MLS,2023,8777,4926198,698284,13,2023,complete,96848,0,-1,"['17', '42', '58']",[],3,0,3,7,6,13,5,2,0,1,0,0,7,3,9,8,16,11,5,8,58,42,13812,2339,21189,,,0,1,2.0,3.4,3.7,1.04,1.25,1.97,3.4,6.5,10.5,3.65,1.74,1.32,1.1,1.74,2.05,3.1,1.32,3.9,1.22,1.3,1.3,1.81,2.6,2.2,4.0,2.35,2.5,3.7,0,0,1.24,1.45,1.83,2.33,3.2,3.75,2.6,1.98,1.56,1.32,1.53,7.5,3.05,1.73,9.4,2.46,3.3,6.5,1.3,2.85,7.5,17.0,3.0,1.38,1.08,1.01,1.21,2.1,4.7,12.0,4.0,1.67,1.17,1.03,0,0,0,0,3,2,0,1,0,1,2,1687403220,698284,0,56,22,39,0,-1,2,1,2,0,5,6,2,11,0,1,0,0,1,0,1,55,29,88,66,1.89,1.11,3.01,0,0,0,0,0,0,1,1,0,0,1,0,0,0,1,12,11,-1,-1,-1,-1,-1,-1,6,17,39,56,89,22,62,73,39,9.78,3.22,4.89,2.06,/clubs/austin-fc-698284,teams/usa-austin-fc.png,Austin,/clubs/fc-dallas-13,teams/usa-fc-dallas.png,FC Dallas,1.47,0.95,1.33,1.0,1.12,1.44,95,84,62,44,11,56,45,45,1.37,1.17,2.54,/usa/fc-dallas-vs-austin-fc-h2h-stats#4926198,8777,34,True,True,True,False,False,False,False,"['17', '42', '58']",[]
MLS,2023,8777,4926199,6,15,2023,complete,96848,0,-1,"['3', '5', '77', '89']",['41'],4,1,5,1,6,7,0,0,2,5,0,0,5,1,7,5,12,6,8,12,58,42,13967,20,12956,,,2,5,1.91,3.7,3.7,1.02,1.22,1.63,2.75,5.0,15.0,4.2,2.13,1.44,1.16,1.62,2.15,2.85,1.36,4.6,1.17,1.27,1.27,1.83,2.45,2.2,3.9,2.2,2.6,3.6,0,0,1.2,1.38,1.67,2.12,2.85,4.25,2.9,2.12,1.67,1.38,1.78,7.5,2.4,1.63,14.75,2.43,3.4,7.0,1.33,2.45,5.75,15.5,3.0,1.47,1.11,1.02,1.19,1.87,3.7,8.5,4.33,1.82,1.24,1.06,0,0,0,0,5,2,1,2,0,2,3,1687393800,6,0,40,12,28,0,-1,2,1,0,3,1,3,3,4,1,1,1,4,2,5,1,41,38,110,85,1.41,0.73,2.15,0,0,0,0,0,0,1,1,2,0,0,0,0,0,1,9,15,-1,-1,-1,1,0,1,0,18,53,64,89,18,47,89,53,9.19,3.57,4.72,2.22,/clubs/houston-dynamo-6,teams/usa-houston-dynamo.png,Houston Dynamo,/clubs/san-jose-earthquakes-15,teams/usa-san-jose-earthquakes.png,SJ Earthquakes,2.2,0.78,2.38,0.67,1.41,1.5,100,83,48,36,12,77,71,65,1.19,1.06,2.25,/usa/houston-dynamo-vs-san-jose-earthquakes-h2h-stats#4926199,8777,35,True,True,True,True,True,False,True,"['3', '5', '77', '89']",['41']
MLS,2023,8777,4926200,1015,11,2023,complete,96848,0,-1,['90+3'],['38'],1,1,2,15,1,16,1,0,0,4,0,0,7,4,14,3,21,7,11,9,59,41,57,5,21032,,,0,4,1.83,3.5,3.5,1.02,1.18,1.57,2.18,4.2,17.0,4.75,2.3,1.63,1.22,1.53,2.38,3.1,1.33,5.0,1.15,1.28,1.24,1.87,2.4,2.4,4.0,2.1,2.7,3.6,0,0,1.26,1.48,1.84,2.32,3.05,3.2,2.35,1.85,1.5,1.29,1.64,7.5,2.65,1.53,11.0,2.4,3.8,7.0,1.29,2.25,5.5,15.0,3.5,1.57,1.14,1.03,1.17,1.73,3.4,8.0,5.0,2.0,1.3,1.08,0,0,0,0,2,0,1,1,0,1,1,1694305800,-1,0,63,17,29,0,-1,2,1,9,1,6,0,10,6,0,2,0,2,2,2,1,93,34,135,83,2.48,0.98,3.46,0,0,0,0,0,0,1,1,0,0,0,0,0,0,1,24,12,-1,-1,-1,1,1,0,13,21,46,79,92,34,63,71,42,11.83,3.83,3.66,2.55,/clubs/minnesota-united-fc-1015,teams/usa-minnesota-united-fc.png,Minnesota United,/clubs/new-england-revolution-11,teams/usa-new-england-revolution.png,New England Revolution,1.24,0.83,1.33,1.08,1.38,1.81,88,79,55,21,8,88,71,67,1.56,1.06,2.62,/usa/new-england-revolution-vs-minnesota-united-fc-h2h-stats#4926200,8777,34,True,True,False,False,False,False,True,['90+3'],['38']
MLS,2023,8777,4926201,945555,14,2023,complete,96848,0,-1,['21'],"['15', '48', '66']",1,3,4,4,3,7,2,2,4,2,0,0,3,9,6,1,9,10,14,8,48,52,19912,36880,8,,,4,2,1.8,3.9,3.9,1.02,1.2,1.58,2.27,4.5,17.0,4.5,2.22,1.57,1.2,1.6,2.15,2.87,1.36,5.0,1.15,1.25,1.24,1.93,2.3,2.3,3.9,2.1,2.7,3.7,0,0,1.26,1.48,1.88,2.43,3.3,3.65,2.55,1.93,1.52,1.3,1.43,8.0,3.5,1.61,16.5,2.44,3.3,7.5,1.3,2.37,5.5,15.0,3.25,1.51,1.12,1.02,1.17,1.8,3.4,7.75,4.6,1.9,1.27,1.07,0,0,0,0,4,1,1,0,2,2,2,1687393800,14,0,62,17,39,0,-1,2,1,2,2,2,1,4,3,2,0,2,2,2,4,1,49,48,125,110,1.15,1.62,2.77,0,0,0,0,0,0,1,1,0,0,1,0,0,0,1,24,26,-1,-1,-1,-1,-1,-1,11,33,73,89,95,45,78,89,62,9.44,3.22,4.77,3.06,/clubs/st-louis-city-sc-945555,teams/usa-st-louis-city-sc.png,St. Louis City,/clubs/real-salt-lake-14,teams/usa-real-salt-lake.png,Real Salt Lake,1.94,1.53,2.11,1.56,1.71,1.28,89,67,28,11,6,62,45,45,1.52,1.28,2.8,/usa/real-salt-lake-vs-st-louis-city-sc-h2h-stats#4926201,8777,36,True,True,True,True,False,False,True,['21'],"['15', '48', '66']"
MLS,2023,8777,4926202,12,5,2023,complete,96848,0,-1,"['47', '67']","['11', '78']",2,2,4,7,6,13,1,0,2,0,0,0,8,4,5,6,13,10,11,11,53,47,19927,12992,41087,,,2,0,2.51,3.7,2.62,1.04,1.28,1.71,3.1,6.0,12.0,3.6,2.15,1.36,1.12,1.72,1.98,2.75,1.39,3.9,1.22,1.3,1.3,1.7,2.65,2.1,3.75,2.37,2.45,3.4,0,0,1.24,1.44,1.8,2.3,3.15,3.85,2.65,2.0,1.57,1.33,1.71,7.0,2.55,1.93,9.9,2.12,4.0,5.0,1.37,2.65,6.75,18.0,2.8,1.41,1.09,1.01,1.23,2.05,4.33,10.5,3.75,1.66,1.18,1.04,0,0,0,0,4,0,1,2,1,3,1,1695864600,-1,0,65,24,35,0,-1,2,1,2,1,5,5,3,10,0,0,2,0,0,2,1,62,58,78,86,1.82,1.33,3.16,0,0,0,0,0,0,1,1,0,0,0,0,0,0,1,20,11,-1,-1,-1,1,0,1,14,20,55,69,75,37,58,65,41,9.81,2.66,4.63,2.32,/clubs/colorado-rapids-12,teams/usa-colorado-rapids.png,Colorado Rapids,/clubs/vancouver-whitecaps-fc-5,teams/canada-vancouver-whitecaps-fc.png,Vancouver Whitecaps,1.0,1.0,0.93,1.07,0.76,1.41,87,80,45,32,25,62,45,45,1.23,1.21,2.44,/usa/vancouver-whitecaps-fc-vs-colorado-rapids-h2h-stats#4926202,8777,34,True,True,True,True,False,False,True,"['47', '67']","['11', '78']"
MLS,2023,8777,4926203,10,8,2023,complete,96848,0,-1,"['24', '64']","['12', '90+1']",2,2,4,6,8,14,0,1,1,2,0,0,2,5,6,10,8,15,10,12,50,50,45125,2,18,,,1,2,2.05,3.6,3.3,1.03,1.22,1.55,2.27,5.5,13.0,4.0,2.29,1.57,1.15,1.65,2.1,2.9,1.35,4.1,1.2,1.31,1.29,1.7,2.6,2.1,3.7,2.35,2.5,3.3,0,0,1.22,1.42,1.74,2.23,3.0,4.0,2.75,2.02,1.61,1.35,1.79,7.0,2.4,1.72,14.75,2.26,3.8,6.0,1.35,2.55,6.25,17.0,2.9,1.44,1.1,1.01,1.21,1.95,3.9,9.25,4.0,1.75,1.21,1.05,0,0,0,0,4,1,1,1,1,2,2,1687401000,-1,0,61,20,22,0,-1,2,1,5,6,1,2,11,3,0,2,1,0,2,1,1,31,70,89,113,0.88,1.8,2.68,0,1,0,1,0,0,1,1,0,0,1,1,0,0,1,9,15,-1,-1,-1,1,0,1,7,20,54,78,90,47,69,73,39,14.96,2.63,4.53,2.48,/clubs/la-galaxy-10,teams/usa-la-galaxy.png,LA Galaxy,/clubs/sporting-kansas-city-8,teams/usa-sporting-kansas-city.png,Sporting KC,1.41,0.95,1.0,0.7,0.81,1.05,93,81,47,22,10,66,61,61,1.8,1.29,3.09,/usa/sporting-kansas-city-vs-la-galaxy-h2h-stats#4926203,8777,34,True,True,True,True,False,False,True,"['24', '64']","['12', '90+1']"
MLS,2023,8777,4926204,6490,18,2023,complete,96848,0,-1,['1'],[],1,0,1,8,6,14,1,1,1,1,0,0,3,2,9,6,12,8,14,8,48,52,15,39588,25,,,1,1,1.91,3.6,3.7,1.03,1.25,1.76,3.1,5.5,13.0,3.75,1.94,1.38,1.14,1.75,2.05,2.7,1.4,4.4,1.18,1.2,1.2,2.1,2.3,2.3,4.75,2.1,2.7,4.33,0,0,1.18,1.34,1.61,2.02,2.7,4.5,3.1,2.23,1.74,1.44,1.41,8.0,3.5,1.63,10.0,2.64,3.0,7.5,1.36,2.65,6.5,19.0,3.2,1.45,1.1,1.01,1.2,2.0,4.2,9.0,4.2,1.78,1.2,1.04,0,0,0,0,1,1,0,0,0,0,1,1687401000,6490,0,50,19,32,0,-1,2,1,6,3,2,3,9,5,1,0,0,1,1,1,1,53,42,127,112,1.36,0.96,2.33,0,0,0,0,0,0,1,1,1,0,1,1,0,0,1,19,15,-1,-1,-1,1,1,0,26,32,57,69,88,32,69,76,51,11.76,4.25,4.13,2.76,/clubs/los-angeles-fc-6490,teams/usa-los-angeles-fc.png,Los Angeles FC,/clubs/seattle-sounders-fc-18,teams/usa-seattle-sounders-fc.png,Seattle Sounders,2.05,1.44,2.13,1.38,1.81,1.56,76,69,44,32,13,63,51,44,1.85,1.13,2.98,/usa/seattle-sounders-fc-vs-los-angeles-fc-h2h-stats#4926204,8777,38,True,False,False,False,False,False,False,['1'],[]
MLS,2023,8777,4926205,20,7,2023,complete,96848,0,-1,['26'],"['8', '83']",1,2,3,6,4,10,1,3,2,0,0,0,5,3,6,5,11,8,21,15,46,54,24,7206,21081,,,2,0,1.85,3.6,3.9,1.04,1.3,1.81,3.4,6.5,12.0,3.5,1.89,1.33,1.11,1.75,1.93,2.55,1.44,4.2,1.2,1.25,1.28,1.85,2.45,2.1,4.1,2.2,2.45,3.8,0,0,1.22,1.42,1.74,2.23,3.0,4.0,2.75,2.02,1.61,1.35,1.47,7.5,3.25,1.69,9.7,2.52,3.1,7.0,1.37,2.65,6.75,18.5,2.8,1.41,1.09,1.01,1.23,2.05,4.33,10.5,3.75,1.66,1.18,1.04,0,0,0,0,3,1,1,0,1,1,2,1687401000,7,0,50,25,32,0,-1,2,1,3,2,3,2,5,5,0,0,2,0,0,2,1,52,47,119,88,1.43,1.06,2.49,0,0,0,0,0,0,1,1,0,1,0,0,0,0,1,14,18,-1,-1,-1,-1,-1,-1,19,32,57,57,88,25,63,76,44,7.5,3.63,5.76,2.57,/clubs/portland-timbers-20,teams/usa-portland-timbers.png,Portland Timbers,/clubs/chicago-fire-7,teams/usa-chicago-fire.png,Chicago Fire,1.76,0.88,1.75,0.63,1.17,1.0,82,69,44,44,13,69,63,50,1.48,0.9,2.38,/usa/chicago-fire-vs-portland-timbers-h2h-stats#4926205,8777,34,True,True,True,False,False,False,True,['26'],"['8', '83']"
MLS,2023,8777,4926206,711351,1,2023,complete,96848,0,-1,[],[],0,0,0,7,4,11,1,2,3,0,0,0,4,3,7,5,11,8,15,10,53,47,14023,44668,36107,,,3,0,1.88,3.65,3.65,1.05,1.25,1.83,2.75,5.0,9.0,3.75,2.05,1.4,1.14,1.7,2.05,2.63,1.43,4.33,1.18,1.25,1.29,1.83,2.4,2.2,3.9,2.25,2.4,3.75,0,0,1.27,1.58,1.93,2.39,3.34,3.28,2.25,1.85,1.5,1.26,1.51,6.25,3.05,1.67,10.0,2.5,3.3,6.5,1.33,2.5,5.5,13.0,3.25,1.5,1.12,1.02,1.25,2.0,4.0,9.0,3.75,1.73,1.22,1.05,0,0,0,0,0,0,0,0,0,0,0,1687649400,-1,0,44,22,22,0,-1,2,1,3,3,4,1,6,5,1,0,2,0,1,2,1,39,31,108,97,1.27,0.95,2.22,0,0,0,0,0,0,1,1,0,0,0,0,0,0,1,5,4,-1,-1,-1,-1,-1,-1,16,32,64,84,100,52,84,79,37,9.1,3.21,4.63,3.01,/clubs/charlotte-fc-711351,teams/usa-charlotte-fc.png,Charlotte,/clubs/montreal-impact-1,teams/canada-montreal-impact.png,Montreal Impact,1.53,0.47,1.33,0.4,1.21,1.39,84,69,37,16,0,59,47,36,1.17,1.03,2.2,/usa/montreal-impact-vs-charlotte-fc-h2h-stats#4926206,8777,34,False,False,False,False,False,False,False,[],[]
MLS,2023,8777,4926207,9,677447,2023,complete,96848,0,-1,"['20', '90+5']",[],2,0,2,3,4,7,2,4,1,1,0,0,5,4,4,1,9,5,5,14,52,48,45125,39282,24795,,,1,1,1.95,3.6,3.45,1.04,1.2,1.78,2.68,4.8,10.0,3.95,2.0,1.4,1.13,1.64,2.17,2.8,1.38,4.33,1.18,1.26,1.26,1.92,2.39,2.28,4.25,2.19,2.66,3.84,0,0,1.31,1.58,1.93,2.4,3.65,3.04,2.25,1.85,1.49,1.22,1.45,6.5,3.35,1.63,14.5,2.44,3.3,7.0,1.33,2.52,6.0,12.0,3.16,1.49,1.11,1.02,1.19,1.92,3.82,8.0,4.45,1.83,1.24,1.06,0,0,0,0,2,1,0,1,0,1,1,1687649400,9,0,62,22,28,0,-1,2,1,1,0,2,4,1,6,0,0,1,1,0,2,1,68,43,116,94,1.42,0.92,2.34,0,0,0,0,0,0,1,1,0,0,0,0,0,0,1,11,1,-1,-1,-1,-1,-1,-1,17,28,50,84,95,56,78,73,39,10.22,4.67,3.22,2.89,/clubs/columbus-crew-9,teams/usa-columbus-crew.png,Columbus Crew,/clubs/nashville-sc-mls-677447,teams/usa-nashville-sc-mls.png,Nashville SC,2.45,1.0,2.22,1.33,1.56,1.84,84,72,50,17,6,44,44,22,1.8,0.98,2.78,/usa/columbus-crew-vs-nashville-sc-mls-h2h-stats#4926207,8777,36,True,True,False,False,False,False,False,"['20', '90+5']",[]
MLS,2023,8777,4926208,13401,8043,2023,complete,96848,0,-1,"['10', '17', '43']",[],3,0,3,2,8,10,1,2,1,1,0,1,7,2,5,11,12,13,11,11,44,56,65601,38056,40182,,,1,2,2.12,3.6,3.05,1.03,1.22,1.75,2.85,5.0,15.0,4.2,2.05,1.42,1.16,1.58,2.29,3.3,1.29,3.8,1.22,1.46,1.29,1.55,2.93,2.25,3.25,2.66,2.62,2.98,0,0,1.37,1.66,2.04,2.84,4.05,2.84,2.13,1.74,1.35,1.18,1.46,6.0,3.3,1.9,14.5,2.01,4.5,5.0,1.33,2.55,6.0,17.0,3.3,1.47,1.11,1.02,1.18,1.9,4.0,8.5,4.5,1.83,1.22,1.05,0,0,0,0,3,3,0,0,0,0,3,1687649400,13401,0,65,13,53,0,-1,2,1,1,3,1,5,4,6,0,0,1,2,0,3,1,36,35,95,123,1.51,1.23,2.74,0,0,0,0,0,0,1,1,1,0,1,0,0,0,1,4,3,-1,-1,-1,-1,-1,-1,18,30,53,82,94,19,65,82,70,7.16,3.5,4.47,2.88,/clubs/dc-united-13401,teams/usa-dc-united.png,DC United,/clubs/fc-cincinnati-8043,teams/usa-fc-cincinnati.png,FC Cincinnati,1.41,1.61,1.33,1.63,1.21,2.39,82,71,48,19,7,29,24,24,1.35,1.33,2.68,/usa/fc-cincinnati-vs-dc-united-h2h-stats#4926208,8777,34,True,True,True,False,False,False,False,"['10', '17', '43']",[]
MLS,2023,8777,4926209,11,19,2023,complete,96848,0,-1,"['33', '52']",['11'],2,1,3,3,2,5,2,3,0,0,0,0,2,10,7,3,9,13,10,11,54,46,15,21032,211,,,0,0,1.67,3.85,4.5,1.04,1.25,1.57,2.38,5.5,13.0,3.75,2.38,1.51,1.14,1.82,1.92,2.63,1.43,5.0,1.13,1.15,1.24,2.3,2.15,2.29,5.25,1.93,2.69,4.9,0,0,1.19,1.4,1.76,2.16,2.79,3.9,2.72,2.05,1.69,1.36,1.38,7.0,3.7,1.52,10.0,2.99,2.62,9.0,1.36,2.65,6.5,19.0,3.1,1.45,1.1,1.02,1.2,1.95,4.0,9.0,4.2,1.78,1.22,1.04,0,0,0,0,3,1,1,1,0,1,2,1687649400,11,0,56,11,44,0,-1,2,-1,2,1,1,1,3,2,0,0,0,0,0,0,1,53,43,125,103,1.11,1.84,2.94,0,0,0,0,0,0,1,1,0,0,0,0,-1,-1,1,7,5,-1,-1,-1,-1,-1,-1,17,33,50,78,89,34,50,84,67,7.0,3.0,2.67,2.78,/clubs/new-england-revolution-11,teams/usa-new-england-revolution.png,New England Revolution,/clubs/toronto-fc-19,teams/canada-toronto-fc.png,Toronto,2.22,0.24,2.33,0.44,1.83,1.0,84,67,50,22,11,50,39,39,1.4,0.87,2.27,/usa/new-england-revolution-vs-toronto-fc-h2h-stats#4926209,8777,34,True,True,True,False,False,False,True,"['33', '52']",['11']
MLS,2023,8777,4926210,4,1016,2023,complete,96848,0,-1,"['32', '45', '78', '90']",[],4,0,4,5,3,8,1,0,2,2,0,0,5,3,3,2,8,5,12,12,34,66,13812,13006,40852,,,2,2,1.95,3.5,3.55,1.05,1.3,1.94,3.3,6.5,11.0,3.5,1.94,1.33,1.11,1.77,1.98,2.63,1.43,4.33,1.18,1.25,1.28,1.89,2.45,2.18,4.45,2.24,2.54,3.94,0,0,1.31,1.57,1.93,2.38,3.65,3.04,2.26,1.86,1.5,1.22,1.48,6.0,3.25,1.68,9.3,2.57,3.1,7.0,1.4,2.85,7.0,23.0,3.0,1.4,1.08,1.02,1.22,2.1,4.5,10.0,4.0,1.68,1.18,1.03,0,0,0,0,4,2,0,2,0,2,2,1687649400,4,0,67,17,45,0,-1,2,1,3,1,2,2,4,4,1,1,1,1,2,2,1,60,35,99,97,1.3,0.79,2.09,0,0,0,0,0,0,1,1,0,0,0,0,0,0,1,4,0,-1,-1,-1,-1,-1,-1,11,28,56,78,89,28,62,73,62,10.11,3.55,5.22,2.78,/clubs/new-york-red-bulls-4,teams/usa-new-york-red-bulls.png,New York RB,/clubs/atlanta-united-fc-1016,teams/usa-atlanta-united-fc.png,Atlanta United FC,1.58,0.89,1.44,0.89,1.11,1.53,89,73,45,22,11,67,45,11,1.44,1.1,2.54,/usa/new-york-red-bulls-vs-atlanta-united-fc-h2h-stats#4926210,8777,37,True,True,True,True,False,False,False,"['32', '45', '78', '90']",[]
MLS,2023,8777,4926211,16,677446,2023,complete,96848,0,-1,"['14', '39', '45+4', '68']",['50'],4,1,5,2,0,2,2,0,2,1,0,0,3,3,5,3,8,6,10,8,31,69,13891,12,48538,,,2,1,1.42,4.7,6.1,1.01,1.16,1.6,2.4,4.2,19.0,5.0,2.3,1.52,1.22,1.57,2.3,2.3,1.55,7.0,1.07,1.16,1.17,2.4,1.91,2.6,4.75,1.9,2.95,4.75,0,0,1.22,1.5,1.81,2.21,2.98,3.64,2.53,2.0,1.64,1.32,1.28,7.5,4.55,1.48,17.5,2.78,2.8,11.0,1.25,2.25,5.0,13.0,3.75,1.6,1.15,1.01,1.15,1.75,3.3,7.5,5.0,2.0,1.3,1.07,0,0,0,0,5,3,0,1,1,2,3,1687649400,16,0,36,18,18,0,-1,2,1,1,0,1,0,1,1,2,0,0,1,2,1,1,21,51,74,158,0.88,0.99,1.86,0,0,0,0,0,0,1,1,0,0,0,0,0,0,1,3,4,-1,-1,-1,-1,-1,-1,11,18,47,53,89,35,54,65,36,9.22,4.67,4.5,2.22,/clubs/philadelphia-union-16,teams/usa-philadelphia-union.png,Philadelphia Union,/clubs/club-internacional-de-futbol-miami-677446,teams/usa-club-internacional-de-futbol-miami.png,Inter Miami,2.17,0.65,2.22,0.38,1.72,0.88,89,83,54,47,11,59,46,40,1.61,1.2,2.81,/usa/philadelphia-union-vs-club-internacional-de-futbol-miami-h2h-stats#4926211,8777,34,True,True,True,True,True,False,True,"['14', '39', '45+4', '68']",['50']
MLS,2023,8777,4926212,698284,6,2023,complete,96848,0,-1,"['22', '32', '50']",[],3,0,3,7,3,10,0,3,5,3,0,0,4,3,3,5,7,8,9,13,51,49,13864,2339,20,,,5,3,1.99,3.65,3.3,1.04,1.22,1.65,2.62,4.5,10.0,4.0,2.2,1.44,1.17,1.67,2.1,3.0,1.33,4.33,1.18,1.22,1.25,1.91,2.38,2.25,3.8,2.2,2.5,3.7,0,0,1.18,1.36,1.7,2.11,2.36,4.1,2.79,2.13,1.71,1.51,1.5,6.5,3.1,1.62,12.0,2.5,3.3,7.0,1.33,2.38,5.5,12.0,3.25,1.53,1.12,1.02,1.22,1.91,3.75,8.0,4.0,1.8,1.25,1.06,0,0,0,0,3,2,0,1,0,1,2,1687656600,698284,0,53,32,26,0,-1,2,1,2,1,5,2,3,7,2,2,3,1,4,4,1,60,28,74,77,1.16,0.93,2.08,0,0,0,0,0,0,1,1,0,0,0,0,0,0,1,21,23,-1,-1,-1,-1,-1,-1,11,16,53,69,95,37,69,84,43,11.34,3.13,4.8,2.6,/clubs/austin-fc-698284,teams/usa-austin-fc.png,Austin,/clubs/houston-dynamo-6,teams/usa-houston-dynamo.png,Houston Dynamo,1.47,0.79,1.5,0.56,1.22,1.5,90,85,47,31,5,68,62,57,1.42,1.22,2.64,/usa/houston-dynamo-vs-austin-fc-h2h-stats#4926212,8777,34,True,True,True,False,False,False,False,"['22', '32', '50']",[]
MLS,2023,8777,4926213,8,7,2023,complete,96848,0,-1,[],['47'],0,1,1,7,1,8,0,2,2,3,0,0,4,5,7,4,11,9,10,14,66,34,58,18,21081,,,2,3,1.74,3.85,4.1,1.04,1.22,1.67,2.62,4.5,10.0,4.0,2.15,1.44,1.17,1.7,2.05,2.5,1.48,5.25,1.13,1.18,1.25,2.1,2.15,2.38,4.33,2.0,2.5,4.33,0,0,1.26,1.57,1.93,2.38,3.28,3.34,2.35,1.88,1.56,1.27,1.35,7.0,3.95,1.57,12.0,2.63,3.0,8.0,1.3,2.38,5.0,12.0,3.4,1.53,1.14,1.02,1.22,1.91,4.0,8.0,4.0,1.8,1.22,1.06,0,0,0,0,1,0,0,0,1,1,0,1687653000,7,0,56,28,28,0,18032,2,1,3,1,4,0,4,4,0,1,2,2,1,4,1,81,25,157,58,1.58,1.1,2.68,0,0,0,0,0,0,1,1,0,0,0,0,0,0,1,25,13,-1,-1,-1,1,0,1,28,28,67,73,89,39,73,84,56,9.45,4.0,4.45,2.89,/clubs/sporting-kansas-city-8,teams/usa-sporting-kansas-city.png,Sporting KC,/clubs/chicago-fire-7,teams/usa-chicago-fire.png,Chicago Fire,1.74,0.88,1.44,0.89,1.05,1.11,73,73,33,28,11,67,56,39,1.59,0.92,2.51,/usa/chicago-fire-vs-sporting-kansas-city-h2h-stats#4926213,8777,34,True,False,False,False,False,False,False,[],['47']
MLS,2023,8777,4926214,12,10,2023,complete,96848,0,-1,[],[],0,0,0,5,4,9,2,0,2,1,0,0,1,3,6,5,7,8,14,10,53,47,19912,11434,2,,,2,1,2.13,3.5,3.05,1.05,1.3,1.94,3.3,6.5,11.0,3.5,1.94,1.33,1.11,1.72,2.05,3.0,1.33,3.8,1.22,1.36,1.25,1.66,2.9,2.15,3.75,2.6,2.5,3.4,0,0,1.23,1.49,1.82,2.23,3.04,3.56,2.56,1.99,1.63,1.31,1.8,5.75,2.4,1.83,9.3,2.28,3.7,5.5,1.4,2.85,7.0,15.0,2.95,1.4,1.08,1.02,1.22,2.1,4.5,10.0,4.0,1.7,1.18,1.03,0,0,0,0,0,0,0,0,0,0,0,1687656600,-1,0,42,18,24,0,-1,2,1,4,2,1,2,6,3,0,0,2,1,0,3,1,47,25,110,71,0.87,0.9,1.77,0,0,0,0,0,0,1,1,0,0,0,0,0,0,1,30,13,-1,-1,-1,1,0,1,12,18,41,64,71,24,47,59,41,9.41,3.02,5.53,2.04,/clubs/colorado-rapids-12,teams/usa-colorado-rapids.png,Colorado Rapids,/clubs/la-galaxy-10,teams/usa-la-galaxy.png,LA Galaxy,1.0,0.71,0.5,0.67,0.72,0.82,89,83,60,36,30,59,47,41,1.4,1.14,2.54,/usa/la-galaxy-vs-colorado-rapids-h2h-stats#4926214,8777,34,False,False,False,False,False,False,False,[],[]
MLS,2023,8777,4926215,14,1015,2023,complete,96848,0,-1,"['79', '90+8']","['27', '39']",2,2,4,7,3,10,2,0,1,1,0,0,6,4,10,2,16,6,9,8,70,30,45098,8,5,,,1,1,2.17,3.55,2.96,1.04,1.22,1.7,2.62,4.5,10.0,4.0,2.1,1.44,1.17,1.6,2.25,3.0,1.33,4.33,1.18,1.44,1.29,1.53,2.8,2.25,3.1,2.7,2.4,3.0,0,0,1.16,1.33,1.66,2.02,2.48,4.3,2.93,2.2,1.79,1.45,1.44,6.5,3.4,1.85,12.0,2.1,4.5,5.0,1.33,2.5,5.5,12.0,3.25,1.5,1.12,1.02,1.22,1.91,3.75,8.0,4.0,1.8,1.25,1.06,0,0,0,0,4,0,2,2,0,2,2,1687656600,-1,0,42,16,21,0,-1,2,1,1,1,6,2,2,8,0,0,1,1,0,2,1,84,31,158,70,2.05,0.89,2.94,0,0,0,0,0,0,1,1,0,0,0,0,0,0,1,21,13,-1,-1,-1,-1,-1,-1,11,32,64,64,84,36,53,78,37,10.74,5.74,3.84,2.53,/clubs/real-salt-lake-14,teams/usa-real-salt-lake.png,Real Salt Lake,/clubs/minnesota-united-fc-1015,teams/usa-minnesota-united-fc.png,Minnesota United,1.28,1.18,1.0,1.2,1.37,1.18,90,68,37,37,17,63,47,47,1.8,1.23,3.03,/usa/real-salt-lake-vs-minnesota-united-fc-h2h-stats#4926215,8777,34,True,True,True,True,False,False,True,"['79', '90+8']","['27', '39']"
MLS,2023,8777,4926216,6490,5,2023,complete,96848,0,-1,"['45', '68']","['2', '23', '63']",2,3,5,3,5,8,2,0,2,3,0,0,9,9,5,4,14,13,12,10,62,38,13889,39588,41087,,,2,3,1.57,4.1,5.0,1.05,1.25,1.83,2.38,5.0,9.0,3.75,2.05,1.57,1.14,1.85,1.85,2.3,1.55,5.25,1.13,1.11,1.22,2.45,1.95,2.38,5.5,1.85,2.5,5.5,0,0,1.12,1.25,1.53,1.84,2.24,5.1,3.42,2.45,1.96,1.63,1.34,7.0,3.95,1.43,11.0,3.25,2.45,10.0,1.33,2.5,5.5,13.0,3.25,1.5,1.12,1.02,1.25,2.05,4.33,9.0,3.75,1.7,1.2,1.05,0,0,0,0,5,1,2,1,1,2,3,1687660200,5,0,65,27,24,0,-1,2,1,0,5,3,0,5,3,1,1,1,2,2,3,1,66,42,128,84,2.0,1.76,3.75,0,0,0,0,0,0,1,1,0,1,0,1,0,0,1,30,16,-1,-1,-1,1,0,1,6,26,57,77,88,40,88,64,43,13.03,4.11,4.57,2.51,/clubs/los-angeles-fc-6490,teams/usa-los-angeles-fc.png,Los Angeles FC,/clubs/vancouver-whitecaps-fc-5,teams/canada-vancouver-whitecaps-fc.png,Vancouver Whitecaps,2.05,1.0,2.22,0.43,1.88,1.29,95,75,44,24,13,75,69,69,1.8,1.28,3.08,/usa/vancouver-whitecaps-fc-vs-los-angeles-fc-h2h-stats#4926216,8777,36,True,True,True,True,True,False,True,"['45', '68']","['2', '23', '63']"
MLS,2023,8777,4926217,20,2,2023,complete,96848,0,-1,['38'],['51'],1,1,2,3,1,4,0,0,3,1,0,0,7,3,5,2,12,5,16,13,54,46,20,7206,27505,,,3,1,1.95,3.5,3.55,1.05,1.3,1.94,3.3,6.5,11.0,3.5,1.94,1.33,1.11,1.78,2.0,2.6,1.44,4.0,1.2,1.25,1.25,1.87,2.6,2.15,4.33,2.3,2.55,4.0,0,0,1.24,1.52,1.84,2.25,3.08,3.48,2.36,1.94,1.58,1.3,1.57,6.0,2.95,1.68,9.3,2.57,3.1,7.0,1.4,2.85,7.0,23.0,3.0,1.4,1.08,1.02,1.22,2.1,4.5,10.0,4.0,1.68,1.18,1.03,0,0,0,0,2,1,0,0,1,1,1,1687660200,-1,0,53,27,26,0,-1,2,1,0,0,3,1,0,4,0,0,3,1,0,4,1,56,26,140,87,1.67,0.73,2.4,0,0,0,0,0,0,1,1,0,0,0,0,0,0,1,26,9,-1,-1,-1,-1,-1,-1,11,27,38,58,90,27,59,79,26,8.32,2.53,4.86,2.22,/clubs/portland-timbers-20,teams/usa-portland-timbers.png,Portland Timbers,/clubs/new-york-city-fc-2,teams/usa-new-york-city-fc.png,New York City,1.76,0.65,1.56,0.5,1.11,1.05,90,74,62,42,11,59,59,42,1.47,0.91,2.38,/usa/new-york-city-fc-vs-portland-timbers-h2h-stats#4926217,8777,34,True,True,False,False,False,False,True,['38'],['51']
MLS,2023,8777,4926218,15,945555,2023,complete,96848,0,-1,['47'],"['41', '58']",1,2,3,6,3,9,1,1,3,3,0,0,9,5,2,2,11,7,17,11,63,37,42,12956,36880,,,3,3,2.23,3.8,2.72,1.04,1.22,1.65,2.62,4.75,10.0,4.0,2.2,1.44,1.15,1.62,2.2,3.3,1.29,4.0,1.2,1.36,1.29,1.62,2.62,2.25,3.3,2.5,2.4,3.2,0,0,1.21,1.42,1.75,2.19,2.91,3.74,2.65,2.0,1.6,1.33,1.69,8.0,2.54,1.8,11.0,2.2,4.0,5.8,1.33,2.5,5.5,12.0,3.25,1.5,1.12,1.02,1.22,1.91,3.75,8.0,4.0,1.8,1.25,1.06,0,0,0,0,3,0,1,1,1,2,1,1687660200,945555,0,53,36,18,0,-1,2,1,1,2,5,1,3,6,0,0,3,3,0,6,1,62,34,112,80,1.78,1.05,2.83,0,1,0,1,0,0,1,1,0,0,0,0,0,0,1,33,13,-1,-1,-1,-1,-1,-1,7,19,60,78,89,41,53,83,49,9.71,2.28,4.63,2.5,/clubs/san-jose-earthquakes-15,teams/usa-san-jose-earthquakes.png,SJ Earthquakes,/clubs/st-louis-city-sc-945555,teams/usa-st-louis-city-sc.png,St. Louis City,1.82,1.17,2.33,1.25,1.42,1.61,94,82,41,23,11,54,36,36,1.24,1.26,2.5,/usa/san-jose-earthquakes-vs-st-louis-city-sc-h2h-stats#4926218,8777,35,True,True,True,False,False,False,True,['47'],"['41', '58']"
MLS,2023,8777,4926219,18,17,2023,complete,96848,0,-1,[],[],0,0,0,5,7,12,3,0,3,2,0,0,2,3,10,8,12,11,12,5,44,56,84,25,21031,,,3,2,2.0,3.5,3.4,1.03,1.25,1.83,3.1,5.5,13.0,3.75,2.05,1.38,1.14,1.68,2.15,2.5,1.48,4.33,1.18,1.33,1.25,1.78,2.75,2.25,3.75,2.45,2.6,3.5,0,0,1.25,1.54,1.88,2.31,3.18,3.42,2.42,1.93,1.6,1.29,1.44,6.75,3.35,1.77,10.0,2.34,3.6,6.0,1.36,2.65,6.5,19.0,3.1,1.44,1.09,1.02,1.2,2.0,4.2,9.5,4.2,1.75,1.2,1.04,0,0,0,0,0,0,0,0,0,0,0,1687660200,-1,0,48,7,30,0,-1,2,1,4,5,1,2,9,3,1,1,2,1,2,3,1,48,44,88,104,1.25,1.23,2.48,0,0,0,0,0,0,1,1,0,0,1,0,0,0,1,19,25,-1,-1,-1,-1,-1,-1,0,24,58,75,90,23,50,79,59,10.4,3.5,4.05,2.47,/clubs/seattle-sounders-fc-18,teams/usa-seattle-sounders-fc.png,Seattle Sounders,/clubs/orlando-city-sc-17,teams/usa-orlando-city-sc.png,Orlando City,1.65,1.89,1.7,1.75,1.47,1.5,100,77,43,25,10,82,70,59,1.53,1.15,2.68,/usa/orlando-city-sc-vs-seattle-sounders-fc-h2h-stats#4926219,8777,37,False,False,False,False,False,False,False,[],[]
MLS,2023,8777,4926220,8043,11,2023,complete,96848,0,-1,"['11', '55']","['15', '24']",2,2,4,12,8,20,1,1,1,2,0,0,7,2,11,4,18,6,12,11,56,44,13889,40182,21032,,,1,2,2.1,3.55,3.26,1.0,1.22,1.72,2.63,4.75,10.5,3.8,2.05,1.43,1.15,1.6,2.2,3.0,1.33,4.2,1.19,1.33,1.3,1.73,2.83,2.27,4.08,2.4,2.63,3.38,0,0,0.0,0.0,1.83,0.0,0.0,0.0,0.0,1.98,0.0,0.0,0.0,0.0,0.0,1.74,14.5,2.23,3.5,6.5,1.36,2.63,6.0,12.0,3.29,1.52,1.11,1.03,1.19,1.93,3.92,8.0,4.4,1.82,1.23,1.06,0,0,0,0,4,1,2,1,0,1,3,1688254200,-1,0,42,16,26,0,-1,2,1,6,5,6,3,11,9,1,0,0,2,1,2,1,56,38,97,89,2.03,0.8,2.83,0,0,0,0,0,0,1,1,0,0,1,3,0,0,1,5,2,-1,-1,-1,-1,-1,-1,11,16,58,69,95,26,58,84,48,8.78,2.66,4.18,2.54,/clubs/fc-cincinnati-8043,teams/usa-fc-cincinnati.png,FC Cincinnati,/clubs/new-england-revolution-11,teams/usa-new-england-revolution.png,New England Revolution,2.35,0.83,3.0,1.33,2.26,1.89,90,84,42,31,6,54,49,43,1.19,1.19,2.38,/usa/new-england-revolution-vs-fc-cincinnati-h2h-stats#4926220,8777,36,True,True,True,True,False,False,True,"['11', '55']","['15', '24']"
MLS,2023,8777,4926221,9,4,2023,complete,96848,0,-1,"['19', '62']",['38'],2,1,3,2,8,10,2,1,2,3,0,0,3,4,2,3,5,7,8,17,60,40,13967,39282,13006,,,2,3,1.95,3.4,3.88,1.02,1.28,1.92,3.26,6.15,8.9,3.26,1.82,1.28,1.08,1.81,1.93,2.55,1.44,3.9,1.22,1.29,1.29,1.85,2.64,2.27,4.61,2.29,2.49,3.92,0,0,0.0,0.0,2.0,0.0,0.0,0.0,0.0,1.8,0.0,0.0,0.0,0.0,0.0,1.67,10.0,2.5,3.25,6.0,1.41,3.03,6.5,15.0,3.02,1.41,1.08,1.02,1.25,2.15,4.7,10.0,3.72,1.66,1.17,1.04,0,0,0,0,3,1,1,1,0,1,2,1688254200,9,0,47,10,20,0,-1,2,1,1,3,1,5,4,6,0,1,2,2,1,4,1,41,53,89,107,0.83,1.12,1.95,0,1,0,0,0,1,1,1,0,0,1,0,0,0,1,5,6,-1,-1,-1,-1,-1,-1,15,25,30,72,95,35,79,69,30,8.68,3.48,4.84,2.52,/clubs/columbus-crew-9,teams/usa-columbus-crew.png,Columbus Crew,/clubs/new-york-red-bulls-4,teams/usa-new-york-red-bulls.png,New York RB,2.45,0.94,2.3,0.78,1.63,1.21,85,75,70,28,6,31,31,21,1.77,1.41,3.18,/usa/new-york-red-bulls-vs-columbus-crew-h2h-stats#4926221,8777,37,True,True,True,False,False,False,True,"['19', '62']",['38']
MLS,2023,8777,4926222,677446,698284,2023,complete,96848,0,-1,['47'],['51'],1,1,2,2,7,9,6,4,5,1,0,0,9,4,4,4,13,8,17,11,54,46,45125,647,2339,,,5,1,2.43,3.5,2.72,1.04,1.25,1.75,2.94,5.5,13.75,3.97,2.01,1.41,1.15,1.62,2.2,3.4,1.27,3.6,1.25,1.48,1.3,1.52,3.0,2.15,3.2,2.65,2.6,2.85,0,0,0.0,0.0,1.88,0.0,0.0,0.0,0.0,1.93,0.0,0.0,0.0,0.0,0.0,1.88,14.0,2.0,4.5,5.0,1.35,2.6,6.75,19.0,3.0,1.45,1.1,1.02,1.18,1.96,4.2,10.0,4.4,1.77,1.2,1.04,0,0,0,0,2,0,0,1,1,2,0,1688254200,-1,0,60,24,41,0,-1,2,1,0,4,2,3,4,5,1,0,4,1,1,5,1,40,59,81,87,1.74,1.22,2.96,0,0,0,0,0,0,1,1,0,0,0,0,0,0,1,2,4,-1,-1,-1,-1,-1,-1,12,24,66,89,100,24,71,83,60,7.41,3.53,4.28,2.9,/clubs/club-internacional-de-futbol-miami-677446,teams/usa-club-internacional-de-futbol-miami.png,Inter Miami,/clubs/austin-fc-698284,teams/usa-austin-fc.png,Austin,1.35,0.82,1.33,0.88,0.83,1.32,89,77,35,11,0,54,54,49,1.12,1.06,2.18,/usa/club-internacional-de-futbol-miami-vs-austin-fc-h2h-stats#4926222,8777,34,True,True,False,False,False,False,True,['47'],['51']
MLS,2023,8777,4926223,1,2,2023,complete,96848,0,-1,[],['33'],0,1,1,10,3,13,5,3,1,3,0,0,3,7,9,3,12,10,14,8,58,42,13864,36107,27505,,,1,3,2.23,3.5,3.02,1.01,1.29,1.82,3.0,5.5,9.3,3.4,1.92,1.33,1.11,1.71,2.06,3.0,1.33,3.75,1.23,1.38,1.33,1.62,2.8,2.15,3.6,2.55,2.5,3.34,0,0,0.0,0.0,1.98,0.0,0.0,0.0,0.0,1.83,0.0,0.0,0.0,0.0,0.0,1.83,10.0,2.2,3.75,5.8,1.36,2.63,6.0,13.0,2.88,1.43,1.09,1.02,1.23,2.1,4.5,9.0,3.92,1.69,1.18,1.05,0,0,0,0,1,0,1,0,0,0,1,1688259780,2,0,34,9,20,0,-1,2,1,5,3,5,0,8,5,1,1,0,2,2,2,1,41,26,121,78,1.28,1.32,2.59,0,0,0,0,0,0,1,1,0,0,2,0,0,0,1,21,11,-1,-1,-1,-1,-1,-1,11,22,22,64,96,16,53,90,39,8.45,2.09,5.31,2.13,/clubs/montreal-impact-1,teams/canada-montreal-impact.png,Montreal Impact,/clubs/new-york-city-fc-2,teams/usa-new-york-city-fc.png,New York City,1.94,0.65,2.63,0.55,1.37,1.05,90,79,79,37,5,48,42,37,1.27,0.89,2.16,/usa/montreal-impact-vs-new-york-city-fc-h2h-stats#4926223,8777,34,True,False,False,False,False,False,False,[],['33']
MLS,2023,8777,4926224,17,7,2023,complete,96848,0,-1,"['38', '55', '75']",['66'],3,1,4,13,3,16,0,1,2,2,0,1,9,4,5,4,14,8,18,12,50,50,20,21031,21081,,,2,3,1.78,3.7,4.29,1.0,1.22,1.72,2.7,4.75,11.0,3.8,2.05,1.4,1.15,1.67,2.1,2.6,1.43,4.6,1.16,1.23,1.26,1.99,2.3,2.3,4.33,2.15,2.66,4.11,0,0,0.0,0.0,1.98,0.0,0.0,0.0,0.0,1.83,0.0,0.0,0.0,0.0,0.0,1.62,12.0,2.5,3.1,7.0,1.33,2.5,5.5,13.0,3.0,1.48,1.11,1.02,1.19,1.94,3.92,8.0,4.35,1.81,1.23,1.06,0,0,0,0,4,1,0,2,1,3,1,1688254200,17,0,50,20,20,0,-1,2,1,7,1,6,2,8,8,1,1,1,2,2,3,1,50,32,73,76,1.87,1.02,2.89,1,1,1,1,0,0,1,1,0,0,3,0,0,0,1,1,1,-1,-1,-1,-1,-1,-1,10,20,45,70,90,25,65,90,40,9.1,4.3,4.6,2.4,/clubs/orlando-city-sc-17,teams/usa-orlando-city-sc.png,Orlando City,/clubs/chicago-fire-7,teams/usa-chicago-fire.png,Chicago Fire,1.84,0.88,1.3,1.1,1.47,1.21,90,80,55,30,10,60,55,40,1.36,0.94,2.3,/usa/chicago-fire-vs-orlando-city-sc-h2h-stats#4926224,8777,34,True,True,True,True,False,False,True,"['38', '55', '75']",['66']
MLS,2023,8777,4926225,19,14,2023,complete,96848,0,-1,[],['90+2'],0,1,1,2,9,11,1,1,1,1,0,0,2,7,5,9,7,16,8,9,47,53,42,48693,8,,,1,1,2.05,3.65,3.3,1.05,1.25,1.72,2.88,5.0,8.0,3.6,2.05,1.36,1.13,1.67,2.1,2.8,1.37,4.1,1.2,1.3,1.29,1.79,2.73,2.32,4.13,2.34,2.57,3.62,0,0,0.0,0.0,1.88,0.0,0.0,0.0,0.0,1.93,0.0,0.0,0.0,0.0,0.0,1.73,10.0,2.38,3.6,6.0,1.33,2.5,5.75,13.0,3.0,1.48,1.1,1.02,1.21,2.02,4.15,9.0,4.15,1.75,1.21,1.05,0,0,0,0,1,0,0,0,1,1,0,1688254200,14,0,60,20,25,0,-1,2,1,2,4,0,5,6,5,1,0,0,1,1,1,1,46,58,111,116,0.93,1.92,2.85,0,0,0,0,0,0,1,1,0,0,0,0,0,0,1,2,5,-1,-1,-1,-1,-1,-1,5,25,50,80,85,30,75,80,50,9.0,3.0,4.1,2.45,/clubs/toronto-fc-19,teams/canada-toronto-fc.png,Toronto,/clubs/real-salt-lake-14,teams/usa-real-salt-lake.png,Real Salt Lake,1.06,1.53,1.5,1.7,0.95,1.35,95,75,50,20,15,65,35,25,1.33,1.31,2.64,/usa/real-salt-lake-vs-toronto-fc-h2h-stats#4926225,8777,34,True,False,False,False,False,False,False,[],['90+2']
MLS,2023,8777,4926226,13,6490,2023,complete,96848,0,-1,"['56', '90']",[],2,0,2,3,6,9,1,6,2,1,0,0,2,3,3,7,5,10,11,9,38,62,65601,21189,39588,,,2,1,2.8,3.5,2.37,1.04,1.3,1.79,3.3,6.5,12.0,3.5,1.96,1.33,1.11,1.7,2.0,3.4,1.27,3.1,1.31,1.53,1.3,1.43,3.2,2.1,2.95,2.95,2.45,2.65,0,0,0.0,0.0,0.0,0.0,0.0,0.0,0.0,0.0,0.0,0.0,0.0,0.0,0.0,2.12,9.5,1.94,5.5,4.0,1.37,2.7,6.75,18.5,2.85,1.41,1.09,1.01,1.23,2.05,4.2,10.0,3.8,1.68,1.19,1.04,0,0,0,0,2,0,0,2,0,2,0,1688257800,13,0,64,29,23,0,-1,2,1,2,3,1,3,5,4,1,1,1,0,2,1,1,20,78,98,126,0.62,1.41,2.03,0,0,0,0,0,0,1,1,0,0,0,0,0,1,1,14,29,-1,-1,-1,-1,-1,-1,7,18,60,82,88,36,66,88,53,9.91,2.72,4.03,2.53,/clubs/fc-dallas-13,teams/usa-fc-dallas.png,FC Dallas,/clubs/los-angeles-fc-6490,teams/usa-los-angeles-fc.png,Los Angeles FC,1.72,1.25,1.89,1.5,1.37,1.78,94,82,41,18,13,72,54,48,1.19,1.34,2.53,/usa/fc-dallas-vs-los-angeles-fc-h2h-stats#4926226,8777,37,True,True,False,False,False,False,False,"['56', '90']",[]
MLS,2023,8777,4926227,8,5,2023,complete,96848,0,-1,"['33', '45+2', '53']",[],3,0,3,7,8,15,0,5,2,1,0,0,4,2,10,4,14,6,10,9,63,37,13891,18,41087,,,2,1,1.9,3.75,3.68,1.02,1.22,1.62,2.8,5.0,15.0,4.2,2.21,1.44,1.16,1.63,2.1,2.8,1.38,4.75,1.16,1.26,1.26,1.88,2.37,2.25,3.9,2.15,2.6,3.7,0,0,0.0,0.0,1.85,0.0,0.0,0.0,0.0,1.95,0.0,0.0,0.0,0.0,0.0,1.66,14.5,2.38,3.3,7.0,1.31,2.4,5.75,15.5,3.1,1.49,1.12,1.02,1.19,1.87,3.7,8.5,4.33,1.8,1.24,1.06,0,0,0,0,3,2,0,1,0,1,2,1688257800,8,0,69,35,23,0,-1,2,1,5,5,2,3,10,5,0,0,2,1,0,3,1,62,34,108,78,1.61,0.77,2.39,0,0,0,0,0,0,1,1,0,0,0,2,0,0,1,15,16,-1,-1,-1,-1,-1,-1,22,34,62,79,89,52,79,78,44,11.13,3.25,4.33,2.84,/clubs/sporting-kansas-city-8,teams/usa-sporting-kansas-city.png,Sporting KC,/clubs/vancouver-whitecaps-fc-5,teams/canada-vancouver-whitecaps-fc.png,Vancouver Whitecaps,1.74,1.0,1.3,0.75,1.0,1.39,79,67,39,22,12,57,52,47,1.59,1.34,2.93,/usa/vancouver-whitecaps-fc-vs-sporting-kansas-city-h2h-stats#4926227,8777,36,True,True,True,False,False,False,False,"['33', '45+2', '53']",[]
MLS,2023,8777,4926228,1015,20,2023,complete,96848,0,-1,"['43', '45+4', '74', '77']",['60'],4,1,5,8,4,12,2,0,5,1,0,0,10,3,4,2,14,5,9,7,56,44,19912,5,7206,,,5,1,2.1,3.5,3.3,1.04,1.28,1.75,3.2,6.0,13.0,3.6,2.01,1.36,1.12,1.7,2.0,2.9,1.36,3.9,1.22,1.34,1.28,1.68,2.7,2.1,3.6,2.37,2.5,3.25,0,0,0.0,0.0,0.0,0.0,0.0,0.0,0.0,0.0,0.0,0.0,0.0,0.0,0.0,1.78,9.8,2.34,3.75,5.5,1.37,2.7,7.0,19.0,2.8,1.4,1.08,1.01,1.21,1.95,4.0,9.5,4.0,1.73,1.21,1.05,0,0,0,0,5,2,0,2,1,3,2,1688257800,1015,0,66,12,40,0,-1,2,1,4,1,4,3,5,7,4,0,1,1,4,2,1,58,31,106,97,2.01,0.77,2.77,0,0,0,0,0,0,1,1,0,0,0,0,0,0,1,27,16,-1,-1,-1,1,0,1,15,15,32,66,78,22,49,64,45,8.44,3.5,4.3,2.11,/clubs/minnesota-united-fc-1015,teams/usa-minnesota-united-fc.png,Minnesota United,/clubs/portland-timbers-20,teams/usa-portland-timbers.png,Portland Timbers,1.24,0.76,1.14,0.7,1.17,1.1,85,85,68,35,22,78,59,54,1.41,1.08,2.49,/usa/portland-timbers-vs-minnesota-united-fc-h2h-stats#4926228,8777,34,True,True,True,True,True,False,True,"['43', '45+4', '74', '77']",['60']
MLS,2023,8777,4926229,677447,13401,2023,complete,96848,0,-1,"['18', '37']",[],2,0,2,9,3,12,4,2,3,2,1,0,3,2,5,11,8,13,17,11,44,56,5016,24795,38056,,,4,2,1.87,3.65,3.9,1.03,1.25,1.79,3.1,6.0,13.0,3.75,1.96,1.36,1.12,1.73,1.95,2.55,1.44,4.5,1.18,1.24,1.26,1.93,2.35,2.2,4.2,2.1,2.55,3.9,0,0,0.0,0.0,1.95,0.0,0.0,0.0,0.0,1.85,0.0,0.0,0.0,0.0,0.0,1.64,9.8,2.63,3.0,7.0,1.35,2.6,6.5,17.5,2.95,1.43,1.1,1.01,1.22,2.0,4.1,9.75,3.9,1.71,1.2,1.05,0,0,0,0,2,2,0,0,0,0,2,1688257800,677447,0,55,15,30,0,30109,2,1,4,1,5,2,5,7,2,1,2,1,3,3,1,47,74,70,121,1.06,1.5,2.56,0,0,0,0,0,0,1,1,0,0,3,0,0,0,1,15,16,-1,-1,-1,-1,-1,-1,5,30,55,75,85,25,65,80,55,10.3,4.9,4.1,2.5,/clubs/nashville-sc-mls-677447,teams/usa-nashville-sc-mls.png,Nashville SC,/clubs/dc-united-13401,teams/usa-dc-united.png,DC United,1.72,0.94,2.3,1.1,1.75,1.3,95,70,45,25,15,70,60,50,1.49,1.41,2.9,/usa/dc-united-vs-nashville-sc-mls-h2h-stats#4926229,8777,34,True,True,False,False,False,False,False,"['18', '37']",[]
MLS,2023,8777,4926230,945555,12,2023,complete,96848,0,-1,"['4', '11']",[],2,0,2,5,9,14,2,0,0,1,0,0,7,3,8,4,15,7,7,10,40,60,24,36880,11434,,,0,1,1.86,3.7,3.89,1.03,1.25,1.72,3.1,5.5,13.0,3.75,2.05,1.38,1.14,1.66,2.05,2.7,1.4,4.6,1.17,1.25,1.26,1.88,2.4,2.2,4.0,2.15,2.6,3.7,0,0,0.0,0.0,1.88,0.0,0.0,0.0,0.0,1.93,0.0,0.0,0.0,0.0,0.0,1.67,10.25,2.53,3.2,7.0,1.34,2.5,6.25,16.5,3.0,1.46,1.1,1.01,1.19,1.9,3.8,8.75,4.2,1.78,1.23,1.06,0,0,0,0,2,2,0,0,0,0,2,1688257800,945555,0,50,15,35,0,22423,2,1,4,3,1,6,7,7,0,0,0,1,0,1,1,41,50,95,122,1.74,1.03,2.77,0,0,0,0,0,0,1,1,1,0,3,0,0,0,1,23,18,-1,-1,-1,1,0,2,10,50,65,80,95,40,60,95,65,8.5,3.3,5.2,3.05,/clubs/st-louis-city-sc-945555,teams/usa-st-louis-city-sc.png,St. Louis City,/clubs/colorado-rapids-12,teams/usa-colorado-rapids.png,Colorado Rapids,1.94,0.59,1.9,0.9,1.68,0.74,90,50,35,20,5,55,45,45,1.48,0.97,2.45,/usa/colorado-rapids-vs-st-louis-city-sc-h2h-stats#4926230,8777,34,True,True,False,False,False,False,False,"['4', '11']",[]
MLS,2023,8777,4926231,15,10,2023,complete,96848,0,-1,"['42', '81']","['31', '47']",2,2,4,7,5,12,1,0,3,3,0,0,3,7,7,3,10,10,12,6,47,53,13851,12956,2,,,3,3,2.02,3.7,3.34,1.01,1.17,1.6,2.5,4.7,12.0,4.3,2.25,1.45,1.15,1.59,2.33,3.1,1.32,4.4,1.18,1.25,1.28,1.7,2.65,2.35,3.6,2.4,2.7,3.4,0,0,0.0,0.0,1.83,0.0,0.0,0.0,0.0,1.98,0.0,0.0,0.0,0.0,0.0,1.73,13.0,2.25,3.8,6.0,1.3,2.45,5.5,17.0,3.4,1.52,1.12,1.02,1.18,1.87,3.75,8.5,4.5,1.87,1.25,1.05,0,0,0,0,4,1,1,1,1,2,2,1688265000,-1,0,45,20,20,0,-1,2,1,5,3,2,2,8,4,1,1,2,2,2,4,1,56,30,110,72,1.26,1.34,2.6,0,0,0,0,0,0,1,1,0,0,1,0,0,0,1,20,16,-1,-1,-1,1,0,1,5,10,50,70,75,30,55,70,40,10.1,3.4,4.7,2.1,/clubs/san-jose-earthquakes-15,teams/usa-san-jose-earthquakes.png,SJ Earthquakes,/clubs/la-galaxy-10,teams/usa-la-galaxy.png,LA Galaxy,1.82,0.71,2.1,0.7,1.35,0.83,95,90,50,30,25,60,35,30,1.3,1.11,2.41,/usa/la-galaxy-vs-san-jose-earthquakes-h2h-stats#4926231,8777,34,True,True,True,True,False,False,True,"['42', '81']","['31', '47']"
MLS,2023,8777,4926232,18,6,2023,complete,96848,0,-1,['67'],[],1,0,1,4,1,5,1,2,2,3,0,1,5,2,3,3,8,5,13,10,57,43,13812,25,20,,,2,4,1.8,3.8,4.06,1.02,1.25,1.87,3.2,5.7,9.5,3.5,1.87,1.3,1.1,1.91,1.91,2.35,1.51,4.33,1.19,1.2,1.27,1.85,2.47,2.27,5.13,2.1,2.54,4.33,0,0,0.0,0.0,0.0,0.0,0.0,0.0,0.0,0.0,0.0,0.0,0.0,0.0,0.0,1.53,9.1,2.75,2.9,8.0,1.35,2.7,6.3,21.0,2.9,1.4,1.08,1.02,1.22,2.1,4.5,13.0,4.0,1.67,1.18,1.04,0,0,0,0,1,0,0,1,0,1,0,1688265000,18,0,34,15,15,0,-1,2,1,1,1,3,0,2,3,1,0,1,4,1,5,1,60,22,122,65,1.3,0.62,1.93,0,0,0,0,0,0,1,1,0,0,0,0,0,0,1,26,19,-1,-1,-1,-1,-1,-1,5,10,48,63,87,29,63,72,39,11.03,3.59,4.91,2.27,/clubs/seattle-sounders-fc-18,teams/usa-seattle-sounders-fc.png,Seattle Sounders,/clubs/houston-dynamo-6,teams/usa-houston-dynamo.png,Houston Dynamo,1.65,0.79,1.64,0.5,1.45,1.42,95,91,52,38,14,80,71,56,1.5,1.19,2.69,/usa/houston-dynamo-vs-seattle-sounders-fc-h2h-stats#4926232,8777,38,True,False,False,False,False,False,False,['67'],[]
MLS,2023,8777,4926233,1016,16,2023,complete,96848,0,-1,"['7', '79']",[],2,0,2,6,3,9,0,6,2,4,0,0,7,1,1,5,8,6,9,14,52,48,15,40852,12,,,2,4,1.82,3.55,3.85,1.01,1.17,1.65,2.31,4.7,12.0,4.3,2.06,1.56,1.15,1.57,2.3,3.4,1.27,4.0,1.21,1.44,1.22,1.62,3.13,2.24,3.67,2.65,2.65,3.1,0,0,0.0,0.0,0.0,0.0,0.0,0.0,0.0,0.0,0.0,0.0,0.0,0.0,0.0,1.82,16.0,2.05,4.2,5.5,1.37,2.64,5.3,15.5,3.25,1.52,1.12,1.02,1.22,1.85,3.75,7.5,4.0,1.85,1.25,1.07,0,0,0,0,2,1,0,1,0,1,1,1688328000,1016,0,74,27,47,0,-1,2,1,3,1,3,2,4,5,0,1,2,3,1,5,1,46,48,84,80,1.33,0.8,2.14,0,0,0,0,0,0,1,1,1,0,0,0,0,1,1,15,22,-1,-1,-1,-1,-1,-1,16,52,74,84,100,37,90,90,62,9.87,3.67,5.08,3.35,/clubs/atlanta-united-fc-1016,teams/usa-atlanta-united-fc.png,Atlanta United FC,/clubs/philadelphia-union-16,teams/usa-philadelphia-union.png,Philadelphia Union,2.06,1.16,2.1,1.22,1.45,1.79,85,48,27,16,0,58,38,38,1.56,1.32,2.88,/usa/philadelphia-union-vs-atlanta-united-fc-h2h-stats#4926233,8777,37,True,True,False,False,False,False,False,"['7', '79']",[]
MLS,2023,8777,4926234,677446,9,2023,complete,96848,0,-1,"['57', '90']","['23', '69']",2,2,4,2,5,7,2,4,1,2,0,0,5,4,2,7,7,11,9,10,61,39,58,647,39282,,,1,2,2.2,3.6,2.9,1.03,1.19,1.67,2.4,4.2,16.0,4.33,2.1,1.49,1.22,1.57,2.25,4.2,1.19,3.6,1.25,1.65,1.31,1.42,3.1,2.25,3.2,2.75,2.7,2.88,0,0,1.47,1.78,2.22,2.93,4.2,2.63,2.02,1.65,1.33,1.17,2.5,6.5,1.83,1.8,14.0,2.05,5.8,4.33,1.33,2.63,6.5,19.0,3.25,1.44,1.11,1.02,1.18,1.83,3.75,10.0,4.5,1.83,1.25,1.06,0,0,0,0,4,0,1,2,1,3,1,1688513400,-1,0,69,21,42,0,-1,2,1,1,4,1,1,5,2,0,1,1,1,1,2,1,46,42,101,92,1.14,1.28,2.42,0,0,0,0,0,0,1,1,0,0,0,0,0,0,1,15,14,-1,-1,-1,-1,-1,-1,16,27,53,85,100,21,69,85,59,7.6,3.42,5.22,2.8,/clubs/club-internacional-de-futbol-miami-677446,teams/usa-club-internacional-de-futbol-miami.png,Inter Miami,/clubs/columbus-crew-9,teams/usa-columbus-crew.png,Columbus Crew,1.35,1.15,1.3,0.89,0.84,1.7,84,74,47,16,0,31,26,16,1.18,1.22,2.4,/usa/columbus-crew-vs-club-internacional-de-futbol-miami-h2h-stats#4926234,8777,34,True,True,True,True,False,False,True,"['57', '90']","['23', '69']"
MLS,2023,8777,4926235,17,19,2023,complete,96848,0,-1,"['16', '22', '77', '84']",[],4,0,4,8,2,10,0,1,1,3,0,1,9,0,5,4,14,4,12,10,59,41,5016,21031,48693,,,1,4,2.0,3.5,3.6,1.01,1.16,1.85,2.38,4.15,10.5,4.5,1.85,1.5,1.18,1.8,1.95,2.2,1.58,6.5,1.09,1.1,1.18,2.76,2.63,2.2,4.33,2.25,2.98,3.75,0,0,1.25,1.47,1.83,2.45,3.4,3.4,2.4,1.8,1.46,1.26,1.32,7.0,4.25,1.62,17.0,2.6,2.3,11.0,1.4,2.75,8.0,23.0,2.75,1.4,1.08,1.01,1.22,2.1,4.5,13.0,4.0,1.67,1.18,1.04,0,0,0,0,4,2,0,2,0,2,2,1688513400,17,0,53,10,29,0,-1,2,1,4,2,4,0,6,4,0,1,1,3,1,4,1,67,22,116,62,2.0,0.42,2.42,0,0,0,0,0,0,1,1,0,0,0,1,0,0,1,12,12,-1,-1,-1,-1,-1,-1,10,24,38,76,86,19,57,86,48,9.25,3.32,3.22,2.38,/clubs/orlando-city-sc-17,teams/usa-orlando-city-sc.png,Orlando City,/clubs/toronto-fc-19,teams/canada-toronto-fc.png,Toronto,1.84,0.24,1.45,0.4,1.55,0.9,90,77,62,24,15,53,43,38,1.41,0.97,2.38,/usa/orlando-city-sc-vs-toronto-fc-h2h-stats#4926235,8777,34,True,True,True,True,False,False,False,"['16', '22', '77', '84']",[]
MLS,2023,8777,4926236,13,13401,2023,complete,96848,0,-1,[],['73'],0,1,1,0,3,3,1,2,0,3,0,0,1,2,9,3,10,5,14,8,46,54,14023,21189,38056,,,0,3,2.2,3.4,3.1,1.05,1.29,1.91,3.35,6.75,13.0,3.65,1.79,1.33,1.12,1.67,2.1,2.8,1.38,3.3,1.28,1.4,1.34,1.64,3.0,2.2,3.4,2.63,2.45,3.0,0,0,1.26,1.5,1.88,2.5,3.5,3.3,2.3,1.77,1.44,1.24,1.66,7.0,2.7,1.8,11.0,2.2,3.8,5.0,1.36,2.63,7.0,21.0,3.0,1.44,1.1,1.02,1.2,2.0,4.0,11.0,4.33,1.73,1.22,1.05,0,0,0,0,1,0,0,0,1,1,0,1688517000,13401,0,63,24,33,0,-1,2,1,0,1,0,2,1,2,0,2,0,1,2,1,1,42,32,94,115,1.01,0.71,1.72,0,0,0,0,0,0,1,1,0,0,0,1,0,0,1,20,15,-1,-1,-1,1,0,1,5,19,53,82,91,38,53,82,63,9.15,3.56,4.16,2.48,/clubs/fc-dallas-13,teams/usa-fc-dallas.png,FC Dallas,/clubs/dc-united-13401,teams/usa-dc-united.png,DC United,1.72,0.94,2.0,1.0,1.45,1.24,96,82,48,19,9,67,47,43,1.13,1.41,2.54,/usa/fc-dallas-vs-dc-united-h2h-stats#4926236,8777,34,True,False,False,False,False,False,False,[],['73']
MLS,2023,8777,4926237,12,20,2023,complete,96848,0,-1,[],[],0,0,0,6,3,9,1,1,1,3,0,0,1,2,7,4,8,6,6,5,54,46,84,11434,7206,,,1,3,2.2,3.3,3.3,1.04,1.25,1.89,2.88,5.0,13.0,3.6,1.81,1.36,1.13,1.91,1.91,2.8,1.38,4.2,1.19,1.29,1.3,1.7,2.88,2.1,3.75,2.5,2.38,3.4,0,0,1.23,1.44,1.78,2.35,3.25,3.6,2.5,1.85,1.49,1.28,1.54,6.25,3.0,1.73,11.0,2.38,3.6,5.8,1.44,3.25,9.0,26.0,2.63,1.33,1.07,1.01,1.25,2.2,5.0,15.0,3.75,1.62,1.17,1.03,0,0,0,0,0,0,0,0,0,0,0,1689210000,-1,0,57,20,38,0,-1,2,1,2,1,4,2,3,6,0,0,1,3,0,4,1,45,34,58,56,0.9,0.77,1.67,0,0,0,0,0,0,1,1,0,0,0,0,0,0,1,28,29,-1,-1,-1,1,0,1,23,23,48,57,67,33,43,62,42,8.16,2.46,5.08,2.22,/clubs/colorado-rapids-12,teams/usa-colorado-rapids.png,Colorado Rapids,/clubs/portland-timbers-20,teams/usa-portland-timbers.png,Portland Timbers,1.0,0.76,0.8,0.64,0.81,1.05,77,77,53,43,34,62,47,43,1.33,1.05,2.38,/usa/colorado-rapids-vs-portland-timbers-h2h-stats#4926237,8777,34,False,False,False,False,False,False,False,[],[]
MLS,2023,8777,4926238,10,945555,2023,complete,96848,0,-1,"['53', '82']","['4', '28']",2,2,4,8,2,10,0,3,2,4,0,1,8,3,6,2,14,5,10,11,70,30,45125,2,36880,,,2,5,1.85,3.9,3.75,1.04,1.14,1.41,2.18,3.6,10.0,5.5,2.78,1.61,1.28,1.44,2.63,3.4,1.27,5.75,1.12,1.29,1.23,1.87,2.38,2.5,3.75,2.1,2.8,3.5,0,0,1.2,1.39,1.7,2.2,3.0,3.9,2.65,1.95,1.55,1.32,1.66,8.0,2.6,1.53,11.0,2.4,4.2,7.5,1.25,2.1,4.5,13.0,3.75,1.67,1.18,1.04,1.13,1.62,3.0,6.5,6.0,2.2,1.36,1.11,0,0,0,0,4,0,2,2,0,2,2,1694390400,-1,0,61,32,37,0,-1,2,1,3,1,5,1,4,6,0,1,2,4,1,6,1,58,29,119,77,1.87,0.75,2.62,1,0,1,0,0,0,1,1,0,1,0,0,0,0,1,24,16,-1,-1,-1,-1,-1,-1,8,28,68,84,96,37,57,84,64,12.12,1.68,4.85,2.84,/clubs/la-galaxy-10,teams/usa-la-galaxy.png,LA Galaxy,/clubs/st-louis-city-sc-945555,teams/usa-st-louis-city-sc.png,St. Louis City,1.41,1.17,1.5,1.23,1.16,1.74,92,72,32,16,4,72,61,56,1.62,1.18,2.8,/usa/la-galaxy-vs-st-louis-city-sc-h2h-stats#4926238,8777,34,True,True,True,True,False,False,True,"['53', '82']","['4', '28']"
MLS,2023,8777,4926239,2,711351,2023,complete,96848,0,-1,['81'],['17'],1,1,2,6,1,7,5,0,2,1,0,0,5,2,11,1,16,3,10,14,58,42,45125,27505,44668,,,2,1,2.01,3.12,3.21,1.03,1.25,1.8,3.1,5.5,13.0,3.75,1.8,1.38,1.14,1.75,2.0,2.65,1.42,4.6,1.17,1.24,1.26,1.9,2.6,2.2,4.33,2.25,2.55,3.75,0,0,1.27,1.5,1.87,2.45,3.4,3.55,2.48,1.87,1.5,1.29,1.65,7.0,2.7,1.57,13.0,2.6,3.1,7.5,1.4,2.75,8.0,21.0,2.75,1.4,1.08,1.02,1.22,2.0,4.33,11.0,4.0,1.73,1.2,1.05,0,0,0,0,2,0,1,1,0,1,1,1688599800,-1,0,74,11,38,0,-1,2,1,4,1,2,0,5,2,0,0,2,1,0,3,1,47,19,113,77,1.7,0.48,2.19,0,0,0,0,0,0,1,1,0,0,0,0,0,0,1,4,0,-1,-1,-1,-1,-1,-1,11,52,68,79,95,42,74,89,58,8.4,4.39,6.31,3.09,/clubs/new-york-city-fc-2,teams/usa-new-york-city-fc.png,New York City,/clubs/charlotte-fc-711351,teams/usa-charlotte-fc.png,Charlotte,1.76,0.94,1.67,1.1,1.14,1.2,90,48,32,21,6,59,37,26,1.47,1.0,2.47,/usa/new-york-city-fc-vs-charlotte-fc-h2h-stats#4926239,8777,34,True,True,False,False,False,False,True,['81'],['17']
MLS,2023,8777,4926240,711351,8043,2023,complete,96848,0,-1,"['14', '24']","['52', '68']",2,2,4,3,4,7,1,0,5,3,0,1,3,4,4,3,7,7,16,10,49,51,15,44668,40182,,,5,4,2.06,3.45,2.82,1.04,1.28,1.86,3.1,6.0,12.0,3.75,2.02,1.36,1.12,1.65,2.1,3.0,1.33,3.9,1.22,1.35,1.28,1.65,2.7,2.15,3.5,2.45,2.5,3.2,0,0,1.26,1.57,1.93,2.37,3.5,3.4,2.26,1.86,1.51,1.25,1.55,6.0,3.0,1.83,9.8,2.25,3.9,5.5,1.35,2.55,6.25,17.0,2.95,1.44,1.1,1.01,1.2,1.95,4.0,9.25,4.1,1.75,1.21,1.05,0,0,0,0,4,2,0,0,2,2,2,1688859000,-1,0,58,26,37,0,-1,2,1,1,2,2,2,3,4,2,2,3,2,4,5,1,32,43,70,99,0.89,1.04,1.93,0,1,0,1,0,0,1,1,0,0,0,0,0,0,1,4,8,-1,-1,-1,-1,-1,-1,21,32,52,69,90,42,69,63,42,9.09,2.66,4.62,2.79,/clubs/charlotte-fc-711351,teams/usa-charlotte-fc.png,Charlotte,/clubs/fc-cincinnati-8043,teams/usa-fc-cincinnati.png,FC Cincinnati,1.53,1.61,1.3,1.44,1.19,2.2,79,69,48,32,11,52,42,26,1.18,1.32,2.5,/usa/fc-cincinnati-vs-charlotte-fc-h2h-stats#4926240,8777,35,True,True,True,True,False,False,True,"['14', '24']","['52', '68']"
MLS,2023,8777,4926241,9,2,2023,complete,96848,0,-1,['90+4'],['75'],1,1,2,3,6,9,2,4,6,4,1,0,5,9,5,4,10,13,14,8,61,39,65601,39282,27505,,,7,4,1.63,3.61,4.15,1.02,1.25,1.8,3.2,5.7,9.5,3.5,1.8,1.3,1.1,1.75,1.95,2.3,1.53,4.5,1.17,1.12,1.25,2.1,2.2,2.15,4.8,2.05,2.55,4.33,0,0,1.29,1.6,1.97,2.45,3.75,3.1,2.21,1.81,1.47,1.22,1.28,7.0,4.6,1.57,9.0,2.7,2.75,8.0,1.4,2.7,6.5,19.0,2.75,1.4,1.08,1.01,1.22,2.0,4.3,10.0,3.8,1.72,1.18,1.04,0,0,0,0,2,0,0,1,1,2,0,1688859000,-1,0,57,22,31,0,-1,2,1,1,2,1,3,3,4,2,1,5,3,3,8,1,65,33,133,65,1.46,1.69,3.15,0,0,0,0,0,0,1,1,0,0,0,0,0,0,1,4,1,-1,-1,-1,-1,-1,-1,18,31,41,79,96,45,75,78,40,8.39,2.98,3.7,2.78,/clubs/columbus-crew-9,teams/usa-columbus-crew.png,Columbus Crew,/clubs/new-york-city-fc-2,teams/usa-new-york-city-fc.png,New York City,2.45,0.65,2.36,0.75,1.67,1.14,83,69,60,21,4,48,48,30,1.68,0.93,2.61,/usa/new-york-city-fc-vs-columbus-crew-h2h-stats#4926241,8777,34,True,True,False,False,False,False,True,['90+4'],['75']
MLS,2023,8777,4926242,13401,677446,2023,complete,96848,0,-1,"['65', '77']","['59', '68']",2,2,4,6,2,8,5,2,3,3,0,0,9,6,6,3,15,9,12,10,45,55,13812,38056,647,,,3,3,1.65,3.7,3.94,1.03,1.22,1.72,2.8,5.0,13.0,4.2,2.12,1.44,1.16,1.78,2.0,2.6,1.43,5.0,1.15,1.14,1.18,2.45,2.1,2.4,5.5,1.9,2.85,5.0,0,0,1.33,1.68,2.07,2.76,3.74,2.93,2.11,1.71,1.39,1.21,1.45,8.5,3.33,1.48,11.0,3.0,2.7,9.5,1.33,2.55,6.0,17.0,3.3,1.5,1.11,1.02,1.18,1.9,3.75,8.5,4.5,1.83,1.25,1.05,0,0,0,0,4,0,0,2,2,4,0,1688859000,-1,0,52,6,42,0,-1,2,1,1,1,5,1,2,6,1,2,2,1,3,3,1,51,32,102,68,1.95,1.22,3.17,0,0,0,0,0,0,1,1,0,0,0,0,0,1,1,2,8,-1,-1,-1,-1,-1,-1,11,21,57,78,100,22,69,79,62,7.16,2.79,4.43,2.67,/clubs/dc-united-13401,teams/usa-dc-united.png,DC United,/clubs/club-internacional-de-futbol-miami-677446,teams/usa-club-internacional-de-futbol-miami.png,Inter Miami,1.41,0.65,1.5,0.33,1.32,0.85,90,79,43,22,0,42,26,16,1.37,1.18,2.55,/usa/dc-united-vs-club-internacional-de-futbol-miami-h2h-stats#4926242,8777,34,True,True,True,True,False,False,True,"['65', '77']","['59', '68']"
MLS,2023,8777,4926246,1,1016,2023,complete,96848,0,-1,[],['54'],0,1,1,3,3,6,2,1,3,2,0,0,1,3,9,2,10,5,18,16,56,44,13967,36107,40852,,,3,2,1.83,3.52,3.32,1.03,1.21,1.7,2.7,5.0,16.0,4.4,2.15,1.44,1.17,1.62,2.2,3.25,1.29,4.0,1.21,1.38,1.28,1.62,2.88,2.3,3.4,2.5,2.55,3.0,0,0,1.23,1.44,1.83,2.35,3.25,3.6,2.5,1.98,1.49,1.28,1.91,8.0,2.2,1.73,14.0,2.2,4.2,5.5,1.33,2.5,6.5,19.0,3.25,1.5,1.11,1.02,1.18,1.83,3.75,10.0,4.5,1.83,1.25,1.06,0,0,0,0,1,0,0,0,1,1,0,1688859000,1016,0,41,10,36,0,19619,2,1,1,1,2,2,2,4,0,0,3,2,0,5,1,58,29,116,65,1.13,0.74,1.87,0,0,0,0,0,0,1,1,0,0,0,0,0,0,1,6,3,-1,-1,-1,-1,-1,-1,16,36,46,73,95,26,63,79,57,9.72,3.34,5.69,2.81,/clubs/montreal-impact-1,teams/canada-montreal-impact.png,Montreal Impact,/clubs/atlanta-united-fc-1016,teams/usa-atlanta-united-fc.png,Atlanta United FC,1.94,0.89,2.33,0.8,1.3,1.52,85,64,54,27,5,68,52,32,1.27,1.07,2.34,/usa/montreal-impact-vs-atlanta-united-fc-h2h-stats#4926246,8777,34,True,False,False,False,False,False,False,[],['54']
MLS,2023,8777,4926247,4,11,2023,complete,96848,0,-1,"['58', '85']",['76'],2,1,3,9,5,14,1,3,3,1,0,1,7,3,7,5,14,8,12,13,58,42,69,13006,21032,,,3,3,1.84,3.62,4.46,1.05,1.36,2.03,3.75,7.5,10.0,3.2,1.81,1.25,1.08,1.91,1.91,2.37,1.51,4.0,1.21,1.25,1.25,1.9,2.5,2.2,4.5,2.2,2.45,4.0,0,0,1.26,1.57,1.93,2.38,3.2,3.34,2.26,1.88,1.5,1.28,1.37,9.0,3.83,1.57,10.0,2.63,3.0,6.5,1.4,3.0,8.0,23.0,2.75,1.36,1.08,1.01,1.25,2.1,5.0,13.0,3.75,1.67,1.17,1.04,0,0,0,0,3,0,0,2,1,3,0,1688859000,4,0,50,15,20,0,-1,2,1,5,2,4,3,7,7,0,1,3,1,1,4,1,86,26,129,67,2.0,0.91,2.91,0,0,0,0,0,0,1,1,0,0,0,0,0,1,1,3,6,-1,-1,-1,-1,-1,-1,5,25,55,75,90,30,60,75,55,10.5,2.9,4.1,2.55,/clubs/new-york-red-bulls-4,teams/usa-new-york-red-bulls.png,New York RB,/clubs/new-england-revolution-11,teams/usa-new-england-revolution.png,New England Revolution,1.58,0.83,1.6,1.3,1.15,1.85,95,75,45,25,10,60,45,30,1.43,1.15,2.58,/usa/new-york-red-bulls-vs-new-england-revolution-h2h-stats#4926247,8777,36,True,True,True,False,False,False,True,"['58', '85']",['76']
MLS,2023,8777,4926248,19,945555,2023,complete,96848,0,-1,[],['50'],0,1,1,5,7,12,2,2,1,2,0,0,3,6,5,9,8,15,10,14,62,38,45125,48693,36880,,,1,2,1.97,3.38,3.05,1.03,1.22,1.8,2.9,5.5,13.0,4.0,1.8,1.4,1.15,1.6,2.25,2.75,1.39,3.9,1.22,1.45,1.25,1.57,3.0,2.25,3.3,2.75,2.6,3.0,0,0,1.25,1.47,1.88,2.4,3.4,3.5,2.4,1.93,1.46,1.26,2.1,8.0,1.95,1.85,11.0,2.05,3.5,5.8,1.35,2.6,6.0,19.0,3.25,1.47,1.11,1.01,1.2,1.95,4.0,9.0,4.33,1.8,1.22,1.04,0,0,0,0,1,0,0,0,1,1,0,1688859000,945555,0,51,21,26,0,-1,2,1,3,1,2,6,4,8,0,1,1,1,1,2,1,59,43,136,99,1.16,1.68,2.84,0,0,0,0,0,0,1,1,0,0,0,0,0,0,1,3,3,-1,-1,-1,-1,-1,-1,6,26,47,77,91,26,56,86,57,8.77,2.11,4.4,2.46,/clubs/toronto-fc-19,teams/canada-toronto-fc.png,Toronto,/clubs/st-louis-city-sc-945555,teams/usa-st-louis-city-sc.png,St. Louis City,1.06,1.17,1.36,1.44,0.86,1.75,95,75,53,24,9,70,45,36,1.3,1.23,2.53,/usa/toronto-fc-vs-st-louis-city-sc-h2h-stats#4926248,8777,34,True,False,False,False,False,False,False,[],['50']
MLS,2023,8777,4926249,7,677447,2023,complete,96848,0,-1,['34'],[],1,0,1,2,10,12,0,1,1,2,0,0,1,2,3,8,4,10,6,12,42,58,84,21081,24795,,,1,2,2.36,3.38,3.07,1.04,1.28,1.91,3.15,6.0,13.0,3.6,1.92,1.35,1.13,1.7,2.05,3.0,1.33,3.6,1.25,1.4,1.25,1.6,3.0,2.2,3.5,2.6,2.5,3.1,0,0,1.26,1.5,2.0,2.5,3.5,3.3,2.35,1.8,1.44,1.24,1.95,8.0,2.1,1.73,11.0,2.2,3.9,5.0,1.36,2.75,8.0,21.0,3.0,1.4,1.08,1.02,1.22,2.0,4.33,11.0,4.0,1.73,1.2,1.05,0,0,0,0,1,1,0,0,0,0,1,1688862600,7,0,64,21,27,0,-1,2,1,1,3,1,7,4,8,0,1,1,1,1,2,1,43,54,77,115,0.64,1.17,1.81,0,0,0,0,0,0,1,1,0,0,0,0,0,0,1,23,26,-1,-1,-1,-1,-1,-1,11,17,43,74,90,32,74,79,27,9.33,4.99,4.26,2.45,/clubs/chicago-fire-7,teams/usa-chicago-fire.png,Chicago Fire,/clubs/nashville-sc-mls-677447,teams/usa-nashville-sc-mls.png,Nashville SC,1.47,1.0,1.33,1.2,1.15,1.81,89,84,57,26,11,42,37,21,1.03,0.98,2.01,/usa/chicago-fire-vs-nashville-sc-mls-h2h-stats#4926249,8777,34,True,False,False,False,False,False,False,['34'],[]
MLS,2023,8777,4926250,6,8,2023,complete,96848,0,-1,"['45+2', '90+8']","['25', '62']",2,2,4,5,4,9,1,1,3,2,0,0,6,3,6,1,12,4,18,10,59,41,20,20,18,,,3,2,2.05,3.6,3.52,1.03,1.25,1.77,3.1,5.5,13.0,3.75,2.05,1.38,1.14,1.67,2.1,3.0,1.34,4.1,1.2,1.35,1.25,1.75,2.75,2.25,3.75,2.4,2.6,3.25,0,0,1.22,1.42,1.83,2.25,3.1,3.75,2.55,1.98,1.52,1.29,2.63,8.0,1.69,1.67,13.0,2.3,3.7,5.8,1.36,2.63,7.0,19.0,3.0,1.44,1.1,1.02,1.2,1.91,4.0,10.0,4.33,1.8,1.22,1.06,0,0,0,0,4,1,1,1,1,2,2,1688862600,-1,0,39,20,5,0,-1,2,1,3,3,2,1,6,3,0,0,3,2,0,5,1,65,28,79,71,1.64,0.68,2.32,0,1,0,1,0,0,1,1,0,0,0,3,0,0,1,19,13,-1,-1,-1,-1,-1,-1,6,20,50,65,86,39,63,77,36,10.49,3.07,4.53,2.25,/clubs/houston-dynamo-6,teams/usa-houston-dynamo.png,Houston Dynamo,/clubs/sporting-kansas-city-8,teams/usa-sporting-kansas-city.png,Sporting KC,2.2,0.95,2.44,0.73,1.35,1.09,95,80,51,36,15,66,61,56,1.22,1.34,2.56,/usa/houston-dynamo-vs-sporting-kansas-city-h2h-stats#4926250,8777,38,True,True,True,True,False,False,True,"['45+2', '90+8']","['25', '62']"
MLS,2023,8777,4926251,1015,698284,2023,complete,96848,0,-1,['85'],"['35', '45', '51', '90+5']",1,4,5,14,5,19,5,1,1,1,0,0,7,8,12,5,19,13,8,8,56,44,58,5,2339,,,1,1,1.84,3.79,4.1,1.02,1.2,1.74,2.7,4.75,15.0,4.33,2.09,1.45,1.18,1.62,2.2,2.85,1.37,4.75,1.16,1.25,1.2,1.95,2.4,2.38,4.0,2.1,2.75,3.75,0,0,1.21,1.4,1.71,2.2,3.0,3.9,2.65,1.95,1.55,1.31,1.59,8.5,2.89,1.53,15.0,2.5,3.3,7.0,1.3,2.5,6.0,17.0,3.4,1.5,1.13,1.03,1.17,1.83,3.75,9.0,5.0,1.83,1.25,1.07,0,0,0,0,5,0,2,1,2,3,2,1688862600,698284,0,71,18,41,0,-1,2,1,6,0,8,5,6,13,0,0,1,1,0,2,1,73,44,92,79,2.21,1.7,3.9,0,1,0,1,0,0,1,1,0,0,1,0,0,0,1,14,20,-1,-1,-1,-1,-1,-1,12,18,46,88,94,24,65,76,58,9.5,4.0,3.82,2.57,/clubs/minnesota-united-fc-1015,teams/usa-minnesota-united-fc.png,Minnesota United,/clubs/austin-fc-698284,teams/usa-austin-fc.png,Austin,1.24,0.82,1.38,0.89,1.26,1.3,89,83,54,13,7,83,65,65,1.48,1.08,2.56,/usa/minnesota-united-fc-vs-austin-fc-h2h-stats#4926251,8777,34,True,True,True,True,True,False,True,['85'],"['35', '45', '51', '90+5']"
MLS,2023,8777,4926252,12,13,2023,complete,96848,0,-1,"['31', '62']",['18'],2,1,3,6,1,7,0,1,5,1,0,0,4,3,6,4,10,7,20,9,48,52,42,11434,21189,,,5,1,1.83,3.26,3.59,1.05,1.35,2.18,3.8,7.5,7.5,2.9,1.68,1.22,1.05,1.9,1.8,2.3,1.55,3.7,1.24,1.22,1.32,1.7,2.65,2.0,4.1,2.25,2.35,4.0,0,0,1.3,1.57,1.98,2.7,3.8,3.1,2.2,1.68,1.38,1.21,1.64,8.0,2.77,1.75,7.0,2.4,2.9,6.5,1.45,3.4,7.5,23.0,2.5,1.27,1.06,1.0,1.27,2.3,5.2,13.0,3.4,1.55,1.13,1.03,0,0,0,0,3,1,1,1,0,1,2,1688866200,12,0,47,16,31,0,-1,2,1,3,0,3,1,3,4,2,0,3,1,2,4,1,40,24,78,80,1.2,0.84,2.04,1,0,1,0,0,0,1,1,0,0,1,0,0,0,1,16,16,-1,-1,-1,-1,-1,-1,6,11,37,52,73,21,52,52,31,7.87,3.02,5.37,1.78,/clubs/colorado-rapids-12,teams/usa-colorado-rapids.png,Colorado Rapids,/clubs/fc-dallas-13,teams/usa-fc-dallas.png,FC Dallas,1.0,0.95,0.56,0.9,0.7,1.38,95,90,64,48,27,48,27,27,1.34,1.17,2.51,/usa/colorado-rapids-vs-fc-dallas-h2h-stats#4926252,8777,34,True,True,True,False,False,False,True,"['31', '62']",['18']
MLS,2023,8777,4926253,14,17,2023,complete,96848,0,-1,"['23', '41', '78', '88']",[],4,0,4,5,2,7,8,0,3,1,0,0,6,4,5,4,11,8,16,12,52,48,14023,8,21031,,,3,1,2.07,3.37,2.87,1.06,1.28,1.8,3.0,5.75,9.0,3.4,1.8,1.33,1.12,1.7,2.0,2.87,1.36,3.7,1.24,1.34,1.31,1.63,2.75,2.05,3.6,2.45,2.45,3.25,0,0,1.26,1.5,1.98,2.5,3.5,3.3,2.35,1.83,1.44,1.24,1.64,8.0,2.77,1.75,11.0,2.2,3.75,5.5,1.38,2.7,6.75,18.5,2.8,1.41,1.09,1.01,1.23,2.05,4.33,10.0,3.8,1.68,1.19,1.04,0,0,0,0,4,2,0,2,0,2,2,1688866200,14,0,59,11,32,0,-1,2,1,2,1,3,1,3,4,0,1,3,0,1,3,1,36,32,100,85,1.38,1.03,2.41,0,0,0,0,0,0,1,1,0,0,0,0,0,0,1,17,16,-1,-1,-1,1,1,0,5,42,69,80,80,26,52,69,64,10.39,3.73,4.52,2.74,/clubs/real-salt-lake-14,teams/usa-real-salt-lake.png,Real Salt Lake,/clubs/orlando-city-sc-17,teams/usa-orlando-city-sc.png,Orlando City,1.28,1.89,1.0,1.67,1.43,1.62,95,59,32,21,21,64,53,42,1.82,1.16,2.98,/usa/real-salt-lake-vs-orlando-city-sc-h2h-stats#4926253,8777,37,True,True,True,True,False,False,False,"['23', '41', '78', '88']",[]
MLS,2023,8777,4926254,10,16,2023,complete,96848,0,-1,"['15', '45+1', '76']",['36'],3,1,4,4,1,5,0,3,3,3,0,0,7,2,7,5,14,7,10,12,53,47,24,2,12,,,3,3,2.19,3.35,2.66,1.05,1.28,1.8,3.1,5.75,9.25,3.4,1.8,1.32,1.12,1.7,2.0,3.0,1.33,3.5,1.26,1.39,1.3,1.57,2.87,2.1,3.4,2.6,2.45,3.0,0,0,1.2,1.39,1.7,2.2,3.0,3.9,2.65,1.95,1.55,1.32,1.69,8.0,2.54,1.9,11.0,2.0,4.33,4.75,1.38,2.7,7.0,19.0,2.8,1.4,1.09,1.01,1.23,2.05,4.2,10.0,3.8,1.68,1.19,1.04,0,0,0,0,4,2,1,1,0,1,3,1688869800,10,0,69,32,43,0,-1,2,1,2,1,2,0,3,2,1,2,2,1,3,3,1,43,54,112,109,1.69,0.98,2.68,0,0,0,0,0,0,1,1,0,0,1,0,0,1,1,12,22,-1,-1,-1,-1,-1,-1,11,37,64,85,100,37,79,90,49,12.17,3.21,5.23,2.95,/clubs/la-galaxy-10,teams/usa-la-galaxy.png,LA Galaxy,/clubs/philadelphia-union-16,teams/usa-philadelphia-union.png,Philadelphia Union,1.41,1.16,1.22,1.1,0.95,1.7,90,64,37,16,0,64,59,59,1.63,1.27,2.9,/usa/la-galaxy-vs-philadelphia-union-h2h-stats#4926254,8777,34,True,True,True,True,False,False,True,"['15', '45+1', '76']",['36']
MLS,2023,8777,4926255,6490,15,2023,complete,96848,0,-1,['37'],['30'],1,1,2,7,7,14,1,0,0,3,0,1,6,3,6,3,12,6,9,5,64,36,19912,39588,12956,,,0,5,1.48,3.99,4.92,1.04,1.13,1.72,2.2,3.9,12.0,5.0,2.12,1.59,1.2,1.65,2.1,2.25,1.57,5.75,1.12,1.06,1.17,2.7,1.75,2.6,5.3,1.82,2.75,5.0,0,0,1.12,1.32,1.57,1.98,2.65,4.9,3.0,2.15,1.68,1.4,1.37,9.5,3.69,1.42,13.0,2.95,2.45,12.0,1.28,2.35,5.2,15.5,3.3,1.52,1.12,1.02,1.15,1.9,3.4,8.5,4.7,1.8,1.27,1.06,0,0,0,0,2,1,1,0,0,0,2,1688869800,-1,0,60,20,45,0,-1,2,1,2,5,5,2,7,7,0,2,0,2,2,2,1,59,49,109,88,1.61,0.95,2.56,1,0,1,0,0,0,1,1,0,0,0,1,0,0,1,18,21,-1,-1,-1,-1,-1,-1,15,30,65,75,90,30,75,75,65,12.1,3.4,4.5,2.75,/clubs/los-angeles-fc-6490,teams/usa-los-angeles-fc.png,Los Angeles FC,/clubs/san-jose-earthquakes-15,teams/usa-san-jose-earthquakes.png,SJ Earthquakes,2.05,0.78,2.0,0.6,1.6,1.33,85,70,35,25,10,70,60,60,1.82,1.03,2.85,/usa/san-jose-earthquakes-vs-los-angeles-fc-h2h-stats#4926255,8777,35,True,True,False,False,False,False,True,['37'],['30']
MLS,2023,8777,4926256,5,18,2023,complete,96848,0,-1,"['24', '72']","['60', '76', '90+1']",2,3,5,8,7,15,1,1,2,2,1,0,5,6,6,6,11,12,10,6,34,66,13851,41087,25,,,3,2,2.08,3.49,3.56,1.04,1.3,1.89,3.3,6.5,11.0,3.5,1.92,1.33,1.11,1.75,2.0,2.75,1.39,3.9,1.22,1.3,1.29,1.72,2.75,2.2,4.0,2.38,2.45,3.4,0,0,1.21,1.4,1.71,2.2,3.0,3.9,2.65,1.95,1.55,1.31,1.59,8.5,2.78,1.67,11.0,2.4,3.4,6.0,1.4,2.75,8.0,21.0,2.75,1.4,1.08,1.02,1.22,2.0,4.33,11.0,4.0,1.73,1.2,1.05,0,0,0,0,5,1,0,1,3,4,1,1688869800,18,0,52,26,21,0,-1,2,1,4,4,4,3,8,7,0,0,3,2,0,5,1,50,55,74,97,1.4,1.58,2.98,0,0,0,0,0,0,1,1,0,0,1,0,0,0,1,15,15,-1,-1,-1,1,0,1,32,32,42,68,90,37,63,79,42,11.61,3.99,3.79,2.84,/clubs/vancouver-whitecaps-fc-5,teams/canada-vancouver-whitecaps-fc.png,Vancouver Whitecaps,/clubs/seattle-sounders-fc-18,teams/usa-seattle-sounders-fc.png,Seattle Sounders,1.67,1.44,1.9,1.22,1.32,1.52,69,69,58,32,11,63,52,47,1.69,1.12,2.81,/usa/vancouver-whitecaps-fc-vs-seattle-sounders-fc-h2h-stats#4926256,8777,36,True,True,True,True,True,False,True,"['24', '72']","['60', '76', '90+1']"
MLS,2023,8777,4926257,11,1016,2023,complete,96848,0,-1,"['4', '9']",['90+3'],2,1,3,5,7,12,1,0,2,1,0,0,6,11,5,10,11,21,8,6,47,53,58,21032,40852,,,2,1,2.0,3.5,3.2,1.02,1.18,1.67,2.31,4.2,17.0,4.75,2.1,1.56,1.22,1.53,2.5,2.7,1.4,4.8,1.15,1.25,1.2,1.95,2.45,2.4,4.0,2.2,2.8,3.75,0,0,1.26,1.48,1.88,2.43,3.3,3.65,2.55,1.93,1.52,1.3,1.95,8.0,2.1,1.6,17.0,2.35,3.4,7.5,1.28,2.3,5.0,13.0,3.6,1.57,1.15,1.01,1.15,1.75,3.3,7.0,5.0,2.0,1.3,1.08,0,0,0,0,3,2,0,0,1,1,2,1689204600,11,0,67,24,48,0,-1,2,1,4,2,1,5,6,6,0,0,2,1,0,3,1,44,54,98,98,1.44,2.48,3.92,0,0,0,0,0,0,1,1,2,0,0,1,0,0,1,5,2,-1,-1,-1,-1,-1,-1,14,43,67,86,96,48,67,86,62,8.36,3.52,3.73,3.24,/clubs/new-england-revolution-11,teams/usa-new-england-revolution.png,New England Revolution,/clubs/atlanta-united-fc-1016,teams/usa-atlanta-united-fc.png,Atlanta United FC,2.22,0.89,2.4,1.0,1.76,1.59,86,58,33,14,5,57,48,29,1.37,1.04,2.41,/usa/new-england-revolution-vs-atlanta-united-fc-h2h-stats#4926257,8777,36,True,True,True,False,False,False,True,"['4', '9']",['90+3']
MLS,2023,8777,4926258,4,8043,2023,complete,96848,0,-1,['28'],"['80', '90+3']",1,2,3,5,4,9,4,4,3,3,0,0,1,3,8,2,9,5,10,11,45,55,19912,13006,40182,,,3,3,1.88,3.4,3.7,1.04,1.23,1.87,2.82,5.05,13.25,3.75,1.87,1.38,1.13,1.63,2.1,3.1,1.32,3.9,1.22,1.35,1.3,1.62,2.75,2.1,3.5,2.45,2.5,3.2,0,0,1.36,1.65,2.12,2.88,4.1,3.0,2.16,1.67,1.38,1.22,1.55,8.0,3.02,1.78,13.0,2.15,3.1,6.5,1.36,2.55,6.25,17.0,2.9,1.44,1.1,1.01,1.2,1.93,3.9,9.0,4.1,1.75,1.22,1.05,0,0,0,0,3,1,0,0,2,2,1,1689204600,8043,0,58,15,34,0,-1,2,1,1,2,4,2,3,6,2,1,1,2,3,3,1,42,44,122,93,0.96,0.86,1.81,1,1,1,1,0,0,1,1,0,0,0,1,1,0,1,4,7,-1,-1,-1,-1,-1,-1,10,29,53,72,91,39,63,67,57,9.63,2.76,4.76,2.63,/clubs/new-york-red-bulls-4,teams/usa-new-york-red-bulls.png,New York RB,/clubs/fc-cincinnati-8043,teams/usa-fc-cincinnati.png,FC Cincinnati,1.58,1.61,1.73,1.4,1.24,2.14,90,71,48,29,10,38,29,15,1.48,1.29,2.77,/usa/new-york-red-bulls-vs-fc-cincinnati-h2h-stats#4926258,8777,37,True,True,True,False,False,False,True,['28'],"['80', '90+3']"
MLS,2023,8777,4926259,7,1,2023,complete,96848,0,-1,"['9', '11', '33']",[],3,0,3,0,7,7,1,1,3,1,0,0,5,4,0,8,5,12,9,15,38,62,13891,21081,36107,,,3,1,1.73,3.7,4.15,1.04,1.25,1.69,2.75,4.75,10.0,3.75,2.07,1.4,1.15,1.7,2.05,2.6,1.43,4.5,1.17,1.18,1.25,2.1,2.3,2.35,4.5,2.1,2.75,4.2,0,0,1.29,1.53,1.95,2.55,3.5,3.45,2.4,1.85,1.48,1.27,1.64,8.0,2.67,1.55,14.0,2.55,3.0,7.5,1.33,2.5,5.5,12.0,3.25,1.5,1.12,1.02,1.25,2.0,4.0,8.0,3.75,1.73,1.22,1.06,0,0,0,0,3,3,0,0,0,0,3,1689212640,7,0,44,15,25,0,-1,2,1,0,2,0,5,2,5,1,0,2,1,1,3,1,20,55,73,159,0.82,1.46,2.28,0,1,0,0,0,1,1,1,1,0,0,0,0,0,1,12,32,-1,-1,-1,-1,-1,-1,15,29,53,76,91,43,81,72,34,8.19,3.79,4.49,2.72,/clubs/chicago-fire-7,teams/usa-chicago-fire.png,Chicago Fire,/clubs/montreal-impact-1,teams/canada-montreal-impact.png,Montreal Impact,1.47,0.47,1.5,0.45,1.24,1.24,86,72,48,24,10,53,48,43,0.99,1.02,2.01,/usa/montreal-impact-vs-chicago-fire-h2h-stats#4926259,8777,34,True,True,True,False,False,False,False,"['9', '11', '33']",[]
MLS,2023,8777,4926260,6,1015,2023,complete,96848,0,-1,[],"['15', '20', '87']",0,3,3,9,1,10,2,0,2,0,0,0,6,4,10,1,16,5,9,11,73,27,42,20,5,,,2,0,1.79,3.6,3.8,1.03,1.2,1.59,2.57,4.6,16.75,4.6,2.26,1.51,1.2,1.58,2.3,3.0,1.33,4.75,1.16,1.3,1.28,1.85,2.4,2.25,3.7,2.15,2.75,3.5,0,0,1.22,1.42,1.74,2.23,3.0,4.0,2.75,2.02,1.61,1.35,1.82,8.0,2.33,1.65,17.0,2.3,3.6,7.0,1.3,2.35,5.75,11.0,3.3,1.52,1.13,1.03,1.2,1.85,3.75,7.5,4.33,1.85,1.25,1.07,0,0,0,0,3,0,2,0,1,1,2,1689208200,1015,0,38,24,14,0,-1,2,1,3,1,6,0,4,6,0,0,2,0,0,2,1,101,19,136,62,2.16,0.74,2.9,0,0,0,0,0,0,1,1,0,0,2,0,0,0,1,10,13,-1,-1,-1,-1,-1,-1,10,29,57,62,95,43,53,95,43,8.48,4.8,3.86,2.52,/clubs/houston-dynamo-6,teams/usa-houston-dynamo.png,Houston Dynamo,/clubs/minnesota-united-fc-1015,teams/usa-minnesota-united-fc.png,Minnesota United,2.2,1.18,2.3,1.18,1.33,1.2,91,72,43,38,5,72,58,48,1.26,1.2,2.46,/usa/houston-dynamo-vs-minnesota-united-fc-h2h-stats#4926260,8777,34,True,True,True,False,False,False,False,[],"['15', '20', '87']"
MLS,2023,8777,4926261,8,14,2023,complete,96848,0,-1,"['30', '36']","['46', '72']",2,2,4,4,3,7,3,1,0,2,0,0,4,9,6,2,10,11,5,9,54,46,69,18,8,,,0,2,2.11,3.5,3.0,1.04,1.22,1.59,2.67,4.83,15.5,4.4,2.26,1.48,1.19,1.67,2.1,2.8,1.38,4.6,1.16,1.24,1.27,2.0,2.25,2.3,4.3,2.05,2.7,4.0,0,0,1.29,1.53,1.95,2.55,3.5,3.45,2.4,1.85,1.48,1.27,1.55,8.5,3.01,1.58,16.0,2.45,3.25,7.5,1.32,2.4,6.0,12.0,3.2,1.5,1.12,1.02,1.22,1.91,3.75,8.0,4.0,1.8,1.25,1.06,0,0,0,0,4,2,0,0,2,2,2,1689208200,-1,0,55,23,23,0,-1,2,1,1,1,3,2,2,5,0,0,0,2,0,2,1,59,29,125,94,1.35,1.54,2.89,0,0,0,0,0,0,1,1,0,0,1,0,0,0,1,14,11,-1,-1,-1,-1,-1,-1,18,27,64,78,91,41,78,82,50,10.73,2.72,3.91,2.78,/clubs/sporting-kansas-city-8,teams/usa-sporting-kansas-city.png,Sporting KC,/clubs/real-salt-lake-14,teams/usa-real-salt-lake.png,Real Salt Lake,1.74,1.53,1.45,1.82,1.09,1.5,82,73,36,23,9,60,41,36,1.59,1.37,2.96,/usa/sporting-kansas-city-vs-real-salt-lake-h2h-stats#4926261,8777,37,True,True,True,True,False,False,True,"['30', '36']","['46', '72']"
MLS,2023,8777,4926262,677447,16,2023,complete,96848,0,-1,[],"['40', '84']",0,2,2,7,3,10,0,1,3,2,2,1,3,5,12,3,15,8,9,16,58,42,65601,24795,12,,,6,4,1.98,3.3,3.5,1.03,1.28,1.82,3.2,6.0,13.0,3.75,1.92,1.35,1.12,1.72,2.05,2.6,1.43,4.5,1.17,1.28,1.22,1.9,2.55,2.25,4.2,2.1,2.6,3.8,0,0,1.28,1.5,1.93,2.5,3.45,3.5,2.45,1.88,1.49,1.28,1.64,8.0,2.67,1.8,12.0,2.1,3.3,6.5,1.36,2.75,6.5,21.0,3.1,1.42,1.09,1.01,1.22,2.05,4.33,10.0,4.0,1.72,1.2,1.03,0,0,0,0,2,0,1,0,1,1,1,1689208200,16,0,55,23,23,0,-1,2,1,3,3,4,0,6,4,2,1,3,2,3,5,1,46,24,108,86,1.49,1.04,2.53,0,2,0,2,0,0,1,1,0,0,0,0,0,0,1,26,19,-1,-1,-1,-1,-1,-1,5,36,55,82,96,27,87,87,36,10.09,4.82,4.82,2.73,/clubs/nashville-sc-mls-677447,teams/usa-nashville-sc-mls.png,Nashville SC,/clubs/philadelphia-union-16,teams/usa-philadelphia-union.png,Philadelphia Union,1.72,1.16,2.36,1.0,1.73,1.62,96,64,46,18,5,64,55,50,1.45,1.24,2.69,/usa/philadelphia-union-vs-nashville-sc-mls-h2h-stats#4926262,8777,36,True,True,False,False,False,False,False,[],"['40', '84']"
MLS,2023,8777,4926263,15,18,2023,complete,96848,0,-1,"['19', '64']",[],2,0,2,5,3,8,4,0,0,2,0,0,3,2,8,1,11,3,9,9,38,62,24,12956,25,,,0,2,2.6,3.2,2.5,1.05,1.26,1.82,2.98,5.65,12.75,3.92,1.92,1.4,1.15,1.57,2.25,3.25,1.3,4.5,1.17,1.42,1.32,1.55,2.9,2.15,3.3,2.6,2.55,2.95,0,0,1.22,1.42,1.74,2.23,3.0,4.0,2.75,2.02,1.61,1.35,1.75,8.0,2.44,1.85,13.0,2.05,4.2,5.0,1.35,2.6,6.75,21.0,2.95,1.45,1.1,1.02,1.18,1.95,3.75,9.5,4.6,1.72,1.19,1.04,0,0,0,0,2,1,0,1,0,1,1,1689215400,15,0,57,28,29,0,-1,2,1,2,2,3,1,4,4,0,2,0,0,2,0,1,49,55,99,124,1.26,0.75,2.01,1,0,1,0,0,0,1,1,0,0,0,0,0,0,1,15,23,-1,-1,-1,-1,-1,-1,20,25,57,67,86,38,62,81,38,9.95,3.44,4.08,2.59,/clubs/san-jose-earthquakes-15,teams/usa-san-jose-earthquakes.png,SJ Earthquakes,/clubs/seattle-sounders-fc-18,teams/usa-seattle-sounders-fc.png,Seattle Sounders,1.82,1.44,2.0,1.4,1.32,1.59,80,76,43,34,14,58,39,34,1.29,1.16,2.45,/usa/san-jose-earthquakes-vs-seattle-sounders-fc-h2h-stats#4926263,8777,35,True,True,False,False,False,False,False,"['19', '64']",[]
MLS,2023,8777,4926264,5,698284,2023,complete,96848,0,-1,"['1', '72']",['47'],2,1,3,7,3,10,0,2,2,2,0,0,4,2,8,5,12,7,10,13,46,54,20,41087,2339,,,2,2,1.67,4.0,4.0,1.02,1.18,1.67,1.96,4.33,19.0,4.75,2.1,1.77,1.2,1.68,2.05,2.55,1.44,5.0,1.14,1.22,1.18,2.15,2.2,2.35,4.5,1.95,2.8,4.1,0,0,1.24,1.44,1.8,2.3,3.1,3.85,2.65,2.0,1.57,1.33,1.41,9.0,3.49,1.52,17.0,2.55,3.2,8.0,1.3,2.35,5.75,15.0,3.3,1.52,1.13,1.01,1.16,1.8,3.5,7.5,5.0,1.95,1.28,1.07,0,0,0,0,3,1,0,1,1,2,1,1689215400,5,0,67,24,39,0,14995,2,1,2,2,5,1,4,6,0,0,2,2,0,4,1,46,57,87,100,1.37,1.0,2.38,0,0,0,0,0,0,1,1,1,0,2,0,0,0,1,12,20,-1,-1,-1,-1,-1,-1,28,33,58,91,96,33,72,86,68,11.65,3.9,3.4,3.19,/clubs/vancouver-whitecaps-fc-5,teams/canada-vancouver-whitecaps-fc.png,Vancouver Whitecaps,/clubs/austin-fc-698284,teams/usa-austin-fc.png,Austin,1.67,0.82,1.73,1.1,1.25,1.38,72,67,43,9,5,77,67,67,1.66,1.14,2.8,/usa/vancouver-whitecaps-fc-vs-austin-fc-h2h-stats#4926264,8777,34,True,True,True,False,False,False,True,"['1', '72']",['47']
MLS,2023,8777,4926266,1016,17,2023,complete,96848,0,-1,['22'],"['25', '60']",1,2,3,7,1,8,1,2,2,6,0,0,4,4,9,5,13,9,18,12,54,46,13864,40852,21031,,,2,6,2.6,3.4,2.6,1.04,1.23,1.66,2.79,5.15,14.0,4.2,2.14,1.45,1.17,1.62,2.2,3.0,1.33,4.2,1.2,1.33,1.28,1.74,2.63,2.25,3.75,2.42,2.6,3.47,0,0,1.23,1.44,1.95,2.35,3.25,3.6,2.5,1.85,1.49,1.28,1.62,9.2,2.72,1.62,14.0,2.38,3.75,6.0,1.33,2.63,6.5,19.0,3.25,1.44,1.11,1.02,1.18,1.83,3.75,10.0,4.5,1.83,1.25,1.06,0,0,0,0,3,1,1,0,1,1,2,1689463800,17,0,67,14,48,0,43576,2,1,2,0,5,1,2,6,0,2,2,4,2,6,1,70,33,117,98,1.61,1.1,2.71,0,0,0,0,0,0,1,1,0,0,1,0,0,0,1,1,1,-1,-1,-1,-1,-1,-1,9,48,72,91,95,33,71,86,81,8.97,3.02,4.37,3.23,/clubs/atlanta-united-fc-1016,teams/usa-atlanta-united-fc.png,Atlanta United FC,/clubs/orlando-city-sc-17,teams/usa-orlando-city-sc.png,Orlando City,2.06,1.89,2.18,1.5,1.52,1.55,91,53,29,10,5,62,34,29,1.54,1.15,2.69,/usa/orlando-city-sc-vs-atlanta-united-fc-h2h-stats#4926266,8777,37,True,True,True,False,False,False,True,['22'],"['25', '60']"
MLS,2023,8777,4926267,8043,677447,2023,complete,96848,0,-1,"['42', '74', '90+9']",['31'],3,1,4,7,0,7,1,0,5,3,0,2,7,1,3,4,10,5,16,16,54,46,13851,40182,24795,,,5,5,2.15,3.3,3.4,1.06,1.31,1.85,3.35,6.5,11.25,3.5,1.89,1.33,1.12,1.75,2.0,2.65,1.42,3.9,1.22,1.31,1.3,1.73,2.75,2.2,4.0,2.46,2.47,3.64,0,0,1.26,1.5,2.0,2.5,3.5,3.3,2.3,1.8,1.44,1.24,1.66,9.1,2.62,1.62,8.5,2.5,3.4,6.0,1.4,2.75,8.0,21.0,2.75,1.4,1.08,1.02,1.22,2.1,4.5,13.0,4.0,1.67,1.18,1.04,0,0,0,0,4,1,1,2,0,2,2,1689467520,8043,0,45,23,18,0,25513,2,1,3,0,4,0,3,4,2,1,3,4,3,7,1,54,24,130,89,1.53,0.57,2.1,1,0,1,0,0,0,1,1,0,0,0,0,0,0,1,17,23,-1,-1,-1,-1,-1,-1,5,9,46,64,96,32,69,82,23,10.18,4.0,4.0,2.19,/clubs/fc-cincinnati-8043,teams/usa-fc-cincinnati.png,FC Cincinnati,/clubs/nashville-sc-mls-677447,teams/usa-nashville-sc-mls.png,Nashville SC,2.35,1.0,2.82,1.09,2.18,1.65,96,91,55,36,5,41,41,32,1.27,0.99,2.26,/usa/fc-cincinnati-vs-nashville-sc-mls-h2h-stats#4926267,8777,36,True,True,True,True,False,False,True,"['42', '74', '90+9']",['31']
MLS,2023,8777,4926268,1,711351,2023,complete,96848,0,-1,"['29', '31']",[],2,0,2,6,6,12,1,1,0,3,0,0,7,0,6,2,13,2,7,9,49,51,84,36107,44668,,,0,3,2.3,3.4,2.88,1.04,1.28,1.76,3.25,6.0,12.0,3.6,1.99,1.33,1.12,1.7,2.05,3.1,1.33,3.6,1.24,1.4,1.25,1.63,2.88,2.2,3.6,2.5,2.55,3.1,0,0,1.23,1.44,1.95,2.35,3.25,3.6,2.5,1.85,1.49,1.28,1.64,9.2,2.67,1.78,13.0,2.15,3.9,5.5,1.36,2.75,7.0,21.0,3.0,1.4,1.1,1.02,1.22,2.0,4.33,11.0,4.0,1.73,1.2,1.05,0,0,0,0,2,2,0,0,0,0,2,1689463800,1,0,42,5,14,0,-1,2,1,4,2,2,4,6,6,0,0,0,3,0,3,1,48,31,98,88,1.66,0.37,2.03,0,0,0,0,0,0,1,1,0,0,2,1,0,0,1,7,5,-1,-1,-1,-1,-1,-1,10,38,47,66,100,28,66,90,48,9.09,2.86,5.9,2.64,/clubs/montreal-impact-1,teams/canada-montreal-impact.png,Montreal Impact,/clubs/charlotte-fc-711351,teams/usa-charlotte-fc.png,Charlotte,1.94,0.94,2.1,1.09,1.18,1.18,91,63,54,34,0,48,34,34,1.26,0.96,2.22,/usa/montreal-impact-vs-charlotte-fc-h2h-stats#4926268,8777,34,True,True,False,False,False,False,False,"['29', '31']",[]
MLS,2023,8777,4926269,11,13401,2023,complete,96848,0,-1,"['45', '45+7', '49', '73']",[],4,0,4,6,2,8,4,2,1,1,0,1,8,4,7,6,15,10,12,9,54,46,13967,21032,38056,,,1,2,2.1,3.4,3.4,1.04,1.23,1.7,2.79,5.2,13.5,4.18,2.08,1.45,1.17,1.62,2.2,3.0,1.34,4.2,1.19,1.35,1.28,1.71,2.63,2.25,3.75,2.3,2.6,3.4,0,0,1.26,1.5,1.98,2.5,3.5,3.3,2.35,1.83,1.44,1.24,1.65,9.1,2.65,1.62,14.0,2.38,3.75,6.0,1.33,2.63,6.5,19.0,3.25,1.44,1.11,1.02,1.18,1.83,3.75,10.0,4.5,1.83,1.25,1.06,0,0,0,0,4,2,0,2,0,2,2,1689463800,11,0,62,22,35,0,-1,2,1,3,1,3,1,4,4,1,0,0,2,1,2,1,43,37,89,81,1.82,1.18,3.0,0,0,0,0,0,0,1,1,0,0,0,0,0,0,1,1,5,-1,-1,-1,-1,-1,-1,9,31,62,79,92,53,62,79,53,8.51,3.97,3.51,2.76,/clubs/new-england-revolution-11,teams/usa-new-england-revolution.png,New England Revolution,/clubs/dc-united-13401,teams/usa-dc-united.png,DC United,2.22,0.94,2.45,1.17,1.82,1.3,92,70,39,21,9,56,52,48,1.38,1.36,2.74,/usa/new-england-revolution-vs-dc-united-h2h-stats#4926269,8777,34,True,True,True,True,False,False,False,"['45', '45+7', '49', '73']",[]
MLS,2023,8777,4926270,16,2,2023,complete,96848,0,-1,"['23', '81']",['86'],2,1,3,3,6,9,0,1,0,0,0,0,3,3,1,6,4,9,9,8,45,55,58,12,27505,,,0,0,1.85,3.5,4.0,1.03,1.22,1.75,2.95,5.5,13.0,4.0,2.01,1.4,1.15,1.7,2.05,2.55,1.44,4.75,1.16,1.22,1.22,2.0,2.4,2.25,4.5,2.15,2.7,4.2,0,0,1.3,1.57,1.98,2.7,3.8,3.1,2.2,1.68,1.38,1.21,1.42,9.8,3.48,1.53,9.9,2.75,3.1,7.5,1.33,2.63,7.0,19.0,3.25,1.44,1.1,1.02,1.2,1.91,4.0,10.0,4.33,1.8,1.22,1.06,0,0,0,0,3,1,0,1,1,2,1,1689463800,16,0,47,18,26,0,-1,2,-1,1,3,2,3,4,5,0,0,0,0,0,0,1,38,29,116,95,0.76,1.0,1.76,0,0,0,0,0,0,1,1,0,0,0,0,-1,-1,1,2,2,-1,-1,-1,-1,-1,-1,19,23,38,61,86,33,52,78,36,8.82,4.96,4.38,2.31,/clubs/philadelphia-union-16,teams/usa-philadelphia-union.png,Philadelphia Union,/clubs/new-york-city-fc-2,teams/usa-new-york-city-fc.png,New York City,2.17,0.65,2.3,0.77,1.68,1.13,81,78,63,39,14,57,53,49,1.54,0.98,2.52,/usa/new-york-city-fc-vs-philadelphia-union-h2h-stats#4926270,8777,34,True,True,True,False,False,False,True,"['23', '81']",['86']
MLS,2023,8777,4926271,698284,8,2023,complete,96848,0,-1,"['17', '19']",['33'],2,1,3,3,2,5,0,1,1,2,0,0,6,3,2,2,8,5,8,9,54,46,15,2339,18,,,1,2,2.1,3.4,3.4,1.06,1.28,1.66,3.17,6.1,11.5,3.7,2.14,1.36,1.13,1.7,2.05,2.8,1.38,4.0,1.21,1.32,1.3,1.74,2.75,2.2,4.0,2.3,2.5,3.5,0,0,1.21,1.4,1.71,2.2,3.0,3.9,2.65,1.95,1.55,1.31,1.93,9.1,2.15,1.7,11.5,2.3,3.5,5.8,1.4,2.75,8.0,21.0,2.75,1.4,1.08,1.02,1.22,2.0,4.33,11.0,4.0,1.73,1.2,1.05,0,0,0,0,3,2,1,0,0,0,3,1689471000,698284,0,52,26,22,0,-1,2,1,1,2,2,0,3,2,0,1,1,1,1,2,1,44,51,91,81,1.25,0.9,2.15,0,0,0,0,0,0,1,1,0,0,0,0,0,1,1,14,24,-1,-1,-1,1,1,1,5,22,57,70,87,52,74,79,30,12.99,2.81,4.17,2.39,/clubs/austin-fc-698284,teams/usa-austin-fc.png,Austin,/clubs/sporting-kansas-city-8,teams/usa-sporting-kansas-city.png,Sporting KC,1.47,0.95,1.64,0.75,1.32,1.08,96,79,44,31,13,75,66,62,1.4,1.28,2.68,/usa/sporting-kansas-city-vs-austin-fc-h2h-stats#4926271,8777,34,True,True,True,False,False,False,True,"['17', '19']",['33']
MLS,2023,8777,4926272,7,19,2023,complete,96848,0,-1,['90'],[],1,0,1,6,2,8,2,2,1,1,0,0,5,1,7,5,12,6,8,12,48,52,65601,21081,48693,,,1,1,1.8,3.4,4.6,1.07,1.32,1.72,3.43,6.8,10.0,3.42,2.05,1.32,1.11,1.91,1.91,2.2,1.58,4.4,1.18,1.18,1.3,2.04,2.38,2.2,5.0,2.0,2.5,4.75,0,0,1.27,1.5,2.0,2.5,3.5,3.3,2.3,1.8,1.43,1.24,1.47,9.6,3.32,1.5,10.0,3.0,2.7,8.0,1.4,3.0,8.0,23.0,2.75,1.36,1.08,1.01,1.25,2.1,4.5,13.0,3.75,1.67,1.18,1.04,0,0,0,0,1,0,0,1,0,1,0,1689467400,7,0,55,14,36,0,-1,2,1,3,0,3,2,3,5,0,0,1,1,0,2,1,58,44,97,119,1.53,0.79,2.31,0,0,0,0,0,0,1,1,0,0,0,0,0,0,1,20,18,-1,-1,-1,-1,-1,-1,18,27,50,73,87,32,64,73,50,6.46,3.09,4.09,2.69,/clubs/chicago-fire-7,teams/usa-chicago-fire.png,Chicago Fire,/clubs/toronto-fc-19,teams/canada-toronto-fc.png,Toronto,1.47,0.24,1.64,0.36,1.32,0.83,82,73,50,27,14,50,36,27,0.98,0.92,1.9,/usa/chicago-fire-vs-toronto-fc-h2h-stats#4926272,8777,34,True,False,False,False,False,False,False,['90'],[]
MLS,2023,8777,4926273,1015,6490,2023,complete,96848,0,-1,['24'],['21'],1,1,2,11,4,15,2,1,1,2,0,0,3,2,9,8,12,10,5,9,55,45,3,5,39588,,,1,2,2.5,3.6,2.6,1.05,1.28,1.62,2.3,5.95,13.25,3.7,2.21,1.54,1.13,1.75,2.0,3.5,1.26,3.3,1.29,1.54,1.3,1.45,3.4,2.2,3.1,3.04,2.51,2.74,0,0,1.13,1.31,1.57,1.98,2.6,4.85,3.0,2.2,1.7,1.4,1.9,9.4,2.17,2.1,13.0,1.8,5.0,4.2,1.36,2.75,7.0,21.0,3.0,1.4,1.1,1.02,1.22,2.0,4.33,11.0,4.0,1.73,1.2,1.05,0,0,0,0,2,1,1,0,0,0,2,1689467400,-1,0,64,16,32,0,-1,2,1,5,1,6,3,6,9,1,2,0,0,3,0,1,55,36,108,78,1.37,1.04,2.41,0,0,0,0,0,0,1,1,0,0,2,0,0,0,1,18,18,-1,-1,-1,1,1,0,16,21,47,79,85,32,69,74,47,11.74,4.43,4.42,2.47,/clubs/minnesota-united-fc-1015,teams/usa-minnesota-united-fc.png,Minnesota United,/clubs/los-angeles-fc-6490,teams/usa-los-angeles-fc.png,Los Angeles FC,1.24,1.25,1.22,1.2,1.29,1.64,84,79,54,21,16,85,64,59,1.56,1.39,2.95,/usa/minnesota-united-fc-vs-los-angeles-fc-h2h-stats#4926273,8777,34,True,True,False,False,False,False,True,['24'],['21']
MLS,2023,8777,4926274,945555,677446,2023,complete,96848,0,-1,"['28', '40', '80']",[],3,0,3,8,6,14,0,2,1,2,0,0,11,3,4,4,15,7,9,10,45,55,19912,36880,647,,,1,2,1.5,4.2,6.0,1.03,1.21,1.56,2.62,4.72,16.0,4.48,2.33,1.5,1.19,1.75,2.0,2.35,1.52,5.75,1.11,1.16,1.23,2.35,2.0,2.35,5.25,1.82,2.8,4.9,0,0,1.23,1.44,1.93,2.35,3.25,3.6,2.45,1.88,1.49,1.27,1.35,10.25,3.92,1.45,16.0,2.85,2.62,10.0,1.3,2.4,5.75,17.0,3.3,1.52,1.13,1.03,1.15,1.82,3.4,8.0,5.25,1.82,1.23,1.06,0,0,0,0,3,2,0,1,0,1,2,1689469140,945555,0,53,14,38,0,-1,2,1,6,2,2,4,8,6,0,0,1,2,0,3,1,51,51,87,121,2.08,1.04,3.12,0,0,0,0,0,0,1,1,0,0,2,0,0,0,1,24,25,-1,-1,-1,-1,-1,-1,10,38,62,76,100,47,67,81,57,8.4,2.91,4.76,2.89,/clubs/st-louis-city-sc-945555,teams/usa-st-louis-city-sc.png,St. Louis City,/clubs/club-internacional-de-futbol-miami-677446,teams/usa-club-internacional-de-futbol-miami.png,Inter Miami,1.94,0.65,2.0,0.4,1.73,0.86,91,63,39,25,0,48,38,33,1.51,1.18,2.69,/usa/club-internacional-de-futbol-miami-vs-st-louis-city-sc-h2h-stats#4926274,8777,34,True,True,True,False,False,False,False,"['28', '40', '80']",[]
MLS,2023,8777,4926275,12,6,2023,complete,96848,0,-1,[],[],0,0,0,10,1,11,0,2,0,2,0,0,3,2,5,2,8,4,8,8,55,45,45125,11434,20,,,0,2,2.25,3.4,3.1,1.05,1.29,1.81,3.2,6.15,11.75,3.65,1.93,1.35,1.13,1.75,2.0,2.87,1.36,3.7,1.24,1.38,1.32,1.62,2.88,2.2,3.75,2.5,2.5,3.25,0,0,1.23,1.44,1.9,2.35,3.25,3.6,2.45,1.9,1.49,1.28,1.58,9.3,2.9,1.8,11.5,2.15,3.7,5.5,1.4,2.75,8.0,21.0,2.75,1.4,1.08,1.02,1.22,2.0,4.5,11.0,4.0,1.73,1.18,1.05,0,0,0,0,0,0,0,0,0,0,0,1689471000,-1,0,45,27,18,0,-1,2,1,5,0,5,1,5,6,0,2,0,0,2,0,1,61,39,94,77,1.16,0.68,1.85,0,0,0,0,0,0,1,1,0,0,1,0,0,0,1,20,16,-1,-1,-1,-1,-1,-1,9,9,46,59,78,32,55,64,32,8.91,2.64,5.82,2.14,/clubs/colorado-rapids-12,teams/usa-colorado-rapids.png,Colorado Rapids,/clubs/houston-dynamo-6,teams/usa-houston-dynamo.png,Houston Dynamo,1.0,0.79,0.82,0.45,0.82,1.27,91,91,55,41,23,55,36,27,1.29,1.14,2.43,/usa/houston-dynamo-vs-colorado-rapids-h2h-stats#4926275,8777,34,False,False,False,False,False,False,False,[],[]
MLS,2023,8777,4926276,14,4,2023,complete,96848,0,-1,"['2', '53', '81']",['80'],3,1,4,2,6,8,1,4,3,1,0,0,4,4,5,5,9,9,14,11,48,52,57653,8,13006,,,3,1,2.38,3.3,3.0,1.06,1.29,1.8,3.2,6.15,11.5,3.67,1.95,1.36,1.13,1.7,2.05,2.75,1.39,3.9,1.22,1.32,1.3,1.73,2.75,2.2,4.0,2.46,2.51,3.56,0,0,1.26,1.5,2.0,2.5,3.5,3.3,2.3,1.8,1.44,1.24,1.7,8.8,2.55,1.72,11.5,2.25,3.5,5.8,1.4,2.75,8.0,21.0,2.75,1.4,1.08,1.02,1.22,2.0,4.33,11.0,4.0,1.73,1.2,1.05,0,0,0,0,4,1,0,2,1,3,1,1689471000,14,0,43,10,9,0,-1,2,1,1,2,1,4,3,5,0,0,3,1,0,4,1,28,31,91,104,1.06,1.09,2.15,0,0,0,0,0,0,1,1,1,0,0,0,0,0,1,21,15,-1,-1,-1,-1,-1,-1,5,28,42,62,82,23,67,67,28,10.56,4.61,5.76,2.16,/clubs/real-salt-lake-14,teams/usa-real-salt-lake.png,Real Salt Lake,/clubs/new-york-red-bulls-4,teams/usa-new-york-red-bulls.png,New York RB,1.28,0.94,1.18,0.7,1.48,1.18,96,73,59,39,19,43,38,28,1.78,1.38,3.16,/usa/new-york-red-bulls-vs-real-salt-lake-h2h-stats#4926276,8777,37,True,True,True,True,False,False,True,"['2', '53', '81']",['80']
MLS,2023,8777,4926277,20,9,2023,complete,96848,0,-1,"['28', '30', '80']","['45+3', '65']",3,2,5,4,7,11,1,1,3,1,0,0,5,5,5,7,10,12,15,7,42,58,13841,7206,39282,,,3,1,2.2,3.4,3.0,1.01,1.2,1.65,2.5,4.33,11.0,4.0,2.16,1.48,1.18,1.5,2.4,3.3,1.28,4.0,1.21,1.42,1.22,1.55,2.75,2.25,3.2,2.6,2.63,3.1,0,0,1.3,1.55,1.98,2.65,3.8,3.1,2.2,1.68,1.39,1.21,1.92,8.8,2.18,1.85,11.0,2.05,4.33,5.5,1.32,2.4,5.3,18.0,3.1,1.5,1.12,1.01,1.17,1.85,3.6,9.5,4.4,1.85,1.25,1.05,0,0,0,0,5,2,1,1,1,2,3,1689474600,20,0,70,25,30,0,24181,2,1,3,3,1,4,6,5,0,0,3,1,0,4,1,41,67,87,118,1.28,1.6,2.88,0,0,0,0,0,0,1,1,0,0,0,0,0,0,1,19,14,-1,-1,-1,-1,-1,-1,15,35,55,75,95,25,75,80,45,8.2,2.7,4.8,2.75,/clubs/portland-timbers-20,teams/usa-portland-timbers.png,Portland Timbers,/clubs/columbus-crew-9,teams/usa-columbus-crew.png,Columbus Crew,1.76,1.15,1.5,0.9,1.05,1.64,85,65,45,25,5,40,40,25,1.49,1.23,2.72,/usa/columbus-crew-vs-portland-timbers-h2h-stats#4926277,8777,34,True,True,True,True,True,False,True,"['28', '30', '80']","['45+3', '65']"
MLS,2023,8777,4926278,18,13,2023,complete,96848,0,-1,['32'],['42'],1,1,2,14,1,15,2,1,1,4,0,0,2,2,10,1,12,3,13,20,59,41,20,25,21189,,,1,4,1.8,3.5,4.5,1.07,1.38,2.02,3.88,7.75,9.7,3.08,1.74,1.26,1.09,2.0,1.75,2.1,1.63,4.1,1.2,1.18,1.28,2.08,2.38,2.1,5.5,2.05,2.45,4.75,0,0,1.27,1.5,2.0,2.5,3.5,3.3,2.3,1.8,1.43,1.24,1.43,9.8,3.42,1.5,9.75,3.0,2.62,7.5,1.44,3.25,9.0,26.0,2.63,1.33,1.07,1.01,1.25,2.2,5.0,15.0,3.75,1.62,1.17,1.03,0,0,0,0,2,1,1,0,0,0,2,1689474600,-1,0,36,9,22,0,32753,2,1,5,0,9,1,5,10,0,1,1,3,1,4,1,60,28,121,77,1.34,0.55,1.89,0,0,0,0,0,0,1,1,0,0,1,0,0,0,1,15,14,-1,-1,-1,1,0,1,0,9,39,53,83,22,58,66,31,9.5,3.73,4.47,1.84,/clubs/seattle-sounders-fc-18,teams/usa-seattle-sounders-fc.png,Seattle Sounders,/clubs/fc-dallas-13,teams/usa-fc-dallas.png,FC Dallas,1.65,0.95,1.75,0.82,1.52,1.32,100,92,61,47,17,64,51,47,1.49,1.14,2.63,/usa/fc-dallas-vs-seattle-sounders-fc-h2h-stats#4926278,8777,37,True,True,False,False,False,False,True,['32'],['42']
MLS,2023,8777,4926279,5,10,2023,complete,96848,0,-1,"['2', '10', '23', '90+4']","['61', '74']",4,2,6,4,7,11,2,2,1,2,0,1,9,6,7,2,16,8,13,5,51,49,13893,41087,2,,,1,3,1.75,3.8,4.2,1.04,1.2,1.45,2.0,4.67,15.25,4.57,2.63,1.72,1.2,1.67,2.1,2.7,1.4,5.25,1.14,1.22,1.26,2.02,2.3,2.38,4.5,2.08,2.75,4.16,0,0,1.23,1.44,1.83,2.35,3.25,3.6,2.45,1.98,1.49,1.27,1.58,9.6,2.87,1.5,15.0,2.75,3.1,8.0,1.33,2.5,6.0,17.0,3.25,1.5,1.13,1.03,1.18,1.83,3.75,9.0,4.5,1.83,1.25,1.07,0,0,0,0,6,3,0,1,2,3,3,1689474600,5,0,52,22,30,0,18354,2,1,2,5,2,2,7,4,0,3,1,0,3,1,1,44,35,102,87,1.96,1.19,3.15,1,0,1,0,0,0,1,1,2,0,0,0,0,1,1,12,9,-1,-1,-1,1,1,0,21,30,48,78,83,30,65,74,57,12.23,3.38,4.64,2.72,/clubs/vancouver-whitecaps-fc-5,teams/canada-vancouver-whitecaps-fc.png,Vancouver Whitecaps,/clubs/la-galaxy-10,teams/usa-la-galaxy.png,LA Galaxy,1.67,0.71,1.83,0.73,1.33,1.05,79,70,53,22,18,74,61,52,1.64,1.14,2.78,/usa/vancouver-whitecaps-fc-vs-la-galaxy-h2h-stats#4926279,8777,34,True,True,True,True,True,True,True,"['2', '10', '23', '90+4']","['61', '74']"
MLS,2023,8777,4926280,9,8043,2023,complete,96848,0,-1,"['15', '23', '90+6']",[],3,0,3,6,3,9,0,5,0,2,0,0,9,4,4,1,13,5,13,6,61,39,15,39282,40182,,,0,2,2.08,3.9,3.2,1.03,1.18,1.62,2.26,4.75,15.0,4.8,2.28,1.59,1.18,1.57,2.25,3.2,1.3,4.75,1.15,1.3,1.22,1.83,2.5,2.3,4.0,2.2,2.5,3.5,0,0,1.27,1.49,1.86,2.35,3.1,3.15,2.35,1.83,1.49,1.28,1.66,8.0,2.6,1.57,12.0,2.4,3.75,6.0,1.3,2.5,6.0,17.0,3.4,1.5,1.13,1.03,1.17,1.83,3.75,9.0,5.0,1.83,1.25,1.07,0,0,0,0,3,2,0,1,0,1,2,1692574200,9,0,66,22,39,0,-1,2,1,2,0,4,3,2,7,0,1,0,1,1,1,1,51,39,113,80,1.83,0.89,2.71,1,0,1,0,0,0,1,1,0,0,1,0,0,0,1,2,4,-1,-1,-1,-1,-1,-1,22,39,57,87,96,56,78,70,57,8.41,3.39,4.37,3.21,/clubs/columbus-crew-9,teams/usa-columbus-crew.png,Columbus Crew,/clubs/fc-cincinnati-8043,teams/usa-fc-cincinnati.png,FC Cincinnati,2.45,1.61,2.25,1.55,1.57,2.22,79,61,44,14,5,43,35,18,1.66,1.25,2.91,/usa/columbus-crew-vs-fc-cincinnati-h2h-stats#4926280,8777,38,True,True,True,False,False,False,False,"['15', '23', '90+6']",[]
MLS,2023,8777,4926281,677446,711351,2023,complete,96848,0,-1,"['45+6', '84']","['45', '52']",2,2,4,4,4,8,3,0,3,1,0,0,7,6,8,4,15,10,12,11,52,48,19912,647,44668,,,3,1,1.85,2.36,6.91,1.02,1.18,1.53,2.2,3.95,12.0,4.75,2.35,1.53,1.25,1.5,2.5,4.0,1.2,4.33,1.18,1.48,1.22,1.5,3.0,2.4,3.0,2.63,2.7,2.75,0,0,1.3,1.56,1.95,2.5,3.3,2.95,2.2,1.74,1.43,1.24,2.48,7.5,1.72,1.8,15.0,2.0,5.25,5.5,1.29,2.25,5.5,15.0,3.5,1.57,1.14,1.03,1.14,1.73,3.25,7.0,5.5,2.0,1.33,1.1,0,0,0,0,4,1,1,1,1,2,2,1697673600,-1,0,60,13,38,0,-1,2,1,1,2,3,2,3,5,1,0,2,1,1,3,1,38,35,80,95,1.71,1.31,3.02,0,0,0,0,0,0,1,1,0,0,0,0,0,0,1,18,14,-1,-1,-1,-1,-1,-1,10,35,57,82,97,29,66,88,56,8.69,3.57,5.5,2.82,/clubs/club-internacional-de-futbol-miami-677446,teams/usa-club-internacional-de-futbol-miami.png,Inter Miami,/clubs/charlotte-fc-711351,teams/usa-charlotte-fc.png,Charlotte,1.35,0.94,1.38,1.0,1.03,1.22,91,66,44,19,3,51,35,32,1.21,0.94,2.15,/usa/club-internacional-de-futbol-miami-vs-charlotte-fc-h2h-stats#4926281,8777,34,True,True,True,True,False,False,True,"['45+6', '84']","['45', '52']"
MLS,2023,8777,4926282,4,13401,2023,complete,96848,0,-1,['88'],[],1,0,1,6,3,9,1,0,3,2,0,0,3,0,5,3,8,3,14,15,58,42,13889,13006,38056,,,3,2,1.8,3.9,4.2,1.05,1.29,1.92,3.25,6.2,12.0,3.6,1.96,1.35,1.12,1.8,1.95,2.37,1.51,4.33,1.18,1.22,1.22,2.0,2.4,2.2,4.75,2.1,2.55,4.33,0,0,1.32,1.58,1.97,2.5,3.35,2.9,2.17,1.72,1.42,1.24,1.54,8.0,2.95,1.5,8.5,2.75,2.9,7.5,1.36,2.75,8.0,21.0,3.0,1.4,1.08,1.02,1.22,2.0,4.33,11.0,4.0,1.73,1.2,1.05,0,0,0,0,1,0,0,1,0,1,0,1692574200,4,0,52,12,28,0,-1,2,1,2,3,4,0,5,4,1,1,2,1,2,3,1,53,44,109,113,1.11,0.53,1.64,0,0,0,0,0,0,1,1,0,0,0,0,0,0,1,4,12,-1,-1,-1,-1,-1,-1,4,24,56,72,89,36,56,72,61,9.9,3.89,4.8,2.44,/clubs/new-york-red-bulls-4,teams/usa-new-york-red-bulls.png,New York RB,/clubs/dc-united-13401,teams/usa-dc-united.png,DC United,1.58,0.94,1.58,1.08,1.13,1.25,96,76,44,28,12,56,40,27,1.44,1.34,2.78,/usa/new-york-red-bulls-vs-dc-united-h2h-stats#4926282,8777,34,True,False,False,False,False,False,False,['88'],[]
MLS,2023,8777,4926283,2,1015,2023,complete,96848,0,-1,[],"['53', '90+5']",0,2,2,3,5,8,2,1,2,2,0,0,5,4,8,6,13,10,13,16,63,37,20,27505,5,,,2,2,1.98,3.75,3.6,1.04,1.28,1.92,3.25,6.0,13.0,3.6,1.96,1.33,1.12,1.75,2.0,2.7,1.4,4.2,1.19,1.28,1.22,1.9,2.5,2.2,4.33,2.2,2.6,3.75,0,0,1.3,1.55,1.94,2.5,3.3,3.0,2.2,1.75,1.43,1.25,1.63,8.0,2.65,1.57,9.6,2.6,3.3,6.5,1.36,2.75,7.0,21.0,3.0,1.4,1.1,1.02,1.22,2.0,4.33,11.0,4.0,1.73,1.2,1.05,0,0,0,0,2,0,0,0,2,2,0,1692574200,1015,0,61,14,34,0,-1,2,1,2,2,1,3,4,4,2,0,0,2,2,2,1,53,35,125,71,1.56,1.17,2.73,0,0,0,0,0,0,1,1,0,0,2,1,0,0,1,7,5,-1,-1,-1,-1,-1,-1,9,33,59,74,95,44,64,90,42,8.12,5.85,4.25,2.69,/clubs/new-york-city-fc-2,teams/usa-new-york-city-fc.png,New York City,/clubs/minnesota-united-fc-1015,teams/usa-minnesota-united-fc.png,Minnesota United,1.76,1.18,1.6,1.33,1.08,1.27,91,68,42,27,5,68,49,31,1.49,1.16,2.65,/usa/new-york-city-fc-vs-minnesota-united-fc-h2h-stats#4926283,8777,34,True,True,False,False,False,False,False,[],"['53', '90+5']"
MLS,2023,8777,4926284,16,13,2023,complete,96848,0,-1,['25'],['36'],1,1,2,5,2,7,1,0,2,2,0,0,4,5,8,2,12,7,11,4,44,56,24,12,21189,,,2,2,1.67,3.75,5.0,1.03,1.27,1.7,3.25,6.5,11.0,3.75,2.0,1.34,1.11,1.95,1.8,2.25,1.57,5.75,1.1,1.14,1.2,2.3,2.2,2.25,5.5,1.91,2.65,5.0,0,0,1.3,1.57,1.96,2.48,3.3,2.95,2.18,1.73,1.44,1.25,1.45,8.5,3.35,1.4,9.5,3.2,2.6,8.5,1.36,2.75,8.0,21.0,3.0,1.4,1.08,1.02,1.22,2.1,4.5,11.0,4.0,1.67,1.18,1.05,0,0,0,0,2,1,1,0,0,0,2,1695857400,-1,0,57,21,29,0,-1,2,1,2,0,3,2,2,5,2,1,0,1,3,1,1,43,50,90,106,1.35,1.17,2.52,0,0,0,0,0,0,1,1,0,0,0,0,0,0,1,5,2,-1,-1,-1,-1,-1,-1,15,25,57,68,86,40,64,68,47,7.22,5.36,4.92,2.54,/clubs/philadelphia-union-16,teams/usa-philadelphia-union.png,Philadelphia Union,/clubs/fc-dallas-13,teams/usa-fc-dallas.png,FC Dallas,2.17,0.95,2.21,0.93,1.69,1.34,86,75,43,33,14,50,40,40,1.38,1.04,2.42,/usa/fc-dallas-vs-philadelphia-union-h2h-stats#4926284,8777,37,True,True,False,False,False,False,True,['25'],['36']
MLS,2023,8777,4926285,19,1,2023,complete,96848,0,-1,"['66', '90+4']","['18', '25', '79']",2,3,5,7,2,9,1,1,1,1,1,0,3,6,2,5,5,11,6,13,58,42,13893,48693,36107,,,3,1,2.15,3.7,3.15,1.03,1.27,1.92,3.1,5.7,11.5,3.75,1.96,1.32,1.1,1.7,2.05,2.95,1.34,3.7,1.24,1.4,1.25,1.63,3.0,2.2,3.5,2.6,2.55,3.1,0,0,1.32,1.58,1.97,2.5,3.35,2.9,2.18,1.72,1.42,1.24,1.81,7.5,2.33,1.73,12.0,2.2,3.9,5.0,1.36,2.75,7.0,21.0,3.0,1.4,1.1,1.02,1.22,2.0,4.33,11.0,4.0,1.73,1.2,1.05,0,0,0,0,5,0,2,2,1,3,2,1692574200,1,0,30,8,13,0,-1,2,1,2,1,5,1,3,6,1,0,1,1,1,2,1,61,29,117,84,0.98,1.33,2.31,0,1,0,1,0,0,1,1,0,0,0,0,0,0,1,8,1,-1,-1,-1,-1,-1,-1,4,21,42,71,88,38,67,75,29,8.91,3.58,3.67,2.25,/clubs/toronto-fc-19,teams/canada-toronto-fc.png,Toronto,/clubs/montreal-impact-1,teams/canada-montreal-impact.png,Montreal Impact,1.06,0.47,1.25,0.42,0.79,1.26,96,79,59,30,13,63,50,42,1.29,1.06,2.35,/usa/montreal-impact-vs-toronto-fc-h2h-stats#4926285,8777,34,True,True,True,True,True,False,True,"['66', '90+4']","['18', '25', '79']"
MLS,2023,8777,4926286,7,17,2023,complete,96848,0,-1,['47'],"['50', '54', '68']",1,3,4,3,6,9,4,2,4,2,0,0,4,5,4,3,8,8,16,11,52,48,19912,21081,21031,,,4,2,2.28,3.65,2.94,1.04,1.28,1.87,3.1,6.0,12.0,3.6,2.01,1.36,1.12,1.67,2.1,3.0,1.33,3.7,1.24,1.38,1.25,1.66,2.88,2.2,3.6,2.5,2.55,3.1,0,0,1.29,1.55,1.93,2.45,3.25,3.0,2.23,1.76,1.45,1.26,1.76,7.5,2.4,1.73,13.0,2.25,3.9,5.0,1.36,2.75,7.0,21.0,3.0,1.4,1.1,1.02,1.2,1.91,4.0,11.0,4.33,1.8,1.22,1.05,0,0,0,0,4,0,0,1,3,4,0,1692577800,17,0,61,18,35,0,-1,2,1,1,4,2,2,5,4,0,1,4,1,1,5,1,29,43,89,95,1.01,1.18,2.18,0,1,0,1,0,0,1,1,0,0,0,1,0,0,1,16,17,-1,-1,-1,-1,-1,-1,9,31,62,79,92,35,65,75,53,7.37,2.94,4.78,2.79,/clubs/chicago-fire-7,teams/usa-chicago-fire.png,Chicago Fire,/clubs/orlando-city-sc-17,teams/usa-orlando-city-sc.png,Orlando City,1.47,1.89,1.75,1.64,1.39,1.61,92,70,39,21,9,49,39,31,1.02,1.14,2.16,/usa/chicago-fire-vs-orlando-city-sc-h2h-stats#4926286,8777,34,True,True,True,True,False,False,True,['47'],"['50', '54', '68']"
MLS,2023,8777,4926287,6,20,2023,complete,96848,0,-1,"['5', '11', '14', '45+3', '63']",[],5,0,5,3,4,7,1,0,2,3,0,0,8,0,2,3,10,3,9,13,63,37,42,20,7206,,,2,3,1.96,3.75,3.65,1.02,1.23,1.92,3.0,5.8,12.5,4.1,1.96,1.38,1.13,1.7,2.05,2.7,1.4,4.5,1.17,1.26,1.28,1.97,2.5,2.25,4.33,2.2,2.7,3.75,0,0,1.29,1.55,1.93,2.48,3.25,3.0,2.23,1.76,1.44,1.25,1.58,8.0,2.85,1.57,13.0,2.6,3.25,6.5,1.36,2.63,7.0,19.0,3.0,1.44,1.1,1.02,1.2,1.91,4.0,11.0,4.33,1.8,1.22,1.05,0,0,0,0,5,4,0,1,0,1,4,1692577800,6,0,43,18,30,0,-1,2,1,1,3,2,1,4,3,2,1,0,2,3,2,1,36,17,68,79,1.45,0.33,1.78,1,0,1,0,0,0,1,1,1,0,0,0,0,0,1,8,12,-1,-1,-1,-1,-1,-1,21,30,53,61,79,35,49,79,52,8.06,3.15,4.7,2.48,/clubs/houston-dynamo-6,teams/usa-houston-dynamo.png,Houston Dynamo,/clubs/portland-timbers-20,teams/usa-portland-timbers.png,Portland Timbers,2.2,0.76,2.09,0.67,1.26,1.13,79,70,48,39,21,74,61,48,1.34,1.03,2.37,/usa/houston-dynamo-vs-portland-timbers-h2h-stats#4926287,8777,34,True,True,True,True,True,False,False,"['5', '11', '14', '45+3', '63']",[]
MLS,2023,8777,4926288,677447,11,2023,complete,96848,0,-1,"['19', '30', '45+3']","['49', '71']",3,2,5,8,3,11,2,2,2,1,0,0,10,7,7,3,17,10,4,7,43,57,5016,24795,36059,,,2,1,1.83,3.85,4.2,1.0,1.22,1.62,2.68,4.89,12.9,4.54,2.21,1.49,1.19,1.67,2.1,2.8,1.38,5.25,1.14,1.22,1.29,2.0,2.38,2.38,4.33,2.05,2.75,4.0,0,0,1.23,1.43,1.85,2.18,2.8,3.45,2.5,1.95,1.57,1.34,1.55,8.0,2.9,1.5,13.0,2.63,3.45,7.0,1.33,2.5,6.0,17.0,3.25,1.5,1.13,1.03,1.18,1.83,3.75,9.0,4.5,1.83,1.25,1.07,0,0,0,0,5,3,0,0,2,2,3,1697329800,677447,0,52,16,26,0,27780,2,1,4,2,4,1,6,5,1,0,1,1,1,2,1,54,61,87,94,2.16,1.57,3.72,0,0,0,0,0,0,1,1,0,0,0,1,0,0,1,8,13,-1,-1,-1,-1,-1,-1,7,26,48,77,91,22,65,81,45,10.61,3.9,4.61,2.51,/clubs/nashville-sc-mls-677447,teams/usa-nashville-sc-mls.png,Nashville SC,/clubs/new-england-revolution-11,teams/usa-new-england-revolution.png,New England Revolution,1.72,0.83,1.87,0.94,1.44,1.63,94,75,53,23,10,81,71,55,1.31,1.1,2.41,/usa/new-england-revolution-vs-nashville-sc-mls-h2h-stats#4926288,8777,36,True,True,True,True,True,False,True,"['19', '30', '45+3']","['49', '71']"
MLS,2023,8777,4926289,945555,698284,2023,complete,96848,0,-1,"['22', '45+2', '50', '72', '88', '90+5']","['61', '87', '90+1']",6,3,9,2,5,7,1,4,1,0,0,0,10,9,5,2,15,11,7,5,44,56,13841,36880,2339,,,1,0,1.88,3.9,3.8,1.02,1.18,1.58,2.33,4.55,15.0,4.15,2.35,1.53,1.15,1.57,2.25,2.8,1.38,4.75,1.16,1.25,1.26,1.95,2.4,2.38,4.0,2.1,2.7,3.75,0,0,1.23,1.44,1.83,2.35,3.25,3.6,2.45,1.98,1.49,1.28,1.58,7.5,2.8,1.53,15.25,2.5,3.3,7.5,1.3,2.38,6.0,17.0,3.4,1.53,1.13,1.03,1.17,1.8,3.5,9.0,5.0,1.91,1.29,1.07,0,0,0,0,9,2,0,4,3,7,2,1692581400,945555,0,62,18,44,0,-1,2,1,2,1,0,4,3,4,1,0,0,0,1,0,1,32,32,81,108,1.88,1.57,3.45,0,1,0,1,0,0,1,1,0,0,2,0,0,0,1,18,13,-1,-1,-1,-1,-1,-1,13,35,74,96,100,47,74,92,70,9.25,3.66,3.7,3.22,/clubs/st-louis-city-sc-945555,teams/usa-st-louis-city-sc.png,St. Louis City,/clubs/austin-fc-698284,teams/usa-austin-fc.png,Austin,1.94,0.82,2.08,1.0,1.78,1.39,87,66,26,4,0,70,66,61,1.55,1.13,2.68,/usa/austin-fc-vs-st-louis-city-sc-h2h-stats#4926289,8777,34,True,True,True,True,True,True,True,"['22', '45+2', '50', '72', '88', '90+5']","['61', '87', '90+1']"
MLS,2023,8777,4926290,10,14,2023,complete,96848,0,-1,"['7', '34']","['45+1', '76']",2,2,4,8,6,14,1,6,2,1,0,0,7,6,1,7,8,13,6,6,50,50,57,2,8,,,2,1,2.16,3.97,2.99,1.02,1.12,1.36,2.01,3.65,10.0,6.1,2.99,1.82,1.28,1.44,2.63,3.6,1.25,4.8,1.15,1.38,1.27,1.72,2.63,2.4,3.4,2.38,2.9,3.0,0,0,1.23,1.44,1.75,2.2,2.85,3.45,2.48,1.94,1.56,1.33,1.76,7.5,2.4,1.67,16.0,2.2,4.5,6.5,1.25,2.2,5.0,15.0,3.75,1.62,1.17,1.03,1.14,1.67,3.25,7.0,5.5,2.1,1.33,1.1,0,0,0,0,4,2,1,0,1,1,3,1697337000,-1,0,70,34,30,0,-1,2,1,4,3,4,3,7,7,0,0,2,1,0,3,1,58,56,90,90,1.42,1.65,3.06,0,0,0,0,0,0,1,1,1,0,3,1,0,0,1,13,9,-1,-1,-1,1,1,0,14,37,70,84,93,47,77,84,57,11.6,2.4,4.4,3.07,/clubs/la-galaxy-10,teams/usa-la-galaxy.png,LA Galaxy,/clubs/real-salt-lake-14,teams/usa-real-salt-lake.png,Real Salt Lake,1.41,1.53,1.53,1.6,1.09,1.44,87,63,30,17,7,67,57,40,1.63,1.39,3.02,/usa/la-galaxy-vs-real-salt-lake-h2h-stats#4926290,8777,34,True,True,True,True,False,False,True,"['7', '34']","['45+1', '76']"
MLS,2023,8777,4926291,6490,12,2023,complete,96848,0,-1,"['19', '29', '36', '83']",[],4,0,4,3,3,6,2,3,3,5,0,0,8,4,7,5,15,9,12,22,51,49,5016,39588,11434,,,3,5,1.48,4.8,7.0,1.02,1.18,1.62,2.2,4.5,17.0,4.75,2.31,1.59,1.2,1.8,1.95,2.25,1.57,6.5,1.1,1.1,1.18,2.7,1.95,2.5,6.0,1.67,3.0,6.0,0,0,1.24,1.47,1.81,2.25,2.95,3.3,2.4,1.88,1.53,1.3,1.38,8.5,3.75,1.3,14.0,3.5,2.6,11.0,1.3,2.38,6.0,17.0,3.4,1.53,1.13,1.03,1.17,1.83,3.75,9.0,5.0,1.83,1.25,1.07,0,0,0,0,4,3,0,1,0,1,3,1692844200,6490,0,43,17,30,0,-1,2,1,3,1,0,2,4,2,2,1,1,4,3,5,1,78,59,102,79,2.07,1.27,3.34,0,0,0,0,0,0,1,1,0,0,1,0,1,0,1,11,13,-1,-1,-1,1,0,1,13,35,52,74,92,30,69,70,57,11.08,3.27,4.28,2.66,/clubs/los-angeles-fc-6490,teams/usa-los-angeles-fc.png,Los Angeles FC,/clubs/colorado-rapids-12,teams/usa-colorado-rapids.png,Colorado Rapids,2.05,0.59,2.0,0.82,1.61,0.83,87,65,49,26,9,70,52,52,1.74,0.97,2.71,/usa/colorado-rapids-vs-los-angeles-fc-h2h-stats#4926291,8777,34,True,True,True,True,False,False,False,"['19', '29', '36', '83']",[]
MLS,2023,8777,4926292,18,1016,2023,complete,96848,0,-1,[],"['11', '65']",0,2,2,8,6,14,2,1,1,2,0,0,2,7,10,2,12,9,7,8,37,63,3,25,40852,,,1,2,1.96,3.75,3.65,1.04,1.28,1.92,3.25,6.0,11.0,3.6,1.96,1.33,1.12,1.75,2.0,2.65,1.41,4.1,1.2,1.25,1.25,1.9,2.5,2.25,4.33,2.2,2.55,3.75,0,0,1.29,1.55,1.93,2.45,3.25,3.05,2.23,1.76,1.45,1.25,1.58,8.0,2.85,1.57,13.0,2.6,3.3,6.0,1.36,2.75,7.0,21.0,3.0,1.4,1.1,1.02,1.2,2.0,4.33,11.0,4.33,1.73,1.2,1.05,0,0,0,0,2,0,1,0,1,1,1,1692585000,1016,0,45,13,29,0,-1,2,1,2,4,6,2,6,8,1,1,0,1,2,1,1,49,44,91,73,1.25,1.38,2.63,0,0,0,0,0,0,1,1,0,0,0,1,1,0,1,16,16,-1,-1,-1,1,0,1,9,25,49,65,85,33,57,73,41,11.66,3.67,4.43,2.44,/clubs/seattle-sounders-fc-18,teams/usa-seattle-sounders-fc.png,Seattle Sounders,/clubs/atlanta-united-fc-1016,teams/usa-atlanta-united-fc.png,Atlanta United FC,1.65,0.89,1.69,0.92,1.5,1.46,92,75,51,36,16,84,72,51,1.48,1.16,2.64,/usa/seattle-sounders-fc-vs-atlanta-united-fc-h2h-stats#4926292,8777,37,True,True,False,False,False,False,False,[],"['11', '65']"
MLS,2023,8777,4926293,5,15,2023,complete,96848,0,-1,[],['43'],0,1,1,6,1,7,2,1,1,6,0,0,8,1,8,2,16,3,5,6,58,42,13967,41087,12956,,,1,6,1.85,4.0,3.85,1.02,1.2,1.81,2.2,4.75,15.0,4.33,1.89,1.61,1.17,1.67,2.1,2.75,1.39,5.0,1.15,1.22,1.2,2.05,2.3,2.38,4.5,2.0,2.75,4.0,0,0,1.16,1.32,1.57,1.91,2.4,4.4,2.98,2.25,1.8,1.5,1.5,8.0,3.2,1.5,15.0,2.75,3.3,7.0,1.33,2.5,6.0,17.0,3.25,1.5,1.13,1.03,1.18,1.83,3.75,9.0,4.5,1.83,1.25,1.07,0,0,0,0,1,0,1,0,0,0,1,1692585000,15,0,71,25,42,0,-1,2,1,1,0,5,1,1,6,0,1,1,5,1,6,1,80,49,126,92,2.15,0.63,2.78,0,0,0,0,0,0,1,1,0,0,1,0,0,0,1,19,25,-1,-1,-1,-1,-1,-1,24,33,59,84,92,37,71,84,63,12.14,3.03,4.65,3.06,/clubs/vancouver-whitecaps-fc-5,teams/canada-vancouver-whitecaps-fc.png,Vancouver Whitecaps,/clubs/san-jose-earthquakes-15,teams/usa-san-jose-earthquakes.png,SJ Earthquakes,1.67,0.78,1.92,0.64,1.41,1.39,77,68,41,17,9,75,67,63,1.66,1.02,2.68,/usa/vancouver-whitecaps-fc-vs-san-jose-earthquakes-h2h-stats#4926293,8777,35,True,False,False,False,False,False,False,[],['43']
MLS,2023,8777,4926294,1016,677447,2023,complete,96848,0,-1,"['26', '46', '57', '87']",[],4,0,4,5,6,11,1,2,2,0,0,0,11,1,4,9,15,10,10,2,51,49,13889,40852,24795,,,2,0,1.95,3.5,3.7,1.05,1.25,1.72,2.88,5.55,13.75,4.05,2.0,1.42,1.15,1.68,2.15,2.8,1.36,4.0,1.21,1.3,1.3,1.72,2.6,2.2,3.9,2.3,2.5,3.5,0,0,1.24,1.46,1.95,2.37,3.3,3.5,2.45,1.85,1.47,1.27,1.74,7.5,2.45,1.72,14.0,2.3,3.6,5.8,1.38,2.55,6.5,19.0,3.0,1.45,1.09,1.02,1.18,2.0,3.7,9.0,4.8,1.72,1.19,1.04,0,0,0,0,4,1,0,3,0,3,1,1693092600,1016,0,63,25,29,0,-1,2,1,3,1,2,5,4,7,1,0,1,0,1,1,1,57,46,99,93,2.13,1.04,3.17,0,0,0,0,0,0,1,1,0,0,0,0,0,0,1,4,4,-1,-1,-1,-1,-1,-1,9,29,54,80,96,38,84,84,46,10.42,4.42,4.25,2.75,/clubs/atlanta-united-fc-1016,teams/usa-atlanta-united-fc.png,Atlanta United FC,/clubs/nashville-sc-mls-677447,teams/usa-nashville-sc-mls.png,Nashville SC,2.06,1.0,2.0,1.0,1.52,1.58,92,71,46,21,4,50,30,21,1.55,0.96,2.51,/usa/atlanta-united-fc-vs-nashville-sc-mls-h2h-stats#4926294,8777,36,True,True,True,True,False,False,False,"['26', '46', '57', '87']",[]
MLS,2023,8777,4926295,711351,6490,2023,complete,96848,0,-1,"['29', '75']",['67'],2,1,3,5,2,7,0,2,3,1,0,0,5,6,7,6,12,12,10,10,63,37,13864,44668,39588,,,3,1,2.55,3.4,2.6,1.03,1.25,1.59,3.0,5.5,13.0,3.75,2.2,1.38,1.14,1.63,2.2,3.4,1.27,3.4,1.27,1.53,1.25,1.5,3.2,2.25,3.1,2.9,2.6,2.85,0,0,1.24,1.46,1.85,2.37,3.3,3.5,2.45,1.95,1.47,1.27,1.98,7.5,2.1,1.95,13.0,1.95,4.6,4.75,1.36,2.65,6.5,19.0,3.2,1.45,1.1,1.02,1.2,1.95,4.0,9.0,4.33,1.8,1.22,1.04,0,0,0,0,3,1,0,1,1,2,1,1693092600,711351,0,60,27,23,0,-1,2,1,1,1,4,1,2,5,2,1,1,0,3,1,1,46,35,109,94,1.45,1.44,2.89,0,0,0,0,0,0,1,1,0,0,0,0,1,0,1,6,6,-1,-1,-1,-1,-1,-1,14,27,60,78,87,41,73,73,45,10.18,3.09,4.82,2.68,/clubs/charlotte-fc-711351,teams/usa-charlotte-fc.png,Charlotte,/clubs/los-angeles-fc-6490,teams/usa-los-angeles-fc.png,Los Angeles FC,1.53,1.25,1.27,1.18,1.13,1.67,87,73,41,23,14,73,55,41,1.15,1.36,2.51,/usa/los-angeles-fc-vs-charlotte-fc-h2h-stats#4926295,8777,35,True,True,True,False,False,False,True,"['29', '75']",['67']
MLS,2023,8777,4926296,8043,2,2023,complete,96848,0,-1,"['6', '52', '59']",[],3,0,3,5,8,13,0,0,2,2,0,0,6,4,2,5,8,9,8,11,44,56,11,40182,27505,,,2,2,1.65,3.8,4.8,1.04,1.22,1.71,2.73,5.0,14.75,4.28,2.01,1.46,1.18,1.67,2.1,2.55,1.44,5.0,1.15,1.22,1.27,2.0,2.2,2.25,4.5,2.0,2.65,4.1,0,0,1.27,1.5,2.0,2.5,3.5,3.3,2.3,1.8,1.43,1.24,1.5,8.0,3.15,1.55,15.0,2.55,3.0,8.5,1.32,2.5,6.25,19.0,3.15,1.48,1.11,1.02,1.17,1.9,3.6,8.0,5.0,1.75,1.2,1.06,0,0,0,0,3,1,0,2,0,2,1,1693092600,8043,0,54,24,31,0,-1,2,1,2,2,3,6,4,9,1,0,1,2,1,3,1,35,73,75,115,1.18,1.38,2.57,0,0,0,0,0,0,1,1,1,0,1,0,0,0,1,6,4,-1,-1,-1,-1,-1,-1,8,20,44,66,97,28,62,89,39,8.99,2.51,4.71,2.34,/clubs/fc-cincinnati-8043,teams/usa-fc-cincinnati.png,FC Cincinnati,/clubs/new-york-city-fc-2,teams/usa-new-york-city-fc.png,New York City,2.35,0.65,2.83,0.71,2.13,1.04,93,81,56,35,4,45,38,35,1.29,0.99,2.28,/usa/new-york-city-fc-vs-fc-cincinnati-h2h-stats#4926296,8777,34,True,True,True,False,False,False,False,"['6', '52', '59']",[]
MLS,2023,8777,4926297,9,19,2023,complete,96848,0,-1,"['21', '88']",[],2,0,2,10,3,13,1,4,1,1,0,0,8,3,13,5,21,8,7,5,60,40,19927,39282,48693,,,1,1,1.61,3.75,5.5,1.03,1.18,1.74,2.08,3.8,14.0,4.4,1.94,1.66,1.2,1.75,2.0,2.2,1.57,7.25,1.09,1.1,1.19,2.8,1.91,2.6,6.0,1.67,3.0,6.0,0,0,1.3,1.57,2.0,2.7,3.8,3.1,2.2,1.68,1.38,1.21,1.36,9.0,3.95,1.29,18.25,3.6,2.5,12.0,1.25,2.25,5.5,15.0,3.75,1.57,1.14,1.03,1.14,1.73,3.4,8.0,5.5,2.0,1.3,1.08,0,0,0,0,2,1,0,1,0,1,1,1693092600,9,0,52,16,36,0,-1,2,1,5,0,5,3,5,8,1,1,0,0,2,0,1,96,28,122,66,2.57,0.92,3.49,0,0,0,0,0,0,1,1,0,0,0,0,0,0,1,3,3,-1,-1,-1,-1,-1,-1,20,32,52,84,92,47,64,80,56,7.29,3.12,3.35,2.94,/clubs/columbus-crew-9,teams/usa-columbus-crew.png,Columbus Crew,/clubs/toronto-fc-19,teams/canada-toronto-fc.png,Toronto,2.45,0.24,2.31,0.33,1.63,0.76,80,69,48,17,9,52,36,20,1.68,0.91,2.59,/usa/columbus-crew-vs-toronto-fc-h2h-stats#4926297,8777,34,True,True,False,False,False,False,False,"['21', '88']",[]
MLS,2023,8777,4926298,13401,16,2023,complete,96848,0,-1,['88'],"['5', '13', '38']",1,3,4,7,5,12,3,2,1,3,0,0,8,10,1,4,9,14,10,15,54,46,42,38056,12,,,1,3,2.37,3.3,2.85,1.05,1.27,1.81,3.07,5.8,12.5,3.8,1.89,1.38,1.14,1.67,2.1,3.1,1.31,3.6,1.25,1.42,1.32,1.55,2.9,2.15,3.3,2.6,2.55,3.0,0,0,1.3,1.57,1.96,2.5,3.3,2.95,2.18,1.73,1.43,1.24,1.88,7.5,2.2,1.85,13.0,2.05,4.0,5.0,1.38,2.65,7.0,21.0,2.9,1.42,1.09,1.02,1.18,1.95,3.8,9.0,4.6,1.7,1.18,1.05,0,0,0,0,4,0,3,1,0,1,3,1693092600,16,0,61,17,40,0,-1,2,1,1,1,6,4,2,10,1,0,0,3,1,3,1,49,33,116,90,1.5,1.83,3.32,0,1,0,1,0,0,1,1,0,1,1,0,0,0,1,4,2,-1,-1,-1,-1,-1,-1,9,35,66,92,100,21,78,92,54,7.9,4.26,5.18,3.01,/clubs/dc-united-13401,teams/usa-dc-united.png,DC United,/clubs/philadelphia-union-16,teams/usa-philadelphia-union.png,Philadelphia Union,1.41,1.16,1.45,1.17,1.2,1.74,92,66,35,9,0,47,39,30,1.42,1.23,2.65,/usa/philadelphia-union-vs-dc-united-h2h-stats#4926298,8777,34,True,True,True,True,False,False,True,['88'],"['5', '13', '38']"
MLS,2023,8777,4926299,1,11,2023,complete,96848,0,-1,['86'],[],1,0,1,8,1,9,0,4,0,1,0,0,3,0,5,2,8,2,12,8,49,51,15,36107,21032,,,0,1,2.3,3.4,2.9,1.04,1.23,1.64,2.79,5.15,14.5,4.18,2.12,1.45,1.17,1.57,2.25,3.4,1.28,3.8,1.22,1.38,1.3,1.62,2.75,2.2,3.5,2.5,2.65,2.95,0,0,1.29,1.53,1.83,2.4,3.2,3.05,2.25,1.98,1.46,1.26,1.83,7.5,2.28,1.82,15.0,2.1,4.2,5.0,1.35,2.5,6.25,19.0,3.1,1.48,1.11,1.02,1.16,1.88,3.5,8.0,5.0,1.78,1.22,1.06,0,0,0,0,1,0,0,1,0,1,0,1693092600,1,0,32,9,18,0,-1,2,1,1,0,7,1,1,8,0,1,0,0,1,0,1,63,17,133,84,1.19,0.27,1.46,0,0,0,0,0,0,1,1,0,0,0,0,0,0,1,7,2,-1,-1,-1,-1,-1,-1,9,23,41,69,96,23,55,78,46,10.18,3.09,4.55,2.41,/clubs/montreal-impact-1,teams/canada-montreal-impact.png,Montreal Impact,/clubs/new-england-revolution-11,teams/usa-new-england-revolution.png,New England Revolution,1.94,0.83,2.18,1.18,1.33,1.87,91,78,59,32,5,69,59,55,1.29,1.13,2.42,/usa/montreal-impact-vs-new-england-revolution-h2h-stats#4926299,8777,34,True,False,False,False,False,False,False,['86'],[]
MLS,2023,8777,4926300,4,677446,2023,complete,96848,0,-1,[],"['37', '89']",0,2,2,10,1,11,2,3,2,1,0,0,4,3,4,2,8,5,8,10,50,50,3,13006,647,,,2,1,2.15,3.9,2.87,1.03,1.19,1.66,2.64,4.7,13.0,4.0,2.08,1.41,1.14,1.57,2.34,3.75,1.23,3.7,1.24,1.5,1.29,1.51,3.04,2.26,3.13,2.77,2.62,2.86,0,0,1.34,1.62,2.1,2.87,3.75,2.9,2.05,1.61,1.34,1.2,2.0,7.0,2.08,1.99,14.75,1.92,4.8,5.5,1.32,2.49,5.9,12.0,3.22,1.5,1.11,1.03,1.19,1.91,3.82,7.0,4.45,1.84,1.24,1.08,0,0,0,0,2,0,1,0,1,1,1,1693092600,677446,0,50,9,30,0,-1,2,1,3,1,7,0,4,7,1,1,1,0,2,1,1,50,33,148,86,1.17,0.78,1.95,0,0,0,0,0,0,1,1,0,0,0,0,0,0,1,2,7,-1,-1,-1,-1,-1,-1,5,21,55,67,96,30,59,75,54,9.33,2.63,4.82,2.43,/clubs/new-york-red-bulls-4,teams/usa-new-york-red-bulls.png,New York RB,/clubs/club-internacional-de-futbol-miami-677446,teams/usa-club-internacional-de-futbol-miami.png,Inter Miami,1.58,0.65,1.69,0.36,1.21,0.82,96,79,46,34,4,50,25,13,1.41,1.17,2.58,/usa/new-york-red-bulls-vs-club-internacional-de-futbol-miami-h2h-stats#4926300,8777,34,True,True,False,False,False,False,False,[],"['37', '89']"
MLS,2023,8777,4926301,17,945555,2023,complete,96848,0,-1,"['48', '90+1']",['78'],2,1,3,8,4,12,1,1,2,4,0,1,4,2,3,7,7,9,10,20,57,43,13893,21031,36880,,,2,6,1.93,3.6,3.7,1.04,1.21,1.53,2.6,4.6,11.5,4.0,2.33,1.43,1.17,1.57,2.25,2.95,1.35,4.33,1.19,1.3,1.28,1.75,2.55,2.15,3.7,2.3,2.55,3.4,0,0,1.24,1.46,1.9,2.37,3.3,3.5,2.45,1.9,1.47,1.27,1.64,7.5,2.65,1.68,15.0,2.25,3.5,6.5,1.33,2.6,6.0,16.0,3.0,1.47,1.11,1.02,1.2,1.9,3.8,9.0,4.1,1.77,1.22,1.06,0,0,0,0,3,0,0,2,1,3,0,1693092600,17,0,48,18,22,0,-1,2,1,4,1,4,3,5,7,0,0,2,5,0,7,1,38,34,95,89,1.01,0.96,1.97,1,0,1,0,0,0,1,1,0,0,0,0,0,0,1,3,4,-1,-1,-1,-1,-1,-1,5,30,53,83,96,26,60,92,58,11.13,2.31,4.3,2.66,/clubs/orlando-city-sc-17,teams/usa-orlando-city-sc.png,Orlando City,/clubs/st-louis-city-sc-945555,teams/usa-st-louis-city-sc.png,St. Louis City,1.84,1.17,1.58,1.45,1.67,1.83,96,70,47,18,4,66,52,44,1.46,1.25,2.71,/usa/orlando-city-sc-vs-st-louis-city-sc-h2h-stats#4926301,8777,36,True,True,True,False,False,False,True,"['48', '90+1']",['78']
MLS,2023,8777,4926302,13,698284,2023,complete,96848,0,-1,['90+7'],[],1,0,1,5,4,9,1,0,4,1,0,1,5,2,3,5,8,7,13,9,61,39,69,21189,2339,,,4,2,1.98,3.4,3.6,1.05,1.26,1.7,2.9,5.25,9.75,3.5,2.02,1.36,1.13,1.67,2.1,2.85,1.38,4.1,1.2,1.29,1.28,1.75,2.63,2.2,4.0,2.25,2.5,3.6,0,0,1.3,1.56,1.94,2.45,3.25,3.0,2.2,1.75,1.45,1.25,1.63,7.5,2.7,1.62,9.7,2.5,3.4,7.0,1.36,2.75,7.0,21.0,3.0,1.4,1.1,1.02,1.2,1.91,4.0,11.0,4.33,1.8,1.22,1.05,0,0,0,0,1,0,0,1,0,1,0,1693096200,13,0,70,22,43,0,18267,2,1,1,3,4,1,4,5,2,1,2,1,3,3,1,59,33,89,90,1.29,0.83,2.12,0,0,0,0,0,0,1,1,0,0,0,2,0,0,1,15,5,-1,-1,-1,-1,-1,-1,13,21,60,91,100,30,60,96,74,8.26,3.26,2.97,3.02,/clubs/fc-dallas-13,teams/usa-fc-dallas.png,FC Dallas,/clubs/austin-fc-698284,teams/usa-austin-fc.png,Austin,1.72,0.82,1.82,0.92,1.3,1.33,88,79,40,9,0,65,47,43,1.12,1.16,2.28,/usa/fc-dallas-vs-austin-fc-h2h-stats#4926302,8777,34,True,False,False,False,False,False,False,['90+7'],[]
MLS,2023,8777,4926303,8,15,2023,complete,96848,0,-1,"['3', '42', '69']",[],3,0,3,5,5,10,2,1,0,0,0,0,6,2,5,4,11,6,8,7,59,41,84,18,12956,,,0,0,1.95,3.5,3.6,1.02,1.22,1.54,2.8,5.0,15.0,4.2,2.3,1.44,1.16,1.62,2.2,2.75,1.38,4.75,1.16,1.24,1.27,1.88,2.4,2.3,4.33,2.1,2.6,4.0,0,0,1.28,1.53,1.9,2.4,3.2,3.05,2.25,1.79,1.47,1.26,1.62,7.5,2.7,1.53,14.5,2.6,3.3,7.0,1.33,2.5,6.5,19.0,3.25,1.5,1.11,1.02,1.18,1.83,3.75,9.0,4.5,1.83,1.25,1.07,0,0,0,0,3,2,0,1,0,1,2,1693096200,8,0,59,21,30,0,18892,2,-1,4,3,1,2,7,3,0,0,0,0,0,0,1,70,44,110,85,1.63,0.85,2.47,0,1,0,0,0,1,1,1,1,0,0,0,-1,-1,1,14,9,-1,-1,-1,-1,-1,-1,17,29,63,75,92,42,71,79,54,10.5,2.67,4.58,2.75,/clubs/sporting-kansas-city-8,teams/usa-sporting-kansas-city.png,Sporting KC,/clubs/san-jose-earthquakes-15,teams/usa-san-jose-earthquakes.png,SJ Earthquakes,1.74,0.78,1.42,0.83,1.04,1.46,84,71,38,25,8,59,50,46,1.57,0.99,2.56,/usa/sporting-kansas-city-vs-san-jose-earthquakes-h2h-stats#4926303,8777,35,True,True,True,False,False,False,False,"['3', '42', '69']",[]
MLS,2023,8777,4926304,14,6,2023,complete,96848,0,-1,[],"['9', '29', '75']",0,3,3,5,0,5,1,2,2,0,0,0,1,4,6,2,7,6,11,10,54,46,58,8,20,,,2,0,1.8,3.5,4.33,1.02,1.22,1.61,2.78,5.13,15.0,4.41,2.17,1.46,1.18,1.67,2.1,2.7,1.4,5.0,1.15,1.2,1.22,2.0,2.38,2.3,4.5,2.05,2.7,4.0,0,0,1.28,1.52,1.89,2.4,3.15,3.1,2.28,1.8,1.47,1.27,1.55,8.0,2.9,1.5,14.5,2.75,3.1,8.0,1.33,2.5,6.5,19.0,3.25,1.5,1.11,1.02,1.18,1.83,3.75,9.0,4.5,1.83,1.25,1.07,0,0,0,0,3,0,2,0,1,1,2,1693099800,6,0,46,17,21,0,-1,2,1,3,0,2,0,3,2,0,0,2,0,0,2,1,49,28,117,77,0.88,0.87,1.75,0,0,0,0,0,0,1,1,0,1,0,0,0,0,1,25,11,-1,-1,-1,1,1,0,8,33,63,71,84,33,67,71,50,9.75,4.33,5.42,2.71,/clubs/real-salt-lake-14,teams/usa-real-salt-lake.png,Real Salt Lake,/clubs/houston-dynamo-6,teams/usa-houston-dynamo.png,Houston Dynamo,1.28,0.79,1.33,0.5,1.54,1.33,92,67,38,29,17,54,46,33,1.72,1.1,2.82,/usa/houston-dynamo-vs-real-salt-lake-h2h-stats#4926304,8777,37,True,True,True,False,False,False,False,[],"['9', '29', '75']"
MLS,2023,8777,4926305,10,7,2023,complete,96848,0,-1,"['29', '72', '90']",[],3,0,3,10,6,16,0,0,0,2,0,1,9,4,5,6,14,10,12,5,64,36,31,2,21081,,,0,3,1.8,3.6,4.1,1.03,1.21,1.74,2.2,4.85,9.0,4.64,1.94,1.59,1.2,1.53,2.38,3.0,1.33,4.75,1.16,1.18,1.26,1.89,2.5,2.38,4.0,2.2,2.71,3.6,0,0,1.28,1.53,1.91,2.43,3.2,3.05,2.25,1.78,1.46,1.27,1.64,8.0,2.65,1.57,15.75,2.5,3.6,7.5,1.3,2.38,6.0,17.0,3.4,1.53,1.13,1.03,1.17,1.8,3.5,8.0,5.0,1.91,1.29,1.08,0,0,0,0,3,1,0,2,0,2,1,1693103400,10,0,68,34,43,0,-1,2,1,5,2,5,4,7,9,0,2,0,1,2,1,1,50,34,108,54,1.88,1.15,3.03,1,0,1,0,0,0,1,1,0,0,2,0,0,1,1,9,13,-1,-1,-1,-1,-1,-1,14,34,67,77,96,39,67,91,58,10.57,3.18,5.22,2.92,/clubs/la-galaxy-10,teams/usa-la-galaxy.png,LA Galaxy,/clubs/chicago-fire-7,teams/usa-chicago-fire.png,Chicago Fire,1.41,0.88,1.4,1.0,1.0,1.33,86,67,33,23,5,67,62,53,1.64,0.95,2.59,/usa/chicago-fire-vs-la-galaxy-h2h-stats#4926305,8777,34,True,True,True,False,False,False,False,"['29', '72', '90']",[]
MLS,2023,8777,4926306,20,5,2023,complete,96848,0,-1,"['53', '85']","['13', '36', '60']",2,3,5,6,3,9,0,3,4,2,0,0,5,3,5,3,10,6,14,10,64,36,13812,49380,41087,,,4,2,1.95,3.5,3.6,1.02,1.17,1.59,2.3,4.4,17.0,4.25,2.18,1.54,1.16,1.53,2.38,3.25,1.3,4.6,1.17,1.32,1.27,1.72,2.6,2.38,3.6,2.25,2.7,3.4,0,0,1.27,1.5,1.88,2.38,3.1,3.15,2.3,1.81,1.48,1.27,1.71,7.5,2.5,1.62,15.75,2.38,3.9,6.5,1.3,2.38,6.0,17.0,3.4,1.53,1.13,1.03,1.17,1.8,3.5,8.0,5.0,1.91,1.29,1.08,0,0,0,0,5,0,2,2,1,3,2,1693103400,5,0,71,40,25,0,-1,2,1,2,1,4,2,3,6,1,0,3,2,1,5,1,76,26,123,50,1.54,0.78,2.32,0,1,0,1,0,0,1,1,0,0,0,0,0,0,1,32,10,-1,-1,-1,-1,-1,-1,15,35,61,77,90,52,81,76,30,9.53,3.29,5.08,2.77,/clubs/portland-timbers-20,teams/usa-portland-timbers.png,Portland Timbers,/clubs/vancouver-whitecaps-fc-5,teams/canada-vancouver-whitecaps-fc.png,Vancouver Whitecaps,1.76,1.0,1.64,0.67,1.08,1.35,86,66,39,24,10,66,66,56,1.47,1.27,2.74,/usa/vancouver-whitecaps-fc-vs-portland-timbers-h2h-stats#4926306,8777,34,True,True,True,True,True,False,True,"['53', '85']","['13', '36', '60']"
MLS,2023,8777,4926307,1015,18,2023,complete,96848,0,-1,['56'],['17'],1,1,2,11,5,16,0,1,0,0,0,0,4,2,7,2,11,4,9,7,53,47,13841,5,25,,,0,0,2.28,3.4,3.12,1.04,1.27,1.93,3.1,5.93,12.0,3.93,1.75,1.39,1.15,1.67,2.1,2.95,1.35,3.9,1.22,1.33,1.3,1.71,2.75,2.2,3.75,2.5,2.53,3.2,0,0,1.25,1.48,1.83,2.3,2.95,3.25,2.35,1.86,1.52,1.3,1.73,7.5,2.45,1.67,9.7,2.3,3.7,5.8,1.36,2.75,7.0,21.0,3.0,1.4,1.1,1.02,1.2,1.91,4.0,11.0,4.33,1.8,1.22,1.05,0,0,0,0,2,0,1,1,0,1,1,1693168200,-1,0,63,19,34,0,-1,2,-1,5,4,6,1,9,7,0,0,0,0,0,0,1,88,38,135,89,1.62,0.68,2.3,0,0,0,0,0,0,1,1,0,0,1,0,-1,-1,1,24,16,-1,-1,-1,-1,-1,-1,28,28,38,72,91,34,67,71,38,11.17,3.94,4.01,2.61,/clubs/minnesota-united-fc-1015,teams/usa-minnesota-united-fc.png,Minnesota United,/clubs/seattle-sounders-fc-18,teams/usa-seattle-sounders-fc.png,Seattle Sounders,1.24,1.44,1.2,1.27,1.35,1.44,72,72,63,28,10,73,58,53,1.55,1.12,2.67,/usa/seattle-sounders-fc-vs-minnesota-united-fc-h2h-stats#4926307,8777,34,True,True,False,False,False,False,True,['56'],['17']
MLS,2023,8777,4926308,1016,8043,2023,complete,96848,0,-1,['10'],"['75', '80']",1,2,3,6,6,12,3,1,2,1,0,0,1,4,6,7,7,11,10,9,59,41,7,40852,40182,,,2,1,2.01,3.65,2.95,1.02,1.2,1.63,2.38,4.5,17.0,4.5,2.25,1.51,1.2,1.53,2.38,3.3,1.29,4.75,1.15,1.4,1.22,1.68,2.63,2.38,3.6,2.38,2.75,3.2,0,0,1.27,1.5,1.87,2.35,3.1,3.15,2.33,1.82,1.49,1.28,1.71,7.5,2.5,1.62,15.75,2.3,4.0,6.0,1.3,2.5,6.0,17.0,3.4,1.5,1.13,1.03,1.17,1.8,3.5,9.0,5.0,1.91,1.29,1.07,0,0,0,0,3,1,0,0,2,2,1,1693438200,8043,0,64,20,40,0,-1,2,1,0,3,6,3,3,9,0,1,2,0,1,2,1,55,60,101,90,0.92,1.41,2.33,0,0,0,0,0,0,1,1,1,0,0,0,0,0,1,6,6,-1,-1,-1,-1,-1,-1,16,44,68,84,96,44,84,80,64,9.21,3.61,4.65,3.23,/clubs/atlanta-united-fc-1016,teams/usa-atlanta-united-fc.png,Atlanta United FC,/clubs/fc-cincinnati-8043,teams/usa-fc-cincinnati.png,FC Cincinnati,2.06,1.61,2.08,1.42,1.58,2.16,84,57,33,17,4,52,24,20,1.59,1.22,2.81,/usa/atlanta-united-fc-vs-fc-cincinnati-h2h-stats#4926308,8777,37,True,True,True,False,False,False,True,['10'],"['75', '80']"
MLS,2023,8777,4926309,711351,17,2023,complete,96848,0,-1,['81'],['88'],1,1,2,4,3,7,2,5,2,2,0,0,2,4,5,2,7,6,18,8,66,34,13812,44668,21031,,,2,2,2.2,3.63,2.62,1.02,1.22,1.72,2.7,4.75,10.0,3.8,2.1,1.4,1.15,1.57,2.25,3.4,1.29,3.8,1.22,1.44,1.3,1.57,3.0,2.25,3.25,2.63,2.65,2.88,0,0,1.28,1.53,1.9,2.43,3.2,3.05,2.25,1.79,1.46,1.26,1.9,7.5,2.18,1.8,11.0,2.05,4.75,4.8,1.33,2.63,6.5,19.0,3.25,1.44,1.11,1.02,1.18,1.83,3.75,10.0,4.5,1.83,1.25,1.06,0,0,0,0,2,0,0,1,1,2,0,1693438200,-1,0,67,21,38,0,-1,2,1,2,1,2,2,3,4,0,0,2,2,0,4,1,63,50,76,63,1.04,1.02,2.06,1,0,1,0,0,0,1,1,0,0,1,0,0,0,1,5,2,-1,-1,-1,-1,-1,-1,9,38,71,84,92,38,63,79,63,8.67,2.33,5.09,2.96,/clubs/charlotte-fc-711351,teams/usa-charlotte-fc.png,Charlotte,/clubs/orlando-city-sc-17,teams/usa-orlando-city-sc.png,Orlando City,1.53,1.89,1.42,1.75,1.21,1.72,92,63,29,17,8,58,42,29,1.18,1.15,2.33,/usa/orlando-city-sc-vs-charlotte-fc-h2h-stats#4926309,8777,35,True,True,False,False,False,False,True,['81'],['88']
MLS,2023,8777,4926310,677446,677447,2023,complete,96848,0,-1,[],[],0,0,0,4,4,8,1,3,4,2,0,0,4,2,3,3,7,5,15,10,69,31,11,647,24795,,,4,2,1.52,4.2,4.7,1.02,1.18,1.62,2.4,4.33,10.0,4.33,2.25,1.56,1.18,1.62,2.2,2.7,1.4,5.5,1.11,1.25,1.22,2.15,2.3,2.38,4.5,2.0,2.8,4.0,0,0,1.25,1.48,1.81,2.28,2.95,3.25,2.38,1.87,1.52,1.3,1.43,8.5,3.65,1.5,12.0,2.75,3.5,7.0,1.3,2.38,6.0,17.0,3.4,1.53,1.13,1.03,1.17,1.8,3.5,9.0,5.0,1.91,1.29,1.07,0,0,0,0,0,0,0,0,0,0,0,1693438200,-1,0,55,21,32,0,-1,2,1,0,1,4,3,1,7,2,0,2,2,2,4,1,83,33,105,62,1.33,0.7,2.03,0,0,0,0,0,0,1,1,0,0,0,1,0,0,1,2,1,-1,-1,-1,-1,-1,-1,5,21,47,76,96,25,71,80,39,8.53,4.8,4.67,2.44,/clubs/club-internacional-de-futbol-miami-677446,teams/usa-club-internacional-de-futbol-miami.png,Inter Miami,/clubs/nashville-sc-mls-677447,teams/usa-nashville-sc-mls.png,Nashville SC,1.35,1.0,1.27,0.92,0.91,1.52,96,79,54,25,4,41,37,25,1.18,0.96,2.14,/usa/club-internacional-de-futbol-miami-vs-nashville-sc-mls-h2h-stats#4926310,8777,34,False,False,False,False,False,False,False,[],[]
MLS,2023,8777,4926311,11,4,2023,complete,96848,0,-1,['30'],[],1,0,1,8,2,10,2,2,2,1,0,0,6,2,3,4,9,6,13,17,50,50,13891,21032,13006,,,2,1,1.99,3.4,3.15,1.03,1.22,1.62,2.95,5.5,13.0,4.0,2.25,1.4,1.15,1.7,2.05,2.8,1.38,4.75,1.15,1.22,1.22,2.0,2.4,2.3,4.33,2.1,2.7,3.75,0,0,1.29,1.54,1.92,2.43,3.2,3.05,2.25,1.77,1.46,1.26,1.63,7.5,2.7,1.53,11.0,2.6,3.0,9.0,1.33,2.5,6.5,19.0,3.25,1.5,1.11,1.02,1.18,1.91,4.0,10.0,4.5,1.8,1.22,1.06,0,0,0,0,1,1,0,0,0,0,1,1693438200,11,0,56,17,21,0,-1,2,1,4,0,4,2,4,6,1,0,1,1,1,2,1,84,73,108,112,1.6,1.06,2.66,0,0,0,0,0,0,1,1,0,0,0,0,0,0,1,7,5,-1,-1,-1,-1,-1,-1,4,26,47,74,96,38,74,83,34,8.61,3.74,4.26,2.49,/clubs/new-england-revolution-11,teams/usa-new-england-revolution.png,New England Revolution,/clubs/new-york-red-bulls-4,teams/usa-new-york-red-bulls.png,New York RB,2.22,0.94,2.5,0.64,1.79,1.16,96,75,54,27,5,35,35,30,1.41,1.36,2.77,/usa/new-york-red-bulls-vs-new-england-revolution-h2h-stats#4926311,8777,36,True,False,False,False,False,False,False,['30'],[]
MLS,2023,8777,4926312,2,1,2023,complete,96848,0,-1,"['30', '37']",[],2,0,2,4,5,9,2,2,1,1,0,0,5,3,5,8,10,11,9,8,53,47,24,27505,36107,,,1,1,1.58,3.83,4.55,1.01,1.23,1.78,2.83,5.2,10.25,3.64,1.92,1.36,1.11,1.8,1.95,2.3,1.55,5.0,1.13,1.17,1.24,2.22,2.3,2.2,5.0,2.0,2.68,4.5,0,0,1.3,1.56,1.94,2.48,3.25,2.95,2.2,1.75,1.44,1.25,1.47,8.0,3.25,1.5,11.0,2.88,2.75,8.0,1.36,2.75,8.0,21.0,3.0,1.4,1.08,1.02,1.22,2.0,4.33,11.0,4.0,1.73,1.2,1.05,0,0,0,0,2,2,0,0,0,0,2,1693438200,2,0,48,9,30,0,-1,2,1,2,1,2,4,3,6,0,1,1,0,1,1,1,56,57,118,104,1.4,1.32,2.72,0,0,0,0,0,0,1,1,0,0,1,0,0,0,1,6,6,-1,-1,-1,-1,-1,-1,12,34,54,84,92,45,75,76,43,8.24,4.92,4.83,2.75,/clubs/new-york-city-fc-2,teams/usa-new-york-city-fc.png,New York City,/clubs/montreal-impact-1,teams/canada-montreal-impact.png,Montreal Impact,1.76,0.47,1.45,0.62,1.0,1.4,88,67,47,17,9,55,41,32,1.5,1.08,2.58,/usa/montreal-impact-vs-new-york-city-fc-h2h-stats#4926312,8777,34,True,True,False,False,False,False,False,"['30', '37']",[]
MLS,2023,8777,4926313,19,16,2023,complete,96848,0,-1,"['23', '58', '63']",['45'],3,1,4,4,8,12,2,2,4,2,0,1,6,2,4,10,10,12,7,13,57,43,14023,48693,12,,,4,4,2.88,3.68,2.03,1.04,1.28,1.83,3.1,6.0,12.0,3.6,1.95,1.36,1.12,1.62,2.2,3.8,1.22,3.3,1.29,1.72,1.25,1.36,3.4,2.25,3.0,3.0,2.55,2.6,0,0,1.28,1.52,1.88,2.4,3.15,3.1,2.28,1.8,1.47,1.27,2.2,7.5,1.88,2.2,13.0,1.73,5.8,3.75,1.36,2.63,7.0,19.0,3.0,1.44,1.1,1.02,1.2,1.91,4.0,10.0,4.33,1.8,1.22,1.06,0,0,0,0,4,1,1,2,0,2,2,1693438200,19,0,54,20,23,0,-1,2,1,4,5,0,3,9,3,0,0,4,3,0,7,1,53,85,83,87,1.44,1.51,2.94,0,0,0,0,0,0,1,1,0,0,0,4,0,0,1,0,1,-1,-1,-1,-1,-1,-1,8,35,47,74,93,31,73,89,31,8.92,3.62,4.77,2.54,/clubs/toronto-fc-19,teams/canada-toronto-fc.png,Toronto,/clubs/philadelphia-union-16,teams/usa-philadelphia-union.png,Philadelphia Union,1.06,1.16,1.15,1.31,0.73,1.79,92,66,54,27,8,70,50,39,1.26,1.27,2.53,/usa/philadelphia-union-vs-toronto-fc-h2h-stats#4926313,8777,34,True,True,True,True,False,False,True,"['23', '58', '63']",['45']
MLS,2023,8777,4926314,698284,18,2023,complete,96848,0,-1,['72'],"['48', '90']",1,2,3,3,6,9,3,0,2,2,0,0,6,3,7,5,13,8,10,13,51,49,36,2339,25,,,2,2,2.03,3.5,3.0,1.04,1.28,1.8,3.1,6.0,13.0,3.6,2.0,1.36,1.12,1.7,2.05,2.8,1.38,4.33,1.18,1.33,1.25,1.75,2.5,2.25,4.33,2.2,2.55,3.75,0,0,1.29,1.55,1.93,2.45,3.25,3.0,2.23,1.76,1.44,1.25,1.65,7.5,2.63,1.57,10.0,2.5,3.5,6.0,1.36,2.63,7.0,19.0,3.0,1.44,1.1,1.02,1.2,1.91,4.0,10.0,4.33,1.8,1.22,1.06,0,0,0,0,3,0,0,1,2,3,0,1693441800,18,0,50,25,25,0,-1,2,1,1,4,2,2,5,4,0,1,2,1,1,3,1,68,67,111,90,1.74,1.2,2.94,0,0,0,0,0,0,1,1,0,0,0,0,0,0,1,24,18,-1,-1,-1,-1,-1,-1,21,25,50,67,92,38,67,83,29,10.91,3.08,3.75,2.59,/clubs/austin-fc-698284,teams/usa-austin-fc.png,Austin,/clubs/seattle-sounders-fc-18,teams/usa-seattle-sounders-fc.png,Seattle Sounders,1.47,1.44,1.75,1.25,1.28,1.42,80,75,50,33,8,67,63,55,1.39,1.09,2.48,/usa/seattle-sounders-fc-vs-austin-fc-h2h-stats#4926314,8777,34,True,True,True,False,False,False,True,['72'],"['48', '90']"
MLS,2023,8777,4926315,7,5,2023,complete,96848,0,-1,[],['19'],0,1,1,4,5,9,0,1,0,1,0,0,3,4,7,3,10,7,12,14,53,47,52041,21081,41087,,,0,1,2.05,3.73,2.78,1.02,1.2,1.62,2.65,4.75,15.0,4.33,2.25,1.47,1.18,1.53,2.38,3.2,1.3,4.2,1.19,1.4,1.22,1.66,2.63,2.38,3.6,2.38,2.7,3.2,0,0,1.26,1.48,1.84,2.3,3.05,3.25,2.35,1.85,1.5,1.29,1.71,7.5,2.48,1.62,16.75,2.3,4.2,5.8,1.3,2.5,6.0,17.0,3.4,1.5,1.13,1.03,1.17,1.8,3.5,9.0,5.0,1.91,1.29,1.07,0,0,0,0,1,0,1,0,0,0,1,1693441800,5,0,71,28,34,0,-1,2,1,2,3,2,2,5,4,0,0,0,1,0,1,1,47,51,107,114,1.19,1.11,2.3,0,0,0,0,0,0,1,1,0,0,1,1,0,0,1,25,15,-1,-1,-1,-1,-1,-1,18,36,62,80,91,51,80,75,39,9.05,4.05,4.86,2.94,/clubs/chicago-fire-7,teams/usa-chicago-fire.png,Chicago Fire,/clubs/vancouver-whitecaps-fc-5,teams/canada-vancouver-whitecaps-fc.png,Vancouver Whitecaps,1.47,1.0,1.62,0.9,1.28,1.42,83,65,38,21,9,58,46,42,1.02,1.22,2.24,/usa/vancouver-whitecaps-fc-vs-chicago-fire-h2h-stats#4926315,8777,34,True,False,False,False,False,False,False,[],['19']
MLS,2023,8777,4926316,6,9,2023,complete,96848,0,-1,"['14', '90']",[],2,0,2,5,12,17,1,1,3,2,0,0,6,3,4,4,10,7,8,11,45,55,57,20,39282,,,3,2,2.0,3.78,2.88,1.03,1.22,1.72,2.38,5.0,15.0,4.2,2.1,1.56,1.16,1.62,2.2,3.2,1.3,4.5,1.17,1.38,1.22,1.68,2.63,2.3,3.75,2.38,2.65,3.25,0,0,1.26,1.49,1.84,2.3,3.0,3.25,2.35,1.85,1.5,1.3,1.74,7.5,2.45,1.67,16.75,2.3,3.9,5.8,1.33,2.63,6.5,19.0,3.25,1.44,1.11,1.02,1.18,1.83,3.75,10.0,4.5,1.83,1.25,1.06,0,0,0,0,2,1,0,1,0,1,1,1693441800,6,0,54,26,27,0,-1,2,1,1,4,4,8,5,12,0,1,3,1,1,4,1,39,63,47,62,1.33,1.1,2.43,0,0,0,0,0,0,1,1,0,0,1,0,0,1,1,21,22,-1,-1,-1,-1,-1,-1,22,39,61,79,96,35,70,92,58,8.94,3.2,4.51,2.97,/clubs/houston-dynamo-6,teams/usa-houston-dynamo.png,Houston Dynamo,/clubs/columbus-crew-9,teams/usa-columbus-crew.png,Columbus Crew,2.2,1.15,2.17,0.82,1.4,1.68,78,61,39,21,4,47,43,30,1.35,1.26,2.61,/usa/houston-dynamo-vs-columbus-crew-h2h-stats#4926316,8777,39,True,True,False,False,False,False,False,"['14', '90']",[]
MLS,2023,8777,4926317,1015,12,2023,complete,96848,0,-1,"['18', '28', '43']",[],3,0,3,5,9,14,1,2,1,5,0,0,7,5,5,5,12,10,7,5,54,46,42,5,11434,,,1,5,1.63,3.88,4.1,1.04,1.28,1.87,3.3,6.0,12.0,3.6,1.9,1.33,1.12,1.91,1.91,2.25,1.57,4.75,1.15,1.16,1.2,2.3,2.25,2.25,5.5,1.95,2.65,4.75,0,0,1.29,1.54,1.92,2.43,3.2,3.05,2.25,1.77,1.46,1.26,1.47,8.0,3.25,1.44,9.2,3.1,2.5,9.0,1.36,2.75,8.0,21.0,3.0,1.4,1.08,1.02,1.22,2.0,4.33,11.0,4.0,1.73,1.2,1.05,0,0,0,0,3,3,0,0,0,0,3,1693441800,1015,0,58,13,31,0,-1,2,1,0,5,5,4,5,9,0,0,1,5,0,6,1,49,39,49,37,1.59,1.25,2.85,1,0,1,0,0,0,1,1,0,0,0,0,0,0,1,25,10,-1,-1,-1,-1,-1,-1,13,34,39,79,92,35,66,74,43,11.19,3.51,4.58,2.56,/clubs/minnesota-united-fc-1015,teams/usa-minnesota-united-fc.png,Minnesota United,/clubs/colorado-rapids-12,teams/usa-colorado-rapids.png,Colorado Rapids,1.24,0.59,1.18,0.75,1.33,0.79,87,66,62,22,9,75,58,58,1.55,1.0,2.55,/usa/colorado-rapids-vs-minnesota-united-fc-h2h-stats#4926317,8777,34,True,True,True,False,False,False,False,"['18', '28', '43']",[]
MLS,2023,8777,4926318,945555,13,2023,complete,96848,0,-1,"['82', '85']",['90+5'],2,1,3,10,2,12,1,5,2,4,0,1,6,4,9,0,15,4,10,8,66,34,5016,36880,21189,,,2,6,1.72,3.73,3.83,1.02,1.22,1.72,2.63,4.75,10.0,3.8,2.1,1.43,1.15,1.7,2.05,2.4,1.5,5.5,1.11,1.17,1.22,2.38,2.38,2.3,4.5,2.05,2.75,4.0,0,0,1.28,1.52,1.9,2.38,3.15,3.1,2.28,1.79,1.47,1.27,1.54,8.0,2.95,1.5,11.0,2.75,3.0,8.0,1.33,2.63,6.5,19.0,3.25,1.44,1.11,1.02,1.18,1.83,4.0,10.0,4.5,1.83,1.22,1.06,0,0,0,0,3,0,0,2,1,3,0,1693441800,945555,0,56,20,36,0,-1,2,1,4,2,6,0,6,6,1,1,1,4,2,5,1,52,8,61,14,1.73,0.59,2.32,0,0,0,0,0,0,1,1,0,0,2,2,0,0,1,13,15,-1,-1,-1,-1,-1,-1,8,27,60,80,96,51,76,75,48,7.83,3.36,4.82,2.89,/clubs/st-louis-city-sc-945555,teams/usa-st-louis-city-sc.png,St. Louis City,/clubs/fc-dallas-13,teams/usa-fc-dallas.png,FC Dallas,1.94,0.95,2.15,0.83,1.76,1.38,93,73,41,21,4,48,40,40,1.58,1.09,2.67,/usa/fc-dallas-vs-st-louis-city-sc-h2h-stats#4926318,8777,36,True,True,True,False,False,False,True,"['82', '85']",['90+5']
MLS,2023,8777,4926319,20,14,2023,complete,96848,0,-1,"['13', '64']",['82'],2,1,3,3,7,10,1,5,3,2,0,0,2,5,2,6,4,11,13,14,48,52,13893,49380,8,,,3,2,2.08,3.68,2.77,1.03,1.22,1.68,2.85,5.0,15.0,4.2,2.15,1.42,1.16,1.62,2.2,3.3,1.29,4.33,1.18,1.45,1.25,1.6,2.88,2.3,3.4,2.6,2.65,3.0,0,0,1.28,1.52,1.89,2.4,3.15,3.1,2.28,1.8,1.47,1.27,1.78,7.5,2.35,1.73,15.5,2.1,4.33,5.5,1.33,2.63,6.5,19.0,3.25,1.44,1.11,1.02,1.18,1.83,3.75,10.0,4.5,1.83,1.25,1.06,0,0,0,0,3,1,0,1,1,2,1,1693449000,20,0,67,29,29,0,-1,2,1,1,3,2,4,4,6,1,1,2,1,2,3,1,54,71,86,91,0.79,1.56,2.35,0,0,0,0,0,0,1,1,0,0,0,0,0,0,1,22,17,-1,-1,-1,1,0,1,17,38,63,75,92,42,79,79,46,8.75,2.41,4.92,2.83,/clubs/portland-timbers-20,teams/usa-portland-timbers.png,Portland Timbers,/clubs/real-salt-lake-14,teams/usa-real-salt-lake.png,Real Salt Lake,1.76,1.53,1.5,1.75,1.04,1.48,84,63,38,25,8,63,46,38,1.48,1.38,2.86,/usa/real-salt-lake-vs-portland-timbers-h2h-stats#4926319,8777,34,True,True,True,False,False,False,True,"['13', '64']",['82']
MLS,2023,8777,4926320,15,10,2023,complete,96848,0,-1,"['29', '31']","['16', '50', '61']",2,3,5,11,7,18,2,0,5,2,0,0,4,5,9,4,13,9,11,5,44,56,19912,12956,2,,,5,2,1.99,3.45,3.1,1.01,1.18,1.83,2.35,4.5,9.9,4.15,1.95,1.52,1.15,1.62,2.2,2.4,1.5,4.75,1.15,1.3,1.27,1.81,2.3,2.38,4.5,2.05,2.68,4.0,0,0,1.26,1.48,1.84,2.3,3.0,3.25,2.35,1.85,1.5,1.29,1.64,8.0,2.65,1.5,15.25,2.63,3.3,7.5,1.3,2.5,6.0,17.0,3.4,1.5,1.13,1.03,1.18,1.83,3.75,9.0,4.5,1.83,1.25,1.07,0,0,0,0,5,2,1,0,2,2,3,1693449000,10,0,50,25,29,0,-1,2,1,1,5,9,2,6,11,2,0,3,2,2,5,1,80,59,73,78,1.67,1.34,3.01,0,1,0,1,0,0,1,1,0,0,0,4,0,0,1,16,9,-1,-1,-1,-1,-1,-1,9,21,54,75,79,38,63,75,46,10.42,3.41,4.67,2.42,/clubs/san-jose-earthquakes-15,teams/usa-san-jose-earthquakes.png,SJ Earthquakes,/clubs/la-galaxy-10,teams/usa-la-galaxy.png,LA Galaxy,1.82,0.71,2.08,0.67,1.4,1.09,92,80,46,25,21,63,42,38,1.29,1.14,2.43,/usa/la-galaxy-vs-san-jose-earthquakes-h2h-stats#4926320,8777,34,True,True,True,True,True,False,True,"['29', '31']","['16', '50', '61']"
MLS,2023,8777,4926321,2,5,2023,complete,96848,0,-1,['55'],['60'],1,1,2,2,2,4,1,2,3,2,0,0,3,2,10,3,13,5,14,16,59,41,84,27505,41087,,,3,2,2.09,3.62,3.34,1.04,1.22,1.67,2.65,4.75,11.0,3.9,2.15,1.42,1.16,1.62,2.2,2.95,1.34,4.4,1.18,1.31,1.28,1.78,2.63,2.3,3.75,2.3,2.65,3.4,0,0,1.27,1.52,1.88,2.38,3.1,3.1,2.28,1.81,1.48,1.28,1.67,7.5,2.6,1.62,14.75,2.38,3.7,6.0,1.33,2.5,6.5,19.0,3.25,1.5,1.11,1.02,1.18,1.83,3.75,10.0,4.5,1.83,1.25,1.06,0,0,0,0,2,0,0,1,1,2,0,1693683000,-1,0,70,22,35,0,-1,2,1,1,0,1,2,1,3,2,1,1,1,3,2,1,35,32,100,75,1.29,0.7,1.99,0,1,0,1,0,0,1,1,0,0,0,0,0,0,1,21,22,-1,-1,-1,-1,-1,-1,13,35,53,83,92,49,79,74,43,9.26,5.01,5.02,2.75,/clubs/new-york-city-fc-2,teams/usa-new-york-city-fc.png,New York City,/clubs/vancouver-whitecaps-fc-5,teams/canada-vancouver-whitecaps-fc.png,Vancouver Whitecaps,1.76,1.0,1.58,1.09,1.07,1.48,87,66,47,18,9,66,44,36,1.49,1.21,2.7,/usa/new-york-city-fc-vs-vancouver-whitecaps-fc-h2h-stats#4926321,8777,34,True,True,False,False,False,False,True,['55'],['60']
MLS,2023,8777,4926322,8043,17,2023,complete,96848,0,-1,[],['44'],0,1,1,2,5,7,1,1,2,5,0,1,4,1,7,3,11,4,7,9,53,47,36,40182,21031,,,2,7,1.95,3.5,3.75,1.04,1.2,1.6,2.45,4.2,11.5,4.2,2.3,1.47,1.19,1.58,2.29,2.95,1.35,5.0,1.15,1.27,1.26,1.9,2.38,2.33,4.15,2.19,2.72,3.72,0,0,1.26,1.5,1.85,2.33,3.05,3.2,2.33,1.84,1.5,1.29,1.61,7.5,2.75,1.64,16.0,2.38,3.6,7.0,1.31,2.35,5.5,14.0,3.1,1.52,1.13,1.02,1.17,1.8,3.5,7.75,4.5,1.88,1.27,1.07,0,0,0,0,1,0,1,0,0,0,1,1693697400,17,0,58,23,35,0,-1,2,1,0,4,2,1,4,3,1,2,1,4,3,5,1,61,34,120,83,1.43,0.58,2.01,0,0,0,0,0,0,1,1,0,0,0,0,0,0,1,0,3,-1,-1,-1,-1,-1,-1,4,31,69,81,96,35,58,89,62,8.54,2.62,4.84,2.81,/clubs/fc-cincinnati-8043,teams/usa-fc-cincinnati.png,FC Cincinnati,/clubs/orlando-city-sc-17,teams/usa-orlando-city-sc.png,Orlando City,2.35,1.89,2.85,1.69,2.19,1.69,96,70,31,20,4,46,38,35,1.28,1.14,2.42,/usa/orlando-city-sc-vs-fc-cincinnati-h2h-stats#4926322,8777,37,True,False,False,False,False,False,False,[],['44']
MLS,2023,8777,4926323,13401,7,2023,complete,96848,0,-1,"['9', '20', '40', '90+1']",[],4,0,4,2,5,7,2,0,0,1,0,0,4,2,3,7,7,9,15,11,47,53,65601,38056,21081,,,0,1,2.1,3.5,3.4,1.04,1.22,1.67,2.65,4.75,10.5,3.9,2.18,1.42,1.16,1.63,2.22,3.0,1.33,4.33,1.19,1.31,1.28,1.78,2.57,2.25,3.98,2.37,2.62,3.55,0,0,1.28,1.5,1.9,2.4,3.15,3.1,2.3,1.79,1.47,1.27,1.7,7.5,2.5,1.71,14.0,2.29,3.75,6.0,1.33,2.45,5.75,15.5,3.0,1.49,1.11,1.02,1.19,1.88,3.75,8.5,4.2,1.8,1.23,1.06,0,0,0,0,4,3,0,1,0,1,3,1693697400,13401,0,59,13,42,0,-1,2,1,1,2,1,3,3,4,0,1,0,0,1,0,1,37,68,73,112,0.99,1.21,2.2,0,0,0,0,0,0,1,1,1,0,0,0,0,0,1,1,1,-1,-1,-1,-1,-1,-1,13,29,71,84,96,21,67,92,67,7.58,4.25,4.91,2.96,/clubs/dc-united-13401,teams/usa-dc-united.png,DC United,/clubs/chicago-fire-7,teams/usa-chicago-fire.png,Chicago Fire,1.41,0.88,1.33,0.92,1.15,1.23,88,71,29,17,4,59,50,38,1.43,0.96,2.39,/usa/chicago-fire-vs-dc-united-h2h-stats#4926323,8777,34,True,True,True,True,False,False,False,"['9', '20', '40', '90+1']",[]
MLS,2023,8777,4926324,1,9,2023,complete,96848,0,-1,"['52', '68']","['14', '22', '43', '65']",2,4,6,4,1,5,3,0,2,3,0,0,6,4,5,4,11,8,6,9,49,51,45125,36107,39282,,,2,3,2.45,3.4,2.7,1.04,1.22,1.68,2.65,4.75,10.5,3.9,2.14,1.42,1.16,1.58,2.29,3.3,1.28,3.9,1.21,1.42,1.28,1.61,2.8,2.26,3.4,2.59,2.62,3.08,0,0,1.28,1.53,1.9,2.4,3.15,3.1,2.28,1.79,1.47,1.27,1.83,7.5,2.28,1.84,14.75,2.08,4.0,5.8,1.33,2.45,6.0,15.5,3.0,1.47,1.11,1.02,1.18,1.91,3.82,8.0,4.5,1.84,1.24,1.06,0,0,0,0,6,0,3,2,1,3,3,1693697400,9,0,42,13,25,0,-1,2,1,2,1,2,0,3,2,1,1,1,2,2,3,1,33,40,107,102,1.37,1.09,2.45,0,1,0,1,0,0,1,1,0,0,1,1,0,0,1,5,7,-1,-1,-1,-1,-1,-1,17,30,38,71,100,21,67,84,50,10.33,2.75,4.5,2.55,/clubs/montreal-impact-1,teams/canada-montreal-impact.png,Montreal Impact,/clubs/columbus-crew-9,teams/usa-columbus-crew.png,Columbus Crew,1.94,1.15,2.25,0.75,1.35,1.62,84,71,63,29,0,46,38,34,1.28,1.25,2.53,/usa/montreal-impact-vs-columbus-crew-h2h-stats#4926324,8777,34,True,True,True,True,True,True,True,"['52', '68']","['14', '22', '43', '65']"
MLS,2023,8777,4926325,11,698284,2023,complete,96848,0,-1,"['28', '47']","['27', '90+4']",2,2,4,10,3,13,1,1,2,3,0,0,6,5,6,5,12,10,10,15,49,51,42,21032,2339,,,2,3,1.73,3.8,4.4,1.04,1.21,1.58,2.33,4.4,11.5,4.0,2.35,1.53,1.18,1.62,2.21,2.65,1.42,5.25,1.13,1.2,1.24,2.11,2.24,2.36,4.5,2.02,2.78,4.2,0,0,1.26,1.48,1.83,2.3,3.0,3.2,2.38,1.86,1.5,1.29,1.53,8.0,3.0,1.55,16.0,2.6,3.1,8.0,1.3,2.39,5.55,11.0,3.34,1.54,1.13,1.03,1.18,1.82,3.5,8.0,4.5,1.87,1.26,1.07,0,0,0,0,4,1,1,1,1,2,2,1693697400,-1,0,66,19,43,0,-1,2,1,7,0,3,3,7,6,0,0,2,3,0,5,1,45,46,90,82,1.51,1.32,2.82,0,0,0,0,0,0,1,1,0,0,2,0,0,0,1,4,3,-1,-1,-1,-1,-1,-1,16,35,69,89,100,47,73,89,66,8.62,3.77,2.53,3.27,/clubs/new-england-revolution-11,teams/usa-new-england-revolution.png,New England Revolution,/clubs/austin-fc-698284,teams/usa-austin-fc.png,Austin,2.22,0.82,2.54,0.85,1.84,1.23,85,66,31,12,0,62,54,46,1.43,1.14,2.57,/usa/new-england-revolution-vs-austin-fc-h2h-stats#4926325,8777,34,True,True,True,True,False,False,True,"['28', '47']","['27', '90+4']"
MLS,2023,8777,4926326,13,1016,2023,complete,96848,0,-1,"['4', '62']","['44', '58']",2,2,4,3,5,8,3,0,2,2,0,0,4,6,9,4,13,10,14,9,43,57,13967,21189,40852,,,2,2,2.38,3.3,2.9,1.01,1.24,1.76,3.25,5.4,9.9,3.55,2.04,1.33,1.1,1.62,2.2,3.2,1.3,3.6,1.24,1.41,1.3,1.59,2.88,2.25,3.5,2.6,2.54,3.0,0,0,1.29,1.54,1.92,2.45,3.25,3.0,2.23,1.76,1.45,1.26,1.77,7.5,2.4,1.73,9.9,2.2,4.33,5.0,1.36,2.63,7.0,19.0,3.0,1.44,1.1,1.02,1.2,1.91,4.0,10.0,4.33,1.8,1.22,1.06,0,0,0,0,4,1,1,1,1,2,2,1693701000,-1,0,60,20,36,0,-1,2,1,2,1,1,4,3,5,0,2,2,0,2,2,1,34,50,104,108,1.36,1.42,2.78,0,0,0,0,0,0,1,1,1,0,1,0,0,1,1,12,18,-1,-1,-1,-1,-1,-1,8,23,52,80,96,32,56,93,56,8.94,2.79,4.37,2.7,/clubs/fc-dallas-13,teams/usa-fc-dallas.png,FC Dallas,/clubs/atlanta-united-fc-1016,teams/usa-atlanta-united-fc.png,Atlanta United FC,1.72,0.89,1.92,1.08,1.32,1.52,93,77,48,20,4,68,44,28,1.13,1.18,2.31,/usa/fc-dallas-vs-atlanta-united-fc-h2h-stats#4926326,8777,37,True,True,True,True,False,False,True,"['4', '62']","['44', '58']"
MLS,2023,8777,4926327,8,945555,2023,complete,96848,0,-1,"['31', '44']",['22'],2,1,3,7,5,12,1,3,3,2,0,0,6,2,0,3,6,5,9,17,56,44,3,18,36880,,,3,2,2.88,3.5,2.3,1.03,1.17,1.61,2.48,4.33,16.0,4.3,2.3,1.46,1.16,1.53,2.38,4.0,1.21,3.6,1.25,1.35,1.29,1.73,2.63,2.38,3.6,2.4,2.6,3.1,0,0,1.26,1.49,1.84,2.33,3.05,3.2,2.35,1.85,1.5,1.29,1.7,7.5,2.5,1.67,12.0,2.25,3.9,6.5,1.3,2.5,6.0,17.0,3.4,1.5,1.13,1.03,1.17,1.8,3.5,8.0,5.0,1.91,1.29,1.08,0,0,0,0,3,2,1,0,0,0,3,1693701000,8,0,48,20,24,0,-1,2,1,3,4,4,1,7,5,0,0,3,2,0,5,1,56,32,125,78,1.22,0.7,1.92,0,0,0,0,0,0,1,1,0,0,1,1,0,0,1,20,16,-1,-1,-1,-1,-1,-1,16,28,68,80,96,40,60,89,61,10.35,2.21,4.29,2.88,/clubs/sporting-kansas-city-8,teams/usa-sporting-kansas-city.png,Sporting KC,/clubs/st-louis-city-sc-945555,teams/usa-st-louis-city-sc.png,St. Louis City,1.74,1.17,1.54,1.33,1.12,1.81,85,72,32,20,4,65,48,41,1.58,1.23,2.81,/usa/sporting-kansas-city-vs-st-louis-city-sc-h2h-stats#4926327,8777,36,True,True,True,False,False,False,True,"['31', '44']",['22']
MLS,2023,8777,4926328,677447,711351,2023,complete,96848,0,-1,['90+8'],['90+3'],1,1,2,5,7,12,2,0,4,3,0,0,5,2,3,5,8,7,11,11,42,58,58,24795,44668,,,4,3,1.85,3.4,4.33,1.06,1.29,1.85,3.23,6.25,11.25,3.63,1.93,1.35,1.12,1.8,1.95,2.37,1.5,4.33,1.19,1.22,1.27,2.0,2.4,2.2,4.5,2.1,2.55,4.0,0,0,1.3,1.57,1.97,2.5,3.35,2.95,2.2,1.72,1.43,1.24,1.55,8.0,2.95,1.53,11.5,2.75,3.1,7.0,1.36,2.75,8.0,21.0,3.0,1.4,1.08,1.02,1.22,2.0,4.33,11.0,4.0,1.73,1.2,1.05,0,0,0,0,2,0,0,1,1,2,0,1693701000,-1,0,55,8,17,0,27902,2,1,3,4,2,3,7,5,1,1,3,2,2,5,1,31,61,63,129,1.08,1.04,2.12,1,0,1,0,0,0,1,1,0,0,0,0,0,0,1,22,16,-1,-1,-1,-1,-1,-1,4,38,55,83,96,34,83,88,46,10.25,3.75,5.25,2.8,/clubs/nashville-sc-mls-677447,teams/usa-nashville-sc-mls.png,Nashville SC,/clubs/charlotte-fc-711351,teams/usa-charlotte-fc.png,Charlotte,1.72,0.94,2.17,1.0,1.5,1.2,96,63,46,17,4,63,50,42,1.46,0.91,2.37,/usa/nashville-sc-mls-vs-charlotte-fc-h2h-stats#4926328,8777,35,True,True,False,False,False,False,True,['90+8'],['90+3']
MLS,2023,8777,4926329,14,12,2023,complete,96848,0,-1,"['19', '49']",[],2,0,2,8,4,12,3,2,2,3,0,0,5,3,6,2,11,5,13,20,57,43,20,8,11434,,,2,3,1.8,3.5,4.6,1.05,1.28,1.82,3.25,6.0,11.0,3.6,1.96,1.33,1.12,1.8,1.95,2.25,1.55,4.5,1.17,1.2,1.3,2.0,2.38,2.2,4.75,2.0,2.55,4.5,0,0,1.3,1.57,1.97,2.5,3.35,3.0,2.2,1.73,1.43,1.24,1.49,8.0,3.2,1.5,11.0,2.88,2.75,8.0,1.36,2.75,8.0,21.0,3.0,1.4,1.08,1.02,1.22,2.0,4.33,11.0,4.0,1.73,1.2,1.05,0,0,0,0,2,1,0,1,0,1,1,1693704600,14,0,39,8,23,0,-1,2,1,3,1,5,3,4,8,1,2,1,1,3,2,1,55,40,91,77,1.44,0.82,2.27,0,0,0,0,0,0,1,1,0,0,3,0,0,0,1,9,18,-1,-1,-1,1,0,1,8,50,66,77,85,38,66,73,50,10.23,4.08,5.23,2.85,/clubs/real-salt-lake-14,teams/usa-real-salt-lake.png,Real Salt Lake,/clubs/colorado-rapids-12,teams/usa-colorado-rapids.png,Colorado Rapids,1.28,0.59,1.23,0.69,1.42,0.76,92,50,35,23,16,54,42,39,1.66,1.02,2.68,/usa/colorado-rapids-vs-real-salt-lake-h2h-stats#4926329,8777,34,True,True,False,False,False,False,False,"['19', '49']",[]
MLS,2023,8777,4926330,10,6,2023,complete,96848,0,-1,[],[],0,0,0,8,2,10,0,2,1,4,0,0,4,3,3,5,7,8,10,16,55,45,7,2,20,,,1,4,1.91,3.5,3.9,1.04,1.23,1.67,2.75,5.05,14.5,4.25,2.18,1.46,1.17,1.65,2.2,2.75,1.39,4.75,1.16,1.25,1.26,1.94,2.35,2.25,4.1,2.17,2.66,3.9,0,0,1.23,1.45,1.89,2.23,2.9,3.4,2.45,1.8,1.55,1.32,1.58,8.0,2.8,1.62,14.25,2.48,3.2,7.5,1.32,2.45,6.25,19.0,3.15,1.48,1.11,1.02,1.16,1.85,3.5,8.0,4.9,1.78,1.22,1.06,0,0,0,0,0,0,0,0,0,0,0,1693708200,-1,0,56,30,30,0,-1,2,1,3,1,5,1,4,6,1,1,0,3,2,3,1,62,60,118,98,1.18,1.16,2.34,0,0,0,0,0,0,1,1,0,0,0,0,0,0,1,14,10,-1,-1,-1,-1,-1,-1,9,22,64,80,96,42,71,84,51,11.01,2.53,4.95,2.82,/clubs/la-galaxy-10,teams/usa-la-galaxy.png,LA Galaxy,/clubs/houston-dynamo-6,teams/usa-houston-dynamo.png,Houston Dynamo,1.41,0.79,1.55,0.69,1.17,1.46,92,78,37,20,4,59,55,48,1.66,1.08,2.74,/usa/houston-dynamo-vs-la-galaxy-h2h-stats#4926330,8777,34,False,False,False,False,False,False,False,[],[]
MLS,2023,8777,4926331,6490,677446,2023,complete,96848,0,-1,['90'],"['14', '51', '83']",1,3,4,10,2,12,3,1,4,3,0,0,6,6,11,2,17,8,18,14,51,49,15,39588,647,,,4,3,2.0,3.7,3.35,1.05,1.22,1.67,2.25,4.75,9.5,4.2,2.1,1.62,1.18,1.53,2.38,3.25,1.3,4.2,1.19,1.36,1.25,1.65,2.75,2.3,3.5,2.4,2.4,3.1,0,0,1.27,1.5,1.88,2.38,3.15,3.1,2.3,1.81,1.48,1.27,1.68,7.5,2.55,1.67,9.5,2.25,4.0,6.25,1.3,2.5,6.0,17.0,3.4,1.5,1.13,1.03,1.17,1.8,3.5,9.0,5.0,1.91,1.29,1.07,0,0,0,0,4,0,1,1,2,3,1,1693792800,677446,0,44,16,32,0,-1,2,1,3,1,7,1,4,8,1,0,3,3,1,6,1,60,33,136,82,1.93,1.17,3.11,0,0,0,0,0,0,1,1,0,0,2,0,1,0,1,14,15,-1,-1,-1,-1,-1,-1,12,28,56,72,96,36,76,69,48,10.19,3.25,4.17,2.64,/clubs/los-angeles-fc-6490,teams/usa-los-angeles-fc.png,Los Angeles FC,/clubs/club-internacional-de-futbol-miami-677446,teams/usa-club-internacional-de-futbol-miami.png,Inter Miami,2.05,0.65,2.08,0.58,1.6,0.92,89,72,44,28,4,60,44,40,1.77,1.14,2.91,/usa/los-angeles-fc-vs-club-internacional-de-futbol-miami-h2h-stats#4926331,8777,34,True,True,True,True,False,False,True,['90'],"['14', '51', '83']"
MLS,2023,8777,4926332,15,1015,2023,complete,96848,0,-1,['16'],['4'],1,1,2,9,5,14,1,0,1,2,0,0,6,7,8,4,14,11,5,11,49,51,57653,12956,5,,,1,2,2.0,3.4,3.75,1.05,1.29,1.85,3.23,6.2,11.75,3.62,1.93,1.35,1.12,1.75,2.0,2.65,1.41,3.9,1.22,1.3,1.3,1.78,2.63,2.2,4.0,2.3,2.55,3.6,0,0,1.3,1.58,1.98,2.5,3.35,2.9,2.18,1.72,1.42,1.24,1.65,7.5,2.65,1.62,12.0,2.5,3.4,6.0,1.4,2.75,8.0,21.0,2.75,1.4,1.08,1.02,1.22,2.0,4.33,11.0,4.0,1.73,1.2,1.05,0,0,0,0,2,1,1,0,0,0,2,1693708200,-1,0,50,27,19,0,-1,2,1,3,2,6,3,5,9,1,1,0,1,2,1,1,72,57,104,98,1.82,1.6,3.42,0,0,0,0,0,0,1,1,0,1,0,0,0,0,1,19,17,-1,-1,-1,-1,-1,-1,8,19,62,73,93,50,62,93,38,9.92,4.47,3.54,2.54,/clubs/san-jose-earthquakes-15,teams/usa-san-jose-earthquakes.png,SJ Earthquakes,/clubs/minnesota-united-fc-1015,teams/usa-minnesota-united-fc.png,Minnesota United,1.82,1.18,1.92,1.46,1.35,1.4,92,81,38,27,8,62,43,35,1.32,1.16,2.48,/usa/san-jose-earthquakes-vs-minnesota-united-fc-h2h-stats#4926332,8777,34,True,True,False,False,False,False,True,['16'],['4']
MLS,2023,8777,4926333,18,20,2023,complete,96848,0,-1,"['9', '30']","['67', '70']",2,2,4,5,3,8,2,0,2,3,1,0,7,5,3,5,10,10,12,13,45,55,13889,25,49380,,,3,3,1.85,3.6,4.0,1.03,1.22,1.7,2.95,5.5,13.0,4.0,2.14,1.4,1.15,1.75,2.0,2.5,1.46,4.75,1.16,1.19,1.25,2.14,2.3,2.3,5.0,2.0,2.7,4.33,0,0,1.29,1.53,1.9,2.4,3.15,3.05,2.25,1.78,1.47,1.27,1.49,8.0,3.15,1.44,14.0,2.88,2.8,8.0,1.33,2.63,7.0,19.0,3.25,1.44,1.1,1.02,1.2,1.91,4.0,11.0,4.33,1.8,1.22,1.05,0,0,0,0,4,2,0,0,2,2,2,1693708200,-1,0,38,8,27,0,-1,2,1,2,1,3,2,3,5,1,0,2,3,1,5,1,39,58,71,109,1.4,1.41,2.81,0,0,0,0,0,0,1,1,1,0,1,0,0,0,1,14,16,-1,-1,-1,-1,-1,-1,19,23,42,56,74,30,48,67,38,10.52,3.23,4.1,2.17,/clubs/seattle-sounders-fc-18,teams/usa-seattle-sounders-fc.png,Seattle Sounders,/clubs/portland-timbers-20,teams/usa-portland-timbers.png,Portland Timbers,1.65,0.76,1.57,0.62,1.48,1.12,81,78,59,44,26,81,70,63,1.46,0.97,2.43,/usa/seattle-sounders-fc-vs-portland-timbers-h2h-stats#4926333,8777,34,True,True,True,True,False,False,True,"['9', '30']","['67', '70']"
MLS,2023,8777,4926334,16,4,2023,complete,96848,0,-1,"['29', '57', '58', '76']",['11'],4,1,5,6,2,8,6,1,4,2,0,1,6,4,2,2,8,6,18,12,54,46,69,12,13006,,,4,3,1.9,3.45,3.8,1.06,1.29,1.99,3.23,6.25,11.5,3.62,1.71,1.35,1.12,1.8,1.95,2.4,1.49,4.33,1.18,1.22,1.3,1.95,2.4,2.2,4.75,2.1,2.55,4.33,0,0,1.3,1.58,1.97,2.5,3.35,2.9,2.17,1.72,1.42,1.24,1.56,8.0,2.9,1.5,11.5,2.75,2.9,7.5,1.36,2.75,8.0,21.0,3.0,1.4,1.08,1.02,1.22,2.0,4.33,11.0,4.0,1.73,1.2,1.05,0,0,0,0,5,1,1,3,0,3,2,1693783800,16,0,44,13,18,0,-1,2,1,5,0,1,2,5,3,2,3,2,0,5,2,1,50,36,80,86,1.29,0.93,2.22,0,0,0,0,0,0,1,1,0,0,1,0,0,1,-1,-1,-1,-1,-1,-1,-1,-1,-1,14,18,41,57,87,27,65,70,27,8.9,5.1,4.82,2.2,/clubs/philadelphia-union-16,teams/usa-philadelphia-union.png,Philadelphia Union,/clubs/new-york-red-bulls-4,teams/usa-new-york-red-bulls.png,New York RB,2.17,0.94,2.36,0.58,1.72,1.12,87,83,60,43,13,49,44,36,1.47,1.33,2.8,/usa/new-york-red-bulls-vs-philadelphia-union-h2h-stats#4926334,8777,37,True,True,True,True,True,False,True,"['29', '57', '58', '76']",['11']
MLS,2023,8777,4926335,13401,15,2023,complete,96848,0,-1,[],[],0,0,0,7,5,12,1,1,1,3,0,1,9,3,10,8,19,11,11,15,48,52,45098,38056,12956,,,1,5,1.75,3.5,4.0,1.02,1.22,1.7,2.62,4.75,10.0,3.8,2.05,1.42,1.15,1.7,2.05,2.55,1.44,4.8,1.16,1.22,1.29,2.0,2.38,2.3,4.5,2.05,2.6,4.0,0,0,1.29,1.54,1.93,2.4,3.15,3.05,2.25,1.88,1.46,1.27,1.55,8.0,2.9,1.5,11.0,2.75,3.1,7.0,1.33,2.63,6.5,19.0,3.25,1.44,1.11,1.02,1.18,1.83,4.0,10.0,4.5,1.83,1.22,1.06,0,0,0,0,0,0,0,0,0,0,0,1694302200,-1,0,62,12,42,0,-1,2,1,2,4,4,1,6,5,0,0,1,4,0,5,1,89,38,117,93,2.47,1.19,3.65,0,0,0,0,0,0,1,1,0,0,0,0,0,0,1,4,6,-1,-1,-1,-1,-1,-1,8,31,70,89,96,31,69,85,62,8.54,3.38,4.69,2.93,/clubs/dc-united-13401,teams/usa-dc-united.png,DC United,/clubs/san-jose-earthquakes-15,teams/usa-san-jose-earthquakes.png,SJ Earthquakes,1.41,0.78,1.46,0.77,1.22,1.33,92,70,31,12,4,54,47,39,1.4,0.98,2.38,/usa/san-jose-earthquakes-vs-dc-united-h2h-stats#4926335,8777,34,False,False,False,False,False,False,False,[],[]
MLS,2023,8777,4926336,677446,8,2023,complete,96848,0,-1,"['25', '45', '60']","['9', '78']",3,2,5,2,7,9,3,2,2,2,0,0,5,5,2,7,7,12,8,8,46,54,31,647,18,,,2,2,2.0,3.4,3.1,1.02,1.18,1.58,2.3,4.33,19.0,4.75,2.33,1.53,1.2,1.53,2.38,3.6,1.25,4.4,1.18,1.38,1.26,1.69,2.75,2.38,3.4,2.4,2.76,3.0,0,0,1.28,1.53,1.91,2.43,3.25,3.1,2.25,1.78,1.46,1.26,1.85,7.0,2.28,1.67,18.0,2.1,4.5,5.75,1.29,2.38,5.5,15.0,3.5,1.53,1.14,1.03,1.17,1.73,3.4,8.0,5.0,2.0,1.3,1.08,0,0,0,0,5,2,1,1,1,2,3,1694302200,677446,0,60,24,33,0,-1,2,1,0,2,2,5,2,7,0,1,2,1,1,3,1,33,53,91,103,1.04,1.5,2.54,1,0,1,0,0,0,1,1,0,1,0,1,0,0,1,3,6,-1,-1,-1,-1,-1,-1,4,24,56,76,89,40,72,69,41,9.27,3.23,5.0,2.48,/clubs/club-internacional-de-futbol-miami-677446,teams/usa-club-internacional-de-futbol-miami.png,Inter Miami,/clubs/sporting-kansas-city-8,teams/usa-sporting-kansas-city.png,Sporting KC,1.35,0.95,1.25,0.69,1.0,1.19,96,76,44,24,12,48,36,32,1.19,1.25,2.44,/usa/sporting-kansas-city-vs-club-internacional-de-futbol-miami-h2h-stats#4926336,8777,34,True,True,True,True,True,False,True,"['25', '45', '60']","['9', '78']"
MLS,2023,8777,4926337,20,6490,2023,complete,96848,0,-1,"['28', '53']",[],2,0,2,6,1,7,2,1,1,1,0,0,5,2,4,7,9,9,7,10,39,61,36,49380,39588,,,1,1,2.7,3.25,2.25,1.03,1.18,1.67,2.27,4.1,12.5,4.4,2.1,1.57,1.2,1.5,2.5,4.2,1.19,3.7,1.24,1.65,1.27,1.3,3.4,2.38,2.75,3.0,2.65,2.5,0,0,1.25,1.49,1.83,2.32,3.0,3.25,2.35,1.86,1.5,1.3,2.1,7.5,1.97,2.1,17.75,1.67,5.75,4.75,1.29,2.25,5.5,15.0,3.5,1.57,1.14,1.03,1.14,1.73,3.4,8.0,5.5,2.0,1.3,1.08,0,0,0,0,2,1,0,1,0,1,1,1694313000,20,0,64,28,32,0,-1,2,1,2,1,4,0,3,4,0,0,1,1,0,2,1,39,64,90,136,1.21,1.19,2.39,0,0,0,0,0,0,1,1,0,0,0,0,0,0,1,23,28,-1,-1,-1,-1,-1,-1,16,28,60,76,88,36,76,76,44,9.07,3.08,4.85,2.68,/clubs/portland-timbers-20,teams/usa-portland-timbers.png,Portland Timbers,/clubs/los-angeles-fc-6490,teams/usa-los-angeles-fc.png,Los Angeles FC,1.76,1.25,1.62,1.08,1.11,1.54,85,73,40,24,13,72,60,44,1.43,1.37,2.8,/usa/portland-timbers-vs-los-angeles-fc-h2h-stats#4926337,8777,34,True,True,False,False,False,False,False,"['28', '53']",[]
MLS,2023,8777,4926338,2,4,2023,complete,96848,0,-1,[],[],0,0,0,6,6,12,4,0,3,3,0,0,2,3,3,5,5,8,13,11,58,42,13893,27505,43439,,,3,3,2.1,3.4,3.15,1.04,1.3,1.82,3.5,6.5,12.0,3.4,1.85,1.3,1.1,1.75,2.0,2.75,1.39,3.75,1.23,1.22,1.32,1.7,2.88,2.2,3.75,2.5,2.5,3.25,0,0,1.55,1.98,2.7,4.0,6.5,2.2,1.68,1.37,1.2,1.08,1.77,7.0,2.43,1.67,9.0,2.38,3.65,5.5,1.4,2.75,8.0,21.0,2.75,1.4,1.08,1.02,1.22,2.1,4.5,13.0,4.0,1.67,1.18,1.04,0,0,0,0,0,0,0,0,0,0,0,1694892600,-1,0,58,12,27,0,-1,2,1,1,2,5,4,3,9,1,0,2,3,1,5,1,37,36,69,112,0.73,0.99,1.72,0,0,0,0,0,0,1,1,0,0,0,2,0,0,1,27,23,-1,-1,-1,-1,-1,-1,8,23,31,70,92,23,70,73,35,7.92,4.62,5.77,2.23,/clubs/new-york-city-fc-2,teams/usa-new-york-city-fc.png,New York City,/clubs/new-york-red-bulls-4,teams/usa-new-york-red-bulls.png,New York RB,1.76,0.94,1.54,0.54,1.07,1.07,92,77,70,31,8,43,31,15,1.47,1.3,2.77,/usa/new-york-city-fc-vs-new-york-red-bulls-h2h-stats#4926338,8777,34,False,False,False,False,False,False,False,[],[]
MLS,2023,8777,4926339,1016,677446,2023,complete,96848,0,-1,"['36', '41', '44', '76', '89']","['25', '53']",5,2,7,3,3,6,0,1,2,2,0,0,6,3,6,4,12,7,8,10,48,52,57,40852,647,,,2,2,2.5,3.7,2.5,1.02,1.11,1.45,2.28,3.4,12.0,5.3,2.63,1.62,1.27,1.44,2.63,4.2,1.19,4.33,1.19,1.5,1.2,1.6,3.0,2.4,3.0,2.63,2.85,2.63,0,0,1.38,1.7,2.2,3.1,3.95,2.7,1.98,1.55,1.31,1.18,1.98,7.0,2.1,1.8,19.5,2.0,5.25,5.5,1.25,2.2,5.0,13.0,3.75,1.62,1.17,1.04,1.14,1.67,3.25,7.0,5.5,2.1,1.33,1.1,0,0,0,0,7,3,1,2,1,3,4,1694898000,1016,0,59,15,41,0,-1,2,1,3,1,0,2,4,2,1,0,1,2,1,3,1,41,37,94,133,1.48,0.94,2.42,0,1,0,1,0,0,1,1,0,0,1,0,0,0,1,9,14,-1,-1,-1,-1,-1,-1,11,41,67,81,100,34,81,85,63,8.74,3.02,4.52,3.06,/clubs/atlanta-united-fc-1016,teams/usa-atlanta-united-fc.png,Atlanta United FC,/clubs/club-internacional-de-futbol-miami-677446,teams/usa-club-internacional-de-futbol-miami.png,Inter Miami,2.06,0.65,1.93,0.77,1.5,1.08,89,60,34,19,0,59,34,30,1.55,1.14,2.69,/usa/atlanta-united-fc-vs-club-internacional-de-futbol-miami-h2h-stats#4926339,8777,34,True,True,True,True,True,True,True,"['36', '41', '44', '76', '89']","['25', '53']"
MLS,2023,8777,4926340,711351,13401,2023,complete,96848,0,-1,[],[],0,0,0,9,6,15,0,2,0,3,0,0,2,6,4,5,6,11,11,20,62,38,13889,44668,38056,,,0,3,2.05,3.6,3.25,1.01,1.18,1.74,2.7,4.9,10.5,4.2,1.94,1.4,1.13,1.62,2.2,3.1,1.33,4.2,1.19,1.31,1.28,1.78,2.63,2.3,3.75,2.3,2.64,3.4,0,0,1.61,2.1,2.95,3.3,5.5,2.1,1.6,1.33,1.25,1.11,1.68,7.0,2.6,1.62,14.75,2.38,3.8,6.25,1.33,2.5,6.5,19.0,3.25,1.5,1.11,1.02,1.18,1.83,3.75,10.0,4.5,1.83,1.25,1.06,0,0,0,0,0,0,0,0,0,0,0,1694907000,-1,0,56,19,34,0,-1,2,1,6,4,3,2,10,5,0,1,0,2,1,2,1,69,41,112,78,1.03,1.41,2.44,0,0,0,0,0,0,1,1,0,0,0,0,0,0,1,4,4,-1,-1,-1,-1,-1,-1,11,30,56,71,89,41,60,74,52,9.06,3.22,4.98,2.61,/clubs/charlotte-fc-711351,teams/usa-charlotte-fc.png,Charlotte,/clubs/dc-united-13401,teams/usa-dc-united.png,DC United,1.53,0.94,1.38,1.0,1.19,1.21,89,70,44,30,11,59,44,33,1.16,1.28,2.44,/usa/dc-united-vs-charlotte-fc-h2h-stats#4926340,8777,34,False,False,False,False,False,False,False,[],[]
MLS,2023,8777,4926341,1,7,2023,complete,96848,0,-1,[],[],0,0,0,8,2,10,1,3,3,3,0,0,4,4,10,4,14,8,13,12,52,48,14023,36107,21081,,,3,3,1.9,3.7,3.5,1.03,1.16,1.54,2.3,4.9,9.0,4.4,2.26,1.53,1.13,1.62,2.2,2.9,1.35,5.0,1.15,1.27,1.27,1.88,2.5,2.3,4.0,2.2,2.67,3.5,0,0,1.3,1.55,1.98,2.65,3.8,3.1,2.2,1.68,1.39,1.21,1.61,7.5,2.75,1.57,15.0,2.4,3.8,7.0,1.3,2.5,6.0,17.0,3.4,1.5,1.13,1.03,1.18,1.83,3.75,9.0,4.5,1.83,1.25,1.07,0,0,0,0,0,0,0,0,0,0,0,1694907000,-1,0,31,12,23,0,-1,2,1,2,1,6,1,3,7,1,1,2,2,2,4,1,54,34,101,81,1.56,1.04,2.59,0,0,0,0,0,0,1,1,0,0,0,0,0,0,1,1,6,-1,-1,-1,-1,-1,-1,15,27,46,62,96,27,62,85,46,8.85,3.31,5.07,2.54,/clubs/montreal-impact-1,teams/canada-montreal-impact.png,Montreal Impact,/clubs/chicago-fire-7,teams/usa-chicago-fire.png,Chicago Fire,1.94,0.88,2.08,0.85,1.3,1.19,85,73,54,39,4,62,50,42,1.29,0.98,2.27,/usa/montreal-impact-vs-chicago-fire-h2h-stats#4926341,8777,34,False,False,False,False,False,False,False,[],[]
MLS,2023,8777,4926342,17,9,2023,complete,96848,0,-1,"['48', '73', '86', '90+7']","['16', '56', '68']",4,3,7,2,9,11,1,0,1,1,0,0,7,10,5,4,12,14,12,15,47,53,69,21031,39282,,,1,1,2.2,3.7,2.75,1.02,1.15,1.57,2.35,3.8,10.0,4.75,2.2,1.52,1.22,1.5,2.5,3.7,1.24,4.4,1.18,1.4,1.29,1.65,2.75,2.4,3.4,2.4,2.75,3.0,0,0,1.47,2.0,2.55,3.6,3.85,2.37,1.8,1.43,1.23,1.19,1.82,7.0,2.33,1.67,15.0,2.1,4.75,5.75,1.29,2.25,5.5,15.0,3.5,1.57,1.14,1.03,1.14,1.73,3.4,8.0,5.5,2.0,1.3,1.08,0,0,0,0,7,0,1,4,2,6,1,1694907000,17,0,66,16,35,0,-1,2,1,2,3,0,6,5,6,0,0,1,1,0,2,1,36,43,86,104,1.51,1.9,3.41,0,0,0,0,0,0,1,1,0,0,0,2,0,0,1,3,4,-1,-1,-1,-1,-1,-1,16,39,54,89,96,27,77,92,58,11.38,2.93,3.92,2.96,/clubs/orlando-city-sc-17,teams/usa-orlando-city-sc.png,Orlando City,/clubs/columbus-crew-9,teams/usa-columbus-crew.png,Columbus Crew,1.84,1.15,1.69,0.92,1.74,1.67,85,62,46,12,4,47,47,35,1.42,1.24,2.66,/usa/columbus-crew-vs-orlando-city-sc-h2h-stats#4926342,8777,37,True,True,True,True,True,True,True,"['48', '73', '86', '90+7']","['16', '56', '68']"
MLS,2023,8777,4926343,16,8043,2023,complete,96848,0,-1,"['23', '37']","['49', '76']",2,2,4,3,3,6,2,1,6,4,1,1,6,6,4,4,10,10,21,19,42,58,31,12,40182,,,7,5,1.75,3.8,3.95,1.02,1.2,1.68,2.5,4.33,10.0,4.0,2.02,1.48,1.18,1.62,2.2,2.7,1.4,5.0,1.15,1.22,1.29,2.0,2.38,2.38,4.33,2.05,2.72,4.0,0,0,1.34,1.62,2.1,2.85,4.1,2.9,2.1,1.61,1.34,1.17,1.52,7.5,3.1,1.5,13.0,2.63,3.4,7.5,1.3,2.5,6.0,17.0,3.4,1.5,1.13,1.03,1.17,1.83,3.75,9.0,5.0,1.83,1.25,1.07,0,0,0,0,4,2,0,0,2,2,2,1694907000,-1,0,56,20,28,0,-1,2,1,2,2,1,1,4,2,3,4,4,1,7,5,1,32,39,93,95,1.29,1.34,2.63,1,0,1,0,0,0,1,1,0,0,0,1,0,0,1,5,4,-1,-1,-1,-1,-1,-1,24,32,65,72,88,48,68,72,52,8.83,5.27,4.31,2.92,/clubs/philadelphia-union-16,teams/usa-philadelphia-union.png,Philadelphia Union,/clubs/fc-cincinnati-8043,teams/usa-fc-cincinnati.png,FC Cincinnati,2.17,1.61,2.42,1.54,1.77,2.11,76,68,36,28,13,52,41,37,1.45,1.24,2.69,/usa/philadelphia-union-vs-fc-cincinnati-h2h-stats#4926343,8777,37,True,True,True,True,False,False,True,"['23', '37']","['49', '76']"
MLS,2023,8777,4926344,19,5,2023,complete,96848,0,-1,['50'],"['56', '66']",1,2,3,3,5,8,0,1,1,3,0,0,3,8,6,6,9,14,12,12,57,43,13851,48693,41087,,,1,3,2.7,3.55,2.4,1.02,1.2,1.68,2.35,4.75,15.0,4.33,2.02,1.52,1.18,1.53,2.38,3.9,1.22,3.6,1.25,1.6,1.22,1.45,3.25,2.3,2.88,2.88,2.71,2.6,0,0,1.24,1.46,1.85,2.4,3.3,3.5,2.4,1.95,1.47,1.26,2.1,7.5,1.97,2.1,16.75,1.73,5.5,4.75,1.3,2.5,6.0,17.0,3.4,1.5,1.13,1.03,1.17,1.8,3.5,8.0,5.0,1.91,1.29,1.08,0,0,0,0,3,0,0,1,2,3,0,1694907000,5,0,63,24,27,0,-1,2,1,2,2,1,3,4,4,0,1,1,2,1,3,1,32,59,103,92,1.02,1.87,2.89,0,0,0,0,0,0,1,1,0,0,0,2,0,0,1,2,2,-1,-1,-1,-1,-1,-1,12,31,47,74,89,44,70,81,43,9.63,3.65,4.18,2.52,/clubs/toronto-fc-19,teams/canada-toronto-fc.png,Toronto,/clubs/vancouver-whitecaps-fc-5,teams/canada-vancouver-whitecaps-fc.png,Vancouver Whitecaps,1.06,1.0,1.29,1.08,0.81,1.46,88,69,53,27,11,73,50,43,1.28,1.17,2.45,/usa/vancouver-whitecaps-fc-vs-toronto-fc-h2h-stats#4926344,8777,34,True,True,True,False,False,False,True,['50'],"['56', '66']"
MLS,2023,8777,4926345,13,18,2023,complete,96848,0,-1,['14'],['57'],1,1,2,5,1,6,0,1,2,0,0,0,2,3,3,3,5,6,10,6,49,51,3,21189,25,,,2,0,2.25,3.3,3.0,1.05,1.3,1.84,3.4,6.5,11.0,3.4,1.83,1.3,1.1,1.75,2.0,3.1,1.32,3.5,1.26,1.42,1.25,1.6,3.0,2.2,3.5,2.63,2.5,3.1,0,0,1.33,1.61,2.0,2.55,3.45,2.85,2.12,1.68,1.4,1.23,1.83,7.5,2.3,1.8,9.0,2.2,4.0,5.0,1.4,2.75,8.0,23.0,2.75,1.4,1.08,1.01,1.22,2.1,4.5,11.0,4.0,1.67,1.18,1.05,0,0,0,0,2,1,0,0,1,1,1,1694910600,-1,0,58,23,31,0,-1,2,1,5,0,0,1,5,1,1,0,1,0,1,1,1,50,33,114,99,0.83,0.84,1.68,0,0,0,0,0,0,1,1,0,0,1,0,0,0,1,28,17,-1,-1,-1,-1,-1,-1,16,23,46,73,96,27,54,93,50,8.61,2.77,3.62,2.58,/clubs/fc-dallas-13,teams/usa-fc-dallas.png,FC Dallas,/clubs/seattle-sounders-fc-18,teams/usa-seattle-sounders-fc.png,Seattle Sounders,1.72,1.44,1.85,1.38,1.31,1.46,85,77,54,27,4,58,35,31,1.15,1.1,2.25,/usa/fc-dallas-vs-seattle-sounders-fc-h2h-stats#4926345,8777,37,True,True,False,False,False,False,True,['14'],['57']
MLS,2023,8777,4926346,6,945555,2023,complete,96848,0,-1,['42'],['87'],1,1,2,4,4,8,3,0,4,2,0,0,3,7,3,2,6,9,15,14,65,35,13967,20,36880,,,4,2,1.83,3.8,3.8,1.02,1.18,1.59,2.4,4.33,10.0,4.33,2.17,1.5,1.18,1.62,2.2,2.9,1.36,5.0,1.15,1.25,1.25,1.95,2.38,2.38,4.33,2.1,2.76,3.75,0,0,1.18,1.31,1.57,1.95,2.6,4.0,3.0,2.2,1.7,1.41,1.54,8.0,2.9,1.53,12.0,2.6,3.3,7.5,1.3,2.38,6.0,17.0,3.4,1.53,1.13,1.03,1.17,1.8,3.5,9.0,5.0,1.91,1.29,1.07,0,0,0,0,2,1,0,0,1,1,1,1694910600,-1,0,40,26,19,0,-1,2,1,1,3,3,1,4,4,3,1,1,1,4,2,1,57,39,112,77,1.01,1.34,2.36,0,0,0,0,0,0,1,1,0,0,0,3,1,0,1,17,17,-1,-1,-1,-1,-1,-1,11,30,63,78,96,37,56,89,55,8.98,2.69,5.39,2.78,/clubs/houston-dynamo-6,teams/usa-houston-dynamo.png,Houston Dynamo,/clubs/st-louis-city-sc-945555,teams/usa-st-louis-city-sc.png,St. Louis City,2.2,1.17,2.23,1.21,1.44,1.71,89,70,38,23,4,74,60,48,1.35,1.15,2.5,/usa/houston-dynamo-vs-st-louis-city-sc-h2h-stats#4926346,8777,36,True,True,False,False,False,False,True,['42'],['87']
MLS,2023,8777,4926347,1015,8,2023,complete,96848,0,-1,[],['84'],0,1,1,6,7,13,4,0,1,3,0,0,5,2,4,2,9,4,4,10,46,54,45098,5,18,,,1,3,1.97,3.65,3.35,1.02,1.2,1.65,2.6,4.5,17.0,4.5,2.06,1.5,1.2,1.57,2.25,3.2,1.31,4.6,1.17,1.33,1.22,1.83,2.6,2.38,3.75,2.25,2.75,3.4,0,0,1.17,1.26,1.47,1.88,2.37,4.1,3.4,2.4,1.93,1.49,1.61,8.0,2.7,1.62,10.0,2.38,4.0,6.5,1.3,2.38,6.0,17.0,3.4,1.53,1.13,1.03,1.17,1.8,3.5,9.0,5.0,1.91,1.29,1.07,0,0,0,0,1,0,0,0,1,1,0,1694910600,8,0,71,26,26,0,-1,2,1,2,4,4,3,6,7,1,1,0,2,2,2,1,64,50,114,103,1.39,0.77,2.16,0,0,0,0,0,0,1,1,0,0,0,1,0,0,1,24,23,-1,-1,-1,-1,-1,-1,11,22,48,82,89,51,82,63,34,13.55,3.13,3.76,2.51,/clubs/minnesota-united-fc-1015,teams/usa-minnesota-united-fc.png,Minnesota United,/clubs/sporting-kansas-city-8,teams/usa-sporting-kansas-city.png,Sporting KC,1.24,0.95,1.31,0.64,1.37,1.14,89,78,53,18,11,78,60,60,1.63,1.27,2.9,/usa/sporting-kansas-city-vs-minnesota-united-fc-h2h-stats#4926347,8777,34,True,False,False,False,False,False,False,[],['84']
MLS,2023,8777,4926348,12,11,2023,complete,96848,0,-1,"['48', '62']",['90+2'],2,1,3,3,10,13,0,1,4,3,0,0,6,6,2,6,8,12,17,11,39,61,13812,12992,36059,,,4,3,2.2,3.55,2.9,1.02,1.2,1.67,2.7,4.75,15.0,4.33,2.03,1.47,1.18,1.57,2.25,3.6,1.25,4.0,1.2,1.44,1.22,1.62,2.88,2.3,3.25,2.6,2.7,2.88,0,0,1.27,1.5,1.86,2.35,3.1,3.15,2.32,1.83,1.49,1.28,1.83,7.5,2.28,1.73,13.0,2.1,4.5,5.5,1.3,2.5,6.0,17.0,3.4,1.5,1.13,1.03,1.17,1.83,3.75,9.0,5.0,1.83,1.25,1.07,0,0,0,0,3,0,0,2,1,3,0,1694914200,12,0,48,20,20,0,-1,2,1,0,4,3,6,4,9,2,1,2,2,3,4,1,26,58,71,99,1.12,1.6,2.72,0,0,0,0,0,0,1,1,0,0,0,1,0,1,1,23,25,-1,-1,-1,-1,-1,-1,8,16,44,60,71,24,44,64,32,9.79,2.69,4.5,2.02,/clubs/colorado-rapids-12,teams/usa-colorado-rapids.png,Colorado Rapids,/clubs/new-england-revolution-11,teams/usa-new-england-revolution.png,New England Revolution,1.0,0.83,0.83,1.08,0.73,1.78,92,85,57,41,29,72,51,48,1.28,1.05,2.33,/usa/new-england-revolution-vs-colorado-rapids-h2h-stats#4926348,8777,34,True,True,True,False,False,False,True,"['48', '62']",['90+2']
MLS,2023,8777,4926349,6490,10,2023,complete,96848,0,-1,"['23', '33', '75', '84']","['25', '59']",4,2,6,6,2,8,2,1,4,1,0,0,9,2,4,2,13,4,16,12,38,62,11,39588,2,,,4,1,1.57,4.4,5.0,1.02,1.14,1.54,1.93,3.6,19.0,5.5,2.26,1.77,1.28,1.53,2.38,2.7,1.4,6.75,1.09,1.16,1.16,2.45,2.05,2.6,5.0,1.8,3.0,4.5,0,0,0.0,1.21,1.32,1.57,1.95,0.0,3.65,2.95,2.15,1.7,1.41,9.5,3.45,1.4,17.0,3.0,3.1,10.0,1.25,2.2,5.0,13.0,3.75,1.62,1.17,1.04,1.14,1.67,3.25,7.0,5.5,2.1,1.33,1.1,0,0,0,0,6,2,1,2,1,3,3,1694917800,6490,0,48,22,34,0,-1,2,1,2,0,4,2,2,6,2,1,2,0,3,2,1,48,50,95,111,1.8,0.77,2.57,0,0,0,0,0,0,1,1,0,0,0,0,1,0,1,18,19,-1,-1,-1,1,1,0,19,37,59,78,85,37,74,67,60,12.08,3.53,4.69,2.82,/clubs/los-angeles-fc-6490,teams/usa-los-angeles-fc.png,Los Angeles FC,/clubs/la-galaxy-10,teams/usa-la-galaxy.png,LA Galaxy,2.05,0.71,1.93,0.85,1.48,1.15,82,63,41,22,15,74,60,56,1.78,1.16,2.94,/usa/la-galaxy-vs-los-angeles-fc-h2h-stats#4926349,8777,34,True,True,True,True,True,True,True,"['23', '33', '75', '84']","['25', '59']"
MLS,2023,8777,4926350,15,14,2023,complete,96848,0,-1,"['2', '15']",['44'],2,1,3,8,3,11,1,1,0,2,0,0,6,7,7,6,13,13,5,14,46,54,14001,12956,8,,,0,2,2.0,3.65,3.3,1.02,1.18,1.54,2.5,4.33,17.0,4.75,2.26,1.53,1.2,1.53,2.38,3.3,1.29,5.0,1.13,1.3,1.22,1.85,2.5,2.38,3.75,2.2,2.75,3.5,0,0,1.17,1.33,1.58,1.96,2.45,4.1,2.85,2.16,1.74,1.45,1.65,8.0,2.6,1.57,16.5,2.4,4.0,7.0,1.29,2.38,5.5,15.0,3.5,1.53,1.14,1.03,1.17,1.8,3.5,8.0,5.0,1.91,1.29,1.08,0,0,0,0,3,2,1,0,0,0,3,1694917800,15,0,67,33,26,0,-1,2,1,4,0,4,3,4,7,0,1,0,1,1,1,1,50,54,92,117,1.6,1.71,3.31,0,0,0,0,0,0,1,1,1,0,0,0,0,0,1,21,22,-1,-1,-1,-1,-1,-1,8,23,63,82,89,44,78,82,49,10.83,3.41,4.29,2.64,/clubs/san-jose-earthquakes-15,teams/usa-san-jose-earthquakes.png,SJ Earthquakes,/clubs/real-salt-lake-14,teams/usa-real-salt-lake.png,Real Salt Lake,1.82,1.53,1.86,1.62,1.32,1.48,93,78,37,18,11,60,37,34,1.36,1.4,2.76,/usa/real-salt-lake-vs-san-jose-earthquakes-h2h-stats#4926350,8777,35,True,True,True,False,False,False,True,"['2', '15']",['44']
MLS,2023,8777,4926351,698284,20,2023,complete,96848,0,-1,['75'],"['39', '64']",1,2,3,7,5,12,4,0,2,1,0,0,5,5,9,7,14,12,8,13,65,35,7,2339,49380,,,2,1,2.02,3.5,3.5,1.02,1.2,1.75,2.4,4.75,17.0,4.33,1.95,1.5,1.18,1.62,2.2,2.8,1.37,4.8,1.15,1.25,1.2,2.0,2.4,2.38,4.0,2.1,2.8,3.75,0,0,1.18,1.34,1.6,1.97,2.48,4.0,2.8,2.15,1.73,1.44,1.57,8.5,2.8,1.53,16.25,2.5,3.55,7.0,1.3,2.5,6.0,17.0,3.4,1.5,1.13,1.03,1.17,1.83,3.75,9.0,5.0,1.83,1.25,1.07,0,0,0,0,3,0,1,1,1,2,1,1694997000,20,0,56,19,37,0,-1,2,1,4,0,3,5,4,8,0,0,2,1,0,3,1,73,45,102,65,1.76,1.43,3.19,0,0,0,0,0,0,1,1,0,0,2,0,0,0,1,19,18,-1,-1,-1,-1,-1,-1,22,29,60,67,82,45,56,78,44,9.67,2.76,4.36,2.63,/clubs/austin-fc-698284,teams/usa-austin-fc.png,Austin,/clubs/portland-timbers-20,teams/usa-portland-timbers.png,Portland Timbers,1.47,0.76,1.62,0.64,1.22,1.18,78,71,41,34,19,71,60,53,1.41,1.0,2.41,/usa/portland-timbers-vs-austin-fc-h2h-stats#4926351,8777,34,True,True,True,False,False,False,True,['75'],"['39', '64']"
MLS,2023,8777,4926352,711351,16,2023,complete,96848,0,-1,"['55', '61']","['70', '90+7']",2,2,4,7,2,9,1,2,3,1,0,0,6,5,4,6,10,11,16,12,58,42,5016,44668,12,,,3,1,2.45,3.5,2.75,1.01,1.24,1.83,2.97,5.5,9.7,3.55,1.95,1.33,1.1,1.67,2.13,3.4,1.27,3.7,1.24,1.45,1.3,1.54,2.99,2.18,3.34,2.72,2.52,3.04,0,0,1.3,1.55,1.94,2.48,3.3,3.0,2.23,1.75,1.44,1.25,1.75,8.0,2.44,1.96,9.7,2.09,4.5,5.0,1.36,2.68,6.65,19.0,3.0,1.44,1.09,1.02,1.22,2.05,4.33,9.5,4.05,1.73,1.2,1.04,0,0,0,0,4,0,0,2,2,4,0,1695252600,-1,0,64,29,29,0,-1,2,1,4,1,3,1,5,4,0,0,3,1,0,4,1,51,29,108,73,1.43,1.26,2.69,0,1,0,1,0,0,1,1,0,0,2,1,0,0,1,3,4,-1,-1,-1,-1,-1,-1,11,40,61,79,93,40,79,82,40,9.64,3.07,5.5,2.86,/clubs/charlotte-fc-711351,teams/usa-charlotte-fc.png,Charlotte,/clubs/philadelphia-union-16,teams/usa-philadelphia-union.png,Philadelphia Union,1.53,1.16,1.36,1.21,1.19,1.74,90,61,40,22,7,61,50,40,1.15,1.29,2.44,/usa/philadelphia-union-vs-charlotte-fc-h2h-stats#4926352,8777,35,True,True,True,True,False,False,True,"['55', '61']","['70', '90+7']"
MLS,2023,8777,4926353,9,7,2023,complete,96848,0,-1,"['8', '16', '23']",[],3,0,3,6,3,9,1,2,0,6,0,1,5,1,10,4,15,5,6,12,66,34,13967,39282,21081,,,0,7,1.72,4.0,4.33,1.02,1.17,1.65,1.95,4.4,10.0,4.25,2.2,1.7,1.16,1.63,2.19,2.6,1.42,6.0,1.11,1.2,1.24,2.11,2.24,2.36,4.5,2.02,2.76,4.25,0,0,1.24,1.46,1.9,2.25,2.9,3.35,2.43,1.9,1.54,1.32,1.37,9.0,3.83,1.55,15.75,2.61,3.25,8.0,1.3,2.41,5.6,15.0,3.34,1.53,1.13,1.03,1.17,1.86,3.64,8.5,4.7,1.89,1.26,1.05,0,0,0,0,3,3,0,0,0,0,3,1695252600,9,0,50,21,33,0,-1,2,1,3,0,3,3,3,6,0,4,0,3,4,3,1,50,34,121,72,1.67,0.64,2.31,2,0,2,0,0,0,1,1,1,0,0,0,0,1,1,0,3,-1,-1,-1,-1,-1,-1,18,33,61,82,93,47,75,83,50,8.5,3.5,4.42,3.0,/clubs/columbus-crew-9,teams/usa-columbus-crew.png,Columbus Crew,/clubs/chicago-fire-7,teams/usa-chicago-fire.png,Chicago Fire,2.45,0.88,2.36,0.86,1.61,1.18,83,68,40,18,7,64,54,32,1.74,0.99,2.73,/usa/chicago-fire-vs-columbus-crew-h2h-stats#4926353,8777,34,True,True,True,False,False,False,False,"['8', '16', '23']",[]
MLS,2023,8777,4926354,13401,1016,2023,complete,96848,0,-1,['80'],['14'],1,1,2,3,2,5,1,4,2,3,0,0,4,4,12,2,16,6,14,11,44,56,19912,38056,40852,,,2,3,2.15,3.75,3.0,1.02,1.18,1.57,2.15,4.2,17.0,4.75,2.35,1.57,1.22,1.45,2.55,3.6,1.25,4.6,1.17,1.38,1.22,1.67,2.65,2.25,3.35,2.4,2.7,3.1,0,0,1.26,1.5,2.0,2.35,3.05,3.2,2.33,1.8,1.49,1.28,2.0,8.0,2.1,1.8,15.0,2.15,4.5,6.25,1.29,2.25,5.0,15.0,3.3,1.57,1.14,1.01,1.13,1.7,3.1,7.5,5.0,2.05,1.33,1.07,0,0,0,0,2,0,1,1,0,1,1,1695252600,-1,0,61,11,47,0,-1,2,1,2,0,1,2,2,3,0,0,2,3,0,5,1,45,39,91,81,1.61,0.95,2.56,0,0,0,0,0,0,1,1,0,0,0,0,0,0,1,5,5,-1,-1,-1,-1,-1,-1,11,40,68,90,93,32,68,86,61,8.85,3.64,4.36,3.11,/clubs/dc-united-13401,teams/usa-dc-united.png,DC United,/clubs/atlanta-united-fc-1016,teams/usa-atlanta-united-fc.png,Atlanta United FC,1.41,0.89,1.43,1.07,1.21,1.55,90,61,33,11,7,57,47,29,1.47,1.2,2.67,/usa/atlanta-united-fc-vs-dc-united-h2h-stats#4926354,8777,34,True,True,False,False,False,False,True,['80'],['14']
MLS,2023,8777,4926355,677446,19,2023,complete,96848,0,-1,"['45+3', '54', '73', '87']",[],4,0,4,3,4,7,2,2,0,0,0,0,5,2,5,4,10,6,16,5,60,40,36,647,48693,,,0,0,1.53,4.5,5.5,1.02,1.17,1.65,2.0,4.3,10.0,4.3,2.2,1.67,1.16,1.72,2.05,2.3,1.53,6.25,1.1,1.14,1.21,2.48,2.02,2.42,5.4,1.82,2.88,5.1,0,0,1.23,1.43,1.75,2.18,2.8,3.45,2.5,1.94,1.58,1.34,1.45,8.5,3.33,1.45,16.0,2.94,2.75,8.5,1.3,2.39,5.55,15.0,3.34,1.54,1.13,1.03,1.17,1.85,3.56,8.5,4.7,1.9,1.27,1.05,0,0,0,0,4,1,0,3,0,3,1,1695252600,677446,0,50,16,43,0,-1,2,-1,1,1,2,3,2,5,0,0,0,0,0,0,1,69,34,129,81,1.49,0.77,2.27,0,0,0,0,0,0,1,1,0,0,0,1,-1,-1,1,1,3,-1,-1,-1,-1,-1,-1,15,27,46,73,89,23,54,81,54,6.07,3.84,4.39,2.54,/clubs/club-internacional-de-futbol-miami-677446,teams/usa-club-internacional-de-futbol-miami.png,Inter Miami,/clubs/toronto-fc-19,teams/canada-toronto-fc.png,Toronto,1.35,0.24,1.38,0.31,1.04,0.79,85,73,54,27,12,46,31,23,1.18,0.91,2.09,/usa/toronto-fc-vs-club-internacional-de-futbol-miami-h2h-stats#4926355,8777,34,True,True,True,True,False,False,False,"['45+3', '54', '73', '87']",[]
MLS,2023,8777,4926356,1,8043,2023,complete,96848,0,-1,['53'],['90+7'],1,1,2,5,7,12,1,6,3,2,0,0,1,5,2,8,3,13,8,7,46,54,13889,36107,40182,,,3,2,1.95,3.75,3.6,1.02,1.17,1.65,2.48,4.33,15.0,4.25,2.2,1.46,1.16,1.56,2.33,3.3,1.29,4.2,1.2,1.32,1.27,1.79,2.5,2.32,3.82,2.31,2.7,3.44,0,0,1.3,1.57,1.95,2.48,3.3,2.95,2.2,1.74,1.44,1.25,1.64,8.0,2.77,1.72,15.75,2.24,4.0,6.5,1.3,2.41,5.6,15.0,3.34,1.53,1.13,1.03,1.17,1.86,3.64,8.0,4.7,1.89,1.26,1.06,0,0,0,0,2,0,0,1,1,2,0,1695252600,-1,0,39,7,22,0,-1,2,1,2,3,3,4,5,7,1,0,2,2,1,4,1,33,46,107,117,0.52,1.51,2.03,0,1,0,1,0,0,1,1,0,0,2,0,0,0,1,5,9,-1,-1,-1,-1,-1,-1,14,29,43,65,93,36,65,71,47,9.36,3.22,4.93,2.54,/clubs/montreal-impact-1,teams/canada-montreal-impact.png,Montreal Impact,/clubs/fc-cincinnati-8043,teams/usa-fc-cincinnati.png,FC Cincinnati,1.94,1.61,2.0,1.5,1.29,2.07,86,72,58,36,7,50,36,29,1.31,1.24,2.55,/usa/montreal-impact-vs-fc-cincinnati-h2h-stats#4926356,8777,34,True,True,False,False,False,False,True,['53'],['90+7']
MLS,2023,8777,4926357,4,698284,2023,complete,96848,0,-1,['7'],['44'],1,1,2,7,3,10,0,2,2,2,0,0,4,1,8,2,12,3,15,14,61,39,20,43439,2339,,,2,2,1.9,3.75,3.75,1.04,1.23,1.72,2.77,5.05,15.0,4.22,2.1,1.45,1.17,1.65,2.2,2.75,1.39,4.6,1.16,1.28,1.22,1.9,2.5,2.35,4.0,2.3,2.65,3.75,0,0,1.28,1.54,1.88,2.4,3.2,3.1,2.25,1.93,1.46,1.26,1.41,9.0,3.49,1.65,14.25,2.4,3.4,7.5,1.33,2.5,6.0,17.0,3.1,1.48,1.11,1.03,1.18,1.85,4.0,9.0,4.5,1.78,1.22,1.04,0,0,0,0,2,1,1,0,0,0,2,1695252600,-1,0,61,14,39,0,-1,2,1,3,1,4,2,4,6,1,0,1,2,1,3,1,61,25,110,54,1.48,0.45,1.93,0,0,0,0,0,0,1,1,1,0,0,0,1,0,1,3,4,-1,-1,-1,-1,-1,-1,11,25,61,82,97,29,64,86,68,10.0,3.43,3.93,2.9,/clubs/new-york-red-bulls-4,teams/usa-new-york-red-bulls.png,New York RB,/clubs/austin-fc-698284,teams/usa-austin-fc.png,Austin,1.58,0.82,1.57,0.86,1.07,1.18,90,75,40,18,4,68,47,36,1.39,1.15,2.54,/usa/new-york-red-bulls-vs-austin-fc-h2h-stats#4926357,8777,34,True,True,False,False,False,False,True,['7'],['44']
MLS,2023,8777,4926358,2,17,2023,complete,96848,0,-1,"['37', '68']",[],2,0,2,6,5,11,2,0,1,2,0,0,7,2,8,6,15,8,14,11,41,59,31,27505,21031,,,1,2,1.9,3.75,3.75,1.03,1.21,1.72,2.71,4.9,13.0,3.82,2.1,1.39,1.13,1.64,2.17,2.85,1.37,4.6,1.17,1.28,1.27,1.85,2.46,2.26,4.1,2.26,2.63,3.7,0,0,1.4,1.73,2.2,2.88,3.95,2.55,1.96,1.56,1.32,1.18,2.0,7.5,2.1,1.67,14.0,2.38,3.6,6.5,1.33,2.52,6.05,17.0,3.16,1.49,1.11,1.03,1.19,1.94,3.92,8.5,4.35,1.81,1.23,1.05,0,0,0,0,2,1,0,1,0,1,1,1695252600,2,0,64,11,43,0,-1,2,1,1,2,5,3,3,8,1,1,0,1,2,1,1,43,40,87,107,1.75,0.95,2.7,1,0,0,0,1,0,1,1,0,0,1,1,0,0,1,3,5,-1,-1,-1,-1,-1,-1,4,33,50,83,90,29,54,75,61,7.78,4.43,5.5,2.58,/clubs/new-york-city-fc-2,teams/usa-new-york-city-fc.png,New York City,/clubs/orlando-city-sc-17,teams/usa-orlando-city-sc.png,Orlando City,1.76,1.89,1.5,1.79,1.07,1.79,97,68,50,18,11,54,36,25,1.42,1.1,2.52,/usa/new-york-city-fc-vs-orlando-city-sc-h2h-stats#4926358,8777,34,True,True,False,False,False,False,False,"['37', '68']",[]
MLS,2023,8777,4926359,6,5,2023,complete,96848,0,-1,"['13', '44', '73', '84']",['90'],4,1,5,0,3,3,0,0,5,2,0,0,5,4,1,6,6,10,16,10,49,51,24,20,41087,,,5,2,1.6,4.2,5.0,1.02,1.22,1.65,2.9,5.0,15.0,4.2,2.1,1.42,1.16,1.75,2.05,2.65,1.41,5.5,1.12,1.18,1.18,2.3,2.2,2.35,5.0,2.0,2.75,4.75,0,0,1.23,1.44,1.76,2.2,2.85,3.45,2.48,1.93,1.56,1.33,1.95,8.0,2.1,1.6,13.0,2.5,3.45,7.5,1.33,2.55,6.0,17.0,3.3,1.47,1.11,1.02,1.2,1.95,4.0,9.0,4.33,1.8,1.22,1.04,0,0,0,0,5,2,0,2,1,3,2,1695256200,6,0,53,26,23,0,-1,2,1,0,1,0,2,1,2,2,2,3,0,4,3,1,30,46,82,91,0.96,1.25,2.21,0,0,0,0,0,0,1,1,0,0,0,0,0,1,1,10,24,-1,-1,-1,1,0,1,15,30,56,78,93,45,71,85,41,9.49,3.79,4.88,2.71,/clubs/houston-dynamo-6,teams/usa-houston-dynamo.png,Houston Dynamo,/clubs/vancouver-whitecaps-fc-5,teams/canada-vancouver-whitecaps-fc.png,Vancouver Whitecaps,2.2,1.0,2.14,1.23,1.43,1.52,86,70,44,22,8,63,52,45,1.33,1.22,2.55,/usa/vancouver-whitecaps-fc-vs-houston-dynamo-h2h-stats#4926359,8777,36,True,True,True,True,True,False,True,"['13', '44', '73', '84']",['90']
MLS,2023,8777,4926360,8,677447,2023,complete,96848,0,-1,[],"['29', '66', '76']",0,3,3,5,4,9,0,4,1,3,0,0,2,4,7,4,9,8,12,9,53,47,13864,18,24795,,,1,3,1.67,4.0,4.4,1.03,1.2,1.78,2.56,4.58,16.75,4.6,1.92,1.52,1.2,1.6,2.25,2.65,1.42,5.25,1.13,1.23,1.2,2.05,2.2,2.3,4.4,2.0,2.8,4.1,0,0,1.29,1.54,1.98,2.43,3.25,3.05,2.25,1.83,1.45,1.26,1.51,8.5,3.07,1.55,16.0,2.5,3.4,7.5,1.3,2.35,5.5,15.0,3.4,1.52,1.12,1.02,1.17,1.87,3.35,8.5,4.75,1.9,1.25,1.05,0,0,0,0,3,0,1,0,2,2,1,1695256200,677447,0,47,21,11,0,-1,2,1,2,2,3,2,4,5,0,0,1,3,0,4,1,74,33,121,77,1.25,1.03,2.28,0,0,0,0,0,0,1,1,0,0,0,0,0,0,1,21,15,-1,-1,-1,1,1,0,11,22,54,72,90,43,75,75,32,10.93,4.14,3.43,2.47,/clubs/sporting-kansas-city-8,teams/usa-sporting-kansas-city.png,Sporting KC,/clubs/nashville-sc-mls-677447,teams/usa-nashville-sc-mls.png,Nashville SC,1.74,1.0,1.64,0.93,1.21,1.48,90,79,47,29,11,50,47,33,1.55,0.95,2.5,/usa/sporting-kansas-city-vs-nashville-sc-mls-h2h-stats#4926360,8777,36,True,True,True,False,False,False,False,[],"['29', '66', '76']"
MLS,2023,8777,4926361,945555,6490,2023,complete,96848,0,-1,[],[],0,0,0,5,7,12,0,1,2,2,0,0,4,2,5,9,9,11,14,9,52,48,69,36880,39588,,,2,2,1.8,4.2,3.7,1.01,1.15,1.53,2.3,3.6,11.0,4.75,2.38,1.54,1.25,1.44,2.6,3.9,1.22,4.6,1.17,1.5,1.25,1.57,2.8,2.38,3.1,2.1,2.85,3.5,0,0,1.25,1.47,1.82,2.28,3.0,3.3,2.4,1.87,1.52,1.3,1.82,8.0,2.33,1.91,13.0,2.0,3.7,7.5,1.29,2.25,4.75,10.0,3.4,1.57,1.15,1.02,1.12,1.65,2.95,6.5,6.25,2.0,1.3,1.1,0,0,0,0,0,0,0,0,0,0,0,1695256200,-1,0,56,19,33,0,-1,2,1,2,3,3,4,5,7,0,0,2,2,0,4,1,51,48,85,110,1.22,1.19,2.41,0,0,0,0,0,0,1,1,0,0,1,1,0,0,1,28,26,-1,-1,-1,-1,-1,-1,11,29,67,89,93,48,74,85,55,9.98,3.56,4.14,3.05,/clubs/st-louis-city-sc-945555,teams/usa-st-louis-city-sc.png,St. Louis City,/clubs/los-angeles-fc-6490,teams/usa-los-angeles-fc.png,Los Angeles FC,1.94,1.25,2.21,1.0,1.69,1.54,89,71,34,11,8,63,56,52,1.59,1.35,2.94,/usa/los-angeles-fc-vs-st-louis-city-sc-h2h-stats#4926361,8777,36,False,False,False,False,False,False,False,[],[]
MLS,2023,8777,4926362,12,18,2023,complete,96848,0,-1,['80'],"['34', '56']",1,2,3,5,7,12,0,1,0,1,0,0,2,3,2,6,4,9,4,4,45,55,45125,12992,25,,,0,1,2.45,3.4,2.7,1.04,1.3,1.86,3.3,6.5,12.0,3.5,1.84,1.33,1.11,1.72,2.1,3.1,1.31,3.4,1.27,1.5,1.25,1.52,3.25,2.15,3.3,2.9,2.5,3.0,0,0,1.24,1.47,1.85,2.25,2.95,3.3,2.4,1.95,1.53,1.3,1.91,8.0,2.1,1.95,11.0,2.0,4.5,4.5,1.4,2.8,7.0,23.0,3.0,1.4,1.08,1.01,1.22,2.1,4.5,10.0,4.0,1.68,1.18,1.03,0,0,0,0,3,0,1,1,1,2,1,1695259800,18,0,52,19,26,0,-1,2,1,1,3,4,4,4,8,0,1,0,0,1,0,1,37,55,77,123,0.67,1.19,1.86,0,0,0,0,0,0,1,1,0,0,0,0,0,0,1,27,25,-1,-1,-1,-1,-1,-1,19,19,41,59,74,22,48,66,30,9.36,2.35,4.26,2.13,/clubs/colorado-rapids-12,teams/usa-colorado-rapids.png,Colorado Rapids,/clubs/seattle-sounders-fc-18,teams/usa-seattle-sounders-fc.png,Seattle Sounders,1.0,1.44,1.0,1.36,0.81,1.45,82,82,60,42,27,60,41,37,1.27,1.08,2.35,/usa/colorado-rapids-vs-seattle-sounders-fc-h2h-stats#4926362,8777,34,True,True,True,False,False,False,True,['80'],"['34', '56']"
MLS,2023,8777,4926363,14,13,2023,complete,96848,0,-1,['43'],"['56', '62', '71']",1,3,4,11,4,15,4,3,2,0,0,0,7,4,6,3,13,7,11,8,55,45,84,8,21189,,,2,0,1.91,3.75,3.6,1.02,1.22,1.73,2.9,5.0,17.0,4.2,1.98,1.42,1.16,1.66,2.1,2.7,1.4,4.75,1.16,1.3,1.18,1.9,2.45,2.4,4.0,2.25,2.7,3.75,0,0,1.34,1.62,2.02,2.6,3.5,2.8,2.1,1.68,1.38,1.22,1.31,9.5,4.13,1.55,14.25,2.5,3.4,7.0,1.3,2.55,6.0,17.0,3.5,1.5,1.11,1.02,1.2,1.95,4.0,9.0,4.33,1.8,1.22,1.04,0,0,0,0,4,1,0,0,3,3,1,1695259800,13,0,53,15,30,0,-1,2,1,4,3,7,1,7,8,1,0,1,0,1,1,1,46,31,106,78,1.65,0.95,2.6,0,1,0,1,0,0,1,1,0,0,0,2,0,0,1,16,10,-1,-1,-1,-1,-1,-1,4,29,59,74,86,34,70,67,44,8.84,4.56,5.28,2.51,/clubs/real-salt-lake-14,teams/usa-real-salt-lake.png,Real Salt Lake,/clubs/fc-dallas-13,teams/usa-fc-dallas.png,FC Dallas,1.28,0.95,1.36,0.77,1.43,1.3,97,71,42,26,15,48,37,34,1.64,1.05,2.69,/usa/fc-dallas-vs-real-salt-lake-h2h-stats#4926363,8777,37,True,True,True,True,False,False,True,['43'],"['56', '62', '71']"
MLS,2023,8777,4926364,10,1015,2023,complete,96848,0,-1,"['16', '63', '71', '82']","['19', '41', '45+5']",4,3,7,6,2,8,0,2,4,5,0,1,11,7,5,2,16,9,12,14,56,44,13812,2,5,,,4,6,1.91,3.75,3.6,1.0,1.17,1.72,2.15,3.3,12.0,4.5,2.1,1.62,1.29,1.62,2.2,3.1,1.32,4.8,1.15,1.28,1.22,1.85,2.6,2.35,3.75,2.35,2.65,3.5,0,0,1.2,1.38,1.67,2.08,2.65,3.7,2.63,2.04,1.63,1.38,1.45,9.0,3.32,1.68,18.0,2.2,3.8,6.25,1.33,2.55,5.5,17.0,3.3,1.47,1.11,1.01,1.18,1.95,4.0,9.0,4.5,1.83,1.22,1.04,0,0,0,0,7,1,3,3,0,3,4,1695263400,10,0,56,26,26,0,-1,2,1,3,1,3,1,4,4,0,3,4,3,3,7,1,36,43,95,78,2.04,1.37,3.41,0,0,0,0,0,0,1,1,0,0,1,1,0,0,1,17,21,-1,-1,-1,-1,-1,-1,8,30,63,78,96,52,63,89,49,11.69,3.2,3.44,2.75,/clubs/la-galaxy-10,teams/usa-la-galaxy.png,LA Galaxy,/clubs/minnesota-united-fc-1015,teams/usa-minnesota-united-fc.png,Minnesota United,1.41,1.18,1.46,1.43,1.11,1.32,93,71,37,22,4,70,63,49,1.64,1.19,2.83,/usa/la-galaxy-vs-minnesota-united-fc-h2h-stats#4926364,8777,34,True,True,True,True,True,True,True,"['16', '63', '71', '82']","['19', '41', '45+5']"
MLS,2023,8777,4926365,20,15,2023,complete,96848,0,-1,"['45+3', '58']",['60'],2,1,3,6,5,11,0,2,2,3,0,0,6,2,10,3,16,5,11,7,46,54,13851,49380,12956,,,2,3,1.8,3.9,4.0,1.02,1.22,1.56,2.63,4.75,10.0,3.8,2.27,1.43,1.15,1.65,2.1,2.7,1.4,4.8,1.15,1.25,1.2,1.95,2.45,2.3,4.2,2.25,2.7,3.75,0,0,1.21,1.4,1.7,2.12,2.7,3.6,2.55,2.0,1.61,1.36,1.75,8.0,2.44,1.6,11.0,2.6,3.4,7.0,1.33,2.55,6.0,17.0,3.3,1.47,1.11,1.02,1.18,1.95,4.0,9.0,4.5,1.83,1.22,1.04,0,0,0,0,3,1,0,1,1,2,1,1695263400,20,0,61,25,36,0,-1,2,1,3,4,3,1,7,4,1,2,1,1,3,2,1,54,59,89,98,1.82,0.89,2.71,0,0,0,0,0,0,1,1,0,0,1,1,0,0,1,12,13,-1,-1,-1,1,0,1,14,29,57,71,90,36,72,75,43,8.93,2.28,5.57,2.61,/clubs/portland-timbers-20,teams/usa-portland-timbers.png,Portland Timbers,/clubs/san-jose-earthquakes-15,teams/usa-san-jose-earthquakes.png,SJ Earthquakes,1.76,0.78,1.71,0.79,1.24,1.38,86,72,43,29,11,68,61,47,1.41,0.99,2.4,/usa/san-jose-earthquakes-vs-portland-timbers-h2h-stats#4926365,8777,34,True,True,True,False,False,False,True,"['45+3', '58']",['60']
MLS,2023,8777,4926366,8043,711351,2023,complete,96848,0,-1,"['45+1', '50', '78']",[],3,0,3,3,6,9,2,2,0,2,0,0,9,0,8,6,17,6,9,6,43,57,57,40182,44668,,,0,2,1.65,4.1,4.75,1.05,1.25,1.6,2.95,5.5,9.0,3.75,2.3,1.38,1.14,1.7,2.05,2.5,1.46,4.75,1.16,1.22,1.25,1.83,2.38,2.3,4.5,2.05,2.55,4.33,0,0,1.25,1.47,1.95,2.4,3.4,3.5,2.4,1.85,1.47,1.26,1.52,8.0,3.05,1.7,9.0,2.5,3.5,7.0,1.33,2.63,7.0,19.0,3.25,1.44,1.1,1.02,1.2,1.91,4.0,10.0,4.33,1.8,1.22,1.06,0,0,0,0,3,1,0,2,0,2,1,1695511800,8043,0,56,19,22,0,-1,2,1,1,3,2,3,4,5,0,2,0,0,2,0,1,38,77,107,98,1.98,0.94,2.92,0,0,0,0,0,0,1,1,0,0,0,1,0,0,1,6,5,-1,-1,-1,-1,-1,-1,8,34,63,75,100,41,74,89,49,9.17,2.23,5.43,2.83,/clubs/fc-cincinnati-8043,teams/usa-fc-cincinnati.png,FC Cincinnati,/clubs/charlotte-fc-711351,teams/usa-charlotte-fc.png,Charlotte,2.35,0.94,2.64,1.0,2.03,1.18,93,67,37,26,0,45,37,37,1.29,0.92,2.21,/usa/fc-cincinnati-vs-charlotte-fc-h2h-stats#4926366,8777,35,True,True,True,False,False,False,False,"['45+1', '50', '78']",[]
MLS,2023,8777,4926367,13401,4,2023,complete,96848,0,-1,"['21', '36', '45+2']","['17', '44', '45+5', '58', '90+3']",3,5,8,3,5,8,0,2,3,2,0,0,7,8,6,4,13,12,12,15,54,46,58,38056,43439,,,3,2,2.3,3.3,3.1,1.06,1.35,2.0,3.75,7.5,10.0,3.2,1.78,1.25,1.08,1.8,1.95,2.7,1.4,3.3,1.28,1.4,1.28,1.57,2.88,2.1,3.75,2.5,2.45,3.25,0,0,1.33,1.62,2.1,2.85,3.4,2.9,2.1,1.61,1.34,1.23,1.72,7.5,2.48,1.73,8.5,2.38,3.8,4.5,1.4,3.0,9.0,23.0,2.75,1.36,1.07,1.01,1.25,2.2,5.0,13.0,3.75,1.62,1.17,1.04,0,0,0,0,8,3,3,0,2,2,6,1695511800,4,0,52,7,24,0,-1,2,1,1,3,2,2,4,4,1,0,2,2,1,4,1,42,26,128,84,1.63,1.51,3.14,1,1,1,1,0,0,1,1,0,0,0,0,0,0,1,7,4,-1,-1,-1,-1,-1,-1,7,24,44,72,90,17,69,76,37,8.21,3.78,4.87,2.36,/clubs/dc-united-13401,teams/usa-dc-united.png,DC United,/clubs/new-york-red-bulls-4,teams/usa-new-york-red-bulls.png,New York RB,1.41,0.94,1.4,0.57,1.2,1.07,93,77,56,29,11,38,35,24,1.48,1.28,2.76,/usa/new-york-red-bulls-vs-dc-united-h2h-stats#4926367,8777,34,True,True,True,True,True,True,True,"['21', '36', '45+2']","['17', '44', '45+5', '58', '90+3']"
MLS,2023,8777,4926368,2,19,2023,complete,96848,0,-1,"['2', '45+4', '54']",[],3,0,3,5,3,8,0,0,1,1,0,0,8,4,7,4,15,8,8,4,53,47,65601,27505,48693,,,1,1,1.41,4.9,7.3,1.05,1.25,1.53,2.85,5.25,9.5,3.85,2.38,1.42,1.15,1.91,1.91,2.1,1.63,5.5,1.12,1.13,1.18,2.45,2.05,2.38,6.0,1.73,2.65,6.0,0,0,1.32,1.58,2.05,2.75,4.0,3.0,2.15,1.65,1.36,1.2,1.36,9.0,3.9,1.33,9.5,3.6,2.63,8.5,1.33,2.63,7.0,19.0,3.25,1.44,1.1,1.02,1.2,1.91,4.0,10.0,4.33,1.8,1.22,1.06,0,0,0,0,3,2,0,1,0,1,2,1695574800,2,0,48,7,35,0,-1,2,1,2,1,3,2,3,5,0,1,1,0,1,1,1,52,29,99,81,1.88,1.0,2.89,1,0,0,0,1,0,1,1,1,0,0,0,0,0,1,19,16,-1,-1,-1,-1,-1,-1,11,28,38,76,87,24,55,80,52,6.99,4.51,4.1,2.42,/clubs/new-york-city-fc-2,teams/usa-new-york-city-fc.png,New York City,/clubs/toronto-fc-19,teams/canada-toronto-fc.png,Toronto,1.76,0.24,1.6,0.29,1.13,0.76,90,72,62,25,14,55,38,28,1.44,0.9,2.34,/usa/new-york-city-fc-vs-toronto-fc-h2h-stats#4926368,8777,34,True,True,True,False,False,False,False,"['2', '45+4', '54']",[]
MLS,2023,8777,4926369,16,6490,2023,complete,96848,0,-1,[],[],0,0,0,0,5,5,4,2,0,2,0,0,1,0,3,1,4,1,11,12,53,47,3,12,39588,,,0,2,2.1,3.7,3.2,1.04,1.2,1.62,2.55,4.5,10.0,4.33,2.25,1.5,1.2,1.53,2.38,3.1,1.31,4.4,1.18,1.3,1.25,1.73,2.63,2.38,3.75,2.3,2.63,3.25,0,0,1.24,1.47,1.88,2.4,3.3,3.5,2.4,1.93,1.47,1.26,1.68,7.5,2.55,1.62,10.0,2.3,4.0,6.5,1.3,2.5,6.0,17.0,3.4,1.5,1.13,1.03,1.17,1.8,3.5,9.0,5.0,1.91,1.29,1.07,0,0,0,0,0,0,0,0,0,0,0,1695511800,-1,0,52,22,22,0,-1,2,1,0,1,0,4,1,4,0,1,0,1,1,1,1,39,51,126,121,0.63,0.46,1.08,0,0,0,0,0,0,1,1,0,0,0,0,0,1,1,3,6,-1,-1,-1,-1,-1,-1,19,26,60,74,82,42,67,74,49,9.48,5.17,4.38,2.65,/clubs/philadelphia-union-16,teams/usa-philadelphia-union.png,Philadelphia Union,/clubs/los-angeles-fc-6490,teams/usa-los-angeles-fc.png,Los Angeles FC,2.17,1.25,2.31,1.0,1.71,1.52,81,74,41,26,18,63,52,48,1.44,1.34,2.78,/usa/philadelphia-union-vs-los-angeles-fc-h2h-stats#4926369,8777,37,False,False,False,False,False,False,False,[],[]
MLS,2023,8777,4926370,7,11,2023,complete,96848,0,-1,"['18', '54']","['17', '59']",2,2,4,4,6,10,1,1,2,1,0,0,8,3,5,2,13,5,7,12,44,56,13841,21081,36059,,,2,1,2.38,3.5,2.88,1.04,1.25,1.67,3.1,5.5,12.0,3.75,2.15,1.38,1.14,1.62,2.2,3.1,1.31,3.75,1.23,1.36,1.25,1.68,2.88,2.25,3.4,2.6,2.6,3.0,0,0,1.3,1.55,1.92,2.4,3.2,3.0,2.23,1.77,1.57,1.26,1.81,7.5,2.33,1.73,9.5,2.2,4.2,5.5,1.36,2.63,7.0,19.0,3.0,1.44,1.1,1.02,1.2,1.91,4.0,10.0,4.33,1.8,1.22,1.06,0,0,0,0,4,1,1,1,1,2,2,1695515400,-1,0,57,14,33,0,20129,2,1,0,3,4,3,3,7,0,0,2,1,0,3,1,43,55,92,120,1.69,0.94,2.64,0,0,0,0,0,0,1,1,0,0,0,0,0,0,1,16,23,-1,-1,-1,-1,-1,-1,11,25,54,72,93,25,61,75,43,8.72,3.35,4.36,2.64,/clubs/chicago-fire-7,teams/usa-chicago-fire.png,Chicago Fire,/clubs/new-england-revolution-11,teams/usa-new-england-revolution.png,New England Revolution,1.47,0.83,1.5,1.0,1.14,1.71,90,75,47,29,7,68,50,43,1.03,1.09,2.12,/usa/chicago-fire-vs-new-england-revolution-h2h-stats#4926370,8777,34,True,True,True,True,False,False,True,"['18', '54']","['17', '59']"
MLS,2023,8777,4926371,13,9,2023,complete,96848,0,-1,['43'],['24'],1,1,2,3,8,11,4,2,2,2,0,0,2,5,2,5,4,10,6,9,40,60,45098,21189,39282,,,2,2,2.6,3.6,2.5,1.04,1.28,1.65,3.25,6.0,12.0,3.6,2.2,1.36,1.12,1.62,2.2,3.25,1.29,3.4,1.27,1.44,1.3,1.51,3.1,2.25,3.25,2.75,2.45,2.88,0,0,1.29,1.8,1.93,2.45,3.25,3.0,2.0,1.76,1.45,1.25,1.89,7.5,2.2,1.8,9.5,2.1,5.0,5.0,1.36,2.63,7.0,19.0,3.0,1.44,1.1,1.02,1.2,1.91,4.0,10.0,4.33,1.8,1.22,1.06,0,0,0,0,2,1,1,0,0,0,2,1695515400,-1,0,72,25,40,0,17948,2,1,2,6,1,2,8,3,0,0,2,2,0,4,1,28,56,69,98,0.6,1.39,2.0,0,0,0,0,0,0,1,1,0,0,0,0,0,0,1,16,16,-1,-1,-1,-1,-1,-1,18,32,54,86,100,29,68,97,64,9.21,2.42,3.93,3.0,/clubs/fc-dallas-13,teams/usa-fc-dallas.png,FC Dallas,/clubs/columbus-crew-9,teams/usa-columbus-crew.png,Columbus Crew,1.72,1.15,1.79,0.86,1.36,1.66,82,68,47,14,0,43,29,25,1.13,1.29,2.42,/usa/columbus-crew-vs-fc-dallas-h2h-stats#4926371,8777,37,True,True,False,False,False,False,True,['43'],['24']
MLS,2023,8777,4926372,8,6,2023,complete,96848,0,-1,"['7', '45+6']",['45+9'],2,1,3,3,6,9,1,1,4,3,1,0,3,6,5,3,8,9,14,13,37,63,11,18,20,,,6,3,2.05,3.5,3.5,1.04,1.28,1.91,3.2,6.0,11.0,3.6,1.87,1.33,1.12,1.67,2.1,2.75,1.39,3.9,1.22,1.3,1.25,1.75,2.63,2.25,4.0,2.25,2.55,3.6,0,0,1.3,1.55,1.93,2.45,3.25,3.0,2.2,1.88,1.44,1.25,1.62,8.0,2.7,1.62,8.5,2.5,3.8,6.0,1.36,2.63,7.0,19.0,3.0,1.44,1.1,1.02,1.2,1.91,4.0,10.0,4.33,1.8,1.22,1.06,0,0,0,0,3,2,1,0,0,0,3,1695515400,8,0,42,21,14,0,-1,2,1,2,1,1,5,3,6,2,1,3,2,3,5,1,33,70,74,132,0.96,1.51,2.47,1,0,1,0,0,0,1,1,1,0,0,0,0,0,1,16,18,-1,-1,-1,-1,-1,-1,14,17,62,72,90,45,72,76,42,9.23,3.04,4.39,2.65,/clubs/sporting-kansas-city-8,teams/usa-sporting-kansas-city.png,Sporting KC,/clubs/houston-dynamo-6,teams/usa-houston-dynamo.png,Houston Dynamo,1.74,0.79,1.53,0.71,1.17,1.48,87,83,39,28,11,59,49,31,1.53,1.09,2.62,/usa/houston-dynamo-vs-sporting-kansas-city-h2h-stats#4926372,8777,38,True,True,True,False,False,False,True,"['7', '45+6']",['45+9']
MLS,2023,8777,4926373,1015,945555,2023,complete,96848,0,-1,['48'],"['64', '73']",1,2,3,5,3,8,1,0,4,3,0,0,5,6,10,7,15,13,10,14,53,47,13864,5,36880,,,4,3,1.85,3.9,3.8,1.04,1.22,1.73,2.4,5.0,13.0,4.0,2.1,1.55,1.16,1.67,2.1,3.0,1.33,3.9,1.22,1.3,1.25,1.8,2.63,2.25,3.75,2.38,2.65,3.4,0,0,1.25,1.31,1.55,1.95,2.6,3.3,3.0,2.2,1.7,1.41,1.66,8.0,2.6,1.62,13.0,2.4,4.0,6.0,1.36,2.63,7.0,19.0,3.0,1.44,1.1,1.02,1.2,1.91,4.0,10.0,4.33,1.8,1.22,1.06,0,0,0,0,3,0,0,1,2,3,0,1695515400,945555,0,66,21,28,0,-1,2,1,2,2,3,1,4,4,2,1,2,2,3,4,1,52,34,112,97,1.68,1.49,3.17,1,0,1,0,0,0,1,1,0,0,0,0,0,0,1,17,20,-1,-1,-1,-1,-1,-1,11,21,48,83,97,35,62,76,48,11.9,3.0,4.51,2.58,/clubs/minnesota-united-fc-1015,teams/usa-minnesota-united-fc.png,Minnesota United,/clubs/st-louis-city-sc-945555,teams/usa-st-louis-city-sc.png,St. Louis City,1.24,1.17,1.21,1.2,1.28,1.67,90,80,52,17,4,83,66,63,1.61,1.16,2.77,/usa/minnesota-united-fc-vs-st-louis-city-sc-h2h-stats#4926373,8777,34,True,True,True,False,False,False,True,['48'],"['64', '73']"
MLS,2023,8777,4926374,14,5,2023,complete,96848,0,-1,"['47', '65']",['17'],2,1,3,9,3,12,2,1,3,1,0,0,10,2,3,6,13,8,13,11,50,50,13891,8,41087,,,3,1,2.1,3.75,3.13,1.04,1.22,1.57,2.85,5.0,13.0,4.2,2.38,1.44,1.16,1.62,2.2,3.0,1.34,4.2,1.19,1.33,1.25,1.72,2.6,2.3,3.75,2.25,2.65,3.5,0,0,1.27,1.49,1.9,2.35,3.05,3.2,2.35,1.9,1.49,1.28,1.64,8.0,2.63,1.62,9.5,2.4,3.8,6.5,1.33,2.5,6.5,19.0,3.25,1.5,1.11,1.02,1.18,1.83,3.75,9.0,4.5,1.83,1.25,1.07,0,0,0,0,3,0,1,2,0,2,1,1695519000,14,0,63,18,32,0,-1,2,1,5,2,4,1,7,5,0,0,3,1,0,4,1,46,38,93,83,1.86,0.93,2.78,0,0,0,0,0,0,1,1,0,0,1,0,0,0,1,22,22,-1,-1,-1,1,0,1,14,45,69,83,87,45,76,76,52,11.19,4.59,4.62,2.97,/clubs/real-salt-lake-14,teams/usa-real-salt-lake.png,Real Salt Lake,/clubs/vancouver-whitecaps-fc-5,teams/canada-vancouver-whitecaps-fc.png,Vancouver Whitecaps,1.28,1.0,1.27,1.14,1.38,1.46,86,56,32,17,14,55,45,42,1.64,1.23,2.87,/usa/vancouver-whitecaps-fc-vs-real-salt-lake-h2h-stats#4926374,8777,36,True,True,True,False,False,False,True,"['47', '65']",['17']
MLS,2023,8777,4926375,20,12,2023,complete,96848,0,-1,"['19', '29', '71']","['31', '43']",3,2,5,6,2,8,1,2,5,3,0,0,7,4,4,2,11,6,13,8,60,40,5016,49380,12992,,,5,3,1.53,4.33,5.75,1.03,1.22,1.6,2.27,5.0,15.0,4.2,2.3,1.56,1.16,1.67,2.1,2.6,1.44,5.0,1.14,1.2,1.26,2.05,2.38,2.3,4.5,2.05,2.75,4.0,0,0,1.28,1.52,1.93,2.38,3.15,3.1,2.28,1.88,1.48,1.27,1.52,8.0,3.05,1.5,10.0,2.75,3.2,8.0,1.33,2.5,6.5,19.0,3.25,1.5,1.11,1.02,1.18,1.83,3.75,10.0,4.5,1.83,1.25,1.06,0,0,0,0,5,2,2,1,0,1,4,1695522600,20,0,48,17,31,0,22248,2,1,1,1,5,1,2,6,2,1,3,2,3,5,1,63,17,143,60,1.66,0.79,2.44,0,0,0,0,0,0,1,1,0,0,1,0,0,0,1,22,17,-1,-1,-1,-1,-1,-1,14,38,55,76,93,35,72,80,42,8.69,2.57,5.46,2.76,/clubs/portland-timbers-20,teams/usa-portland-timbers.png,Portland Timbers,/clubs/colorado-rapids-12,teams/usa-colorado-rapids.png,Colorado Rapids,1.76,0.59,1.8,0.64,1.3,0.79,87,62,45,24,7,66,55,45,1.44,1.01,2.45,/usa/colorado-rapids-vs-portland-timbers-h2h-stats#4926375,8777,34,True,True,True,True,True,False,True,"['19', '29', '71']","['31', '43']"
MLS,2023,8777,4926376,15,677447,2023,complete,96848,0,-1,['74'],['50'],1,1,2,7,5,12,1,0,2,2,0,0,5,4,9,3,14,7,7,7,55,45,13893,12956,24795,,,2,2,2.2,3.5,3.1,1.05,1.28,1.8,3.3,5.75,8.75,3.3,2.0,1.33,1.12,1.7,2.05,2.75,1.37,3.8,1.22,1.31,1.3,1.7,2.75,2.2,4.0,2.4,2.45,3.4,0,0,1.32,1.58,1.8,2.55,3.45,2.9,2.16,2.0,1.41,1.23,1.67,7.5,2.6,1.67,8.5,2.4,3.75,5.75,1.4,2.75,8.0,21.0,2.75,1.4,1.08,1.02,1.22,2.0,4.33,11.0,4.0,1.73,1.2,1.05,0,0,0,0,2,0,0,1,1,2,0,1695522600,-1,0,54,34,14,0,-1,2,1,3,3,4,2,6,6,1,1,1,1,2,2,1,50,37,128,81,1.61,1.0,2.6,0,0,0,0,0,0,1,1,0,0,2,0,1,0,1,25,21,-1,-1,-1,-1,-1,-1,4,13,50,74,87,40,73,73,30,11.2,4.46,3.93,2.27,/clubs/san-jose-earthquakes-15,teams/usa-san-jose-earthquakes.png,SJ Earthquakes,/clubs/nashville-sc-mls-677447,teams/usa-nashville-sc-mls.png,Nashville SC,1.82,1.0,1.93,1.07,1.33,1.54,97,87,50,27,13,54,40,34,1.37,0.95,2.32,/usa/san-jose-earthquakes-vs-nashville-sc-mls-h2h-stats#4926376,8777,35,True,True,False,False,False,False,True,['74'],['50']
MLS,2023,8777,4926377,17,677446,2023,complete,96848,0,-1,['66'],['52'],1,1,2,0,7,7,3,2,2,5,0,0,6,5,4,2,10,7,10,14,51,49,7,21031,647,,,2,5,1.79,3.6,3.4,1.05,1.25,1.59,2.85,5.25,9.5,3.85,2.2,1.42,1.15,1.57,2.25,3.5,1.26,3.8,1.23,1.46,1.3,1.53,3.0,2.25,3.25,2.63,2.55,2.88,0,0,1.28,1.52,2.0,2.4,3.15,3.1,2.28,1.8,1.47,1.27,1.85,7.5,2.25,1.8,9.5,2.1,4.75,5.0,1.33,2.63,6.5,19.0,3.25,1.44,1.11,1.02,1.18,1.83,3.75,9.0,4.5,1.83,1.25,1.07,0,0,0,0,2,0,0,1,1,2,0,1695598200,-1,0,54,11,36,0,-1,2,1,0,3,0,4,3,4,0,2,2,3,2,5,1,41,23,117,75,1.36,0.97,2.33,0,0,0,0,0,0,1,1,0,0,0,0,0,0,1,4,0,-1,-1,-1,-1,-1,-1,11,36,54,79,97,29,71,86,50,9.65,2.78,4.0,2.9,/clubs/orlando-city-sc-17,teams/usa-orlando-city-sc.png,Orlando City,/clubs/club-internacional-de-futbol-miami-677446,teams/usa-club-internacional-de-futbol-miami.png,Inter Miami,1.84,0.65,1.79,0.71,1.72,1.11,90,64,47,22,4,57,50,40,1.43,1.12,2.55,/usa/orlando-city-sc-vs-club-internacional-de-futbol-miami-h2h-stats#4926377,8777,34,True,True,False,False,False,False,True,['66'],['52']
MLS,2023,8777,4926378,698284,10,2023,complete,96848,0,-1,"['11', '45+6', '75']","['45+2', '89', '90+4']",3,3,6,8,8,16,2,4,2,1,0,0,6,11,1,4,7,15,8,5,39,61,15,2339,2,,,2,1,1.85,3.85,3.05,1.02,1.2,1.6,2.05,3.75,15.0,4.5,2.2,1.68,1.25,1.5,2.5,3.2,1.3,5.5,1.13,1.3,1.22,1.87,2.5,2.4,3.75,2.1,2.85,3.75,0,0,1.26,1.49,1.83,2.32,3.05,3.2,2.35,2.15,1.5,1.29,1.63,7.5,2.65,1.53,10.0,2.5,3.95,7.5,1.29,2.25,5.5,15.0,3.5,1.57,1.14,1.03,1.14,1.73,3.4,8.0,5.5,2.0,1.3,1.08,0,0,0,0,6,2,1,1,2,3,3,1695615900,-1,0,54,29,36,0,-1,2,1,2,1,6,6,3,12,2,0,0,1,2,1,1,37,45,64,89,1.13,2.04,3.17,0,1,0,1,0,0,1,1,0,0,0,0,1,0,-1,-1,-1,-1,-1,-1,-1,-1,-1,18,29,61,75,86,43,64,79,50,11.22,3.22,4.5,2.75,/clubs/austin-fc-698284,teams/usa-austin-fc.png,Austin,/clubs/la-galaxy-10,teams/usa-la-galaxy.png,LA Galaxy,1.47,0.71,1.5,0.79,1.17,1.18,82,72,40,25,14,75,64,57,1.44,1.13,2.57,/usa/la-galaxy-vs-austin-fc-h2h-stats#4926378,8777,34,True,True,True,True,True,True,True,"['11', '45+6', '75']","['45+2', '89', '90+4']"
MLS,2023,8777,4926379,9,16,2023,complete,96848,0,-1,['72'],['50'],1,1,2,12,8,20,2,1,2,4,0,0,10,2,8,9,18,11,5,7,68,32,13889,39282,12,,,2,4,1.91,3.75,3.6,1.02,1.16,1.53,2.25,4.2,17.0,5.0,2.35,1.62,1.22,1.52,2.5,3.2,1.3,5.25,1.13,1.25,1.2,2.0,2.4,2.45,4.0,2.15,2.9,3.75,0,0,1.45,2.0,2.32,3.1,3.6,2.45,1.8,1.5,1.28,1.25,1.51,8.0,3.09,1.67,11.0,2.3,3.8,7.0,1.28,2.25,5.0,13.0,3.75,1.6,1.15,1.02,1.15,1.75,3.3,7.0,5.0,2.0,1.3,1.08,0,0,0,0,2,0,0,1,1,2,0,1696116600,-1,0,60,27,30,0,-1,2,1,4,4,8,4,8,12,0,0,2,4,0,6,1,81,32,139,49,2.42,1.06,3.49,1,0,1,0,0,0,1,1,0,0,2,0,0,0,1,2,3,-1,-1,-1,-1,-1,-1,14,43,64,94,100,54,87,83,40,9.34,3.6,4.53,3.23,/clubs/columbus-crew-9,teams/usa-columbus-crew.png,Columbus Crew,/clubs/philadelphia-union-16,teams/usa-philadelphia-union.png,Philadelphia Union,2.45,1.16,2.4,1.2,1.63,1.67,87,57,37,7,0,64,47,34,1.73,1.29,3.02,/usa/columbus-crew-vs-philadelphia-union-h2h-stats#4926379,8777,37,True,True,False,False,False,False,True,['72'],['50']
MLS,2023,8777,4926380,677446,2,2023,complete,96848,0,-1,['90+5'],['77'],1,1,2,7,1,8,0,3,6,2,0,0,1,3,8,5,9,8,17,11,65,35,13864,647,27505,,,6,2,1.67,4.0,4.6,1.02,1.2,1.65,2.75,4.75,15.0,4.33,2.1,1.45,1.17,1.7,2.15,2.5,1.48,5.25,1.13,1.18,1.18,2.25,2.2,2.4,4.75,2.0,2.8,4.5,0,0,1.52,1.92,2.48,3.3,4.1,2.3,1.77,1.44,1.24,1.17,1.75,7.5,2.53,1.55,10.0,2.75,3.0,8.0,1.3,2.45,5.5,17.0,3.4,1.52,1.12,1.02,1.18,1.9,3.75,8.5,4.5,1.87,1.25,1.05,0,0,0,0,2,0,0,1,1,2,0,1696120320,-1,0,55,17,42,0,-1,2,1,3,0,4,1,3,5,2,0,4,2,2,6,1,45,27,106,84,0.97,0.92,1.9,0,0,0,0,0,0,1,1,0,0,0,0,0,0,1,18,16,-1,-1,-1,-1,-1,-1,11,25,42,73,93,17,62,83,49,7.69,3.47,4.84,2.43,/clubs/club-internacional-de-futbol-miami-677446,teams/usa-club-internacional-de-futbol-miami.png,Inter Miami,/clubs/new-york-city-fc-2,teams/usa-new-york-city-fc.png,New York City,1.35,0.65,1.5,0.67,1.1,1.19,90,76,58,27,7,48,34,27,1.2,1.01,2.21,/usa/new-york-city-fc-vs-club-internacional-de-futbol-miami-h2h-stats#4926380,8777,34,True,True,False,False,False,False,True,['90+5'],['77']
MLS,2023,8777,4926381,11,711351,2023,complete,96848,0,-1,"['64', '85']",['84'],2,1,3,5,7,12,3,3,1,2,0,0,4,2,4,8,8,10,9,17,50,50,19912,36059,44668,,,1,2,1.53,4.33,5.5,1.02,1.17,1.65,2.32,4.2,17.0,5.0,2.3,1.6,1.22,1.55,2.4,3.0,1.33,5.5,1.11,1.22,1.18,2.1,2.25,2.5,4.33,2.1,2.85,4.0,0,0,1.25,1.48,2.0,2.3,3.0,3.25,2.38,1.8,1.5,1.29,1.63,7.5,2.7,1.57,10.0,2.63,3.45,8.0,1.28,2.3,5.0,13.0,3.75,1.57,1.15,1.01,1.15,1.75,3.4,7.5,5.0,2.0,1.28,1.07,0,0,0,0,3,0,0,2,1,3,0,1696116600,11,0,64,18,29,0,-1,2,1,2,3,3,4,5,7,1,2,0,0,3,0,1,54,47,109,98,1.19,1.12,2.31,0,0,0,0,0,0,1,1,0,0,0,1,0,0,1,3,8,-1,-1,-1,-1,-1,-1,7,43,68,86,100,54,79,90,57,9.5,3.08,4.14,3.11,/clubs/new-england-revolution-11,teams/usa-new-england-revolution.png,New England Revolution,/clubs/charlotte-fc-711351,teams/usa-charlotte-fc.png,Charlotte,2.22,0.94,2.43,0.93,1.69,1.14,93,57,33,14,0,54,43,40,1.43,0.92,2.35,/usa/new-england-revolution-vs-charlotte-fc-h2h-stats#4926381,8777,35,True,True,True,False,False,False,True,"['64', '85']",['84']
MLS,2023,8777,4926382,4,7,2023,complete,96848,0,-1,[],['64'],0,1,1,8,1,9,0,3,2,4,1,0,4,2,8,2,12,4,16,5,44,56,45125,43439,21081,,,3,4,1.83,3.6,4.2,1.03,1.22,1.78,2.95,5.5,13.0,4.0,2.1,1.4,1.15,1.75,2.05,2.37,1.51,5.0,1.14,1.18,1.2,2.15,2.3,2.3,4.75,2.05,2.7,4.5,0,0,1.36,1.66,2.08,2.7,3.6,2.7,2.06,1.64,1.37,1.21,1.5,8.0,3.15,1.5,10.0,2.9,2.8,8.0,1.35,2.6,6.0,19.0,3.2,1.47,1.11,1.02,1.2,1.95,4.0,9.0,4.33,1.8,1.22,1.04,0,0,0,0,1,0,0,0,1,1,0,1696116600,7,0,47,17,24,0,-1,2,1,4,0,4,1,4,5,0,1,3,3,1,6,1,50,27,131,87,1.41,0.6,2.02,0,0,0,0,0,0,1,1,0,0,0,0,0,0,1,4,5,-1,-1,-1,-1,-1,-1,7,20,57,70,90,30,64,77,50,9.54,3.4,5.4,2.47,/clubs/new-york-red-bulls-4,teams/usa-new-york-red-bulls.png,New York RB,/clubs/chicago-fire-7,teams/usa-chicago-fire.png,Chicago Fire,1.58,0.88,1.53,0.8,1.13,1.13,94,80,43,30,10,67,47,27,1.4,0.96,2.36,/usa/new-york-red-bulls-vs-chicago-fire-h2h-stats#4926382,8777,34,True,False,False,False,False,False,False,[],['64']
MLS,2023,8777,4926383,17,1,2023,complete,96848,0,-1,"['19', '50', '54']",[],3,0,3,3,3,6,2,1,2,3,0,0,6,1,5,4,11,5,8,12,57,43,65601,21031,36107,,,2,3,1.57,4.0,5.5,1.03,1.2,1.8,2.65,4.75,15.0,4.33,2.05,1.47,1.18,1.66,2.15,2.5,1.48,5.5,1.11,1.17,1.2,2.25,2.2,2.35,5.0,2.0,2.8,4.5,0,0,1.49,1.85,2.4,3.25,3.3,2.35,1.95,1.47,1.26,1.24,1.47,8.0,3.3,1.52,16.0,2.65,2.8,8.0,1.33,2.45,5.5,15.0,3.3,1.52,1.12,1.02,1.17,1.85,3.75,8.0,4.75,1.9,1.25,1.06,0,0,0,0,3,1,0,2,0,2,1,1696116600,17,0,44,10,23,0,-1,2,1,2,1,1,2,3,3,0,1,2,2,1,4,1,59,35,104,82,1.55,0.65,2.2,0,0,0,0,0,0,1,1,0,0,0,0,0,0,1,4,4,-1,-1,-1,-1,-1,-1,14,33,54,87,93,44,77,80,43,10.0,3.67,3.73,2.87,/clubs/orlando-city-sc-17,teams/usa-orlando-city-sc.png,Orlando City,/clubs/montreal-impact-1,teams/canada-montreal-impact.png,Montreal Impact,1.84,0.47,1.73,0.53,1.7,1.23,87,67,47,13,7,57,50,44,1.42,1.09,2.51,/usa/montreal-impact-vs-orlando-city-sc-h2h-stats#4926383,8777,34,True,True,True,False,False,False,False,"['19', '50', '54']",[]
MLS,2023,8777,4926384,19,8043,2023,complete,96848,0,-1,"['39', '44']","['28', '35', '72']",2,3,5,2,8,10,1,1,2,0,0,0,7,13,3,9,10,22,9,12,45,55,58,48693,40182,,,2,0,2.75,3.6,2.35,1.02,1.16,1.53,2.25,4.2,19.0,5.0,2.35,1.62,1.22,1.47,2.55,4.8,1.16,3.4,1.29,1.83,1.2,1.35,3.6,2.45,2.55,3.4,2.8,2.35,0,0,1.34,1.62,2.02,2.6,3.5,2.8,2.1,1.68,1.4,1.22,2.23,7.0,1.88,2.2,10.0,1.77,6.25,4.33,1.25,2.25,5.0,13.0,3.75,1.6,1.15,1.02,1.15,1.75,3.3,7.0,5.0,2.0,1.3,1.08,0,0,0,0,5,2,2,0,1,1,4,1696116600,8043,0,60,13,30,0,-1,2,1,0,5,2,3,5,5,0,0,2,0,0,2,1,33,77,84,121,1.37,2.85,4.22,0,0,0,0,0,0,1,1,0,0,0,0,0,0,1,3,3,-1,-1,-1,-1,-1,-1,10,30,50,74,90,37,63,80,54,8.73,3.54,4.34,2.6,/clubs/toronto-fc-19,teams/canada-toronto-fc.png,Toronto,/clubs/fc-cincinnati-8043,teams/usa-fc-cincinnati.png,FC Cincinnati,1.06,1.61,1.2,1.47,0.73,2.07,90,70,50,27,10,60,40,30,1.26,1.26,2.52,/usa/toronto-fc-vs-fc-cincinnati-h2h-stats#4926384,8777,34,True,True,True,True,True,False,True,"['39', '44']","['28', '35', '72']"
MLS,2023,8777,4926385,6,13,2023,complete,96848,0,-1,[],[],0,0,0,6,2,8,3,2,4,1,0,0,5,2,9,3,14,5,10,11,63,37,31,20,21189,,,4,1,2.05,3.4,3.5,1.03,1.2,1.75,2.71,4.9,13.0,3.84,1.95,1.38,1.13,1.67,2.1,2.7,1.4,4.75,1.15,1.24,1.29,1.96,2.4,2.3,4.33,2.1,2.66,4.0,0,0,1.43,1.78,2.28,3.0,4.1,2.5,1.9,1.53,1.3,1.17,1.57,7.5,2.9,1.53,14.0,2.63,3.3,7.5,1.33,2.63,6.5,19.0,3.25,1.44,1.11,1.02,1.18,1.83,3.75,10.0,4.5,1.83,1.25,1.06,0,0,0,0,0,0,0,0,0,0,0,1696120200,-1,0,50,24,23,0,-1,2,1,3,0,3,2,3,5,2,1,2,0,3,2,1,52,28,110,78,1.62,0.67,2.28,0,0,0,0,0,0,1,1,0,0,1,0,1,0,1,11,10,-1,-1,-1,-1,-1,-1,10,23,50,73,93,37,70,77,40,7.07,3.54,5.4,2.5,/clubs/houston-dynamo-6,teams/usa-houston-dynamo.png,Houston Dynamo,/clubs/fc-dallas-13,teams/usa-fc-dallas.png,FC Dallas,2.2,0.95,2.2,0.93,1.43,1.33,90,77,50,27,7,54,43,37,1.3,1.05,2.35,/usa/houston-dynamo-vs-fc-dallas-h2h-stats#4926385,8777,37,False,False,False,False,False,False,False,[],[]
MLS,2023,8777,4926386,1015,15,2023,complete,96848,0,-1,['56'],['82'],1,1,2,4,7,11,1,4,1,0,0,0,2,2,10,8,12,10,6,6,50,50,15,5,12956,,,1,0,2.0,3.5,3.6,1.02,1.2,1.6,2.32,4.75,15.0,4.33,2.2,1.6,1.17,1.57,2.25,2.9,1.36,5.0,1.13,1.22,1.2,2.0,2.38,2.4,4.33,2.05,2.75,4.0,0,0,1.09,1.24,1.44,1.73,2.14,5.75,3.35,2.48,1.96,1.66,1.55,8.5,2.88,1.5,12.0,2.6,3.55,7.0,1.3,2.38,6.0,17.0,3.4,1.53,1.13,1.03,1.17,1.8,3.5,8.0,5.0,1.91,1.29,1.08,0,0,0,0,2,0,0,1,1,2,0,1696120200,-1,0,67,17,37,0,-1,2,1,1,4,3,3,5,6,0,0,1,0,0,1,1,71,62,89,97,1.41,1.22,2.63,0,0,0,0,0,0,1,1,0,0,0,0,0,0,1,20,17,-1,-1,-1,-1,-1,-1,10,17,47,77,90,33,67,70,43,12.07,3.2,4.73,2.4,/clubs/minnesota-united-fc-1015,teams/usa-minnesota-united-fc.png,Minnesota United,/clubs/san-jose-earthquakes-15,teams/usa-san-jose-earthquakes.png,SJ Earthquakes,1.24,0.78,1.13,0.73,1.23,1.32,90,84,54,24,10,80,70,67,1.61,0.99,2.6,/usa/san-jose-earthquakes-vs-minnesota-united-fc-h2h-stats#4926386,8777,34,True,True,False,False,False,False,True,['56'],['82']
MLS,2023,8777,4926387,677447,18,2023,complete,96848,0,-1,[],[],0,0,0,6,5,11,1,1,3,0,0,0,1,4,2,7,3,11,7,6,55,45,11,24795,25,,,3,0,1.87,3.5,4.1,1.04,1.28,1.85,3.25,6.0,13.0,3.6,2.0,1.33,1.12,1.75,2.0,2.8,1.38,4.33,1.18,1.3,1.22,1.83,2.63,2.2,4.0,2.25,2.5,3.6,0,0,1.2,1.39,1.7,2.2,3.0,3.9,2.65,1.95,1.55,1.32,1.64,7.5,2.65,1.62,10.0,2.5,3.55,6.25,1.4,2.75,8.0,21.0,2.75,1.4,1.08,1.02,1.22,2.0,4.33,11.0,4.0,1.73,1.2,1.05,0,0,0,0,0,0,0,0,0,0,0,1696120200,-1,0,53,11,28,0,-1,2,1,5,3,1,2,8,3,1,0,2,0,1,2,1,46,56,114,102,0.61,1.38,2.0,0,0,0,0,0,0,1,1,0,0,2,0,0,0,1,26,10,-1,-1,-1,1,1,0,14,25,43,79,93,18,72,86,43,10.32,3.78,3.98,2.56,/clubs/nashville-sc-mls-677447,teams/usa-nashville-sc-mls.png,Nashville SC,/clubs/seattle-sounders-fc-18,teams/usa-seattle-sounders-fc.png,Seattle Sounders,1.72,1.44,2.08,1.47,1.52,1.5,87,75,58,21,8,69,58,47,1.43,1.09,2.52,/usa/seattle-sounders-fc-vs-nashville-sc-mls-h2h-stats#4926387,8777,36,False,False,False,False,False,False,False,[],[]
MLS,2023,8777,4926388,945555,8,2023,complete,96848,0,-1,"['73', '75', '80', '85']",['90+3'],4,1,5,7,4,11,0,2,2,0,0,0,8,7,7,6,15,13,6,13,47,53,7,36880,18,,,2,0,1.91,3.6,3.75,1.02,1.2,1.62,2.7,4.75,17.0,4.33,2.15,1.45,1.18,1.57,2.25,3.2,1.3,4.33,1.19,1.36,1.22,1.72,2.75,2.3,3.6,2.4,2.7,3.1,0,0,1.27,1.5,1.87,2.38,3.1,3.15,2.3,1.82,1.48,1.28,2.05,8.0,2.0,1.67,12.0,2.25,4.2,5.75,1.3,2.5,6.0,17.0,3.4,1.5,1.13,1.03,1.17,1.83,3.75,9.0,5.0,1.83,1.25,1.07,0,0,0,0,5,0,0,4,1,5,0,1696120200,945555,0,57,23,30,0,-1,2,1,3,1,4,3,4,7,1,0,1,0,1,1,1,44,52,81,92,1.82,1.69,3.51,0,0,0,0,0,0,1,1,0,0,1,1,0,0,1,14,21,-1,-1,-1,-1,-1,-1,10,34,67,80,90,60,74,77,47,11.26,2.66,4.26,2.97,/clubs/st-louis-city-sc-945555,teams/usa-st-louis-city-sc.png,St. Louis City,/clubs/sporting-kansas-city-8,teams/usa-sporting-kansas-city.png,Sporting KC,1.94,0.95,2.13,0.8,1.71,1.23,90,67,34,20,10,64,54,54,1.56,1.24,2.8,/usa/sporting-kansas-city-vs-st-louis-city-sc-h2h-stats#4926388,8777,36,True,True,True,True,True,False,True,"['73', '75', '80', '85']",['90+3']
MLS,2023,8777,4926389,12,698284,2023,complete,96848,0,-1,['41'],[],1,0,1,6,9,15,3,1,2,2,0,0,3,5,3,5,6,10,14,9,37,63,14023,12992,2339,,,2,2,2.38,3.5,2.8,1.04,1.28,1.8,3.1,6.0,12.0,3.6,2.05,1.36,1.12,1.67,2.1,3.0,1.34,4.0,1.21,1.38,1.25,1.66,2.88,2.25,3.6,2.5,2.55,3.2,0,0,1.18,1.33,1.58,2.0,2.45,4.0,2.85,2.18,1.8,1.45,1.71,8.0,2.45,1.67,10.0,2.25,4.0,5.5,1.36,2.63,7.0,19.0,3.0,1.44,1.1,1.02,1.2,1.91,4.0,10.0,4.33,1.8,1.22,1.06,0,0,0,0,1,1,0,0,0,0,1,1696123800,12,0,63,24,43,0,-1,2,1,4,4,2,5,8,7,1,0,1,2,1,3,1,47,86,59,98,0.93,1.6,2.53,0,0,0,0,0,0,1,1,0,0,0,1,0,0,1,12,24,-1,-1,-1,1,1,0,14,23,57,73,80,30,57,70,53,9.2,2.74,3.93,2.6,/clubs/colorado-rapids-12,teams/usa-colorado-rapids.png,Colorado Rapids,/clubs/austin-fc-698284,teams/usa-austin-fc.png,Austin,1.0,0.82,0.93,0.87,0.77,1.17,87,77,43,27,20,74,57,50,1.26,1.1,2.36,/usa/colorado-rapids-vs-austin-fc-h2h-stats#4926389,8777,34,True,False,False,False,False,False,False,['41'],[]
MLS,2023,8777,4926390,10,20,2023,complete,96848,0,-1,"['10', '43', '45+1']","['5', '38', '76']",3,3,6,4,6,10,4,1,2,1,0,0,5,4,3,6,8,10,14,15,52,48,13893,2,49380,,,2,1,1.97,3.85,3.2,1.03,1.17,1.7,2.25,4.2,13.0,4.75,2.1,1.62,1.22,1.5,2.5,3.1,1.31,4.8,1.15,1.33,1.2,1.83,2.5,2.4,3.75,2.2,2.8,3.4,0,0,1.26,1.49,1.85,2.33,3.05,3.2,2.35,1.84,1.5,1.29,1.68,7.5,2.55,1.57,19.0,2.3,3.75,6.5,1.29,2.25,5.5,15.0,3.5,1.57,1.14,1.03,1.14,1.73,3.4,8.0,5.5,2.0,1.3,1.08,0,0,0,0,6,3,2,0,1,1,5,1696127400,-1,0,66,22,42,0,-1,2,1,1,1,3,5,2,8,1,0,1,1,1,2,1,24,29,62,82,1.03,1.13,2.16,0,0,0,0,0,0,1,1,1,1,1,0,0,0,1,14,14,-1,-1,-1,1,0,1,24,42,66,77,83,45,62,80,62,10.97,1.78,4.48,3.01,/clubs/la-galaxy-10,teams/usa-la-galaxy.png,LA Galaxy,/clubs/portland-timbers-20,teams/usa-portland-timbers.png,Portland Timbers,1.41,0.76,1.57,0.8,1.17,1.35,77,59,35,24,17,66,59,49,1.67,1.03,2.7,/usa/la-galaxy-vs-portland-timbers-h2h-stats#4926390,8777,34,True,True,True,True,True,True,True,"['10', '43', '45+1']","['5', '38', '76']"
MLS,2023,8777,4926391,5,13401,2023,complete,96848,0,-1,"['2', '57']","['11', '62']",2,2,4,4,4,8,4,1,1,1,0,0,6,3,2,4,8,7,8,8,49,51,36,41087,38056,,,1,1,1.9,3.65,3.7,1.03,1.22,1.8,2.33,5.5,13.0,4.0,2.0,1.53,1.15,1.67,2.1,2.75,1.39,4.5,1.17,1.25,1.22,1.9,2.5,2.3,4.33,2.2,2.55,3.75,0,0,1.3,1.55,1.93,2.45,3.25,3.0,2.23,1.76,1.45,1.25,1.62,7.5,2.7,1.53,10.0,2.6,3.45,7.0,1.33,2.63,6.5,19.0,3.25,1.44,1.11,1.02,1.2,1.83,4.0,10.0,4.33,1.83,1.22,1.06,0,0,0,0,4,1,1,1,1,2,2,1696127400,-1,0,52,17,32,0,-1,2,1,2,1,2,3,3,5,0,0,1,1,0,2,1,32,28,86,79,1.17,0.86,2.03,1,0,1,0,0,0,1,1,1,0,0,0,0,0,1,19,18,-1,-1,-1,-1,-1,-1,22,32,49,70,87,38,63,73,52,11.41,3.99,4.26,2.71,/clubs/vancouver-whitecaps-fc-5,teams/canada-vancouver-whitecaps-fc.png,Vancouver Whitecaps,/clubs/dc-united-13401,teams/usa-dc-united.png,DC United,1.67,0.94,1.79,1.0,1.4,1.16,79,69,52,31,14,69,59,52,1.7,1.29,2.99,/usa/vancouver-whitecaps-fc-vs-dc-united-h2h-stats#4926391,8777,34,True,True,True,True,False,False,True,"['2', '57']","['11', '62']"
MLS,2023,8777,4926392,6490,14,2023,complete,96848,0,-1,[],['72'],0,1,1,9,1,10,1,0,5,3,0,0,7,4,8,2,15,6,11,14,68,32,13841,39588,8,,,5,3,1.61,4.2,4.75,1.02,1.16,1.57,2.38,3.7,14.0,4.75,2.2,1.57,1.23,1.62,2.2,2.7,1.4,6.25,1.1,1.18,1.22,2.25,2.05,2.5,5.0,1.8,2.85,4.75,0,0,1.2,1.31,1.57,1.98,2.6,3.7,3.0,2.2,1.7,1.4,1.64,8.5,2.76,1.36,20.0,3.0,3.0,8.5,1.25,2.25,5.5,15.0,3.75,1.57,1.14,1.03,1.14,1.73,3.4,8.0,5.5,2.0,1.3,1.08,0,0,0,0,1,0,0,0,1,1,0,1696204800,14,0,62,28,35,0,-1,2,1,4,0,5,1,4,6,1,0,4,3,1,7,1,80,36,146,81,2.02,0.93,2.95,0,0,0,0,0,0,1,1,0,0,0,0,0,0,1,21,8,-1,-1,-1,-1,-1,-1,14,35,69,83,93,42,87,73,59,11.5,3.64,4.34,2.97,/clubs/los-angeles-fc-6490,teams/usa-los-angeles-fc.png,Los Angeles FC,/clubs/real-salt-lake-14,teams/usa-real-salt-lake.png,Real Salt Lake,2.05,1.53,2.0,1.5,1.5,1.43,87,66,31,17,7,66,48,45,1.78,1.42,3.2,/usa/real-salt-lake-vs-los-angeles-fc-h2h-stats#4926392,8777,37,True,False,False,False,False,False,False,[],['72']
MLS,2023,8777,4926393,711351,19,2023,complete,96848,0,-1,"['8', '45+2', '56']",[],3,0,3,10,5,15,3,2,0,2,0,0,6,3,6,1,12,4,8,8,62,38,13891,44668,48693,,,0,2,1.38,5.0,7.0,1.04,1.23,1.68,2.1,5.1,15.5,4.2,2.07,1.67,1.17,1.75,2.0,2.3,1.53,6.5,1.09,1.19,1.24,2.2,2.2,2.38,5.0,1.91,2.75,4.5,0,0,1.32,1.58,2.05,2.75,4.0,3.0,2.15,1.65,1.37,1.2,1.38,9.0,3.85,1.44,15.0,3.0,2.75,9.5,1.33,2.5,6.5,19.0,3.25,1.5,1.11,1.02,1.18,1.83,3.75,10.0,4.5,1.83,1.25,1.06,0,0,0,0,3,2,0,1,0,1,2,1696462200,711351,0,50,14,34,0,-1,2,1,5,1,5,4,6,9,0,2,0,0,2,0,1,73,18,117,63,1.71,0.6,2.31,2,0,2,0,0,0,1,1,1,0,1,0,0,0,1,6,0,-1,-1,-1,-1,-1,-1,13,30,54,73,87,30,57,80,53,8.13,2.6,3.87,2.63,/clubs/charlotte-fc-711351,teams/usa-charlotte-fc.png,Charlotte,/clubs/toronto-fc-19,teams/canada-toronto-fc.png,Toronto,1.53,0.24,1.33,0.27,1.1,0.71,87,70,47,27,13,54,37,27,1.17,0.91,2.08,/usa/toronto-fc-vs-charlotte-fc-h2h-stats#4926393,8777,34,True,True,True,False,False,False,False,"['8', '45+2', '56']",[]
MLS,2023,8777,4926394,8043,4,2023,complete,96848,0,-1,['68'],"['12', '17']",1,2,3,0,5,5,1,1,6,3,1,0,2,5,5,7,7,12,13,18,68,32,11,40182,43439,,,7,3,1.85,3.75,3.8,1.03,1.22,1.75,2.8,5.0,15.0,4.2,1.95,1.44,1.16,1.62,2.2,2.65,1.4,4.5,1.17,1.18,1.2,2.2,2.4,2.3,4.33,2.1,2.7,3.75,0,0,1.26,1.49,2.0,2.5,3.5,3.4,2.35,1.8,1.44,1.25,1.55,8.0,2.95,1.53,15.0,2.6,2.75,9.5,1.33,2.5,6.5,19.0,3.25,1.5,1.11,1.02,1.18,1.83,3.75,10.0,4.5,1.83,1.25,1.06,0,0,0,0,3,0,2,1,0,1,2,1696462200,4,0,44,24,14,0,-1,2,1,0,1,0,4,1,4,1,0,6,3,1,9,1,28,66,107,106,0.8,1.59,2.39,1,0,1,0,0,0,1,1,0,0,0,1,0,0,1,4,8,-1,-1,-1,-1,-1,-1,10,20,47,60,94,27,73,77,34,8.8,2.8,5.2,2.4,/clubs/fc-cincinnati-8043,teams/usa-fc-cincinnati.png,FC Cincinnati,/clubs/new-york-red-bulls-4,teams/usa-new-york-red-bulls.png,New York RB,2.35,0.94,2.67,0.73,2.1,1.1,90,80,53,40,7,37,33,27,1.34,1.29,2.63,/usa/new-york-red-bulls-vs-fc-cincinnati-h2h-stats#4926394,8777,37,True,True,True,False,False,False,True,['68'],"['12', '17']"
MLS,2023,8777,4926395,11,9,2023,complete,96848,0,-1,['48'],"['20', '86']",1,2,3,2,4,6,2,3,1,4,0,0,3,5,7,5,10,10,12,11,47,53,57653,36059,39282,,,1,4,2.38,3.6,2.7,1.04,1.22,1.68,2.2,5.0,12.0,4.0,2.07,1.6,1.16,1.62,2.2,3.8,1.22,4.33,1.17,1.3,1.25,1.78,2.88,2.25,3.5,2.5,2.65,3.0,0,0,1.29,1.55,1.98,2.65,3.75,3.1,2.2,1.7,1.39,1.22,1.83,7.0,2.3,1.73,15.75,2.2,3.25,7.5,1.33,2.63,6.5,19.0,3.25,1.44,1.11,1.02,1.18,1.83,3.75,10.0,4.5,1.83,1.25,1.06,0,0,0,0,3,0,1,1,1,2,1,1696462200,9,0,74,27,44,0,14144,2,1,2,2,0,2,4,2,1,0,0,4,1,4,1,39,58,99,106,1.13,1.41,2.54,0,0,0,0,0,0,1,1,0,0,0,0,0,0,1,2,5,-1,-1,-1,-1,-1,-1,20,44,67,90,100,47,80,87,64,10.13,3.14,3.27,3.33,/clubs/new-england-revolution-11,teams/usa-new-england-revolution.png,New England Revolution,/clubs/columbus-crew-9,teams/usa-columbus-crew.png,Columbus Crew,2.22,1.15,2.47,0.87,1.73,1.61,80,57,34,10,0,47,47,40,1.42,1.29,2.71,/usa/columbus-crew-vs-new-england-revolution-h2h-stats#4926395,8777,36,True,True,True,False,False,False,True,['48'],"['20', '86']"
MLS,2023,8777,4926396,16,1016,2023,complete,96848,0,-1,"['39', '41', '45+3']","['56', '77']",3,2,5,2,6,8,2,3,4,1,0,0,6,7,6,5,12,12,11,11,40,60,58,12,40852,,,4,1,1.8,4.0,3.75,1.02,1.18,1.5,2.25,4.33,17.0,4.75,2.25,1.57,1.2,1.53,2.38,3.2,1.3,5.75,1.1,1.28,1.28,1.85,2.5,2.4,3.75,2.2,2.8,3.5,0,0,1.3,1.55,1.98,2.65,3.75,3.1,2.2,1.7,1.39,1.21,1.54,8.0,2.95,1.57,18.0,2.4,3.8,7.0,1.29,2.25,5.5,15.0,3.5,1.57,1.14,1.03,1.14,1.73,3.4,8.0,5.5,2.0,1.3,1.08,0,0,0,0,5,3,0,0,2,2,3,1696462200,16,0,60,24,34,0,-1,2,1,1,1,1,5,2,6,1,0,3,1,1,4,1,34,64,70,112,1.42,1.72,3.14,0,1,0,1,0,0,1,1,0,0,1,0,0,0,1,1,1,-1,-1,-1,-1,-1,-1,20,37,60,77,87,47,67,77,50,8.93,4.87,4.73,2.93,/clubs/philadelphia-union-16,teams/usa-philadelphia-union.png,Philadelphia Union,/clubs/atlanta-united-fc-1016,teams/usa-atlanta-united-fc.png,Atlanta United FC,2.17,0.89,2.13,1.07,1.65,1.58,80,64,40,23,14,57,47,34,1.38,1.18,2.56,/usa/philadelphia-union-vs-atlanta-united-fc-h2h-stats#4926396,8777,37,True,True,True,True,True,False,True,"['39', '41', '45+3']","['56', '77']"
MLS,2023,8777,4926397,698284,13401,2023,complete,96848,0,-1,"['11', '21', '64']",[],3,0,3,6,7,13,1,5,0,1,0,0,3,8,6,8,9,16,5,5,46,54,57,2339,38056,,,0,1,1.87,3.4,3.75,1.03,1.25,1.73,2.38,5.5,13.0,3.75,1.95,1.57,1.14,1.62,2.2,3.0,1.33,4.75,1.15,1.28,1.22,1.87,2.5,2.3,4.0,2.2,2.6,3.6,0,0,1.2,1.43,1.72,2.12,2.63,3.9,2.63,2.1,1.71,1.43,1.8,7.0,2.5,1.57,15.75,2.5,3.3,6.5,1.33,2.5,6.5,19.0,3.25,1.5,1.11,1.02,1.18,1.83,3.75,10.0,4.5,1.83,1.25,1.06,0,0,0,0,3,2,0,1,0,1,2,1696465800,698284,0,52,26,36,0,-1,2,1,4,5,2,2,9,4,0,0,0,1,0,1,1,41,82,55,121,1.07,2.16,3.23,0,0,0,0,0,0,1,1,0,0,1,1,0,0,1,16,19,-1,-1,-1,-1,-1,-1,10,26,59,68,87,46,59,78,45,10.72,3.86,4.31,2.52,/clubs/austin-fc-698284,teams/usa-austin-fc.png,Austin,/clubs/dc-united-13401,teams/usa-dc-united.png,DC United,1.47,0.94,1.47,1.0,1.13,1.16,91,75,42,33,13,72,62,56,1.42,1.27,2.69,/usa/dc-united-vs-austin-fc-h2h-stats#4926397,8777,34,True,True,True,False,False,False,False,"['11', '21', '64']",[]
MLS,2023,8777,4926398,7,677446,2023,complete,96848,0,-1,"['49', '62', '65', '73']",['53'],4,1,5,8,3,11,4,3,1,2,0,0,7,2,3,5,10,7,10,9,36,64,13893,21081,647,,,1,2,2.37,3.5,2.65,1.02,1.18,1.53,2.35,4.33,17.0,4.75,2.25,1.57,1.2,1.5,2.5,3.7,1.24,4.4,1.15,1.53,1.22,1.55,3.0,2.38,3.1,2.63,2.7,2.75,0,0,1.31,1.59,2.02,2.65,3.64,3.04,2.21,1.74,1.42,1.22,1.75,7.5,2.43,1.8,17.5,2.0,5.0,5.0,1.29,2.25,5.5,15.0,3.5,1.57,1.14,1.03,1.14,1.73,3.4,8.0,5.5,2.0,1.3,1.08,0,0,0,0,5,0,0,4,1,5,0,1696465800,7,0,57,17,44,0,-1,2,1,8,0,0,3,8,3,0,1,1,1,1,2,1,40,48,86,112,1.42,0.94,2.36,0,1,0,1,0,0,1,1,0,0,0,0,0,0,1,15,21,-1,-1,-1,-1,-1,-1,13,33,53,70,97,33,70,74,47,7.4,2.94,4.74,2.8,/clubs/chicago-fire-7,teams/usa-chicago-fire.png,Chicago Fire,/clubs/club-internacional-de-futbol-miami-677446,teams/usa-club-internacional-de-futbol-miami.png,Inter Miami,1.47,0.65,1.47,0.73,1.19,1.1,87,67,47,30,4,50,33,24,1.08,1.11,2.19,/usa/chicago-fire-vs-club-internacional-de-futbol-miami-h2h-stats#4926398,8777,34,True,True,True,True,True,False,True,"['49', '62', '65', '73']",['53']
MLS,2023,8777,4926399,13,12,2023,complete,96848,0,-1,['37'],['25'],1,1,2,9,1,10,3,1,1,2,0,0,3,6,7,4,10,10,8,13,67,33,42,21189,12992,,,1,2,1.4,5.0,8.0,1.02,1.22,1.62,2.8,5.0,15.0,4.2,2.21,1.44,1.16,1.7,2.05,2.4,1.47,5.0,1.13,1.18,1.18,2.2,2.25,2.3,4.75,2.0,2.75,4.33,0,0,1.32,1.58,2.05,2.75,3.9,3.0,2.15,1.65,1.37,1.2,1.5,7.5,3.2,1.44,14.75,2.88,2.88,8.5,1.33,2.5,6.5,19.0,3.25,1.5,1.11,1.02,1.18,1.83,3.75,10.0,4.5,1.83,1.25,1.06,0,0,0,0,2,1,1,0,0,0,2,1697329800,-1,0,54,22,25,0,16014,2,1,5,0,4,1,5,5,1,1,0,1,2,1,1,89,38,121,58,1.49,1.32,2.81,0,0,0,0,0,0,1,1,0,0,1,0,0,1,1,23,7,-1,-1,-1,-1,-1,-1,10,32,47,81,97,38,63,88,47,8.12,3.06,4.76,2.69,/clubs/fc-dallas-13,teams/usa-fc-dallas.png,FC Dallas,/clubs/colorado-rapids-12,teams/usa-colorado-rapids.png,Colorado Rapids,1.72,0.59,1.69,0.56,1.31,0.81,91,69,54,19,3,53,35,35,1.12,0.99,2.11,/usa/colorado-rapids-vs-fc-dallas-h2h-stats#4926399,8777,34,True,True,False,False,False,False,True,['37'],['25']
MLS,2023,8777,4926400,677447,17,2023,complete,96848,0,-1,[],['44'],0,1,1,4,0,4,2,0,5,1,1,0,0,1,4,1,4,2,14,10,43,57,13812,24795,21031,,,6,1,1.87,3.4,3.75,1.03,1.25,1.73,2.9,5.0,13.0,4.2,1.95,1.42,1.16,1.7,2.05,2.88,1.36,4.75,1.15,1.3,1.22,1.83,2.5,2.25,4.33,2.2,2.65,3.75,0,0,1.28,1.53,1.97,2.49,3.34,3.2,2.34,1.73,1.47,1.26,1.6,7.0,3.0,1.57,10.0,2.5,3.3,6.5,1.36,2.63,7.0,19.0,3.0,1.44,1.1,1.02,1.2,1.91,4.0,10.0,4.33,1.8,1.22,1.06,0,0,0,0,1,0,1,0,0,0,1,1696465800,17,0,52,10,31,0,-1,2,1,0,0,4,0,0,4,3,0,3,1,3,4,1,32,29,99,108,0.5,0.43,0.93,0,0,0,0,0,0,1,1,0,0,0,0,0,0,1,15,21,-1,-1,-1,-1,-1,-1,0,27,48,83,90,21,62,80,55,9.73,3.76,5.1,2.47,/clubs/nashville-sc-mls-677447,teams/usa-nashville-sc-mls.png,Nashville SC,/clubs/orlando-city-sc-17,teams/usa-orlando-city-sc.png,Orlando City,1.72,1.89,2.0,1.67,1.5,1.74,100,73,52,17,11,66,56,45,1.37,1.09,2.46,/usa/orlando-city-sc-vs-nashville-sc-mls-h2h-stats#4926400,8777,36,True,False,False,False,False,False,False,[],['44']
MLS,2023,8777,4926401,6490,1015,2023,complete,96848,0,-1,"['6', '36', '45+1', '46', '67']",['4'],5,1,6,8,2,10,0,1,0,1,0,0,14,2,12,4,26,6,10,5,59,41,5016,39588,5,,,0,1,1.53,3.9,5.8,1.03,1.25,1.73,2.32,5.5,13.0,3.75,1.95,1.6,1.14,1.91,1.91,2.63,1.43,6.0,1.09,1.12,1.18,2.55,2.1,2.3,6.0,1.83,2.8,5.0,0,0,1.2,1.39,1.7,2.2,3.0,3.9,2.65,1.95,1.55,1.32,1.46,8.5,3.35,1.36,10.25,3.4,2.4,10.0,1.33,2.63,7.0,19.0,3.25,1.44,1.1,1.02,1.2,1.91,4.0,11.0,4.33,1.8,1.22,1.05,0,0,0,0,6,3,1,2,0,2,4,1696473000,6490,0,49,26,26,0,-1,2,1,6,2,2,0,8,2,0,1,0,0,1,0,1,63,33,144,74,3.08,0.77,3.84,0,0,0,0,0,0,1,1,1,1,1,0,0,0,1,16,15,-1,-1,-1,-1,-1,-1,16,33,62,74,97,49,71,81,48,10.99,4.4,4.05,2.91,/clubs/los-angeles-fc-6490,teams/usa-los-angeles-fc.png,Los Angeles FC,/clubs/minnesota-united-fc-1015,teams/usa-minnesota-united-fc.png,Minnesota United,2.05,1.18,1.88,1.33,1.45,1.23,84,68,39,26,3,68,55,45,1.79,1.2,2.99,/usa/minnesota-united-fc-vs-los-angeles-fc-h2h-stats#4926401,8777,34,True,True,True,True,True,True,True,"['6', '36', '45+1', '46', '67']",['4']
MLS,2023,8777,4926402,18,10,2023,complete,96848,0,-1,"['9', '90+6']",['54'],2,1,3,10,1,11,0,1,0,1,0,0,4,1,7,3,11,4,12,9,56,44,13864,25,2,,,0,1,1.7,3.7,4.5,1.02,1.22,1.61,2.32,5.0,15.0,4.2,2.05,1.6,1.16,1.7,2.05,2.65,1.43,5.5,1.13,1.2,1.2,2.15,2.3,2.3,4.75,2.0,2.75,4.33,0,0,1.24,1.45,1.78,2.23,2.9,3.35,2.43,1.91,1.55,1.32,1.48,8.0,3.2,1.44,16.25,2.75,2.9,8.5,1.33,2.5,6.5,19.0,3.25,1.5,1.11,1.02,1.18,1.83,3.75,10.0,4.5,1.83,1.25,1.06,0,0,0,0,3,1,0,1,1,2,1,1696473000,18,0,40,20,24,0,-1,2,1,2,0,8,1,2,9,0,1,0,0,1,0,1,60,18,114,86,1.42,0.47,1.89,0,0,0,0,0,0,1,1,1,0,1,0,0,0,1,26,19,-1,-1,-1,1,1,0,17,30,47,67,80,37,60,70,47,12.07,3.6,4.27,2.5,/clubs/seattle-sounders-fc-18,teams/usa-seattle-sounders-fc.png,Seattle Sounders,/clubs/la-galaxy-10,teams/usa-la-galaxy.png,LA Galaxy,1.65,0.71,1.53,0.8,1.48,1.17,84,70,54,34,20,80,70,63,1.46,1.19,2.65,/usa/la-galaxy-vs-seattle-sounders-fc-h2h-stats#4926402,8777,34,True,True,True,False,False,False,True,"['9', '90+6']",['54']
MLS,2023,8777,4926403,5,945555,2023,complete,96848,0,-1,"['58', '82', '90+6']",[],3,0,3,9,2,11,1,3,1,1,0,0,7,2,7,2,14,4,8,15,55,45,84,41087,36880,,,1,1,1.67,3.9,4.5,1.02,1.22,1.72,2.15,5.0,15.0,4.2,2.1,1.57,1.16,1.62,2.2,3.0,1.34,5.0,1.14,1.36,1.22,1.75,2.5,2.38,4.0,2.2,2.65,3.6,0,0,1.23,1.44,1.83,2.35,3.2,3.6,2.5,1.98,1.5,1.28,1.56,8.0,2.9,1.57,16.5,2.4,3.8,6.0,1.3,2.5,6.0,17.0,3.4,1.5,1.13,1.03,1.17,1.83,3.75,9.0,5.0,1.83,1.25,1.07,0,0,0,0,3,0,0,3,0,3,0,1696473000,5,0,65,26,36,0,-1,2,1,3,0,6,2,3,8,0,1,1,0,1,1,1,62,31,110,83,1.83,0.63,2.45,0,0,0,0,0,0,1,1,0,0,2,0,0,0,1,19,17,-1,-1,-1,-1,-1,-1,20,33,61,84,97,36,65,84,65,11.18,2.88,4.68,3.08,/clubs/vancouver-whitecaps-fc-5,teams/canada-vancouver-whitecaps-fc.png,Vancouver Whitecaps,/clubs/st-louis-city-sc-945555,teams/usa-st-louis-city-sc.png,St. Louis City,1.67,1.17,1.73,1.31,1.39,1.75,81,68,39,17,4,68,55,49,1.66,1.19,2.85,/usa/vancouver-whitecaps-fc-vs-st-louis-city-sc-h2h-stats#4926403,8777,36,True,True,True,False,False,False,False,"['58', '82', '90+6']",[]
MLS,2023,8777,4926404,1016,9,2023,complete,96848,0,-1,['90+7'],['65'],1,1,2,3,12,15,0,3,0,0,0,0,4,6,5,9,9,15,4,8,50,50,31,40852,39282,,,0,0,1.67,4.2,4.33,1.03,1.17,1.53,2.12,4.0,18.75,4.5,2.29,1.71,1.22,1.51,2.48,3.8,1.22,5.0,1.13,1.37,1.22,1.69,2.65,2.45,3.58,2.44,2.73,3.23,0,0,1.29,1.58,1.94,2.4,3.75,3.1,2.33,1.86,1.55,1.22,1.95,8.0,2.1,1.67,19.0,2.2,3.95,6.5,1.29,2.2,4.5,10.0,3.5,1.62,1.17,1.04,1.2,1.8,3.5,7.0,4.33,1.91,1.29,1.08,0,0,0,0,2,0,0,1,1,2,0,1696721400,-1,0,78,28,47,0,-1,2,-1,1,8,2,4,9,6,0,0,0,0,0,0,1,50,77,99,98,1.22,1.92,3.14,0,0,0,0,0,0,1,1,0,0,0,2,-1,-1,1,2,6,-1,-1,-1,-1,-1,-1,28,50,72,94,100,38,91,91,75,10.44,3.07,4.38,3.66,/clubs/atlanta-united-fc-1016,teams/usa-atlanta-united-fc.png,Atlanta United FC,/clubs/columbus-crew-9,teams/usa-columbus-crew.png,Columbus Crew,2.06,1.15,2.06,1.0,1.53,1.66,72,50,29,6,0,47,32,28,1.55,1.3,2.85,/usa/columbus-crew-vs-atlanta-united-fc-h2h-stats#4926404,8777,37,True,True,False,False,False,False,True,['90+7'],['65']
MLS,2023,8777,4926405,13401,2,2023,complete,96848,0,-1,"['45', '62']",[],2,0,2,4,5,9,5,2,3,2,0,0,6,5,5,11,11,16,18,9,47,53,24,38056,27505,,,3,2,2.15,3.5,3.1,1.05,1.25,1.8,2.75,5.0,9.0,3.75,1.99,1.4,1.14,1.66,2.16,3.2,1.3,4.0,1.2,1.36,1.29,1.66,2.76,2.2,3.52,2.53,2.56,3.33,0,0,1.48,1.71,2.14,2.5,4.85,2.95,2.13,1.71,1.43,1.13,1.82,8.0,2.39,1.67,10.0,2.25,3.9,5.5,1.36,2.5,6.0,13.0,3.0,1.5,1.11,1.02,1.25,2.0,4.0,9.0,3.75,1.73,1.22,1.05,0,0,0,0,2,1,0,1,0,1,1,1696721400,13401,0,60,10,38,0,-1,2,1,2,2,2,3,4,5,1,0,2,2,1,4,1,40,56,88,117,1.41,1.77,3.18,0,0,0,0,0,0,1,1,0,0,1,0,0,0,1,9,3,-1,-1,-1,-1,-1,-1,10,26,47,82,94,19,63,88,54,8.13,3.38,4.13,2.66,/clubs/dc-united-13401,teams/usa-dc-united.png,DC United,/clubs/new-york-city-fc-2,teams/usa-new-york-city-fc.png,New York City,1.41,0.65,1.31,0.69,1.12,1.19,91,76,53,19,6,47,38,32,1.49,1.01,2.5,/usa/new-york-city-fc-vs-dc-united-h2h-stats#4926405,8777,34,True,True,False,False,False,False,False,"['45', '62']",[]
MLS,2023,8777,4926406,677446,8043,2023,complete,96848,0,-1,[],['78'],0,1,1,8,5,13,1,3,0,2,0,0,3,6,11,5,14,11,12,14,62,38,69,647,40182,,,0,2,1.75,4.0,4.0,1.03,1.2,1.58,2.25,4.33,11.0,4.33,2.33,1.62,1.2,1.55,2.38,3.0,1.33,4.75,1.15,1.22,1.25,2.0,2.22,2.38,4.17,2.12,2.6,3.94,0,0,1.32,1.61,2.05,2.72,3.65,2.98,2.17,1.72,1.4,1.22,2.0,7.5,2.1,1.66,16.0,2.34,3.9,6.5,1.3,2.3,5.0,11.0,3.4,1.57,1.14,1.03,1.2,1.85,3.75,7.5,4.33,1.85,1.25,1.07,0,0,0,0,1,0,0,0,1,1,0,1696721400,8043,0,65,20,42,0,-1,2,1,5,2,3,3,7,6,0,1,0,1,1,1,1,63,38,125,73,1.56,1.39,2.95,0,0,0,0,0,0,1,1,0,0,1,0,0,0,1,5,2,-1,-1,-1,-1,-1,-1,16,36,58,81,94,35,68,78,58,7.98,4.0,5.18,2.9,/clubs/club-internacional-de-futbol-miami-677446,teams/usa-club-internacional-de-futbol-miami.png,Inter Miami,/clubs/fc-cincinnati-8043,teams/usa-fc-cincinnati.png,FC Cincinnati,1.35,1.61,1.47,1.56,1.06,2.03,84,65,43,20,7,42,29,19,1.19,1.36,2.55,/usa/fc-cincinnati-vs-club-internacional-de-futbol-miami-h2h-stats#4926406,8777,34,True,False,False,False,False,False,False,[],['78']
MLS,2023,8777,4926407,1,20,2023,complete,96848,0,-1,"['28', '35', '64', '76']",['86'],4,1,5,4,4,8,3,4,0,1,0,0,8,5,5,6,13,11,10,10,43,57,19912,36107,49380,,,0,1,2.05,3.7,3.25,1.04,1.22,1.71,2.62,4.5,10.0,4.0,2.12,1.44,1.17,1.55,2.38,3.2,1.3,4.33,1.18,1.35,1.25,1.67,2.52,2.25,3.74,2.32,2.45,3.55,0,0,1.33,1.5,2.0,2.25,3.45,2.8,2.55,1.8,1.62,1.22,1.55,8.5,2.91,1.73,11.0,2.25,3.75,6.0,1.33,2.38,5.5,12.0,3.25,1.53,1.12,1.02,1.22,1.91,3.75,8.0,4.0,1.8,1.25,1.06,0,0,0,0,5,2,0,2,1,3,2,1696721400,1,0,44,7,32,0,-1,2,1,3,0,1,4,3,5,0,0,0,1,0,1,1,31,43,75,135,1.61,1.37,2.98,0,0,0,0,0,0,1,1,0,0,2,0,0,0,1,5,5,-1,-1,-1,-1,-1,-1,26,32,41,63,85,32,53,75,47,9.01,2.44,4.57,2.53,/clubs/montreal-impact-1,teams/canada-montreal-impact.png,Montreal Impact,/clubs/portland-timbers-20,teams/usa-portland-timbers.png,Portland Timbers,1.94,0.76,1.88,0.81,1.19,1.34,76,69,60,38,16,66,53,41,1.26,1.04,2.3,/usa/montreal-impact-vs-portland-timbers-h2h-stats#4926407,8777,34,True,True,True,True,True,False,True,"['28', '35', '64', '76']",['86']
MLS,2023,8777,4926408,4,19,2023,complete,96848,0,-1,"['45', '48', '65']",[],3,0,3,7,6,13,0,4,0,0,0,0,5,1,8,2,13,3,7,14,42,58,52041,43439,48693,,,0,0,1.44,4.4,6.5,1.04,1.22,1.66,2.3,4.5,10.0,4.0,2.2,1.6,1.17,1.75,2.03,2.1,1.65,5.75,1.1,1.1,1.2,2.6,1.93,2.38,5.78,1.82,2.6,5.72,0,0,1.3,1.53,1.88,2.38,2.9,3.2,2.47,1.93,1.57,1.36,1.19,11.0,6.09,1.33,11.0,3.25,2.4,11.0,1.3,2.38,5.0,12.0,3.4,1.53,1.14,1.02,1.22,2.0,4.0,8.0,4.0,1.73,1.22,1.06,0,0,0,0,3,1,0,2,0,2,1,1696721400,4,0,41,10,22,0,-1,2,-1,4,2,3,4,6,7,0,0,0,0,0,0,1,65,36,120,64,1.65,0.53,2.17,0,0,0,0,0,0,1,1,0,0,1,0,-1,-1,1,1,3,-1,-1,-1,-1,-1,-1,7,19,47,72,91,28,56,82,50,9.13,3.01,3.88,2.38,/clubs/new-york-red-bulls-4,teams/usa-new-york-red-bulls.png,New York RB,/clubs/toronto-fc-19,teams/canada-toronto-fc.png,Toronto,1.58,0.24,1.44,0.25,1.16,0.69,94,82,53,28,10,57,35,22,1.4,0.89,2.29,/usa/new-york-red-bulls-vs-toronto-fc-h2h-stats#4926408,8777,34,True,True,True,False,False,False,False,"['45', '48', '65']",[]
MLS,2023,8777,4926409,17,11,2023,complete,96848,0,-1,"['31', '37', '45']","['42', '90+3']",3,2,5,7,3,10,1,2,0,1,0,0,5,4,8,8,13,12,9,9,54,46,3,21031,36059,,,0,1,1.75,4.0,4.0,1.03,1.2,1.58,2.38,4.33,11.0,4.33,2.35,1.55,1.2,1.62,2.2,2.9,1.36,5.0,1.13,1.22,1.25,2.0,2.2,2.38,4.0,2.1,2.6,3.8,0,0,1.24,1.44,1.75,2.18,2.63,3.35,2.6,2.08,1.69,1.43,1.45,9.0,3.32,1.53,12.0,2.5,3.3,7.5,1.3,2.3,5.0,11.0,3.4,1.57,1.14,1.03,1.2,1.85,3.75,7.5,4.33,1.85,1.25,1.07,0,0,0,0,5,3,1,0,1,1,4,1696721400,17,0,58,13,32,0,24440,2,1,0,1,7,2,1,9,0,0,0,1,0,1,1,63,50,94,94,1.63,1.4,3.03,0,0,0,0,0,0,1,1,0,0,0,0,0,0,1,5,3,-1,-1,-1,-1,-1,-1,7,29,55,84,94,23,61,91,55,10.68,3.29,3.75,2.77,/clubs/orlando-city-sc-17,teams/usa-orlando-city-sc.png,Orlando City,/clubs/new-england-revolution-11,teams/usa-new-england-revolution.png,New England Revolution,1.84,0.83,1.81,1.0,1.78,1.68,94,71,45,17,7,72,65,52,1.43,1.08,2.51,/usa/new-england-revolution-vs-orlando-city-sc-h2h-stats#4926409,8777,36,True,True,True,True,True,False,True,"['31', '37', '45']","['42', '90+3']"
MLS,2023,8777,4926410,16,677447,2023,complete,96848,0,-1,[],[],0,0,0,8,2,10,3,3,2,2,0,0,5,1,3,3,8,4,16,16,53,47,7,12,24795,,,2,2,1.8,3.75,4.2,1.05,1.25,1.78,2.75,5.0,9.0,3.75,2.0,1.4,1.14,1.73,2.0,2.63,1.43,4.75,1.15,1.2,1.25,2.0,2.25,2.25,4.2,2.15,2.45,4.0,0,0,1.35,1.55,1.9,2.38,3.42,2.75,2.4,1.9,1.56,1.25,1.75,8.0,2.44,1.53,10.0,2.63,3.1,7.0,1.33,2.5,5.5,13.0,3.25,1.5,1.12,1.02,1.25,2.0,4.0,9.0,3.75,1.73,1.22,1.05,0,0,0,0,0,0,0,0,0,0,0,1696721400,-1,0,50,22,16,0,-1,2,1,3,1,5,1,4,6,1,1,1,1,2,2,1,42,40,117,70,1.18,0.62,1.79,0,0,0,0,0,0,1,1,0,0,1,0,0,0,1,1,5,-1,-1,-1,-1,-1,-1,16,26,51,69,85,41,66,72,41,9.19,5.69,4.25,2.47,/clubs/philadelphia-union-16,teams/usa-philadelphia-union.png,Philadelphia Union,/clubs/nashville-sc-mls-677447,teams/usa-nashville-sc-mls.png,Nashville SC,2.17,1.0,2.19,1.06,1.69,1.45,85,76,51,31,16,47,41,35,1.38,0.95,2.33,/usa/philadelphia-union-vs-nashville-sc-mls-h2h-stats#4926410,8777,36,False,False,False,False,False,False,False,[],[]
MLS,2023,8777,4926411,698284,6490,2023,complete,96848,0,-1,"['75', '90+4']","['13', '45+1', '54', '68']",2,4,6,6,2,8,1,0,2,0,0,0,3,7,4,9,7,16,18,11,54,46,13889,2339,39588,,,2,0,3.1,3.9,2.17,1.04,1.25,1.8,2.25,5.5,12.0,3.75,1.91,1.57,1.14,1.62,2.2,3.6,1.25,3.8,1.22,1.47,1.25,1.5,3.1,2.25,3.25,2.75,2.55,2.88,0,0,1.12,1.26,1.63,2.0,2.46,5.05,3.34,2.23,1.81,1.53,1.82,8.0,2.33,1.8,14.0,2.1,4.8,5.25,1.36,2.63,7.0,19.0,3.0,1.44,1.1,1.02,1.2,1.91,4.0,10.0,4.33,1.8,1.22,1.06,0,0,0,0,6,0,2,2,2,4,2,1696725000,6490,0,52,26,29,0,-1,2,1,0,2,6,0,2,6,0,0,2,0,0,2,1,42,44,118,93,0.97,1.82,2.79,0,1,0,1,0,0,1,1,0,0,0,0,0,0,1,14,12,-1,-1,-1,1,0,1,10,16,58,74,84,39,68,78,39,11.24,3.62,3.88,2.44,/clubs/austin-fc-698284,teams/usa-austin-fc.png,Austin,/clubs/los-angeles-fc-6490,teams/usa-los-angeles-fc.png,Los Angeles FC,1.47,1.25,1.56,1.0,1.19,1.5,91,84,42,26,17,74,64,58,1.4,1.28,2.68,/usa/los-angeles-fc-vs-austin-fc-h2h-stats#4926411,8777,34,True,True,True,True,True,True,True,"['75', '90+4']","['13', '45+1', '54', '68']"
MLS,2023,8777,4926412,7,711351,2023,complete,96848,0,-1,[],"['23', '58']",0,2,2,7,6,13,4,5,2,2,0,0,3,5,4,1,7,6,11,14,45,55,14001,21081,44668,,,2,2,2.16,3.9,3.1,1.03,1.19,1.7,2.64,4.75,13.0,3.92,2.05,1.4,1.13,1.62,2.2,3.2,1.3,4.5,1.17,1.27,1.26,1.87,2.5,2.3,4.0,2.23,2.66,3.72,0,0,1.32,1.54,1.98,2.34,3.45,2.88,2.43,1.83,1.58,1.23,2.1,8.0,1.91,1.65,14.5,2.4,3.7,6.5,1.33,2.5,6.5,19.0,3.25,1.5,1.11,1.02,1.18,1.83,3.75,10.0,4.5,1.83,1.25,1.06,0,0,0,0,2,0,1,0,1,1,1,1696725000,711351,0,65,13,36,0,-1,2,1,3,2,4,4,5,8,0,0,2,2,0,4,1,36,51,89,99,0.92,1.11,2.03,0,1,0,1,0,0,1,1,0,0,0,1,0,0,1,29,19,-1,-1,-1,-1,-1,-1,13,39,62,78,97,36,71,81,52,8.86,3.21,5.06,2.98,/clubs/chicago-fire-7,teams/usa-chicago-fire.png,Chicago Fire,/clubs/charlotte-fc-711351,teams/usa-charlotte-fc.png,Charlotte,1.47,0.94,1.56,0.87,1.25,1.16,87,62,39,22,3,58,39,33,1.1,0.93,2.03,/usa/chicago-fire-vs-charlotte-fc-h2h-stats#4926412,8777,34,True,True,False,False,False,False,False,[],"['23', '58']"
MLS,2023,8777,4926413,13,15,2023,complete,96848,0,-1,['57'],['3'],1,1,2,3,2,5,4,2,2,1,0,0,5,3,5,3,10,6,7,8,66,34,45125,21189,12956,,,2,1,1.99,3.7,3.7,1.04,1.25,1.8,3.0,5.5,12.0,3.75,1.91,1.38,1.14,1.67,2.1,2.7,1.4,4.75,1.15,1.25,1.25,1.9,2.5,2.25,4.0,2.2,2.85,3.6,0,0,1.21,1.42,1.98,2.17,2.88,3.74,2.65,1.83,1.68,1.34,2.05,8.0,2.0,1.57,10.25,2.5,3.3,7.0,1.36,2.63,7.0,19.0,3.0,1.44,1.1,1.02,1.2,1.91,4.0,10.0,4.33,1.8,1.22,1.06,0,0,0,0,2,0,1,1,0,1,1,1696725000,-1,0,65,26,36,0,-1,2,1,1,2,2,0,3,2,0,1,2,0,1,2,1,69,31,138,79,1.49,0.82,2.32,0,0,0,0,0,0,1,1,0,1,0,0,0,0,1,23,8,-1,-1,-1,-1,-1,-1,3,16,48,78,94,32,58,84,55,8.94,2.78,4.62,2.39,/clubs/fc-dallas-13,teams/usa-fc-dallas.png,FC Dallas,/clubs/san-jose-earthquakes-15,teams/usa-san-jose-earthquakes.png,SJ Earthquakes,1.72,0.78,1.73,0.75,1.32,1.31,97,84,52,23,7,64,48,45,1.09,1.0,2.09,/usa/fc-dallas-vs-san-jose-earthquakes-h2h-stats#4926413,8777,35,True,True,False,False,False,False,True,['57'],['3']
MLS,2023,8777,4926414,6,12,2023,complete,96848,0,-1,"['3', '8', '28', '41', '84']",['53'],5,1,6,3,3,6,1,1,1,3,0,0,10,1,2,7,12,8,11,9,66,34,45098,20,12992,,,1,3,1.42,4.9,7.0,1.02,1.2,1.62,2.6,4.75,15.0,4.5,2.2,1.47,1.18,1.8,1.95,2.2,1.6,6.5,1.08,1.09,1.16,2.85,1.91,2.5,6.5,1.62,3.0,6.5,0,0,1.2,1.41,1.85,2.14,2.84,3.84,2.69,1.95,1.69,1.35,1.59,8.5,2.78,1.3,16.25,3.75,2.4,13.0,1.3,2.38,6.0,17.0,3.4,1.53,1.13,1.03,1.17,1.8,3.5,9.0,5.0,1.91,1.29,1.07,0,0,0,0,6,4,0,1,1,2,4,1696725000,6,0,32,16,17,0,-1,2,1,2,2,1,1,4,2,0,0,1,3,0,4,1,53,49,98,74,1.84,0.93,2.78,0,0,0,0,0,0,1,1,2,0,1,0,0,0,1,14,17,-1,-1,-1,-1,-1,-1,16,39,52,75,91,39,65,84,39,8.51,3.28,5.68,2.72,/clubs/houston-dynamo-6,teams/usa-houston-dynamo.png,Houston Dynamo,/clubs/colorado-rapids-12,teams/usa-colorado-rapids.png,Colorado Rapids,2.2,0.59,2.13,0.6,1.41,0.84,84,61,49,26,10,58,49,43,1.32,0.99,2.31,/usa/houston-dynamo-vs-colorado-rapids-h2h-stats#4926414,8777,34,True,True,True,True,True,True,True,"['3', '8', '28', '41', '84']",['53']
MLS,2023,8777,4926415,1015,10,2023,complete,96848,0,-1,"['33', '45', '60', '67', '76']","['41', '82']",5,2,7,7,4,11,1,2,0,1,0,0,13,8,7,8,20,16,6,5,52,48,13841,50266,2,,,0,1,1.8,4.4,3.8,1.02,1.2,1.7,2.15,4.75,15.0,4.5,2.05,1.67,1.18,1.57,2.25,3.2,1.3,5.5,1.11,1.3,1.22,1.83,2.6,2.3,3.75,2.25,2.75,3.4,0,0,1.11,1.24,1.46,1.78,2.2,5.2,3.48,2.52,2.02,1.66,1.82,8.0,2.29,1.62,15.0,2.38,3.95,6.5,1.3,2.5,6.0,17.0,3.4,1.5,1.13,1.03,1.18,1.83,3.75,9.0,4.5,1.83,1.25,1.07,0,0,0,0,7,2,1,3,1,4,3,1696725000,1015,0,66,22,41,0,-1,2,1,6,1,1,3,7,4,0,0,0,1,0,1,1,50,48,101,96,2.53,1.92,4.45,0,0,0,0,0,0,1,1,0,0,2,0,0,0,1,15,9,-1,-1,-1,-1,-1,-1,22,29,47,81,88,38,66,72,54,12.0,3.5,4.06,2.75,/clubs/minnesota-united-fc-1015,teams/usa-minnesota-united-fc.png,Minnesota United,/clubs/la-galaxy-10,teams/usa-la-galaxy.png,LA Galaxy,1.24,0.71,1.13,0.75,1.19,1.13,79,72,54,19,13,82,69,66,1.6,1.14,2.74,/usa/la-galaxy-vs-minnesota-united-fc-h2h-stats#4926415,8777,34,True,True,True,True,True,True,True,"['33', '45', '60', '67', '76']","['41', '82']"
MLS,2023,8777,4926416,14,8,2023,complete,96848,0,-1,"['81', '89']","['4', '29', '77']",2,3,5,6,4,10,1,2,2,2,1,0,4,10,5,4,9,14,9,8,39,61,15,8,18,,,4,2,1.92,4.0,3.6,1.02,1.15,1.57,2.35,4.05,17.0,4.5,2.3,1.58,1.18,1.53,2.4,3.2,1.3,5.0,1.13,1.28,1.25,1.87,2.39,2.38,3.95,2.21,2.76,3.6,0,0,1.24,1.52,1.88,2.29,3.3,3.5,2.52,1.93,1.61,1.26,1.75,8.0,2.42,1.65,17.25,2.34,3.75,7.5,1.28,2.32,5.25,15.0,3.48,1.57,1.14,1.03,1.16,1.8,3.44,7.5,4.9,1.95,1.29,1.07,0,0,0,0,5,0,2,2,1,3,2,1696728600,8,0,57,19,22,0,21205,2,1,1,1,5,3,2,8,1,1,2,1,2,3,1,24,43,88,103,1.03,1.9,2.93,0,1,0,0,0,1,1,1,0,1,1,0,1,0,1,17,17,-1,-1,-1,-1,-1,-1,10,41,69,78,85,44,75,72,47,12.37,3.88,4.38,2.82,/clubs/real-salt-lake-14,teams/usa-real-salt-lake.png,Real Salt Lake,/clubs/sporting-kansas-city-8,teams/usa-sporting-kansas-city.png,Sporting KC,1.28,0.95,1.38,0.75,1.48,1.19,91,60,32,22,16,63,50,47,1.66,1.27,2.93,/usa/sporting-kansas-city-vs-real-salt-lake-h2h-stats#4926416,8777,37,True,True,True,True,True,False,True,"['81', '89']","['4', '29', '77']"
MLS,2023,8777,4926417,18,5,2023,complete,96848,0,-1,[],[],0,0,0,7,4,11,1,1,3,3,0,0,5,0,6,4,11,4,11,14,58,42,20,25,41087,,,3,3,2.06,3.5,3.7,1.02,1.2,1.62,2.6,4.5,15.0,4.5,2.2,1.5,1.2,1.53,2.38,3.2,1.3,4.75,1.15,1.36,1.22,1.75,2.63,2.38,3.6,2.38,2.7,3.2,0,0,1.17,1.36,1.66,2.04,2.64,4.2,2.89,2.2,1.76,1.4,1.75,8.0,2.52,1.62,16.0,2.3,4.0,6.5,1.3,2.5,6.0,17.0,3.4,1.5,1.13,1.03,1.17,1.8,3.5,9.0,5.0,1.91,1.29,1.07,0,0,0,0,0,0,0,0,0,0,0,1696732200,-1,0,56,16,29,0,-1,2,1,2,3,5,1,5,6,1,0,2,3,1,5,1,74,21,129,83,1.59,0.42,2.01,0,0,0,0,0,0,1,1,0,0,1,0,0,0,1,22,14,-1,-1,-1,-1,-1,-1,10,26,54,72,88,38,69,75,44,11.94,3.57,3.81,2.47,/clubs/seattle-sounders-fc-18,teams/usa-seattle-sounders-fc.png,Seattle Sounders,/clubs/vancouver-whitecaps-fc-5,teams/canada-vancouver-whitecaps-fc.png,Vancouver Whitecaps,1.65,1.0,1.63,1.06,1.53,1.44,91,76,47,29,13,76,66,63,1.45,1.21,2.66,/usa/vancouver-whitecaps-fc-vs-seattle-sounders-fc-h2h-stats#4926417,8777,36,False,False,False,False,False,False,False,[],[]
MLS,2023,8777,4926418,711351,677446,2023,complete,96848,0,-1,['13'],[],1,0,1,4,4,8,0,7,4,2,0,0,4,3,3,4,7,7,13,8,40,60,5016,44668,647,,,4,2,1.8,3.75,4.2,1.03,1.18,1.64,2.35,4.18,17.75,5.0,2.23,1.57,1.23,1.58,2.35,3.8,1.23,5.0,1.14,1.22,1.27,2.05,2.15,2.4,4.4,1.95,2.8,4.1,0,0,1.45,1.8,2.28,3.0,3.75,2.45,1.89,1.52,1.3,1.2,1.49,8.0,3.2,1.52,18.0,2.5,3.5,8.0,1.27,2.25,4.8,17.0,3.5,1.58,1.15,1.03,1.13,1.7,3.1,8.0,4.4,1.9,1.27,1.06,0,0,0,0,1,1,0,0,0,0,1,1697925600,711351,0,60,16,44,0,-1,2,1,3,1,1,3,4,4,2,1,2,1,3,3,1,45,30,125,95,1.07,0.88,1.95,0,0,0,0,0,0,1,1,0,0,1,0,1,0,1,17,21,-1,-1,-1,-1,-1,-1,16,35,60,75,94,35,63,78,53,9.13,2.51,4.75,2.88,/clubs/charlotte-fc-711351,teams/usa-charlotte-fc.png,Charlotte,/clubs/club-internacional-de-futbol-miami-677446,teams/usa-club-internacional-de-futbol-miami.png,Inter Miami,1.53,0.65,1.44,0.69,1.21,1.03,85,66,41,25,7,57,41,31,1.21,1.1,2.31,/usa/club-internacional-de-futbol-miami-vs-charlotte-fc-h2h-stats#4926418,8777,34,True,False,False,False,False,False,False,['13'],[]
MLS,2023,8777,4926419,8043,1016,2023,complete,96848,0,-1,"['25', '45+2']","['12', '32']",2,2,4,7,5,12,0,3,1,2,0,1,3,5,8,3,11,8,11,12,56,44,13893,40182,40852,,,1,3,1.67,4.5,4.33,1.0,1.11,1.4,2.0,3.2,12.0,5.5,2.82,1.8,1.3,1.44,2.63,3.3,1.28,6.5,1.09,1.25,1.22,2.1,2.25,2.6,4.0,2.0,3.0,3.75,0,0,1.25,1.47,1.93,2.4,3.3,3.5,2.4,1.88,1.47,1.26,1.57,8.0,2.8,1.5,21.0,2.5,4.0,8.5,1.22,2.1,4.5,11.0,4.0,1.67,1.18,1.05,1.13,1.62,2.75,6.0,6.0,2.2,1.4,1.13,0,0,0,0,4,2,2,0,0,0,4,1697925600,-1,0,57,22,32,0,-1,2,1,1,4,5,1,5,6,0,1,1,2,1,3,1,58,40,113,86,1.33,1.15,2.48,0,0,0,0,0,0,1,1,0,0,0,1,0,0,1,9,11,-1,-1,-1,-1,-1,-1,13,32,66,79,97,41,75,88,50,8.94,2.81,5.0,2.94,/clubs/fc-cincinnati-8043,teams/usa-fc-cincinnati.png,FC Cincinnati,/clubs/atlanta-united-fc-1016,teams/usa-atlanta-united-fc.png,Atlanta United FC,2.35,0.89,2.5,1.0,2.06,1.52,88,69,35,22,3,51,41,28,1.3,1.21,2.51,/usa/atlanta-united-fc-vs-fc-cincinnati-h2h-stats#4926419,8777,37,True,True,True,True,False,False,True,"['25', '45+2']","['12', '32']"
MLS,2023,8777,4926420,12,14,2023,complete,96848,0,-1,[],['74'],0,1,1,8,4,12,1,3,1,1,0,0,5,5,11,1,16,6,8,10,45,55,13841,12992,8,,,1,1,2.4,3.75,2.6,1.03,1.17,1.53,2.25,4.2,19.25,4.73,2.38,1.53,1.22,1.5,2.5,4.2,1.2,3.9,1.21,1.55,1.22,1.48,3.1,2.38,3.0,2.75,2.75,2.63,0,0,1.24,1.46,1.85,2.4,3.3,3.5,2.4,1.95,1.47,1.26,1.98,7.5,2.08,2.0,14.0,1.8,5.5,5.25,1.29,2.25,5.5,15.0,3.5,1.57,1.14,1.03,1.14,1.73,3.4,8.0,5.5,2.0,1.3,1.08,0,0,0,0,1,0,0,0,1,1,0,1697936400,14,0,60,25,28,0,-1,2,1,4,1,4,3,5,7,1,1,0,0,2,0,1,47,35,75,99,1.69,1.0,2.69,0,0,0,0,0,0,1,1,0,0,2,0,0,0,-1,-1,-1,-1,-1,-1,-1,-1,-1,6,22,57,66,79,32,63,66,41,9.75,2.75,4.51,2.28,/clubs/colorado-rapids-12,teams/usa-colorado-rapids.png,Colorado Rapids,/clubs/real-salt-lake-14,teams/usa-real-salt-lake.png,Real Salt Lake,1.0,1.53,1.06,1.56,0.82,1.42,94,79,44,35,22,69,50,44,1.24,1.4,2.64,/usa/colorado-rapids-vs-real-salt-lake-h2h-stats#4926420,8777,34,True,False,False,False,False,False,False,[],['74']
MLS,2023,8777,4926421,9,1,2023,complete,96848,0,-1,"['17', '50']",['7'],2,1,3,5,5,10,2,3,0,1,0,0,5,2,7,4,12,6,12,9,62,38,36,39282,36107,,,0,1,1.35,5.5,7.5,1.01,1.12,1.41,2.0,3.4,27.5,6.0,2.78,1.8,1.3,1.57,2.25,2.5,1.46,8.5,1.06,1.11,1.14,2.85,1.91,2.75,5.5,1.67,3.25,5.5,0,0,1.25,1.47,1.95,2.4,3.4,3.5,2.4,1.85,1.47,1.26,1.36,8.5,3.95,1.3,27.0,3.4,2.95,9.0,1.22,2.0,4.33,11.0,4.0,1.73,1.2,1.05,1.13,1.62,2.75,6.0,6.0,2.2,1.4,1.13,0,0,0,0,3,1,1,1,0,1,2,1697925600,9,0,41,16,26,0,-1,2,1,4,1,1,4,5,5,0,1,0,0,1,0,1,47,36,126,61,1.46,0.78,2.24,0,0,0,0,0,0,1,1,0,1,1,0,0,0,1,16,7,-1,-1,-1,-1,-1,-1,19,31,60,94,97,63,85,72,44,9.5,3.5,3.69,3.1,/clubs/columbus-crew-9,teams/usa-columbus-crew.png,Columbus Crew,/clubs/montreal-impact-1,teams/canada-montreal-impact.png,Montreal Impact,2.45,0.47,2.31,0.5,1.64,1.24,81,69,41,7,3,57,41,32,1.78,1.06,2.84,/usa/montreal-impact-vs-columbus-crew-h2h-stats#4926421,8777,34,True,True,True,False,False,False,True,"['17', '50']",['7']
MLS,2023,8777,4926422,8,1015,2023,complete,96848,0,-1,"['28', '31', '78']",['82'],3,1,4,5,1,6,1,3,1,3,0,0,3,3,6,2,9,5,10,18,51,49,31,18,50266,,,1,3,1.95,4.0,3.3,1.02,1.14,1.43,2.05,3.45,24.0,5.5,2.7,1.61,1.3,1.44,2.63,3.4,1.27,5.5,1.11,1.29,1.2,1.91,2.38,2.5,3.75,2.1,2.85,3.5,0,0,1.23,1.44,1.83,2.2,2.85,3.45,2.48,1.98,1.56,1.33,1.64,7.5,2.65,1.53,21.0,2.38,4.2,8.0,1.25,2.1,4.5,13.0,3.75,1.67,1.18,1.04,1.13,1.62,3.0,6.5,6.0,2.2,1.36,1.11,0,0,0,0,4,2,0,1,1,2,2,1697936400,8,0,50,28,13,0,-1,2,1,5,1,0,0,6,0,0,0,1,3,0,4,1,57,29,106,111,1.2,0.76,1.96,0,0,0,0,0,0,1,1,0,0,1,0,0,0,-1,-1,-1,-1,-1,-1,-1,-1,-1,19,28,69,78,97,60,72,85,44,9.5,3.69,3.44,3.0,/clubs/sporting-kansas-city-8,teams/usa-sporting-kansas-city.png,Sporting KC,/clubs/minnesota-united-fc-1015,teams/usa-minnesota-united-fc.png,Minnesota United,1.74,1.18,1.63,1.25,1.24,1.24,81,72,32,22,3,66,50,35,1.5,1.18,2.68,/usa/sporting-kansas-city-vs-minnesota-united-fc-h2h-stats#4926422,8777,34,True,True,True,True,False,False,True,"['28', '31', '78']",['82']
MLS,2023,8777,4926423,10,13,2023,complete,96848,0,-1,['24'],"['3', '13', '30', '45+2']",1,4,5,4,3,7,0,1,4,1,0,0,5,6,7,2,12,8,15,16,65,35,13864,2,21189,,,4,1,2.1,3.9,3.0,1.03,1.17,1.53,2.38,3.85,19.25,4.65,2.25,1.55,1.22,1.5,2.5,3.8,1.22,4.0,1.2,1.45,1.28,1.6,2.88,2.38,3.2,2.6,2.8,2.75,0,0,1.25,1.48,1.9,2.32,3.0,3.25,2.38,1.9,1.5,1.29,1.83,7.5,2.28,1.73,19.0,2.05,4.6,5.8,1.29,2.25,5.5,15.0,3.5,1.57,1.14,1.03,1.14,1.73,3.4,8.0,5.5,2.0,1.3,1.08,0,0,0,0,5,1,4,0,0,0,5,1697936400,13,0,69,35,31,0,-1,2,1,3,2,1,1,5,2,2,0,2,1,2,3,1,66,28,123,71,1.59,1.13,2.73,0,0,0,0,0,0,1,1,0,1,0,0,0,0,-1,-1,-1,-1,-1,-1,-1,-1,-1,10,32,60,79,91,44,72,72,47,10.06,2.82,4.75,2.79,/clubs/la-galaxy-10,teams/usa-la-galaxy.png,LA Galaxy,/clubs/fc-dallas-13,teams/usa-fc-dallas.png,FC Dallas,1.41,0.95,1.5,0.94,1.09,1.3,91,69,41,22,10,57,50,41,1.61,1.03,2.64,/usa/la-galaxy-vs-fc-dallas-h2h-stats#4926423,8777,34,True,True,True,True,True,False,True,['24'],"['3', '13', '30', '45+2']"
MLS,2023,8777,4926424,677447,4,2023,complete,96848,0,-1,[],['90+4'],0,1,1,2,1,3,2,3,1,4,0,0,4,5,2,6,6,11,10,16,57,43,19912,24795,43439,,,1,4,2.0,3.85,3.35,1.04,1.2,1.76,2.25,4.75,10.0,4.33,2.04,1.62,1.15,1.57,2.3,3.6,1.24,3.6,1.25,1.53,1.28,1.46,3.1,2.2,2.88,2.88,2.4,2.75,0,0,1.29,1.55,1.98,2.65,3.75,3.1,2.2,1.7,1.39,1.22,1.98,7.5,2.1,2.0,14.25,1.92,4.8,4.6,1.36,2.57,6.05,19.0,3.24,1.54,1.11,1.01,1.22,1.91,3.75,8.0,4.0,1.8,1.25,1.06,0,0,0,0,1,0,0,0,1,1,0,1697925600,4,0,47,13,13,0,-1,2,1,0,1,2,0,1,2,1,3,0,1,4,1,1,37,58,108,113,0.94,1.47,2.42,0,1,0,1,0,0,1,1,0,0,0,0,0,0,1,22,18,-1,-1,-1,-1,-1,-1,10,22,35,66,88,22,75,72,32,10.19,3.94,5.57,2.28,/clubs/nashville-sc-mls-677447,teams/usa-nashville-sc-mls.png,Nashville SC,/clubs/new-york-red-bulls-4,teams/usa-new-york-red-bulls.png,New York RB,1.72,0.94,1.94,0.88,1.48,1.21,91,78,66,35,13,53,50,38,1.37,1.31,2.68,/usa/new-york-red-bulls-vs-nashville-sc-mls-h2h-stats#4926424,8777,36,True,False,False,False,False,False,False,[],['90+4']
MLS,2023,8777,4926425,11,16,2023,complete,96848,0,-1,"['25', '41']",['16'],2,1,3,2,3,5,2,5,0,4,0,0,5,3,4,7,9,10,3,12,52,48,45098,36059,12,,,0,4,1.67,4.33,4.5,1.01,1.11,1.46,2.0,3.42,11.0,5.2,2.6,1.8,1.25,1.44,2.66,3.5,1.26,5.5,1.13,1.32,1.24,1.8,2.46,2.46,3.7,2.25,2.88,3.32,0,0,1.24,1.46,1.95,2.4,3.3,3.5,2.4,1.85,1.47,1.26,1.7,7.5,2.5,1.69,22.0,2.2,4.2,7.5,1.25,2.15,4.7,9.0,3.72,1.66,1.17,1.05,1.13,1.69,3.1,6.0,5.45,2.1,1.34,1.11,0,0,0,0,3,2,1,0,0,0,3,1697925600,11,0,69,28,38,0,-1,2,1,0,0,2,3,0,5,0,3,0,1,3,1,1,61,39,97,122,1.36,1.14,2.5,1,0,1,0,0,0,1,1,0,0,0,0,0,1,1,14,12,-1,-1,-1,-1,-1,-1,6,44,69,88,100,47,78,91,51,9.25,3.88,4.19,3.1,/clubs/new-england-revolution-11,teams/usa-new-england-revolution.png,New England Revolution,/clubs/philadelphia-union-16,teams/usa-philadelphia-union.png,Philadelphia Union,2.22,1.16,2.31,1.19,1.58,1.67,94,57,32,13,0,60,53,47,1.4,1.27,2.67,/usa/new-england-revolution-vs-philadelphia-union-h2h-stats#4926425,8777,36,True,True,True,False,False,False,True,"['25', '41']",['16']
MLS,2023,8777,4926426,2,7,2023,complete,96848,0,-1,['64'],[],1,0,1,6,8,14,1,3,3,0,0,0,4,4,7,9,11,13,13,11,50,50,3,27505,21081,,,3,0,1.53,4.33,5.5,1.03,1.22,1.6,3.0,5.5,13.0,4.0,2.3,1.4,1.14,1.75,2.0,2.4,1.5,5.0,1.13,1.18,1.2,2.2,2.25,2.3,5.0,1.95,2.7,4.5,0,0,1.25,1.47,1.95,2.4,3.4,3.5,2.4,1.85,1.47,1.26,1.49,8.0,3.15,1.44,10.5,2.88,3.0,7.0,1.33,2.63,6.5,19.0,3.25,1.44,1.11,1.02,1.2,1.91,4.0,10.0,4.33,1.8,1.22,1.06,0,0,0,0,1,0,0,1,0,1,0,1697925600,2,0,47,13,32,0,-1,2,1,4,2,2,6,6,8,0,0,3,0,0,3,1,48,49,120,80,1.33,1.45,2.79,0,0,0,0,0,0,1,1,0,0,1,0,0,0,1,15,24,-1,-1,-1,-1,-1,-1,10,25,51,72,88,31,63,78,44,7.56,4.63,5.62,2.47,/clubs/new-york-city-fc-2,teams/usa-new-york-city-fc.png,New York City,/clubs/chicago-fire-7,teams/usa-chicago-fire.png,Chicago Fire,1.76,0.88,1.69,0.94,1.15,1.21,91,75,51,29,13,66,47,32,1.47,0.94,2.41,/usa/new-york-city-fc-vs-chicago-fire-h2h-stats#4926426,8777,34,True,False,False,False,False,False,False,['64'],[]
MLS,2023,8777,4926427,20,6,2023,complete,96848,0,-1,['80'],"['11', '48', '71']",1,3,4,11,3,14,0,4,2,4,0,0,6,6,4,2,10,8,11,12,46,54,69,49380,20,,,2,4,2.2,3.75,2.9,1.03,1.18,1.57,2.5,4.33,12.5,4.75,2.2,1.52,1.2,1.53,2.38,3.3,1.33,4.75,1.15,1.37,1.27,1.66,2.6,2.38,3.6,2.3,2.75,3.25,0,0,1.26,1.49,1.95,2.35,3.05,3.25,2.35,1.85,1.49,1.29,1.78,7.5,2.38,1.62,13.0,2.3,3.9,6.25,1.29,2.38,5.5,15.0,3.5,1.53,1.14,1.03,1.17,1.8,3.5,8.0,5.0,1.91,1.29,1.08,0,0,0,0,4,0,1,1,2,3,1,1697936400,6,0,57,28,26,0,-1,2,1,6,2,5,1,8,6,0,3,2,1,3,3,1,73,46,115,80,1.59,1.26,2.85,0,0,0,0,0,0,1,1,0,0,2,0,0,0,-1,-1,-1,-1,-1,-1,-1,-1,-1,16,22,57,72,91,38,75,75,35,8.13,2.62,5.81,2.66,/clubs/portland-timbers-20,teams/usa-portland-timbers.png,Portland Timbers,/clubs/houston-dynamo-6,teams/usa-houston-dynamo.png,Houston Dynamo,1.76,0.79,1.88,0.69,1.3,1.45,85,79,44,28,10,63,53,32,1.45,1.12,2.57,/usa/houston-dynamo-vs-portland-timbers-h2h-stats#4926427,8777,34,True,True,True,True,False,False,True,['80'],"['11', '48', '71']"
MLS,2023,8777,4926428,15,698284,2023,complete,96848,0,-1,['17'],['32'],1,1,2,15,3,18,3,0,2,1,0,0,7,1,10,2,17,3,5,6,49,51,13812,12956,2339,,,2,1,1.57,4.5,5.0,1.02,1.13,1.43,2.05,3.3,15.5,5.25,2.7,1.61,1.28,1.53,2.38,2.85,1.37,7.0,1.09,1.17,1.16,2.4,2.05,2.6,4.75,1.8,3.1,4.33,0,0,1.19,1.34,1.6,1.98,2.5,3.95,2.8,2.14,1.71,1.43,1.47,8.5,3.25,1.4,23.0,2.88,3.25,11.0,1.22,2.1,4.5,13.0,4.0,1.67,1.18,1.04,1.13,1.62,3.0,6.5,6.0,2.2,1.36,1.11,0,0,0,0,2,1,1,0,0,0,2,1697936400,-1,0,69,35,38,0,-1,2,1,4,3,11,0,7,11,1,0,1,1,1,2,1,87,33,105,73,2.18,0.51,2.69,0,0,0,0,0,0,1,1,0,0,1,1,0,0,-1,-1,-1,-1,-1,-1,-1,-1,-1,13,22,60,85,94,44,72,78,54,10.56,3.5,3.56,2.85,/clubs/san-jose-earthquakes-15,teams/usa-san-jose-earthquakes.png,SJ Earthquakes,/clubs/austin-fc-698284,teams/usa-austin-fc.png,Austin,1.82,0.82,1.88,0.81,1.3,1.15,88,79,41,16,7,72,57,50,1.39,1.14,2.53,/usa/san-jose-earthquakes-vs-austin-fc-h2h-stats#4926428,8777,34,True,True,False,False,False,False,True,['17'],['32']
MLS,2023,8777,4926429,945555,18,2023,complete,96848,0,-1,[],"['23', '38']",0,2,2,7,7,14,2,1,1,6,0,0,5,5,9,5,14,10,10,17,52,48,57,36880,25,,,1,6,2.2,3.6,3.0,1.03,1.25,1.67,3.0,5.5,13.0,3.75,2.0,1.38,1.14,1.62,2.2,3.3,1.28,3.8,1.23,1.45,1.25,1.57,3.0,2.25,3.4,2.6,2.6,2.88,0,0,1.2,1.39,1.7,2.2,3.0,3.9,2.65,1.95,1.57,1.32,1.78,7.5,2.35,1.8,11.0,2.1,4.5,5.0,1.33,2.63,7.0,19.0,3.25,1.44,1.1,1.02,1.2,1.91,4.0,10.0,4.33,1.8,1.22,1.06,0,0,0,0,2,0,2,0,0,0,2,1697936400,18,0,56,13,38,0,-1,2,1,5,4,2,3,9,5,0,2,1,4,2,5,1,48,49,109,95,1.59,1.34,2.93,0,0,0,0,0,0,1,1,0,0,2,3,0,0,-1,-1,-1,-1,-1,-1,-1,-1,-1,22,35,60,79,91,38,63,85,51,9.88,2.82,3.63,3.03,/clubs/st-louis-city-sc-945555,teams/usa-st-louis-city-sc.png,St. Louis City,/clubs/seattle-sounders-fc-18,teams/usa-seattle-sounders-fc.png,Seattle Sounders,1.94,1.44,2.19,1.44,1.7,1.52,78,66,41,22,10,63,57,54,1.58,1.1,2.68,/usa/seattle-sounders-fc-vs-st-louis-city-sc-h2h-stats#4926429,8777,36,True,True,False,False,False,False,False,[],"['23', '38']"
MLS,2023,8777,4926430,19,17,2023,complete,96848,0,-1,[],"['63', '74']",0,2,2,5,1,6,6,1,0,0,0,0,3,3,4,0,7,3,10,10,59,41,49933,10856,21031,,,0,0,3.1,3.6,2.2,1.02,1.14,1.45,2.15,3.75,14.5,5.5,2.63,1.67,1.25,1.44,2.63,5.5,1.13,3.5,1.26,1.87,1.2,1.33,3.75,2.5,2.5,3.4,2.7,2.2,0,0,1.3,1.55,1.98,2.65,3.75,3.1,2.2,1.7,1.39,1.21,2.28,7.5,1.84,2.3,15.0,1.57,7.0,4.5,1.25,2.2,5.0,13.0,3.75,1.62,1.17,1.04,1.13,1.67,3.25,7.0,6.0,2.1,1.33,1.1,0,0,0,0,2,0,0,0,2,2,0,1697926800,17,0,56,16,32,0,-1,2,-1,3,1,2,0,4,2,0,0,0,0,0,0,1,55,27,118,64,1.06,0.6,1.67,0,0,0,0,0,0,1,1,0,0,0,0,-1,-1,1,16,13,-1,-1,-1,-1,-1,-1,7,31,50,75,91,28,56,82,54,8.0,2.82,4.44,2.54,/clubs/toronto-fc-19,teams/canada-toronto-fc.png,Toronto,/clubs/orlando-city-sc-17,teams/usa-orlando-city-sc.png,Orlando City,1.06,1.89,1.13,1.75,0.67,1.82,94,69,50,25,10,63,44,31,1.27,1.05,2.32,/usa/orlando-city-sc-vs-toronto-fc-h2h-stats#4926430,8777,34,True,True,False,False,False,False,False,[],"['63', '74']"
MLS,2023,8777,4926431,5,6490,2023,complete,96848,0,-1,['58'],['34'],1,1,2,5,6,11,0,0,2,7,0,0,2,7,6,4,8,11,14,18,57,43,24,41087,39588,,,2,7,2.2,3.75,2.9,1.0,1.14,1.45,2.05,3.4,12.0,5.5,2.63,1.61,1.3,1.4,2.75,4.33,1.18,4.75,1.15,1.44,1.22,1.6,2.75,2.5,3.1,2.5,2.8,2.75,0,0,1.22,1.43,1.74,2.18,2.8,3.5,2.5,1.95,1.58,1.34,1.87,7.5,2.23,1.73,19.0,2.05,5.25,6.25,1.25,2.1,5.0,13.0,3.75,1.67,1.17,1.04,1.13,1.62,3.0,6.5,6.0,2.2,1.36,1.11,0,0,0,0,2,0,1,1,0,1,1,1697936400,-1,0,57,22,32,0,-1,2,1,3,2,2,4,5,6,0,2,2,5,2,7,1,30,27,98,79,0.88,1.38,2.26,2,0,0,0,2,0,1,1,0,0,0,0,0,0,-1,-1,-1,-1,-1,-1,-1,-1,-1,22,29,53,78,85,35,72,75,54,11.69,3.69,3.63,2.82,/clubs/vancouver-whitecaps-fc-5,teams/canada-vancouver-whitecaps-fc.png,Vancouver Whitecaps,/clubs/los-angeles-fc-6490,teams/usa-los-angeles-fc.png,Los Angeles FC,1.67,1.25,1.81,1.13,1.42,1.55,79,72,47,22,16,66,57,50,1.67,1.32,2.99,/usa/vancouver-whitecaps-fc-vs-los-angeles-fc-h2h-stats#4926431,8777,36,True,True,False,False,False,False,True,['58'],['34']
MLS,2023,8777,5018275,1016,1,2023,complete,96848,0,-1,"['30', '33', '46', '89']",['40'],4,1,5,6,2,8,2,3,2,2,0,1,8,3,4,5,12,8,8,9,63,37,69,40852,36107,,,2,4,1.65,4.1,4.75,1.03,1.22,1.57,2.33,5.0,15.0,4.2,2.38,1.53,1.16,1.7,2.05,2.4,1.49,5.25,1.13,1.18,1.2,2.25,2.2,2.38,5.0,1.91,2.8,4.5,0,0,1.25,1.47,1.93,2.4,3.4,3.5,2.4,1.88,1.47,1.26,1.46,8.0,3.3,1.44,9.5,3.0,2.9,8.0,1.33,2.5,6.5,19.0,3.25,1.5,1.11,1.02,1.18,1.83,3.75,10.0,4.5,1.83,1.25,1.06,0,0,0,0,5,2,1,2,0,2,3,1695511800,1016,0,47,17,31,0,-1,2,1,4,0,2,2,4,4,0,0,2,3,0,5,1,52,41,80,97,1.69,1.02,2.71,0,0,0,0,0,0,1,1,0,0,0,0,0,0,1,5,1,-1,-1,-1,-1,-1,-1,17,41,69,90,97,52,90,79,55,9.48,3.6,4.06,3.26,/clubs/atlanta-united-fc-1016,teams/usa-atlanta-united-fc.png,Atlanta United FC,/clubs/montreal-impact-1,teams/canada-montreal-impact.png,Montreal Impact,2.06,0.47,2.0,0.57,1.53,1.28,83,59,32,11,4,59,35,35,1.54,1.1,2.64,/usa/montreal-impact-vs-atlanta-united-fc-h2h-stats#5018275,8777,34,True,True,True,True,True,False,True,"['30', '33', '46', '89']",['40']
MLS,2023,8777,5018276,1,6,2023,complete,96848,0,-1,['90+6'],['10'],1,1,2,5,5,10,1,1,1,6,0,0,7,3,6,3,13,6,9,17,57,43,13851,36107,20,,,1,6,1.7,4.0,4.33,1.02,1.25,1.85,2.28,5.0,10.0,3.6,1.85,1.63,1.13,1.62,2.2,3.4,1.29,3.8,1.22,1.53,1.3,1.48,3.2,2.25,3.1,2.75,2.55,2.75,0,0,1.26,1.49,2.0,2.5,3.5,3.4,2.35,1.8,1.44,1.25,1.86,7.0,2.23,2.05,10.0,1.83,5.5,4.0,1.36,2.63,7.0,19.0,3.0,1.44,1.1,1.02,1.2,1.91,4.0,10.0,4.33,1.8,1.22,1.06,0,0,0,0,2,0,1,1,0,1,1,1696462200,-1,0,30,14,17,0,-1,2,1,1,1,4,4,2,8,1,1,0,5,2,5,-1,0,0,0,0,0.0,0.0,0.0,0,0,0,0,0,0,1,1,0,1,0,0,0,0,-1,-1,-1,-1,-1,-1,-1,-1,-1,10,14,37,60,90,30,57,70,37,8.93,3.0,5.34,2.24,/clubs/montreal-impact-1,teams/canada-montreal-impact.png,Montreal Impact,/clubs/houston-dynamo-6,teams/usa-houston-dynamo.png,Houston Dynamo,1.94,0.79,1.93,0.67,1.19,1.42,90,87,64,40,10,60,47,34,1.26,1.12,2.38,/usa/montreal-impact-vs-houston-dynamo-h2h-stats#5018276,8777,34,True,True,False,False,False,False,True,['90+6'],['10']
MLS,2023,8777,7247024,4,711351,2023,complete,97867,0,-1,"['10', '26', '37', '56', '78']","['49', '64']",5,2,7,2,2,4,1,1,0,2,0,0,5,4,6,4,11,8,14,7,49,51,31,43439,44668,,,0,2,1.84,3.64,4.05,1.04,1.22,1.8,2.88,5.25,10.0,4.2,1.98,1.4,1.15,1.76,2.09,2.4,1.5,5.0,1.13,1.18,1.24,2.27,2.28,2.47,5.24,1.92,3.0,4.51,0,0,1.28,1.59,1.91,2.47,3.34,3.2,2.32,1.78,1.52,1.26,1.59,9.1,2.82,1.55,10.0,2.75,2.9,7.5,1.3,2.67,5.7,12.0,3.3,1.52,1.12,1.02,1.18,1.88,3.7,8.0,4.5,1.86,1.25,1.06,0,0,0,0,7,3,0,2,2,4,3,1698276600,4,1,55,12,24,0,-1,2,1,0,1,2,1,1,3,0,2,0,0,2,0,1,47,38,118,101,1.4,1.07,2.47,0,0,0,0,0,0,1,1,1,0,0,0,0,0,-1,-1,-1,-1,-1,-1,-1,-1,-1,8,25,50,71,93,31,68,78,44,10.3,2.82,5.21,2.53,/clubs/new-york-red-bulls-4,teams/usa-new-york-red-bulls.png,New York RB,/clubs/charlotte-fc-711351,teams/usa-charlotte-fc.png,Charlotte,1.27,1.23,1.26,1.26,1.26,1.26,93,75,50,30,8,53,37,27,1.37,1.08,2.45,/usa/new-york-red-bulls-vs-charlotte-fc-h2h-stats#7247024,8777,35,True,True,True,True,True,True,True,"['10', '26', '37', '56', '78']","['49', '64']"
MLS,2023,8777,7247025,8,15,2023,complete,97867,0,-1,[],[],0,0,0,8,4,12,0,1,1,3,0,0,4,0,9,1,13,1,3,12,62,38,3,18,12956,,,1,3,1.84,3.75,3.9,1.02,1.18,1.61,2.28,4.33,17.0,4.75,2.28,1.63,1.2,1.63,2.31,2.88,1.36,5.5,1.13,1.17,1.18,2.0,2.28,2.55,4.91,1.92,3.1,4.31,0,0,1.19,1.36,1.86,2.02,2.55,3.9,2.75,1.83,1.68,1.41,1.48,8.5,3.15,1.52,17.0,2.66,3.1,8.5,1.25,2.52,5.5,12.0,3.5,1.57,1.12,1.02,1.15,1.78,3.4,7.0,5.0,1.97,1.29,1.08,0,0,0,0,0,0,0,0,0,0,0,1698283800,-1,1,64,21,30,0,-1,2,1,6,0,2,4,6,6,0,0,1,3,0,4,1,76,41,128,71,1.66,0.37,2.03,0,0,0,0,0,0,1,1,0,0,2,0,0,0,1,23,8,-1,-1,-1,-1,-1,-1,12,24,62,79,90,50,74,74,44,11.42,2.88,4.2,2.66,/clubs/sporting-kansas-city-8,teams/usa-sporting-kansas-city.png,Sporting KC,/clubs/san-jose-earthquakes-15,teams/usa-san-jose-earthquakes.png,SJ Earthquakes,1.34,1.29,1.29,1.29,1.29,1.29,88,77,38,21,11,67,52,46,1.39,1.21,2.6,/usa/sporting-kansas-city-vs-san-jose-earthquakes-h2h-stats#7247025,8777,35,False,False,False,False,False,False,False,[],[]
MLS,2023,8777,7247559,16,11,2023,complete,96852,0,-1,"['19', '26', '37']",['68'],3,1,4,0,4,4,2,2,1,4,0,0,4,6,10,4,14,10,15,11,48,52,84,12,36059,,,1,4,1.6,4.6,4.9,1.03,1.14,1.47,2.35,3.8,11.0,5.2,2.45,1.52,1.25,1.47,2.45,2.87,1.36,6.0,1.11,1.18,1.18,2.15,2.24,2.61,4.75,1.97,2.9,4.3,0,0,1.24,1.45,1.79,2.23,2.9,3.35,2.45,1.9,1.54,1.32,1.5,8.0,3.1,1.52,19.0,2.62,3.4,8.0,1.25,2.34,4.4,10.5,3.6,1.64,1.17,1.02,1.14,1.74,3.22,7.5,5.2,2.03,1.32,1.08,0,0,0,0,4,3,0,0,1,1,3,1698526800,16,1,65,24,24,0,-1,2,1,0,2,0,2,2,2,0,3,1,1,3,2,1,47,40,84,109,1.5,1.35,2.85,1,0,1,0,0,0,1,1,0,0,0,0,0,0,1,6,16,-1,-1,-1,-1,-1,-1,15,38,67,81,93,47,70,81,49,9.09,4.41,4.18,2.97,/clubs/philadelphia-union-16,teams/usa-philadelphia-union.png,Philadelphia Union,/clubs/new-england-revolution-11,teams/usa-new-england-revolution.png,New England Revolution,1.65,1.53,1.62,1.62,1.62,1.62,85,62,34,20,8,62,55,46,1.32,1.26,2.58,/usa/new-england-revolution-vs-philadelphia-union-h2h-stats#7247559,8777,36,True,True,True,True,False,False,True,"['19', '26', '37']",['68']
MLS,2023,8777,7247560,6490,5,2023,complete,96852,0,-1,"['18', '29', '52', '64', '80']","['27', '40']",5,2,7,12,3,15,1,0,1,4,0,0,3,2,4,5,7,7,15,15,56,44,13889,39588,41087,,,1,4,1.5,4.5,4.95,1.02,1.11,1.39,2.3,3.6,23.0,6.0,2.68,1.54,1.28,1.47,2.45,2.8,1.38,7.0,1.08,1.17,1.17,2.35,2.12,2.7,5.07,1.85,3.02,4.69,0,0,1.23,1.44,1.76,2.2,2.85,3.4,2.45,1.93,1.56,1.33,1.47,8.0,3.25,1.46,22.0,2.76,3.2,8.5,1.25,2.25,4.3,10.0,3.6,1.68,1.18,1.04,1.13,1.68,3.05,6.5,5.5,2.12,1.35,1.1,0,0,0,0,7,2,2,3,0,3,4,1698541200,6490,1,62,27,38,0,-1,2,1,7,1,5,2,8,7,1,1,0,3,2,3,1,60,34,103,79,1.09,0.84,1.93,0,0,0,0,0,0,1,1,0,0,1,0,0,0,1,17,16,-1,-1,-1,-1,-1,-1,21,32,58,79,88,38,76,75,53,11.73,3.5,4.15,2.89,/clubs/los-angeles-fc-6490,teams/usa-los-angeles-fc.png,Los Angeles FC,/clubs/vancouver-whitecaps-fc-5,teams/canada-vancouver-whitecaps-fc.png,Vancouver Whitecaps,1.64,1.33,1.53,1.41,1.53,1.41,79,68,43,21,12,68,58,52,1.6,1.4,3.0,/usa/vancouver-whitecaps-fc-vs-los-angeles-fc-h2h-stats#7247560,8777,36,True,True,True,True,True,True,True,"['18', '29', '52', '64', '80']","['27', '40']"
MLS,2023,8777,7247561,6,14,2023,complete,96852,0,-1,"['22', '79']",['54'],2,1,3,9,1,10,0,1,2,2,0,0,5,2,8,5,13,7,11,11,71,29,5016,20,8,,,2,2,1.7,3.85,4.33,1.03,1.16,1.6,2.25,4.2,11.0,4.9,2.2,1.53,1.22,1.52,2.35,2.88,1.36,5.5,1.11,1.2,1.2,2.05,2.31,2.54,4.7,2.03,2.82,4.2,0,0,1.26,1.48,1.82,2.3,3.0,3.25,2.35,1.86,1.5,1.3,1.55,8.0,2.9,1.55,17.25,2.57,3.4,8.0,1.27,2.45,4.8,11.0,3.4,1.59,1.15,1.03,1.16,1.8,3.44,7.0,4.95,1.95,1.29,1.08,0,0,0,0,3,1,0,1,1,2,1,1698616800,6,1,50,24,21,0,-1,2,1,3,0,6,1,3,7,0,1,2,1,1,3,1,73,14,134,67,1.71,0.69,2.4,0,0,0,0,0,0,1,1,0,0,1,0,0,0,1,20,12,-1,-1,-1,-1,-1,-1,12,33,62,75,88,38,72,79,46,9.41,3.92,5.17,2.75,/clubs/houston-dynamo-6,teams/usa-houston-dynamo.png,Houston Dynamo,/clubs/real-salt-lake-14,teams/usa-real-salt-lake.png,Real Salt Lake,1.51,1.41,1.5,1.47,1.5,1.47,88,68,38,25,12,62,52,37,1.24,1.5,2.74,/usa/houston-dynamo-vs-real-salt-lake-h2h-stats#7247561,8777,37,True,True,True,False,False,False,True,"['22', '79']",['54']
MLS,2023,8777,7247562,17,677447,2023,complete,96852,0,-1,['41'],[],1,0,1,9,4,13,0,2,2,2,0,0,5,3,9,3,14,6,8,13,53,47,7,21031,24795,,,2,2,1.92,3.4,3.16,1.06,1.3,1.86,3.27,6.3,11.75,3.58,1.98,1.34,1.12,1.74,2.04,2.65,1.41,4.1,1.2,1.27,1.28,1.82,2.68,2.29,4.35,2.33,2.53,3.84,0,0,1.3,1.55,1.93,2.45,3.25,3.0,2.23,1.76,1.45,1.26,1.61,8.0,2.75,1.68,11.5,2.35,3.4,6.0,1.4,2.95,6.85,13.0,3.09,1.43,1.08,1.02,1.23,2.09,4.45,9.0,3.92,1.7,1.19,1.05,0,0,0,0,1,1,0,0,0,0,1,1698706800,17,1,49,15,21,0,-1,2,1,4,2,5,2,6,7,1,0,1,2,1,3,1,63,41,102,83,1.69,0.89,2.58,0,0,0,0,0,0,1,1,0,0,0,1,0,0,-1,-1,-1,-1,-1,-1,-1,-1,-1,5,25,44,77,90,23,65,80,47,9.86,3.91,4.27,2.43,/clubs/orlando-city-sc-17,teams/usa-orlando-city-sc.png,Orlando City,/clubs/nashville-sc-mls-677447,teams/usa-nashville-sc-mls.png,Nashville SC,1.86,1.36,1.85,1.44,1.85,1.44,96,75,56,24,11,58,52,38,1.23,1.14,2.37,/usa/orlando-city-sc-vs-nashville-sc-mls-h2h-stats#7247562,8777,36,True,False,False,False,False,False,False,['41'],[]
MLS,2023,8777,7247563,18,13,2023,complete,96852,0,-1,"['43', '74']",[],2,0,2,2,2,4,3,1,1,2,0,0,6,4,5,4,11,8,16,9,57,43,13893,25,21189,,,1,2,1.74,3.55,4.1,1.06,1.36,2.0,3.75,7.5,10.0,3.2,1.77,1.25,1.08,2.0,1.8,2.15,1.61,4.33,1.19,1.17,1.22,2.1,2.4,2.15,5.0,2.1,2.55,4.75,0,0,1.35,1.64,2.06,2.65,3.6,2.75,2.08,1.66,1.38,1.21,1.49,8.0,3.15,1.57,8.5,2.9,2.75,7.0,1.44,3.0,8.0,21.0,2.8,1.36,1.07,1.0,1.25,2.25,5.0,12.0,3.6,1.6,1.15,1.01,0,0,0,0,2,1,0,1,0,1,1,1698714000,18,1,55,18,21,0,30741,2,1,2,2,0,0,4,0,0,1,1,1,1,2,1,65,22,137,83,1.6,0.95,2.55,1,0,1,0,0,0,1,1,0,0,1,0,0,0,1,17,23,-1,-1,-1,-1,-1,-1,8,17,40,69,88,30,62,71,37,9.44,3.33,3.94,2.22,/clubs/seattle-sounders-fc-18,teams/usa-seattle-sounders-fc.png,Seattle Sounders,/clubs/fc-dallas-13,teams/usa-fc-dallas.png,FC Dallas,1.55,1.32,1.56,1.35,1.56,1.35,93,84,61,31,12,62,49,44,1.29,1.09,2.38,/usa/fc-dallas-vs-seattle-sounders-fc-h2h-stats#7247563,8777,37,True,True,False,False,False,False,False,"['43', '74']",[]
MLS,2023,8777,7247564,9,1016,2023,complete,96852,0,-1,"['45+1', '51']",[],2,0,2,5,2,7,1,1,2,3,0,0,8,0,6,1,14,1,8,14,51,49,19912,39282,40852,,,2,3,1.43,4.4,4.8,1.03,1.18,1.53,1.94,4.33,11.0,4.75,2.2,1.76,1.2,1.59,2.29,2.8,1.38,5.5,1.11,1.19,1.22,2.17,2.2,2.41,4.63,1.99,2.84,4.35,0,0,1.25,1.48,1.82,2.28,2.95,3.25,2.38,1.87,1.52,1.3,1.5,8.0,3.1,1.57,11.0,2.65,3.25,8.0,1.28,2.3,5.25,10.0,3.48,1.58,1.14,1.04,1.16,1.79,3.44,7.5,4.95,1.97,1.29,1.07,0,0,0,0,2,1,0,1,0,1,1,1698881400,9,1,73,24,38,0,-1,2,1,4,1,1,1,5,2,0,1,2,2,1,4,1,52,51,89,94,1.82,0.45,2.27,1,0,1,0,0,0,1,1,0,0,1,1,0,0,-1,-1,-1,-1,-1,-1,-1,-1,-1,23,43,65,94,99,46,82,85,64,10.41,3.24,4.05,3.41,/clubs/columbus-crew-9,teams/usa-columbus-crew.png,Columbus Crew,/clubs/atlanta-united-fc-1016,teams/usa-atlanta-united-fc.png,Atlanta United FC,1.8,1.46,1.68,1.5,1.68,1.5,78,58,35,6,2,58,43,29,1.55,1.37,2.92,/usa/columbus-crew-vs-atlanta-united-fc-h2h-stats#7247564,8777,37,True,True,False,False,False,False,False,"['45+1', '51']",[]
MLS,2023,8777,7247565,13,18,2023,complete,96852,0,-1,"['6', '18', '89']",['48'],3,1,4,3,4,7,1,6,3,3,0,0,3,5,3,6,6,11,12,8,43,57,13812,21189,25,,,3,3,2.37,3.3,2.83,1.05,1.3,1.92,3.3,6.0,8.0,3.2,1.94,1.29,1.09,1.78,1.99,3.0,1.33,3.4,1.27,1.41,1.31,1.55,3.24,2.2,3.63,2.6,2.4,3.0,0,0,1.34,1.61,2.04,2.6,3.5,2.8,2.12,1.67,1.4,1.22,1.84,7.5,2.28,1.95,9.0,2.1,4.0,5.0,1.42,2.91,7.5,15.0,2.75,1.38,1.07,1.02,1.29,2.2,4.5,10.0,3.4,1.62,1.17,1.02,0,0,0,0,4,2,0,1,1,2,2,1699146000,13,1,53,24,27,0,-1,2,1,0,2,3,2,2,5,1,2,2,1,3,3,1,24,55,83,109,0.77,1.45,2.22,1,0,1,0,0,0,1,1,1,0,0,0,0,1,1,26,13,-1,-1,-1,-1,-1,-1,7,16,39,70,89,29,63,71,36,9.28,3.34,3.91,2.22,/clubs/fc-dallas-13,teams/usa-fc-dallas.png,FC Dallas,/clubs/seattle-sounders-fc-18,teams/usa-seattle-sounders-fc.png,Seattle Sounders,1.32,1.55,1.31,1.6,1.31,1.6,93,85,62,30,12,60,48,43,1.08,1.3,2.38,/usa/fc-dallas-vs-seattle-sounders-fc-h2h-stats#7247565,8777,37,True,True,True,True,False,False,True,"['6', '18', '89']",['48']
MLS,2023,8777,7247566,5,6490,2023,complete,96852,0,-1,[],['24'],0,1,1,7,9,16,1,1,4,2,0,0,5,7,8,1,13,8,11,18,49,51,13841,41087,39588,,,4,2,2.45,4.0,2.5,1.02,1.12,1.38,2.25,3.4,13.0,6.0,3.0,1.6,1.3,1.4,2.75,4.8,1.16,5.0,1.15,1.49,1.26,1.52,2.88,2.5,3.0,2.63,2.85,2.63,0,0,1.2,1.29,1.53,1.9,2.5,3.9,3.2,2.25,1.75,1.43,1.94,7.5,2.14,1.8,19.0,1.95,6.0,6.0,1.22,2.1,4.5,13.0,4.0,1.67,1.18,1.04,1.13,1.57,2.75,6.0,6.0,2.25,1.4,1.13,0,0,0,0,1,0,1,0,0,0,1,1699230600,6490,1,63,21,30,0,30204,2,1,4,6,3,3,10,6,1,1,3,1,2,4,1,49,31,111,85,1.53,1.23,2.76,0,1,0,1,0,0,1,1,0,0,0,1,0,0,-1,-1,-1,-1,-1,-1,-1,-1,-1,23,34,59,80,89,40,77,76,54,11.83,3.43,4.17,3.0,/clubs/vancouver-whitecaps-fc-5,teams/canada-vancouver-whitecaps-fc.png,Vancouver Whitecaps,/clubs/los-angeles-fc-6490,teams/usa-los-angeles-fc.png,Los Angeles FC,1.33,1.64,1.37,1.57,1.37,1.57,77,66,42,20,12,69,59,53,1.38,1.58,2.96,/usa/vancouver-whitecaps-fc-vs-los-angeles-fc-h2h-stats#7247566,8777,36,True,False,False,False,False,False,False,[],['24']
MLS,2023,8777,7247567,14,6,2023,complete,96852,0,-1,['70'],['28'],1,1,2,7,4,11,4,1,3,5,0,0,3,5,6,1,9,6,23,16,53,47,24,8,20,,,3,5,2.3,3.5,2.75,1.03,1.14,1.57,2.4,3.98,18.25,4.6,2.31,1.56,1.19,1.5,2.5,3.5,1.26,4.6,1.17,1.41,1.26,1.63,2.75,2.4,3.4,2.5,2.74,3.0,0,0,1.25,1.47,1.81,2.28,2.95,3.3,2.4,1.87,1.52,1.3,1.74,7.5,2.43,1.67,17.5,2.2,4.2,6.5,1.29,2.25,5.5,15.0,3.5,1.57,1.14,1.03,1.14,1.73,3.4,8.0,5.5,2.0,1.3,1.08,0,0,0,0,2,0,1,1,0,1,1,1699322400,-1,1,52,15,21,0,20251,2,1,3,2,4,2,5,6,2,2,1,3,4,4,1,31,17,94,74,1.01,0.86,1.88,0,1,0,0,0,1,1,1,0,0,0,2,0,0,1,20,18,-1,-1,-1,-1,-1,-1,12,32,63,76,89,37,73,80,47,9.43,3.83,5.15,2.76,/clubs/real-salt-lake-14,teams/usa-real-salt-lake.png,Real Salt Lake,/clubs/houston-dynamo-6,teams/usa-houston-dynamo.png,Houston Dynamo,1.41,1.51,1.43,1.54,1.43,1.54,89,69,38,25,11,63,53,36,1.48,1.26,2.74,/usa/houston-dynamo-vs-real-salt-lake-h2h-stats#7247567,8777,37,True,True,False,False,False,False,True,['70'],['28']
MLS,2023,8777,7247568,1016,9,2023,complete,96852,0,-1,"['38', '45+4', '83', '88']","['45', '90+5']",4,2,6,0,5,5,3,3,2,1,0,0,7,4,4,4,11,8,8,8,48,52,11,40852,39282,,,2,1,2.13,4.06,2.97,1.02,1.1,1.4,1.84,2.75,15.0,6.5,2.82,1.96,1.4,1.33,3.25,4.5,1.17,5.5,1.11,1.4,1.2,1.67,2.45,2.6,3.0,2.3,2.8,3.0,0,0,1.2,1.38,1.68,2.08,2.65,3.7,2.63,2.02,1.63,1.38,1.81,7.5,2.28,1.8,17.0,2.05,5.0,7.0,1.22,2.0,3.75,8.0,4.0,1.73,1.25,1.06,1.12,1.53,2.62,5.0,5.5,2.38,1.44,1.14,0,0,0,0,6,2,1,2,1,3,3,1699401600,1016,1,70,27,50,0,-1,2,1,0,1,0,4,1,4,2,1,0,0,3,0,1,31,47,89,116,1.42,1.14,2.56,0,0,0,0,0,0,1,1,0,0,0,1,0,0,1,14,11,-1,-1,-1,-1,-1,-1,22,42,63,94,99,45,83,86,62,10.32,3.2,4.09,3.38,/clubs/atlanta-united-fc-1016,teams/usa-atlanta-united-fc.png,Atlanta United FC,/clubs/columbus-crew-9,teams/usa-columbus-crew.png,Columbus Crew,1.46,1.8,1.46,1.71,1.46,1.71,79,59,37,6,2,56,42,29,1.34,1.56,2.9,/usa/columbus-crew-vs-atlanta-united-fc-h2h-stats#7247568,8777,37,True,True,True,True,True,True,True,"['38', '45+4', '83', '88']","['45', '90+5']"
MLS,2023,8777,7247569,677447,17,2023,complete,96852,0,-1,[],['6'],0,1,1,0,5,5,1,0,4,5,0,0,4,5,5,6,9,11,12,9,52,48,3,24795,21031,,,4,5,2.12,3.4,3.39,1.03,1.25,1.9,2.88,5.0,9.0,3.6,1.9,1.36,1.13,1.7,2.05,2.8,1.38,4.33,1.18,1.3,1.22,1.83,2.6,2.25,4.0,2.2,2.6,3.75,0,0,1.29,1.54,1.92,2.43,3.15,3.05,2.23,1.77,1.46,1.27,1.67,7.5,2.6,1.57,9.5,2.6,3.55,6.25,1.36,2.75,7.0,21.0,3.0,1.4,1.1,1.02,1.2,1.91,4.0,11.0,4.33,1.8,1.22,1.05,0,0,0,0,1,0,1,0,0,0,1,1699408800,17,1,47,9,27,0,25315,2,1,0,2,0,3,2,3,2,2,2,3,4,5,1,55,48,131,103,1.26,1.4,2.66,0,0,0,0,0,0,1,1,0,1,0,1,0,0,1,28,17,-1,-1,-1,-1,-1,-1,5,24,43,75,90,22,66,77,46,9.94,3.86,4.26,2.39,/clubs/nashville-sc-mls-677447,teams/usa-nashville-sc-mls.png,Nashville SC,/clubs/orlando-city-sc-17,teams/usa-orlando-city-sc.png,Orlando City,1.36,1.86,1.4,1.89,1.4,1.89,96,76,58,26,10,59,53,40,1.13,1.24,2.37,/usa/orlando-city-sc-vs-nashville-sc-mls-h2h-stats#7247569,8777,36,True,False,False,False,False,False,False,[],['6']
MLS,2023,8777,7247570,11,16,2023,complete,96852,0,-1,[],['79'],0,1,1,5,5,10,2,3,1,2,1,0,3,4,3,5,6,9,10,14,54,46,36,36059,12,,,3,2,2.27,3.8,3.05,1.02,1.16,1.65,2.16,3.75,15.0,5.0,2.1,1.62,1.25,1.44,2.63,3.9,1.22,4.75,1.16,1.4,1.25,1.63,2.75,2.5,3.2,2.5,2.75,2.88,0,0,1.25,1.48,1.83,2.3,3.0,3.25,2.38,1.86,1.5,1.3,1.85,7.5,2.25,1.73,15.0,2.1,5.0,6.25,1.25,2.2,5.0,13.0,3.75,1.62,1.17,1.04,1.14,1.67,3.25,7.0,5.5,2.1,1.33,1.1,0,0,0,0,1,0,0,0,1,1,0,1699488000,16,1,66,32,35,0,-1,2,1,3,3,2,2,6,4,1,1,1,1,2,2,1,55,47,112,102,1.0,1.2,2.2,0,0,0,0,0,0,1,1,0,0,1,0,0,0,1,15,13,-1,-1,-1,-1,-1,-1,14,40,67,82,93,49,70,82,47,8.94,4.4,4.2,3.0,/clubs/new-england-revolution-11,teams/usa-new-england-revolution.png,New England Revolution,/clubs/philadelphia-union-16,teams/usa-philadelphia-union.png,Philadelphia Union,1.53,1.65,1.57,1.66,1.57,1.66,86,60,33,19,7,60,53,45,1.27,1.32,2.59,/usa/new-england-revolution-vs-philadelphia-union-h2h-stats#7247570,8777,36,True,False,False,False,False,False,False,[],['79']
MLS,2023,8777,7247572,18,13,2023,complete,96852,0,-1,['36'],[],1,0,1,7,1,8,2,4,0,3,0,0,4,1,8,0,12,1,12,14,55,45,24,25,21189,,,0,3,1.67,3.6,4.75,1.02,1.29,1.95,3.28,6.3,8.8,3.18,1.75,1.27,1.07,1.89,1.85,2.25,1.57,4.33,1.18,1.18,1.27,2.08,2.3,2.16,5.15,2.09,2.52,4.6,0,0,1.34,1.63,2.04,2.63,3.5,2.8,2.1,1.67,1.38,1.22,1.47,8.5,3.25,1.57,8.8,2.93,2.62,7.5,1.4,2.88,7.4,15.0,2.83,1.39,1.07,1.02,1.25,2.18,4.8,10.0,3.72,1.64,1.16,1.04,0,0,0,0,1,1,0,0,0,0,1,1699671600,18,1,55,17,20,0,-1,2,1,3,0,4,1,3,5,0,1,0,2,1,2,1,66,29,117,95,1.52,0.36,1.88,0,0,0,0,0,0,1,1,0,0,2,0,0,0,1,21,19,-1,-1,-1,-1,-1,-1,7,18,41,71,89,31,64,72,38,9.22,3.44,3.98,2.26,/clubs/seattle-sounders-fc-18,teams/usa-seattle-sounders-fc.png,Seattle Sounders,/clubs/fc-dallas-13,teams/usa-fc-dallas.png,FC Dallas,1.55,1.32,1.56,1.36,1.56,1.36,93,82,60,29,12,58,46,42,1.3,1.07,2.37,/usa/fc-dallas-vs-seattle-sounders-fc-h2h-stats#7247572,8777,37,True,False,False,False,False,False,False,['36'],[]
MLS,2023,8777,7247573,6,14,2023,complete,96852,0,-1,['28'],['65'],1,1,2,4,7,11,1,1,1,3,0,0,5,3,7,4,12,7,10,10,56,44,11,20,8,,,1,3,1.68,4.0,4.55,1.03,1.15,1.6,2.36,4.2,11.0,5.0,2.3,1.59,1.22,1.59,2.29,2.8,1.38,5.5,1.11,1.2,1.22,2.15,2.27,2.56,4.78,2.0,2.84,4.3,0,0,1.2,1.39,1.7,2.2,3.0,3.9,2.65,1.95,1.55,1.32,1.83,8.0,2.2,1.53,13.0,2.7,3.1,9.0,1.28,2.3,5.25,10.0,3.48,1.58,1.14,1.04,1.16,1.79,3.44,7.0,4.95,1.97,1.29,1.08,0,0,0,0,2,1,0,0,1,1,1,1699743600,-1,1,53,23,25,0,-1,2,1,1,0,3,7,1,10,1,0,0,3,1,3,1,49,51,119,68,1.47,1.02,2.49,0,0,0,0,0,0,1,1,0,0,0,0,0,0,1,19,23,-1,-1,-1,1,0,1,11,31,61,77,89,36,74,81,46,9.47,3.86,5.22,2.74,/clubs/houston-dynamo-6,teams/usa-houston-dynamo.png,Houston Dynamo,/clubs/real-salt-lake-14,teams/usa-real-salt-lake.png,Real Salt Lake,1.51,1.41,1.53,1.42,1.53,1.42,89,70,39,24,11,64,55,38,1.24,1.46,2.7,/usa/houston-dynamo-vs-real-salt-lake-h2h-stats#7247573,8777,37,True,True,False,False,False,False,True,['28'],['65']
MLS,2023,8777,7247576,9,1016,2023,complete,96852,0,-1,"['9', '17', '33', '47']","['35', '50']",4,2,6,3,4,7,5,1,2,3,0,0,8,4,7,5,15,9,9,9,47,53,7,39282,40852,,,2,3,1.52,4.6,4.25,1.01,1.06,1.3,1.83,2.75,32.0,6.5,3.15,1.87,1.37,1.41,2.81,3.3,1.29,7.5,1.06,1.18,1.18,2.34,2.03,2.69,4.51,1.85,3.2,4.29,0,0,1.19,1.39,1.7,2.12,2.78,3.92,2.76,2.08,1.64,1.36,1.3,11.0,4.3,1.48,31.0,2.6,3.6,11.0,1.19,1.92,3.82,8.0,4.45,1.83,1.24,1.06,1.08,1.53,2.61,5.0,7.0,2.41,1.46,1.14,0,0,0,0,6,3,1,1,1,2,4,1699833600,9,1,71,22,36,0,-1,2,1,2,2,1,2,4,3,0,1,2,2,1,4,1,60,62,90,113,1.94,1.31,3.24,0,0,0,0,0,0,1,1,1,0,0,0,0,0,1,16,7,-1,-1,-1,-1,-1,-1,24,43,64,95,99,46,83,86,63,10.16,3.28,4.06,3.45,/clubs/columbus-crew-9,teams/usa-columbus-crew.png,Columbus Crew,/clubs/atlanta-united-fc-1016,teams/usa-atlanta-united-fc.png,Atlanta United FC,1.8,1.46,1.67,1.5,1.67,1.5,77,57,37,6,2,54,41,28,1.54,1.35,2.89,/usa/columbus-crew-vs-atlanta-united-fc-h2h-stats#7247576,8777,37,True,True,True,True,True,True,True,"['9', '17', '33', '47']","['35', '50']"
MLS,2023,8777,7249825,8043,4,2023,complete,96852,0,-1,"['23', '35', '89']",[],3,0,3,3,7,10,1,2,3,2,0,0,3,5,3,5,6,10,19,16,55,45,69,40182,43439,,,3,2,1.87,3.5,3.75,1.02,1.21,1.67,2.85,5.5,13.0,4.3,2.0,1.42,1.14,1.67,2.1,2.75,1.39,4.5,1.17,1.27,1.29,1.83,2.6,2.25,4.0,2.3,2.9,3.5,0,0,1.28,1.65,2.04,2.4,3.2,3.05,2.21,1.76,1.46,1.26,1.68,7.5,2.55,1.73,10.0,2.35,3.7,6.0,1.33,2.63,7.0,19.0,3.25,1.44,1.1,1.02,1.2,1.91,4.0,10.0,4.33,1.8,1.22,1.06,0,0,0,0,3,2,0,1,0,1,2,1698624000,8043,1,53,24,12,0,-1,2,1,1,3,2,4,4,6,1,0,2,2,1,4,1,14,56,77,134,0.7,1.4,2.11,0,0,0,0,0,0,1,1,0,0,0,0,0,0,1,19,24,-1,-1,-1,-1,-1,-1,11,23,53,69,94,35,70,77,42,9.5,3.04,4.95,2.58,/clubs/fc-cincinnati-8043,teams/usa-fc-cincinnati.png,FC Cincinnati,/clubs/new-york-red-bulls-4,teams/usa-new-york-red-bulls.png,New York RB,2.0,1.27,2.03,1.31,2.03,1.31,90,77,48,32,6,47,35,25,1.33,1.37,2.7,/usa/new-york-red-bulls-vs-fc-cincinnati-h2h-stats#7249825,8777,37,True,True,True,False,False,False,False,"['23', '35', '89']",[]
MLS,2023,8777,7249826,945555,8,2023,complete,96852,0,-1,['28'],"['27', '36', '39', '61']",1,4,5,3,5,8,0,1,5,1,0,0,6,11,4,2,10,13,15,14,57,43,15,36880,18,,,5,1,2.0,3.5,3.25,1.03,1.16,1.53,2.3,4.3,19.0,5.1,2.2,1.6,1.21,1.5,2.5,3.3,1.29,4.75,1.16,1.35,1.28,1.71,2.5,2.4,3.75,2.25,3.0,3.25,0,0,1.25,1.48,1.79,2.22,3.0,3.25,2.38,2.02,1.65,1.3,1.75,7.5,2.4,1.62,15.0,2.3,4.33,7.0,1.29,2.25,5.5,15.0,3.5,1.57,1.14,1.03,1.14,1.73,3.4,8.0,5.5,2.0,1.3,1.08,0,0,0,0,5,1,3,0,1,1,4,1698631200,8,1,57,21,35,0,-1,2,1,2,2,1,3,4,4,1,1,4,0,2,4,1,34,57,116,98,1.31,2.0,3.32,0,0,0,0,0,0,1,1,0,0,0,1,0,0,1,17,17,-1,-1,-1,-1,-1,-1,15,32,70,83,93,51,67,78,54,10.56,2.5,4.27,2.99,/clubs/st-louis-city-sc-945555,teams/usa-st-louis-city-sc.png,St. Louis City,/clubs/sporting-kansas-city-8,teams/usa-sporting-kansas-city.png,Sporting KC,1.56,1.34,1.65,1.29,1.65,1.29,86,69,30,18,7,67,54,48,1.37,1.4,2.77,/usa/sporting-kansas-city-vs-st-louis-city-sc-h2h-stats#7249826,8777,36,True,True,True,True,True,False,True,['28'],"['27', '36', '39', '61']"
MLS,2023,8777,7249827,4,8043,2023,complete,96852,0,-1,['45'],['75'],1,1,2,5,10,15,1,0,2,4,0,0,3,6,5,4,8,10,16,16,46,54,13864,43439,40182,,,2,4,1.78,3.93,4.39,1.02,1.22,1.83,2.7,4.75,10.0,3.8,1.91,1.4,1.15,1.65,2.1,2.9,1.36,4.5,1.17,1.29,1.22,1.8,2.4,2.3,4.0,2.3,2.5,3.75,0,0,1.28,1.52,1.9,2.43,3.2,3.1,2.28,1.79,1.46,1.26,1.65,7.5,2.63,1.7,11.0,2.38,3.7,6.5,1.33,2.5,5.5,11.0,3.0,1.48,1.11,1.01,1.2,1.91,3.8,8.0,4.0,1.8,1.22,1.05,0,0,0,0,2,1,0,0,1,1,1,1699138800,-1,1,51,15,26,0,-1,2,1,1,3,4,7,4,11,1,1,1,3,2,4,1,51,38,102,76,1.09,1.33,2.42,0,0,0,0,0,0,1,1,0,0,0,0,0,0,1,9,7,-1,-1,-1,-1,-1,-1,10,23,54,69,95,37,71,78,41,9.51,3.04,4.96,2.6,/clubs/new-york-red-bulls-4,teams/usa-new-york-red-bulls.png,New York RB,/clubs/fc-cincinnati-8043,teams/usa-fc-cincinnati.png,FC Cincinnati,1.27,2.0,1.28,2.06,1.28,2.06,91,77,46,31,6,48,37,24,1.37,1.32,2.69,/usa/new-york-red-bulls-vs-fc-cincinnati-h2h-stats#7249827,8777,37,True,True,False,False,False,False,True,['45'],['75']
MLS,2023,8777,7249828,8,945555,2023,complete,96852,0,-1,"['45+1', '73']",['86'],2,1,3,5,7,12,1,2,4,3,0,0,4,2,1,7,5,9,14,15,42,58,31,18,36880,,,4,3,1.67,4.2,4.5,1.01,1.15,1.45,2.15,3.8,11.0,5.25,2.51,1.67,1.25,1.5,2.4,3.0,1.33,5.75,1.1,1.2,1.18,2.1,2.15,2.4,4.2,1.95,2.85,3.95,0,0,1.24,1.47,1.8,2.25,2.95,3.35,2.4,1.89,1.53,1.3,1.52,8.0,3.05,1.57,21.0,2.5,3.45,8.0,1.25,2.15,4.75,10.0,3.55,1.62,1.15,1.04,1.13,1.65,2.95,7.0,5.25,2.1,1.35,1.08,0,0,0,0,3,1,0,1,1,2,1,1699221600,8,1,58,23,23,0,-1,2,1,4,3,1,4,7,5,1,2,3,1,3,4,1,44,47,110,106,0.93,1.06,1.99,0,0,0,0,0,0,1,1,0,0,0,2,0,0,1,19,19,-1,-1,-1,-1,-1,-1,17,34,70,84,93,52,68,79,53,10.49,2.45,4.32,3.05,/clubs/sporting-kansas-city-8,teams/usa-sporting-kansas-city.png,Sporting KC,/clubs/st-louis-city-sc-945555,teams/usa-st-louis-city-sc.png,St. Louis City,1.34,1.56,1.33,1.6,1.33,1.6,84,67,30,17,7,65,52,47,1.41,1.37,2.78,/usa/sporting-kansas-city-vs-st-louis-city-sc-h2h-stats#7249828,8777,36,True,True,True,False,False,False,True,"['45+1', '73']",['86']
MLS,2023,8777,7262406,17,9,2023,complete,96851,0,-1,[],"['118', '93']",0,2,2,6,7,13,0,2,5,4,1,0,3,7,7,5,10,12,16,14,44,56,13889,21031,39282,,,6,4,2.2,3.6,2.9,1.02,1.22,1.65,2.75,5.0,15.0,4.2,2.11,1.44,1.16,1.57,2.25,3.3,1.28,4.2,1.2,1.38,1.27,1.63,2.88,2.3,3.4,2.5,2.6,3.0,0,0,1.34,1.61,2.02,2.6,3.5,2.8,2.12,1.68,1.4,1.22,1.78,7.5,2.38,1.73,10.0,2.2,4.33,5.5,1.3,2.5,6.0,17.0,3.4,1.5,1.13,1.03,1.18,1.83,3.75,9.0,4.5,1.83,1.25,1.07,0,0,0,0,2,0,0,0,2,2,0,1700951400,9,1,62,20,42,0,25527,2,1,1,3,5,4,4,9,1,2,5,2,3,7,1,42,91,107,131,1.16,1.91,3.07,0,0,0,0,0,0,1,1,0,0,0,1,0,0,1,10,12,-1,-1,-1,-1,-1,-1,17,35,55,89,97,36,74,83,58,10.16,3.07,3.89,3.05,/clubs/orlando-city-sc-17,teams/usa-orlando-city-sc.png,Orlando City,/clubs/columbus-crew-9,teams/usa-columbus-crew.png,Columbus Crew,1.86,1.8,1.92,1.7,1.92,1.7,84,66,46,11,3,51,44,32,1.25,1.55,2.8,/usa/columbus-crew-vs-orlando-city-sc-h2h-stats#7262406,8777,37,True,True,False,False,False,False,False,[],"['118', '93']"
MLS,2023,8777,7262407,8043,16,2023,complete,96851,0,-1,['90+4'],[],1,0,1,8,5,13,5,0,2,2,0,0,6,4,1,6,7,10,14,17,56,44,31,40182,12,,,2,2,1.9,3.75,3.6,1.03,1.22,1.68,2.95,5.5,13.0,4.0,2.07,1.4,1.15,1.67,2.1,2.75,1.39,4.75,1.16,1.25,1.26,1.88,2.5,2.3,4.33,2.2,2.6,3.75,0,0,1.38,1.7,2.2,3.1,3.25,2.7,1.95,1.55,1.3,1.25,1.6,8.0,2.75,1.57,10.0,2.5,3.5,6.5,1.33,2.63,6.5,19.0,3.25,1.44,1.11,1.02,1.18,1.91,4.0,10.0,4.5,1.8,1.22,1.06,0,0,0,0,1,0,0,1,0,1,0,1700960400,8043,1,59,31,23,0,25513,2,1,5,2,3,3,7,6,1,1,1,1,2,2,1,53,41,119,88,1.26,1.21,2.47,0,0,0,0,0,0,1,1,0,0,1,0,0,0,-1,-1,-1,-1,-1,-1,-1,-1,-1,14,35,63,75,93,46,72,80,42,8.89,4.11,5.05,2.84,/clubs/fc-cincinnati-8043,teams/usa-fc-cincinnati.png,FC Cincinnati,/clubs/philadelphia-union-16,teams/usa-philadelphia-union.png,Philadelphia Union,2.0,1.65,2.03,1.69,2.03,1.69,86,65,38,25,7,53,45,36,1.32,1.32,2.64,/usa/philadelphia-union-vs-fc-cincinnati-h2h-stats#7262407,8777,37,True,False,False,False,False,False,False,['90+4'],[]
MLS,2023,8777,7262408,6,8,2023,complete,96851,0,-1,['39'],[],1,0,1,4,4,8,2,1,1,1,0,0,4,4,8,4,12,8,16,14,60,40,5016,20,18,,,1,1,1.77,3.85,4.2,1.02,1.22,1.74,3.0,5.5,15.0,4.0,2.07,1.4,1.14,1.7,2.05,2.63,1.43,4.75,1.15,1.25,1.2,2.0,2.38,2.3,4.5,2.05,2.7,4.0,0,0,1.27,1.5,1.85,2.38,3.1,3.15,2.3,1.95,1.48,1.27,2.14,7.5,1.94,1.5,11.0,2.63,3.1,7.5,1.33,2.63,6.5,19.0,3.25,1.44,1.11,1.02,1.18,1.91,4.0,10.0,4.5,1.8,1.22,1.06,0,0,0,0,1,1,0,0,0,0,1,1701043200,6,1,53,25,25,0,-1,2,1,2,2,2,2,4,4,0,0,1,1,0,2,1,55,39,138,77,1.45,1.07,2.52,0,0,0,0,0,0,1,1,0,0,1,0,0,0,1,11,16,-1,-1,-1,-1,-1,-1,17,27,61,76,89,46,74,77,41,9.78,2.86,4.78,2.74,/clubs/houston-dynamo-6,teams/usa-houston-dynamo.png,Houston Dynamo,/clubs/sporting-kansas-city-8,teams/usa-sporting-kansas-city.png,Sporting KC,1.51,1.34,1.51,1.38,1.51,1.38,84,73,40,25,11,64,52,38,1.25,1.4,2.65,/usa/houston-dynamo-vs-sporting-kansas-city-h2h-stats#7262408,8777,38,True,False,False,False,False,False,False,['39'],[]
MLS,2023,8777,7262409,18,6490,2023,complete,96851,0,-1,[],['30'],0,1,1,10,2,12,0,0,3,3,0,0,8,2,4,4,12,6,16,16,64,36,15,25,39588,,,3,3,2.45,3.36,2.86,1.04,1.28,1.83,3.25,6.0,12.0,3.6,1.95,1.33,1.12,1.7,2.05,3.0,1.33,3.6,1.25,1.4,1.25,1.63,3.0,2.2,3.5,2.6,2.55,3.1,0,0,1.14,1.29,1.61,1.8,2.46,4.7,3.18,2.3,1.95,1.54,1.69,8.5,2.53,1.73,10.0,2.2,4.2,5.0,1.36,2.75,8.0,21.0,3.0,1.4,1.08,1.02,1.22,2.0,4.33,11.0,4.0,1.73,1.2,1.05,0,0,0,0,1,0,1,0,0,0,1,1701052200,6490,1,47,11,17,0,33649,2,1,3,0,7,2,3,9,2,0,1,3,2,4,1,71,23,152,71,1.85,0.69,2.54,0,0,0,0,0,0,1,1,0,0,0,0,0,0,1,19,12,-1,-1,-1,-1,-1,-1,15,25,47,69,85,30,70,70,41,11.93,3.48,3.93,2.49,/clubs/seattle-sounders-fc-18,teams/usa-seattle-sounders-fc.png,Seattle Sounders,/clubs/los-angeles-fc-6490,teams/usa-los-angeles-fc.png,Los Angeles FC,1.55,1.64,1.59,1.61,1.59,1.61,85,75,53,32,15,70,60,54,1.31,1.57,2.88,/usa/seattle-sounders-fc-vs-los-angeles-fc-h2h-stats#7262409,8777,38,True,False,False,False,False,False,False,[],['30']
MLS,2023,8777,7271629,8043,9,2023,complete,96850,0,-1,"['14', '45+3']","['115', '75', '86']",2,3,5,3,8,11,4,1,4,2,0,0,6,8,3,6,9,14,17,11,33,67,3,40182,39282,,,4,2,2.13,3.4,2.88,1.05,1.26,1.82,2.35,5.5,10.0,3.5,1.88,1.55,1.13,1.62,2.2,2.95,1.35,3.8,1.22,1.33,1.3,1.7,2.87,2.31,3.88,2.4,2.5,3.25,0,0,1.37,1.67,2.1,2.7,3.7,2.65,2.02,1.62,1.36,1.2,1.71,7.0,2.5,1.67,10.0,2.3,3.95,6.0,1.38,2.83,7.0,19.0,3.19,1.46,1.1,1.02,1.2,1.91,4.0,10.0,4.33,1.8,1.22,1.06,0,0,0,0,5,2,0,0,3,3,2,1701558000,9,1,61,26,35,0,-1,2,1,1,2,2,6,3,8,0,1,4,1,1,5,1,35,136,90,193,1.25,2.44,3.69,0,0,0,0,0,0,1,1,0,0,0,0,0,0,-1,-1,-1,-1,-1,-1,-1,-1,-1,19,32,60,85,99,45,78,83,52,10.1,3.23,4.27,3.08,/clubs/fc-cincinnati-8043,teams/usa-fc-cincinnati.png,FC Cincinnati,/clubs/columbus-crew-9,teams/usa-columbus-crew.png,Columbus Crew,2.0,1.8,2.05,1.74,2.05,1.74,82,68,40,15,2,51,43,32,1.32,1.56,2.88,/usa/columbus-crew-vs-fc-cincinnati-h2h-stats#7271629,8777,38,True,True,True,True,True,False,True,"['14', '45+3']","['115', '75', '86']"
MLS,2023,8777,7272071,6490,6,2023,complete,96850,0,-1,"['44', '80']",[],2,0,2,10,3,13,4,1,0,2,0,0,6,5,9,2,15,7,14,8,41,59,13864,39588,20,,,0,2,2.5,3.3,2.8,1.03,1.25,1.72,2.35,6.0,13.0,3.75,2.12,1.55,1.12,1.91,1.91,2.3,1.55,5.0,1.13,1.17,1.25,2.25,2.2,2.3,5.5,1.91,2.7,4.75,0,0,1.3,1.56,1.95,2.48,3.25,2.95,2.2,1.75,1.44,1.25,1.46,8.0,3.35,1.4,11.0,3.0,2.75,7.5,1.36,2.63,7.0,19.0,3.0,1.44,1.1,1.02,1.2,2.0,4.33,11.0,4.33,1.73,1.2,1.05,0,0,0,0,2,1,0,1,0,1,1,1701570600,6490,1,48,28,25,0,-1,2,1,4,0,6,3,4,9,0,1,0,1,1,1,1,48,47,79,108,1.71,1.15,2.86,0,0,0,0,0,0,1,1,0,0,0,0,0,0,1,24,18,-1,-1,-1,1,0,1,16,26,52,72,88,35,75,74,43,10.13,3.31,5.03,2.66,/clubs/los-angeles-fc-6490,teams/usa-los-angeles-fc.png,Los Angeles FC,/clubs/houston-dynamo-6,teams/usa-houston-dynamo.png,Houston Dynamo,1.64,1.51,1.65,1.55,1.65,1.55,84,75,48,28,13,66,56,43,1.55,1.26,2.81,/usa/houston-dynamo-vs-los-angeles-fc-h2h-stats#7272071,8777,39,True,True,False,False,False,False,False,"['44', '80']",[]
MLS,2023,8777,7276812,9,6490,2023,complete,96849,0,-1,"['33', '37']",['74'],2,1,3,9,1,10,0,3,3,4,0,0,5,5,6,4,11,9,12,19,61,39,7,39282,39588,,,3,4,2.23,3.5,3.15,1.05,1.27,1.89,2.98,5.45,9.5,3.92,2.01,1.41,1.16,1.7,2.05,3.0,1.34,3.7,1.24,1.36,1.3,1.61,2.88,2.2,3.75,2.5,2.45,3.25,0,0,1.2,1.39,1.7,2.2,3.0,3.9,2.65,1.95,1.55,1.32,1.64,8.5,2.66,1.73,9.5,2.3,3.95,5.5,1.36,2.75,7.0,21.0,3.0,1.4,1.1,1.02,1.22,2.0,4.33,11.0,4.0,1.73,1.2,1.05,0,0,0,0,3,2,0,0,1,1,2,1702155600,9,1,60,21,29,0,-1,2,1,5,1,4,0,6,4,0,0,3,4,0,7,1,80,48,96,87,1.62,1.27,2.89,1,0,1,0,0,0,1,1,0,0,1,0,0,0,1,23,18,-1,-1,-1,-1,-1,-1,23,34,56,86,94,42,81,77,55,11.67,3.38,3.98,3.09,/clubs/columbus-crew-9,teams/usa-columbus-crew.png,Columbus Crew,/clubs/los-angeles-fc-6490,teams/usa-los-angeles-fc.png,Los Angeles FC,1.8,1.64,1.77,1.68,1.77,1.68,77,67,44,15,7,61,53,42,1.59,1.55,3.14,/usa/columbus-crew-vs-los-angeles-fc-h2h-stats#7276812,8777,39,True,True,True,False,False,False,True,"['33', '37']",['74']
