download_league,download_season,download_season_id,id,homeID,awayID,season,status,roundID,game_week,revised_game_week,homeGoals,awayGoals,homeGoalCount,awayGoalCount,totalGoalCount,team_a_corners,team_b_corners,totalCornerCount,team_a_offsides,team_b_offsides,team_a_yellow_cards,team_b_yellow_cards,team_a_red_cards,team_b_red_cards,team_a_shotsOnTarget,team_b_shotsOnTarget,team_a_shotsOffTarget,team_b_shotsOffTarget,team_a_shots,team_b_shots,team_a_fouls,team_b_fouls,team_a_possession,team_b_possession,refereeID,coach_a_ID,coach_b_ID,stadium_name,stadium_location,team_a_cards_num,team_b_cards_num,odds_ft_1,odds_ft_x,odds_ft_2,odds_ft_over05,odds_ft_over15,odds_ft_over25,odds_ft_over35,odds_ft_over45,odds_ft_under05,odds_ft_under15,odds_ft_under25,odds_ft_under35,odds_ft_under45,odds_btts_yes,odds_btts_no,odds_team_a_cs_yes,odds_team_a_cs_no,odds_team_b_cs_yes,odds_team_b_cs_no,odds_doublechance_1x,odds_doublechance_12,odds_doublechance_x2,odds_1st_half_result_1,odds_1st_half_result_x,odds_1st_half_result_2,odds_2nd_half_result_1,odds_2nd_half_result_x,odds_2nd_half_result_2,odds_dnb_1,odds_dnb_2,odds_corners_over_75,odds_corners_over_85,odds_corners_over_95,odds_corners_over_105,odds_corners_over_115,odds_corners_under_75,odds_corners_under_85,odds_corners_under_95,odds_corners_under_105,odds_corners_under_115,odds_corners_1,odds_corners_x,odds_corners_2,odds_team_to_score_first_1,odds_team_to_score_first_x,odds_team_to_score_first_2,odds_win_to_nil_1,odds_win_to_nil_2,odds_1st_half_over05,odds_1st_half_over15,odds_1st_half_over25,odds_1st_half_over35,odds_1st_half_under05,odds_1st_half_under15,odds_1st_half_under25,odds_1st_half_under35,odds_2nd_half_over05,odds_2nd_half_over15,odds_2nd_half_over25,odds_2nd_half_over35,odds_2nd_half_under05,odds_2nd_half_under15,odds_2nd_half_under25,odds_2nd_half_under35,odds_btts_1st_half_yes,odds_btts_1st_half_no,odds_btts_2nd_half_yes,odds_btts_2nd_half_no,overallGoalCount,ht_goals_team_a,ht_goals_team_b,goals_2hg_team_a,goals_2hg_team_b,GoalCount_2hg,HTGoalCount,date_unix,winningTeam,no_home_away,btts_potential,btts_fhg_potential,btts_2hg_potential,goalTimingDisabled,attendance,corner_timings_recorded,card_timings_recorded,team_a_fh_corners,team_b_fh_corners,team_a_2h_corners,team_b_2h_corners,corner_fh_count,corner_2h_count,team_a_fh_cards,team_b_fh_cards,team_a_2h_cards,team_b_2h_cards,total_fh_cards,total_2h_cards,attacks_recorded,team_a_dangerous_attacks,team_b_dangerous_attacks,team_a_attacks,team_b_attacks,team_a_xg,team_b_xg,total_xg,team_a_penalties_won,team_b_penalties_won,team_a_penalty_goals,team_b_penalty_goals,team_a_penalty_missed,team_b_penalty_missed,pens_recorded,goal_timings_recorded,team_a_0_10_min_goals,team_b_0_10_min_goals,team_a_corners_0_10_min,team_b_corners_0_10_min,team_a_cards_0_10_min,team_b_cards_0_10_min,throwins_recorded,team_a_throwins,team_b_throwins,freekicks_recorded,team_a_freekicks,team_b_freekicks,goalkicks_recorded,team_a_goalkicks,team_b_goalkicks,o45_potential,o35_potential,o25_potential,o15_potential,o05_potential,o15HT_potential,o05HT_potential,o05_2H_potential,o15_2H_potential,corners_potential,offsides_potential,cards_potential,avg_potential,home_url,home_image,home_name,away_url,away_image,away_name,home_ppg,away_ppg,pre_match_home_ppg,pre_match_away_ppg,pre_match_teamA_overall_ppg,pre_match_teamB_overall_ppg,u45_potential,u35_potential,u25_potential,u15_potential,u05_potential,corners_o85_potential,corners_o95_potential,corners_o105_potential,team_a_xg_prematch,team_b_xg_prematch,total_xg_prematch,match_url,competition_id,matches_completed_minimum,over05,over15,over25,over35,over45,over55,btts,homeGoals_timings,awayGoals_timings
MLS,2022,6969,1541006,16,1015,2022,complete,83993,0,-1,['35'],['23'],1,1,2,11,2,13,3,1,2,3,0,0,6,6,16,9,22,15,8,6,53,47,69,12.0,5,,,2,3,1.62,3.8,5.0,1.04,1.28,1.87,3.3,6.0,12.0,3.6,1.91,1.33,1.12,1.91,1.91,2.2,1.61,4.8,1.16,1.17,1.25,2.2,2.3,2.25,5.0,1.95,2.55,4.75,0,0,1.22,1.42,1.74,2.23,3.0,4.0,2.75,2.02,1.61,1.35,1.34,8.5,4.0,1.44,9.7,3.0,2.5,9.0,1.36,2.75,8.0,21.0,3.0,1.4,1.08,1.02,1.23,2.1,4.4,10.5,3.75,1.65,1.18,1.04,0,0,0,0,2,1,1,0,0,0,2,1645898400,-1,0,0,0,0,0,-1,2,1,6,1,5,1,7,6,1,0,1,3,1,4,1,60,42,127,102,2.24,1.67,3.92,0,0,0,0,0,0,1,1,0,0,0,0,0,0,-1,-1,-1,-1,-1,-1,-1,-1,-1,0,0,0,0,0,0,0,0,0,0.0,0.0,0.0,0.0,/clubs/philadelphia-union-16,teams/usa-philadelphia-union.png,Philadelphia Union,/clubs/minnesota-united-fc-1015,teams/usa-minnesota-united-fc.png,Minnesota United,2.47,1.11,0.0,0.0,0.0,0.0,0,0,0,0,0,0,0,0,0.0,0.0,0.0,/usa/philadelphia-union-vs-minnesota-united-fc-h2h-stats#1541006,6969,35,True,True,False,False,False,False,True,['35'],['23']
MLS,2022,6969,1541007,9,5,2022,complete,83993,0,-1,"['8', '25', '84', '87']",[],4,0,4,5,5,10,3,1,3,2,0,1,7,0,13,5,20,5,16,11,57,43,20,10695.0,41087,,,3,3,1.5,4.1,6.0,1.05,1.28,1.87,3.3,6.0,11.0,3.6,1.91,1.33,1.12,1.95,1.8,1.98,1.73,5.5,1.13,1.12,1.22,2.55,2.2,2.25,6.0,1.91,2.65,5.0,0,0,1.22,1.42,1.74,2.23,3.0,4.0,2.75,2.02,1.61,1.35,1.27,9.0,4.6,1.4,9.4,3.4,2.3,9.5,1.4,2.75,8.0,21.0,2.75,1.4,1.08,1.02,1.22,2.05,4.2,10.0,3.8,1.68,1.19,1.04,0,0,0,0,4,2,0,2,0,2,2,1645907400,9,0,0,0,0,0,18939,2,1,3,2,2,3,5,5,1,2,2,1,3,3,1,69,37,125,96,2.25,0.6,2.85,0,0,0,0,0,0,1,1,1,0,2,0,0,0,-1,-1,-1,-1,-1,-1,-1,-1,-1,0,0,0,0,0,0,0,0,0,0.0,0.0,0.0,0.0,/clubs/columbus-crew-9,teams/usa-columbus-crew.png,Columbus Crew,/clubs/vancouver-whitecaps-fc-5,teams/canada-vancouver-whitecaps-fc.png,Vancouver Whitecaps,1.59,0.59,0.0,0.0,0.0,0.0,0,0,0,0,0,0,0,0,0.0,0.0,0.0,/usa/vancouver-whitecaps-fc-vs-columbus-crew-h2h-stats#1541007,6969,34,True,True,True,True,False,False,False,"['8', '25', '84', '87']",[]
MLS,2022,6969,1541008,6490,12,2022,complete,83993,0,-1,"['29', '35', '50']",[],3,0,3,6,5,11,0,2,4,1,0,0,7,1,9,6,16,7,14,14,50,50,7,39588.0,11434,,,4,1,1.7,4.0,4.33,1.02,1.18,1.57,2.29,4.2,17.0,4.75,2.35,1.55,1.22,1.62,2.2,2.65,1.42,5.5,1.13,1.21,1.23,2.1,2.2,2.4,4.75,1.95,2.75,4.33,0,0,1.22,1.42,1.74,2.23,3.0,4.0,2.75,2.02,1.61,1.35,1.38,8.0,3.75,1.44,17.5,2.75,3.25,8.5,1.29,2.38,5.5,15.0,3.5,1.53,1.14,1.03,1.17,1.8,3.5,8.0,4.5,1.87,1.26,1.07,0,0,0,0,3,2,0,1,0,1,2,1645907400,6490,0,0,0,0,0,22010,2,1,3,1,3,4,4,7,0,1,4,0,1,4,1,42,55,109,97,1.81,0.92,2.73,1,0,1,0,0,0,1,1,0,0,0,0,0,1,-1,-1,-1,-1,-1,-1,-1,-1,-1,0,0,0,0,0,0,0,0,0,0.0,0.0,0.0,0.0,/clubs/los-angeles-fc-6490,teams/usa-los-angeles-fc.png,Los Angeles FC,/clubs/colorado-rapids-12,teams/usa-colorado-rapids.png,Colorado Rapids,2.4,0.47,0.0,0.0,0.0,0.0,0,0,0,0,0,0,0,0,0.0,0.0,0.0,/usa/colorado-rapids-vs-los-angeles-fc-h2h-stats#1541008,6969,34,True,True,True,False,False,False,False,"['29', '35', '50']",[]
MLS,2022,6969,1541009,13,19,2022,complete,83993,0,-1,['9'],['45'],1,1,2,2,2,4,4,0,1,1,0,0,4,1,9,6,13,7,9,9,44,56,57,21189.0,211,,,1,1,1.83,3.7,4.0,1.04,1.22,1.7,2.85,5.0,13.0,4.2,2.1,1.42,1.16,1.67,2.1,2.65,1.42,4.8,1.16,1.23,1.25,1.98,2.5,2.3,4.0,2.2,2.6,3.6,0,0,1.24,1.44,1.8,2.3,3.1,3.85,2.65,2.0,1.57,1.33,1.47,7.5,3.25,1.57,11.25,2.5,3.2,7.5,1.33,2.63,6.5,19.0,3.25,1.44,1.11,1.02,1.19,1.9,3.8,8.75,4.2,1.78,1.23,1.06,0,0,0,0,2,1,1,0,0,0,2,1645914600,-1,0,0,0,0,0,12233,2,1,1,1,1,1,2,2,1,1,0,0,2,0,1,44,64,121,143,1.43,0.99,2.43,0,0,0,0,0,0,1,1,1,0,0,1,0,0,-1,-1,-1,-1,-1,-1,-1,-1,-1,0,0,0,0,0,0,0,0,0,0.0,0.0,0.0,0.0,/clubs/fc-dallas-13,teams/usa-fc-dallas.png,FC Dallas,/clubs/toronto-fc-19,teams/canada-toronto-fc.png,Toronto,1.94,0.59,0.0,0.0,0.0,0.0,0,0,0,0,0,0,0,0,0.0,0.0,0.0,/usa/fc-dallas-vs-toronto-fc-h2h-stats#1541009,6969,34,True,True,False,False,False,False,True,['9'],['45']
MLS,2022,6969,1541010,13401,711351,2022,complete,83993,0,-1,"['37', '45+6', '65']",[],3,0,3,3,6,9,2,2,4,1,0,0,4,6,8,6,12,12,0,1,47,53,13864,36107.0,13343,,,4,1,1.62,4.0,4.75,0.0,0.0,1.88,3.2,0.0,0.0,0.0,1.98,1.38,0.0,1.8,1.95,0.0,0.0,0.0,0.0,0.0,0.0,0.0,2.3,2.25,4.75,2.0,0.0,4.33,0,0,0.0,0.0,0.0,0.0,0.0,0.0,0.0,0.0,0.0,0.0,0.0,0.0,0.0,1.5,0.0,2.88,0.0,0.0,1.36,2.63,7.0,19.0,3.0,1.44,1.1,1.02,1.2,2.0,4.0,11.0,4.33,1.73,1.22,1.05,0,0,0,0,3,2,0,1,0,1,2,1645916400,13401,0,0,0,0,0,-1,2,1,1,3,2,3,4,5,2,1,2,0,3,2,1,38,44,117,95,1.33,1.5,2.83,1,0,1,0,0,0,1,1,0,0,0,0,0,0,-1,-1,-1,-1,-1,-1,-1,-1,-1,0,0,0,0,0,0,0,0,0,0.0,0.0,0.0,0.0,/clubs/dc-united-13401,teams/usa-dc-united.png,DC United,/clubs/charlotte-fc-711351,teams/usa-charlotte-fc.png,Charlotte,0.94,0.65,0.0,0.0,0.0,0.0,0,0,0,0,0,0,0,0,0.0,0.0,0.0,/usa/dc-united-vs-charlotte-fc-h2h-stats#1541010,6969,34,True,True,True,False,False,False,False,"['37', '45+6', '65']",[]
MLS,2022,6969,1541011,698284,8043,2022,complete,83993,0,-1,"['2', '14', '43', '61', '90+3']",[],5,0,5,3,5,8,0,1,2,2,0,0,7,2,11,10,18,12,16,6,57,43,31,2339.0,40182,,,2,2,1.8,3.8,4.0,1.03,1.22,1.7,2.85,5.0,13.0,4.2,2.15,1.42,1.16,1.67,2.1,2.8,1.39,4.8,1.16,1.25,1.25,1.93,2.38,2.3,4.5,2.05,2.65,4.0,0,0,1.17,1.32,1.58,2.0,2.6,4.7,3.2,2.28,1.8,1.46,1.41,8.0,3.5,1.5,11.75,2.75,3.1,7.5,1.33,2.5,6.5,19.0,3.25,1.5,1.11,1.02,1.18,1.83,3.75,10.0,4.5,1.83,1.25,1.06,0,0,0,0,5,3,0,2,0,2,3,1645916400,698284,0,0,0,0,0,20738,2,1,2,3,1,2,5,3,1,1,1,1,2,2,1,32,49,81,120,1.85,1.26,3.12,0,0,0,0,0,0,1,1,1,0,0,1,0,0,-1,-1,-1,-1,-1,-1,-1,-1,-1,0,0,0,0,0,0,0,0,0,0.0,0.0,0.0,0.0,/clubs/austin-fc-698284,teams/usa-austin-fc.png,Austin,/clubs/fc-cincinnati-8043,teams/usa-fc-cincinnati.png,FC Cincinnati,1.79,1.47,0.0,0.0,0.0,0.0,0,0,0,0,0,0,0,0,0.0,0.0,0.0,/usa/fc-cincinnati-vs-austin-fc-h2h-stats#1541011,6969,36,True,True,True,True,True,False,False,"['2', '14', '43', '61', '90+3']",[]
MLS,2022,6969,1541012,677446,7,2022,complete,83993,0,-1,[],[],0,0,0,5,4,9,2,3,3,1,0,0,4,1,14,16,18,17,20,8,41,59,19912,28121.0,10695,,,3,1,1.83,3.5,4.1,1.05,1.3,1.87,3.3,6.5,10.0,3.5,1.91,1.33,1.11,1.75,2.0,2.45,1.49,4.5,1.18,1.22,1.27,1.98,2.5,2.2,4.33,2.2,2.5,4.0,0,0,1.22,1.42,1.74,2.23,3.0,4.0,2.75,2.02,1.61,1.35,1.42,8.0,3.5,1.57,9.9,2.63,2.9,7.0,1.4,2.75,8.0,21.0,2.75,1.4,1.08,1.02,1.23,2.05,4.33,10.5,3.8,1.68,1.19,1.04,0,0,0,0,0,0,0,0,0,0,0,1645916400,-1,0,0,0,0,0,-1,2,1,2,3,3,1,5,4,0,0,3,1,0,4,1,35,53,82,119,1.67,1.53,3.2,0,0,0,0,0,0,1,1,0,0,1,0,0,0,-1,-1,-1,-1,-1,-1,-1,-1,-1,0,0,0,0,0,0,0,0,0,0.0,0.0,0.0,0.0,/clubs/club-internacional-de-futbol-miami-677446,teams/usa-club-internacional-de-futbol-miami.png,Inter Miami,/clubs/chicago-fire-7,teams/usa-chicago-fire.png,Chicago Fire,1.94,0.94,0.0,0.0,0.0,0.0,0,0,0,0,0,0,0,0,0.0,0.0,0.0,/usa/chicago-fire-vs-club-internacional-de-futbol-miami-h2h-stats#1541012,6969,34,False,False,False,False,False,False,False,[],[]
MLS,2022,6969,1541013,15,4,2022,complete,83993,0,-1,['69'],"['45+1', '72', '90+2']",1,3,4,4,6,10,0,0,0,3,0,0,2,8,8,11,10,19,6,22,69,31,36,41530.0,11574,,,0,3,2.63,3.3,2.6,1.06,1.33,1.95,3.6,7.0,10.0,3.25,1.83,1.28,1.09,1.8,1.95,3.25,1.3,3.25,1.3,1.47,1.31,1.47,3.4,2.1,3.25,2.88,2.4,2.88,0,0,1.24,1.44,1.8,2.3,3.15,3.85,2.65,2.0,1.57,1.33,1.87,7.0,2.28,2.1,8.8,1.91,4.4,4.2,1.44,3.25,9.0,26.0,2.63,1.33,1.07,1.01,1.24,2.1,4.5,11.0,3.7,1.65,1.17,1.04,0,0,0,0,4,0,1,1,2,3,1,1645916400,4,0,0,0,0,0,-1,2,1,1,5,3,1,6,4,0,0,0,3,0,3,1,62,23,142,69,1.24,1.92,3.16,0,0,0,0,0,0,1,1,0,0,1,0,0,0,-1,-1,-1,-1,-1,-1,-1,-1,-1,0,0,0,0,0,0,0,0,0,0.0,0.0,0.0,0.0,/clubs/san-jose-earthquakes-15,teams/usa-san-jose-earthquakes.png,SJ Earthquakes,/clubs/new-york-red-bulls-4,teams/usa-new-york-red-bulls.png,New York RB,1.59,1.76,0.0,0.0,0.0,0.0,0,0,0,0,0,0,0,0,0.0,0.0,0.0,/usa/new-york-red-bulls-vs-san-jose-earthquakes-h2h-stats#1541013,6969,34,True,True,True,True,False,False,True,['69'],"['45+1', '72', '90+2']"
MLS,2022,6969,1541014,20,11,2022,complete,83993,0,-1,"['60', '78']","['41', '63']",2,2,4,4,9,13,2,1,4,2,0,0,6,7,10,10,16,17,6,8,55,45,11,42128.0,21032,,,4,2,2.1,3.5,3.1,1.03,1.2,1.67,2.7,4.75,13.0,4.33,2.2,1.47,1.18,1.57,2.25,3.25,1.3,4.4,1.19,1.34,1.29,1.68,2.75,2.3,3.6,2.5,2.6,3.1,0,0,1.17,1.3,1.53,1.93,2.48,4.5,3.35,2.4,1.88,1.5,1.63,7.5,2.7,1.67,12.75,2.25,3.8,6.5,1.33,2.5,6.5,17.0,3.25,1.5,1.11,1.03,1.18,1.85,3.6,8.25,4.33,1.83,1.25,1.06,0,0,0,0,4,0,1,2,1,3,1,1645921800,-1,0,0,0,0,0,-1,2,1,0,6,4,3,6,7,2,0,2,2,2,4,1,49,56,136,101,1.8,1.97,3.76,0,0,0,0,0,0,1,1,0,0,0,2,0,0,-1,-1,-1,-1,-1,-1,-1,-1,-1,0,0,0,0,0,0,0,0,0,0.0,0.0,0.0,0.0,/clubs/portland-timbers-20,teams/usa-portland-timbers.png,Portland Timbers,/clubs/new-england-revolution-11,teams/usa-new-england-revolution.png,New England Revolution,1.76,0.88,0.0,0.0,0.0,0.0,0,0,0,0,0,0,0,0,0.0,0.0,0.0,/usa/new-england-revolution-vs-portland-timbers-h2h-stats#1541014,6969,34,True,True,True,True,False,False,True,"['60', '78']","['41', '63']"
MLS,2022,6969,1541015,17,1,2022,complete,83993,0,-1,"['49', '59']",[],2,0,2,3,7,10,1,4,3,3,1,1,3,4,6,6,9,10,16,15,49,51,42,21031.0,39282,,,4,5,1.94,3.7,3.8,1.04,1.28,1.88,3.25,6.0,12.0,3.6,2.02,1.33,1.12,1.75,2.0,2.65,1.42,4.33,1.19,1.27,1.28,1.85,2.5,2.2,4.33,2.2,2.5,4.0,0,0,1.23,1.46,1.83,2.34,3.14,3.72,2.64,1.98,1.57,1.31,1.47,7.5,3.25,1.53,10.0,2.63,3.2,6.5,1.36,2.75,7.0,21.0,3.0,1.4,1.1,1.02,1.22,2.0,4.33,11.0,4.0,1.73,1.2,1.05,0,0,0,0,2,0,0,2,0,2,0,1645984800,17,0,0,0,0,0,-1,2,1,3,5,0,2,8,2,0,0,4,4,0,8,1,27,46,78,85,0.98,1.25,2.23,0,0,0,0,0,0,1,1,0,0,0,3,0,0,-1,-1,-1,-1,-1,-1,-1,-1,-1,0,0,0,0,0,0,0,0,0,0.0,0.0,0.0,0.0,/clubs/orlando-city-sc-17,teams/usa-orlando-city-sc.png,Orlando City,/clubs/montreal-impact-1,teams/canada-montreal-impact.png,Montreal Impact,1.59,2.06,0.0,0.0,0.0,0.0,0,0,0,0,0,0,0,0,0.0,0.0,0.0,/usa/montreal-impact-vs-orlando-city-sc-h2h-stats#1541015,6969,35,True,True,False,False,False,False,False,"['49', '59']",[]
MLS,2022,6969,1541016,1016,8,2022,complete,83993,0,-1,"['20', '45+3', '89']",['85'],3,1,4,4,4,8,5,1,3,2,0,0,6,1,7,12,13,13,6,15,44,56,15,40852.0,18,,,3,2,1.79,3.9,4.3,1.02,1.22,1.61,2.85,5.0,15.0,4.2,2.2,1.42,1.16,1.7,2.05,2.6,1.44,5.25,1.14,1.22,1.23,2.1,2.38,2.3,4.5,2.05,2.7,4.0,0,0,1.26,1.5,1.9,2.44,3.34,3.48,2.52,1.9,1.53,1.28,1.38,8.0,3.7,1.5,10.75,2.75,3.1,8.0,1.33,2.63,6.5,19.0,3.25,1.44,1.11,1.02,1.19,1.88,3.75,8.5,4.33,1.8,1.23,1.06,0,0,0,0,4,2,0,1,1,2,2,1645992000,1016,0,0,0,0,0,-1,2,1,1,2,3,2,3,5,3,0,0,2,3,2,1,28,58,77,97,1.45,1.31,2.76,0,0,0,0,0,0,1,1,0,0,0,0,1,0,-1,-1,-1,-1,-1,-1,-1,-1,-1,0,0,0,0,0,0,0,0,0,0.0,0.0,0.0,0.0,/clubs/atlanta-united-fc-1016,teams/usa-atlanta-united-fc.png,Atlanta United FC,/clubs/sporting-kansas-city-8,teams/usa-sporting-kansas-city.png,Sporting KC,1.71,0.65,0.0,0.0,0.0,0.0,0,0,0,0,0,0,0,0,0.0,0.0,0.0,/usa/sporting-kansas-city-vs-atlanta-united-fc-h2h-stats#1541016,6969,34,True,True,True,True,False,False,True,"['20', '45+3', '89']",['85']
MLS,2022,6969,1541017,10,2,2022,complete,83993,0,-1,['90'],[],1,0,1,7,5,12,0,4,1,3,0,0,4,0,8,8,12,8,22,22,54,46,13893,2.0,762,,,1,3,2.35,3.5,2.95,1.03,1.22,1.76,2.85,5.0,13.0,4.2,2.16,1.44,1.16,1.62,2.2,3.2,1.31,4.1,1.21,1.38,1.27,1.66,2.88,2.25,3.5,2.5,2.55,3.0,0,0,1.24,1.47,1.86,2.36,3.2,3.64,2.6,1.94,1.56,1.3,1.72,7.0,2.55,1.73,10.75,2.2,4.0,5.5,1.33,2.63,6.5,19.0,3.25,1.44,1.11,1.02,1.2,1.9,3.8,9.0,4.2,1.77,1.22,1.06,0,0,0,0,1,0,0,1,0,1,0,1645999200,10,0,0,0,0,0,-1,2,1,2,2,5,3,4,8,1,1,0,2,2,2,1,36,40,97,86,1.31,0.8,2.11,0,0,0,0,0,0,1,1,0,0,1,0,0,0,-1,-1,-1,-1,-1,-1,-1,-1,-1,0,0,0,0,0,0,0,0,0,0.0,0.0,0.0,0.0,/clubs/la-galaxy-10,teams/usa-la-galaxy.png,LA Galaxy,/clubs/new-york-city-fc-2,teams/usa-new-york-city-fc.png,New York City,1.72,1.26,0.0,0.0,0.0,0.0,0,0,0,0,0,0,0,0,0.0,0.0,0.0,/usa/new-york-city-fc-vs-la-galaxy-h2h-stats#1541017,6969,36,True,False,False,False,False,False,False,['90'],[]
MLS,2022,6969,1541018,6,14,2022,complete,83993,0,-1,[],[],0,0,0,9,8,17,1,1,4,3,0,0,3,2,6,6,9,8,13,9,62,38,13851,10669.0,8,,,4,3,2.14,3.5,3.35,1.04,1.3,1.88,3.3,6.5,12.0,3.5,1.84,1.33,1.11,1.75,2.0,2.8,1.39,4.1,1.21,1.29,1.3,1.73,2.75,2.2,4.0,2.38,2.5,3.5,0,0,1.26,1.5,1.9,2.44,3.34,3.48,2.52,1.9,1.53,1.28,1.61,8.1,3.02,1.67,9.5,2.4,3.5,5.8,1.4,2.75,8.0,21.0,2.75,1.4,1.08,1.02,1.22,2.0,4.1,9.75,3.9,1.7,1.2,1.05,0,0,0,0,0,0,0,0,0,0,0,1646006400,-1,0,0,0,0,0,18561,2,1,4,2,5,6,6,11,2,2,2,1,4,3,1,40,45,105,106,1.08,0.98,2.06,0,0,0,0,0,0,1,1,0,0,2,1,0,0,-1,-1,-1,-1,-1,-1,-1,-1,-1,0,0,0,0,0,0,0,0,0,0.0,0.0,0.0,0.0,/clubs/houston-dynamo-6,teams/usa-houston-dynamo.png,Houston Dynamo,/clubs/real-salt-lake-14,teams/usa-real-salt-lake.png,Real Salt Lake,1.35,0.89,0.0,0.0,0.0,0.0,0,0,0,0,0,0,0,0,0.0,0.0,0.0,/usa/houston-dynamo-vs-real-salt-lake-h2h-stats#1541018,6969,34,False,False,False,False,False,False,False,[],[]
MLS,2022,6969,1541019,18,677447,2022,complete,83993,0,-1,[],['80'],0,1,1,8,1,9,1,2,2,0,0,0,2,4,6,2,8,6,13,11,58,42,58,25.0,24795,,,2,0,1.98,3.5,3.9,1.06,1.29,1.82,3.1,6.0,9.0,3.3,1.91,1.31,1.11,1.78,1.93,2.5,1.47,4.2,1.2,1.24,1.29,1.87,2.45,2.1,4.2,2.2,2.45,3.9,0,0,1.23,1.45,1.81,2.3,3.04,3.72,2.69,2.0,1.59,1.33,1.63,8.1,2.95,1.76,8.5,2.57,3.1,6.5,1.38,2.7,6.75,18.5,2.8,1.4,1.09,1.01,1.24,2.05,4.4,10.5,3.7,1.65,1.18,1.04,0,0,0,0,1,0,0,0,1,1,0,1646010000,677447,0,0,0,0,0,30013,2,1,5,0,3,1,5,4,1,0,1,0,1,1,1,0,0,0,0,1.08,0.9,1.98,0,0,0,0,0,0,1,1,0,0,2,0,0,0,-1,-1,-1,-1,-1,-1,-1,-1,-1,0,0,0,0,0,0,0,0,0,0.0,0.0,0.0,0.0,/clubs/seattle-sounders-fc-18,teams/usa-seattle-sounders-fc.png,Seattle Sounders,/clubs/nashville-sc-mls-677447,teams/usa-nashville-sc-mls.png,Nashville SC,1.76,1.44,0.0,0.0,0.0,0.0,0,0,0,0,0,0,0,0,0.0,0.0,0.0,/usa/seattle-sounders-fc-vs-nashville-sc-mls-h2h-stats#1541019,6969,34,True,False,False,False,False,False,False,[],['80']
MLS,2022,6969,1541020,11,13,2022,complete,83993,0,-1,['45+2'],[],1,0,1,3,5,8,1,0,2,2,0,0,3,1,6,10,9,11,9,13,48,52,15,21032.0,21189,,,2,2,1.53,4.1,5.5,1.03,1.22,1.75,2.35,5.0,13.0,4.0,1.95,1.52,1.16,1.8,1.95,2.1,1.65,5.5,1.13,1.12,1.2,2.4,2.15,2.3,5.5,1.9,2.85,5.0,0,0,1.2,1.38,1.67,2.12,2.85,4.25,2.9,2.12,1.67,1.38,1.26,9.0,4.7,1.44,14.25,2.91,2.5,10.0,1.36,2.55,6.0,19.0,3.2,1.47,1.11,1.02,1.2,1.9,4.0,8.5,4.5,1.83,1.22,1.05,0,0,0,0,1,1,0,0,0,0,1,1646505000,11,0,0,0,0,0,-1,2,1,2,3,1,2,5,3,0,1,2,1,1,3,1,69,50,126,102,1.29,1.13,2.42,1,0,1,0,0,0,1,1,0,0,0,0,0,0,-1,-1,-1,-1,-1,-1,-1,-1,-1,0,0,0,0,0,0,0,0,0,0.0,0.0,0.0,0.0,/clubs/new-england-revolution-11,teams/usa-new-england-revolution.png,New England Revolution,/clubs/fc-dallas-13,teams/usa-fc-dallas.png,FC Dallas,1.59,1.06,0.0,0.0,1.0,1.0,0,0,0,0,0,0,0,0,0.0,0.0,0.0,/usa/new-england-revolution-vs-fc-dallas-h2h-stats#1541020,6969,34,True,False,False,False,False,False,False,['45+2'],[]
MLS,2022,6969,1541021,19,4,2022,complete,83993,0,-1,['35'],"['17', '24', '40', '42']",1,4,5,7,5,12,1,1,1,3,0,0,3,11,3,4,6,15,12,19,67,33,69,211.0,11574,,,1,3,2.4,3.4,2.75,1.05,1.28,1.75,3.2,6.0,11.0,3.6,1.95,1.35,1.12,1.68,2.15,3.25,1.3,3.6,1.26,1.45,1.28,1.53,3.1,2.15,3.4,2.8,2.5,3.1,0,0,1.22,1.42,1.74,2.23,3.0,4.0,2.75,2.02,1.61,1.35,1.79,7.0,2.4,1.88,12.25,2.01,4.2,5.0,1.4,2.8,7.0,21.0,3.0,1.42,1.09,1.02,1.22,2.05,4.33,10.0,4.0,1.72,1.2,1.03,0,0,0,0,5,1,4,0,0,0,5,1646506800,4,0,50,0,50,0,23121,2,1,3,2,4,3,5,7,0,1,1,2,1,3,1,71,36,123,108,1.12,1.98,3.1,0,0,0,0,0,0,1,1,0,0,1,1,0,0,-1,-1,-1,-1,-1,-1,-1,-1,-1,0,50,50,50,50,0,50,50,50,6.0,0.0,3.0,2.0,/clubs/toronto-fc-19,teams/canada-toronto-fc.png,Toronto,/clubs/new-york-red-bulls-4,teams/usa-new-york-red-bulls.png,New York RB,1.41,1.76,0.0,3.0,1.0,3.0,50,0,0,0,0,50,50,0,0.0,1.92,1.92,/usa/new-york-red-bulls-vs-toronto-fc-h2h-stats#1541021,6969,34,True,True,True,True,True,False,True,['35'],"['17', '24', '40', '42']"
MLS,2022,6969,1541022,8,6,2022,complete,83993,0,-1,['60'],[],1,0,1,4,2,6,0,1,1,3,0,0,5,3,8,2,13,5,9,16,58,42,13864,18.0,10669,,,1,3,1.69,4.08,4.46,1.03,1.22,1.61,2.7,4.75,13.0,4.33,2.25,1.47,1.18,1.66,2.15,2.6,1.44,5.5,1.13,1.18,1.22,2.15,2.3,2.3,4.75,2.05,2.8,4.33,0,0,1.18,1.34,1.61,2.02,2.7,4.5,3.1,2.23,1.74,1.44,1.33,8.5,4.0,1.51,15.0,2.63,2.9,9.0,1.33,2.5,6.0,17.0,3.25,1.5,1.12,1.01,1.18,1.87,3.75,8.0,4.5,1.9,1.25,1.06,0,0,0,0,1,0,0,1,0,1,0,1646512200,8,0,0,0,0,0,-1,2,1,3,0,1,2,3,3,0,0,1,3,0,4,1,55,27,121,82,1.58,0.73,2.31,0,0,0,0,0,0,1,1,0,0,1,0,0,0,-1,-1,-1,-1,-1,-1,-1,-1,-1,0,0,0,0,0,0,0,0,0,0.0,0.0,0.0,0.0,/clubs/sporting-kansas-city-8,teams/usa-sporting-kansas-city.png,Sporting KC,/clubs/houston-dynamo-6,teams/usa-houston-dynamo.png,Houston Dynamo,1.71,0.76,0.0,0.0,0.0,1.0,0,0,0,0,0,0,0,0,0.0,0.0,0.0,/usa/houston-dynamo-vs-sporting-kansas-city-h2h-stats#1541022,6969,34,True,False,False,False,False,False,False,['60'],[]
MLS,2022,6969,1541023,1,16,2022,complete,83993,0,-1,['32'],"['53', '56']",1,2,3,6,1,7,1,2,3,1,0,1,6,4,6,5,12,9,16,16,65,35,36,39282.0,12,,,3,2,2.25,3.5,3.05,1.05,1.3,1.85,3.3,6.5,11.0,3.5,1.93,1.33,1.11,1.72,2.1,3.1,1.32,3.7,1.25,1.4,1.25,1.6,3.0,2.15,3.6,2.75,2.5,3.2,0,0,1.22,1.42,1.74,2.23,3.0,4.0,2.75,2.02,1.61,1.35,1.71,7.5,2.55,1.85,11.75,2.07,3.9,5.5,1.4,2.85,7.0,21.0,2.95,1.4,1.08,1.02,1.22,2.1,4.5,10.0,4.0,1.7,1.18,1.03,0,0,0,0,3,1,0,0,2,2,1,1646514000,16,0,0,0,0,0,-1,2,1,3,1,3,0,4,3,2,0,1,2,2,3,1,59,41,110,121,1.61,1.16,2.77,0,0,0,0,0,0,1,1,0,0,2,0,0,0,-1,-1,-1,-1,-1,-1,-1,-1,-1,0,0,0,0,0,0,0,0,0,0.0,0.0,0.0,0.0,/clubs/montreal-impact-1,teams/canada-montreal-impact.png,Montreal Impact,/clubs/philadelphia-union-16,teams/usa-philadelphia-union.png,Philadelphia Union,1.74,1.5,0.0,0.0,0.0,1.0,0,0,0,0,0,0,0,0,0.0,0.0,0.0,/usa/montreal-impact-vs-philadelphia-union-h2h-stats#1541023,6969,36,True,True,True,False,False,False,True,['32'],"['53', '56']"
MLS,2022,6969,1541024,15,9,2022,complete,83993,0,-1,"['9', '84', '90+6']","['40', '68', '73']",3,3,6,4,9,13,0,1,3,4,1,0,4,8,3,12,7,20,15,15,46,54,5016,41530.0,13,,,5,4,2.2,3.62,3.06,1.03,1.22,1.72,2.95,5.5,15.0,4.0,2.1,1.4,1.15,1.6,2.25,3.6,1.26,3.6,1.25,1.52,1.25,1.52,3.2,2.25,3.2,2.9,2.6,2.9,0,0,1.22,1.42,1.74,2.23,3.0,4.0,2.75,2.02,1.61,1.35,1.79,7.0,2.4,1.92,14.25,1.93,4.4,5.0,1.33,2.6,6.0,19.0,3.3,1.47,1.11,1.02,1.2,1.95,4.0,9.0,4.33,1.8,1.22,1.04,0,0,0,0,6,1,1,2,2,4,2,1646519400,-1,0,50,0,50,0,-1,2,1,1,3,3,6,4,9,2,1,2,3,3,5,1,27,52,81,103,0.93,2.19,3.12,1,0,1,0,0,0,1,1,1,0,0,0,0,0,-1,-1,-1,-1,-1,-1,-1,-1,-1,0,50,50,50,50,0,50,50,50,4.0,0.0,0.0,2.0,/clubs/san-jose-earthquakes-15,teams/usa-san-jose-earthquakes.png,SJ Earthquakes,/clubs/columbus-crew-9,teams/usa-columbus-crew.png,Columbus Crew,1.59,1.12,0.0,0.0,0.0,3.0,50,0,0,0,0,50,50,0,1.24,0.0,1.24,/usa/columbus-crew-vs-san-jose-earthquakes-h2h-stats#1541024,6969,34,True,True,True,True,True,True,True,"['9', '84', '90+6']","['40', '68', '73']"
MLS,2022,6969,1541025,8043,13401,2022,complete,83993,0,-1,[],['90+8'],0,1,1,7,4,11,3,2,1,1,0,1,7,2,10,9,17,11,16,13,51,49,84,40182.0,36107,,,1,3,3.13,3.52,2.2,1.04,1.28,1.83,3.1,6.0,12.0,3.6,1.96,1.36,1.12,1.7,2.1,3.9,1.23,3.0,1.34,1.72,1.25,1.33,3.75,2.2,2.8,3.5,2.55,2.5,0,0,1.22,1.42,1.74,2.23,3.0,4.0,2.75,2.02,1.61,1.35,2.28,7.0,1.87,2.17,12.5,1.76,5.5,3.7,1.38,2.75,6.5,21.0,3.1,1.42,1.09,1.02,1.22,2.05,4.2,10.0,4.0,1.75,1.2,1.03,0,0,0,0,1,0,0,0,1,1,0,1646521200,13401,0,0,0,0,0,-1,2,1,1,1,6,3,2,9,0,0,1,2,0,3,1,55,46,124,82,1.97,1.17,3.13,0,1,0,1,0,0,1,1,0,0,0,1,0,0,-1,-1,-1,-1,-1,-1,-1,-1,-1,0,0,0,0,0,0,0,0,0,0.0,0.0,0.0,0.0,/clubs/fc-cincinnati-8043,teams/usa-fc-cincinnati.png,FC Cincinnati,/clubs/dc-united-13401,teams/usa-dc-united.png,DC United,1.41,0.65,0.0,0.0,0.0,3.0,0,0,0,0,0,0,0,0,0.0,0.0,0.0,/usa/fc-cincinnati-vs-dc-united-h2h-stats#1541025,6969,34,True,False,False,False,False,False,False,[],['90+8']
MLS,2022,6969,1541026,7,17,2022,complete,83993,0,-1,[],[],0,0,0,5,3,8,3,1,5,2,0,0,5,2,5,5,10,7,21,14,52,48,13967,10695.0,21031,,,5,2,1.98,3.64,3.54,1.04,1.25,1.77,3.1,5.5,12.0,3.75,2.03,1.38,1.14,1.68,2.1,2.8,1.39,4.2,1.2,1.28,1.25,1.83,2.6,2.2,4.2,2.35,2.6,3.75,0,0,1.22,1.42,1.74,2.23,3.0,4.0,2.75,2.02,1.61,1.35,1.47,7.5,3.25,1.67,13.25,2.31,3.4,6.5,1.38,2.7,6.5,19.0,3.0,1.44,1.09,1.02,1.2,2.0,4.2,9.0,4.2,1.75,1.2,1.04,0,0,0,0,0,0,0,0,0,0,0,1646521200,-1,0,0,0,0,0,-1,2,1,4,2,1,1,6,2,1,0,4,2,1,6,1,38,34,110,97,1.27,0.84,2.11,0,0,0,0,0,0,1,1,0,0,0,1,0,0,-1,-1,-1,-1,-1,-1,-1,-1,-1,0,0,0,0,0,0,0,0,0,0.0,0.0,0.0,0.0,/clubs/chicago-fire-7,teams/usa-chicago-fire.png,Chicago Fire,/clubs/orlando-city-sc-17,teams/usa-orlando-city-sc.png,Orlando City,1.35,1.17,0.0,0.0,1.0,3.0,0,0,0,0,0,0,0,0,0.0,0.0,0.0,/usa/chicago-fire-vs-orlando-city-sc-h2h-stats#1541026,6969,34,False,False,False,False,False,False,False,[],[]
MLS,2022,6969,1541027,1015,677447,2022,complete,83993,0,-1,['72'],['5'],1,1,2,5,4,9,0,0,2,2,0,0,4,2,9,10,13,12,12,8,55,45,7,5.0,24795,,,2,2,2.17,3.4,3.3,1.07,1.36,1.99,3.75,7.5,9.0,3.1,1.8,1.25,1.08,1.85,1.9,2.65,1.43,3.75,1.24,1.36,1.3,1.6,3.1,2.05,3.75,2.7,2.4,3.4,0,0,1.22,1.42,1.74,2.23,3.0,4.0,2.75,2.02,1.61,1.35,1.71,7.5,2.55,1.83,9.9,2.17,3.75,5.0,1.47,3.1,8.0,21.0,2.65,1.33,1.06,1.02,1.25,2.25,5.0,11.0,3.6,1.6,1.15,1.02,0,0,0,0,2,0,1,1,0,1,1,1646521200,-1,0,0,0,0,0,-1,2,1,4,3,1,1,7,2,2,1,0,1,3,1,1,46,31,142,113,1.45,1.13,2.59,0,0,0,0,0,0,1,1,0,1,0,0,0,0,-1,-1,-1,-1,-1,-1,-1,-1,-1,0,0,0,0,50,0,0,50,0,1.0,2.0,0.0,0.5,/clubs/minnesota-united-fc-1015,teams/usa-minnesota-united-fc.png,Minnesota United,/clubs/nashville-sc-mls-677447,teams/usa-nashville-sc-mls.png,Nashville SC,1.71,1.44,0.0,3.0,1.0,3.0,50,50,50,50,0,50,0,0,0.0,0.9,0.9,/usa/minnesota-united-fc-vs-nashville-sc-mls-h2h-stats#1541027,6969,35,True,True,False,False,False,False,True,['72'],['5']
MLS,2022,6969,1541028,12,1016,2022,complete,83993,0,-1,"['33', '48', '87']",[],3,0,3,5,8,13,2,3,4,3,0,1,3,3,6,10,9,13,18,14,36,64,13893,11434.0,40852,,,4,4,1.92,3.72,3.72,1.03,1.25,1.77,3.1,5.5,13.0,3.75,2.03,1.38,1.14,1.68,2.15,3.0,1.34,4.2,1.2,1.36,1.25,1.72,2.8,2.2,3.75,2.5,2.6,3.4,0,0,1.24,1.45,1.83,2.33,3.2,3.75,2.6,1.98,1.56,1.32,1.53,7.5,3.05,1.74,13.5,2.18,3.5,6.0,1.36,2.65,6.5,19.0,3.2,1.44,1.09,1.02,1.2,2.0,4.2,9.5,4.2,1.75,1.2,1.04,0,0,0,0,3,1,0,2,0,2,1,1646521200,12,0,0,0,0,0,-1,2,1,2,3,3,5,5,8,2,2,2,2,4,4,1,29,36,61,134,0.99,1.31,2.3,0,0,0,0,0,0,1,1,0,0,1,0,0,0,-1,-1,-1,-1,-1,-1,-1,-1,-1,0,0,0,0,0,0,0,0,0,0.0,0.0,0.0,0.0,/clubs/colorado-rapids-12,teams/usa-colorado-rapids.png,Colorado Rapids,/clubs/atlanta-united-fc-1016,teams/usa-atlanta-united-fc.png,Atlanta United FC,2.06,0.65,0.0,0.0,0.0,3.0,0,0,0,0,0,0,0,0,0.0,0.0,0.0,/usa/colorado-rapids-vs-atlanta-united-fc-h2h-stats#1541028,6969,34,True,True,True,False,False,False,False,"['33', '48', '87']",[]
MLS,2022,6969,1541029,14,18,2022,complete,83993,0,-1,['46'],[],1,0,1,6,2,8,2,1,2,2,0,0,6,6,8,2,14,8,8,6,49,51,20,8.0,25,,,2,2,2.4,3.4,2.88,1.06,1.33,1.94,3.5,6.5,10.0,3.3,1.85,1.3,1.1,1.75,2.0,2.95,1.35,3.5,1.27,1.4,1.28,1.57,3.1,2.1,3.6,2.75,2.45,3.25,0,0,1.2,1.38,1.67,2.12,2.85,4.25,2.9,2.12,1.67,1.38,1.71,7.5,2.55,1.84,11.0,2.11,4.2,5.0,1.44,2.95,7.5,23.0,2.8,1.38,1.07,1.02,1.25,2.15,4.75,11.0,3.75,1.66,1.17,1.02,0,0,0,0,1,0,0,1,0,1,0,1646521200,14,0,0,0,0,0,-1,2,1,1,1,5,1,2,6,0,0,2,2,0,4,1,43,24,136,70,1.63,1.11,2.73,0,0,0,0,0,0,1,1,0,0,0,0,0,0,-1,-1,-1,-1,-1,-1,-1,-1,-1,0,0,0,0,0,0,0,0,0,0.0,0.0,0.0,0.0,/clubs/real-salt-lake-14,teams/usa-real-salt-lake.png,Real Salt Lake,/clubs/seattle-sounders-fc-18,teams/usa-seattle-sounders-fc.png,Seattle Sounders,1.88,0.65,0.0,0.0,1.0,0.0,0,0,0,0,0,0,0,0,0.0,0.0,0.0,/usa/real-salt-lake-vs-seattle-sounders-fc-h2h-stats#1541029,6969,34,True,False,False,False,False,False,False,['46'],[]
MLS,2022,6969,1541030,5,2,2022,complete,83993,0,-1,[],[],0,0,0,5,8,13,1,1,2,2,0,0,1,5,10,14,11,19,17,21,30,70,42,41087.0,762,,,2,2,3.7,3.72,1.92,1.03,1.22,1.74,2.95,5.5,13.0,4.0,2.07,1.4,1.15,1.66,2.2,4.4,1.19,2.8,1.38,1.85,1.22,1.3,4.0,2.25,2.6,3.75,2.65,2.3,0,0,1.25,1.47,1.85,2.38,3.25,3.7,2.55,1.95,1.54,1.3,2.4,7.0,1.79,2.31,14.25,1.65,6.5,3.4,1.35,2.6,6.0,19.0,3.2,1.47,1.11,1.02,1.2,1.95,4.0,9.0,4.33,1.8,1.22,1.04,0,0,0,0,0,0,0,0,0,0,0,1646521200,-1,0,0,0,0,0,-1,2,1,0,5,5,3,5,8,1,0,1,2,1,3,1,24,63,77,105,0.94,2.0,2.94,0,0,0,0,0,0,1,1,0,0,0,1,0,0,-1,-1,-1,-1,-1,-1,-1,-1,-1,0,0,0,0,50,0,0,50,0,5.0,4.0,3.0,0.5,/clubs/vancouver-whitecaps-fc-5,teams/canada-vancouver-whitecaps-fc.png,Vancouver Whitecaps,/clubs/new-york-city-fc-2,teams/usa-new-york-city-fc.png,New York City,1.94,1.26,0.0,0.0,0.0,0.0,50,50,50,50,0,50,50,50,0.0,0.8,0.8,/usa/new-york-city-fc-vs-vancouver-whitecaps-fc-h2h-stats#1541030,6969,34,False,False,False,False,False,False,False,[],[]
MLS,2022,6969,1541031,711351,10,2022,complete,83993,0,-1,[],['77'],0,1,1,3,7,10,2,1,1,1,0,0,2,5,3,15,5,20,11,9,50,50,57,13343.0,2,,,1,1,3.26,3.54,2.13,1.05,1.28,1.85,3.15,5.9,12.0,3.58,1.94,1.35,1.12,1.7,2.04,3.6,1.25,2.9,1.36,1.69,1.31,1.31,3.58,2.12,2.78,3.2,2.54,2.47,0,0,1.2,1.38,1.67,2.12,2.85,4.25,2.9,2.12,1.67,1.38,2.16,7.0,1.96,2.15,12.0,1.79,5.0,3.75,1.39,2.72,6.2,21.0,2.79,1.4,1.09,1.02,1.24,2.11,4.6,11.0,4.04,1.73,1.2,1.05,0,0,0,0,1,0,0,0,1,1,0,1646526600,10,0,0,0,0,0,-1,2,1,0,5,3,2,5,5,1,1,0,0,2,0,1,39,53,105,99,0.75,1.99,2.75,0,0,0,0,0,0,1,1,0,0,0,0,0,0,-1,-1,-1,-1,-1,-1,-1,-1,-1,0,0,0,0,0,0,0,0,0,0.0,0.0,0.0,0.0,/clubs/charlotte-fc-711351,teams/usa-charlotte-fc.png,Charlotte,/clubs/la-galaxy-10,teams/usa-la-galaxy.png,LA Galaxy,1.82,1.22,0.0,0.0,0.0,3.0,0,0,0,0,0,0,0,0,0.0,0.0,0.0,/usa/la-galaxy-vs-charlotte-fc-h2h-stats#1541031,6969,34,True,False,False,False,False,False,False,[],['77']
MLS,2022,6969,1541032,698284,677446,2022,complete,83993,0,-1,"['22', '26', '51', '64', '90']",['53'],5,1,6,5,3,8,2,1,3,4,0,0,7,6,2,7,9,13,15,15,59,41,11,2339.0,28121,,,3,4,1.62,4.0,5.1,1.05,1.26,1.79,2.9,5.5,9.75,3.5,1.95,1.35,1.13,1.91,1.85,2.35,1.53,4.8,1.16,1.18,1.26,2.1,2.25,2.17,5.1,2.0,2.55,4.4,0,0,1.17,1.3,1.57,1.96,2.54,4.7,3.2,2.34,1.84,1.49,1.32,8.5,4.1,1.54,10.25,3.05,2.7,8.5,1.36,2.6,6.5,17.5,2.9,1.43,1.1,1.01,1.22,2.0,4.1,9.75,3.9,1.71,1.2,1.05,0,0,0,0,6,2,0,3,1,4,2,1646600400,698284,0,0,0,0,0,-1,2,1,3,0,2,3,3,5,2,2,1,2,4,3,1,46,24,90,77,1.4,1.42,2.81,0,0,0,0,0,0,1,1,0,0,0,0,0,0,-1,-1,-1,-1,-1,-1,-1,-1,-1,50,50,50,50,50,50,50,50,50,3.0,0.0,2.0,2.5,/clubs/austin-fc-698284,teams/usa-austin-fc.png,Austin,/clubs/club-internacional-de-futbol-miami-677446,teams/usa-club-internacional-de-futbol-miami.png,Inter Miami,1.79,0.83,3.0,0.0,3.0,1.0,0,0,0,0,0,0,0,0,1.85,0.0,1.85,/usa/club-internacional-de-futbol-miami-vs-austin-fc-h2h-stats#1541032,6969,35,True,True,True,True,True,True,True,"['22', '26', '51', '64', '90']",['53']
MLS,2022,6969,1541033,6490,20,2022,complete,83993,0,-1,['90+3'],['18'],1,1,2,12,1,13,1,3,2,5,0,1,4,4,20,5,24,9,13,20,69,31,31,39588.0,42128,,,2,6,1.67,4.0,4.6,1.02,1.18,1.54,2.33,4.33,17.0,4.75,2.38,1.53,1.2,1.57,2.25,2.85,1.38,5.75,1.12,1.21,1.24,2.1,2.25,2.4,4.5,2.0,2.75,4.0,0,0,1.18,1.39,1.7,2.13,2.8,4.2,2.9,2.15,1.68,1.38,1.37,8.0,3.75,1.5,18.0,2.63,3.2,8.5,1.29,2.25,5.5,15.0,3.5,1.57,1.14,1.03,1.16,1.75,3.3,7.25,4.75,1.95,1.29,1.08,0,0,0,0,2,0,1,1,0,1,1,1646622000,-1,0,0,0,0,0,22102,2,1,5,1,7,0,6,7,1,3,1,3,4,4,1,122,20,172,57,2.67,1.0,3.67,0,0,0,0,0,0,1,1,0,0,0,0,0,0,-1,-1,-1,-1,-1,-1,-1,-1,-1,0,0,50,50,50,50,50,50,0,6.0,0.0,4.0,1.5,/clubs/los-angeles-fc-6490,teams/usa-los-angeles-fc.png,Los Angeles FC,/clubs/portland-timbers-20,teams/usa-portland-timbers.png,Portland Timbers,2.4,0.94,3.0,0.0,3.0,1.0,50,50,0,0,0,50,50,50,1.81,0.0,1.81,/usa/portland-timbers-vs-los-angeles-fc-h2h-stats#1541033,6969,34,True,True,False,False,False,False,True,['90+3'],['18']
MLS,2022,6969,1541034,2,1,2022,complete,83993,0,-1,"['7', '20', '64', '83']",['52'],4,1,5,7,11,18,3,4,1,1,0,0,8,3,9,9,17,12,9,8,51,49,7,762.0,39282,,,1,1,1.54,4.2,6.25,1.04,1.28,1.93,3.3,6.5,11.0,3.6,1.93,1.33,1.11,2.15,1.66,1.85,1.85,6.0,1.11,1.06,1.16,2.95,1.95,2.35,7.0,1.75,2.85,6.5,0,0,1.24,1.46,1.95,2.4,3.3,3.5,2.4,1.85,1.47,1.26,1.2,11.5,6.6,1.35,12.75,3.48,2.1,11.0,1.38,2.8,7.0,23.0,2.95,1.42,1.08,1.02,1.22,2.1,4.5,10.0,4.0,1.68,1.18,1.03,0,0,0,0,5,2,0,2,1,3,2,1647108000,2,0,0,0,0,0,-1,2,1,5,4,2,7,9,9,1,1,0,0,2,0,1,52,59,111,119,2.01,1.4,3.41,0,0,0,0,0,0,1,1,1,0,2,0,0,0,-1,-1,-1,-1,-1,-1,-1,-1,-1,0,0,0,50,50,0,0,50,50,7.0,4.0,5.0,1.0,/clubs/new-york-city-fc-2,teams/usa-new-york-city-fc.png,New York City,/clubs/montreal-impact-1,teams/canada-montreal-impact.png,Montreal Impact,2.06,2.06,0.0,0.0,0.5,0.0,50,50,50,0,0,50,50,0,0.0,1.25,1.25,/usa/montreal-impact-vs-new-york-city-fc-h2h-stats#1541034,6969,36,True,True,True,True,True,False,True,"['7', '20', '64', '83']",['52']
MLS,2022,6969,1541035,9,19,2022,complete,83993,0,-1,"['56', '65']",['14'],2,1,3,8,5,13,3,1,3,2,0,0,8,5,6,4,14,9,9,8,48,52,31,13.0,211,,,3,2,1.73,3.98,4.62,1.02,1.2,1.72,2.75,4.75,15.0,4.33,2.02,1.45,1.17,1.7,2.1,2.4,1.51,5.5,1.13,1.16,1.18,2.35,2.15,2.4,5.0,1.95,2.8,4.75,0,0,1.24,1.46,1.93,2.4,3.3,3.5,2.4,1.88,1.47,1.26,1.3,8.5,4.25,1.47,15.5,2.75,2.62,9.0,1.3,2.45,6.0,17.0,3.4,1.52,1.12,1.02,1.18,1.9,3.75,8.5,4.5,1.87,1.25,1.05,0,0,0,0,3,0,1,2,0,2,1,1647109800,9,0,50,50,0,0,-1,2,1,3,4,5,1,7,6,1,0,2,2,1,4,1,71,34,132,92,1.96,1.17,3.14,0,0,0,0,0,0,1,1,0,0,0,1,0,0,-1,-1,-1,-1,-1,-1,-1,-1,-1,0,50,50,100,100,100,100,50,50,7.0,3.0,4.0,3.0,/clubs/columbus-crew-9,teams/usa-columbus-crew.png,Columbus Crew,/clubs/toronto-fc-19,teams/canada-toronto-fc.png,Toronto,1.59,0.59,3.0,1.0,2.0,0.5,100,50,50,0,0,50,50,0,2.25,0.99,3.24,/usa/columbus-crew-vs-toronto-fc-h2h-stats#1541035,6969,34,True,True,True,False,False,False,True,"['56', '65']",['14']
MLS,2022,6969,1541036,677446,6490,2022,complete,83993,0,-1,[],"['45', '82']",0,2,2,3,3,6,2,0,3,4,1,0,3,2,4,4,7,6,12,15,47,53,15,28121.0,39588,,,5,4,3.7,3.7,1.97,1.02,1.22,1.81,2.9,5.0,15.0,4.2,1.93,1.42,1.16,1.66,2.2,4.8,1.16,2.85,1.38,1.95,1.2,1.28,4.2,2.3,2.45,3.75,2.7,2.25,0,0,1.2,1.39,1.7,2.2,2.95,3.9,2.65,1.98,1.57,1.32,2.55,7.5,1.71,2.32,14.5,1.64,6.5,3.4,1.33,2.55,6.0,17.0,3.3,1.47,1.11,1.02,1.18,1.95,4.0,9.0,4.5,1.83,1.22,1.04,0,0,0,0,2,0,1,0,1,1,1,1647109800,6490,0,0,0,0,0,-1,2,1,1,1,2,2,2,4,2,2,2,2,4,4,1,27,29,82,116,0.86,0.75,1.61,0,0,0,0,0,0,1,1,0,0,0,0,0,0,-1,-1,-1,-1,-1,-1,-1,-1,-1,0,0,0,0,0,0,0,0,0,5.0,2.0,3.0,0.0,/clubs/club-internacional-de-futbol-miami-677446,teams/usa-club-internacional-de-futbol-miami.png,Inter Miami,/clubs/los-angeles-fc-6490,teams/usa-los-angeles-fc.png,Los Angeles FC,1.94,1.53,1.0,0.0,0.5,2.0,50,50,50,50,50,50,0,0,1.67,0.0,1.67,/usa/los-angeles-fc-vs-club-internacional-de-futbol-miami-h2h-stats#1541036,6969,35,True,True,False,False,False,False,False,[],"['45', '82']"
MLS,2022,6969,1541037,18,10,2022,complete,83993,0,-1,"['17', '45+2', '72']","['6', '48']",3,2,5,1,6,7,1,0,5,2,0,0,4,3,4,11,8,14,11,18,36,64,3,25.0,2,,,5,2,2.2,3.3,3.35,1.07,1.36,1.95,3.75,7.5,9.0,3.1,1.95,1.25,1.08,1.9,1.87,2.4,1.5,3.8,1.23,1.28,1.28,1.8,2.75,2.05,4.5,2.45,2.45,3.75,0,0,1.18,1.35,1.62,2.05,2.75,4.24,2.85,2.1,1.63,1.36,1.46,8.0,3.3,1.69,9.55,2.44,2.9,6.0,1.47,3.1,8.0,15.0,2.7,1.33,1.06,1.02,1.28,2.25,5.0,12.0,3.6,1.6,1.15,1.01,0,0,0,0,5,2,1,1,1,2,3,1647117000,18,0,0,0,0,0,-1,2,1,1,2,0,4,3,4,2,2,3,0,4,3,1,29,62,73,125,1.0,1.55,2.55,1,0,1,0,0,0,1,1,0,1,0,0,0,0,-1,-1,-1,-1,-1,-1,-1,-1,-1,0,0,0,0,100,0,0,100,0,15.0,2.0,3.0,1.0,/clubs/seattle-sounders-fc-18,teams/usa-seattle-sounders-fc.png,Seattle Sounders,/clubs/la-galaxy-10,teams/usa-la-galaxy.png,LA Galaxy,1.76,1.22,0.0,3.0,0.0,3.0,100,100,100,100,0,100,50,0,1.08,1.99,3.07,/usa/la-galaxy-vs-seattle-sounders-fc-h2h-stats#1541037,6969,34,True,True,True,True,True,False,True,"['17', '45+2', '72']","['6', '48']"
MLS,2022,6969,1541038,6,5,2022,complete,83993,0,-1,"['33', '50']",['14'],2,1,3,9,10,19,1,2,1,2,0,0,5,2,11,14,16,16,12,9,59,41,84,10669.0,41087,,,1,2,1.62,3.95,5.5,1.05,1.3,1.97,3.28,6.2,11.5,3.45,1.93,1.32,1.11,1.8,1.91,2.5,1.47,4.4,1.18,1.24,1.28,1.88,2.42,2.22,4.84,2.15,2.56,3.95,0,0,1.17,1.26,1.47,1.85,2.37,4.8,3.4,2.4,1.95,1.49,1.36,8.5,3.8,1.62,11.5,2.49,3.0,7.0,1.4,2.83,7.3,15.0,2.95,1.43,1.09,1.02,1.25,2.15,4.5,11.0,3.75,1.66,1.18,1.02,0,0,0,0,3,1,1,1,0,1,2,1647127800,6,0,0,0,0,0,-1,2,1,8,1,1,9,9,10,0,1,1,1,1,2,1,57,44,108,91,1.77,1.47,3.24,0,0,0,0,0,0,1,1,0,0,2,0,0,0,-1,-1,-1,-1,-1,-1,-1,-1,-1,0,50,50,50,50,50,50,50,50,14.0,2.0,7.0,2.0,/clubs/houston-dynamo-6,teams/usa-houston-dynamo.png,Houston Dynamo,/clubs/vancouver-whitecaps-fc-5,teams/canada-vancouver-whitecaps-fc.png,Vancouver Whitecaps,1.35,0.59,1.0,0.0,0.5,0.5,100,50,50,50,50,100,100,50,1.08,0.6,1.68,/usa/vancouver-whitecaps-fc-vs-houston-dynamo-h2h-stats#1541038,6969,34,True,True,True,False,False,False,True,"['33', '50']",['14']
MLS,2022,6969,1541039,13401,7,2022,complete,83993,0,-1,[],"['32', '80']",0,2,2,8,2,10,1,2,3,3,0,0,2,7,6,3,8,10,14,15,56,44,69,36107.0,10695,,,3,3,2.05,3.5,3.4,1.04,1.28,1.86,3.2,6.0,12.0,3.75,2.04,1.36,1.12,1.72,2.1,2.55,1.46,4.6,1.17,1.25,1.25,1.87,2.6,2.2,4.2,2.35,2.6,3.75,0,0,1.21,1.35,1.62,2.05,2.75,3.92,2.85,2.1,1.63,1.36,1.52,7.5,3.05,1.7,9.9,2.6,3.2,6.5,1.38,2.75,6.5,21.0,3.0,1.42,1.09,1.02,1.22,2.05,4.2,10.0,4.0,1.75,1.2,1.03,0,0,0,0,2,0,1,0,1,1,1,1647131400,7,0,0,0,0,0,-1,2,1,4,2,4,0,6,4,2,1,1,2,3,3,1,68,40,83,71,1.14,1.41,2.55,0,0,0,0,0,0,1,1,0,0,0,1,0,0,-1,-1,-1,-1,-1,-1,-1,-1,-1,0,0,50,50,50,50,50,50,0,7.0,5.0,5.0,1.5,/clubs/dc-united-13401,teams/usa-dc-united.png,DC United,/clubs/chicago-fire-7,teams/usa-chicago-fire.png,Chicago Fire,0.94,0.94,3.0,1.0,3.0,1.0,100,100,50,50,50,100,0,0,1.33,1.53,2.86,/usa/chicago-fire-vs-dc-united-h2h-stats#1541039,6969,34,True,True,False,False,False,False,False,[],"['32', '80']"
MLS,2022,6969,1541040,11,14,2022,complete,83993,0,-1,"['45+3', '62']","['78', '88', '90+3']",2,3,5,6,8,14,0,2,3,3,0,0,5,7,7,3,12,10,9,9,50,50,36,21032.0,8,,,3,3,1.52,4.15,5.2,1.03,1.22,1.66,2.8,5.0,13.0,4.2,2.12,1.44,1.16,1.72,2.05,2.35,1.53,5.5,1.13,1.15,1.2,2.35,2.2,2.35,5.0,1.95,2.8,4.75,0,0,1.11,1.22,1.36,1.63,2.05,5.5,4.1,2.8,2.05,1.63,1.27,9.0,4.5,1.53,11.5,2.99,2.6,9.0,1.33,2.55,6.0,17.0,3.3,1.5,1.11,1.02,1.18,1.9,3.75,8.5,4.5,1.83,1.25,1.05,0,0,0,0,5,1,0,1,3,4,1,1647131400,14,0,0,0,0,0,-1,2,1,5,1,1,7,6,8,2,1,1,2,3,3,1,85,90,111,115,1.72,1.77,3.5,0,0,0,0,0,0,1,1,0,0,1,1,1,0,-1,-1,-1,-1,-1,-1,-1,-1,-1,0,0,0,0,50,0,50,0,0,11.0,2.0,5.0,0.5,/clubs/new-england-revolution-11,teams/usa-new-england-revolution.png,New England Revolution,/clubs/real-salt-lake-14,teams/usa-real-salt-lake.png,Real Salt Lake,1.59,0.89,3.0,1.0,2.0,2.0,100,100,100,100,50,50,50,50,1.29,0.98,2.27,/usa/new-england-revolution-vs-real-salt-lake-h2h-stats#1541040,6969,34,True,True,True,True,True,False,True,"['45+3', '62']","['78', '88', '90+3']"
MLS,2022,6969,1541041,17,8043,2022,complete,83993,0,-1,['42'],"['13', '53']",1,2,3,7,2,9,0,1,3,4,0,0,5,2,6,6,11,8,16,18,69,31,11,21031.0,40182,,,3,4,1.5,4.55,6.1,1.03,1.22,1.74,2.9,5.0,13.0,4.2,1.86,1.42,1.16,1.87,1.9,2.15,1.63,5.75,1.12,1.11,1.18,2.65,2.05,2.35,6.0,1.83,2.85,5.5,0,0,1.23,1.43,1.8,2.3,3.2,3.7,2.5,2.0,1.5,1.28,1.24,9.0,5.0,1.46,10.75,3.38,2.4,11.0,1.35,2.55,6.0,17.0,3.2,1.47,1.11,1.02,1.2,1.9,4.0,9.0,4.33,1.83,1.22,1.04,0,0,0,0,3,1,1,0,1,1,2,1647131400,8043,0,0,0,0,0,-1,2,1,3,1,4,1,4,5,0,1,3,3,1,6,1,91,33,93,68,1.7,0.89,2.58,0,0,0,0,0,0,1,1,0,0,0,0,0,0,-1,-1,-1,-1,-1,-1,-1,-1,-1,50,50,50,100,100,50,50,100,100,8.0,2.0,6.0,3.5,/clubs/orlando-city-sc-17,teams/usa-orlando-city-sc.png,Orlando City,/clubs/fc-cincinnati-8043,teams/usa-fc-cincinnati.png,FC Cincinnati,1.59,1.47,3.0,0.0,2.0,0.0,50,50,50,0,0,50,50,0,0.98,1.26,2.24,/usa/orlando-city-sc-vs-fc-cincinnati-h2h-stats#1541041,6969,35,True,True,True,False,False,False,True,['42'],"['13', '53']"
MLS,2022,6969,1541042,16,15,2022,complete,83993,0,-1,"['23', '58']",[],2,0,2,3,5,8,1,1,3,3,0,0,7,4,5,6,12,10,23,12,32,68,13864,12.0,1763,,,3,3,1.5,4.5,6.3,1.04,1.28,1.81,3.3,6.0,12.0,3.6,2.08,1.33,1.12,1.83,1.9,2.35,1.53,4.75,1.16,1.18,1.2,2.2,2.3,2.25,5.0,2.05,2.65,4.75,0,0,1.2,1.39,1.7,2.2,3.0,3.9,2.65,1.95,1.57,1.32,1.3,8.5,4.3,1.56,9.9,3.02,2.7,7.5,1.38,2.8,7.0,23.0,3.0,1.42,1.09,1.02,1.22,2.1,4.5,10.0,4.0,1.7,1.18,1.03,0,0,0,0,2,1,0,1,0,1,1,1647131400,16,0,50,50,0,0,-1,2,1,2,1,1,4,3,5,2,2,1,1,4,2,1,65,86,92,154,1.72,1.55,3.26,1,0,1,0,0,0,1,1,0,0,0,0,0,0,-1,-1,-1,-1,-1,-1,-1,-1,-1,0,0,0,50,50,50,50,0,0,11.0,3.0,2.0,1.0,/clubs/philadelphia-union-16,teams/usa-philadelphia-union.png,Philadelphia Union,/clubs/san-jose-earthquakes-15,teams/usa-san-jose-earthquakes.png,SJ Earthquakes,2.47,0.47,1.0,0.0,2.0,0.5,50,50,50,0,0,50,50,50,2.24,0.0,2.24,/usa/san-jose-earthquakes-vs-philadelphia-union-h2h-stats#1541042,6969,34,True,True,False,False,False,False,False,"['23', '58']",[]
MLS,2022,6969,1541043,13,677447,2022,complete,83993,0,-1,"['85', '87']",[],2,0,2,12,4,16,0,3,3,4,0,0,5,1,7,4,12,5,13,15,56,44,13851,21189.0,24795,,,3,4,2.57,3.25,2.83,1.06,1.33,1.95,3.6,7.0,10.0,3.25,1.9,1.28,1.09,1.78,2.0,2.9,1.37,3.4,1.28,1.42,1.28,1.55,3.1,2.1,3.6,2.8,2.45,3.2,0,0,1.24,1.46,1.93,2.4,3.3,3.5,2.45,1.88,1.47,1.27,1.8,7.0,2.4,2.01,8.6,2.17,3.7,5.0,1.44,3.0,7.5,15.0,2.8,1.36,1.07,1.02,1.25,2.2,4.75,11.0,3.75,1.63,1.16,1.02,0,0,0,0,2,0,0,2,0,2,0,1647135000,13,0,75,50,0,0,-1,2,1,6,2,6,2,8,8,2,2,1,2,4,3,1,74,35,93,70,1.64,0.65,2.29,1,0,1,0,0,0,1,1,0,0,0,0,0,0,-1,-1,-1,-1,-1,-1,-1,-1,-1,0,0,0,75,100,50,75,50,0,4.5,5.0,2.0,1.75,/clubs/fc-dallas-13,teams/usa-fc-dallas.png,FC Dallas,/clubs/nashville-sc-mls-677447,teams/usa-nashville-sc-mls.png,Nashville SC,1.94,1.44,1.0,2.0,0.5,2.0,100,100,100,25,0,50,0,0,1.43,1.02,2.45,/usa/fc-dallas-vs-nashville-sc-mls-h2h-stats#1541043,6969,35,True,True,False,False,False,False,False,"['85', '87']",[]
MLS,2022,6969,1541044,12,8,2022,complete,83993,0,-1,"['21', '51']",[],2,0,2,5,7,12,2,2,1,2,0,0,6,1,2,5,8,6,12,11,44,56,58,11434.0,18,,,1,2,1.92,3.7,3.75,1.04,1.28,1.9,3.1,6.0,13.0,3.75,2.0,1.36,1.12,1.72,2.1,2.6,1.44,4.4,1.19,1.28,1.22,1.87,2.6,2.2,4.2,2.35,2.6,3.75,0,0,1.24,1.46,1.93,2.4,3.3,3.5,2.4,1.88,1.47,1.26,1.48,7.5,3.25,1.73,10.0,2.53,3.4,6.0,1.36,2.75,6.5,21.0,3.1,1.42,1.09,1.02,1.22,2.05,4.33,10.0,4.0,1.72,1.2,1.03,0,0,0,0,2,1,0,1,0,1,1,1647136800,12,0,50,0,50,0,-1,2,1,2,6,3,1,8,4,0,1,1,1,1,2,1,65,82,92,107,1.4,1.05,2.45,0,0,0,0,0,0,1,1,0,0,1,0,0,0,-1,-1,-1,-1,-1,-1,-1,-1,-1,0,50,100,100,100,50,100,100,100,9.0,3.0,6.0,3.5,/clubs/colorado-rapids-12,teams/usa-colorado-rapids.png,Colorado Rapids,/clubs/sporting-kansas-city-8,teams/usa-sporting-kansas-city.png,Sporting KC,2.06,0.65,3.0,0.0,1.5,1.5,100,50,0,0,0,50,50,50,0.99,1.31,2.3,/usa/sporting-kansas-city-vs-colorado-rapids-h2h-stats#1541044,6969,34,True,True,False,False,False,False,False,"['21', '51']",[]
MLS,2022,6969,1541045,20,698284,2022,complete,83993,0,-1,['62'],[],1,0,1,2,9,11,1,2,3,5,0,0,1,1,11,9,12,10,15,15,39,61,13893,42128.0,2339,,,3,5,1.94,3.75,3.7,1.03,1.18,1.61,2.43,4.25,17.25,4.7,2.2,1.54,1.21,1.56,2.28,2.75,1.4,5.5,1.13,1.24,1.26,1.96,2.24,2.35,4.2,2.04,2.78,3.87,0,0,1.11,1.26,1.47,1.9,2.37,5.5,3.4,2.4,1.9,1.49,1.5,8.0,3.1,1.57,17.25,2.42,3.3,7.0,1.29,2.3,4.97,17.0,3.3,1.55,1.14,1.03,1.17,1.8,3.5,9.0,5.0,1.91,1.29,1.07,0,0,0,0,1,0,0,1,0,1,0,1647140400,20,0,50,0,50,0,-1,2,1,2,2,0,7,4,7,0,0,3,5,0,8,1,47,86,78,110,1.17,1.33,2.49,0,0,0,0,0,0,1,1,0,0,0,0,0,0,-1,-1,-1,-1,-1,-1,-1,-1,-1,0,50,50,50,50,0,50,50,50,4.0,2.0,4.0,2.0,/clubs/portland-timbers-20,teams/usa-portland-timbers.png,Portland Timbers,/clubs/austin-fc-698284,teams/usa-austin-fc.png,Austin,1.76,1.44,1.0,0.0,1.0,3.0,50,0,0,0,0,50,50,50,1.8,0.0,1.8,/usa/portland-timbers-vs-austin-fc-h2h-stats#1541045,6969,34,True,False,False,False,False,False,False,['62'],[]
MLS,2022,6969,1541046,4,1015,2022,complete,83993,0,-1,[],['51'],0,1,1,6,4,10,1,2,2,2,0,0,6,2,10,3,16,5,22,19,49,51,19912,11574.0,5,,,2,2,1.6,3.75,5.5,1.06,1.3,1.95,3.25,6.0,8.0,3.4,1.75,1.33,1.11,1.91,1.8,2.3,1.55,4.75,1.16,1.17,1.25,2.19,2.17,2.17,5.3,1.93,2.6,4.8,0,0,1.21,1.42,1.76,2.22,2.93,3.92,2.78,2.06,1.63,1.35,1.3,8.5,4.3,1.49,11.5,2.86,2.45,9.0,1.39,2.77,6.4,15.0,2.77,1.39,1.08,1.02,1.29,2.2,4.5,10.0,3.5,1.62,1.17,1.04,0,0,0,0,1,0,0,0,1,1,0,1647212400,1015,0,50,50,0,0,-1,2,1,2,3,4,1,5,5,0,2,2,0,2,2,1,69,28,147,99,1.94,0.68,2.61,1,0,0,0,1,0,1,1,0,0,1,0,0,0,-1,-1,-1,-1,-1,-1,-1,-1,-1,0,0,0,50,50,50,50,0,0,2.0,1.0,3.0,1.0,/clubs/new-york-red-bulls-4,teams/usa-new-york-red-bulls.png,New York RB,/clubs/minnesota-united-fc-1015,teams/usa-minnesota-united-fc.png,Minnesota United,1.28,1.11,0.0,1.0,3.0,1.0,50,50,50,0,0,50,50,50,0.0,1.67,1.67,/usa/new-york-red-bulls-vs-minnesota-united-fc-h2h-stats#1541046,6969,35,True,False,False,False,False,False,False,[],['51']
MLS,2022,6969,1541047,1016,711351,2022,complete,83993,0,-1,"['60', '90+6']",['66'],2,1,3,11,5,16,6,2,2,4,0,0,9,7,6,5,15,12,8,16,61,39,5016,40852.0,13343,,,2,4,1.55,3.9,6.25,1.03,1.22,1.66,2.8,5.0,13.0,4.2,2.12,1.44,1.16,1.72,2.1,2.45,1.5,5.75,1.13,1.17,1.2,2.25,2.2,2.35,5.0,2.0,2.8,4.5,0,0,1.26,1.49,2.0,2.5,3.5,3.4,2.35,1.8,1.44,1.25,1.8,7.0,2.4,1.56,10.75,2.94,2.75,9.0,1.33,2.55,6.0,17.0,3.25,1.5,1.11,1.02,1.18,1.9,3.75,8.5,4.5,1.85,1.25,1.05,0,0,0,0,3,0,0,2,1,3,0,1647203400,1016,0,50,0,50,0,-1,2,1,8,2,3,3,10,6,0,2,2,2,2,4,1,41,32,96,86,1.88,1.48,3.36,1,0,1,0,0,0,1,1,0,0,1,1,0,0,-1,-1,-1,-1,-1,-1,-1,-1,-1,0,50,100,100,100,100,100,100,50,10.0,7.0,4.0,3.5,/clubs/atlanta-united-fc-1016,teams/usa-atlanta-united-fc.png,Atlanta United FC,/clubs/charlotte-fc-711351,teams/usa-charlotte-fc.png,Charlotte,1.71,0.65,3.0,0.0,1.5,0.0,100,50,0,0,0,50,0,0,1.45,1.5,2.95,/usa/atlanta-united-fc-vs-charlotte-fc-h2h-stats#1541047,6969,34,True,True,True,False,False,False,True,"['60', '90+6']",['66']
MLS,2022,6969,1541048,8043,677446,2022,complete,83993,0,-1,"['18', '24', '82']",['30'],3,1,4,0,3,3,3,2,3,3,0,0,7,2,9,11,16,13,12,19,50,50,13967,40182.0,28121,,,3,3,2.17,3.55,3.37,1.05,1.25,1.7,2.75,5.0,9.0,3.75,2.0,1.4,1.14,1.67,2.15,3.4,1.28,3.9,1.23,1.38,1.3,1.69,2.78,2.27,3.7,2.55,2.64,3.34,0,0,1.32,1.6,2.05,2.75,4.0,3.0,2.15,1.65,1.36,1.2,1.75,8.0,2.44,1.8,13.5,2.09,4.0,5.8,1.35,2.62,6.4,13.0,3.2,1.49,1.12,1.02,1.21,1.99,4.04,9.0,4.44,1.82,1.24,1.05,0,0,0,0,4,2,1,1,0,1,3,1647709200,8043,0,50,0,50,0,-1,2,1,0,0,0,3,0,3,1,0,2,3,1,5,1,45,39,143,80,1.84,1.24,3.08,1,1,0,1,1,0,1,1,0,0,0,0,0,0,-1,-1,-1,-1,-1,-1,-1,-1,-1,50,50,50,50,100,50,50,100,50,10.0,4.0,5.0,3.5,/clubs/fc-cincinnati-8043,teams/usa-fc-cincinnati.png,FC Cincinnati,/clubs/club-internacional-de-futbol-miami-677446,teams/usa-club-internacional-de-futbol-miami.png,Inter Miami,1.41,0.83,0.0,0.0,1.0,0.33,50,50,50,50,0,50,50,50,1.97,1.42,3.39,/usa/fc-cincinnati-vs-club-internacional-de-futbol-miami-h2h-stats#1541048,6969,35,True,True,True,True,False,False,True,"['18', '24', '82']",['30']
MLS,2022,6969,1541049,2,16,2022,complete,83993,0,-1,[],"['12', '33']",0,2,2,9,5,14,0,2,4,4,0,0,2,5,15,8,17,13,12,12,73,27,15,762.0,12,,,4,4,1.54,4.27,6.25,1.05,1.29,1.8,3.0,5.0,9.0,3.5,1.9,1.36,1.14,1.8,1.91,2.2,1.6,4.8,1.16,1.15,1.25,2.2,2.3,2.1,4.75,2.05,2.4,4.5,0,0,1.22,1.42,1.83,2.3,3.1,3.7,2.55,1.98,1.52,1.29,1.41,9.0,3.48,1.5,12.75,2.76,2.8,8.0,1.4,2.62,6.5,13.0,2.75,1.44,1.1,1.02,1.25,2.05,4.33,9.0,3.75,1.7,1.2,1.05,0,0,0,0,2,0,2,0,0,0,2,1647709200,16,0,100,0,50,0,-1,2,1,3,3,6,2,6,8,1,1,3,3,2,6,1,70,28,153,82,1.73,1.38,3.11,0,0,0,0,0,0,1,1,0,0,0,0,0,0,-1,-1,-1,-1,-1,-1,-1,-1,-1,50,50,100,100,100,50,100,100,100,8.0,5.0,3.0,4.0,/clubs/new-york-city-fc-2,teams/usa-new-york-city-fc.png,New York City,/clubs/philadelphia-union-16,teams/usa-philadelphia-union.png,Philadelphia Union,2.06,1.5,3.0,3.0,1.33,2.33,50,50,0,0,0,50,50,50,2.01,1.16,3.17,/usa/new-york-city-fc-vs-philadelphia-union-h2h-stats#1541049,6969,37,True,True,False,False,False,False,False,[],"['12', '33']"
MLS,2022,6969,1541050,19,13401,2022,complete,83993,0,-1,"['23', '53']",['10'],2,1,3,5,3,8,2,0,4,3,0,0,6,6,3,6,9,12,11,20,50,50,13851,211.0,36107,,,4,3,2.51,3.53,2.8,1.04,1.22,1.7,2.62,4.5,10.0,4.0,2.0,1.44,1.17,1.62,2.23,3.3,1.29,3.9,1.22,1.42,1.29,1.64,2.84,2.31,3.5,2.62,2.69,3.15,0,0,1.23,1.44,1.9,2.35,3.25,3.6,2.5,1.9,1.49,1.28,1.82,8.0,2.33,1.82,14.5,2.03,4.2,5.5,1.33,2.5,6.0,13.0,3.32,1.53,1.13,1.02,1.19,1.91,3.84,8.0,4.7,1.89,1.26,1.06,0,0,0,0,3,1,1,1,0,1,2,1647716400,19,0,50,50,0,0,-1,2,1,3,0,2,3,3,5,0,0,4,3,0,7,1,35,48,113,108,1.26,1.53,2.79,0,0,0,0,0,0,1,1,0,1,2,0,0,0,-1,-1,-1,-1,-1,-1,-1,-1,-1,50,50,50,50,100,50,50,50,0,11.0,3.0,4.0,3.0,/clubs/toronto-fc-19,teams/canada-toronto-fc.png,Toronto,/clubs/dc-united-13401,teams/usa-dc-united.png,DC United,1.41,0.65,0.0,3.0,0.33,2.0,50,50,50,50,0,100,100,100,1.12,1.17,2.29,/usa/toronto-fc-vs-dc-united-h2h-stats#1541050,6969,34,True,True,True,False,False,False,True,"['23', '53']",['10']
MLS,2022,6969,1541051,10,17,2022,complete,83993,0,-1,[],['9'],0,1,1,12,2,14,1,3,0,3,0,0,2,2,18,4,20,6,12,13,63,37,58,2.0,21031,,,0,3,1.85,3.78,4.26,1.05,1.25,1.75,3.0,5.5,9.0,3.75,1.95,1.36,1.12,1.75,2.03,2.6,1.43,4.2,1.2,1.26,1.28,1.93,2.47,2.26,4.48,2.26,2.64,4.02,0,0,1.19,1.37,1.68,2.15,2.9,4.0,2.7,2.0,1.58,1.33,1.51,8.5,3.07,1.62,13.25,2.41,3.0,7.0,1.37,2.68,6.7,15.0,3.1,1.47,1.1,1.02,1.22,2.04,4.3,9.0,4.24,1.78,1.22,1.05,0,0,0,0,1,0,1,0,0,0,1,1647718200,17,0,0,0,0,0,-1,2,1,5,0,7,2,5,9,0,1,0,2,1,2,1,77,34,126,80,1.96,0.77,2.73,0,0,0,0,0,0,1,1,0,1,3,0,0,0,-1,-1,-1,-1,-1,-1,-1,-1,-1,0,0,0,0,50,0,0,50,0,10.0,1.0,3.0,0.5,/clubs/la-galaxy-10,teams/usa-la-galaxy.png,LA Galaxy,/clubs/orlando-city-sc-17,teams/usa-orlando-city-sc.png,Orlando City,1.72,1.17,3.0,1.0,2.0,1.33,100,100,100,100,50,50,50,50,1.31,0.84,2.15,/usa/la-galaxy-vs-orlando-city-sc-h2h-stats#1541051,6969,35,True,False,False,False,False,False,False,[],['9']
MLS,2022,6969,1541052,1016,1,2022,complete,83993,0,-1,"['6', '85', '90+2']","['28', '37', '42']",3,3,6,5,6,11,2,0,2,7,1,0,4,6,5,10,9,16,7,13,54,46,11,40852.0,39282,,,4,7,1.73,3.98,4.68,1.03,1.22,1.57,2.62,4.5,11.0,4.0,2.25,1.44,1.17,1.7,2.1,2.55,1.46,5.25,1.14,1.22,1.25,2.13,2.29,2.4,4.62,2.07,2.82,4.3,0,0,1.25,1.47,1.98,2.45,3.4,3.5,2.4,1.83,1.46,1.26,1.55,8.5,3.01,1.55,16.5,2.49,3.0,8.5,1.31,2.43,5.75,12.0,3.44,1.56,1.14,1.03,1.18,1.88,3.68,7.5,4.8,1.92,1.28,1.07,0,0,0,0,6,1,3,2,0,2,4,1647720000,-1,0,75,0,75,0,-1,2,1,2,1,3,5,3,8,1,3,2,4,4,6,1,36,37,107,90,1.12,1.7,2.82,0,1,0,1,0,0,1,1,1,0,0,1,1,1,-1,-1,-1,-1,-1,-1,-1,-1,-1,25,50,75,100,100,50,50,100,100,16.5,9.5,5.5,3.5,/clubs/atlanta-united-fc-1016,teams/usa-atlanta-united-fc.png,Atlanta United FC,/clubs/montreal-impact-1,teams/canada-montreal-impact.png,Montreal Impact,1.71,2.06,3.0,0.0,2.0,0.0,75,50,25,0,0,75,75,50,1.66,1.33,2.99,/usa/montreal-impact-vs-atlanta-united-fc-h2h-stats#1541052,6969,34,True,True,True,True,True,True,True,"['6', '85', '90+2']","['28', '37', '42']"
MLS,2022,6969,1541053,7,8,2022,complete,83993,0,-1,"['30', '50', '82']",['56'],3,1,4,4,1,5,5,2,2,2,0,0,4,2,9,6,13,8,15,17,55,45,13841,10695.0,18,,,2,2,2.25,3.49,3.37,1.05,1.3,1.75,3.0,5.5,9.0,3.4,1.95,1.36,1.12,1.73,2.06,3.0,1.34,4.0,1.21,1.32,1.3,1.78,2.65,2.23,4.08,2.43,2.59,3.66,0,0,1.19,1.37,1.66,2.15,2.9,4.0,2.75,2.0,1.58,1.33,1.82,8.0,2.39,1.75,12.25,2.2,3.4,5.8,1.38,2.75,6.9,13.0,3.04,1.45,1.1,1.02,1.23,2.08,4.4,9.0,4.2,1.75,1.21,1.05,0,0,0,0,4,1,0,2,1,3,1,1647727200,7,0,25,0,25,0,9352,2,1,0,0,4,1,0,5,1,1,1,1,2,2,1,34,52,98,145,1.35,1.04,2.4,1,0,1,0,0,0,1,1,0,0,0,0,0,0,-1,-1,-1,-1,-1,-1,-1,-1,-1,0,25,25,50,50,25,50,50,25,10.5,4.5,7.0,1.5,/clubs/chicago-fire-7,teams/usa-chicago-fire.png,Chicago Fire,/clubs/sporting-kansas-city-8,teams/usa-sporting-kansas-city.png,Sporting KC,1.35,0.65,1.0,0.0,1.67,1.0,100,75,75,50,50,25,25,25,1.27,1.18,2.45,/usa/chicago-fire-vs-sporting-kansas-city-h2h-stats#1541053,6969,34,True,True,True,True,False,False,True,"['30', '50', '82']",['56']
MLS,2022,6969,1541054,711351,11,2022,complete,83993,0,-1,"['6', '57', '64']",['54'],3,1,4,6,6,12,0,2,4,2,0,0,5,5,10,13,15,18,12,14,48,52,42,13343.0,21032,,,4,2,3.1,3.5,2.15,1.05,1.25,1.7,2.75,5.0,9.0,3.75,2.05,1.4,1.14,1.7,2.05,4.5,1.18,2.87,1.37,1.83,1.25,1.25,3.8,2.1,2.6,3.6,2.45,2.3,0,0,1.08,1.2,1.31,1.55,1.93,6.5,4.3,3.0,2.2,1.73,2.15,7.5,1.94,2.33,14.0,1.65,6.0,3.6,1.36,2.62,6.0,13.0,3.0,1.44,1.11,1.02,1.22,2.0,4.0,8.0,4.0,1.73,1.22,1.06,0,0,0,0,4,1,0,2,1,3,1,1647730800,711351,0,50,0,50,0,29318,2,1,5,1,1,5,6,6,1,1,3,1,2,4,1,33,61,73,99,1.53,1.92,3.46,0,1,0,1,0,0,1,1,1,0,0,0,0,0,-1,-1,-1,-1,-1,-1,-1,-1,-1,0,50,50,50,100,0,50,100,50,12.0,3.0,3.0,2.5,/clubs/charlotte-fc-711351,teams/usa-charlotte-fc.png,Charlotte,/clubs/new-england-revolution-11,teams/usa-new-england-revolution.png,New England Revolution,1.82,0.88,0.0,1.0,0.0,1.33,100,50,50,50,0,100,100,50,0.75,1.97,2.72,/usa/new-england-revolution-vs-charlotte-fc-h2h-stats#1541054,6969,34,True,True,True,True,False,False,True,"['6', '57', '64']",['54']
MLS,2022,6969,1541055,1015,15,2022,complete,83993,0,-1,['32'],[],1,0,1,3,3,6,0,1,2,3,0,0,5,0,9,6,14,6,13,12,41,59,84,5.0,1763,,,2,3,1.8,3.7,4.2,1.02,1.22,1.67,2.8,5.0,15.0,4.2,2.05,1.44,1.16,1.68,2.15,2.5,1.47,5.0,1.15,1.2,1.2,2.15,2.3,2.35,4.5,2.05,2.75,4.33,0,0,1.19,1.38,1.68,2.15,2.9,4.0,2.7,2.0,1.58,1.33,1.55,8.5,3.01,1.59,11.25,2.8,3.0,7.5,1.33,2.5,6.0,17.0,3.3,1.5,1.11,1.02,1.18,1.9,3.75,8.5,4.5,1.83,1.25,1.05,0,0,0,0,1,1,0,0,0,0,1,1647734400,1015,0,50,0,0,0,-1,2,1,0,3,4,1,3,5,1,2,1,1,3,2,1,37,48,131,104,1.52,0.74,2.26,0,0,0,0,0,0,1,1,0,0,0,0,1,1,-1,-1,-1,-1,-1,-1,-1,-1,-1,0,0,0,100,100,0,100,100,0,10.0,1.0,5.0,2.0,/clubs/minnesota-united-fc-1015,teams/usa-minnesota-united-fc.png,Minnesota United,/clubs/san-jose-earthquakes-15,teams/usa-san-jose-earthquakes.png,SJ Earthquakes,1.71,0.47,1.0,0.0,1.67,0.33,100,100,100,0,0,50,0,0,1.45,1.55,3.0,/usa/san-jose-earthquakes-vs-minnesota-united-fc-h2h-stats#1541055,6969,34,True,False,False,False,False,False,False,['32'],[]
MLS,2022,6969,1541056,6,12,2022,complete,83993,0,-1,['90'],['42'],1,1,2,0,4,4,0,1,2,4,0,0,1,3,4,3,5,6,1,3,51,49,20,10669.0,11434,,,2,4,2.75,3.4,2.45,1.04,1.28,1.8,3.1,6.0,12.0,3.6,1.91,1.36,1.12,1.65,2.15,3.2,1.31,3.5,1.27,1.47,1.28,1.53,3.2,2.15,3.3,2.85,2.55,3.0,0,0,1.18,1.25,1.46,1.95,2.3,4.6,3.5,2.45,1.85,1.5,1.91,8.5,2.2,1.99,9.9,2.12,4.4,4.75,1.4,2.75,6.5,21.0,3.0,1.42,1.09,1.02,1.22,2.0,4.2,9.5,4.0,1.75,1.2,1.04,0,0,0,0,2,0,1,1,0,1,1,1647736200,-1,0,25,25,0,0,-1,2,1,0,4,1,1,4,2,0,2,2,2,2,4,1,32,41,69,76,0.62,0.89,1.52,0,0,0,0,0,0,1,1,0,0,0,0,0,0,-1,-1,-1,-1,-1,-1,-1,-1,-1,0,0,75,75,75,75,75,75,0,14.0,3.0,3.5,2.25,/clubs/houston-dynamo-6,teams/usa-houston-dynamo.png,Houston Dynamo,/clubs/colorado-rapids-12,teams/usa-colorado-rapids.png,Colorado Rapids,1.35,0.47,2.0,0.0,1.33,2.0,100,100,25,25,25,100,100,100,1.43,0.92,2.35,/usa/houston-dynamo-vs-colorado-rapids-h2h-stats#1541056,6969,34,True,True,False,False,False,False,True,['90'],['42']
MLS,2022,6969,1541057,13,20,2022,complete,83993,0,-1,"['26', '30', '36', '77']",['61'],4,1,5,3,2,5,1,1,2,0,0,0,8,3,5,2,13,5,4,5,55,45,3,21189.0,42128,,,2,0,2.15,3.5,3.1,1.03,1.22,1.73,2.9,5.0,13.0,4.0,2.0,1.42,1.16,1.63,2.25,3.1,1.33,4.1,1.21,1.35,1.25,1.72,2.75,2.25,3.75,2.45,2.65,3.4,0,0,1.19,1.33,1.6,2.05,2.7,4.2,2.9,2.1,1.65,1.38,1.64,8.5,2.66,1.8,11.25,2.33,3.9,5.8,1.36,2.6,6.0,19.0,3.2,1.47,1.11,1.02,1.2,1.95,4.0,9.0,4.33,1.8,1.22,1.04,0,0,0,0,5,3,0,1,1,2,3,1647736200,13,0,75,25,0,0,-1,2,1,3,2,3,4,5,7,1,0,1,0,1,1,1,25,17,100,71,1.57,0.66,2.23,0,0,0,0,0,0,1,1,0,0,1,1,0,0,-1,-1,-1,-1,-1,-1,-1,-1,-1,0,0,0,100,100,25,75,75,25,8.0,5.0,8.0,2.0,/clubs/fc-dallas-13,teams/usa-fc-dallas.png,FC Dallas,/clubs/portland-timbers-20,teams/usa-portland-timbers.png,Portland Timbers,1.94,0.94,2.0,1.0,1.33,1.67,100,100,100,0,0,75,75,75,1.54,1.0,2.54,/usa/fc-dallas-vs-portland-timbers-h2h-stats#1541057,6969,34,True,True,True,True,True,False,True,"['26', '30', '36', '77']",['61']
MLS,2022,6969,1541058,14,677447,2022,complete,83993,0,-1,"['2', '54']",['25'],2,1,3,7,4,11,0,2,1,3,0,1,2,8,6,7,8,15,7,8,42,58,45098,8.0,24795,,,1,5,1.91,3.6,3.9,1.09,1.44,2.35,4.5,9.0,7.5,2.75,1.53,1.2,1.05,2.0,1.8,2.55,1.46,3.1,1.32,1.33,1.33,1.6,3.2,1.95,4.0,2.75,2.3,3.6,0,0,1.19,1.33,1.6,2.05,2.7,4.2,2.9,2.1,1.65,1.38,1.85,8.0,2.28,1.98,7.0,2.34,3.6,5.0,1.55,3.4,9.5,23.0,2.5,1.3,1.04,1.02,1.3,2.45,5.5,12.0,3.3,1.52,1.12,1.01,0,0,0,0,3,1,1,1,0,1,2,1647739800,14,0,17,0,0,0,20036,2,1,6,2,1,2,8,3,1,1,0,3,2,3,1,17,21,41,54,0.77,1.65,2.42,0,0,0,0,0,0,1,1,1,0,2,0,0,0,-1,-1,-1,-1,-1,-1,-1,-1,-1,0,0,0,34,100,0,17,100,17,9.0,3.67,4.0,1.34,/clubs/real-salt-lake-14,teams/usa-real-salt-lake.png,Real Salt Lake,/clubs/nashville-sc-mls-677447,teams/usa-nashville-sc-mls.png,Nashville SC,1.88,1.44,3.0,1.33,2.33,1.33,100,100,100,67,0,50,17,17,1.63,0.89,2.52,/usa/real-salt-lake-vs-nashville-sc-mls-h2h-stats#1541058,6969,35,True,True,True,False,False,False,True,"['2', '54']",['25']
MLS,2022,6969,1541059,4,9,2022,complete,83993,0,-1,['84'],['90+5'],1,1,2,6,2,8,0,5,3,2,0,0,2,1,9,7,11,8,26,10,44,56,13893,11574.0,13,,,3,2,1.82,3.75,4.0,1.01,1.24,1.76,2.86,5.15,10.5,3.88,1.98,1.4,1.12,1.75,2.0,2.45,1.49,4.75,1.17,1.2,1.28,2.0,2.3,2.3,4.75,2.05,2.55,4.33,0,0,1.23,1.44,1.88,2.35,3.25,3.6,2.45,1.93,1.49,1.27,1.51,8.5,3.07,1.5,10.25,2.88,3.2,7.0,1.33,2.63,7.0,19.0,3.25,1.44,1.1,1.02,1.22,1.98,4.1,9.5,3.9,1.72,1.2,1.05,0,0,0,0,2,0,0,1,1,2,0,1647799200,-1,0,50,50,50,0,15323,2,1,4,2,2,0,6,2,1,1,2,1,2,3,1,46,30,124,82,1.18,0.8,1.98,0,0,0,0,0,0,1,1,0,0,1,0,0,0,-1,-1,-1,-1,-1,-1,-1,-1,-1,50,50,50,50,100,50,50,100,50,15.0,2.0,6.0,3.5,/clubs/new-york-red-bulls-4,teams/usa-new-york-red-bulls.png,New York RB,/clubs/columbus-crew-9,teams/usa-columbus-crew.png,Columbus Crew,1.28,1.12,0.0,1.0,2.0,2.33,50,50,50,50,0,100,100,50,1.94,2.19,4.13,/usa/new-york-red-bulls-vs-columbus-crew-h2h-stats#1541059,6969,34,True,True,False,False,False,False,True,['84'],['90+5']
MLS,2022,6969,1541060,698284,18,2022,complete,83993,0,-1,['70'],['43'],1,1,2,9,4,13,1,3,0,2,0,0,6,4,15,10,21,14,12,6,61,39,19912,2339.0,25,,,0,2,2.16,3.55,3.15,1.01,1.26,1.78,3.04,5.5,10.0,3.7,1.95,1.36,1.1,1.7,2.05,3.2,1.32,3.9,1.22,1.36,1.31,1.62,2.88,2.2,3.75,2.5,2.5,3.2,0,0,1.17,1.26,1.49,2.0,2.37,4.7,3.3,2.37,1.8,1.47,1.69,8.5,2.53,1.67,10.25,2.3,3.8,5.5,1.36,2.75,8.0,21.0,3.0,1.4,1.08,1.02,1.22,2.0,4.33,11.0,4.0,1.73,1.2,1.05,0,0,0,0,2,0,1,1,0,1,1,1647808200,-1,0,25,0,25,0,20738,2,1,4,2,5,2,6,7,0,0,0,2,0,2,1,67,40,124,50,2.23,1.44,3.67,0,0,0,0,0,0,1,1,0,0,3,0,0,0,-1,-1,-1,-1,-1,-1,-1,-1,-1,50,50,50,50,100,50,50,100,50,6.0,2.0,4.5,3.25,/clubs/austin-fc-698284,teams/usa-austin-fc.png,Austin,/clubs/seattle-sounders-fc-18,teams/usa-seattle-sounders-fc.png,Seattle Sounders,1.79,0.65,3.0,0.0,2.0,1.0,50,50,50,50,0,0,0,0,1.63,1.11,2.74,/usa/seattle-sounders-fc-vs-austin-fc-h2h-stats#1541060,6969,34,True,True,False,False,False,False,True,['70'],['43']
MLS,2022,6969,1541061,6490,5,2022,complete,83993,0,-1,"['27', '38', '70']",['12'],3,1,4,11,3,14,3,0,3,2,0,0,8,2,10,5,18,7,15,12,62,38,5016,39588.0,41087,,,3,2,1.4,4.7,7.5,1.03,1.16,1.58,2.35,4.4,14.0,4.4,2.28,1.52,1.2,1.8,1.95,2.0,1.71,7.0,1.09,1.09,1.18,3.0,1.83,2.6,6.5,1.62,2.95,6.0,0,0,1.2,1.34,1.61,2.05,2.75,4.25,2.9,2.1,1.65,1.37,1.31,10.0,4.1,1.29,17.25,3.75,2.25,12.0,1.29,2.25,5.5,15.0,3.5,1.57,1.14,1.03,1.17,1.8,3.5,7.75,4.5,1.88,1.26,1.07,0,0,0,0,4,2,1,1,0,1,3,1647828000,6490,0,50,25,0,0,22065,2,1,6,1,5,2,7,7,1,1,2,1,2,3,1,62,35,124,80,2.15,0.84,2.99,0,0,0,0,0,0,1,1,0,0,0,1,0,0,-1,-1,-1,-1,-1,-1,-1,-1,-1,0,25,75,100,100,75,100,100,25,16.5,2.0,5.5,3.0,/clubs/los-angeles-fc-6490,teams/usa-los-angeles-fc.png,Los Angeles FC,/clubs/vancouver-whitecaps-fc-5,teams/canada-vancouver-whitecaps-fc.png,Vancouver Whitecaps,2.4,0.59,2.0,0.0,2.33,0.33,100,75,25,0,0,100,100,75,2.24,1.03,3.27,/usa/vancouver-whitecaps-fc-vs-los-angeles-fc-h2h-stats#1541061,6969,34,True,True,True,True,False,False,True,"['27', '38', '70']",['12']
MLS,2022,6969,1541062,711351,8043,2022,complete,83993,0,-1,"['6', '55']",[],2,0,2,3,3,6,1,1,0,2,0,0,7,5,4,8,11,13,14,10,58,42,58,13343.0,40182,,,0,2,1.8,3.55,4.5,1.05,1.28,1.81,3.13,5.85,12.25,3.6,1.92,1.35,1.12,1.78,1.94,2.5,1.46,4.8,1.16,1.23,1.27,1.95,2.35,2.17,4.5,2.09,2.6,4.07,0,0,1.22,1.42,1.83,2.3,3.1,3.7,2.55,1.98,1.52,1.29,1.42,8.0,3.5,1.58,12.25,2.53,2.9,7.0,1.38,2.7,6.15,15.0,2.83,1.41,1.09,1.02,1.25,2.05,4.33,10.0,3.75,1.7,1.2,1.04,0,0,0,0,2,1,0,1,0,1,1,1648328400,711351,0,50,25,25,0,30242,2,1,1,1,2,2,2,4,0,0,0,2,0,2,1,33,55,86,137,1.43,1.58,3.01,0,0,0,0,0,0,1,1,1,0,0,0,0,0,-1,-1,-1,-1,-1,-1,-1,-1,-1,25,50,75,75,100,50,75,100,50,8.0,2.0,5.5,3.25,/clubs/charlotte-fc-711351,teams/usa-charlotte-fc.png,Charlotte,/clubs/fc-cincinnati-8043,teams/usa-fc-cincinnati.png,FC Cincinnati,1.82,1.47,1.5,1.5,0.75,1.5,75,50,25,25,0,75,50,25,1.14,1.08,2.22,/usa/fc-cincinnati-vs-charlotte-fc-h2h-stats#1541062,6969,34,True,True,False,False,False,False,False,"['6', '55']",[]
MLS,2022,6969,1541063,8,14,2022,complete,83993,0,-1,['81'],[],1,0,1,4,6,10,2,5,4,2,0,0,4,2,7,8,11,10,14,8,61,39,13893,18.0,8,,,4,2,1.77,3.65,4.5,1.05,1.27,1.84,3.08,5.75,12.25,3.65,1.89,1.36,1.13,1.76,1.95,2.4,1.5,4.8,1.16,1.23,1.28,1.94,2.34,2.18,4.48,2.09,2.6,4.05,0,0,1.2,1.33,1.6,2.05,2.7,4.25,2.9,2.1,1.65,1.38,1.42,8.0,3.5,1.58,12.25,2.53,3.0,7.0,1.37,2.67,6.1,15.0,2.85,1.42,1.09,1.02,1.29,2.2,4.33,9.0,3.5,1.62,1.2,1.05,0,0,0,0,1,0,0,1,0,1,0,1648335600,8,0,25,0,25,0,19107,2,1,1,5,3,1,6,4,2,2,2,0,4,2,1,56,48,111,108,1.39,1.13,2.52,0,0,0,0,0,0,1,1,0,0,0,2,0,1,-1,-1,-1,-1,-1,-1,-1,-1,-1,25,25,25,25,75,0,25,75,25,12.0,1.5,4.0,1.75,/clubs/sporting-kansas-city-8,teams/usa-sporting-kansas-city.png,Sporting KC,/clubs/real-salt-lake-14,teams/usa-real-salt-lake.png,Real Salt Lake,1.71,0.89,3.0,2.0,0.75,2.5,75,75,75,75,25,50,50,50,1.58,1.38,2.96,/usa/sporting-kansas-city-vs-real-salt-lake-h2h-stats#1541063,6969,34,True,False,False,False,False,False,False,['81'],[]
MLS,2022,6969,1541064,20,17,2022,complete,83993,0,-1,['80'],['52'],1,1,2,5,4,9,0,0,4,2,1,0,2,5,8,6,10,11,21,9,52,48,42,42128.0,21031,,,5,2,2.05,3.4,3.5,1.01,1.26,1.83,2.99,5.4,10.25,3.7,2.07,1.37,1.11,1.71,2.16,2.75,1.4,4.6,1.17,1.26,1.3,1.93,2.59,2.35,4.41,2.27,2.63,3.94,0,0,1.2,1.33,1.6,2.05,2.7,4.25,2.9,2.1,1.65,1.38,1.59,8.5,2.78,1.71,10.25,2.55,3.25,7.0,1.37,2.81,6.7,13.0,3.23,1.47,1.11,1.02,1.23,2.05,4.3,9.0,4.2,1.77,1.22,1.05,0,0,0,0,2,0,0,1,1,2,0,1648411200,-1,0,25,0,25,0,-1,2,1,4,2,1,2,6,3,0,0,5,2,0,7,1,50,49,117,121,1.15,1.41,2.56,1,0,1,0,0,0,1,1,0,0,1,1,0,0,-1,-1,-1,-1,-1,-1,-1,-1,-1,0,25,25,25,75,0,50,50,25,5.5,3.5,6.0,1.5,/clubs/portland-timbers-20,teams/usa-portland-timbers.png,Portland Timbers,/clubs/orlando-city-sc-17,teams/usa-orlando-city-sc.png,Orlando City,1.76,1.17,2.0,2.0,1.25,1.75,100,75,75,75,25,75,75,75,1.48,0.81,2.29,/usa/orlando-city-sc-vs-portland-timbers-h2h-stats#1541064,6969,34,True,True,False,False,False,False,True,['80'],['52']
MLS,2022,6969,1541065,7,13,2022,complete,83993,0,-1,[],[],0,0,0,2,1,3,4,4,4,2,0,0,0,1,6,4,6,5,15,18,50,50,84,10695.0,21189,,,4,2,1.97,3.5,3.75,1.05,1.3,1.84,3.3,6.5,11.0,3.5,1.9,1.33,1.11,1.75,2.0,2.7,1.41,4.33,1.19,1.26,1.3,1.82,2.63,2.2,4.0,2.3,2.5,3.6,0,0,1.19,1.37,1.68,2.15,2.9,4.0,2.7,2.0,1.58,1.33,1.52,7.5,3.05,1.62,9.9,2.5,3.3,6.0,1.36,2.75,8.0,21.0,3.0,1.4,1.08,1.02,1.21,1.98,4.0,9.5,3.9,1.72,1.21,1.05,0,0,0,0,0,0,0,0,0,0,0,1648927800,-1,0,25,0,25,0,11411,2,1,1,0,1,1,1,2,1,1,3,1,2,4,1,40,27,100,121,0.68,0.61,1.29,0,0,0,0,0,0,1,1,0,0,1,0,0,0,-1,-1,-1,-1,-1,-1,-1,-1,-1,0,25,25,25,75,0,75,25,25,9.5,4.0,5.5,1.5,/clubs/chicago-fire-7,teams/usa-chicago-fire.png,Chicago Fire,/clubs/fc-dallas-13,teams/usa-fc-dallas.png,FC Dallas,1.35,1.06,2.0,0.0,2.0,1.75,100,75,75,75,25,0,0,0,1.31,1.13,2.44,/usa/chicago-fire-vs-fc-dallas-h2h-stats#1541065,6969,34,False,False,False,False,False,False,False,[],[]
MLS,2022,6969,1541066,8043,1,2022,complete,83993,0,-1,"['12', '20', '61']","['17', '41', '45+1', '67']",3,4,7,9,2,11,1,3,4,3,0,0,8,6,12,3,20,9,13,10,42,58,45098,40182.0,39282,,,4,3,2.35,3.55,2.83,1.04,1.22,1.72,2.9,5.0,12.0,4.0,2.05,1.42,1.16,1.62,2.2,3.3,1.29,3.9,1.23,1.4,1.31,1.57,3.0,2.25,3.4,2.6,2.5,2.88,0,0,1.23,1.44,1.85,2.35,3.25,3.6,2.5,1.95,1.49,1.28,1.72,7.0,2.55,1.8,10.5,2.1,4.0,5.5,1.33,2.63,7.0,19.0,3.25,1.44,1.1,1.02,1.2,1.91,4.0,10.0,4.33,1.8,1.22,1.06,0,0,0,0,7,2,3,1,1,2,5,1648929600,1,0,59,42,17,0,-1,2,1,2,0,7,2,2,9,2,0,2,3,2,5,1,48,49,101,93,2.17,1.35,3.52,1,0,1,0,0,0,1,1,0,0,0,0,0,0,-1,-1,-1,-1,-1,-1,-1,-1,-1,34,59,59,75,100,59,59,100,50,11.5,5.67,6.33,3.42,/clubs/fc-cincinnati-8043,teams/usa-fc-cincinnati.png,FC Cincinnati,/clubs/montreal-impact-1,teams/canada-montreal-impact.png,Montreal Impact,1.41,2.06,1.5,0.33,1.2,0.25,67,42,42,25,0,75,75,59,1.9,1.45,3.35,/usa/montreal-impact-vs-fc-cincinnati-h2h-stats#1541066,6969,36,True,True,True,True,True,True,True,"['12', '20', '61']","['17', '41', '45+1', '67']"
MLS,2022,6969,1541067,19,2,2022,complete,83993,0,-1,"['31', '43']",['90+2'],2,1,3,3,6,9,1,0,0,2,0,0,4,9,5,8,9,17,6,13,43,57,36,211.0,762,,,0,2,3.31,3.55,2.1,1.04,1.22,1.7,2.8,5.0,13.0,4.2,2.08,1.44,1.16,1.57,2.25,4.2,1.2,3.1,1.32,1.68,1.29,1.33,3.5,2.25,2.88,3.1,2.55,2.5,0,0,1.25,1.47,1.98,2.4,3.4,3.5,2.4,1.83,1.46,1.26,2.17,7.0,1.97,2.25,10.75,1.73,5.5,4.0,1.33,2.63,6.5,19.0,3.25,1.44,1.11,1.02,1.19,1.88,3.75,8.75,4.2,1.8,1.23,1.06,0,0,0,0,3,2,0,0,1,1,2,1648929600,19,0,50,50,0,0,-1,2,1,1,2,2,4,3,6,0,0,0,2,0,2,1,42,79,120,135,1.17,2.28,3.45,0,0,0,0,0,0,1,1,0,0,0,0,0,0,-1,-1,-1,-1,-1,-1,-1,-1,-1,25,25,50,50,75,50,50,50,0,12.5,4.0,5.0,2.25,/clubs/toronto-fc-19,teams/canada-toronto-fc.png,Toronto,/clubs/new-york-city-fc-2,teams/usa-new-york-city-fc.png,New York City,1.41,1.26,1.5,0.5,1.0,1.0,75,75,50,50,25,75,75,75,1.19,1.4,2.59,/usa/new-york-city-fc-vs-toronto-fc-h2h-stats#1541067,6969,34,True,True,True,False,False,False,True,"['31', '43']",['90+2']
MLS,2022,6969,1541068,9,677447,2022,complete,83993,0,-1,[],['28'],0,1,1,8,1,9,2,1,3,3,0,0,4,3,14,3,18,6,9,13,67,33,69,13.0,24795,,,3,3,1.93,3.3,4.02,1.09,1.43,2.36,4.2,8.75,7.0,2.6,1.55,1.19,1.06,2.1,1.66,2.15,1.63,3.5,1.27,1.23,1.32,1.83,2.55,1.98,4.5,2.3,2.25,4.2,0,0,1.23,1.44,1.95,2.35,3.25,3.6,2.45,1.85,1.49,1.27,1.48,7.5,3.25,1.75,7.1,2.76,2.8,6.0,1.49,3.25,9.0,26.0,2.45,1.29,1.06,1.0,1.32,2.45,5.75,15.0,3.1,1.47,1.12,1.02,0,0,0,0,1,0,1,0,0,0,1,1648936800,677447,0,50,13,0,0,20371,2,1,3,1,5,0,4,5,0,0,3,3,0,6,1,102,27,153,86,2.16,0.8,2.95,0,0,0,0,0,0,1,1,0,0,0,0,0,0,-1,-1,-1,-1,-1,-1,-1,-1,-1,0,25,63,88,100,38,75,100,63,9.75,4.75,5.75,2.75,/clubs/columbus-crew-9,teams/usa-columbus-crew.png,Columbus Crew,/clubs/nashville-sc-mls-677447,teams/usa-nashville-sc-mls.png,Nashville SC,1.59,1.44,3.0,1.0,2.0,1.0,100,75,38,13,0,100,75,50,2.11,1.08,3.19,/usa/columbus-crew-vs-nashville-sc-mls-h2h-stats#1541068,6969,34,True,False,False,False,False,False,False,[],['28']
MLS,2022,6969,1541069,13401,1016,2022,complete,83993,0,-1,[],['90+4'],0,1,1,10,4,14,4,1,2,3,0,0,3,3,7,11,10,14,20,12,43,57,7,36107.0,40852,,,2,3,2.2,3.45,3.17,1.04,1.28,1.82,3.2,6.0,11.0,3.6,1.92,1.35,1.12,1.67,2.1,3.0,1.35,4.2,1.2,1.32,1.28,1.72,2.75,2.2,3.6,2.5,2.55,3.2,0,0,1.23,1.44,1.9,2.35,3.25,3.6,2.5,1.9,1.49,1.28,1.58,7.5,2.88,1.67,9.8,2.3,3.75,5.8,1.36,2.63,7.0,21.0,3.0,1.44,1.1,1.02,1.2,1.95,3.9,9.25,4.1,1.75,1.21,1.05,0,0,0,0,1,0,0,0,1,1,0,1648942200,1016,0,0,0,0,0,-1,2,1,2,2,8,2,4,10,2,1,0,2,3,2,1,52,43,99,108,1.22,1.41,2.64,0,0,0,0,0,0,1,1,0,0,0,0,0,0,-1,-1,-1,-1,-1,-1,-1,-1,-1,0,0,75,100,100,25,100,100,50,13.5,4.5,7.5,2.75,/clubs/dc-united-13401,teams/usa-dc-united.png,DC United,/clubs/atlanta-united-fc-1016,teams/usa-atlanta-united-fc.png,Atlanta United FC,0.94,0.65,1.5,0.0,1.5,1.75,100,100,25,0,0,100,75,50,1.23,1.31,2.54,/usa/atlanta-united-fc-vs-dc-united-h2h-stats#1541069,6969,34,True,False,False,False,False,False,False,[],['90+4']
MLS,2022,6969,1541070,11,4,2022,complete,83993,0,-1,[],['90'],0,1,1,7,5,12,1,1,2,3,1,1,3,6,9,7,12,13,13,23,66,34,13864,21032.0,11574,,,3,4,2.05,3.65,3.35,1.03,1.22,1.77,2.95,5.5,13.0,4.0,1.98,1.4,1.15,1.7,2.05,2.65,1.42,4.75,1.17,1.24,1.26,1.93,2.5,2.25,4.33,2.2,2.6,3.75,0,0,1.17,1.26,1.49,1.98,2.4,4.8,3.3,2.37,1.83,1.47,1.41,8.0,3.5,1.53,10.75,2.6,3.1,7.5,1.36,2.63,7.0,19.0,3.0,1.44,1.1,1.02,1.2,1.93,3.9,9.25,4.1,1.75,1.22,1.05,0,0,0,0,1,0,0,0,1,1,0,1648942200,4,0,75,25,50,0,-1,2,1,1,2,6,3,3,9,1,3,2,1,4,3,1,68,29,120,87,1.47,1.46,2.92,0,0,0,0,0,0,1,1,0,0,0,0,0,0,-1,-1,-1,-1,-1,-1,-1,-1,-1,50,75,75,75,100,25,100,50,50,10.0,1.0,5.5,3.75,/clubs/new-england-revolution-11,teams/usa-new-england-revolution.png,New England Revolution,/clubs/new-york-red-bulls-4,teams/usa-new-york-red-bulls.png,New York RB,1.59,1.76,1.5,3.0,1.0,1.75,50,25,25,25,0,75,75,50,1.51,1.95,3.46,/usa/new-york-red-bulls-vs-new-england-revolution-h2h-stats#1541070,6969,34,True,False,False,False,False,False,False,[],['90']
MLS,2022,6969,1541071,17,6490,2022,complete,83993,0,-1,"['36', '45']","['24', '38', '51', '90+3']",2,4,6,7,2,9,2,1,1,5,0,0,7,4,9,7,16,11,13,19,61,39,57,21031.0,39588,,,1,5,2.64,3.4,2.58,1.04,1.25,1.75,2.95,5.5,12.0,3.75,2.01,1.4,1.14,1.62,2.2,3.5,1.27,3.5,1.27,1.5,1.29,1.49,3.2,2.25,3.1,2.75,2.5,2.75,0,0,1.2,1.33,1.6,2.0,2.7,4.25,2.9,2.1,1.65,1.38,1.78,7.5,2.4,2.05,10.25,1.83,5.0,4.5,1.33,2.63,7.0,19.0,3.25,1.44,1.1,1.02,1.21,1.95,4.0,9.5,4.0,1.73,1.21,1.05,0,0,0,0,6,2,2,0,2,2,4,1648942200,6490,0,25,25,0,0,-1,2,1,3,0,4,2,3,6,1,2,0,3,3,3,1,65,20,134,74,1.98,1.12,3.1,0,0,0,0,0,0,1,1,0,0,2,0,0,1,-1,-1,-1,-1,-1,-1,-1,-1,-1,0,0,25,100,100,25,75,100,25,8.0,0.5,7.5,2.25,/clubs/orlando-city-sc-17,teams/usa-orlando-city-sc.png,Orlando City,/clubs/los-angeles-fc-6490,teams/usa-los-angeles-fc.png,Los Angeles FC,1.59,1.53,1.5,3.0,1.6,2.5,100,100,75,0,0,50,25,0,1.34,0.75,2.09,/usa/orlando-city-sc-vs-los-angeles-fc-h2h-stats#1541071,6969,35,True,True,True,True,True,True,True,"['36', '45']","['24', '38', '51', '90+3']"
MLS,2022,6969,1541072,16,711351,2022,complete,83993,0,-1,"['4', '46']",[],2,0,2,5,6,11,2,3,2,0,0,0,5,2,3,9,8,11,14,8,41,59,13841,12.0,13343,,,2,0,1.43,4.4,7.49,1.03,1.22,1.68,2.85,5.0,13.0,4.2,2.11,1.42,1.16,1.8,1.95,2.1,1.66,6.5,1.1,1.1,1.2,2.75,2.0,2.4,6.0,1.73,2.85,5.5,0,0,1.2,1.34,1.6,2.05,2.75,4.25,2.9,2.1,1.65,1.37,1.23,9.5,5.0,1.33,11.5,3.5,2.38,11.0,1.3,2.5,6.0,17.0,3.4,1.5,1.13,1.03,1.18,1.85,3.6,8.25,4.4,1.83,1.24,1.06,0,0,0,0,2,1,0,1,0,1,1,1648942200,16,0,50,25,25,0,-1,2,1,3,3,2,3,6,5,1,0,1,0,1,1,1,60,44,106,101,1.3,1.16,2.46,0,0,0,0,0,0,1,1,1,0,0,0,0,0,-1,-1,-1,-1,-1,-1,-1,-1,-1,0,0,50,100,100,50,75,75,25,12.5,4.0,5.0,2.5,/clubs/philadelphia-union-16,teams/usa-philadelphia-union.png,Philadelphia Union,/clubs/charlotte-fc-711351,teams/usa-charlotte-fc.png,Charlotte,2.47,0.65,2.0,0.0,2.5,1.2,100,100,50,0,0,75,50,50,1.98,1.49,3.47,/usa/philadelphia-union-vs-charlotte-fc-h2h-stats#1541072,6969,34,True,True,False,False,False,False,False,"['4', '46']",[]
MLS,2022,6969,1541073,15,698284,2022,complete,83993,0,-1,"['70', '72']","['11', '52']",2,2,4,9,0,9,3,3,3,3,0,0,12,5,6,4,18,9,15,20,64,36,58,1763.0,2339,,,3,3,2.46,3.5,2.72,1.03,1.22,1.68,2.75,4.75,13.0,4.2,2.11,1.45,1.17,1.57,2.25,3.6,1.26,4.1,1.21,1.42,1.29,1.57,3.0,2.3,3.25,2.63,2.6,2.88,0,0,1.18,1.29,1.53,1.93,2.55,4.5,3.1,2.25,1.73,1.43,1.7,7.5,2.55,1.8,11.25,2.1,4.4,5.5,1.33,2.5,6.5,19.0,3.25,1.5,1.11,1.02,1.18,1.83,3.75,9.0,4.5,1.83,1.25,1.07,0,0,0,0,4,0,1,2,1,3,1,1648942200,-1,0,50,25,50,0,-1,2,1,2,0,7,0,2,7,1,1,2,2,2,4,1,69,27,124,57,2.48,1.11,3.59,1,1,1,1,0,0,1,1,0,0,0,0,0,0,-1,-1,-1,-1,-1,-1,-1,-1,-1,25,50,50,50,100,25,50,100,50,13.0,2.0,7.5,3.0,/clubs/san-jose-earthquakes-15,teams/usa-san-jose-earthquakes.png,SJ Earthquakes,/clubs/austin-fc-698284,teams/usa-austin-fc.png,Austin,1.59,1.44,0.5,0.0,0.25,1.75,75,50,50,50,0,100,100,75,1.08,1.33,2.41,/usa/san-jose-earthquakes-vs-austin-fc-h2h-stats#1541073,6969,34,True,True,True,True,False,False,True,"['70', '72']","['11', '52']"
MLS,2022,6969,1541074,677446,6,2022,complete,83993,0,-1,['66'],"['49', '57', '90+3']",1,3,4,7,3,10,1,0,3,4,0,0,5,5,19,7,24,12,7,15,54,46,3,28121.0,10669,,,3,4,2.34,3.4,2.95,1.05,1.3,1.9,3.3,6.5,11.0,3.5,1.84,1.33,1.11,1.7,2.05,3.25,1.31,3.7,1.25,1.4,1.32,1.55,3.0,2.2,3.5,2.63,2.45,3.0,0,0,1.19,1.25,1.46,1.9,2.3,4.4,3.5,2.45,1.9,1.5,1.7,7.5,2.55,1.8,9.4,2.2,4.0,5.0,1.36,2.75,8.0,21.0,3.0,1.4,1.08,1.02,1.21,1.98,4.0,9.5,3.9,1.72,1.21,1.05,0,0,0,0,4,0,0,1,3,4,0,1648950900,6,0,0,0,0,0,-1,2,1,3,2,4,1,5,5,1,1,2,3,2,5,1,50,26,103,92,2.22,1.3,3.52,1,1,1,1,0,0,1,1,0,0,1,1,0,0,-1,-1,-1,-1,-1,-1,-1,-1,-1,0,0,0,25,75,0,25,75,0,6.0,3.0,7.0,1.0,/clubs/club-internacional-de-futbol-miami-677446,teams/usa-club-internacional-de-futbol-miami.png,Inter Miami,/clubs/houston-dynamo-6,teams/usa-houston-dynamo.png,Houston Dynamo,1.94,0.76,0.5,0.0,0.25,1.25,100,100,100,75,25,25,0,0,1.26,0.73,1.99,/usa/houston-dynamo-vs-club-internacional-de-futbol-miami-h2h-stats#1541074,6969,34,True,True,True,True,False,False,True,['66'],"['49', '57', '90+3']"
MLS,2022,6969,1541075,1015,18,2022,complete,83993,0,-1,['82'],"['38', '49']",1,2,3,5,5,10,1,1,5,2,0,0,4,9,13,5,17,14,18,12,43,57,31,5.0,25,,,5,2,2.1,3.4,3.45,1.06,1.3,1.89,3.4,6.5,10.0,3.4,1.85,1.33,1.1,1.75,2.0,2.8,1.39,4.0,1.22,1.29,1.32,1.71,2.88,2.2,3.75,2.5,2.45,3.25,0,0,1.2,1.33,1.6,2.05,2.7,4.25,2.9,2.1,1.65,1.38,1.64,7.5,2.7,1.73,9.4,2.3,3.6,5.5,1.4,2.75,8.0,21.0,2.75,1.4,1.08,1.02,1.23,2.05,4.2,10.0,3.8,1.68,1.19,1.05,0,0,0,0,3,0,1,1,1,2,1,1648944000,18,0,50,0,0,0,-1,2,1,1,4,4,1,5,5,1,0,4,2,1,6,1,60,42,98,113,1.78,1.83,3.61,1,0,1,0,0,0,1,1,0,0,0,0,1,0,-1,-1,-1,-1,-1,-1,-1,-1,-1,0,0,0,50,100,0,75,75,0,7.0,2.0,4.0,1.5,/clubs/minnesota-united-fc-1015,teams/usa-minnesota-united-fc.png,Minnesota United,/clubs/seattle-sounders-fc-18,teams/usa-seattle-sounders-fc.png,Seattle Sounders,1.71,0.65,2.0,0.5,2.0,1.0,100,100,100,50,0,50,25,25,1.48,1.27,2.75,/usa/seattle-sounders-fc-vs-minnesota-united-fc-h2h-stats#1541075,6969,34,True,True,True,False,False,False,True,['82'],"['38', '49']"
MLS,2022,6969,1541076,5,8,2022,complete,83993,0,-1,['73'],[],1,0,1,1,3,4,1,0,4,0,0,0,5,4,7,8,12,12,12,11,48,52,24,41087.0,18,,,4,0,2.62,3.2,2.73,1.05,1.3,1.95,3.3,6.0,11.0,3.5,1.8,1.33,1.12,1.7,2.05,3.5,1.27,3.5,1.27,1.47,1.31,1.47,3.25,2.2,3.25,2.88,2.45,2.88,0,0,1.22,1.42,1.83,2.25,3.1,3.75,2.55,1.98,1.52,1.3,1.87,7.0,2.28,1.95,9.1,1.95,4.6,4.75,1.4,2.75,8.0,21.0,2.75,1.4,1.08,1.02,1.21,1.98,4.0,9.5,3.9,1.72,1.21,1.05,0,0,0,0,1,0,0,1,0,1,0,1648944000,5,0,34,0,34,0,16772,2,1,0,0,1,3,0,4,2,0,2,0,2,2,1,38,34,115,122,1.39,1.3,2.69,0,0,0,0,0,0,1,1,0,0,0,0,0,0,-1,-1,-1,-1,-1,-1,-1,-1,-1,0,34,34,50,50,17,50,50,34,9.0,2.67,4.0,1.67,/clubs/vancouver-whitecaps-fc-5,teams/canada-vancouver-whitecaps-fc.png,Vancouver Whitecaps,/clubs/sporting-kansas-city-8,teams/usa-sporting-kansas-city.png,Sporting KC,1.94,0.65,1.0,0.0,0.25,1.2,100,67,67,50,50,67,67,67,0.94,1.13,2.07,/usa/vancouver-whitecaps-fc-vs-sporting-kansas-city-h2h-stats#1541076,6969,34,True,False,False,False,False,False,False,['73'],[]
MLS,2022,6969,1541077,12,14,2022,complete,83993,0,-1,['56'],['45'],1,1,2,5,4,9,2,1,1,3,0,0,5,2,12,4,17,6,10,8,63,37,15,11434.0,8,,,1,3,1.7,3.7,4.96,1.05,1.3,1.89,3.5,6.5,11.0,3.4,1.85,1.3,1.1,1.91,1.91,2.3,1.55,4.6,1.17,1.19,1.26,2.1,2.3,2.2,5.0,2.0,2.55,4.5,0,0,1.18,1.3,1.55,1.93,2.55,4.5,3.1,2.25,1.72,1.42,1.37,8.5,3.75,1.5,9.3,2.88,2.8,7.5,1.4,2.75,8.0,21.0,2.75,1.4,1.08,1.02,1.23,2.05,4.33,10.5,3.8,1.66,1.18,1.04,0,0,0,0,2,0,1,1,0,1,1,1648947600,-1,0,17,0,17,0,13380,2,1,2,3,3,1,5,4,1,0,0,3,1,3,1,47,27,118,102,1.77,0.73,2.5,0,1,0,1,0,0,1,1,0,0,0,0,0,0,-1,-1,-1,-1,-1,-1,-1,-1,-1,17,17,42,67,84,0,67,84,42,12.33,4.67,5.17,2.25,/clubs/colorado-rapids-12,teams/usa-colorado-rapids.png,Colorado Rapids,/clubs/real-salt-lake-14,teams/usa-real-salt-lake.png,Real Salt Lake,2.06,0.89,3.0,1.33,1.75,2.0,84,84,59,34,17,100,100,84,1.19,1.3,2.49,/usa/colorado-rapids-vs-real-salt-lake-h2h-stats#1541077,6969,34,True,True,False,False,False,False,True,['56'],['45']
MLS,2022,6969,1541078,20,10,2022,complete,83993,0,-1,['51'],"['9', '16', '59']",1,3,4,6,4,10,1,3,2,5,1,1,2,5,13,6,15,11,16,15,49,51,20,42128.0,2,,,4,6,2.23,3.6,3.1,1.03,1.22,1.62,2.85,5.0,15.0,4.2,2.15,1.42,1.16,1.57,2.25,3.4,1.28,4.2,1.2,1.37,1.29,1.63,2.75,2.3,3.5,2.5,2.6,3.1,0,0,1.18,1.29,1.53,1.93,2.55,4.5,3.1,2.25,1.73,1.43,1.78,7.5,2.4,1.67,11.5,2.2,4.0,6.0,1.3,2.5,6.0,17.0,3.4,1.5,1.13,1.03,1.18,1.85,3.6,8.25,4.33,1.83,1.25,1.06,0,0,0,0,4,0,2,1,1,2,2,1649017800,10,0,59,25,59,0,-1,2,1,3,2,3,3,5,6,1,1,2,5,2,7,1,61,49,113,82,1.53,1.4,2.93,0,0,0,0,0,0,1,1,0,1,1,1,0,0,-1,-1,-1,-1,-1,-1,-1,-1,-1,25,42,42,59,100,25,42,100,59,10.17,1.5,5.5,2.67,/clubs/portland-timbers-20,teams/usa-portland-timbers.png,Portland Timbers,/clubs/la-galaxy-10,teams/usa-la-galaxy.png,LA Galaxy,1.76,1.22,1.67,1.5,1.2,1.5,75,59,59,42,0,75,59,34,1.37,1.77,3.14,/usa/la-galaxy-vs-portland-timbers-h2h-stats#1541078,6969,34,True,True,True,True,False,False,True,['51'],"['9', '16', '59']"
MLS,2022,6969,1541079,17,7,2022,complete,83993,0,-1,['59'],[],1,0,1,6,2,8,0,0,2,2,0,1,8,3,15,5,23,8,6,15,62,38,13864,21031.0,10695,,,2,3,1.98,3.5,3.65,1.06,1.3,1.8,3.25,5.5,8.0,3.4,1.93,1.33,1.12,1.75,2.03,2.8,1.38,4.4,1.19,1.31,1.3,1.79,2.65,2.22,4.14,2.42,2.58,3.7,0,0,1.2,1.33,1.6,2.05,2.7,4.25,2.9,2.1,1.65,1.38,1.69,8.0,2.54,1.68,12.0,2.32,3.25,6.5,1.39,2.77,7.0,15.0,3.0,1.45,1.1,1.02,1.24,2.09,4.4,10.0,4.04,1.74,1.21,1.04,0,0,0,0,1,0,0,1,0,1,0,1649523600,17,0,34,34,0,0,16051,2,1,1,1,5,1,2,6,0,2,2,1,2,3,1,60,22,131,81,2.45,0.88,3.33,0,0,0,0,0,0,1,1,0,0,0,0,0,1,-1,-1,-1,-1,-1,-1,-1,-1,-1,17,17,34,75,75,34,59,75,34,8.67,3.5,4.67,2.34,/clubs/orlando-city-sc-17,teams/usa-orlando-city-sc.png,Orlando City,/clubs/chicago-fire-7,teams/usa-chicago-fire.png,Chicago Fire,1.59,0.94,1.0,2.0,1.33,1.8,84,84,67,25,25,100,42,0,1.55,1.47,3.02,/usa/chicago-fire-vs-orlando-city-sc-h2h-stats#1541079,6969,34,True,False,False,False,False,False,False,['59'],[]
MLS,2022,6969,1541080,711351,1016,2022,complete,83993,0,-1,['11'],[],1,0,1,6,5,11,0,0,3,1,0,0,3,5,11,11,14,16,17,9,51,49,3,13343.0,40852,,,3,1,3.35,3.75,2.07,1.05,1.29,1.75,3.0,5.5,9.0,3.5,1.95,1.36,1.12,1.7,2.05,4.2,1.2,3.1,1.32,1.6,1.29,1.36,3.5,2.1,2.75,3.2,2.45,2.5,0,0,1.22,1.42,1.74,2.23,3.0,4.0,2.75,2.02,1.61,1.35,2.2,8.0,1.83,2.1,12.75,1.81,5.0,4.0,1.4,2.62,6.0,15.0,2.75,1.44,1.11,1.02,1.25,2.05,4.33,9.0,3.75,1.7,1.2,1.05,0,0,0,0,1,1,0,0,0,0,1,1649611800,711351,0,17,0,17,0,-1,2,1,4,2,2,3,6,5,0,0,3,1,0,4,1,55,21,94,112,1.49,1.52,3.01,0,0,0,0,0,0,1,1,0,0,2,0,0,0,-1,-1,-1,-1,-1,-1,-1,-1,-1,0,17,42,59,100,0,59,100,42,10.0,3.0,5.17,2.17,/clubs/charlotte-fc-711351,teams/usa-charlotte-fc.png,Charlotte,/clubs/atlanta-united-fc-1016,teams/usa-atlanta-united-fc.png,Atlanta United FC,1.82,0.65,2.0,1.5,1.0,2.0,100,84,59,42,0,84,84,67,1.24,1.36,2.6,/usa/atlanta-united-fc-vs-charlotte-fc-h2h-stats#1541080,6969,34,True,False,False,False,False,False,False,['11'],[]
MLS,2022,6969,1541081,4,1,2022,complete,83993,0,-1,['14'],"['71', '81']",1,2,3,5,3,8,2,2,4,4,0,0,5,4,12,6,17,10,13,11,50,50,5016,11574.0,39282,,,4,4,1.55,3.8,5.1,1.04,1.23,1.82,2.77,5.0,14.75,4.05,2.0,1.43,1.16,1.82,1.94,2.25,1.58,5.5,1.13,1.15,1.23,2.41,2.14,2.38,5.45,1.92,2.81,5.1,0,0,1.22,1.42,1.8,2.3,3.1,3.7,2.55,2.0,1.52,1.29,1.45,8.5,3.2,1.45,14.75,2.84,2.7,10.0,1.35,2.59,6.3,13.0,3.2,1.5,1.12,1.02,1.21,1.98,4.04,8.0,4.44,1.83,1.24,1.06,0,0,0,0,3,1,0,0,2,2,1,1649534400,1,0,63,25,50,0,15734,2,1,2,3,3,0,5,3,0,2,4,2,2,6,1,52,28,116,91,1.8,1.12,2.93,0,0,0,0,0,0,1,1,0,0,1,0,0,1,-1,-1,-1,-1,-1,-1,-1,-1,-1,38,38,38,75,100,38,38,100,75,12.5,3.25,6.5,3.25,/clubs/new-york-red-bulls-4,teams/usa-new-york-red-bulls.png,New York RB,/clubs/montreal-impact-1,teams/canada-montreal-impact.png,Montreal Impact,1.28,2.06,0.5,1.0,2.0,0.8,63,63,63,25,0,75,75,38,1.56,1.42,2.98,/usa/montreal-impact-vs-new-york-red-bulls-h2h-stats#1541081,6969,35,True,True,True,False,False,False,True,['14'],"['71', '81']"
MLS,2022,6969,1541082,677446,11,2022,complete,83993,0,-1,"['17', '23', '88']","['11', '67']",3,2,5,1,5,6,0,2,4,4,0,0,4,4,7,3,11,7,16,9,37,63,13851,28121.0,21032,,,4,4,2.95,3.5,2.28,1.05,1.29,1.7,3.0,5.5,9.0,3.5,2.06,1.36,1.12,1.67,2.1,4.0,1.22,3.4,1.28,1.57,1.29,1.4,3.6,2.05,2.8,3.0,2.3,2.75,0,0,1.2,1.33,1.6,2.0,2.7,4.25,2.9,2.1,1.65,1.38,2.1,8.0,1.95,2.08,13.0,1.81,5.5,3.9,1.4,2.62,6.0,13.0,2.75,1.44,1.11,1.02,1.25,2.0,4.0,9.0,3.75,1.73,1.22,1.05,0,0,0,0,5,2,1,1,1,2,3,1649530800,677446,0,67,0,67,0,11472,2,1,1,1,0,4,2,4,1,1,3,3,2,6,1,30,71,79,124,1.2,1.25,2.44,0,1,0,1,0,0,1,1,0,0,0,0,1,0,-1,-1,-1,-1,-1,-1,-1,-1,-1,0,67,67,84,84,0,67,84,67,12.5,3.17,5.67,3.0,/clubs/club-internacional-de-futbol-miami-677446,teams/usa-club-internacional-de-futbol-miami.png,Inter Miami,/clubs/new-england-revolution-11,teams/usa-new-england-revolution.png,New England Revolution,1.94,0.88,0.33,0.5,0.2,0.8,100,34,34,17,17,84,67,50,1.58,1.94,3.52,/usa/new-england-revolution-vs-club-internacional-de-futbol-miami-h2h-stats#1541082,6969,34,True,True,True,True,True,False,True,"['17', '23', '88']","['11', '67']"
MLS,2022,6969,1541083,2,13401,2022,complete,83993,0,-1,['27'],"['24', '57']",1,2,3,4,3,7,1,1,3,3,0,0,3,4,7,1,10,5,10,19,61,39,13967,27505.0,38056,,,3,3,1.45,4.95,6.3,1.02,1.17,1.59,2.3,4.0,12.0,4.5,2.22,1.57,1.22,1.7,2.05,2.35,1.53,7.0,1.09,1.13,1.2,2.6,1.95,2.4,5.5,1.73,2.95,5.25,0,0,1.25,1.47,1.85,2.45,3.4,3.4,2.4,1.95,1.46,1.26,1.45,9.0,3.3,1.39,19.5,2.99,2.5,12.0,1.28,2.25,5.0,13.0,3.3,1.57,1.14,1.03,1.15,1.73,3.25,7.0,4.8,1.98,1.3,1.08,0,0,0,0,3,1,1,0,1,1,2,1661990400,13401,0,42,19,31,0,8113,2,1,1,0,3,3,1,6,0,2,3,1,2,4,1,54,23,111,87,1.24,0.78,2.02,0,0,0,0,0,0,1,1,0,0,0,0,0,0,-1,-1,-1,-1,-1,-1,-1,-1,-1,31,42,58,77,96,42,70,85,50,9.77,3.54,4.38,3.46,/clubs/new-york-city-fc-2,teams/usa-new-york-city-fc.png,New York City,/clubs/dc-united-13401,teams/usa-dc-united.png,DC United,2.06,0.65,2.08,0.54,1.67,0.81,69,58,42,23,4,58,54,42,2.0,1.07,3.07,/usa/new-york-city-fc-vs-dc-united-h2h-stats#1541083,6969,34,True,True,True,False,False,False,True,['27'],"['24', '57']"
MLS,2022,6969,1541084,16,9,2022,complete,83993,0,-1,['2'],[],1,0,1,4,8,12,0,4,1,1,0,0,6,3,5,16,11,19,12,8,31,69,7,12.0,13,,,1,1,1.95,3.3,3.47,1.05,1.29,1.85,3.0,5.5,9.0,3.5,1.95,1.36,1.12,1.73,2.0,2.45,1.49,4.6,1.17,1.22,1.29,1.85,2.6,2.05,4.0,2.1,2.45,4.2,0,0,1.19,1.38,1.68,2.15,2.9,4.0,2.7,2.0,1.58,1.33,1.59,8.5,2.78,1.63,12.25,2.42,3.2,6.5,1.4,2.62,6.5,13.0,2.75,1.44,1.1,1.02,1.25,2.05,4.33,9.0,3.75,1.7,1.2,1.05,0,0,0,0,1,1,0,0,0,0,1,1649541600,16,0,67,42,50,0,-1,2,1,1,3,3,5,4,8,0,0,1,1,0,2,1,28,75,95,133,1.33,1.95,3.28,0,0,0,0,0,0,1,1,1,0,0,0,0,0,-1,-1,-1,-1,-1,-1,-1,-1,-1,25,25,25,100,100,42,75,84,50,11.83,5.0,5.33,3.0,/clubs/philadelphia-union-16,teams/usa-philadelphia-union.png,Philadelphia Union,/clubs/columbus-crew-9,teams/usa-columbus-crew.png,Columbus Crew,2.47,1.12,2.33,1.0,2.6,1.6,75,75,75,0,0,59,59,59,1.75,1.5,3.25,/usa/columbus-crew-vs-philadelphia-union-h2h-stats#1541084,6969,34,True,False,False,False,False,False,False,['2'],[]
MLS,2022,6969,1541085,10,6490,2022,complete,83993,0,-1,"['13', '31']",['79'],2,1,3,5,4,9,2,9,7,3,0,0,2,10,8,10,10,20,17,12,43,57,11,2.0,39588,,,7,3,2.38,3.61,2.43,1.03,1.17,1.56,2.17,4.0,11.0,4.5,2.32,1.62,1.22,1.53,2.43,4.1,1.21,4.1,1.21,1.53,1.28,1.53,3.06,2.38,3.06,2.8,2.77,2.8,0,0,1.2,1.33,1.6,2.0,2.7,4.25,2.9,2.1,1.66,1.38,1.91,8.0,2.1,1.87,18.0,1.92,4.8,5.8,1.3,2.34,5.45,11.0,3.52,1.6,1.15,1.03,1.17,1.82,3.52,7.0,5.05,1.99,1.3,1.08,0,0,0,0,3,2,0,0,1,1,2,1649547000,10,0,25,25,0,0,-1,2,1,3,0,2,4,3,6,1,0,6,3,1,9,1,30,68,66,117,0.99,2.45,3.44,0,0,0,0,0,0,1,1,0,0,1,0,0,0,-1,-1,-1,-1,-1,-1,-1,-1,-1,25,25,25,50,100,25,75,75,25,12.0,1.0,5.0,2.5,/clubs/la-galaxy-10,teams/usa-la-galaxy.png,LA Galaxy,/clubs/los-angeles-fc-6490,teams/usa-los-angeles-fc.png,Los Angeles FC,1.72,1.53,1.5,3.0,1.8,2.6,75,75,75,50,0,75,50,50,1.63,0.94,2.57,/usa/la-galaxy-vs-los-angeles-fc-h2h-stats#1541085,6969,36,True,True,True,False,False,False,True,"['13', '31']",['79']
MLS,2022,6969,1541086,14,19,2022,complete,83993,0,-1,"['7', '43']","['9', '79']",2,2,4,8,3,11,6,1,3,2,0,1,3,3,14,4,17,7,7,8,48,52,42,8.0,211,,,3,4,1.75,3.75,3.75,1.03,1.22,1.72,2.9,5.5,13.0,4.0,2.04,1.4,1.15,1.68,2.1,2.55,1.46,5.0,1.15,1.22,1.22,2.0,2.45,2.25,4.5,2.15,2.7,4.2,0,0,1.19,1.38,1.68,2.15,2.9,4.0,2.7,2.0,1.58,1.33,1.55,8.5,2.91,1.57,14.5,2.49,3.0,8.0,1.36,2.6,6.0,19.0,3.2,1.45,1.11,1.02,1.2,1.95,4.0,9.0,4.33,1.8,1.22,1.04,0,0,0,0,4,2,1,0,1,1,3,1649548800,-1,0,75,50,0,0,20136,2,1,5,1,3,2,6,5,0,1,3,2,1,5,1,53,28,112,99,1.67,0.87,2.54,0,0,0,0,0,0,1,1,1,1,0,0,0,0,-1,-1,-1,-1,-1,-1,-1,-1,-1,0,0,50,75,100,50,75,75,25,10.0,1.5,3.0,2.25,/clubs/real-salt-lake-14,teams/usa-real-salt-lake.png,Real Salt Lake,/clubs/toronto-fc-19,teams/canada-toronto-fc.png,Toronto,1.88,0.59,3.0,0.5,1.83,1.4,100,100,50,25,0,50,50,50,1.2,1.08,2.28,/usa/real-salt-lake-vs-toronto-fc-h2h-stats#1541086,6969,34,True,True,True,True,False,False,True,"['7', '43']","['9', '79']"
MLS,2022,6969,1541087,13,12,2022,complete,83993,0,-1,"['45+2', '50', '89']",['30'],3,1,4,0,8,8,1,0,3,3,0,0,5,6,2,9,7,15,16,12,35,65,19912,21189.0,11434,,,3,3,1.9,3.4,3.5,1.05,1.3,2.01,3.4,6.5,10.0,3.4,1.79,1.3,1.1,1.75,2.0,2.75,1.4,4.1,1.21,1.3,1.25,1.75,2.8,2.1,4.0,2.5,2.5,3.6,0,0,1.19,1.37,1.66,2.15,2.9,4.0,2.7,2.0,1.58,1.33,1.69,8.0,2.63,1.71,11.25,2.31,3.4,6.5,1.42,2.9,7.0,21.0,2.9,1.4,1.08,1.02,1.25,2.15,4.5,10.0,3.75,1.68,1.18,1.03,0,0,0,0,4,1,1,2,0,2,2,1649550600,13,0,59,17,17,0,15893,2,1,0,5,0,3,5,3,2,3,1,0,5,1,1,15,53,73,122,0.91,1.76,2.67,0,0,0,0,0,0,1,1,0,0,0,0,0,1,-1,-1,-1,-1,-1,-1,-1,-1,-1,17,17,42,100,100,59,84,84,34,10.17,3.17,4.5,2.75,/clubs/fc-dallas-13,teams/usa-fc-dallas.png,FC Dallas,/clubs/colorado-rapids-12,teams/usa-colorado-rapids.png,Colorado Rapids,1.94,0.47,2.33,0.5,1.6,1.6,84,84,59,0,0,42,42,42,1.55,0.9,2.45,/usa/colorado-rapids-vs-fc-dallas-h2h-stats#1541087,6969,34,True,True,True,True,False,False,True,"['45+2', '50', '89']",['30']
MLS,2022,6969,1541088,6,15,2022,complete,83993,0,-1,"['8', '43', '57', '68']","['25', '28', '76']",4,3,7,3,2,5,1,0,6,3,0,0,7,6,5,12,12,18,15,10,33,67,13967,10669.0,1763,,,6,3,1.73,3.75,3.8,1.03,1.22,1.72,2.95,5.5,13.0,4.0,2.04,1.4,1.15,1.7,2.1,2.55,1.46,5.0,1.15,1.22,1.22,2.0,2.4,2.3,4.5,2.15,2.7,4.2,0,0,1.18,1.3,1.53,1.93,2.55,4.5,3.1,2.25,1.72,1.42,1.64,8.5,2.66,1.58,13.75,2.48,3.0,7.5,1.35,2.6,6.0,19.0,3.2,1.47,1.11,1.02,1.2,1.95,4.0,9.0,4.33,1.8,1.22,1.04,0,0,0,0,7,2,2,2,1,3,4,1649550600,6,0,34,17,0,0,-1,2,1,2,0,1,2,2,3,2,2,4,1,4,5,1,18,59,72,129,1.38,1.99,3.37,0,0,0,0,0,0,1,1,1,0,1,0,0,0,-1,-1,-1,-1,-1,-1,-1,-1,-1,0,0,17,59,84,17,84,59,0,10.0,1.67,5.33,1.59,/clubs/houston-dynamo-6,teams/usa-houston-dynamo.png,Houston Dynamo,/clubs/san-jose-earthquakes-15,teams/usa-san-jose-earthquakes.png,SJ Earthquakes,1.35,0.47,1.67,0.0,1.6,0.4,100,100,84,42,17,34,34,34,1.16,1.14,2.3,/usa/houston-dynamo-vs-san-jose-earthquakes-h2h-stats#1541088,6969,34,True,True,True,True,True,True,True,"['8', '43', '57', '68']","['25', '28', '76']"
MLS,2022,6969,1541089,8,677447,2022,complete,83993,0,-1,['25'],"['51', '68']",1,2,3,5,5,10,1,3,3,1,0,0,5,7,14,11,19,18,12,16,52,48,31,18.0,24795,,,3,1,2.2,3.08,3.05,1.09,1.42,1.77,4.2,8.5,8.0,2.85,1.84,1.22,1.06,1.95,1.83,2.65,1.42,3.4,1.28,1.33,1.3,1.63,3.0,2.0,4.0,2.65,2.35,3.6,0,0,1.26,1.48,1.88,2.43,3.3,3.65,2.55,1.93,1.52,1.3,1.75,8.0,2.44,1.8,8.55,2.3,3.5,5.5,1.53,3.3,9.0,21.0,2.55,1.3,1.05,1.02,1.3,2.4,5.5,13.0,3.4,1.55,1.12,1.01,0,0,0,0,3,1,0,0,2,2,1,1649550600,677447,0,20,10,0,0,18852,2,1,1,3,4,2,4,6,1,0,2,1,1,3,1,36,42,89,85,1.81,1.93,3.73,0,1,0,0,0,1,1,1,0,0,0,1,0,0,-1,-1,-1,-1,-1,-1,-1,-1,-1,0,0,10,30,100,10,30,90,10,6.8,2.6,5.3,1.4,/clubs/sporting-kansas-city-8,teams/usa-sporting-kansas-city.png,Sporting KC,/clubs/nashville-sc-mls-677447,teams/usa-nashville-sc-mls.png,Nashville SC,1.71,1.44,3.0,1.4,1.0,1.4,100,100,90,70,0,75,45,20,1.48,1.03,2.51,/usa/sporting-kansas-city-vs-nashville-sc-mls-h2h-stats#1541089,6969,34,True,True,True,False,False,False,True,['25'],"['51', '68']"
MLS,2022,6969,1541090,18,8043,2022,complete,83993,0,-1,['58'],['24'],1,1,2,4,2,6,2,1,2,2,1,0,4,2,5,9,9,11,12,19,53,47,69,25.0,40182,,,4,2,2.3,3.75,2.8,1.03,1.2,1.62,2.58,4.52,12.5,4.73,2.3,1.54,1.22,1.53,2.38,3.1,1.31,5.0,1.14,1.3,1.22,1.83,2.5,2.4,3.75,2.2,2.6,3.4,0,0,1.17,1.36,1.67,2.07,2.71,4.2,2.94,2.16,1.69,1.38,1.48,8.5,3.4,1.57,16.25,2.38,3.6,7.5,1.29,2.38,5.5,15.0,3.5,1.53,1.14,1.03,1.2,1.8,3.5,7.0,4.33,1.91,1.29,1.08,0,0,0,0,2,0,1,1,0,1,1,1664330400,-1,0,60,37,27,0,31291,2,1,2,0,2,2,2,4,0,0,3,2,0,5,1,50,36,107,123,1.22,1.11,2.33,0,0,0,0,0,0,1,1,0,0,0,0,0,0,-1,-1,-1,-1,-1,-1,-1,-1,-1,14,24,63,84,97,47,87,80,50,9.93,3.93,4.2,2.97,/clubs/seattle-sounders-fc-18,teams/usa-seattle-sounders-fc.png,Seattle Sounders,/clubs/fc-cincinnati-8043,teams/usa-fc-cincinnati.png,FC Cincinnati,1.76,1.47,1.87,1.4,1.26,1.45,87,77,37,17,4,67,54,47,1.6,1.19,2.79,/usa/seattle-sounders-fc-vs-fc-cincinnati-h2h-stats#1541090,6969,34,True,True,False,False,False,False,True,['58'],['24']
MLS,2022,6969,1541091,5,20,2022,complete,83993,0,-1,"['76', '90+6']","['42', '60', '78']",2,3,5,5,0,5,1,1,0,4,0,0,9,4,9,1,18,5,10,12,50,50,44,41087.0,42128,,,0,4,2.35,3.33,2.65,1.04,1.25,1.84,3.0,5.5,11.0,3.75,1.96,1.38,1.14,1.65,2.2,3.4,1.28,3.7,1.24,1.47,1.28,1.52,3.2,2.15,3.3,2.85,2.55,3.0,0,0,1.2,1.38,1.67,2.12,2.85,4.25,2.9,2.12,1.67,1.38,1.83,8.0,2.2,1.91,13.25,1.96,4.6,4.6,1.38,2.7,6.5,19.0,3.0,1.44,1.09,1.02,1.2,1.95,4.0,9.0,4.2,1.78,1.22,1.04,0,0,0,0,5,0,1,2,2,4,1,1649556000,20,0,50,0,25,0,-1,2,1,0,0,5,0,0,5,0,3,0,1,3,1,1,85,32,119,97,2.38,0.84,3.22,2,1,1,1,1,0,1,1,0,0,0,0,0,1,-1,-1,-1,-1,-1,-1,-1,-1,-1,25,25,25,50,75,25,50,75,25,4.5,3.0,6.0,2.0,/clubs/vancouver-whitecaps-fc-5,teams/canada-vancouver-whitecaps-fc.png,Vancouver Whitecaps,/clubs/portland-timbers-20,teams/usa-portland-timbers.png,Portland Timbers,1.94,0.94,2.0,0.5,0.8,1.0,75,75,75,50,25,50,50,50,1.17,0.83,2.0,/usa/vancouver-whitecaps-fc-vs-portland-timbers-h2h-stats#1541091,6969,34,True,True,True,True,True,False,True,"['76', '90+6']","['42', '60', '78']"
MLS,2022,6969,1541092,698284,1015,2022,complete,83993,0,-1,['58'],[],1,0,1,3,2,5,1,2,2,2,0,0,3,2,9,6,12,8,17,13,58,42,13812,2339.0,5,,,2,2,2.05,3.4,3.3,1.05,1.25,1.73,2.75,5.0,9.0,3.75,2.05,1.4,1.14,1.67,2.1,2.8,1.39,4.33,1.2,1.29,1.25,1.75,2.6,2.1,3.75,2.3,2.45,3.5,0,0,1.18,1.34,1.61,2.02,2.7,4.5,3.1,2.23,1.74,1.44,1.69,8.5,2.62,1.69,14.0,2.24,3.6,6.0,1.4,2.62,6.0,13.0,2.75,1.44,1.11,1.02,1.22,1.91,4.0,9.0,4.0,1.8,1.22,1.05,0,0,0,0,1,0,0,1,0,1,0,1649633400,698284,0,59,25,17,0,-1,2,1,0,0,3,2,0,5,0,1,2,1,1,3,1,51,36,121,95,1.35,0.92,2.26,0,0,0,0,0,0,1,1,0,0,0,0,0,1,-1,-1,-1,-1,-1,-1,-1,-1,-1,34,34,34,75,100,59,75,75,34,8.67,2.5,4.17,2.92,/clubs/austin-fc-698284,teams/usa-austin-fc.png,Austin,/clubs/minnesota-united-fc-1015,teams/usa-minnesota-united-fc.png,Minnesota United,1.79,1.11,2.33,2.0,1.6,1.6,67,67,67,25,0,67,67,42,1.83,1.18,3.01,/usa/minnesota-united-fc-vs-austin-fc-h2h-stats#1541092,6969,35,True,False,False,False,False,False,False,['58'],[]
MLS,2022,6969,1541093,1,5,2022,complete,83993,0,-1,"['1', '47']",['65'],2,1,3,1,7,8,0,3,3,4,0,0,5,5,6,3,11,8,13,20,54,46,20,39282.0,41087,,,3,4,1.67,4.05,4.9,1.04,1.26,1.81,3.0,5.55,13.0,3.75,1.93,1.38,1.14,1.76,1.96,2.4,1.5,5.0,1.15,1.21,1.26,2.02,2.27,2.21,4.62,2.03,2.64,4.2,0,0,1.18,1.36,1.63,2.1,2.8,4.2,2.8,2.05,1.61,1.35,1.33,8.5,4.0,1.55,13.0,2.58,2.9,7.5,1.36,2.63,5.95,15.0,2.9,1.43,1.1,1.02,1.25,2.05,4.33,9.0,3.75,1.7,1.2,1.05,0,0,0,0,3,1,0,1,1,2,1,1650135600,1,0,84,34,0,0,12042,2,1,0,4,1,3,4,4,1,2,2,2,3,4,1,43,35,95,87,1.36,1.12,2.48,0,0,0,0,0,0,1,1,1,0,0,1,0,0,-1,-1,-1,-1,-1,-1,-1,-1,-1,0,34,100,100,100,50,100,100,67,12.0,2.0,5.33,3.34,/clubs/montreal-impact-1,teams/canada-montreal-impact.png,Montreal Impact,/clubs/vancouver-whitecaps-fc-5,teams/canada-vancouver-whitecaps-fc.png,Vancouver Whitecaps,1.74,0.59,0.0,0.0,1.17,0.67,100,67,0,0,0,50,50,34,1.61,0.97,2.58,/usa/montreal-impact-vs-vancouver-whitecaps-fc-h2h-stats#1541093,6969,34,True,True,True,False,False,False,True,"['1', '47']",['65']
MLS,2022,6969,1541094,15,677447,2022,complete,83993,0,-1,"['52', '72']","['38', '63']",2,2,4,8,1,9,0,1,1,2,0,0,5,4,12,4,17,8,11,15,66,34,13841,1763.0,24795,,,1,2,2.92,3.35,2.45,1.05,1.3,1.85,3.3,6.3,11.25,3.43,1.88,1.32,1.11,1.72,2.0,3.4,1.29,3.1,1.32,1.52,1.32,1.41,3.37,2.09,3.0,2.99,2.5,2.67,0,0,1.24,1.46,1.88,2.37,3.3,3.5,2.45,1.93,1.47,1.27,2.06,7.0,2.06,2.05,11.25,1.89,5.0,4.0,1.4,2.8,6.45,15.0,2.72,1.38,1.08,1.02,1.29,2.2,4.5,10.0,3.5,1.62,1.17,1.04,0,0,0,0,4,0,1,2,1,3,1,1650137400,-1,0,75,25,50,0,10394,2,1,1,1,7,0,2,7,1,0,0,2,1,2,1,44,26,128,88,1.75,0.98,2.73,0,0,0,0,0,0,1,1,0,0,0,0,0,0,-1,-1,-1,-1,-1,-1,-1,-1,-1,17,50,67,84,100,25,84,92,67,8.84,2.83,5.17,3.34,/clubs/san-jose-earthquakes-15,teams/usa-san-jose-earthquakes.png,SJ Earthquakes,/clubs/nashville-sc-mls-677447,teams/usa-nashville-sc-mls.png,Nashville SC,1.59,1.44,0.67,1.67,0.33,1.67,84,50,34,17,0,100,59,33,1.55,1.18,2.73,/usa/san-jose-earthquakes-vs-nashville-sc-mls-h2h-stats#1541094,6969,34,True,True,True,True,False,False,True,"['52', '72']","['38', '63']"
MLS,2022,6969,1541095,1016,8043,2022,complete,83993,0,-1,[],[],0,0,0,9,5,14,1,4,3,3,0,1,6,0,17,12,23,12,9,12,65,35,69,40852.0,40182,,,3,4,1.4,4.91,7.91,1.03,1.21,1.6,2.6,4.63,16.5,4.33,2.2,1.48,1.19,1.7,2.03,2.4,1.51,6.0,1.12,1.17,1.22,2.29,2.06,2.35,5.0,1.85,2.82,4.67,0,0,1.24,1.46,1.85,2.4,3.3,3.5,2.4,1.95,1.47,1.26,1.3,8.5,4.3,1.46,16.5,2.75,2.7,10.0,1.31,2.4,5.25,12.0,3.18,1.51,1.12,1.02,1.22,1.91,3.75,8.0,4.0,1.8,1.25,1.06,0,0,0,0,0,0,0,0,0,0,0,1650146400,-1,0,67,33,34,0,42948,2,1,4,4,5,1,8,6,2,2,1,2,4,3,1,83,25,118,75,2.46,0.94,3.4,1,0,0,0,1,0,1,1,0,0,1,0,1,0,-1,-1,-1,-1,-1,-1,-1,-1,-1,33,50,84,100,100,67,84,100,67,10.0,5.33,5.67,3.83,/clubs/atlanta-united-fc-1016,teams/usa-atlanta-united-fc.png,Atlanta United FC,/clubs/fc-cincinnati-8043,teams/usa-fc-cincinnati.png,FC Cincinnati,1.71,1.47,2.33,1.0,1.67,1.0,67,50,17,0,0,50,34,34,1.48,1.24,2.72,/usa/atlanta-united-fc-vs-fc-cincinnati-h2h-stats#1541095,6969,34,False,False,False,False,False,False,False,[],[]
MLS,2022,6969,1541096,6,20,2022,complete,83993,0,-1,[],[],0,0,0,4,12,16,3,0,1,4,1,0,0,2,16,12,16,14,11,12,45,55,13812,10669.0,42128,,,2,4,2.0,3.7,3.85,1.03,1.21,1.67,2.67,4.8,15.0,4.23,2.05,1.46,1.17,1.58,2.23,2.9,1.37,4.33,1.19,1.32,1.29,1.72,2.54,2.24,3.7,2.29,2.67,3.35,0,0,1.11,1.25,1.46,1.83,2.3,5.5,3.5,2.45,1.98,1.5,1.5,8.0,3.1,1.7,15.0,2.21,3.5,6.0,1.32,2.45,5.4,13.0,3.08,1.49,1.12,1.02,1.22,1.91,4.0,7.5,4.0,1.8,1.22,1.07,0,0,0,0,0,0,0,0,0,0,0,1650146400,-1,0,88,25,46,0,13650,2,1,3,7,1,5,10,6,1,2,1,2,3,3,1,43,55,89,97,1.32,1.42,2.74,0,0,0,0,0,0,1,1,0,0,1,0,0,0,-1,-1,-1,-1,-1,-1,-1,-1,-1,46,46,59,88,88,42,88,88,46,6.25,2.42,6.58,3.5,/clubs/houston-dynamo-6,teams/usa-houston-dynamo.png,Houston Dynamo,/clubs/portland-timbers-20,teams/usa-portland-timbers.png,Portland Timbers,1.35,0.94,2.0,1.33,1.83,1.29,54,54,42,13,13,42,42,42,1.21,0.83,2.04,/usa/houston-dynamo-vs-portland-timbers-h2h-stats#1541096,6969,34,False,False,False,False,False,False,False,[],[]
MLS,2022,6969,1541097,4,13,2022,complete,83993,0,-1,[],[],0,0,0,9,0,9,1,0,3,1,0,0,6,2,14,3,20,5,15,7,56,44,24,11574.0,21189,,,3,1,1.66,4.01,5.2,1.05,1.28,1.87,3.15,5.9,12.0,3.58,1.99,1.35,1.12,1.77,1.95,2.4,1.51,4.6,1.17,1.23,1.29,1.91,2.37,2.16,4.43,2.12,2.57,4.0,0,0,1.24,1.46,1.85,2.4,3.3,3.5,2.45,1.95,1.47,1.27,1.43,8.0,3.5,1.6,12.0,2.51,3.0,7.5,1.38,2.71,6.2,15.0,2.82,1.41,1.09,1.02,1.29,2.1,4.33,9.0,3.5,1.67,1.2,1.05,0,0,0,0,0,0,0,0,0,0,0,1650150000,-1,0,34,0,17,0,-1,2,1,3,0,6,0,3,6,1,0,2,1,1,3,1,60,13,143,75,2.12,0.56,2.69,0,0,0,0,0,0,1,1,0,0,2,0,0,0,-1,-1,-1,-1,-1,-1,-1,-1,-1,0,0,17,34,75,0,42,50,34,8.67,3.0,5.0,1.25,/clubs/new-york-red-bulls-4,teams/usa-new-york-red-bulls.png,New York RB,/clubs/fc-dallas-13,teams/usa-fc-dallas.png,FC Dallas,1.28,1.06,0.33,0.5,1.67,1.83,100,100,84,67,25,17,17,0,1.64,0.87,2.51,/usa/new-york-red-bulls-vs-fc-dallas-h2h-stats#1541097,6969,35,False,False,False,False,False,False,False,[],[]
MLS,2022,6969,1541098,9,17,2022,complete,83993,0,-1,[],"['37', '51']",0,2,2,5,6,11,0,1,2,3,0,0,2,3,15,5,17,8,11,13,60,40,36,13.0,21031,,,2,3,1.92,3.74,3.97,1.04,1.26,1.88,3.02,5.6,13.0,3.73,1.98,1.37,1.13,1.73,1.99,2.45,1.49,4.6,1.17,1.25,1.28,1.9,2.39,2.18,4.3,2.12,2.62,3.88,0,0,1.23,1.44,1.8,2.35,3.25,3.6,2.45,2.0,1.49,1.27,1.38,8.0,3.75,1.61,13.0,2.45,3.0,7.5,1.36,2.64,6.0,15.0,2.88,1.43,1.1,1.02,1.25,2.0,4.33,9.0,3.75,1.73,1.2,1.05,0,0,0,0,2,0,1,0,1,1,1,1650151800,17,0,33,0,17,0,-1,2,1,2,1,3,5,3,8,1,0,1,3,1,4,1,74,34,126,83,1.75,0.97,2.72,0,0,0,0,0,0,1,1,0,0,0,0,0,0,-1,-1,-1,-1,-1,-1,-1,-1,-1,0,17,34,50,84,17,67,50,50,10.0,4.0,5.33,1.84,/clubs/columbus-crew-9,teams/usa-columbus-crew.png,Columbus Crew,/clubs/orlando-city-sc-17,teams/usa-orlando-city-sc.png,Orlando City,1.59,1.17,2.0,1.67,1.33,1.57,100,84,67,50,17,84,50,33,2.12,1.01,3.13,/usa/columbus-crew-vs-orlando-city-sc-h2h-stats#1541098,6969,34,True,True,False,False,False,False,False,[],"['37', '51']"
MLS,2022,6969,1541099,13401,698284,2022,complete,83993,0,-1,"['26', '40']","['80', '85', '90']",2,3,5,4,9,13,1,3,5,3,1,0,3,6,10,10,13,16,18,15,41,59,45098,36107.0,2339,,,6,3,1.63,4.22,5.6,1.04,1.24,1.7,2.86,5.25,14.0,3.93,2.05,1.41,1.15,1.66,2.1,2.7,1.42,4.2,1.2,1.29,1.28,1.79,2.49,2.2,3.93,2.22,2.65,3.55,0,0,1.18,1.35,1.63,2.1,2.8,4.2,2.8,2.05,1.62,1.35,1.46,8.0,3.3,1.66,14.0,2.3,3.4,6.5,1.35,2.56,5.75,19.0,2.96,1.45,1.1,1.02,1.2,2.0,4.2,9.0,4.2,1.78,1.2,1.04,0,0,0,0,5,2,0,0,3,3,2,1650153600,698284,0,25,0,25,0,-1,2,1,3,2,1,7,5,8,3,1,3,2,4,5,1,40,65,70,100,1.32,1.9,3.21,0,0,0,0,0,0,1,1,0,0,0,0,0,0,-1,-1,-1,-1,-1,-1,-1,-1,-1,0,25,42,59,100,17,59,100,25,11.5,4.83,7.0,2.25,/clubs/dc-united-13401,teams/usa-dc-united.png,DC United,/clubs/austin-fc-698284,teams/usa-austin-fc.png,Austin,0.94,1.44,1.0,0.5,1.2,1.83,100,75,59,42,0,100,59,42,1.23,1.22,2.45,/usa/dc-united-vs-austin-fc-h2h-stats#1541099,6969,34,True,True,True,True,True,False,True,"['26', '40']","['80', '85', '90']"
MLS,2022,6969,1541100,11,711351,2022,complete,83993,0,-1,"['8', '72']",['85'],2,1,3,6,2,8,1,0,2,1,0,0,6,6,8,3,14,9,14,13,39,61,84,21032.0,13343,,,2,1,1.46,4.72,6.81,1.04,1.23,1.67,2.78,5.05,14.5,4.05,2.1,1.43,1.16,1.76,1.96,2.37,1.52,5.5,1.13,1.17,1.23,2.25,2.09,2.29,5.1,1.88,2.75,4.7,0,0,1.11,1.2,1.37,1.65,2.1,5.5,4.0,2.75,2.05,1.62,1.27,9.5,4.5,1.47,14.5,2.77,2.75,8.5,1.33,2.5,5.6,13.0,3.05,1.47,1.11,1.02,1.25,2.0,3.75,8.0,3.75,1.73,1.25,1.06,0,0,0,0,3,1,0,1,1,2,1,1650151800,11,0,33,0,33,0,-1,2,1,4,0,2,2,4,4,1,0,1,1,1,2,1,54,48,105,104,1.7,1.35,3.04,0,0,0,0,0,0,1,1,1,0,0,0,0,0,-1,-1,-1,-1,-1,-1,-1,-1,-1,17,17,50,67,100,17,67,84,33,11.0,3.0,4.34,2.5,/clubs/new-england-revolution-11,teams/usa-new-england-revolution.png,New England Revolution,/clubs/charlotte-fc-711351,teams/usa-charlotte-fc.png,Charlotte,1.59,0.65,1.0,0.0,0.67,1.29,84,84,50,34,0,84,67,67,1.49,1.38,2.87,/usa/new-england-revolution-vs-charlotte-fc-h2h-stats#1541100,6969,34,True,True,True,False,False,False,True,"['8', '72']",['85']
MLS,2022,6969,1541101,19,16,2022,complete,83993,0,-1,"['39', '51']",['34'],2,1,3,4,10,14,0,2,4,1,0,0,4,5,3,14,7,19,9,16,54,46,58,211.0,12,,,4,1,2.5,3.4,2.99,1.04,1.28,1.81,3.1,6.0,11.0,3.75,1.99,1.36,1.12,1.66,2.15,3.4,1.28,3.3,1.29,1.55,1.28,1.45,3.4,2.15,3.1,3.0,2.55,2.8,0,0,1.23,1.44,1.8,2.35,3.25,3.6,2.5,2.0,1.49,1.28,2.06,7.0,2.06,1.99,12.75,1.9,5.0,4.6,1.4,2.75,6.5,21.0,3.0,1.42,1.09,1.02,1.22,2.0,4.2,9.5,4.2,1.75,1.2,1.04,0,0,0,0,3,1,1,1,0,1,2,1650151800,19,0,75,34,0,0,-1,2,1,2,6,2,4,8,6,3,0,1,1,3,2,1,51,52,136,116,1.11,1.93,3.04,0,0,0,0,0,0,1,1,0,0,0,4,0,0,-1,-1,-1,-1,-1,-1,-1,-1,-1,17,17,75,100,100,75,100,59,25,8.0,3.33,4.67,3.09,/clubs/toronto-fc-19,teams/canada-toronto-fc.png,Toronto,/clubs/philadelphia-union-16,teams/usa-philadelphia-union.png,Philadelphia Union,1.41,1.5,2.0,3.0,1.33,2.67,84,84,25,0,0,59,42,42,1.18,1.27,2.45,/usa/philadelphia-union-vs-toronto-fc-h2h-stats#1541101,6969,34,True,True,True,False,False,False,True,"['39', '51']",['34']
MLS,2022,6969,1541102,7,10,2022,complete,83993,0,-1,[],[],0,0,0,6,4,10,0,2,4,2,0,0,0,2,10,8,10,10,10,12,44,56,15,10695.0,2,,,4,2,2.0,3.74,3.84,1.04,1.25,1.8,3.1,5.5,12.0,3.75,2.0,1.38,1.14,1.68,2.15,2.9,1.36,4.2,1.2,1.33,1.25,1.72,2.8,2.2,3.75,2.5,2.6,3.4,0,0,1.21,1.4,1.71,2.2,3.0,3.9,2.65,1.95,1.55,1.31,1.64,7.5,2.7,1.72,14.0,2.19,3.7,6.0,1.38,2.7,6.5,19.0,3.1,1.44,1.09,1.02,1.2,2.0,4.2,9.0,4.2,1.75,1.2,1.04,0,0,0,0,0,0,0,0,0,0,0,1650153600,-1,0,50,17,50,0,-1,2,1,4,1,2,3,5,5,2,1,2,1,3,3,1,53,37,109,101,1.02,1.05,2.07,0,0,0,0,0,0,1,1,0,0,1,0,0,0,-1,-1,-1,-1,-1,-1,-1,-1,-1,17,50,50,50,67,34,50,67,50,9.34,5.33,6.67,2.33,/clubs/chicago-fire-7,teams/usa-chicago-fire.png,Chicago Fire,/clubs/la-galaxy-10,teams/usa-la-galaxy.png,LA Galaxy,1.35,1.22,1.67,2.0,1.5,2.0,84,50,50,50,34,34,34,0,1.1,1.65,2.75,/usa/chicago-fire-vs-la-galaxy-h2h-stats#1541102,6969,34,False,False,False,False,False,False,False,[],[]
MLS,2022,6969,1541103,1015,12,2022,complete,83993,0,-1,"['42', '77', '79']",['45'],3,1,4,7,4,11,2,2,2,4,0,0,6,7,8,8,14,15,0,1,51,49,11,5.0,11434,,,2,4,2.13,3.4,3.79,1.04,1.3,1.88,3.3,6.5,11.0,3.5,1.97,1.33,1.11,1.75,2.05,2.87,1.37,3.8,1.23,1.36,1.25,1.68,2.9,2.15,3.75,2.6,2.5,3.4,0,0,1.21,1.4,1.71,2.2,3.0,3.9,2.65,1.95,1.55,1.31,1.64,7.5,2.7,1.78,11.75,2.16,3.75,5.5,1.4,2.8,7.0,23.0,3.0,1.4,1.08,1.02,1.22,2.1,4.5,10.0,4.0,1.68,1.18,1.03,0,0,0,0,4,1,1,2,0,2,2,1650153600,1015,0,67,17,17,0,-1,2,1,4,2,3,2,6,5,0,4,2,0,4,2,1,54,45,127,107,1.7,1.77,3.47,0,0,0,0,0,0,1,1,0,0,1,0,0,0,-1,-1,-1,-1,-1,-1,-1,-1,-1,0,17,50,84,100,34,100,84,33,10.0,1.33,5.67,2.5,/clubs/minnesota-united-fc-1015,teams/usa-minnesota-united-fc.png,Minnesota United,/clubs/colorado-rapids-12,teams/usa-colorado-rapids.png,Colorado Rapids,1.71,0.47,1.33,0.33,1.33,1.33,100,84,50,17,0,50,33,17,1.58,1.19,2.77,/usa/colorado-rapids-vs-minnesota-united-fc-h2h-stats#1541103,6969,34,True,True,True,True,False,False,True,"['42', '77', '79']",['45']
MLS,2022,6969,1541104,18,677446,2022,complete,83993,0,-1,[],['41'],0,1,1,9,4,13,1,1,0,4,0,0,3,3,17,6,20,9,8,19,61,39,13893,25.0,28121,,,0,4,1.5,4.51,7.09,1.03,1.22,1.8,2.95,5.5,13.0,4.0,2.0,1.4,1.14,1.83,1.95,2.25,1.58,6.0,1.12,1.12,1.18,2.45,2.15,2.35,5.5,1.9,2.85,5.0,0,0,1.24,1.46,1.88,2.4,3.3,3.5,2.4,1.93,1.47,1.26,1.3,8.5,4.3,1.44,14.0,2.94,2.62,9.0,1.35,2.6,6.0,19.0,3.2,1.47,1.11,1.02,1.2,1.95,4.0,9.0,4.33,1.8,1.22,1.04,0,0,0,0,1,0,1,0,0,0,1,1650160800,677446,0,75,50,50,0,-1,2,1,1,4,8,0,5,8,0,2,0,2,2,2,1,83,30,141,70,2.07,1.0,3.07,0,0,0,0,0,0,1,1,0,0,0,0,0,0,-1,-1,-1,-1,-1,-1,-1,-1,-1,50,75,75,75,100,75,75,100,50,7.5,2.5,7.0,4.0,/clubs/seattle-sounders-fc-18,teams/usa-seattle-sounders-fc.png,Seattle Sounders,/clubs/club-internacional-de-futbol-miami-677446,teams/usa-club-internacional-de-futbol-miami.png,Inter Miami,1.76,0.83,1.5,0.0,1.4,0.67,50,25,25,25,0,25,0,0,1.04,1.33,2.37,/usa/seattle-sounders-fc-vs-club-internacional-de-futbol-miami-h2h-stats#1541104,6969,34,True,False,False,False,False,False,False,[],['41']
MLS,2022,6969,1541105,2,14,2022,complete,83993,0,-1,"['9', '15', '40', '55', '57', '80']",[],6,0,6,6,6,12,0,2,2,3,0,0,13,3,9,10,22,13,16,10,57,43,31,762.0,8,,,2,3,1.49,4.1,6.75,1.05,1.25,1.77,2.75,5.0,9.0,3.75,1.97,1.4,1.14,1.91,1.91,2.2,1.6,5.0,1.15,1.17,1.23,2.3,2.2,2.25,5.5,1.91,2.6,4.75,0,0,1.18,1.35,1.62,2.05,2.8,4.5,2.85,2.05,1.63,1.36,1.29,9.0,4.35,1.4,11.0,3.2,2.62,8.5,1.36,2.75,7.0,21.0,3.0,1.4,1.1,1.02,1.22,2.05,4.2,10.0,3.9,1.68,1.19,1.04,0,0,0,0,6,3,0,3,0,3,3,1650214800,2,0,50,0,38,0,-1,2,1,5,1,1,5,6,6,2,2,0,1,4,1,1,50,46,98,103,2.65,1.37,4.02,2,0,2,0,0,0,1,1,1,0,2,0,0,0,-1,-1,-1,-1,-1,-1,-1,-1,-1,38,38,38,75,88,50,75,63,38,14.5,3.75,5.25,2.75,/clubs/new-york-city-fc-2,teams/usa-new-york-city-fc.png,New York City,/clubs/real-salt-lake-14,teams/usa-real-salt-lake.png,Real Salt Lake,2.06,0.89,1.5,1.25,0.8,1.71,63,63,63,25,13,100,88,75,1.87,1.15,3.02,/usa/new-york-city-fc-vs-real-salt-lake-h2h-stats#1541105,6969,35,True,True,True,True,True,True,False,"['9', '15', '40', '55', '57', '80']",[]
MLS,2022,6969,1541106,6490,8,2022,complete,83993,0,-1,"['44', '70', '78']",['38'],3,1,4,7,1,8,2,0,3,3,0,0,4,3,12,8,16,11,19,17,52,48,7,39588.0,18,,,3,3,1.5,4.3,6.0,1.03,1.18,1.58,2.37,4.1,12.0,4.33,2.23,1.5,1.2,1.75,2.0,2.55,1.46,6.0,1.11,1.17,1.24,2.25,2.1,2.4,5.5,1.83,2.8,5.0,0,0,1.24,1.46,1.83,2.4,3.3,3.5,2.45,1.98,1.47,1.27,1.3,8.5,4.3,1.36,13.0,3.1,2.75,9.5,1.3,2.5,6.0,17.0,3.4,1.5,1.13,1.03,1.16,1.77,3.4,7.5,4.6,1.9,1.28,1.07,0,0,0,0,4,1,1,2,0,2,2,1650225600,6490,0,59,17,25,0,-1,2,1,5,0,2,1,5,3,2,2,1,1,4,2,1,48,45,111,103,1.64,1.24,2.88,0,0,0,0,0,0,1,1,0,0,0,0,1,1,-1,-1,-1,-1,-1,-1,-1,-1,-1,0,42,59,88,100,46,88,100,25,13.42,2.58,4.5,2.88,/clubs/los-angeles-fc-6490,teams/usa-los-angeles-fc.png,Los Angeles FC,/clubs/sporting-kansas-city-8,teams/usa-sporting-kansas-city.png,Sporting KC,2.4,0.65,2.33,0.0,2.17,0.86,100,59,42,13,0,63,63,63,2.21,1.18,3.39,/usa/sporting-kansas-city-vs-los-angeles-fc-h2h-stats#1541106,6969,34,True,True,True,True,False,False,True,"['44', '70', '78']",['38']
MLS,2022,6969,1541107,13,6,2022,complete,83993,0,-1,"['87', '90+3']",['33'],2,1,3,8,3,11,4,0,3,3,0,0,7,2,6,6,13,8,14,7,50,50,13864,21189.0,10669,,,3,3,1.87,3.5,4.35,1.05,1.29,1.84,3.22,6.1,11.5,3.52,1.97,1.34,1.12,1.8,1.91,2.37,1.52,4.75,1.17,1.2,1.29,1.95,2.45,2.05,4.4,2.05,2.45,4.33,0,0,1.18,1.34,1.61,2.02,2.7,4.5,3.1,2.23,1.74,1.44,1.46,8.0,3.3,1.62,9.0,2.7,2.9,7.0,1.39,2.74,6.3,15.0,2.79,1.4,1.09,1.02,1.25,2.05,4.33,10.0,3.75,1.7,1.2,1.04,0,0,0,0,3,0,1,2,0,2,1,1650740400,13,0,63,25,38,0,15792,2,1,2,1,6,1,3,7,1,1,2,2,2,4,1,50,33,82,82,1.67,0.89,2.56,0,0,0,0,0,0,1,1,0,0,0,0,1,0,-1,-1,-1,-1,-1,-1,-1,-1,-1,13,50,50,75,100,38,38,88,63,6.75,2.0,5.75,2.88,/clubs/fc-dallas-13,teams/usa-fc-dallas.png,FC Dallas,/clubs/houston-dynamo-6,teams/usa-houston-dynamo.png,Houston Dynamo,1.94,0.76,2.5,1.5,1.71,1.71,88,50,50,25,0,38,38,13,1.39,1.02,2.41,/usa/houston-dynamo-vs-fc-dallas-h2h-stats#1541107,6969,34,True,True,True,False,False,False,True,"['87', '90+3']",['33']
MLS,2022,6969,1541108,16,1,2022,complete,83993,0,-1,['21'],['59'],1,1,2,1,1,2,1,1,3,3,0,0,2,2,2,6,4,8,17,10,46,54,19912,12.0,39282,,,3,3,1.77,3.7,4.6,1.04,1.25,1.91,2.93,5.4,13.25,3.83,1.99,1.39,1.14,1.8,1.91,2.35,1.53,5.25,1.14,1.15,1.22,2.25,2.25,2.1,4.8,1.95,2.6,4.5,0,0,1.22,1.42,1.74,2.23,3.0,4.0,2.75,2.02,1.61,1.35,1.34,8.5,4.0,1.5,11.0,2.9,2.62,8.5,1.35,2.58,5.8,13.0,2.96,1.44,1.1,1.02,1.25,2.0,4.33,9.0,3.75,1.73,1.2,1.05,0,0,0,0,2,1,0,0,1,1,1,1650740400,-1,0,53,33,20,0,18476,2,1,0,1,1,0,1,1,0,0,3,3,0,6,1,18,29,94,103,0.54,0.87,1.41,1,0,1,0,0,0,1,1,0,0,0,0,0,0,-1,-1,-1,-1,-1,-1,-1,-1,-1,30,30,40,88,100,43,90,75,50,11.55,4.1,6.0,3.18,/clubs/philadelphia-union-16,teams/usa-philadelphia-union.png,Philadelphia Union,/clubs/montreal-impact-1,teams/canada-montreal-impact.png,Montreal Impact,2.47,2.06,2.5,1.4,2.29,1.43,70,70,60,13,0,78,78,68,1.65,1.36,3.01,/usa/montreal-impact-vs-philadelphia-union-h2h-stats#1541108,6969,36,True,True,False,False,False,False,True,['21'],['59']
MLS,2022,6969,1541109,1015,7,2022,complete,83993,0,-1,"['72', '84', '88']",[],3,0,3,8,3,11,2,3,1,3,0,1,4,4,7,9,11,13,15,12,56,44,44,5.0,10695,,,1,4,1.96,3.45,3.95,1.05,1.28,1.94,3.15,5.95,12.0,3.58,1.87,1.35,1.12,1.8,1.96,2.55,1.46,4.1,1.21,1.29,1.3,1.83,2.6,2.2,4.34,2.38,2.56,3.84,0,0,1.2,1.38,1.67,2.12,2.85,4.25,2.9,2.12,1.67,1.38,1.46,8.0,3.3,1.67,10.0,2.5,3.0,6.5,1.4,2.83,7.3,15.0,2.95,1.43,1.09,1.02,1.25,2.14,4.7,10.0,3.94,1.71,1.19,1.04,0,0,0,0,3,0,0,3,0,3,0,1650747600,1015,0,38,13,13,0,-1,2,1,1,1,7,2,2,9,1,2,0,2,3,2,1,55,28,103,75,1.38,1.3,2.68,0,0,0,0,0,0,1,1,0,0,0,0,0,0,-1,-1,-1,-1,-1,-1,-1,-1,-1,0,13,25,54,84,13,67,71,25,7.67,2.42,5.08,1.75,/clubs/minnesota-united-fc-1015,teams/usa-minnesota-united-fc.png,Minnesota United,/clubs/chicago-fire-7,teams/usa-chicago-fire.png,Chicago Fire,1.71,0.94,1.75,1.33,1.57,1.43,100,88,75,46,17,71,42,13,1.61,1.28,2.89,/usa/chicago-fire-vs-minnesota-united-fc-h2h-stats#1541109,6969,34,True,True,True,False,False,False,False,"['72', '84', '88']",[]
MLS,2022,6969,1541110,13401,11,2022,complete,83993,0,-1,"['26', '39', '43']","['6', '86']",3,2,5,0,5,5,1,2,1,3,0,0,5,9,6,12,11,21,11,10,32,68,42,36107.0,21032,,,1,3,2.35,3.7,2.88,1.04,1.22,1.7,2.7,4.9,14.5,4.17,2.0,1.45,1.17,1.57,2.25,3.25,1.3,4.0,1.22,1.36,1.25,1.65,2.75,2.1,3.5,2.5,2.4,3.2,0,0,1.17,1.32,1.58,2.0,2.6,4.7,3.2,2.28,1.8,1.46,1.7,7.5,2.55,1.85,12.0,2.1,4.0,5.8,1.33,2.47,5.5,13.0,3.05,1.48,1.11,1.02,1.2,1.93,3.84,8.0,4.6,1.87,1.26,1.06,0,0,0,0,5,3,1,0,1,1,4,1650756600,13401,0,63,17,50,0,-1,2,1,0,3,0,2,3,2,1,0,0,3,1,3,1,28,54,85,138,1.25,2.35,3.6,0,0,0,0,0,0,1,1,0,1,0,0,0,0,-1,-1,-1,-1,-1,-1,-1,-1,-1,29,63,75,88,100,42,88,100,63,12.92,3.67,6.42,3.54,/clubs/dc-united-13401,teams/usa-dc-united.png,DC United,/clubs/new-england-revolution-11,teams/usa-new-england-revolution.png,New England Revolution,0.94,0.88,0.75,0.33,1.0,1.0,71,38,25,13,0,84,71,59,1.25,1.71,2.96,/usa/new-england-revolution-vs-dc-united-h2h-stats#1541110,6969,34,True,True,True,True,True,False,True,"['26', '39', '43']","['6', '86']"
MLS,2022,6969,1541111,698284,5,2022,complete,83993,0,-1,"['11', '26', '68']",[],3,0,3,2,4,6,0,1,3,3,0,0,3,1,8,11,11,12,17,16,67,33,13851,2339.0,41087,,,3,3,1.8,3.75,4.0,1.03,1.22,1.7,2.75,4.75,15.0,4.33,2.0,1.45,1.17,1.72,2.05,2.3,1.55,5.5,1.13,1.15,1.18,2.4,2.15,2.35,5.5,1.9,2.85,5.0,0,0,1.17,1.32,1.58,2.0,2.6,4.7,3.2,2.28,1.8,1.46,1.29,9.0,4.35,1.48,13.0,2.9,2.75,9.0,1.34,2.5,6.0,16.0,2.95,1.46,1.11,1.02,1.2,1.93,3.9,9.0,4.1,1.77,1.22,1.06,0,0,0,0,3,2,0,1,0,1,2,1650760200,698284,0,63,25,25,0,-1,2,1,2,3,0,1,5,1,2,1,1,2,3,3,1,27,34,101,87,1.11,1.08,2.19,0,0,0,0,0,0,1,1,0,0,0,0,0,0,-1,-1,-1,-1,-1,-1,-1,-1,-1,25,50,75,88,100,63,88,100,50,11.25,2.5,4.5,3.5,/clubs/austin-fc-698284,teams/usa-austin-fc.png,Austin,/clubs/vancouver-whitecaps-fc-5,teams/canada-vancouver-whitecaps-fc.png,Vancouver Whitecaps,1.79,0.59,2.5,0.0,2.0,0.57,75,50,25,13,0,50,50,38,1.71,1.01,2.72,/usa/vancouver-whitecaps-fc-vs-austin-fc-h2h-stats#1541111,6969,34,True,True,True,False,False,False,False,"['11', '26', '68']",[]
MLS,2022,6969,1541112,8,9,2022,complete,83993,0,-1,[],[],0,0,0,2,2,4,1,4,1,2,0,0,3,1,1,8,4,9,11,12,64,36,13812,18.0,13,,,1,2,1.91,3.5,3.8,1.05,1.33,1.81,3.6,7.0,10.0,3.25,1.93,1.28,1.09,1.8,1.95,2.87,1.37,3.4,1.29,1.4,1.25,1.6,3.1,2.1,3.6,2.75,2.45,3.25,0,0,1.24,1.44,1.8,2.3,3.15,3.85,2.65,2.0,1.57,1.33,1.71,7.0,2.55,1.91,9.0,2.15,3.8,4.75,1.42,3.0,7.5,23.0,2.85,1.36,1.07,1.02,1.25,2.2,4.75,11.0,3.75,1.62,1.16,1.02,0,0,0,0,0,0,0,0,0,0,0,1650760200,-1,0,50,17,34,0,18483,2,1,0,0,2,2,0,4,1,1,0,1,2,1,1,49,29,124,79,0.84,0.85,1.69,0,0,0,0,0,0,1,1,0,0,0,0,0,0,-1,-1,-1,-1,-1,-1,-1,-1,-1,17,17,33,50,100,17,50,84,50,10.66,4.33,5.0,2.34,/clubs/sporting-kansas-city-8,teams/usa-sporting-kansas-city.png,Sporting KC,/clubs/columbus-crew-9,teams/usa-columbus-crew.png,Columbus Crew,1.71,1.12,2.0,0.67,0.75,1.14,84,84,67,50,0,67,67,34,1.59,1.65,3.24,/usa/sporting-kansas-city-vs-columbus-crew-h2h-stats#1541112,6969,34,False,False,False,False,False,False,False,[],[]
MLS,2022,6969,1541113,12,711351,2022,complete,83993,0,-1,[],[],0,0,0,5,8,13,2,0,1,3,0,0,1,5,11,13,12,18,8,13,45,55,13967,11434.0,13343,,,1,3,1.5,3.9,7.0,1.05,1.3,1.96,3.4,6.5,11.0,3.5,1.79,1.33,1.1,1.95,1.8,2.0,1.71,5.0,1.15,1.12,1.2,2.45,2.15,2.25,6.0,1.9,2.7,5.5,0,0,1.22,1.42,1.74,2.23,3.0,4.0,2.75,2.02,1.61,1.35,1.3,8.5,4.3,1.48,10.0,3.1,2.38,8.5,1.4,2.85,7.0,23.0,2.95,1.4,1.08,1.02,1.22,2.1,4.5,10.0,4.0,1.68,1.18,1.03,0,0,0,0,0,0,0,0,0,0,0,1650762000,-1,0,42,0,25,0,-1,2,1,4,1,1,7,5,8,0,1,1,2,1,3,1,33,32,75,119,1.07,1.73,2.79,0,0,0,0,0,0,1,1,0,0,3,0,0,0,-1,-1,-1,-1,-1,-1,-1,-1,-1,0,0,54,100,100,13,88,100,42,9.75,3.75,3.5,2.54,/clubs/colorado-rapids-12,teams/usa-colorado-rapids.png,Colorado Rapids,/clubs/charlotte-fc-711351,teams/usa-charlotte-fc.png,Charlotte,2.06,0.65,2.33,0.0,1.14,1.13,100,100,46,0,0,88,59,59,1.39,1.37,2.76,/usa/colorado-rapids-vs-charlotte-fc-h2h-stats#1541113,6969,34,False,False,False,False,False,False,False,[],[]
MLS,2022,6969,1541114,20,14,2022,complete,83993,0,-1,[],[],0,0,0,3,1,4,2,0,3,0,0,0,5,2,10,3,15,5,15,11,66,34,11,42128.0,8,,,3,0,1.8,3.75,4.0,1.03,1.22,1.75,2.95,5.5,13.0,4.0,1.95,1.4,1.15,1.75,1.98,2.55,1.46,4.6,1.18,1.23,1.27,1.95,2.37,2.2,4.33,2.1,2.55,4.0,0,0,1.17,1.3,1.56,1.98,2.55,4.8,3.25,2.33,1.83,1.47,1.41,8.0,3.5,1.6,11.0,2.6,3.3,7.5,1.35,2.6,6.5,17.0,2.9,1.44,1.1,1.01,1.22,2.0,4.1,9.75,3.9,1.71,1.2,1.05,0,0,0,0,0,0,0,0,0,0,0,1650765600,-1,0,58,0,48,0,-1,2,1,2,0,1,1,2,2,0,0,3,0,0,3,1,55,41,142,90,1.71,0.76,2.47,0,0,0,0,0,0,1,1,0,0,0,0,0,0,-1,-1,-1,-1,-1,-1,-1,-1,-1,20,45,45,68,90,23,55,90,58,10.65,3.2,6.8,2.78,/clubs/portland-timbers-20,teams/usa-portland-timbers.png,Portland Timbers,/clubs/real-salt-lake-14,teams/usa-real-salt-lake.png,Real Salt Lake,1.76,0.89,1.25,1.0,1.25,1.5,80,55,55,33,10,100,78,55,1.41,1.2,2.61,/usa/real-salt-lake-vs-portland-timbers-h2h-stats#1541114,6969,34,False,False,False,False,False,False,False,[],[]
MLS,2022,6969,1541115,10,677447,2022,complete,83993,0,-1,['86'],[],1,0,1,5,2,7,1,5,2,0,0,0,5,1,12,3,17,4,11,8,67,33,3,2.0,24795,,,2,0,1.91,3.5,3.9,1.05,1.3,1.93,3.25,6.25,9.25,3.2,1.81,1.3,1.1,1.83,1.87,2.45,1.49,4.1,1.21,1.25,1.28,1.88,2.45,2.15,4.2,2.2,2.45,3.9,0,0,1.22,1.42,1.74,2.23,3.0,4.0,2.75,2.02,1.61,1.35,1.47,7.5,3.25,1.67,10.0,2.5,3.2,6.5,1.38,2.75,7.0,19.5,2.8,1.39,1.08,1.01,1.24,2.1,4.6,11.0,3.6,1.63,1.17,1.04,0,0,0,0,1,0,0,1,0,1,0,1650767400,10,0,45,7,7,0,-1,2,1,2,1,3,1,3,4,0,0,2,0,0,2,1,90,24,158,60,2.08,0.5,2.59,0,0,0,0,0,0,1,1,0,0,0,0,0,0,-1,-1,-1,-1,-1,-1,-1,-1,-1,0,7,38,52,100,24,69,77,22,10.86,2.71,5.1,1.98,/clubs/la-galaxy-10,teams/usa-la-galaxy.png,LA Galaxy,/clubs/nashville-sc-mls-677447,teams/usa-nashville-sc-mls.png,Nashville SC,1.72,1.44,2.0,1.57,1.86,1.57,100,93,62,48,0,100,55,48,1.42,1.15,2.57,/usa/la-galaxy-vs-nashville-sc-mls-h2h-stats#1541115,6969,35,True,False,False,False,False,False,False,['86'],[]
MLS,2022,6969,1541116,15,18,2022,complete,83993,0,-1,"['45+2', '64', '65', '90+4']","['14', '20', '57']",4,3,7,6,2,8,1,0,3,1,0,0,7,6,15,2,22,8,10,11,55,45,15,23354.0,25,,,3,1,2.75,3.3,2.45,1.03,1.22,1.82,2.9,5.5,13.0,4.0,1.92,1.42,1.15,1.58,2.25,3.6,1.26,3.8,1.24,1.46,1.29,1.53,2.95,2.2,3.1,2.7,2.55,2.85,0,0,1.22,1.42,1.74,2.23,3.0,4.0,2.75,2.02,1.61,1.35,1.79,7.0,2.4,1.91,11.0,2.05,4.6,4.75,1.31,2.4,5.75,15.0,3.1,1.49,1.12,1.02,1.19,1.88,3.75,8.75,4.2,1.8,1.23,1.06,0,0,0,0,7,1,2,3,1,4,3,1650765600,15,0,84,13,67,0,-1,2,1,4,2,2,0,6,2,1,0,2,1,1,3,1,74,30,134,93,2.41,1.15,3.57,1,1,1,1,0,0,1,1,0,0,2,0,0,0,-1,-1,-1,-1,-1,-1,-1,-1,-1,13,50,67,84,100,13,84,100,67,9.92,2.42,4.25,3.25,/clubs/san-jose-earthquakes-15,teams/usa-san-jose-earthquakes.png,SJ Earthquakes,/clubs/seattle-sounders-fc-18,teams/usa-seattle-sounders-fc.png,Seattle Sounders,1.59,0.65,0.75,1.33,0.43,1.17,88,50,34,17,0,84,59,29,1.6,1.46,3.06,/usa/san-jose-earthquakes-vs-seattle-sounders-fc-h2h-stats#1541116,6969,34,True,True,True,True,True,True,True,"['45+2', '64', '65', '90+4']","['14', '20', '57']"
MLS,2022,6969,1541117,677446,1016,2022,complete,83993,0,-1,"['28', '64']",['13'],2,1,3,3,10,13,1,1,4,1,0,0,2,6,5,17,7,23,10,9,37,63,57,28121.0,40852,,,4,1,2.41,3.48,2.8,1.05,1.29,1.83,3.0,5.5,9.0,3.5,1.96,1.36,1.12,1.7,2.05,3.2,1.31,3.4,1.28,1.44,1.31,1.51,3.0,2.1,3.2,2.75,2.45,2.9,0,0,1.26,1.48,1.88,2.43,3.3,3.65,2.55,1.93,1.52,1.3,1.65,7.0,2.7,1.88,11.0,2.1,4.2,5.5,1.37,2.65,6.75,18.0,2.85,1.42,1.09,1.01,1.23,2.05,4.33,10.5,3.8,1.68,1.19,1.04,0,0,0,0,3,1,1,1,0,1,2,1650819600,677446,0,25,13,25,0,-1,2,1,1,2,2,7,3,9,0,1,4,0,1,4,1,20,67,66,127,0.73,2.35,3.09,0,0,0,0,0,0,1,1,0,0,0,1,0,0,-1,-1,-1,-1,-1,-1,-1,-1,-1,13,25,42,54,88,13,59,71,42,9.67,2.58,6.42,2.21,/clubs/club-internacional-de-futbol-miami-677446,teams/usa-club-internacional-de-futbol-miami.png,Inter Miami,/clubs/atlanta-united-fc-1016,teams/usa-atlanta-united-fc.png,Atlanta United FC,1.94,0.65,1.0,1.0,1.0,1.57,88,75,59,46,13,75,63,50,1.48,1.41,2.89,/usa/atlanta-united-fc-vs-club-internacional-de-futbol-miami-h2h-stats#1541117,6969,34,True,True,True,False,False,False,True,"['28', '64']",['13']
MLS,2022,6969,1541118,17,4,2022,complete,83993,0,-1,[],"['26', '48', '88']",0,3,3,1,4,5,2,3,1,4,0,0,0,7,3,10,3,17,16,18,64,36,58,21031.0,11574,,,1,4,2.32,3.36,3.04,1.06,1.33,2.01,3.4,6.5,8.0,3.25,1.78,1.3,1.1,1.75,1.95,2.9,1.36,3.5,1.27,1.38,1.32,1.58,2.9,2.05,3.5,2.6,2.4,3.2,0,0,1.22,1.42,1.74,2.23,3.0,4.0,2.75,2.02,1.61,1.35,1.64,7.5,2.7,1.85,8.5,2.25,3.7,5.0,1.4,2.75,7.25,19.5,2.7,1.38,1.08,1.01,1.25,2.15,4.6,11.0,3.6,1.62,1.17,1.04,0,0,0,0,3,0,1,0,2,2,1,1650828600,4,0,59,42,17,0,-1,2,1,0,2,1,2,2,3,1,3,0,1,4,1,1,20,44,101,80,0.36,1.88,2.23,0,1,0,1,0,0,1,1,0,0,0,0,0,0,-1,-1,-1,-1,-1,-1,-1,-1,-1,29,46,59,71,100,42,59,84,42,11.08,1.42,5.83,3.17,/clubs/orlando-city-sc-17,teams/usa-orlando-city-sc.png,Orlando City,/clubs/new-york-red-bulls-4,teams/usa-new-york-red-bulls.png,New York RB,1.59,1.76,1.5,3.0,1.75,1.57,71,54,42,29,0,88,63,34,1.77,1.79,3.56,/usa/new-york-red-bulls-vs-orlando-city-sc-h2h-stats#1541118,6969,35,True,True,True,False,False,False,False,[],"['26', '48', '88']"
MLS,2022,6969,1541119,8043,6490,2022,complete,83993,0,-1,['45+3'],"['59', '79']",1,2,3,6,6,12,0,0,3,4,0,0,7,6,7,13,14,19,8,8,45,55,31,40182.0,39588,,,3,4,3.3,3.75,2.02,1.04,1.22,1.58,2.62,4.5,10.0,4.0,2.25,1.44,1.17,1.6,2.25,4.4,1.19,3.1,1.33,1.73,1.25,1.3,3.6,2.1,2.7,3.4,2.5,2.3,0,0,1.22,1.42,1.74,2.23,3.0,4.0,2.75,2.02,1.61,1.35,2.28,7.0,1.87,2.25,13.0,1.73,5.8,3.8,1.36,2.5,5.5,12.0,3.0,1.5,1.12,1.02,1.22,1.91,4.0,7.5,4.0,1.8,1.22,1.07,0,0,0,0,3,1,0,0,2,2,1,1650834000,6490,0,67,50,17,0,-1,2,1,2,2,4,4,4,8,1,2,2,2,3,4,1,52,49,83,115,1.75,1.98,3.72,0,0,0,0,0,0,1,1,0,0,1,0,0,1,-1,-1,-1,-1,-1,-1,-1,-1,-1,33,50,67,84,100,67,84,100,33,8.33,5.66,6.67,3.84,/clubs/fc-cincinnati-8043,teams/usa-fc-cincinnati.png,FC Cincinnati,/clubs/los-angeles-fc-6490,teams/usa-los-angeles-fc.png,Los Angeles FC,1.41,1.53,1.0,2.0,1.0,2.29,67,50,33,17,0,67,34,34,1.99,1.44,3.43,/usa/los-angeles-fc-vs-fc-cincinnati-h2h-stats#1541119,6969,36,True,True,True,False,False,False,True,['45+3'],"['59', '79']"
MLS,2022,6969,1541120,2,19,2022,complete,83993,0,-1,"['38', '49', '54', '58', '75']","['13', '27', '86', '90']",5,4,9,5,3,8,4,1,2,1,1,0,14,5,8,3,22,8,16,7,58,42,69,762.0,211,,,3,1,1.42,4.5,7.5,1.03,1.17,1.62,2.3,4.0,11.0,4.5,2.18,1.65,1.22,1.88,1.82,2.05,1.7,7.25,1.08,1.09,1.17,3.1,1.8,2.5,6.5,1.62,3.0,6.25,0,0,1.22,1.42,1.74,2.23,3.0,4.0,2.75,2.02,1.61,1.35,1.21,9.5,5.4,1.35,13.0,3.5,2.25,13.0,1.28,2.3,5.25,13.5,3.3,1.55,1.14,1.02,1.17,1.78,3.4,7.75,4.6,1.9,1.27,1.07,0,0,0,0,9,1,2,4,2,6,3,1650834000,2,0,67,34,17,0,-1,2,1,3,0,2,3,3,5,1,1,2,0,2,2,1,62,28,113,98,2.81,1.07,3.88,0,0,0,0,0,0,1,1,0,0,0,0,0,0,-1,-1,-1,-1,-1,-1,-1,-1,-1,34,50,67,100,100,84,100,67,50,10.66,1.67,4.66,3.67,/clubs/new-york-city-fc-2,teams/usa-new-york-city-fc.png,New York City,/clubs/toronto-fc-19,teams/canada-toronto-fc.png,Toronto,2.06,0.59,2.0,0.67,1.17,1.57,67,50,33,0,0,84,84,84,2.13,1.01,3.14,/usa/new-york-city-fc-vs-toronto-fc-h2h-stats#1541120,6969,34,True,True,True,True,True,True,True,"['38', '49', '54', '58', '75']","['13', '27', '86', '90']"
MLS,2022,6969,1541121,11,677446,2022,complete,83993,0,-1,"['1', '64']",[],2,0,2,8,1,9,2,1,1,3,0,2,6,2,12,4,18,6,8,5,67,33,31,21032.0,28121,,,1,5,1.6,3.9,5.0,1.03,1.19,1.61,2.4,4.3,17.75,4.62,2.25,1.53,1.21,1.73,2.05,2.37,1.52,6.0,1.11,1.14,1.21,2.53,2.05,2.49,5.5,1.85,2.96,5.15,0,0,1.2,1.34,1.6,2.05,2.7,4.25,2.9,2.1,1.65,1.37,1.3,10.0,3.9,1.44,17.75,2.81,2.62,9.5,1.3,2.38,5.5,12.0,3.52,1.58,1.15,1.03,1.17,1.84,3.6,7.5,5.0,1.97,1.29,1.07,0,0,0,0,2,1,0,1,0,1,1,1651361400,11,0,59,17,42,0,-1,2,1,6,1,2,0,7,2,0,1,1,4,1,5,1,55,25,142,62,1.96,0.71,2.67,0,0,0,0,0,0,1,1,1,0,0,0,0,0,-1,-1,-1,-1,-1,-1,-1,-1,-1,29,46,59,59,100,34,88,71,42,8.83,2.08,6.17,3.09,/clubs/new-england-revolution-11,teams/usa-new-england-revolution.png,New England Revolution,/clubs/club-internacional-de-futbol-miami-677446,teams/usa-club-internacional-de-futbol-miami.png,Inter Miami,1.59,0.83,1.5,1.0,0.88,1.25,71,54,42,42,0,42,42,42,1.54,1.22,2.76,/usa/new-england-revolution-vs-club-internacional-de-futbol-miami-h2h-stats#1541121,6969,34,True,True,False,False,False,False,False,"['1', '64']",[]
MLS,2022,6969,1541122,6,698284,2022,complete,83993,0,-1,['5'],"['39', '66']",1,2,3,4,5,9,5,4,3,3,0,0,6,7,5,6,11,13,2,0,40,60,15,10669.0,2339,,,3,3,2.0,3.6,3.3,1.04,1.25,1.73,2.9,5.35,13.25,3.88,2.09,1.4,1.14,1.77,2.0,3.2,1.31,3.9,1.23,1.36,1.25,1.62,2.75,2.05,3.7,2.6,2.3,3.3,0,0,1.12,1.21,1.36,1.62,2.05,5.2,4.1,2.8,2.05,1.65,1.91,8.0,2.1,1.83,13.25,2.06,3.8,5.5,1.36,2.62,6.5,13.0,3.15,1.49,1.11,1.02,1.22,2.0,4.2,8.0,4.3,1.81,1.23,1.06,0,0,0,0,3,1,1,0,1,1,2,1651339800,698284,0,64,20,27,0,-1,2,1,3,4,1,1,7,2,0,1,3,2,1,5,1,37,47,57,88,1.38,1.65,3.03,0,0,0,0,0,0,1,1,1,0,0,1,0,0,-1,-1,-1,-1,-1,-1,-1,-1,-1,27,44,54,64,80,37,64,80,44,11.0,3.87,6.67,2.87,/clubs/houston-dynamo-6,teams/usa-houston-dynamo.png,Houston Dynamo,/clubs/austin-fc-698284,teams/usa-austin-fc.png,Austin,1.35,1.44,1.8,1.33,1.5,2.13,74,57,47,37,20,80,64,64,1.24,1.45,2.69,/usa/houston-dynamo-vs-austin-fc-h2h-stats#1541122,6969,34,True,True,True,False,False,False,True,['5'],"['39', '66']"
MLS,2022,6969,1541123,19,8043,2022,complete,83993,0,-1,['65'],"['44', '52']",1,2,3,8,5,13,0,3,1,1,0,0,3,2,8,4,11,6,12,9,66,34,84,211.0,40182,,,1,1,1.87,3.8,3.7,1.03,1.2,1.6,2.54,4.5,16.25,4.48,2.2,1.5,1.19,1.57,2.25,2.9,1.36,4.8,1.16,1.27,1.27,1.86,2.36,2.3,3.97,2.13,2.73,3.63,0,0,1.24,1.46,1.9,2.4,3.3,3.5,2.45,1.9,1.47,1.27,1.5,8.5,2.9,1.62,16.25,2.32,3.5,7.0,1.3,2.37,5.15,12.0,3.2,1.52,1.13,1.02,1.22,1.91,3.75,7.5,4.0,1.8,1.25,1.07,0,0,0,0,3,0,1,1,1,2,1,1651345200,8043,0,63,50,0,0,-1,2,1,2,4,6,1,6,7,0,0,1,1,0,2,1,76,33,152,99,1.47,0.77,2.24,0,0,0,0,0,0,1,1,0,0,0,1,0,0,-1,-1,-1,-1,-1,-1,-1,-1,-1,25,25,75,88,88,75,88,75,13,8.5,2.75,5.25,3.0,/clubs/toronto-fc-19,teams/canada-toronto-fc.png,Toronto,/clubs/fc-cincinnati-8043,teams/usa-fc-cincinnati.png,FC Cincinnati,1.41,1.47,2.25,1.0,1.38,0.88,75,75,25,13,13,63,38,38,1.16,1.17,2.33,/usa/toronto-fc-vs-fc-cincinnati-h2h-stats#1541123,6969,34,True,True,True,False,False,False,True,['65'],"['44', '52']"
MLS,2022,6969,1541124,14,10,2022,complete,83993,0,-1,['49'],[],1,0,1,3,8,11,1,0,2,0,0,0,4,5,2,8,6,13,6,8,36,64,36,8.0,2,,,2,0,2.3,3.5,2.8,1.03,1.21,1.81,2.64,4.65,14.75,3.97,1.98,1.43,1.16,1.64,2.12,3.3,1.29,3.75,1.24,1.22,1.25,1.94,2.3,2.27,4.28,2.07,2.69,3.92,0,0,1.17,1.27,1.5,2.0,2.45,4.7,3.3,2.35,1.8,1.46,2.0,8.0,2.0,1.58,14.75,2.45,4.0,5.5,1.32,2.47,5.45,13.0,3.08,1.48,1.11,1.02,1.22,1.91,4.0,8.0,4.0,1.8,1.22,1.06,0,0,0,0,1,0,0,1,0,1,0,1651347000,14,0,59,46,25,0,20775,2,1,1,2,2,6,3,8,1,0,1,0,1,1,1,56,62,74,141,1.07,1.63,2.7,0,0,0,0,0,0,1,1,0,0,0,0,0,0,-1,-1,-1,-1,-1,-1,-1,-1,-1,13,42,59,59,88,59,59,88,25,12.25,4.17,4.75,2.59,/clubs/real-salt-lake-14,teams/usa-real-salt-lake.png,Real Salt Lake,/clubs/la-galaxy-10,teams/usa-la-galaxy.png,LA Galaxy,1.88,1.22,2.33,1.75,1.44,2.0,88,59,42,42,13,71,71,34,1.36,1.5,2.86,/usa/la-galaxy-vs-real-salt-lake-h2h-stats#1541124,6969,35,True,False,False,False,False,False,False,['49'],[]
MLS,2022,6969,1541125,1,1016,2022,complete,83993,0,-1,"['4', '82']",['51'],2,1,3,7,8,15,2,2,3,3,0,0,3,5,15,8,18,13,13,12,38,62,58,39282.0,40852,,,3,3,2.1,3.6,3.1,1.04,1.24,1.76,2.86,5.25,13.5,3.93,2.04,1.41,1.15,1.62,2.15,2.9,1.36,3.9,1.22,1.35,1.3,1.64,2.7,2.18,3.55,2.42,2.6,3.2,0,0,1.2,1.39,1.7,2.2,2.95,3.9,2.65,1.98,1.57,1.32,1.62,8.5,2.67,1.76,13.5,2.14,3.9,6.0,1.35,2.57,5.75,13.0,2.95,1.45,1.1,1.02,1.25,2.0,4.33,9.0,3.75,1.73,1.2,1.05,0,0,0,0,3,1,0,1,1,2,1,1651348800,1,0,63,13,25,0,-1,2,1,1,6,6,2,7,8,2,0,1,3,2,4,1,40,47,80,135,1.63,1.53,3.16,0,0,0,0,0,0,1,1,1,0,0,0,1,0,-1,-1,-1,-1,-1,-1,-1,-1,-1,0,0,75,75,100,13,88,88,63,10.25,1.75,5.25,2.5,/clubs/montreal-impact-1,teams/canada-montreal-impact.png,Montreal Impact,/clubs/atlanta-united-fc-1016,teams/usa-atlanta-united-fc.png,Atlanta United FC,1.74,0.65,1.5,0.75,1.38,1.38,100,100,25,25,0,50,50,50,1.49,1.65,3.14,/usa/montreal-impact-vs-atlanta-united-fc-h2h-stats#1541125,6969,34,True,True,True,False,False,False,True,"['4', '82']",['51']
MLS,2022,6969,1541126,9,13401,2022,complete,83993,0,-1,"['28', '43', '75']",[],3,0,3,2,1,3,3,3,0,2,0,0,3,2,10,9,13,11,12,22,43,57,13841,13.0,36107,,,0,2,1.7,3.5,4.75,1.05,1.28,1.91,3.17,5.95,11.75,3.57,1.87,1.34,1.12,1.95,1.81,2.15,1.61,5.5,1.14,1.15,1.25,2.36,2.19,2.29,5.6,1.96,2.7,5.25,0,0,1.23,1.43,1.83,2.3,3.2,3.7,2.5,1.98,1.51,1.28,1.33,9.5,3.75,1.48,11.75,2.91,2.5,8.5,1.39,2.79,7.0,15.0,3.0,1.44,1.1,1.02,1.24,2.09,4.4,10.0,4.04,1.74,1.21,1.04,0,0,0,0,3,2,0,1,0,1,2,1651361400,9,0,38,25,0,0,-1,2,1,0,1,2,0,1,2,0,2,0,0,2,0,1,34,41,87,117,1.28,1.14,2.42,0,0,0,0,0,0,1,1,0,0,0,0,0,0,-1,-1,-1,-1,-1,-1,-1,-1,-1,0,13,50,63,100,38,75,88,25,10.0,3.0,5.75,2.25,/clubs/columbus-crew-9,teams/usa-columbus-crew.png,Columbus Crew,/clubs/dc-united-13401,teams/usa-dc-united.png,DC United,1.59,0.65,1.5,1.5,1.13,1.29,100,88,50,38,0,75,63,50,2.03,1.35,3.38,/usa/columbus-crew-vs-dc-united-h2h-stats#1541126,6969,34,True,True,True,False,False,False,False,"['28', '43', '75']",[]
MLS,2022,6969,1541127,17,711351,2022,complete,83993,0,-1,"['16', '45+1']",['60'],2,1,3,1,4,5,2,1,3,3,0,0,3,1,3,8,6,9,11,13,42,58,24,21031.0,13343,,,3,3,1.61,3.6,5.25,1.05,1.3,1.95,3.25,6.0,9.0,3.4,1.83,1.33,1.11,1.85,1.85,2.25,1.58,4.5,1.18,1.15,1.25,2.2,2.2,2.05,5.5,2.05,2.38,4.5,0,0,1.24,1.46,1.85,2.4,3.3,3.5,2.4,1.95,1.47,1.26,1.44,9.0,3.1,1.52,11.25,2.78,2.62,8.0,1.4,2.75,7.0,15.0,2.75,1.4,1.08,1.02,1.3,2.2,4.5,10.0,3.4,1.62,1.17,1.04,0,0,0,0,3,2,0,0,1,1,2,1651361400,17,0,40,20,20,0,-1,2,1,1,1,0,3,2,3,1,1,2,2,2,4,1,39,67,96,136,0.88,1.14,2.02,0,1,0,1,0,0,1,1,0,0,0,0,0,0,-1,-1,-1,-1,-1,-1,-1,-1,-1,10,10,60,80,90,30,60,90,50,10.2,2.4,4.0,2.6,/clubs/orlando-city-sc-17,teams/usa-orlando-city-sc.png,Orlando City,/clubs/charlotte-fc-711351,teams/usa-charlotte-fc.png,Charlotte,1.59,0.65,1.2,0.2,1.56,1.11,90,90,40,20,10,70,40,30,1.49,1.44,2.93,/usa/orlando-city-sc-vs-charlotte-fc-h2h-stats#1541127,6969,34,True,True,True,False,False,False,True,"['16', '45+1']",['60']
MLS,2022,6969,1541128,7,4,2022,complete,83993,0,-1,['16'],"['75', '90+1']",1,2,3,4,6,10,2,2,3,3,2,0,3,5,4,10,7,15,23,16,44,56,13889,10695.0,11574,,,5,3,2.05,3.25,3.4,1.06,1.35,1.95,3.75,7.5,10.0,3.2,1.8,1.25,1.08,1.8,1.95,2.9,1.37,3.2,1.32,1.45,1.28,1.52,3.25,2.1,3.4,2.95,2.4,3.1,0,0,1.22,1.43,1.83,2.3,3.2,3.7,2.5,1.98,1.51,1.29,2.05,7.5,2.0,2.0,9.0,2.05,4.0,4.4,1.45,3.0,8.0,15.0,2.8,1.36,1.07,1.02,1.25,2.25,5.0,11.0,3.75,1.62,1.15,1.02,0,0,0,0,3,1,0,0,2,2,1,1651363200,4,0,38,13,25,0,-1,2,1,3,3,1,3,6,4,2,2,3,1,4,4,1,26,54,75,109,0.85,1.69,2.54,1,1,1,1,0,0,1,1,0,0,0,0,0,0,-1,-1,-1,-1,-1,-1,-1,-1,-1,13,38,50,50,63,13,50,50,38,9.25,4.25,7.25,2.13,/clubs/chicago-fire-7,teams/usa-chicago-fire.png,Chicago Fire,/clubs/new-york-red-bulls-4,teams/usa-new-york-red-bulls.png,New York RB,1.35,1.76,1.5,3.0,1.25,1.75,88,63,50,50,38,50,50,25,1.08,1.81,2.89,/usa/new-york-red-bulls-vs-chicago-fire-h2h-stats#1541128,6969,34,True,True,True,False,False,False,True,['16'],"['75', '90+1']"
MLS,2022,6969,1541129,8,13,2022,complete,83993,0,-1,"['22', '77']","['36', '42']",2,2,4,1,0,1,0,2,3,6,0,1,4,3,11,5,15,8,15,16,56,44,20,18.0,21189,,,3,7,1.8,3.4,4.2,1.05,1.3,1.87,3.4,6.5,10.0,3.4,1.87,1.3,1.1,1.75,2.05,2.85,1.38,3.6,1.26,1.38,1.28,1.62,3.0,2.15,3.6,2.65,2.5,3.3,0,0,1.29,1.55,1.95,2.65,3.75,3.1,2.2,1.7,1.4,1.22,1.53,8.0,2.88,1.91,9.0,2.15,3.9,5.0,1.42,2.85,7.0,23.0,2.9,1.4,1.08,1.02,1.25,2.1,4.5,10.0,3.75,1.68,1.18,1.03,0,0,0,0,4,1,2,1,0,1,3,1651365000,-1,0,13,0,0,0,-1,2,1,0,0,1,0,0,1,2,2,1,5,4,6,1,82,17,126,76,1.82,0.85,2.67,1,0,1,0,0,0,1,1,0,0,0,0,0,0,-1,-1,-1,-1,-1,-1,-1,-1,-1,0,0,13,13,54,0,29,38,13,5.75,2.33,3.92,0.79,/clubs/sporting-kansas-city-8,teams/usa-sporting-kansas-city.png,Sporting KC,/clubs/fc-dallas-13,teams/usa-fc-dallas.png,FC Dallas,1.71,1.06,1.75,0.67,0.78,1.88,100,100,88,88,46,42,25,0,1.4,0.77,2.17,/usa/sporting-kansas-city-vs-fc-dallas-h2h-stats#1541129,6969,34,True,True,True,True,False,False,True,"['22', '77']","['36', '42']"
MLS,2022,6969,1541130,12,20,2022,complete,83993,0,-1,"['30', '90+5']",[],2,0,2,4,5,9,2,0,6,4,1,0,7,3,10,8,17,11,15,6,52,48,7,11434.0,42128,,,7,4,1.83,3.4,4.0,1.04,1.28,1.91,3.25,6.0,11.0,3.6,1.87,1.33,1.12,1.78,2.0,2.55,1.46,4.5,1.18,1.22,1.25,1.95,2.5,2.2,4.5,2.2,2.6,4.2,0,0,1.2,1.39,1.7,2.2,3.0,3.9,2.65,1.98,1.57,1.32,1.33,9.5,3.75,1.62,10.0,2.63,2.9,7.0,1.4,2.8,7.0,21.0,3.0,1.42,1.09,1.02,1.22,2.05,4.33,10.0,4.0,1.72,1.2,1.03,0,0,0,0,2,1,0,1,0,1,1,1651366800,12,0,50,0,25,0,14038,2,1,2,2,2,3,4,5,3,2,4,2,5,6,1,40,29,86,88,1.85,1.12,2.97,0,0,0,0,0,0,1,1,0,0,0,0,0,0,-1,-1,-1,-1,-1,-1,-1,-1,-1,25,25,38,75,75,13,75,75,38,8.75,3.25,5.25,2.38,/clubs/colorado-rapids-12,teams/usa-colorado-rapids.png,Colorado Rapids,/clubs/portland-timbers-20,teams/usa-portland-timbers.png,Portland Timbers,2.06,0.94,2.0,1.25,1.13,1.22,75,75,63,25,25,75,63,63,1.31,0.98,2.29,/usa/colorado-rapids-vs-portland-timbers-h2h-stats#1541130,6969,34,True,True,False,False,False,False,False,"['30', '90+5']",[]
MLS,2022,6969,1541131,18,5,2022,complete,83993,0,-1,"['5', '28', '54', '89']",[],4,0,4,4,3,7,2,4,0,2,0,0,8,0,9,10,17,10,5,9,56,44,19912,25.0,41087,,,0,2,1.73,3.75,4.6,1.01,1.26,1.78,2.98,5.63,10.5,4.02,1.9,1.41,1.16,1.8,1.95,2.3,1.55,5.0,1.13,1.18,1.2,2.2,2.2,2.3,5.0,1.91,2.7,4.75,0,0,1.22,1.43,1.78,2.25,2.98,3.82,2.74,2.04,1.62,1.34,1.59,8.5,2.78,1.4,10.0,3.1,2.75,8.5,1.33,2.63,7.0,19.0,3.25,1.44,1.1,1.02,1.2,1.95,4.2,9.0,4.2,1.78,1.2,1.04,0,0,0,0,4,2,0,2,0,2,2,1655260200,18,0,59,32,17,0,-1,2,1,1,3,3,0,4,3,0,0,0,2,0,2,1,51,42,106,86,2.0,0.94,2.94,1,0,1,0,0,0,1,1,1,0,0,0,0,0,-1,-1,-1,-1,-1,-1,-1,-1,-1,10,35,73,73,100,46,90,83,45,11.8,2.49,4.69,2.9,/clubs/seattle-sounders-fc-18,teams/usa-seattle-sounders-fc.png,Seattle Sounders,/clubs/vancouver-whitecaps-fc-5,teams/canada-vancouver-whitecaps-fc.png,Vancouver Whitecaps,1.76,0.59,1.8,0.43,1.33,1.21,90,66,27,27,0,76,52,45,1.5,1.02,2.52,/usa/vancouver-whitecaps-fc-vs-seattle-sounders-fc-h2h-stats#1541131,6969,34,True,True,True,True,False,False,False,"['5', '28', '54', '89']",[]
MLS,2022,6969,1541132,2,15,2022,complete,83993,0,-1,"['74', '78', '88']",[],3,0,3,7,6,13,5,0,3,0,0,0,11,3,17,8,28,11,13,7,55,45,5016,762.0,23354,,,3,0,1.46,4.7,6.4,1.02,1.15,1.72,2.28,3.75,13.0,4.75,2.0,1.58,1.25,1.67,2.1,2.3,1.55,7.25,1.08,1.08,1.18,2.8,1.85,2.45,5.5,1.73,2.75,5.5,0,0,1.24,1.46,1.88,2.4,3.3,3.5,2.4,1.93,1.47,1.26,1.4,9.0,3.3,1.37,21.5,3.0,2.5,13.0,1.29,2.1,4.5,10.0,3.5,1.67,1.17,1.04,1.17,1.73,3.4,7.0,4.5,2.0,1.3,1.08,0,0,0,0,3,0,0,3,0,3,0,1651424400,2,0,42,29,42,0,-1,2,1,4,2,3,4,6,7,0,0,3,0,0,3,1,54,28,94,70,2.91,1.11,4.02,0,0,0,0,0,0,1,1,0,0,0,1,0,0,-1,-1,-1,-1,-1,-1,-1,-1,-1,54,54,54,84,100,67,100,71,54,10.08,2.42,5.5,4.42,/clubs/new-york-city-fc-2,teams/usa-new-york-city-fc.png,New York City,/clubs/san-jose-earthquakes-15,teams/usa-san-jose-earthquakes.png,SJ Earthquakes,2.06,0.47,2.25,0.0,1.43,0.75,46,46,46,17,0,38,38,38,2.3,1.43,3.73,/usa/new-york-city-fc-vs-san-jose-earthquakes-h2h-stats#1541132,6969,34,True,True,True,False,False,False,False,"['74', '78', '88']",[]
MLS,2022,6969,1541133,677447,16,2022,complete,83993,0,-1,['85'],['66'],1,1,2,13,5,18,4,1,4,3,0,0,5,5,11,5,16,10,11,14,60,40,11,24795.0,12,,,4,3,2.14,3.22,3.68,1.08,1.36,2.25,4.0,7.5,7.0,3.0,1.57,1.22,1.07,1.91,1.8,2.55,1.44,3.3,1.29,1.3,1.33,1.65,2.75,1.95,4.0,2.6,2.15,3.6,0,0,1.22,1.43,1.83,2.3,3.2,3.7,2.5,1.98,1.51,1.29,1.83,7.5,2.25,1.77,8.9,2.32,3.5,5.5,1.53,3.25,7.5,17.0,2.38,1.33,1.07,1.02,1.33,2.3,5.0,11.0,3.25,1.57,1.14,1.03,0,0,0,0,2,0,0,1,1,2,0,1651435200,-1,0,34,17,0,0,-1,2,1,6,1,7,4,7,11,2,0,2,3,2,5,1,62,34,92,89,1.8,1.23,3.04,1,0,1,0,0,0,1,1,0,0,1,0,0,0,-1,-1,-1,-1,-1,-1,-1,-1,-1,0,0,34,50,50,34,50,34,17,5.33,2.0,2.33,1.34,/clubs/nashville-sc-mls-677447,teams/usa-nashville-sc-mls.png,Nashville SC,/clubs/philadelphia-union-16,teams/usa-philadelphia-union.png,Philadelphia Union,1.41,1.5,0.0,2.0,1.38,2.13,50,50,17,0,0,34,34,34,0.0,1.49,1.49,/usa/philadelphia-union-vs-nashville-sc-mls-h2h-stats#1541133,6969,35,True,True,False,False,False,False,True,['85'],['66']
MLS,2022,6969,1541134,6490,1015,2022,complete,83993,0,-1,"['82', '90']",[],2,0,2,6,6,12,2,0,0,2,0,0,6,1,18,9,24,10,11,12,53,47,3,39588.0,5,,,0,2,1.48,4.7,6.2,1.03,1.22,1.62,2.75,4.75,15.0,4.33,2.15,1.45,1.17,1.75,2.0,2.2,1.6,6.0,1.11,1.14,1.2,2.5,2.05,2.4,5.5,1.8,2.8,5.5,0,0,1.2,1.39,1.7,2.2,3.0,3.9,2.65,1.95,1.57,1.32,1.27,9.0,4.6,1.36,12.0,3.4,2.62,9.5,1.3,2.5,6.0,17.0,3.4,1.5,1.13,1.03,1.19,1.88,3.75,8.5,4.33,1.8,1.23,1.06,0,0,0,0,2,0,0,2,0,2,0,1651456800,6490,0,54,42,0,0,22010,2,1,4,4,2,2,8,4,0,0,0,2,0,2,1,72,41,99,99,2.44,1.01,3.45,0,0,0,0,0,0,1,1,0,0,1,2,0,0,-1,-1,-1,-1,-1,-1,-1,-1,-1,0,25,38,67,100,54,67,84,13,11.67,3.17,5.33,2.29,/clubs/los-angeles-fc-6490,teams/usa-los-angeles-fc.png,Los Angeles FC,/clubs/minnesota-united-fc-1015,teams/usa-minnesota-united-fc.png,Minnesota United,2.4,1.11,2.5,1.33,2.38,1.75,100,75,63,34,0,71,71,54,2.07,1.09,3.16,/usa/minnesota-united-fc-vs-los-angeles-fc-h2h-stats#1541134,6969,35,True,True,False,False,False,False,False,"['82', '90']",[]
MLS,2022,6969,1541135,15,12,2022,complete,83993,0,-1,['64'],[],1,0,1,9,3,12,1,2,1,0,0,0,1,5,14,9,15,14,16,14,59,41,45098,23354.0,11434,,,1,0,2.54,3.64,2.62,1.03,1.22,1.75,2.9,5.0,13.0,4.0,1.95,1.42,1.16,1.6,2.3,3.5,1.27,3.6,1.26,1.5,1.25,1.52,3.2,2.2,3.25,2.85,2.6,2.9,0,0,1.25,1.47,1.85,2.38,3.25,3.7,2.55,1.95,1.54,1.3,1.79,7.0,2.4,1.95,11.0,2.0,4.5,4.75,1.36,2.6,6.0,19.0,3.2,1.47,1.11,1.02,1.2,1.95,4.0,9.0,4.33,1.8,1.22,1.04,0,0,0,0,1,0,0,1,0,1,0,1651975200,15,0,88,45,50,0,-1,2,1,4,2,5,1,6,6,0,0,1,0,0,1,1,54,37,111,84,1.41,1.5,2.91,0,0,0,0,0,0,1,1,0,0,2,0,0,0,-1,-1,-1,-1,-1,-1,-1,-1,-1,20,75,88,100,100,58,100,100,75,11.45,2.05,5.4,4.13,/clubs/san-jose-earthquakes-15,teams/usa-san-jose-earthquakes.png,SJ Earthquakes,/clubs/colorado-rapids-12,teams/usa-colorado-rapids.png,Colorado Rapids,1.59,0.47,1.2,0.25,0.67,1.33,80,25,13,0,0,65,45,35,1.76,1.33,3.09,/usa/colorado-rapids-vs-san-jose-earthquakes-h2h-stats#1541135,6969,34,True,False,False,False,False,False,False,['64'],[]
MLS,2022,6969,1541136,711351,677446,2022,complete,83993,0,-1,['68'],[],1,0,1,11,3,14,3,0,1,0,0,0,7,6,8,6,15,12,9,7,53,47,69,13343.0,28121,,,1,0,1.88,3.5,3.9,1.05,1.3,1.79,3.25,5.5,9.0,3.4,1.92,1.33,1.12,1.82,1.94,2.45,1.49,4.1,1.21,1.26,1.29,1.91,2.52,2.2,4.58,2.3,2.56,4.06,0,0,1.22,1.42,1.74,2.23,3.0,4.0,2.75,2.02,1.61,1.35,1.47,7.5,3.25,1.64,11.75,2.42,3.25,6.5,1.4,2.83,7.3,15.0,2.95,1.43,1.09,1.02,1.25,2.15,4.74,9.0,3.94,1.7,1.19,1.05,0,0,0,0,1,0,0,1,0,1,0,1651951800,711351,0,38,13,25,0,-1,2,1,7,2,4,1,9,5,1,0,0,0,1,0,1,61,45,102,99,1.88,1.51,3.39,0,0,0,0,0,0,1,1,0,0,0,0,0,0,-1,-1,-1,-1,-1,-1,-1,-1,-1,13,38,38,63,100,25,88,75,25,7.25,2.0,6.0,2.63,/clubs/charlotte-fc-711351,teams/usa-charlotte-fc.png,Charlotte,/clubs/club-internacional-de-futbol-miami-677446,teams/usa-club-internacional-de-futbol-miami.png,Inter Miami,1.82,0.83,2.25,0.75,1.0,1.11,88,63,63,38,0,63,50,38,1.3,1.09,2.39,/usa/club-internacional-de-futbol-miami-vs-charlotte-fc-h2h-stats#1541136,6969,34,True,False,False,False,False,False,False,['68'],[]
MLS,2022,6969,1541137,1,17,2022,complete,83993,0,-1,"['21', '52', '81', '84']",['72'],4,1,5,7,2,9,1,4,4,2,0,0,11,1,11,1,22,2,16,11,59,41,5016,39282.0,21031,,,4,2,2.0,3.5,3.5,1.05,1.29,1.71,3.0,5.5,9.0,3.5,2.02,1.36,1.12,1.75,2.03,2.75,1.4,4.2,1.2,1.27,1.32,1.83,2.63,2.13,4.54,2.33,2.59,3.92,0,0,1.24,1.45,1.83,2.33,3.2,3.75,2.6,1.98,1.56,1.32,1.47,7.5,3.25,1.68,12.5,2.32,3.3,6.5,1.42,2.77,7.0,15.0,2.88,1.45,1.1,1.02,1.24,2.05,4.3,9.0,4.04,1.77,1.22,1.05,0,0,0,0,5,1,0,3,1,4,1,1651953600,1,0,63,0,46,0,-1,2,1,2,1,5,1,3,6,2,0,2,2,2,4,1,39,19,115,76,2.44,0.35,2.79,0,0,0,0,0,0,1,1,0,0,0,0,0,0,-1,-1,-1,-1,-1,-1,-1,-1,-1,0,0,50,75,88,0,75,75,63,8.42,2.25,5.5,2.13,/clubs/montreal-impact-1,teams/canada-montreal-impact.png,Montreal Impact,/clubs/orlando-city-sc-17,teams/usa-orlando-city-sc.png,Orlando City,1.74,1.17,2.0,2.0,1.56,1.7,100,100,50,25,13,54,42,42,1.53,1.0,2.53,/usa/montreal-impact-vs-orlando-city-sc-h2h-stats#1541137,6969,35,True,True,True,True,True,False,True,"['21', '52', '81', '84']",['72']
MLS,2022,6969,1541138,1016,7,2022,complete,83993,0,-1,"['2', '27', '36', '90+1']",['11'],4,1,5,3,4,7,1,1,1,3,0,0,5,2,10,13,15,15,8,7,61,39,13851,40852.0,10695,,,1,3,1.86,3.7,4.2,1.05,1.29,1.75,3.0,5.5,9.0,3.5,1.95,1.36,1.12,1.8,1.96,2.55,1.46,4.8,1.16,1.22,1.29,2.02,2.41,2.21,4.94,2.16,2.65,4.34,0,0,1.22,1.42,1.74,2.23,3.0,4.0,2.75,2.02,1.61,1.35,1.42,8.0,3.5,1.57,12.5,2.57,2.9,7.5,1.39,2.72,6.8,13.0,3.0,1.46,1.1,1.02,1.23,2.05,4.3,9.0,4.2,1.77,1.22,1.05,0,0,0,0,5,3,1,1,0,1,4,1651960800,1016,0,38,13,25,0,-1,2,1,1,2,2,2,3,4,1,2,0,1,3,1,1,34,56,79,86,1.54,1.49,3.03,0,0,0,0,0,0,1,1,1,0,0,0,0,0,-1,-1,-1,-1,-1,-1,-1,-1,-1,13,25,50,63,75,25,38,75,50,10.0,5.5,5.75,2.38,/clubs/atlanta-united-fc-1016,teams/usa-atlanta-united-fc.png,Atlanta United FC,/clubs/chicago-fire-7,teams/usa-chicago-fire.png,Chicago Fire,1.71,0.94,2.0,1.0,1.22,1.11,88,75,50,38,25,75,63,50,1.73,1.28,3.01,/usa/chicago-fire-vs-atlanta-united-fc-h2h-stats#1541138,6969,34,True,True,True,True,True,False,True,"['2', '27', '36', '90+1']",['11']
MLS,2022,6969,1541139,4,20,2022,complete,83993,0,-1,['67'],['53'],1,1,2,6,1,7,2,0,1,1,0,0,5,1,9,6,14,7,11,12,50,50,13893,11574.0,42128,,,1,1,1.6,4.2,5.45,1.04,1.23,1.8,2.81,5.1,14.5,4.0,1.9,1.42,1.16,1.8,1.91,2.25,1.58,5.5,1.13,1.16,1.22,2.36,2.04,2.3,5.4,1.82,2.77,5.0,0,0,1.22,1.42,1.74,2.23,3.0,4.0,2.75,2.02,1.61,1.35,1.27,9.0,4.6,1.44,14.5,2.89,2.5,9.5,1.33,2.51,5.6,13.0,3.05,1.47,1.11,1.02,1.25,2.0,4.0,9.0,3.75,1.73,1.22,1.05,0,0,0,0,2,0,0,1,1,2,0,1651964400,-1,0,55,0,33,0,-1,2,1,2,0,4,1,2,5,0,0,1,1,0,2,1,64,30,132,119,1.71,0.75,2.46,0,0,0,0,0,0,1,1,0,0,1,0,0,0,-1,-1,-1,-1,-1,-1,-1,-1,-1,20,20,33,65,78,10,53,78,45,10.5,2.0,6.6,2.15,/clubs/new-york-red-bulls-4,teams/usa-new-york-red-bulls.png,New York RB,/clubs/portland-timbers-20,teams/usa-portland-timbers.png,Portland Timbers,1.28,0.94,0.5,1.0,1.89,1.1,80,80,68,35,23,55,33,20,1.76,1.01,2.77,/usa/new-york-red-bulls-vs-portland-timbers-h2h-stats#1541139,6969,34,True,True,False,False,False,False,True,['67'],['53']
MLS,2022,6969,1541140,2,8,2022,complete,83993,0,-1,[],[],0,0,0,4,1,5,3,2,1,2,0,0,2,3,9,2,11,5,12,16,74,26,13841,762.0,18,,,1,2,1.49,4.6,6.35,1.03,1.19,1.62,2.53,4.43,17.25,4.48,2.15,1.51,1.2,1.76,1.95,2.15,1.63,6.0,1.11,1.13,1.2,2.6,1.91,2.42,5.75,1.72,2.91,5.4,0,0,1.25,1.47,1.85,2.38,3.25,3.7,2.55,1.95,1.54,1.3,1.24,9.0,5.0,1.39,17.25,3.02,2.4,12.0,1.29,2.35,5.1,13.0,3.27,1.53,1.13,1.02,1.22,1.85,3.75,7.5,4.0,1.85,1.25,1.07,0,0,0,0,0,0,0,0,0,0,0,1651964400,-1,0,50,20,40,0,-1,2,1,3,1,1,0,4,1,0,1,1,1,1,2,1,48,33,133,85,1.2,0.78,1.97,0,0,0,0,0,0,1,1,0,0,0,1,0,0,-1,-1,-1,-1,-1,-1,-1,-1,-1,30,60,70,90,100,60,80,90,70,10.0,3.4,4.4,4.0,/clubs/new-york-city-fc-2,teams/usa-new-york-city-fc.png,New York City,/clubs/sporting-kansas-city-8,teams/usa-sporting-kansas-city.png,Sporting KC,2.06,0.65,2.4,0.0,1.63,0.8,70,40,30,10,0,50,50,50,2.42,1.19,3.61,/usa/new-york-city-fc-vs-sporting-kansas-city-h2h-stats#1541140,6969,34,False,False,False,False,False,False,False,[],[]
MLS,2022,6969,1541141,13401,6,2022,complete,83993,0,-1,"['35', '43']",[],2,0,2,9,1,10,0,2,2,3,0,0,6,1,8,6,14,7,15,11,46,54,13889,36107.0,10669,,,2,3,1.89,3.8,3.94,1.05,1.25,1.75,2.75,5.0,9.0,3.75,1.95,1.4,1.14,1.73,2.06,2.8,1.39,4.5,1.18,1.27,1.28,1.91,2.47,2.29,4.36,2.27,2.67,3.92,0,0,1.18,1.34,1.61,2.02,2.7,4.5,3.1,2.23,1.74,1.44,1.46,8.0,3.3,1.63,13.5,2.37,3.2,6.5,1.35,2.62,6.45,13.0,3.2,1.49,1.11,1.02,1.22,2.0,4.2,9.0,4.3,1.81,1.23,1.05,0,0,0,0,2,2,0,0,0,0,2,1651966200,13401,0,54,10,17,0,-1,2,1,4,0,5,1,4,6,0,1,2,2,1,4,1,68,36,115,112,1.8,0.79,2.59,0,0,0,0,0,0,1,1,0,0,1,0,0,0,-1,-1,-1,-1,-1,-1,-1,-1,-1,20,37,64,74,100,30,57,100,44,7.67,2.13,6.53,2.94,/clubs/dc-united-13401,teams/usa-dc-united.png,DC United,/clubs/houston-dynamo-6,teams/usa-houston-dynamo.png,Houston Dynamo,0.94,0.76,1.2,1.0,1.13,1.33,80,64,37,27,0,74,64,37,1.25,0.98,2.23,/usa/houston-dynamo-vs-dc-united-h2h-stats#1541141,6969,34,True,True,False,False,False,False,False,"['35', '43']",[]
MLS,2022,6969,1541142,11,9,2022,complete,83993,0,-1,"['70', '82']","['27', '89']",2,2,4,4,3,7,0,0,1,2,0,0,4,4,5,4,9,8,9,12,64,36,20,21032.0,13,,,1,2,1.96,3.74,3.7,1.04,1.25,1.7,2.75,4.75,10.0,3.75,2.0,1.4,1.15,1.7,2.05,2.8,1.39,4.4,1.18,1.25,1.25,1.85,2.5,2.1,4.0,2.2,2.45,3.8,0,0,1.2,1.38,1.67,2.12,2.85,4.25,2.9,2.12,1.67,1.38,1.46,8.0,3.3,1.65,14.0,2.32,3.3,6.5,1.36,2.5,6.0,13.0,3.0,1.5,1.11,1.02,1.22,2.0,4.0,8.0,4.0,1.73,1.22,1.06,0,0,0,0,4,0,1,2,1,3,1,1651966200,-1,0,45,13,45,0,-1,2,1,1,3,3,0,4,3,0,1,1,1,1,2,1,79,32,146,76,1.43,1.02,2.46,0,0,0,0,0,0,1,1,0,0,1,0,0,0,-1,-1,-1,-1,-1,-1,-1,-1,-1,23,23,33,55,88,13,65,65,45,11.25,4.5,4.45,2.33,/clubs/new-england-revolution-11,teams/usa-new-england-revolution.png,New England Revolution,/clubs/columbus-crew-9,teams/usa-columbus-crew.png,Columbus Crew,1.59,1.12,1.8,0.75,1.11,1.33,78,78,68,45,13,55,45,45,1.63,1.45,3.08,/usa/columbus-crew-vs-new-england-revolution-h2h-stats#1541142,6969,34,True,True,True,True,False,False,True,"['70', '82']","['27', '89']"
MLS,2022,6969,1541143,1015,8043,2022,complete,83993,0,-1,[],['90+3'],0,1,1,9,7,16,0,0,0,3,0,0,4,6,10,8,14,14,0,2,52,48,42,5.0,40182,,,0,3,1.68,4.2,4.7,1.02,1.2,1.65,2.65,4.75,15.0,4.33,2.1,1.47,1.18,1.66,2.15,2.65,1.42,5.75,1.13,1.18,1.2,2.2,2.25,2.35,4.75,2.0,2.8,4.5,0,0,1.22,1.42,1.74,2.23,3.0,4.0,2.75,2.02,1.61,1.35,1.34,8.5,4.0,1.53,12.0,2.75,2.9,9.0,1.3,2.45,5.5,15.0,3.4,1.52,1.12,1.02,1.17,1.85,3.75,8.0,4.75,1.9,1.25,1.06,0,0,0,0,1,0,0,0,1,1,0,1651968000,8043,0,50,20,20,0,-1,2,1,4,2,6,5,6,11,0,0,0,3,0,3,1,75,47,132,100,1.71,1.65,3.36,0,0,0,0,0,0,1,1,0,0,2,0,0,0,-1,-1,-1,-1,-1,-1,-1,-1,-1,10,20,60,80,90,30,80,80,50,9.6,3.0,5.0,2.6,/clubs/minnesota-united-fc-1015,teams/usa-minnesota-united-fc.png,Minnesota United,/clubs/fc-cincinnati-8043,teams/usa-fc-cincinnati.png,FC Cincinnati,1.71,1.47,2.0,1.4,1.56,1.3,90,80,40,20,10,70,50,40,1.57,1.09,2.66,/usa/minnesota-united-fc-vs-fc-cincinnati-h2h-stats#1541143,6969,35,True,False,False,False,False,False,False,[],['90+3']
MLS,2022,6969,1541144,13,18,2022,complete,83993,0,-1,"['65', '88']",[],2,0,2,9,4,13,2,1,1,1,0,0,5,0,15,4,20,4,8,12,57,43,3,21189.0,25,,,1,1,1.94,3.7,3.82,1.04,1.3,1.8,3.3,6.5,12.0,3.5,1.9,1.33,1.11,1.75,2.0,2.6,1.44,4.33,1.19,1.28,1.25,1.87,2.6,2.2,4.2,2.35,2.6,3.75,0,0,1.22,1.42,1.74,2.23,3.0,4.0,2.75,2.02,1.61,1.35,1.47,7.5,3.25,1.67,10.0,2.5,3.25,6.5,1.4,2.85,7.0,23.0,3.0,1.4,1.08,1.02,1.22,2.1,4.5,10.0,4.0,1.68,1.18,1.03,0,0,0,0,2,0,0,2,0,2,0,1651969800,13,0,78,33,35,0,-1,2,1,4,3,5,1,7,6,0,1,1,0,1,1,1,41,34,116,78,1.91,0.51,2.42,0,0,0,0,0,0,1,1,0,0,1,0,0,0,-1,-1,-1,-1,-1,-1,-1,-1,-1,23,33,55,88,100,43,78,90,65,8.25,3.25,4.15,3.23,/clubs/fc-dallas-13,teams/usa-fc-dallas.png,FC Dallas,/clubs/seattle-sounders-fc-18,teams/usa-seattle-sounders-fc.png,Seattle Sounders,1.94,0.65,2.6,1.0,1.78,1.0,78,68,45,13,0,45,45,33,1.44,1.38,2.82,/usa/fc-dallas-vs-seattle-sounders-fc-h2h-stats#1541144,6969,34,True,True,False,False,False,False,False,"['65', '88']",[]
MLS,2022,6969,1541145,6490,16,2022,complete,83993,0,-1,"['56', '82']","['9', '67']",2,2,4,12,1,13,1,1,1,2,0,0,5,2,16,8,21,10,12,16,66,34,57,39588.0,12,,,1,2,1.76,4.04,4.34,1.02,1.2,1.62,2.65,4.75,15.0,4.33,2.15,1.47,1.18,1.65,2.2,2.5,1.46,5.5,1.13,1.18,1.2,2.15,2.25,2.35,4.75,2.05,2.8,4.33,0,0,1.2,1.38,1.67,2.12,2.85,4.25,2.9,2.12,1.67,1.38,1.37,8.0,3.75,1.57,12.0,2.63,3.1,8.5,1.33,2.45,5.5,15.0,3.4,1.52,1.12,1.01,1.17,1.85,3.75,8.0,4.75,1.9,1.25,1.06,0,0,0,0,4,0,1,2,1,3,1,1651978800,-1,0,68,33,13,0,-1,2,1,7,0,5,1,7,6,0,0,1,2,0,3,1,77,35,131,94,2.23,1.03,3.26,0,0,0,0,0,0,1,1,0,1,4,0,0,0,-1,-1,-1,-1,-1,-1,-1,-1,-1,0,20,55,100,100,55,78,88,45,13.65,3.35,4.9,2.75,/clubs/los-angeles-fc-6490,teams/usa-los-angeles-fc.png,Los Angeles FC,/clubs/philadelphia-union-16,teams/usa-philadelphia-union.png,Philadelphia Union,2.4,1.5,2.6,1.75,2.44,2.0,100,80,45,0,0,78,78,78,2.14,1.42,3.56,/usa/philadelphia-union-vs-los-angeles-fc-h2h-stats#1541145,6969,37,True,True,True,True,False,False,True,"['56', '82']","['9', '67']"
MLS,2022,6969,1541146,5,19,2022,complete,83993,0,-1,['90'],[],1,0,1,5,3,8,3,0,1,2,0,0,6,4,8,6,14,10,11,8,45,55,13864,41087.0,211,,,1,2,2.45,3.57,2.62,1.04,1.22,1.61,2.62,4.5,10.0,3.8,2.17,1.42,1.17,1.57,2.25,3.2,1.31,4.2,1.2,1.33,1.3,1.73,2.63,2.2,3.75,2.45,2.5,3.25,0,0,1.28,1.5,1.93,2.5,3.45,3.5,2.45,1.88,1.49,1.28,1.58,7.5,2.88,1.73,12.0,2.3,4.0,6.0,1.33,2.4,5.5,15.0,3.0,1.5,1.11,1.02,1.19,1.87,3.7,8.25,4.2,1.82,1.24,1.06,0,0,0,0,1,0,0,1,0,1,0,1652040000,5,0,57,30,27,0,-1,2,1,2,1,3,2,3,5,0,2,1,0,2,1,1,53,49,104,122,1.69,1.28,2.97,0,1,0,0,0,1,1,1,0,0,0,0,0,0,-1,-1,-1,-1,-1,-1,-1,-1,-1,27,37,47,67,84,30,67,74,37,7.47,1.8,4.2,3.0,/clubs/vancouver-whitecaps-fc-5,teams/canada-vancouver-whitecaps-fc.png,Vancouver Whitecaps,/clubs/toronto-fc-19,teams/canada-toronto-fc.png,Toronto,1.94,0.59,1.33,0.4,0.5,1.1,74,64,54,34,17,37,37,37,1.57,1.13,2.7,/usa/vancouver-whitecaps-fc-vs-toronto-fc-h2h-stats#1541146,6969,34,True,False,False,False,False,False,False,['90'],[]
MLS,2022,6969,1541147,677447,14,2022,complete,83993,0,-1,"['62', '90+2']",[],2,0,2,6,4,10,2,1,0,2,0,0,9,2,11,5,20,7,8,16,54,46,24,24795.0,8,,,0,2,2.13,3.42,3.25,1.07,1.38,1.93,3.8,7.0,7.0,2.8,1.78,1.22,1.07,1.98,1.75,2.25,1.57,3.9,1.22,1.23,1.29,1.93,2.42,2.01,5.3,2.2,2.37,4.2,0,0,1.2,1.38,1.67,2.12,2.85,4.25,2.9,2.12,1.67,1.38,1.42,8.0,3.5,1.6,7.5,2.9,2.62,7.0,1.48,3.2,8.0,23.0,2.5,1.3,1.05,1.0,1.28,2.25,5.0,13.0,3.4,1.55,1.14,1.03,0,0,0,0,2,0,0,2,0,2,0,1652043600,677447,0,67,0,59,0,-1,2,1,3,2,3,2,5,5,0,1,0,1,1,1,1,36,26,108,92,2.15,0.78,2.94,0,0,0,0,0,0,1,1,0,0,1,0,0,0,-1,-1,-1,-1,-1,-1,-1,-1,-1,17,17,17,75,84,9,25,84,67,18.5,5.83,6.33,2.17,/clubs/nashville-sc-mls-677447,teams/usa-nashville-sc-mls.png,Nashville SC,/clubs/real-salt-lake-14,teams/usa-real-salt-lake.png,Real Salt Lake,1.41,0.89,1.0,1.0,1.33,1.6,84,84,84,25,17,92,84,75,1.8,1.13,2.93,/usa/real-salt-lake-vs-nashville-sc-mls-h2h-stats#1541147,6969,35,True,True,False,False,False,False,False,"['62', '90+2']",[]
MLS,2022,6969,1541148,698284,10,2022,complete,83993,0,-1,[],['6'],0,1,1,3,3,6,7,4,1,5,0,0,2,4,12,6,14,10,12,14,55,45,31,2339.0,2,,,1,5,2.19,3.55,3.02,1.04,1.25,1.7,2.75,4.75,10.0,3.75,2.04,1.4,1.15,1.62,2.2,3.25,1.3,4.33,1.2,1.33,1.25,1.67,2.8,2.1,3.4,2.6,2.4,3.1,0,0,1.2,1.38,1.67,2.12,2.85,4.25,2.9,2.12,1.67,1.38,1.64,7.5,2.7,1.8,11.0,2.2,4.0,5.5,1.36,2.5,6.0,13.0,3.0,1.5,1.11,1.02,1.22,1.91,4.0,8.0,4.0,1.8,1.22,1.06,0,0,0,0,1,0,1,0,0,0,1,1652052900,10,0,40,10,30,0,-1,2,1,1,2,2,1,3,3,1,2,0,3,3,3,1,36,24,108,81,1.29,1.09,2.38,0,0,0,0,0,0,1,1,0,1,0,1,0,0,-1,-1,-1,-1,-1,-1,-1,-1,-1,30,40,50,60,90,50,60,90,40,10.2,2.0,4.2,2.8,/clubs/austin-fc-698284,teams/usa-austin-fc.png,Austin,/clubs/la-galaxy-10,teams/usa-la-galaxy.png,LA Galaxy,1.79,1.22,2.6,1.4,2.22,1.78,70,60,50,40,10,50,50,20,1.59,1.52,3.11,/usa/la-galaxy-vs-austin-fc-h2h-stats#1541148,6969,36,True,False,False,False,False,False,False,[],['6']
MLS,2022,6969,1541149,19,17,2022,complete,83993,0,-1,[],['90+2'],0,1,1,3,9,12,3,0,1,3,0,0,1,5,6,7,7,12,11,14,48,52,20,211.0,21031,,,1,3,2.6,3.35,2.55,1.05,1.25,1.79,3.0,5.0,9.0,3.75,1.94,1.36,1.14,1.67,2.14,3.3,1.29,3.5,1.26,1.46,1.33,1.53,3.13,2.17,3.4,2.8,2.57,3.04,0,0,1.24,1.46,1.9,2.4,3.3,3.5,2.45,1.9,1.47,1.27,1.79,7.0,2.4,1.89,13.0,1.99,4.2,5.0,1.39,2.72,6.8,13.0,3.0,1.46,1.1,1.02,1.23,2.04,4.3,8.0,4.2,1.78,1.22,1.06,0,0,0,0,1,0,0,0,1,1,0,1652554800,17,0,70,30,30,0,-1,2,1,2,3,1,6,5,7,1,0,0,3,1,3,1,40,39,78,84,0.81,1.39,2.2,0,0,0,0,0,0,1,1,0,0,1,1,0,0,-1,-1,-1,-1,-1,-1,-1,-1,-1,20,20,60,80,90,40,80,70,30,8.8,2.6,4.4,2.7,/clubs/toronto-fc-19,teams/canada-toronto-fc.png,Toronto,/clubs/orlando-city-sc-17,teams/usa-orlando-city-sc.png,Orlando City,1.41,1.17,1.8,1.6,1.0,1.55,80,80,40,20,10,80,50,50,1.22,0.87,2.09,/usa/orlando-city-sc-vs-toronto-fc-h2h-stats#1541149,6969,34,True,False,False,False,False,False,False,[],['90+2']
MLS,2022,6969,1541150,12,6490,2022,complete,83993,0,-1,"['17', '28']",[],2,0,2,5,6,11,2,0,2,3,0,0,8,2,7,9,15,11,13,13,38,62,15,11434.0,39588,,,2,3,2.5,3.45,2.65,1.04,1.25,1.73,2.75,5.0,10.0,3.75,2.02,1.4,1.14,1.64,2.2,3.5,1.27,3.6,1.26,1.52,1.3,1.51,3.22,2.25,3.13,2.92,2.62,2.85,0,0,1.2,1.39,1.68,2.2,2.95,3.9,2.7,1.98,1.57,1.32,1.87,7.0,2.28,1.95,14.0,1.9,4.4,4.8,1.36,2.62,6.45,13.0,3.15,1.49,1.11,1.02,1.22,2.0,4.2,8.0,4.3,1.81,1.23,1.06,0,0,0,0,2,2,0,0,0,0,2,1652556600,12,0,48,13,0,0,-1,2,1,3,1,2,5,4,7,1,3,1,0,4,1,1,24,24,53,74,1.67,1.01,2.69,2,0,2,0,0,0,1,1,0,0,2,0,0,0,-1,-1,-1,-1,-1,-1,-1,-1,-1,13,13,48,90,90,25,90,90,35,8.55,4.5,6.8,2.65,/clubs/colorado-rapids-12,teams/usa-colorado-rapids.png,Colorado Rapids,/clubs/los-angeles-fc-6490,teams/usa-los-angeles-fc.png,Los Angeles FC,2.06,1.53,2.2,2.25,1.2,2.3,88,88,53,10,10,88,43,43,1.41,1.58,2.99,/usa/colorado-rapids-vs-los-angeles-fc-h2h-stats#1541150,6969,34,True,True,False,False,False,False,False,"['17', '28']",[]
MLS,2022,6969,1541151,711351,1,2022,complete,83993,0,-1,[],"['45', '67']",0,2,2,5,5,10,0,1,3,2,0,0,3,5,12,11,15,16,7,13,56,44,44,13343.0,39282,,,3,2,2.25,3.25,3.15,1.06,1.3,1.9,3.25,6.0,8.0,3.4,1.8,1.33,1.11,1.76,2.01,2.9,1.37,3.7,1.25,1.37,1.33,1.63,2.94,2.12,3.88,2.62,2.51,3.44,0,0,1.22,1.43,1.83,2.3,3.2,3.7,2.5,1.98,1.51,1.29,1.72,7.0,2.55,1.79,11.75,2.16,3.6,5.8,1.43,2.88,7.4,15.0,2.83,1.42,1.09,1.02,1.25,2.14,4.7,10.0,3.94,1.71,1.19,1.04,0,0,0,0,2,0,1,0,1,1,1,1652569200,1,0,52,17,27,0,-1,2,1,2,1,3,4,3,7,0,1,3,1,1,4,1,44,32,102,114,1.48,1.6,3.08,0,0,0,0,0,0,1,1,0,0,0,0,0,0,-1,-1,-1,-1,-1,-1,-1,-1,-1,25,35,44,70,100,25,72,90,52,10.8,3.53,5.63,2.99,/clubs/charlotte-fc-711351,teams/usa-charlotte-fc.png,Charlotte,/clubs/montreal-impact-1,teams/canada-montreal-impact.png,Montreal Impact,1.82,2.06,2.4,1.33,1.18,1.7,75,65,57,30,0,74,74,55,1.42,1.28,2.7,/usa/montreal-impact-vs-charlotte-fc-h2h-stats#1541151,6969,34,True,True,False,False,False,False,False,[],"['45', '67']"
MLS,2022,6969,1541152,2,9,2022,complete,83993,0,-1,"['9', '57']",[],2,0,2,7,7,14,0,2,3,1,0,0,7,0,13,9,20,9,18,13,53,47,42,762.0,13,,,3,1,1.6,4.0,5.0,1.04,1.25,1.75,2.75,4.75,10.0,3.75,1.95,1.4,1.15,1.8,1.96,2.35,1.53,5.5,1.14,1.17,1.25,2.3,2.2,2.35,5.25,1.98,2.76,4.94,0,0,1.23,1.43,1.83,2.3,3.2,3.7,2.5,1.98,1.51,1.29,1.34,8.0,4.0,1.47,14.5,2.77,2.62,9.0,1.35,2.62,6.4,13.0,3.2,1.49,1.12,1.02,1.21,1.99,4.04,8.0,4.44,1.82,1.24,1.06,0,0,0,0,2,1,0,1,0,1,1,1652569200,2,0,47,19,47,0,-1,2,1,2,6,5,1,8,6,1,0,2,1,1,3,1,48,45,101,120,2.1,0.91,3.01,0,0,0,0,0,0,1,1,1,0,0,0,0,0,-1,-1,-1,-1,-1,-1,-1,-1,-1,35,45,54,72,82,44,64,64,64,11.13,5.3,4.53,3.39,/clubs/new-york-city-fc-2,teams/usa-new-york-city-fc.png,New York City,/clubs/columbus-crew-9,teams/usa-columbus-crew.png,Columbus Crew,2.06,1.12,2.17,0.8,1.56,1.3,65,55,47,29,19,54,54,54,2.22,1.37,3.59,/usa/new-york-city-fc-vs-columbus-crew-h2h-stats#1541152,6969,34,True,True,False,False,False,False,False,"['9', '57']",[]
MLS,2022,6969,1541153,5,15,2022,complete,83993,0,-1,"['52', '75', '90']","['62', '73', '81']",3,3,6,3,5,8,0,0,3,1,0,0,7,7,9,8,16,15,13,14,39,61,13841,41087.0,23354,,,3,1,2.1,3.3,3.35,1.06,1.29,1.75,3.0,6.0,8.0,3.5,1.95,1.36,1.11,1.75,2.03,2.8,1.38,3.9,1.23,1.32,1.31,1.75,2.72,2.17,4.14,2.46,2.57,3.64,0,0,1.24,1.46,1.85,2.37,3.3,3.5,2.45,1.95,1.47,1.27,1.65,7.5,2.7,1.75,9.0,2.19,3.6,5.8,1.4,2.75,6.95,15.0,2.95,1.45,1.1,1.02,1.23,2.06,4.3,9.0,4.2,1.76,1.22,1.05,0,0,0,0,6,0,0,3,3,6,0,1652569200,-1,0,25,13,25,0,-1,2,1,0,1,3,4,1,7,3,1,0,0,4,0,1,43,50,102,96,1.81,1.8,3.61,0,0,0,0,0,0,1,1,0,0,0,0,1,0,-1,-1,-1,-1,-1,-1,-1,-1,-1,25,25,38,50,88,13,50,75,38,8.0,2.0,4.0,2.5,/clubs/vancouver-whitecaps-fc-5,teams/canada-vancouver-whitecaps-fc.png,Vancouver Whitecaps,/clubs/san-jose-earthquakes-15,teams/usa-san-jose-earthquakes.png,SJ Earthquakes,1.94,0.47,1.75,0.0,0.78,0.9,75,75,63,50,13,25,25,25,1.6,1.35,2.95,/usa/vancouver-whitecaps-fc-vs-san-jose-earthquakes-h2h-stats#1541153,6969,34,True,True,True,True,True,True,True,"['52', '75', '90']","['62', '73', '81']"
MLS,2022,6969,1541154,16,4,2022,complete,83993,0,-1,['47'],['66'],1,1,2,7,4,11,2,1,4,3,0,1,5,5,13,5,18,10,15,10,61,39,69,12.0,11574,,,4,4,2.2,3.2,3.25,1.08,1.36,2.0,3.75,7.0,7.0,3.0,1.7,1.25,1.08,1.95,1.81,2.65,1.43,3.3,1.29,1.33,1.35,1.66,2.93,2.04,4.2,2.6,2.41,3.7,0,0,1.22,1.43,1.8,2.3,3.2,3.7,2.5,2.0,1.51,1.29,1.71,7.0,2.55,1.8,9.55,2.23,3.7,5.0,1.48,3.15,8.4,17.0,2.65,1.36,1.07,1.01,1.29,2.32,5.35,11.0,3.6,1.61,1.16,1.03,0,0,0,0,2,0,0,1,1,2,0,1652571000,-1,0,50,20,10,0,-1,2,1,5,2,2,2,7,4,0,1,4,3,1,7,1,53,37,101,102,1.87,1.26,3.13,0,0,0,0,0,0,1,1,0,0,0,1,0,0,-1,-1,-1,-1,-1,-1,-1,-1,-1,10,20,40,80,100,20,90,70,30,10.0,2.8,5.6,2.5,/clubs/philadelphia-union-16,teams/usa-philadelphia-union.png,Philadelphia Union,/clubs/new-york-red-bulls-4,teams/usa-new-york-red-bulls.png,New York RB,2.47,1.76,2.2,3.0,1.9,1.8,90,80,60,20,0,70,70,50,1.43,1.79,3.22,/usa/new-york-red-bulls-vs-philadelphia-union-h2h-stats#1541154,6969,35,True,True,False,False,False,False,True,['47'],['66']
MLS,2022,6969,1541155,7,8043,2022,complete,83993,0,-1,['83'],"['33', '85']",1,2,3,13,2,15,2,3,0,2,0,0,5,5,12,6,17,11,12,13,59,41,45098,10695.0,40182,,,0,2,1.9,3.6,3.75,1.05,1.29,1.75,3.0,5.5,9.0,3.5,1.95,1.36,1.12,1.73,2.0,2.65,1.43,4.2,1.2,1.25,1.29,1.83,2.45,2.1,4.2,2.2,2.4,3.9,0,0,1.22,1.43,1.8,2.3,3.2,3.7,2.5,2.0,1.51,1.29,1.47,7.5,3.25,1.67,12.5,2.32,3.25,6.0,1.44,2.75,6.5,15.0,2.62,1.4,1.1,1.02,1.25,2.05,4.33,9.0,3.75,1.7,1.2,1.05,0,0,0,0,3,0,1,1,1,2,1,1652572800,8043,0,37,9,19,0,-1,2,1,3,1,11,1,4,12,0,2,0,0,2,0,1,84,31,131,89,2.03,1.28,3.31,0,0,0,0,0,0,1,1,0,0,0,0,0,1,-1,-1,-1,-1,-1,-1,-1,-1,-1,9,19,45,54,62,17,54,62,37,8.7,4.47,6.67,1.87,/clubs/chicago-fire-7,teams/usa-chicago-fire.png,Chicago Fire,/clubs/fc-cincinnati-8043,teams/usa-fc-cincinnati.png,FC Cincinnati,1.35,1.47,1.2,1.67,1.0,1.45,92,82,55,47,39,54,45,25,1.04,1.18,2.22,/usa/chicago-fire-vs-fc-cincinnati-h2h-stats#1541155,6969,34,True,True,True,False,False,False,True,['83'],"['33', '85']"
MLS,2022,6969,1541156,677446,13401,2022,complete,83993,0,-1,"['31', '45']","['45+3', '74']",2,2,4,4,4,8,2,1,1,2,0,1,8,5,3,4,11,9,7,12,58,42,84,28121.0,36107,,,1,3,2.5,3.3,2.65,1.06,1.3,1.8,3.25,6.0,8.0,3.4,1.9,1.33,1.11,1.7,2.05,3.25,1.3,3.3,1.29,1.5,1.3,1.5,3.2,2.0,3.2,2.88,2.3,2.88,0,0,1.24,1.46,1.93,2.4,3.3,3.5,2.45,1.88,1.47,1.27,1.88,7.0,2.28,1.94,12.0,1.96,4.5,4.5,1.44,2.75,7.0,15.0,2.62,1.4,1.08,1.02,1.25,2.05,4.33,9.0,3.75,1.7,1.2,1.05,0,0,0,0,4,2,1,0,1,1,3,1652577300,-1,0,47,37,20,0,-1,2,1,3,1,1,3,4,4,0,0,1,3,0,4,1,49,32,100,114,1.62,1.17,2.78,0,0,0,0,0,0,1,1,0,0,0,0,0,0,-1,-1,-1,-1,-1,-1,-1,-1,-1,10,20,64,74,90,54,64,90,20,6.47,2.87,6.47,2.57,/clubs/club-internacional-de-futbol-miami-677446,teams/usa-club-internacional-de-futbol-miami.png,Inter Miami,/clubs/dc-united-13401,teams/usa-dc-united.png,DC United,1.94,0.65,1.4,1.0,1.0,1.33,90,80,37,27,10,47,37,27,1.33,1.28,2.61,/usa/dc-united-vs-club-internacional-de-futbol-miami-h2h-stats#1541156,6969,34,True,True,True,True,False,False,True,"['31', '45']","['45+3', '74']"
MLS,2022,6969,1541157,6,677447,2022,complete,83993,0,-1,"['16', '53']",[],2,0,2,4,10,14,1,0,3,4,1,0,3,2,4,10,7,12,11,15,38,62,13851,10669.0,24795,,,5,4,2.55,3.05,2.85,1.1,1.4,2.2,4.0,7.5,6.5,2.75,1.6,1.22,1.07,1.91,1.8,2.8,1.39,2.95,1.36,1.4,1.35,1.5,3.2,1.85,3.6,2.88,2.15,3.2,0,0,1.18,1.31,1.55,1.95,2.6,4.5,3.1,2.2,1.7,1.41,1.78,7.5,2.4,1.96,8.65,2.07,3.9,4.5,1.5,3.25,8.0,17.0,2.5,1.33,1.06,1.01,1.33,2.38,5.0,11.0,3.25,1.53,1.14,1.03,0,0,0,0,2,1,0,1,0,1,1,1652574600,6,0,59,32,15,0,-1,2,1,4,3,0,7,7,7,3,1,1,3,4,4,1,26,62,75,127,0.85,1.36,2.2,1,0,1,0,0,0,1,1,0,0,2,1,0,0,-1,-1,-1,-1,-1,-1,-1,-1,-1,9,15,44,65,84,32,65,78,28,7.58,3.96,5.13,2.32,/clubs/houston-dynamo-6,teams/usa-houston-dynamo.png,Houston Dynamo,/clubs/nashville-sc-mls-677447,teams/usa-nashville-sc-mls.png,Nashville SC,1.35,1.44,1.5,1.38,1.2,1.5,92,86,57,36,17,78,44,38,1.26,1.07,2.33,/usa/houston-dynamo-vs-nashville-sc-mls-h2h-stats#1541157,6969,34,True,True,False,False,False,False,False,"['16', '53']",[]
MLS,2022,6969,1541158,14,698284,2022,complete,83993,0,-1,"['55', '88']",['24'],2,1,3,7,4,11,2,0,2,4,0,1,8,3,7,6,15,9,10,6,46,54,19912,8.0,2339,,,2,6,2.05,3.45,3.4,1.05,1.29,1.7,3.0,5.5,9.0,3.5,2.0,1.36,1.12,1.7,2.05,3.0,1.34,4.1,1.21,1.35,1.29,1.65,2.6,2.05,3.9,2.5,2.38,3.3,0,0,1.14,1.24,1.44,1.8,2.25,4.9,3.5,2.5,2.0,1.52,1.62,7.5,2.7,1.78,13.75,2.11,3.7,5.8,1.4,2.62,6.5,13.0,2.75,1.44,1.1,1.02,1.25,2.0,4.33,9.0,3.75,1.73,1.2,1.05,0,0,0,0,3,0,1,2,0,2,1,1652578200,14,0,63,38,13,0,-1,2,1,3,3,4,1,6,5,0,2,2,3,2,5,1,57,33,94,81,1.92,1.02,2.94,0,0,0,0,0,0,1,1,0,0,0,0,0,0,-1,-1,-1,-1,-1,-1,-1,-1,-1,13,38,63,63,100,50,63,100,25,11.75,5.25,5.5,2.75,/clubs/real-salt-lake-14,teams/usa-real-salt-lake.png,Real Salt Lake,/clubs/austin-fc-698284,teams/usa-austin-fc.png,Austin,1.88,1.44,2.5,1.75,1.45,2.0,88,63,38,38,0,88,63,63,1.28,1.5,2.78,/usa/real-salt-lake-vs-austin-fc-h2h-stats#1541158,6969,35,True,True,True,False,False,False,True,"['55', '88']",['24']
MLS,2022,6969,1541159,20,8,2022,complete,83993,0,-1,"['12', '46', '52', '56', '69', '88', '90+2']","['57', '75']",7,2,9,1,3,4,1,1,3,2,1,1,8,4,3,7,11,11,15,7,42,58,13864,42128.0,18,,,4,3,1.95,3.5,3.5,1.05,1.29,1.8,3.0,5.5,9.0,3.5,1.9,1.36,1.12,1.7,2.05,2.75,1.4,4.0,1.21,1.29,1.3,1.7,2.62,2.05,3.9,2.3,2.4,3.6,0,0,1.24,1.46,1.88,2.4,3.3,3.5,2.45,1.93,1.47,1.27,1.65,7.0,2.7,1.71,12.5,2.25,3.5,6.0,1.4,2.62,6.5,15.0,2.75,1.44,1.1,1.02,1.25,2.0,4.33,9.0,3.75,1.73,1.2,1.05,0,0,0,0,9,1,0,6,2,8,1,1652580000,20,0,55,9,47,0,-1,2,1,0,1,1,2,1,3,0,2,4,1,2,5,1,22,82,64,135,1.42,1.58,2.99,0,0,0,0,0,0,1,1,0,0,0,0,0,0,-1,-1,-1,-1,-1,-1,-1,-1,-1,0,45,45,64,82,27,54,82,55,6.83,2.37,5.63,2.35,/clubs/portland-timbers-20,teams/usa-portland-timbers.png,Portland Timbers,/clubs/sporting-kansas-city-8,teams/usa-sporting-kansas-city.png,Sporting KC,1.76,0.65,1.2,0.17,1.09,0.82,100,55,55,37,19,49,39,29,1.47,1.12,2.59,/usa/sporting-kansas-city-vs-portland-timbers-h2h-stats#1541159,6969,34,True,True,True,True,True,True,True,"['12', '46', '52', '56', '69', '88', '90+2']","['57', '75']"
MLS,2022,6969,1541160,10,13,2022,complete,83993,0,-1,['67'],"['11', '20', '23']",1,3,4,6,5,11,1,7,2,3,0,0,5,5,9,5,14,10,13,9,60,40,11,2.0,21189,,,2,3,1.75,3.65,4.2,1.05,1.29,1.7,3.0,5.5,9.0,3.5,2.0,1.36,1.12,1.73,2.0,2.6,1.44,4.5,1.18,1.22,1.29,1.85,2.45,2.1,4.2,2.15,2.4,4.0,0,0,1.23,1.43,1.8,2.3,3.2,3.7,2.5,2.0,1.51,1.29,1.47,7.5,3.25,1.62,12.0,2.46,3.2,7.0,1.4,2.62,6.5,13.0,2.75,1.44,1.1,1.02,1.25,2.05,4.33,9.0,3.75,1.7,1.2,1.05,0,0,0,0,4,0,3,1,0,1,3,1652581800,13,0,25,13,0,0,-1,2,1,2,3,4,2,5,6,0,1,2,2,1,4,1,69,27,121,80,1.74,1.18,2.92,0,0,0,0,0,0,1,1,0,0,0,3,0,0,-1,-1,-1,-1,-1,-1,-1,-1,-1,0,13,25,25,75,25,50,50,0,8.75,2.5,5.5,1.38,/clubs/la-galaxy-10,teams/usa-la-galaxy.png,LA Galaxy,/clubs/fc-dallas-13,teams/usa-fc-dallas.png,FC Dallas,1.72,1.06,2.25,0.75,1.9,1.9,100,88,75,75,25,50,25,25,1.58,0.79,2.37,/usa/la-galaxy-vs-fc-dallas-h2h-stats#1541160,6969,36,True,True,True,True,False,False,True,['67'],"['11', '20', '23']"
MLS,2022,6969,1541161,1016,11,2022,complete,83993,0,-1,"['15', '63']","['30', '55']",2,2,4,10,5,15,2,0,1,2,0,0,5,4,19,10,24,14,7,10,57,43,3,40852.0,21032,,,1,2,1.95,3.5,3.45,1.04,1.2,1.65,2.6,4.5,14.5,4.0,2.16,1.44,1.17,1.59,2.23,3.0,1.35,4.6,1.17,1.3,1.29,1.83,2.5,2.3,3.8,2.23,2.64,3.52,0,0,1.17,1.27,1.5,1.98,2.45,4.8,3.25,2.35,1.83,1.46,1.46,8.0,3.3,1.66,14.5,2.28,3.4,6.5,1.33,2.4,5.5,13.0,3.0,1.5,1.11,1.02,1.22,1.91,4.0,8.0,4.0,1.8,1.22,1.06,0,0,0,0,4,1,1,1,1,2,2,1652635800,-1,0,90,45,58,0,-1,2,1,5,2,5,3,7,8,0,0,1,2,0,3,1,67,31,128,90,2.35,1.39,3.74,0,0,0,0,0,0,1,1,0,0,1,0,0,0,-1,-1,-1,-1,-1,-1,-1,-1,-1,45,80,90,90,90,55,80,90,68,12.65,4.75,5.35,4.05,/clubs/atlanta-united-fc-1016,teams/usa-atlanta-united-fc.png,Atlanta United FC,/clubs/new-england-revolution-11,teams/usa-new-england-revolution.png,New England Revolution,1.71,0.88,2.2,0.25,1.4,1.1,55,20,10,10,10,55,55,55,1.69,1.87,3.56,/usa/new-england-revolution-vs-atlanta-united-fc-h2h-stats#1541161,6969,34,True,True,True,True,False,False,True,"['15', '63']","['30', '55']"
MLS,2022,6969,1541162,18,1015,2022,complete,83993,0,-1,"['50', '74', '90+4']",['34'],3,1,4,5,10,15,0,1,3,4,0,0,7,3,9,8,16,11,10,14,58,42,13893,25.0,5,,,3,4,1.7,3.9,4.64,1.04,1.22,1.7,2.73,4.97,14.0,4.13,2.08,1.44,1.16,1.64,2.12,2.6,1.44,4.75,1.17,1.23,1.28,1.91,2.3,2.26,4.28,2.09,2.66,3.9,0,0,1.2,1.39,1.7,2.2,3.0,3.9,2.65,1.98,1.57,1.32,1.42,8.0,3.5,1.59,14.0,2.45,3.2,7.5,1.33,2.47,5.5,13.0,3.07,1.48,1.11,1.02,1.2,1.94,3.94,8.0,4.54,1.86,1.25,1.06,0,0,0,0,4,0,1,3,0,3,1,1652644800,18,0,29,29,17,0,-1,2,1,0,6,5,4,6,9,2,0,1,4,2,5,1,38,51,121,100,1.78,1.28,3.06,1,0,1,0,0,0,1,1,0,0,0,3,1,0,-1,-1,-1,-1,-1,-1,-1,-1,-1,17,17,17,42,100,29,46,71,29,9.5,2.25,4.58,1.92,/clubs/seattle-sounders-fc-18,teams/usa-seattle-sounders-fc.png,Seattle Sounders,/clubs/minnesota-united-fc-1015,teams/usa-minnesota-united-fc.png,Minnesota United,1.76,1.11,1.0,1.0,0.88,1.4,84,84,84,59,0,71,54,42,1.39,1.07,2.46,/usa/seattle-sounders-fc-vs-minnesota-united-fc-h2h-stats#1541162,6969,34,True,True,True,True,False,False,True,"['50', '74', '90+4']",['34']
MLS,2022,6969,1541163,8043,19,2022,complete,83993,0,-1,"['2', '57']",[],2,0,2,2,6,8,4,1,3,1,0,1,7,4,11,11,18,15,16,10,60,40,19912,40182.0,211,,,3,3,2.0,3.88,3.42,1.02,1.18,1.57,2.38,4.33,15.0,4.75,2.25,1.6,1.2,1.53,2.45,3.3,1.29,4.8,1.16,1.35,1.27,1.81,2.68,2.51,3.75,2.35,2.75,3.5,0,0,1.26,1.5,1.9,2.44,3.34,3.48,2.52,1.9,1.53,1.28,1.75,7.9,2.65,1.68,17.0,2.2,3.8,7.0,1.3,2.42,5.5,15.0,3.5,1.6,1.14,1.01,1.16,1.8,3.5,7.5,4.75,1.95,1.28,1.07,0,0,0,0,2,1,0,1,0,1,1,1651707000,8043,0,88,63,25,0,19563,2,1,2,5,0,1,7,1,0,2,3,0,2,3,1,41,45,110,96,1.93,1.55,3.48,1,0,1,0,0,0,1,1,1,0,0,0,0,1,-1,-1,-1,-1,-1,-1,-1,-1,-1,25,50,75,88,100,63,88,88,50,8.75,2.5,4.75,4.13,/clubs/fc-cincinnati-8043,teams/usa-fc-cincinnati.png,FC Cincinnati,/clubs/toronto-fc-19,teams/canada-toronto-fc.png,Toronto,1.41,0.59,0.75,0.5,1.11,1.22,75,50,25,13,0,63,63,63,1.93,1.03,2.96,/usa/toronto-fc-vs-fc-cincinnati-h2h-stats#1541163,6969,34,True,True,False,False,False,False,False,"['2', '57']",[]
MLS,2022,6969,1541164,13401,2,2022,complete,83993,0,-1,[],"['5', '45+5']",0,2,2,4,6,10,2,0,1,3,0,0,0,6,8,6,8,12,14,11,44,56,11,36107.0,762,,,1,3,3.0,3.65,2.27,1.04,1.25,1.72,2.75,4.75,10.0,3.75,2.05,1.4,1.15,1.63,2.22,3.9,1.22,3.3,1.29,1.65,1.25,1.36,3.64,2.1,2.77,3.36,2.4,2.52,0,0,1.23,1.44,1.85,2.35,3.25,3.6,2.5,1.95,1.49,1.28,2.17,7.0,1.96,2.07,14.5,1.79,5.8,3.9,1.36,2.5,5.5,13.0,3.0,1.5,1.13,1.02,1.22,1.91,4.0,8.0,4.0,1.8,1.22,1.06,0,0,0,0,2,0,2,0,0,0,2,1652916600,2,0,33,9,0,0,-1,2,1,2,5,2,1,7,3,1,1,0,2,2,2,1,53,41,94,100,0.9,1.48,2.38,0,1,0,1,0,0,1,1,0,1,0,1,0,0,-1,-1,-1,-1,-1,-1,-1,-1,-1,17,17,42,58,84,50,58,75,9,12.0,3.17,5.33,2.17,/clubs/dc-united-13401,teams/usa-dc-united.png,DC United,/clubs/new-york-city-fc-2,teams/usa-new-york-city-fc.png,New York City,0.94,1.26,1.5,0.33,1.3,1.7,84,84,59,42,17,92,67,50,1.34,1.69,3.03,/usa/new-york-city-fc-vs-dc-united-h2h-stats#1541164,6969,34,True,True,False,False,False,False,False,[],"['5', '45+5']"
MLS,2022,6969,1541165,4,7,2022,complete,83993,0,-1,"['20', '58', '90+1']","['38', '49', '89']",3,3,6,1,4,5,1,2,3,4,0,0,4,6,8,6,12,12,17,16,43,57,15,11574.0,10695,,,3,4,1.48,4.5,6.6,1.07,1.33,2.05,3.5,6.5,7.5,3.25,1.85,1.29,1.1,2.1,1.7,1.9,1.8,5.0,1.15,1.08,1.22,2.6,2.07,2.15,6.3,1.87,2.38,6.3,0,0,1.23,1.44,1.85,2.35,3.25,3.6,2.45,1.95,1.49,1.27,1.27,8.5,4.6,1.41,11.5,3.22,2.2,10.0,1.45,2.75,7.0,15.0,2.63,1.4,1.08,1.02,1.3,2.3,4.74,11.0,3.4,1.57,1.16,1.03,0,0,0,0,6,1,1,2,2,4,2,1652916600,-1,0,40,10,20,0,-1,2,1,1,1,0,3,2,3,1,2,2,2,3,4,1,33,50,100,105,1.29,1.55,2.83,1,0,1,0,0,0,1,1,0,0,0,0,0,1,-1,-1,-1,-1,-1,-1,-1,-1,-1,10,10,30,60,80,10,30,80,40,9.4,3.0,5.4,1.9,/clubs/new-york-red-bulls-4,teams/usa-new-york-red-bulls.png,New York RB,/clubs/chicago-fire-7,teams/usa-chicago-fire.png,Chicago Fire,1.28,0.94,0.6,0.8,1.73,0.91,90,90,70,40,20,50,30,10,1.75,1.32,3.07,/usa/new-york-red-bulls-vs-chicago-fire-h2h-stats#1541165,6969,34,True,True,True,True,True,True,True,"['20', '58', '90+1']","['38', '49', '89']"
MLS,2022,6969,1541166,16,677446,2022,complete,83993,0,-1,[],[],0,0,0,6,2,8,1,3,1,1,0,0,7,1,13,8,20,9,9,9,45,55,24,12.0,28121,,,1,1,1.41,4.7,7.8,1.04,1.22,1.77,2.62,4.5,10.0,4.0,1.98,1.44,1.17,1.94,1.82,1.98,1.75,6.5,1.1,1.07,1.2,2.8,1.87,2.38,6.3,1.75,2.63,6.25,0,0,1.22,1.42,1.8,2.3,3.1,3.7,2.55,2.0,1.52,1.29,1.24,9.0,5.0,1.35,15.25,3.33,2.25,12.0,1.33,2.38,5.0,12.0,3.24,1.53,1.14,1.03,1.22,2.0,4.0,8.0,4.0,1.73,1.22,1.06,0,0,0,0,0,0,0,0,0,0,0,1652916600,-1,0,45,19,19,0,-1,2,1,2,2,4,0,4,4,1,0,0,1,1,1,1,63,43,132,95,2.21,0.96,3.17,0,0,0,0,0,0,1,1,0,0,0,0,0,0,-1,-1,-1,-1,-1,-1,-1,-1,-1,10,20,20,72,100,29,82,74,19,7.97,2.5,5.7,2.32,/clubs/philadelphia-union-16,teams/usa-philadelphia-union.png,Philadelphia Union,/clubs/club-internacional-de-futbol-miami-677446,teams/usa-club-internacional-de-futbol-miami.png,Inter Miami,2.47,0.83,2.0,0.6,1.82,1.0,90,80,80,29,0,64,54,54,1.5,1.17,2.67,/usa/philadelphia-union-vs-club-internacional-de-futbol-miami-h2h-stats#1541166,6969,35,False,False,False,False,False,False,False,[],[]
MLS,2022,6969,1541167,1015,10,2022,complete,83993,0,-1,['87'],['83'],1,1,2,5,8,13,4,2,2,1,0,0,8,5,10,7,18,12,10,6,43,57,57,5.0,2,,,2,1,2.28,3.6,3.0,1.04,1.22,1.76,2.62,4.5,10.0,4.0,1.99,1.44,1.17,1.62,2.2,3.25,1.3,3.9,1.23,1.35,1.3,1.62,2.8,2.1,3.4,2.6,2.4,3.1,0,0,1.2,1.33,1.6,2.0,2.7,4.25,2.9,2.1,1.65,1.38,1.71,7.5,2.55,1.8,14.0,2.08,4.0,5.8,1.36,2.5,5.5,13.0,3.0,1.5,1.12,1.02,1.22,1.91,3.75,8.0,4.0,1.8,1.25,1.06,0,0,0,0,2,0,0,1,1,2,0,1652918400,-1,0,42,17,25,0,-1,2,1,5,1,0,7,6,7,2,1,0,0,3,0,1,53,53,115,122,2.08,1.5,3.58,0,1,0,1,0,0,1,1,0,0,1,1,0,1,-1,-1,-1,-1,-1,-1,-1,-1,-1,9,25,42,50,92,25,59,75,42,11.5,2.5,4.67,2.17,/clubs/minnesota-united-fc-1015,teams/usa-minnesota-united-fc.png,Minnesota United,/clubs/la-galaxy-10,teams/usa-la-galaxy.png,LA Galaxy,1.71,1.22,1.67,1.67,1.27,1.73,92,75,59,50,9,75,67,34,1.59,1.45,3.04,/usa/la-galaxy-vs-minnesota-united-fc-h2h-stats#1541167,6969,35,True,True,False,False,False,False,True,['87'],['83']
MLS,2022,6969,1541168,6,18,2022,complete,83993,0,-1,[],['28'],0,1,1,3,4,7,3,2,1,2,1,1,5,4,12,5,17,9,14,5,46,54,69,10669.0,25,,,2,3,2.11,3.45,3.5,1.06,1.3,1.89,3.25,5.5,8.0,3.4,1.92,1.33,1.12,1.7,2.05,2.85,1.38,3.6,1.26,1.35,1.3,1.62,2.88,2.0,3.6,2.6,2.3,3.25,0,0,1.17,1.26,1.49,2.0,2.37,4.7,3.3,2.37,1.8,1.47,1.63,7.5,2.7,1.79,12.0,2.14,3.8,5.5,1.4,2.75,6.5,15.0,2.75,1.4,1.1,1.02,1.25,2.05,4.33,9.0,3.75,1.7,1.2,1.05,0,0,0,0,1,0,1,0,0,0,1,1652920200,18,0,59,32,27,0,-1,2,1,2,3,1,1,5,2,1,0,1,3,1,4,1,60,42,97,98,1.85,1.16,3.01,0,0,0,0,0,0,1,1,0,0,1,1,0,0,-1,-1,-1,-1,-1,-1,-1,-1,-1,17,17,42,76,86,32,66,86,37,8.11,2.91,4.89,2.72,/clubs/houston-dynamo-6,teams/usa-houston-dynamo.png,Houston Dynamo,/clubs/seattle-sounders-fc-18,teams/usa-seattle-sounders-fc.png,Seattle Sounders,1.35,0.65,1.71,0.8,1.36,1.11,83,83,59,25,15,66,59,49,1.2,1.21,2.41,/usa/houston-dynamo-vs-seattle-sounders-fc-h2h-stats#1541168,6969,34,True,False,False,False,False,False,False,[],['28']
MLS,2022,6969,1541169,8,12,2022,complete,83993,0,-1,"['24', '50']",['29'],2,1,3,1,5,6,0,2,2,5,2,2,2,4,4,10,6,14,19,13,40,60,36,18.0,11434,,,6,8,2.22,3.45,3.2,1.06,1.3,1.92,3.4,6.0,8.0,3.4,1.89,1.3,1.11,1.73,2.0,2.7,1.41,3.3,1.3,1.33,1.3,1.65,2.8,2.0,3.7,2.5,2.3,3.4,0,0,1.28,1.53,1.93,2.6,3.7,3.2,2.25,1.72,1.41,1.23,1.66,7.0,2.7,1.8,10.75,2.18,3.6,5.5,1.44,2.75,6.5,15.0,2.62,1.4,1.1,1.02,1.29,2.1,4.5,10.0,3.5,1.67,1.17,1.04,0,0,0,0,3,1,1,1,0,1,2,1652920200,8,0,50,30,0,0,-1,2,1,0,2,1,3,2,4,0,1,4,6,1,10,1,17,49,81,95,0.66,1.52,2.17,0,0,0,0,0,0,1,1,0,0,0,2,0,1,-1,-1,-1,-1,-1,-1,-1,-1,-1,0,30,50,60,90,40,60,90,30,8.0,2.2,4.8,2.3,/clubs/sporting-kansas-city-8,teams/usa-sporting-kansas-city.png,Sporting KC,/clubs/colorado-rapids-12,teams/usa-colorado-rapids.png,Colorado Rapids,1.71,0.47,1.6,0.2,0.75,1.36,100,70,50,40,10,50,50,30,1.49,1.37,2.86,/usa/sporting-kansas-city-vs-colorado-rapids-h2h-stats#1541169,6969,34,True,True,True,False,False,False,True,"['24', '50']",['29']
MLS,2022,6969,1541170,677447,1,2022,complete,83993,0,-1,"['28', '51']",['55'],2,1,3,3,3,6,5,0,2,0,0,0,5,5,4,7,9,12,15,6,45,55,13889,24795.0,39282,,,2,0,1.85,3.45,4.5,1.08,1.36,2.21,3.75,7.0,7.0,3.0,1.62,1.25,1.08,1.91,1.8,2.2,1.6,4.0,1.22,1.18,1.33,1.91,2.5,1.95,4.6,2.2,2.3,4.33,0,0,1.23,1.44,1.85,2.35,3.25,3.6,2.45,1.95,1.49,1.27,1.47,7.5,3.25,1.6,9.45,2.66,2.8,7.0,1.44,3.0,7.0,15.0,2.62,1.36,1.08,1.02,1.33,2.3,5.0,11.0,3.25,1.57,1.14,1.03,0,0,0,0,3,1,0,1,1,2,1,1652920200,677447,0,61,15,40,0,-1,2,1,1,1,2,2,2,4,2,0,0,0,2,0,1,23,35,81,120,1.09,1.38,2.47,0,0,0,0,0,0,1,1,0,0,0,1,0,0,-1,-1,-1,-1,-1,-1,-1,-1,-1,22,22,29,100,100,22,43,100,86,14.5,5.14,5.57,2.93,/clubs/nashville-sc-mls-677447,teams/usa-nashville-sc-mls.png,Nashville SC,/clubs/montreal-impact-1,teams/canada-montreal-impact.png,Montreal Impact,1.41,2.06,2.0,1.57,1.36,1.82,79,79,72,0,0,86,86,47,1.98,1.33,3.31,/usa/montreal-impact-vs-nashville-sc-mls-h2h-stats#1541170,6969,35,True,True,True,False,False,False,True,"['28', '51']",['55']
MLS,2022,6969,1541171,5,13,2022,complete,83993,0,-1,"['71', '90+2']",['45+3'],2,1,3,3,6,9,1,0,3,2,0,0,2,3,8,9,10,12,1,0,43,57,13967,41087.0,21189,,,3,2,2.7,3.4,2.6,1.06,1.3,1.88,3.25,6.0,8.0,3.4,1.93,1.33,1.11,1.73,2.0,3.25,1.3,3.0,1.35,1.45,1.33,1.45,3.3,2.0,3.1,3.0,2.3,2.8,0,0,1.23,1.44,1.88,2.35,3.25,3.6,2.45,1.93,1.49,1.28,2.06,7.0,2.06,2.02,11.0,1.91,4.6,4.2,1.44,2.75,7.0,15.0,2.62,1.4,1.08,1.02,1.29,2.1,4.33,9.0,3.5,1.67,1.2,1.05,0,0,0,0,3,0,1,2,0,2,1,1652925600,5,0,40,10,20,0,-1,2,1,1,2,2,4,3,6,2,0,1,2,2,3,1,60,34,100,77,1.21,1.22,2.43,1,0,1,0,0,0,1,1,0,0,0,1,0,0,-1,-1,-1,-1,-1,-1,-1,-1,-1,20,40,40,40,70,20,40,60,20,6.0,3.8,5.0,2.2,/clubs/vancouver-whitecaps-fc-5,teams/canada-vancouver-whitecaps-fc.png,Vancouver Whitecaps,/clubs/fc-dallas-13,teams/usa-fc-dallas.png,FC Dallas,1.94,1.06,1.6,1.2,0.8,2.0,80,60,60,60,30,30,20,20,1.64,0.87,2.51,/usa/vancouver-whitecaps-fc-vs-fc-dallas-h2h-stats#1541171,6969,34,True,True,True,False,False,False,True,"['71', '90+2']",['45+3']
MLS,2022,6969,1541172,6490,698284,2022,complete,83993,0,-1,['86'],"['13', '80']",1,2,3,14,1,15,2,2,3,5,0,0,8,2,12,5,20,7,15,20,58,42,7,39588.0,2339,,,3,5,1.51,4.7,5.8,1.02,1.14,1.46,2.25,3.5,13.0,5.0,2.6,1.61,1.29,1.6,2.25,2.55,1.46,7.75,1.07,1.12,1.18,2.6,1.91,2.5,5.0,1.75,2.8,4.8,0,0,1.17,1.27,1.49,1.98,2.4,4.8,3.3,2.35,1.83,1.47,1.25,9.0,4.7,1.42,23.0,2.78,2.8,13.0,1.25,2.05,4.33,9.0,3.75,1.7,1.2,1.05,1.17,1.73,3.25,6.5,4.5,2.0,1.33,1.1,0,0,0,0,3,0,1,1,1,2,1,1652927400,698284,0,74,27,19,0,-1,2,1,7,1,7,0,8,7,2,1,1,4,3,5,1,83,28,127,74,2.42,0.79,3.21,1,0,1,0,0,0,1,1,0,0,2,0,0,0,-1,-1,-1,-1,-1,-1,-1,-1,-1,10,45,74,90,100,45,82,100,55,14.4,3.9,6.17,3.19,/clubs/los-angeles-fc-6490,teams/usa-los-angeles-fc.png,Los Angeles FC,/clubs/austin-fc-698284,teams/usa-austin-fc.png,Austin,2.4,1.44,2.33,1.4,2.09,1.82,90,55,27,10,0,92,72,72,2.16,1.4,3.56,/usa/los-angeles-fc-vs-austin-fc-h2h-stats#1541172,6969,37,True,True,True,False,False,False,True,['86'],"['13', '80']"
MLS,2022,6969,1541173,15,20,2022,complete,83993,0,-1,"['31', '44', '80']","['18', '56']",3,2,5,6,4,10,0,0,2,3,0,0,4,5,12,4,16,9,16,15,61,39,19912,23354.0,42128,,,2,3,2.04,3.6,3.55,1.04,1.25,1.6,2.75,4.75,10.0,3.75,2.25,1.4,1.15,1.67,2.1,3.2,1.31,4.5,1.18,1.3,1.25,1.75,2.6,2.1,3.9,2.25,2.45,3.7,0,0,1.19,1.37,1.66,2.15,2.9,4.0,2.75,2.0,1.58,1.33,1.58,7.5,2.88,1.7,14.5,2.21,3.5,6.5,1.36,2.5,5.5,13.0,3.0,1.5,1.12,1.02,1.22,1.91,4.0,8.0,4.0,1.8,1.22,1.06,0,0,0,0,5,2,1,1,1,2,3,1652927400,15,0,75,17,67,0,-1,2,1,0,1,6,3,1,9,0,1,2,2,1,4,1,58,29,124,80,1.72,1.14,2.85,0,0,0,0,0,0,1,1,0,0,0,0,0,0,-1,-1,-1,-1,-1,-1,-1,-1,-1,33,58,58,83,92,25,75,92,67,10.17,1.66,5.34,3.5,/clubs/san-jose-earthquakes-15,teams/usa-san-jose-earthquakes.png,SJ Earthquakes,/clubs/portland-timbers-20,teams/usa-portland-timbers.png,Portland Timbers,1.59,0.94,1.5,1.0,0.91,1.25,67,42,42,17,9,67,42,33,1.7,0.97,2.67,/usa/san-jose-earthquakes-vs-portland-timbers-h2h-stats#1541173,6969,34,True,True,True,True,True,False,True,"['31', '44', '80']","['18', '56']"
MLS,2022,6969,1541174,9,6490,2022,complete,83993,0,-1,[],"['62', '73']",0,2,2,5,8,13,4,0,0,6,0,0,4,4,10,11,14,15,7,19,65,35,13864,13.0,39588,,,0,6,2.25,3.3,2.85,1.05,1.24,1.67,2.75,5.0,10.0,3.7,2.15,1.39,1.15,1.67,2.15,3.3,1.29,3.8,1.23,1.4,1.34,1.61,2.98,2.36,3.58,2.66,2.63,3.2,0,0,1.24,1.44,1.8,2.3,3.15,3.85,2.65,2.0,1.57,1.33,1.83,8.0,2.2,1.85,12.0,2.1,4.2,5.0,1.35,2.71,6.45,13.0,3.35,1.5,1.11,1.02,1.22,1.99,4.04,9.0,4.3,1.82,1.24,1.05,0,0,0,0,2,0,0,0,2,2,0,1653172200,6490,0,40,10,0,0,19649,2,1,2,2,3,6,4,9,0,2,0,4,2,4,1,74,39,134,78,1.71,1.51,3.21,0,0,0,0,0,0,1,1,0,0,1,0,0,0,-1,-1,-1,-1,-1,-1,-1,-1,-1,10,20,60,90,100,50,100,80,40,9.8,4.2,6.0,2.9,/clubs/columbus-crew-9,teams/usa-columbus-crew.png,Columbus Crew,/clubs/los-angeles-fc-6490,teams/usa-los-angeles-fc.png,Los Angeles FC,1.59,1.53,1.8,1.8,1.18,1.92,90,80,40,10,0,80,50,40,1.88,1.46,3.34,/usa/columbus-crew-vs-los-angeles-fc-h2h-stats#1541174,6969,34,True,True,False,False,False,False,False,[],"['62', '73']"
MLS,2022,6969,1541175,13401,19,2022,complete,83993,0,-1,"['7', '56']","['36', '89']",2,2,4,6,2,8,2,0,4,3,0,0,7,6,11,7,18,13,14,11,49,51,13967,36107.0,211,,,4,3,1.56,4.35,5.29,1.03,1.17,1.52,2.4,3.9,13.0,4.6,2.43,1.53,1.22,1.7,2.1,2.55,1.46,6.5,1.1,1.17,1.23,2.52,2.11,2.62,5.4,1.9,2.95,4.88,0,0,1.26,1.48,1.88,2.43,3.3,3.65,2.55,1.93,1.52,1.3,1.45,9.0,3.3,1.5,13.0,2.8,2.9,10.0,1.29,2.4,5.4,11.0,3.6,1.61,1.15,1.03,1.17,1.81,3.44,7.0,5.1,2.0,1.31,1.08,0,0,0,0,4,1,1,1,1,2,2,1653172200,-1,0,48,32,9,0,12959,2,1,4,1,2,1,5,3,2,2,2,1,4,3,1,48,31,96,101,1.97,1.47,3.44,0,0,0,0,0,0,1,1,1,0,1,0,0,1,-1,-1,-1,-1,-1,-1,-1,-1,-1,23,31,47,85,100,61,85,77,24,9.1,2.24,4.88,3.18,/clubs/dc-united-13401,teams/usa-dc-united.png,DC United,/clubs/toronto-fc-19,teams/canada-toronto-fc.png,Toronto,0.94,0.59,1.29,0.33,1.18,0.92,77,69,54,16,0,60,52,31,1.28,1.16,2.44,/usa/toronto-fc-vs-dc-united-h2h-stats#1541175,6969,34,True,True,True,True,False,False,True,"['7', '56']","['36', '89']"
MLS,2022,6969,1541176,8043,11,2022,complete,83993,0,-1,"['26', '58']","['17', '43', '89']",2,3,5,6,4,10,1,0,1,2,0,0,2,5,8,5,10,10,9,7,53,47,44,40182.0,21032,,,1,2,3.0,3.5,2.27,1.02,1.18,1.59,2.4,4.2,15.0,4.75,2.27,1.55,1.22,1.53,2.42,4.4,1.18,3.6,1.26,1.66,1.31,1.4,3.49,2.5,2.84,3.1,2.79,2.57,0,0,1.2,1.38,1.67,2.12,2.85,4.25,2.9,2.12,1.67,1.38,2.1,8.0,1.91,2.03,17.25,1.79,5.8,4.5,1.29,2.41,5.35,11.0,3.64,1.61,1.16,1.03,1.17,1.8,3.44,7.0,5.15,2.01,1.31,1.08,0,0,0,0,5,1,2,1,1,2,3,1653175200,11,0,80,50,50,0,22844,2,1,4,3,2,1,7,3,1,1,0,1,2,1,1,46,37,119,106,1.12,1.26,2.38,0,0,0,0,0,0,1,1,0,0,0,1,0,1,-1,-1,-1,-1,-1,-1,-1,-1,-1,30,70,80,90,100,50,90,100,60,10.8,3.6,5.4,3.9,/clubs/fc-cincinnati-8043,teams/usa-fc-cincinnati.png,FC Cincinnati,/clubs/new-england-revolution-11,teams/usa-new-england-revolution.png,New England Revolution,1.41,0.88,1.2,0.4,1.58,1.09,70,30,20,10,0,60,60,60,1.93,1.78,3.71,/usa/new-england-revolution-vs-fc-cincinnati-h2h-stats#1541176,6969,34,True,True,True,True,True,False,True,"['26', '58']","['17', '43', '89']"
MLS,2022,6969,1541177,677447,1016,2022,complete,83993,0,-1,"['24', '31']","['26', '88']",2,2,4,5,2,7,4,1,4,1,0,0,5,4,8,10,13,14,11,8,44,56,15,24795.0,40852,,,4,1,2.02,3.3,3.82,1.05,1.4,2.16,4.1,7.8,7.7,2.86,1.65,1.22,1.04,2.05,1.73,2.3,1.55,3.6,1.26,1.26,1.33,1.84,2.77,2.15,4.66,2.41,2.4,4.18,0,0,1.2,1.38,1.67,2.12,2.85,4.25,2.9,2.12,1.67,1.38,1.64,8.5,2.66,1.7,8.9,2.45,3.0,6.0,1.49,3.26,9.0,17.0,2.62,1.34,1.06,1.01,1.31,2.43,5.75,12.0,3.44,1.56,1.14,1.03,0,0,0,0,4,2,1,0,1,1,3,1653175800,-1,0,54,10,44,0,30109,2,1,2,1,3,1,3,4,0,1,4,0,1,4,1,46,40,96,101,1.51,1.46,2.97,0,0,0,0,0,0,1,1,0,0,1,1,0,0,-1,-1,-1,-1,-1,-1,-1,-1,-1,0,0,47,80,100,10,57,90,70,14.33,5.07,4.4,2.27,/clubs/nashville-sc-mls-677447,teams/usa-nashville-sc-mls.png,Nashville SC,/clubs/atlanta-united-fc-1016,teams/usa-atlanta-united-fc.png,Atlanta United FC,1.41,0.65,2.33,0.6,1.5,1.36,100,100,54,20,0,84,84,67,1.68,1.62,3.3,/usa/atlanta-united-fc-vs-nashville-sc-mls-h2h-stats#1541177,6969,34,True,True,True,True,False,False,True,"['24', '31']","['26', '88']"
MLS,2022,6969,1541178,1,14,2022,complete,83993,0,-1,['1'],"['54', '66']",1,2,3,5,5,10,2,4,1,2,0,0,5,4,4,10,9,14,8,17,56,44,13851,39282.0,8,,,1,2,1.8,3.4,4.33,1.06,1.33,1.91,3.4,6.0,8.0,3.25,1.8,1.3,1.11,1.85,1.85,2.35,1.53,4.4,1.18,1.18,1.3,1.95,2.5,2.0,4.5,2.1,2.38,4.5,0,0,1.2,1.38,1.67,2.12,2.85,4.25,2.9,2.12,1.67,1.38,1.37,8.0,3.75,1.59,11.25,2.58,2.75,7.5,1.44,3.0,7.0,15.0,2.62,1.36,1.08,1.02,1.29,2.2,4.5,10.0,3.5,1.62,1.17,1.04,0,0,0,0,3,1,0,0,2,2,1,1653249600,14,0,65,0,45,0,-1,2,1,2,4,3,1,6,4,0,0,1,2,0,3,1,31,39,88,75,1.15,1.44,2.59,0,0,0,0,0,0,1,1,1,0,0,1,0,0,-1,-1,-1,-1,-1,-1,-1,-1,-1,27,27,65,79,86,7,72,86,72,10.54,2.71,5.54,2.9,/clubs/montreal-impact-1,teams/canada-montreal-impact.png,Montreal Impact,/clubs/real-salt-lake-14,teams/usa-real-salt-lake.png,Real Salt Lake,1.74,0.89,2.25,0.86,1.67,1.58,73,73,36,22,15,68,48,34,1.76,1.08,2.84,/usa/montreal-impact-vs-real-salt-lake-h2h-stats#1541178,6969,35,True,True,True,False,False,False,True,['1'],"['54', '66']"
MLS,2022,6969,1541179,711351,5,2022,complete,83993,0,-1,"['8', '85']",['2'],2,1,3,8,1,9,1,1,1,0,0,0,5,5,11,6,16,11,16,3,64,36,20,13343.0,41087,,,1,0,1.8,3.4,4.2,1.06,1.3,1.87,3.25,6.0,8.0,3.4,1.83,1.33,1.11,1.8,1.91,2.4,1.5,4.4,1.19,1.2,1.3,1.91,2.6,2.0,4.2,2.15,2.38,4.2,0,0,1.22,1.42,1.74,2.23,3.0,4.0,2.75,2.02,1.61,1.35,1.42,8.0,3.5,1.59,12.0,2.53,2.9,7.5,1.44,2.75,7.0,15.0,2.62,1.4,1.08,1.02,1.29,2.1,4.5,10.0,3.5,1.67,1.17,1.04,0,0,0,0,3,1,1,1,0,1,2,1653253200,711351,0,39,20,19,0,-1,2,1,5,0,3,1,5,4,0,0,1,0,0,1,1,51,27,92,88,1.73,1.25,2.97,0,0,0,0,0,0,1,1,1,1,0,0,0,0,-1,-1,-1,-1,-1,-1,-1,-1,-1,0,29,59,75,100,40,84,92,29,11.47,2.4,4.8,2.62,/clubs/charlotte-fc-711351,teams/usa-charlotte-fc.png,Charlotte,/clubs/vancouver-whitecaps-fc-5,teams/canada-vancouver-whitecaps-fc.png,Vancouver Whitecaps,1.82,0.59,2.0,0.0,1.08,1.0,100,72,42,25,0,72,72,45,1.43,1.02,2.45,/usa/vancouver-whitecaps-fc-vs-charlotte-fc-h2h-stats#1541179,6969,34,True,True,True,False,False,False,True,"['8', '85']",['2']
MLS,2022,6969,1541180,2,7,2022,complete,83993,0,-1,['23'],[],1,0,1,5,5,10,4,4,3,1,0,0,4,2,12,10,16,12,13,12,62,38,24,762.0,10695,,,3,1,1.44,4.2,6.5,1.05,1.22,1.7,2.75,4.75,9.0,4.0,2.05,1.4,1.15,1.91,1.8,1.88,1.82,6.25,1.1,1.08,1.18,3.1,1.91,2.25,6.5,1.75,2.6,6.0,0,0,1.24,1.44,1.8,2.3,3.1,3.85,2.65,2.0,1.57,1.33,1.21,9.5,5.4,1.34,14.5,3.47,2.25,13.0,1.36,2.62,6.0,13.0,3.0,1.44,1.11,1.02,1.25,2.05,4.0,9.0,3.75,1.7,1.22,1.05,0,0,0,0,1,1,0,0,0,0,1,1653253200,2,0,31,24,23,0,-1,2,1,3,3,2,2,6,4,0,0,3,1,0,4,1,36,49,99,105,1.55,1.26,2.81,1,0,1,0,0,0,1,1,0,0,0,0,0,0,-1,-1,-1,-1,-1,-1,-1,-1,-1,38,38,54,77,85,45,61,77,45,9.6,3.97,5.43,3.35,/clubs/new-york-city-fc-2,teams/usa-new-york-city-fc.png,New York City,/clubs/chicago-fire-7,teams/usa-chicago-fire.png,Chicago Fire,2.06,0.94,2.29,0.83,1.82,0.92,62,62,47,24,16,61,52,44,2.2,1.36,3.56,/usa/new-york-city-fc-vs-chicago-fire-h2h-stats#1541180,6969,34,True,False,False,False,False,False,False,['23'],[]
MLS,2022,6969,1541181,677446,4,2022,complete,83993,0,-1,"['29', '88']",[],2,0,2,8,10,18,1,0,2,3,0,0,5,4,6,10,11,14,10,13,46,54,7,28121.0,11574,,,2,3,3.4,3.3,2.0,1.06,1.29,1.83,3.0,5.5,8.0,3.5,1.87,1.36,1.12,1.73,2.0,4.1,1.21,2.7,1.42,1.91,1.29,1.26,4.8,2.29,2.54,3.75,2.38,2.3,0,0,1.3,1.56,2.0,2.63,3.65,3.3,2.33,1.8,1.45,1.26,2.4,7.0,1.8,2.35,12.0,1.67,6.0,3.5,1.41,3.01,6.5,15.0,3.03,1.42,1.1,1.02,1.25,2.05,4.33,9.0,3.75,1.7,1.2,1.05,0,0,0,0,2,1,0,1,0,1,1,1653256800,677446,0,67,34,33,0,-1,2,1,3,3,5,7,6,12,1,0,1,3,1,4,1,36,65,91,128,1.31,1.64,2.95,0,0,0,0,0,0,1,1,0,0,1,2,0,0,-1,-1,-1,-1,-1,-1,-1,-1,-1,17,42,67,83,92,34,67,83,50,8.83,2.66,6.83,3.0,/clubs/club-internacional-de-futbol-miami-677446,teams/usa-club-internacional-de-futbol-miami.png,Inter Miami,/clubs/new-york-red-bulls-4,teams/usa-new-york-red-bulls.png,New York RB,1.94,1.76,1.33,2.67,1.0,1.67,83,59,33,17,9,67,58,34,1.38,1.7,3.08,/usa/new-york-red-bulls-vs-club-internacional-de-futbol-miami-h2h-stats#1541181,6969,35,True,True,False,False,False,False,False,"['29', '88']",[]
MLS,2022,6969,1541182,13,1015,2022,complete,83993,0,-1,['59'],"['20', '55']",1,2,3,6,6,12,0,1,1,5,0,0,3,4,15,2,18,6,18,12,68,32,19912,21189.0,5,,,1,5,1.67,3.6,4.8,1.05,1.25,1.8,3.0,5.0,9.0,3.75,1.91,1.36,1.14,1.8,1.91,2.35,1.53,5.0,1.15,1.15,1.29,2.1,2.3,2.05,4.8,1.95,2.45,5.0,0,0,1.24,1.44,1.8,2.3,3.1,3.85,2.65,2.0,1.57,1.33,1.34,8.5,4.0,1.51,13.75,2.67,2.7,8.5,1.4,2.62,6.0,13.0,2.75,1.44,1.11,1.02,1.25,2.05,4.33,9.0,3.75,1.7,1.2,1.05,0,0,0,0,3,0,1,1,1,2,1,1653260400,1015,0,54,27,9,0,-1,2,1,4,3,2,3,7,5,1,3,0,2,4,2,1,57,35,118,91,1.76,0.92,2.68,0,0,0,0,0,0,1,1,0,0,2,0,0,0,-1,-1,-1,-1,-1,-1,-1,-1,-1,9,27,35,80,100,35,54,82,62,10.47,3.2,4.77,2.5,/clubs/fc-dallas-13,teams/usa-fc-dallas.png,FC Dallas,/clubs/minnesota-united-fc-1015,teams/usa-minnesota-united-fc.png,Minnesota United,1.94,1.11,2.67,0.8,1.83,1.25,92,74,65,20,0,65,65,55,1.52,1.11,2.63,/usa/fc-dallas-vs-minnesota-united-fc-h2h-stats#1541182,6969,35,True,True,True,False,False,False,True,['59'],"['20', '55']"
MLS,2022,6969,1541183,15,8,2022,complete,83993,0,-1,['46'],['45'],1,1,2,4,4,8,3,0,1,2,0,0,5,2,13,4,18,6,11,7,63,37,84,23354.0,18,,,1,2,2.0,3.4,3.4,1.05,1.29,1.75,3.0,5.5,9.0,3.5,1.95,1.36,1.12,1.67,2.1,2.95,1.36,4.1,1.21,1.29,1.33,1.67,2.6,2.05,3.9,2.6,2.3,3.3,0,0,1.36,1.65,2.12,2.88,4.1,3.0,2.16,1.67,1.38,1.22,1.54,7.0,3.05,1.74,13.0,2.19,3.5,6.5,1.4,2.62,6.0,13.0,2.75,1.44,1.11,1.02,1.25,2.0,4.33,9.0,3.75,1.73,1.2,1.05,0,0,0,0,2,0,1,1,0,1,1,1653262200,-1,0,72,29,65,0,-1,2,1,4,3,0,1,7,1,0,0,1,2,0,3,1,38,34,128,77,1.77,0.77,2.54,0,0,0,0,0,0,1,1,0,0,0,0,0,0,-1,-1,-1,-1,-1,-1,-1,-1,-1,29,72,72,79,93,36,79,93,72,9.43,1.85,4.14,3.93,/clubs/san-jose-earthquakes-15,teams/usa-san-jose-earthquakes.png,SJ Earthquakes,/clubs/sporting-kansas-city-8,teams/usa-sporting-kansas-city.png,Sporting KC,1.59,0.65,1.71,0.14,1.08,0.92,72,29,29,22,7,50,36,22,1.7,1.18,2.88,/usa/sporting-kansas-city-vs-san-jose-earthquakes-h2h-stats#1541183,6969,34,True,True,False,False,False,False,True,['46'],['45']
MLS,2022,6969,1541184,698284,17,2022,complete,83993,0,-1,"['63', '90+5']","['2', '22']",2,2,4,10,2,12,0,1,0,4,0,2,5,5,18,7,23,12,1,0,71,29,13893,2339.0,21031,,,0,7,2.05,3.5,3.2,1.04,1.22,1.61,2.85,5.0,13.0,4.2,2.15,1.44,1.16,1.62,2.25,3.1,1.32,4.33,1.19,1.33,1.25,1.75,2.75,2.2,3.75,2.4,2.65,3.5,0,0,1.22,1.42,1.74,2.23,3.0,4.0,2.75,2.02,1.61,1.35,1.58,7.5,2.88,1.73,14.5,2.17,4.2,5.8,1.36,2.55,6.0,17.0,3.2,1.47,1.11,1.02,1.18,1.9,3.75,8.5,4.5,1.83,1.25,1.05,0,0,0,0,4,0,2,2,0,2,2,1653264000,-1,0,33,0,25,0,20738,2,1,4,1,6,1,5,7,0,0,0,6,0,6,1,77,24,119,61,2.35,1.28,3.63,1,0,1,0,0,0,1,1,0,1,1,0,0,0,-1,-1,-1,-1,-1,-1,-1,-1,-1,25,25,34,59,92,25,67,75,33,8.5,3.33,4.33,2.42,/clubs/austin-fc-698284,teams/usa-austin-fc.png,Austin,/clubs/orlando-city-sc-17,teams/usa-orlando-city-sc.png,Orlando City,1.79,1.17,2.17,1.83,1.92,1.67,75,75,67,42,9,50,34,34,1.54,0.96,2.5,/usa/orlando-city-sc-vs-austin-fc-h2h-stats#1541184,6969,35,True,True,True,True,False,False,True,"['63', '90+5']","['2', '22']"
MLS,2022,6969,1541185,12,18,2022,complete,83993,0,-1,['50'],[],1,0,1,4,2,6,2,0,2,2,0,0,4,2,14,6,18,8,12,10,40,60,13841,11434.0,25,,,2,2,1.73,3.4,4.5,1.04,1.28,1.91,3.25,6.0,12.0,3.6,1.8,1.33,1.12,1.75,2.0,2.45,1.49,4.6,1.18,1.22,1.22,2.0,2.5,2.2,4.5,2.2,2.6,4.2,0,0,1.22,1.42,1.74,2.23,3.0,4.0,2.75,2.02,1.61,1.35,1.42,8.0,3.5,1.57,11.0,2.7,2.9,7.5,1.38,2.8,7.0,23.0,3.0,1.42,1.09,1.02,1.22,2.05,4.5,10.0,4.0,1.72,1.18,1.03,0,0,0,0,1,0,0,1,0,1,0,1653264000,12,0,34,9,17,0,14923,2,1,2,0,2,2,2,4,0,1,2,1,1,3,1,29,41,78,114,1.62,0.96,2.58,0,0,0,0,0,0,1,1,0,0,0,0,0,0,-1,-1,-1,-1,-1,-1,-1,-1,-1,9,9,25,75,92,17,75,75,34,8.33,3.33,4.5,2.25,/clubs/colorado-rapids-12,teams/usa-colorado-rapids.png,Colorado Rapids,/clubs/seattle-sounders-fc-18,teams/usa-seattle-sounders-fc.png,Seattle Sounders,2.06,0.65,2.33,1.17,1.25,1.3,92,92,75,25,9,75,59,50,1.46,1.2,2.66,/usa/colorado-rapids-vs-seattle-sounders-fc-h2h-stats#1541185,6969,34,True,False,False,False,False,False,False,['50'],[]
MLS,2022,6969,1541186,10,6,2022,complete,83993,0,-1,[],"['11', '58', '62']",0,3,3,11,0,11,1,0,1,4,0,0,3,7,13,6,16,13,9,13,73,27,42,2.0,10669,,,1,4,1.67,3.6,4.75,1.05,1.3,1.8,3.4,6.5,11.0,3.5,1.91,1.33,1.11,1.83,1.95,2.35,1.53,4.5,1.18,1.2,1.22,2.05,2.4,2.2,4.75,2.15,2.6,4.33,0,0,1.17,1.3,1.56,1.98,2.55,4.8,3.25,2.33,1.83,1.47,1.36,8.5,3.8,1.56,11.75,2.62,2.7,8.0,1.4,2.85,7.0,23.0,2.95,1.4,1.08,1.02,1.22,2.1,4.5,10.0,4.0,1.68,1.18,1.03,0,0,0,0,3,0,1,0,2,2,1,1653264000,6,0,45,0,13,0,22471,2,1,7,0,4,0,7,4,0,1,1,3,1,4,1,86,15,152,61,1.85,1.42,3.27,0,0,0,0,0,0,1,1,0,0,0,0,0,0,-1,-1,-1,-1,-1,-1,-1,-1,-1,0,23,45,58,100,33,55,78,25,9.25,1.75,5.65,2.25,/clubs/la-galaxy-10,teams/usa-la-galaxy.png,LA Galaxy,/clubs/houston-dynamo-6,teams/usa-houston-dynamo.png,Houston Dynamo,1.72,0.76,1.8,0.75,1.67,1.25,100,78,55,43,0,78,68,43,1.61,0.93,2.54,/usa/houston-dynamo-vs-la-galaxy-h2h-stats#1541186,6969,34,True,True,True,False,False,False,False,[],"['11', '58', '62']"
MLS,2022,6969,1541187,20,16,2022,complete,83993,0,-1,[],"['5', '48']",0,2,2,11,5,16,1,2,1,3,0,0,3,3,11,8,14,11,12,20,66,34,3,42128.0,12,,,1,3,2.3,3.25,2.87,1.05,1.3,1.83,3.3,6.5,11.0,3.5,1.87,1.33,1.11,1.72,2.1,3.2,1.31,3.5,1.26,1.45,1.25,1.55,3.1,2.15,3.4,2.8,2.5,3.1,0,0,1.18,1.34,1.61,2.02,2.7,4.5,3.1,2.23,1.74,1.43,1.86,7.5,2.28,1.89,12.0,2.01,4.4,4.8,1.4,2.85,7.0,23.0,3.0,1.4,1.08,1.02,1.22,2.1,4.5,10.0,4.0,1.7,1.18,1.03,0,0,0,0,2,0,1,0,1,1,1,1653271200,16,0,74,10,54,0,22288,2,1,3,3,8,2,6,10,1,1,0,2,2,2,1,73,51,140,79,1.63,1.27,2.9,0,0,0,0,0,0,1,1,0,1,1,1,0,0,-1,-1,-1,-1,-1,-1,-1,-1,-1,9,35,55,84,92,29,65,82,64,7.9,2.77,6.23,3.07,/clubs/portland-timbers-20,teams/usa-portland-timbers.png,Portland Timbers,/clubs/philadelphia-union-16,teams/usa-philadelphia-union.png,Philadelphia Union,1.76,1.5,1.5,1.6,1.15,1.75,92,65,45,17,9,74,65,57,1.46,1.35,2.81,/usa/philadelphia-union-vs-portland-timbers-h2h-stats#1541187,6969,34,True,True,False,False,False,False,False,[],"['5', '48']"
MLS,2022,6969,1541188,6490,15,2022,complete,83993,0,-1,"['7', '13', '47']","['16', '31']",3,2,5,6,6,12,1,3,4,1,0,0,10,3,5,7,15,10,18,9,45,55,31,39588.0,23354,,,4,1,1.41,4.73,6.81,1.02,1.2,1.57,2.38,4.0,12.0,4.33,2.35,1.53,1.22,1.83,1.93,2.3,1.55,7.0,1.09,1.11,1.19,2.81,1.94,2.57,6.0,1.76,3.08,5.6,0,0,1.21,1.43,1.77,2.25,2.98,3.92,2.74,2.05,1.62,1.34,1.24,9.0,5.0,1.38,19.75,2.99,2.5,12.0,1.29,2.32,5.3,11.0,3.64,1.61,1.16,1.03,1.16,1.8,3.44,7.0,5.2,2.01,1.31,1.08,0,0,0,0,5,2,2,1,0,1,4,1653775200,6490,0,56,25,35,0,-1,2,1,2,4,4,2,6,6,1,1,3,0,2,3,1,54,55,100,100,2.04,1.25,3.28,1,0,1,0,0,0,1,1,1,0,0,0,0,0,-1,-1,-1,-1,-1,-1,-1,-1,-1,20,42,66,90,100,32,73,90,59,13.91,1.97,4.29,3.47,/clubs/los-angeles-fc-6490,teams/usa-los-angeles-fc.png,Los Angeles FC,/clubs/san-jose-earthquakes-15,teams/usa-san-jose-earthquakes.png,SJ Earthquakes,2.4,0.47,2.0,0.2,2.0,1.08,80,59,35,10,0,53,53,53,2.19,1.44,3.63,/usa/san-jose-earthquakes-vs-los-angeles-fc-h2h-stats#1541188,6969,34,True,True,True,True,True,False,True,"['7', '13', '47']","['16', '31']"
MLS,2022,6969,1541189,10,698284,2022,complete,83993,0,-1,"['61', '64', '88', '90']",['53'],4,1,5,7,4,11,0,4,2,0,0,0,9,4,8,9,17,13,10,7,44,56,69,2.0,2339,,,2,0,1.8,3.9,3.85,1.02,1.2,1.57,2.54,4.52,15.0,4.84,2.25,1.55,1.22,1.6,2.27,2.9,1.36,5.25,1.14,1.25,1.25,2.06,2.34,2.42,4.36,2.12,2.84,4.06,0,0,1.17,1.32,1.63,1.9,2.48,4.8,3.1,2.25,1.83,1.53,1.57,8.5,2.7,1.58,18.5,2.37,3.4,7.5,1.3,2.36,5.5,11.0,3.52,1.59,1.15,1.03,1.17,1.83,3.52,7.0,5.05,1.98,1.3,1.08,0,0,0,0,5,0,0,4,1,5,0,1653861600,10,0,58,9,17,0,-1,2,1,4,2,3,2,6,5,0,0,2,0,0,2,1,39,70,84,100,1.98,1.61,3.59,1,0,0,0,1,0,1,1,0,0,2,1,0,0,-1,-1,-1,-1,-1,-1,-1,-1,-1,9,25,67,67,100,33,75,92,42,12.34,3.33,6.34,2.67,/clubs/la-galaxy-10,teams/usa-la-galaxy.png,LA Galaxy,/clubs/austin-fc-698284,teams/usa-austin-fc.png,Austin,1.72,1.44,1.5,1.67,1.54,1.85,92,75,34,34,0,92,67,67,1.65,1.3,2.95,/usa/la-galaxy-vs-austin-fc-h2h-stats#1541189,6969,36,True,True,True,True,True,False,True,"['61', '64', '88', '90']",['53']
MLS,2022,6969,1541190,1016,9,2022,complete,83993,0,-1,['90+1'],"['1', '45']",1,2,3,9,7,16,1,2,4,1,1,0,9,3,12,6,21,9,18,7,70,30,13893,40852.0,13,,,6,1,1.91,3.6,3.79,1.05,1.3,1.9,3.25,5.5,9.0,3.4,1.84,1.33,1.12,1.81,1.95,2.5,1.47,4.2,1.2,1.27,1.29,1.89,2.55,2.2,4.48,2.32,2.56,4.02,0,0,1.22,1.45,1.81,2.3,3.04,3.8,2.69,2.0,1.59,1.33,1.47,7.5,3.25,1.65,12.0,2.39,3.2,6.5,1.4,2.83,7.3,15.0,2.95,1.43,1.09,1.02,1.25,2.15,4.7,10.0,3.94,1.7,1.19,1.04,0,0,0,0,3,0,2,1,0,1,2,1653778800,9,0,67,34,50,0,-1,2,1,5,4,4,3,9,7,2,0,3,1,2,4,1,70,33,135,76,2.46,1.02,3.48,0,0,0,0,0,0,1,1,0,1,3,1,0,0,-1,-1,-1,-1,-1,-1,-1,-1,-1,25,50,58,75,83,42,67,75,59,12.17,5.5,4.33,3.09,/clubs/atlanta-united-fc-1016,teams/usa-atlanta-united-fc.png,Atlanta United FC,/clubs/columbus-crew-9,teams/usa-columbus-crew.png,Columbus Crew,1.71,1.12,2.0,0.67,1.33,1.08,75,50,42,25,17,59,59,59,1.8,1.29,3.09,/usa/columbus-crew-vs-atlanta-united-fc-h2h-stats#1541190,6969,34,True,True,True,False,False,False,True,['90+1'],"['1', '45']"
MLS,2022,6969,1541191,4,13401,2022,complete,83993,0,-1,"['54', '58', '63', '90']",['87'],4,1,5,11,1,12,2,1,2,2,0,0,6,1,8,4,14,5,8,12,53,47,3,11574.0,36107,,,2,2,1.61,4.0,5.21,1.04,1.25,1.73,2.75,5.0,10.0,3.75,2.1,1.4,1.14,1.8,1.96,2.37,1.52,5.25,1.14,1.18,1.25,2.26,2.22,2.35,5.1,2.0,2.77,4.8,0,0,1.26,1.5,1.9,2.46,3.34,3.48,2.52,1.9,1.52,1.28,1.34,8.0,4.0,1.5,14.0,2.72,2.8,8.0,1.35,2.59,6.35,13.0,3.2,1.5,1.12,1.02,1.21,1.98,4.04,9.0,4.44,1.83,1.24,1.05,0,0,0,0,5,0,0,4,1,5,0,1653778800,4,0,59,34,25,0,-1,2,1,6,1,5,0,7,5,0,2,2,0,2,2,1,48,26,129,81,1.66,0.59,2.25,0,0,0,0,0,0,1,1,0,0,0,0,0,0,-1,-1,-1,-1,-1,-1,-1,-1,-1,9,21,54,71,92,46,54,92,34,8.5,2.67,5.42,2.54,/clubs/new-york-red-bulls-4,teams/usa-new-york-red-bulls.png,New York RB,/clubs/dc-united-13401,teams/usa-dc-united.png,DC United,1.28,0.65,0.67,1.0,1.54,1.17,92,79,46,29,9,29,21,13,1.67,1.25,2.92,/usa/new-york-red-bulls-vs-dc-united-h2h-stats#1541191,6969,34,True,True,True,True,True,False,True,"['54', '58', '63', '90']",['87']
MLS,2022,6969,1541192,19,7,2022,complete,83993,0,-1,"['13', '71', '78']","['52', '66']",3,2,5,1,8,9,0,7,3,3,0,0,4,8,1,24,5,32,5,9,38,62,5016,211.0,10695,,,3,3,2.51,3.5,2.62,1.04,1.25,1.67,2.75,5.0,10.0,3.75,2.2,1.4,1.14,1.63,2.22,3.6,1.26,3.7,1.25,1.5,1.3,1.53,3.1,2.26,3.24,2.82,2.63,2.95,0,0,1.26,1.5,1.89,2.44,3.3,3.48,2.52,1.91,1.53,1.29,1.79,7.0,2.4,1.9,14.0,1.95,4.6,4.8,1.35,2.59,6.35,13.0,3.2,1.5,1.12,1.02,1.21,1.99,4.04,8.0,4.44,1.82,1.24,1.06,0,0,0,0,5,1,0,2,2,4,1,1653778800,19,0,56,40,16,0,-1,2,1,1,2,0,6,3,6,1,0,2,3,1,5,1,26,95,79,136,0.8,3.25,4.05,1,0,1,0,0,0,1,1,0,0,0,0,0,0,-1,-1,-1,-1,-1,-1,-1,-1,-1,23,23,63,70,93,48,70,77,23,8.43,3.31,4.54,2.79,/clubs/toronto-fc-19,teams/canada-toronto-fc.png,Toronto,/clubs/chicago-fire-7,teams/usa-chicago-fire.png,Chicago Fire,1.41,0.94,1.5,0.71,0.92,0.85,77,77,37,30,7,70,55,41,1.15,1.35,2.5,/usa/chicago-fire-vs-toronto-fc-h2h-stats#1541192,6969,34,True,True,True,True,True,False,True,"['13', '71', '78']","['52', '66']"
MLS,2022,6969,1541193,1,8043,2022,complete,83993,0,-1,"['21', '45+4', '46', '59']","['12', '52', '63']",4,3,7,5,7,12,0,2,3,2,0,0,5,6,4,7,9,13,12,13,51,49,24,39282.0,40182,,,3,2,1.65,4.21,4.52,1.03,1.2,1.61,2.5,4.33,11.0,4.33,2.25,1.5,1.2,1.66,2.16,2.6,1.44,5.5,1.13,1.19,1.23,2.24,2.21,2.44,4.82,2.0,2.88,4.5,0,0,1.22,1.45,1.81,2.3,3.04,3.8,2.69,2.0,1.59,1.33,1.34,8.5,4.0,1.51,17.5,2.56,2.9,8.5,1.3,2.38,5.55,15.0,3.52,1.58,1.15,1.03,1.18,1.84,3.6,8.0,5.0,1.97,1.29,1.08,0,0,0,0,7,2,1,2,2,4,3,1653780600,1,0,72,7,45,0,-1,2,1,4,2,1,5,6,6,0,0,3,2,0,5,1,50,40,104,110,1.29,1.54,2.83,1,0,1,0,0,0,1,1,0,0,0,0,0,0,-1,-1,-1,-1,-1,-1,-1,-1,-1,17,17,79,86,93,15,86,93,72,9.34,3.06,5.37,2.92,/clubs/montreal-impact-1,teams/canada-montreal-impact.png,Montreal Impact,/clubs/fc-cincinnati-8043,teams/usa-fc-cincinnati.png,FC Cincinnati,1.74,1.47,1.8,1.86,1.54,1.46,83,83,22,15,7,66,49,39,1.64,1.2,2.84,/usa/montreal-impact-vs-fc-cincinnati-h2h-stats#1541193,6969,36,True,True,True,True,True,True,True,"['21', '45+4', '46', '59']","['12', '52', '63']"
MLS,2022,6969,1541194,11,16,2022,complete,83993,0,-1,['75'],['77'],1,1,2,11,5,16,1,0,1,3,0,0,2,2,19,3,21,5,5,13,59,41,13889,21032.0,12,,,1,3,2.02,3.68,3.34,1.05,1.29,1.78,3.0,5.0,9.0,3.5,1.97,1.36,1.14,1.73,2.06,2.85,1.38,4.2,1.2,1.31,1.3,1.8,2.63,2.23,4.14,2.4,2.6,3.72,0,0,1.17,1.31,1.58,1.98,2.57,4.8,3.14,2.32,1.83,1.48,1.5,8.0,3.1,1.7,13.25,2.25,3.4,6.0,1.38,2.72,6.85,21.0,3.04,1.46,1.1,1.02,1.23,2.06,4.4,11.0,4.2,1.76,1.21,1.05,0,0,0,0,2,0,0,1,1,2,0,1653780600,-1,0,59,9,42,0,-1,2,1,9,2,2,3,11,5,0,0,1,3,0,4,1,74,43,91,92,1.99,0.78,2.77,1,0,1,0,0,0,1,1,0,0,0,2,0,0,-1,-1,-1,-1,-1,-1,-1,-1,-1,9,25,50,84,100,17,83,83,50,10.17,2.5,4.5,2.67,/clubs/new-england-revolution-11,teams/usa-new-england-revolution.png,New England Revolution,/clubs/philadelphia-union-16,teams/usa-philadelphia-union.png,Philadelphia Union,1.59,1.5,1.67,1.83,1.25,1.85,92,75,50,17,0,67,58,58,1.6,1.33,2.93,/usa/new-england-revolution-vs-philadelphia-union-h2h-stats#1541194,6969,34,True,True,False,False,False,False,True,['75'],['77']
MLS,2022,6969,1541195,17,13,2022,complete,83993,0,-1,['45+3'],"['67', '70', '84']",1,3,4,7,3,10,1,1,1,4,0,0,4,7,10,6,14,13,7,24,49,51,42,21031.0,21189,,,1,4,1.94,3.65,3.63,1.05,1.29,1.8,3.0,5.0,9.0,3.5,1.94,1.36,1.14,1.72,2.07,2.8,1.39,4.1,1.21,1.31,1.3,1.79,2.63,2.23,4.14,2.42,2.59,3.68,0,0,1.29,1.55,1.98,2.57,3.48,3.3,2.39,1.83,1.48,1.26,1.54,7.5,3.05,1.7,12.75,2.27,3.6,6.0,1.38,2.72,6.85,15.0,3.04,1.46,1.1,1.02,1.23,2.06,4.4,9.0,4.2,1.76,1.21,1.05,0,0,0,0,4,1,0,0,3,3,1,1653780600,13,0,50,25,0,0,-1,2,1,5,0,2,3,5,5,1,1,0,3,2,3,1,48,40,96,93,1.51,1.6,3.12,0,0,0,0,0,0,1,1,0,0,1,0,0,0,-1,-1,-1,-1,-1,-1,-1,-1,-1,9,25,59,67,84,42,67,75,34,7.0,3.34,5.16,2.5,/clubs/orlando-city-sc-17,teams/usa-orlando-city-sc.png,Orlando City,/clubs/fc-dallas-13,teams/usa-fc-dallas.png,FC Dallas,1.59,1.06,1.5,1.0,1.62,1.69,92,75,42,34,17,50,17,9,1.39,0.92,2.31,/usa/fc-dallas-vs-orlando-city-sc-h2h-stats#1541195,6969,35,True,True,True,True,False,False,True,['45+3'],"['67', '70', '84']"
MLS,2022,6969,1541196,677446,20,2022,complete,83993,0,-1,"['27', '59']",['78'],2,1,3,9,8,17,3,0,3,3,0,0,6,6,9,13,15,19,6,10,53,47,11,28121.0,42128,,,3,3,2.3,3.46,2.93,1.04,1.3,1.84,3.3,6.5,12.0,3.5,1.9,1.33,1.11,1.72,2.1,3.1,1.33,3.6,1.25,1.42,1.25,1.6,3.0,2.2,3.5,2.75,2.5,3.2,0,0,1.23,1.46,1.83,2.32,3.1,3.72,2.64,1.98,1.58,1.32,1.72,7.0,2.55,1.83,11.75,2.09,3.8,5.0,1.4,2.8,7.0,23.0,3.0,1.4,1.08,1.02,1.22,2.1,4.5,10.0,4.0,1.68,1.18,1.03,0,0,0,0,3,1,0,1,1,2,1,1653782400,677446,0,64,29,43,0,11161,2,1,7,4,2,4,11,6,1,2,2,1,3,3,1,36,52,66,93,1.62,1.99,3.61,0,0,0,0,0,0,1,1,0,0,3,1,0,0,-1,-1,-1,-1,-1,-1,-1,-1,-1,29,43,50,86,86,36,71,86,43,8.0,2.0,6.28,2.93,/clubs/club-internacional-de-futbol-miami-677446,teams/usa-club-internacional-de-futbol-miami.png,Inter Miami,/clubs/portland-timbers-20,teams/usa-portland-timbers.png,Portland Timbers,1.94,0.94,1.57,0.86,1.15,1.07,72,57,50,14,14,57,43,29,1.37,0.99,2.36,/usa/portland-timbers-vs-club-internacional-de-futbol-miami-h2h-stats#1541196,6969,34,True,True,True,False,False,False,True,"['27', '59']",['78']
MLS,2022,6969,1541197,1015,2,2022,complete,83993,0,-1,[],['29'],0,1,1,9,8,17,2,0,4,1,0,0,6,5,7,10,13,15,12,10,45,55,13942,5.0,762,,,4,1,2.8,3.56,2.34,1.03,1.2,1.61,2.65,4.75,15.0,4.33,2.25,1.47,1.18,1.58,2.38,4.5,1.18,3.2,1.31,1.75,1.28,1.35,3.74,2.34,2.63,3.4,2.72,2.42,0,0,1.21,1.43,1.77,2.24,2.98,3.92,2.74,2.05,1.62,1.34,2.28,7.0,1.87,2.3,12.0,1.8,5.8,4.0,1.33,2.45,5.5,15.0,3.3,1.52,1.12,1.02,1.17,1.83,3.6,8.0,4.75,1.9,1.25,1.06,0,0,0,0,1,0,1,0,0,0,1,1653782400,2,0,41,7,15,0,-1,2,1,3,5,6,3,8,9,4,0,0,1,4,1,1,58,38,108,102,1.66,1.58,3.24,0,0,0,0,0,0,1,1,0,0,0,0,0,0,-1,-1,-1,-1,-1,-1,-1,-1,-1,0,7,34,61,88,32,54,68,29,12.25,2.54,4.5,1.9,/clubs/minnesota-united-fc-1015,teams/usa-minnesota-united-fc.png,Minnesota United,/clubs/new-york-city-fc-2,teams/usa-new-york-city-fc.png,New York City,1.71,1.26,1.57,1.0,1.38,1.92,100,93,66,40,13,93,73,54,1.66,1.64,3.3,/usa/new-york-city-fc-vs-minnesota-united-fc-h2h-stats#1541197,6969,35,True,False,False,False,False,False,False,[],['29']
MLS,2022,6969,1541198,12,677447,2022,complete,83993,0,-1,['78'],"['8', '14', '17']",1,3,4,6,1,7,2,0,3,2,0,0,5,6,8,2,13,8,10,10,65,35,20,11434.0,24795,,,3,2,2.0,3.35,3.77,1.06,1.36,2.0,3.75,7.5,9.5,3.2,1.8,1.28,1.08,1.85,1.9,2.45,1.49,3.75,1.24,1.28,1.28,1.78,2.75,2.1,4.2,2.5,2.45,3.75,0,0,1.23,1.46,1.83,2.34,3.1,3.72,2.64,1.98,1.57,1.32,1.53,7.5,3.05,1.73,8.5,2.5,3.25,5.8,1.45,3.0,8.0,15.0,2.75,1.36,1.07,1.02,1.25,2.25,5.0,11.0,3.75,1.62,1.15,1.02,0,0,0,0,4,0,3,1,0,1,3,1653786000,677447,0,29,6,6,0,-1,2,1,1,1,5,0,2,5,2,1,1,1,3,2,1,49,21,128,71,1.54,1.08,2.62,0,0,0,0,0,0,1,1,0,1,0,0,0,0,-1,-1,-1,-1,-1,-1,-1,-1,-1,0,6,24,69,93,13,69,80,24,8.27,3.89,4.9,1.91,/clubs/colorado-rapids-12,teams/usa-colorado-rapids.png,Colorado Rapids,/clubs/nashville-sc-mls-677447,teams/usa-nashville-sc-mls.png,Nashville SC,2.06,1.44,2.43,1.22,1.38,1.46,100,95,77,31,7,88,51,45,1.48,1.1,2.58,/usa/colorado-rapids-vs-nashville-sc-mls-h2h-stats#1541198,6969,34,True,True,True,True,False,False,True,['78'],"['8', '14', '17']"
MLS,2022,6969,1541199,8,5,2022,complete,83993,0,-1,[],['24'],0,1,1,4,5,9,2,1,3,2,0,0,1,1,13,7,14,8,11,13,59,41,15,18.0,41087,,,3,2,1.73,3.88,4.37,1.03,1.25,1.76,3.1,5.5,13.0,3.75,1.99,1.38,1.14,1.75,2.05,2.45,1.49,5.0,1.15,1.2,1.2,2.1,2.3,2.3,4.75,2.1,2.7,4.33,0,0,1.31,1.59,2.05,2.7,3.72,3.14,2.3,1.77,1.44,1.23,1.38,8.0,3.7,1.55,11.0,2.75,2.9,8.5,1.36,2.65,6.5,19.0,3.2,1.45,1.1,1.02,1.2,2.0,4.2,9.0,4.2,1.78,1.2,1.04,0,0,0,0,1,0,1,0,0,0,1,1653786000,5,0,59,42,9,0,-1,2,1,1,2,3,3,3,6,2,1,1,1,3,2,1,94,27,140,62,1.64,0.77,2.41,0,1,0,1,0,0,1,1,0,0,1,0,0,0,-1,-1,-1,-1,-1,-1,-1,-1,-1,0,25,75,75,92,58,75,92,25,7.83,2.0,5.33,2.67,/clubs/sporting-kansas-city-8,teams/usa-sporting-kansas-city.png,Sporting KC,/clubs/vancouver-whitecaps-fc-5,teams/canada-vancouver-whitecaps-fc.png,Vancouver Whitecaps,1.71,0.59,1.83,0.0,0.93,0.92,100,75,25,25,9,50,42,17,1.35,1.06,2.41,/usa/vancouver-whitecaps-fc-vs-sporting-kansas-city-h2h-stats#1541199,6969,34,True,False,False,False,False,False,False,[],['24']
MLS,2022,6969,1541200,14,6,2022,complete,83993,0,-1,"['29', '57', '90+2']",[],3,0,3,3,4,7,2,3,1,2,0,0,5,4,9,8,14,12,11,9,53,47,7,8.0,10669,,,1,2,2.05,3.51,3.43,1.05,1.3,1.89,3.3,6.5,11.0,3.5,1.85,1.33,1.11,1.75,2.05,2.75,1.39,3.9,1.23,1.33,1.25,1.72,2.8,2.15,4.0,2.5,2.55,3.5,0,0,1.17,1.24,1.47,1.8,2.28,4.5,3.64,2.6,2.01,1.6,1.5,8.0,3.1,1.75,9.0,2.38,3.3,6.5,1.4,2.85,7.0,23.0,2.95,1.4,1.08,1.02,1.22,2.1,4.5,10.0,4.0,1.68,1.18,1.03,0,0,0,0,3,1,0,2,0,2,1,1653787800,14,0,50,20,10,0,-1,2,1,1,1,2,3,2,5,0,2,1,0,2,1,1,46,41,131,98,1.58,1.34,2.92,0,0,0,0,0,0,1,1,0,0,0,0,0,0,-1,-1,-1,-1,-1,-1,-1,-1,-1,0,20,60,70,100,30,60,90,40,8.0,2.8,5.4,2.5,/clubs/real-salt-lake-14,teams/usa-real-salt-lake.png,Real Salt Lake,/clubs/houston-dynamo-6,teams/usa-houston-dynamo.png,Houston Dynamo,1.88,0.76,2.6,1.2,1.69,1.38,100,80,40,30,0,80,80,60,1.41,1.03,2.44,/usa/houston-dynamo-vs-real-salt-lake-h2h-stats#1541200,6969,34,True,True,True,False,False,False,False,"['29', '57', '90+2']",[]
MLS,2022,6969,1541201,18,711351,2022,complete,83993,0,-1,"['72', '80']",['21'],2,1,3,11,4,15,3,0,2,2,0,0,2,2,13,7,15,9,5,12,57,43,13812,25.0,13343,,,2,2,1.55,3.9,5.75,1.05,1.31,1.85,3.4,6.7,9.75,3.57,1.85,1.33,1.12,1.9,1.85,2.15,1.63,5.0,1.15,1.14,1.2,2.35,2.2,2.25,5.5,1.95,2.75,5.0,0,0,1.18,1.33,1.66,2.05,2.52,4.6,3.05,2.2,1.72,1.46,1.32,8.5,5.05,1.53,9.5,3.18,2.5,9.0,1.38,2.8,7.0,23.0,3.0,1.42,1.09,1.02,1.22,2.05,4.5,10.0,4.0,1.72,1.18,1.03,0,0,0,0,3,0,1,2,0,2,1,1653874200,18,0,50,13,29,0,32763,2,1,6,1,5,3,7,8,0,1,2,1,1,3,1,64,46,99,101,1.55,1.05,2.6,0,0,0,0,0,0,1,1,0,0,2,0,0,0,-1,-1,-1,-1,-1,-1,-1,-1,-1,13,25,59,67,92,29,71,79,42,10.92,2.08,4.5,2.54,/clubs/seattle-sounders-fc-18,teams/usa-seattle-sounders-fc.png,Seattle Sounders,/clubs/charlotte-fc-711351,teams/usa-charlotte-fc.png,Charlotte,1.76,0.65,1.5,0.17,1.18,1.23,88,75,42,34,9,71,50,50,1.49,1.39,2.88,/usa/seattle-sounders-fc-vs-charlotte-fc-h2h-stats#1541201,6969,34,True,True,True,False,False,False,True,"['72', '80']",['21']
MLS,2022,6969,1541202,5,14,2022,complete,83993,0,-1,"['31', '90+3']",['52'],2,1,3,2,3,5,2,1,3,3,0,1,5,4,2,5,7,9,13,12,41,59,13889,41087.0,8,,,3,4,2.6,3.3,2.7,1.06,1.3,2.05,3.25,6.0,8.0,3.4,1.8,1.33,1.11,1.73,2.0,2.95,1.35,3.3,1.29,1.4,1.3,1.55,3.0,2.05,3.25,2.8,2.38,2.9,0,0,1.21,1.43,1.77,2.24,2.98,3.92,2.74,2.05,1.62,1.34,1.71,7.5,2.55,1.88,11.25,2.06,4.4,4.8,1.4,2.75,7.0,15.0,2.75,1.4,1.08,1.02,1.29,2.1,4.33,9.0,3.5,1.67,1.2,1.05,0,0,0,0,3,1,0,1,1,2,1,1654383600,5,0,44,0,23,0,-1,2,1,2,1,0,2,3,2,1,1,2,3,2,5,1,26,46,99,134,1.0,1.2,2.2,1,0,1,0,0,0,1,1,0,0,2,0,0,0,-1,-1,-1,-1,-1,-1,-1,-1,-1,29,29,44,57,79,7,42,79,50,8.92,3.17,4.42,2.53,/clubs/vancouver-whitecaps-fc-5,teams/canada-vancouver-whitecaps-fc.png,Vancouver Whitecaps,/clubs/real-salt-lake-14,teams/usa-real-salt-lake.png,Real Salt Lake,1.94,0.89,1.83,1.13,1.08,1.79,71,71,57,44,21,61,46,28,1.57,1.12,2.69,/usa/vancouver-whitecaps-fc-vs-real-salt-lake-h2h-stats#1541202,6969,34,True,True,True,False,False,False,True,"['31', '90+3']",['52']
MLS,2022,6969,1541203,711351,4,2022,complete,83993,0,-1,"['45+4', '90+1']",[],2,0,2,5,4,9,1,2,2,3,0,0,5,1,7,7,12,8,6,10,61,39,5016,13343.0,11574,,,2,3,3.1,3.35,2.15,1.02,1.27,1.86,3.1,5.65,9.8,3.62,1.89,1.35,1.1,1.67,2.1,3.8,1.23,3.0,1.34,1.63,1.3,1.36,3.6,2.2,2.88,3.2,2.5,2.5,0,0,1.19,1.39,1.7,2.13,2.8,4.2,2.9,2.15,1.68,1.38,2.28,7.0,1.87,2.3,9.8,1.73,5.0,4.0,1.36,2.75,7.0,21.0,3.0,1.4,1.1,1.02,1.22,1.98,4.1,9.75,3.9,1.72,1.2,1.05,0,0,0,0,2,1,0,1,0,1,1,1654974000,711351,0,43,14,22,0,-1,2,1,4,1,1,3,5,4,2,2,0,1,4,1,1,45,44,122,113,1.45,0.91,2.35,0,0,0,0,0,0,1,1,0,0,0,0,0,0,-1,-1,-1,-1,-1,-1,-1,-1,-1,7,22,43,72,100,14,71,86,36,11.71,2.14,5.29,2.43,/clubs/charlotte-fc-711351,teams/usa-charlotte-fc.png,Charlotte,/clubs/new-york-red-bulls-4,teams/usa-new-york-red-bulls.png,New York RB,1.82,1.76,2.14,2.29,1.14,1.64,93,79,57,29,0,86,79,50,1.47,1.69,3.16,/usa/new-york-red-bulls-vs-charlotte-fc-h2h-stats#1541203,6969,34,True,True,False,False,False,False,False,"['45+4', '90+1']",[]
MLS,2022,6969,1541204,677447,15,2022,complete,83993,0,-1,[],[],0,0,0,7,2,9,3,0,1,3,0,0,7,6,8,5,15,11,17,7,48,52,3,24795.0,23354,,,1,3,1.7,3.75,4.3,1.04,1.25,1.77,2.8,5.25,10.0,3.6,1.98,1.37,1.14,1.77,1.93,2.37,1.52,5.0,1.15,1.18,1.25,2.15,2.2,2.2,4.75,1.95,2.65,4.5,0,0,1.22,1.42,1.74,2.23,3.0,4.0,2.75,2.02,1.61,1.35,1.38,8.0,3.75,1.6,10.25,2.84,2.9,7.5,1.35,2.55,6.25,17.0,2.9,1.44,1.1,1.01,1.2,1.93,3.9,9.25,4.1,1.75,1.22,1.05,0,0,0,0,0,0,0,0,0,0,0,1654992000,-1,0,63,29,42,0,-1,2,1,5,1,2,1,6,3,0,0,1,3,0,4,1,56,35,92,135,1.84,1.39,3.23,0,0,0,0,0,0,1,1,0,0,2,0,0,0,-1,-1,-1,-1,-1,-1,-1,-1,-1,25,38,59,92,100,29,59,92,63,11.25,4.58,4.33,3.38,/clubs/nashville-sc-mls-677447,teams/usa-nashville-sc-mls.png,Nashville SC,/clubs/san-jose-earthquakes-15,teams/usa-san-jose-earthquakes.png,SJ Earthquakes,1.41,0.47,2.0,0.17,1.57,1.0,75,63,42,9,0,42,42,29,1.64,1.4,3.04,/usa/san-jose-earthquakes-vs-nashville-sc-mls-h2h-stats#1541204,6969,34,False,False,False,False,False,False,False,[],[]
MLS,2022,6969,1541205,8,11,2022,complete,83993,0,-1,['52'],"['30', '87']",1,2,3,6,5,11,1,2,2,4,1,0,2,5,4,6,6,11,8,10,40,60,11,18.0,21032,,,3,4,2.91,3.74,2.28,1.04,1.28,1.7,3.25,6.0,12.0,3.6,2.08,1.33,1.12,1.75,2.0,3.6,1.25,3.1,1.33,1.58,1.31,1.39,3.5,2.2,3.0,3.1,2.45,2.6,0,0,1.2,1.41,1.74,2.18,2.89,4.04,2.82,2.09,1.65,1.36,2.17,7.0,1.96,2.2,9.7,1.73,5.5,4.2,1.4,2.75,8.0,21.0,2.75,1.4,1.08,1.02,1.22,2.0,4.2,10.0,3.8,1.7,1.19,1.05,0,0,0,0,3,0,1,1,1,2,1,1655060400,11,0,72,48,42,0,-1,2,1,3,0,3,5,3,8,2,2,1,2,4,3,1,4,6,7,13,0.54,1.08,1.62,0,0,0,0,0,0,1,1,0,0,0,0,0,1,-1,-1,-1,-1,-1,-1,-1,-1,-1,25,57,72,72,93,48,79,86,49,8.67,2.03,5.5,3.18,/clubs/sporting-kansas-city-8,teams/usa-sporting-kansas-city.png,Sporting KC,/clubs/new-england-revolution-11,teams/usa-new-england-revolution.png,New England Revolution,1.71,0.88,1.57,0.83,0.87,1.23,75,43,29,29,7,55,48,25,1.39,1.69,3.08,/usa/sporting-kansas-city-vs-new-england-revolution-h2h-stats#1541205,6969,34,True,True,True,False,False,False,True,['52'],"['30', '87']"
MLS,2022,6969,1541206,11,17,2022,complete,83993,0,-1,['22'],['35'],1,1,2,10,6,16,2,1,4,4,0,0,3,5,6,7,9,12,21,12,53,47,13851,21032.0,21031,,,4,4,1.62,4.0,5.0,1.01,1.22,1.64,2.7,4.9,12.5,4.44,2.12,1.49,1.19,1.69,2.17,2.5,1.47,5.5,1.13,1.18,1.24,2.28,2.17,2.42,4.95,1.96,2.85,4.65,0,0,1.19,1.39,1.7,2.13,2.8,4.2,2.9,2.15,1.68,1.38,1.31,9.8,4.75,1.55,12.5,2.86,3.0,8.5,1.32,2.45,5.8,13.0,3.38,1.55,1.14,1.02,1.18,1.89,3.76,7.5,4.8,1.91,1.27,1.07,0,0,0,0,2,1,1,0,0,0,2,1655335800,-1,0,50,0,43,0,-1,2,1,6,3,4,3,9,7,2,2,2,2,4,4,1,61,45,99,108,1.22,1.44,2.67,0,0,0,0,0,0,1,1,0,0,2,1,0,1,-1,-1,-1,-1,-1,-1,-1,-1,-1,14,29,36,64,93,7,64,79,50,10.43,2.29,5.0,2.36,/clubs/new-england-revolution-11,teams/usa-new-england-revolution.png,New England Revolution,/clubs/orlando-city-sc-17,teams/usa-orlando-city-sc.png,Orlando City,1.59,1.17,1.57,1.71,1.36,1.5,86,71,64,36,7,72,50,50,1.65,1.0,2.65,/usa/new-england-revolution-vs-orlando-city-sc-h2h-stats#1541206,6969,34,True,True,False,False,False,False,True,['22'],['35']
MLS,2022,6969,1541207,18,6490,2022,complete,83993,0,-1,['58'],['79'],1,1,2,5,3,8,1,2,1,1,0,0,5,7,8,4,13,11,9,16,53,47,3,25.0,39588,,,1,1,2.27,3.64,3.01,1.04,1.24,1.67,2.83,5.2,13.75,3.97,2.1,1.41,1.15,1.63,2.22,3.25,1.3,3.9,1.22,1.42,1.3,1.62,2.9,2.27,3.5,2.66,2.64,3.22,0,0,1.18,1.31,1.55,1.95,2.6,4.3,3.1,2.2,1.71,1.41,1.89,8.0,2.38,1.8,13.75,2.08,4.0,5.5,1.35,2.59,6.3,13.0,3.2,1.5,1.12,1.02,1.21,1.97,4.04,8.0,4.44,1.83,1.24,1.06,0,0,0,0,2,0,0,1,1,2,0,1655578800,-1,0,50,17,9,0,34642,2,1,4,2,1,1,6,2,0,1,1,0,1,1,1,49,51,98,107,1.53,1.56,3.09,0,0,0,0,0,0,1,1,0,0,0,2,0,0,-1,-1,-1,-1,-1,-1,-1,-1,-1,17,34,59,84,100,42,83,83,59,11.16,3.0,6.17,3.0,/clubs/seattle-sounders-fc-18,teams/usa-seattle-sounders-fc.png,Seattle Sounders,/clubs/los-angeles-fc-6490,teams/usa-los-angeles-fc.png,Los Angeles FC,1.76,1.53,2.0,2.0,1.46,2.07,83,67,42,17,0,75,50,50,1.58,1.47,3.05,/usa/seattle-sounders-fc-vs-los-angeles-fc-h2h-stats#1541207,6969,34,True,True,False,False,False,False,True,['58'],['79']
MLS,2022,6969,1541208,10,20,2022,complete,83993,0,-1,['88'],['38'],1,1,2,10,6,16,2,1,3,2,0,0,6,2,6,11,12,13,14,13,54,46,13893,2.0,42128,,,3,2,1.71,4.14,4.52,1.03,1.18,1.58,2.3,4.14,14.0,4.7,2.28,1.55,1.18,1.62,2.23,2.75,1.4,5.5,1.13,1.21,1.24,2.19,2.24,2.44,4.66,2.02,2.88,4.4,0,0,1.16,1.31,1.55,1.95,2.6,4.5,3.0,2.2,1.7,1.41,1.13,13.5,8.4,1.54,17.75,2.49,3.3,8.5,1.3,2.36,5.5,11.0,3.52,1.59,1.15,1.03,1.17,1.83,3.52,7.5,5.05,1.98,1.3,1.07,0,0,0,0,2,0,1,1,0,1,1,1655586000,-1,0,59,7,39,0,-1,2,1,3,3,7,3,6,10,1,1,2,1,2,3,1,68,40,107,91,1.67,1.25,2.93,0,0,0,0,0,0,1,1,0,0,0,1,0,1,-1,-1,-1,-1,-1,-1,-1,-1,-1,26,34,54,73,94,27,66,87,46,11.7,1.49,5.27,2.79,/clubs/la-galaxy-10,teams/usa-la-galaxy.png,LA Galaxy,/clubs/portland-timbers-20,teams/usa-portland-timbers.png,Portland Timbers,1.72,0.94,1.71,0.75,1.64,1.0,75,67,47,28,7,75,61,55,1.7,1.11,2.81,/usa/la-galaxy-vs-portland-timbers-h2h-stats#1541208,6969,34,True,True,False,False,False,False,True,['88'],['38']
MLS,2022,6969,1541209,4,19,2022,complete,83993,0,-1,"['2', '56']",[],2,0,2,5,4,9,6,0,2,3,0,0,5,3,10,5,15,8,18,11,41,59,13851,11574.0,211,,,2,3,1.43,4.8,7.2,1.03,1.22,1.62,2.38,4.5,11.0,4.0,2.2,1.6,1.17,1.85,1.85,2.05,1.7,6.75,1.09,1.08,1.18,2.8,1.91,2.3,6.0,1.73,2.62,6.0,0,0,1.24,1.46,1.85,2.4,3.3,3.5,2.4,1.95,1.47,1.26,1.19,11.75,6.75,1.36,15.75,3.22,2.3,11.0,1.36,2.5,5.5,12.0,3.0,1.5,1.12,1.02,1.22,1.91,4.0,8.0,4.0,1.8,1.22,1.06,0,0,0,0,2,1,0,1,0,1,1,1655593200,4,0,71,36,43,0,-1,2,1,1,2,4,2,3,6,1,2,1,1,3,2,1,52,26,117,109,1.68,0.92,2.6,0,0,0,0,0,0,1,1,1,0,1,0,0,0,-1,-1,-1,-1,-1,-1,-1,-1,-1,22,36,50,79,93,36,58,86,57,9.72,1.86,4.86,3.14,/clubs/new-york-red-bulls-4,teams/usa-new-york-red-bulls.png,New York RB,/clubs/toronto-fc-19,teams/canada-toronto-fc.png,Toronto,1.28,0.59,1.0,0.43,1.53,1.07,79,64,50,22,7,36,29,22,1.67,1.2,2.87,/usa/new-york-red-bulls-vs-toronto-fc-h2h-stats#1541209,6969,34,True,True,False,False,False,False,False,"['2', '56']",[]
MLS,2022,6969,1541210,9,711351,2022,complete,83993,0,-1,['41'],['49'],1,1,2,6,3,9,0,2,1,1,0,0,5,2,9,10,14,12,8,10,51,49,44,13.0,13343,,,1,1,1.66,4.0,5.15,1.05,1.28,1.84,3.3,6.0,11.0,3.6,1.88,1.33,1.12,1.9,1.86,2.2,1.6,5.0,1.15,1.17,1.26,2.28,2.24,2.27,5.4,2.01,2.67,5.05,0,0,1.2,1.39,1.7,2.2,3.0,3.9,2.65,1.95,1.55,1.32,1.38,9.1,4.15,1.48,12.25,2.85,2.62,8.5,1.39,2.79,7.1,15.0,3.0,1.44,1.1,1.02,1.24,2.11,4.54,10.0,4.04,1.73,1.2,1.04,0,0,0,0,2,1,0,0,1,1,1,1655595000,-1,0,37,0,15,0,20446,2,1,3,2,3,1,5,4,0,1,1,0,1,1,1,52,34,113,87,1.62,1.15,2.76,0,0,0,0,0,0,1,1,0,0,1,0,0,0,-1,-1,-1,-1,-1,-1,-1,-1,-1,0,9,61,85,93,31,77,85,47,10.5,3.64,3.83,2.47,/clubs/columbus-crew-9,teams/usa-columbus-crew.png,Columbus Crew,/clubs/charlotte-fc-711351,teams/usa-charlotte-fc.png,Charlotte,1.59,0.65,1.5,0.14,1.23,1.27,100,92,40,16,7,77,62,54,1.85,1.34,3.19,/usa/columbus-crew-vs-charlotte-fc-h2h-stats#1541210,6969,34,True,True,False,False,False,False,True,['41'],['49']
MLS,2022,6969,1541211,1,698284,2022,complete,83993,0,-1,[],['67'],0,1,1,5,1,6,2,3,0,4,0,1,2,2,8,3,10,5,9,17,62,38,15,39282.0,2339,,,0,5,1.89,3.98,3.76,1.03,1.15,1.54,2.3,4.2,15.0,4.54,2.35,1.55,1.21,1.57,2.34,3.1,1.32,5.25,1.14,1.28,1.26,1.95,2.43,2.41,4.2,2.21,2.82,3.78,0,0,1.18,1.31,1.55,1.95,2.6,4.2,3.1,2.2,1.7,1.41,1.43,9.1,3.75,1.62,15.0,2.4,3.75,7.0,1.3,2.36,5.45,11.0,3.52,1.59,1.15,1.03,1.17,1.83,3.52,7.0,5.05,1.98,1.3,1.08,0,0,0,0,1,0,0,0,1,1,0,1655595000,698284,0,93,16,55,0,15045,2,1,3,0,2,1,3,3,0,3,0,2,3,2,1,46,21,122,89,1.12,0.62,1.74,0,0,0,0,0,0,1,1,0,0,1,0,0,1,-1,-1,-1,-1,-1,-1,-1,-1,-1,31,38,93,93,100,23,86,100,86,9.74,3.57,6.4,3.72,/clubs/montreal-impact-1,teams/canada-montreal-impact.png,Montreal Impact,/clubs/austin-fc-698284,teams/usa-austin-fc.png,Austin,1.74,1.44,2.0,1.43,1.64,1.71,69,62,7,7,0,84,61,52,1.58,1.34,2.92,/usa/montreal-impact-vs-austin-fc-h2h-stats#1541211,6969,36,True,False,False,False,False,False,False,[],['67']
MLS,2022,6969,1541212,17,6,2022,complete,83993,0,-1,"['25', '58']",['59'],2,1,3,4,4,8,1,1,3,6,0,0,6,6,10,8,16,14,11,16,46,54,13812,21031.0,10669,,,3,6,1.9,3.74,3.96,1.01,1.27,1.82,3.04,5.55,10.0,3.62,1.94,1.36,1.1,1.76,2.01,2.6,1.44,4.5,1.18,1.26,1.28,1.94,2.47,2.25,4.52,2.25,2.61,4.12,0,0,1.18,1.33,1.6,2.05,2.7,4.2,2.9,2.1,1.65,1.38,1.47,8.8,3.55,1.65,11.0,2.5,3.25,7.0,1.38,2.72,6.85,13.0,3.04,1.46,1.1,1.02,1.23,2.08,4.4,9.0,4.2,1.75,1.21,1.05,0,0,0,0,3,1,0,1,1,2,1,1655595000,17,0,45,15,9,0,16333,2,1,1,0,3,4,1,7,2,5,1,1,7,2,1,46,46,91,112,1.76,1.64,3.4,0,0,0,0,0,0,1,1,0,0,0,0,0,0,-1,-1,-1,-1,-1,-1,-1,-1,-1,7,23,69,85,100,30,69,92,62,6.74,2.14,5.31,2.91,/clubs/orlando-city-sc-17,teams/usa-orlando-city-sc.png,Orlando City,/clubs/houston-dynamo-6,teams/usa-houston-dynamo.png,Houston Dynamo,1.59,0.76,1.29,1.0,1.47,1.29,93,77,31,16,0,62,48,17,1.41,1.08,2.49,/usa/houston-dynamo-vs-orlando-city-sc-h2h-stats#1541212,6969,34,True,True,True,False,False,False,True,"['25', '58']",['59']
MLS,2022,6969,1541213,16,8043,2022,complete,83993,0,-1,['17'],['39'],1,1,2,3,8,11,3,2,1,4,0,0,5,5,8,11,13,16,10,12,45,55,13841,12.0,40182,,,1,4,1.64,4.04,5.35,1.02,1.28,1.83,3.14,5.7,9.8,3.54,1.9,1.34,1.1,1.9,1.86,2.15,1.61,5.25,1.14,1.16,1.25,2.33,2.21,2.29,5.5,1.99,2.68,5.15,0,0,1.21,1.34,1.6,2.05,2.7,4.0,2.9,2.1,1.65,1.37,1.36,9.5,4.25,1.48,10.0,3.1,2.5,9.0,1.39,2.79,7.0,15.0,3.0,1.44,1.1,1.02,1.24,2.11,4.4,10.0,4.04,1.73,1.21,1.04,0,0,0,0,2,1,1,0,0,0,2,1655595000,-1,0,47,20,26,0,-1,2,1,1,6,2,2,7,4,0,0,1,4,0,5,1,46,54,80,128,1.5,1.76,3.26,0,0,0,0,0,0,1,1,0,0,0,1,0,0,-1,-1,-1,-1,-1,-1,-1,-1,-1,13,13,32,73,87,26,73,73,32,9.79,3.31,4.79,2.29,/clubs/philadelphia-union-16,teams/usa-philadelphia-union.png,Philadelphia Union,/clubs/fc-cincinnati-8043,teams/usa-fc-cincinnati.png,FC Cincinnati,2.47,1.47,1.86,1.63,1.79,1.36,88,88,69,27,14,66,60,60,1.6,1.24,2.84,/usa/philadelphia-union-vs-fc-cincinnati-h2h-stats#1541213,6969,36,True,True,False,False,False,False,True,['17'],['39']
MLS,2022,6969,1541214,7,13401,2022,complete,83993,0,-1,['78'],[],1,0,1,3,2,5,2,1,2,2,0,0,7,0,7,10,14,10,17,16,53,47,20,10695.0,36107,,,2,2,2.2,3.56,3.2,1.04,1.25,1.75,2.95,5.5,12.0,3.75,1.98,1.4,1.14,1.66,2.2,2.95,1.36,4.2,1.2,1.3,1.25,1.75,2.75,2.2,3.75,2.45,2.6,3.5,0,0,1.22,1.43,1.83,2.3,3.2,3.7,2.5,1.98,1.51,1.29,1.46,8.7,3.62,1.73,10.0,2.38,3.6,6.0,1.38,2.65,6.5,19.0,3.0,1.45,1.1,1.02,1.2,1.95,4.0,9.0,4.33,1.8,1.22,1.04,0,0,0,0,1,0,0,1,0,1,0,1655596800,7,0,55,20,27,0,-1,2,1,2,0,1,2,2,3,1,1,1,1,2,2,1,45,46,128,94,1.71,0.97,2.68,0,0,0,0,0,0,1,1,0,0,1,0,0,0,-1,-1,-1,-1,-1,-1,-1,-1,-1,10,29,65,65,75,30,55,75,35,8.27,4.07,5.93,2.44,/clubs/chicago-fire-7,teams/usa-chicago-fire.png,Chicago Fire,/clubs/dc-united-13401,teams/usa-dc-united.png,DC United,1.35,0.65,1.0,0.8,0.79,1.08,90,72,35,35,25,45,45,29,1.2,1.12,2.32,/usa/chicago-fire-vs-dc-united-h2h-stats#1541214,6969,34,True,False,False,False,False,False,False,['78'],[]
MLS,2022,6969,1541215,13,5,2022,complete,83993,0,-1,[],"['2', '44']",0,2,2,5,2,7,0,2,3,1,0,0,2,3,14,1,16,4,15,9,67,33,45098,21189.0,41087,,,3,1,1.59,4.2,5.6,1.01,1.27,1.79,3.1,5.93,10.5,3.9,1.98,1.39,1.15,1.91,1.91,2.15,1.63,5.5,1.13,1.12,1.18,2.45,2.1,2.3,5.5,1.9,2.8,5.0,0,0,1.23,1.43,1.77,2.3,3.2,3.7,2.5,1.87,1.5,1.28,1.4,9.0,4.0,1.48,10.0,3.1,2.45,9.5,1.33,2.63,7.0,19.0,3.25,1.44,1.1,1.02,1.2,2.0,4.2,9.0,4.2,1.78,1.2,1.04,0,0,0,0,2,0,2,0,0,0,2,1655600400,5,0,61,34,21,0,-1,2,1,1,0,4,2,1,6,2,0,1,1,2,2,1,69,39,125,61,1.65,0.75,2.4,0,0,0,0,0,0,1,1,0,1,0,0,0,0,-1,-1,-1,-1,-1,-1,-1,-1,-1,7,34,73,94,100,59,86,87,62,10.46,3.34,4.25,3.07,/clubs/fc-dallas-13,teams/usa-fc-dallas.png,FC Dallas,/clubs/vancouver-whitecaps-fc-5,teams/canada-vancouver-whitecaps-fc.png,Vancouver Whitecaps,1.94,0.59,2.29,0.38,1.79,1.13,93,67,28,7,0,60,48,41,1.56,1.01,2.57,/usa/vancouver-whitecaps-fc-vs-fc-dallas-h2h-stats#1541215,6969,34,True,True,False,False,False,False,False,[],"['2', '44']"
MLS,2022,6969,1541216,14,15,2022,complete,83993,0,-1,"['22', '81']",[],2,0,2,10,3,13,3,1,2,2,0,0,8,1,9,6,17,7,9,12,35,65,58,8.0,23354,,,2,2,1.85,3.98,3.92,1.0,1.21,1.61,2.64,4.73,11.5,4.6,2.2,1.51,1.2,1.62,2.2,2.85,1.38,5.0,1.15,1.25,1.22,1.9,2.4,2.38,4.0,2.25,2.75,3.75,0,0,1.2,1.39,1.7,2.2,2.95,3.9,2.65,1.98,1.57,1.32,2.05,7.9,2.17,1.62,12.0,2.5,3.25,7.5,1.3,2.5,6.0,17.0,3.4,1.5,1.13,1.03,1.18,1.87,3.75,8.0,4.5,1.87,1.25,1.06,0,0,0,0,2,1,0,1,0,1,1,1655602200,14,0,47,31,15,0,-1,2,1,5,0,5,3,5,8,1,0,1,2,1,3,1,41,33,81,100,1.93,0.77,2.69,0,0,0,0,0,0,1,1,0,0,1,0,0,0,-1,-1,-1,-1,-1,-1,-1,-1,-1,22,30,62,69,93,31,62,86,38,9.81,2.88,3.83,2.97,/clubs/real-salt-lake-14,teams/usa-real-salt-lake.png,Real Salt Lake,/clubs/san-jose-earthquakes-15,teams/usa-san-jose-earthquakes.png,SJ Earthquakes,1.88,0.47,2.67,0.29,1.67,1.0,79,70,38,31,7,55,48,48,1.44,1.4,2.84,/usa/real-salt-lake-vs-san-jose-earthquakes-h2h-stats#1541216,6969,34,True,True,False,False,False,False,False,"['22', '81']",[]
MLS,2022,6969,1541217,1016,677446,2022,complete,83993,0,-1,"['4', '61']",[],2,0,2,1,3,4,2,2,0,1,0,1,7,3,10,9,17,12,10,16,60,40,7,40852.0,28121,,,0,2,1.44,4.33,6.5,1.01,1.2,1.63,2.57,4.5,12.5,4.4,2.1,1.48,1.16,1.86,1.94,2.15,1.62,6.5,1.1,1.11,1.19,2.82,1.93,2.5,6.35,1.74,2.99,6.0,0,0,1.19,1.35,1.62,2.05,2.8,4.14,2.85,2.05,1.63,1.36,1.08,16.0,11.25,1.4,12.5,3.56,2.45,11.0,1.32,2.45,5.8,12.0,3.38,1.55,1.14,1.03,1.19,1.9,3.76,8.0,4.75,1.9,1.27,1.06,0,0,0,0,2,1,0,1,0,1,1,1655665200,1016,0,60,30,30,0,-1,2,1,0,2,1,1,2,2,0,2,0,0,2,0,1,38,41,135,90,1.85,1.27,3.12,0,0,0,0,0,0,1,1,1,0,0,1,0,0,-1,-1,-1,-1,-1,-1,-1,-1,-1,23,45,60,68,85,52,69,77,37,9.96,3.9,5.69,2.95,/clubs/atlanta-united-fc-1016,teams/usa-atlanta-united-fc.png,Atlanta United FC,/clubs/club-internacional-de-futbol-miami-677446,teams/usa-club-internacional-de-futbol-miami.png,Inter Miami,1.71,0.83,1.71,0.67,1.23,1.29,77,55,41,32,16,61,52,52,1.89,1.14,3.03,/usa/atlanta-united-fc-vs-club-internacional-de-futbol-miami-h2h-stats#1541217,6969,34,True,True,False,False,False,False,False,"['4', '61']",[]
MLS,2022,6969,1541218,2,12,2022,complete,83993,0,-1,['72'],['68'],1,1,2,5,1,6,2,4,2,4,0,0,4,1,10,5,14,6,15,21,66,34,42,,11434,,,2,4,1.57,4.0,5.5,1.01,1.22,1.69,2.74,4.8,11.5,4.1,2.0,1.43,1.14,1.79,2.02,2.3,1.55,5.75,1.13,1.15,1.23,2.41,2.11,2.39,5.45,1.9,2.83,5.1,0,0,1.23,1.43,1.77,2.3,3.2,3.7,2.5,1.88,1.51,1.29,1.46,8.7,3.62,1.51,11.5,3.08,2.62,9.0,1.33,2.53,6.15,13.0,3.3,1.52,1.12,1.02,1.2,1.94,3.95,8.0,4.55,1.86,1.25,1.06,0,0,0,0,2,0,0,1,1,2,0,1655672400,-1,0,46,32,13,0,-1,2,1,0,0,5,1,0,6,0,1,2,3,1,5,1,60,33,109,75,1.6,0.7,2.3,0,0,0,0,0,0,1,1,0,0,0,0,0,0,-1,-1,-1,-1,-1,-1,-1,-1,-1,19,36,59,79,94,59,79,82,42,11.08,3.88,5.83,3.17,/clubs/new-york-city-fc-2,teams/usa-new-york-city-fc.png,New York City,/clubs/colorado-rapids-12,teams/usa-colorado-rapids.png,Colorado Rapids,2.06,0.47,2.38,0.17,2.0,1.29,82,65,42,21,7,63,63,57,2.12,1.39,3.51,/usa/new-york-city-fc-vs-colorado-rapids-h2h-stats#1541218,6969,34,True,True,False,False,False,False,True,['72'],['68']
MLS,2022,6969,1541219,677447,8,2022,complete,83993,0,-1,['63'],"['41', '51']",1,2,3,4,4,8,4,1,1,3,0,0,2,4,7,4,9,8,9,14,61,39,13864,24795.0,18,,,1,3,1.65,3.7,5.0,1.03,1.32,1.93,3.5,6.5,8.8,3.26,1.75,1.29,1.07,2.0,1.81,2.2,1.61,4.6,1.17,1.16,1.27,2.26,2.22,2.21,5.8,2.01,2.59,5.2,0,0,1.33,1.62,2.1,2.85,4.1,2.9,2.1,1.62,1.35,1.19,1.69,8.0,2.65,1.55,8.8,3.16,2.5,8.0,1.43,2.95,7.8,15.0,2.83,1.4,1.08,1.02,1.27,2.24,5.0,11.0,3.76,1.65,1.17,1.03,0,0,0,0,3,0,1,1,1,2,1,1655676000,8,0,62,17,39,0,-1,2,1,1,2,3,2,3,5,1,0,0,3,1,3,1,46,53,115,110,1.05,1.18,2.23,0,0,0,0,0,0,1,1,0,0,0,0,0,0,-1,-1,-1,-1,-1,-1,-1,-1,-1,7,35,45,78,84,23,58,84,55,9.8,4.6,4.2,2.73,/clubs/nashville-sc-mls-677447,teams/usa-nashville-sc-mls.png,Nashville SC,/clubs/sporting-kansas-city-8,teams/usa-sporting-kansas-city.png,Sporting KC,1.41,0.65,1.8,0.25,1.53,0.81,94,65,55,23,17,37,27,17,1.68,1.13,2.81,/usa/sporting-kansas-city-vs-nashville-sc-mls-h2h-stats#1541219,6969,34,True,True,True,False,False,False,True,['63'],"['41', '51']"
MLS,2022,6969,1541220,11,1015,2022,complete,83993,0,-1,"['53', '69']",['37'],2,1,3,3,4,7,1,0,2,5,0,0,2,5,9,9,11,14,11,14,54,46,13967,21032.0,5,,,2,5,1.57,4.2,5.0,1.02,1.18,1.51,2.2,4.2,17.0,5.0,2.33,1.61,1.22,1.63,2.2,2.65,1.42,6.25,1.11,1.15,1.18,2.4,2.09,2.49,5.1,1.9,2.95,4.75,0,0,1.08,1.28,1.53,1.9,2.44,6.5,3.34,2.44,1.9,1.53,1.45,9.0,3.3,1.48,18.25,2.91,2.9,10.0,1.28,2.3,5.0,13.0,3.6,1.57,1.15,1.01,1.15,1.75,3.3,7.5,5.0,2.0,1.3,1.07,0,0,0,0,3,0,1,2,0,2,1,1655672400,11,0,57,15,34,0,-1,2,1,1,2,2,2,3,4,2,0,0,5,2,5,1,39,53,105,106,1.13,1.62,2.75,0,1,0,1,0,0,1,1,0,0,0,0,0,0,-1,-1,-1,-1,-1,-1,-1,-1,-1,7,21,36,71,100,15,63,79,50,11.88,2.17,5.13,2.34,/clubs/new-england-revolution-11,teams/usa-new-england-revolution.png,New England Revolution,/clubs/minnesota-united-fc-1015,teams/usa-minnesota-united-fc.png,Minnesota United,1.59,1.11,1.5,1.17,1.33,1.29,94,79,65,29,0,73,67,59,1.6,1.08,2.68,/usa/new-england-revolution-vs-minnesota-united-fc-h2h-stats#1541220,6969,34,True,True,True,False,False,False,True,"['53', '69']",['37']
MLS,2022,6969,1541221,8043,17,2022,complete,83993,0,-1,['65'],[],1,0,1,3,3,6,0,3,1,1,0,0,8,2,5,5,13,7,0,1,46,54,5016,40182.0,21031,,,1,1,2.25,3.55,2.8,1.05,1.25,1.7,3.0,5.0,9.0,3.75,2.08,1.36,1.14,1.67,2.1,3.0,1.34,3.9,1.22,1.35,1.25,1.65,2.8,2.05,3.6,2.5,2.38,3.3,0,0,1.22,1.43,1.83,2.3,3.2,3.7,2.5,1.98,1.51,1.29,1.82,7.5,2.55,1.77,13.0,2.14,3.8,5.5,1.4,2.62,6.0,13.0,2.75,1.44,1.11,1.02,1.25,2.0,4.0,9.0,3.75,1.73,1.22,1.05,0,0,0,0,1,0,0,1,0,1,0,1656113400,8043,0,59,32,29,0,-1,2,1,3,0,0,3,3,3,0,0,1,1,0,2,1,40,49,117,100,1.68,0.95,2.63,0,0,0,0,0,0,1,1,0,0,1,0,0,0,-1,-1,-1,-1,-1,-1,-1,-1,-1,23,38,46,73,94,38,73,82,44,9.25,3.38,5.75,2.9,/clubs/fc-cincinnati-8043,teams/usa-fc-cincinnati.png,FC Cincinnati,/clubs/orlando-city-sc-17,teams/usa-orlando-city-sc.png,Orlando City,1.41,1.17,1.0,1.63,1.33,1.56,78,63,54,28,7,78,65,57,1.79,1.06,2.85,/usa/orlando-city-sc-vs-fc-cincinnati-h2h-stats#1541221,6969,35,True,False,False,False,False,False,False,['65'],[]
MLS,2022,6969,1541222,18,8,2022,complete,83993,0,-1,"['8', '71', '76']",[],3,0,3,2,7,9,3,1,1,0,0,0,8,1,7,7,15,8,10,9,49,51,58,25.0,18,,,1,0,1.73,3.7,4.2,1.04,1.26,1.81,3.03,5.65,12.75,3.72,1.93,1.37,1.13,1.83,1.93,2.45,1.5,4.75,1.17,1.2,1.27,2.13,2.3,2.27,5.1,2.1,2.65,4.6,0,0,1.26,1.49,2.0,2.45,3.5,3.4,2.35,1.8,1.44,1.25,1.65,8.0,2.9,1.56,12.75,2.58,3.0,7.5,1.38,2.75,6.95,13.0,3.04,1.45,1.1,1.02,1.24,2.08,4.4,9.0,4.04,1.75,1.21,1.05,0,0,0,0,3,1,0,2,0,2,1,1656183600,18,0,62,13,37,0,-1,2,1,0,3,2,4,3,6,0,0,1,0,0,1,1,39,57,88,120,1.79,1.0,2.79,0,0,0,0,0,0,1,1,1,0,0,0,0,0,-1,-1,-1,-1,-1,-1,-1,-1,-1,13,44,57,75,95,26,75,88,64,9.25,2.29,3.97,3.04,/clubs/seattle-sounders-fc-18,teams/usa-seattle-sounders-fc.png,Seattle Sounders,/clubs/sporting-kansas-city-8,teams/usa-sporting-kansas-city.png,Sporting KC,1.76,0.65,1.86,0.56,1.43,0.94,88,57,44,26,6,34,27,27,1.57,1.14,2.71,/usa/sporting-kansas-city-vs-seattle-sounders-fc-h2h-stats#1541222,6969,34,True,True,True,False,False,False,False,"['8', '71', '76']",[]
MLS,2022,6969,1541223,13401,677447,2022,complete,83993,0,-1,['59'],"['6', '45', '50']",1,3,4,6,1,7,2,2,2,5,0,0,3,5,6,4,9,9,14,15,58,42,19912,36107.0,24795,,,2,5,2.7,3.2,2.45,1.05,1.28,1.87,3.17,5.95,11.75,3.57,1.87,1.34,1.12,1.7,2.05,3.0,1.35,3.5,1.26,1.36,1.29,1.6,2.88,2.0,3.6,2.62,2.3,3.2,0,0,1.24,1.46,1.93,2.4,3.3,3.5,2.45,1.88,1.47,1.27,1.75,8.0,2.44,1.83,11.75,2.1,4.0,5.0,1.39,2.73,6.25,15.0,2.78,1.4,1.09,1.02,1.25,2.05,4.33,9.0,3.75,1.7,1.2,1.05,0,0,0,0,4,0,2,1,1,2,2,1656190800,677447,0,44,18,12,0,-1,2,1,3,0,3,1,3,4,1,1,1,4,2,5,1,47,36,118,90,1.13,1.19,2.32,0,0,0,0,0,0,1,1,0,1,1,0,0,0,-1,-1,-1,-1,-1,-1,-1,-1,-1,13,29,45,79,100,48,79,83,28,8.8,3.33,5.18,2.65,/clubs/dc-united-13401,teams/usa-dc-united.png,DC United,/clubs/nashville-sc-mls-677447,teams/usa-nashville-sc-mls.png,Nashville SC,0.94,1.44,1.25,1.4,1.0,1.44,88,72,55,22,0,78,52,28,1.37,1.1,2.47,/usa/dc-united-vs-nashville-sc-mls-h2h-stats#1541223,6969,34,True,True,True,True,False,False,True,['59'],"['6', '45', '50']"
MLS,2022,6969,1541224,1,711351,2022,complete,83993,0,-1,"['6', '47']",['9'],2,1,3,0,3,3,1,0,3,2,0,0,3,1,6,3,9,4,17,14,49,51,20,39282.0,13343,,,3,2,1.7,3.6,4.5,1.04,1.25,1.75,2.75,5.0,10.0,3.75,2.05,1.4,1.14,1.68,2.13,2.7,1.41,4.6,1.17,1.27,1.27,1.94,2.43,2.31,4.42,2.24,2.69,3.96,0,0,1.2,1.39,1.7,2.2,2.95,3.9,2.65,1.98,1.57,1.32,1.64,8.5,2.66,1.62,14.0,2.39,3.3,7.0,1.35,2.59,6.25,13.0,3.2,1.5,1.12,1.02,1.21,1.97,4.04,8.0,4.44,1.83,1.24,1.06,0,0,0,0,3,1,1,1,0,1,2,1656199800,1,0,75,7,41,0,-1,2,1,0,0,0,3,0,3,0,0,3,2,0,5,1,55,24,101,62,1.18,0.5,1.69,0,0,0,0,0,0,1,1,1,1,0,0,0,0,-1,-1,-1,-1,-1,-1,-1,-1,-1,15,15,75,87,94,20,81,94,62,9.89,2.39,4.31,2.98,/clubs/montreal-impact-1,teams/canada-montreal-impact.png,Montreal Impact,/clubs/charlotte-fc-711351,teams/usa-charlotte-fc.png,Charlotte,1.74,0.65,1.71,0.25,1.53,1.25,86,86,26,14,7,66,47,40,1.51,1.32,2.83,/usa/montreal-impact-vs-charlotte-fc-h2h-stats#1541224,6969,34,True,True,True,False,False,False,True,"['6', '47']",['9']
MLS,2022,6969,1541225,19,1016,2022,complete,83993,0,-1,"['8', '78']",['57'],2,1,3,7,6,13,2,3,2,2,0,0,6,2,10,13,16,15,12,13,44,56,13889,211.0,40852,,,2,2,2.4,3.3,2.7,1.04,1.22,1.7,2.25,4.5,10.0,4.0,2.15,1.67,1.17,1.58,2.32,4.2,1.2,3.5,1.27,1.65,1.29,1.41,3.52,2.32,2.81,3.18,2.69,2.6,0,0,1.2,1.39,1.68,2.2,2.95,3.9,2.7,1.98,1.57,1.32,2.28,8.0,1.85,2.04,15.25,1.81,5.5,4.33,1.33,2.48,5.95,13.0,3.32,1.54,1.13,1.02,1.19,1.91,3.84,8.0,4.7,1.89,1.26,1.06,0,0,0,0,3,1,0,1,1,2,1,1656199800,19,0,68,38,23,0,-1,2,1,2,2,5,4,4,9,1,0,1,2,1,3,1,48,45,108,111,1.78,1.42,3.2,0,0,0,0,0,0,1,1,1,0,0,0,0,0,-1,-1,-1,-1,-1,-1,-1,-1,-1,15,23,77,77,100,45,85,85,31,10.6,2.33,4.17,2.9,/clubs/toronto-fc-19,teams/canada-toronto-fc.png,Toronto,/clubs/atlanta-united-fc-1016,teams/usa-atlanta-united-fc.png,Atlanta United FC,1.41,0.65,1.71,0.67,1.0,1.36,86,77,24,24,0,85,70,70,1.1,1.6,2.7,/usa/toronto-fc-vs-atlanta-united-fc-h2h-stats#1541225,6969,34,True,True,True,False,False,False,True,"['8', '78']",['57']
MLS,2022,6969,1541226,6,7,2022,complete,83993,0,-1,"['23', '45+2']",[],2,0,2,5,4,9,3,2,4,2,0,0,7,6,4,12,11,18,11,14,53,47,13967,10669.0,10695,,,4,2,1.87,3.4,3.8,1.05,1.3,1.8,3.4,6.5,11.0,3.4,1.95,1.3,1.1,1.75,2.0,2.9,1.36,3.8,1.23,1.35,1.25,1.72,2.88,2.2,3.75,2.5,2.47,3.2,0,0,1.18,1.31,1.55,1.95,2.6,4.5,3.1,2.2,1.7,1.41,2.07,8.0,2.14,1.73,9.0,2.3,3.7,5.5,1.4,2.75,8.0,21.0,2.75,1.4,1.08,1.02,1.22,2.0,4.2,10.0,3.9,1.7,1.2,1.05,0,0,0,0,2,2,0,0,0,0,2,1656201600,6,0,44,32,19,0,13081,2,1,5,1,0,3,6,3,1,1,3,1,2,4,1,36,38,95,100,1.45,1.83,3.28,0,0,0,0,0,0,1,1,0,0,0,0,0,0,-1,-1,-1,-1,-1,-1,-1,-1,-1,26,26,44,63,82,32,69,69,26,8.5,4.63,5.88,2.57,/clubs/houston-dynamo-6,teams/usa-houston-dynamo.png,Houston Dynamo,/clubs/chicago-fire-7,teams/usa-chicago-fire.png,Chicago Fire,1.35,0.94,1.5,0.63,1.2,0.93,76,76,57,38,19,63,44,32,1.28,1.58,2.86,/usa/houston-dynamo-vs-chicago-fire-h2h-stats#1541226,6969,34,True,True,False,False,False,False,False,"['23', '45+2']",[]
MLS,2022,6969,1541227,677446,1015,2022,complete,83993,0,-1,"['87', '90']",['65'],2,1,3,5,6,11,1,3,3,4,0,0,8,1,8,10,16,11,13,10,55,45,13864,28121.0,5,,,3,4,1.87,3.4,3.8,1.04,1.25,1.8,3.1,5.5,12.0,3.75,1.95,1.38,1.14,1.7,2.05,3.1,1.33,3.8,1.23,1.4,1.25,1.62,2.88,2.2,3.6,2.5,2.55,3.1,0,0,1.2,1.33,1.6,2.05,2.7,4.25,2.9,2.1,1.65,1.38,2.1,8.0,1.91,1.73,10.0,2.25,3.8,5.8,1.36,2.75,7.0,21.0,3.0,1.4,1.1,1.02,1.21,1.95,4.0,9.25,4.0,1.73,1.21,1.05,0,0,0,0,3,0,0,2,1,3,0,1656201600,677446,0,60,26,26,0,12147,2,1,3,1,2,5,4,7,1,2,2,2,3,4,1,43,44,97,91,1.88,1.09,2.97,0,0,0,0,0,0,1,1,0,0,0,0,0,1,-1,-1,-1,-1,-1,-1,-1,-1,-1,7,26,53,80,94,26,66,87,48,9.86,2.5,6.42,2.59,/clubs/club-internacional-de-futbol-miami-677446,teams/usa-club-internacional-de-futbol-miami.png,Inter Miami,/clubs/minnesota-united-fc-1015,teams/usa-minnesota-united-fc.png,Minnesota United,1.94,1.11,1.75,1.0,1.2,1.2,94,75,48,21,7,67,61,48,1.4,1.16,2.56,/usa/minnesota-united-fc-vs-club-internacional-de-futbol-miami-h2h-stats#1541227,6969,35,True,True,True,False,False,False,True,"['87', '90']",['65']
MLS,2022,6969,1541228,698284,13,2022,complete,83993,0,-1,"['72', '85']","['58', '68']",2,2,4,4,4,8,0,1,3,1,0,0,4,5,13,6,17,11,11,11,63,37,3,2339.0,21189,,,3,1,2.05,3.5,3.2,1.03,1.22,1.61,2.75,5.0,15.0,4.2,2.2,1.45,1.16,1.57,2.25,3.1,1.32,4.5,1.18,1.36,1.22,1.75,2.63,2.3,3.6,2.38,2.65,3.25,0,0,1.18,1.31,1.55,1.95,2.6,4.5,3.1,2.2,1.7,1.41,1.72,8.2,2.69,1.67,12.0,2.3,3.8,6.5,1.3,2.5,6.0,17.0,3.4,1.5,1.13,1.03,1.18,1.83,3.75,9.0,4.5,1.83,1.25,1.07,0,0,0,0,4,0,0,2,2,4,0,1656205200,-1,0,50,7,7,0,20738,2,1,3,4,1,0,7,1,3,0,0,1,3,1,1,72,24,125,67,1.88,1.22,3.1,0,0,0,0,0,0,1,1,0,0,1,0,1,0,-1,-1,-1,-1,-1,-1,-1,-1,-1,15,43,57,64,86,43,79,72,36,7.86,3.57,4.57,2.72,/clubs/austin-fc-698284,teams/usa-austin-fc.png,Austin,/clubs/fc-dallas-13,teams/usa-fc-dallas.png,FC Dallas,1.79,1.06,2.0,1.29,1.8,1.67,86,57,43,36,15,43,29,22,1.65,1.02,2.67,/usa/fc-dallas-vs-austin-fc-h2h-stats#1541228,6969,36,True,True,True,True,False,False,True,"['72', '85']","['58', '68']"
MLS,2022,6969,1541229,14,9,2022,complete,83993,0,-1,[],[],0,0,0,8,5,13,1,0,1,1,0,0,3,2,8,4,11,6,16,11,52,48,14023,8.0,13,,,1,1,1.8,3.6,4.0,1.04,1.3,1.7,3.4,6.5,12.0,3.5,2.15,1.33,1.11,1.75,2.0,2.6,1.44,4.2,1.2,1.27,1.29,1.9,2.5,2.2,4.33,2.2,2.58,3.75,0,0,1.2,1.33,1.6,2.05,2.7,4.25,2.9,2.1,1.65,1.38,1.64,8.5,2.66,1.57,10.0,2.6,3.3,6.5,1.4,2.75,8.0,21.0,2.75,1.4,1.08,1.02,1.22,2.0,4.2,10.0,3.9,1.7,1.19,1.05,0,0,0,0,0,0,0,0,0,0,0,1656208800,-1,0,50,22,22,0,-1,2,1,3,1,5,4,4,9,1,0,0,1,1,1,1,52,35,96,92,1.28,0.78,2.07,0,0,0,0,0,0,1,1,0,0,2,0,0,0,-1,-1,-1,-1,-1,-1,-1,-1,-1,7,22,50,71,93,29,71,86,36,11.72,4.86,3.72,2.5,/clubs/real-salt-lake-14,teams/usa-real-salt-lake.png,Real Salt Lake,/clubs/columbus-crew-9,teams/usa-columbus-crew.png,Columbus Crew,1.88,1.12,2.71,1.0,1.75,1.21,93,79,50,29,7,64,64,64,1.51,1.25,2.76,/usa/columbus-crew-vs-real-salt-lake-h2h-stats#1541229,6969,34,False,False,False,False,False,False,False,[],[]
MLS,2022,6969,1541230,15,10,2022,complete,83993,0,-1,"['74', '90+4']","['12', '42', '69']",2,3,5,4,6,10,1,1,3,3,0,0,3,4,9,7,12,11,13,9,45,55,58,23354.0,2,,,3,3,2.8,3.85,2.31,1.03,1.2,1.48,2.23,4.75,13.0,4.33,2.42,1.58,1.18,1.57,2.25,3.8,1.23,3.7,1.25,1.52,1.25,1.5,3.2,2.3,3.1,2.75,2.65,2.75,0,0,1.2,1.39,1.68,2.2,2.95,3.9,2.7,1.98,1.57,1.32,1.83,8.0,2.2,2.05,13.0,1.8,4.8,5.0,1.33,2.5,6.5,19.0,3.25,1.5,1.11,1.02,1.18,1.82,3.5,8.0,4.4,1.85,1.25,1.07,0,0,0,0,5,0,2,2,1,3,2,1664071200,10,0,67,20,54,0,-1,2,1,1,4,3,2,5,5,1,1,2,2,2,4,1,39,46,113,95,1.26,1.31,2.57,1,0,1,0,0,0,1,1,0,0,0,0,0,0,-1,-1,-1,-1,-1,-1,-1,-1,-1,20,40,57,77,97,34,74,80,57,11.8,3.26,4.87,3.04,/clubs/san-jose-earthquakes-15,teams/usa-san-jose-earthquakes.png,SJ Earthquakes,/clubs/la-galaxy-10,teams/usa-la-galaxy.png,LA Galaxy,1.59,1.22,1.6,1.07,1.0,1.39,80,60,43,23,4,67,57,34,1.7,1.51,3.21,/usa/la-galaxy-vs-san-jose-earthquakes-h2h-stats#1541230,6969,34,True,True,True,True,True,False,True,"['74', '90+4']","['12', '42', '69']"
MLS,2022,6969,1541231,20,12,2022,complete,83993,0,-1,"['45+8', '54', '62']",[],3,0,3,2,10,12,1,1,1,3,0,0,7,3,11,18,18,21,16,9,54,46,13812,42128.0,11434,,,1,3,2.15,3.3,3.1,1.04,1.28,1.8,3.1,6.0,12.0,3.6,1.95,1.36,1.12,1.67,2.1,3.0,1.35,3.8,1.23,1.39,1.3,1.65,2.88,2.2,3.6,2.5,2.6,3.1,0,0,1.2,1.39,1.7,2.2,2.95,3.9,2.65,1.98,1.57,1.32,2.1,8.0,1.95,1.73,10.0,2.25,3.8,5.5,1.36,2.75,7.0,21.0,3.0,1.4,1.1,1.02,1.22,2.0,4.2,10.0,3.9,1.7,1.2,1.05,0,0,0,0,3,1,0,2,0,2,1,1656210600,20,0,64,22,36,0,-1,2,1,1,5,1,4,6,5,1,1,0,2,2,2,1,44,54,94,93,1.94,1.92,3.86,1,0,1,0,0,0,1,1,0,0,0,2,0,0,-1,-1,-1,-1,-1,-1,-1,-1,-1,7,36,50,79,93,36,64,93,50,8.86,3.0,6.86,2.93,/clubs/portland-timbers-20,teams/usa-portland-timbers.png,Portland Timbers,/clubs/colorado-rapids-12,teams/usa-colorado-rapids.png,Colorado Rapids,1.76,0.47,1.29,0.29,1.0,1.27,93,64,50,22,7,57,50,43,1.48,1.29,2.77,/usa/colorado-rapids-vs-portland-timbers-h2h-stats#1541231,6969,34,True,True,True,False,False,False,False,"['45+8', '54', '62']",[]
MLS,2022,6969,1541232,6490,4,2022,complete,83993,0,-1,"['67', '70']",[],2,0,2,3,10,13,2,0,1,1,0,0,5,3,6,12,11,15,10,11,54,46,13893,39588.0,11574,,,1,1,2.03,3.45,3.15,1.03,1.22,1.7,2.62,4.75,14.75,3.8,2.1,1.42,1.15,1.65,2.18,3.0,1.34,4.33,1.19,1.31,1.28,1.82,2.67,2.39,4.05,2.37,2.67,3.64,0,0,1.2,1.36,1.69,2.15,2.86,4.25,2.88,2.12,1.7,1.4,1.82,8.0,2.33,1.67,12.0,2.3,3.7,6.0,1.33,2.5,5.5,13.0,3.0,1.48,1.11,1.02,1.21,1.96,4.04,8.0,4.44,1.84,1.24,1.06,0,0,0,0,2,0,0,2,0,2,0,1656270000,6490,0,63,26,25,0,-1,2,1,2,4,1,6,6,7,0,1,1,0,1,1,1,49,48,107,116,1.41,1.51,2.92,0,0,0,0,0,0,1,1,0,0,0,2,0,0,-1,-1,-1,-1,-1,-1,-1,-1,-1,13,38,63,94,100,32,82,94,50,14.75,2.75,5.88,3.07,/clubs/los-angeles-fc-6490,teams/usa-los-angeles-fc.png,Los Angeles FC,/clubs/new-york-red-bulls-4,teams/usa-new-york-red-bulls.png,New York RB,2.4,1.76,2.13,2.0,2.0,1.63,88,63,38,7,0,88,82,69,2.17,1.59,3.76,/usa/new-york-red-bulls-vs-los-angeles-fc-h2h-stats#1541232,6969,35,True,True,False,False,False,False,False,"['67', '70']",[]
MLS,2022,6969,1541233,16,2,2022,complete,83993,0,-1,"['9', '90+6']",['89'],2,1,3,4,6,10,2,1,1,4,0,0,6,5,5,5,11,10,21,12,41,59,7,12.0,27505,,,1,4,2.62,3.42,2.66,1.05,1.29,1.89,3.23,6.15,11.5,3.5,1.78,1.33,1.11,1.77,2.0,3.2,1.32,3.4,1.29,1.48,1.33,1.52,3.29,2.21,3.55,2.88,2.49,3.06,0,0,1.2,1.36,1.67,2.12,2.82,4.25,2.89,2.15,1.72,1.41,1.95,8.0,2.05,1.95,8.5,2.05,4.2,4.75,1.4,2.77,6.35,23.0,2.75,1.39,1.08,1.02,1.22,2.1,4.5,10.0,4.0,1.7,1.18,1.03,0,0,0,0,3,1,0,1,1,2,1,1656280800,16,0,35,13,7,0,-1,2,1,2,2,2,5,4,7,0,1,1,3,1,4,1,25,63,105,111,1.31,1.44,2.75,0,1,0,1,0,0,1,1,1,0,0,0,0,0,-1,-1,-1,-1,-1,-1,-1,-1,-1,0,0,10,58,84,33,68,45,7,11.6,2.63,4.33,1.52,/clubs/philadelphia-union-16,teams/usa-philadelphia-union.png,Philadelphia Union,/clubs/new-york-city-fc-2,teams/usa-new-york-city-fc.png,New York City,2.47,1.26,1.75,1.4,1.73,1.93,100,100,90,43,17,82,72,62,1.59,1.63,3.22,/usa/new-york-city-fc-vs-philadelphia-union-h2h-stats#1541233,6969,37,True,True,True,False,False,False,True,"['9', '90+6']",['89']
MLS,2022,6969,1541234,5,11,2022,complete,83993,0,-1,[],[],0,0,0,4,4,8,1,2,1,1,0,0,5,2,11,16,16,18,9,10,41,59,45125,41087.0,21032,,,1,1,2.69,3.57,2.51,1.02,1.22,1.64,2.75,5.0,15.0,4.2,2.09,1.44,1.16,1.62,2.2,3.8,1.23,3.6,1.26,1.57,1.22,1.47,3.25,2.3,3.0,2.88,2.65,2.6,0,0,1.18,1.34,1.64,2.06,2.7,4.5,2.98,2.2,1.76,1.44,1.91,8.0,2.1,2.1,11.5,1.8,4.5,5.0,1.33,2.5,6.5,17.0,3.25,1.5,1.11,1.03,1.18,1.9,3.75,8.5,4.5,1.83,1.25,1.05,0,0,0,0,0,0,0,0,0,0,0,1656288000,-1,0,79,29,65,0,15084,2,1,2,1,2,3,3,5,1,0,0,1,1,1,1,46,48,101,96,1.69,1.62,3.32,0,0,0,0,0,0,1,1,0,0,1,1,0,0,-1,-1,-1,-1,-1,-1,-1,-1,-1,36,58,79,79,93,29,72,93,72,9.0,2.58,5.0,3.5,/clubs/vancouver-whitecaps-fc-5,teams/canada-vancouver-whitecaps-fc.png,Vancouver Whitecaps,/clubs/new-england-revolution-11,teams/usa-new-england-revolution.png,New England Revolution,1.94,0.88,2.0,1.14,1.25,1.44,64,43,22,22,7,50,43,36,1.49,1.6,3.09,/usa/vancouver-whitecaps-fc-vs-new-england-revolution-h2h-stats#1541234,6969,34,False,False,False,False,False,False,False,[],[]
MLS,2022,6969,1541235,8043,2,2022,complete,83993,0,-1,"['15', '24', '30', '70']","['45', '45+2', '45+7', '52']",4,4,8,7,3,10,1,1,3,2,0,0,10,5,6,6,16,11,14,9,45,55,13967,40182.0,27505,,,3,2,3.35,3.5,2.04,1.04,1.22,1.86,2.74,4.95,14.75,4.12,2.0,1.44,1.17,1.6,2.27,4.5,1.17,3.0,1.33,1.85,1.27,1.31,4.02,2.35,2.52,3.64,2.74,2.32,0,0,1.2,1.41,1.74,2.18,2.89,4.04,2.82,2.09,1.65,1.36,2.44,8.0,1.87,2.28,14.75,1.66,6.5,3.5,1.32,2.45,5.85,12.0,3.38,1.55,1.13,1.03,1.19,1.9,3.76,8.0,4.74,1.9,1.27,1.06,0,0,0,0,8,3,3,1,1,2,6,1656545400,-1,0,45,22,23,0,-1,2,1,2,2,5,1,4,6,0,2,3,0,2,3,1,50,40,114,92,2.08,1.34,3.42,0,1,0,0,0,1,1,1,0,0,1,0,0,0,-1,-1,-1,-1,-1,-1,-1,-1,-1,15,22,45,61,92,38,69,75,30,11.21,2.71,4.79,2.48,/clubs/fc-cincinnati-8043,teams/usa-fc-cincinnati.png,FC Cincinnati,/clubs/new-york-city-fc-2,teams/usa-new-york-city-fc.png,New York City,1.41,1.26,1.29,1.17,1.44,1.8,86,79,55,40,9,79,70,47,1.78,1.6,3.38,/usa/new-york-city-fc-vs-fc-cincinnati-h2h-stats#1541235,6969,36,True,True,True,True,True,True,True,"['15', '24', '30', '70']","['45', '45+2', '45+7', '52']"
MLS,2022,6969,1541236,19,9,2022,complete,83993,0,-1,['54'],"['18', '30']",1,2,3,6,4,10,1,0,2,2,0,0,6,3,13,7,19,10,8,6,64,36,7,211.0,13,,,2,2,2.46,3.55,2.55,1.03,1.21,1.65,2.67,4.78,15.75,4.23,2.14,1.46,1.18,1.57,2.34,3.6,1.25,3.6,1.25,1.59,1.29,1.46,3.36,2.47,2.98,3.0,2.7,2.69,0,0,1.24,1.46,1.83,2.34,3.14,3.64,2.64,1.98,1.57,1.31,2.1,8.0,1.95,1.95,15.75,1.88,4.6,4.75,1.32,2.43,5.85,13.0,3.38,1.59,1.13,1.02,1.18,1.9,3.76,8.0,4.74,1.9,1.27,1.06,0,0,0,0,3,0,2,1,0,1,2,1656545400,9,0,69,26,38,0,21289,2,1,0,3,6,1,3,7,1,0,1,2,1,3,1,100,33,162,92,2.35,1.09,3.44,0,0,0,0,0,0,1,1,0,0,0,1,0,0,-1,-1,-1,-1,-1,-1,-1,-1,-1,19,25,63,76,88,38,76,76,38,10.13,3.38,3.75,2.75,/clubs/toronto-fc-19,teams/canada-toronto-fc.png,Toronto,/clubs/columbus-crew-9,teams/usa-columbus-crew.png,Columbus Crew,1.41,1.12,1.88,1.0,1.13,1.2,82,75,38,26,13,76,63,63,1.19,1.19,2.38,/usa/columbus-crew-vs-toronto-fc-h2h-stats#1541236,6969,34,True,True,True,False,False,False,True,['54'],"['18', '30']"
MLS,2022,6969,1541237,7,16,2022,complete,83993,0,-1,['68'],[],1,0,1,7,4,11,2,1,1,4,0,1,4,2,11,5,15,7,12,13,57,43,13942,10695.0,12,,,1,5,2.37,3.3,2.67,1.06,1.29,1.93,3.23,6.15,11.25,3.5,1.93,1.33,1.11,1.83,1.93,2.95,1.35,3.4,1.28,1.42,1.33,1.57,3.1,2.11,3.66,2.79,2.44,3.3,0,0,1.19,1.39,1.7,2.12,2.8,4.2,2.9,2.15,1.69,1.38,1.38,9.3,4.1,1.99,8.4,2.21,4.0,4.75,1.44,3.04,8.1,15.0,2.79,1.38,1.08,1.02,1.28,2.28,5.2,9.0,3.68,1.63,1.16,1.05,0,0,0,0,1,0,0,1,0,1,0,1656547200,7,0,57,7,36,0,-1,2,1,5,2,2,2,7,4,0,2,1,3,2,4,1,53,34,121,111,1.62,0.85,2.46,0,0,0,0,0,0,1,1,0,0,2,1,0,0,-1,-1,-1,-1,-1,-1,-1,-1,-1,0,14,43,72,79,15,57,72,50,9.86,4.0,5.71,2.07,/clubs/chicago-fire-7,teams/usa-chicago-fire.png,Chicago Fire,/clubs/philadelphia-union-16,teams/usa-philadelphia-union.png,Philadelphia Union,1.35,1.5,1.29,1.71,0.88,1.81,100,86,57,29,22,65,65,50,1.27,1.25,2.52,/usa/chicago-fire-vs-philadelphia-union-h2h-stats#1541237,6969,34,True,False,False,False,False,False,False,['68'],[]
MLS,2022,6969,1541238,18,1,2022,complete,83993,0,-1,['3'],"['18', '62']",1,2,3,4,5,9,2,0,2,2,0,0,6,5,6,8,12,13,8,7,52,48,13893,25.0,39282,,,2,2,1.98,3.4,3.55,1.01,1.26,1.86,3.02,5.6,12.75,3.73,2.0,1.37,1.13,1.74,2.04,2.7,1.42,4.33,1.18,1.26,1.3,1.95,2.54,2.35,4.52,2.27,2.63,4.02,0,0,1.22,1.43,1.78,2.25,2.98,3.82,2.74,2.04,1.62,1.34,1.87,7.8,2.42,1.7,10.25,2.57,3.3,6.5,1.37,2.81,6.75,13.0,3.24,1.47,1.1,1.02,1.23,2.05,4.3,9.0,4.2,1.77,1.22,1.05,0,0,0,0,3,1,1,0,1,1,2,1656554400,1,0,63,19,32,0,32375,2,1,1,3,3,2,4,5,1,1,1,1,2,2,1,42,39,101,119,1.49,1.46,2.95,0,0,0,0,0,0,1,1,1,0,0,0,0,0,-1,-1,-1,-1,-1,-1,-1,-1,-1,26,38,63,88,100,32,82,94,75,10.38,3.38,4.88,3.32,/clubs/seattle-sounders-fc-18,teams/usa-seattle-sounders-fc.png,Seattle Sounders,/clubs/montreal-impact-1,teams/canada-montreal-impact.png,Montreal Impact,1.76,2.06,2.0,1.38,1.53,1.63,76,63,38,13,0,63,51,38,1.6,1.33,2.93,/usa/montreal-impact-vs-seattle-sounders-fc-h2h-stats#1541238,6969,34,True,True,True,False,False,False,True,['3'],"['18', '62']"
MLS,2022,6969,1541239,6490,13,2022,complete,83993,0,-1,"['23', '57', '86']",['38'],3,1,4,5,4,9,0,1,1,2,0,0,9,3,9,10,18,13,13,13,48,52,42,39588.0,21189,,,1,2,1.65,4.0,4.45,1.03,1.19,1.57,2.47,4.33,17.25,4.62,2.28,1.53,1.21,1.65,2.18,2.7,1.41,5.5,1.11,1.2,1.26,2.27,2.27,2.51,4.99,2.02,2.85,4.44,0,0,1.19,1.4,1.72,2.16,2.84,4.15,2.86,2.12,1.67,1.37,1.39,9.1,4.05,1.58,12.75,2.75,3.1,8.5,1.31,2.54,5.65,11.0,3.44,1.55,1.14,1.03,1.18,1.86,3.64,7.5,4.9,1.94,1.29,1.07,0,0,0,0,4,1,1,2,0,2,2,1656556200,6490,0,65,23,18,0,22014,2,1,5,4,0,0,9,0,0,2,1,0,2,1,1,38,36,110,92,2.05,1.3,3.34,0,0,0,0,0,0,1,1,0,0,1,1,0,0,-1,-1,-1,-1,-1,-1,-1,-1,-1,6,47,65,82,88,35,71,82,47,11.56,3.44,5.08,2.86,/clubs/los-angeles-fc-6490,teams/usa-los-angeles-fc.png,Los Angeles FC,/clubs/fc-dallas-13,teams/usa-fc-dallas.png,FC Dallas,2.4,1.06,2.22,1.25,2.06,1.63,95,53,36,19,13,70,57,51,2.09,1.05,3.14,/usa/fc-dallas-vs-los-angeles-fc-h2h-stats#1541239,6969,36,True,True,True,True,False,False,True,"['23', '57', '86']",['38']
MLS,2022,6969,1541240,20,6,2022,complete,83993,0,-1,"['34', '36']",['65'],2,1,3,5,9,14,1,2,5,4,1,0,4,6,7,16,11,22,18,11,39,61,19912,42128.0,10669,,,6,4,1.96,3.55,3.5,1.05,1.26,1.86,2.99,5.55,9.0,3.77,2.0,1.38,1.14,1.75,2.03,2.75,1.41,4.5,1.17,1.28,1.31,1.88,2.65,2.31,4.36,2.31,2.6,3.94,0,0,1.11,1.3,1.58,1.98,2.57,5.5,3.2,2.32,1.83,1.48,1.66,8.4,2.82,1.72,9.9,2.55,3.4,6.0,1.39,2.89,6.95,13.0,3.14,1.44,1.1,1.02,1.24,2.08,4.4,9.0,4.04,1.75,1.21,1.05,0,0,0,0,3,2,0,0,1,1,2,1656556200,20,0,47,0,40,0,22932,2,1,2,4,3,5,6,8,3,3,3,1,6,4,1,29,80,86,136,1.19,2.38,3.58,1,0,1,0,0,0,1,1,0,0,1,1,0,0,-1,-1,-1,-1,-1,-1,-1,-1,-1,7,26,61,81,94,14,67,87,67,6.68,2.13,6.7,2.92,/clubs/portland-timbers-20,teams/usa-portland-timbers.png,Portland Timbers,/clubs/houston-dynamo-6,teams/usa-houston-dynamo.png,Houston Dynamo,1.76,0.76,1.5,0.86,1.12,1.31,94,75,40,20,7,66,60,40,1.54,1.16,2.7,/usa/houston-dynamo-vs-portland-timbers-h2h-stats#1541240,6969,34,True,True,True,False,False,False,True,"['34', '36']",['65']
MLS,2022,6969,1541241,711351,698284,2022,complete,83993,0,-1,[],['62'],0,1,1,3,2,5,2,0,0,0,0,0,2,2,8,3,10,5,5,13,63,37,13841,44668.0,2339,,,0,0,2.12,3.4,3.35,1.04,1.24,1.75,2.88,5.3,13.25,3.92,1.98,1.4,1.15,1.61,2.25,3.0,1.35,4.1,1.21,1.34,1.33,1.68,2.78,2.19,3.94,2.56,2.56,3.46,0,0,1.19,1.26,1.5,1.86,2.36,4.1,3.48,2.52,1.94,1.56,1.7,8.5,2.75,1.76,13.25,2.15,3.8,5.8,1.36,2.78,6.55,13.0,3.27,1.47,1.11,1.02,1.22,2.01,4.2,8.0,4.3,1.8,1.23,1.06,0,0,0,0,1,0,0,0,1,1,0,1656630000,698284,0,50,13,26,0,-1,2,-1,2,2,1,0,4,1,0,0,0,0,0,0,1,47,15,116,75,1.12,0.58,1.7,0,0,0,0,0,0,1,1,0,0,0,1,-1,-1,-1,-1,-1,-1,-1,-1,-1,-1,-1,13,26,50,69,100,19,69,94,38,10.01,3.63,5.63,2.57,/clubs/charlotte-fc-711351,teams/usa-charlotte-fc.png,Charlotte,/clubs/austin-fc-698284,teams/usa-austin-fc.png,Austin,1.82,1.44,2.25,1.63,1.18,1.75,88,76,50,32,0,88,63,51,1.47,1.25,2.72,/usa/austin-fc-vs-charlotte-fc-h2h-stats#1541241,6969,34,True,False,False,False,False,False,False,[],['62']
MLS,2022,6969,1541242,4,1016,2022,complete,83993,0,-1,"['83', '89']",['75'],2,1,3,7,2,9,3,1,3,3,0,0,2,3,14,4,16,7,7,13,42,58,58,11574.0,40852,,,3,3,1.7,3.9,4.6,1.04,1.27,1.78,3.03,5.65,13.0,3.7,1.95,1.37,1.13,1.8,1.96,2.4,1.5,4.8,1.16,1.22,1.28,2.1,2.41,2.36,4.97,2.13,2.66,4.46,0,0,1.19,1.4,1.72,2.16,2.84,4.15,2.86,2.12,1.67,1.37,1.4,9.2,3.95,1.62,10.0,2.8,2.9,7.5,1.38,2.85,6.8,13.0,3.2,1.45,1.1,1.02,1.23,2.06,4.4,9.0,4.2,1.76,1.21,1.05,0,0,0,0,3,0,0,2,1,3,0,1656633600,4,0,60,21,40,0,14122,2,1,2,1,5,1,3,6,2,2,1,1,4,2,1,54,26,151,75,1.56,0.85,2.4,1,0,1,0,0,0,1,1,0,0,1,0,0,0,-1,-1,-1,-1,-1,-1,-1,-1,-1,13,20,55,73,94,21,62,87,53,12.27,3.45,4.64,2.6,/clubs/new-york-red-bulls-4,teams/usa-new-york-red-bulls.png,New York RB,/clubs/atlanta-united-fc-1016,teams/usa-atlanta-united-fc.png,Atlanta United FC,1.28,0.65,1.25,0.57,1.53,1.27,88,81,46,27,7,68,56,50,1.67,1.57,3.24,/usa/new-york-red-bulls-vs-atlanta-united-fc-h2h-stats#1541242,6969,34,True,True,True,False,False,False,True,"['83', '89']",['75']
MLS,2022,6969,1541243,19,18,2022,complete,83993,0,-1,[],"['39', '60']",0,2,2,6,3,9,3,1,1,4,0,0,6,5,7,6,13,11,9,16,62,38,44,211.0,25,,,1,4,2.75,3.4,2.45,1.03,1.2,1.61,2.58,4.6,16.25,4.38,2.14,1.49,1.19,1.56,2.36,3.8,1.23,3.6,1.26,1.58,1.28,1.5,3.27,2.43,3.11,2.95,2.71,2.72,0,0,1.2,1.41,1.74,2.18,2.89,4.05,2.82,2.09,1.65,1.36,1.87,7.9,2.41,2.07,12.0,1.97,5.0,4.6,1.32,2.53,5.8,12.0,3.38,1.55,1.14,1.03,1.18,1.89,3.76,7.5,4.8,1.91,1.27,1.07,0,0,0,0,2,0,1,0,1,1,1,1656804600,18,0,66,24,31,0,-1,2,1,1,2,5,1,3,6,1,2,0,2,3,2,1,64,34,142,89,1.72,1.3,3.01,0,0,0,0,0,0,1,1,0,0,0,0,0,0,-1,-1,-1,-1,-1,-1,-1,-1,-1,18,18,59,73,100,35,73,88,38,8.18,2.25,3.86,2.83,/clubs/toronto-fc-19,teams/canada-toronto-fc.png,Toronto,/clubs/seattle-sounders-fc-18,teams/usa-seattle-sounders-fc.png,Seattle Sounders,1.41,0.65,1.67,1.0,1.06,1.44,82,82,41,27,0,66,55,43,1.32,1.17,2.49,/usa/seattle-sounders-fc-vs-toronto-fc-h2h-stats#1541243,6969,34,True,True,False,False,False,False,False,[],"['39', '60']"
MLS,2022,6969,1541244,1015,14,2022,complete,83993,0,-1,"['9', '45+3', '61']","['71', '76']",3,2,5,5,7,12,1,3,1,3,0,0,7,3,12,10,19,13,7,9,46,54,13851,5.0,8,,,1,3,2.1,3.7,3.0,1.04,1.25,1.68,2.75,4.75,10.0,3.75,2.02,1.4,1.15,1.62,2.2,3.2,1.3,4.0,1.2,1.36,1.29,1.6,2.75,2.1,3.5,2.5,2.4,3.25,0,0,1.14,1.3,1.58,1.98,2.57,4.8,3.2,2.32,1.83,1.48,1.61,8.6,2.96,1.88,10.5,2.24,4.0,5.8,1.36,2.5,5.5,13.0,3.0,1.5,1.12,1.02,1.22,1.91,4.0,8.0,4.0,1.8,1.22,1.06,0,0,0,0,5,2,0,1,2,3,2,1656892800,1015,0,47,7,24,0,-1,2,1,1,1,4,6,2,10,1,2,0,1,3,1,1,59,48,97,105,2.11,1.38,3.49,1,0,0,0,1,0,1,1,1,0,0,0,0,0,-1,-1,-1,-1,-1,-1,-1,-1,-1,11,18,41,65,89,12,60,77,53,11.38,3.27,4.69,2.29,/clubs/minnesota-united-fc-1015,teams/usa-minnesota-united-fc.png,Minnesota United,/clubs/real-salt-lake-14,teams/usa-real-salt-lake.png,Real Salt Lake,1.71,0.89,1.38,1.0,1.24,1.71,89,83,60,36,11,83,71,48,1.66,1.13,2.79,/usa/real-salt-lake-vs-minnesota-united-fc-h2h-stats#1541244,6969,35,True,True,True,True,True,False,True,"['9', '45+3', '61']","['71', '76']"
MLS,2022,6969,1541245,5,6490,2022,complete,83993,0,-1,['89'],[],1,0,1,12,0,12,2,0,2,2,0,0,2,0,12,7,14,7,14,12,42,58,5016,41087.0,39588,,,2,2,3.5,3.5,2.0,1.03,1.2,1.6,2.55,4.53,16.25,4.43,2.16,1.5,1.19,1.6,2.27,4.6,1.17,3.2,1.31,1.85,1.28,1.32,3.98,2.45,2.64,3.54,2.72,2.38,0,0,1.22,1.43,1.78,2.25,2.98,3.82,2.74,2.04,1.62,1.34,2.2,7.8,2.03,2.36,11.75,1.77,6.5,3.9,1.32,2.54,5.9,12.0,3.38,1.55,1.13,1.03,1.19,1.9,3.76,7.5,4.74,1.9,1.27,1.07,0,0,0,0,1,0,0,1,0,1,0,1656813600,5,0,54,7,26,0,-1,2,1,4,0,8,0,4,8,1,1,1,1,2,2,1,53,43,94,99,1.41,0.76,2.17,0,0,0,0,0,0,1,1,0,0,1,0,0,0,-1,-1,-1,-1,-1,-1,-1,-1,-1,20,20,47,75,88,22,55,81,54,8.07,2.96,5.84,2.62,/clubs/vancouver-whitecaps-fc-5,teams/canada-vancouver-whitecaps-fc.png,Vancouver Whitecaps,/clubs/los-angeles-fc-6490,teams/usa-los-angeles-fc.png,Los Angeles FC,1.94,1.53,1.88,1.86,1.24,2.12,81,81,54,25,13,48,28,28,1.51,1.48,2.99,/usa/vancouver-whitecaps-fc-vs-los-angeles-fc-h2h-stats#1541245,6969,34,True,False,False,False,False,False,False,['89'],[]
MLS,2022,6969,1541246,2,1016,2022,complete,83993,0,-1,"['37', '58']","['56', '86']",2,2,4,6,3,9,1,1,4,2,0,0,2,9,12,4,14,13,14,7,50,50,13812,27505.0,40852,,,4,2,1.65,3.9,4.75,1.03,1.21,1.68,2.25,4.67,15.75,4.32,2.02,1.62,1.18,1.69,2.11,2.4,1.5,5.75,1.12,1.12,1.22,2.38,2.15,2.25,4.6,1.85,2.6,5.0,0,0,1.19,1.35,1.65,2.09,2.78,4.4,2.93,2.18,1.74,1.42,1.53,8.5,3.28,1.48,15.75,2.7,2.62,10.0,1.31,2.4,5.65,12.0,3.44,1.57,1.14,1.03,1.18,1.86,3.64,8.0,4.9,1.94,1.29,1.06,0,0,0,0,4,1,0,1,2,3,1,1656882000,-1,0,48,18,36,0,-1,2,1,3,1,3,2,4,5,2,1,2,1,3,3,1,57,27,116,95,1.44,1.65,3.1,0,0,0,0,0,0,1,1,0,0,1,0,0,0,-1,-1,-1,-1,-1,-1,-1,-1,-1,17,23,60,77,95,35,71,78,53,11.74,3.83,4.69,2.98,/clubs/new-york-city-fc-2,teams/usa-new-york-city-fc.png,New York City,/clubs/atlanta-united-fc-1016,teams/usa-atlanta-united-fc.png,Atlanta United FC,2.06,0.65,2.22,0.5,1.75,1.19,84,78,41,24,6,78,71,66,2.06,1.48,3.54,/usa/new-york-city-fc-vs-atlanta-united-fc-h2h-stats#1541246,6969,34,True,True,True,True,False,False,True,"['37', '58']","['56', '86']"
MLS,2022,6969,1541247,9,16,2022,complete,83993,0,-1,[],[],0,0,0,6,5,11,3,1,5,2,0,0,5,2,14,3,19,5,8,23,65,35,20,13.0,12,,,5,2,2.45,3.0,3.0,1.07,1.35,1.88,3.68,7.15,9.65,3.13,1.79,1.27,1.09,1.88,1.88,2.8,1.38,3.3,1.29,1.4,1.33,1.53,3.0,1.95,3.6,2.62,2.25,3.3,0,0,1.18,1.36,1.67,2.12,2.82,4.6,2.89,2.16,1.72,1.41,1.58,8.3,3.1,1.87,9.65,2.13,3.7,5.0,1.47,3.15,8.5,15.0,2.68,1.36,1.07,1.02,1.3,2.36,5.45,10.0,3.52,1.59,1.15,1.04,0,0,0,0,0,0,0,0,0,0,0,1656891000,-1,0,46,7,19,0,-1,2,1,2,3,4,2,5,6,4,1,1,1,5,2,1,47,48,117,96,1.89,0.81,2.71,1,0,0,0,1,0,1,1,0,0,0,1,1,0,-1,-1,-1,-1,-1,-1,-1,-1,-1,0,14,41,87,100,27,75,87,47,10.07,3.52,4.59,2.41,/clubs/columbus-crew-9,teams/usa-columbus-crew.png,Columbus Crew,/clubs/philadelphia-union-16,teams/usa-philadelphia-union.png,Philadelphia Union,1.59,1.5,1.43,1.5,1.31,1.71,100,87,60,14,0,87,73,66,1.82,1.2,3.02,/usa/columbus-crew-vs-philadelphia-union-h2h-stats#1541247,6969,34,False,False,False,False,False,False,False,[],[]
MLS,2022,6969,1541248,11,8043,2022,complete,83993,0,-1,"['30', '55']","['41', '73']",2,2,4,3,4,7,5,0,1,2,0,0,7,4,10,9,17,13,7,13,55,45,13889,21032.0,40182,,,1,2,1.51,4.33,5.75,1.02,1.18,1.62,2.33,4.23,18.5,4.68,2.12,1.55,1.21,1.69,2.11,2.5,1.48,6.0,1.09,1.12,1.2,2.5,2.0,2.38,5.0,1.83,2.7,4.75,0,0,1.17,1.35,1.65,2.09,2.78,4.8,2.93,2.18,1.74,1.42,1.24,10.75,5.7,1.43,18.5,2.84,2.8,11.0,1.29,2.32,5.3,10.0,3.64,1.61,1.16,1.04,1.17,1.8,3.44,7.5,5.15,2.01,1.31,1.07,0,0,0,0,4,1,1,1,1,2,2,1656891000,-1,0,62,22,39,0,-1,2,1,1,2,2,2,3,4,1,1,0,1,2,1,1,50,45,109,123,1.93,1.44,3.36,0,0,0,0,0,0,1,1,0,0,0,0,0,0,-1,-1,-1,-1,-1,-1,-1,-1,-1,17,22,50,78,95,28,78,78,50,11.33,2.89,4.78,2.73,/clubs/new-england-revolution-11,teams/usa-new-england-revolution.png,New England Revolution,/clubs/fc-cincinnati-8043,teams/usa-fc-cincinnati.png,FC Cincinnati,1.59,1.47,1.67,1.56,1.41,1.41,84,78,50,22,6,67,56,56,1.55,1.3,2.85,/usa/new-england-revolution-vs-fc-cincinnati-h2h-stats#1541248,6969,34,True,True,True,True,False,False,True,"['30', '55']","['41', '73']"
MLS,2022,6969,1541249,8,4,2022,complete,83993,0,-1,[],['53'],0,1,1,9,1,10,0,3,1,3,0,1,3,4,13,5,16,9,10,20,63,37,42,18.0,11574,,,1,5,2.5,3.5,2.6,1.04,1.3,1.71,3.3,6.5,12.0,3.5,1.98,1.33,1.11,1.72,2.1,3.3,1.29,3.2,1.31,1.53,1.25,1.47,3.3,2.15,3.2,3.0,2.5,2.9,0,0,1.26,1.5,1.9,2.44,3.34,3.48,2.52,1.9,1.53,1.28,2.17,7.7,2.06,1.99,11.75,1.92,4.5,4.33,1.4,2.8,7.0,23.0,3.0,1.4,1.08,1.02,1.22,2.1,4.5,10.0,4.0,1.68,1.18,1.03,0,0,0,0,1,0,0,0,1,1,0,1656892800,4,0,47,18,18,0,-1,2,1,5,0,4,1,5,5,0,0,1,4,0,5,1,52,26,112,75,1.6,1.04,2.64,0,0,0,0,0,0,1,1,0,0,1,0,0,0,-1,-1,-1,-1,-1,-1,-1,-1,-1,6,18,47,70,94,18,65,82,41,9.38,1.99,6.11,2.34,/clubs/sporting-kansas-city-8,teams/usa-sporting-kansas-city.png,Sporting KC,/clubs/new-york-red-bulls-4,teams/usa-new-york-red-bulls.png,New York RB,1.71,1.76,1.38,1.78,0.89,1.61,95,83,53,31,7,70,58,35,1.28,1.58,2.86,/usa/new-york-red-bulls-vs-sporting-kansas-city-h2h-stats#1541249,6969,34,True,False,False,False,False,False,False,[],['53']
MLS,2022,6969,1541250,6,711351,2022,complete,83993,0,-1,['81'],"['28', '74']",1,2,3,5,5,10,1,0,2,3,0,0,3,5,8,10,11,15,5,10,59,41,57,10669.0,44668,,,2,3,1.95,3.4,3.75,1.05,1.3,1.81,3.4,6.5,11.0,3.4,1.86,1.3,1.1,1.78,2.0,2.65,1.42,4.0,1.22,1.3,1.25,1.8,2.7,2.2,4.0,2.45,2.5,3.75,0,0,1.18,1.35,1.65,2.09,2.78,4.6,2.93,2.18,1.74,1.42,1.77,8.1,2.58,1.8,8.8,2.47,3.4,6.5,1.4,2.85,7.0,23.0,2.95,1.4,1.08,1.02,1.25,2.15,4.5,11.0,3.75,1.66,1.18,1.02,0,0,0,0,3,0,1,1,1,2,1,1656894600,711351,0,56,22,17,0,-1,2,1,4,1,1,4,5,5,0,0,2,3,0,5,1,62,34,104,76,1.36,1.54,2.9,0,0,0,0,0,0,1,1,0,0,0,0,0,0,-1,-1,-1,-1,-1,-1,-1,-1,-1,6,6,50,78,84,39,78,73,22,9.12,3.11,5.11,2.33,/clubs/houston-dynamo-6,teams/usa-houston-dynamo.png,Houston Dynamo,/clubs/charlotte-fc-711351,teams/usa-charlotte-fc.png,Charlotte,1.35,0.65,1.67,0.22,1.24,1.11,95,95,50,22,17,67,44,44,1.3,1.23,2.53,/usa/houston-dynamo-vs-charlotte-fc-h2h-stats#1541250,6969,34,True,True,True,False,False,False,True,['81'],"['28', '74']"
MLS,2022,6969,1541251,677447,20,2022,complete,83993,0,-1,"['18', '57']","['64', '69']",2,2,4,1,6,7,3,0,1,2,0,0,9,5,2,6,11,11,8,13,47,53,7,24795.0,42128,,,1,2,1.95,3.4,3.7,1.05,1.3,1.71,3.3,6.5,11.0,3.5,1.98,1.33,1.11,1.78,2.0,2.6,1.44,4.2,1.2,1.25,1.25,1.9,2.55,2.2,4.33,2.3,2.55,4.0,0,0,1.19,1.4,1.72,2.16,2.84,4.15,2.86,2.12,1.67,1.37,1.42,9.1,3.82,1.71,9.3,2.62,3.0,7.0,1.4,2.85,7.0,23.0,2.95,1.4,1.08,1.02,1.22,2.1,4.5,10.0,4.0,1.68,1.18,1.03,0,0,0,0,4,1,0,1,2,3,1,1656894600,-1,0,73,14,53,0,-1,2,1,1,2,0,4,3,4,0,1,1,1,1,2,1,0,0,0,0,1.54,1.33,2.87,0,1,0,1,0,0,1,1,0,0,0,1,0,0,-1,-1,-1,-1,-1,-1,-1,-1,-1,17,25,47,86,86,20,64,86,62,10.66,4.34,5.0,2.61,/clubs/nashville-sc-mls-677447,teams/usa-nashville-sc-mls.png,Nashville SC,/clubs/portland-timbers-20,teams/usa-portland-timbers.png,Portland Timbers,1.41,0.94,1.5,0.78,1.53,1.22,84,75,53,14,14,59,45,31,1.58,1.13,2.71,/usa/portland-timbers-vs-nashville-sc-mls-h2h-stats#1541251,6969,34,True,True,True,True,False,False,True,"['18', '57']","['64', '69']"
MLS,2022,6969,1541252,15,7,2022,complete,83993,0,-1,"['47', '87']",['90+5'],2,1,3,4,5,9,2,0,3,2,0,0,10,6,12,10,22,16,11,17,56,44,13864,23354.0,10695,,,3,2,1.95,3.5,3.6,1.03,1.22,1.71,2.75,5.0,15.0,4.2,1.98,1.45,1.16,1.6,2.3,3.0,1.34,4.5,1.18,1.33,1.25,1.75,2.7,2.25,3.75,2.4,2.7,3.4,0,0,1.23,1.44,1.81,2.3,3.1,3.72,2.69,2.0,1.59,1.32,1.49,8.7,3.45,1.8,11.25,2.33,3.6,6.5,1.33,2.5,6.0,17.0,3.3,1.5,1.11,1.02,1.18,1.9,3.75,8.5,4.5,1.87,1.25,1.05,0,0,0,0,3,0,0,2,1,3,0,1656896400,15,0,61,30,49,0,-1,2,1,4,4,0,1,8,1,0,2,3,0,2,3,1,57,42,98,79,2.49,1.73,4.22,0,0,0,0,0,0,1,1,0,0,0,0,0,0,-1,-1,-1,-1,-1,-1,-1,-1,-1,36,54,60,78,95,36,78,84,54,10.25,3.67,4.67,3.46,/clubs/san-jose-earthquakes-15,teams/usa-san-jose-earthquakes.png,SJ Earthquakes,/clubs/chicago-fire-7,teams/usa-chicago-fire.png,Chicago Fire,1.59,0.94,1.63,0.56,0.94,1.0,65,46,41,23,6,71,42,18,1.71,1.61,3.32,/usa/chicago-fire-vs-san-jose-earthquakes-h2h-stats#1541252,6969,34,True,True,True,False,False,False,True,"['47', '87']",['90+5']
MLS,2022,6969,1541253,17,13401,2022,complete,83993,0,-1,"['57', '66', '80']","['5', '8', '51', '74', '90+6']",3,5,8,9,2,11,0,0,1,1,0,0,6,6,16,3,22,9,11,14,73,27,3,21031.0,36107,,,1,1,1.74,3.45,3.8,1.04,1.22,1.85,2.7,4.8,10.0,3.7,1.85,1.38,1.14,1.66,2.1,2.85,1.38,4.4,1.18,1.29,1.28,1.8,2.5,2.2,3.9,2.25,2.6,3.6,0,0,1.26,1.5,1.9,2.44,3.34,3.48,2.52,1.9,1.53,1.28,1.69,8.1,2.78,1.67,14.0,2.28,3.5,6.5,1.34,2.55,6.25,16.5,2.95,1.46,1.1,1.01,1.19,1.9,3.8,8.75,4.2,1.78,1.23,1.06,0,0,0,0,8,0,2,3,3,6,2,1656975600,13401,0,57,29,15,0,-1,2,1,5,2,4,0,7,4,0,0,1,1,0,2,1,81,22,138,54,2.39,1.15,3.54,1,0,1,0,0,0,1,1,0,2,0,1,0,0,-1,-1,-1,-1,-1,-1,-1,-1,-1,15,29,71,78,100,44,63,100,40,7.0,2.46,4.75,2.98,/clubs/orlando-city-sc-17,teams/usa-orlando-city-sc.png,Orlando City,/clubs/dc-united-13401,teams/usa-dc-united.png,DC United,1.59,0.65,1.5,0.67,1.47,0.93,86,71,29,23,0,42,29,17,1.45,1.09,2.54,/usa/orlando-city-sc-vs-dc-united-h2h-stats#1541253,6969,34,True,True,True,True,True,True,True,"['57', '66', '80']","['5', '8', '51', '74', '90+6']"
MLS,2022,6969,1541254,12,698284,2022,complete,83993,0,-1,"['19', '22']","['28', '45+1', '59']",2,3,5,4,2,6,0,3,0,2,0,1,3,6,13,4,16,10,8,13,44,56,13893,11434.0,2339,,,0,3,1.52,3.9,4.7,1.03,1.22,1.63,2.9,5.0,15.0,4.2,2.13,1.42,1.16,1.66,2.1,2.7,1.42,5.0,1.16,1.23,1.27,1.95,2.35,2.2,4.33,2.1,2.65,3.9,0,0,1.18,1.33,1.62,2.04,2.69,4.5,3.04,2.24,1.78,1.44,1.46,8.8,3.6,1.62,12.0,2.5,3.0,7.5,1.33,2.45,6.0,15.5,3.0,1.47,1.11,1.02,1.19,1.87,3.7,8.5,4.33,1.82,1.24,1.06,0,0,0,0,5,2,2,0,1,1,4,1656982800,698284,0,46,6,17,0,18084,2,1,2,2,2,0,4,2,0,2,0,1,2,1,1,41,30,59,84,1.51,1.28,2.78,0,0,0,0,0,0,1,1,0,0,0,0,0,0,-1,-1,-1,-1,-1,-1,-1,-1,-1,11,23,46,71,94,24,66,88,35,8.77,4.33,5.96,2.45,/clubs/colorado-rapids-12,teams/usa-colorado-rapids.png,Colorado Rapids,/clubs/austin-fc-698284,teams/usa-austin-fc.png,Austin,2.06,1.44,2.13,1.78,1.19,1.82,89,78,54,29,7,77,53,53,1.49,1.18,2.67,/usa/colorado-rapids-vs-austin-fc-h2h-stats#1541254,6969,34,True,True,True,True,True,False,True,"['19', '22']","['28', '45+1', '59']"
MLS,2022,6969,1541255,13,677446,2022,complete,83993,0,-1,['27'],['88'],1,1,2,6,9,15,1,3,0,1,0,0,5,6,6,9,11,15,7,6,57,43,58,21189.0,28121,,,0,1,1.37,4.25,6.1,1.03,1.22,1.6,3.0,5.5,13.0,4.0,2.19,1.4,1.14,1.75,2.0,2.3,1.55,5.25,1.14,1.16,1.18,2.35,2.2,2.35,5.0,1.95,2.8,4.75,0,0,1.2,1.41,1.74,2.18,2.89,4.1,2.82,2.09,1.65,1.36,1.22,11.25,6.0,1.48,11.0,3.0,2.7,9.0,1.33,2.6,6.0,19.0,3.25,1.47,1.11,1.01,1.2,1.95,4.0,9.0,4.33,1.8,1.22,1.04,0,0,0,0,2,1,0,0,1,1,1,1656982800,-1,0,46,20,20,0,19096,2,1,3,3,3,6,6,9,0,0,0,1,0,1,1,40,54,103,76,1.34,1.75,3.09,0,0,0,0,0,0,1,1,0,0,1,1,0,0,-1,-1,-1,-1,-1,-1,-1,-1,-1,14,27,40,79,93,40,73,73,45,8.34,2.93,4.84,2.59,/clubs/fc-dallas-13,teams/usa-fc-dallas.png,FC Dallas,/clubs/club-internacional-de-futbol-miami-677446,teams/usa-club-internacional-de-futbol-miami.png,Inter Miami,1.94,0.83,2.0,0.57,1.53,1.31,87,73,61,22,7,47,40,40,1.57,1.16,2.73,/usa/fc-dallas-vs-club-internacional-de-futbol-miami-h2h-stats#1541255,6969,35,True,True,False,False,False,False,True,['27'],['88']
MLS,2022,6969,1541256,10,1,2022,complete,83993,0,-1,"['8', '45+4', '60', '79']",[],4,0,4,4,7,11,3,2,1,2,0,0,4,2,10,10,14,12,9,13,38,62,13841,2.0,39282,,,1,2,1.64,3.7,4.05,1.02,1.18,1.63,2.3,4.33,17.0,4.75,2.13,1.6,1.2,1.58,2.2,2.87,1.37,5.25,1.14,1.24,1.25,1.98,2.3,2.25,4.1,2.05,2.7,3.8,0,0,1.22,1.43,1.77,2.25,2.98,3.82,2.74,2.05,1.62,1.34,1.42,9.0,3.84,1.6,13.0,2.5,3.2,7.5,1.3,2.35,5.5,14.0,3.2,1.52,1.13,1.02,1.16,1.78,3.4,7.5,4.6,1.9,1.27,1.07,0,0,0,0,4,2,0,2,0,2,2,1656988200,10,0,67,17,22,0,23855,2,1,4,5,0,2,9,2,1,1,0,1,2,1,1,30,76,79,111,1.38,1.45,2.83,1,0,1,0,0,0,1,1,1,0,2,0,0,0,-1,-1,-1,-1,-1,-1,-1,-1,-1,28,33,62,84,100,39,78,95,50,13.0,2.56,5.56,3.23,/clubs/la-galaxy-10,teams/usa-la-galaxy.png,LA Galaxy,/clubs/montreal-impact-1,teams/canada-montreal-impact.png,Montreal Impact,1.72,2.06,1.44,1.56,1.5,1.71,73,67,39,17,0,78,67,56,1.73,1.35,3.08,/usa/montreal-impact-vs-la-galaxy-h2h-stats#1541256,6969,36,True,True,True,True,False,False,False,"['8', '45+4', '60', '79']",[]
MLS,2022,6969,1541257,16,13401,2022,complete,83993,0,-1,"['9', '22', '25', '36', '45+2', '59', '72']",[],7,0,7,2,8,10,0,2,0,2,0,0,12,3,10,5,22,8,7,10,54,46,15,12.0,36107,,,0,2,1.75,3.9,4.3,1.05,1.25,1.69,2.75,4.75,9.0,3.75,2.0,1.4,1.15,1.8,1.95,2.4,1.5,4.8,1.16,1.2,1.26,2.05,2.3,2.25,5.0,2.0,2.6,4.5,0,0,1.25,1.47,1.85,2.38,3.25,3.7,2.55,1.95,1.54,1.3,1.38,8.0,3.7,1.44,9.9,2.88,2.9,8.0,1.36,2.63,7.0,21.0,3.0,1.44,1.1,1.02,1.21,1.98,4.1,9.75,4.0,1.71,1.2,1.05,0,0,0,0,7,5,0,2,0,2,5,1657323000,16,0,57,26,26,0,-1,2,1,1,2,1,6,3,7,0,1,0,1,1,1,1,52,33,89,98,2.59,0.97,3.56,1,0,0,0,1,0,1,1,1,0,0,0,0,0,-1,-1,-1,-1,-1,-1,-1,-1,-1,15,22,41,75,95,40,68,78,26,7.32,2.81,4.29,2.68,/clubs/philadelphia-union-16,teams/usa-philadelphia-union.png,Philadelphia Union,/clubs/dc-united-13401,teams/usa-dc-united.png,DC United,2.47,0.65,1.89,1.0,1.67,1.06,86,79,59,26,6,55,55,50,1.56,1.1,2.66,/usa/philadelphia-union-vs-dc-united-h2h-stats#1541257,6969,34,True,True,True,True,True,True,False,"['9', '22', '25', '36', '45+2', '59', '72']",[]
MLS,2022,6969,1541258,6490,10,2022,complete,83993,0,-1,"['17', '70', '72']","['55', '81']",3,2,5,4,6,10,4,4,1,4,0,0,5,6,5,10,10,16,13,12,44,56,7,39588.0,2,,,1,4,1.86,4.0,3.7,1.02,1.16,1.47,2.17,3.75,13.0,5.0,2.45,1.61,1.25,1.5,2.5,3.2,1.31,5.75,1.12,1.26,1.24,1.95,2.3,2.5,4.0,2.0,2.8,3.75,0,0,1.18,1.34,1.61,2.02,2.7,4.5,3.1,2.23,1.74,1.44,1.41,8.0,3.5,1.5,19.25,2.5,3.9,7.5,1.25,2.2,5.0,13.0,3.75,1.62,1.17,1.04,1.14,1.68,3.1,6.75,5.0,2.05,1.32,1.09,0,0,0,0,5,1,0,2,2,4,1,1657332000,6490,0,57,27,32,0,-1,2,1,3,2,1,4,5,5,0,2,1,2,2,3,1,49,68,108,109,1.35,1.92,3.27,0,0,0,0,0,0,1,1,0,0,0,0,0,1,-1,-1,-1,-1,-1,-1,-1,-1,-1,12,40,50,72,93,40,62,86,52,13.91,3.11,4.63,2.65,/clubs/los-angeles-fc-6490,teams/usa-los-angeles-fc.png,Los Angeles FC,/clubs/la-galaxy-10,teams/usa-la-galaxy.png,LA Galaxy,2.4,1.22,2.3,1.57,2.0,1.59,88,61,51,29,7,81,76,55,2.09,1.46,3.55,/usa/la-galaxy-vs-los-angeles-fc-h2h-stats#1541258,6969,36,True,True,True,True,True,False,True,"['17', '70', '72']","['55', '81']"
MLS,2022,6969,1541259,5,1015,2022,complete,83993,0,-1,['66'],"['71', '84', '88']",1,3,4,7,8,15,0,0,0,1,0,0,2,6,8,9,10,15,8,8,48,52,58,41087.0,5,,,0,1,2.38,3.45,2.87,1.04,1.28,1.9,3.1,6.0,13.0,3.6,1.78,1.36,1.12,1.7,2.05,3.25,1.3,3.4,1.28,1.44,1.31,1.51,3.1,2.2,3.4,2.75,2.45,3.0,0,0,1.24,1.44,1.8,2.3,3.15,3.85,2.65,2.0,1.57,1.33,1.79,7.0,2.4,1.8,10.0,2.1,4.4,4.8,1.36,2.75,8.0,21.0,3.0,1.4,1.08,1.02,1.22,2.0,4.1,9.75,3.9,1.7,1.2,1.05,0,0,0,0,4,0,0,1,3,4,0,1657333800,1015,0,56,6,28,0,-1,2,1,5,3,2,5,8,7,0,1,0,0,1,0,1,51,43,85,97,1.14,1.68,2.82,0,0,0,0,0,0,1,1,0,0,1,1,0,0,-1,-1,-1,-1,-1,-1,-1,-1,-1,17,22,50,61,89,11,45,84,56,9.11,2.55,5.67,2.45,/clubs/vancouver-whitecaps-fc-5,teams/canada-vancouver-whitecaps-fc.png,Vancouver Whitecaps,/clubs/minnesota-united-fc-1015,teams/usa-minnesota-united-fc.png,Minnesota United,1.94,1.11,2.0,1.11,1.33,1.33,84,78,50,39,11,56,50,45,1.5,1.17,2.67,/usa/vancouver-whitecaps-fc-vs-minnesota-united-fc-h2h-stats#1541259,6969,34,True,True,True,True,False,False,True,['66'],"['71', '84', '88']"
MLS,2022,6969,1541260,2,11,2022,complete,83993,0,-1,"['10', '44', '49', '82']","['18', '77']",4,2,6,10,2,12,0,2,2,1,0,1,8,6,12,3,20,9,10,10,60,40,13841,27505.0,21032,,,2,3,1.66,3.9,4.75,1.02,1.18,1.74,2.55,4.33,17.0,4.75,2.07,1.52,1.2,1.62,2.2,2.65,1.43,5.75,1.12,1.19,1.23,2.2,2.2,2.4,4.75,1.91,2.8,4.33,0,0,1.18,1.34,1.61,2.02,2.7,4.5,3.1,2.23,1.74,1.44,1.33,8.5,4.0,1.44,12.75,2.75,2.9,9.0,1.29,2.38,5.5,15.0,3.5,1.53,1.14,1.03,1.16,1.75,3.3,7.25,4.75,1.93,1.28,1.08,0,0,0,0,6,2,1,2,1,3,3,1657386000,2,0,64,30,58,0,-1,2,1,5,1,5,1,6,6,1,1,1,1,2,2,1,51,36,110,86,2.19,1.26,3.45,3,0,2,0,1,0,1,1,1,0,0,0,0,0,-1,-1,-1,-1,-1,-1,-1,-1,-1,34,58,69,84,89,45,79,79,68,11.48,3.58,5.1,3.58,/clubs/new-york-city-fc-2,teams/usa-new-york-city-fc.png,New York City,/clubs/new-england-revolution-11,teams/usa-new-england-revolution.png,New England Revolution,2.06,0.88,2.1,1.13,1.71,1.39,67,43,32,17,12,67,62,50,2.0,1.61,3.61,/usa/new-york-city-fc-vs-new-england-revolution-h2h-stats#1541260,6969,34,True,True,True,True,True,True,True,"['10', '44', '49', '82']","['18', '77']"
MLS,2022,6969,1541261,18,20,2022,complete,83993,0,-1,[],"['24', '82', '85']",0,3,3,8,0,8,5,0,3,4,1,0,3,8,12,3,15,11,12,10,57,43,11,25.0,42128,,,4,4,1.8,3.6,3.9,1.03,1.22,1.67,2.9,5.5,13.0,4.0,2.05,1.4,1.15,1.67,2.1,2.7,1.42,4.8,1.16,1.24,1.26,1.95,2.4,2.3,4.33,2.1,2.6,3.75,0,0,1.2,1.38,1.67,2.12,2.85,4.25,2.9,2.12,1.67,1.38,1.46,8.0,3.3,1.53,11.25,2.6,3.2,7.5,1.33,2.63,6.5,19.0,3.25,1.44,1.11,1.02,1.19,1.88,3.75,8.75,4.2,1.8,1.23,1.06,0,0,0,0,3,0,1,0,2,2,1,1657398600,20,0,68,16,41,0,47722,2,1,4,0,4,0,4,4,1,1,3,3,2,6,1,63,35,117,88,1.62,1.51,3.13,0,1,0,1,0,0,1,1,0,0,0,0,0,1,-1,-1,-1,-1,-1,-1,-1,-1,-1,21,37,59,84,95,27,79,90,64,9.94,2.16,4.68,2.95,/clubs/seattle-sounders-fc-18,teams/usa-seattle-sounders-fc.png,Seattle Sounders,/clubs/portland-timbers-20,teams/usa-portland-timbers.png,Portland Timbers,1.76,0.94,1.78,0.8,1.53,1.21,80,64,42,16,5,64,42,37,1.59,1.15,2.74,/usa/seattle-sounders-fc-vs-portland-timbers-h2h-stats#1541261,6969,34,True,True,True,False,False,False,False,[],"['24', '82', '85']"
MLS,2022,6969,1541262,1016,698284,2022,complete,83993,0,-1,[],"['9', '17', '57']",0,3,3,9,0,9,1,1,1,1,0,0,5,4,15,6,20,10,10,14,62,38,57,40852.0,2339,,,1,1,2.1,3.4,3.2,1.03,1.2,1.67,2.1,4.33,11.0,4.33,2.05,1.65,1.2,1.53,2.38,2.87,1.37,5.0,1.15,1.29,1.25,1.8,2.5,2.4,4.0,2.2,2.5,3.5,0,0,1.17,1.32,1.58,2.0,2.6,4.7,3.2,2.28,1.8,1.46,1.46,8.0,3.3,1.57,13.0,2.4,3.6,6.5,1.29,2.38,5.5,15.0,3.5,1.53,1.14,1.03,1.17,1.73,3.5,8.0,5.0,2.0,1.29,1.08,0,0,0,0,3,0,2,0,1,1,2,1657407600,698284,0,73,29,34,0,-1,2,1,1,0,8,0,1,8,1,1,0,0,2,0,1,65,46,131,69,2.08,1.24,3.33,0,0,0,0,0,0,1,1,0,1,0,0,0,0,-1,-1,-1,-1,-1,-1,-1,-1,-1,28,45,73,79,94,47,68,94,50,10.2,4.9,5.8,3.24,/clubs/atlanta-united-fc-1016,teams/usa-atlanta-united-fc.png,Atlanta United FC,/clubs/austin-fc-698284,teams/usa-austin-fc.png,Austin,1.71,1.44,1.88,1.9,1.18,1.89,73,55,28,22,7,67,57,57,1.89,1.19,3.08,/usa/atlanta-united-fc-vs-austin-fc-h2h-stats#1541262,6969,34,True,True,True,False,False,False,False,[],"['9', '17', '57']"
MLS,2022,6969,1541263,711351,677447,2022,complete,83993,0,-1,"['26', '61', '89', '90+1']",['67'],4,1,5,3,10,13,0,1,0,3,0,0,6,7,7,14,13,21,9,12,61,39,13893,44668.0,24795,,,0,3,2.4,3.2,2.8,1.07,1.36,1.95,3.75,7.0,7.5,3.0,1.75,1.25,1.08,1.85,1.85,2.75,1.4,3.25,1.3,1.35,1.33,1.57,3.1,1.95,3.5,2.8,2.25,3.1,0,0,1.24,1.44,1.8,2.3,3.15,3.85,2.65,2.0,1.57,1.33,1.71,7.0,2.55,1.88,8.0,2.25,4.0,4.75,1.5,3.25,7.5,15.0,2.5,1.33,1.07,1.02,1.3,2.3,4.75,11.0,3.4,1.57,1.15,1.03,0,0,0,0,5,1,0,3,1,4,1,1657407600,711351,0,39,10,15,0,-1,2,1,1,4,2,6,5,8,0,1,0,2,1,2,1,45,44,103,80,1.57,2.12,3.7,1,1,1,1,0,0,1,1,0,0,1,1,0,0,-1,-1,-1,-1,-1,-1,-1,-1,-1,0,19,34,65,100,19,70,90,24,8.65,2.84,4.22,2.17,/clubs/charlotte-fc-711351,teams/usa-charlotte-fc.png,Charlotte,/clubs/nashville-sc-mls-677447,teams/usa-nashville-sc-mls.png,Nashville SC,1.82,1.44,2.0,1.55,1.21,1.5,100,81,67,36,0,76,46,30,1.43,1.11,2.54,/usa/nashville-sc-mls-vs-charlotte-fc-h2h-stats#1541263,6969,34,True,True,True,True,True,False,True,"['26', '61', '89', '90+1']",['67']
MLS,2022,6969,1541264,8043,4,2022,complete,83993,0,-1,['20'],['29'],1,1,2,0,4,4,1,3,3,2,2,0,5,3,6,5,11,8,1,0,45,55,13812,40182.0,11574,,,6,2,2.75,3.4,2.35,1.05,1.25,1.67,2.75,5.0,9.0,3.75,2.1,1.4,1.14,1.62,2.2,3.8,1.23,3.25,1.3,1.57,1.25,1.4,3.25,2.25,3.0,2.88,2.4,2.6,0,0,1.24,1.44,1.8,2.3,3.15,3.85,2.65,2.0,1.57,1.33,2.06,7.0,2.06,2.1,12.0,1.8,5.5,4.0,1.33,2.63,6.5,19.0,3.25,1.44,1.11,1.02,1.22,1.91,4.0,8.0,4.0,1.8,1.22,1.06,0,0,0,0,2,1,1,0,0,0,2,1657409400,-1,0,52,30,29,0,-1,2,1,0,1,0,3,1,3,2,2,3,0,4,3,1,23,58,95,127,1.22,1.15,2.37,0,1,0,1,0,0,1,1,0,0,0,0,1,0,-1,-1,-1,-1,-1,-1,-1,-1,-1,24,35,52,78,100,30,68,95,50,10.5,2.93,5.68,3.19,/clubs/fc-cincinnati-8043,teams/usa-fc-cincinnati.png,FC Cincinnati,/clubs/new-york-red-bulls-4,teams/usa-new-york-red-bulls.png,New York RB,1.41,1.76,1.25,1.9,1.39,1.68,77,65,49,23,0,77,72,44,1.82,1.53,3.35,/usa/new-york-red-bulls-vs-fc-cincinnati-h2h-stats#1541264,6969,35,True,True,False,False,False,False,True,['20'],['29']
MLS,2022,6969,1541265,1,8,2022,complete,83993,0,-1,['13'],"['29', '63']",1,2,3,12,1,13,2,0,1,3,0,0,5,3,11,4,16,7,12,16,65,35,13967,39282.0,18,,,1,3,1.8,3.6,4.0,1.05,1.25,1.7,2.75,5.0,9.0,3.75,2.05,1.4,1.14,1.7,2.05,2.5,1.47,5.0,1.15,1.2,1.25,2.0,2.38,2.3,4.5,2.05,2.5,4.0,0,0,1.3,1.56,2.0,2.63,3.65,3.3,2.33,1.8,1.45,1.26,1.38,8.0,3.7,1.5,10.25,2.75,3.1,8.0,1.33,2.63,6.5,19.0,3.25,1.44,1.11,1.02,1.2,1.91,4.0,10.0,4.33,1.8,1.22,1.06,0,0,0,0,3,1,1,0,1,1,2,1657409400,8,0,74,18,45,0,-1,2,1,3,0,9,1,3,10,1,1,0,2,2,2,1,60,26,123,72,1.8,0.85,2.65,0,0,0,0,0,0,1,1,0,0,0,0,0,0,-1,-1,-1,-1,-1,-1,-1,-1,-1,18,33,74,84,95,23,84,95,68,8.0,2.13,4.4,3.35,/clubs/montreal-impact-1,teams/canada-montreal-impact.png,Montreal Impact,/clubs/sporting-kansas-city-8,teams/usa-sporting-kansas-city.png,Sporting KC,1.74,0.65,1.88,0.5,1.61,0.84,83,68,27,17,5,35,24,18,1.47,1.12,2.59,/usa/montreal-impact-vs-sporting-kansas-city-h2h-stats#1541265,6969,34,True,True,True,False,False,False,True,['13'],"['29', '63']"
MLS,2022,6969,1541266,17,677446,2022,complete,83993,0,-1,['90+2'],[],1,0,1,2,6,8,2,1,1,1,0,0,2,1,8,8,10,9,12,19,55,45,20,21031.0,28121,,,1,1,1.8,3.4,4.0,1.03,1.25,1.83,3.1,5.5,13.0,3.75,1.87,1.38,1.14,1.8,1.95,2.4,1.51,4.8,1.16,1.19,1.26,2.05,2.3,2.25,4.75,2.0,2.6,4.33,0,0,1.26,1.48,1.88,2.43,3.3,3.65,2.55,1.93,1.52,1.3,1.38,8.0,3.7,1.5,10.0,2.88,2.8,8.0,1.36,2.63,7.0,19.0,3.0,1.44,1.1,1.02,1.21,1.98,4.0,9.5,4.0,1.73,1.21,1.05,0,0,0,0,1,0,0,1,0,1,0,1657419840,17,0,53,18,18,0,-1,2,1,2,3,0,3,5,3,1,0,0,1,1,1,1,43,48,119,83,1.1,0.99,2.09,0,0,0,0,0,0,1,1,0,0,0,2,0,0,-1,-1,-1,-1,-1,-1,-1,-1,-1,18,29,52,76,94,35,77,88,40,8.5,2.63,4.61,2.96,/clubs/orlando-city-sc-17,teams/usa-orlando-city-sc.png,Orlando City,/clubs/club-internacional-de-futbol-miami-677446,teams/usa-club-internacional-de-futbol-miami.png,Inter Miami,1.59,0.83,1.33,0.63,1.39,1.29,83,71,49,25,7,53,36,25,1.56,1.23,2.79,/usa/orlando-city-sc-vs-club-internacional-de-futbol-miami-h2h-stats#1541266,6969,35,True,False,False,False,False,False,False,['90+2'],[]
MLS,2022,6969,1541267,19,15,2022,complete,83993,0,-1,"['71', '75']","['26', '90+2']",2,2,4,7,3,10,0,2,1,1,0,0,5,3,8,6,13,9,0,1,56,44,24,211.0,23354,,,1,1,2.3,3.3,2.87,1.03,1.2,1.7,2.25,4.0,11.0,4.33,2.05,1.62,1.22,1.53,2.38,3.25,1.3,4.2,1.2,1.36,1.25,1.67,2.63,2.38,3.5,2.38,2.5,3.1,0,0,1.22,1.42,1.74,2.23,3.0,4.0,2.75,2.02,1.61,1.35,1.64,7.5,2.7,1.67,17.5,2.2,4.0,5.8,1.29,2.38,5.5,15.0,3.5,1.53,1.14,1.03,1.2,1.8,3.5,7.0,4.33,1.91,1.29,1.08,0,0,0,0,4,0,1,2,1,3,1,1657409400,-1,0,59,28,28,0,-1,2,1,5,0,2,3,5,5,0,0,1,1,0,2,1,55,30,130,108,1.58,1.01,2.59,0,0,0,0,0,0,1,1,0,0,2,0,0,0,-1,-1,-1,-1,-1,-1,-1,-1,-1,29,29,65,83,94,38,77,83,34,9.0,2.05,3.9,3.18,/clubs/toronto-fc-19,teams/canada-toronto-fc.png,Toronto,/clubs/san-jose-earthquakes-15,teams/usa-san-jose-earthquakes.png,SJ Earthquakes,1.41,0.47,1.5,0.25,1.0,1.06,72,72,35,18,7,70,49,44,1.36,1.32,2.68,/usa/san-jose-earthquakes-vs-toronto-fc-h2h-stats#1541267,6969,34,True,True,True,True,False,False,True,"['71', '75']","['26', '90+2']"
MLS,2022,6969,1541268,7,9,2022,complete,83993,0,-1,"['29', '41']","['63', '75', '83']",2,3,5,2,1,3,3,1,5,3,1,0,4,4,10,6,14,10,19,16,43,57,13851,10695.0,13,,,7,3,2.25,3.3,3.0,1.05,1.3,1.8,3.3,6.5,11.0,3.5,1.95,1.33,1.11,1.75,2.0,2.75,1.4,3.8,1.23,1.31,1.31,1.7,2.75,2.2,4.0,2.38,2.45,3.5,0,0,1.22,1.42,1.74,2.23,3.0,4.0,2.75,2.02,1.61,1.35,1.58,7.5,2.88,1.67,9.0,2.4,3.5,5.8,1.4,2.75,8.0,21.0,2.75,1.4,1.08,1.02,1.23,2.05,4.33,10.5,3.75,1.66,1.18,1.04,0,0,0,0,5,2,0,0,3,3,2,1657411200,9,0,47,6,29,0,15157,2,1,1,0,1,1,1,2,2,1,4,2,3,6,1,38,40,89,84,1.44,1.21,2.65,0,0,0,0,0,0,1,1,0,0,0,0,0,1,-1,-1,-1,-1,-1,-1,-1,-1,-1,6,18,41,53,71,17,53,65,36,10.72,4.5,4.66,1.92,/clubs/chicago-fire-7,teams/usa-chicago-fire.png,Chicago Fire,/clubs/columbus-crew-9,teams/usa-columbus-crew.png,Columbus Crew,1.35,1.12,1.5,1.22,0.94,1.29,95,83,60,48,30,59,59,41,1.32,1.18,2.5,/usa/chicago-fire-vs-columbus-crew-h2h-stats#1541268,6969,34,True,True,True,True,True,False,True,"['29', '41']","['63', '75', '83']"
MLS,2022,6969,1541269,6,13,2022,complete,83993,0,-1,"['69', '90+11']","['27', '90+3']",2,2,4,8,2,10,2,1,3,5,0,1,7,6,12,7,19,13,11,10,60,40,13889,10669.0,21189,,,3,6,2.2,3.4,2.9,1.04,1.25,1.7,2.95,5.5,13.0,3.75,2.05,1.4,1.14,1.62,2.2,3.3,1.29,3.7,1.25,1.43,1.31,1.53,3.0,2.2,3.4,2.75,2.5,2.88,0,0,1.22,1.42,1.74,2.23,3.0,4.0,2.75,2.02,1.61,1.35,1.71,7.5,2.55,1.8,13.25,2.1,4.0,5.5,1.36,2.63,7.0,21.0,3.0,1.44,1.1,1.02,1.2,1.93,3.9,9.0,4.1,1.75,1.22,1.05,0,0,0,0,4,0,1,2,1,3,1,1657413000,-1,0,59,26,16,0,21284,2,1,1,2,7,0,3,7,1,2,2,4,3,6,1,55,12,105,43,2.08,1.32,3.41,0,0,0,0,0,0,1,1,0,0,0,0,0,0,-1,-1,-1,-1,-1,-1,-1,-1,-1,5,33,54,69,79,37,74,64,32,7.71,3.68,5.77,2.49,/clubs/houston-dynamo-6,teams/usa-houston-dynamo.png,Houston Dynamo,/clubs/fc-dallas-13,teams/usa-fc-dallas.png,FC Dallas,1.35,1.06,1.5,1.11,1.17,1.5,95,67,47,32,21,63,36,26,1.31,1.07,2.38,/usa/houston-dynamo-vs-fc-dallas-h2h-stats#1541269,6969,34,True,True,True,True,False,False,True,"['69', '90+11']","['27', '90+3']"
MLS,2022,6969,1541270,14,12,2022,complete,83993,0,-1,"['45+3', '51']","['67', '89']",2,2,4,2,6,8,1,2,4,3,0,0,2,4,11,10,13,14,8,11,51,49,19912,8.0,11434,,,4,3,1.83,3.5,4.0,1.04,1.28,1.8,3.3,6.0,12.0,3.6,1.95,1.33,1.12,1.75,2.0,2.6,1.44,4.5,1.18,1.24,1.28,1.9,2.5,2.2,4.33,2.2,2.55,3.75,0,0,1.22,1.42,1.74,2.23,3.0,4.0,2.75,2.02,1.61,1.35,1.47,7.5,3.25,1.57,10.0,2.6,3.1,7.0,1.36,2.75,7.0,21.0,3.0,1.4,1.1,1.02,1.21,1.98,4.0,9.5,4.0,1.72,1.21,1.05,0,0,0,0,4,1,0,1,2,3,1,1657418400,-1,0,51,32,7,0,20242,2,1,2,4,0,2,6,2,1,1,3,2,2,5,1,47,26,86,61,1.3,1.35,2.65,0,1,0,1,0,0,1,1,0,0,0,1,0,0,-1,-1,-1,-1,-1,-1,-1,-1,-1,0,19,57,76,94,38,69,94,38,11.5,3.88,5.13,2.44,/clubs/real-salt-lake-14,teams/usa-real-salt-lake.png,Real Salt Lake,/clubs/colorado-rapids-12,teams/usa-colorado-rapids.png,Colorado Rapids,1.88,0.47,2.5,0.25,1.61,1.12,100,82,44,26,7,63,63,63,1.48,1.37,2.85,/usa/colorado-rapids-vs-real-salt-lake-h2h-stats#1541270,6969,34,True,True,True,True,False,False,True,"['45+3', '51']","['67', '89']"
MLS,2022,6969,1541271,698284,6,2022,complete,83993,0,-1,"['15', '57', '70']",['11'],3,1,4,5,1,6,2,3,1,3,0,0,6,2,10,6,16,8,8,6,50,50,11,2339.0,10669,,,1,3,1.7,4.07,4.36,1.04,1.22,1.63,2.62,4.5,10.0,4.0,2.15,1.44,1.17,1.67,2.1,2.63,1.43,5.25,1.13,1.2,1.25,2.05,2.15,2.38,4.2,2.0,2.6,4.2,0,0,1.11,1.29,1.61,1.97,2.46,5.5,3.3,2.23,1.83,1.49,1.41,10.0,3.72,1.54,16.25,2.51,3.1,8.0,1.3,2.3,5.0,11.0,3.4,1.57,1.14,1.03,1.22,1.91,3.75,7.5,4.0,1.8,1.25,1.07,0,0,0,0,4,1,1,2,0,2,2,1657674000,698284,0,50,0,25,0,20738,2,1,1,1,4,0,2,4,0,1,1,2,1,3,1,40,35,88,84,1.72,0.91,2.62,0,0,0,0,0,0,1,1,0,0,0,1,0,0,-1,-1,-1,-1,-1,-1,-1,-1,-1,13,32,69,82,100,38,75,88,57,8.13,2.51,5.38,3.0,/clubs/austin-fc-698284,teams/usa-austin-fc.png,Austin,/clubs/houston-dynamo-6,teams/usa-houston-dynamo.png,Houston Dynamo,1.79,0.76,1.88,0.75,1.95,1.16,88,69,32,19,0,44,44,32,1.68,1.31,2.99,/usa/houston-dynamo-vs-austin-fc-h2h-stats#1541271,6969,34,True,True,True,True,False,False,True,"['15', '57', '70']",['11']
MLS,2022,6969,1541272,1016,14,2022,complete,83993,0,-1,"['7', '33']",['37'],2,1,3,5,4,9,1,2,1,2,0,0,7,5,7,5,14,10,11,7,54,46,36,40852.0,8,,,1,2,1.93,4.0,3.55,1.03,1.22,1.61,2.62,4.5,11.0,4.0,2.13,1.44,1.17,1.62,2.2,2.9,1.36,5.25,1.15,1.29,1.25,1.85,2.38,2.3,3.7,2.2,2.5,3.7,0,0,1.17,1.35,1.65,2.09,2.78,4.8,2.93,2.18,1.74,1.42,1.56,8.5,3.15,1.63,16.0,2.31,3.5,7.0,1.3,2.38,5.0,12.0,3.4,1.53,1.14,1.02,1.22,1.85,3.75,7.5,4.0,1.85,1.25,1.07,0,0,0,0,3,2,1,0,0,0,3,1657755000,1016,0,59,17,32,0,42509,2,1,5,2,0,2,7,2,0,1,1,1,1,2,1,44,48,89,117,1.69,1.34,3.03,0,0,0,0,0,0,1,1,1,0,3,1,0,0,-1,-1,-1,-1,-1,-1,-1,-1,-1,26,37,64,80,85,44,69,85,52,11.98,4.33,4.83,3.02,/clubs/atlanta-united-fc-1016,teams/usa-atlanta-united-fc.png,Atlanta United FC,/clubs/real-salt-lake-14,teams/usa-real-salt-lake.png,Real Salt Lake,1.71,0.89,1.67,0.9,1.11,1.58,74,63,36,21,16,74,63,48,1.91,1.16,3.07,/usa/real-salt-lake-vs-atlanta-united-fc-h2h-stats#1541272,6969,34,True,True,True,False,False,False,True,"['7', '33']",['37']
MLS,2022,6969,1541273,7,19,2022,complete,83993,0,-1,"['4', '16']",[],2,0,2,2,5,7,8,2,2,4,0,0,5,2,8,3,13,5,18,10,42,58,19912,10695.0,211,,,2,4,1.67,4.25,4.6,1.03,1.2,1.65,2.5,4.33,11.0,4.33,2.07,1.5,1.2,1.67,2.1,2.45,1.49,5.75,1.12,1.15,1.25,2.2,2.0,2.4,4.6,1.91,2.6,4.6,0,0,1.26,1.5,1.9,2.46,3.34,3.48,2.52,1.9,1.52,1.28,1.26,10.25,5.45,1.47,16.5,2.72,2.8,9.5,1.29,2.3,4.75,11.0,3.5,1.57,1.15,1.03,1.22,1.85,3.75,7.5,4.0,1.85,1.25,1.07,0,0,0,0,2,2,0,0,0,0,2,1657756800,7,0,54,25,24,0,10450,2,1,0,2,2,3,2,5,1,2,1,2,3,3,1,36,49,88,126,1.43,0.83,2.27,0,0,0,0,0,0,1,1,1,0,0,0,0,0,-1,-1,-1,-1,-1,-1,-1,-1,-1,12,30,47,66,84,31,66,78,41,8.61,3.06,5.71,2.64,/clubs/chicago-fire-7,teams/usa-chicago-fire.png,Chicago Fire,/clubs/toronto-fc-19,teams/canada-toronto-fc.png,Toronto,1.35,0.59,1.33,0.38,0.89,1.0,89,71,53,35,17,41,35,24,1.33,1.17,2.5,/usa/chicago-fire-vs-toronto-fc-h2h-stats#1541273,6969,34,True,True,False,False,False,False,False,"['4', '16']",[]
MLS,2022,6969,1541274,8043,5,2022,complete,83993,0,-1,"['3', '23']","['5', '82']",2,2,4,7,4,11,1,2,2,2,0,0,6,5,8,5,14,10,11,6,61,39,84,40182.0,41087,,,2,2,1.9,4.0,3.65,1.02,1.22,1.66,2.8,5.0,15.0,4.2,2.05,1.44,1.16,1.63,2.2,2.9,1.36,4.75,1.17,1.28,1.2,1.95,2.5,2.35,4.0,2.25,2.75,3.75,0,0,1.22,1.43,1.78,2.25,2.98,3.82,2.74,2.04,1.62,1.34,1.79,8.0,2.55,1.63,15.75,2.31,3.4,7.0,1.33,2.5,6.0,17.0,3.4,1.5,1.12,1.03,1.18,1.9,3.75,8.5,4.5,1.83,1.25,1.05,0,0,0,0,4,2,1,0,1,1,3,1657756800,-1,0,56,45,22,0,21078,2,1,2,2,5,2,4,7,0,1,2,1,1,3,1,51,25,134,102,1.69,1.18,2.86,0,0,0,0,0,0,1,1,1,1,0,0,0,0,-1,-1,-1,-1,-1,-1,-1,-1,-1,17,39,67,84,100,67,89,84,39,8.88,3.23,4.89,3.34,/clubs/fc-cincinnati-8043,teams/usa-fc-cincinnati.png,FC Cincinnati,/clubs/vancouver-whitecaps-fc-5,teams/canada-vancouver-whitecaps-fc.png,Vancouver Whitecaps,1.41,0.59,1.22,0.67,1.37,1.26,84,62,33,17,0,56,45,28,1.75,0.98,2.73,/usa/vancouver-whitecaps-fc-vs-fc-cincinnati-h2h-stats#1541274,6969,34,True,True,True,True,False,False,True,"['3', '23']","['5', '82']"
MLS,2022,6969,1541275,13401,9,2022,complete,83993,0,-1,"['80', '90+2']","['62', '81']",2,2,4,6,1,7,0,4,2,2,0,0,4,4,13,4,17,8,8,10,51,49,13812,36107.0,13,,,2,2,2.31,3.65,2.9,1.05,1.28,1.91,3.15,5.9,12.25,3.58,1.95,1.35,1.12,1.71,2.02,3.0,1.34,3.7,1.25,1.35,1.3,1.65,2.73,2.21,3.98,2.5,2.57,3.64,0,0,1.22,1.43,1.78,2.25,2.98,3.82,2.74,2.04,1.62,1.34,2.0,7.9,2.23,1.77,12.25,2.17,3.6,5.8,1.39,2.72,6.2,13.0,2.79,1.4,1.09,1.02,1.24,2.09,4.4,9.0,4.04,1.74,1.21,1.05,0,0,0,0,4,0,0,2,2,4,0,1657756800,-1,0,52,16,26,0,10128,2,1,3,1,3,0,4,3,2,0,0,2,2,2,1,52,50,87,91,1.72,1.15,2.88,1,0,0,0,1,0,1,1,0,0,1,0,0,0,-1,-1,-1,-1,-1,-1,-1,-1,-1,21,37,53,80,90,59,80,74,37,10.36,3.57,4.68,2.86,/clubs/dc-united-13401,teams/usa-dc-united.png,DC United,/clubs/columbus-crew-9,teams/usa-columbus-crew.png,Columbus Crew,0.94,1.12,1.11,1.4,1.0,1.39,79,63,47,21,10,64,58,36,1.34,1.18,2.52,/usa/columbus-crew-vs-dc-united-h2h-stats#1541275,6969,34,True,True,True,True,False,False,True,"['80', '90+2']","['62', '81']"
MLS,2022,6969,1541276,677446,16,2022,complete,83993,0,-1,['82'],"['26', '66']",1,2,3,4,9,13,0,1,3,1,0,0,3,4,9,7,12,11,0,1,58,42,42,28121.0,12,,,3,1,2.62,3.6,2.56,1.05,1.29,1.95,3.2,6.0,11.75,3.53,1.91,1.34,1.12,1.7,2.04,3.3,1.3,3.3,1.3,1.47,1.31,1.48,3.13,2.1,3.17,2.79,2.53,2.81,0,0,1.19,1.39,1.7,2.12,2.8,4.2,2.9,2.15,1.69,1.38,1.89,8.0,2.38,1.95,11.75,1.96,4.33,4.6,1.39,2.75,6.3,15.0,2.77,1.4,1.09,1.02,1.25,2.05,4.33,9.0,3.75,1.7,1.2,1.05,0,0,0,0,3,0,1,1,1,2,1,1657756800,16,0,62,22,39,0,10027,2,1,0,7,4,2,7,6,1,0,2,1,1,3,1,51,29,123,86,1.35,1.19,2.54,0,1,0,1,0,0,1,1,0,0,0,2,0,0,-1,-1,-1,-1,-1,-1,-1,-1,-1,6,22,50,84,89,28,62,84,44,9.56,2.77,5.89,2.5,/clubs/club-internacional-de-futbol-miami-677446,teams/usa-club-internacional-de-futbol-miami.png,Inter Miami,/clubs/philadelphia-union-16,teams/usa-philadelphia-union.png,Philadelphia Union,1.94,1.5,1.89,1.44,1.22,1.74,95,78,50,17,11,78,73,67,1.46,1.16,2.62,/usa/philadelphia-union-vs-club-internacional-de-futbol-miami-h2h-stats#1541276,6969,35,True,True,True,False,False,False,True,['82'],"['26', '66']"
MLS,2022,6969,1541277,1015,8,2022,complete,83993,0,-1,['43'],['63'],1,1,2,5,3,8,8,0,3,1,0,0,5,4,7,8,12,12,10,3,53,47,5016,5.0,18,,,3,1,1.83,4.0,3.95,1.03,1.22,1.66,2.85,5.0,13.0,4.2,2.05,1.42,1.16,1.66,2.15,2.7,1.42,5.0,1.15,1.22,1.22,2.05,2.4,2.3,4.5,2.15,2.7,4.2,0,0,1.24,1.47,1.85,2.36,3.2,3.64,2.6,1.95,1.56,1.3,1.55,8.3,3.22,1.56,14.75,2.5,3.0,8.0,1.35,2.55,6.0,19.0,3.25,1.47,1.11,1.02,1.18,1.9,4.0,8.5,4.5,1.83,1.22,1.05,0,0,0,0,2,1,0,0,1,1,1,1657756800,-1,0,60,15,35,0,19657,2,1,1,2,4,1,3,5,1,0,2,1,1,3,1,60,55,115,110,1.55,1.44,2.99,0,0,0,0,0,0,1,1,0,0,0,0,0,0,-1,-1,-1,-1,-1,-1,-1,-1,-1,10,29,54,75,96,25,75,85,56,9.49,2.24,4.11,2.81,/clubs/minnesota-united-fc-1015,teams/usa-minnesota-united-fc.png,Minnesota United,/clubs/sporting-kansas-city-8,teams/usa-sporting-kansas-city.png,Sporting KC,1.71,0.65,1.56,0.73,1.42,0.95,90,71,46,26,5,58,48,43,1.71,1.1,2.81,/usa/sporting-kansas-city-vs-minnesota-united-fc-h2h-stats#1541277,6969,34,True,True,False,False,False,False,True,['43'],['63']
MLS,2022,6969,1541278,677447,18,2022,complete,83993,0,-1,['44'],[],1,0,1,7,2,9,3,0,2,0,0,0,4,3,8,7,12,10,11,14,45,55,69,24795.0,25,,,2,0,2.03,3.65,3.55,1.05,1.3,2.03,3.5,6.5,11.0,3.4,1.83,1.3,1.1,1.78,2.0,2.7,1.41,3.8,1.24,1.28,1.25,1.83,2.65,2.15,4.2,2.4,2.55,3.75,0,0,1.23,1.44,1.81,2.3,3.1,3.72,2.69,2.0,1.59,1.32,1.48,8.6,3.52,1.69,11.25,2.34,3.1,6.5,1.4,2.9,7.0,21.0,2.9,1.4,1.08,1.02,1.25,2.15,4.5,11.0,3.75,1.68,1.18,1.02,0,0,0,0,1,1,0,0,0,0,1,1657758600,677447,0,55,14,41,0,26927,2,1,4,1,3,1,5,4,1,0,1,0,1,1,1,53,52,101,86,1.43,1.22,2.65,0,0,0,0,0,0,1,1,0,0,0,0,0,0,-1,-1,-1,-1,-1,-1,-1,-1,-1,7,21,41,75,93,14,60,87,55,8.82,4.7,3.99,2.48,/clubs/nashville-sc-mls-677447,teams/usa-nashville-sc-mls.png,Nashville SC,/clubs/seattle-sounders-fc-18,teams/usa-seattle-sounders-fc.png,Seattle Sounders,1.41,0.65,1.43,1.25,1.42,1.44,94,80,59,26,7,47,34,20,1.57,1.18,2.75,/usa/seattle-sounders-fc-vs-nashville-sc-mls-h2h-stats#1541278,6969,34,True,False,False,False,False,False,False,['44'],[]
MLS,2022,6969,1541279,12,17,2022,complete,83993,0,-1,['65'],['22'],1,1,2,5,4,9,2,0,5,3,0,0,5,4,12,8,17,12,17,7,51,49,24,11434.0,21031,,,5,3,1.93,3.8,3.7,1.04,1.28,1.89,3.2,6.0,12.0,3.75,1.97,1.36,1.12,1.72,2.05,2.7,1.41,4.33,1.19,1.28,1.25,1.87,2.6,2.2,4.2,2.35,2.6,3.75,0,0,1.23,1.46,1.83,2.34,3.14,3.72,2.64,1.98,1.57,1.31,1.44,8.9,3.7,1.65,12.75,2.37,3.4,6.5,1.38,2.75,6.5,21.0,3.0,1.42,1.09,1.02,1.22,2.05,4.2,10.0,4.0,1.72,1.2,1.03,0,0,0,0,2,0,1,1,0,1,1,1657760400,-1,0,39,11,11,0,-1,2,1,4,3,1,1,7,2,1,0,4,3,1,7,1,61,33,81,79,1.86,1.28,3.13,0,0,0,0,0,0,1,1,0,0,1,0,0,0,-1,-1,-1,-1,-1,-1,-1,-1,-1,11,22,28,67,89,28,67,73,22,8.89,3.34,5.33,2.17,/clubs/colorado-rapids-12,teams/usa-colorado-rapids.png,Colorado Rapids,/clubs/orlando-city-sc-17,teams/usa-orlando-city-sc.png,Orlando City,2.06,1.17,1.89,1.44,1.11,1.47,89,78,73,33,11,73,50,50,1.49,1.05,2.54,/usa/colorado-rapids-vs-orlando-city-sc-h2h-stats#1541279,6969,34,True,True,False,False,False,False,True,['65'],['22']
MLS,2022,6969,1541280,13,2,2022,complete,83993,0,-1,[],['29'],0,1,1,7,1,8,3,0,2,2,0,0,2,1,11,3,13,4,13,11,50,50,13864,21189.0,27505,,,2,2,2.58,3.85,2.49,1.02,1.2,1.66,2.7,4.75,15.0,4.33,2.14,1.47,1.18,1.55,2.4,3.7,1.24,3.8,1.24,1.47,1.22,1.55,3.0,2.3,3.25,2.75,2.65,2.95,0,0,1.22,1.43,1.78,2.25,2.98,3.82,2.74,2.04,1.62,1.34,1.94,7.9,2.31,1.85,16.0,1.97,4.5,5.0,1.3,2.45,5.5,17.0,3.4,1.52,1.12,1.02,1.18,1.87,3.75,8.5,4.5,1.87,1.25,1.05,0,0,0,0,1,0,1,0,0,0,1,1657760400,2,0,55,18,26,0,13656,2,1,3,1,4,0,4,4,0,1,2,1,1,3,1,57,22,121,72,1.38,0.49,1.87,0,0,0,0,0,0,1,1,0,0,1,0,0,1,-1,-1,-1,-1,-1,-1,-1,-1,-1,13,18,44,79,93,44,75,68,48,11.67,2.44,4.32,2.68,/clubs/fc-dallas-13,teams/usa-fc-dallas.png,FC Dallas,/clubs/new-york-city-fc-2,teams/usa-new-york-city-fc.png,New York City,1.94,1.26,1.89,1.14,1.47,1.78,88,82,57,22,7,78,71,50,1.54,1.56,3.1,/usa/new-york-city-fc-vs-fc-dallas-h2h-stats#1541280,6969,36,True,False,False,False,False,False,False,[],['29']
MLS,2022,6969,1541281,10,15,2022,complete,83993,0,-1,"['48', '88']","['13', '14', '40']",2,3,5,11,8,19,1,1,1,1,0,0,9,4,15,7,24,11,13,4,53,47,3,2.0,23354,,,1,1,1.61,4.5,4.85,1.02,1.18,1.49,2.0,4.33,15.0,4.75,2.51,1.78,1.2,1.66,2.2,2.65,1.43,6.0,1.11,1.16,1.18,2.35,2.15,2.4,5.0,1.95,2.9,4.5,0,0,1.19,1.4,1.72,2.16,2.84,4.15,2.86,2.12,1.67,1.37,1.4,9.2,3.95,1.49,17.75,2.63,2.9,9.0,1.3,2.35,5.5,15.0,3.5,1.55,1.12,1.01,1.16,1.8,3.5,7.5,4.75,1.95,1.28,1.07,0,0,0,0,5,0,3,2,0,2,3,1657764000,15,0,47,11,22,0,-1,2,1,7,5,4,3,12,7,1,1,0,0,2,0,1,86,33,106,73,2.75,1.21,3.97,0,1,0,1,0,0,1,1,0,0,0,1,0,0,-1,-1,-1,-1,-1,-1,-1,-1,-1,27,42,58,74,95,31,69,84,42,11.69,1.99,4.29,3.12,/clubs/la-galaxy-10,teams/usa-la-galaxy.png,LA Galaxy,/clubs/san-jose-earthquakes-15,teams/usa-san-jose-earthquakes.png,SJ Earthquakes,1.72,0.47,1.6,0.33,1.5,1.06,74,58,42,26,6,73,62,57,1.7,1.29,2.99,/usa/la-galaxy-vs-san-jose-earthquakes-h2h-stats#1541281,6969,34,True,True,True,True,True,False,True,"['48', '88']","['13', '14', '40']"
MLS,2022,6969,1541282,1,19,2022,complete,83993,0,-1,['69'],[],1,0,1,9,7,16,1,2,2,1,1,0,8,5,13,3,21,8,10,10,64,36,15,39282.0,211,,,3,1,1.8,3.6,4.2,1.03,1.19,1.68,2.29,4.47,16.5,4.48,2.02,1.55,1.2,1.65,2.18,2.63,1.43,5.5,1.11,1.19,1.24,2.23,2.21,2.44,4.82,2.0,2.88,4.5,0,0,1.24,1.46,1.88,2.35,3.15,3.8,2.52,1.93,1.52,1.31,1.37,9.0,3.7,1.52,16.5,2.56,3.1,8.0,1.3,2.36,5.15,11.0,3.23,1.53,1.13,1.03,1.18,1.85,3.6,7.5,5.0,1.95,1.29,1.07,0,0,0,0,1,0,0,1,0,1,0,1658014200,1,0,73,39,33,0,19619,2,1,7,2,2,5,9,7,0,0,3,1,0,4,1,71,18,151,63,2.4,0.99,3.4,0,0,0,0,0,0,1,1,0,0,1,0,0,0,-1,-1,-1,-1,-1,-1,-1,-1,-1,17,28,67,89,100,45,89,89,50,9.0,1.89,4.89,3.33,/clubs/montreal-impact-1,teams/canada-montreal-impact.png,Montreal Impact,/clubs/toronto-fc-19,teams/canada-toronto-fc.png,Toronto,1.74,0.59,1.67,0.33,1.53,0.95,84,73,34,11,0,45,33,28,1.51,1.13,2.64,/usa/montreal-impact-vs-toronto-fc-h2h-stats#1541282,6969,34,True,False,False,False,False,False,False,['69'],[]
MLS,2022,6969,1541283,16,11,2022,complete,83993,0,-1,"['75', '79']",['61'],2,1,3,9,6,15,1,4,1,0,0,0,6,6,14,13,20,19,5,8,44,56,69,12.0,21032,,,1,0,1.8,3.6,4.2,1.04,1.25,1.78,2.94,5.4,13.5,3.83,1.9,1.39,1.14,1.7,2.1,2.63,1.43,4.5,1.17,1.27,1.27,1.94,2.45,2.29,4.42,2.24,2.68,3.98,0,0,1.17,1.32,1.58,2.03,2.62,4.8,3.1,2.23,1.7,1.43,1.85,8.0,2.28,1.6,13.5,2.45,3.0,7.5,1.35,2.6,5.85,13.0,2.93,1.44,1.11,1.02,1.22,1.99,4.04,9.0,4.3,1.82,1.24,1.05,0,0,0,0,3,0,0,2,1,3,0,1658014200,16,0,70,38,49,0,18257,2,1,5,0,4,6,5,10,0,0,1,0,0,1,1,45,48,97,109,2.0,1.97,3.97,1,0,1,0,0,0,1,1,0,0,1,0,0,0,-1,-1,-1,-1,-1,-1,-1,-1,-1,27,44,55,85,90,43,85,75,54,9.6,2.94,4.36,3.15,/clubs/philadelphia-union-16,teams/usa-philadelphia-union.png,Philadelphia Union,/clubs/new-england-revolution-11,teams/usa-new-england-revolution.png,New England Revolution,2.47,0.88,2.0,1.0,1.8,1.32,73,56,46,16,11,69,69,53,1.66,1.57,3.23,/usa/new-england-revolution-vs-philadelphia-union-h2h-stats#1541283,6969,34,True,True,True,False,False,False,True,"['75', '79']",['61']
MLS,2022,6969,1541284,7,18,2022,complete,83993,0,-1,['23'],[],1,0,1,6,10,16,1,3,0,1,0,0,5,2,4,14,9,16,11,9,50,50,84,10695.0,25,,,0,1,2.4,3.4,2.75,1.05,1.25,1.69,2.75,4.75,9.0,3.75,2.0,1.4,1.15,1.62,2.2,3.0,1.33,4.0,1.2,1.35,1.3,1.62,2.7,2.2,3.3,2.6,2.4,3.1,0,0,1.22,1.45,1.85,2.32,3.1,4.1,2.55,1.95,1.54,1.32,1.45,8.5,3.28,1.78,13.5,2.11,4.0,5.8,1.33,2.5,5.5,13.0,3.25,1.5,1.12,1.02,1.22,1.91,4.0,8.0,4.0,1.8,1.22,1.06,0,0,0,0,1,1,0,0,0,0,1,1658016000,7,0,37,6,21,0,-1,2,1,3,2,3,8,5,11,0,1,0,0,1,0,1,55,57,103,111,1.32,1.56,2.89,0,0,0,0,0,0,1,1,0,0,0,1,0,0,-1,-1,-1,-1,-1,-1,-1,-1,-1,11,16,31,53,85,16,59,69,37,7.91,4.1,5.09,2.06,/clubs/chicago-fire-7,teams/usa-chicago-fire.png,Chicago Fire,/clubs/seattle-sounders-fc-18,teams/usa-seattle-sounders-fc.png,Seattle Sounders,1.35,0.65,1.5,1.11,1.0,1.37,90,85,69,47,15,48,37,21,1.34,1.19,2.53,/usa/chicago-fire-vs-seattle-sounders-fc-h2h-stats#1541284,6969,34,True,False,False,False,False,False,False,['23'],[]
MLS,2022,6969,1541285,677446,711351,2022,complete,83993,0,-1,"['59', '72', '90+3']","['1', '42']",3,2,5,7,4,11,5,0,2,5,0,0,7,3,9,1,16,4,13,12,59,41,13889,28121.0,44668,,,2,5,2.0,3.3,3.7,1.06,1.3,1.87,3.25,6.0,8.0,3.4,1.8,1.33,1.11,1.73,2.0,2.9,1.36,3.8,1.22,1.33,1.31,1.72,2.76,2.17,4.04,2.53,2.51,3.7,0,0,1.19,1.43,1.8,2.32,3.1,4.35,2.62,2.0,1.54,1.32,1.91,8.0,2.2,1.73,11.25,2.26,3.5,6.0,1.36,2.62,6.5,15.0,3.0,1.44,1.1,1.02,1.29,2.1,4.5,10.0,3.5,1.67,1.17,1.04,0,0,0,0,5,0,2,3,0,3,2,1658020920,677446,0,70,20,40,0,-1,2,1,4,2,3,2,6,5,1,0,1,5,1,6,1,84,22,134,70,2.11,0.63,2.74,0,0,0,0,0,0,1,1,0,1,1,1,0,0,-1,-1,-1,-1,-1,-1,-1,-1,-1,5,15,70,90,90,30,75,90,45,9.5,2.3,5.1,2.7,/clubs/club-internacional-de-futbol-miami-677446,teams/usa-club-internacional-de-futbol-miami.png,Inter Miami,/clubs/charlotte-fc-711351,teams/usa-charlotte-fc.png,Charlotte,1.94,0.65,1.7,0.5,1.16,1.3,95,85,30,10,10,70,55,45,1.44,1.26,2.7,/usa/club-internacional-de-futbol-miami-vs-charlotte-fc-h2h-stats#1541285,6969,34,True,True,True,True,True,False,True,"['59', '72', '90+3']","['1', '42']"
MLS,2022,6969,1541286,1015,13401,2022,complete,83993,0,-1,"['13', '50']",[],2,0,2,6,4,10,2,1,0,1,0,0,5,0,10,5,15,5,3,8,47,53,57,5.0,36107,,,0,1,1.75,3.7,4.33,1.04,1.22,1.68,2.35,4.5,10.0,4.0,2.02,1.52,1.17,1.67,2.1,2.7,1.4,5.25,1.13,1.23,1.25,2.08,2.33,2.38,4.52,2.1,2.8,4.2,0,0,1.18,1.39,1.7,2.15,2.8,4.6,2.77,2.03,1.62,1.38,1.45,9.0,3.3,1.55,15.25,2.5,3.25,8.0,1.3,2.38,5.0,12.0,3.4,1.53,1.14,1.02,1.22,1.91,3.75,8.0,4.0,1.8,1.25,1.06,0,0,0,0,2,1,0,1,0,1,1,1658016000,1015,0,55,18,28,0,-1,2,1,2,3,4,1,5,5,0,0,0,1,0,1,1,58,38,94,98,1.71,0.61,2.32,0,0,0,0,0,0,1,1,0,0,1,1,0,0,-1,-1,-1,-1,-1,-1,-1,-1,-1,24,35,58,73,100,42,67,90,44,9.23,3.25,4.45,3.2,/clubs/minnesota-united-fc-1015,teams/usa-minnesota-united-fc.png,Minnesota United,/clubs/dc-united-13401,teams/usa-dc-united.png,DC United,1.71,0.65,1.5,0.88,1.4,1.0,77,65,43,28,0,65,60,49,1.69,1.09,2.78,/usa/minnesota-united-fc-vs-dc-united-h2h-stats#1541286,6969,34,True,True,False,False,False,False,False,"['13', '50']",[]
MLS,2022,6969,1541287,12,10,2022,complete,83993,0,-1,"['20', '75']",[],2,0,2,5,6,11,2,1,2,4,0,0,6,4,9,15,15,19,12,13,49,51,5016,11434.0,2,,,2,4,2.25,3.4,3.0,1.05,1.25,1.68,2.3,4.75,9.0,3.75,2.02,1.6,1.15,1.62,2.2,3.2,1.3,4.33,1.18,1.33,1.29,1.79,2.62,2.3,3.94,2.4,2.68,3.56,0,0,1.18,1.39,1.73,2.2,2.95,4.5,2.77,1.99,1.6,1.35,1.91,8.0,2.1,1.72,14.0,2.19,3.9,5.8,1.33,2.5,5.5,13.0,3.25,1.5,1.12,1.02,1.22,1.91,4.0,8.0,4.0,1.8,1.22,1.06,0,0,0,0,2,1,0,1,0,1,1,1658019600,12,0,45,12,25,0,-1,2,1,4,4,1,2,8,3,0,1,2,3,1,5,1,18,50,74,101,1.5,1.84,3.34,0,0,0,0,0,0,1,1,0,0,3,0,0,0,-1,-1,-1,-1,-1,-1,-1,-1,-1,18,29,34,65,89,28,65,78,30,10.55,3.8,5.23,2.34,/clubs/colorado-rapids-12,teams/usa-colorado-rapids.png,Colorado Rapids,/clubs/la-galaxy-10,teams/usa-la-galaxy.png,LA Galaxy,2.06,1.22,1.8,1.38,1.11,1.42,83,72,67,35,12,73,58,33,1.53,1.52,3.05,/usa/la-galaxy-vs-colorado-rapids-h2h-stats#1541287,6969,34,True,True,False,False,False,False,False,"['20', '75']",[]
MLS,2022,6969,1541288,13,698284,2022,complete,83993,0,-1,['42'],['79'],1,1,2,8,4,12,3,2,1,1,0,0,3,4,10,6,13,10,5,9,49,51,7,21189.0,2339,,,1,1,1.83,3.6,4.0,1.05,1.25,1.68,2.75,4.75,9.0,3.75,2.02,1.4,1.15,1.7,2.05,2.85,1.38,4.6,1.17,1.24,1.26,2.03,2.36,2.33,4.62,2.16,2.73,4.16,0,0,1.19,1.34,1.6,2.07,2.7,4.35,3.0,2.2,1.67,1.41,1.59,8.5,2.78,1.58,14.75,2.45,3.1,7.5,1.33,2.5,5.5,12.0,3.25,1.5,1.12,1.02,1.22,2.0,4.0,8.0,4.0,1.73,1.22,1.06,0,0,0,0,2,1,0,0,1,1,1,1658019600,-1,0,62,19,24,0,-1,2,1,3,3,5,1,6,6,0,0,1,1,0,2,1,37,43,96,86,1.3,1.23,2.53,0,0,0,0,0,0,1,1,0,0,2,1,0,0,-1,-1,-1,-1,-1,-1,-1,-1,-1,19,28,57,82,100,38,72,85,53,9.16,3.87,4.99,2.85,/clubs/fc-dallas-13,teams/usa-fc-dallas.png,FC Dallas,/clubs/austin-fc-698284,teams/usa-austin-fc.png,Austin,1.94,1.44,1.7,2.0,1.4,2.0,82,72,44,19,0,62,48,48,1.53,1.19,2.72,/usa/fc-dallas-vs-austin-fc-h2h-stats#1541288,6969,36,True,True,False,False,False,False,True,['42'],['79']
MLS,2022,6969,1541289,1016,17,2022,complete,83993,0,-1,['71'],['10'],1,1,2,10,2,12,1,2,3,4,0,0,4,1,13,2,17,3,8,12,62,38,13864,40852.0,21031,,,3,4,1.7,3.7,3.7,1.03,1.2,1.55,2.57,4.57,16.25,4.4,2.29,1.49,1.19,1.6,2.27,2.88,1.36,5.0,1.13,1.25,1.25,2.11,2.36,2.53,4.56,2.1,2.83,4.16,0,0,1.2,1.39,1.7,2.2,2.95,3.9,2.65,1.98,1.57,1.32,1.45,9.0,3.3,1.59,17.5,2.57,3.3,7.5,1.31,2.39,5.25,11.0,3.17,1.51,1.13,1.03,1.22,1.85,3.75,7.5,4.0,1.85,1.25,1.07,0,0,0,0,2,0,1,1,0,1,1,1658084400,-1,0,60,25,25,0,-1,2,1,2,1,8,1,3,9,1,1,2,3,2,5,1,75,29,130,71,1.9,0.48,2.38,0,0,0,0,0,0,1,1,0,1,0,1,0,0,-1,-1,-1,-1,-1,-1,-1,-1,-1,15,30,50,75,90,45,70,75,35,10.7,3.6,5.2,2.65,/clubs/atlanta-united-fc-1016,teams/usa-atlanta-united-fc.png,Atlanta United FC,/clubs/orlando-city-sc-17,teams/usa-orlando-city-sc.png,Orlando City,1.71,1.17,1.8,1.4,1.21,1.45,85,70,50,25,10,75,50,50,1.89,1.07,2.96,/usa/orlando-city-sc-vs-atlanta-united-fc-h2h-stats#1541289,6969,34,True,True,False,False,False,False,True,['71'],['10']
MLS,2022,6969,1541290,4,2,2022,complete,83993,0,-1,[],['69'],0,1,1,8,0,8,1,1,3,3,0,0,5,7,9,12,14,19,19,11,35,65,11,11574.0,27505,,,3,3,2.2,3.4,2.65,1.04,1.25,1.68,2.92,5.4,13.5,3.85,2.05,1.39,1.14,1.67,2.14,3.1,1.33,3.9,1.22,1.39,1.29,1.72,2.86,2.35,3.79,2.54,2.61,3.4,0,0,1.24,1.46,1.9,2.4,3.3,3.5,2.45,1.9,1.47,1.27,1.64,8.0,2.77,1.85,10.5,2.28,3.6,5.8,1.36,2.6,5.85,13.0,2.91,1.44,1.11,1.02,1.25,2.0,4.33,9.0,3.75,1.73,1.2,1.05,0,0,0,0,1,0,0,0,1,1,0,1658091600,2,0,53,12,41,0,-1,2,1,5,0,3,0,5,3,0,1,3,2,1,5,1,54,38,98,83,1.63,1.96,3.58,0,0,0,0,0,0,1,1,0,0,3,0,0,0,-1,-1,-1,-1,-1,-1,-1,-1,-1,18,18,41,64,89,25,54,70,46,11.6,2.88,4.94,2.53,/clubs/new-york-red-bulls-4,teams/usa-new-york-red-bulls.png,New York RB,/clubs/new-york-city-fc-2,teams/usa-new-york-city-fc.png,New York City,1.28,1.26,1.44,1.38,1.65,1.84,83,83,60,36,12,72,49,25,1.66,1.43,3.09,/usa/new-york-city-fc-vs-new-york-red-bulls-h2h-stats#1541290,6969,35,True,False,False,False,False,False,False,[],['69']
MLS,2022,6969,1541291,9,8043,2022,complete,83993,0,-1,"['16', '86']",[],2,0,2,9,3,12,0,2,1,2,0,0,4,2,14,7,18,9,8,17,58,42,42,13.0,40182,,,1,2,1.74,3.6,4.1,1.04,1.23,1.73,2.77,5.05,14.5,4.07,2.02,1.43,1.16,1.71,2.08,2.8,1.38,4.75,1.15,1.26,1.29,1.98,2.51,2.38,4.51,2.21,2.67,4.1,0,0,1.2,1.38,1.68,2.15,2.95,4.0,2.7,1.98,1.57,1.33,1.59,8.5,2.78,1.67,10.75,2.62,3.1,8.0,1.36,2.75,6.45,12.0,3.31,1.48,1.11,1.03,1.22,1.99,4.04,8.0,4.3,1.82,1.24,1.06,0,0,0,0,2,1,0,1,0,1,1,1658100600,9,0,43,20,20,0,-1,2,1,4,3,5,0,7,5,0,0,1,2,0,3,1,64,43,111,75,1.88,1.02,2.9,1,0,1,0,0,0,1,1,0,0,1,0,0,0,-1,-1,-1,-1,-1,-1,-1,-1,-1,10,22,49,78,89,38,78,78,44,10.43,3.95,4.73,2.57,/clubs/columbus-crew-9,teams/usa-columbus-crew.png,Columbus Crew,/clubs/fc-cincinnati-8043,teams/usa-fc-cincinnati.png,FC Cincinnati,1.59,1.47,1.38,1.5,1.37,1.35,90,79,52,23,12,79,62,55,1.83,1.31,3.14,/usa/columbus-crew-vs-fc-cincinnati-h2h-stats#1541291,6969,34,True,True,False,False,False,False,False,"['16', '86']",[]
MLS,2022,6969,1541292,677447,6490,2022,complete,83993,0,-1,['43'],"['27', '46']",1,2,3,4,2,6,0,0,3,2,0,0,3,5,9,7,12,12,12,10,50,50,36,24795.0,39588,,,3,2,2.09,3.45,3.0,1.01,1.26,1.83,3.01,5.73,10.5,3.99,1.99,1.4,1.15,1.66,2.16,3.2,1.31,3.75,1.24,1.35,1.29,1.62,2.75,2.15,3.4,2.6,2.3,3.25,0,0,1.2,1.39,1.68,2.2,2.95,3.9,2.7,1.98,1.57,1.32,1.85,8.0,2.28,1.81,13.25,2.09,3.9,5.5,1.36,2.74,6.55,13.0,3.3,1.48,1.11,1.02,1.22,2.02,4.2,9.0,4.3,1.79,1.23,1.05,0,0,0,0,3,1,1,0,1,1,2,1658104200,6490,0,57,13,32,0,-1,2,1,3,0,1,2,3,3,2,0,1,2,2,3,1,34,46,108,108,1.22,1.45,2.67,1,0,1,0,0,0,1,1,0,0,0,0,0,0,-1,-1,-1,-1,-1,-1,-1,-1,-1,7,19,44,82,94,26,63,82,57,9.75,5.0,5.38,2.51,/clubs/nashville-sc-mls-677447,teams/usa-nashville-sc-mls.png,Nashville SC,/clubs/los-angeles-fc-6490,teams/usa-los-angeles-fc.png,Los Angeles FC,1.41,1.53,1.63,1.63,1.5,2.05,94,82,57,19,7,63,38,32,1.55,1.39,2.94,/usa/los-angeles-fc-vs-nashville-sc-mls-h2h-stats#1541292,6969,35,True,True,True,False,False,False,True,['43'],"['27', '46']"
MLS,2022,6969,1541293,14,8,2022,complete,83993,0,-1,"['50', '64', '71']",[],3,0,3,5,4,9,6,0,3,2,0,1,7,1,7,3,14,4,13,8,56,44,13893,8.0,18,,,3,4,1.72,3.5,4.3,1.05,1.29,1.81,3.0,5.5,9.0,3.5,1.92,1.36,1.12,1.85,1.95,2.37,1.52,4.4,1.18,1.22,1.28,2.02,2.39,2.21,4.9,2.18,2.58,4.35,0,0,1.24,1.46,1.85,2.4,3.3,3.5,2.4,1.95,1.47,1.26,1.75,8.0,2.52,1.65,9.3,2.77,2.9,7.5,1.36,2.62,6.0,13.0,3.0,1.44,1.11,1.02,1.25,2.05,4.33,9.0,3.75,1.7,1.2,1.05,0,0,0,0,3,0,0,3,0,3,0,1658107800,14,0,56,20,22,0,20132,2,1,4,1,1,0,5,1,1,1,2,2,2,4,1,22,20,55,63,1.53,0.48,2.01,0,0,0,0,0,0,1,1,0,0,0,0,0,0,-1,-1,-1,-1,-1,-1,-1,-1,-1,4,28,57,75,91,24,75,91,42,9.25,2.83,3.92,2.71,/clubs/real-salt-lake-14,teams/usa-real-salt-lake.png,Real Salt Lake,/clubs/sporting-kansas-city-8,teams/usa-sporting-kansas-city.png,Sporting KC,1.88,0.65,2.33,0.75,1.5,0.95,96,73,43,25,10,46,42,42,1.46,1.13,2.59,/usa/sporting-kansas-city-vs-real-salt-lake-h2h-stats#1541293,6969,34,True,True,True,False,False,False,False,"['50', '64', '71']",[]
MLS,2022,6969,1541294,15,6,2022,complete,83993,0,-1,['53'],"['71', '76']",1,2,3,8,7,15,2,0,1,3,0,0,4,2,3,7,7,9,6,12,51,49,13841,23354.0,10669,,,1,3,1.98,3.6,3.15,1.0,1.17,1.56,2.4,4.1,12.0,4.75,2.3,1.55,1.19,1.54,2.41,3.3,1.29,4.75,1.17,1.35,1.28,1.78,2.58,2.39,3.78,2.38,2.79,3.42,0,0,1.2,1.39,1.7,2.2,2.95,3.9,2.7,1.98,1.57,1.32,1.45,9.0,3.26,1.74,17.75,2.26,4.0,6.0,1.3,2.36,5.45,11.0,3.52,1.59,1.15,1.03,1.17,1.83,3.52,7.5,5.05,1.98,1.3,1.07,0,0,0,0,3,0,0,1,2,3,0,1658107800,6,0,73,22,50,0,-1,2,1,4,2,1,3,6,4,1,2,0,1,3,1,1,41,28,71,82,1.02,0.92,1.94,0,0,0,0,0,0,1,1,0,0,2,1,0,0,-1,-1,-1,-1,-1,-1,-1,-1,-1,17,45,78,89,100,33,78,95,73,9.0,2.44,5.67,3.45,/clubs/san-jose-earthquakes-15,teams/usa-san-jose-earthquakes.png,SJ Earthquakes,/clubs/houston-dynamo-6,teams/usa-houston-dynamo.png,Houston Dynamo,1.59,0.76,1.78,0.67,1.16,1.1,84,56,22,11,0,67,50,28,1.8,1.27,3.07,/usa/houston-dynamo-vs-san-jose-earthquakes-h2h-stats#1541294,6969,34,True,True,True,False,False,False,True,['53'],"['71', '76']"
MLS,2022,6969,1541295,20,5,2022,complete,83993,0,-1,['82'],['32'],1,1,2,7,2,9,0,0,3,2,0,0,1,0,3,0,4,0,10,15,65,35,13851,42128.0,41087,,,3,2,1.63,3.75,4.5,1.01,1.22,1.88,2.74,4.8,11.25,4.1,2.02,1.43,1.14,1.73,2.06,2.5,1.47,5.25,1.14,1.2,1.25,2.17,2.27,2.35,4.88,2.05,2.76,4.54,0,0,1.19,1.33,1.6,2.05,2.7,4.1,2.9,2.1,1.65,1.38,1.91,8.0,2.1,1.58,11.25,2.83,2.75,8.0,1.34,2.56,6.2,13.0,3.26,1.51,1.12,1.02,1.2,1.95,3.94,8.0,4.54,1.85,1.25,1.06,0,0,0,0,2,0,1,1,0,1,1,1658111400,-1,0,53,20,27,0,-1,2,1,1,0,0,0,1,0,1,0,2,2,1,4,1,14,11,20,30,0.42,0.09,0.51,1,0,1,0,0,0,1,1,0,0,0,0,0,0,-1,-1,-1,-1,-1,-1,-1,-1,-1,6,37,68,84,95,51,84,85,43,8.73,2.81,5.54,3.11,/clubs/portland-timbers-20,teams/usa-portland-timbers.png,Portland Timbers,/clubs/vancouver-whitecaps-fc-5,teams/canada-vancouver-whitecaps-fc.png,Vancouver Whitecaps,1.76,0.59,1.67,0.7,1.3,1.25,95,64,32,16,6,69,54,43,1.5,1.0,2.5,/usa/vancouver-whitecaps-fc-vs-portland-timbers-h2h-stats#1541295,6969,34,True,True,False,False,False,False,True,['82'],['32']
MLS,2022,6969,1541296,2,677446,2022,complete,83993,0,-1,"['12', '75']",[],2,0,2,4,3,7,1,3,1,0,0,0,7,4,10,6,17,10,8,7,46,54,3,27505.0,28121,,,1,0,1.4,4.85,7.17,1.02,1.18,1.55,2.3,4.2,18.75,4.7,2.36,1.62,1.22,1.81,1.95,2.2,1.61,6.5,1.1,1.1,1.18,2.9,1.92,2.56,6.25,1.73,3.06,6.0,0,0,1.24,1.44,1.8,2.3,3.1,3.85,2.65,2.0,1.57,1.33,1.24,9.0,5.0,1.36,18.75,3.15,2.4,12.0,1.3,2.36,5.5,11.0,3.52,1.59,1.15,1.03,1.17,1.83,3.52,7.5,5.0,1.97,1.3,1.07,0,0,0,0,2,1,0,1,0,1,1,1658617200,2,0,39,15,28,0,-1,2,1,1,1,3,2,2,5,1,0,0,0,1,0,1,47,50,103,106,1.9,1.28,3.19,0,0,0,0,0,0,1,1,0,0,1,0,0,0,-1,-1,-1,-1,-1,-1,-1,-1,-1,24,34,39,69,90,34,70,76,38,10.23,3.56,4.88,2.88,/clubs/new-york-city-fc-2,teams/usa-new-york-city-fc.png,New York City,/clubs/club-internacional-de-futbol-miami-677446,teams/usa-club-internacional-de-futbol-miami.png,Inter Miami,2.06,0.83,2.18,0.56,1.9,1.25,77,67,62,31,10,59,49,44,2.02,1.2,3.22,/usa/new-york-city-fc-vs-club-internacional-de-futbol-miami-h2h-stats#1541296,6969,35,True,True,False,False,False,False,False,"['12', '75']",[]
MLS,2022,6969,1541297,8043,677447,2022,complete,83993,0,-1,['52'],['6'],1,1,2,8,3,11,1,0,1,2,0,0,5,3,11,5,16,8,10,5,59,41,11,40182.0,24795,,,1,2,2.38,3.4,2.89,1.05,1.29,1.83,3.0,5.5,9.0,3.5,1.91,1.36,1.12,1.7,2.05,3.1,1.32,3.7,1.25,1.4,1.3,1.55,2.8,2.15,3.3,2.62,2.3,3.2,0,0,1.27,1.5,1.9,2.45,3.4,3.55,2.48,1.9,1.5,1.29,1.72,7.0,2.55,1.84,12.5,2.06,3.9,5.5,1.36,2.62,6.0,13.0,3.0,1.44,1.11,1.02,1.25,2.0,4.33,9.0,3.75,1.73,1.2,1.05,0,0,0,0,2,0,1,1,0,1,1,1658619000,-1,0,64,34,28,0,23420,2,1,4,1,4,2,5,6,0,1,1,1,1,2,1,33,33,136,94,1.61,0.97,2.58,0,0,0,0,0,0,1,1,0,1,0,1,0,0,-1,-1,-1,-1,-1,-1,-1,-1,-1,19,42,55,78,100,43,78,91,41,8.37,3.17,5.28,3.19,/clubs/fc-cincinnati-8043,teams/usa-fc-cincinnati.png,FC Cincinnati,/clubs/nashville-sc-mls-677447,teams/usa-nashville-sc-mls.png,Nashville SC,1.41,1.44,1.2,1.42,1.29,1.43,81,59,45,23,0,68,51,37,1.74,1.19,2.93,/usa/fc-cincinnati-vs-nashville-sc-mls-h2h-stats#1541297,6969,35,True,True,False,False,False,False,True,['52'],['6']
MLS,2022,6969,1541298,9,11,2022,complete,83993,0,-1,[],[],0,0,0,5,3,8,0,0,0,3,0,0,6,2,11,3,17,5,14,13,58,42,44,13.0,21032,,,0,3,2.08,3.5,3.41,1.05,1.25,1.73,2.75,4.75,9.0,3.75,2.03,1.4,1.15,1.62,2.2,2.95,1.36,4.0,1.22,1.33,1.25,1.67,2.6,2.25,3.5,2.4,2.4,3.4,0,0,1.2,1.38,1.67,2.12,2.85,4.25,2.9,2.12,1.67,1.38,1.64,7.5,2.7,1.75,13.75,2.16,3.75,6.0,1.33,2.5,6.0,13.0,3.25,1.5,1.11,1.02,1.22,1.91,4.0,8.0,4.0,1.8,1.22,1.06,0,0,0,0,0,0,0,0,0,0,0,1658619000,-1,0,56,25,40,0,20383,2,1,1,0,4,3,1,7,0,3,0,0,3,0,1,67,36,113,81,1.98,0.73,2.7,0,0,0,0,0,0,1,1,0,0,1,0,0,0,-1,-1,-1,-1,-1,-1,-1,-1,-1,20,41,62,84,90,36,79,84,57,11.1,3.7,4.3,3.01,/clubs/columbus-crew-9,teams/usa-columbus-crew.png,Columbus Crew,/clubs/new-england-revolution-11,teams/usa-new-england-revolution.png,New England Revolution,1.59,0.88,1.56,0.9,1.45,1.25,80,60,39,16,11,80,69,58,1.83,1.61,3.44,/usa/columbus-crew-vs-new-england-revolution-h2h-stats#1541298,6969,34,False,False,False,False,False,False,False,[],[]
MLS,2022,6969,1541299,17,16,2022,complete,83993,0,-1,[],['39'],0,1,1,2,5,7,1,2,3,2,0,0,1,1,10,10,11,11,10,12,64,36,58,21031.0,12,,,3,2,2.45,3.35,2.83,1.05,1.29,1.87,3.0,5.5,9.0,3.5,1.87,1.36,1.12,1.7,2.05,3.1,1.33,3.75,1.24,1.4,1.29,1.57,2.8,2.15,3.3,2.62,2.3,3.2,0,0,1.22,1.42,1.74,2.23,3.0,4.0,2.75,2.02,1.61,1.35,1.71,7.5,2.55,1.84,12.5,2.06,4.0,5.0,1.36,2.62,6.0,13.0,3.0,1.44,1.11,1.02,1.25,2.05,4.33,9.0,3.75,1.7,1.2,1.05,0,0,0,0,1,0,1,0,0,0,1,1658619000,16,0,60,15,30,0,-1,2,1,0,4,2,1,4,3,2,2,1,0,4,1,1,58,31,119,93,1.19,1.0,2.19,0,0,0,0,0,0,1,1,0,0,0,1,0,1,-1,-1,-1,-1,-1,-1,-1,-1,-1,10,20,55,80,95,30,65,90,55,9.7,2.4,4.6,2.8,/clubs/orlando-city-sc-17,teams/usa-orlando-city-sc.png,Orlando City,/clubs/philadelphia-union-16,teams/usa-philadelphia-union.png,Philadelphia Union,1.59,1.5,1.5,1.6,1.43,1.86,90,80,45,20,5,70,60,50,1.51,1.16,2.67,/usa/philadelphia-union-vs-orlando-city-sc-h2h-stats#1541299,6969,35,True,False,False,False,False,False,False,[],['39']
MLS,2022,6969,1541300,19,711351,2022,complete,83993,0,-1,"['4', '10', '31', '45+2']",[],4,0,4,5,8,13,3,0,1,0,0,1,5,5,10,7,15,12,8,13,49,51,45125,211.0,44668,,,1,2,2.22,3.55,3.05,1.05,1.29,1.73,3.0,5.5,9.0,3.5,2.03,1.36,1.12,1.67,2.1,2.87,1.37,4.1,1.21,1.36,1.29,1.65,2.66,2.27,3.94,2.44,2.64,3.54,0,0,1.25,1.47,1.85,2.38,3.25,3.7,2.55,1.95,1.54,1.3,1.53,7.5,3.05,1.71,13.5,2.22,4.0,5.0,1.36,2.62,6.0,13.0,3.0,1.44,1.11,1.02,1.25,2.0,4.0,9.0,3.75,1.73,1.22,1.05,0,0,0,0,4,4,0,0,0,0,4,1658619000,19,0,78,18,32,0,-1,2,1,4,1,1,7,5,8,0,0,1,1,0,2,1,34,56,82,109,1.54,1.52,3.06,0,0,0,0,0,0,1,1,2,0,3,0,0,0,-1,-1,-1,-1,-1,-1,-1,-1,-1,14,18,78,91,96,41,87,91,41,9.73,2.09,4.09,2.96,/clubs/toronto-fc-19,teams/canada-toronto-fc.png,Toronto,/clubs/charlotte-fc-711351,teams/usa-charlotte-fc.png,Charlotte,1.41,0.65,1.45,0.45,0.9,1.24,87,82,23,9,5,82,60,45,1.38,1.2,2.58,/usa/toronto-fc-vs-charlotte-fc-h2h-stats#1541300,6969,34,True,True,True,True,False,False,False,"['4', '10', '31', '45+2']",[]
MLS,2022,6969,1541301,13401,1,2022,complete,83993,0,-1,['56'],"['1', '35']",1,2,3,6,4,10,2,5,3,2,0,0,6,4,8,7,14,11,19,7,43,57,69,38056.0,39282,,,3,2,2.43,3.55,2.73,1.03,1.22,1.69,2.75,4.75,13.0,4.2,2.09,1.45,1.17,1.55,2.35,3.3,1.29,4.1,1.21,1.4,1.25,1.62,2.9,2.25,3.5,2.65,2.65,3.1,0,0,1.29,1.53,1.95,2.55,3.5,3.4,2.4,1.85,1.48,1.27,1.72,7.0,2.55,1.8,14.25,2.07,4.0,5.0,1.33,2.5,6.0,17.0,3.3,1.5,1.12,1.02,1.18,1.87,3.75,8.5,4.5,1.87,1.25,1.05,0,0,0,0,3,0,2,1,0,1,2,1658620800,1,0,60,25,30,0,15734,2,1,3,3,3,1,6,4,1,1,2,1,2,3,1,29,46,89,119,1.52,1.32,2.84,0,0,0,0,0,0,1,1,0,1,0,0,0,1,-1,-1,-1,-1,-1,-1,-1,-1,-1,25,45,65,95,100,60,85,90,55,10.6,3.2,5.6,3.45,/clubs/dc-united-13401,teams/usa-dc-united.png,DC United,/clubs/montreal-impact-1,teams/canada-montreal-impact.png,Montreal Impact,0.94,2.06,1.1,1.4,0.95,1.6,75,55,35,5,0,65,55,30,1.38,1.36,2.74,/usa/montreal-impact-vs-dc-united-h2h-stats#1541301,6969,34,True,True,True,False,False,False,True,['56'],"['1', '35']"
MLS,2022,6969,1541302,6,1015,2022,complete,83993,0,-1,['85'],"['45+2', '72']",1,2,3,13,1,14,2,1,2,0,0,0,4,4,16,7,20,11,7,5,73,27,20,10669.0,5,,,2,0,2.13,3.24,2.84,1.04,1.22,1.74,2.9,5.0,12.0,4.0,1.87,1.42,1.16,1.6,2.25,3.1,1.32,3.9,1.23,1.38,1.25,1.63,2.9,2.2,3.6,2.6,2.6,3.25,0,0,1.12,1.29,1.5,1.9,2.43,5.2,3.45,2.45,1.9,1.52,1.63,7.5,2.7,1.79,13.75,2.1,3.9,5.5,1.36,2.6,6.0,19.0,3.1,1.45,1.11,1.02,1.2,1.9,4.0,8.5,4.33,1.83,1.22,1.05,0,0,0,0,3,0,1,1,1,2,1,1658622600,1015,0,63,19,29,0,15223,2,1,6,1,7,0,7,7,1,0,1,0,1,1,1,76,25,167,68,2.1,1.16,3.26,0,0,0,0,0,0,1,1,0,0,2,0,1,0,-1,-1,-1,-1,-1,-1,-1,-1,-1,10,24,53,77,91,28,66,77,49,9.91,3.01,6.39,2.63,/clubs/houston-dynamo-6,teams/usa-houston-dynamo.png,Houston Dynamo,/clubs/minnesota-united-fc-1015,teams/usa-minnesota-united-fc.png,Minnesota United,1.35,1.11,1.45,1.3,1.19,1.48,91,76,48,24,9,77,68,53,1.38,1.22,2.6,/usa/houston-dynamo-vs-minnesota-united-fc-h2h-stats#1541302,6969,34,True,True,True,False,False,False,True,['85'],"['45+2', '72']"
MLS,2022,6969,1541303,8,6490,2022,complete,83993,0,-1,[],"['56', '83']",0,2,2,7,6,13,0,2,0,3,0,0,4,4,8,10,12,14,11,15,60,40,19912,18.0,39588,,,0,3,2.63,3.23,2.27,1.04,1.25,1.75,3.0,5.5,13.0,3.75,1.86,1.4,1.14,1.65,2.2,3.9,1.23,3.2,1.31,1.62,1.25,1.4,3.5,2.2,2.95,3.2,2.6,2.65,0,0,1.26,1.48,1.88,2.43,3.3,3.65,2.55,1.93,1.52,1.3,2.28,7.0,1.88,2.09,13.0,1.81,5.0,4.2,1.36,2.65,6.5,19.0,3.1,1.45,1.1,1.02,1.2,1.95,4.0,9.0,4.33,1.8,1.22,1.04,0,0,0,0,2,0,0,0,2,2,0,1658622600,6490,0,50,22,11,0,-1,2,1,4,5,3,1,9,4,0,1,0,2,1,2,1,65,23,127,74,1.52,1.33,2.85,0,0,0,0,0,0,1,1,0,0,2,0,0,1,-1,-1,-1,-1,-1,-1,-1,-1,-1,6,11,44,67,95,33,62,84,33,7.78,2.11,6.11,2.28,/clubs/sporting-kansas-city-8,teams/usa-sporting-kansas-city.png,Sporting KC,/clubs/los-angeles-fc-6490,teams/usa-los-angeles-fc.png,Los Angeles FC,1.71,1.53,1.22,1.78,0.91,2.1,95,89,56,34,6,62,44,28,1.32,1.4,2.72,/usa/sporting-kansas-city-vs-los-angeles-fc-h2h-stats#1541303,6969,34,True,True,False,False,False,False,False,[],"['56', '83']"
MLS,2022,6969,1541304,14,13,2022,complete,83993,0,-1,[],['14'],0,1,1,7,2,9,1,1,4,5,0,0,5,2,19,5,24,7,6,13,69,31,3135,8.0,21189,,,4,5,2.02,3.6,3.25,1.04,1.25,1.9,3.0,5.5,13.0,3.75,2.0,1.38,1.14,1.66,2.2,3.0,1.35,4.1,1.21,1.33,1.25,1.72,2.8,2.2,3.75,2.5,2.6,3.4,0,0,1.2,1.38,1.67,2.12,2.85,4.25,2.9,2.12,1.67,1.38,1.58,7.5,2.88,1.73,13.75,2.19,3.6,5.8,1.36,2.65,6.5,19.0,3.1,1.45,1.1,1.02,1.2,1.95,4.0,9.0,4.33,1.8,1.22,1.04,0,0,0,0,1,0,1,0,0,0,1,1658628000,13,0,55,20,15,0,20437,2,1,3,2,4,0,5,4,1,1,3,4,2,7,1,84,16,135,60,2.47,0.7,3.17,0,0,0,0,0,0,1,1,0,0,0,0,0,0,-1,-1,-1,-1,-1,-1,-1,-1,-1,0,40,65,70,85,25,65,80,45,8.9,4.1,5.1,2.6,/clubs/real-salt-lake-14,teams/usa-real-salt-lake.png,Real Salt Lake,/clubs/fc-dallas-13,teams/usa-fc-dallas.png,FC Dallas,1.88,1.06,2.4,1.1,1.57,1.38,100,60,35,30,15,65,45,35,1.47,1.1,2.57,/usa/fc-dallas-vs-real-salt-lake-h2h-stats#1541304,6969,35,True,False,False,False,False,False,False,[],['14']
MLS,2022,6969,1541305,18,12,2022,complete,83993,0,-1,"['43', '71']",['3'],2,1,3,3,11,14,2,0,1,5,1,0,6,3,11,3,17,6,4,18,55,45,13812,25.0,11434,,,2,5,1.92,3.35,3.85,1.04,1.28,1.9,3.3,6.0,12.0,3.6,1.96,1.33,1.12,1.72,2.1,2.75,1.4,4.0,1.21,1.33,1.25,1.72,2.8,2.2,3.75,2.5,2.55,3.5,0,0,1.27,1.5,1.9,2.45,3.4,3.55,2.48,1.9,1.5,1.29,1.58,7.5,2.88,1.72,12.0,2.25,3.5,5.8,1.38,2.8,7.0,21.0,3.0,1.42,1.09,1.02,1.22,2.05,4.5,10.0,4.0,1.72,1.18,1.03,0,0,0,0,3,1,1,1,0,1,2,1658628000,18,0,59,27,21,0,32476,2,1,2,3,1,8,5,9,1,2,1,3,3,4,1,43,60,120,86,1.81,1.03,2.84,1,0,1,0,0,0,1,1,0,1,1,0,0,0,-1,-1,-1,-1,-1,-1,-1,-1,-1,5,32,69,85,100,37,79,95,63,10.81,3.68,5.33,2.9,/clubs/seattle-sounders-fc-18,teams/usa-seattle-sounders-fc.png,Seattle Sounders,/clubs/colorado-rapids-12,teams/usa-colorado-rapids.png,Colorado Rapids,1.76,0.47,1.6,0.33,1.3,1.2,95,69,32,16,0,52,37,37,1.59,1.37,2.96,/usa/colorado-rapids-vs-seattle-sounders-fc-h2h-stats#1541305,6969,34,True,True,True,False,False,False,True,"['43', '71']",['3']
MLS,2022,6969,1541306,5,7,2022,complete,83993,0,-1,['54'],"['13', '76', '90']",1,3,4,3,4,7,3,2,2,0,0,0,3,4,5,12,8,16,13,9,39,61,13893,41087.0,10695,,,2,0,2.19,3.35,3.1,1.05,1.3,1.95,3.3,6.5,11.0,3.5,1.95,1.33,1.11,1.72,2.1,3.0,1.34,3.75,1.24,1.38,1.25,1.62,3.0,2.15,3.6,2.7,2.5,3.25,0,0,1.25,1.47,1.85,2.38,3.25,3.7,2.55,1.95,1.54,1.3,1.65,7.5,2.7,1.88,9.0,2.2,3.9,5.0,1.4,2.85,7.0,23.0,2.95,1.4,1.08,1.02,1.22,2.1,4.5,10.0,4.0,1.7,1.18,1.03,0,0,0,0,4,0,1,1,2,3,1,1658628000,7,0,45,10,35,0,14984,2,1,1,3,2,1,4,3,0,0,2,0,0,2,1,35,47,82,103,0.98,1.63,2.61,0,0,0,0,0,0,1,1,0,0,0,0,0,0,-1,-1,-1,-1,-1,-1,-1,-1,-1,25,30,50,60,85,15,45,75,45,8.8,3.6,4.5,2.6,/clubs/vancouver-whitecaps-fc-5,teams/canada-vancouver-whitecaps-fc.png,Vancouver Whitecaps,/clubs/chicago-fire-7,teams/usa-chicago-fire.png,Chicago Fire,1.94,0.94,1.8,0.5,1.24,1.1,75,70,50,40,15,55,30,20,1.47,1.62,3.09,/usa/vancouver-whitecaps-fc-vs-chicago-fire-h2h-stats#1541306,6969,34,True,True,True,True,False,False,True,['54'],"['13', '76', '90']"
MLS,2022,6969,1541307,20,15,2022,complete,83993,0,-1,"['53', '71']",['42'],2,1,3,3,9,12,1,2,4,3,0,0,6,7,13,5,19,12,18,15,42,58,13889,42128.0,23354,,,4,3,1.82,3.6,3.95,1.02,1.16,1.73,2.18,3.75,19.0,5.0,2.1,1.63,1.25,1.52,2.5,3.0,1.34,6.0,1.12,1.22,1.18,2.1,2.25,2.5,4.33,2.05,2.95,4.0,0,0,1.2,1.38,1.67,2.12,2.85,4.25,2.9,2.12,1.67,1.38,1.37,8.0,3.75,1.56,20.5,2.4,3.3,8.0,1.25,2.2,4.75,13.0,3.75,1.62,1.16,1.02,1.14,1.72,3.2,7.0,5.0,2.1,1.33,1.08,0,0,0,0,3,0,1,2,0,2,1,1658629800,20,0,55,10,35,0,-1,2,1,1,4,2,5,5,7,3,0,1,3,3,4,1,59,50,112,92,2.04,1.61,3.66,0,0,0,0,0,0,1,1,0,0,0,0,0,0,-1,-1,-1,-1,-1,-1,-1,-1,-1,25,40,55,80,90,25,70,85,50,8.9,1.9,5.2,3.25,/clubs/portland-timbers-20,teams/usa-portland-timbers.png,Portland Timbers,/clubs/san-jose-earthquakes-15,teams/usa-san-jose-earthquakes.png,SJ Earthquakes,1.76,0.47,1.6,0.6,1.29,1.1,75,60,45,20,10,70,55,45,1.39,1.28,2.67,/usa/san-jose-earthquakes-vs-portland-timbers-h2h-stats#1541307,6969,34,True,True,True,False,False,False,True,"['53', '71']",['42']
MLS,2022,6969,1541308,698284,4,2022,complete,83993,0,-1,"['45', '69', '81']","['14', '26', '51', '65']",3,4,7,8,1,9,0,2,2,3,0,0,6,9,9,4,15,13,13,16,78,22,5016,2339.0,11574,,,2,3,2.22,3.43,2.75,1.04,1.25,1.81,2.95,5.5,12.0,3.75,1.99,1.4,1.14,1.62,2.2,3.4,1.27,3.5,1.26,1.47,1.3,1.5,3.1,2.25,3.2,2.75,2.5,2.75,0,0,1.22,1.43,1.77,2.24,2.98,3.82,2.74,2.05,1.62,1.34,2.17,7.0,1.96,1.83,10.25,2.05,4.5,4.8,1.36,2.63,7.0,19.0,3.0,1.44,1.1,1.02,1.2,1.91,4.0,10.0,4.33,1.8,1.22,1.06,0,0,0,0,7,1,2,2,2,4,3,1658707200,4,0,51,15,20,0,20738,2,1,3,0,5,1,3,6,1,1,1,2,2,3,1,32,25,116,75,1.61,1.63,3.24,0,0,0,0,0,0,1,1,0,0,0,0,1,0,-1,-1,-1,-1,-1,-1,-1,-1,-1,16,37,52,80,100,37,71,86,51,10.25,2.89,4.85,2.89,/clubs/austin-fc-698284,teams/usa-austin-fc.png,Austin,/clubs/new-york-red-bulls-4,teams/usa-new-york-red-bulls.png,New York RB,1.79,1.76,2.0,1.82,1.95,1.57,85,63,49,20,0,52,48,34,1.69,1.49,3.18,/usa/new-york-red-bulls-vs-austin-fc-h2h-stats#1541308,6969,35,True,True,True,True,True,True,True,"['45', '69', '81']","['14', '26', '51', '65']"
MLS,2022,6969,1541309,10,1016,2022,complete,83993,0,-1,"['7', '90+6']",[],2,0,2,2,3,5,0,2,2,4,0,0,5,2,2,6,7,8,15,16,49,51,42,2.0,40852,,,2,4,1.72,3.88,3.75,1.02,1.18,1.6,2.1,4.33,17.0,4.75,2.2,1.7,1.2,1.57,2.25,2.87,1.37,5.5,1.13,1.23,1.25,2.0,2.3,2.4,4.33,2.0,2.75,4.0,0,0,1.18,1.33,1.62,2.05,2.69,4.5,3.04,2.24,1.77,1.45,1.41,8.0,3.5,1.5,17.25,2.63,3.5,8.0,1.29,2.38,5.5,15.0,3.5,1.53,1.14,1.03,1.16,1.75,3.3,7.25,4.75,1.95,1.29,1.08,0,0,0,0,2,1,0,1,0,1,1,1658712600,10,0,61,11,27,0,24122,2,1,2,1,0,2,3,2,0,1,2,3,1,5,1,61,90,105,117,1.24,1.3,2.54,0,0,0,0,0,0,1,1,1,0,0,0,0,0,-1,-1,-1,-1,-1,-1,-1,-1,-1,14,34,71,76,100,34,76,90,51,13.42,2.53,4.49,2.94,/clubs/la-galaxy-10,teams/usa-la-galaxy.png,LA Galaxy,/clubs/atlanta-united-fc-1016,teams/usa-atlanta-united-fc.png,Atlanta United FC,1.72,0.65,1.45,0.56,1.35,1.2,87,67,29,25,0,90,75,75,1.79,1.5,3.29,/usa/la-galaxy-vs-atlanta-united-fc-h2h-stats#1541309,6969,34,True,True,False,False,False,False,False,"['7', '90+6']",[]
MLS,2022,6969,1541310,15,14,2022,complete,83993,0,-1,"['12', '62']","['21', '90+5']",2,2,4,5,2,7,0,1,3,4,0,0,4,5,10,7,14,12,11,17,62,38,20,23354.0,8,,,3,4,2.11,3.84,3.27,1.03,1.2,1.61,2.65,4.75,13.0,4.33,2.15,1.47,1.18,1.57,2.25,3.3,1.3,4.33,1.19,1.38,1.25,1.66,2.75,2.3,3.5,2.5,2.65,3.1,0,0,1.2,1.38,1.67,2.12,2.85,4.25,2.9,2.12,1.67,1.38,1.64,7.5,2.7,1.67,11.75,2.25,4.0,5.8,1.33,2.5,6.5,19.0,3.25,1.5,1.11,1.02,1.18,1.85,3.75,8.0,4.5,1.9,1.25,1.06,0,0,0,0,4,1,1,1,1,2,2,1659232800,-1,0,73,20,54,0,-1,2,1,4,1,1,1,5,2,1,3,2,1,4,3,1,54,42,112,79,1.56,1.41,2.97,1,0,1,0,0,0,1,1,0,0,0,0,0,0,-1,-1,-1,-1,-1,-1,-1,-1,-1,29,44,68,82,91,29,67,87,68,11.29,3.2,4.45,3.32,/clubs/san-jose-earthquakes-15,teams/usa-san-jose-earthquakes.png,SJ Earthquakes,/clubs/real-salt-lake-14,teams/usa-real-salt-lake.png,Real Salt Lake,1.59,0.89,1.6,0.82,1.05,1.5,72,57,33,19,9,81,57,33,1.72,1.17,2.89,/usa/real-salt-lake-vs-san-jose-earthquakes-h2h-stats#1541310,6969,34,True,True,True,True,False,False,True,"['12', '62']","['21', '90+5']"
MLS,2022,6969,1541311,6490,18,2022,complete,83993,0,-1,"['35', '43']",['14'],2,1,3,8,4,12,1,0,1,2,0,0,9,1,11,10,20,11,16,10,48,52,13893,39588.0,25,,,1,2,1.55,4.41,5.18,1.0,1.2,1.62,2.57,4.5,12.5,4.4,2.15,1.48,1.16,1.81,2.05,2.3,1.51,5.75,1.11,1.15,1.22,2.65,2.09,2.56,5.79,1.86,2.91,5.25,0,0,1.2,1.38,1.67,2.12,2.85,4.25,2.9,2.12,1.67,1.38,1.29,8.5,4.35,1.44,16.25,2.84,2.75,9.5,1.32,2.53,5.85,12.0,3.38,1.55,1.13,1.03,1.18,1.9,3.76,8.0,4.74,1.9,1.27,1.06,0,0,0,0,3,2,1,0,0,0,3,1659150000,6490,0,52,23,24,0,-1,2,1,6,2,2,2,8,4,1,0,0,2,1,2,1,46,34,110,104,2.23,1.02,3.25,0,0,0,0,0,0,1,1,0,0,0,1,0,0,-1,-1,-1,-1,-1,-1,-1,-1,-1,14,33,47,75,100,28,76,85,47,11.62,2.84,3.89,2.78,/clubs/los-angeles-fc-6490,teams/usa-los-angeles-fc.png,Los Angeles FC,/clubs/seattle-sounders-fc-18,teams/usa-seattle-sounders-fc.png,Seattle Sounders,2.4,0.65,2.36,1.0,2.14,1.38,86,68,54,25,0,76,61,52,2.02,1.22,3.24,/usa/seattle-sounders-fc-vs-los-angeles-fc-h2h-stats#1541311,6969,34,True,True,True,False,False,False,True,"['35', '43']",['14']
MLS,2022,6969,1541312,1015,20,2022,complete,83993,0,-1,"['9', '21', '41', '69']","['1', '50', '53', '65']",4,4,8,5,3,8,2,1,5,4,0,0,6,8,6,10,12,18,17,16,48,52,13864,5.0,42128,,,5,4,1.81,3.95,4.26,1.03,1.2,1.6,2.58,4.58,16.0,4.38,2.2,1.49,1.19,1.64,2.2,2.7,1.38,5.0,1.14,1.24,1.26,2.06,2.34,2.39,4.46,2.12,2.8,4.16,0,0,1.17,1.32,1.58,2.0,2.6,4.7,3.2,2.28,1.8,1.46,1.41,8.0,3.5,1.57,16.0,2.44,3.2,7.5,1.32,2.43,5.75,12.0,3.38,1.56,1.14,1.03,1.18,1.89,3.68,7.5,4.8,1.91,1.28,1.07,0,0,0,0,8,3,1,1,3,4,4,1659207600,-1,0,64,9,41,0,-1,2,1,3,2,2,1,5,3,0,1,5,3,1,8,1,37,37,105,87,1.45,1.96,3.42,0,0,0,0,0,0,1,1,1,1,2,0,0,0,-1,-1,-1,-1,-1,-1,-1,-1,-1,18,27,46,82,96,18,78,87,55,10.18,2.55,5.0,2.68,/clubs/minnesota-united-fc-1015,teams/usa-minnesota-united-fc.png,Minnesota United,/clubs/portland-timbers-20,teams/usa-portland-timbers.png,Portland Timbers,1.71,0.94,1.64,1.0,1.55,1.36,82,73,55,18,5,69,59,46,1.7,1.18,2.88,/usa/portland-timbers-vs-minnesota-united-fc-h2h-stats#1541312,6969,34,True,True,True,True,True,True,True,"['9', '21', '41', '69']","['1', '50', '53', '65']"
MLS,2022,6969,1541313,7,1016,2022,complete,83993,0,-1,[],[],0,0,0,7,8,15,2,2,2,2,0,0,5,2,11,12,16,14,7,18,49,51,13841,10695.0,40852,,,2,2,2.02,3.79,3.54,1.01,1.22,1.67,2.78,4.9,11.25,4.1,2.1,1.42,1.13,1.64,2.26,3.0,1.32,4.2,1.18,1.33,1.29,1.78,2.61,2.29,3.92,2.39,2.67,3.54,0,0,1.22,1.42,1.74,2.23,3.0,4.0,2.75,2.02,1.61,1.35,1.52,7.5,3.05,1.78,11.25,2.36,3.9,6.5,1.34,2.56,6.25,13.0,3.26,1.51,1.12,1.02,1.21,1.96,3.95,8.0,4.45,1.84,1.25,1.06,0,0,0,0,0,0,0,0,0,0,0,1659214800,-1,0,48,10,29,0,-1,2,1,1,7,6,1,8,7,1,0,1,2,1,3,1,49,34,123,87,1.72,1.27,2.99,0,0,0,0,0,0,1,1,0,0,0,1,0,0,-1,-1,-1,-1,-1,-1,-1,-1,-1,5,19,53,63,87,19,68,73,43,10.01,4.41,5.31,2.26,/clubs/chicago-fire-7,teams/usa-chicago-fire.png,Chicago Fire,/clubs/atlanta-united-fc-1016,teams/usa-atlanta-united-fc.png,Atlanta United FC,1.35,0.65,1.64,0.5,1.18,1.14,96,81,47,38,14,63,53,44,1.34,1.48,2.82,/usa/chicago-fire-vs-atlanta-united-fc-h2h-stats#1541313,6969,34,False,False,False,False,False,False,False,[],[]
MLS,2022,6969,1541314,711351,9,2022,complete,83993,0,-1,"['58', '90+4']","['36', '54']",2,2,4,5,2,7,0,2,1,4,0,0,2,2,0,0,2,2,12,9,52,48,3135,44668.0,13,,,1,4,2.26,3.55,3.05,1.02,1.3,2.02,3.32,6.15,9.2,3.4,1.84,1.31,1.08,1.77,2.0,2.75,1.37,3.3,1.26,1.4,1.29,1.57,2.75,2.15,3.4,2.6,2.3,3.25,0,0,1.22,1.42,1.74,2.23,3.0,4.0,2.75,2.02,1.61,1.35,1.71,7.5,2.55,1.96,9.2,2.2,3.9,4.8,1.41,2.88,7.5,15.0,2.91,1.42,1.09,1.02,1.26,2.17,4.8,10.0,3.84,1.69,1.18,1.04,0,0,0,0,4,0,1,2,1,3,1,1665010800,-1,0,52,17,30,0,-1,2,1,1,0,4,2,1,6,0,0,1,4,0,5,-1,0,0,0,0,0.0,0.0,0.0,0,0,0,0,0,0,1,1,0,0,1,0,0,0,-1,-1,-1,-1,-1,-1,-1,-1,-1,13,33,52,75,94,27,68,81,43,9.67,2.74,3.56,2.69,/clubs/charlotte-fc-711351,teams/usa-charlotte-fc.png,Charlotte,/clubs/columbus-crew-9,teams/usa-columbus-crew.png,Columbus Crew,1.82,1.12,1.88,1.2,1.28,1.41,88,68,48,26,7,65,49,36,1.42,1.26,2.68,/usa/columbus-crew-vs-charlotte-fc-h2h-stats#1541314,6969,34,True,True,True,True,False,False,True,"['58', '90+4']","['36', '54']"
MLS,2022,6969,1541315,4,12,2022,complete,83993,0,-1,"['6', '9', '28', '90+7']","['21', '38', '77', '80', '89']",4,5,9,4,3,7,2,1,0,4,0,0,7,6,9,6,16,12,13,15,49,51,36,11574.0,11434,,,0,4,1.73,4.0,4.5,1.03,1.2,1.64,2.25,4.45,17.75,4.47,2.17,1.57,1.2,1.73,2.0,2.4,1.5,6.0,1.09,1.1,1.22,2.5,2.05,2.46,5.65,1.85,2.91,5.35,0,0,1.2,1.41,1.75,2.18,2.89,4.05,2.82,2.05,1.65,1.36,1.25,10.5,5.55,1.4,17.75,2.99,2.62,10.0,1.29,2.36,5.15,10.0,3.25,1.53,1.13,1.04,1.2,1.85,3.75,7.5,4.33,1.85,1.25,1.07,0,0,0,0,9,3,2,1,3,4,5,1659483000,12,0,65,25,35,0,-1,2,1,4,1,0,2,5,2,0,2,0,2,2,2,1,43,40,108,74,1.82,1.47,3.28,2,0,2,0,0,0,1,1,2,0,0,0,0,0,-1,-1,-1,-1,-1,-1,-1,-1,-1,10,25,55,80,95,30,55,95,55,12.1,3.5,6.1,2.7,/clubs/new-york-red-bulls-4,teams/usa-new-york-red-bulls.png,New York RB,/clubs/colorado-rapids-12,teams/usa-colorado-rapids.png,Colorado Rapids,1.28,0.47,1.3,0.3,1.64,1.14,90,75,45,20,5,50,35,30,1.66,1.33,2.99,/usa/new-york-red-bulls-vs-colorado-rapids-h2h-stats#1541315,6969,34,True,True,True,True,True,True,True,"['6', '9', '28', '90+7']","['21', '38', '77', '80', '89']"
MLS,2022,6969,1541316,1,2,2022,complete,83993,0,-1,[],[],0,0,0,8,2,10,1,0,2,0,0,0,1,0,13,3,14,3,14,6,59,41,13851,39282.0,27505,,,2,0,2.86,3.85,2.39,1.0,1.2,1.6,2.6,4.55,11.75,4.33,2.2,1.47,1.15,1.57,2.4,3.75,1.24,3.6,1.25,1.53,1.29,1.5,3.25,2.41,3.16,2.91,2.7,2.77,0,0,1.24,1.45,1.83,2.33,3.2,3.75,2.6,1.98,1.56,1.32,2.06,7.0,2.06,2.05,11.75,2.0,5.0,4.75,1.32,2.58,5.9,12.0,3.38,1.53,1.13,1.03,1.19,1.9,3.76,7.5,4.75,1.9,1.27,1.07,0,0,0,0,0,0,0,0,0,0,0,1659223800,-1,0,57,21,31,0,-1,2,1,4,1,4,1,5,5,1,0,1,0,1,1,1,73,24,130,70,1.49,0.38,1.86,0,0,0,0,0,0,1,1,0,0,0,0,0,0,-1,-1,-1,-1,-1,-1,-1,-1,-1,16,16,57,62,95,32,74,78,41,10.48,2.09,4.84,2.71,/clubs/montreal-impact-1,teams/canada-montreal-impact.png,Montreal Impact,/clubs/new-york-city-fc-2,teams/usa-new-york-city-fc.png,New York City,1.74,1.26,1.8,1.56,1.67,1.95,85,85,44,38,6,69,59,37,1.6,1.49,3.09,/usa/montreal-impact-vs-new-york-city-fc-h2h-stats#1541316,6969,36,False,False,False,False,False,False,False,[],[]
MLS,2022,6969,1541317,16,6,2022,complete,83993,0,-1,"['23', '42', '45+1', '48', '55', '89']",[],6,0,6,5,4,9,0,2,1,3,0,0,8,3,8,10,16,13,11,13,50,50,39,12.0,10669,,,1,3,1.62,4.12,5.48,1.04,1.23,1.61,2.77,5.05,14.25,4.05,2.15,1.43,1.16,1.76,2.01,2.4,1.5,5.25,1.14,1.19,1.25,2.23,2.24,2.35,5.0,2.02,2.76,4.7,0,0,1.2,1.38,1.67,2.12,2.85,4.25,2.9,2.12,1.67,1.38,1.33,8.5,4.0,1.49,14.25,2.72,2.75,9.0,1.34,2.59,6.25,12.0,3.26,1.5,1.12,1.03,1.21,1.97,4.04,8.0,4.44,1.83,1.24,1.06,0,0,0,0,6,3,0,3,0,3,3,1659223800,16,0,58,14,29,0,-1,2,1,3,1,2,3,4,5,0,0,1,3,0,4,1,38,48,83,100,1.84,1.38,3.22,0,0,0,0,0,0,1,1,0,0,2,0,0,0,-1,-1,-1,-1,-1,-1,-1,-1,-1,5,15,54,86,96,29,72,77,53,8.4,2.65,5.23,2.63,/clubs/philadelphia-union-16,teams/usa-philadelphia-union.png,Philadelphia Union,/clubs/houston-dynamo-6,teams/usa-houston-dynamo.png,Houston Dynamo,2.47,0.76,2.09,0.9,1.91,1.14,96,86,47,14,5,67,67,48,1.69,1.23,2.92,/usa/houston-dynamo-vs-philadelphia-union-h2h-stats#1541317,6969,34,True,True,True,True,True,True,False,"['23', '42', '45+1', '48', '55', '89']",[]
MLS,2022,6969,1541318,677446,8043,2022,complete,83993,0,-1,"['23', '37', '45+5', '90+7']","['28', '40', '81', '86']",4,4,8,5,7,12,4,1,1,2,0,0,10,6,8,8,18,14,11,11,54,46,45098,28121.0,40182,,,1,2,2.0,3.96,3.62,1.03,1.22,1.7,2.85,5.0,13.0,4.2,2.05,1.42,1.16,1.62,2.2,3.0,1.34,4.4,1.19,1.33,1.25,1.75,2.63,2.3,3.75,2.38,2.65,3.25,0,0,1.22,1.42,1.74,2.23,3.0,4.0,2.75,2.02,1.61,1.35,1.52,7.5,3.05,1.67,11.75,2.3,3.75,6.0,1.33,2.5,6.5,19.0,3.25,1.5,1.11,1.02,1.18,1.9,4.0,8.5,4.5,1.83,1.22,1.05,0,0,0,0,8,3,2,1,2,3,5,1659225600,-1,0,64,32,41,0,-1,2,1,2,2,3,5,4,8,0,1,1,1,1,2,1,56,35,95,98,2.24,1.56,3.8,1,0,1,0,0,0,1,1,0,0,1,0,0,0,-1,-1,-1,-1,-1,-1,-1,-1,-1,18,32,64,87,91,41,78,87,50,9.73,3.37,5.55,3.0,/clubs/club-internacional-de-futbol-miami-677446,teams/usa-club-internacional-de-futbol-miami.png,Inter Miami,/clubs/fc-cincinnati-8043,teams/usa-fc-cincinnati.png,FC Cincinnati,1.94,1.47,1.82,1.36,1.19,1.27,82,69,36,14,9,73,64,60,1.51,1.28,2.79,/usa/fc-cincinnati-vs-club-internacional-de-futbol-miami-h2h-stats#1541318,6969,35,True,True,True,True,True,True,True,"['23', '37', '45+5', '90+7']","['28', '40', '81', '86']"
MLS,2022,6969,1541319,677447,5,2022,complete,83993,0,-1,['17'],['87'],1,1,2,7,7,14,0,0,1,4,0,0,3,6,14,18,17,24,5,12,50,50,42,24795.0,41087,,,1,4,1.52,4.51,6.68,1.04,1.28,1.8,3.2,6.0,12.0,3.6,1.95,1.36,1.12,1.8,1.95,2.3,1.55,5.0,1.15,1.18,1.22,2.15,2.3,2.25,5.0,2.05,2.65,4.75,0,0,1.22,1.42,1.74,2.23,3.0,4.0,2.75,2.02,1.61,1.35,1.34,8.5,4.0,1.56,9.9,3.02,2.7,8.5,1.38,2.75,7.0,21.0,3.0,1.42,1.09,1.02,1.22,2.05,4.2,10.0,4.0,1.72,1.2,1.03,0,0,0,0,2,1,0,0,1,1,1,1659225600,-1,0,61,29,27,0,-1,2,1,7,2,0,5,9,5,0,1,1,3,1,4,1,42,62,84,109,1.58,2.37,3.96,0,0,0,0,0,0,1,1,0,0,4,0,0,0,-1,-1,-1,-1,-1,-1,-1,-1,-1,0,29,65,85,95,48,84,80,42,9.74,4.66,4.09,2.72,/clubs/nashville-sc-mls-677447,teams/usa-nashville-sc-mls.png,Nashville SC,/clubs/vancouver-whitecaps-fc-5,teams/canada-vancouver-whitecaps-fc.png,Vancouver Whitecaps,1.41,0.59,1.44,0.73,1.41,1.18,100,71,36,16,6,54,29,19,1.52,0.92,2.44,/usa/vancouver-whitecaps-fc-vs-nashville-sc-mls-h2h-stats#1541319,6969,34,True,True,False,False,False,False,True,['17'],['87']
MLS,2022,6969,1541320,11,19,2022,complete,83993,0,-1,[],[],0,0,0,3,9,12,1,1,0,0,0,0,2,3,11,13,13,16,12,10,55,45,13967,21032.0,211,,,0,0,1.4,5.62,6.65,1.01,1.16,1.42,2.25,4.2,19.0,5.0,2.74,1.57,1.22,1.62,2.2,2.65,1.43,6.25,1.11,1.17,1.18,2.35,2.2,2.5,4.75,1.91,2.95,4.33,0,0,1.22,1.42,1.74,2.23,3.0,4.0,2.75,2.02,1.61,1.35,1.34,8.5,4.0,1.44,19.0,2.75,2.88,10.0,1.29,2.25,5.5,15.0,3.5,1.57,1.14,1.03,1.15,1.75,3.3,7.0,5.0,2.0,1.3,1.08,0,0,0,0,0,0,0,0,0,0,0,1659225600,-1,0,60,30,35,0,-1,2,-1,0,3,3,6,3,9,0,0,0,0,0,0,1,63,43,113,86,1.42,1.53,2.95,0,1,0,0,0,1,1,1,0,0,0,0,-1,-1,-1,-1,-1,-1,-1,-1,-1,-1,-1,10,30,45,80,100,35,80,80,45,10.1,2.2,4.4,2.85,/clubs/new-england-revolution-11,teams/usa-new-england-revolution.png,New England Revolution,/clubs/toronto-fc-19,teams/canada-toronto-fc.png,Toronto,1.59,0.59,1.6,0.3,1.24,1.0,90,70,55,20,0,45,35,35,1.58,1.12,2.7,/usa/new-england-revolution-vs-toronto-fc-h2h-stats#1541320,6969,34,False,False,False,False,False,False,False,[],[]
MLS,2022,6969,1541321,8,698284,2022,complete,83993,0,-1,[],"['45+1', '90']",0,2,2,6,1,7,0,5,2,3,1,0,4,6,8,6,12,12,12,12,42,58,24,18.0,2339,,,3,3,2.25,3.82,3.01,1.03,1.22,1.67,2.85,5.0,13.0,4.2,2.05,1.44,1.16,1.62,2.2,3.4,1.28,3.8,1.23,1.45,1.25,1.55,3.0,2.25,3.25,2.63,2.6,2.88,0,0,1.22,1.42,1.74,2.23,3.0,4.0,2.75,2.02,1.61,1.35,1.71,7.5,2.55,1.8,11.25,2.05,4.4,5.0,1.33,2.63,6.5,19.0,3.25,1.44,1.11,1.02,1.18,1.83,3.75,10.0,4.5,1.83,1.25,1.06,0,0,0,0,2,0,1,0,1,1,1,1659227400,698284,0,54,19,18,0,-1,2,1,2,0,4,1,2,5,2,3,1,0,5,1,1,34,48,74,99,1.28,1.53,2.81,1,0,0,0,1,0,1,1,0,0,0,0,0,0,-1,-1,-1,-1,-1,-1,-1,-1,-1,13,22,54,63,95,27,59,90,36,7.72,2.95,5.42,2.45,/clubs/sporting-kansas-city-8,teams/usa-sporting-kansas-city.png,Sporting KC,/clubs/austin-fc-698284,teams/usa-austin-fc.png,Austin,1.71,1.44,1.1,1.92,0.87,1.86,88,79,47,38,5,68,50,35,1.34,1.2,2.54,/usa/sporting-kansas-city-vs-austin-fc-h2h-stats#1541321,6969,34,True,True,False,False,False,False,False,[],"['45+1', '90']"
MLS,2022,6969,1541322,13,10,2022,complete,83993,0,-1,['9'],[],1,0,1,4,4,8,2,4,3,4,0,0,8,3,7,7,15,10,14,12,38,62,84,21189.0,2,,,3,4,2.16,3.77,3.22,1.04,1.25,1.75,3.0,5.5,12.0,3.75,1.95,1.4,1.14,1.67,2.1,3.0,1.35,4.0,1.21,1.36,1.25,1.7,2.75,2.25,3.75,2.5,2.6,3.2,0,0,1.2,1.38,1.67,2.12,2.85,4.25,2.9,2.12,1.67,1.38,1.58,7.5,2.88,1.67,10.5,2.3,3.75,5.5,1.36,2.63,7.0,19.0,3.0,1.44,1.1,1.02,1.2,1.95,4.0,9.0,4.2,1.8,1.22,1.04,0,0,0,0,1,1,0,0,0,0,1,1659229200,13,0,54,15,31,0,-1,2,1,1,2,3,2,3,5,1,2,2,2,3,4,1,16,72,72,135,1.62,1.37,3.0,0,1,0,0,0,1,1,1,1,0,0,0,0,0,-1,-1,-1,-1,-1,-1,-1,-1,-1,16,26,35,74,95,29,69,76,50,11.78,3.62,4.6,2.44,/clubs/fc-dallas-13,teams/usa-fc-dallas.png,FC Dallas,/clubs/la-galaxy-10,teams/usa-la-galaxy.png,LA Galaxy,1.94,1.22,1.64,1.22,1.45,1.43,85,75,66,27,6,67,67,44,1.51,1.55,3.06,/usa/la-galaxy-vs-fc-dallas-h2h-stats#1541322,6969,36,True,False,False,False,False,False,False,['9'],[]
MLS,2022,6969,1541323,13401,17,2022,complete,83993,0,-1,"['90+1', '90+5']",['9'],2,1,3,4,3,7,1,1,1,2,0,0,4,4,5,11,9,15,11,9,56,44,7,38056.0,21031,,,1,2,2.3,3.43,3.11,1.05,1.28,1.75,3.2,6.0,11.0,3.6,1.93,1.35,1.12,1.67,2.1,3.1,1.34,3.8,1.24,1.36,1.28,1.63,2.88,2.2,3.6,2.6,2.55,3.1,0,0,1.24,1.47,1.85,2.36,3.14,3.64,2.6,1.95,1.56,1.31,1.65,7.5,2.7,1.73,10.0,2.25,4.0,5.5,1.36,2.75,7.0,21.0,3.0,1.4,1.1,1.02,1.22,2.05,4.33,10.0,4.0,1.72,1.2,1.03,0,0,0,0,3,0,1,2,0,2,1,1659301200,13401,0,55,14,23,0,-1,2,1,1,2,3,1,3,4,1,0,0,2,1,2,1,49,46,110,78,1.21,1.56,2.77,0,0,0,0,0,0,1,1,0,1,0,0,1,0,-1,-1,-1,-1,-1,-1,-1,-1,-1,14,32,41,78,96,46,73,78,32,9.55,3.0,5.82,2.59,/clubs/dc-united-13401,teams/usa-dc-united.png,DC United,/clubs/orlando-city-sc-17,teams/usa-orlando-city-sc.png,Orlando City,0.94,1.17,1.0,1.36,0.9,1.36,87,69,59,23,5,73,55,37,1.39,1.02,2.41,/usa/orlando-city-sc-vs-dc-united-h2h-stats#1541323,6969,34,True,True,True,False,False,False,True,"['90+1', '90+5']",['9']
MLS,2022,6969,1541324,18,13,2022,complete,83993,0,-1,['39'],[],1,0,1,3,7,10,1,0,1,1,0,0,4,2,7,12,11,14,8,14,55,45,3,25.0,21189,,,1,1,1.9,3.85,3.85,1.04,1.28,1.79,3.1,6.0,11.0,3.6,1.94,1.36,1.12,1.73,2.0,2.7,1.4,4.33,1.18,1.25,1.29,1.8,2.4,2.2,3.9,2.25,2.38,3.8,0,0,1.21,1.41,1.77,2.19,2.93,3.92,2.82,2.03,1.64,1.35,1.53,8.5,3.28,1.64,12.75,2.39,3.25,6.5,1.4,2.75,6.5,21.0,3.0,1.42,1.09,1.02,1.22,2.0,4.2,9.5,4.0,1.75,1.2,1.04,0,0,0,0,1,1,0,0,0,0,1,1659492000,18,0,60,23,18,0,-1,2,1,1,2,2,5,3,7,1,1,0,0,2,0,1,52,33,127,88,1.36,1.27,2.63,1,0,1,0,0,0,1,1,0,0,0,0,0,0,-1,-1,-1,-1,-1,-1,-1,-1,-1,5,41,69,73,91,32,78,78,55,8.36,3.55,5.18,2.78,/clubs/seattle-sounders-fc-18,teams/usa-seattle-sounders-fc.png,Seattle Sounders,/clubs/fc-dallas-13,teams/usa-fc-dallas.png,FC Dallas,1.76,1.06,1.73,1.27,1.32,1.52,96,59,32,27,9,64,32,23,1.61,1.06,2.67,/usa/fc-dallas-vs-seattle-sounders-fc-h2h-stats#1541324,6969,34,True,False,False,False,False,False,False,['39'],[]
MLS,2022,6969,1541325,711351,13401,2022,complete,83993,0,-1,"['13', '64', '67']",[],3,0,3,4,4,8,0,1,0,1,0,0,5,2,9,8,14,10,10,10,56,44,5016,44668.0,38056,,,0,1,1.8,3.7,4.0,1.05,1.29,1.86,3.0,5.5,9.0,3.5,2.0,1.36,1.12,1.7,2.05,2.63,1.43,4.5,1.17,1.22,1.3,1.83,2.45,2.2,3.8,2.3,2.38,3.7,0,0,1.23,1.43,1.83,2.3,3.2,3.7,2.5,1.98,1.51,1.29,1.51,8.5,3.07,1.64,13.25,2.37,3.25,7.0,1.36,2.62,6.0,13.0,3.0,1.44,1.11,1.02,1.25,2.05,4.33,9.0,3.75,1.7,1.2,1.05,0,0,0,0,3,1,0,2,0,2,1,1659567600,711351,0,37,16,21,0,31520,2,1,3,2,1,2,5,3,0,1,0,0,1,0,1,42,39,71,101,1.53,1.06,2.6,0,0,0,0,0,0,1,1,0,0,1,0,0,0,-1,-1,-1,-1,-1,-1,-1,-1,-1,22,32,49,69,100,33,69,95,27,8.52,2.22,3.61,2.99,/clubs/charlotte-fc-711351,teams/usa-charlotte-fc.png,Charlotte,/clubs/dc-united-13401,teams/usa-dc-united.png,DC United,1.82,0.65,2.1,0.78,1.18,1.0,79,68,52,31,0,68,58,37,1.44,1.03,2.47,/usa/dc-united-vs-charlotte-fc-h2h-stats#1541325,6969,34,True,True,True,False,False,False,False,"['13', '64', '67']",[]
MLS,2022,6969,1541326,9,1,2022,complete,83993,0,-1,['14'],"['88', '90+4']",1,2,3,2,8,10,1,1,1,1,0,0,1,4,9,7,10,11,7,10,44,56,19912,13.0,39282,,,1,1,2.05,3.5,3.3,1.05,1.29,1.77,3.0,5.5,9.0,3.5,1.94,1.36,1.12,1.7,2.05,2.9,1.36,3.8,1.22,1.3,1.29,1.7,2.5,2.2,3.7,2.45,2.3,3.5,0,0,1.22,1.43,1.83,2.3,3.2,3.7,2.5,1.98,1.51,1.29,1.91,8.0,2.2,1.7,13.0,2.26,3.6,5.8,1.36,2.62,6.0,13.0,3.0,1.44,1.11,1.02,1.25,2.0,4.33,9.0,3.75,1.73,1.2,1.05,0,0,0,0,3,1,0,0,2,2,1,1659569400,1,0,47,14,14,0,-1,2,1,1,0,1,8,1,9,0,1,1,0,1,1,1,39,69,86,104,0.99,1.48,2.47,0,0,0,0,0,0,1,1,0,0,1,0,0,0,-1,-1,-1,-1,-1,-1,-1,-1,-1,14,23,52,85,90,38,81,85,47,10.81,3.8,4.62,2.77,/clubs/columbus-crew-9,teams/usa-columbus-crew.png,Columbus Crew,/clubs/montreal-impact-1,teams/canada-montreal-impact.png,Montreal Impact,1.59,2.06,1.5,1.55,1.43,1.64,87,77,49,15,10,77,62,43,1.85,1.35,3.2,/usa/montreal-impact-vs-columbus-crew-h2h-stats#1541326,6969,34,True,True,True,False,False,False,True,['14'],"['88', '90+4']"
MLS,2022,6969,1541327,10,1015,2022,complete,83993,0,-1,"['59', '90+3']","['9', '36', '43']",2,3,5,11,2,13,0,1,1,4,2,1,7,7,11,4,18,11,15,12,52,48,15,2.0,5,,,5,5,1.8,3.65,4.0,1.03,1.2,1.57,2.38,4.58,16.25,4.38,2.28,1.53,1.19,1.62,2.24,2.88,1.36,5.0,1.13,1.2,1.29,1.95,2.38,2.2,4.0,2.15,2.5,3.8,0,0,1.12,1.33,1.62,2.04,2.69,5.2,3.04,2.24,1.78,1.44,1.44,9.0,3.7,1.66,12.5,2.55,3.3,7.5,1.31,2.39,5.25,12.0,3.17,1.51,1.12,1.03,1.18,1.88,3.68,7.5,4.84,1.92,1.28,1.07,0,0,0,0,5,0,3,2,0,2,3,1656556200,1015,0,57,7,19,0,-1,2,1,4,2,7,0,6,7,1,2,2,3,3,5,1,54,23,122,92,2.02,1.36,3.38,1,0,1,0,0,0,1,1,0,1,0,0,0,0,-1,-1,-1,-1,-1,-1,-1,-1,-1,7,19,50,69,100,19,57,88,44,12.88,2.25,5.63,2.44,/clubs/la-galaxy-10,teams/usa-la-galaxy.png,LA Galaxy,/clubs/minnesota-united-fc-1015,teams/usa-minnesota-united-fc.png,Minnesota United,1.72,1.11,1.63,0.88,1.6,1.13,94,82,50,32,0,82,75,69,1.7,1.15,2.85,/usa/la-galaxy-vs-minnesota-united-fc-h2h-stats#1541327,6969,35,True,True,True,True,True,False,True,"['59', '90+3']","['9', '36', '43']"
MLS,2022,6969,1541328,20,677447,2022,complete,83993,0,-1,['27'],['20'],1,1,2,4,5,9,0,5,1,3,0,0,3,5,13,7,16,12,6,13,54,46,44,42128.0,24795,,,1,3,1.67,3.42,4.2,1.05,1.29,1.73,3.0,5.5,9.0,3.5,1.88,1.36,1.12,1.7,2.05,3.0,1.33,3.8,1.22,1.25,1.3,1.75,2.4,2.2,3.9,2.25,2.38,3.8,0,0,1.2,1.39,1.7,2.2,2.95,3.9,2.65,1.98,1.57,1.32,1.91,8.0,2.1,1.69,13.0,2.27,3.5,6.0,1.36,2.5,6.0,13.0,3.0,1.5,1.11,1.02,1.25,2.05,4.33,9.0,3.75,1.7,1.2,1.05,0,0,0,0,2,1,1,0,0,0,2,1659580200,-1,0,63,4,30,0,23101,2,1,2,4,2,1,6,3,0,1,1,2,1,3,1,35,47,108,115,1.48,1.46,2.94,0,0,0,0,0,0,1,1,0,0,0,1,0,0,-1,-1,-1,-1,-1,-1,-1,-1,-1,9,29,51,80,96,21,75,92,47,8.07,2.54,5.99,2.81,/clubs/portland-timbers-20,teams/usa-portland-timbers.png,Portland Timbers,/clubs/nashville-sc-mls-677447,teams/usa-nashville-sc-mls.png,Nashville SC,1.76,1.44,1.73,1.38,1.35,1.39,92,71,50,21,5,80,55,47,1.45,1.17,2.62,/usa/portland-timbers-vs-nashville-sc-mls-h2h-stats#1541328,6969,34,True,True,False,False,False,False,True,['27'],['20']
MLS,2022,6969,1541329,15,677446,2022,complete,83993,0,-1,[],['12'],0,1,1,13,7,20,2,3,0,1,0,0,5,6,22,6,27,12,3,13,62,38,14023,23354.0,28121,,,0,1,1.94,3.33,3.19,1.03,1.2,1.72,2.5,4.33,11.0,4.33,2.15,1.5,1.2,1.57,2.3,3.0,1.33,5.0,1.13,1.22,1.25,1.95,2.25,2.38,3.8,2.15,2.6,3.7,0,0,1.2,1.39,1.7,2.2,2.95,3.9,2.65,1.98,1.57,1.32,1.41,9.0,3.48,1.6,17.5,2.35,3.4,7.5,1.29,2.3,4.75,11.0,3.5,1.57,1.15,1.03,1.2,1.85,3.5,7.5,4.33,1.85,1.29,1.07,0,0,0,0,1,0,1,0,0,0,1,1659580200,677446,0,61,23,46,0,11806,2,1,5,6,8,1,11,9,0,0,0,1,0,1,1,60,27,140,67,2.49,1.37,3.86,0,0,0,0,0,0,1,1,0,0,0,2,0,0,-1,-1,-1,-1,-1,-1,-1,-1,-1,19,42,51,76,95,28,72,90,46,9.79,2.79,4.19,3.01,/clubs/san-jose-earthquakes-15,teams/usa-san-jose-earthquakes.png,SJ Earthquakes,/clubs/club-internacional-de-futbol-miami-677446,teams/usa-club-internacional-de-futbol-miami.png,Inter Miami,1.59,0.83,1.55,0.5,1.05,1.18,82,58,49,25,5,57,38,29,1.71,1.21,2.92,/usa/san-jose-earthquakes-vs-club-internacional-de-futbol-miami-h2h-stats#1541329,6969,34,True,False,False,False,False,False,False,[],['12']
MLS,2022,6969,1541330,5,6,2022,complete,83993,0,-1,"['88', '90+2']",['6'],2,1,3,5,5,10,0,2,2,1,0,0,4,5,8,5,12,10,7,11,45,55,24,41087.0,10669,,,2,1,2.15,3.37,3.31,1.05,1.26,1.85,2.87,5.25,9.5,3.5,1.82,1.36,1.13,1.67,2.1,3.1,1.33,3.8,1.23,1.36,1.31,1.61,2.88,2.2,3.6,2.5,2.5,3.1,0,0,1.2,1.39,1.7,2.2,2.95,3.9,2.65,1.98,1.57,1.32,1.59,8.5,2.89,1.73,11.0,2.2,4.0,5.5,1.36,2.63,7.0,21.0,3.0,1.44,1.1,1.02,1.2,1.93,3.9,9.0,4.1,1.75,1.22,1.05,0,0,0,0,3,0,1,2,0,2,1,1659753000,5,0,55,5,36,0,-1,2,1,2,5,3,0,7,3,0,0,2,1,0,3,1,62,39,115,91,1.49,1.27,2.76,0,0,0,0,0,0,1,1,0,1,0,1,0,0,-1,-1,-1,-1,-1,-1,-1,-1,-1,14,32,69,73,91,18,55,87,64,8.0,2.63,5.36,2.87,/clubs/vancouver-whitecaps-fc-5,teams/canada-vancouver-whitecaps-fc.png,Vancouver Whitecaps,/clubs/houston-dynamo-6,teams/usa-houston-dynamo.png,Houston Dynamo,1.94,0.76,1.64,0.82,1.17,1.09,87,69,32,27,9,50,41,32,1.42,1.25,2.67,/usa/vancouver-whitecaps-fc-vs-houston-dynamo-h2h-stats#1541330,6969,34,True,True,True,False,False,False,True,"['88', '90+2']",['6']
MLS,2022,6969,1541331,1016,18,2022,complete,83993,0,-1,"['23', '90+4']",['68'],2,1,3,7,7,14,3,2,1,2,0,0,6,4,5,7,11,11,9,11,49,51,7,40852.0,25,,,1,2,2.0,3.65,3.5,1.04,1.25,1.7,3.1,5.5,13.0,3.75,2.08,1.38,1.14,1.67,2.1,2.75,1.4,4.5,1.18,1.26,1.28,1.85,2.5,2.25,4.0,2.2,2.55,3.75,0,0,1.2,1.39,1.7,2.2,2.95,3.9,2.65,1.98,1.57,1.32,1.45,9.0,3.3,1.57,11.25,2.5,3.3,7.0,1.33,2.63,6.5,19.0,3.25,1.44,1.11,1.02,1.2,1.93,3.9,9.0,4.1,1.75,1.22,1.05,0,0,0,0,3,1,0,1,1,2,1,1659812400,1016,0,55,27,23,0,68586,2,1,3,3,4,4,6,8,0,0,1,2,0,3,1,34,62,88,102,1.37,1.43,2.79,0,0,0,0,0,0,1,1,0,0,0,0,0,0,-1,-1,-1,-1,-1,-1,-1,-1,-1,14,23,50,73,96,41,78,73,32,10.73,3.18,4.09,2.68,/clubs/atlanta-united-fc-1016,teams/usa-atlanta-united-fc.png,Atlanta United FC,/clubs/seattle-sounders-fc-18,teams/usa-seattle-sounders-fc.png,Seattle Sounders,1.71,0.65,1.73,0.91,1.14,1.39,87,78,50,27,5,69,50,46,1.89,1.21,3.1,/usa/seattle-sounders-fc-vs-atlanta-united-fc-h2h-stats#1541331,6969,34,True,True,True,False,False,False,True,"['23', '90+4']",['68']
MLS,2022,6969,1541332,711351,7,2022,complete,83993,0,-1,"['1', '45']","['21', '24', '52']",2,3,5,3,3,6,0,1,2,3,0,0,5,8,7,5,12,13,20,19,60,40,20,44668.0,10695,,,2,3,2.22,3.4,3.17,1.04,1.24,1.82,2.89,5.35,13.0,3.9,1.92,1.4,1.15,1.7,2.1,3.0,1.33,3.8,1.22,1.36,1.31,1.7,2.77,2.23,3.82,2.55,2.58,3.44,0,0,1.21,1.42,1.76,2.22,2.93,3.74,2.69,2.02,1.6,1.33,1.82,8.0,2.33,1.78,13.0,2.13,3.9,5.5,1.38,2.72,6.8,13.0,3.04,1.46,1.1,1.02,1.23,2.06,4.3,9.0,4.2,1.76,1.22,1.05,0,0,0,0,5,2,2,0,1,1,4,1659826800,7,0,36,14,27,0,-1,2,1,1,2,2,1,3,3,0,0,2,3,0,5,1,58,33,112,90,1.53,1.62,3.16,0,0,0,0,0,0,1,1,1,0,0,1,0,0,-1,-1,-1,-1,-1,-1,-1,-1,-1,18,27,46,69,96,18,69,82,36,9.27,3.27,3.72,2.59,/clubs/charlotte-fc-711351,teams/usa-charlotte-fc.png,Charlotte,/clubs/chicago-fire-7,teams/usa-chicago-fire.png,Chicago Fire,1.82,0.94,2.18,0.73,1.26,1.17,82,73,55,32,5,69,41,23,1.45,1.62,3.07,/usa/chicago-fire-vs-charlotte-fc-h2h-stats#1541332,6969,34,True,True,True,True,True,False,True,"['1', '45']","['21', '24', '52']"
MLS,2022,6969,1541333,8043,16,2022,complete,83993,0,-1,"['50', '55', '71']",['77'],3,1,4,3,7,10,1,1,3,0,0,0,8,2,6,14,14,16,10,11,48,52,36,40182.0,12,,,3,0,2.89,3.45,2.36,1.04,1.25,1.7,3.0,5.5,13.0,3.75,2.08,1.4,1.14,1.61,2.25,3.8,1.22,3.3,1.29,1.51,1.3,1.52,3.08,2.28,3.2,2.82,2.65,2.91,0,0,1.18,1.38,1.7,2.13,2.79,4.05,2.85,2.1,1.65,1.36,1.82,8.0,2.33,1.93,14.25,1.92,4.75,4.6,1.34,2.56,6.2,13.0,3.26,1.51,1.12,1.02,1.21,1.95,3.94,8.0,4.44,1.85,1.25,1.06,0,0,0,0,4,0,0,3,1,4,0,1659828600,8043,0,64,32,32,0,23443,2,1,2,4,1,3,6,4,1,0,2,0,1,2,1,38,42,104,91,1.73,1.45,3.18,0,0,0,0,0,0,1,1,0,0,1,1,0,0,-1,-1,-1,-1,-1,-1,-1,-1,-1,14,27,46,78,96,37,73,82,41,10.0,2.81,5.1,2.82,/clubs/fc-cincinnati-8043,teams/usa-fc-cincinnati.png,FC Cincinnati,/clubs/philadelphia-union-16,teams/usa-philadelphia-union.png,Philadelphia Union,1.41,1.5,1.18,1.73,1.26,1.96,87,73,55,23,5,73,73,64,1.73,1.15,2.88,/usa/philadelphia-union-vs-fc-cincinnati-h2h-stats#1541333,6969,36,True,True,True,True,False,False,True,"['50', '55', '71']",['77']
MLS,2022,6969,1541334,9,2,2022,complete,83993,0,-1,"['20', '27', '75']","['3', '64']",3,2,5,4,4,8,3,2,2,4,0,0,5,6,11,8,16,14,10,11,43,57,69,13.0,27505,,,2,4,2.54,3.55,2.6,1.05,1.26,1.78,3.03,5.65,12.75,3.72,1.97,1.37,1.13,1.68,2.13,3.4,1.29,3.6,1.25,1.53,1.31,1.48,3.3,2.22,3.1,3.0,2.58,2.82,0,0,1.23,1.46,1.83,2.32,3.14,3.56,2.56,1.98,1.55,1.29,1.82,8.0,2.33,1.96,12.75,1.93,4.5,4.6,1.37,2.68,6.75,13.0,3.1,1.47,1.1,1.02,1.23,2.05,4.3,9.0,4.2,1.77,1.22,1.05,0,0,0,0,5,2,1,1,1,2,3,1659828600,9,0,29,5,10,0,18609,2,1,3,1,1,3,4,4,1,1,1,3,2,4,1,42,66,110,98,1.67,1.78,3.45,0,0,0,0,0,0,1,1,0,1,3,0,1,0,-1,-1,-1,-1,-1,-1,-1,-1,-1,5,10,33,57,81,24,67,62,28,10.05,2.53,3.93,2.0,/clubs/columbus-crew-9,teams/usa-columbus-crew.png,Columbus Crew,/clubs/new-york-city-fc-2,teams/usa-new-york-city-fc.png,New York City,1.59,1.26,1.36,1.5,1.36,1.91,95,91,67,44,19,81,67,38,1.77,1.37,3.14,/usa/new-york-city-fc-vs-columbus-crew-h2h-stats#1541334,6969,34,True,True,True,True,True,False,True,"['20', '27', '75']","['3', '64']"
MLS,2022,6969,1541335,13401,4,2022,complete,83993,0,-1,[],[],0,0,0,4,4,8,2,1,1,1,0,0,2,0,2,13,4,13,13,17,63,37,84,38056.0,11574,,,1,1,3.13,3.5,2.2,1.04,1.25,1.8,2.93,5.45,13.0,3.83,1.95,1.39,1.14,1.7,2.1,3.8,1.22,3.0,1.33,1.67,1.31,1.38,3.76,2.22,2.82,3.36,2.58,2.59,0,0,1.22,1.44,1.8,2.26,3.04,3.65,2.62,2.0,1.58,1.31,2.54,8.0,1.69,2.12,13.0,1.79,5.5,4.0,1.38,2.72,6.85,13.0,3.04,1.46,1.1,1.02,1.23,2.06,4.4,9.0,4.2,1.76,1.21,1.05,0,0,0,0,0,0,0,0,0,0,0,1659828600,-1,0,54,21,25,0,16258,2,1,3,3,1,1,6,2,0,0,1,1,0,2,1,46,31,94,102,0.74,1.05,1.79,0,0,0,0,0,0,1,1,0,0,1,1,0,0,-1,-1,-1,-1,-1,-1,-1,-1,-1,17,34,55,88,100,46,75,83,46,10.5,3.0,5.75,3.0,/clubs/dc-united-13401,teams/usa-dc-united.png,DC United,/clubs/new-york-red-bulls-4,teams/usa-new-york-red-bulls.png,New York RB,0.94,1.76,1.17,1.92,0.95,1.57,83,67,46,13,0,71,59,30,1.38,1.51,2.89,/usa/new-york-red-bulls-vs-dc-united-h2h-stats#1541335,6969,34,False,False,False,False,False,False,False,[],[]
MLS,2022,6969,1541336,1,677446,2022,complete,83993,0,-1,"['5', '21']","['6', '79']",2,2,4,6,4,10,1,3,1,0,0,0,5,3,8,3,13,6,9,8,51,49,39,39282.0,28121,,,1,0,1.6,4.1,5.23,1.04,1.22,1.68,2.73,4.97,14.25,4.12,2.11,1.44,1.16,1.71,2.08,2.5,1.48,5.25,1.13,1.21,1.25,2.16,2.29,2.35,4.82,2.06,2.77,4.46,0,0,1.2,1.42,1.76,2.22,2.93,3.84,2.69,2.02,1.6,1.33,1.31,9.5,4.12,1.53,14.25,2.6,2.9,8.0,1.33,2.53,6.1,13.0,3.3,1.52,1.12,1.02,1.2,1.94,3.94,9.0,4.6,1.86,1.25,1.05,0,0,0,0,4,2,1,0,1,1,3,1659828600,-1,0,50,18,23,0,-1,2,1,2,0,4,4,2,8,1,0,0,0,1,0,1,67,21,111,76,1.66,0.75,2.41,1,0,1,0,0,0,1,1,1,1,1,0,0,0,-1,-1,-1,-1,-1,-1,-1,-1,-1,14,18,46,64,91,23,73,82,32,9.91,3.0,4.36,2.46,/clubs/montreal-impact-1,teams/canada-montreal-impact.png,Montreal Impact,/clubs/club-internacional-de-futbol-miami-677446,teams/usa-club-internacional-de-futbol-miami.png,Inter Miami,1.74,0.83,1.73,0.73,1.7,1.26,87,82,55,36,9,55,46,36,1.59,1.23,2.82,/usa/montreal-impact-vs-club-internacional-de-futbol-miami-h2h-stats#1541336,6969,35,True,True,True,True,False,False,True,"['5', '21']","['6', '79']"
MLS,2022,6969,1541337,17,11,2022,complete,83993,0,-1,[],"['20', '51', '75']",0,3,3,4,3,7,1,1,3,0,0,0,3,5,16,6,19,11,10,8,53,47,13851,21031.0,21032,,,3,0,2.16,3.6,3.13,1.04,1.24,1.7,2.88,5.3,13.75,3.9,2.08,1.4,1.15,1.62,2.23,3.2,1.3,4.0,1.2,1.39,1.3,1.68,2.78,2.29,3.64,2.56,2.66,3.28,0,0,1.2,1.35,1.65,2.1,2.77,4.25,2.84,2.13,1.7,1.4,1.91,8.0,2.1,1.78,13.75,2.11,3.8,5.5,1.34,2.56,6.2,13.0,3.26,1.51,1.12,1.02,1.21,1.95,3.94,8.0,4.44,1.85,1.25,1.06,0,0,0,0,3,0,1,0,2,2,1,1659828600,11,0,69,32,46,0,-1,2,1,3,1,1,2,4,3,1,0,2,0,1,2,1,57,28,113,66,1.82,1.25,3.07,0,0,0,0,0,0,1,1,0,0,0,0,1,0,-1,-1,-1,-1,-1,-1,-1,-1,-1,27,46,73,78,91,41,73,87,64,9.36,2.64,4.45,3.37,/clubs/orlando-city-sc-17,teams/usa-orlando-city-sc.png,Orlando City,/clubs/new-england-revolution-11,teams/usa-new-england-revolution.png,New England Revolution,1.59,0.88,1.36,0.91,1.3,1.23,73,55,27,23,9,55,46,32,1.48,1.53,3.01,/usa/new-england-revolution-vs-orlando-city-sc-h2h-stats#1541337,6969,34,True,True,True,False,False,False,False,[],"['20', '51', '75']"
MLS,2022,6969,1541338,677447,19,2022,complete,83993,0,-1,"['41', '45+4', '84']","['19', '44', '54', '77']",3,4,7,6,2,8,0,1,3,2,0,0,8,8,14,2,22,10,11,5,50,50,3,24795.0,211,,,3,2,1.83,3.75,4.05,1.04,1.22,1.72,2.65,4.75,11.0,3.9,2.05,1.41,1.16,1.75,1.98,2.4,1.51,5.5,1.13,1.17,1.24,2.25,2.15,2.25,4.8,1.9,2.7,4.6,0,0,1.25,1.49,1.9,2.42,3.28,3.42,2.47,1.9,1.51,1.27,1.55,8.5,3.01,1.5,15.0,2.68,2.75,9.0,1.32,2.45,5.75,15.5,3.1,1.49,1.11,1.02,1.19,1.88,3.75,8.75,4.2,1.8,1.23,1.06,0,0,0,0,7,2,2,1,2,3,4,1659830400,19,0,58,28,29,0,26326,2,1,4,1,2,1,5,3,2,1,1,1,3,2,1,62,37,123,99,2.39,1.47,3.86,1,1,1,1,0,0,1,1,0,0,0,0,1,0,-1,-1,-1,-1,-1,-1,-1,-1,-1,5,24,43,77,91,33,72,77,39,10.15,3.62,4.08,2.57,/clubs/nashville-sc-mls-677447,teams/usa-nashville-sc-mls.png,Nashville SC,/clubs/toronto-fc-19,teams/canada-toronto-fc.png,Toronto,1.41,0.59,1.4,0.36,1.38,1.0,96,77,57,24,10,48,33,28,1.52,1.15,2.67,/usa/toronto-fc-vs-nashville-sc-mls-h2h-stats#1541338,6969,34,True,True,True,True,True,True,True,"['41', '45+4', '84']","['19', '44', '54', '77']"
MLS,2022,6969,1541339,8,10,2022,complete,83993,0,-1,"['10', '40', '45+5', '90+5']","['83', '90+2']",4,2,6,5,3,8,2,5,1,3,0,0,10,3,9,4,19,7,9,12,37,63,13942,18.0,2,,,1,3,2.69,3.5,2.48,1.04,1.25,1.78,3.1,5.5,13.0,3.75,1.97,1.38,1.14,1.72,2.0,2.9,1.36,3.75,1.24,1.35,1.31,1.63,2.75,2.1,3.6,2.5,2.45,3.25,0,0,1.23,1.46,1.83,2.32,3.14,3.56,2.56,1.98,1.55,1.29,2.05,8.0,1.95,1.99,12.75,1.89,5.0,4.33,1.38,2.7,6.75,18.5,2.8,1.4,1.09,1.01,1.23,2.05,4.33,10.5,3.8,1.68,1.19,1.04,0,0,0,0,6,3,0,1,2,3,3,1659832200,8,0,38,14,25,0,18101,2,1,4,3,1,0,7,1,0,2,1,1,2,2,1,31,47,65,110,2.11,1.01,3.12,1,1,0,1,1,0,1,1,1,0,0,2,0,0,-1,-1,-1,-1,-1,-1,-1,-1,-1,10,20,33,53,91,19,58,76,34,10.05,2.74,5.45,2.06,/clubs/sporting-kansas-city-8,teams/usa-sporting-kansas-city.png,Sporting KC,/clubs/la-galaxy-10,teams/usa-la-galaxy.png,LA Galaxy,1.71,1.22,1.0,1.1,0.83,1.36,90,81,67,48,10,63,58,24,1.33,1.53,2.86,/usa/sporting-kansas-city-vs-la-galaxy-h2h-stats#1541339,6969,34,True,True,True,True,True,True,True,"['10', '40', '45+5', '90+5']","['83', '90+2']"
MLS,2022,6969,1541340,698284,15,2022,complete,83993,0,-1,"['6', '26', '44']","['8', '20', '88']",3,3,6,5,5,10,0,3,2,2,0,0,6,6,7,9,13,15,7,10,44,56,19912,2339.0,23354,,,2,2,1.55,4.5,5.19,1.02,1.16,1.47,2.23,3.75,15.0,5.0,2.57,1.6,1.25,1.55,2.3,2.87,1.37,6.0,1.11,1.2,1.23,2.15,2.15,2.37,4.33,1.95,2.8,4.1,0,0,1.22,1.36,1.67,2.12,2.81,4.1,2.79,2.11,1.69,1.39,2.42,8.0,1.75,1.52,20.0,2.5,3.25,9.0,1.26,2.15,4.75,12.0,3.5,1.61,1.16,1.03,1.15,1.71,3.2,7.0,5.0,1.98,1.3,1.09,0,0,0,0,6,3,2,0,1,1,5,1659834000,-1,0,58,19,29,0,20738,2,1,5,3,1,2,8,3,1,1,1,1,2,2,1,37,39,79,76,1.51,1.65,3.15,0,0,0,0,0,0,1,1,1,1,2,0,0,0,-1,-1,-1,-1,-1,-1,-1,-1,-1,33,53,67,81,96,44,77,86,58,9.93,2.3,3.61,3.58,/clubs/austin-fc-698284,teams/usa-austin-fc.png,Austin,/clubs/san-jose-earthquakes-15,teams/usa-san-jose-earthquakes.png,SJ Earthquakes,1.79,0.47,1.8,0.55,1.91,1.0,67,48,33,19,5,47,38,33,1.68,1.31,2.99,/usa/san-jose-earthquakes-vs-austin-fc-h2h-stats#1541340,6969,34,True,True,True,True,True,True,True,"['6', '26', '44']","['8', '20', '88']"
MLS,2022,6969,1541341,12,1015,2022,complete,83993,0,-1,"['7', '11', '15', '61']","['4', '43', '81']",4,3,7,6,3,9,1,1,1,3,0,0,7,7,9,7,16,14,9,9,56,44,13967,11434.0,5,,,1,3,1.74,3.95,4.31,1.04,1.22,1.64,2.62,4.5,10.0,4.0,2.18,1.44,1.17,1.68,2.05,2.65,1.43,5.0,1.15,1.23,1.24,2.0,2.3,2.3,4.2,2.05,2.65,4.0,0,0,1.21,1.42,1.76,2.22,2.93,3.74,2.69,2.02,1.6,1.33,1.59,8.5,2.78,1.55,15.0,2.52,3.1,7.5,1.31,2.45,5.75,15.5,3.1,1.49,1.11,1.02,1.19,1.88,3.75,8.75,4.33,1.8,1.23,1.06,0,0,0,0,7,3,2,1,1,2,5,1659834000,12,0,55,9,18,0,14738,2,1,2,2,4,1,4,5,0,0,1,3,0,4,1,34,30,68,90,1.74,1.6,3.34,0,0,0,0,0,0,1,1,1,1,0,1,0,0,-1,-1,-1,-1,-1,-1,-1,-1,-1,9,23,46,82,96,23,69,87,41,9.46,2.91,5.55,2.55,/clubs/colorado-rapids-12,teams/usa-colorado-rapids.png,Colorado Rapids,/clubs/minnesota-united-fc-1015,teams/usa-minnesota-united-fc.png,Minnesota United,2.06,1.11,1.91,1.45,1.23,1.52,91,78,55,18,5,78,64,59,1.52,1.22,2.74,/usa/colorado-rapids-vs-minnesota-united-fc-h2h-stats#1541341,6969,34,True,True,True,True,True,True,True,"['7', '11', '15', '61']","['4', '43', '81']"
MLS,2022,6969,1541342,14,6490,2022,complete,83993,0,-1,['12'],"['9', '17', '60', '87']",1,4,5,7,2,9,0,1,0,2,0,0,4,8,11,5,15,13,10,9,56,44,13864,8.0,39588,,,0,2,2.66,3.6,2.46,1.03,1.22,1.72,2.9,5.5,13.0,4.0,2.05,1.42,1.15,1.58,2.25,3.75,1.24,3.6,1.25,1.52,1.28,1.47,3.1,2.2,2.95,2.8,2.6,2.7,0,0,1.21,1.42,1.76,2.22,2.93,3.74,2.69,2.02,1.6,1.33,1.91,8.0,2.1,1.97,15.0,1.87,5.0,4.8,1.31,2.4,5.75,15.5,3.1,1.49,1.11,1.02,1.18,1.87,3.7,8.5,4.33,1.82,1.24,1.06,0,0,0,0,5,1,2,0,2,2,3,1659837600,6490,0,43,19,10,0,21810,2,1,2,2,5,0,4,5,0,1,0,1,1,1,1,54,28,102,84,1.62,1.59,3.21,0,0,0,0,0,0,1,1,0,1,0,2,0,0,-1,-1,-1,-1,-1,-1,-1,-1,-1,5,14,48,77,96,29,62,86,43,10.0,3.67,5.57,2.44,/clubs/real-salt-lake-14,teams/usa-real-salt-lake.png,Real Salt Lake,/clubs/los-angeles-fc-6490,teams/usa-los-angeles-fc.png,Los Angeles FC,1.88,1.53,2.18,1.9,1.48,2.18,95,86,53,23,5,72,53,53,1.56,1.39,2.95,/usa/real-salt-lake-vs-los-angeles-fc-h2h-stats#1541342,6969,35,True,True,True,True,True,False,True,['12'],"['9', '17', '60', '87']"
MLS,2022,6969,1541343,20,13,2022,complete,83993,0,-1,['90+6'],['90+10'],1,1,2,3,4,7,0,5,2,2,0,0,5,3,12,5,17,8,10,10,46,54,15,42128.0,21189,,,2,2,2.1,3.65,3.23,1.05,1.25,1.66,2.75,5.0,9.0,3.75,2.14,1.4,1.14,1.61,2.15,3.1,1.33,4.2,1.2,1.33,1.29,1.7,2.65,2.15,3.6,2.37,2.6,3.3,0,0,1.19,1.3,1.63,1.99,2.49,4.5,3.08,2.21,1.81,1.47,1.48,6.5,2.95,1.74,14.5,2.14,3.8,5.8,1.34,2.5,6.0,16.0,3.0,1.46,1.11,1.01,1.19,1.87,3.7,8.5,4.33,1.82,1.24,1.06,0,0,0,0,2,0,0,1,1,2,0,1659839400,-1,0,63,13,25,0,24114,2,1,1,1,2,2,2,4,1,0,1,2,1,3,1,57,43,119,96,1.84,1.04,2.87,1,0,0,0,1,0,1,1,0,0,0,0,0,0,-1,-1,-1,-1,-1,-1,-1,-1,-1,4,38,54,71,88,25,75,71,46,7.67,2.42,6.25,2.71,/clubs/portland-timbers-20,teams/usa-portland-timbers.png,Portland Timbers,/clubs/fc-dallas-13,teams/usa-fc-dallas.png,FC Dallas,1.76,1.06,1.67,1.17,1.33,1.46,96,63,46,30,13,75,46,29,1.46,1.08,2.54,/usa/fc-dallas-vs-portland-timbers-h2h-stats#1541343,6969,34,True,True,False,False,False,False,True,['90+6'],['90+10']
MLS,2022,6969,1541344,4,17,2022,complete,83993,0,-1,[],['17'],0,1,1,4,4,8,0,2,2,1,0,0,1,1,15,1,16,2,12,8,45,55,69,11574.0,21031,,,2,1,1.73,3.9,4.43,1.04,1.22,1.76,2.95,5.25,13.75,4.0,1.99,1.4,1.15,1.75,2.03,2.4,1.5,4.8,1.16,1.18,1.25,2.1,2.2,2.3,4.33,2.0,2.5,4.5,0,0,1.27,1.5,1.98,2.45,3.4,3.55,2.48,1.83,1.5,1.29,1.34,8.0,4.0,1.55,13.75,2.57,2.9,8.0,1.35,2.6,6.35,13.0,3.1,1.47,1.1,1.02,1.21,1.99,4.1,9.0,4.2,1.78,1.22,1.05,0,0,0,0,1,0,1,0,0,0,1,1660428000,17,0,61,13,36,0,-1,2,1,3,1,1,3,4,4,2,1,0,0,3,0,1,41,30,123,105,1.39,0.44,1.82,0,0,0,0,0,0,1,1,0,0,1,0,0,0,-1,-1,-1,-1,-1,-1,-1,-1,-1,18,22,35,70,92,18,52,83,49,10.01,3.33,5.36,2.59,/clubs/new-york-red-bulls-4,teams/usa-new-york-red-bulls.png,New York RB,/clubs/orlando-city-sc-17,teams/usa-orlando-city-sc.png,Orlando City,1.28,1.17,1.18,1.25,1.54,1.25,83,78,65,30,9,60,34,30,1.67,1.06,2.73,/usa/new-york-red-bulls-vs-orlando-city-sc-h2h-stats#1541344,6969,35,True,False,False,False,False,False,False,[],['17']
MLS,2022,6969,1541345,8043,1016,2022,complete,83993,0,-1,"['29', '41']","['17', '83']",2,2,4,6,9,15,1,2,3,1,0,0,9,6,6,14,15,20,16,12,39,61,24,40182.0,40852,,,3,1,2.15,3.7,3.08,1.03,1.22,1.63,2.7,4.78,14.75,4.0,2.19,1.44,1.17,1.55,2.38,3.2,1.31,4.1,1.21,1.35,1.29,1.65,2.7,2.2,3.3,2.6,2.4,3.2,0,0,1.22,1.42,1.74,2.23,3.0,4.0,2.75,2.02,1.61,1.35,1.64,7.5,2.7,1.77,14.75,2.1,4.2,5.8,1.3,2.39,5.6,13.0,3.4,1.55,1.13,1.02,1.17,1.86,3.62,8.0,4.74,1.9,1.27,1.06,0,0,0,0,4,2,1,0,1,1,3,1660433400,-1,0,65,34,35,0,-1,2,1,3,5,3,4,8,7,1,1,2,0,2,2,1,43,74,84,99,1.89,2.21,4.09,0,0,0,0,0,0,1,1,0,0,0,3,0,0,-1,-1,-1,-1,-1,-1,-1,-1,-1,13,34,61,78,96,34,74,87,44,10.19,2.97,4.94,3.02,/clubs/fc-cincinnati-8043,teams/usa-fc-cincinnati.png,FC Cincinnati,/clubs/atlanta-united-fc-1016,teams/usa-atlanta-united-fc.png,Atlanta United FC,1.41,0.65,1.33,0.55,1.33,1.22,88,66,39,22,5,75,66,53,1.73,1.46,3.19,/usa/atlanta-united-fc-vs-fc-cincinnati-h2h-stats#1541345,6969,34,True,True,True,True,False,False,True,"['29', '41']","['17', '83']"
MLS,2022,6969,1541346,11,13401,2022,complete,83993,0,-1,['18'],[],1,0,1,2,6,8,0,3,0,2,0,0,7,4,13,7,20,11,11,15,44,56,13891,21032.0,38056,,,0,2,1.62,4.15,4.96,1.03,1.18,1.59,2.6,4.42,16.75,4.5,2.27,1.47,1.2,1.66,2.16,2.55,1.46,6.0,1.11,1.17,1.25,2.15,2.45,2.25,3.7,1.95,2.6,4.6,0,0,1.21,1.38,1.8,2.17,2.9,4.1,2.85,2.0,1.64,1.38,1.33,8.5,4.0,1.48,16.75,2.68,2.9,9.0,1.29,2.34,5.35,13.0,3.5,1.57,1.14,1.02,1.16,1.82,3.5,7.5,4.9,1.95,1.29,1.07,0,0,0,0,1,1,0,0,0,0,1,1660433400,11,0,52,19,33,0,-1,2,1,2,3,0,3,5,3,0,0,0,2,0,2,1,53,51,98,110,2.13,1.35,3.48,0,0,0,0,0,0,1,1,0,0,0,1,0,0,-1,-1,-1,-1,-1,-1,-1,-1,-1,20,34,58,77,96,34,72,87,48,9.12,2.56,3.82,3.08,/clubs/new-england-revolution-11,teams/usa-new-england-revolution.png,New England Revolution,/clubs/dc-united-13401,teams/usa-dc-united.png,DC United,1.59,0.65,1.55,0.7,1.3,0.96,81,67,43,24,5,53,48,38,1.57,1.04,2.61,/usa/new-england-revolution-vs-dc-united-h2h-stats#1541346,6969,34,True,False,False,False,False,False,False,['18'],[]
MLS,2022,6969,1541347,16,7,2022,complete,83993,0,-1,"['16', '37', '53', '82']",['49'],4,1,5,5,6,11,2,1,4,3,0,0,5,6,11,6,16,12,21,8,44,56,31,12.0,10695,,,4,3,1.71,3.9,4.57,1.03,1.22,1.7,2.85,4.82,15.0,4.0,2.08,1.4,1.17,1.73,2.06,2.4,1.47,5.0,1.13,1.17,1.25,2.15,2.15,2.25,4.6,1.91,2.6,4.6,0,0,1.24,1.44,1.8,2.3,3.1,3.85,2.65,2.0,1.57,1.33,1.38,8.0,3.75,1.51,15.0,2.64,2.9,8.0,1.33,2.57,6.2,13.0,3.18,1.48,1.11,1.02,1.2,1.95,3.98,8.0,4.34,1.81,1.23,1.06,0,0,0,0,5,2,0,2,1,3,2,1660433400,16,0,50,21,29,0,-1,2,1,2,4,3,2,6,5,1,1,3,2,2,5,1,45,54,102,99,1.69,1.57,3.26,0,0,0,0,0,0,1,1,0,0,1,0,0,1,-1,-1,-1,-1,-1,-1,-1,-1,-1,25,30,46,79,92,33,71,71,42,9.0,3.58,4.09,2.88,/clubs/philadelphia-union-16,teams/usa-philadelphia-union.png,Philadelphia Union,/clubs/chicago-fire-7,teams/usa-chicago-fire.png,Chicago Fire,2.47,0.94,2.17,0.92,1.88,1.25,75,71,55,21,8,67,46,29,1.7,1.62,3.32,/usa/chicago-fire-vs-philadelphia-union-h2h-stats#1541347,6969,34,True,True,True,True,True,False,True,"['16', '37', '53', '82']",['49']
MLS,2022,6969,1541348,19,20,2022,complete,83993,0,-1,"['41', '79', '85']",['73'],3,1,4,4,1,5,2,2,4,0,0,0,7,2,15,1,22,3,11,20,57,43,20,211.0,42128,,,4,0,1.9,3.8,3.7,1.03,1.17,1.52,2.38,4.37,16.75,4.75,2.43,1.54,1.2,1.52,2.46,3.0,1.31,5.0,1.14,1.3,1.25,1.8,2.45,2.3,3.6,2.25,2.6,3.5,0,0,1.2,1.38,1.67,2.12,2.85,4.25,2.9,2.12,1.67,1.38,1.46,8.0,3.3,1.66,16.75,2.23,3.9,6.5,1.27,2.28,5.15,12.0,3.62,1.6,1.15,1.03,1.15,1.77,3.32,7.5,5.1,2.01,1.31,1.07,0,0,0,0,4,1,0,2,1,3,1,1660433400,19,0,75,21,46,0,-1,2,1,3,1,1,0,4,1,1,0,3,0,1,3,1,79,32,125,93,2.44,0.58,3.02,0,0,0,0,0,0,1,1,0,0,0,1,0,0,-1,-1,-1,-1,-1,-1,-1,-1,-1,25,38,71,92,96,38,88,88,50,9.17,1.91,4.83,3.34,/clubs/toronto-fc-19,teams/canada-toronto-fc.png,Toronto,/clubs/portland-timbers-20,teams/usa-portland-timbers.png,Portland Timbers,1.41,0.94,1.58,1.0,1.08,1.32,75,63,30,8,4,71,55,42,1.39,1.25,2.64,/usa/toronto-fc-vs-portland-timbers-h2h-stats#1541348,6969,34,True,True,True,True,False,False,True,"['41', '79', '85']",['73']
MLS,2022,6969,1541349,677446,2,2022,complete,83993,0,-1,"['39', '63', '84']","['34', '45+2']",3,2,5,0,10,10,4,1,3,4,0,0,6,4,5,12,11,16,14,12,43,57,36,28121.0,27505,,,3,4,3.03,3.55,2.23,1.04,1.22,1.67,2.7,4.75,10.0,4.0,2.12,1.44,1.15,1.58,2.25,4.1,1.21,3.4,1.29,1.61,1.29,1.39,3.7,2.4,2.84,3.0,2.6,2.5,0,0,1.24,1.45,1.83,2.33,3.2,3.75,2.6,1.98,1.56,1.32,2.06,7.0,2.06,2.16,15.25,1.8,5.0,4.5,1.32,2.62,5.75,15.5,3.1,1.52,1.11,1.02,1.18,1.85,3.6,8.25,4.33,1.83,1.24,1.06,0,0,0,0,5,1,2,2,0,2,3,1660435200,677446,0,56,26,39,0,11419,2,1,0,1,0,9,1,9,1,1,2,3,2,5,1,31,54,78,111,1.34,1.68,3.03,0,0,0,0,0,0,1,1,0,0,0,0,0,0,-1,-1,-1,-1,-1,-1,-1,-1,-1,22,30,56,69,87,39,70,74,43,9.53,2.74,5.19,2.89,/clubs/club-internacional-de-futbol-miami-677446,teams/usa-club-internacional-de-futbol-miami.png,Inter Miami,/clubs/new-york-city-fc-2,teams/usa-new-york-city-fc.png,New York City,1.94,1.26,1.75,1.36,1.25,1.83,79,70,45,32,13,74,66,43,1.57,1.41,2.98,/usa/new-york-city-fc-vs-club-internacional-de-futbol-miami-h2h-stats#1541349,6969,35,True,True,True,True,True,False,True,"['39', '63', '84']","['34', '45+2']"
MLS,2022,6969,1541350,698284,8,2022,complete,83993,0,-1,"['27', '63', '85', '90+4']","['12', '23', '40']",4,3,7,5,2,7,2,0,2,2,0,0,8,5,7,7,15,12,8,9,62,38,84,2339.0,18,,,2,2,1.52,4.35,5.81,1.04,1.2,1.58,2.65,4.5,10.0,4.33,2.29,1.45,1.17,1.7,2.05,2.45,1.5,5.75,1.12,1.16,1.23,2.3,2.1,2.3,5.0,1.87,2.75,4.6,0,0,1.25,1.47,1.9,2.38,3.25,3.7,2.55,1.9,1.54,1.3,1.34,8.0,4.0,1.47,15.5,2.93,2.88,9.0,1.32,2.4,5.75,14.5,3.1,1.5,1.12,1.02,1.18,1.82,3.5,8.0,4.5,1.85,1.26,1.07,0,0,0,0,7,1,3,3,0,3,4,1660438800,698284,0,63,21,29,0,20738,2,1,2,2,3,0,4,3,0,0,2,2,0,4,1,51,18,106,71,1.88,1.24,3.12,0,1,0,1,0,0,1,1,0,0,0,0,0,0,-1,-1,-1,-1,-1,-1,-1,-1,-1,22,48,68,84,96,44,80,92,55,8.49,1.95,3.81,3.5,/clubs/austin-fc-698284,teams/usa-austin-fc.png,Austin,/clubs/sporting-kansas-city-8,teams/usa-sporting-kansas-city.png,Sporting KC,1.79,0.65,1.73,0.69,1.88,0.92,78,53,33,17,4,34,21,17,1.66,1.08,2.74,/usa/sporting-kansas-city-vs-austin-fc-h2h-stats#1541350,6969,34,True,True,True,True,True,True,True,"['27', '63', '85', '90+4']","['12', '23', '40']"
MLS,2022,6969,1541351,12,9,2022,complete,83993,0,-1,['41'],['5'],1,1,2,3,6,9,2,1,4,3,0,0,4,6,9,8,13,14,14,13,42,58,13889,11434.0,13,,,4,3,1.92,3.65,3.77,1.04,1.22,1.7,2.85,4.75,10.0,4.0,2.08,1.4,1.15,1.61,2.15,3.0,1.34,4.33,1.19,1.31,1.29,1.73,2.6,2.15,3.75,2.3,2.55,3.4,0,0,1.27,1.5,1.9,2.45,3.4,3.55,2.48,1.9,1.5,1.29,1.53,7.5,3.05,1.71,14.0,2.33,3.9,6.0,1.34,2.45,6.0,15.5,3.0,1.47,1.11,1.02,1.19,1.88,3.75,8.5,4.2,1.8,1.23,1.06,0,0,0,0,2,1,1,0,0,0,2,1660438800,-1,0,53,13,22,0,13254,2,1,2,3,1,3,5,4,3,2,1,1,5,2,1,50,45,92,92,1.46,1.63,3.09,1,0,1,0,0,0,1,1,0,1,0,1,0,0,-1,-1,-1,-1,-1,-1,-1,-1,-1,18,31,44,78,87,35,74,78,31,9.37,3.84,4.33,2.7,/clubs/colorado-rapids-12,teams/usa-colorado-rapids.png,Colorado Rapids,/clubs/columbus-crew-9,teams/usa-columbus-crew.png,Columbus Crew,2.06,1.12,2.0,1.36,1.3,1.43,83,70,56,22,13,65,49,44,1.54,1.18,2.72,/usa/columbus-crew-vs-colorado-rapids-h2h-stats#1541351,6969,34,True,True,False,False,False,False,True,['41'],['5']
MLS,2022,6969,1541352,13,15,2022,complete,83993,0,-1,"['3', '20', '41', '57']",['60'],4,1,5,2,7,9,0,2,2,1,0,0,6,2,4,8,10,10,11,7,37,63,13864,21189.0,23354,,,2,1,1.7,3.9,4.64,1.03,1.2,1.65,2.7,4.33,11.0,4.2,2.16,1.44,1.2,1.65,2.1,2.7,1.42,5.0,1.15,1.22,1.26,2.0,2.3,2.2,4.33,2.05,2.65,4.0,0,0,1.2,1.38,1.67,2.12,2.85,4.25,2.9,2.12,1.67,1.38,1.37,8.0,3.75,1.56,15.75,2.62,3.1,7.5,1.33,2.45,6.0,15.5,3.0,1.47,1.11,1.02,1.18,1.83,3.6,8.25,4.4,1.85,1.25,1.06,0,0,0,0,5,3,0,1,1,2,3,1660438800,13,0,58,21,21,0,15106,2,1,0,5,2,2,5,4,1,0,1,1,1,2,1,21,71,71,129,1.21,1.3,2.5,0,0,0,0,0,0,1,1,1,0,0,0,0,0,-1,-1,-1,-1,-1,-1,-1,-1,-1,25,34,50,83,96,33,79,75,50,10.58,2.92,3.84,3.05,/clubs/fc-dallas-13,teams/usa-fc-dallas.png,FC Dallas,/clubs/san-jose-earthquakes-15,teams/usa-san-jose-earthquakes.png,SJ Earthquakes,1.94,0.47,1.75,0.58,1.44,1.0,75,67,50,17,4,59,54,46,1.52,1.34,2.86,/usa/fc-dallas-vs-san-jose-earthquakes-h2h-stats#1541352,6969,34,True,True,True,True,True,False,True,"['3', '20', '41', '57']",['60']
MLS,2022,6969,1541353,6,1,2022,complete,83993,0,-1,"['12', '36']","['15', '28', '69']",2,3,5,5,4,9,4,1,2,3,0,0,6,8,3,6,9,14,13,14,51,49,5016,10669.0,39282,,,2,3,2.47,3.45,2.74,1.05,1.25,1.74,2.95,5.0,9.0,3.75,2.02,1.38,1.14,1.63,2.15,3.3,1.29,3.7,1.24,1.42,1.29,1.55,2.9,2.15,3.25,2.6,2.55,2.95,0,0,1.2,1.38,1.67,2.12,2.85,4.25,2.9,2.12,1.67,1.38,1.78,7.5,2.4,1.97,10.5,2.07,4.0,5.0,1.35,2.55,6.25,17.0,2.95,1.44,1.1,1.01,1.2,1.93,3.9,9.0,4.1,1.77,1.22,1.06,0,0,0,0,5,2,2,0,1,1,4,1660438800,1,0,67,25,29,0,21284,2,1,3,2,2,2,5,4,0,0,2,3,0,5,1,30,63,113,93,1.22,1.9,3.12,0,2,0,1,0,1,1,1,0,0,0,0,0,0,-1,-1,-1,-1,-1,-1,-1,-1,-1,17,25,63,88,92,42,88,84,50,10.75,3.84,5.67,3.04,/clubs/houston-dynamo-6,teams/usa-houston-dynamo.png,Houston Dynamo,/clubs/montreal-impact-1,teams/canada-montreal-impact.png,Montreal Impact,1.35,2.06,1.33,1.67,1.04,1.67,84,75,38,13,9,75,63,38,1.44,1.36,2.8,/usa/montreal-impact-vs-houston-dynamo-h2h-stats#1541353,6969,34,True,True,True,True,True,False,True,"['12', '36']","['15', '28', '69']"
MLS,2022,6969,1541354,10,5,2022,complete,83993,0,-1,"['12', '20', '30', '40', '89']","['38', '70']",5,2,7,3,5,8,1,1,4,2,0,1,7,4,6,7,13,11,12,13,62,38,44,2.0,41087,,,4,3,1.63,3.95,5.04,1.04,1.2,1.78,2.3,4.5,10.0,4.33,2.1,1.6,1.17,1.7,2.0,2.45,1.49,5.75,1.12,1.16,1.24,2.25,2.15,2.25,5.0,1.88,2.75,4.6,0,0,1.18,1.34,1.61,2.02,2.7,4.5,3.1,2.23,1.74,1.44,1.29,9.0,4.35,1.48,16.25,2.86,2.9,9.0,1.32,2.45,5.75,15.0,3.1,1.49,1.11,1.02,1.18,1.82,3.5,8.0,4.5,1.87,1.26,1.07,0,0,0,0,7,4,1,1,1,2,5,1660442400,10,0,54,17,8,0,-1,2,1,1,1,2,4,2,6,0,0,4,3,0,7,1,41,35,96,98,1.61,1.24,2.85,1,0,1,0,0,0,1,1,0,0,0,0,0,0,-1,-1,-1,-1,-1,-1,-1,-1,-1,13,38,63,84,100,55,88,88,34,12.0,2.42,4.5,2.96,/clubs/la-galaxy-10,teams/usa-la-galaxy.png,LA Galaxy,/clubs/vancouver-whitecaps-fc-5,teams/canada-vancouver-whitecaps-fc.png,Vancouver Whitecaps,1.72,0.59,1.58,0.75,1.3,1.25,88,63,38,17,0,75,59,54,1.75,1.04,2.79,/usa/vancouver-whitecaps-fc-vs-la-galaxy-h2h-stats#1541354,6969,34,True,True,True,True,True,True,True,"['12', '20', '30', '40', '89']","['38', '70']"
MLS,2022,6969,1541355,6490,711351,2022,complete,83993,0,-1,"['49', '59', '73', '76', '90+2']",[],5,0,5,8,4,12,0,1,0,1,0,0,9,2,14,6,23,8,13,9,53,47,11,39588.0,44668,,,0,1,1.42,4.53,7.08,1.02,1.16,1.5,2.2,4.0,12.0,4.75,2.4,1.65,1.22,1.73,1.98,2.3,1.55,7.0,1.09,1.12,1.19,2.65,1.93,2.4,5.5,1.71,2.95,5.25,0,0,1.22,1.42,1.74,2.23,3.0,4.0,2.75,2.02,1.61,1.35,1.24,9.0,5.0,1.38,18.0,3.26,2.45,12.0,1.29,2.3,5.25,13.5,3.3,1.55,1.14,1.03,1.15,1.73,3.25,7.25,4.8,1.95,1.29,1.08,0,0,0,0,5,0,0,5,0,5,0,1660444200,6490,0,71,25,25,0,-1,2,1,3,2,5,2,5,7,0,0,0,1,0,1,1,39,29,124,96,2.37,0.87,3.23,0,0,0,0,0,0,1,1,0,0,0,2,0,0,-1,-1,-1,-1,-1,-1,-1,-1,-1,13,34,75,96,96,46,83,88,50,12.66,2.41,4.25,3.13,/clubs/los-angeles-fc-6490,teams/usa-los-angeles-fc.png,Los Angeles FC,/clubs/charlotte-fc-711351,teams/usa-charlotte-fc.png,Charlotte,2.4,0.65,2.42,0.42,2.22,1.21,88,67,25,4,4,84,71,63,2.04,1.23,3.27,/usa/los-angeles-fc-vs-charlotte-fc-h2h-stats#1541355,6969,34,True,True,True,True,True,False,False,"['49', '59', '73', '76', '90+2']",[]
MLS,2022,6969,1541356,677447,1015,2022,complete,83993,0,-1,['61'],"['27', '75']",1,2,3,7,2,9,2,1,1,3,0,0,8,4,13,6,21,10,10,14,63,37,58,24795.0,5,,,1,3,2.06,3.25,3.25,1.04,1.24,1.75,2.8,5.25,10.0,3.6,1.95,1.37,1.14,1.7,2.05,2.75,1.41,4.4,1.18,1.26,1.28,1.85,2.45,2.15,4.0,2.2,2.55,3.7,0,0,1.2,1.41,1.75,2.2,2.93,3.84,2.73,2.03,1.61,1.33,1.47,7.5,3.25,1.68,10.25,2.54,3.3,6.0,1.35,2.6,6.5,17.5,2.9,1.43,1.1,1.01,1.2,1.93,3.9,9.0,4.1,1.75,1.22,1.05,0,0,0,0,3,0,1,1,1,2,1,1660526700,1015,0,74,22,44,0,25240,2,1,5,0,2,2,5,4,0,2,1,1,2,2,1,55,31,129,69,2.29,1.14,3.42,0,0,0,0,0,0,1,1,0,0,1,0,0,0,-1,-1,-1,-1,-1,-1,-1,-1,-1,13,30,61,83,96,26,66,87,65,10.23,3.63,5.0,3.0,/clubs/nashville-sc-mls-677447,teams/usa-nashville-sc-mls.png,Nashville SC,/clubs/minnesota-united-fc-1015,teams/usa-minnesota-united-fc.png,Minnesota United,1.41,1.11,1.27,1.33,1.32,1.46,87,70,39,18,5,64,51,43,1.6,1.25,2.85,/usa/minnesota-united-fc-vs-nashville-sc-mls-h2h-stats#1541356,6969,35,True,True,True,False,False,False,True,['61'],"['27', '75']"
MLS,2022,6969,1541357,18,14,2022,complete,83993,0,-1,['62'],"['32', '64']",1,2,3,7,0,7,3,1,2,2,0,0,3,3,14,4,17,7,7,10,69,31,13841,25.0,8,,,2,2,1.95,3.5,3.75,1.05,1.29,1.85,3.0,5.5,9.0,3.5,1.95,1.36,1.12,1.7,2.05,2.8,1.39,4.2,1.2,1.28,1.3,1.75,2.5,2.25,4.0,2.2,2.5,3.75,0,0,1.18,1.37,1.69,2.11,2.75,4.1,2.89,2.12,1.67,1.37,1.46,8.0,3.3,1.57,9.7,2.6,3.4,6.5,1.36,2.63,7.0,19.0,3.0,1.44,1.1,1.02,1.22,1.98,4.1,9.75,3.9,1.71,1.2,1.05,0,0,0,0,3,0,1,1,1,2,1,1660528800,14,0,54,21,25,0,33093,2,1,3,0,4,0,3,4,0,0,2,2,0,4,1,83,22,167,64,1.9,0.82,2.71,0,0,0,0,0,0,1,1,0,0,0,0,0,0,-1,-1,-1,-1,-1,-1,-1,-1,-1,17,29,63,75,92,33,75,79,58,10.08,3.75,4.5,2.79,/clubs/seattle-sounders-fc-18,teams/usa-seattle-sounders-fc.png,Seattle Sounders,/clubs/real-salt-lake-14,teams/usa-real-salt-lake.png,Real Salt Lake,1.76,0.89,1.83,0.83,1.33,1.42,84,71,38,25,9,71,50,33,1.59,1.19,2.78,/usa/real-salt-lake-vs-seattle-sounders-fc-h2h-stats#1541357,6969,34,True,True,True,False,False,False,True,['62'],"['32', '64']"
MLS,2022,6969,1541358,2,711351,2022,complete,83993,0,-1,['28'],"['4', '77', '90+1']",1,3,4,4,2,6,4,2,0,2,0,0,6,7,12,2,18,9,0,1,65,35,13889,27505.0,44668,,,0,2,1.53,4.2,6.0,1.04,1.23,1.75,2.3,5.0,10.0,3.6,2.1,1.6,1.14,1.91,1.91,2.05,1.62,5.5,1.11,1.11,1.21,2.45,2.1,2.3,6.0,1.83,2.65,5.5,0,0,1.22,1.48,1.75,2.2,3.0,4.0,2.5,1.95,1.62,1.35,1.27,9.0,4.6,1.36,10.0,3.4,2.45,11.0,1.36,2.63,7.0,19.0,3.0,1.44,1.1,1.02,1.19,1.9,3.8,8.75,4.0,1.75,1.21,1.05,0,0,0,0,4,1,1,0,2,2,2,1660780800,711351,0,52,13,33,0,8531,2,1,3,0,1,2,3,3,0,1,0,1,1,1,1,55,35,111,85,1.95,1.32,3.27,0,1,0,1,0,0,1,1,0,1,0,0,0,0,-1,-1,-1,-1,-1,-1,-1,-1,-1,24,33,64,88,92,40,76,80,52,11.02,2.77,4.57,3.25,/clubs/new-york-city-fc-2,teams/usa-new-york-city-fc.png,New York City,/clubs/charlotte-fc-711351,teams/usa-charlotte-fc.png,Charlotte,2.06,0.65,2.25,0.38,1.75,1.16,76,68,37,13,8,72,60,52,2.01,1.2,3.21,/usa/new-york-city-fc-vs-charlotte-fc-h2h-stats#1541358,6969,34,True,True,True,True,False,False,True,['28'],"['4', '77', '90+1']"
MLS,2022,6969,1541359,1016,4,2022,complete,83993,0,-1,['90+4'],"['11', '15']",1,2,3,5,6,11,2,2,1,3,0,0,5,6,7,8,12,14,11,15,73,27,15,40852.0,11574,,,1,3,2.45,3.5,2.75,1.04,1.24,1.8,2.83,5.2,13.5,3.97,2.05,1.41,1.15,1.65,2.18,3.3,1.29,3.8,1.22,1.4,1.3,1.5,2.88,2.2,3.1,2.7,2.4,3.0,0,0,1.22,1.48,1.73,2.1,2.7,4.0,2.5,2.0,1.65,1.4,1.64,7.5,2.7,1.95,10.0,2.05,4.4,5.0,1.35,2.64,6.5,13.0,3.1,1.46,1.1,1.02,1.21,2.01,4.2,8.0,4.2,1.77,1.21,1.06,0,0,0,0,3,0,2,1,0,1,2,1660779000,4,0,61,28,28,0,42555,2,1,2,3,3,3,5,6,0,1,1,2,1,3,1,54,38,144,88,1.52,1.58,3.1,0,0,0,0,0,0,1,1,0,0,1,0,0,0,-1,-1,-1,-1,-1,-1,-1,-1,-1,16,28,57,85,92,41,73,80,44,11.84,3.63,5.17,2.9,/clubs/atlanta-united-fc-1016,teams/usa-atlanta-united-fc.png,Atlanta United FC,/clubs/new-york-red-bulls-4,teams/usa-new-york-red-bulls.png,New York RB,1.71,1.76,1.83,1.85,1.21,1.48,84,72,44,16,8,76,60,48,1.85,1.47,3.32,/usa/new-york-red-bulls-vs-atlanta-united-fc-h2h-stats#1541359,6969,34,True,True,True,False,False,False,True,['90+4'],"['11', '15']"
MLS,2022,6969,1541360,19,11,2022,complete,83993,0,-1,"['31', '75']","['37', '48']",2,2,4,17,0,17,2,2,2,1,0,0,7,3,13,2,20,5,7,6,67,33,24,211.0,21032,,,2,1,2.4,3.5,2.8,1.03,1.21,1.8,2.61,4.65,16.0,4.33,2.05,1.48,1.18,1.51,2.48,3.3,1.29,4.75,1.15,1.4,1.29,1.6,2.8,2.2,3.2,2.7,2.4,3.0,0,0,1.18,1.34,1.65,2.0,2.5,4.5,3.1,2.1,1.73,1.48,1.5,7.5,3.1,1.85,12.0,2.1,4.33,5.8,1.29,2.34,5.35,12.0,3.5,1.57,1.14,1.03,1.16,1.81,3.5,7.5,4.9,1.95,1.29,1.07,0,0,0,0,4,1,1,1,1,2,2,1660779000,-1,0,76,33,53,0,-1,2,1,8,0,9,0,8,9,1,1,1,0,2,1,1,80,27,137,62,2.33,0.73,3.06,1,0,1,0,0,0,1,1,0,0,1,0,0,0,-1,-1,-1,-1,-1,-1,-1,-1,-1,24,48,84,88,92,44,84,84,57,9.83,2.88,4.09,3.41,/clubs/toronto-fc-19,teams/canada-toronto-fc.png,Toronto,/clubs/new-england-revolution-11,teams/usa-new-england-revolution.png,New England Revolution,1.41,0.88,1.69,1.08,1.16,1.38,76,52,16,13,9,72,60,48,1.47,1.5,2.97,/usa/new-england-revolution-vs-toronto-fc-h2h-stats#1541360,6969,34,True,True,True,True,False,False,True,"['31', '75']","['37', '48']"
MLS,2022,6969,1541361,13,16,2022,complete,83993,0,-1,['34'],[],1,0,1,2,7,9,2,0,2,2,0,0,2,3,11,8,13,11,12,15,47,53,20,21189.0,12,,,2,2,2.35,3.5,2.85,1.03,1.25,1.8,3.1,5.5,13.0,3.75,2.0,1.38,1.14,1.67,2.1,3.25,1.3,3.7,1.22,1.42,1.25,1.6,3.0,2.2,3.4,2.6,2.55,3.0,0,0,1.18,1.4,1.65,2.0,2.5,4.5,2.7,2.1,1.73,1.48,1.63,7.5,2.7,1.73,13.25,2.2,4.2,5.0,1.36,2.63,7.0,21.0,3.0,1.44,1.1,1.02,1.2,1.93,3.9,9.0,4.1,1.75,1.22,1.05,0,0,0,0,1,1,0,0,0,0,1,1660784400,13,0,60,12,33,0,12479,2,1,0,3,2,4,3,6,0,0,2,2,0,4,1,45,57,82,88,1.29,1.32,2.6,0,0,0,0,0,0,1,1,0,0,0,3,0,0,-1,-1,-1,-1,-1,-1,-1,-1,-1,8,20,40,80,96,28,72,72,52,10.71,2.95,4.25,2.44,/clubs/fc-dallas-13,teams/usa-fc-dallas.png,FC Dallas,/clubs/philadelphia-union-16,teams/usa-philadelphia-union.png,Philadelphia Union,1.94,1.5,1.85,1.58,1.5,1.92,93,80,60,20,4,69,65,61,1.49,1.17,2.66,/usa/fc-dallas-vs-philadelphia-union-h2h-stats#1541361,6969,36,True,False,False,False,False,False,False,['34'],[]
MLS,2022,6969,1541362,5,12,2022,complete,83993,0,-1,"['14', '40']",['76'],2,1,3,4,2,6,4,1,0,1,0,0,2,3,7,10,9,13,14,11,43,57,45125,41087.0,11434,,,0,1,2.32,3.3,2.72,1.03,1.22,1.68,2.9,5.0,13.0,4.0,2.11,1.42,1.16,1.62,2.2,3.3,1.29,3.9,1.23,1.4,1.31,1.57,3.0,2.25,3.4,2.6,2.5,3.0,0,0,1.26,1.5,1.88,2.25,3.3,3.65,2.4,1.93,1.57,1.3,1.79,7.0,2.4,1.73,11.0,2.1,4.0,5.5,1.33,2.63,6.5,19.0,3.25,1.44,1.11,1.02,1.2,1.93,3.9,9.0,4.1,1.77,1.22,1.06,0,0,0,0,3,2,0,0,1,1,2,1660788000,5,0,66,23,35,0,14682,2,1,3,1,1,1,4,2,0,0,0,1,0,1,1,30,60,99,82,0.94,1.46,2.4,0,0,0,0,0,0,1,1,0,0,0,1,0,0,-1,-1,-1,-1,-1,-1,-1,-1,-1,13,35,66,75,92,28,62,92,57,10.03,2.8,5.47,3.02,/clubs/vancouver-whitecaps-fc-5,teams/canada-vancouver-whitecaps-fc.png,Vancouver Whitecaps,/clubs/colorado-rapids-12,teams/usa-colorado-rapids.png,Colorado Rapids,1.94,0.47,1.75,0.55,1.2,1.29,87,66,35,26,9,44,39,35,1.43,1.35,2.78,/usa/vancouver-whitecaps-fc-vs-colorado-rapids-h2h-stats#1541362,6969,34,True,True,True,False,False,False,True,"['14', '40']",['76']
MLS,2022,6969,1541363,6490,13401,2022,complete,83993,0,-1,['67'],[],1,0,1,8,5,13,1,1,1,5,0,1,5,3,15,8,20,11,12,17,61,39,13851,39588.0,38056,,,1,6,1.37,5.25,7.0,1.02,1.15,1.44,2.06,3.67,23.0,5.3,2.54,1.7,1.27,1.71,2.03,2.25,1.57,8.0,1.06,1.11,1.16,2.98,1.86,2.78,6.86,1.6,3.15,6.0,0,0,1.19,1.32,1.65,2.02,2.66,4.5,2.98,2.22,1.79,1.43,1.16,8.25,6.0,1.34,23.0,3.15,2.5,12.0,1.24,2.32,4.5,11.5,3.62,1.65,1.17,1.04,1.13,1.65,2.95,6.25,5.25,2.1,1.34,1.1,0,0,0,0,1,0,0,1,0,1,0,1660703400,6490,0,53,28,21,0,-1,2,1,5,3,3,2,8,5,0,3,1,3,3,4,1,61,32,118,83,2.05,1.14,3.19,0,0,0,0,0,0,1,1,0,0,0,2,0,0,-1,-1,-1,-1,-1,-1,-1,-1,-1,25,45,71,87,100,46,75,92,49,11.4,2.82,3.85,3.5,/clubs/los-angeles-fc-6490,teams/usa-los-angeles-fc.png,Los Angeles FC,/clubs/dc-united-13401,teams/usa-dc-united.png,DC United,2.4,0.65,2.46,0.64,2.25,0.92,75,55,30,14,0,69,65,52,2.06,1.06,3.12,/usa/los-angeles-fc-vs-dc-united-h2h-stats#1541363,6969,34,True,False,False,False,False,False,False,['67'],[]
MLS,2022,6969,1541364,10,18,2022,complete,83993,0,-1,"['10', '42', '90+2']","['53', '61', '73']",3,3,6,6,5,11,2,4,2,3,0,0,4,5,7,11,11,16,10,12,52,48,13864,2.0,25,,,2,3,1.99,3.6,3.15,1.02,1.2,1.93,2.38,4.5,17.0,4.5,1.93,1.57,1.2,1.57,2.25,3.0,1.34,4.8,1.16,1.28,1.26,1.85,2.5,2.38,4.0,2.2,2.65,3.5,0,0,1.19,1.4,1.65,2.0,2.5,4.3,2.7,2.1,1.73,1.48,1.5,8.5,3.3,1.57,16.75,2.4,3.8,6.5,1.3,2.38,6.0,17.0,3.4,1.53,1.13,1.03,1.17,1.8,3.5,7.75,4.5,1.88,1.26,1.07,0,0,0,0,6,2,0,1,3,4,2,1660960800,-1,0,48,13,20,0,-1,2,1,1,4,5,1,5,6,0,0,2,3,0,5,1,39,29,99,107,1.26,1.58,2.84,1,0,1,0,0,0,1,1,1,0,0,0,0,0,-1,-1,-1,-1,-1,-1,-1,-1,-1,20,27,48,68,100,32,76,80,40,11.31,2.17,4.21,2.78,/clubs/la-galaxy-10,teams/usa-la-galaxy.png,LA Galaxy,/clubs/seattle-sounders-fc-18,teams/usa-seattle-sounders-fc.png,Seattle Sounders,1.72,0.65,1.69,0.83,1.38,1.28,81,73,53,33,0,72,60,56,1.74,1.22,2.96,/usa/la-galaxy-vs-seattle-sounders-fc-h2h-stats#1541364,6969,34,True,True,True,True,True,True,True,"['10', '42', '90+2']","['53', '61', '73']"
MLS,2022,6969,1541365,4,8043,2022,complete,83993,0,-1,['23'],['13'],1,1,2,3,1,4,0,2,1,2,0,0,4,2,10,1,14,3,15,13,52,48,31,11574.0,40182,,,1,2,1.73,3.7,4.25,1.03,1.21,1.67,2.66,4.75,15.75,4.25,2.2,1.46,1.18,1.67,2.15,2.6,1.44,5.0,1.13,1.18,1.25,2.05,2.15,2.3,4.5,2.1,2.5,4.0,0,0,1.19,1.55,1.9,2.3,2.84,3.98,2.3,1.9,1.55,1.35,1.32,6.5,3.9,1.54,15.75,2.53,3.1,7.5,1.31,2.44,5.75,12.0,3.32,1.53,1.12,1.03,1.18,1.88,3.7,8.0,4.6,1.88,1.26,1.06,0,0,0,0,2,1,1,0,0,0,2,1661032800,-1,0,58,30,46,0,16525,2,1,1,0,2,1,1,3,0,1,1,1,1,2,1,59,19,133,119,1.6,0.49,2.1,1,0,1,0,0,0,1,1,0,0,0,0,0,0,-1,-1,-1,-1,-1,-1,-1,-1,-1,25,29,50,75,92,34,63,83,54,10.83,3.42,4.83,3.13,/clubs/new-york-red-bulls-4,teams/usa-new-york-red-bulls.png,New York RB,/clubs/fc-cincinnati-8043,teams/usa-fc-cincinnati.png,FC Cincinnati,1.28,1.47,1.08,1.33,1.54,1.32,75,71,50,25,8,59,42,38,1.65,1.31,2.96,/usa/new-york-red-bulls-vs-fc-cincinnati-h2h-stats#1541365,6969,35,True,True,False,False,False,False,True,['23'],['13']
MLS,2022,6969,1541366,13401,16,2022,complete,83993,0,-1,[],"['37', '45+4', '47', '70', '74', '79']",0,6,6,7,2,9,2,6,0,0,0,0,2,13,11,10,13,23,8,9,49,51,15,38056.0,12,,,0,0,2.87,3.4,2.25,1.05,1.29,1.73,3.0,5.5,9.0,3.5,2.1,1.36,1.12,1.67,2.1,3.8,1.22,3.2,1.3,1.6,1.3,1.36,3.5,2.2,2.62,3.0,2.4,2.7,0,0,1.18,1.48,1.75,2.2,2.79,4.0,2.5,1.95,1.62,1.36,2.25,5.75,1.8,2.08,13.25,1.81,5.0,4.33,1.36,2.62,6.0,13.0,3.0,1.44,1.11,1.02,1.25,2.0,4.0,9.0,3.75,1.73,1.22,1.05,0,0,0,0,6,0,2,0,4,4,2,1661038200,16,0,54,12,31,0,-1,2,-1,3,1,4,1,4,5,0,0,0,0,0,0,1,38,53,97,89,1.24,2.73,3.97,0,1,0,1,0,0,1,1,0,0,0,1,-1,-1,-1,-1,-1,-1,-1,-1,-1,-1,-1,8,27,50,77,92,39,70,73,42,10.69,2.77,4.77,2.54,/clubs/dc-united-13401,teams/usa-dc-united.png,DC United,/clubs/philadelphia-union-16,teams/usa-philadelphia-union.png,Philadelphia Union,0.94,1.5,1.15,1.46,0.88,1.85,93,74,50,23,8,70,62,42,1.33,1.18,2.51,/usa/philadelphia-union-vs-dc-united-h2h-stats#1541366,6969,34,True,True,True,True,True,True,False,[],"['37', '45+4', '47', '70', '74', '79']"
MLS,2022,6969,1541367,1,11,2022,complete,83993,0,-1,"['26', '39', '55', '90+1']",[],4,0,4,7,5,12,1,1,1,1,0,0,7,2,11,8,18,10,7,7,53,47,11,39282.0,21032,,,1,1,1.87,3.6,3.6,1.04,1.22,1.61,2.62,4.75,10.0,4.0,2.25,1.44,1.15,1.62,2.2,2.88,1.36,4.75,1.15,1.25,1.29,1.83,2.5,2.25,3.6,2.15,2.5,3.75,0,0,1.19,1.4,1.65,2.0,2.5,4.4,2.7,2.1,1.73,1.48,1.39,6.5,3.4,1.65,15.5,2.28,3.4,7.5,1.33,2.5,5.5,12.0,3.25,1.5,1.12,1.02,1.22,1.85,3.75,8.0,4.0,1.85,1.25,1.06,0,0,0,0,4,2,0,2,0,2,2,1661038200,1,0,76,40,51,0,-1,2,1,5,0,2,5,5,7,0,0,1,1,0,2,1,40,42,123,84,1.92,1.08,3.0,1,0,1,0,0,0,1,1,0,0,1,0,0,0,-1,-1,-1,-1,-1,-1,-1,-1,-1,24,44,80,80,89,40,76,89,64,10.3,2.71,4.33,3.27,/clubs/montreal-impact-1,teams/canada-montreal-impact.png,Montreal Impact,/clubs/new-england-revolution-11,teams/usa-new-england-revolution.png,New England Revolution,1.74,0.88,1.67,1.08,1.72,1.36,76,57,20,20,12,65,60,44,1.59,1.44,3.03,/usa/montreal-impact-vs-new-england-revolution-h2h-stats#1541367,6969,34,True,True,True,True,False,False,False,"['26', '39', '55', '90+1']",[]
MLS,2022,6969,1541368,1015,698284,2022,complete,83993,0,-1,"['25', '62']",['45+2'],2,1,3,3,6,9,2,2,0,1,0,0,8,2,8,12,16,14,0,1,36,64,3,5.0,2339,,,0,1,2.05,3.5,3.2,1.02,1.16,1.6,2.2,4.0,17.0,5.0,2.3,1.62,1.22,1.5,2.45,3.5,1.27,4.8,1.16,1.34,1.27,1.72,2.55,2.3,3.5,2.3,2.7,3.2,0,0,1.17,1.29,1.62,2.0,2.4,4.8,3.14,2.2,1.8,1.5,1.54,6.0,2.8,1.7,19.5,2.12,4.0,6.5,1.28,2.2,5.0,12.5,3.4,1.58,1.15,1.03,1.16,1.73,3.25,7.0,4.8,1.95,1.29,1.08,0,0,0,0,3,1,1,1,0,1,2,1661040000,1015,0,60,16,28,0,-1,2,1,2,1,1,5,3,6,0,0,0,1,0,1,1,42,77,75,109,1.87,1.58,3.45,1,1,1,1,0,0,1,1,0,0,0,0,0,0,-1,-1,-1,-1,-1,-1,-1,-1,-1,20,28,52,76,100,28,72,92,44,9.23,4.46,5.17,2.88,/clubs/minnesota-united-fc-1015,teams/usa-minnesota-united-fc.png,Minnesota United,/clubs/austin-fc-698284,teams/usa-austin-fc.png,Austin,1.71,1.44,1.58,2.0,1.52,1.92,80,72,48,24,0,72,57,48,1.68,1.22,2.9,/usa/minnesota-united-fc-vs-austin-fc-h2h-stats#1541368,6969,35,True,True,True,False,False,False,True,"['25', '62']",['45+2']
MLS,2022,6969,1541369,677446,19,2022,complete,83993,0,-1,"['24', '44']",['28'],2,1,3,2,6,8,3,1,0,1,0,0,4,4,4,11,8,15,15,8,42,58,84,28121.0,211,,,0,1,2.05,3.5,3.2,1.02,1.16,1.57,2.2,4.0,17.0,5.0,2.35,1.62,1.22,1.46,2.55,4.1,1.21,4.4,1.18,1.46,1.28,1.55,2.85,2.25,3.1,2.55,2.7,2.8,0,0,1.21,1.48,1.75,2.2,2.93,3.74,2.5,1.95,1.62,1.33,1.8,5.5,2.3,1.82,20.0,1.96,5.0,5.8,1.27,2.15,4.8,12.0,3.4,1.6,1.15,1.03,1.15,1.68,3.1,6.75,5.0,2.0,1.32,1.09,0,0,0,0,3,2,1,0,0,0,3,1661040000,677446,0,64,40,36,0,-1,2,1,2,5,0,1,7,1,0,0,0,1,0,1,1,39,66,68,124,1.07,1.71,2.78,0,0,0,0,0,0,1,1,0,0,0,4,0,0,-1,-1,-1,-1,-1,-1,-1,-1,-1,24,40,60,84,92,48,76,84,48,8.94,2.83,5.02,3.35,/clubs/club-internacional-de-futbol-miami-677446,teams/usa-club-internacional-de-futbol-miami.png,Inter Miami,/clubs/toronto-fc-19,teams/canada-toronto-fc.png,Toronto,1.94,0.59,1.85,0.58,1.32,1.15,76,61,41,17,8,60,51,44,1.55,1.18,2.73,/usa/toronto-fc-vs-club-internacional-de-futbol-miami-h2h-stats#1541369,6969,34,True,True,True,False,False,False,True,"['24', '44']",['28']
MLS,2022,6969,1541370,12,6,2022,complete,83993,0,-1,['48'],['90+5'],1,1,2,8,3,11,1,1,3,2,1,0,4,4,8,6,12,10,14,13,51,49,42,11434.0,10669,,,4,2,1.73,3.7,4.2,1.02,1.2,1.61,2.28,4.33,15.0,4.5,2.25,1.58,1.2,1.6,2.2,2.75,1.39,5.5,1.13,1.21,1.26,2.05,2.3,2.2,4.4,2.0,2.75,4.0,0,0,1.18,1.43,1.7,2.1,2.63,4.2,2.63,2.05,1.67,1.43,1.32,6.5,3.9,1.53,16.75,2.52,3.0,8.5,1.32,2.37,5.5,14.5,3.1,1.51,1.12,1.02,1.16,1.77,3.3,7.25,4.6,1.93,1.28,1.08,0,0,0,0,2,0,0,1,1,2,0,1661043600,-1,0,52,16,17,0,-1,2,1,3,0,5,3,3,8,1,1,3,1,2,4,1,40,33,85,94,1.33,1.16,2.49,0,0,0,0,0,0,1,1,0,0,0,0,0,0,-1,-1,-1,-1,-1,-1,-1,-1,-1,12,24,57,89,96,36,80,85,45,8.35,3.1,5.79,2.9,/clubs/colorado-rapids-12,teams/usa-colorado-rapids.png,Colorado Rapids,/clubs/houston-dynamo-6,teams/usa-houston-dynamo.png,Houston Dynamo,2.06,0.76,1.92,0.75,1.24,1.0,89,76,43,12,4,72,48,36,1.54,1.25,2.79,/usa/houston-dynamo-vs-colorado-rapids-h2h-stats#1541370,6969,34,True,True,False,False,False,False,True,['48'],['90+5']
MLS,2022,6969,1541371,14,5,2022,complete,83993,0,-1,['61'],['87'],1,1,2,6,6,12,1,5,1,2,0,0,4,5,9,12,13,17,6,10,54,46,13967,8.0,41087,,,1,2,1.61,3.75,4.8,1.03,1.22,1.73,2.9,5.0,13.0,4.2,2.1,1.42,1.16,1.65,2.1,2.65,1.43,5.25,1.14,1.21,1.25,2.1,2.25,2.25,4.4,1.98,2.7,4.1,0,0,1.18,1.43,1.7,2.1,2.63,4.2,2.63,2.05,1.67,1.43,1.26,7.0,4.5,1.48,14.25,2.75,2.75,9.0,1.31,2.4,5.75,15.0,3.1,1.5,1.12,1.02,1.17,1.82,3.5,8.0,4.5,1.85,1.26,1.07,0,0,0,0,2,0,0,1,1,2,0,1661047200,-1,0,52,32,12,0,-1,2,1,4,3,2,4,7,6,1,1,0,1,2,1,1,56,54,77,105,1.5,1.81,3.31,0,0,0,0,0,0,1,1,0,0,2,0,0,0,-1,-1,-1,-1,-1,-1,-1,-1,-1,8,32,64,80,96,47,84,84,37,10.54,3.46,4.39,2.87,/clubs/real-salt-lake-14,teams/usa-real-salt-lake.png,Real Salt Lake,/clubs/vancouver-whitecaps-fc-5,teams/canada-vancouver-whitecaps-fc.png,Vancouver Whitecaps,1.88,0.59,2.0,0.69,1.48,1.27,92,69,37,21,4,69,44,41,1.56,1.05,2.61,/usa/vancouver-whitecaps-fc-vs-real-salt-lake-h2h-stats#1541371,6969,34,True,True,False,False,False,False,True,['61'],['87']
MLS,2022,6969,1541372,15,6490,2022,complete,83993,0,-1,"['14', '77']",['54'],2,1,3,11,5,16,1,2,4,5,0,1,5,2,4,13,9,15,14,14,55,45,13942,23354.0,39588,,,4,6,3.3,3.6,1.95,1.02,1.15,1.5,2.2,3.75,13.0,4.75,2.6,1.67,1.25,1.44,2.62,5.5,1.13,3.5,1.27,1.73,1.22,1.35,3.3,2.45,2.4,3.2,2.62,2.3,0,0,1.17,1.29,1.62,1.95,2.4,4.8,3.14,2.2,1.75,1.5,3.25,6.25,1.42,2.19,22.5,1.65,6.5,4.33,1.25,2.1,4.5,10.0,3.75,1.67,1.17,1.04,1.15,1.7,3.25,6.5,4.75,2.05,1.33,1.1,0,0,0,0,3,1,0,1,1,2,1,1661047200,15,0,69,30,42,0,-1,2,1,3,2,8,3,5,11,2,1,2,5,3,7,1,52,46,87,107,1.3,1.42,2.72,0,0,0,0,0,0,1,1,0,0,0,1,0,0,-1,-1,-1,-1,-1,-1,-1,-1,-1,22,38,60,87,100,39,70,92,65,10.49,2.53,5.1,3.25,/clubs/san-jose-earthquakes-15,teams/usa-san-jose-earthquakes.png,SJ Earthquakes,/clubs/los-angeles-fc-6490,teams/usa-los-angeles-fc.png,Los Angeles FC,1.59,1.53,1.42,2.0,0.96,2.28,79,62,40,13,0,74,48,39,1.77,1.41,3.18,/usa/san-jose-earthquakes-vs-los-angeles-fc-h2h-stats#1541372,6969,34,True,True,True,False,False,False,True,"['14', '77']",['54']
MLS,2022,6969,1541373,7,2,2022,complete,83993,0,-1,[],"['16', '46']",0,2,2,6,4,10,5,3,3,1,0,0,1,6,9,3,10,9,13,11,58,42,13812,10695.0,27505,,,3,1,2.35,3.3,2.7,1.04,1.25,1.71,2.75,5.0,10.0,3.75,2.06,1.4,1.14,1.6,2.25,3.3,1.26,3.6,1.23,1.44,1.29,1.53,2.8,2.25,3.1,2.7,2.4,3.0,0,0,1.22,1.49,1.88,2.25,3.04,3.64,2.45,1.93,1.6,1.31,1.83,5.75,2.2,1.97,10.5,2.07,4.4,5.0,1.33,2.5,6.0,13.0,3.25,1.5,1.11,1.02,1.22,1.91,3.75,8.0,4.0,1.8,1.25,1.06,0,0,0,0,2,0,1,0,1,1,1,1661119200,2,0,38,13,21,0,-1,2,1,2,3,4,1,5,5,1,0,2,1,1,3,1,31,19,115,82,0.94,1.14,2.08,0,0,0,0,0,0,1,1,0,0,0,0,0,0,-1,-1,-1,-1,-1,-1,-1,-1,-1,17,21,38,46,75,30,59,54,33,10.0,3.75,5.33,2.09,/clubs/chicago-fire-7,teams/usa-chicago-fire.png,Chicago Fire,/clubs/new-york-city-fc-2,teams/usa-new-york-city-fc.png,New York City,1.35,1.26,1.58,1.25,1.2,1.68,84,79,63,54,25,63,59,29,1.37,1.43,2.8,/usa/new-york-city-fc-vs-chicago-fire-h2h-stats#1541373,6969,34,True,True,False,False,False,False,False,[],"['16', '46']"
MLS,2022,6969,1541374,9,1016,2022,complete,83993,0,-1,"['66', '72']","['21', '77']",2,2,4,4,10,14,1,4,3,2,0,0,8,11,4,14,12,25,9,19,48,52,13893,13.0,40852,,,3,2,1.86,3.5,3.6,1.04,1.25,1.72,2.75,5.0,10.0,3.75,2.05,1.4,1.14,1.68,2.05,2.75,1.4,4.5,1.18,1.27,1.27,1.85,2.45,2.2,4.0,2.2,2.55,3.7,0,0,1.2,1.34,1.68,2.07,2.77,3.9,2.88,2.13,1.74,1.4,1.36,6.0,3.5,1.63,14.0,2.37,3.3,7.0,1.33,2.5,6.0,16.5,3.0,1.46,1.11,1.01,1.2,1.95,3.9,9.25,4.1,1.75,1.21,1.05,0,0,0,0,4,0,1,2,1,3,1,1661122080,-1,0,46,17,21,0,17461,2,1,4,5,0,5,9,5,1,0,2,2,1,4,1,48,54,98,84,1.67,2.72,4.39,0,0,0,0,0,0,1,1,0,0,0,1,0,0,-1,-1,-1,-1,-1,-1,-1,-1,-1,4,21,55,75,88,25,75,79,42,11.09,3.41,4.0,2.42,/clubs/columbus-crew-9,teams/usa-columbus-crew.png,Columbus Crew,/clubs/atlanta-united-fc-1016,teams/usa-atlanta-united-fc.png,Atlanta United FC,1.59,0.65,1.5,0.58,1.42,1.16,96,79,46,25,13,79,63,55,1.76,1.52,3.28,/usa/columbus-crew-vs-atlanta-united-fc-h2h-stats#1541374,6969,34,True,True,True,True,False,False,True,"['66', '72']","['21', '77']"
MLS,2022,6969,1541375,711351,17,2022,complete,83993,0,-1,['66'],"['62', '89']",1,2,3,2,5,7,0,0,2,4,0,0,3,7,5,5,8,12,17,9,51,49,19912,44668.0,21031,,,2,4,2.14,3.35,3.0,1.04,1.25,1.81,2.75,4.75,10.0,3.75,1.93,1.4,1.15,1.62,2.2,3.0,1.31,3.8,1.21,1.36,1.25,1.65,2.7,2.2,3.4,2.5,2.4,3.25,0,0,1.2,1.41,1.98,2.13,2.88,3.88,2.73,1.83,1.68,1.34,1.68,5.5,2.4,1.89,9.9,2.19,3.9,5.8,1.33,2.5,5.5,13.0,3.25,1.5,1.12,1.02,1.22,1.91,4.0,8.0,4.0,1.8,1.22,1.06,0,0,0,0,3,0,0,1,2,3,0,1661122800,17,0,44,13,16,0,-1,2,1,0,4,2,1,4,3,1,2,1,2,3,3,1,45,27,103,77,1.05,1.45,2.5,0,0,0,0,0,0,1,1,0,0,0,0,0,1,-1,-1,-1,-1,-1,-1,-1,-1,-1,13,20,33,65,96,16,72,81,28,8.85,2.29,4.27,2.25,/clubs/charlotte-fc-711351,teams/usa-charlotte-fc.png,Charlotte,/clubs/orlando-city-sc-17,teams/usa-orlando-city-sc.png,Orlando City,1.82,1.17,2.0,1.38,1.23,1.32,88,80,68,36,4,68,48,40,1.46,1.01,2.47,/usa/orlando-city-sc-vs-charlotte-fc-h2h-stats#1541375,6969,34,True,True,True,False,False,False,True,['66'],"['62', '89']"
MLS,2022,6969,1541376,8,20,2022,complete,83993,0,-1,"['31', '40', '42', '75']",['90'],4,1,5,2,1,3,0,0,1,2,0,0,4,6,13,6,17,12,8,9,57,43,7,18.0,42128,,,1,2,2.07,3.4,3.05,1.03,1.19,1.65,2.45,4.33,11.0,4.0,2.16,1.44,1.17,1.57,2.25,3.3,1.3,4.4,1.19,1.35,1.28,1.68,2.65,2.2,3.5,2.37,2.65,3.2,0,0,1.19,1.4,1.93,2.19,2.88,3.92,2.77,1.88,1.64,1.34,1.6,5.75,2.55,1.78,15.0,2.19,3.9,6.5,1.32,2.4,5.75,15.0,3.1,1.49,1.12,1.02,1.17,1.8,3.5,7.75,4.5,1.88,1.26,1.07,0,0,0,0,5,3,0,1,1,2,3,1661126100,8,0,60,16,40,0,-1,2,1,2,0,0,1,2,1,0,0,1,2,0,3,1,60,49,104,94,1.79,1.54,3.32,0,0,0,0,0,0,1,1,0,0,1,0,0,0,-1,-1,-1,-1,-1,-1,-1,-1,-1,20,32,52,75,92,24,72,88,51,8.27,1.44,5.27,2.86,/clubs/sporting-kansas-city-8,teams/usa-sporting-kansas-city.png,Sporting KC,/clubs/portland-timbers-20,teams/usa-portland-timbers.png,Portland Timbers,1.71,0.94,1.17,0.92,0.88,1.27,81,69,48,25,8,48,40,24,1.4,1.2,2.6,/usa/sporting-kansas-city-vs-portland-timbers-h2h-stats#1541376,6969,34,True,True,True,True,True,False,True,"['31', '40', '42', '75']",['90']
MLS,2022,6969,1541377,677447,13,2022,complete,83993,0,-1,"['5', '26', '33', '72']",[],4,0,4,5,1,6,2,0,0,3,0,0,9,0,10,4,19,4,10,6,45,55,39,24795.0,21189,,,0,3,1.93,3.4,3.45,1.05,1.29,1.82,3.0,5.5,9.0,3.5,1.92,1.36,1.12,1.7,2.05,2.7,1.41,4.2,1.2,1.25,1.29,1.8,2.45,2.2,3.8,2.25,2.4,3.75,0,0,1.23,1.52,1.93,2.3,3.14,3.56,2.39,1.88,1.57,1.29,1.45,6.25,3.0,1.68,12.75,2.3,3.3,6.5,1.36,2.62,6.0,13.0,3.0,1.44,1.11,1.02,1.25,2.05,4.33,9.0,3.75,1.7,1.2,1.05,0,0,0,0,4,3,0,1,0,1,3,1661128200,677447,0,69,20,37,0,25571,2,1,2,1,3,0,3,3,0,1,0,2,1,2,1,48,42,110,92,2.18,0.57,2.75,0,0,0,0,0,0,1,1,1,0,1,0,0,0,-1,-1,-1,-1,-1,-1,-1,-1,-1,4,36,56,73,89,24,72,73,52,9.14,4.27,4.84,2.65,/clubs/nashville-sc-mls-677447,teams/usa-nashville-sc-mls.png,Nashville SC,/clubs/fc-dallas-13,teams/usa-fc-dallas.png,FC Dallas,1.41,1.06,1.17,1.15,1.27,1.56,96,65,44,28,12,56,28,13,1.66,1.08,2.74,/usa/fc-dallas-vs-nashville-sc-mls-h2h-stats#1541377,6969,35,True,True,True,True,False,False,False,"['5', '26', '33', '72']",[]
MLS,2022,6969,1541378,698284,6490,2022,complete,83993,0,-1,"['32', '47', '51', '59']",['61'],4,1,5,3,4,7,1,0,2,3,0,0,9,4,2,10,11,14,10,11,48,52,58,2339.0,39588,,,2,3,2.62,3.5,2.31,1.02,1.14,1.53,2.25,3.75,17.0,5.5,2.3,1.62,1.25,1.44,2.6,4.6,1.17,4.2,1.2,1.58,1.25,1.46,3.0,2.4,2.75,2.8,2.75,2.55,0,0,1.2,1.43,1.7,2.1,2.63,4.25,2.63,2.05,1.67,1.43,2.06,7.0,2.06,1.94,22.5,1.82,5.8,4.8,1.24,2.1,4.5,11.5,3.7,1.65,1.17,1.04,1.14,1.68,3.1,6.5,5.0,2.05,1.32,1.09,0,0,0,0,5,1,0,3,1,4,1,1661558400,698284,0,63,29,21,0,-1,2,1,1,2,2,2,3,4,2,2,0,1,4,1,1,54,67,87,87,1.72,1.64,3.36,0,0,0,0,0,0,1,1,0,0,0,2,0,0,-1,-1,-1,-1,-1,-1,-1,-1,-1,30,42,63,88,100,55,75,92,58,9.09,2.67,5.17,3.5,/clubs/austin-fc-698284,teams/usa-austin-fc.png,Austin,/clubs/los-angeles-fc-6490,teams/usa-los-angeles-fc.png,Los Angeles FC,1.79,1.53,1.83,1.83,1.85,2.19,71,58,38,13,0,54,38,34,1.68,1.41,3.09,/usa/los-angeles-fc-vs-austin-fc-h2h-stats#1541378,6969,37,True,True,True,True,True,False,True,"['32', '47', '51', '59']",['61']
MLS,2022,6969,1541379,20,18,2022,complete,83993,0,-1,"['41', '51']",['8'],2,1,3,7,6,13,1,3,3,2,0,0,7,1,8,4,15,5,17,15,50,50,31,42128.0,25,,,3,2,2.26,3.5,2.7,1.02,1.22,1.6,2.75,5.0,15.0,4.2,2.3,1.44,1.16,1.58,2.25,3.4,1.28,4.1,1.21,1.4,1.28,1.62,2.75,2.2,3.3,2.5,2.6,3.0,0,0,1.2,1.43,1.67,2.1,2.63,4.25,2.63,2.1,1.67,1.43,1.71,7.5,2.55,1.79,16.0,2.05,4.0,5.8,1.31,2.45,5.75,15.5,3.1,1.49,1.11,1.02,1.18,1.83,3.6,8.0,4.4,1.85,1.25,1.06,0,0,0,0,3,1,1,1,0,1,2,1661565600,20,0,58,12,35,0,-1,2,1,6,1,1,5,7,6,2,2,1,0,4,1,1,60,74,81,82,1.86,0.92,2.79,1,0,1,0,0,0,1,1,0,1,3,1,0,0,-1,-1,-1,-1,-1,-1,-1,-1,-1,12,19,42,74,96,23,73,77,46,8.46,2.23,5.07,2.7,/clubs/portland-timbers-20,teams/usa-portland-timbers.png,Portland Timbers,/clubs/seattle-sounders-fc-18,teams/usa-seattle-sounders-fc.png,Seattle Sounders,1.76,0.65,1.62,0.85,1.22,1.27,89,81,58,27,4,73,54,46,1.49,1.25,2.74,/usa/seattle-sounders-fc-vs-portland-timbers-h2h-stats#1541379,6969,34,True,True,True,False,False,False,True,"['41', '51']",['8']
MLS,2022,6969,1541380,1015,6,2022,complete,83993,0,-1,"['79', '84']",['45+1'],2,1,3,7,5,12,3,1,1,3,0,0,5,3,6,6,11,9,9,9,56,44,13812,5.0,10669,,,1,3,1.61,4.03,5.05,1.02,1.2,1.63,2.7,4.75,15.0,4.5,2.14,1.47,1.18,1.63,2.15,2.75,1.4,5.25,1.14,1.23,1.25,2.0,2.3,2.25,4.2,2.05,2.7,3.9,0,0,1.18,1.34,1.61,2.02,2.7,4.5,3.1,2.23,1.74,1.44,1.37,8.5,3.75,1.56,16.5,2.46,3.25,8.0,1.31,2.4,5.75,15.0,3.1,1.5,1.12,1.02,1.17,1.8,3.5,7.75,4.5,1.87,1.26,1.07,0,0,0,0,3,0,1,2,0,2,1,1661628600,1015,0,62,16,31,0,-1,2,1,5,1,2,4,6,6,1,1,0,2,2,2,1,74,36,112,86,1.58,1.05,2.63,0,0,0,0,0,0,1,1,0,0,1,0,0,0,-1,-1,-1,-1,-1,-1,-1,-1,-1,12,23,62,85,100,31,73,89,62,9.31,3.31,5.23,2.97,/clubs/minnesota-united-fc-1015,teams/usa-minnesota-united-fc.png,Minnesota United,/clubs/houston-dynamo-6,teams/usa-houston-dynamo.png,Houston Dynamo,1.71,0.76,1.69,0.77,1.58,1.0,89,77,39,16,0,73,62,42,1.69,1.24,2.93,/usa/houston-dynamo-vs-minnesota-united-fc-h2h-stats#1541380,6969,34,True,True,True,False,False,False,True,"['79', '84']",['45+1']
MLS,2022,6969,1541381,4,677446,2022,complete,83993,0,-1,"['43', '53', '74']",['19'],3,1,4,2,5,7,1,0,3,1,1,1,9,5,12,5,21,10,16,8,45,55,24,11574.0,28121,,,4,3,1.7,3.9,4.3,1.04,1.22,1.75,2.62,4.5,10.0,4.0,1.86,1.44,1.17,1.8,1.91,2.37,1.52,5.5,1.13,1.15,1.22,2.25,2.05,2.3,5.0,1.91,2.6,4.75,0,0,1.27,1.5,1.85,2.45,3.4,3.55,2.48,1.95,1.5,1.29,1.34,8.0,4.0,1.48,14.75,2.74,2.7,8.5,1.33,2.5,5.5,13.0,3.25,1.5,1.12,1.02,1.22,1.91,4.0,8.0,4.0,1.8,1.22,1.06,0,0,0,0,4,1,1,2,0,2,2,1661641200,4,0,48,20,27,0,-1,2,1,2,0,0,5,2,5,2,2,2,0,4,2,1,61,28,103,90,2.39,1.19,3.58,0,0,0,0,0,0,1,1,0,0,1,0,0,0,-1,-1,-1,-1,-1,-1,-1,-1,-1,16,24,32,64,92,24,61,76,31,9.77,3.54,4.06,2.51,/clubs/new-york-red-bulls-4,teams/usa-new-york-red-bulls.png,New York RB,/clubs/club-internacional-de-futbol-miami-677446,teams/usa-club-internacional-de-futbol-miami.png,Inter Miami,1.28,0.83,1.08,0.75,1.52,1.38,85,76,69,37,8,44,29,21,1.64,1.19,2.83,/usa/new-york-red-bulls-vs-club-internacional-de-futbol-miami-h2h-stats#1541381,6969,35,True,True,True,True,False,False,True,"['43', '53', '74']",['19']
MLS,2022,6969,1541382,8043,9,2022,complete,83993,0,-1,"['36', '77']","['74', '90+6']",2,2,4,2,3,5,1,1,1,1,0,0,7,5,10,8,17,13,16,10,35,65,39,40182.0,13,,,1,1,2.1,3.55,3.05,1.03,1.22,1.72,2.85,5.0,15.0,4.2,2.15,1.42,1.16,1.58,2.32,3.0,1.34,4.0,1.21,1.33,1.25,1.73,2.6,2.2,3.5,2.4,2.4,3.4,0,0,1.27,1.5,1.9,2.45,3.4,3.55,2.48,1.9,1.5,1.29,1.58,7.5,2.88,1.78,12.0,2.2,3.75,5.8,1.32,2.46,5.85,13.0,3.26,1.52,1.12,1.02,1.18,1.89,3.78,8.0,4.6,1.87,1.25,1.06,0,0,0,0,4,1,0,1,2,3,1,1661643000,-1,0,72,36,32,0,-1,2,1,0,1,2,2,1,4,1,0,0,1,1,1,1,42,55,84,122,1.86,1.58,3.44,0,0,0,0,0,0,1,1,0,0,0,0,0,0,-1,-1,-1,-1,-1,-1,-1,-1,-1,20,44,56,80,92,48,72,80,40,9.5,3.38,4.62,3.15,/clubs/fc-cincinnati-8043,teams/usa-fc-cincinnati.png,FC Cincinnati,/clubs/columbus-crew-9,teams/usa-columbus-crew.png,Columbus Crew,1.41,1.12,1.31,1.33,1.31,1.4,80,57,44,20,9,64,60,44,1.74,1.22,2.96,/usa/columbus-crew-vs-fc-cincinnati-h2h-stats#1541382,6969,34,True,True,True,True,False,False,True,"['36', '77']","['74', '90+6']"
MLS,2022,6969,1541383,16,12,2022,complete,83993,0,-1,"['9', '20', '30', '83', '87', '90+1']",[],6,0,6,3,6,9,2,2,0,3,0,1,13,1,12,3,25,4,11,15,59,41,3,12.0,11434,,,0,4,1.63,4.0,4.8,1.04,1.2,1.52,2.5,4.33,10.0,4.33,2.55,1.5,1.2,1.65,2.18,2.65,1.42,5.5,1.13,1.18,1.22,2.15,2.1,2.38,4.5,1.91,2.6,4.6,0,0,1.22,1.42,1.74,2.23,3.0,4.0,2.75,2.02,1.61,1.35,1.34,8.5,4.0,1.51,16.5,2.59,3.0,8.5,1.3,2.39,5.55,12.0,3.4,1.55,1.13,1.03,1.17,1.85,3.62,7.5,4.74,1.91,1.27,1.07,0,0,0,0,6,3,0,3,0,3,3,1661643000,16,0,65,29,28,0,-1,2,1,0,4,3,2,4,5,0,4,0,0,4,0,1,36,28,118,63,2.75,0.53,3.28,2,0,2,0,0,0,1,1,1,0,0,0,0,1,-1,-1,-1,-1,-1,-1,-1,-1,-1,16,28,57,89,96,48,80,85,48,10.17,2.88,5.18,3.14,/clubs/philadelphia-union-16,teams/usa-philadelphia-union.png,Philadelphia Union,/clubs/colorado-rapids-12,teams/usa-colorado-rapids.png,Colorado Rapids,2.47,0.47,2.23,0.5,1.89,1.23,85,72,44,12,4,60,56,48,1.7,1.36,3.06,/usa/colorado-rapids-vs-philadelphia-union-h2h-stats#1541383,6969,34,True,True,True,True,True,True,False,"['9', '20', '30', '83', '87', '90+1']",[]
MLS,2022,6969,1541384,8,15,2022,complete,83993,0,-1,['10'],[],1,0,1,4,2,6,2,1,3,2,0,0,2,1,18,11,20,12,15,14,50,50,5016,18.0,23354,,,3,2,1.95,3.75,3.5,1.02,1.2,1.62,2.2,4.5,17.0,4.5,2.3,1.65,1.2,1.58,2.25,3.0,1.35,5.0,1.15,1.27,1.26,1.87,2.4,2.25,3.9,2.15,2.7,3.6,0,0,1.25,1.47,1.83,2.38,3.25,3.7,2.55,1.98,1.54,1.3,1.43,8.0,3.5,1.67,13.0,2.38,3.5,6.5,1.31,2.35,5.5,14.5,3.2,1.51,1.12,1.02,1.17,1.78,3.4,7.5,4.6,1.9,1.27,1.07,0,0,0,0,1,1,0,0,0,0,1,1661646600,8,0,54,19,27,0,-1,2,1,0,2,4,0,2,4,2,0,1,2,2,3,1,45,48,90,95,1.72,1.18,2.9,0,0,0,0,0,0,1,1,1,0,0,0,0,0,-1,-1,-1,-1,-1,-1,-1,-1,-1,31,39,58,74,92,35,70,85,46,9.23,1.92,4.16,3.12,/clubs/sporting-kansas-city-8,teams/usa-sporting-kansas-city.png,Sporting KC,/clubs/san-jose-earthquakes-15,teams/usa-san-jose-earthquakes.png,SJ Earthquakes,1.71,0.47,1.31,0.54,0.96,1.04,70,62,43,27,8,58,46,27,1.43,1.34,2.77,/usa/sporting-kansas-city-vs-san-jose-earthquakes-h2h-stats#1541384,6969,34,True,False,False,False,False,False,False,['10'],[]
MLS,2022,6969,1541385,13,14,2022,complete,83993,0,-1,['7'],['69'],1,1,2,4,4,8,2,0,1,2,0,0,3,6,9,10,12,16,8,13,52,48,13851,21189.0,8,,,1,2,2.0,3.55,3.4,1.03,1.25,1.73,3.0,5.5,13.0,3.75,1.88,1.38,1.14,1.68,2.05,2.8,1.38,4.33,1.19,1.29,1.28,1.78,2.55,2.15,3.9,2.25,2.55,3.5,0,0,1.2,1.38,1.67,2.12,2.85,4.25,2.9,2.12,1.67,1.38,1.46,8.0,3.3,1.7,11.0,2.38,3.3,6.5,1.35,2.6,6.5,17.5,2.9,1.43,1.1,1.01,1.2,1.93,3.9,9.25,4.1,1.75,1.22,1.05,0,0,0,0,2,1,0,0,1,1,1,1661648400,-1,0,60,15,30,0,-1,2,1,1,3,3,1,4,4,0,2,1,0,2,1,1,38,48,116,94,1.25,1.78,3.03,0,0,0,0,0,0,1,1,1,0,0,2,0,0,-1,-1,-1,-1,-1,-1,-1,-1,-1,19,26,49,78,93,34,78,71,56,9.75,3.49,4.47,2.68,/clubs/fc-dallas-13,teams/usa-fc-dallas.png,FC Dallas,/clubs/real-salt-lake-14,teams/usa-real-salt-lake.png,Real Salt Lake,1.94,0.89,1.93,1.0,1.5,1.46,82,74,51,22,8,63,49,37,1.48,1.16,2.64,/usa/fc-dallas-vs-real-salt-lake-h2h-stats#1541385,6969,35,True,True,False,False,False,False,True,['7'],['69']
MLS,2022,6969,1541386,5,677447,2022,complete,83993,0,-1,[],"['19', '23', '49']",0,3,3,2,2,4,0,1,2,3,1,0,1,4,12,5,13,9,16,16,47,53,13889,41087.0,24795,,,4,3,2.6,3.25,2.5,1.05,1.28,1.96,3.1,5.75,9.25,3.3,1.92,1.32,1.11,1.72,2.0,3.25,1.3,3.3,1.29,1.47,1.3,1.49,3.1,2.1,3.1,2.8,2.45,2.85,0,0,1.27,1.5,1.88,2.45,3.4,3.55,2.48,1.93,1.5,1.29,1.88,7.0,2.28,2.05,10.0,1.95,4.2,4.5,1.37,2.7,7.0,19.0,2.8,1.4,1.09,1.01,1.23,2.05,4.33,10.5,3.75,1.66,1.18,1.04,0,0,0,0,3,0,2,0,1,1,2,1661652000,677447,0,63,7,30,0,-1,2,1,2,2,0,0,4,0,2,0,1,3,2,4,1,44,24,108,108,1.22,1.04,2.25,0,1,0,0,0,1,1,1,0,0,0,0,0,0,-1,-1,-1,-1,-1,-1,-1,-1,-1,11,30,53,71,93,19,63,86,45,8.25,3.25,4.34,2.6,/clubs/vancouver-whitecaps-fc-5,teams/canada-vancouver-whitecaps-fc.png,Vancouver Whitecaps,/clubs/nashville-sc-mls-677447,teams/usa-nashville-sc-mls.png,Nashville SC,1.94,1.44,1.85,1.36,1.26,1.33,89,70,48,30,8,59,37,30,1.39,1.19,2.58,/usa/vancouver-whitecaps-fc-vs-nashville-sc-mls-h2h-stats#1541386,6969,34,True,True,True,False,False,False,False,[],"['19', '23', '49']"
MLS,2022,6969,1541387,1016,13401,2022,complete,83993,0,-1,"['49', '62', '69']","['47', '55']",3,2,5,8,4,12,1,3,1,0,0,0,11,3,15,7,26,10,12,10,59,41,20,40852.0,38056,,,1,0,1.65,3.9,4.75,1.02,1.18,1.6,2.25,4.5,17.0,4.75,2.2,1.62,1.2,1.66,2.1,2.5,1.47,6.0,1.11,1.16,1.22,2.3,2.1,2.35,4.8,1.85,2.8,4.6,0,0,1.23,1.46,1.83,2.35,3.14,3.56,2.56,1.93,1.54,1.29,1.3,8.5,4.3,1.48,17.5,2.83,2.9,9.0,1.3,2.35,5.5,14.0,3.2,1.52,1.13,1.02,1.16,1.77,3.4,7.5,4.75,1.93,1.28,1.08,0,0,0,0,5,0,0,3,2,5,0,1661716800,1016,0,55,24,24,0,-1,2,1,1,2,7,2,3,9,1,0,0,0,1,0,1,53,31,121,76,2.79,1.07,3.86,0,0,0,0,0,0,1,1,0,0,0,0,0,0,-1,-1,-1,-1,-1,-1,-1,-1,-1,20,32,68,80,96,52,76,89,36,10.44,3.48,4.41,3.2,/clubs/atlanta-united-fc-1016,teams/usa-atlanta-united-fc.png,Atlanta United FC,/clubs/dc-united-13401,teams/usa-dc-united.png,DC United,1.71,0.65,1.69,0.58,1.15,0.85,80,68,33,21,4,64,56,48,1.82,1.07,2.89,/usa/atlanta-united-fc-vs-dc-united-h2h-stats#1541387,6969,34,True,True,True,True,True,False,True,"['49', '62', '69']","['47', '55']"
MLS,2022,6969,1541388,7,1,2022,complete,83993,0,-1,[],"['19', '24']",0,2,2,6,5,11,4,1,2,4,0,1,5,7,7,4,12,11,15,13,58,42,13942,10695.0,39282,,,2,5,2.3,3.45,2.8,1.04,1.24,1.77,2.75,5.0,10.5,3.7,1.84,1.39,1.15,1.63,2.15,3.2,1.31,3.9,1.22,1.38,1.29,1.61,2.8,2.15,3.4,2.5,2.55,3.1,0,0,1.25,1.47,1.83,2.38,3.25,3.7,2.55,1.98,1.54,1.3,1.72,7.0,2.55,1.83,11.0,2.15,4.0,5.5,1.35,2.55,6.25,16.5,2.95,1.44,1.1,1.01,1.2,1.9,3.8,8.75,4.2,1.78,1.23,1.06,0,0,0,0,2,0,2,0,0,0,2,1661644800,1,0,54,16,19,0,-1,2,1,2,4,4,1,6,5,1,3,1,2,4,3,1,52,34,105,88,1.49,1.44,2.93,0,0,0,0,0,0,1,1,0,0,2,2,0,0,-1,-1,-1,-1,-1,-1,-1,-1,-1,20,27,54,73,85,35,73,77,47,10.23,4.85,5.54,2.69,/clubs/chicago-fire-7,teams/usa-chicago-fire.png,Chicago Fire,/clubs/montreal-impact-1,teams/canada-montreal-impact.png,Montreal Impact,1.35,2.06,1.46,1.77,1.15,1.77,81,74,46,27,16,66,58,31,1.34,1.41,2.75,/usa/montreal-impact-vs-chicago-fire-h2h-stats#1541388,6969,34,True,True,False,False,False,False,False,[],"['19', '24']"
MLS,2022,6969,1541389,711351,19,2022,complete,83993,0,-1,[],"['49', '66']",0,2,2,6,3,9,0,5,2,0,0,0,5,3,15,9,20,12,15,11,59,41,13841,44668.0,211,,,2,0,2.45,3.6,2.55,1.03,1.22,1.66,2.62,4.33,11.0,4.0,2.2,1.44,1.2,1.51,2.48,3.4,1.25,4.33,1.17,1.4,1.25,1.6,2.5,2.3,3.4,2.4,2.5,3.25,0,0,1.27,1.5,1.93,2.45,3.4,3.55,2.48,1.88,1.5,1.29,1.72,7.0,2.55,1.8,17.0,2.03,4.4,5.8,1.29,2.32,5.35,11.0,3.5,1.58,1.14,1.03,1.16,1.81,3.5,7.5,4.94,1.95,1.29,1.07,0,0,0,0,2,0,0,0,2,2,0,1661645400,19,0,46,31,23,0,-1,2,1,4,0,3,3,4,6,1,0,1,0,1,1,1,59,37,123,88,2.04,1.24,3.28,0,0,0,0,0,0,1,1,0,0,1,0,1,0,-1,-1,-1,-1,-1,-1,-1,-1,-1,15,27,46,73,96,35,73,81,31,9.15,1.62,3.54,2.81,/clubs/charlotte-fc-711351,teams/usa-charlotte-fc.png,Charlotte,/clubs/toronto-fc-19,teams/canada-toronto-fc.png,Toronto,1.82,0.59,1.85,0.54,1.19,1.11,85,73,54,27,4,50,39,31,1.43,1.22,2.65,/usa/toronto-fc-vs-charlotte-fc-h2h-stats#1541389,6969,34,True,True,False,False,False,False,False,[],"['49', '66']"
MLS,2022,6969,1541390,17,2,2022,complete,83993,0,-1,"['7', '90+6']",['53'],2,1,3,7,0,7,0,0,1,3,0,0,6,1,11,4,17,5,13,11,49,51,11,21031.0,27505,,,1,3,2.25,3.4,2.95,1.03,1.22,1.65,2.9,5.5,13.0,4.0,2.1,1.42,1.15,1.62,2.2,3.25,1.28,3.9,1.2,1.47,1.25,1.57,3.0,2.25,3.25,2.63,2.6,2.88,0,0,1.26,1.51,1.91,2.47,3.34,3.34,2.42,1.85,1.49,1.26,1.72,7.0,2.55,1.8,11.0,2.1,4.0,5.5,1.33,2.63,6.5,19.0,3.25,1.44,1.11,1.02,1.2,1.95,4.0,9.0,4.33,1.8,1.22,1.04,0,0,0,0,3,1,0,1,1,2,1,1661729400,17,0,44,20,20,0,-1,2,1,5,0,2,0,5,2,0,1,1,2,1,3,1,63,30,99,94,1.94,0.62,2.56,0,0,0,0,0,0,1,1,1,0,0,0,0,0,-1,-1,-1,-1,-1,-1,-1,-1,-1,20,24,53,65,93,36,72,77,45,9.27,2.16,4.55,2.82,/clubs/orlando-city-sc-17,teams/usa-orlando-city-sc.png,Orlando City,/clubs/new-york-city-fc-2,teams/usa-new-york-city-fc.png,New York City,1.59,1.26,1.25,1.38,1.38,1.73,80,76,48,36,8,60,47,16,1.51,1.41,2.92,/usa/new-york-city-fc-vs-orlando-city-sc-h2h-stats#1541390,6969,35,True,True,True,False,False,False,True,"['7', '90+6']",['53']
MLS,2022,6969,1541391,11,10,2022,complete,83993,0,-1,['82'],"['4', '15']",1,2,3,3,1,4,2,1,1,3,0,0,7,5,12,2,19,7,10,13,62,38,19912,21032.0,2,,,1,3,2.0,3.6,3.3,1.02,1.18,1.57,2.5,4.33,15.0,4.75,2.25,1.53,1.2,1.53,2.38,3.3,1.3,4.75,1.16,1.32,1.27,1.75,2.5,2.4,3.75,2.25,2.65,3.4,0,0,1.18,1.38,1.7,2.11,2.79,4.04,2.85,2.1,1.66,1.36,1.64,7.5,2.7,1.62,17.25,2.38,4.0,6.5,1.29,2.38,5.5,15.0,3.5,1.53,1.14,1.03,1.16,1.77,3.4,7.5,4.6,1.93,1.28,1.08,0,0,0,0,3,0,2,1,0,1,2,1661731200,10,0,52,13,44,0,21517,2,1,1,0,2,1,1,3,1,0,0,3,1,3,1,66,19,155,67,2.18,0.94,3.11,0,0,0,0,0,0,1,1,0,1,0,0,0,0,-1,-1,-1,-1,-1,-1,-1,-1,-1,18,31,39,61,92,22,70,70,48,10.86,3.61,4.58,2.44,/clubs/new-england-revolution-11,teams/usa-new-england-revolution.png,New England Revolution,/clubs/la-galaxy-10,teams/usa-la-galaxy.png,LA Galaxy,1.59,1.22,1.67,1.0,1.31,1.36,83,70,61,39,9,57,53,35,1.62,1.49,3.11,/usa/la-galaxy-vs-new-england-revolution-h2h-stats#1541391,6969,34,True,True,True,False,False,False,True,['82'],"['4', '15']"
MLS,2022,6969,1541392,9,677446,2022,complete,83993,0,-1,['64'],[],1,0,1,4,2,6,1,1,2,2,0,0,3,1,11,3,14,4,1,0,50,50,7,13.0,28121,,,2,2,1.7,4.05,4.6,1.04,1.23,1.6,2.78,5.05,14.5,4.05,2.23,1.43,1.16,1.78,2.07,2.5,1.48,5.25,1.13,1.21,1.25,2.27,2.29,2.45,5.09,1.9,2.73,4.6,0,0,1.23,1.44,1.8,2.35,3.25,3.6,2.45,1.85,1.49,1.27,1.45,8.5,3.28,1.48,14.5,2.74,2.88,8.5,1.33,2.65,5.6,13.0,3.05,1.51,1.11,1.02,1.25,2.0,4.0,8.0,3.75,1.73,1.22,1.06,0,0,0,0,1,0,0,1,0,1,0,1661988600,9,0,38,16,12,0,18034,2,1,1,2,3,0,3,3,1,0,1,2,1,3,1,46,40,97,105,1.43,0.63,2.06,0,0,0,0,0,0,1,1,0,0,0,0,0,0,-1,-1,-1,-1,-1,-1,-1,-1,-1,8,27,39,70,89,27,77,77,31,9.39,3.54,3.77,2.35,/clubs/columbus-crew-9,teams/usa-columbus-crew.png,Columbus Crew,/clubs/club-internacional-de-futbol-miami-677446,teams/usa-club-internacional-de-futbol-miami.png,Inter Miami,1.59,0.83,1.46,0.69,1.38,1.33,92,73,62,31,12,62,50,39,1.75,1.19,2.94,/usa/columbus-crew-vs-club-internacional-de-futbol-miami-h2h-stats#1541392,6969,34,True,False,False,False,False,False,False,['64'],[]
MLS,2022,6969,1541393,1,4,2022,complete,83993,0,-1,[],['43'],0,1,1,5,5,10,1,1,1,2,0,0,1,4,9,5,10,9,1,0,68,32,13864,39282.0,11574,,,1,2,1.86,3.7,4.1,1.04,1.23,1.76,2.79,5.1,13.75,4.03,1.98,1.43,1.16,1.66,2.27,3.0,1.33,4.0,1.2,1.35,1.32,1.71,2.84,2.35,3.83,2.44,2.61,3.15,0,0,1.23,1.44,1.8,2.35,3.25,3.6,2.45,2.0,1.49,1.28,1.64,8.0,2.67,1.77,13.75,2.11,3.7,5.8,1.36,2.75,5.6,13.0,3.3,1.48,1.11,1.02,1.25,2.0,4.0,9.0,3.75,1.73,1.22,1.05,0,0,0,0,1,0,1,0,0,0,1,1661988600,4,0,60,26,26,0,15075,2,1,2,2,3,3,4,6,0,0,1,2,0,3,1,59,35,120,103,1.14,1.11,2.25,0,0,0,0,0,0,1,1,0,0,0,0,0,0,-1,-1,-1,-1,-1,-1,-1,-1,-1,15,26,60,78,93,34,71,86,49,11.0,2.65,5.15,2.86,/clubs/montreal-impact-1,teams/canada-montreal-impact.png,Montreal Impact,/clubs/new-york-red-bulls-4,teams/usa-new-york-red-bulls.png,New York RB,1.74,1.76,1.77,1.93,1.81,1.57,86,74,40,22,8,74,63,41,1.62,1.48,3.1,/usa/montreal-impact-vs-new-york-red-bulls-h2h-stats#1541393,6969,35,True,False,False,False,False,False,False,[],['43']
MLS,2022,6969,1541394,11,7,2022,complete,83993,0,-1,[],[],0,0,0,6,3,9,4,1,1,2,0,0,5,2,9,6,14,8,14,12,64,36,42,21032.0,10695,,,1,2,1.87,3.9,3.85,1.03,1.2,1.63,2.58,4.63,15.5,4.38,2.18,1.49,1.19,1.6,2.39,3.0,1.33,4.75,1.15,1.3,1.3,1.85,2.6,2.44,4.08,2.2,2.69,3.52,0,0,1.22,1.42,1.75,2.25,3.1,3.75,2.55,1.9,1.52,1.29,1.85,8.0,2.28,1.65,15.5,2.28,3.6,7.0,1.31,2.57,5.25,12.0,3.15,1.54,1.12,1.02,1.22,1.85,3.75,7.5,4.0,1.85,1.25,1.07,0,0,0,0,0,0,0,0,0,0,0,1661988600,-1,0,58,19,38,0,13325,2,1,3,0,3,3,3,6,1,1,0,1,2,1,1,76,28,154,107,1.8,0.86,2.66,0,1,0,0,0,1,1,1,0,0,0,0,0,0,-1,-1,-1,-1,-1,-1,-1,-1,-1,23,35,54,73,92,31,73,73,46,9.46,3.46,4.08,2.81,/clubs/new-england-revolution-11,teams/usa-new-england-revolution.png,New England Revolution,/clubs/chicago-fire-7,teams/usa-chicago-fire.png,Chicago Fire,1.59,0.94,1.54,0.85,1.26,1.11,77,66,46,27,8,54,35,27,1.66,1.62,3.28,/usa/chicago-fire-vs-new-england-revolution-h2h-stats#1541394,6969,34,False,False,False,False,False,False,False,[],[]
MLS,2022,6969,1541395,17,18,2022,complete,83993,0,-1,"['53', '68', '90+1']","['26', '52']",3,2,5,7,3,10,1,1,2,1,0,0,9,3,10,5,19,8,13,12,47,53,58,21031.0,25,,,2,1,2.17,3.55,3.25,1.05,1.26,1.93,2.99,5.6,12.5,3.77,1.97,1.38,1.14,1.71,2.18,3.0,1.33,3.8,1.22,1.36,1.36,1.64,3.02,2.28,3.71,2.47,2.56,3.18,0,0,1.25,1.47,1.85,2.4,3.4,3.5,2.4,1.95,1.46,1.26,1.75,8.0,2.44,1.79,12.5,2.13,3.9,5.8,1.39,2.93,5.95,13.0,3.11,1.43,1.1,1.02,1.22,2.06,4.4,9.0,4.1,1.73,1.2,1.05,0,0,0,0,5,0,1,3,1,4,1,1661995320,17,0,52,18,26,0,-1,2,1,4,2,5,1,6,6,0,1,2,0,1,2,1,46,27,97,71,2.16,0.92,3.08,2,0,1,0,1,0,1,1,0,0,0,0,0,0,-1,-1,-1,-1,-1,-1,-1,-1,-1,15,19,56,71,100,30,78,82,49,8.91,2.5,4.01,2.86,/clubs/orlando-city-sc-17,teams/usa-orlando-city-sc.png,Orlando City,/clubs/seattle-sounders-fc-18,teams/usa-seattle-sounders-fc.png,Seattle Sounders,1.59,0.65,1.38,0.79,1.44,1.22,86,82,44,30,0,55,40,29,1.54,1.23,2.77,/usa/orlando-city-sc-vs-seattle-sounders-fc-h2h-stats#1541395,6969,34,True,True,True,True,True,False,True,"['53', '68', '90+1']","['26', '52']"
MLS,2022,6969,1541396,16,1016,2022,complete,83993,0,-1,"['18', '45+3', '67', '90+5']",['24'],4,1,5,4,6,10,2,0,4,2,0,0,10,3,12,12,22,15,12,16,44,56,19912,12.0,40852,,,4,2,1.67,4.45,4.4,1.02,1.18,1.55,2.35,4.2,17.0,5.0,2.4,1.55,1.22,1.6,2.2,2.7,1.41,6.0,1.11,1.19,1.23,2.2,2.15,2.35,4.5,1.9,2.85,4.2,0,0,1.18,1.33,1.65,2.05,2.7,4.6,2.9,2.13,1.65,1.37,1.64,8.5,2.76,1.49,19.0,2.59,3.0,9.5,1.28,2.25,5.25,13.0,3.3,1.55,1.14,1.03,1.15,1.72,3.2,7.0,4.8,1.98,1.3,1.08,0,0,0,0,5,2,1,2,0,2,3,1661986800,16,0,56,19,34,0,-1,2,1,4,6,0,0,10,0,1,0,3,2,1,5,1,51,48,96,91,2.45,1.5,3.95,0,0,0,0,0,0,1,1,0,0,0,0,0,0,-1,-1,-1,-1,-1,-1,-1,-1,-1,15,30,56,82,93,33,78,78,48,10.86,3.2,3.94,2.88,/clubs/philadelphia-union-16,teams/usa-philadelphia-union.png,Philadelphia Union,/clubs/atlanta-united-fc-1016,teams/usa-atlanta-united-fc.png,Atlanta United FC,2.47,0.65,2.29,0.62,1.93,1.22,86,70,44,19,8,82,67,60,1.78,1.62,3.4,/usa/philadelphia-union-vs-atlanta-united-fc-h2h-stats#1541396,6969,34,True,True,True,True,True,False,True,"['18', '45+3', '67', '90+5']",['24']
MLS,2022,6969,1541397,19,10,2022,complete,83993,0,-1,"['62', '81']","['24', '89']",2,2,4,4,4,8,2,3,1,2,0,0,3,4,11,9,14,13,7,13,42,58,15,211.0,2,,,1,2,1.91,4.05,3.55,1.02,1.16,1.57,2.23,3.9,19.25,5.1,2.25,1.6,1.24,1.51,2.62,3.6,1.25,4.75,1.15,1.38,1.29,1.73,2.71,2.53,3.64,2.33,2.78,3.12,0,0,1.23,1.44,1.78,2.35,3.25,3.6,2.5,1.85,1.49,1.28,1.91,8.0,2.2,1.73,19.25,2.09,4.33,6.0,1.27,2.36,4.68,10.0,3.43,1.63,1.15,1.04,1.17,1.73,3.4,6.5,4.5,2.0,1.3,1.1,0,0,0,0,4,0,1,2,1,3,1,1661988600,-1,0,65,19,43,0,-1,2,1,1,0,3,4,1,7,0,1,1,1,1,2,1,32,49,78,101,1.33,1.46,2.78,1,0,1,0,0,0,1,1,0,0,1,0,0,0,-1,-1,-1,-1,-1,-1,-1,-1,-1,20,38,64,76,96,42,80,81,43,10.93,3.68,4.85,2.97,/clubs/toronto-fc-19,teams/canada-toronto-fc.png,Toronto,/clubs/la-galaxy-10,teams/usa-la-galaxy.png,LA Galaxy,1.41,1.22,1.64,1.17,1.18,1.42,81,62,36,25,4,72,61,38,1.53,1.44,2.97,/usa/la-galaxy-vs-toronto-fc-h2h-stats#1541397,6969,34,True,True,True,True,False,False,True,"['62', '81']","['24', '89']"
MLS,2022,6969,1541398,6,6490,2022,complete,83993,0,-1,"['12', '75']",['19'],2,1,3,3,10,13,1,1,2,2,1,0,2,7,8,12,10,19,8,10,45,55,3135,10669.0,39588,,,3,2,3.65,3.9,1.93,1.02,1.18,1.58,2.38,4.33,17.0,4.75,2.28,1.57,1.2,1.53,2.35,4.5,1.18,3.5,1.27,1.66,1.27,1.38,3.3,2.25,2.65,3.1,2.7,2.4,0,0,1.15,1.31,1.57,1.98,2.6,4.7,3.0,2.15,1.68,1.4,2.27,8.5,1.85,2.19,17.5,1.68,6.5,3.8,1.29,2.3,5.5,14.0,3.25,1.53,1.13,1.02,1.16,1.75,3.3,7.25,4.75,1.93,1.28,1.08,0,0,0,0,3,1,1,1,0,1,2,1661992200,6,0,62,27,27,0,21284,2,1,2,6,1,4,8,5,0,1,3,1,1,4,1,37,75,83,117,1.04,2.23,3.27,1,0,1,0,0,0,1,1,0,0,0,0,0,0,-1,-1,-1,-1,-1,-1,-1,-1,-1,19,23,54,85,93,38,77,81,47,9.46,3.39,6.3,2.85,/clubs/houston-dynamo-6,teams/usa-houston-dynamo.png,Houston Dynamo,/clubs/los-angeles-fc-6490,teams/usa-los-angeles-fc.png,Los Angeles FC,1.35,1.53,1.23,1.69,0.96,2.11,81,77,46,16,8,73,50,42,1.42,1.43,2.85,/usa/houston-dynamo-vs-los-angeles-fc-h2h-stats#1541398,6969,34,True,True,True,False,False,False,True,"['12', '75']",['19']
MLS,2022,6969,1541399,677447,12,2022,complete,83993,0,-1,"['29', '54', '61', '75']",['35'],4,1,5,1,5,6,1,1,3,2,0,0,9,1,7,11,16,12,12,13,42,58,14023,24795.0,11434,,,3,2,1.7,4.1,4.55,1.03,1.2,1.68,2.55,4.5,11.5,4.1,2.08,1.44,1.17,1.6,2.2,2.95,1.35,4.75,1.16,1.28,1.26,1.85,2.45,2.25,3.9,2.2,2.65,3.6,0,0,1.26,1.5,1.88,2.5,3.5,3.3,2.3,1.93,1.44,1.24,1.82,8.0,2.33,1.61,15.0,2.38,3.2,7.5,1.31,2.4,5.75,15.0,3.1,1.49,1.12,1.02,1.17,1.82,3.5,8.0,4.5,1.85,1.26,1.07,0,0,0,0,5,1,1,3,0,3,2,1661992200,677447,0,69,31,35,0,24127,2,1,0,5,1,0,5,1,1,1,2,1,2,3,1,64,51,107,95,2.1,1.2,3.3,1,0,1,0,0,0,1,1,0,0,0,2,0,0,-1,-1,-1,-1,-1,-1,-1,-1,-1,12,35,70,89,96,47,81,93,54,11.0,4.0,5.15,3.27,/clubs/nashville-sc-mls-677447,teams/usa-nashville-sc-mls.png,Nashville SC,/clubs/colorado-rapids-12,teams/usa-colorado-rapids.png,Colorado Rapids,1.41,0.47,1.31,0.46,1.39,1.19,89,66,31,12,4,46,31,27,1.7,1.29,2.99,/usa/colorado-rapids-vs-nashville-sc-mls-h2h-stats#1541399,6969,34,True,True,True,True,True,False,True,"['29', '54', '61', '75']",['35']
MLS,2022,6969,1541400,698284,20,2022,complete,83993,0,-1,['79'],"['16', '73']",1,2,3,15,4,19,2,2,3,2,0,0,5,4,20,7,25,11,7,11,71,29,11,2339.0,42128,,,3,2,1.77,4.3,4.0,1.02,1.16,1.57,2.28,4.0,17.0,5.0,2.26,1.58,1.22,1.54,2.53,3.1,1.32,5.0,1.15,1.25,1.25,2.09,2.35,2.6,4.38,2.07,2.89,3.96,0,0,1.19,1.38,1.68,2.15,2.9,4.0,2.7,2.0,1.58,1.33,1.37,9.5,3.68,1.57,19.75,2.38,3.5,8.5,1.26,2.32,4.9,10.0,3.7,1.65,1.16,1.04,1.15,1.75,3.3,7.0,5.0,2.05,1.3,1.08,0,0,0,0,3,0,1,1,1,2,1,1662000660,20,0,74,23,48,0,20738,2,1,8,2,7,2,10,9,2,1,1,1,3,2,1,79,21,118,66,2.49,1.13,3.62,0,0,0,0,0,0,1,1,0,0,2,0,0,0,-1,-1,-1,-1,-1,-1,-1,-1,-1,41,60,71,89,97,46,86,93,67,8.57,1.87,4.56,3.9,/clubs/austin-fc-698284,teams/usa-austin-fc.png,Austin,/clubs/portland-timbers-20,teams/usa-portland-timbers.png,Portland Timbers,1.79,0.94,1.92,0.86,1.89,1.29,59,41,30,11,4,37,30,22,1.68,1.22,2.9,/usa/portland-timbers-vs-austin-fc-h2h-stats#1541400,6969,34,True,True,True,False,False,False,True,['79'],"['16', '73']"
MLS,2022,6969,1541401,14,1015,2022,complete,83993,0,-1,"['6', '23', '79']",[],3,0,3,3,1,4,1,1,2,1,0,0,7,0,5,4,12,4,10,12,53,47,36,8.0,5,,,2,1,1.91,3.9,3.7,1.02,1.18,1.62,2.5,4.33,17.0,4.75,2.18,1.52,1.2,1.55,2.35,3.2,1.31,4.5,1.18,1.25,1.2,1.95,2.45,2.4,4.0,2.09,2.75,3.75,0,0,1.15,1.33,1.6,2.05,2.7,4.7,2.9,2.1,1.65,1.38,1.69,8.5,2.53,1.6,16.75,2.37,3.4,7.0,1.28,2.35,5.5,15.0,3.6,1.55,1.14,1.01,1.16,1.8,3.5,8.0,4.75,1.95,1.28,1.06,0,0,0,0,3,2,0,1,0,1,2,1661995800,14,0,62,19,31,0,20358,2,1,1,0,2,1,1,3,2,1,0,0,3,0,1,57,36,100,108,1.66,0.53,2.2,0,0,0,0,0,0,1,1,1,0,1,0,0,0,-1,-1,-1,-1,-1,-1,-1,-1,-1,12,27,62,77,96,23,62,89,62,10.39,3.08,5.0,2.81,/clubs/real-salt-lake-14,teams/usa-real-salt-lake.png,Real Salt Lake,/clubs/minnesota-united-fc-1015,teams/usa-minnesota-united-fc.png,Minnesota United,1.88,1.11,1.92,1.46,1.44,1.63,89,73,39,23,4,81,62,58,1.56,1.24,2.8,/usa/real-salt-lake-vs-minnesota-united-fc-h2h-stats#1541401,6969,35,True,True,True,False,False,False,False,"['6', '23', '79']",[]
MLS,2022,6969,1541402,1015,13,2022,complete,83993,0,-1,[],"['55', '56', '58']",0,3,3,8,2,10,1,1,2,2,1,0,2,5,13,6,15,11,14,8,43,57,31,5.0,21189,,,3,2,1.93,4.05,3.55,1.02,1.2,1.57,2.75,4.75,17.0,4.33,2.28,1.45,1.17,1.61,2.2,2.9,1.37,5.0,1.16,1.26,1.26,1.9,2.37,2.25,4.0,2.15,2.65,3.7,0,0,1.2,1.38,1.67,2.12,2.85,4.25,2.9,2.12,1.67,1.38,1.46,8.0,3.3,1.64,16.0,2.3,3.4,7.5,1.31,2.37,5.75,15.0,3.2,1.5,1.12,1.02,1.18,1.83,3.5,8.0,4.5,1.85,1.25,1.07,0,0,0,0,3,0,0,0,3,3,0,1662233400,13,0,61,18,25,0,-1,2,1,2,2,7,0,4,7,1,2,2,0,3,2,1,65,27,105,100,1.56,1.25,2.81,0,0,0,0,0,0,1,1,0,0,1,0,0,1,-1,-1,-1,-1,-1,-1,-1,-1,-1,7,36,54,72,93,29,75,75,47,9.0,3.71,4.93,2.72,/clubs/minnesota-united-fc-1015,teams/usa-minnesota-united-fc.png,Minnesota United,/clubs/fc-dallas-13,teams/usa-fc-dallas.png,FC Dallas,1.71,1.06,1.79,1.07,1.57,1.48,93,65,47,29,7,68,47,29,1.68,1.04,2.72,/usa/fc-dallas-vs-minnesota-united-fc-h2h-stats#1541402,6969,35,True,True,True,False,False,False,False,[],"['55', '56', '58']"
MLS,2022,6969,1541403,4,16,2022,complete,83993,0,-1,[],"['48', '74']",0,2,2,3,0,3,2,1,1,4,1,0,2,3,6,2,8,5,12,17,55,45,13841,11574.0,12,,,2,4,2.65,3.53,2.44,1.04,1.24,1.64,2.82,5.15,14.0,3.98,2.13,1.42,1.15,1.64,2.2,3.3,1.29,3.8,1.22,1.44,1.29,1.56,2.96,2.22,3.42,2.7,2.57,3.12,0,0,1.22,1.42,1.74,2.23,3.0,4.0,2.75,2.02,1.61,1.35,1.71,7.5,2.55,1.85,14.0,2.01,4.5,5.0,1.35,2.64,6.45,13.0,3.1,1.46,1.1,1.02,1.21,2.01,4.1,8.0,4.2,1.77,1.22,1.06,0,0,0,0,2,0,0,0,2,2,0,1662246000,16,0,57,18,40,0,-1,2,1,1,0,2,0,1,2,0,3,2,1,3,3,1,35,37,102,124,0.91,0.82,1.73,0,0,0,0,0,0,1,1,0,0,0,0,0,1,-1,-1,-1,-1,-1,-1,-1,-1,-1,14,25,43,71,93,25,57,75,54,10.57,3.14,4.5,2.68,/clubs/new-york-red-bulls-4,teams/usa-new-york-red-bulls.png,New York RB,/clubs/philadelphia-union-16,teams/usa-philadelphia-union.png,Philadelphia Union,1.28,1.5,1.21,1.57,1.62,1.97,86,75,57,29,7,61,43,36,1.7,1.3,3.0,/usa/new-york-red-bulls-vs-philadelphia-union-h2h-stats#1541403,6969,35,True,True,False,False,False,False,False,[],"['48', '74']"
MLS,2022,6969,1541404,8043,711351,2022,complete,83993,0,-1,"['38', '81']",[],2,0,2,7,10,17,1,0,2,3,0,0,4,2,8,12,12,14,14,19,36,64,13942,40182.0,44668,,,2,3,1.91,3.67,3.67,1.03,1.21,1.68,2.64,4.73,15.5,4.27,2.07,1.47,1.18,1.62,2.23,2.8,1.38,5.0,1.13,1.22,1.24,2.04,2.32,2.36,4.44,2.1,2.76,4.14,0,0,1.25,1.47,1.85,2.38,3.25,3.7,2.55,1.95,1.54,1.3,1.38,8.0,3.7,1.58,15.5,2.43,3.1,7.5,1.31,2.41,5.65,12.0,3.32,1.54,1.13,1.03,1.18,1.87,3.7,7.5,4.7,1.89,1.26,1.07,0,0,0,0,2,1,0,1,0,1,1,1662247800,8043,0,72,32,29,0,21165,2,1,5,3,2,7,8,9,1,0,1,3,1,4,1,28,48,78,115,1.24,1.38,2.62,0,0,0,0,0,0,1,1,0,0,1,1,0,0,-1,-1,-1,-1,-1,-1,-1,-1,-1,18,43,72,90,97,47,79,90,47,9.28,2.29,4.64,3.36,/clubs/fc-cincinnati-8043,teams/usa-fc-cincinnati.png,FC Cincinnati,/clubs/charlotte-fc-711351,teams/usa-charlotte-fc.png,Charlotte,1.41,0.65,1.29,0.57,1.3,1.14,83,57,29,11,4,68,61,47,1.75,1.21,2.96,/usa/fc-cincinnati-vs-charlotte-fc-h2h-stats#1541404,6969,34,True,True,False,False,False,False,False,"['38', '81']",[]
MLS,2022,6969,1541405,9,7,2022,complete,83993,0,-1,[],[],0,0,0,10,0,10,0,0,1,2,0,0,8,0,17,6,25,6,11,13,62,38,13967,13.0,10695,,,1,2,1.68,3.92,4.52,1.03,1.22,1.63,2.75,5.0,13.0,4.2,2.14,1.44,1.16,1.62,2.15,2.85,1.38,4.8,1.16,1.26,1.26,1.9,2.37,2.25,4.0,2.15,2.65,3.7,0,0,1.28,1.5,1.93,2.5,3.45,3.5,2.45,1.88,1.49,1.28,1.48,7.5,3.25,1.62,15.25,2.36,3.4,7.5,1.31,2.4,5.75,15.0,3.1,1.49,1.12,1.02,1.18,1.85,3.6,8.25,4.4,1.83,1.25,1.06,0,0,0,0,0,0,0,0,0,0,0,1662240600,-1,0,43,14,25,0,-1,2,1,2,0,8,0,2,8,0,0,1,2,0,3,1,71,35,127,70,2.65,0.64,3.28,0,0,0,0,0,0,1,1,0,0,0,0,0,0,-1,-1,-1,-1,-1,-1,-1,-1,-1,22,32,50,71,86,29,68,75,43,9.28,3.78,4.29,2.65,/clubs/columbus-crew-9,teams/usa-columbus-crew.png,Columbus Crew,/clubs/chicago-fire-7,teams/usa-chicago-fire.png,Chicago Fire,1.59,0.94,1.57,0.86,1.44,1.11,79,68,50,29,14,68,43,29,1.73,1.57,3.3,/usa/chicago-fire-vs-columbus-crew-h2h-stats#1541405,6969,34,False,False,False,False,False,False,False,[],[]
MLS,2022,6969,1541406,13401,12,2022,complete,83993,0,-1,[],[],0,0,0,7,6,13,0,3,1,3,0,0,3,4,13,12,16,16,12,11,51,49,45098,38056.0,11434,,,1,3,2.1,3.3,2.9,1.04,1.2,1.67,2.5,4.33,10.0,4.0,2.1,1.48,1.18,1.55,2.38,3.6,1.25,3.8,1.22,1.47,1.28,1.53,2.95,2.3,3.2,2.7,2.67,2.92,0,0,1.28,1.55,1.98,2.59,3.48,3.2,2.32,1.79,1.45,1.24,1.88,7.0,2.28,1.91,13.0,2.0,4.6,5.0,1.31,2.44,5.7,12.0,3.32,1.53,1.13,1.03,1.18,1.88,3.7,7.5,4.64,1.88,1.26,1.07,0,0,0,0,0,0,0,0,0,0,0,1662334200,-1,0,61,29,21,0,-1,2,1,3,4,4,2,7,6,0,0,1,3,0,4,1,68,48,84,82,1.7,1.63,3.34,1,0,0,0,1,0,1,1,0,0,2,0,0,0,-1,-1,-1,-1,-1,-1,-1,-1,-1,21,43,72,90,97,64,83,90,50,10.71,3.07,5.58,3.43,/clubs/dc-united-13401,teams/usa-dc-united.png,DC United,/clubs/colorado-rapids-12,teams/usa-colorado-rapids.png,Colorado Rapids,0.94,0.47,1.07,0.43,0.89,1.14,79,57,29,11,4,50,40,25,1.32,1.29,2.61,/usa/colorado-rapids-vs-dc-united-h2h-stats#1541406,6969,34,False,False,False,False,False,False,False,[],[]
MLS,2022,6969,1541407,677447,698284,2022,complete,83993,0,-1,"['49', '82', '90+1']",[],3,0,3,8,6,14,3,0,1,4,0,1,7,5,9,5,16,10,12,21,41,59,20,24795.0,2339,,,1,5,2.26,3.62,2.86,1.03,1.21,1.63,2.55,4.5,12.0,4.0,2.14,1.44,1.17,1.62,2.15,2.95,1.35,4.75,1.17,1.29,1.26,1.85,2.45,2.25,3.8,2.2,2.65,3.5,0,0,1.24,1.44,1.8,2.3,3.1,3.85,2.65,2.0,1.57,1.33,1.47,7.5,3.25,1.64,16.25,2.29,4.33,5.5,1.31,2.4,5.75,15.5,3.2,1.49,1.12,1.02,1.18,1.83,3.6,8.25,4.4,1.85,1.25,1.06,0,0,0,0,3,0,0,3,0,3,0,1662254940,677447,0,68,25,32,0,-1,2,1,3,3,5,3,6,8,0,1,1,4,1,5,1,36,47,82,90,1.76,1.33,3.08,0,0,0,0,0,0,1,1,0,0,1,1,0,0,-1,-1,-1,-1,-1,-1,-1,-1,-1,18,33,64,83,97,36,75,93,47,8.86,4.79,4.65,3.0,/clubs/nashville-sc-mls-677447,teams/usa-nashville-sc-mls.png,Nashville SC,/clubs/austin-fc-698284,teams/usa-austin-fc.png,Austin,1.41,1.44,1.43,1.86,1.45,1.82,83,68,36,18,4,57,32,29,1.73,1.25,2.98,/usa/nashville-sc-mls-vs-austin-fc-h2h-stats#1541407,6969,35,True,True,True,False,False,False,False,"['49', '82', '90+1']",[]
MLS,2022,6969,1541408,20,1016,2022,complete,83993,0,-1,"['38', '82']",['88'],2,1,3,6,6,12,2,2,1,0,0,0,3,1,11,8,14,9,10,12,39,61,13889,42128.0,40852,,,1,0,2.0,3.4,3.1,1.02,1.18,1.57,2.2,4.33,17.0,4.75,2.25,1.65,1.2,1.53,2.35,3.4,1.29,4.75,1.17,1.34,1.27,1.73,2.55,2.25,3.5,2.3,2.7,3.2,0,0,1.18,1.32,1.61,2.03,2.66,4.5,2.98,2.2,1.75,1.43,1.86,7.5,2.28,1.71,18.0,2.14,3.7,6.5,1.3,2.3,5.5,14.0,3.25,1.53,1.13,1.02,1.16,1.75,3.3,7.25,4.75,1.95,1.29,1.08,0,0,0,0,3,1,0,1,1,2,1,1662327000,20,0,68,22,36,0,-1,2,1,4,1,2,5,5,7,0,0,1,0,0,1,1,49,66,86,103,1.45,1.12,2.57,2,0,2,0,0,0,1,1,0,0,1,0,0,0,-1,-1,-1,-1,-1,-1,-1,-1,-1,7,29,61,83,93,29,75,86,50,10.5,2.5,5.35,2.86,/clubs/portland-timbers-20,teams/usa-portland-timbers.png,Portland Timbers,/clubs/atlanta-united-fc-1016,teams/usa-atlanta-united-fc.png,Atlanta United FC,1.76,0.65,1.71,0.57,1.34,1.18,93,72,40,18,7,83,64,57,1.51,1.61,3.12,/usa/portland-timbers-vs-atlanta-united-fc-h2h-stats#1541408,6969,34,True,True,True,False,False,False,True,"['38', '82']",['88']
MLS,2022,6969,1541409,19,1,2022,complete,83993,0,-1,"['5', '7', '90+3']","['19', '21', '43', '54']",3,4,7,3,4,7,2,0,3,3,0,0,5,5,7,3,12,8,18,17,43,57,3,211.0,39282,,,3,3,2.25,3.3,2.7,1.04,1.22,1.6,2.62,4.5,10.0,4.0,2.2,1.44,1.17,1.55,2.38,3.4,1.29,4.0,1.2,1.4,1.27,1.63,2.79,2.31,3.46,2.57,2.69,3.14,0,0,1.23,1.46,1.84,2.35,3.14,3.56,2.56,1.92,1.54,1.29,1.65,7.0,2.7,1.79,15.75,2.05,4.2,5.8,1.3,2.41,5.65,12.0,3.4,1.54,1.13,1.03,1.18,1.86,3.62,7.5,4.7,1.9,1.27,1.07,0,0,0,0,7,2,3,1,1,2,5,1662334200,1,0,76,28,34,0,-1,2,1,3,1,0,3,4,3,2,1,1,2,3,3,1,38,37,101,112,1.39,1.14,2.53,1,0,1,0,0,0,1,1,2,0,0,0,0,0,-1,-1,-1,-1,-1,-1,-1,-1,-1,21,42,79,97,100,52,93,90,52,10.87,3.26,4.73,3.49,/clubs/toronto-fc-19,teams/canada-toronto-fc.png,Toronto,/clubs/montreal-impact-1,teams/canada-montreal-impact.png,Montreal Impact,1.41,2.06,1.6,1.86,1.17,1.75,79,59,21,4,0,80,62,42,1.52,1.41,2.93,/usa/montreal-impact-vs-toronto-fc-h2h-stats#1541409,6969,34,True,True,True,True,True,True,True,"['5', '7', '90+3']","['19', '21', '43', '54']"
MLS,2022,6969,1541410,11,2,2022,complete,83993,0,-1,"['12', '33', '66']",[],3,0,3,6,5,11,1,3,1,0,0,0,5,8,3,10,8,18,9,7,36,64,5016,21032.0,27505,,,1,0,2.25,3.3,2.7,1.02,1.2,1.6,2.65,4.75,17.0,4.5,2.2,1.47,1.18,1.57,2.25,3.5,1.26,4.1,1.21,1.43,1.27,1.6,2.8,2.25,3.2,2.55,2.65,2.9,0,0,1.18,1.37,1.69,2.11,2.75,4.14,2.89,2.12,1.67,1.37,1.64,7.5,2.7,1.83,16.25,1.99,4.2,5.5,1.3,2.37,5.5,14.5,3.25,1.51,1.12,1.02,1.17,1.82,3.5,8.0,4.5,1.87,1.26,1.07,0,0,0,0,3,2,0,1,0,1,2,1662336000,11,0,50,18,33,0,-1,2,1,5,2,1,3,7,4,1,0,0,0,1,0,1,27,60,74,128,1.06,2.13,3.19,0,0,0,0,0,0,1,1,0,0,1,0,0,0,-1,-1,-1,-1,-1,-1,-1,-1,-1,14,21,43,61,86,29,71,64,40,9.86,2.5,4.0,2.36,/clubs/new-england-revolution-11,teams/usa-new-england-revolution.png,New England Revolution,/clubs/new-york-city-fc-2,teams/usa-new-york-city-fc.png,New York City,1.59,1.26,1.5,1.29,1.25,1.61,86,79,57,40,14,61,50,29,1.67,1.35,3.02,/usa/new-york-city-fc-vs-new-england-revolution-h2h-stats#1541410,6969,34,True,True,True,False,False,False,False,"['12', '33', '66']",[]
MLS,2022,6969,1541411,677446,17,2022,complete,83993,0,-1,"['1', '38', '52', '56']",['71'],4,1,5,1,8,9,1,1,0,2,0,0,4,1,2,7,6,8,10,12,40,60,13864,28121.0,21031,,,0,2,1.8,4.0,3.75,1.02,1.18,1.88,2.4,4.33,19.0,4.75,2.02,1.52,1.2,1.53,2.38,3.2,1.3,4.33,1.18,1.28,1.2,1.95,2.38,2.4,4.0,2.1,2.8,3.6,0,0,1.23,1.5,1.8,2.25,3.3,3.56,2.4,1.91,1.57,1.29,1.91,8.0,2.2,1.53,15.0,2.5,3.5,7.5,1.29,2.25,5.5,15.0,3.5,1.57,1.14,1.03,1.16,1.79,3.4,7.0,5.0,1.98,1.3,1.08,0,0,0,0,5,2,0,2,1,3,2,1665014400,677446,0,72,27,36,0,15228,2,1,1,2,0,6,3,6,0,0,0,2,0,2,1,17,73,70,115,0.79,1.11,1.9,1,0,1,0,0,0,1,1,1,0,0,0,0,0,-1,-1,-1,-1,-1,-1,-1,-1,-1,20,30,59,81,94,36,72,81,49,8.54,3.51,5.28,2.96,/clubs/club-internacional-de-futbol-miami-677446,teams/usa-club-internacional-de-futbol-miami.png,Inter Miami,/clubs/orlando-city-sc-17,teams/usa-orlando-city-sc.png,Orlando City,1.94,1.17,2.0,1.31,1.41,1.41,81,71,42,19,7,68,56,49,1.51,1.05,2.56,/usa/orlando-city-sc-vs-club-internacional-de-futbol-miami-h2h-stats#1541411,6969,35,True,True,True,True,True,False,True,"['1', '38', '52', '56']",['71']
MLS,2022,6969,1541412,18,6,2022,complete,83993,0,-1,"['59', '76']",['26'],2,1,3,10,5,15,1,0,2,1,0,0,4,3,15,0,19,3,6,15,63,37,44,25.0,10669,,,2,1,1.61,3.7,4.4,1.02,1.2,1.6,2.3,4.75,15.0,4.33,2.2,1.55,1.18,1.62,2.15,2.75,1.41,5.25,1.14,1.21,1.25,2.05,2.25,2.25,4.33,2.0,2.7,4.0,0,0,1.18,1.32,1.61,2.03,2.66,4.5,2.98,2.2,1.75,1.43,1.37,8.5,3.75,1.57,12.0,2.63,3.4,7.5,1.3,2.3,5.5,14.0,3.2,1.46,1.13,1.02,1.18,1.82,3.5,8.0,4.4,1.85,1.26,1.07,0,0,0,0,3,0,1,2,0,2,1,1662339600,18,0,59,15,26,0,-1,2,1,6,4,4,1,10,5,0,0,2,1,0,3,1,72,34,138,73,2.0,0.66,2.66,1,0,0,0,1,0,1,1,0,0,1,0,0,0,-1,-1,-1,-1,-1,-1,-1,-1,-1,8,22,74,85,100,30,78,89,71,9.02,3.21,5.06,2.92,/clubs/seattle-sounders-fc-18,teams/usa-seattle-sounders-fc.png,Seattle Sounders,/clubs/houston-dynamo-6,teams/usa-houston-dynamo.png,Houston Dynamo,1.76,0.76,1.69,0.71,1.18,1.04,93,78,26,15,0,67,51,37,1.61,1.23,2.84,/usa/houston-dynamo-vs-seattle-sounders-fc-h2h-stats#1541412,6969,34,True,True,True,False,False,False,True,"['59', '76']",['26']
MLS,2022,6969,1541413,15,5,2022,complete,83993,0,-1,"['4', '34']",[],2,0,2,3,9,12,0,1,2,3,0,0,4,6,5,9,9,15,9,11,48,52,13812,23354.0,41087,,,2,3,1.85,3.4,3.5,1.02,1.18,1.61,2.5,4.33,15.0,4.75,2.15,1.53,1.2,1.57,2.25,3.0,1.34,4.8,1.16,1.28,1.28,1.82,2.5,2.2,3.9,2.2,2.65,3.5,0,0,1.18,1.37,1.69,2.11,2.75,4.1,2.89,2.12,1.67,1.37,1.46,8.0,3.3,1.65,16.25,2.27,3.5,7.0,1.32,2.4,5.75,14.5,3.1,1.5,1.12,1.02,1.17,1.78,3.4,7.5,4.6,1.9,1.27,1.07,0,0,0,0,2,2,0,0,0,0,2,1662341400,15,0,75,34,49,0,-1,2,1,1,5,2,4,6,6,1,2,1,1,3,2,1,37,77,101,109,1.13,1.92,3.05,0,0,0,0,0,0,1,1,1,0,0,1,0,0,-1,-1,-1,-1,-1,-1,-1,-1,-1,15,45,71,89,100,48,85,89,57,11.57,2.79,4.37,3.38,/clubs/san-jose-earthquakes-15,teams/usa-san-jose-earthquakes.png,SJ Earthquakes,/clubs/vancouver-whitecaps-fc-5,teams/canada-vancouver-whitecaps-fc.png,Vancouver Whitecaps,1.59,0.59,1.54,0.71,1.0,1.21,85,55,30,11,0,71,49,37,1.74,1.11,2.85,/usa/vancouver-whitecaps-fc-vs-san-jose-earthquakes-h2h-stats#1541413,6969,34,True,True,False,False,False,False,False,"['4', '34']",[]
MLS,2022,6969,1541414,10,8,2022,complete,83993,0,-1,"['4', '88']","['67', '76']",2,2,4,2,1,3,6,1,1,1,0,0,5,6,6,12,11,18,11,15,60,40,13851,2.0,18,,,1,1,1.67,3.6,4.2,1.02,1.18,1.57,2.4,4.2,17.0,4.75,2.3,1.52,1.22,1.58,2.2,2.8,1.38,5.5,1.13,1.22,1.24,2.05,2.2,2.35,4.2,2.0,2.75,4.0,0,0,1.25,1.49,1.88,2.42,3.28,3.42,2.47,1.88,1.51,1.27,1.34,8.0,4.0,1.55,18.5,2.45,3.1,8.5,1.28,2.25,5.0,13.0,3.4,1.57,1.14,1.03,1.16,1.77,3.4,7.5,4.6,1.9,1.28,1.07,0,0,0,0,4,1,0,1,2,3,1,1662336000,-1,0,61,14,25,0,-1,2,1,1,1,1,0,2,1,0,0,1,1,0,2,1,33,37,91,95,1.29,1.82,3.11,2,1,1,1,1,0,1,1,1,0,0,0,0,0,-1,-1,-1,-1,-1,-1,-1,-1,-1,25,43,64,83,97,40,79,93,54,10.35,1.78,4.43,3.43,/clubs/la-galaxy-10,teams/usa-la-galaxy.png,LA Galaxy,/clubs/sporting-kansas-city-8,teams/usa-sporting-kansas-city.png,Sporting KC,1.72,0.65,1.64,0.64,1.41,1.04,75,57,36,18,4,54,43,43,1.7,1.09,2.79,/usa/sporting-kansas-city-vs-la-galaxy-h2h-stats#1541414,6969,34,True,True,True,True,False,False,True,"['4', '88']","['67', '76']"
MLS,2022,6969,1541415,6490,14,2022,complete,83993,0,-1,"['49', '68']",[],2,0,2,9,6,15,1,1,3,1,0,0,6,4,12,4,18,8,14,10,55,45,19912,39588.0,8,,,3,1,1.4,4.25,6.0,1.02,1.16,1.53,2.25,4.0,19.0,5.0,2.45,1.57,1.22,1.7,2.05,2.37,1.52,6.75,1.09,1.13,1.19,2.6,1.93,2.45,5.25,1.73,2.95,5.25,0,0,1.18,1.32,1.61,2.03,2.66,4.5,2.98,2.2,1.75,1.43,1.2,10.0,5.5,1.38,21.0,2.96,2.62,11.0,1.27,2.25,5.0,13.0,3.4,1.57,1.14,1.03,1.15,1.73,3.25,7.25,4.8,1.95,1.29,1.08,0,0,0,0,2,0,0,2,0,2,0,1662345000,6490,0,64,25,29,0,-1,2,1,6,2,3,4,8,7,0,0,3,1,0,4,1,67,35,100,76,2.04,1.04,3.08,1,0,0,0,1,0,1,1,0,0,2,0,0,0,-1,-1,-1,-1,-1,-1,-1,-1,-1,21,40,64,86,93,36,71,86,57,12.29,3.14,4.29,3.08,/clubs/los-angeles-fc-6490,teams/usa-los-angeles-fc.png,Los Angeles FC,/clubs/real-salt-lake-14,teams/usa-real-salt-lake.png,Real Salt Lake,2.4,0.89,2.5,1.0,2.04,1.5,79,61,36,14,7,79,68,54,2.06,1.21,3.27,/usa/real-salt-lake-vs-los-angeles-fc-h2h-stats#1541415,6969,35,True,True,False,False,False,False,False,"['49', '68']",[]
MLS,2022,6969,1541416,2,8043,2022,complete,83993,0,-1,['41'],['22'],1,1,2,10,2,12,1,3,3,1,1,0,7,2,15,3,22,5,9,12,65,35,15,27505.0,40182,,,5,1,1.71,4.18,4.42,1.02,1.18,1.56,2.35,4.33,19.0,4.75,2.33,1.54,1.2,1.6,2.25,2.65,1.42,6.0,1.12,1.17,1.22,2.27,2.15,2.43,4.9,1.9,2.8,4.33,0,0,1.21,1.44,1.73,2.1,2.63,3.74,2.6,2.0,1.65,1.43,1.64,8.5,2.66,1.49,18.0,2.61,2.9,9.0,1.29,2.34,5.35,11.0,3.5,1.57,1.14,1.03,1.16,1.8,3.5,7.5,5.0,1.95,1.28,1.07,0,0,0,0,2,1,1,0,0,0,2,1662595200,-1,0,56,38,37,0,14248,2,1,7,0,3,2,7,5,1,0,3,1,1,4,1,58,22,134,85,2.3,0.63,2.93,0,0,0,0,0,0,1,1,0,0,1,0,0,0,-1,-1,-1,-1,-1,-1,-1,-1,-1,26,37,56,86,93,52,82,78,52,10.47,3.69,4.75,3.37,/clubs/new-york-city-fc-2,teams/usa-new-york-city-fc.png,New York City,/clubs/fc-cincinnati-8043,teams/usa-fc-cincinnati.png,FC Cincinnati,2.06,1.47,1.93,1.31,1.55,1.36,74,63,45,15,8,63,56,53,1.95,1.24,3.19,/usa/new-york-city-fc-vs-fc-cincinnati-h2h-stats#1541416,6969,36,True,True,False,False,False,False,True,['41'],['22']
MLS,2022,6969,1541417,4,11,2022,complete,83993,0,-1,"['58', '78']",['53'],2,1,3,8,2,10,2,0,1,1,0,0,7,1,9,4,16,5,14,7,57,43,58,11574.0,21032,,,1,1,1.83,3.48,3.39,1.04,1.24,1.75,2.75,5.0,10.0,3.7,2.14,1.39,1.15,1.7,2.05,2.75,1.4,4.5,1.18,1.26,1.29,1.85,2.5,2.25,4.33,2.2,2.55,3.75,0,0,1.2,1.41,1.75,2.2,2.93,3.84,2.73,2.03,1.61,1.33,1.47,7.5,3.25,1.57,10.25,2.5,3.4,7.0,1.36,2.63,7.0,19.0,3.0,1.44,1.1,1.02,1.2,1.9,3.8,8.75,4.1,1.77,1.22,1.06,0,0,0,0,3,0,0,2,1,3,0,1662847200,4,0,66,35,52,0,16301,2,1,5,0,3,2,5,5,0,0,1,1,0,2,1,69,21,128,92,2.0,0.55,2.56,1,0,1,0,0,0,1,1,0,0,0,0,0,0,-1,-1,-1,-1,-1,-1,-1,-1,-1,25,46,63,80,90,39,63,83,70,9.76,3.1,4.33,3.22,/clubs/new-york-red-bulls-4,teams/usa-new-york-red-bulls.png,New York RB,/clubs/new-england-revolution-11,teams/usa-new-england-revolution.png,New England Revolution,1.28,0.88,1.13,1.0,1.57,1.31,76,55,37,21,11,49,39,32,1.64,1.42,3.06,/usa/new-york-red-bulls-vs-new-england-revolution-h2h-stats#1541417,6969,34,True,True,True,False,False,False,True,"['58', '78']",['53']
MLS,2022,6969,1541418,1,9,2022,complete,83993,0,-1,"['89', '90+4']","['66', '68']",2,2,4,5,5,10,2,1,2,0,0,1,8,5,13,4,21,9,9,9,56,44,19912,39282.0,13,,,2,2,1.56,3.72,4.53,1.05,1.25,1.95,2.85,5.25,9.75,3.6,1.83,1.37,1.14,1.7,2.05,2.65,1.43,4.5,1.18,1.24,1.28,1.88,2.45,2.15,4.2,2.15,2.55,3.8,0,0,1.26,1.51,1.93,2.47,3.34,3.34,2.42,1.88,1.49,1.26,1.43,7.5,3.45,1.61,13.25,2.43,3.0,7.5,1.36,2.6,6.5,17.5,2.87,1.43,1.1,1.01,1.2,1.95,3.9,9.25,4.1,1.75,1.22,1.05,0,0,0,0,4,0,0,2,2,4,0,1662766200,-1,0,67,22,34,0,-1,2,1,3,5,2,0,8,2,1,0,1,1,1,2,1,73,25,109,85,2.41,1.11,3.51,0,0,0,0,0,0,1,1,0,0,1,1,0,0,-1,-1,-1,-1,-1,-1,-1,-1,-1,15,34,63,74,89,37,74,78,48,10.39,3.06,3.99,2.85,/clubs/montreal-impact-1,teams/canada-montreal-impact.png,Montreal Impact,/clubs/columbus-crew-9,teams/usa-columbus-crew.png,Columbus Crew,1.74,1.12,1.64,1.31,1.79,1.43,86,67,38,26,11,63,55,37,1.59,1.25,2.84,/usa/montreal-impact-vs-columbus-crew-h2h-stats#1541418,6969,34,True,True,True,True,False,False,True,"['89', '90+4']","['66', '68']"
MLS,2022,6969,1541419,677447,10,2022,complete,83993,0,-1,['28'],['90+9'],1,1,2,3,5,8,2,1,4,5,1,0,2,7,9,14,11,21,16,12,32,68,11,24795.0,2,,,5,5,1.73,3.57,3.66,1.03,1.19,1.54,2.4,4.1,12.0,4.33,2.35,1.5,1.2,1.57,2.25,2.95,1.35,5.25,1.14,1.25,1.26,1.93,2.37,2.25,4.1,2.1,2.7,3.7,0,0,1.2,1.41,1.75,2.2,2.93,3.84,2.73,2.03,1.61,1.33,1.42,8.0,3.5,1.62,15.5,2.47,3.3,7.5,1.31,2.3,5.5,14.0,3.2,1.53,1.13,1.02,1.16,1.75,3.3,7.25,4.75,1.93,1.28,1.08,0,0,0,0,2,1,0,0,1,1,1,1662838200,-1,0,61,18,43,0,28753,2,1,3,1,0,4,4,4,3,4,2,1,7,3,1,26,71,68,129,1.02,2.33,3.35,1,2,1,1,0,1,1,1,0,0,1,0,0,0,-1,-1,-1,-1,-1,-1,-1,-1,-1,18,36,57,75,93,32,71,82,53,10.52,4.71,4.65,2.88,/clubs/nashville-sc-mls-677447,teams/usa-nashville-sc-mls.png,Nashville SC,/clubs/la-galaxy-10,teams/usa-la-galaxy.png,LA Galaxy,1.41,1.22,1.53,1.15,1.5,1.39,82,65,44,26,8,51,41,22,1.73,1.44,3.17,/usa/la-galaxy-vs-nashville-sc-mls-h2h-stats#1541419,6969,35,True,True,False,False,False,False,True,['28'],['90+9']
MLS,2022,6969,1541420,711351,2,2022,complete,83993,0,-1,['5'],[],1,0,1,6,3,9,3,2,3,3,1,0,1,1,7,11,8,12,12,14,48,52,13864,44668.0,27505,,,5,3,2.17,3.34,2.71,1.03,1.2,1.65,2.5,4.33,11.0,4.33,2.14,1.5,1.2,1.57,2.3,3.7,1.22,3.75,1.22,1.5,1.25,1.44,2.88,2.3,2.9,2.75,2.45,2.8,0,0,1.24,1.48,1.86,2.38,3.2,3.48,2.5,1.9,1.53,1.28,1.79,7.0,2.4,1.92,16.25,1.9,4.8,5.0,1.31,2.37,5.5,14.5,3.2,1.51,1.12,1.02,1.17,1.8,3.5,7.75,4.5,1.88,1.26,1.07,0,0,0,0,1,1,0,0,0,0,1,1662829200,711351,0,38,17,24,0,30159,2,1,2,1,4,2,3,6,0,0,4,3,0,7,1,37,49,100,85,0.86,1.18,2.04,0,0,0,0,0,0,1,1,1,0,1,0,0,0,-1,-1,-1,-1,-1,-1,-1,-1,-1,17,21,45,66,94,27,69,80,35,9.39,1.84,3.77,2.52,/clubs/charlotte-fc-711351,teams/usa-charlotte-fc.png,Charlotte,/clubs/new-york-city-fc-2,teams/usa-new-york-city-fc.png,New York City,1.82,1.26,1.71,1.2,1.1,1.53,83,80,55,35,7,69,55,28,1.47,1.41,2.88,/usa/new-york-city-fc-vs-charlotte-fc-h2h-stats#1541420,6969,34,True,False,False,False,False,False,False,['5'],[]
MLS,2022,6969,1541421,1016,19,2022,complete,83993,0,-1,"['47', '62', '74', '88']","['52', '67']",4,2,6,12,4,16,1,0,4,3,0,0,9,3,16,4,25,7,1,0,54,46,13812,40852.0,211,,,4,3,2.04,3.9,3.3,1.02,1.14,1.53,2.04,3.4,13.0,5.0,2.3,1.72,1.3,1.43,2.65,3.8,1.23,5.25,1.14,1.35,1.25,1.73,2.5,2.35,3.4,2.25,2.8,3.1,0,0,1.18,1.37,1.69,2.11,2.75,4.1,2.89,2.12,1.67,1.37,1.52,7.5,3.05,1.7,17.0,2.2,4.33,7.5,1.25,2.1,4.6,11.5,3.6,1.63,1.16,1.04,1.13,1.61,2.87,6.0,5.5,2.15,1.36,1.11,0,0,0,0,6,0,0,4,2,6,0,1662852600,1016,0,65,36,29,0,42670,2,1,4,1,8,3,5,11,2,1,2,2,3,4,1,42,35,99,89,2.5,0.92,3.42,1,1,0,1,1,0,1,1,0,0,0,1,0,0,-1,-1,-1,-1,-1,-1,-1,-1,-1,18,33,61,86,93,54,75,79,40,11.15,3.21,3.93,3.15,/clubs/atlanta-united-fc-1016,teams/usa-atlanta-united-fc.png,Atlanta United FC,/clubs/toronto-fc-19,teams/canada-toronto-fc.png,Toronto,1.71,0.59,1.79,0.71,1.14,1.13,83,68,39,14,7,61,47,47,1.89,1.22,3.11,/usa/toronto-fc-vs-atlanta-united-fc-h2h-stats#1541421,6969,34,True,True,True,True,True,True,True,"['47', '62', '74', '88']","['52', '67']"
MLS,2022,6969,1541422,8043,15,2022,complete,83993,0,-1,"['44', '47', '71', '77', '90', '90+5']",[],6,0,6,4,3,7,1,0,2,2,0,0,8,5,12,4,20,9,14,11,48,52,13967,40182.0,23354,,,2,2,1.94,3.7,3.75,1.02,1.17,1.7,2.23,3.8,13.5,4.6,2.0,1.6,1.22,1.52,2.46,2.87,1.34,5.5,1.11,1.22,1.22,2.09,2.25,2.47,4.34,2.04,2.9,4.08,0,0,1.2,1.41,1.75,2.2,2.93,3.84,2.73,2.03,1.61,1.33,1.38,8.0,3.75,1.57,15.0,2.5,3.4,8.5,1.26,2.2,4.9,11.0,3.7,1.64,1.16,1.03,1.14,1.73,3.2,7.0,5.3,2.06,1.33,1.08,0,0,0,0,6,1,0,5,0,5,1,1662852600,8043,0,65,34,31,0,22557,2,1,2,1,2,2,3,4,0,1,2,1,1,3,1,42,33,88,83,2.12,1.16,3.28,2,0,2,0,0,0,1,1,0,0,1,0,0,1,-1,-1,-1,-1,-1,-1,-1,-1,-1,32,52,62,83,97,42,80,86,45,9.58,2.54,4.33,3.55,/clubs/fc-cincinnati-8043,teams/usa-fc-cincinnati.png,FC Cincinnati,/clubs/san-jose-earthquakes-15,teams/usa-san-jose-earthquakes.png,SJ Earthquakes,1.41,0.47,1.4,0.5,1.34,1.07,69,49,38,17,4,66,59,42,1.72,1.32,3.04,/usa/san-jose-earthquakes-vs-fc-cincinnati-h2h-stats#1541422,6969,34,True,True,True,True,True,True,False,"['44', '47', '71', '77', '90', '90+5']",[]
MLS,2022,6969,1541423,16,17,2022,complete,83993,0,-1,"['39', '43', '55', '63', '87']",['75'],5,1,6,2,1,3,4,1,1,1,0,0,9,2,11,7,20,9,13,10,48,52,7,12.0,21031,,,1,1,1.57,4.45,5.2,1.04,1.21,1.6,2.55,4.5,11.0,4.0,2.2,1.44,1.17,1.81,1.95,2.25,1.53,5.75,1.11,1.13,1.21,2.49,2.06,2.38,5.7,1.85,2.83,5.35,0,0,1.2,1.41,1.75,2.22,2.93,3.84,2.73,2.03,1.6,1.33,1.27,9.0,4.6,1.48,11.0,3.0,2.62,10.0,1.33,2.52,6.0,12.0,3.2,1.5,1.11,1.03,1.19,1.93,3.88,8.0,4.44,1.83,1.24,1.06,0,0,0,0,6,2,0,3,1,4,2,1662852600,16,0,55,14,24,0,19079,2,1,1,1,1,0,2,1,0,0,1,1,0,2,1,39,26,109,108,2.18,0.91,3.09,1,0,1,0,0,0,1,1,0,0,0,0,0,0,-1,-1,-1,-1,-1,-1,-1,-1,-1,20,24,38,76,93,31,72,72,45,8.73,2.83,4.8,2.64,/clubs/philadelphia-union-16,teams/usa-philadelphia-union.png,Philadelphia Union,/clubs/orlando-city-sc-17,teams/usa-orlando-city-sc.png,Orlando City,2.47,1.17,2.33,1.5,2.0,1.5,80,77,62,25,7,72,55,45,1.82,1.04,2.86,/usa/philadelphia-union-vs-orlando-city-sc-h2h-stats#1541423,6969,35,True,True,True,True,True,True,True,"['39', '43', '55', '63', '87']",['75']
MLS,2022,6969,1541424,7,677446,2022,complete,83993,0,-1,"['40', '64', '87']",['77'],3,1,4,7,2,9,0,2,2,1,0,0,4,3,7,4,11,7,7,10,54,46,3135,10695.0,28121,,,2,1,1.89,3.9,3.75,1.03,1.25,1.75,3.1,5.5,13.0,3.75,2.14,1.38,1.14,1.7,2.05,2.7,1.42,4.6,1.18,1.26,1.27,1.9,2.5,2.25,4.33,2.2,2.6,3.75,0,0,1.2,1.41,1.75,2.2,2.93,3.84,2.73,2.03,1.61,1.33,1.42,8.0,3.5,1.57,10.5,2.6,3.4,7.0,1.36,2.63,7.0,19.0,3.0,1.44,1.1,1.02,1.2,1.93,3.9,9.25,4.1,1.75,1.22,1.05,0,0,0,0,4,1,0,2,1,3,1,1662854400,7,0,33,11,11,0,-1,2,1,5,0,2,2,5,4,1,0,1,1,1,2,1,50,53,105,96,1.34,1.04,2.39,0,1,0,1,0,0,1,1,0,0,0,0,0,0,-1,-1,-1,-1,-1,-1,-1,-1,-1,7,22,29,54,82,25,64,65,22,9.14,4.78,4.72,1.96,/clubs/chicago-fire-7,teams/usa-chicago-fire.png,Chicago Fire,/clubs/club-internacional-de-futbol-miami-677446,teams/usa-club-internacional-de-futbol-miami.png,Inter Miami,1.35,0.83,1.36,0.64,1.1,1.29,93,79,71,47,18,50,47,33,1.35,1.15,2.5,/usa/chicago-fire-vs-club-internacional-de-futbol-miami-h2h-stats#1541424,6969,34,True,True,True,True,False,False,True,"['40', '64', '87']",['77']
MLS,2022,6969,1541425,18,698284,2022,complete,83993,0,-1,"['12', '34', '68']",[],3,0,3,4,1,5,6,2,2,1,0,0,5,1,1,9,6,10,8,12,53,47,42,25.0,2339,,,2,1,1.93,3.85,3.7,1.02,1.18,1.61,2.5,4.33,15.0,4.75,2.2,1.52,1.2,1.53,2.38,3.0,1.34,5.0,1.16,1.28,1.27,1.85,2.5,2.4,4.0,2.2,2.7,3.5,0,0,1.18,1.37,1.69,2.11,2.75,4.1,2.89,2.12,1.67,1.37,1.46,8.0,3.3,1.57,15.75,2.4,3.5,7.0,1.29,2.25,5.5,15.0,3.5,1.57,1.14,1.03,1.17,1.73,3.4,8.0,5.0,2.0,1.3,1.08,0,0,0,0,3,2,0,1,0,1,2,1662854400,18,0,59,21,21,0,-1,2,1,2,1,2,0,3,2,1,0,1,1,1,2,1,41,48,106,108,1.04,1.06,2.1,0,0,0,0,0,0,1,1,0,0,0,0,0,0,-1,-1,-1,-1,-1,-1,-1,-1,-1,14,24,69,80,100,31,77,93,52,9.31,4.13,4.86,2.86,/clubs/seattle-sounders-fc-18,teams/usa-seattle-sounders-fc.png,Seattle Sounders,/clubs/austin-fc-698284,teams/usa-austin-fc.png,Austin,1.76,1.44,1.79,1.73,1.24,1.76,87,76,31,21,0,69,45,42,1.64,1.25,2.89,/usa/seattle-sounders-fc-vs-austin-fc-h2h-stats#1541425,6969,34,True,True,True,False,False,False,False,"['12', '34', '68']",[]
MLS,2022,6969,1541426,13,6490,2022,complete,83993,0,-1,"['78', '81']",['45+4'],2,1,3,6,2,8,2,0,0,2,0,1,8,2,6,6,14,8,12,16,67,33,13889,21189.0,39588,,,0,4,2.34,3.65,2.87,1.03,1.2,1.61,2.7,4.75,15.0,4.33,2.15,1.47,1.18,1.57,2.25,3.9,1.23,3.7,1.25,1.52,1.29,1.46,3.25,2.3,3.0,2.88,2.6,2.6,0,0,1.2,1.41,1.75,2.2,2.93,3.84,2.73,2.03,1.61,1.33,2.06,7.0,2.06,2.1,11.0,1.73,5.0,4.8,1.33,2.5,6.5,17.0,3.25,1.5,1.11,1.03,1.18,1.83,3.6,8.0,4.4,1.85,1.25,1.07,0,0,0,0,3,0,1,2,0,2,1,1662856200,13,0,62,21,21,0,19096,2,1,5,0,1,2,5,3,0,3,0,0,3,0,1,84,29,132,77,2.06,0.86,2.92,0,0,0,0,0,0,1,1,0,0,0,0,0,1,-1,-1,-1,-1,-1,-1,-1,-1,-1,17,21,45,87,100,38,79,80,52,9.56,2.96,5.16,2.74,/clubs/fc-dallas-13,teams/usa-fc-dallas.png,FC Dallas,/clubs/los-angeles-fc-6490,teams/usa-los-angeles-fc.png,Los Angeles FC,1.94,1.53,1.87,1.57,1.53,2.07,83,80,55,14,0,62,45,45,1.46,1.49,2.95,/usa/fc-dallas-vs-los-angeles-fc-h2h-stats#1541426,6969,36,True,True,True,False,False,False,True,"['78', '81']",['45+4']
MLS,2022,6969,1541427,6,8,2022,complete,83993,0,-1,[],[],0,0,0,5,5,10,0,1,3,2,1,0,4,6,7,14,11,20,13,8,37,63,45098,28325.0,18,,,4,2,2.06,3.8,3.3,1.02,1.2,1.61,2.7,4.75,15.0,4.33,2.15,1.45,1.18,1.57,2.25,3.1,1.32,4.5,1.18,1.33,1.27,1.75,2.63,2.3,3.75,2.3,2.6,3.25,0,0,1.22,1.43,1.79,2.26,3.04,3.64,2.66,1.98,1.58,1.31,1.58,7.5,2.88,1.62,10.75,2.3,3.8,6.5,1.3,2.5,6.0,17.0,3.4,1.5,1.13,1.03,1.18,1.83,3.6,8.25,4.4,1.85,1.25,1.06,0,0,0,0,0,0,0,0,0,0,0,1662856200,-1,0,66,28,31,0,15169,2,1,3,1,2,5,4,7,3,0,1,2,3,3,1,31,70,73,120,1.2,2.19,3.39,0,0,0,0,0,0,1,1,0,0,0,1,0,0,-1,-1,-1,-1,-1,-1,-1,-1,-1,14,31,62,83,90,35,83,82,45,8.43,2.73,4.93,3.06,/clubs/houston-dynamo-6,teams/usa-houston-dynamo.png,Houston Dynamo,/clubs/sporting-kansas-city-8,teams/usa-sporting-kansas-city.png,Sporting KC,1.35,0.65,1.36,0.67,1.0,1.03,87,70,38,17,11,53,35,28,1.39,1.14,2.53,/usa/houston-dynamo-vs-sporting-kansas-city-h2h-stats#1541427,6969,34,False,False,False,False,False,False,False,[],[]
MLS,2022,6969,1541428,12,5,2022,complete,83993,0,-1,"['21', '33', '75']",['9'],3,1,4,7,4,11,1,2,0,2,0,0,4,6,19,9,23,15,10,15,48,52,39,11434.0,41087,,,0,2,1.6,4.45,5.0,1.02,1.2,1.61,2.65,4.75,15.0,4.33,2.2,1.47,1.18,1.62,2.2,2.75,1.4,5.25,1.14,1.22,1.24,2.05,2.3,2.4,4.33,2.0,2.75,4.0,0,0,1.2,1.41,1.75,2.2,2.93,3.84,2.73,2.03,1.61,1.33,1.38,8.0,3.75,1.5,16.5,2.63,3.0,8.5,1.3,2.38,6.0,17.0,3.4,1.53,1.13,1.03,1.17,1.78,3.4,7.75,4.6,1.9,1.27,1.07,0,0,0,0,4,2,1,1,0,1,3,1662859800,12,0,55,27,17,0,14036,2,1,3,2,4,2,5,6,0,1,0,1,1,1,1,27,42,92,104,1.92,1.68,3.6,1,0,1,0,0,0,1,1,0,1,0,0,0,0,-1,-1,-1,-1,-1,-1,-1,-1,-1,11,27,45,90,97,52,86,80,27,9.87,3.31,4.97,2.82,/clubs/colorado-rapids-12,teams/usa-colorado-rapids.png,Colorado Rapids,/clubs/vancouver-whitecaps-fc-5,teams/canada-vancouver-whitecaps-fc.png,Vancouver Whitecaps,2.06,0.59,1.86,0.67,1.14,1.17,90,73,56,11,4,73,45,42,1.52,1.16,2.68,/usa/vancouver-whitecaps-fc-vs-colorado-rapids-h2h-stats#1541428,6969,34,True,True,True,True,False,False,True,"['21', '33', '75']",['9']
MLS,2022,6969,1541429,14,13401,2022,complete,83993,0,-1,[],[],0,0,0,10,3,13,4,0,2,3,0,0,6,3,10,5,16,8,11,12,55,45,13947,8.0,38056,,,2,3,1.67,4.25,4.6,1.02,1.2,1.61,2.6,4.5,15.0,4.5,2.2,1.5,1.2,1.7,2.05,2.55,1.46,5.5,1.13,1.19,1.23,2.2,2.2,2.4,5.0,1.91,2.75,4.5,0,0,1.22,1.45,1.81,2.3,3.08,3.64,2.61,1.95,1.56,1.3,1.3,8.5,4.3,1.4,16.0,3.0,2.8,9.5,1.3,2.5,6.0,17.0,3.4,1.5,1.13,1.03,1.17,1.82,3.5,8.0,4.5,1.87,1.26,1.07,0,0,0,0,0,0,0,0,0,0,0,1662859800,-1,0,43,21,18,0,20487,2,1,6,1,4,2,7,6,0,2,2,1,2,3,1,59,32,95,90,1.85,0.96,2.81,0,0,0,0,0,0,1,1,0,0,0,0,0,0,-1,-1,-1,-1,-1,-1,-1,-1,-1,18,29,61,71,97,36,64,90,40,9.5,3.36,4.21,2.93,/clubs/real-salt-lake-14,teams/usa-real-salt-lake.png,Real Salt Lake,/clubs/dc-united-13401,teams/usa-dc-united.png,DC United,1.88,0.65,2.0,0.71,1.45,0.9,82,72,40,29,4,61,50,43,1.57,1.05,2.62,/usa/real-salt-lake-vs-dc-united-h2h-stats#1541429,6969,34,False,False,False,False,False,False,False,[],[]
MLS,2022,6969,1541430,20,1015,2022,complete,83993,0,-1,['61'],[],1,0,1,6,5,11,1,2,2,1,0,0,1,6,10,16,11,22,14,11,53,47,5016,42128.0,5,,,2,1,2.09,3.85,3.2,1.02,1.16,1.53,2.28,4.0,19.0,5.0,2.3,1.57,1.22,1.5,2.5,3.5,1.27,5.0,1.15,1.34,1.25,1.75,2.6,2.4,3.6,2.25,2.75,3.25,0,0,1.17,1.31,1.58,1.99,2.59,4.7,3.04,2.26,1.78,1.45,1.46,8.0,3.3,1.62,18.0,2.3,4.0,6.5,1.29,2.25,5.5,15.0,3.5,1.57,1.14,1.03,1.14,1.68,3.1,6.5,5.0,2.05,1.32,1.09,0,0,0,0,1,0,0,1,0,1,0,1662861600,20,0,72,14,42,0,-1,2,1,1,2,5,3,3,8,1,0,1,1,1,2,1,39,59,111,98,1.06,2.23,3.28,0,0,0,0,0,0,1,1,0,0,0,1,0,0,-1,-1,-1,-1,-1,-1,-1,-1,-1,11,25,62,87,97,28,69,90,62,8.67,2.0,5.86,3.01,/clubs/portland-timbers-20,teams/usa-portland-timbers.png,Portland Timbers,/clubs/minnesota-united-fc-1015,teams/usa-minnesota-united-fc.png,Minnesota United,1.76,1.11,1.8,1.36,1.4,1.52,90,76,38,14,4,80,62,55,1.51,1.19,2.7,/usa/portland-timbers-vs-minnesota-united-fc-h2h-stats#1541430,6969,34,True,False,False,False,False,False,False,['61'],[]
MLS,2022,6969,1541431,698284,14,2022,complete,83993,0,-1,"['60', '76', '80']",[],3,0,3,3,10,13,1,3,0,0,0,0,3,1,10,17,13,18,10,15,45,55,13893,2339.0,8,,,0,0,1.8,3.9,4.0,1.02,1.18,1.55,2.45,4.33,17.0,4.75,2.33,1.53,1.2,1.53,2.45,3.25,1.3,5.0,1.16,1.3,1.2,1.87,2.55,2.4,3.75,2.3,2.8,3.5,0,0,1.2,1.4,1.63,2.11,2.6,4.3,2.7,2.2,1.7,1.44,1.6,7.0,3.0,1.67,17.25,2.34,3.75,7.0,1.28,2.3,5.0,15.0,3.6,1.57,1.15,1.01,1.15,1.78,3.5,7.5,5.0,1.95,1.28,1.07,0,0,0,0,3,0,0,3,0,3,0,1663204500,698284,0,66,21,35,0,20738,2,-1,2,4,1,6,6,7,0,0,0,0,0,0,1,37,61,80,102,1.3,1.64,2.94,0,0,0,0,0,0,1,1,0,0,0,0,-1,-1,-1,-1,-1,-1,-1,-1,-1,-1,-1,32,46,66,83,94,42,77,87,62,10.24,2.96,4.26,3.44,/clubs/austin-fc-698284,teams/usa-austin-fc.png,Austin,/clubs/real-salt-lake-14,teams/usa-real-salt-lake.png,Real Salt Lake,1.79,0.89,1.79,0.93,1.7,1.43,69,55,34,17,7,52,41,27,1.74,1.2,2.94,/usa/real-salt-lake-vs-austin-fc-h2h-stats#1541431,6969,35,True,True,True,False,False,False,False,"['60', '76', '80']",[]
MLS,2022,6969,1541432,6,11,2022,complete,83993,0,-1,"['37', '76', '85']",['63'],3,1,4,4,4,8,1,2,2,2,0,0,12,5,10,10,22,15,11,10,43,57,31,28325.0,21032,,,2,2,2.43,3.77,2.68,1.03,1.2,1.65,2.5,4.33,11.0,4.33,2.2,1.5,1.2,1.53,2.38,3.7,1.24,4.1,1.21,1.44,1.29,1.55,3.0,2.3,3.2,2.63,2.65,2.75,0,0,1.12,1.27,1.51,1.92,2.52,5.2,3.28,2.41,1.89,1.46,1.75,8.1,2.55,1.8,12.0,2.05,4.5,5.5,1.3,2.5,6.0,17.0,3.4,1.5,1.13,1.03,1.17,1.78,3.4,7.5,4.6,1.9,1.27,1.07,0,0,0,0,4,1,0,2,1,3,1,1663115400,6,0,67,37,47,0,-1,2,1,1,2,3,2,3,5,0,1,2,1,1,3,1,30,49,85,101,2.44,1.65,4.09,2,1,1,1,1,0,1,1,0,0,0,1,0,0,-1,-1,-1,-1,-1,-1,-1,-1,-1,20,40,70,80,84,44,77,77,54,9.6,3.27,4.93,3.03,/clubs/houston-dynamo-6,teams/usa-houston-dynamo.png,Houston Dynamo,/clubs/new-england-revolution-11,teams/usa-new-england-revolution.png,New England Revolution,1.35,0.88,1.33,0.93,1.0,1.27,80,60,30,20,17,74,64,47,1.38,1.36,2.74,/usa/houston-dynamo-vs-new-england-revolution-h2h-stats#1541432,6969,34,True,True,True,True,False,False,True,"['37', '76', '85']",['63']
MLS,2022,6969,1541433,1,7,2022,complete,83993,0,-1,"['21', '29', '44']","['39', '57']",3,2,5,5,1,6,2,2,3,4,0,0,4,4,5,4,9,8,16,14,54,46,15,39282.0,10695,,,3,4,1.73,4.13,4.33,1.04,1.22,1.62,2.6,4.6,11.0,3.9,2.25,1.42,1.16,1.67,2.26,2.55,1.46,5.25,1.14,1.23,1.28,2.08,2.39,2.46,4.65,2.1,2.74,4.18,0,0,1.22,1.43,1.82,2.39,3.08,3.65,2.58,1.98,1.52,1.3,1.35,9.2,4.2,1.55,14.75,2.54,3.0,8.0,1.32,2.59,5.8,12.0,3.26,1.53,1.12,1.03,1.18,1.89,3.78,8.0,4.6,1.87,1.25,1.06,0,0,0,0,5,3,1,0,1,1,4,1663111800,1,0,57,24,33,0,-1,2,1,1,1,4,0,2,4,0,1,3,3,1,6,1,44,25,95,82,1.17,0.98,2.15,0,2,0,2,0,0,1,1,0,0,0,1,0,0,-1,-1,-1,-1,-1,-1,-1,-1,-1,23,37,63,70,87,33,67,77,47,9.67,3.13,4.47,2.9,/clubs/montreal-impact-1,teams/canada-montreal-impact.png,Montreal Impact,/clubs/chicago-fire-7,teams/usa-chicago-fire.png,Chicago Fire,1.74,0.94,1.6,0.87,1.77,1.17,77,64,37,30,14,70,50,23,1.64,1.5,3.14,/usa/montreal-impact-vs-chicago-fire-h2h-stats#1541433,6969,34,True,True,True,True,True,False,True,"['21', '29', '44']","['39', '57']"
MLS,2022,6969,1541434,677446,9,2022,complete,83993,0,-1,"['25', '82']",['41'],2,1,3,6,7,13,3,1,1,1,0,0,6,3,5,11,11,14,16,12,42,58,13889,28121.0,13,,,1,1,2.38,3.58,2.86,1.04,1.22,1.83,2.62,4.5,10.0,4.0,1.95,1.44,1.17,1.62,2.2,2.95,1.35,4.5,1.18,1.35,1.28,1.79,2.5,2.3,4.0,2.2,2.55,3.5,0,0,1.21,1.42,1.79,2.35,2.98,3.74,2.61,2.01,1.54,1.32,1.49,8.4,3.36,1.57,11.0,2.4,3.8,6.5,1.33,2.5,6.5,19.0,3.25,1.5,1.11,1.02,1.19,1.87,3.7,8.5,4.2,1.8,1.24,1.06,0,0,0,0,3,1,1,1,0,1,2,1663113600,677446,0,75,29,43,0,-1,2,1,5,3,1,4,8,5,1,0,0,1,1,1,1,35,65,72,103,1.37,1.56,2.93,0,0,0,0,0,0,1,1,0,0,1,1,0,0,-1,-1,-1,-1,-1,-1,-1,-1,-1,22,43,68,86,90,43,72,79,54,9.0,3.93,4.57,3.22,/clubs/club-internacional-de-futbol-miami-677446,teams/usa-club-internacional-de-futbol-miami.png,Inter Miami,/clubs/columbus-crew-9,teams/usa-columbus-crew.png,Columbus Crew,1.94,1.12,1.93,1.29,1.24,1.41,79,57,32,14,11,64,57,43,1.51,1.24,2.75,/usa/columbus-crew-vs-club-internacional-de-futbol-miami-h2h-stats#1541434,6969,34,True,True,True,False,False,False,True,"['25', '82']",['41']
MLS,2022,6969,1541435,1015,6490,2022,complete,83993,0,-1,['45'],['64'],1,1,2,10,8,18,0,1,2,1,0,0,3,1,10,8,13,9,16,15,46,54,13841,5.0,39588,,,2,1,3.06,3.92,2.14,1.02,1.17,1.53,2.3,4.0,12.0,4.5,2.3,1.6,1.22,1.5,2.5,4.5,1.18,3.7,1.24,1.7,1.26,1.44,3.25,2.38,2.75,2.88,2.7,2.5,0,0,1.14,1.27,1.51,1.92,2.52,4.8,3.28,2.41,1.89,1.46,2.19,8.0,1.98,2.1,13.0,1.73,6.0,4.4,1.29,2.25,5.5,15.0,3.5,1.57,1.14,1.03,1.15,1.71,3.2,7.0,5.0,1.98,1.3,1.09,0,0,0,0,2,1,0,0,1,1,1,1663113600,-1,0,64,24,24,0,-1,2,1,3,2,7,6,5,13,0,1,2,0,1,2,1,50,49,118,111,1.4,1.0,2.41,0,0,0,0,0,0,1,1,0,0,0,0,0,0,-1,-1,-1,-1,-1,-1,-1,-1,-1,17,20,57,87,100,34,73,90,57,10.2,3.2,5.4,2.94,/clubs/minnesota-united-fc-1015,teams/usa-minnesota-united-fc.png,Minnesota United,/clubs/los-angeles-fc-6490,teams/usa-los-angeles-fc.png,Los Angeles FC,1.71,1.53,1.67,1.47,1.47,2.0,84,80,44,14,0,74,57,47,1.68,1.44,3.12,/usa/minnesota-united-fc-vs-los-angeles-fc-h2h-stats#1541435,6969,35,True,True,False,False,False,False,True,['45'],['64']
MLS,2022,6969,1541436,8,13401,2022,complete,83993,0,-1,"['34', '70', '87']",[],3,0,3,12,2,14,2,4,1,3,0,0,6,2,12,5,18,7,4,20,59,41,13812,18.0,38056,,,1,3,1.72,4.13,4.41,1.03,1.2,1.6,2.3,4.33,11.0,4.33,2.3,1.55,1.2,1.62,2.2,2.9,1.36,5.25,1.14,1.24,1.25,1.95,2.38,2.38,4.33,2.1,2.7,3.75,0,0,1.26,1.49,1.93,2.56,3.34,3.34,2.45,1.88,1.44,1.26,1.41,8.6,3.82,1.53,13.0,2.5,3.5,7.5,1.3,2.38,6.0,17.0,3.4,1.53,1.13,1.03,1.17,1.78,3.4,7.5,4.6,1.9,1.27,1.07,0,0,0,0,3,1,0,2,0,2,1,1663115400,8,0,42,17,21,0,-1,2,1,5,1,7,1,6,8,1,1,0,2,2,2,1,38,29,98,76,1.83,0.8,2.63,0,0,0,0,0,0,1,1,0,0,2,0,0,0,-1,-1,-1,-1,-1,-1,-1,-1,-1,21,27,52,62,93,35,62,83,35,7.89,2.12,4.63,2.75,/clubs/sporting-kansas-city-8,teams/usa-sporting-kansas-city.png,Sporting KC,/clubs/dc-united-13401,teams/usa-dc-united.png,DC United,1.71,0.65,1.43,0.73,1.03,0.9,80,73,49,38,7,48,45,27,1.45,1.04,2.49,/usa/sporting-kansas-city-vs-dc-united-h2h-stats#1541436,6969,34,True,True,True,False,False,False,False,"['34', '70', '87']",[]
MLS,2022,6969,1541437,17,1016,2022,complete,83993,0,-1,[],['72'],0,1,1,4,4,8,1,1,1,3,0,0,5,4,16,7,21,11,10,16,56,44,69,21031.0,40852,,,1,3,1.9,3.9,3.55,1.02,1.17,1.58,2.3,4.0,12.0,4.5,2.25,1.55,1.22,1.53,2.38,3.1,1.33,5.5,1.14,1.25,1.26,1.9,2.38,2.4,4.0,2.1,2.75,3.75,0,0,1.21,1.42,1.76,2.22,2.93,3.74,2.69,2.02,1.6,1.33,1.82,8.0,2.33,1.53,15.0,2.5,3.5,7.5,1.29,2.25,5.5,15.0,3.5,1.57,1.14,1.03,1.15,1.73,3.2,7.0,4.8,1.98,1.3,1.08,0,0,0,0,1,0,0,0,1,1,0,1663196100,1016,0,62,21,35,0,-1,2,1,0,3,4,1,3,5,1,0,0,3,1,3,1,83,50,129,80,2.27,1.34,3.61,0,0,0,0,0,0,1,1,0,0,0,1,0,0,-1,-1,-1,-1,-1,-1,-1,-1,-1,14,31,72,80,97,28,80,90,59,10.79,2.67,4.14,3.08,/clubs/orlando-city-sc-17,teams/usa-orlando-city-sc.png,Orlando City,/clubs/atlanta-united-fc-1016,teams/usa-atlanta-united-fc.png,Atlanta United FC,1.59,0.65,1.5,0.53,1.45,1.2,86,69,28,21,4,65,51,37,1.59,1.58,3.17,/usa/orlando-city-sc-vs-atlanta-united-fc-h2h-stats#1541437,6969,34,True,False,False,False,False,False,False,[],['72']
MLS,2022,6969,1541438,12,15,2022,complete,83993,0,-1,"['21', '77']",['37'],2,1,3,8,6,14,0,1,1,2,0,0,3,3,11,12,14,15,7,13,44,56,84,11434.0,23354,,,1,2,1.64,4.5,4.35,1.03,1.18,1.5,2.38,4.1,12.5,4.4,2.48,1.54,1.2,1.57,2.25,2.7,1.41,5.75,1.12,1.2,1.23,2.15,2.2,2.5,4.5,1.95,2.8,4.0,0,0,1.21,1.42,1.76,2.22,2.93,3.74,2.69,2.02,1.6,1.33,1.56,8.3,3.14,1.44,13.0,2.63,3.0,9.0,1.29,2.25,5.5,15.0,3.5,1.57,1.14,1.03,1.16,1.77,3.3,7.5,4.75,1.93,1.28,1.08,0,0,0,0,3,1,1,1,0,1,2,1663207200,12,0,53,24,20,0,11938,2,1,3,3,5,3,6,8,0,0,1,2,0,3,1,37,33,87,87,1.36,1.4,2.76,0,0,0,0,0,0,1,1,0,0,0,1,0,0,-1,-1,-1,-1,-1,-1,-1,-1,-1,30,40,50,84,93,37,80,80,37,9.73,2.8,4.34,3.2,/clubs/colorado-rapids-12,teams/usa-colorado-rapids.png,Colorado Rapids,/clubs/san-jose-earthquakes-15,teams/usa-san-jose-earthquakes.png,SJ Earthquakes,2.06,0.47,1.93,0.47,1.2,1.03,70,60,50,17,7,70,47,40,1.55,1.31,2.86,/usa/colorado-rapids-vs-san-jose-earthquakes-h2h-stats#1541438,6969,34,True,True,True,False,False,False,True,"['21', '77']",['37']
MLS,2022,6969,1541439,5,10,2022,complete,83993,0,-1,"['57', '68', '86']",[],3,0,3,3,9,12,0,1,4,1,0,0,6,3,5,9,11,12,7,9,32,68,24,41087.0,2,,,4,1,2.4,3.6,2.7,1.03,1.19,1.56,2.4,4.2,12.5,4.33,2.32,1.49,1.19,1.53,2.38,3.8,1.23,4.0,1.22,1.49,1.27,1.52,3.0,2.3,3.2,2.63,2.65,2.75,0,0,1.22,1.43,1.8,2.26,3.04,3.64,2.66,2.0,1.58,1.31,2.06,7.7,2.12,1.8,13.0,2.05,4.6,5.0,1.3,2.5,6.0,17.0,3.4,1.5,1.13,1.03,1.16,1.77,3.4,7.5,4.6,1.93,1.28,1.07,0,0,0,0,3,0,0,3,0,3,0,1663207200,5,0,57,4,40,0,16681,2,1,1,5,2,4,6,6,2,0,2,1,2,3,1,26,77,82,128,1.31,1.53,2.84,0,0,0,0,0,0,1,1,0,0,0,1,1,0,-1,-1,-1,-1,-1,-1,-1,-1,-1,18,33,54,64,90,22,61,83,47,9.29,3.57,4.93,2.64,/clubs/vancouver-whitecaps-fc-5,teams/canada-vancouver-whitecaps-fc.png,Vancouver Whitecaps,/clubs/la-galaxy-10,teams/usa-la-galaxy.png,LA Galaxy,1.94,1.22,1.71,1.14,1.13,1.38,83,68,47,36,11,43,40,21,1.38,1.51,2.89,/usa/vancouver-whitecaps-fc-vs-la-galaxy-h2h-stats#1541439,6969,34,True,True,True,False,False,False,False,"['57', '68', '86']",[]
MLS,2022,6969,1541440,2,4,2022,complete,83993,0,-1,"['1', '23']",[],2,0,2,6,5,11,1,3,3,4,0,0,2,1,2,7,4,8,8,19,55,45,3,27505.0,11574,,,3,4,2.15,3.6,2.95,1.05,1.26,1.92,3.0,5.6,12.75,3.75,1.94,1.38,1.14,1.72,2.07,2.85,1.38,4.1,1.21,1.29,1.28,1.79,2.58,2.21,4.16,2.37,2.57,3.7,0,0,1.21,1.42,1.76,2.22,2.93,3.74,2.69,2.02,1.6,1.33,2.05,8.0,1.95,1.73,12.75,2.22,3.4,6.5,1.37,2.7,6.7,13.0,2.99,1.44,1.09,1.02,1.22,2.05,4.2,10.0,4.2,1.75,1.2,1.03,0,0,0,0,2,2,0,0,0,0,2,1663434000,2,0,50,27,27,0,-1,2,1,4,2,2,3,6,5,0,2,3,2,2,5,1,36,40,57,90,0.66,0.87,1.53,0,0,0,0,0,0,1,1,1,0,1,0,0,0,-1,-1,-1,-1,-1,-1,-1,-1,-1,20,30,47,80,93,40,74,73,47,11.2,3.4,5.4,2.97,/clubs/new-york-city-fc-2,teams/usa-new-york-city-fc.png,New York City,/clubs/new-york-red-bulls-4,teams/usa-new-york-red-bulls.png,New York RB,2.06,1.76,1.87,2.0,1.48,1.61,80,70,54,20,7,70,60,44,1.97,1.45,3.42,/usa/new-york-city-fc-vs-new-york-red-bulls-h2h-stats#1541440,6969,35,True,True,False,False,False,False,False,"['1', '23']",[]
MLS,2022,6969,1541441,15,13,2022,complete,83993,0,-1,['24'],['16'],1,1,2,5,5,10,2,0,1,4,0,1,4,2,15,7,19,9,13,18,55,45,36,23354.0,21189,,,1,6,2.49,3.6,2.7,1.02,1.2,1.6,2.3,4.75,15.0,4.5,2.2,1.55,1.18,1.55,2.3,3.8,1.23,3.8,1.23,1.49,1.28,1.5,3.0,2.2,3.0,2.7,2.6,2.75,0,0,1.23,1.46,1.83,2.35,3.14,3.56,2.56,1.93,1.54,1.29,1.73,7.9,2.66,1.89,16.5,1.92,4.75,5.0,1.3,2.35,5.5,14.5,3.2,1.51,1.12,1.02,1.17,1.82,3.5,8.0,4.5,1.87,1.26,1.07,0,0,0,0,2,1,1,0,0,0,2,1663468200,-1,0,66,21,46,0,-1,2,1,0,2,5,3,2,8,0,2,1,3,2,4,1,40,53,101,79,1.77,1.09,2.86,1,0,1,0,0,0,1,1,0,0,0,0,0,0,-1,-1,-1,-1,-1,-1,-1,-1,-1,11,49,66,77,94,32,73,77,59,9.78,2.67,4.94,3.05,/clubs/san-jose-earthquakes-15,teams/usa-san-jose-earthquakes.png,SJ Earthquakes,/clubs/fc-dallas-13,teams/usa-fc-dallas.png,FC Dallas,1.59,1.06,1.64,1.2,1.0,1.58,90,52,35,24,7,70,45,25,1.69,1.05,2.74,/usa/fc-dallas-vs-san-jose-earthquakes-h2h-stats#1541441,6969,34,True,True,False,False,False,False,True,['24'],['16']
MLS,2022,6969,1541442,1016,16,2022,complete,83993,0,-1,[],[],0,0,0,9,2,11,4,2,2,3,0,0,5,0,14,7,19,7,13,17,60,40,5016,40852.0,12,,,2,3,2.25,3.75,2.75,1.03,1.19,1.6,2.3,4.33,12.0,4.2,2.2,1.56,1.19,1.53,2.35,3.75,1.24,4.0,1.22,1.46,1.29,1.53,2.9,2.25,3.1,2.65,2.6,2.8,0,0,1.18,1.33,1.62,2.04,2.69,4.5,2.93,2.18,1.74,1.42,1.64,8.5,2.66,1.86,16.75,1.96,4.6,5.5,1.3,2.3,5.25,14.0,3.25,1.53,1.13,1.02,1.17,1.82,3.5,7.75,4.5,1.87,1.26,1.07,0,0,0,0,0,0,0,0,0,0,0,1663443000,-1,0,64,17,37,0,-1,2,1,2,1,7,1,3,8,0,1,2,2,1,4,1,60,32,131,90,1.99,0.69,2.67,0,0,0,0,0,0,1,1,0,0,1,0,0,0,-1,-1,-1,-1,-1,-1,-1,-1,-1,17,30,60,83,93,37,67,80,50,11.93,3.53,4.4,2.94,/clubs/atlanta-united-fc-1016,teams/usa-atlanta-united-fc.png,Atlanta United FC,/clubs/philadelphia-union-16,teams/usa-philadelphia-union.png,Philadelphia Union,1.71,1.5,1.87,1.67,1.26,2.03,83,70,40,17,7,80,67,64,1.93,1.26,3.19,/usa/philadelphia-union-vs-atlanta-united-fc-h2h-stats#1541442,6969,34,False,False,False,False,False,False,False,[],[]
MLS,2022,6969,1541443,11,1,2022,complete,83993,0,-1,[],['72'],0,1,1,4,14,18,2,2,0,2,0,0,5,4,6,17,11,21,15,6,40,60,13812,21032.0,39282,,,0,2,2.22,3.55,3.15,1.04,1.22,1.75,2.6,4.75,10.5,3.9,2.14,1.42,1.16,1.58,2.25,3.3,1.29,4.1,1.21,1.37,1.3,1.61,2.8,2.15,3.4,2.5,2.55,3.1,0,0,1.21,1.42,1.76,2.22,2.93,3.74,2.69,2.02,1.6,1.33,2.14,7.7,2.04,1.78,14.5,2.1,4.0,6.0,1.33,2.45,5.75,15.0,3.0,1.49,1.11,1.02,1.19,1.87,3.7,8.5,4.2,1.82,1.24,1.06,0,0,0,0,1,0,0,0,1,1,0,1663457400,1,0,63,23,30,0,-1,2,1,2,8,2,6,10,8,0,0,0,2,0,2,1,33,52,90,106,1.29,1.98,3.27,0,0,0,0,0,0,1,1,0,0,0,4,0,0,-1,-1,-1,-1,-1,-1,-1,-1,-1,20,30,60,84,94,44,83,80,50,10.4,3.14,4.4,3.04,/clubs/new-england-revolution-11,teams/usa-new-england-revolution.png,New England Revolution,/clubs/montreal-impact-1,teams/canada-montreal-impact.png,Montreal Impact,1.59,2.06,1.6,1.93,1.23,1.81,80,70,40,17,7,63,50,37,1.63,1.39,3.02,/usa/montreal-impact-vs-new-england-revolution-h2h-stats#1541443,6969,34,True,False,False,False,False,False,False,[],['72']
MLS,2022,6969,1541444,17,19,2022,complete,83993,0,-1,"['9', '22', '47', '84']",[],4,0,4,4,4,8,1,0,1,3,0,0,8,3,11,9,19,12,1,1,44,56,20,21031.0,211,,,1,3,1.87,3.8,4.0,1.04,1.19,1.61,2.3,4.2,11.5,4.2,2.15,1.55,1.19,1.55,2.3,3.2,1.31,4.6,1.17,1.31,1.28,1.73,2.55,2.2,3.7,2.3,2.65,3.3,0,0,1.28,1.55,1.98,2.59,3.48,3.2,2.32,1.79,1.45,1.24,1.84,7.6,2.47,1.7,16.25,2.17,3.75,6.5,1.31,2.35,5.5,14.0,3.1,1.52,1.13,1.02,1.17,1.78,3.4,7.5,4.6,1.9,1.27,1.07,0,0,0,0,4,2,0,2,0,2,2,1663457400,17,0,53,27,27,0,-1,2,1,2,2,2,2,4,4,1,1,0,2,2,2,1,38,58,87,120,2.03,1.4,3.43,0,0,0,0,0,0,1,1,1,0,1,1,0,0,-1,-1,-1,-1,-1,-1,-1,-1,-1,20,30,57,77,97,37,70,83,50,9.0,2.07,4.0,3.17,/clubs/orlando-city-sc-17,teams/usa-orlando-city-sc.png,Orlando City,/clubs/toronto-fc-19,teams/canada-toronto-fc.png,Toronto,1.59,0.59,1.4,0.67,1.4,1.1,80,70,43,24,4,44,30,20,1.63,1.2,2.83,/usa/orlando-city-sc-vs-toronto-fc-h2h-stats#1541444,6969,34,True,True,True,True,False,False,False,"['9', '22', '47', '84']",[]
MLS,2022,6969,1541445,7,711351,2022,complete,83993,0,-1,"['3', '30']","['68', '76', '90+6']",2,3,5,4,4,8,1,4,2,4,0,0,4,7,9,8,13,15,23,13,40,60,45098,10695.0,44668,,,2,4,1.9,3.7,3.95,1.04,1.3,1.87,3.4,6.5,11.0,3.5,1.94,1.33,1.11,1.78,2.0,2.5,1.47,4.33,1.19,1.25,1.25,1.9,2.55,2.2,4.33,2.3,2.55,4.0,0,0,1.21,1.42,1.76,2.22,2.93,3.74,2.69,2.02,1.6,1.33,1.64,8.5,2.66,1.64,12.25,2.41,3.1,7.0,1.4,2.85,7.0,23.0,3.0,1.4,1.08,1.01,1.22,2.1,4.5,10.0,4.0,1.68,1.18,1.03,0,0,0,0,5,2,0,0,3,3,2,1663459200,711351,0,47,7,20,0,-1,2,1,0,2,4,2,2,6,1,1,1,3,2,4,1,39,43,75,113,1.38,1.75,3.14,0,0,0,0,0,0,1,1,1,0,0,0,0,0,-1,-1,-1,-1,-1,-1,-1,-1,-1,10,24,53,73,83,30,70,70,40,10.26,3.74,4.93,2.44,/clubs/chicago-fire-7,teams/usa-chicago-fire.png,Chicago Fire,/clubs/charlotte-fc-711351,teams/usa-charlotte-fc.png,Charlotte,1.35,0.65,1.47,0.53,1.13,1.17,90,77,47,27,17,67,57,43,1.35,1.22,2.57,/usa/chicago-fire-vs-charlotte-fc-h2h-stats#1541445,6969,34,True,True,True,True,True,False,True,"['3', '30']","['68', '76', '90+6']"
MLS,2022,6969,1541446,8,1015,2022,complete,83993,0,-1,"['31', '41', '45', '81']",['57'],4,1,5,5,4,9,0,3,1,1,0,0,8,2,6,5,14,7,9,12,57,43,42,18.0,5,,,1,1,1.98,3.95,3.45,1.02,1.18,1.57,2.5,4.33,17.0,4.75,2.25,1.52,1.2,1.53,2.35,3.25,1.31,4.8,1.16,1.3,1.27,1.78,2.5,2.25,3.7,2.25,2.7,3.4,0,0,1.22,1.45,1.81,2.3,3.08,3.64,2.61,1.95,1.56,1.3,1.53,8.3,3.26,1.69,17.5,2.17,3.9,6.5,1.29,2.3,5.25,13.5,3.25,1.55,1.13,1.02,1.16,1.77,3.3,7.5,4.6,1.93,1.28,1.08,0,0,0,0,5,3,0,1,1,2,3,1663461000,8,0,54,13,30,0,-1,2,1,4,0,1,4,4,5,0,0,1,1,0,2,1,42,34,90,88,1.75,0.84,2.59,0,0,0,0,0,0,1,1,0,0,1,0,0,0,-1,-1,-1,-1,-1,-1,-1,-1,-1,13,24,57,70,97,27,64,87,54,8.93,2.0,5.0,2.7,/clubs/sporting-kansas-city-8,teams/usa-sporting-kansas-city.png,Sporting KC,/clubs/minnesota-united-fc-1015,teams/usa-minnesota-united-fc.png,Minnesota United,1.71,1.11,1.53,1.27,1.1,1.45,87,77,43,30,4,64,54,40,1.47,1.26,2.73,/usa/sporting-kansas-city-vs-minnesota-united-fc-h2h-stats#1541446,6969,34,True,True,True,True,True,False,True,"['31', '41', '45', '81']",['57']
MLS,2022,6969,1541447,698284,677447,2022,complete,83993,0,-1,['61'],['56'],1,1,2,5,3,8,0,1,0,0,0,0,3,1,4,4,7,5,9,8,53,47,19912,2339.0,24795,,,0,0,2.28,3.75,2.9,1.03,1.19,1.57,2.22,4.33,12.0,4.2,2.25,1.59,1.19,1.55,2.3,3.4,1.27,4.33,1.19,1.38,1.27,1.65,2.7,2.25,3.3,2.45,2.65,3.1,0,0,1.21,1.42,1.76,2.22,2.93,3.74,2.69,2.02,1.6,1.33,1.66,8.0,2.83,1.77,16.5,2.07,4.4,5.8,1.3,2.35,5.5,14.5,3.2,1.51,1.12,1.02,1.17,1.8,3.4,7.75,4.6,1.88,1.27,1.07,0,0,0,0,2,0,0,1,1,2,0,1663462800,-1,0,64,20,27,0,20738,2,-1,2,1,3,2,3,5,0,0,0,0,0,0,1,0,0,0,0,0.94,0.71,1.65,0,1,0,1,0,0,1,1,0,0,0,0,-1,-1,-1,-1,-1,-1,-1,-1,-1,-1,-1,24,44,64,84,100,43,80,90,50,9.13,3.0,4.33,3.34,/clubs/austin-fc-698284,teams/usa-austin-fc.png,Austin,/clubs/nashville-sc-mls-677447,teams/usa-nashville-sc-mls.png,Nashville SC,1.79,1.44,1.87,1.47,1.74,1.48,77,57,37,17,0,57,37,30,1.71,1.18,2.89,/usa/nashville-sc-mls-vs-austin-fc-h2h-stats#1541447,6969,35,True,True,False,False,False,False,True,['61'],['56']
MLS,2022,6969,1541448,14,8043,2022,complete,83993,0,-1,['35'],"['44', '76']",1,2,3,6,4,10,0,2,1,1,0,0,7,3,9,5,16,8,6,12,59,41,11,8.0,40182,,,1,1,1.93,3.9,3.65,1.02,1.2,1.6,2.7,4.75,17.0,4.5,2.2,1.47,1.18,1.58,2.25,3.0,1.34,5.0,1.15,1.27,1.26,1.87,2.4,2.25,3.9,2.15,2.7,3.6,0,0,1.2,1.36,1.67,2.12,2.81,4.25,2.79,2.11,1.69,1.39,1.63,8.2,2.9,1.65,16.75,2.25,3.6,7.0,1.3,2.35,5.5,14.0,3.2,1.52,1.13,1.02,1.17,1.78,3.4,7.75,4.6,1.9,1.27,1.07,0,0,0,0,3,1,1,0,1,1,2,1663464600,8043,0,52,35,25,0,-1,2,1,1,0,5,4,1,9,0,1,1,0,1,1,1,58,36,95,95,1.92,0.99,2.9,1,0,0,0,1,0,1,1,0,0,0,0,0,0,-1,-1,-1,-1,-1,-1,-1,-1,-1,14,25,52,77,90,42,73,76,42,10.49,3.86,4.36,2.74,/clubs/real-salt-lake-14,teams/usa-real-salt-lake.png,Real Salt Lake,/clubs/fc-cincinnati-8043,teams/usa-fc-cincinnati.png,FC Cincinnati,1.88,1.47,1.93,1.29,1.39,1.4,86,76,49,24,10,72,59,59,1.58,1.2,2.78,/usa/real-salt-lake-vs-fc-cincinnati-h2h-stats#1541448,6969,35,True,True,True,False,False,False,True,['35'],"['44', '76']"
MLS,2022,6969,1541449,5,18,2022,complete,83993,0,-1,"['29', '37']",['89'],2,1,3,4,9,13,2,3,1,2,0,0,5,3,6,13,11,16,11,11,34,66,13851,41087.0,25,,,1,2,2.7,3.55,2.5,1.03,1.22,1.74,2.95,5.5,13.0,4.0,2.16,1.4,1.15,1.55,2.3,3.8,1.24,3.75,1.24,1.5,1.29,1.49,3.0,2.2,3.0,2.75,2.6,2.7,0,0,1.21,1.42,1.76,2.22,2.93,3.74,2.69,2.02,1.6,1.33,1.65,8.1,2.86,1.97,15.0,1.86,5.0,4.4,1.32,2.4,5.75,15.0,3.1,1.44,1.12,1.02,1.18,1.83,3.6,8.0,4.4,1.85,1.25,1.07,0,0,0,0,3,2,0,0,1,1,2,1663466400,5,0,53,10,33,0,-1,2,1,1,6,3,3,7,6,0,1,1,1,1,2,1,33,65,82,129,1.29,1.7,2.98,0,0,0,0,0,0,1,1,0,0,1,0,0,0,-1,-1,-1,-1,-1,-1,-1,-1,-1,17,24,57,67,94,20,64,80,47,8.47,2.74,3.94,2.7,/clubs/vancouver-whitecaps-fc-5,teams/canada-vancouver-whitecaps-fc.png,Vancouver Whitecaps,/clubs/seattle-sounders-fc-18,teams/usa-seattle-sounders-fc.png,Seattle Sounders,1.94,0.65,1.8,0.73,1.19,1.3,84,77,43,33,7,57,47,37,1.37,1.21,2.58,/usa/vancouver-whitecaps-fc-vs-seattle-sounders-fc-h2h-stats#1541449,6969,34,True,True,True,False,False,False,True,"['29', '37']",['89']
MLS,2022,6969,1541450,10,12,2022,complete,83993,0,-1,"['22', '28', '31', '52']",['90+1'],4,1,5,3,8,11,1,1,0,5,1,0,10,6,9,10,19,16,12,15,52,48,13893,2.0,11434,,,2,5,1.71,4.1,4.5,1.02,1.14,1.61,2.25,3.6,19.0,5.5,2.13,1.57,1.28,1.49,2.45,3.1,1.32,6.25,1.11,1.22,1.23,2.05,2.2,2.37,4.1,1.98,2.85,3.9,0,0,1.19,1.39,1.72,2.15,2.84,3.98,2.81,2.07,1.64,1.35,1.48,8.5,3.48,1.54,22.5,2.4,3.3,9.0,1.25,2.0,4.6,11.5,3.6,1.65,1.17,1.04,1.13,1.65,3.0,6.25,5.25,2.1,1.34,1.1,0,0,0,0,5,3,0,1,1,2,3,1663468200,10,0,64,24,24,0,-1,2,1,2,3,1,5,5,6,0,2,1,3,2,4,1,33,52,71,83,2.13,1.8,3.93,0,0,0,0,0,0,1,1,0,0,1,1,0,0,-1,-1,-1,-1,-1,-1,-1,-1,-1,27,47,70,84,97,54,80,93,53,12.07,3.0,5.54,3.5,/clubs/la-galaxy-10,teams/usa-la-galaxy.png,LA Galaxy,/clubs/colorado-rapids-12,teams/usa-colorado-rapids.png,Colorado Rapids,1.72,0.47,1.6,0.47,1.33,1.26,74,54,30,17,4,60,54,54,1.68,1.31,2.99,/usa/la-galaxy-vs-colorado-rapids-h2h-stats#1541450,6969,34,True,True,True,True,True,False,True,"['22', '28', '31', '52']",['90+1']
MLS,2022,6969,1541451,9,20,2022,complete,83993,0,-1,['36'],['90+5'],1,1,2,3,8,11,5,0,3,4,0,0,5,3,12,7,17,10,7,21,53,47,13864,13.0,42128,,,3,4,1.74,3.96,4.18,1.03,1.2,1.62,2.75,4.75,15.0,4.33,2.18,1.47,1.18,1.62,2.15,2.8,1.39,5.0,1.15,1.23,1.27,1.95,2.35,2.2,4.2,2.1,2.65,3.9,0,0,1.2,1.42,1.76,2.22,2.93,3.84,2.69,2.02,1.6,1.33,1.34,9.3,4.36,1.58,16.0,2.4,3.3,7.5,1.32,2.37,5.5,14.5,3.1,1.5,1.12,1.02,1.18,1.83,3.6,8.0,4.4,1.85,1.25,1.07,0,0,0,0,2,1,0,0,1,1,1,1663520400,-1,0,57,10,40,0,-1,2,1,1,0,2,8,1,10,1,2,2,2,3,4,1,55,60,132,79,1.83,1.27,3.1,0,0,0,0,0,0,1,1,0,0,0,0,1,0,-1,-1,-1,-1,-1,-1,-1,-1,-1,20,34,54,80,87,24,77,83,57,9.13,2.33,4.53,2.83,/clubs/columbus-crew-9,teams/usa-columbus-crew.png,Columbus Crew,/clubs/portland-timbers-20,teams/usa-portland-timbers.png,Portland Timbers,1.59,0.94,1.53,1.0,1.37,1.45,80,67,47,20,14,60,50,37,1.79,1.21,3.0,/usa/columbus-crew-vs-portland-timbers-h2h-stats#1541451,6969,34,True,True,False,False,False,False,True,['36'],['90+5']
MLS,2022,6969,1541452,13401,677446,2022,complete,83993,0,-1,"['22', '57']","['39', '53', '90+4']",2,3,5,5,5,10,0,3,2,3,0,0,5,6,12,4,17,10,11,9,43,57,31,38056.0,28121,,,2,3,2.28,3.55,2.55,1.03,1.25,1.73,3.0,5.5,13.0,3.75,2.02,1.38,1.14,1.61,2.2,3.2,1.31,4.1,1.21,1.36,1.29,1.66,2.7,2.15,3.5,2.4,2.55,3.2,0,0,1.22,1.44,1.79,2.26,3.04,3.64,2.62,1.98,1.58,1.31,1.72,7.9,2.69,1.75,14.0,2.1,3.9,6.0,1.33,2.5,6.0,16.0,3.0,1.47,1.11,1.02,1.19,1.88,3.7,8.5,4.2,1.8,1.24,1.06,0,0,0,0,5,1,1,1,2,3,2,1663534800,677446,0,44,17,17,0,-1,2,1,2,3,3,2,5,5,1,0,1,3,1,4,1,45,39,91,88,1.75,1.34,3.09,0,0,0,0,0,0,1,1,0,0,1,0,0,0,-1,-1,-1,-1,-1,-1,-1,-1,-1,14,37,47,70,90,44,73,77,30,9.4,3.2,4.07,2.63,/clubs/dc-united-13401,teams/usa-dc-united.png,DC United,/clubs/club-internacional-de-futbol-miami-677446,teams/usa-club-internacional-de-futbol-miami.png,Inter Miami,0.94,0.83,1.07,0.6,0.87,1.3,87,64,54,30,10,54,40,24,1.35,1.14,2.49,/usa/dc-united-vs-club-internacional-de-futbol-miami-h2h-stats#1541452,6969,34,True,True,True,True,True,False,True,"['22', '57']","['39', '53', '90+4']"
MLS,2022,6969,1541453,6490,6,2022,complete,83993,0,-1,"['8', '45+4', '52']",['24'],3,1,4,4,7,11,5,1,0,1,0,0,7,1,13,10,20,11,15,14,49,51,39,39588.0,28325,,,0,1,1.21,5.8,8.7,1.02,1.12,1.4,1.93,3.4,13.0,6.0,2.9,1.8,1.3,1.82,1.9,2.05,1.7,9.75,1.05,1.06,1.14,3.7,1.65,2.7,7.5,1.5,3.3,7.25,0,0,1.14,1.23,1.44,1.75,2.29,5.2,3.56,2.62,2.05,1.57,1.11,10.25,7.5,1.27,26.0,3.6,2.2,17.0,1.23,2.0,4.2,10.0,3.75,1.71,1.2,1.05,1.13,1.63,2.9,6.0,5.5,2.1,1.35,1.11,0,0,0,0,4,2,1,1,0,1,3,1663554600,6490,0,64,20,24,0,22131,2,1,3,3,1,4,6,5,0,1,0,0,1,0,1,43,44,103,107,2.06,1.09,3.15,2,0,2,0,0,0,1,1,1,0,0,1,0,1,-1,-1,-1,-1,-1,-1,-1,-1,-1,14,34,74,93,100,34,70,93,70,11.66,2.6,4.87,3.17,/clubs/los-angeles-fc-6490,teams/usa-los-angeles-fc.png,Los Angeles FC,/clubs/houston-dynamo-6,teams/usa-houston-dynamo.png,Houston Dynamo,2.4,0.76,2.53,0.67,1.97,1.06,87,67,27,7,0,83,77,64,2.06,1.19,3.25,/usa/houston-dynamo-vs-los-angeles-fc-h2h-stats#1541453,6969,34,True,True,True,True,False,False,True,"['8', '45+4', '52']",['24']
MLS,2022,6969,1541454,15,1015,2022,complete,83993,0,-1,"['52', '71']",[],2,0,2,7,6,13,2,1,4,3,0,0,7,2,13,12,20,14,11,9,55,45,20,23354.0,5,,,4,3,2.3,3.75,2.7,1.02,1.16,1.53,2.38,4.2,12.0,5.0,2.5,1.53,1.22,1.5,2.5,3.8,1.23,4.33,1.18,1.44,1.25,1.58,2.75,2.4,3.25,2.5,2.7,2.88,0,0,1.18,1.37,1.69,2.11,2.75,4.1,2.89,2.12,1.67,1.37,1.64,7.5,2.7,1.73,18.5,2.1,4.6,5.5,1.29,2.25,5.5,15.0,3.5,1.57,1.14,1.03,1.15,1.72,3.2,7.0,5.0,1.98,1.3,1.08,0,0,0,0,2,0,0,2,0,2,0,1664676000,15,0,75,22,57,0,15709,2,1,3,5,4,1,8,5,1,2,3,1,3,4,1,52,42,112,106,2.13,1.33,3.46,0,0,0,0,0,0,1,1,0,0,1,0,1,1,-1,-1,-1,-1,-1,-1,-1,-1,-1,22,41,69,85,100,38,72,88,69,10.57,2.38,4.69,3.32,/clubs/san-jose-earthquakes-15,teams/usa-san-jose-earthquakes.png,SJ Earthquakes,/clubs/minnesota-united-fc-1015,teams/usa-minnesota-united-fc.png,Minnesota United,1.59,1.11,1.5,1.19,0.97,1.41,78,60,31,16,0,81,63,47,1.67,1.23,2.9,/usa/san-jose-earthquakes-vs-minnesota-united-fc-h2h-stats#1541454,6969,34,True,True,False,False,False,False,False,"['52', '71']",[]
MLS,2022,6969,1541455,19,677446,2022,complete,83993,0,-1,[],['86'],0,1,1,3,3,6,0,3,3,2,0,0,3,5,8,10,11,15,6,15,41,59,44,211.0,28121,,,3,2,1.91,3.5,3.25,1.02,1.16,1.6,2.25,4.0,12.0,5.0,2.3,1.57,1.22,1.53,2.38,3.4,1.27,5.0,1.15,1.33,1.25,1.75,2.6,2.4,3.6,2.25,2.75,3.25,0,0,1.2,1.41,1.75,2.2,2.93,3.84,2.73,2.03,1.61,1.33,1.52,7.5,3.05,1.62,17.75,2.3,4.0,6.5,1.29,2.25,5.5,15.0,3.5,1.57,1.14,1.03,1.15,1.71,3.2,7.0,5.0,2.0,1.3,1.09,0,0,0,0,1,0,0,0,1,1,0,1664580600,677446,0,63,28,35,0,-1,2,1,3,1,0,2,4,2,1,2,2,0,3,2,1,44,50,98,105,1.23,1.66,2.89,0,0,0,0,0,0,1,1,0,0,0,0,0,0,-1,-1,-1,-1,-1,-1,-1,-1,-1,16,44,63,79,97,41,85,85,38,9.51,3.31,3.88,3.07,/clubs/toronto-fc-19,teams/canada-toronto-fc.png,Toronto,/clubs/club-internacional-de-futbol-miami-677446,teams/usa-club-internacional-de-futbol-miami.png,Inter Miami,1.41,0.83,1.5,0.75,1.06,1.35,85,57,38,22,3,63,47,35,1.51,1.15,2.66,/usa/toronto-fc-vs-club-internacional-de-futbol-miami-h2h-stats#1541455,6969,34,True,False,False,False,False,False,False,[],['86']
MLS,2022,6969,1541456,11,1016,2022,complete,83993,0,-1,"['32', '85']",['81'],2,1,3,5,6,11,0,1,2,2,0,0,4,4,12,15,16,19,8,9,38,62,7,21032.0,40852,,,2,2,2.25,3.75,2.8,1.03,1.16,1.45,2.23,3.93,18.0,5.57,2.63,1.6,1.27,1.44,2.63,3.8,1.23,4.5,1.17,1.42,1.25,1.62,2.75,2.4,3.25,2.5,2.75,2.88,0,0,1.18,1.32,1.61,2.03,2.66,4.5,2.98,2.2,1.75,1.43,1.63,7.5,2.7,1.73,19.5,2.1,4.4,5.8,1.25,2.25,5.5,15.0,3.75,1.57,1.14,1.03,1.14,1.68,3.1,6.75,5.0,2.0,1.32,1.09,0,0,0,0,3,1,0,1,1,2,1,1664645400,11,0,57,19,35,0,-1,2,1,2,1,3,5,3,8,2,2,0,0,4,0,1,58,55,100,117,1.71,1.88,3.59,1,0,1,0,0,0,1,1,0,0,1,0,0,1,-1,-1,-1,-1,-1,-1,-1,-1,-1,6,25,57,69,91,25,72,79,44,11.19,3.13,3.57,2.47,/clubs/new-england-revolution-11,teams/usa-new-england-revolution.png,New England Revolution,/clubs/atlanta-united-fc-1016,teams/usa-atlanta-united-fc.png,Atlanta United FC,1.59,0.65,1.5,0.69,1.19,1.25,94,75,44,32,10,69,57,54,1.61,1.56,3.17,/usa/new-england-revolution-vs-atlanta-united-fc-h2h-stats#1541456,6969,34,True,True,True,False,False,False,True,"['32', '85']",['81']
MLS,2022,6969,1541457,12,13,2022,complete,83993,0,-1,['66'],[],1,0,1,3,4,7,0,2,2,1,1,0,6,1,5,10,11,11,14,5,42,58,11,11434.0,21189,,,4,1,2.1,3.7,3.1,1.02,1.22,1.58,2.65,4.69,14.5,4.5,2.25,1.51,1.2,1.53,2.38,3.3,1.28,4.5,1.17,1.35,1.25,1.72,2.75,2.38,3.5,2.38,2.7,3.1,0,0,1.27,1.53,1.94,2.53,3.42,3.28,2.38,1.82,1.47,1.25,1.58,7.0,2.88,1.67,15.5,2.2,3.9,6.5,1.3,2.38,6.0,17.0,3.4,1.53,1.13,1.03,1.16,1.77,3.4,7.5,4.75,1.93,1.28,1.07,0,0,0,0,1,0,0,1,0,1,0,1664652600,12,0,56,25,16,0,-1,2,1,2,2,1,2,4,3,0,1,3,0,1,3,1,39,48,78,91,1.4,1.12,2.51,0,0,0,0,0,0,1,1,0,0,0,0,0,0,-1,-1,-1,-1,-1,-1,-1,-1,-1,7,35,47,79,91,38,75,72,32,8.5,3.06,5.44,2.63,/clubs/colorado-rapids-12,teams/usa-colorado-rapids.png,Colorado Rapids,/clubs/fc-dallas-13,teams/usa-fc-dallas.png,FC Dallas,2.06,1.06,2.0,1.19,1.22,1.56,94,66,54,22,10,72,44,28,1.54,1.06,2.6,/usa/colorado-rapids-vs-fc-dallas-h2h-stats#1541457,6969,34,True,False,False,False,False,False,False,['66'],[]
MLS,2022,6969,1541458,711351,16,2022,complete,83993,0,-1,"['24', '54', '72', '90+1']",[],4,0,4,6,5,11,2,2,1,2,0,1,4,2,6,11,10,13,19,18,53,47,13889,44668.0,12,,,1,3,2.7,3.4,2.5,1.0,1.22,1.76,2.73,4.84,11.0,3.9,2.13,1.41,1.13,1.62,2.2,3.6,1.24,3.5,1.26,1.5,1.29,1.46,3.25,2.25,3.0,2.88,2.55,2.63,0,0,1.22,1.45,1.81,2.3,3.08,3.64,2.61,1.95,1.56,1.3,2.06,7.0,2.06,2.1,11.0,1.8,5.0,4.5,1.33,2.63,6.5,19.0,3.25,1.44,1.11,1.02,1.19,1.88,3.7,8.5,4.2,1.8,1.24,1.06,0,0,0,0,4,1,0,3,0,3,1,1664659800,711351,0,39,10,26,0,-1,2,1,3,1,3,4,4,7,0,1,1,2,1,3,1,55,44,101,92,1.32,1.28,2.6,1,0,1,0,0,0,1,1,0,0,1,0,0,0,-1,-1,-1,-1,-1,-1,-1,-1,-1,10,20,39,68,94,16,62,78,42,9.49,2.43,4.04,2.33,/clubs/charlotte-fc-711351,teams/usa-charlotte-fc.png,Charlotte,/clubs/philadelphia-union-16,teams/usa-philadelphia-union.png,Philadelphia Union,1.82,1.5,1.8,1.63,1.23,2.0,91,81,62,32,7,74,55,45,1.43,1.23,2.66,/usa/philadelphia-union-vs-charlotte-fc-h2h-stats#1541458,6969,34,True,True,True,True,False,False,False,"['24', '54', '72', '90+1']",[]
MLS,2022,6969,1541459,2,17,2022,complete,83993,0,-1,"['66', '81']",['47'],2,1,3,4,7,11,1,2,2,2,0,0,7,2,8,12,15,14,10,19,57,43,13893,27505.0,21031,,,2,2,1.77,3.7,4.35,1.0,1.26,1.73,2.95,5.57,10.5,4.06,2.02,1.42,1.16,1.7,2.05,2.6,1.42,4.75,1.16,1.23,1.26,1.95,2.4,2.3,4.33,2.1,2.6,4.0,0,0,1.25,1.49,1.88,2.42,3.28,3.42,2.47,1.88,1.51,1.27,1.43,7.5,3.45,1.53,10.5,2.63,3.1,7.5,1.33,2.63,6.5,19.0,3.25,1.44,1.11,1.02,1.19,1.9,3.8,8.75,4.2,1.78,1.23,1.06,0,0,0,0,3,0,0,2,1,3,0,1664730000,2,0,55,19,29,0,-1,2,1,1,6,3,1,7,4,0,0,2,2,0,4,1,38,32,107,77,1.72,1.26,2.97,0,0,0,0,0,0,1,1,0,0,0,3,0,0,-1,-1,-1,-1,-1,-1,-1,-1,-1,19,29,42,78,94,38,74,71,45,9.92,3.21,5.3,2.82,/clubs/new-york-city-fc-2,teams/usa-new-york-city-fc.png,New York City,/clubs/orlando-city-sc-17,teams/usa-orlando-city-sc.png,Orlando City,2.06,1.17,1.94,1.4,1.53,1.45,81,72,59,23,7,62,48,45,1.89,1.03,2.92,/usa/new-york-city-fc-vs-orlando-city-sc-h2h-stats#1541459,6969,35,True,True,True,False,False,False,True,"['66', '81']",['47']
MLS,2022,6969,1541460,8043,7,2022,complete,83993,0,-1,"['78', '89']","['56', '59', '75']",2,3,5,7,5,12,3,0,2,3,1,0,4,4,14,8,18,12,11,13,53,47,19912,40182.0,10695,,,4,3,1.73,3.9,4.2,1.02,1.18,1.56,2.5,4.33,17.0,4.75,2.32,1.52,1.2,1.62,2.2,2.75,1.39,5.25,1.13,1.22,1.24,2.0,2.3,2.4,4.5,2.0,2.7,4.0,0,0,1.24,1.48,1.86,2.39,3.2,3.48,2.5,1.9,1.52,1.28,1.38,8.0,3.7,1.5,16.5,2.63,3.2,7.5,1.3,2.38,6.0,17.0,3.4,1.53,1.13,1.03,1.17,1.8,3.4,7.75,4.6,1.88,1.27,1.07,0,0,0,0,5,0,0,2,3,5,0,1664667000,7,0,60,35,31,0,-1,2,1,1,2,6,3,3,9,1,0,2,3,1,5,1,55,48,108,103,1.81,1.39,3.2,0,0,0,0,0,0,1,1,0,0,0,0,0,0,-1,-1,-1,-1,-1,-1,-1,-1,-1,32,50,60,79,91,41,72,82,41,8.44,3.25,4.94,3.32,/clubs/fc-cincinnati-8043,teams/usa-fc-cincinnati.png,FC Cincinnati,/clubs/chicago-fire-7,teams/usa-chicago-fire.png,Chicago Fire,1.41,0.94,1.5,0.81,1.44,1.09,69,50,41,22,10,63,47,29,1.74,1.47,3.21,/usa/chicago-fire-vs-fc-cincinnati-h2h-stats#1541460,6969,34,True,True,True,True,True,False,True,"['78', '89']","['56', '59', '75']"
MLS,2022,6969,1541461,9,4,2022,complete,83993,0,-1,"['89', '90+3']",['53'],2,1,3,4,4,8,1,0,2,2,0,0,4,3,5,8,9,11,12,22,69,31,42,13.0,11574,,,2,2,2.2,3.3,3.2,1.05,1.3,1.87,3.4,6.5,11.0,3.4,1.83,1.3,1.1,1.75,2.0,2.87,1.36,3.7,1.24,1.35,1.3,1.63,2.88,2.2,3.75,2.5,2.45,3.2,0,0,1.24,1.48,1.86,2.38,3.2,3.48,2.5,1.9,1.53,1.28,1.65,7.0,2.7,1.73,9.0,2.3,3.8,5.8,1.4,2.75,8.0,21.0,2.75,1.4,1.08,1.02,1.23,2.05,4.33,10.5,3.8,1.68,1.19,1.04,0,0,0,0,3,0,0,2,1,3,0,1664667000,9,0,41,13,16,0,-1,2,1,2,2,2,2,4,4,1,1,1,1,2,2,1,44,32,110,111,1.18,1.15,2.33,0,0,0,0,0,0,1,1,0,0,1,0,0,0,-1,-1,-1,-1,-1,-1,-1,-1,-1,10,19,38,72,88,25,69,72,38,10.38,3.37,4.88,2.32,/clubs/columbus-crew-9,teams/usa-columbus-crew.png,Columbus Crew,/clubs/new-york-red-bulls-4,teams/usa-new-york-red-bulls.png,New York RB,1.59,1.76,1.5,1.88,1.35,1.56,91,81,63,28,13,78,66,44,1.79,1.42,3.21,/usa/new-york-red-bulls-vs-columbus-crew-h2h-stats#1541461,6969,34,True,True,True,False,False,False,True,"['89', '90+3']",['53']
MLS,2022,6969,1541462,1,13401,2022,complete,83993,0,-1,['41'],[],1,0,1,2,3,5,1,3,0,2,0,1,6,3,10,5,16,8,10,13,65,35,13851,39282.0,38056,,,0,4,1.5,4.4,5.8,1.02,1.16,1.5,2.3,4.0,12.0,5.0,2.48,1.57,1.22,1.67,2.1,2.45,1.47,7.0,1.09,1.14,1.18,2.55,1.95,2.6,5.5,1.73,2.95,5.0,0,0,1.22,1.45,1.81,2.3,3.08,3.64,2.61,1.95,1.56,1.3,1.27,8.5,4.6,1.33,19.25,3.25,2.62,11.0,1.25,2.2,5.5,15.0,3.75,1.62,1.14,1.03,1.14,1.73,3.4,8.0,5.5,2.0,1.3,1.08,0,0,0,0,1,1,0,0,0,0,1,1664667000,1,0,54,25,25,0,-1,2,1,1,2,1,1,3,2,0,0,0,3,0,3,1,48,23,117,60,1.78,0.89,2.67,1,0,0,0,1,0,1,1,0,0,0,1,0,0,-1,-1,-1,-1,-1,-1,-1,-1,-1,22,35,69,72,94,38,69,88,44,9.31,2.75,4.44,3.13,/clubs/montreal-impact-1,teams/canada-montreal-impact.png,Montreal Impact,/clubs/dc-united-13401,teams/usa-dc-united.png,DC United,1.74,0.65,1.69,0.69,1.84,0.84,78,66,32,28,6,63,60,38,1.61,1.03,2.64,/usa/montreal-impact-vs-dc-united-h2h-stats#1541462,6969,34,True,False,False,False,False,False,False,['41'],[]
MLS,2022,6969,1541463,5,698284,2022,complete,83993,0,-1,"['7', '62']",[],2,0,2,2,4,6,4,1,2,4,0,0,5,0,3,13,8,13,11,12,31,69,13841,41087.0,2339,,,2,4,2.3,3.6,2.8,1.02,1.2,1.62,2.7,4.75,15.0,4.33,2.18,1.47,1.18,1.57,2.25,3.5,1.26,4.1,1.2,1.41,1.28,1.58,2.88,2.3,3.4,2.5,2.6,3.0,0,0,1.22,1.45,1.81,2.3,3.08,3.64,2.61,1.95,1.56,1.3,1.65,7.5,2.7,1.73,15.25,2.1,4.5,5.0,1.3,2.5,6.0,17.0,3.4,1.5,1.13,1.03,1.18,1.83,3.75,9.0,4.5,1.83,1.25,1.07,0,0,0,0,2,1,0,1,0,1,1,1664676000,5,0,56,10,25,0,19292,2,1,0,2,2,2,2,4,0,1,2,3,1,5,1,23,63,75,136,1.03,1.29,2.32,0,0,0,0,0,0,1,1,1,0,0,0,0,0,-1,-1,-1,-1,-1,-1,-1,-1,-1,16,25,69,75,94,29,60,94,44,7.69,3.56,4.81,2.82,/clubs/vancouver-whitecaps-fc-5,teams/canada-vancouver-whitecaps-fc.png,Vancouver Whitecaps,/clubs/austin-fc-698284,teams/usa-austin-fc.png,Austin,1.94,1.44,1.88,1.63,1.25,1.72,85,75,31,25,7,57,41,38,1.37,1.24,2.61,/usa/vancouver-whitecaps-fc-vs-austin-fc-h2h-stats#1541463,6969,34,True,True,False,False,False,False,False,"['7', '62']",[]
MLS,2022,6969,1541464,10,14,2022,complete,83993,0,-1,['68'],['25'],1,1,2,2,3,5,1,2,2,1,0,0,7,5,9,6,16,11,11,13,63,37,39,2.0,8,,,2,1,1.67,4.0,4.5,1.02,1.16,1.52,2.33,3.75,17.0,5.0,2.6,1.55,1.25,1.57,2.25,2.75,1.38,5.75,1.11,1.2,1.22,2.15,2.25,2.5,4.5,1.95,2.8,4.0,0,0,1.18,1.32,1.61,2.03,2.66,4.5,2.98,2.2,1.75,1.43,1.37,8.5,3.75,1.44,18.75,2.63,3.0,9.0,1.29,2.25,5.5,15.0,3.5,1.57,1.14,1.03,1.15,1.71,3.2,7.0,5.0,1.98,1.3,1.09,0,0,0,0,2,0,1,1,0,1,1,1664677800,-1,0,60,10,31,0,26674,2,1,0,3,2,0,3,2,1,0,1,1,1,2,1,40,33,130,103,1.8,1.29,3.09,2,0,1,0,1,0,1,1,0,0,0,3,0,0,-1,-1,-1,-1,-1,-1,-1,-1,-1,29,41,63,81,94,38,72,88,60,11.44,3.13,4.5,3.19,/clubs/la-galaxy-10,teams/usa-la-galaxy.png,LA Galaxy,/clubs/real-salt-lake-14,teams/usa-real-salt-lake.png,Real Salt Lake,1.72,0.89,1.69,0.88,1.44,1.34,72,60,38,19,7,72,63,54,1.7,1.22,2.92,/usa/la-galaxy-vs-real-salt-lake-h2h-stats#1541464,6969,35,True,True,False,False,False,False,True,['68'],['25']
MLS,2022,6969,1541465,20,6490,2022,complete,83993,0,-1,['81'],"['51', '90+5']",1,2,3,6,5,11,0,3,2,2,0,0,8,6,7,3,15,9,15,14,52,48,31,42128.0,39588,,,2,2,3.0,3.65,2.2,1.02,1.17,1.45,2.3,3.71,18.0,5.31,2.5,1.57,1.29,1.44,2.63,4.8,1.15,3.8,1.23,1.65,1.26,1.37,3.25,2.4,2.75,2.88,2.75,2.5,0,0,1.18,1.32,1.61,2.03,2.66,4.5,2.98,2.2,1.75,1.43,2.16,7.5,1.95,2.1,19.75,1.73,6.5,4.4,1.25,2.25,5.5,15.0,3.75,1.57,1.14,1.03,1.14,1.65,3.0,6.25,5.25,2.1,1.34,1.1,0,0,0,0,3,0,0,1,2,3,0,1664737200,6490,0,69,19,29,0,-1,2,1,2,2,4,3,4,7,0,0,2,2,0,4,1,65,52,130,100,1.98,1.37,3.36,0,0,0,0,0,0,1,1,0,0,0,1,0,0,-1,-1,-1,-1,-1,-1,-1,-1,-1,13,19,53,88,97,32,72,91,53,9.13,2.13,6.13,2.85,/clubs/portland-timbers-20,teams/usa-portland-timbers.png,Portland Timbers,/clubs/los-angeles-fc-6490,teams/usa-los-angeles-fc.png,Los Angeles FC,1.76,1.53,1.88,1.44,1.44,2.0,88,81,47,13,3,75,57,53,1.48,1.42,2.9,/usa/portland-timbers-vs-los-angeles-fc-h2h-stats#1541465,6969,34,True,True,True,False,False,False,True,['81'],"['51', '90+5']"
MLS,2022,6969,1541466,8,18,2022,complete,83993,0,-1,['41'],[],1,0,1,5,3,8,0,1,1,2,0,0,11,1,5,9,16,10,7,13,51,49,15,18.0,25,,,1,2,2.12,3.4,3.35,1.0,1.24,1.68,2.79,5.16,11.0,4.22,2.07,1.46,1.18,1.62,2.2,3.1,1.31,4.2,1.19,1.34,1.28,1.68,2.75,2.3,3.6,2.38,2.55,3.25,0,0,1.25,1.49,1.88,2.42,3.28,3.42,2.47,1.88,1.51,1.27,1.58,7.5,2.88,1.67,11.25,2.3,3.8,6.0,1.33,2.63,6.5,19.0,3.25,1.44,1.11,1.02,1.19,1.87,3.7,8.5,4.33,1.82,1.24,1.06,0,0,0,0,1,1,0,0,0,0,1,1664744400,8,0,50,16,28,0,19439,2,1,4,1,1,2,5,3,1,0,0,2,1,2,1,42,41,110,98,2.09,1.01,3.1,0,0,0,0,0,0,1,1,0,0,1,0,0,0,-1,-1,-1,-1,-1,-1,-1,-1,-1,19,22,50,66,97,31,75,78,41,9.31,2.37,4.07,2.66,/clubs/sporting-kansas-city-8,teams/usa-sporting-kansas-city.png,Sporting KC,/clubs/seattle-sounders-fc-18,teams/usa-seattle-sounders-fc.png,Seattle Sounders,1.71,0.65,1.63,0.69,1.16,1.25,81,78,50,35,3,63,51,35,1.49,1.24,2.73,/usa/sporting-kansas-city-vs-seattle-sounders-fc-h2h-stats#1541466,6969,34,True,False,False,False,False,False,False,['41'],[]
MLS,2022,6969,1541467,677447,6,2022,complete,83993,0,-1,['90+6'],"['29', '39']",1,2,3,12,3,15,1,2,1,1,0,1,3,3,10,2,13,5,8,8,52,48,5016,24795.0,28325,,,1,2,1.48,4.2,6.75,1.03,1.2,1.61,2.5,4.33,12.5,4.2,2.23,1.47,1.18,1.77,1.93,2.25,1.57,6.25,1.1,1.13,1.2,2.55,1.95,2.37,5.25,1.75,2.8,5.25,0,0,1.2,1.41,1.75,2.2,2.93,3.84,2.73,2.03,1.61,1.33,1.27,9.0,4.6,1.41,16.75,3.15,2.5,11.0,1.29,2.3,5.25,14.0,3.3,1.53,1.13,1.02,1.17,1.82,3.5,8.0,4.5,1.85,1.25,1.07,0,0,0,0,3,0,2,1,0,1,2,1664757000,6,0,69,19,32,0,-1,2,1,4,1,8,2,5,10,0,0,1,2,0,3,1,0,0,0,0,1.54,0.76,2.3,0,1,0,1,0,0,1,1,0,0,0,0,0,0,-1,-1,-1,-1,-1,-1,-1,-1,-1,10,28,72,91,97,31,75,91,66,9.38,3.57,4.88,3.07,/clubs/nashville-sc-mls-677447,teams/usa-nashville-sc-mls.png,Nashville SC,/clubs/houston-dynamo-6,teams/usa-houston-dynamo.png,Houston Dynamo,1.41,0.76,1.5,0.63,1.47,1.03,91,72,29,10,3,60,47,35,1.69,1.18,2.87,/usa/houston-dynamo-vs-nashville-sc-mls-h2h-stats#1541467,6969,34,True,True,True,False,False,False,True,['90+6'],"['29', '39']"
MLS,2022,6969,1541468,1016,2,2022,complete,83993,0,-1,['67'],"['9', '60']",1,2,3,5,4,9,3,4,3,4,0,0,4,3,8,11,12,14,10,13,55,45,11,40852.0,27505,,,3,4,1.7,4.0,4.2,1.02,1.17,1.54,2.25,4.2,17.0,5.0,2.38,1.58,1.22,1.53,2.38,3.2,1.3,4.8,1.15,1.29,1.26,1.78,2.5,2.4,3.75,2.2,2.7,3.4,0,0,1.2,1.39,1.68,2.16,2.95,3.9,2.65,2.14,1.67,1.32,1.52,5.75,2.8,1.57,17.75,2.38,3.8,7.0,1.29,2.38,5.5,15.0,3.5,1.53,1.14,1.03,1.15,1.73,3.2,7.0,4.8,1.98,1.3,1.08,0,0,0,0,3,0,1,1,1,2,1,1665340200,2,0,57,22,32,0,43312,2,1,2,2,3,2,4,5,1,1,2,3,2,5,1,47,45,120,99,1.39,1.42,2.81,0,0,0,0,0,0,1,1,0,1,1,1,0,1,-1,-1,-1,-1,-1,-1,-1,-1,-1,22,29,60,72,88,44,72,72,38,11.75,3.32,4.44,2.85,/clubs/atlanta-united-fc-1016,teams/usa-atlanta-united-fc.png,Atlanta United FC,/clubs/new-york-city-fc-2,teams/usa-new-york-city-fc.png,New York City,1.71,1.26,1.81,1.13,1.21,1.58,78,72,41,29,13,78,66,47,1.93,1.39,3.32,/usa/new-york-city-fc-vs-atlanta-united-fc-h2h-stats#1541468,6969,34,True,True,True,False,False,False,True,['67'],"['9', '60']"
MLS,2022,6969,1541469,7,11,2022,complete,83993,0,-1,['90+2'],['88'],1,1,2,8,0,8,1,0,2,2,0,0,4,3,10,9,14,12,17,11,55,45,13942,10695.0,21032,,,2,2,2.35,3.75,2.6,1.02,1.2,1.52,2.65,4.75,15.0,4.33,2.4,1.47,1.18,1.53,2.38,3.4,1.28,4.4,1.18,1.34,1.29,1.66,2.63,2.38,3.6,2.38,2.6,3.2,0,0,1.19,1.31,1.63,2.09,2.6,4.4,3.0,2.2,1.72,1.4,1.58,6.0,2.6,1.67,17.25,2.25,4.4,6.0,1.3,2.38,6.0,17.0,3.4,1.53,1.13,1.03,1.17,1.78,3.4,7.5,4.6,1.9,1.27,1.07,0,0,0,0,2,0,0,1,1,2,0,1665340200,-1,0,57,19,44,0,14357,2,1,4,0,4,0,4,4,2,0,0,2,2,2,1,46,37,92,107,1.5,1.25,2.74,0,0,0,0,0,0,1,1,0,0,0,0,0,0,-1,-1,-1,-1,-1,-1,-1,-1,-1,19,44,63,72,82,35,69,72,60,9.5,4.19,4.63,2.81,/clubs/chicago-fire-7,teams/usa-chicago-fire.png,Chicago Fire,/clubs/new-england-revolution-11,teams/usa-new-england-revolution.png,New England Revolution,1.35,0.88,1.38,0.88,1.15,1.24,82,57,38,29,19,60,57,41,1.35,1.38,2.73,/usa/chicago-fire-vs-new-england-revolution-h2h-stats#1541469,6969,34,True,True,False,False,False,False,True,['90+2'],['88']
MLS,2022,6969,1541470,13401,8043,2022,complete,83993,0,-1,"['26', '46']","['6', '8', '24', '37', '53']",2,5,7,5,1,6,1,4,1,2,0,0,4,8,5,5,9,13,5,11,57,43,13841,38056.0,40182,,,1,2,2.6,3.6,2.4,1.02,1.18,1.55,2.4,4.33,17.0,4.75,2.4,1.53,1.2,1.5,2.5,4.6,1.17,3.5,1.26,1.66,1.27,1.36,3.5,2.38,2.63,3.1,2.65,2.38,0,0,1.2,1.43,1.8,2.33,2.95,3.9,2.58,2.0,1.55,1.32,2.5,5.75,1.64,2.2,17.5,1.67,6.0,4.33,1.29,2.38,5.5,15.0,3.5,1.53,1.14,1.03,1.16,1.73,3.25,7.0,4.8,1.98,1.3,1.08,0,0,0,0,7,1,4,1,1,2,5,1665340200,8043,0,60,35,28,0,19325,2,1,3,0,2,1,3,3,1,1,0,1,2,1,1,57,34,116,102,1.27,1.63,2.91,0,0,0,0,0,0,1,1,0,2,0,0,0,0,-1,-1,-1,-1,-1,-1,-1,-1,-1,22,35,57,85,91,60,82,75,41,9.75,3.13,4.44,3.06,/clubs/dc-united-13401,teams/usa-dc-united.png,DC United,/clubs/fc-cincinnati-8043,teams/usa-fc-cincinnati.png,FC Cincinnati,0.94,1.47,1.0,1.38,0.82,1.39,78,66,44,16,10,66,57,38,1.37,1.18,2.55,/usa/fc-cincinnati-vs-dc-united-h2h-stats#1541470,6969,34,True,True,True,True,True,True,True,"['26', '46']","['6', '8', '24', '37', '53']"
MLS,2022,6969,1541471,677446,1,2022,complete,83993,0,-1,['85'],"['5', '8', '36']",1,3,4,2,1,3,3,2,2,2,0,0,4,7,9,5,13,12,11,8,39,61,13893,28121.0,39282,,,2,2,1.95,4.0,3.25,1.02,1.16,1.57,2.25,4.0,12.0,5.0,2.38,1.58,1.22,1.5,2.5,3.6,1.24,4.8,1.16,1.36,1.26,1.68,2.6,2.4,3.5,2.3,2.7,3.1,0,0,1.2,1.38,1.76,2.3,2.95,4.0,2.7,2.04,1.57,1.32,1.83,5.5,2.15,1.62,19.5,2.2,4.4,6.5,1.25,2.2,5.0,15.0,3.75,1.62,1.17,1.03,1.14,1.67,3.25,7.0,5.5,2.1,1.33,1.1,0,0,0,0,4,0,3,1,0,1,3,1665340200,1,0,75,38,35,0,15635,2,1,0,0,2,1,0,3,2,2,0,0,4,0,1,27,47,85,123,1.3,1.6,2.9,0,0,0,0,0,0,1,1,0,2,0,0,0,1,-1,-1,-1,-1,-1,-1,-1,-1,-1,31,41,75,94,97,56,85,91,56,9.94,3.75,5.19,3.63,/clubs/club-internacional-de-futbol-miami-677446,teams/usa-club-internacional-de-futbol-miami.png,Inter Miami,/clubs/montreal-impact-1,teams/canada-montreal-impact.png,Montreal Impact,1.94,2.06,2.06,2.0,1.45,1.88,69,60,25,6,3,75,63,44,1.46,1.43,2.89,/usa/montreal-impact-vs-club-internacional-de-futbol-miami-h2h-stats#1541471,6969,35,True,True,True,True,False,False,True,['85'],"['5', '8', '36']"
MLS,2022,6969,1541472,4,711351,2022,complete,83993,0,-1,"['8', '55']",[],2,0,2,4,8,12,1,0,2,1,0,0,7,6,4,3,11,9,16,12,28,72,69,11574.0,44668,,,2,1,1.8,4.0,3.75,1.02,1.22,1.7,2.4,5.0,15.0,4.33,2.1,1.52,1.16,1.7,2.05,2.55,1.44,5.25,1.14,1.19,1.24,2.1,2.25,2.38,4.75,2.0,2.65,4.33,0,0,1.24,1.43,1.93,2.31,3.3,3.5,2.59,1.88,1.56,1.26,1.27,7.0,4.2,1.44,15.0,2.75,3.1,8.0,1.33,2.5,6.5,17.0,3.25,1.5,1.11,1.03,1.18,1.85,3.6,8.25,4.33,1.82,1.24,1.06,0,0,0,0,2,1,0,1,0,1,1,1665340200,4,0,63,19,32,0,23672,2,1,1,6,3,2,7,5,0,1,2,0,1,2,1,29,53,84,127,1.4,1.39,2.79,0,0,0,0,0,0,1,1,1,0,0,1,0,0,-1,-1,-1,-1,-1,-1,-1,-1,-1,19,28,60,85,94,35,63,85,57,10.38,2.69,4.56,3.01,/clubs/new-york-red-bulls-4,teams/usa-new-york-red-bulls.png,New York RB,/clubs/charlotte-fc-711351,teams/usa-charlotte-fc.png,Charlotte,1.28,0.65,1.25,0.69,1.52,1.27,81,72,41,16,6,54,38,28,1.67,1.25,2.92,/usa/new-york-red-bulls-vs-charlotte-fc-h2h-stats#1541472,6969,34,True,True,False,False,False,False,False,"['8', '55']",[]
MLS,2022,6969,1541473,17,9,2022,complete,83993,0,-1,"['56', '84']",['38'],2,1,3,3,7,10,2,1,6,3,0,0,4,6,4,7,8,13,18,13,46,54,58,21031.0,13,,,6,3,1.85,4.1,3.55,1.02,1.2,1.78,2.4,4.75,15.0,4.33,2.0,1.52,1.18,1.62,2.2,2.9,1.35,4.8,1.16,1.26,1.27,1.85,2.5,2.38,4.0,2.2,2.6,3.5,0,0,1.3,1.47,1.85,2.41,3.8,3.1,2.5,1.95,1.51,1.21,1.52,5.75,2.85,1.57,15.75,2.4,3.6,7.5,1.3,2.5,6.0,17.0,3.4,1.5,1.13,1.03,1.18,1.82,3.5,8.0,4.4,1.85,1.26,1.07,0,0,0,0,3,0,1,2,0,2,1,1665340200,17,0,63,16,35,0,21693,2,1,0,3,3,4,3,7,0,1,6,2,1,8,1,40,49,75,118,1.08,1.6,2.68,1,0,1,0,0,0,1,1,0,0,0,0,0,1,-1,-1,-1,-1,-1,-1,-1,-1,-1,16,38,66,78,94,35,72,85,57,9.19,2.81,3.94,3.07,/clubs/orlando-city-sc-17,teams/usa-orlando-city-sc.png,Orlando City,/clubs/columbus-crew-9,teams/usa-columbus-crew.png,Columbus Crew,1.59,1.12,1.5,1.19,1.36,1.39,85,63,35,22,7,47,38,22,1.66,1.26,2.92,/usa/columbus-crew-vs-orlando-city-sc-h2h-stats#1541473,6969,34,True,True,True,False,False,False,True,"['56', '84']",['38']
MLS,2022,6969,1541474,16,19,2022,complete,83993,0,-1,"['4', '42', '60', '63']",[],4,0,4,4,4,8,2,1,0,3,0,0,9,0,9,6,18,6,16,13,51,49,19912,12.0,211,,,0,3,1.45,4.35,7.0,1.02,1.12,1.38,2.23,3.5,13.0,6.0,2.9,1.6,1.3,1.57,2.25,2.55,1.44,7.5,1.07,1.13,1.18,2.6,1.91,2.63,5.5,1.67,3.0,5.5,0,0,1.2,1.39,1.85,2.18,3.0,3.9,2.65,1.95,1.65,1.32,1.2,7.5,5.25,1.33,23.0,3.25,2.7,12.0,1.22,2.1,4.5,13.0,4.0,1.67,1.18,1.04,1.13,1.62,2.9,6.0,5.5,2.15,1.36,1.11,0,0,0,0,4,2,0,2,0,2,2,1665340200,16,0,53,29,28,0,19228,2,1,1,2,3,2,3,5,0,1,0,2,1,2,1,23,43,79,98,1.93,0.7,2.63,1,0,1,0,0,0,1,1,1,0,0,0,0,0,-1,-1,-1,-1,-1,-1,-1,-1,-1,29,38,50,85,94,50,75,75,50,8.88,2.63,3.87,3.32,/clubs/philadelphia-union-16,teams/usa-philadelphia-union.png,Philadelphia Union,/clubs/toronto-fc-19,teams/canada-toronto-fc.png,Toronto,2.47,0.59,2.38,0.63,1.94,1.03,72,63,50,16,6,60,47,38,1.84,1.21,3.05,/usa/philadelphia-union-vs-toronto-fc-h2h-stats#1541474,6969,34,True,True,True,True,False,False,False,"['4', '42', '60', '63']",[]
MLS,2022,6969,1541475,698284,12,2022,complete,83993,0,-1,['81'],['90+3'],1,1,2,4,6,10,8,4,0,2,0,0,6,5,5,12,11,17,12,10,57,43,84,2339.0,11434,,,0,2,1.65,4.35,4.35,1.02,1.16,1.5,2.25,4.0,12.0,5.0,2.48,1.58,1.22,1.53,2.38,3.1,1.33,6.0,1.11,1.22,1.24,2.0,2.3,2.5,4.33,2.0,2.8,3.75,0,0,1.23,1.43,1.8,2.28,3.2,3.7,2.5,2.0,1.58,1.29,1.4,6.0,3.3,1.5,19.75,2.6,3.4,8.5,1.25,2.25,5.5,15.0,3.75,1.57,1.14,1.03,1.14,1.73,3.4,8.0,5.5,2.0,1.3,1.08,0,0,0,0,2,0,0,1,1,2,0,1665349200,-1,0,69,32,32,0,20738,2,1,2,1,2,5,3,7,0,0,0,2,0,2,1,45,27,92,73,1.44,1.61,3.06,1,0,1,0,0,0,1,1,0,0,0,1,0,0,-1,-1,-1,-1,-1,-1,-1,-1,-1,32,50,75,88,97,57,78,94,63,10.94,2.75,5.01,3.75,/clubs/austin-fc-698284,teams/usa-austin-fc.png,Austin,/clubs/colorado-rapids-12,teams/usa-colorado-rapids.png,Colorado Rapids,1.79,0.47,1.81,0.44,1.67,1.27,69,50,25,13,3,44,38,35,1.66,1.34,3.0,/usa/colorado-rapids-vs-austin-fc-h2h-stats#1541475,6969,34,True,True,False,False,False,False,True,['81'],['90+3']
MLS,2022,6969,1541476,13,8,2022,complete,83993,0,-1,"['33', '65']",['51'],2,1,3,7,8,15,2,1,2,2,0,0,8,7,9,12,17,19,11,8,41,59,13864,21189.0,18,,,2,2,1.7,4.0,4.2,1.02,1.18,1.62,2.25,4.33,15.0,4.75,2.25,1.58,1.2,1.57,2.25,3.0,1.34,5.0,1.14,1.25,1.26,1.88,2.4,2.38,4.0,2.1,2.7,3.6,0,0,1.3,1.54,1.98,2.63,3.8,3.1,2.35,1.82,1.41,1.21,1.44,5.75,3.15,1.53,16.5,2.5,3.6,8.0,1.3,2.38,6.0,17.0,3.4,1.53,1.13,1.03,1.16,1.75,3.3,7.25,4.75,1.93,1.28,1.08,0,0,0,0,3,1,0,1,1,2,1,1665349200,13,0,63,16,25,0,-1,2,1,4,3,3,5,7,8,0,0,2,2,0,4,1,44,74,81,108,1.95,2.22,4.16,0,0,0,0,0,0,1,1,0,0,0,0,0,0,-1,-1,-1,-1,-1,-1,-1,-1,-1,13,29,51,81,94,28,82,79,53,8.44,2.44,3.75,2.85,/clubs/fc-dallas-13,teams/usa-fc-dallas.png,FC Dallas,/clubs/sporting-kansas-city-8,teams/usa-sporting-kansas-city.png,Sporting KC,1.94,0.65,1.94,0.69,1.52,1.21,88,72,51,19,7,41,29,26,1.5,1.2,2.7,/usa/sporting-kansas-city-vs-fc-dallas-h2h-stats#1541476,6969,34,True,True,True,False,False,False,True,"['33', '65']",['51']
MLS,2022,6969,1541477,6,10,2022,complete,83993,0,-1,['8'],"['31', '32', '69']",1,3,4,1,8,9,0,0,2,2,0,0,2,8,4,15,6,23,13,7,34,66,36,28325.0,2,,,2,2,2.65,3.75,2.4,1.02,1.17,1.52,2.25,4.2,17.0,5.0,2.4,1.62,1.22,1.5,2.5,4.5,1.17,3.6,1.25,1.63,1.27,1.38,3.4,2.38,2.75,3.1,2.65,2.38,0,0,1.19,1.33,1.63,2.07,2.7,4.4,2.9,2.21,1.74,1.38,2.35,5.75,1.71,2.2,17.75,1.67,5.8,4.33,1.29,2.38,5.5,15.0,3.5,1.53,1.14,1.03,1.15,1.73,3.25,7.0,4.8,1.95,1.3,1.08,0,0,0,0,4,1,2,0,1,1,3,1665349200,10,0,60,19,38,0,-1,2,1,1,7,0,1,8,1,0,1,2,1,1,3,1,29,64,82,130,0.74,2.47,3.21,0,0,0,0,0,0,1,1,1,0,0,0,0,0,-1,-1,-1,-1,-1,-1,-1,-1,-1,19,32,53,72,88,35,75,75,41,10.5,3.87,5.82,2.72,/clubs/houston-dynamo-6,teams/usa-houston-dynamo.png,Houston Dynamo,/clubs/la-galaxy-10,teams/usa-la-galaxy.png,LA Galaxy,1.35,1.22,1.44,1.19,1.09,1.42,82,69,47,28,13,66,56,32,1.45,1.5,2.95,/usa/houston-dynamo-vs-la-galaxy-h2h-stats#1541477,6969,34,True,True,True,True,False,False,True,['8'],"['31', '32', '69']"
MLS,2022,6969,1541478,6490,677447,2022,complete,83993,0,-1,[],['53'],0,1,1,10,2,12,0,1,0,3,0,0,15,2,16,10,31,12,12,13,66,34,15,39588.0,24795,,,0,3,1.62,4.5,4.35,1.03,1.17,1.52,2.25,3.8,13.0,4.6,2.43,1.58,1.22,1.58,2.2,2.65,1.42,6.25,1.1,1.17,1.23,2.25,2.1,2.3,4.75,1.87,2.8,4.4,0,0,1.18,1.36,1.66,2.13,2.8,4.2,2.8,2.17,1.68,1.35,1.31,6.5,3.9,1.49,18.5,2.77,3.1,9.5,1.28,2.2,5.0,12.5,3.3,1.58,1.15,1.03,1.15,1.72,3.2,7.0,4.8,1.98,1.3,1.08,0,0,0,0,1,0,0,0,1,1,0,1665349200,677447,0,63,26,22,0,-1,2,1,4,1,6,1,5,7,0,1,0,2,1,2,1,69,23,121,70,3.49,1.07,4.56,1,0,0,0,1,0,1,1,0,0,1,0,0,1,-1,-1,-1,-1,-1,-1,-1,-1,-1,13,38,57,88,100,38,72,91,47,11.25,3.32,4.19,2.94,/clubs/los-angeles-fc-6490,teams/usa-los-angeles-fc.png,Los Angeles FC,/clubs/nashville-sc-mls-677447,teams/usa-nashville-sc-mls.png,Nashville SC,2.4,1.44,2.56,1.44,2.03,1.42,88,63,44,13,0,82,63,56,2.06,1.15,3.21,/usa/los-angeles-fc-vs-nashville-sc-mls-h2h-stats#1541478,6969,35,True,False,False,False,False,False,False,[],['53']
MLS,2022,6969,1541479,1015,5,2022,complete,83993,0,-1,"['17', '77']",[],2,0,2,4,5,9,1,1,1,1,0,0,5,7,11,7,16,14,10,5,49,51,3,5.0,41087,,,1,1,1.62,4.5,4.35,1.02,1.2,1.57,2.25,4.5,17.0,4.5,2.38,1.58,1.2,1.62,2.2,2.85,1.37,5.5,1.13,1.22,1.25,2.0,2.3,2.4,4.33,2.05,2.7,3.75,0,0,1.2,1.27,1.66,2.0,2.45,4.3,3.25,2.17,1.8,1.46,1.4,6.25,3.25,1.5,16.75,2.5,3.4,8.5,1.29,2.38,5.5,15.0,3.5,1.53,1.14,1.03,1.16,1.75,3.3,7.25,4.75,1.93,1.29,1.08,0,0,0,0,2,1,0,1,0,1,1,1665349200,1015,0,63,29,22,0,-1,2,1,2,1,2,4,3,6,1,0,0,1,1,1,1,56,52,97,132,1.76,1.76,3.52,0,0,0,0,0,0,1,1,0,0,1,0,0,0,-1,-1,-1,-1,-1,-1,-1,-1,-1,10,29,57,88,100,47,85,85,41,11.06,3.51,4.37,2.97,/clubs/minnesota-united-fc-1015,teams/usa-minnesota-united-fc.png,Minnesota United,/clubs/vancouver-whitecaps-fc-5,teams/canada-vancouver-whitecaps-fc.png,Vancouver Whitecaps,1.71,0.59,1.63,0.63,1.36,1.3,91,72,44,13,0,75,60,47,1.66,1.19,2.85,/usa/vancouver-whitecaps-fc-vs-minnesota-united-fc-h2h-stats#1541479,6969,34,True,True,False,False,False,False,False,"['17', '77']",[]
MLS,2022,6969,1541480,14,20,2022,complete,83993,0,-1,"['19', '48', '82']",['87'],3,1,4,8,2,10,4,1,1,2,0,0,3,4,17,5,20,9,12,7,49,51,7,8.0,42128,,,1,2,1.86,3.75,3.4,1.03,1.19,1.56,2.49,4.4,17.75,4.77,2.3,1.54,1.22,1.62,2.36,3.1,1.33,5.0,1.15,1.31,1.26,1.91,2.54,2.5,4.09,2.2,2.75,3.4,0,0,1.18,1.43,1.57,2.0,2.64,4.7,2.63,2.29,1.8,1.41,1.45,6.0,3.0,1.65,18.0,2.25,3.6,7.0,1.3,2.46,5.5,11.0,3.4,1.58,1.14,1.03,1.14,1.75,3.2,7.5,5.5,1.9,1.25,1.07,0,0,0,0,4,1,0,2,1,3,1,1665349200,14,0,63,19,38,0,-1,2,1,6,1,2,1,7,3,0,1,1,1,1,2,1,62,40,105,101,1.92,1.15,3.06,0,0,0,0,0,0,1,1,0,0,0,0,0,0,-1,-1,-1,-1,-1,-1,-1,-1,-1,19,32,60,82,91,28,76,88,54,10.01,2.63,4.75,2.91,/clubs/real-salt-lake-14,teams/usa-real-salt-lake.png,Real Salt Lake,/clubs/portland-timbers-20,teams/usa-portland-timbers.png,Portland Timbers,1.88,0.94,1.81,1.0,1.33,1.39,82,69,41,19,10,63,50,44,1.61,1.22,2.83,/usa/real-salt-lake-vs-portland-timbers-h2h-stats#1541480,6969,34,True,True,True,True,False,False,True,"['19', '48', '82']",['87']
MLS,2022,6969,1541481,18,15,2022,complete,83993,0,-1,"['1', '49']","['4', '75']",2,2,4,4,1,5,1,1,1,1,0,0,6,3,10,8,16,11,14,11,56,44,42,25.0,23354,,,1,1,1.9,3.61,3.81,1.03,1.18,1.75,2.38,4.18,18.75,4.98,2.05,1.57,1.23,1.65,2.29,2.7,1.4,5.75,1.12,1.23,1.23,2.24,2.26,2.57,4.79,1.99,2.84,4.42,0,0,1.2,1.44,1.61,2.04,2.63,3.9,2.6,2.24,1.76,1.43,1.3,6.75,3.9,1.52,19.0,2.55,3.1,8.5,1.29,2.41,5.35,11.0,3.5,1.61,1.14,1.03,1.16,1.81,3.5,7.0,4.94,1.95,1.29,1.08,0,0,0,0,4,1,1,1,1,2,2,1665349200,-1,0,56,22,22,0,-1,2,1,2,1,2,0,3,2,1,0,0,1,1,1,1,45,47,101,95,1.76,1.25,3.01,0,0,0,0,0,0,1,1,1,1,0,1,0,0,-1,-1,-1,-1,-1,-1,-1,-1,-1,25,35,69,81,97,35,85,85,53,10.19,3.26,3.94,3.22,/clubs/seattle-sounders-fc-18,teams/usa-seattle-sounders-fc.png,Seattle Sounders,/clubs/san-jose-earthquakes-15,teams/usa-san-jose-earthquakes.png,SJ Earthquakes,1.76,0.47,1.81,0.44,1.21,1.03,75,66,31,19,3,60,44,35,1.58,1.32,2.9,/usa/san-jose-earthquakes-vs-seattle-sounders-fc-h2h-stats#1541481,6969,34,True,True,True,True,False,False,True,"['1', '49']","['4', '75']"
MLS,2022,6969,4324274,4,8043,2022,complete,83997,0,-1,['48'],"['74', '86']",1,2,3,6,7,13,0,2,1,4,0,0,7,7,9,6,16,13,12,16,51,49,58,11574.0,40182,,,1,4,1.9,3.35,3.3,1.05,1.26,1.73,2.9,5.5,9.75,3.5,1.92,1.35,1.13,1.71,2.08,2.65,1.42,4.33,1.19,1.27,1.27,1.87,2.47,2.24,4.36,2.27,2.61,3.88,0,0,1.28,1.5,1.93,2.5,3.45,3.5,2.45,1.88,1.49,1.28,1.48,7.5,3.25,1.57,13.25,2.63,3.3,6.5,1.36,2.6,6.5,17.5,2.87,1.43,1.09,1.01,1.21,1.98,4.1,9.75,3.9,1.72,1.2,1.05,0,0,0,0,3,0,0,1,2,3,0,1665849600,8043,1,62,39,38,0,-1,2,1,1,3,5,4,4,9,0,2,1,2,2,3,1,43,55,96,73,1.81,1.7,3.51,0,1,0,1,0,0,1,1,0,0,0,2,0,0,-1,-1,-1,-1,-1,-1,-1,-1,-1,21,33,50,82,96,38,69,81,47,9.65,3.18,4.97,3.11,/clubs/new-york-red-bulls-4,teams/usa-new-york-red-bulls.png,New York RB,/clubs/fc-cincinnati-8043,teams/usa-fc-cincinnati.png,FC Cincinnati,1.51,1.44,1.56,1.44,1.56,1.44,80,68,50,18,5,62,53,38,1.53,1.48,3.01,/usa/new-york-red-bulls-vs-fc-cincinnati-h2h-stats#4324274,6969,35,True,True,True,False,False,False,True,['48'],"['74', '86']"
MLS,2022,6969,4324275,10,677447,2022,complete,83997,0,-1,['60'],[],1,0,1,1,5,6,1,0,2,2,0,0,5,4,3,5,8,9,19,13,57,43,7,2.0,24795,,,2,2,1.9,3.16,3.48,1.05,1.26,1.85,2.9,5.5,10.0,3.5,2.0,1.35,1.13,1.71,2.08,2.65,1.41,4.33,1.19,1.25,1.27,1.91,2.43,2.25,4.46,2.23,2.62,3.98,0,0,1.24,1.45,1.83,2.33,3.2,3.75,2.6,1.98,1.56,1.32,1.47,7.5,3.25,1.63,13.0,2.38,3.4,6.0,1.37,2.7,6.75,18.5,2.8,1.41,1.09,1.01,1.2,1.95,4.0,9.25,4.1,1.75,1.21,1.05,0,0,0,0,1,0,0,1,0,1,0,1665860400,10,1,64,9,27,0,-1,2,1,0,1,1,4,1,5,0,1,2,1,1,3,1,40,52,89,98,1.15,1.23,2.38,0,0,0,0,0,0,1,1,0,0,0,0,0,0,-1,-1,-1,-1,-1,-1,-1,-1,-1,19,37,56,79,97,37,75,88,47,10.5,3.62,4.74,2.98,/clubs/la-galaxy-10,teams/usa-la-galaxy.png,LA Galaxy,/clubs/nashville-sc-mls-677447,teams/usa-nashville-sc-mls.png,Nashville SC,1.47,1.43,1.47,1.47,1.47,1.47,81,64,44,21,3,62,47,37,1.63,1.41,3.04,/usa/la-galaxy-vs-nashville-sc-mls-h2h-stats#4324275,6969,35,True,False,False,False,False,False,False,['60'],[]
MLS,2022,6969,4324276,698284,14,2022,complete,83997,0,-1,"['31', '90+4']","['3', '15']",2,2,4,14,2,16,6,0,1,3,0,1,13,4,26,6,39,10,11,11,69,31,13864,2339.0,8,,,1,4,1.95,3.7,3.4,1.04,1.21,1.67,2.6,4.6,11.0,4.0,2.15,1.43,1.17,1.58,2.32,2.85,1.37,4.75,1.16,1.28,1.26,1.87,2.44,2.34,4.1,2.24,2.74,3.72,0,0,1.18,1.32,1.61,2.03,2.66,4.5,2.98,2.2,1.75,1.43,1.46,8.0,3.3,1.53,15.75,2.5,3.3,7.5,1.33,2.45,6.0,15.5,3.0,1.47,1.11,1.02,1.18,1.83,3.6,8.25,4.4,1.85,1.25,1.06,0,0,0,0,4,1,2,1,0,1,3,1665946800,-1,1,58,18,35,0,-1,2,1,2,2,12,0,4,12,1,2,0,2,3,2,1,110,30,156,72,4.14,1.13,5.28,1,1,1,1,0,0,1,1,0,1,0,0,0,0,-1,-1,-1,-1,-1,-1,-1,-1,-1,19,31,62,81,94,34,68,90,52,9.94,3.79,4.24,2.97,/clubs/austin-fc-698284,teams/usa-austin-fc.png,Austin,/clubs/real-salt-lake-14,teams/usa-real-salt-lake.png,Real Salt Lake,1.62,1.37,1.65,1.38,1.65,1.38,81,69,38,20,6,62,47,37,1.45,1.43,2.88,/usa/real-salt-lake-vs-austin-fc-h2h-stats#4324276,6969,35,True,True,True,True,False,False,True,"['31', '90+4']","['3', '15']"
MLS,2022,6969,4324277,1,17,2022,complete,83997,0,-1,"['68', '90+9']",[],2,0,2,2,1,3,0,2,2,4,0,0,2,0,8,5,10,5,16,12,59,41,31,39282.0,21031,,,2,4,1.79,3.73,4.18,1.03,1.25,1.63,3.1,5.5,13.0,3.75,2.18,1.38,1.14,1.75,2.0,2.55,1.44,4.75,1.16,1.22,1.27,1.95,2.38,2.25,4.75,2.05,2.6,4.0,0,0,1.27,1.5,1.87,2.45,3.4,3.55,2.48,1.87,1.5,1.29,1.43,7.5,3.45,1.5,13.0,2.75,3.1,7.0,1.36,2.63,7.0,19.0,3.0,1.44,1.1,1.02,1.2,2.0,4.0,11.0,4.33,1.73,1.22,1.05,0,0,0,0,2,0,0,2,0,2,0,1665964800,1,1,64,18,32,0,-1,2,1,1,0,1,0,1,1,0,2,2,2,2,4,1,47,16,127,64,1.13,0.44,1.57,1,0,1,0,0,0,1,1,0,0,0,0,0,0,-1,-1,-1,-1,-1,-1,-1,-1,-1,21,32,64,78,97,37,77,87,53,9.82,2.68,4.82,3.09,/clubs/montreal-impact-1,teams/canada-montreal-impact.png,Montreal Impact,/clubs/orlando-city-sc-17,teams/usa-orlando-city-sc.png,Orlando City,1.89,1.37,1.91,1.41,1.91,1.41,79,68,37,22,3,61,47,28,1.53,1.34,2.87,/usa/montreal-impact-vs-orlando-city-sc-h2h-stats#4324277,6969,35,True,True,False,False,False,False,False,"['68', '90+9']",[]
MLS,2022,6969,4324278,2,677446,2022,complete,83997,0,-1,"['63', '69', '90+2']",[],3,0,3,8,6,14,2,4,1,3,0,0,7,5,19,7,26,12,11,12,52,48,69,27505.0,28121,,,1,3,1.52,4.55,6.41,1.04,1.23,1.73,2.75,5.0,10.5,3.75,2.03,1.39,1.15,1.8,1.95,2.3,1.53,5.25,1.13,1.16,1.23,2.25,2.1,2.38,5.5,1.83,2.65,4.75,0,0,1.22,1.42,1.73,2.23,3.0,4.0,2.75,2.02,1.61,1.35,1.3,8.5,4.3,1.4,11.0,3.1,2.62,9.0,1.33,2.63,6.5,19.0,3.25,1.44,1.11,1.02,1.2,1.9,3.8,9.0,4.2,1.77,1.22,1.06,0,0,0,0,3,0,0,3,0,3,0,1666047600,2,1,55,27,27,0,-1,2,1,5,2,3,4,7,7,0,0,1,3,0,4,1,45,38,102,101,2.45,1.39,3.84,0,0,0,0,0,0,1,1,0,0,1,1,0,0,-1,-1,-1,-1,-1,-1,-1,-1,-1,21,34,55,75,93,44,76,77,41,9.27,3.59,4.59,2.96,/clubs/new-york-city-fc-2,teams/usa-new-york-city-fc.png,New York City,/clubs/club-internacional-de-futbol-miami-677446,teams/usa-club-internacional-de-futbol-miami.png,Inter Miami,1.65,1.37,1.62,1.41,1.62,1.41,79,67,46,25,8,65,53,37,1.64,1.32,2.96,/usa/new-york-city-fc-vs-club-internacional-de-futbol-miami-h2h-stats#4324278,6969,35,True,True,True,False,False,False,False,"['63', '69', '90+2']",[]
MLS,2022,6969,4324279,13,1015,2022,complete,83997,0,-1,['64'],['53'],1,1,2,6,5,11,2,1,1,2,0,0,9,4,10,3,19,7,16,19,60,40,15,21189.0,5,,,1,2,1.92,4.09,3.65,1.04,1.22,1.77,2.65,4.8,10.5,3.8,1.98,1.41,1.16,1.62,2.2,2.95,1.35,4.4,1.18,1.29,1.28,1.75,2.5,2.3,4.0,2.2,2.55,3.6,0,0,1.18,1.35,1.63,2.1,2.8,4.2,2.8,2.05,1.62,1.36,1.46,6.0,3.0,1.57,11.0,2.5,3.7,5.8,1.33,2.5,6.5,19.0,3.25,1.5,1.11,1.02,1.19,1.87,3.7,8.5,4.2,1.8,1.24,1.06,0,0,0,0,2,0,0,1,1,2,0,1666056600,-1,1,61,12,33,0,-1,2,1,1,1,5,4,2,9,0,0,1,2,0,3,1,48,52,155,112,2.19,1.11,3.3,0,0,0,0,0,0,1,1,0,0,0,0,0,0,-1,-1,-1,-1,-1,-1,-1,-1,-1,11,27,52,78,97,28,72,80,53,9.47,3.15,4.67,2.71,/clubs/fc-dallas-13,teams/usa-fc-dallas.png,FC Dallas,/clubs/minnesota-united-fc-1015,teams/usa-minnesota-united-fc.png,Minnesota United,1.5,1.4,1.56,1.41,1.56,1.41,90,74,49,22,3,69,52,39,1.29,1.45,2.74,/usa/fc-dallas-vs-minnesota-united-fc-h2h-stats#4324279,6969,35,True,True,False,False,False,False,True,['64'],['53']
MLS,2022,6969,4378183,16,8043,2022,complete,83996,0,-1,['59'],[],1,0,1,4,8,12,2,0,4,2,0,0,6,5,10,9,16,14,12,11,46,54,13841,12.0,40182,,,4,2,1.53,4.13,5.8,1.02,1.2,1.68,2.8,5.3,12.5,4.3,2.14,1.38,1.14,1.72,2.02,2.3,1.53,5.5,1.12,1.11,1.22,2.45,1.95,2.38,5.5,1.85,2.6,5.0,0,0,1.19,1.4,1.77,2.18,2.84,3.95,2.77,2.05,1.68,1.35,1.37,9.0,4.05,1.48,11.0,3.0,2.5,10.0,1.28,2.5,6.25,12.0,3.3,1.45,1.09,1.03,1.22,2.0,4.0,8.0,4.0,1.73,1.22,1.06,0,0,0,0,1,0,0,1,0,1,0,1666310400,16,1,59,34,34,0,-1,2,1,2,2,2,6,4,8,0,1,4,1,1,5,1,64,66,92,109,1.89,1.71,3.6,0,0,0,0,0,0,1,1,0,0,1,1,0,0,-1,-1,-1,-1,-1,-1,-1,-1,-1,24,38,54,84,94,42,76,80,51,9.13,3.28,4.46,3.2,/clubs/philadelphia-union-16,teams/usa-philadelphia-union.png,Philadelphia Union,/clubs/fc-cincinnati-8043,teams/usa-fc-cincinnati.png,FC Cincinnati,2.0,1.44,1.97,1.49,1.97,1.49,77,63,47,16,6,71,64,52,1.54,1.48,3.02,/usa/philadelphia-union-vs-fc-cincinnati-h2h-stats#4378183,6969,36,True,False,False,False,False,False,False,['59'],[]
MLS,2022,6969,4378184,6490,10,2022,complete,83996,0,-1,"['23', '80', '90+3']","['44', '85']",3,2,5,7,2,9,2,1,3,2,0,0,5,2,8,9,13,11,0,3,39,61,3,39588.0,2,,,3,2,1.63,4.07,4.72,1.01,1.15,1.5,2.38,4.35,15.0,5.1,2.6,1.56,1.19,1.55,2.32,2.75,1.39,5.75,1.12,1.17,1.22,2.25,2.05,2.45,4.33,1.95,2.62,4.33,0,0,1.11,1.29,1.62,1.97,2.43,5.5,3.18,2.28,1.85,1.55,1.44,8.9,3.54,1.53,13.0,2.7,3.0,9.5,1.23,2.28,5.4,10.0,3.7,1.55,1.12,1.04,1.2,1.8,3.5,7.0,4.32,1.91,1.29,1.08,0,0,0,0,5,1,1,2,1,3,2,1666317600,6490,1,63,24,30,0,-1,2,1,1,1,6,1,2,7,0,2,3,0,2,3,1,40,35,95,115,1.46,1.1,2.57,0,0,0,0,0,0,1,1,0,0,0,0,0,0,-1,-1,-1,-1,-1,-1,-1,-1,-1,24,39,60,83,99,39,71,92,53,11.86,3.04,4.89,3.1,/clubs/los-angeles-fc-6490,teams/usa-los-angeles-fc.png,Los Angeles FC,/clubs/la-galaxy-10,teams/usa-la-galaxy.png,LA Galaxy,2.0,1.47,1.97,1.51,1.97,1.51,77,61,41,18,2,73,64,56,1.78,1.62,3.4,/usa/la-galaxy-vs-los-angeles-fc-h2h-stats#4378184,6969,36,True,True,True,True,True,False,True,"['23', '80', '90+3']","['44', '85']"
MLS,2022,6969,4399775,1,2,2022,complete,83996,0,-1,['85'],"['6', '45+3', '61']",1,3,4,7,0,7,3,2,3,3,0,0,8,4,9,1,17,5,10,13,64,36,36,39282.0,27505,,,3,3,2.0,3.5,3.4,1.01,1.24,1.7,2.8,5.24,10.5,4.17,2.04,1.45,1.17,1.64,2.28,2.95,1.35,4.33,1.19,1.29,1.31,1.83,2.63,2.37,4.13,2.3,2.65,3.72,0,0,1.23,1.46,1.83,2.35,3.14,3.56,2.56,1.93,1.54,1.29,1.44,8.5,3.64,1.69,14.0,2.24,3.6,6.0,1.36,2.71,6.1,13.0,3.0,1.44,1.11,1.02,1.2,1.94,3.98,8.0,4.4,1.82,1.23,1.06,0,0,0,0,4,0,2,1,1,2,2,1666544400,2,1,56,23,29,0,-1,2,1,3,0,4,0,3,4,0,3,3,0,3,3,1,79,19,130,78,2.21,0.75,2.95,0,1,0,1,0,0,1,1,0,1,0,0,0,0,-1,-1,-1,-1,-1,-1,-1,-1,-1,22,32,60,79,94,45,77,79,49,10.65,3.03,4.77,3.09,/clubs/montreal-impact-1,teams/canada-montreal-impact.png,Montreal Impact,/clubs/new-york-city-fc-2,teams/usa-new-york-city-fc.png,New York City,1.89,1.65,1.94,1.66,1.94,1.66,79,69,40,22,6,69,59,36,1.52,1.66,3.18,/usa/montreal-impact-vs-new-york-city-fc-h2h-stats#4399775,6969,36,True,True,True,True,False,False,True,['85'],"['6', '45+3', '61']"
MLS,2022,6969,4399776,698284,13,2022,complete,83996,0,-1,"['26', '29']",['65'],2,1,3,11,3,14,0,1,2,2,0,0,5,5,12,4,17,9,12,13,48,52,13893,2339.0,21189,,,2,2,1.91,3.5,4.0,1.03,1.2,1.68,2.5,4.33,11.0,4.33,2.06,1.5,1.2,1.62,2.2,3.1,1.32,4.8,1.16,1.29,1.25,1.83,2.65,2.46,3.92,2.29,2.73,3.6,0,0,1.23,1.46,1.83,2.35,3.14,3.56,2.56,1.93,1.54,1.29,1.59,8.2,3.04,1.65,13.0,2.3,3.5,7.0,1.3,2.38,5.0,11.0,3.4,1.53,1.14,1.03,1.22,1.91,3.5,7.5,4.0,1.8,1.29,1.07,0,0,0,0,3,2,0,0,1,1,2,1666569600,698284,1,62,23,29,0,-1,2,1,6,0,5,3,6,8,0,1,2,1,1,3,1,59,38,78,102,1.84,1.2,3.05,0,0,0,0,0,0,1,1,0,0,1,0,0,0,-1,-1,-1,-1,-1,-1,-1,-1,-1,16,35,58,80,97,36,73,83,50,9.05,3.63,4.48,2.93,/clubs/austin-fc-698284,teams/usa-austin-fc.png,Austin,/clubs/fc-dallas-13,teams/usa-fc-dallas.png,FC Dallas,1.62,1.5,1.63,1.54,1.63,1.54,84,66,43,20,3,56,40,30,1.52,1.32,2.84,/usa/fc-dallas-vs-austin-fc-h2h-stats#4399776,6969,36,True,True,True,False,False,False,True,"['26', '29']",['65']
MLS,2022,6969,4451753,6490,698284,2022,complete,83995,0,-1,"['29', '62', '81']",[],3,0,3,11,5,16,3,1,1,3,0,0,12,1,10,5,22,6,17,12,51,49,7,39588.0,2339,,,1,3,1.51,5.0,5.4,1.01,1.12,1.41,2.1,3.2,16.5,5.5,2.78,1.73,1.31,1.57,2.25,2.7,1.4,7.75,1.07,1.14,1.19,2.55,1.95,2.63,5.5,1.73,3.0,5.0,0,0,1.11,1.28,1.53,1.9,2.45,5.5,3.2,2.38,1.86,1.5,1.25,9.0,4.75,1.33,16.0,3.25,2.9,12.0,1.22,2.1,4.5,13.0,4.0,1.67,1.18,1.04,1.13,1.62,3.0,6.5,6.0,2.2,1.36,1.11,0,0,0,0,3,1,0,2,0,2,1,1667156400,6490,1,65,29,20,0,-1,2,1,7,1,4,4,8,8,0,2,1,1,2,2,1,48,31,99,75,2.57,0.68,3.25,0,0,0,0,0,0,1,1,0,0,1,0,0,0,-1,-1,-1,-1,-1,-1,-1,-1,-1,23,37,66,89,100,42,71,96,54,11.06,3.37,4.57,3.24,/clubs/los-angeles-fc-6490,teams/usa-los-angeles-fc.png,Los Angeles FC,/clubs/austin-fc-698284,teams/usa-austin-fc.png,Austin,2.0,1.62,2.0,1.67,2.0,1.67,78,64,34,12,0,70,56,51,1.77,1.53,3.3,/usa/los-angeles-fc-vs-austin-fc-h2h-stats#4451753,6969,37,True,True,True,False,False,False,False,"['29', '62', '81']",[]
MLS,2022,6969,4451754,16,2,2022,complete,83995,0,-1,"['65', '67', '76']",['57'],3,1,4,3,3,6,2,1,2,0,0,0,8,4,4,9,12,13,19,9,35,65,3,12.0,27505,,,2,0,1.73,3.75,4.2,1.03,1.25,1.52,2.35,5.5,13.0,3.75,2.38,1.6,1.14,1.7,2.05,2.6,1.43,4.5,1.17,1.24,1.27,1.9,2.4,2.25,4.5,2.1,2.55,4.0,0,0,1.2,1.41,1.75,2.2,2.93,3.84,2.73,2.03,1.61,1.33,1.47,7.5,3.25,1.53,12.0,2.63,3.1,7.0,1.36,2.63,7.0,19.0,3.0,1.44,1.1,1.02,1.21,1.95,4.0,9.5,4.0,1.73,1.21,1.05,0,0,0,0,4,0,0,3,1,4,0,1667174400,16,1,47,17,31,0,-1,2,1,2,0,1,3,2,4,1,0,1,0,1,1,1,33,49,97,124,1.56,1.47,3.03,0,0,0,0,0,0,1,1,0,0,0,0,0,0,-1,-1,-1,-1,-1,-1,-1,-1,-1,20,30,50,76,92,39,72,72,51,9.74,3.24,4.51,2.88,/clubs/philadelphia-union-16,teams/usa-philadelphia-union.png,Philadelphia Union,/clubs/new-york-city-fc-2,teams/usa-new-york-city-fc.png,New York City,2.0,1.65,2.0,1.69,2.0,1.69,81,71,51,24,9,73,62,47,1.55,1.64,3.19,/usa/new-york-city-fc-vs-philadelphia-union-h2h-stats#4451754,6969,37,True,True,True,True,False,False,True,"['65', '67', '76']",['57']
MLS,2022,6969,4516036,6490,16,2022,complete,83994,0,-1,"['120+8', '28', '83']","['120+4', '59', '85']",3,3,6,4,5,9,0,8,2,2,1,0,7,3,8,16,15,19,15,26,47,53,31,39588.0,12,,,4,2,1.78,4.1,4.04,1.01,1.15,1.56,2.33,4.3,13.0,5.0,2.33,1.55,1.2,1.57,2.25,2.9,1.36,5.5,1.12,1.22,1.25,2.0,2.25,2.4,4.33,2.0,2.75,4.0,0,0,1.16,1.3,1.6,1.93,2.38,4.9,3.3,2.33,1.88,1.57,1.35,6.5,3.65,1.5,14.0,2.63,3.3,9.0,1.29,2.25,5.5,15.0,3.5,1.57,1.14,1.03,1.15,1.73,3.25,7.0,4.8,1.98,1.3,1.08,0,0,0,0,6,1,0,2,3,5,1,1667678400,-1,1,56,22,25,0,22384,2,1,0,2,4,1,2,5,0,1,3,1,1,4,1,52,70,132,143,1.82,1.92,3.74,0,0,0,0,0,0,1,1,0,0,0,1,0,0,1,10,19,1,28,12,1,9,10,19,33,56,85,96,36,68,85,57,10.84,3.11,4.44,2.99,/clubs/los-angeles-fc-6490,teams/usa-los-angeles-fc.png,Los Angeles FC,/clubs/philadelphia-union-16,teams/usa-philadelphia-union.png,Philadelphia Union,2.0,2.0,2.03,2.03,2.03,2.03,81,67,45,15,4,79,67,60,1.79,1.55,3.34,/usa/philadelphia-union-vs-los-angeles-fc-h2h-stats#4516036,6969,37,True,True,True,True,True,True,True,"['120+8', '28', '83']","['120+4', '59', '85']"
