download_league,download_season,download_season_id,id,homeID,awayID,season,status,roundID,game_week,revised_game_week,homeGoals,awayGoals,homeGoalCount,awayGoalCount,totalGoalCount,team_a_corners,team_b_corners,totalCornerCount,team_a_offsides,team_b_offsides,team_a_yellow_cards,team_b_yellow_cards,team_a_red_cards,team_b_red_cards,team_a_shotsOnTarget,team_b_shotsOnTarget,team_a_shotsOffTarget,team_b_shotsOffTarget,team_a_shots,team_b_shots,team_a_fouls,team_b_fouls,team_a_possession,team_b_possession,refereeID,coach_a_ID,coach_b_ID,stadium_name,stadium_location,team_a_cards_num,team_b_cards_num,odds_ft_1,odds_ft_x,odds_ft_2,odds_ft_over05,odds_ft_over15,odds_ft_over25,odds_ft_over35,odds_ft_over45,odds_ft_under05,odds_ft_under15,odds_ft_under25,odds_ft_under35,odds_ft_under45,odds_btts_yes,odds_btts_no,odds_team_a_cs_yes,odds_team_a_cs_no,odds_team_b_cs_yes,odds_team_b_cs_no,odds_doublechance_1x,odds_doublechance_12,odds_doublechance_x2,odds_1st_half_result_1,odds_1st_half_result_x,odds_1st_half_result_2,odds_2nd_half_result_1,odds_2nd_half_result_x,odds_2nd_half_result_2,odds_dnb_1,odds_dnb_2,odds_corners_over_75,odds_corners_over_85,odds_corners_over_95,odds_corners_over_105,odds_corners_over_115,odds_corners_under_75,odds_corners_under_85,odds_corners_under_95,odds_corners_under_105,odds_corners_under_115,odds_corners_1,odds_corners_x,odds_corners_2,odds_team_to_score_first_1,odds_team_to_score_first_x,odds_team_to_score_first_2,odds_win_to_nil_1,odds_win_to_nil_2,odds_1st_half_over05,odds_1st_half_over15,odds_1st_half_over25,odds_1st_half_over35,odds_1st_half_under05,odds_1st_half_under15,odds_1st_half_under25,odds_1st_half_under35,odds_2nd_half_over05,odds_2nd_half_over15,odds_2nd_half_over25,odds_2nd_half_over35,odds_2nd_half_under05,odds_2nd_half_under15,odds_2nd_half_under25,odds_2nd_half_under35,odds_btts_1st_half_yes,odds_btts_1st_half_no,odds_btts_2nd_half_yes,odds_btts_2nd_half_no,overallGoalCount,ht_goals_team_a,ht_goals_team_b,goals_2hg_team_a,goals_2hg_team_b,GoalCount_2hg,HTGoalCount,date_unix,winningTeam,no_home_away,btts_potential,btts_fhg_potential,btts_2hg_potential,goalTimingDisabled,attendance,corner_timings_recorded,card_timings_recorded,team_a_fh_corners,team_b_fh_corners,team_a_2h_corners,team_b_2h_corners,corner_fh_count,corner_2h_count,team_a_fh_cards,team_b_fh_cards,team_a_2h_cards,team_b_2h_cards,total_fh_cards,total_2h_cards,attacks_recorded,team_a_dangerous_attacks,team_b_dangerous_attacks,team_a_attacks,team_b_attacks,team_a_xg,team_b_xg,total_xg,team_a_penalties_won,team_b_penalties_won,team_a_penalty_goals,team_b_penalty_goals,team_a_penalty_missed,team_b_penalty_missed,pens_recorded,goal_timings_recorded,team_a_0_10_min_goals,team_b_0_10_min_goals,team_a_corners_0_10_min,team_b_corners_0_10_min,team_a_cards_0_10_min,team_b_cards_0_10_min,throwins_recorded,team_a_throwins,team_b_throwins,freekicks_recorded,team_a_freekicks,team_b_freekicks,goalkicks_recorded,team_a_goalkicks,team_b_goalkicks,o45_potential,o35_potential,o25_potential,o15_potential,o05_potential,o15HT_potential,o05HT_potential,o05_2H_potential,o15_2H_potential,corners_potential,offsides_potential,cards_potential,avg_potential,home_url,home_image,home_name,away_url,away_image,away_name,home_ppg,away_ppg,pre_match_home_ppg,pre_match_away_ppg,pre_match_teamA_overall_ppg,pre_match_teamB_overall_ppg,u45_potential,u35_potential,u25_potential,u15_potential,u05_potential,corners_o85_potential,corners_o95_potential,corners_o105_potential,team_a_xg_prematch,team_b_xg_prematch,total_xg_prematch,match_url,competition_id,matches_completed_minimum,over05,over15,over25,over35,over45,over55,btts,homeGoals_timings,awayGoals_timings
MLS,2021,5674,1199110,6,15,2021,complete,65699,0,-1,"['39', '55']",['74'],2,1,3,5,2,7,4,2,3,3,0,0,5,2,13,4,18,6,13,14,39,61,7,28051,1763,,,3,3,1.7,4.0,4.5,1.04,1.2,1.57,2.32,4.1,13.0,4.5,2.31,1.56,1.24,1.56,2.35,3.05,1.32,5.25,1.12,1.25,1.2,1.9,2.4,2.5,3.75,2.1,2.8,3.5,0,0,1.12,1.26,1.48,1.83,2.35,5.25,3.5,2.5,1.87,1.53,1.44,9.0,3.7,1.57,10.5,2.4,3.55,6.75,1.29,2.25,5.5,15.0,3.5,1.57,1.14,1.03,1.14,1.7,3.1,6.25,5.0,2.05,1.33,1.09,0,0,0,0,3,1,0,1,1,2,1,1618617600,6,0,0,0,0,0,6376,2,1,2,2,3,0,4,3,2,0,1,3,2,4,1,39,29,126,80,1.78,0.74,2.52,0,0,0,0,0,0,1,1,0,0,1,0,0,0,-1,-1,-1,-1,-1,-1,-1,-1,-1,0,0,0,0,0,0,0,0,0,0.0,0.0,0.0,0.0,/clubs/houston-dynamo-6,teams/usa-houston-dynamo.png,Houston Dynamo,/clubs/san-jose-earthquakes-15,teams/usa-san-jose-earthquakes.png,SJ Earthquakes,1.41,1.24,0.0,0.0,0.0,0.0,0,0,0,0,0,0,0,0,0.0,0.0,0.0,/usa/houston-dynamo-vs-san-jose-earthquakes-h2h-stats#1199110,5674,34,True,True,True,False,False,False,True,"['39', '55']",['74']
MLS,2021,5674,1199111,18,1015,2021,complete,65699,0,-1,"['49', '70', '73', '86']",[],4,0,4,6,3,9,0,4,3,2,0,0,8,4,7,13,15,17,12,18,50,50,13893,25,5,,,3,2,1.74,3.6,3.7,1.05,1.24,1.65,2.45,4.75,12.0,4.1,2.1,1.53,1.19,1.65,2.2,2.8,1.38,4.95,1.13,1.22,1.19,2.0,2.38,2.38,4.33,2.1,2.7,3.75,0,0,1.12,1.26,1.48,1.83,2.4,5.25,3.5,2.45,1.87,1.5,1.36,9.5,4.25,1.53,9.75,2.6,3.25,6.5,1.3,2.5,6.0,17.0,3.4,1.5,1.13,1.03,1.18,1.87,3.6,7.75,4.25,1.83,1.25,1.05,0,0,0,0,4,0,0,4,0,4,0,1618623000,18,0,0,0,0,0,7042,2,1,4,1,2,2,5,4,1,1,2,1,2,3,1,33,55,85,134,1.75,1.76,3.51,1,0,0,0,1,0,1,1,0,0,0,1,0,0,-1,-1,-1,-1,-1,-1,-1,-1,-1,0,0,0,0,0,0,0,0,0,0.0,0.0,0.0,0.0,/clubs/seattle-sounders-fc-18,teams/usa-seattle-sounders-fc.png,Seattle Sounders,/clubs/minnesota-united-fc-1015,teams/usa-minnesota-united-fc.png,Minnesota United,1.67,0.89,0.0,0.0,0.0,0.0,0,0,0,0,0,0,0,0,0.0,0.0,0.0,/usa/seattle-sounders-fc-vs-minnesota-united-fc-h2h-stats#1199111,5674,35,True,True,True,True,False,False,False,"['49', '70', '73', '86']",[]
MLS,2021,5674,1199112,4,8,2021,complete,65699,0,-1,['48'],"['59', '60']",1,2,3,3,8,11,5,0,1,1,0,0,4,3,7,5,11,8,12,7,50,50,12,11574,18,,,1,1,2.5,3.5,2.7,1.06,1.25,2.1,2.85,4.85,11.0,3.85,1.78,1.42,1.18,1.62,2.2,3.35,1.27,3.75,1.22,1.4,1.2,1.62,2.88,2.3,3.4,2.6,2.6,3.0,0,0,1.21,1.41,1.75,2.2,2.93,3.92,2.82,2.08,1.64,1.35,1.66,8.2,2.85,1.73,9.5,2.1,4.15,4.8,1.33,2.63,6.5,19.0,3.25,1.44,1.11,1.02,1.18,1.87,3.6,7.5,4.33,1.83,1.25,1.06,0,0,0,0,3,0,0,1,2,3,0,1618704000,8,0,0,0,0,0,-1,2,1,2,5,1,3,7,4,1,1,0,0,2,0,1,63,63,147,157,1.45,1.19,2.64,0,1,0,1,0,0,1,1,0,0,0,0,0,1,-1,-1,-1,-1,-1,-1,-1,-1,-1,0,0,0,0,0,0,0,0,0,0.0,0.0,0.0,0.0,/clubs/new-york-red-bulls-4,teams/usa-new-york-red-bulls.png,New York RB,/clubs/sporting-kansas-city-8,teams/usa-sporting-kansas-city.png,Sporting KC,1.76,1.53,0.0,0.0,0.0,0.0,0,0,0,0,0,0,0,0,0.0,0.0,0.0,/usa/new-york-red-bulls-vs-sporting-kansas-city-h2h-stats#1199112,5674,35,True,True,True,False,False,False,True,['48'],"['59', '60']"
MLS,2021,5674,1199113,1,19,2021,complete,65699,0,-1,"['3', '24', '54', '71']","['45', '88']",4,2,6,4,1,5,2,0,1,2,0,0,5,3,7,9,12,12,14,12,50,50,31,39282,11435,,,1,2,3.5,3.6,2.0,1.06,1.25,2.1,2.7,4.95,10.75,3.8,1.78,1.45,1.17,1.62,2.2,4.3,1.17,2.95,1.34,1.83,1.2,1.28,3.75,2.38,2.6,3.5,2.6,2.25,0,0,1.17,1.34,1.6,2.05,2.75,4.5,3.0,2.2,1.7,1.4,2.54,8.1,1.79,2.38,9.25,1.62,5.75,3.6,1.3,2.5,6.0,17.0,3.4,1.5,1.13,1.03,1.18,1.83,3.75,9.0,4.5,1.83,1.25,1.07,0,0,0,0,6,2,1,2,1,3,3,1618682400,1,0,0,0,0,0,-1,2,1,0,1,4,0,1,4,0,2,1,0,2,1,1,21,36,89,116,1.27,1.24,2.51,0,1,0,1,0,0,1,1,1,0,0,1,0,0,-1,-1,-1,-1,-1,-1,-1,-1,-1,0,0,0,0,0,0,0,0,0,0.0,0.0,0.0,0.0,/clubs/montreal-impact-1,teams/canada-montreal-impact.png,Montreal Impact,/clubs/toronto-fc-19,teams/canada-toronto-fc.png,Toronto,1.82,0.53,0.0,0.0,0.0,0.0,0,0,0,0,0,0,0,0,0.0,0.0,0.0,/usa/montreal-impact-vs-toronto-fc-h2h-stats#1199113,5674,34,True,True,True,True,True,True,True,"['3', '24', '54', '71']","['45', '88']"
MLS,2021,5674,1199114,17,1016,2021,complete,65699,0,-1,[],[],0,0,0,3,4,7,2,2,0,0,0,0,3,3,7,8,10,11,9,13,40,60,57,21031,1778,,,0,0,2.05,3.5,3.5,1.07,1.28,1.95,3.0,5.5,10.25,3.55,1.87,1.38,1.15,1.69,2.1,2.8,1.37,4.1,1.19,1.28,1.25,1.75,2.63,2.2,4.0,2.3,2.5,3.5,0,0,1.21,1.41,1.75,2.2,2.93,3.92,2.82,2.08,1.64,1.35,1.54,8.5,3.24,1.62,8.5,2.4,3.45,5.5,1.36,2.75,7.0,21.0,3.0,1.4,1.1,1.02,1.22,2.0,4.0,8.5,3.9,1.72,1.2,1.04,0,0,0,0,0,0,0,0,0,0,0,1618686000,-1,0,0,0,0,0,-1,2,-1,2,4,1,0,6,1,0,0,0,0,0,0,1,35,52,91,109,1.1,1.29,2.39,0,0,0,0,0,0,1,1,0,0,0,1,-1,-1,-1,-1,-1,-1,-1,-1,-1,-1,-1,0,0,0,0,0,0,0,0,0,0.0,0.0,0.0,0.0,/clubs/orlando-city-sc-17,teams/usa-orlando-city-sc.png,Orlando City,/clubs/atlanta-united-fc-1016,teams/usa-atlanta-united-fc.png,Atlanta United FC,1.82,1.06,0.0,0.0,0.0,0.0,0,0,0,0,0,0,0,0,0.0,0.0,0.0,/usa/orlando-city-sc-vs-atlanta-united-fc-h2h-stats#1199114,5674,35,False,False,False,False,False,False,False,[],[]
MLS,2021,5674,1199115,6490,698284,2021,complete,65699,0,-1,"['61', '90+1']",[],2,0,2,10,7,17,2,0,0,0,0,0,5,1,17,10,22,11,13,6,44,56,58,211,2339,,,0,0,1.4,4.8,7.0,1.04,1.19,1.58,1.65,4.05,14.0,4.65,2.25,2.3,1.24,1.71,2.1,2.45,1.5,8.75,1.04,1.07,1.1,3.2,1.75,2.6,6.5,1.57,3.2,6.25,0,0,1.2,1.41,1.75,2.26,3.04,4.25,2.69,2.03,1.64,1.36,1.21,11.5,6.2,1.3,12.5,3.4,2.65,11.0,1.25,2.1,4.5,9.5,3.6,1.65,1.17,1.03,1.13,1.65,3.0,6.0,5.25,2.1,1.34,1.09,0,0,0,0,2,0,0,2,0,2,0,1618696800,6490,0,0,0,0,0,-1,2,-1,3,4,7,3,7,10,0,0,0,0,0,0,1,62,55,123,107,2.18,1.17,3.35,0,0,0,0,0,0,1,1,0,0,1,2,-1,-1,-1,-1,-1,-1,-1,-1,-1,-1,-1,0,0,0,0,0,0,0,0,0,0.0,0.0,0.0,0.0,/clubs/los-angeles-fc-6490,teams/usa-los-angeles-fc.png,Los Angeles FC,/clubs/austin-fc-698284,teams/usa-austin-fc.png,Austin,1.76,0.47,0.0,0.0,0.0,0.0,0,0,0,0,0,0,0,0,0.0,0.0,0.0,/usa/los-angeles-fc-vs-austin-fc-h2h-stats#1199115,5674,34,True,True,False,False,False,False,False,"['61', '90+1']",[]
MLS,2021,5674,1199116,13,12,2021,complete,65699,0,-1,[],[],0,0,0,6,8,14,1,3,0,1,0,0,2,5,11,5,13,10,12,16,54,46,20,12956,11434,,,0,1,2.2,3.5,3.13,1.06,1.25,2.15,2.8,4.8,11.0,3.8,1.73,1.44,1.18,1.62,2.2,3.05,1.32,4.35,1.17,1.33,1.25,1.67,2.63,2.3,3.6,2.38,2.55,3.2,0,0,1.14,1.29,1.56,1.94,2.52,5.0,3.26,2.36,1.86,1.5,1.53,8.7,3.24,1.67,9.25,2.25,3.7,5.75,1.3,2.5,6.0,17.0,3.4,1.5,1.13,1.03,1.19,1.9,3.8,7.75,4.2,1.8,1.22,1.05,0,0,0,0,0,0,0,0,0,0,0,1618704000,-1,0,0,0,0,0,-1,2,1,2,4,4,4,6,8,0,0,0,1,0,1,1,45,53,114,88,1.3,1.37,2.66,0,0,0,0,0,0,1,1,0,0,1,1,0,0,-1,-1,-1,-1,-1,-1,-1,-1,-1,0,0,0,0,0,0,0,0,0,0.0,0.0,0.0,0.0,/clubs/fc-dallas-13,teams/usa-fc-dallas.png,FC Dallas,/clubs/colorado-rapids-12,teams/usa-colorado-rapids.png,Colorado Rapids,1.29,1.59,0.0,0.0,0.0,0.0,0,0,0,0,0,0,0,0,0.0,0.0,0.0,/usa/colorado-rapids-vs-fc-dallas-h2h-stats#1199116,5674,34,False,False,False,False,False,False,False,[],[]
MLS,2021,5674,1199117,13401,2,2021,complete,65699,0,-1,"['39', '44']",['15'],2,1,3,7,4,11,3,2,2,2,0,0,4,3,9,9,13,12,10,19,38,62,15,36107,762,,,2,2,4.5,3.9,1.73,1.06,1.25,2.1,3.0,5.0,11.0,3.85,1.75,1.38,1.17,1.69,2.1,4.6,1.15,2.65,1.42,1.95,1.2,1.22,4.33,2.3,2.5,3.75,2.6,2.2,0,0,1.14,1.29,1.56,1.94,2.52,5.0,3.26,2.36,1.86,1.5,2.68,8.3,1.72,2.5,9.25,1.57,6.5,3.2,1.33,2.5,6.5,19.0,3.25,1.5,1.11,1.02,1.2,1.95,4.0,8.25,4.0,1.75,1.2,1.04,0,0,0,0,3,2,1,0,0,0,3,1618704000,13401,0,0,0,0,0,-1,2,1,4,2,3,2,6,5,1,0,1,2,1,3,1,51,50,112,118,1.48,1.34,2.82,0,0,0,0,0,0,1,1,0,0,0,0,1,0,-1,-1,-1,-1,-1,-1,-1,-1,-1,0,0,0,0,0,0,0,0,0,0.0,0.0,0.0,0.0,/clubs/dc-united-13401,teams/usa-dc-united.png,DC United,/clubs/new-york-city-fc-2,teams/usa-new-york-city-fc.png,New York City,2.0,1.1,0.0,0.0,0.0,0.0,0,0,0,0,0,0,0,0,0.0,0.0,0.0,/usa/new-york-city-fc-vs-dc-united-h2h-stats#1199117,5674,34,True,True,True,False,False,False,True,"['39', '44']",['15']
MLS,2021,5674,1199118,677447,8043,2021,complete,65699,0,-1,"['20', '64']","['8', '12']",2,2,4,14,1,15,2,0,2,2,0,0,9,2,22,5,31,7,10,9,57,43,69,24795,409,,,2,2,1.9,3.3,4.33,1.08,1.33,1.6,3.1,6.5,8.75,3.25,2.38,1.36,1.12,1.91,1.8,2.25,1.57,4.25,1.17,1.18,1.22,2.05,2.25,2.2,4.75,2.05,2.55,4.4,0,0,1.32,1.62,2.09,2.74,3.82,3.1,2.25,1.74,1.43,1.22,1.46,8.6,3.64,1.53,8.5,2.65,2.75,6.5,1.36,2.65,6.25,14.5,2.9,1.42,1.09,1.01,1.22,2.05,4.1,8.75,3.8,1.7,1.19,1.04,0,0,0,0,4,1,2,1,0,1,3,1618705800,-1,0,0,0,0,0,-1,2,1,4,1,10,0,5,10,1,1,1,1,2,2,1,71,12,119,77,3.08,0.68,3.77,0,1,0,1,0,0,1,1,0,1,0,0,0,0,-1,-1,-1,-1,-1,-1,-1,-1,-1,0,0,0,0,0,0,0,0,0,0.0,0.0,0.0,0.0,/clubs/nashville-sc-mls-677447,teams/usa-nashville-sc-mls.png,Nashville SC,/clubs/fc-cincinnati-8043,teams/usa-fc-cincinnati.png,FC Cincinnati,2.0,0.71,0.0,0.0,0.0,0.0,0,0,0,0,0,0,0,0,0.0,0.0,0.0,/usa/fc-cincinnati-vs-nashville-sc-mls-h2h-stats#1199118,5674,34,True,True,True,True,False,False,True,"['20', '64']","['8', '12']"
MLS,2021,5674,1199119,7,11,2021,complete,65699,0,-1,"['5', '11']","['14', '27']",2,2,4,7,10,17,1,0,1,0,0,1,3,5,13,8,16,13,10,7,51,49,24,2414,21032,,,1,2,2.5,3.5,2.7,1.06,1.25,2.15,2.8,4.9,10.75,3.85,1.73,1.44,1.17,1.59,2.2,3.5,1.25,3.55,1.25,1.48,1.25,1.48,3.2,2.25,3.1,2.75,2.55,2.75,0,0,1.18,1.33,1.62,2.04,2.67,4.5,3.04,2.25,1.78,1.45,1.96,8.0,2.27,2.05,9.0,1.83,4.45,4.5,1.33,2.5,6.5,19.0,3.25,1.5,1.11,1.02,1.19,1.9,3.6,7.75,4.2,1.8,1.25,1.05,0,0,0,0,4,2,2,0,0,0,4,1618705800,-1,0,0,0,0,0,-1,2,1,2,5,5,5,7,10,0,0,1,1,0,2,1,74,84,118,127,1.76,1.78,3.54,0,0,0,0,0,0,1,1,1,0,2,0,0,0,-1,-1,-1,-1,-1,-1,-1,-1,-1,0,0,0,0,0,0,0,0,0,0.0,0.0,0.0,0.0,/clubs/chicago-fire-7,teams/usa-chicago-fire.png,Chicago Fire,/clubs/new-england-revolution-11,teams/usa-new-england-revolution.png,New England Revolution,1.53,2.0,0.0,0.0,0.0,0.0,0,0,0,0,0,0,0,0,0.0,0.0,0.0,/usa/chicago-fire-vs-new-england-revolution-h2h-stats#1199119,5674,34,True,True,True,True,False,False,True,"['5', '11']","['14', '27']"
MLS,2021,5674,1199120,677446,10,2021,complete,65699,0,-1,"['45+1', '68']","['62', '73', '81']",2,3,5,6,3,9,0,0,2,0,0,0,8,4,9,1,17,5,9,13,34,66,11,28121,2,,,2,0,1.83,3.6,3.75,1.04,1.22,1.61,2.55,4.6,14.0,4.15,2.3,1.5,1.19,1.71,2.1,2.85,1.36,5.0,1.12,1.22,1.25,1.87,2.4,2.3,4.0,2.1,2.65,3.6,0,0,1.2,1.4,1.7,2.2,3.0,4.1,2.75,2.05,1.6,1.34,1.45,8.9,3.65,1.57,9.0,2.5,3.4,7.0,1.3,2.5,6.0,17.0,3.4,1.5,1.13,1.03,1.17,1.8,3.4,7.0,4.4,1.91,1.28,1.07,0,0,0,0,5,1,0,1,3,4,1,1618772400,10,0,0,0,0,0,-1,2,1,4,2,2,1,6,3,1,0,1,0,1,1,1,23,11,39,50,1.79,0.68,2.47,1,0,1,0,0,0,1,1,0,0,1,1,1,0,-1,-1,-1,-1,-1,-1,-1,-1,-1,0,0,0,0,0,0,0,0,0,0.0,0.0,0.0,0.0,/clubs/club-internacional-de-futbol-miami-677446,teams/usa-club-internacional-de-futbol-miami.png,Inter Miami,/clubs/la-galaxy-10,teams/usa-la-galaxy.png,LA Galaxy,1.35,1.12,0.0,0.0,0.0,0.0,0,0,0,0,0,0,0,0,0.0,0.0,0.0,/usa/la-galaxy-vs-club-internacional-de-futbol-miami-h2h-stats#1199120,5674,34,True,True,True,True,True,False,True,"['45+1', '68']","['62', '73', '81']"
MLS,2021,5674,1199121,9,16,2021,complete,65699,0,-1,[],[],0,0,0,1,6,7,1,2,2,4,0,0,5,4,6,10,11,14,10,20,48,52,13851,13,12,,,2,4,1.95,3.4,3.6,1.05,1.25,1.83,3.2,6.0,11.0,3.75,1.95,1.33,1.13,1.75,2.0,2.55,1.45,4.2,1.18,1.26,1.22,1.83,2.5,2.2,4.33,2.2,2.55,3.75,0,0,1.2,1.4,1.7,2.2,3.0,4.1,2.75,2.05,1.6,1.34,1.44,9.0,3.68,1.57,8.75,2.6,3.1,6.0,1.36,2.75,7.0,21.0,3.0,1.4,1.1,1.02,1.22,2.0,4.1,8.5,3.9,1.72,1.2,1.04,0,0,0,0,0,0,0,0,0,0,0,1618781400,-1,0,0,0,0,0,-1,2,1,0,3,1,3,3,4,0,1,2,3,1,5,1,40,59,99,129,1.34,1.6,2.94,0,0,0,0,0,0,1,1,0,0,0,0,0,0,-1,-1,-1,-1,-1,-1,-1,-1,-1,0,0,0,0,0,0,0,0,0,0.0,0.0,0.0,0.0,/clubs/columbus-crew-9,teams/usa-columbus-crew.png,Columbus Crew,/clubs/philadelphia-union-16,teams/usa-philadelphia-union.png,Philadelphia Union,1.94,1.06,0.0,0.0,0.0,0.0,0,0,0,0,0,0,0,0,0.0,0.0,0.0,/usa/columbus-crew-vs-philadelphia-union-h2h-stats#1199121,5674,34,False,False,False,False,False,False,False,[],[]
MLS,2021,5674,1199122,5,20,2021,complete,65699,0,-1,['49'],[],1,0,1,5,2,7,0,3,2,1,0,0,2,3,5,6,7,9,14,13,51,49,3,7207,7206,,,2,1,4.6,3.9,1.71,1.05,1.22,1.69,2.6,4.75,12.0,4.2,2.15,1.48,1.19,1.69,2.1,5.25,1.11,2.65,1.43,2.1,1.19,1.19,4.5,2.4,2.2,4.0,2.75,1.95,0,0,1.14,1.28,1.5,1.87,2.45,5.0,3.4,2.4,1.83,1.48,2.83,8.3,1.66,2.63,9.75,1.5,7.25,3.05,1.29,2.38,5.5,15.0,3.5,1.53,1.14,1.03,1.17,1.8,3.5,7.25,4.5,1.9,1.26,1.06,0,0,0,0,1,0,0,1,0,1,0,1618797600,5,0,0,0,0,0,0,2,1,3,1,2,1,4,3,1,0,1,1,1,2,1,35,41,97,109,0.85,1.09,1.94,0,0,0,0,0,0,1,1,0,0,0,0,0,0,-1,-1,-1,-1,-1,-1,-1,-1,-1,0,0,0,0,0,0,0,0,0,0.0,0.0,0.0,0.0,/clubs/vancouver-whitecaps-fc-5,teams/canada-vancouver-whitecaps-fc.png,Vancouver Whitecaps,/clubs/portland-timbers-20,teams/usa-portland-timbers.png,Portland Timbers,1.94,1.28,0.0,0.0,0.0,0.0,0,0,0,0,0,0,0,0,0.0,0.0,0.0,/usa/vancouver-whitecaps-fc-vs-portland-timbers-h2h-stats#1199122,5674,35,True,False,False,False,False,False,False,['49'],[]
MLS,2021,5674,1199123,8,17,2021,complete,65699,0,-1,['45'],['78'],1,1,2,3,4,7,3,4,1,2,0,0,4,3,5,8,9,11,10,11,40,60,13893,18,21031,,,1,2,2.05,3.7,3.3,1.05,1.22,1.65,2.55,4.45,13.0,4.2,2.2,1.5,1.2,1.57,2.3,3.1,1.31,4.5,1.15,1.31,1.27,1.76,2.64,2.46,3.92,2.23,2.74,3.37,0,0,1.16,1.33,1.6,2.0,2.65,4.6,3.1,2.2,1.72,1.42,1.46,8.0,3.3,1.67,17.25,2.21,3.7,6.0,1.29,2.51,5.05,14.0,3.25,1.56,1.13,1.04,1.18,1.83,3.68,7.5,4.9,1.87,1.28,1.07,0,0,0,0,2,1,0,0,1,1,1,1619220600,-1,0,0,0,0,0,-1,2,1,0,1,3,3,1,6,0,1,1,1,1,2,1,33,35,112,94,1.1,1.17,2.27,0,0,0,0,0,0,1,1,0,0,0,0,0,0,-1,-1,-1,-1,-1,-1,-1,-1,-1,0,0,0,0,0,0,0,0,0,0.0,0.0,0.0,0.0,/clubs/sporting-kansas-city-8,teams/usa-sporting-kansas-city.png,Sporting KC,/clubs/orlando-city-sc-17,teams/usa-orlando-city-sc.png,Orlando City,1.84,1.11,0.0,0.0,3.0,1.0,0,0,0,0,0,0,0,0,0.0,0.0,0.0,/usa/sporting-kansas-city-vs-orlando-city-sc-h2h-stats#1199123,5674,35,True,True,False,False,False,False,True,['45'],['78']
MLS,2021,5674,1199124,2,8043,2021,complete,65699,0,-1,"['6', '53', '57', '67', '83']",[],5,0,5,6,6,12,0,2,2,2,0,0,8,3,10,11,18,14,12,10,52,48,40,762,409,,,2,2,1.38,4.9,7.25,1.05,1.22,1.62,2.5,4.5,13.0,4.15,2.25,1.51,1.2,1.91,1.83,2.15,1.65,6.75,1.07,1.13,1.19,2.71,1.93,2.67,6.71,1.68,2.97,5.6,0,0,1.22,1.43,1.78,2.26,2.98,3.82,2.74,2.04,1.61,1.34,1.24,9.0,5.0,1.37,18.75,3.05,2.35,9.25,1.27,2.45,4.9,13.0,3.4,1.58,1.14,1.04,1.17,1.8,3.52,7.0,5.05,1.91,1.3,1.08,0,0,0,0,5,1,0,4,0,4,1,1619283600,2,0,50,50,0,0,-1,2,1,0,3,6,3,3,9,0,1,2,1,1,3,1,58,23,124,75,2.12,1.26,3.38,0,0,0,0,0,0,1,1,1,0,0,0,0,1,-1,-1,-1,-1,-1,-1,-1,-1,-1,0,50,50,50,50,50,50,50,0,1.0,0.0,2.0,2.0,/clubs/new-york-city-fc-2,teams/usa-new-york-city-fc.png,New York City,/clubs/fc-cincinnati-8043,teams/usa-fc-cincinnati.png,FC Cincinnati,2.06,0.71,0.0,1.0,0.0,1.0,50,0,0,0,0,50,50,50,0.0,0.68,0.68,/usa/new-york-city-fc-vs-fc-cincinnati-h2h-stats#1199124,5674,34,True,True,True,True,True,False,False,"['6', '53', '57', '67', '83']",[]
MLS,2021,5674,1199125,19,5,2021,complete,65699,0,-1,"['7', '82']","['55', '70']",2,2,4,7,5,12,3,0,2,1,0,0,7,7,7,3,14,10,11,8,52,48,57,11435,7207,,,2,1,1.58,4.3,5.3,1.05,1.21,1.57,2.25,4.4,13.0,4.3,2.25,1.58,1.21,1.65,2.2,2.45,1.49,6.25,1.08,1.17,1.21,2.34,2.09,2.62,5.54,1.81,2.91,4.65,0,0,1.16,1.35,1.65,2.09,2.74,4.5,2.93,2.18,1.74,1.43,1.29,9.0,4.35,1.45,19.25,2.72,2.7,8.5,1.27,2.41,4.8,11.0,3.42,1.61,1.15,1.03,1.16,1.8,3.44,7.0,5.2,1.91,1.31,1.08,0,0,0,0,4,1,0,1,2,3,1,1619290800,-1,0,0,0,0,0,-1,2,1,4,3,3,2,7,5,0,1,2,0,1,2,1,61,31,107,101,1.82,1.36,3.17,0,1,0,1,0,0,1,1,1,0,1,0,0,1,-1,-1,-1,-1,-1,-1,-1,-1,-1,0,0,0,0,0,0,0,0,0,0.0,0.0,0.0,0.0,/clubs/toronto-fc-19,teams/canada-toronto-fc.png,Toronto,/clubs/vancouver-whitecaps-fc-5,teams/canada-vancouver-whitecaps-fc.png,Vancouver Whitecaps,1.12,0.89,0.0,0.0,0.0,3.0,0,0,0,0,0,0,0,0,0.0,0.0,0.0,/usa/vancouver-whitecaps-fc-vs-toronto-fc-h2h-stats#1199125,5674,34,True,True,True,True,False,False,True,"['7', '82']","['55', '70']"
MLS,2021,5674,1199126,15,13,2021,complete,65699,0,-1,"['34', '49', '59']",['79'],3,1,4,3,5,8,0,0,4,3,1,0,4,1,8,7,12,8,16,18,54,46,13841,1763,12956,,,6,3,2.28,3.45,3.1,1.05,1.22,1.56,2.4,4.4,12.0,4.15,2.28,1.57,1.21,1.53,2.4,3.75,1.22,4.25,1.17,1.39,1.33,1.54,2.74,2.33,3.17,2.54,2.67,2.93,0,0,1.12,1.28,1.53,1.9,2.44,5.25,3.34,2.44,1.9,1.53,1.77,7.5,2.4,1.82,16.5,2.0,4.75,5.5,1.28,2.26,4.82,11.0,3.35,1.57,1.15,1.03,1.17,1.8,3.52,7.0,5.05,1.91,1.3,1.08,0,0,0,0,4,1,0,2,1,3,1,1619292600,15,0,0,0,0,0,-1,2,1,2,2,1,3,4,4,1,3,4,0,4,4,1,39,40,94,101,1.33,0.88,2.2,2,0,1,0,1,0,1,1,0,0,1,1,0,0,-1,-1,-1,-1,-1,-1,-1,-1,-1,0,0,0,0,0,0,0,0,0,0.0,0.0,0.0,0.0,/clubs/san-jose-earthquakes-15,teams/usa-san-jose-earthquakes.png,SJ Earthquakes,/clubs/fc-dallas-13,teams/usa-fc-dallas.png,FC Dallas,1.18,0.65,0.0,0.0,0.0,1.0,0,0,0,0,0,0,0,0,0.0,0.0,0.0,/usa/fc-dallas-vs-san-jose-earthquakes-h2h-stats#1199126,5674,34,True,True,True,True,False,False,True,"['34', '49', '59']",['79']
MLS,2021,5674,1199127,1016,7,2021,complete,65699,0,-1,"['23', '65', '85']",['46'],3,1,4,6,4,10,1,1,3,1,0,0,6,5,14,7,20,12,9,26,61,39,3,1778,2414,,,3,1,2.08,3.7,3.3,1.03,1.17,1.57,2.25,4.0,17.0,5.0,2.25,1.57,1.22,1.5,2.5,3.35,1.27,4.75,1.14,1.34,1.2,1.72,2.6,2.4,3.6,2.3,2.7,3.2,0,0,1.28,1.53,2.0,2.52,3.4,3.34,2.44,1.8,1.5,1.27,1.65,7.0,2.7,1.67,10.5,2.25,4.05,6.0,1.29,2.38,5.5,15.0,3.5,1.53,1.14,1.03,1.16,1.75,3.3,6.75,4.6,1.95,1.28,1.07,0,0,0,0,4,1,0,2,1,3,1,1619308800,1016,0,0,0,0,0,-1,2,1,1,2,5,2,3,7,1,0,2,1,1,3,1,45,31,95,105,2.0,1.34,3.35,0,0,0,0,0,0,1,1,0,0,0,1,0,0,-1,-1,-1,-1,-1,-1,-1,-1,-1,0,0,0,0,0,0,0,0,0,0.0,0.0,0.0,0.0,/clubs/atlanta-united-fc-1016,teams/usa-atlanta-united-fc.png,Atlanta United FC,/clubs/chicago-fire-7,teams/usa-chicago-fire.png,Chicago Fire,1.88,0.47,0.0,0.0,1.0,1.0,0,0,0,0,0,0,0,0,0.0,0.0,0.0,/usa/chicago-fire-vs-atlanta-united-fc-h2h-stats#1199127,5674,34,True,True,True,True,False,False,True,"['23', '65', '85']",['46']
MLS,2021,5674,1199128,1015,14,2021,complete,65699,0,-1,['86'],"['31', '41']",1,2,3,6,2,8,2,3,0,3,0,0,3,5,23,7,26,12,9,14,55,45,36,5,26962,,,0,3,1.83,3.65,4.2,1.05,1.22,1.62,2.5,4.35,11.0,4.2,2.25,1.51,1.21,1.59,2.3,2.9,1.36,5.0,1.12,1.25,1.22,1.83,2.4,2.38,4.0,2.1,2.65,3.6,0,0,1.22,1.43,1.78,2.25,2.98,3.82,2.74,2.04,1.62,1.34,1.47,7.5,3.25,1.57,9.25,2.4,3.45,7.0,1.3,2.38,6.0,17.0,3.4,1.53,1.13,1.03,1.17,1.8,3.4,7.0,4.4,1.9,1.28,1.07,0,0,0,0,3,0,2,1,0,1,2,1619308800,14,0,0,0,0,0,-1,2,1,4,0,2,2,4,4,0,2,0,1,2,1,1,62,31,174,82,2.31,1.34,3.64,0,0,0,0,0,0,1,1,0,0,2,0,0,0,-1,-1,-1,-1,-1,-1,-1,-1,-1,0,0,0,0,0,0,0,0,0,0.0,0.0,0.0,0.0,/clubs/minnesota-united-fc-1015,teams/usa-minnesota-united-fc.png,Minnesota United,/clubs/real-salt-lake-14,teams/usa-real-salt-lake.png,Real Salt Lake,1.94,1.05,0.0,0.0,0.0,0.0,0,0,0,0,0,0,0,0,0.0,0.0,0.0,/usa/real-salt-lake-vs-minnesota-united-fc-h2h-stats#1199128,5674,35,True,True,True,False,False,False,True,['86'],"['31', '41']"
MLS,2021,5674,1199129,11,13401,2021,complete,65699,0,-1,['48'],[],1,0,1,6,5,11,1,1,4,3,0,0,2,1,4,5,6,6,18,20,49,51,5016,21032,36107,,,4,3,1.51,4.15,6.25,1.06,1.25,1.71,2.7,5.0,11.0,3.85,2.1,1.44,1.17,1.8,1.95,2.2,1.61,6.0,1.09,1.11,1.18,2.45,2.05,2.38,6.0,1.8,2.75,5.0,0,0,1.12,1.28,1.53,1.85,2.44,5.25,3.34,2.44,1.95,1.53,1.28,9.0,4.4,1.36,9.0,3.25,2.5,9.0,1.33,2.5,6.5,19.0,3.25,1.5,1.11,1.02,1.18,1.87,3.6,7.5,4.25,1.83,1.25,1.06,0,0,0,0,1,0,0,1,0,1,0,1619308800,11,0,0,0,0,0,-1,2,1,3,3,3,2,6,5,1,1,3,2,2,5,1,59,40,120,94,0.96,0.75,1.71,0,0,0,0,0,0,1,1,0,0,3,0,0,0,-1,-1,-1,-1,-1,-1,-1,-1,-1,0,0,0,0,0,0,0,0,0,0.0,0.0,0.0,0.0,/clubs/new-england-revolution-11,teams/usa-new-england-revolution.png,New England Revolution,/clubs/dc-united-13401,teams/usa-dc-united.png,DC United,2.22,0.76,0.0,0.0,1.0,3.0,0,0,0,0,0,0,0,0,0.0,0.0,0.0,/usa/new-england-revolution-vs-dc-united-h2h-stats#1199129,5674,34,True,False,False,False,False,False,False,['48'],[]
MLS,2021,5674,1199130,16,677446,2021,complete,65699,0,-1,['54'],"['73', '83']",1,2,3,9,1,10,1,1,1,1,0,0,2,3,10,3,12,6,16,12,53,47,58,12,28121,,,1,1,2.08,3.75,3.3,1.03,1.2,1.63,2.7,5.0,15.0,4.33,2.15,1.47,1.17,1.62,2.2,3.1,1.31,4.3,1.17,1.34,1.29,1.69,2.63,2.3,3.6,2.3,2.69,3.25,0,0,1.22,1.43,1.78,2.25,2.98,3.82,2.74,2.04,1.62,1.34,1.64,7.5,2.7,1.67,15.75,2.25,3.75,5.75,1.33,2.5,6.5,17.0,3.25,1.5,1.11,1.03,1.18,1.87,3.6,7.5,4.25,1.83,1.25,1.06,0,0,0,0,3,0,0,1,2,3,0,1619308800,677446,0,0,0,0,0,-1,2,1,5,0,4,1,5,5,0,1,1,0,1,1,1,69,41,145,98,1.41,0.9,2.31,0,0,0,0,0,0,1,1,0,0,1,0,0,0,-1,-1,-1,-1,-1,-1,-1,-1,-1,0,0,0,0,0,0,0,0,0,0.0,0.0,0.0,0.0,/clubs/philadelphia-union-16,teams/usa-philadelphia-union.png,Philadelphia Union,/clubs/club-internacional-de-futbol-miami-677446,teams/usa-club-internacional-de-futbol-miami.png,Inter Miami,2.0,1.06,0.0,0.0,1.0,0.0,0,0,0,0,0,0,0,0,0.0,0.0,0.0,/usa/philadelphia-union-vs-club-internacional-de-futbol-miami-h2h-stats#1199130,5674,34,True,True,True,False,False,False,True,['54'],"['73', '83']"
MLS,2021,5674,1199131,12,698284,2021,complete,65699,0,-1,['36'],"['59', '67', '71']",1,3,4,11,3,14,2,2,2,1,0,0,6,6,14,8,20,14,13,6,49,51,42,11434,2339,,,2,1,1.74,3.7,4.6,1.05,1.21,1.61,2.45,4.3,13.0,4.35,2.25,1.51,1.21,1.59,2.3,2.55,1.47,6.0,1.1,1.24,1.29,2.1,2.22,2.58,5.1,1.95,2.9,4.5,0,0,1.22,1.44,1.79,2.26,3.02,3.82,2.7,2.03,1.61,1.33,1.42,8.0,3.5,1.5,13.0,2.8,2.95,8.75,1.29,2.4,5.0,12.5,3.3,1.62,1.13,1.01,1.14,1.74,3.4,7.4,4.95,1.99,1.28,1.06,0,0,0,0,4,1,0,0,3,3,1,1619312400,698284,0,0,0,0,0,-1,2,1,3,1,8,2,4,10,1,0,1,1,1,2,1,53,34,84,100,2.06,1.56,3.61,0,0,0,0,0,0,1,1,0,0,0,0,0,0,-1,-1,-1,-1,-1,-1,-1,-1,-1,0,0,0,50,50,0,0,50,50,7.0,0.0,0.0,1.0,/clubs/colorado-rapids-12,teams/usa-colorado-rapids.png,Colorado Rapids,/clubs/austin-fc-698284,teams/usa-austin-fc.png,Austin,1.89,0.47,0.0,0.0,1.0,0.0,50,50,50,0,0,50,50,50,0.0,1.17,1.17,/usa/colorado-rapids-vs-austin-fc-h2h-stats#1199131,5674,34,True,True,True,True,False,False,True,['36'],"['59', '67', '71']"
MLS,2021,5674,1199132,20,6,2021,complete,65699,0,-1,"['6', '73']",['28'],2,1,3,4,6,10,1,1,2,2,0,0,6,3,18,8,24,11,17,15,47,53,31,7206,28051,,,2,2,2.0,3.6,3.55,1.04,1.18,1.56,2.3,3.9,14.0,4.75,2.4,1.59,1.25,1.49,2.5,3.5,1.25,5.25,1.12,1.3,1.25,1.7,2.6,2.4,3.5,2.3,2.7,3.2,0,0,1.12,1.28,1.53,1.95,2.44,5.25,3.34,2.44,1.85,1.53,1.56,7.5,2.88,1.62,9.75,2.2,4.15,6.75,1.25,2.2,5.0,13.0,3.75,1.62,1.17,1.04,1.14,1.7,3.0,6.0,5.0,2.05,1.34,1.09,0,0,0,0,3,1,1,1,0,1,2,1619317800,20,0,0,0,0,0,-1,2,1,3,5,1,1,8,2,2,2,0,0,4,0,1,44,67,105,124,2.25,1.4,3.65,0,0,0,0,0,0,1,1,1,0,2,1,0,0,-1,-1,-1,-1,-1,-1,-1,-1,-1,0,0,0,0,0,0,0,0,0,0.0,0.0,0.0,0.0,/clubs/portland-timbers-20,teams/usa-portland-timbers.png,Portland Timbers,/clubs/houston-dynamo-6,teams/usa-houston-dynamo.png,Houston Dynamo,2.1,0.35,0.0,0.0,0.0,3.0,0,0,0,0,0,0,0,0,0.0,0.0,0.0,/usa/houston-dynamo-vs-portland-timbers-h2h-stats#1199132,5674,34,True,True,True,False,False,False,True,"['6', '73']",['28']
MLS,2021,5674,1199133,10,4,2021,complete,65699,0,-1,"['9', '41', '60']","['26', '63']",3,2,5,1,7,8,2,0,2,2,0,0,5,5,1,8,6,13,13,14,46,54,13864,2,11574,,,2,2,2.1,3.6,3.25,1.06,1.24,1.62,2.4,4.1,11.0,4.05,2.25,1.54,1.24,1.54,2.4,3.65,1.24,4.55,1.15,1.38,1.32,1.57,2.88,2.38,3.25,2.5,2.69,2.88,0,0,1.22,1.43,1.78,2.25,2.98,3.82,2.74,2.04,1.62,1.34,1.79,7.0,2.4,1.73,17.0,2.05,4.45,6.0,1.29,2.38,5.5,15.0,3.5,1.53,1.14,1.03,1.14,1.71,3.15,6.45,4.95,2.04,1.32,1.09,0,0,0,0,5,2,1,1,1,2,3,1619386200,10,0,0,0,0,0,-1,2,1,0,2,1,5,2,6,0,0,2,2,0,4,1,28,62,95,129,0.95,1.63,2.58,0,0,0,0,0,0,1,1,1,0,0,0,0,0,-1,-1,-1,-1,-1,-1,-1,-1,-1,0,0,0,0,0,0,0,0,0,0.0,0.0,0.0,0.0,/clubs/la-galaxy-10,teams/usa-la-galaxy.png,LA Galaxy,/clubs/new-york-red-bulls-4,teams/usa-new-york-red-bulls.png,New York RB,1.71,1.0,0.0,0.0,3.0,0.0,0,0,0,0,0,0,0,0,0.0,0.0,0.0,/usa/new-york-red-bulls-vs-la-galaxy-h2h-stats#1199133,5674,34,True,True,True,True,True,False,True,"['9', '41', '60']","['26', '63']"
MLS,2021,5674,1199134,14,8,2021,complete,65699,0,-1,"['35', '52', '77']",['17'],3,1,4,3,5,8,3,3,2,0,0,0,3,1,2,1,5,2,6,6,54,46,40,26962,18,,,2,0,2.5,3.45,2.7,1.07,1.29,1.77,2.85,5.25,10.25,3.55,2.0,1.41,1.16,1.65,2.2,3.7,1.22,3.65,1.24,1.49,1.3,1.47,3.1,2.3,3.1,2.75,2.66,2.75,0,0,1.27,1.5,1.9,2.45,3.4,3.55,2.48,1.9,1.5,1.29,1.79,7.0,2.4,2.0,15.5,1.83,4.65,4.55,1.33,2.5,6.5,17.0,3.25,1.5,1.11,1.03,1.17,1.86,3.7,8.45,4.45,1.86,1.24,1.04,0,0,0,0,4,1,1,2,0,2,2,1619892000,14,0,50,0,50,0,-1,2,1,3,3,0,2,6,2,1,0,1,0,1,1,1,2,5,22,11,0.54,0.23,0.77,0,0,0,0,0,0,1,1,0,0,1,1,0,0,-1,-1,-1,-1,-1,-1,-1,-1,-1,0,0,50,50,50,0,0,50,50,8.0,0.0,1.0,1.5,/clubs/real-salt-lake-14,teams/usa-real-salt-lake.png,Real Salt Lake,/clubs/sporting-kansas-city-8,teams/usa-sporting-kansas-city.png,Sporting KC,1.82,1.53,0.0,3.0,3.0,2.0,50,50,0,0,0,50,50,50,0.0,1.19,1.19,/usa/sporting-kansas-city-vs-real-salt-lake-h2h-stats#1199134,5674,36,True,True,True,True,False,False,True,"['35', '52', '77']",['17']
MLS,2021,5674,1199135,8043,677446,2021,complete,65699,0,-1,"['59', '82']","['7', '38', '85']",2,3,5,7,7,14,2,2,5,3,0,0,5,6,6,4,11,10,10,7,52,48,13851,409,28121,,,5,3,3.58,3.5,2.02,1.08,1.33,1.8,3.1,6.25,8.25,3.2,1.95,1.36,1.12,1.8,2.0,4.3,1.17,2.65,1.42,1.83,1.25,1.28,4.33,2.25,2.5,3.75,2.6,2.2,0,0,1.21,1.42,1.77,2.22,2.93,3.92,2.78,2.05,1.63,1.35,2.4,7.0,1.79,2.5,9.6,1.57,6.0,3.25,1.36,2.75,7.0,21.0,3.0,1.4,1.1,1.02,1.21,1.99,4.15,9.4,3.95,1.74,1.2,1.03,0,0,0,0,5,0,2,2,1,3,2,1621197000,677446,0,25,0,25,0,-1,2,1,4,3,3,4,7,7,3,1,2,2,4,4,1,48,22,128,73,1.41,1.22,2.62,0,0,0,0,0,0,1,1,0,1,1,2,0,0,-1,-1,-1,-1,-1,-1,-1,-1,-1,0,0,25,25,25,0,0,25,25,3.0,1.0,1.0,0.75,/clubs/fc-cincinnati-8043,teams/usa-fc-cincinnati.png,FC Cincinnati,/clubs/club-internacional-de-futbol-miami-677446,teams/usa-club-internacional-de-futbol-miami.png,Inter Miami,0.47,1.06,0.0,2.0,0.33,1.0,50,50,25,25,25,50,50,25,0.0,0.85,0.85,/usa/fc-cincinnati-vs-club-internacional-de-futbol-miami-h2h-stats#1199135,5674,34,True,True,True,True,True,False,True,"['59', '82']","['7', '38', '85']"
MLS,2021,5674,1199136,698284,15,2021,complete,65699,0,-1,[],[],0,0,0,9,7,16,1,1,1,2,0,0,4,9,16,5,20,14,17,15,49,51,31,2339,1763,,,1,2,1.91,3.8,3.65,1.05,1.24,1.67,2.55,4.35,12.0,4.05,2.2,1.49,1.21,1.61,2.25,3.05,1.34,4.6,1.17,1.29,1.27,1.88,2.5,2.3,4.0,2.26,2.75,3.7,0,0,1.12,1.29,1.57,1.85,2.4,5.2,3.3,2.26,1.85,1.5,1.63,7.5,2.7,1.57,12.0,2.4,3.65,6.0,1.32,2.45,5.85,12.0,3.38,1.55,1.13,1.03,1.19,1.9,3.76,7.5,4.75,1.9,1.27,1.07,0,0,0,0,0,0,0,0,0,0,0,1624150800,-1,0,34,0,17,0,-1,2,1,6,2,3,5,8,8,1,2,0,0,3,0,1,44,47,97,77,1.86,1.85,3.71,0,0,0,0,0,0,1,1,0,0,1,0,0,0,-1,-1,-1,-1,-1,-1,-1,-1,-1,0,0,34,34,50,0,34,50,34,4.33,1.0,1.67,1.17,/clubs/austin-fc-698284,teams/usa-austin-fc.png,Austin,/clubs/san-jose-earthquakes-15,teams/usa-san-jose-earthquakes.png,SJ Earthquakes,1.35,1.24,0.0,1.0,1.0,1.13,50,50,17,17,0,17,17,17,0.0,1.7,1.7,/usa/san-jose-earthquakes-vs-austin-fc-h2h-stats#1199136,5674,34,False,False,False,False,False,False,False,[],[]
MLS,2021,5674,1201414,6490,18,2021,complete,65699,0,-1,['2'],['54'],1,1,2,6,3,9,1,2,1,3,0,0,3,2,5,6,8,8,18,16,50,50,7,211,25,,,1,3,1.84,3.95,3.95,1.02,1.12,1.51,2.02,3.35,22.5,6.0,2.38,1.71,1.31,1.38,2.81,3.75,1.22,5.5,1.11,1.31,1.3,1.72,2.38,2.49,3.48,2.23,2.82,3.25,0,0,1.14,1.29,1.56,1.98,2.52,5.0,3.26,2.36,1.83,1.5,1.57,7.5,2.88,1.67,22.5,2.14,4.3,7.0,1.22,2.04,4.13,10.0,3.8,1.7,1.19,1.04,1.13,1.71,3.04,6.0,5.85,1.95,1.38,1.11,0,0,0,0,2,1,0,0,1,1,1,1619301600,-1,0,0,0,0,0,-1,2,1,1,2,5,1,3,6,0,0,1,3,0,4,1,59,28,143,104,1.16,0.86,2.03,0,0,0,0,0,0,1,1,1,0,0,1,0,0,-1,-1,-1,-1,-1,-1,-1,-1,-1,0,0,0,50,50,0,0,50,50,10.0,2.0,0.0,1.0,/clubs/los-angeles-fc-6490,teams/usa-los-angeles-fc.png,Los Angeles FC,/clubs/seattle-sounders-fc-18,teams/usa-seattle-sounders-fc.png,Seattle Sounders,1.76,1.82,3.0,0.0,3.0,3.0,50,50,50,0,0,50,50,50,2.18,0.0,2.18,/usa/seattle-sounders-fc-vs-los-angeles-fc-h2h-stats#1201414,5674,34,True,True,False,False,False,False,True,['2'],['54']
MLS,2021,5674,1201415,4,7,2021,complete,65699,0,-1,"['47', '64']",[],2,0,2,2,2,4,0,1,1,2,0,0,6,4,3,4,9,8,14,16,44,56,15,11574,2414,,,1,2,1.95,3.9,3.5,1.05,1.24,1.65,2.45,4.15,12.0,4.05,2.2,1.53,1.22,1.61,2.25,3.15,1.3,4.35,1.17,1.33,1.29,1.7,2.63,2.3,3.6,2.38,2.67,3.2,0,0,1.25,1.47,1.85,2.38,3.25,3.7,2.55,1.95,1.54,1.3,1.53,7.5,3.05,1.67,15.25,2.25,3.8,5.75,1.33,2.5,6.5,17.0,3.25,1.5,1.11,1.03,1.17,1.85,3.7,7.9,4.45,1.87,1.24,1.05,0,0,0,0,2,0,0,2,0,2,0,1619888400,4,0,100,0,100,0,-1,2,1,0,2,2,0,2,2,1,1,0,1,2,1,1,28,11,115,72,1.21,0.87,2.08,0,0,0,0,0,0,1,1,0,0,0,0,0,0,-1,-1,-1,-1,-1,-1,-1,-1,-1,0,50,100,100,100,0,50,100,100,7.0,6.0,2.0,3.5,/clubs/new-york-red-bulls-4,teams/usa-new-york-red-bulls.png,New York RB,/clubs/chicago-fire-7,teams/usa-chicago-fire.png,Chicago Fire,1.76,0.47,0.0,0.0,0.0,0.5,100,50,0,0,0,100,100,50,1.45,1.34,2.79,/usa/new-york-red-bulls-vs-chicago-fire-h2h-stats#1201415,5674,34,True,True,False,False,False,False,False,"['47', '64']",[]
MLS,2021,5674,1201416,1,9,2021,complete,65699,0,-1,[],[],0,0,0,7,0,7,1,3,0,0,0,0,4,1,14,3,18,4,19,7,55,45,13841,39282,13,,,0,0,2.71,3.62,2.47,1.05,1.24,1.65,2.85,4.75,13.0,4.1,2.16,1.42,1.18,1.62,2.2,4.15,1.18,3.2,1.29,1.63,1.28,1.38,3.5,2.3,2.75,3.1,2.68,2.4,0,0,1.2,1.38,1.67,2.12,2.85,4.25,2.9,2.12,1.67,1.38,2.16,7.0,1.96,2.2,15.75,1.73,5.25,3.9,1.3,2.38,6.0,17.0,3.4,1.53,1.13,1.03,1.17,1.83,3.75,9.0,5.0,1.83,1.25,1.07,0,0,0,0,0,0,0,0,0,0,0,1619895600,-1,0,50,50,50,0,-1,2,-1,2,0,5,0,2,5,0,0,0,0,0,0,1,53,23,113,85,1.8,0.5,2.31,0,0,0,0,0,0,1,1,0,0,1,0,-1,-1,-1,-1,-1,-1,-1,-1,-1,-1,-1,50,50,50,50,50,50,50,50,50,4.0,2.0,1.0,3.0,/clubs/montreal-impact-1,teams/canada-montreal-impact.png,Montreal Impact,/clubs/columbus-crew-9,teams/usa-columbus-crew.png,Columbus Crew,1.82,0.82,3.0,0.0,2.0,1.0,0,0,0,0,0,0,0,0,1.27,0.0,1.27,/usa/montreal-impact-vs-columbus-crew-h2h-stats#1201416,5674,34,False,False,False,False,False,False,False,[],[]
MLS,2021,5674,1201417,6,6490,2021,complete,65699,0,-1,['57'],['55'],1,1,2,8,5,13,3,2,0,1,0,0,4,3,9,7,13,10,10,7,39,61,12,28051,211,,,0,1,2.64,3.9,2.41,1.01,1.13,1.39,2.15,3.4,23.0,6.0,2.86,1.7,1.3,1.4,2.75,5.0,1.13,4.25,1.17,1.6,1.27,1.42,3.2,2.5,2.63,2.88,2.9,2.4,0,0,1.17,1.32,1.58,2.0,2.6,4.7,3.2,2.28,1.8,1.46,2.05,7.5,2.05,2.1,26.0,1.67,5.75,4.75,1.22,2.1,4.5,13.0,4.0,1.67,1.18,1.04,1.1,1.56,2.75,5.45,5.95,2.29,1.4,1.12,0,0,0,0,2,0,0,1,1,2,0,1619897400,-1,0,50,0,50,0,-1,2,1,8,3,0,2,11,2,0,1,0,0,1,0,1,51,52,104,123,1.47,1.23,2.71,0,0,0,0,0,0,1,1,0,0,1,1,0,0,-1,-1,-1,-1,-1,-1,-1,-1,-1,0,0,50,50,50,0,50,50,50,5.0,4.0,3.0,1.5,/clubs/houston-dynamo-6,teams/usa-houston-dynamo.png,Houston Dynamo,/clubs/los-angeles-fc-6490,teams/usa-los-angeles-fc.png,Los Angeles FC,1.41,0.88,3.0,0.0,1.5,2.0,50,50,0,0,0,0,0,0,1.78,0.0,1.78,/usa/houston-dynamo-vs-los-angeles-fc-h2h-stats#1201417,5674,34,True,True,False,False,False,False,True,['57'],['55']
MLS,2021,5674,1201418,11,1016,2021,complete,65699,0,-1,"['19', '53']",['43'],2,1,3,7,4,11,1,2,2,3,0,0,5,4,8,7,13,11,14,14,44,56,11,21032,1778,,,2,3,1.75,4.1,4.34,1.06,1.26,1.73,2.7,5.25,11.0,3.75,2.03,1.47,1.17,1.74,2.05,2.7,1.41,4.5,1.15,1.25,1.27,1.89,2.37,2.22,4.18,2.12,2.66,3.8,0,0,1.2,1.38,1.67,2.12,2.85,4.25,2.9,2.12,1.67,1.38,1.37,8.0,3.75,1.61,14.0,2.41,3.2,6.25,1.34,2.54,5.7,16.0,2.99,1.46,1.11,1.03,1.22,2.0,4.2,8.0,4.3,1.71,1.23,1.06,0,0,0,0,3,1,1,1,0,1,2,1619910000,11,0,0,0,0,0,-1,2,1,4,1,3,3,5,6,0,3,2,0,3,2,1,49,30,120,93,1.54,1.2,2.73,1,1,1,1,0,0,1,1,0,0,1,1,0,0,-1,-1,-1,-1,-1,-1,-1,-1,-1,0,0,0,0,50,0,0,50,0,10.0,3.0,4.0,0.5,/clubs/new-england-revolution-11,teams/usa-new-england-revolution.png,New England Revolution,/clubs/atlanta-united-fc-1016,teams/usa-atlanta-united-fc.png,Atlanta United FC,2.22,1.06,3.0,1.0,2.0,2.0,100,100,100,100,50,50,50,50,0.96,1.29,2.25,/usa/new-england-revolution-vs-atlanta-united-fc-h2h-stats#1201418,5674,35,True,True,True,False,False,False,True,"['19', '53']",['43']
MLS,2021,5674,1201419,17,8043,2021,complete,65699,0,-1,"['1', '19', '80']",[],3,0,3,4,4,8,1,2,2,1,0,0,6,0,17,8,23,8,13,9,52,48,36,21031,409,,,2,1,1.42,4.84,7.4,1.05,1.25,1.63,2.7,4.95,13.0,3.85,2.19,1.45,1.17,1.87,1.91,2.1,1.65,6.0,1.09,1.13,1.2,2.61,2.05,2.4,6.0,1.8,2.84,5.5,0,0,1.22,1.42,1.74,2.23,3.0,4.0,2.75,2.02,1.61,1.35,1.21,9.5,5.4,1.36,15.25,3.25,2.4,9.0,1.3,2.5,6.0,17.0,3.4,1.5,1.13,1.03,1.2,1.91,3.85,8.0,4.65,1.8,1.26,1.06,0,0,0,0,3,2,0,1,0,1,2,1619911800,17,0,25,25,0,0,-1,2,1,2,2,2,2,4,4,1,0,1,1,1,2,1,55,30,91,89,2.26,0.73,2.99,0,0,0,0,0,0,1,1,1,0,0,0,0,0,-1,-1,-1,-1,-1,-1,-1,-1,-1,25,50,50,50,50,25,50,50,25,6.5,3.0,2.0,2.25,/clubs/orlando-city-sc-17,teams/usa-orlando-city-sc.png,Orlando City,/clubs/fc-cincinnati-8043,teams/usa-fc-cincinnati.png,FC Cincinnati,1.82,0.71,1.0,0.5,1.0,0.5,75,50,50,50,50,50,50,50,1.1,0.97,2.07,/usa/orlando-city-sc-vs-fc-cincinnati-h2h-stats#1201419,5674,34,True,True,True,False,False,False,False,"['1', '19', '80']",[]
MLS,2021,5674,1201420,16,2,2021,complete,65699,0,-1,[],"['5', '65']",0,2,2,1,7,8,1,1,1,3,1,0,0,6,4,16,4,22,9,10,33,67,31,12,762,,,3,3,1.92,3.92,3.68,1.03,1.2,1.66,2.55,5.0,15.0,4.33,2.14,1.52,1.17,1.62,2.2,3.2,1.29,4.2,1.18,1.36,1.29,1.65,2.75,2.3,3.5,2.4,2.67,3.1,0,0,1.18,1.34,1.61,2.02,2.7,4.5,3.1,2.23,1.74,1.44,1.5,7.5,3.1,1.67,15.25,2.2,3.9,5.5,1.33,2.5,6.5,17.0,3.25,1.5,1.11,1.03,1.19,1.83,3.68,7.5,4.75,1.87,1.28,1.07,0,0,0,0,2,0,1,0,1,1,1,1619911800,2,0,100,50,50,0,-1,2,1,1,3,0,4,4,4,2,3,0,0,5,0,1,20,73,90,164,0.42,2.34,2.76,0,0,0,0,0,0,1,1,0,1,0,0,0,0,-1,-1,-1,-1,-1,-1,-1,-1,-1,0,0,100,100,100,50,50,50,50,13.0,3.0,3.0,3.0,/clubs/philadelphia-union-16,teams/usa-philadelphia-union.png,Philadelphia Union,/clubs/new-york-city-fc-2,teams/usa-new-york-city-fc.png,New York City,2.0,1.1,0.0,0.0,0.5,1.5,100,100,0,0,0,100,100,50,1.41,1.34,2.75,/usa/new-york-city-fc-vs-philadelphia-union-h2h-stats#1201420,5674,37,True,True,False,False,False,False,False,[],"['5', '65']"
MLS,2021,5674,1201421,13,20,2021,complete,65699,0,-1,"['2', '13', '45+3', '85']",['62'],4,1,5,3,2,5,1,0,3,2,0,0,6,2,5,7,11,9,16,12,59,41,35,12956,7206,,,3,2,2.21,3.84,2.98,1.05,1.24,1.63,2.31,4.5,13.0,4.1,2.19,1.55,1.2,1.59,2.25,3.25,1.29,4.65,1.15,1.34,1.19,1.75,2.6,2.4,3.6,2.25,2.7,3.25,0,0,1.14,1.3,1.54,1.95,2.5,5.0,3.3,2.38,1.85,1.49,1.78,7.5,2.4,1.62,10.5,2.3,3.85,6.0,1.29,2.38,5.5,15.0,3.5,1.53,1.14,1.03,1.16,1.8,3.4,7.0,4.6,1.91,1.28,1.07,0,0,0,0,5,3,0,1,1,2,3,1619913600,13,0,0,0,0,0,-1,2,1,2,1,1,1,3,2,1,0,2,2,1,4,1,36,41,93,100,1.38,1.02,2.4,0,0,0,0,0,0,1,1,1,0,0,0,0,0,-1,-1,-1,-1,-1,-1,-1,-1,-1,0,0,0,0,50,0,0,50,0,8.0,4.0,1.0,0.5,/clubs/fc-dallas-13,teams/usa-fc-dallas.png,FC Dallas,/clubs/portland-timbers-20,teams/usa-portland-timbers.png,Portland Timbers,1.29,1.28,1.0,0.0,0.5,1.5,100,100,100,100,50,50,50,50,1.3,1.09,2.39,/usa/fc-dallas-vs-portland-timbers-h2h-stats#1201421,5674,34,True,True,True,True,True,False,True,"['2', '13', '45+3', '85']",['62']
MLS,2021,5674,1201422,1015,698284,2021,complete,65699,0,-1,[],['17'],0,1,1,6,4,10,0,1,3,2,0,0,2,5,11,9,13,14,13,12,44,56,13851,5,2339,,,3,2,1.61,4.44,4.98,1.04,1.2,1.5,2.3,3.9,13.0,4.55,2.48,1.6,1.25,1.54,2.35,2.85,1.38,4.85,1.15,1.26,1.29,2.04,2.25,2.3,4.32,2.04,2.73,3.97,0,0,1.21,1.4,1.62,2.08,2.7,3.9,2.75,2.21,1.67,1.41,1.42,8.0,3.5,1.57,15.5,2.46,3.4,6.75,1.31,2.41,5.3,17.0,3.15,1.5,1.12,1.03,1.17,1.89,3.7,8.45,4.45,1.84,1.24,1.04,0,0,0,0,1,0,1,0,0,0,1,1619913600,698284,0,75,0,0,0,-1,2,1,3,2,3,2,5,5,1,0,2,2,1,4,1,56,44,109,94,1.37,1.55,2.92,0,0,0,0,0,0,1,1,0,0,0,0,0,0,-1,-1,-1,-1,-1,-1,-1,-1,-1,0,25,75,100,100,50,75,100,50,11.0,3.0,0.5,3.0,/clubs/minnesota-united-fc-1015,teams/usa-minnesota-united-fc.png,Minnesota United,/clubs/austin-fc-698284,teams/usa-austin-fc.png,Austin,1.94,0.47,0.0,1.5,0.0,1.5,100,75,25,0,0,50,50,50,2.31,1.36,3.67,/usa/minnesota-united-fc-vs-austin-fc-h2h-stats#1201422,5674,34,True,False,False,False,False,False,False,[],['17']
MLS,2021,5674,1201423,15,13401,2021,complete,65699,0,-1,"['1', '26', '43', '85']",['31'],4,1,5,4,5,9,0,0,3,2,0,0,8,5,7,11,15,16,11,10,48,52,39,1763,36107,,,3,2,1.8,4.0,4.14,1.06,1.25,1.66,2.7,4.85,11.0,3.95,2.14,1.47,1.18,1.62,2.2,2.8,1.37,4.85,1.13,1.22,1.26,1.83,2.5,2.3,4.0,2.2,2.55,3.6,0,0,1.17,1.3,1.56,1.98,2.55,4.8,3.25,2.33,1.83,1.47,1.41,8.0,3.5,1.57,8.5,2.4,3.4,7.0,1.3,2.5,6.0,17.0,3.4,1.5,1.13,1.03,1.19,1.85,3.6,7.25,4.25,1.85,1.25,1.06,0,0,0,0,5,3,1,1,0,1,4,1619924400,15,0,50,0,50,0,-1,2,1,3,3,1,2,6,3,1,1,2,1,2,3,1,41,37,96,120,1.81,1.64,3.44,0,0,0,0,0,0,1,1,1,0,0,0,0,0,-1,-1,-1,-1,-1,-1,-1,-1,-1,0,50,50,50,100,0,50,100,50,8.0,1.0,9.0,2.5,/clubs/san-jose-earthquakes-15,teams/usa-san-jose-earthquakes.png,SJ Earthquakes,/clubs/dc-united-13401,teams/usa-dc-united.png,DC United,1.18,0.76,3.0,0.0,1.5,1.5,100,50,50,50,0,50,50,50,1.33,0.75,2.08,/usa/san-jose-earthquakes-vs-dc-united-h2h-stats#1201423,5674,34,True,True,True,True,True,False,True,"['1', '26', '43', '85']",['31']
MLS,2021,5674,1201424,677447,677446,2021,complete,65699,0,-1,[],[],0,0,0,6,5,11,4,1,2,1,0,0,3,2,7,4,10,6,11,11,59,41,13812,24795,28121,,,2,1,1.87,3.6,4.1,1.08,1.33,1.95,3.2,6.0,8.5,3.2,1.83,1.33,1.13,1.87,1.87,2.8,1.38,4.15,1.18,1.26,1.26,1.75,2.6,2.05,4.2,2.3,2.45,3.7,0,0,1.22,1.43,1.78,2.25,2.98,3.82,2.74,2.04,1.62,1.34,1.58,7.5,2.88,1.67,8.0,2.4,3.5,6.0,1.4,2.65,6.25,14.0,2.75,1.42,1.09,1.01,1.22,2.0,4.1,8.5,3.8,1.72,1.2,1.04,0,0,0,0,0,0,0,0,0,0,0,1619974800,-1,0,100,25,50,0,-1,2,1,1,2,5,3,3,8,1,0,1,1,1,2,1,38,37,124,105,1.13,0.8,1.94,0,0,0,0,0,0,1,1,0,0,0,1,0,0,-1,-1,-1,-1,-1,-1,-1,-1,-1,0,50,100,100,100,50,50,100,75,11.0,4.0,3.0,3.5,/clubs/nashville-sc-mls-677447,teams/usa-nashville-sc-mls.png,Nashville SC,/clubs/club-internacional-de-futbol-miami-677446,teams/usa-club-internacional-de-futbol-miami.png,Inter Miami,2.0,1.06,1.0,3.0,1.0,1.5,100,50,0,0,0,100,75,25,2.47,0.9,3.37,/usa/club-internacional-de-futbol-miami-vs-nashville-sc-mls-h2h-stats#1201424,5674,34,False,False,False,False,False,False,False,[],[]
MLS,2021,5674,1201425,18,10,2021,complete,65699,0,-1,"['20', '23', '90+3']",[],3,0,3,7,4,11,1,3,0,0,0,0,7,1,9,8,16,9,6,10,46,54,57,25,2,,,0,0,1.66,3.98,5.13,1.04,1.17,1.5,2.15,3.75,14.0,5.25,2.4,1.7,1.26,1.56,2.35,2.7,1.39,6.75,1.07,1.14,1.15,2.4,2.1,2.6,4.75,1.83,3.0,4.33,0,0,1.17,1.32,1.58,1.98,2.6,4.7,3.2,2.28,1.77,1.46,1.26,9.0,4.7,1.4,12.0,2.75,3.05,9.25,1.25,2.1,5.0,13.0,3.75,1.67,1.17,1.04,1.12,1.6,2.85,5.5,5.25,2.2,1.36,1.11,0,0,0,0,3,2,0,1,0,1,2,1620003600,18,0,50,0,50,0,7148,2,-1,4,4,3,0,8,3,0,0,0,0,0,0,1,58,44,109,122,1.92,0.97,2.89,0,0,0,0,0,0,1,1,0,0,1,0,-1,-1,-1,-1,-1,-1,-1,-1,-1,-1,-1,50,100,100,100,100,0,50,100,100,9.0,0.0,3.0,4.5,/clubs/seattle-sounders-fc-18,teams/usa-seattle-sounders-fc.png,Seattle Sounders,/clubs/la-galaxy-10,teams/usa-la-galaxy.png,LA Galaxy,1.67,1.12,3.0,3.0,2.0,3.0,50,0,0,0,0,100,0,0,1.75,0.68,2.43,/usa/la-galaxy-vs-seattle-sounders-fc-h2h-stats#1201425,5674,34,True,True,True,False,False,False,False,"['20', '23', '90+3']",[]
MLS,2021,5674,1201426,5,12,2021,complete,65699,0,-1,[],['26'],0,1,1,6,4,10,2,0,1,2,0,0,4,6,6,10,10,16,11,17,57,43,27,7207,11434,,,1,2,3.36,3.8,2.04,1.05,1.22,1.61,2.5,4.5,13.0,4.25,2.2,1.53,1.2,1.59,2.25,4.45,1.16,3.25,1.29,1.72,1.2,1.34,3.5,2.38,2.75,3.1,2.65,2.38,0,0,1.18,1.34,1.61,2.02,2.7,4.5,3.1,2.23,1.74,1.43,2.28,7.5,1.86,2.2,10.0,1.67,5.75,3.9,1.29,2.38,5.5,15.0,3.5,1.53,1.14,1.03,1.16,1.8,3.4,7.0,4.5,1.91,1.28,1.07,0,0,0,0,1,0,1,0,0,0,1,1620007200,12,0,0,0,0,0,-1,2,1,1,1,5,3,2,8,1,2,0,0,3,0,1,40,31,101,94,1.21,1.66,2.87,0,0,0,0,0,0,1,1,0,0,0,1,0,0,-1,-1,-1,-1,-1,-1,-1,-1,-1,0,0,0,0,50,0,0,50,0,13.0,3.0,3.0,0.5,/clubs/vancouver-whitecaps-fc-5,teams/canada-vancouver-whitecaps-fc.png,Vancouver Whitecaps,/clubs/colorado-rapids-12,teams/usa-colorado-rapids.png,Colorado Rapids,1.94,1.59,3.0,1.0,2.0,0.5,100,100,100,100,50,50,50,50,0.85,1.37,2.22,/usa/vancouver-whitecaps-fc-vs-colorado-rapids-h2h-stats#1201426,5674,35,True,False,False,False,False,False,False,[],['26']
MLS,2021,5674,1201427,14,15,2021,complete,65699,0,-1,['43'],"['83', '87']",1,2,3,4,7,11,0,0,4,1,0,0,5,8,11,9,16,17,8,10,41,59,24,26962,1763,,,4,1,1.91,3.85,3.65,1.05,1.22,1.62,2.5,4.4,12.0,4.15,2.25,1.51,1.21,1.61,2.25,3.1,1.31,4.7,1.14,1.32,1.27,1.77,2.45,2.3,3.65,2.2,2.6,3.3,0,0,1.2,1.4,1.7,2.2,2.95,4.1,2.75,2.05,1.6,1.35,1.52,7.5,3.05,1.65,11.0,2.25,3.65,6.0,1.31,2.3,5.0,13.0,3.25,1.56,1.16,1.04,1.15,1.77,3.45,7.4,4.9,1.95,1.27,1.06,0,0,0,0,3,1,0,0,2,2,1,1620437400,15,0,100,50,50,0,-1,2,1,2,4,2,3,6,5,1,1,3,0,2,3,1,47,31,81,96,1.7,1.86,3.56,0,0,0,0,0,0,1,1,0,0,2,0,1,0,-1,-1,-1,-1,-1,-1,-1,-1,-1,0,50,100,100,100,50,100,100,100,5.0,5.0,5.0,3.5,/clubs/real-salt-lake-14,teams/usa-real-salt-lake.png,Real Salt Lake,/clubs/san-jose-earthquakes-15,teams/usa-san-jose-earthquakes.png,SJ Earthquakes,1.82,1.24,3.0,0.0,3.0,2.0,100,50,0,0,0,0,0,0,0.54,0.74,1.28,/usa/real-salt-lake-vs-san-jose-earthquakes-h2h-stats#1201427,5674,34,True,True,True,False,False,False,True,['43'],"['83', '87']"
MLS,2021,5674,1201428,7,16,2021,complete,65699,0,-1,[],"['51', '60']",0,2,2,5,4,9,3,3,3,3,0,0,2,6,8,9,10,15,15,15,60,40,42,2414,12,,,3,3,2.2,3.45,2.65,1.05,1.22,1.63,2.95,4.5,12.0,4.15,2.13,1.4,1.2,1.54,2.3,3.25,1.29,4.35,1.17,1.35,1.29,1.66,2.7,2.2,3.5,2.4,2.5,3.1,0,0,1.25,1.45,1.85,2.4,3.3,3.6,2.55,1.95,1.5,1.28,1.58,7.5,2.88,1.74,10.5,2.15,3.95,5.75,1.34,2.4,5.5,14.0,3.05,1.51,1.14,1.03,1.16,1.83,3.45,7.4,4.7,1.87,1.27,1.06,0,0,0,0,2,0,0,0,2,2,0,1620493200,16,0,50,50,0,0,-1,2,1,2,1,3,3,3,6,1,0,2,3,1,5,1,61,56,123,127,1.22,1.78,3.0,0,0,0,0,0,0,1,1,0,0,0,0,0,0,-1,-1,-1,-1,-1,-1,-1,-1,-1,0,50,50,50,50,50,50,0,0,13.0,3.0,5.0,2.0,/clubs/chicago-fire-7,teams/usa-chicago-fire.png,Chicago Fire,/clubs/philadelphia-union-16,teams/usa-philadelphia-union.png,Philadelphia Union,1.53,1.06,1.0,1.0,0.33,0.33,100,50,50,50,50,50,50,50,1.76,1.6,3.36,/usa/chicago-fire-vs-philadelphia-union-h2h-stats#1201428,5674,34,True,True,False,False,False,False,False,[],"['51', '60']"
MLS,2021,5674,1201429,4,19,2021,complete,65699,0,-1,"['32', '69']",[],2,0,2,2,4,6,3,3,2,2,0,0,3,1,8,4,11,5,13,11,54,46,5016,11574,11435,,,2,2,1.87,3.5,3.3,1.05,1.24,1.67,2.32,4.65,12.0,4.05,2.07,1.54,1.19,1.61,2.25,3.1,1.31,4.4,1.16,1.32,1.29,1.71,2.63,2.4,3.6,2.3,2.69,3.3,0,0,1.2,1.4,1.7,2.2,2.95,4.1,2.75,2.05,1.6,1.35,1.58,7.5,2.88,1.62,15.75,2.3,3.8,6.0,1.31,2.38,5.2,12.0,3.17,1.51,1.13,1.03,1.17,1.86,3.7,8.45,4.45,1.86,1.24,1.04,0,0,0,0,2,1,0,1,0,1,1,1620493200,4,0,75,50,75,0,-1,2,1,0,2,2,2,2,4,1,0,1,2,1,3,1,77,49,146,125,1.47,0.76,2.24,0,0,0,0,0,0,1,1,0,0,0,0,0,0,-1,-1,-1,-1,-1,-1,-1,-1,-1,50,50,75,100,100,50,50,100,100,3.5,2.5,3.0,4.25,/clubs/new-york-red-bulls-4,teams/usa-new-york-red-bulls.png,New York RB,/clubs/toronto-fc-19,teams/canada-toronto-fc.png,Toronto,1.76,0.53,1.5,0.0,1.0,0.5,50,50,25,0,0,25,25,25,1.33,1.24,2.57,/usa/new-york-red-bulls-vs-toronto-fc-h2h-stats#1201429,5674,34,True,True,False,False,False,False,False,"['32', '69']",[]
MLS,2021,5674,1201430,9,13401,2021,complete,65699,0,-1,"['20', '63', '83']",['82'],3,1,4,7,2,9,3,1,3,1,0,0,3,2,6,9,9,11,13,15,45,55,44,13,36107,,,3,1,1.65,3.5,4.3,1.07,1.27,1.83,3.25,5.75,10.0,3.65,1.87,1.35,1.14,1.8,2.0,2.25,1.57,5.5,1.11,1.17,1.23,2.27,2.08,2.31,5.1,1.86,2.77,4.72,0,0,1.18,1.35,1.62,2.05,2.75,4.33,2.95,2.15,1.7,1.4,1.29,8.5,4.35,1.47,15.0,2.78,2.6,8.0,1.32,2.48,5.5,17.0,3.08,1.48,1.11,1.03,1.21,1.95,4.05,8.0,4.45,1.74,1.24,1.06,0,0,0,0,4,1,0,2,1,3,1,1620495000,9,0,25,25,0,0,-1,2,1,3,1,4,1,4,5,2,1,1,0,3,1,1,35,56,73,134,1.03,1.25,2.29,0,0,0,0,0,0,1,1,0,0,0,0,0,0,-1,-1,-1,-1,-1,-1,-1,-1,-1,25,25,25,25,50,25,25,50,0,6.0,1.5,4.5,1.5,/clubs/columbus-crew-9,teams/usa-columbus-crew.png,Columbus Crew,/clubs/dc-united-13401,teams/usa-dc-united.png,DC United,1.94,0.76,1.0,0.0,1.0,1.0,75,75,75,75,50,50,25,25,1.34,1.19,2.53,/usa/columbus-crew-vs-dc-united-h2h-stats#1201430,5674,34,True,True,True,True,False,False,True,"['20', '63', '83']",['82']
MLS,2021,5674,1201431,5,1,2021,complete,65699,0,-1,"['57', '71']",[],2,0,2,6,3,9,3,0,4,1,0,0,4,6,6,12,10,18,13,13,39,61,13812,7207,39282,,,4,1,2.18,3.53,2.58,1.05,1.22,1.56,2.85,4.5,13.0,4.25,2.32,1.42,1.2,1.57,2.3,4.05,1.19,3.6,1.24,1.55,1.29,1.42,3.15,2.3,2.79,2.87,2.72,2.54,0,0,1.2,1.4,1.7,2.2,2.95,4.1,2.75,2.05,1.6,1.35,2.06,7.0,2.06,1.98,17.5,1.83,5.0,4.35,1.29,2.3,4.95,14.0,3.28,1.55,1.14,1.04,1.17,1.8,3.52,7.0,5.05,1.91,1.3,1.08,0,0,0,0,2,0,0,2,0,2,0,1620500400,5,0,50,0,0,0,-1,2,1,5,1,1,2,6,3,3,1,1,0,4,1,1,29,43,91,110,1.13,1.87,3.0,1,0,1,0,0,0,1,1,0,0,1,0,0,0,-1,-1,-1,-1,-1,-1,-1,-1,-1,0,50,50,50,100,50,75,75,50,8.5,1.0,4.5,2.5,/clubs/vancouver-whitecaps-fc-5,teams/canada-vancouver-whitecaps-fc.png,Vancouver Whitecaps,/clubs/montreal-impact-1,teams/canada-montreal-impact.png,Montreal Impact,1.94,0.88,1.5,1.0,1.33,1.67,100,50,50,50,0,75,25,0,1.03,1.03,2.06,/usa/montreal-impact-vs-vancouver-whitecaps-fc-h2h-stats#1201431,5674,34,True,True,False,False,False,False,False,"['57', '71']",[]
MLS,2021,5674,1201432,13,6,2021,complete,65699,0,-1,['42'],['34'],1,1,2,6,1,7,1,2,3,3,0,0,3,4,10,11,13,15,19,13,54,46,58,12956,28051,,,3,3,1.7,3.7,4.5,1.03,1.18,1.67,2.9,4.33,15.0,4.5,2.1,1.42,1.2,1.54,2.4,2.95,1.34,4.85,1.13,1.27,1.27,1.87,2.5,2.38,4.0,2.12,2.76,3.63,0,0,1.12,1.26,1.48,1.9,2.35,5.25,3.5,2.5,1.9,1.53,1.4,8.0,3.55,1.61,17.25,2.32,3.45,6.5,1.29,2.31,4.98,11.0,3.28,1.55,1.14,1.03,1.17,1.83,3.52,7.0,5.0,1.97,1.3,1.08,0,0,0,0,2,1,1,0,0,0,2,1620502200,-1,0,75,50,25,0,-1,2,1,5,0,1,1,5,2,1,2,2,1,3,3,1,43,43,98,95,1.35,1.54,2.89,0,1,0,1,0,0,1,1,0,0,1,0,0,0,-1,-1,-1,-1,-1,-1,-1,-1,-1,25,25,75,75,75,75,75,75,25,10.5,2.0,3.5,2.75,/clubs/fc-dallas-13,teams/usa-fc-dallas.png,FC Dallas,/clubs/houston-dynamo-6,teams/usa-houston-dynamo.png,Houston Dynamo,1.29,0.35,2.0,0.0,1.33,1.33,75,75,25,25,25,75,75,25,1.34,1.4,2.74,/usa/houston-dynamo-vs-fc-dallas-h2h-stats#1201432,5674,34,True,True,False,False,False,False,True,['42'],['34']
MLS,2021,5674,1201433,17,2,2021,complete,65699,0,-1,['52'],['77'],1,1,2,5,3,8,4,0,1,1,0,0,4,4,7,5,11,9,13,17,57,43,12,21031,762,,,1,1,2.35,3.4,2.7,1.03,1.18,1.57,2.55,4.27,17.5,4.68,2.25,1.52,1.21,1.5,2.42,3.7,1.22,4.05,1.19,1.43,1.28,1.55,2.81,2.3,3.15,2.54,2.73,2.85,0,0,1.12,1.26,1.48,1.95,2.35,5.25,3.5,2.5,1.85,1.53,1.7,7.5,2.55,1.83,17.5,1.98,4.45,5.0,1.29,2.31,4.98,13.0,3.27,1.54,1.14,1.04,1.17,1.8,3.6,7.0,5.0,1.91,1.29,1.08,0,0,0,0,2,0,0,1,1,2,0,1620511200,-1,0,25,25,0,0,-1,2,1,1,3,4,0,4,4,1,0,0,1,1,1,1,43,46,104,94,1.29,1.19,2.48,0,1,0,1,0,0,1,1,0,0,1,1,0,0,-1,-1,-1,-1,-1,-1,-1,-1,-1,0,0,50,75,75,50,75,50,0,9.0,3.0,3.5,2.0,/clubs/orlando-city-sc-17,teams/usa-orlando-city-sc.png,Orlando City,/clubs/new-york-city-fc-2,teams/usa-new-york-city-fc.png,New York City,1.82,1.1,2.0,1.5,1.67,2.0,100,100,50,25,25,25,25,25,1.68,1.84,3.52,/usa/new-york-city-fc-vs-orlando-city-sc-h2h-stats#1201433,5674,35,True,True,False,False,False,False,True,['52'],['77']
MLS,2021,5674,1201434,10,6490,2021,complete,65699,0,-1,"['11', '79']",['62'],2,1,3,9,5,14,4,0,6,1,0,0,3,6,7,11,10,17,10,9,38,62,3,2,211,,,6,1,3.2,3.5,2.05,1.03,1.16,1.53,2.45,3.4,16.0,5.25,2.35,1.55,1.3,1.43,2.7,5.5,1.11,3.85,1.21,1.65,1.22,1.36,3.4,2.5,2.63,3.0,2.7,2.3,0,0,1.2,1.4,1.7,2.2,2.95,4.1,2.75,2.05,1.6,1.35,2.17,7.0,1.96,2.2,10.0,1.67,6.75,4.45,1.25,2.1,5.0,13.0,3.75,1.67,1.17,1.04,1.14,1.7,3.0,6.0,5.0,2.05,1.34,1.09,0,0,0,0,3,1,0,1,1,2,1,1620518400,10,0,100,50,100,0,-1,2,1,4,3,5,2,7,7,3,0,3,1,3,4,1,42,73,69,154,1.14,2.03,3.18,0,0,0,0,0,0,1,1,0,0,3,0,0,0,-1,-1,-1,-1,-1,-1,-1,-1,-1,50,50,50,100,100,50,50,100,100,6.0,4.0,3.0,3.5,/clubs/la-galaxy-10,teams/usa-la-galaxy.png,LA Galaxy,/clubs/los-angeles-fc-6490,teams/usa-los-angeles-fc.png,Los Angeles FC,1.71,0.88,3.0,1.0,2.0,1.67,50,50,50,0,0,50,50,50,0.95,1.23,2.18,/usa/la-galaxy-vs-los-angeles-fc-h2h-stats#1201434,5674,34,True,True,True,False,False,False,True,"['11', '79']",['62']
MLS,2021,5674,1201435,677447,11,2021,complete,65699,0,-1,"['25', '75']",[],2,0,2,5,4,9,2,1,2,1,0,0,8,2,9,8,17,10,11,12,41,59,13864,24795,21032,,,2,1,2.1,3.25,2.95,1.08,1.32,1.85,3.3,5.75,8.75,3.25,1.85,1.33,1.14,1.8,1.95,2.95,1.34,3.4,1.26,1.42,1.3,1.55,3.0,2.1,3.3,2.6,2.35,3.0,0,0,1.16,1.33,1.6,2.0,2.65,4.6,3.1,2.2,1.72,1.42,1.7,7.5,2.55,1.91,8.5,2.05,3.85,4.6,1.41,2.7,6.25,18.0,2.75,1.43,1.12,1.02,1.24,2.08,4.4,9.0,4.05,1.75,1.21,1.05,0,0,0,0,2,1,0,1,0,1,1,1620495000,677447,0,84,67,0,0,-1,2,1,5,2,0,2,7,2,1,0,1,1,1,2,1,44,48,125,117,1.96,1.13,3.09,0,0,0,0,0,0,1,1,0,0,1,1,0,0,-1,-1,-1,-1,-1,-1,-1,-1,-1,0,84,84,84,84,84,84,34,17,18.67,3.33,4.0,3.34,/clubs/nashville-sc-mls-677447,teams/usa-nashville-sc-mls.png,Nashville SC,/clubs/new-england-revolution-11,teams/usa-new-england-revolution.png,New England Revolution,2.0,2.0,1.0,1.0,1.0,2.33,100,17,17,17,17,100,84,84,2.03,1.78,3.81,/usa/new-england-revolution-vs-nashville-sc-mls-h2h-stats#1201435,5674,35,True,True,False,False,False,False,False,"['25', '75']",[]
MLS,2021,5674,1201436,12,1015,2021,complete,65699,0,-1,"['57', '71', '82']","['17', '24']",3,2,5,5,5,10,4,1,3,2,0,0,8,2,9,5,17,7,11,8,56,44,13841,11434,5,,,3,2,2.05,3.5,3.2,1.04,1.21,1.53,2.45,4.35,14.0,4.35,2.35,1.55,1.21,1.62,2.2,3.0,1.33,4.65,1.15,1.3,1.18,1.85,2.5,2.5,3.75,2.2,2.75,3.5,0,0,1.16,1.33,1.6,2.0,2.65,4.6,3.1,2.2,1.72,1.42,1.46,8.0,3.3,1.57,10.5,2.38,3.5,6.0,1.29,2.38,5.5,15.0,3.5,1.53,1.14,1.03,1.15,1.75,3.3,6.75,4.75,1.95,1.28,1.07,0,0,0,0,5,0,2,3,0,3,2,1620525600,12,0,50,0,0,0,-1,2,1,1,3,4,2,4,6,2,1,1,1,3,2,1,57,29,130,91,2.05,0.8,2.86,0,0,0,0,0,0,1,1,0,0,0,2,0,0,-1,-1,-1,-1,-1,-1,-1,-1,-1,0,100,100,100,100,0,50,100,100,14.0,6.0,4.0,4.0,/clubs/colorado-rapids-12,teams/usa-colorado-rapids.png,Colorado Rapids,/clubs/minnesota-united-fc-1015,teams/usa-minnesota-united-fc.png,Minnesota United,1.89,0.89,0.0,0.0,1.33,0.0,100,0,0,0,0,100,50,50,2.06,1.76,3.82,/usa/colorado-rapids-vs-minnesota-united-fc-h2h-stats#1201436,5674,35,True,True,True,True,True,False,True,"['57', '71', '82']","['17', '24']"
MLS,2021,5674,1201437,677446,1016,2021,complete,65699,0,-1,['77'],['9'],1,1,2,9,2,11,2,2,4,3,0,0,5,3,11,8,16,11,25,15,38,62,13893,28121,1778,,,4,3,1.69,3.3,5.25,1.05,1.25,1.76,3.0,6.0,12.0,3.75,1.94,1.38,1.13,1.75,2.0,2.8,1.38,4.2,1.18,1.22,1.26,1.83,2.5,2.25,4.33,2.2,2.55,3.75,0,0,1.2,1.4,1.7,2.2,3.0,4.1,2.75,2.05,1.6,1.34,1.47,7.5,3.25,1.57,8.25,2.5,3.45,6.0,1.36,2.63,7.0,21.0,3.0,1.44,1.1,1.02,1.2,1.95,3.8,8.0,4.0,1.75,1.22,1.05,0,0,0,0,2,0,1,1,0,1,1,1620579600,-1,0,75,25,50,0,-1,2,1,3,1,6,1,4,7,1,1,3,2,2,5,1,38,40,80,94,1.63,1.2,2.83,0,0,0,0,0,0,1,1,0,1,0,0,1,0,-1,-1,-1,-1,-1,-1,-1,-1,-1,50,50,75,75,75,25,75,75,50,10.0,2.0,3.5,3.25,/clubs/club-internacional-de-futbol-miami-677446,teams/usa-club-internacional-de-futbol-miami.png,Inter Miami,/clubs/atlanta-united-fc-1016,teams/usa-atlanta-united-fc.png,Atlanta United FC,1.35,1.06,0.0,0.5,1.33,1.33,50,50,25,25,25,75,25,25,1.79,1.24,3.03,/usa/atlanta-united-fc-vs-club-internacional-de-futbol-miami-h2h-stats#1201437,5674,34,True,True,False,False,False,False,True,['77'],['9']
MLS,2021,5674,1201438,20,18,2021,complete,65699,0,-1,['90+4'],"['63', '79']",1,2,3,7,4,11,0,1,1,2,0,0,4,4,5,7,9,11,12,13,54,46,11,7206,25,,,1,2,2.7,3.45,2.3,1.05,1.22,1.55,2.24,4.4,13.0,4.25,2.3,1.58,1.21,1.51,2.45,4.2,1.18,3.7,1.22,1.55,1.22,1.42,3.2,2.38,2.88,2.88,2.65,2.6,0,0,1.14,1.28,1.53,1.98,2.5,5.0,3.3,2.35,1.83,1.48,1.95,7.5,2.16,2.05,9.75,1.73,5.25,4.45,1.29,2.38,5.5,15.0,3.5,1.53,1.14,1.03,1.16,1.75,3.25,6.5,4.6,1.95,1.3,1.08,0,0,0,0,3,0,0,1,2,3,0,1620586800,18,0,100,50,0,0,-1,2,1,5,3,2,1,8,3,1,1,0,1,2,1,1,82,38,133,65,1.45,1.25,2.7,1,1,0,1,1,0,1,1,0,0,1,2,0,0,-1,-1,-1,-1,-1,-1,-1,-1,-1,0,0,50,100,100,50,100,100,0,7.0,3.0,5.0,2.5,/clubs/portland-timbers-20,teams/usa-portland-timbers.png,Portland Timbers,/clubs/seattle-sounders-fc-18,teams/usa-seattle-sounders-fc.png,Seattle Sounders,2.1,1.82,3.0,1.0,1.0,2.33,100,100,50,0,0,100,50,0,2.25,0.86,3.11,/usa/seattle-sounders-fc-vs-portland-timbers-h2h-stats#1201438,5674,35,True,True,True,False,False,False,True,['90+4'],"['63', '79']"
MLS,2021,5674,1201439,8,698284,2021,complete,65699,0,-1,"['82', '90']",['7'],2,1,3,14,3,17,1,1,2,3,0,1,7,5,16,5,23,10,5,7,55,45,15,18,2339,,,2,4,1.95,3.6,3.65,1.06,1.27,1.68,3.0,5.25,10.75,3.65,2.05,1.38,1.17,1.67,2.1,2.7,1.43,4.5,1.17,1.28,1.31,1.94,2.71,2.34,4.21,2.14,2.64,3.8,0,0,1.2,1.4,1.7,2.2,3.0,4.1,2.75,2.05,1.6,1.34,1.47,6.25,3.25,1.61,13.75,2.41,3.3,6.5,1.38,2.81,5.75,13.5,3.25,1.47,1.1,1.01,1.22,2.0,4.0,8.5,3.9,1.72,1.2,1.04,0,0,0,0,3,0,1,2,0,2,1,1620603000,8,0,67,0,0,0,-1,2,1,6,1,8,2,7,10,0,2,2,2,2,4,1,82,34,125,75,2.53,1.23,3.76,0,0,0,0,0,0,1,1,0,1,1,0,0,0,-1,-1,-1,-1,-1,-1,-1,-1,-1,0,17,17,84,100,0,84,84,34,7.67,4.0,2.0,2.17,/clubs/sporting-kansas-city-8,teams/usa-sporting-kansas-city.png,Sporting KC,/clubs/austin-fc-698284,teams/usa-austin-fc.png,Austin,1.84,0.47,1.0,2.0,1.33,2.0,100,84,84,17,0,50,50,34,1.1,1.43,2.53,/usa/sporting-kansas-city-vs-austin-fc-h2h-stats#1201439,5674,34,True,True,True,False,False,False,True,"['82', '90']",['7']
MLS,2021,5674,1201440,677446,1,2021,complete,65699,0,-1,[],"['14', '25']",0,2,2,2,3,5,2,0,3,2,0,0,1,4,6,7,7,11,9,14,51,49,5016,28121,39282,,,3,2,1.65,3.55,5.75,1.03,1.2,1.6,2.55,4.5,15.0,4.33,2.23,1.5,1.18,1.67,2.1,2.5,1.48,5.75,1.1,1.14,1.3,2.28,2.2,2.4,4.75,1.91,2.7,4.33,0,0,1.2,1.4,1.7,2.2,3.0,4.1,2.75,2.05,1.6,1.34,1.38,8.0,4.0,1.44,17.25,2.88,2.9,8.0,1.3,2.5,6.0,17.0,3.4,1.5,1.13,1.03,1.17,1.8,3.75,9.0,5.0,1.91,1.25,1.07,0,0,0,0,2,0,2,0,0,0,2,1620862200,1,0,75,0,25,0,-1,2,1,0,1,2,2,1,4,1,1,2,1,2,3,1,50,37,148,127,0.9,1.26,2.16,0,0,0,0,0,0,1,1,0,0,0,0,1,0,-1,-1,-1,-1,-1,-1,-1,-1,-1,25,50,50,100,100,25,75,100,75,10.5,1.0,5.0,3.25,/clubs/club-internacional-de-futbol-miami-677446,teams/usa-club-internacional-de-futbol-miami.png,Inter Miami,/clubs/montreal-impact-1,teams/canada-montreal-impact.png,Montreal Impact,1.35,0.88,0.5,0.5,1.25,1.25,75,50,50,0,0,100,25,25,1.71,1.45,3.16,/usa/montreal-impact-vs-club-internacional-de-futbol-miami-h2h-stats#1201440,5674,34,True,True,False,False,False,False,False,[],"['14', '25']"
MLS,2021,5674,1201441,19,9,2021,complete,65699,0,-1,"['13', '87']",[],2,0,2,6,4,10,1,0,3,2,0,0,3,1,9,7,12,8,10,10,51,49,24,11435,13,,,3,2,2.5,3.45,2.7,1.07,1.27,1.71,2.7,4.75,9.75,3.7,2.1,1.45,1.18,1.62,2.25,3.9,1.21,4.15,1.18,1.47,1.25,1.53,3.0,2.38,3.1,2.63,2.75,2.75,0,0,1.2,1.4,1.7,2.2,2.95,4.1,2.75,2.05,1.6,1.35,1.7,7.0,2.7,1.8,17.25,2.0,4.75,5.0,1.29,2.38,5.5,15.0,3.5,1.53,1.14,1.03,1.14,1.74,3.25,6.95,4.95,1.99,1.3,1.07,0,0,0,0,2,1,0,1,0,1,1,1620860400,19,0,50,0,50,0,-1,2,1,2,3,4,1,5,5,0,0,3,2,0,5,1,43,50,85,107,1.28,0.95,2.23,0,0,0,0,0,0,1,1,0,0,0,0,0,0,-1,-1,-1,-1,-1,-1,-1,-1,-1,0,50,50,50,50,0,50,50,50,7.0,6.0,2.0,2.0,/clubs/toronto-fc-19,teams/canada-toronto-fc.png,Toronto,/clubs/columbus-crew-9,teams/usa-columbus-crew.png,Columbus Crew,1.12,0.82,1.0,1.0,0.33,1.67,100,50,50,50,50,50,50,50,1.82,0.5,2.32,/usa/columbus-crew-vs-toronto-fc-h2h-stats#1201441,5674,34,True,True,False,False,False,False,False,"['13', '87']",[]
MLS,2021,5674,1201442,16,11,2021,complete,65699,0,-1,['88'],['85'],1,1,2,3,5,8,4,1,3,1,0,0,3,4,12,12,15,16,14,6,49,51,45098,12,21032,,,3,1,2.25,3.45,3.15,1.06,1.27,1.74,2.8,5.0,10.5,3.7,2.05,1.43,1.17,1.62,2.2,3.15,1.3,4.05,1.19,1.38,1.25,1.68,2.75,2.3,3.5,2.4,2.65,3.2,0,0,1.12,1.26,1.48,1.95,2.35,5.25,3.5,2.5,1.85,1.53,1.75,7.5,2.5,1.67,14.75,2.25,3.95,5.5,1.33,2.5,6.5,17.0,3.25,1.5,1.11,1.03,1.17,1.9,3.7,8.45,4.45,1.83,1.24,1.04,0,0,0,0,2,0,0,1,1,2,0,1620862200,-1,0,50,25,25,0,-1,2,1,1,3,2,2,4,4,1,0,2,1,1,3,1,48,50,119,135,1.51,1.66,3.17,0,0,0,0,0,0,1,1,0,0,0,0,0,0,-1,-1,-1,-1,-1,-1,-1,-1,-1,0,25,50,100,100,25,75,75,25,12.0,1.5,3.5,2.75,/clubs/philadelphia-union-16,teams/usa-philadelphia-union.png,Philadelphia Union,/clubs/new-england-revolution-11,teams/usa-new-england-revolution.png,New England Revolution,2.0,2.0,0.0,0.5,1.0,1.75,100,75,50,0,0,75,50,25,0.91,1.46,2.37,/usa/new-england-revolution-vs-philadelphia-union-h2h-stats#1201442,5674,35,True,True,False,False,False,False,True,['88'],['85']
MLS,2021,5674,1201443,1015,5,2021,complete,65699,0,-1,['72'],[],1,0,1,4,7,11,1,0,3,3,0,0,4,6,12,9,16,15,19,19,54,46,13889,5,7207,,,3,3,1.62,4.05,5.0,1.04,1.2,1.59,2.45,4.25,14.0,4.5,2.3,1.54,1.22,1.62,2.2,2.6,1.43,5.75,1.1,1.18,1.18,2.25,2.2,2.5,4.75,1.91,2.9,4.33,0,0,1.15,1.3,1.57,1.95,2.6,4.75,3.2,2.25,1.75,1.44,1.33,8.5,4.33,1.44,20.0,2.75,2.95,7.75,1.29,2.25,5.5,15.0,3.5,1.57,1.14,1.03,1.14,1.78,3.4,7.4,4.95,1.95,1.28,1.06,0,0,0,0,1,0,0,1,0,1,0,1620867600,1015,0,75,0,50,0,4100,2,1,1,3,3,4,4,7,1,1,2,2,2,4,1,50,49,123,91,1.66,1.72,3.38,0,0,0,0,0,0,1,1,0,0,0,0,0,0,-1,-1,-1,-1,-1,-1,-1,-1,-1,0,50,75,75,100,25,100,75,50,11.0,1.0,2.5,3.0,/clubs/minnesota-united-fc-1015,teams/usa-minnesota-united-fc.png,Minnesota United,/clubs/vancouver-whitecaps-fc-5,teams/canada-vancouver-whitecaps-fc.png,Vancouver Whitecaps,1.94,0.89,0.0,1.0,0.0,1.75,100,50,25,25,0,75,75,50,1.84,1.36,3.2,/usa/vancouver-whitecaps-fc-vs-minnesota-united-fc-h2h-stats#1201443,5674,35,True,False,False,False,False,False,False,['72'],[]
MLS,2021,5674,1201444,6,8,2021,complete,65699,0,-1,['56'],[],1,0,1,3,8,11,7,1,1,1,0,0,2,5,5,10,7,15,5,10,44,56,11,28051,18,,,1,1,2.4,3.5,2.85,1.05,1.22,1.62,2.45,4.25,13.0,4.2,2.25,1.53,1.22,1.53,2.4,3.75,1.22,4.3,1.17,1.42,1.25,1.6,2.88,2.38,3.25,2.5,2.8,2.88,0,0,1.15,1.3,1.55,1.95,2.6,4.75,3.2,2.3,1.75,1.44,1.95,7.0,2.25,1.73,18.25,2.1,4.45,5.25,1.29,2.25,5.5,15.0,3.5,1.57,1.14,1.03,1.14,1.74,3.25,6.95,4.95,1.99,1.3,1.07,0,0,0,0,1,0,0,1,0,1,0,1620865800,6,0,100,25,75,0,7054,2,1,3,0,0,7,3,7,0,0,1,1,0,2,1,37,42,95,110,0.86,1.61,2.47,0,0,0,0,0,0,1,1,0,0,1,0,0,0,-1,-1,-1,-1,-1,-1,-1,-1,-1,0,25,75,100,100,25,50,100,100,13.0,5.0,2.0,3.0,/clubs/houston-dynamo-6,teams/usa-houston-dynamo.png,Houston Dynamo,/clubs/sporting-kansas-city-8,teams/usa-sporting-kansas-city.png,Sporting KC,1.41,1.53,2.0,1.5,1.25,1.75,100,75,25,0,0,50,50,50,1.63,0.71,2.34,/usa/houston-dynamo-vs-sporting-kansas-city-h2h-stats#1201444,5674,34,True,False,False,False,False,False,False,['56'],[]
MLS,2021,5674,1201445,15,18,2021,complete,65699,0,-1,[],['18'],0,1,1,9,2,11,3,1,2,2,0,0,4,2,10,15,14,17,11,13,59,41,27,1763,25,,,2,2,2.85,3.45,2.4,1.05,1.22,1.65,2.55,4.4,13.0,4.2,2.2,1.5,1.21,1.54,2.4,4.2,1.18,3.45,1.25,1.65,1.22,1.42,3.25,2.3,2.88,2.88,2.7,2.6,0,0,1.12,1.26,1.48,1.95,2.35,5.25,3.5,2.5,1.85,1.53,1.95,7.0,2.25,2.1,16.5,1.73,5.25,4.15,1.3,2.5,6.0,17.0,3.4,1.5,1.13,1.03,1.16,1.83,3.7,7.9,4.7,1.9,1.24,1.05,0,0,0,0,1,0,1,0,0,0,1,1620873000,18,0,100,25,50,0,-1,2,1,4,1,5,1,5,6,0,1,2,1,1,3,1,78,36,129,80,1.73,1.47,3.2,0,0,0,0,0,0,1,1,0,0,1,0,0,0,-1,-1,-1,-1,-1,-1,-1,-1,-1,25,50,75,100,100,25,75,100,50,7.0,1.5,7.0,3.5,/clubs/san-jose-earthquakes-15,teams/usa-san-jose-earthquakes.png,SJ Earthquakes,/clubs/seattle-sounders-fc-18,teams/usa-seattle-sounders-fc.png,Seattle Sounders,1.18,1.82,3.0,2.0,2.25,2.5,75,50,25,0,0,75,25,25,1.57,1.06,2.63,/usa/san-jose-earthquakes-vs-seattle-sounders-fc-h2h-stats#1201445,5674,34,True,False,False,False,False,False,False,[],['18']
MLS,2021,5674,1201446,13401,7,2021,complete,65699,0,-1,['7'],[],1,0,1,6,4,10,3,1,2,3,0,0,2,1,8,12,10,13,11,15,42,58,13851,36107,2414,,,2,3,2.5,3.5,2.65,1.05,1.25,1.71,2.65,4.75,11.0,3.95,2.1,1.45,1.18,1.61,2.25,3.8,1.21,3.55,1.25,1.53,1.25,1.47,3.2,2.3,3.1,2.75,2.65,2.75,0,0,1.2,1.4,1.7,2.2,2.95,4.1,2.75,2.05,1.6,1.35,1.79,7.0,2.4,2.05,15.25,1.8,4.8,4.4,1.33,2.5,6.5,17.0,3.25,1.5,1.11,1.03,1.17,1.86,3.7,8.45,4.45,1.86,1.24,1.04,0,0,0,0,1,1,0,0,0,0,1,1620950400,13401,0,75,50,25,0,3935,2,1,2,2,4,2,4,6,1,1,1,2,2,3,1,41,46,101,104,1.08,1.23,2.31,0,0,0,0,0,0,1,1,1,0,0,0,1,0,-1,-1,-1,-1,-1,-1,-1,-1,-1,0,25,75,100,100,50,75,50,50,10.0,4.0,3.5,3.0,/clubs/dc-united-13401,teams/usa-dc-united.png,DC United,/clubs/chicago-fire-7,teams/usa-chicago-fire.png,Chicago Fire,2.0,0.47,3.0,0.0,0.75,0.25,100,75,25,0,0,75,75,50,1.48,1.11,2.59,/usa/chicago-fire-vs-dc-united-h2h-stats#1201446,5674,34,True,False,False,False,False,False,False,['7'],[]
MLS,2021,5674,1201447,1016,1,2021,complete,65699,0,-1,['90+4'],[],1,0,1,5,3,8,2,2,1,3,0,0,3,0,7,12,10,12,14,12,63,37,44,1778,39282,,,1,3,1.67,3.9,4.9,1.06,1.25,1.67,2.6,4.75,11.0,3.95,2.15,1.48,1.18,1.69,2.1,2.6,1.43,5.75,1.1,1.18,1.2,2.2,2.3,2.4,4.33,2.05,2.85,4.0,0,0,1.2,1.4,1.7,2.2,3.0,4.1,2.75,2.05,1.6,1.34,1.38,8.0,3.75,1.5,17.5,2.6,2.95,7.75,1.3,2.38,6.0,17.0,3.4,1.53,1.13,1.03,1.17,1.8,3.75,9.0,5.0,1.91,1.25,1.07,0,0,0,0,1,0,0,1,0,1,0,1621119600,1016,0,67,0,50,0,40116,2,1,3,2,2,1,5,3,1,2,0,1,3,1,1,35,28,131,98,1.11,0.97,2.08,0,0,0,0,0,0,1,1,0,0,1,0,0,0,-1,-1,-1,-1,-1,-1,-1,-1,-1,0,67,67,100,100,34,84,84,84,9.0,1.0,5.0,3.34,/clubs/atlanta-united-fc-1016,teams/usa-atlanta-united-fc.png,Atlanta United FC,/clubs/montreal-impact-1,teams/canada-montreal-impact.png,Montreal Impact,1.88,0.88,3.0,1.33,1.25,1.6,100,34,34,0,0,84,50,0,2.0,1.39,3.39,/usa/montreal-impact-vs-atlanta-united-fc-h2h-stats#1201447,5674,34,True,False,False,False,False,False,False,['90+4'],[]
MLS,2021,5674,1201448,2,19,2021,complete,65699,0,-1,['53'],['74'],1,1,2,2,4,6,4,6,2,1,0,0,4,3,6,3,10,6,15,15,58,42,40,762,11435,,,2,1,1.59,4.2,5.25,1.04,1.2,1.56,2.35,4.05,14.0,4.55,2.4,1.57,1.24,1.62,2.25,2.5,1.45,6.0,1.09,1.16,1.17,2.4,2.1,2.5,5.0,1.83,2.95,4.5,0,0,1.15,1.3,1.57,1.95,2.6,4.75,3.2,2.25,1.75,1.44,1.29,9.0,4.35,1.4,19.25,2.88,2.85,8.0,1.29,2.25,5.5,15.0,3.5,1.57,1.14,1.03,1.14,1.78,3.4,7.4,4.95,1.95,1.28,1.06,0,0,0,0,2,0,0,1,1,2,0,1621098000,-1,0,25,25,25,0,-1,2,1,1,2,1,2,3,3,2,0,0,1,2,1,1,62,52,75,69,1.36,0.97,2.32,0,0,0,0,0,0,1,1,0,0,0,0,0,0,-1,-1,-1,-1,-1,-1,-1,-1,-1,75,75,75,100,100,25,100,100,75,8.5,1.5,4.0,4.5,/clubs/new-york-city-fc-2,teams/usa-new-york-city-fc.png,New York City,/clubs/toronto-fc-19,teams/canada-toronto-fc.png,Toronto,2.06,0.53,3.0,0.0,1.75,1.0,25,25,25,0,0,50,50,50,2.12,1.0,3.12,/usa/new-york-city-fc-vs-toronto-fc-h2h-stats#1201448,5674,34,True,True,False,False,False,False,True,['53'],['74']
MLS,2021,5674,1201449,10,698284,2021,complete,65699,0,-1,"['35', '77']",[],2,0,2,5,5,10,3,2,0,0,0,0,4,2,12,13,16,15,10,9,45,55,39,2,2339,,,0,0,2.15,3.88,3.08,1.04,1.2,1.53,1.96,4.1,14.0,4.45,2.4,1.92,1.24,1.54,2.4,3.4,1.29,4.75,1.15,1.33,1.29,1.87,2.63,2.4,3.5,2.2,2.79,3.4,0,0,1.21,1.43,1.7,2.1,2.63,4.1,2.63,2.05,1.67,1.43,1.7,7.0,2.7,1.65,18.75,2.23,4.0,6.0,1.29,2.38,6.0,17.0,3.5,1.53,1.13,1.03,1.17,1.8,3.5,8.0,5.0,1.91,1.29,1.08,0,0,0,0,2,1,0,1,0,1,1,1621107000,10,0,75,25,50,0,7193,2,-1,2,3,3,2,5,5,0,0,0,0,0,0,1,44,56,79,125,1.6,1.5,3.1,1,0,0,0,1,0,1,1,0,0,0,0,-1,-1,-1,-1,-1,-1,-1,-1,-1,-1,-1,25,38,75,88,100,25,88,88,88,9.25,4.0,5.75,3.25,/clubs/la-galaxy-10,teams/usa-la-galaxy.png,LA Galaxy,/clubs/austin-fc-698284,teams/usa-austin-fc.png,Austin,1.71,0.47,3.0,1.5,2.25,1.5,75,63,25,13,0,75,75,63,1.05,1.38,2.43,/usa/la-galaxy-vs-austin-fc-h2h-stats#1201449,5674,34,True,True,False,False,False,False,False,"['35', '77']",[]
MLS,2021,5674,1201450,16,4,2021,complete,65699,0,-1,['9'],[],1,0,1,5,12,17,1,0,2,3,0,1,5,2,10,12,15,14,17,15,49,51,3,12,11574,,,2,4,2.25,3.45,3.1,1.07,1.27,1.8,3.0,5.5,10.0,3.65,1.95,1.38,1.15,1.67,2.15,2.9,1.37,4.9,1.15,1.25,1.22,1.87,2.4,2.38,4.0,2.1,2.65,3.6,0,0,1.2,1.4,1.7,2.2,3.0,4.1,2.75,2.05,1.6,1.34,1.42,8.0,3.5,1.57,9.5,2.5,3.45,6.75,1.3,2.5,6.0,17.0,3.4,1.5,1.13,1.03,1.18,1.83,3.75,9.0,4.5,1.83,1.25,1.07,0,0,0,0,1,1,0,0,0,0,1,1621121400,16,0,84,50,84,0,5000,2,1,2,5,3,7,7,10,0,0,2,4,0,6,1,59,41,113,101,1.73,1.33,3.05,0,0,0,0,0,0,1,1,1,0,0,1,0,0,-1,-1,-1,-1,-1,-1,-1,-1,-1,50,50,67,100,100,50,67,100,84,11.33,2.0,4.33,3.67,/clubs/philadelphia-union-16,teams/usa-philadelphia-union.png,Philadelphia Union,/clubs/new-york-red-bulls-4,teams/usa-new-york-red-bulls.png,New York RB,2.0,1.0,0.33,0.0,1.0,1.5,50,50,34,0,0,17,17,0,1.11,1.63,2.74,/usa/new-york-red-bulls-vs-philadelphia-union-h2h-stats#1201450,5674,35,True,False,False,False,False,False,False,['9'],[]
MLS,2021,5674,1201451,1015,13,2021,complete,65699,0,-1,['90+4'],[],1,0,1,5,1,6,0,10,1,2,0,0,7,2,19,6,26,8,11,10,45,55,15,5,12956,,,1,2,2.0,3.8,3.35,1.04,1.2,1.59,2.4,4.15,13.0,4.45,2.3,1.56,1.22,1.56,2.35,3.25,1.28,4.3,1.17,1.38,1.25,1.68,2.75,2.38,3.4,2.4,2.75,3.0,0,0,1.14,1.28,1.5,1.98,2.4,5.0,3.4,2.4,1.83,1.5,1.57,7.5,2.88,1.73,16.75,2.2,4.05,5.75,1.3,2.38,6.0,17.0,3.4,1.53,1.13,1.03,1.16,1.79,3.45,7.4,4.7,1.94,1.27,1.06,0,0,0,0,1,0,0,1,0,1,0,1621123200,1015,0,67,0,50,0,-1,2,1,0,1,5,0,1,5,0,1,1,1,1,2,1,66,40,121,94,2.6,0.94,3.54,0,0,0,0,0,0,1,1,0,0,0,1,0,1,-1,-1,-1,-1,-1,-1,-1,-1,-1,0,50,67,67,100,17,84,84,50,10.33,1.0,5.0,2.84,/clubs/minnesota-united-fc-1015,teams/usa-minnesota-united-fc.png,Minnesota United,/clubs/fc-dallas-13,teams/usa-fc-dallas.png,FC Dallas,1.94,0.65,1.0,0.0,0.6,1.25,100,50,34,34,0,34,34,17,1.78,0.88,2.66,/usa/fc-dallas-vs-minnesota-united-fc-h2h-stats#1201451,5674,34,True,False,False,False,False,False,False,['90+4'],[]
MLS,2021,5674,1201452,12,6,2021,complete,65699,0,-1,"['29', '36', '42']",['39'],3,1,4,5,0,5,0,4,1,2,0,0,6,4,8,4,14,8,10,12,62,38,13864,11434,28051,,,1,2,1.77,4.05,4.0,1.04,1.18,1.54,2.3,3.95,14.0,4.75,2.4,1.61,1.25,1.56,2.35,3.15,1.31,5.25,1.12,1.3,1.2,1.9,2.4,2.4,4.0,2.1,2.85,3.5,0,0,1.14,1.28,1.5,1.98,2.45,5.0,3.4,2.4,1.83,1.48,1.57,7.5,2.88,1.57,20.0,2.38,3.6,6.5,1.29,2.25,5.5,15.0,3.5,1.57,1.14,1.03,1.14,1.74,3.25,6.95,4.95,1.99,1.3,1.07,0,0,0,0,4,3,1,0,0,0,4,1621126800,12,0,100,50,0,0,-1,2,1,5,0,0,0,5,0,0,0,1,2,0,3,1,55,37,145,77,1.72,1.06,2.77,0,0,0,0,0,0,1,1,0,0,2,0,0,0,-1,-1,-1,-1,-1,-1,-1,-1,-1,25,50,75,100,100,75,100,75,50,11.5,4.5,5.0,3.5,/clubs/colorado-rapids-12,teams/usa-colorado-rapids.png,Colorado Rapids,/clubs/houston-dynamo-6,teams/usa-houston-dynamo.png,Houston Dynamo,1.89,0.35,1.5,0.5,1.75,1.6,75,50,25,0,0,75,75,25,2.05,1.47,3.52,/usa/houston-dynamo-vs-colorado-rapids-h2h-stats#1201452,5674,34,True,True,True,True,False,False,True,"['29', '36', '42']",['39']
MLS,2021,5674,1201453,14,677447,2021,complete,65699,0,-1,[],[],0,0,0,12,7,19,2,0,1,1,0,0,0,4,13,8,13,12,6,11,55,45,42,26962,24795,,,1,1,2.75,3.05,2.7,1.11,1.45,2.25,3.95,8.0,6.75,2.65,1.62,1.25,1.09,1.95,1.8,2.9,1.35,3.25,1.29,1.42,1.28,1.55,3.2,2.05,3.6,2.8,2.45,3.2,0,0,1.26,1.48,2.0,2.45,3.5,3.5,2.45,1.8,1.48,1.26,1.73,7.0,2.55,1.89,10.5,2.07,3.9,4.45,1.41,2.95,7.4,20.0,2.7,1.35,1.06,1.02,1.24,2.22,4.7,10.5,3.7,1.6,1.16,1.02,0,0,0,0,0,0,0,0,0,0,0,1621128600,-1,0,50,25,0,0,-1,2,1,7,2,5,5,9,10,1,0,0,1,1,1,1,44,34,100,92,1.14,1.29,2.43,0,0,0,0,0,0,1,1,0,0,1,1,0,0,-1,-1,-1,-1,-1,-1,-1,-1,-1,0,25,50,50,50,25,50,50,50,3.5,1.5,3.0,1.75,/clubs/real-salt-lake-14,teams/usa-real-salt-lake.png,Real Salt Lake,/clubs/nashville-sc-mls-677447,teams/usa-nashville-sc-mls.png,Nashville SC,1.82,1.22,1.5,0.0,2.0,1.5,50,25,0,0,0,25,25,25,1.12,0.0,1.12,/usa/real-salt-lake-vs-nashville-sc-mls-h2h-stats#1201453,5674,36,False,False,False,False,False,False,False,[],[]
MLS,2021,5674,1201454,15,20,2021,complete,65699,0,-1,[],"['5', '74']",0,2,2,12,4,16,1,1,1,2,0,0,3,5,18,13,21,18,6,7,66,34,13841,1763,7206,,,1,2,1.95,3.8,3.55,1.04,1.18,1.54,2.3,3.95,14.0,4.75,2.4,1.61,1.25,1.51,2.45,3.9,1.21,4.35,1.17,1.44,1.22,1.62,2.75,2.4,3.25,2.4,2.8,3.0,0,0,1.2,1.4,1.7,2.2,2.95,4.1,2.75,2.05,1.6,1.35,1.58,7.5,2.88,1.73,19.25,2.1,4.65,5.5,1.29,2.25,5.5,15.0,3.5,1.57,1.14,1.03,1.14,1.71,3.25,6.95,4.95,2.04,1.3,1.07,0,0,0,0,2,0,1,0,1,1,1,1621130400,20,0,59,17,42,0,-1,2,1,6,1,6,3,7,9,1,2,0,0,3,0,1,100,40,136,85,2.25,1.77,4.02,1,0,0,0,1,0,1,1,0,1,2,0,0,0,-1,-1,-1,-1,-1,-1,-1,-1,-1,42,59,59,59,100,42,75,84,42,7.33,2.5,5.17,3.17,/clubs/san-jose-earthquakes-15,teams/usa-san-jose-earthquakes.png,SJ Earthquakes,/clubs/portland-timbers-20,teams/usa-portland-timbers.png,Portland Timbers,1.18,1.28,2.0,0.0,1.8,0.75,59,42,42,42,0,34,17,17,1.62,1.05,2.67,/usa/san-jose-earthquakes-vs-portland-timbers-h2h-stats#1201454,5674,34,True,True,False,False,False,False,False,[],"['5', '74']"
MLS,2021,5674,1201455,8,5,2021,complete,65699,0,-1,"['28', '32', '58']",[],3,0,3,8,2,10,1,2,3,1,0,0,8,2,18,6,26,8,14,16,67,33,35,18,7207,,,3,1,1.41,4.8,7.02,1.04,1.21,1.57,2.25,4.4,13.0,4.3,2.31,1.61,1.21,1.83,1.91,2.1,1.67,6.5,1.07,1.08,1.15,2.9,1.91,2.63,6.0,1.67,3.0,6.0,0,0,1.2,1.4,1.7,2.2,3.0,4.0,2.75,2.05,1.6,1.34,1.19,10.0,5.8,1.29,18.5,3.6,2.3,9.5,1.29,2.25,5.5,15.0,3.5,1.57,1.14,1.03,1.16,1.79,3.45,7.9,4.7,1.94,1.27,1.05,0,0,0,0,3,2,0,1,0,1,2,1621188000,8,0,75,0,25,0,-1,2,1,4,0,4,2,4,6,2,0,1,1,2,2,1,89,17,154,78,2.84,0.78,3.62,1,0,1,0,0,0,1,1,0,0,0,0,1,0,-1,-1,-1,-1,-1,-1,-1,-1,-1,0,25,50,75,100,0,75,100,50,14.5,2.0,3.5,2.5,/clubs/sporting-kansas-city-8,teams/usa-sporting-kansas-city.png,Sporting KC,/clubs/vancouver-whitecaps-fc-5,teams/canada-vancouver-whitecaps-fc.png,Vancouver Whitecaps,1.84,0.89,2.0,0.5,1.4,1.4,100,75,50,25,0,75,75,75,1.82,1.54,3.36,/usa/vancouver-whitecaps-fc-vs-sporting-kansas-city-h2h-stats#1201455,5674,35,True,True,True,False,False,False,False,"['28', '32', '58']",[]
MLS,2021,5674,1201456,11,9,2021,complete,65699,0,-1,['86'],[],1,0,1,9,1,10,1,2,2,1,0,0,2,1,10,4,12,5,17,9,50,50,12,21032,13,,,2,1,1.61,4.15,5.0,1.05,1.24,1.67,2.65,4.85,12.0,4.1,2.15,1.47,1.17,1.74,2.05,2.75,1.38,4.35,1.17,1.25,1.33,1.83,2.6,2.25,4.0,2.25,2.6,3.6,0,0,1.12,1.26,1.48,1.95,2.35,5.25,3.5,2.5,1.85,1.53,1.41,8.0,3.55,1.57,10.0,2.5,3.4,6.0,1.36,2.63,7.0,19.0,3.0,1.44,1.1,1.02,1.2,1.99,4.15,8.95,4.15,1.74,1.2,1.04,0,0,0,0,1,0,0,1,0,1,0,1621202400,11,0,25,25,0,0,-1,2,1,3,1,6,0,4,6,0,0,2,1,0,3,1,62,29,121,100,1.35,0.61,1.97,0,0,0,0,0,0,1,1,0,0,2,0,0,0,-1,-1,-1,-1,-1,-1,-1,-1,-1,0,0,25,50,75,25,50,75,0,8.5,2.5,4.0,1.5,/clubs/new-england-revolution-11,teams/usa-new-england-revolution.png,New England Revolution,/clubs/columbus-crew-9,teams/usa-columbus-crew.png,Columbus Crew,2.22,0.82,3.0,0.5,1.6,1.25,100,100,75,50,25,75,75,50,1.25,0.73,1.98,/usa/columbus-crew-vs-new-england-revolution-h2h-stats#1201456,5674,34,True,False,False,False,False,False,False,['86'],[]
MLS,2021,5674,1201457,13401,17,2021,complete,65699,0,-1,[],['7'],0,1,1,10,2,12,0,0,2,4,0,0,2,2,13,4,15,6,20,15,55,45,58,36107,21031,,,2,4,3.0,3.3,2.35,1.08,1.31,1.91,3.05,6.0,9.0,3.35,1.91,1.36,1.13,1.74,2.05,3.95,1.2,3.2,1.29,1.62,1.25,1.36,3.5,2.3,2.88,3.1,2.55,2.5,0,0,1.14,1.28,1.5,1.8,2.45,5.0,3.4,2.4,2.0,1.48,2.16,7.0,1.95,2.2,9.0,1.73,5.25,3.95,1.33,2.5,6.5,19.0,3.25,1.5,1.11,1.02,1.2,1.95,3.8,8.0,4.1,1.75,1.22,1.05,0,0,0,0,1,0,1,0,0,0,1,1621209600,17,0,75,25,0,0,5280,2,1,4,2,6,0,6,6,1,0,1,4,1,5,1,57,23,147,72,1.51,0.69,2.21,0,0,0,0,0,0,1,1,0,1,0,0,0,0,-1,-1,-1,-1,-1,-1,-1,-1,-1,0,0,25,75,100,25,100,50,0,10.5,7.0,4.0,2.0,/clubs/dc-united-13401,teams/usa-dc-united.png,DC United,/clubs/orlando-city-sc-17,teams/usa-orlando-city-sc.png,Orlando City,2.0,1.11,3.0,1.0,1.2,1.5,100,100,75,25,0,50,50,25,1.28,1.17,2.45,/usa/orlando-city-sc-vs-dc-united-h2h-stats#1201457,5674,34,True,False,False,False,False,False,False,[],['7']
MLS,2021,5674,1201458,18,6490,2021,complete,65699,0,-1,"['57', '73']",[],2,0,2,5,5,10,1,1,2,1,0,0,3,0,7,9,10,9,12,15,46,54,13893,25,211,,,2,1,2.35,3.4,2.94,1.02,1.14,1.48,2.33,3.75,19.0,5.5,2.54,1.56,1.25,1.44,2.63,4.0,1.2,4.9,1.13,1.4,1.25,1.57,2.75,2.4,3.25,2.5,2.7,2.88,0,0,1.14,1.28,1.5,1.98,2.45,5.0,3.4,2.4,1.83,1.48,1.7,7.5,2.55,1.73,10.0,2.1,4.85,6.25,1.25,2.2,5.0,13.0,3.75,1.62,1.17,1.04,1.14,1.7,3.0,6.0,5.0,2.05,1.34,1.09,0,0,0,0,2,0,0,2,0,2,0,1621215000,18,0,50,0,50,0,7173,2,1,2,1,3,4,3,7,1,0,1,1,1,2,1,44,53,86,143,1.16,0.97,2.14,0,0,0,0,0,0,1,1,0,0,0,0,0,0,-1,-1,-1,-1,-1,-1,-1,-1,-1,0,25,75,100,100,25,50,100,75,11.5,1.5,2.5,3.0,/clubs/seattle-sounders-fc-18,teams/usa-seattle-sounders-fc.png,Seattle Sounders,/clubs/los-angeles-fc-6490,teams/usa-los-angeles-fc.png,Los Angeles FC,1.67,0.88,3.0,0.5,2.6,1.25,100,75,25,0,0,100,75,75,1.83,1.63,3.46,/usa/seattle-sounders-fc-vs-los-angeles-fc-h2h-stats#1201458,5674,34,True,True,False,False,False,False,False,"['57', '73']",[]
MLS,2021,5674,1201459,1,8043,2021,complete,65699,0,-1,['56'],"['70', '86']",1,2,3,3,2,5,3,4,4,0,0,0,5,5,10,8,15,13,9,8,55,45,24,39282,409,,,4,0,1.91,3.65,3.9,1.06,1.25,1.71,2.75,5.0,11.0,3.8,2.1,1.43,1.17,1.67,2.15,2.55,1.44,4.8,1.14,1.22,1.28,1.96,2.25,2.28,4.38,2.05,2.68,4.0,0,0,1.23,1.43,1.75,2.25,3.05,3.95,2.7,2.0,1.6,1.35,1.42,8.0,3.5,1.57,14.5,2.49,3.05,7.0,1.32,2.44,5.4,17.0,3.1,1.49,1.12,1.03,1.17,1.9,3.7,8.45,4.45,1.83,1.24,1.04,0,0,0,0,3,0,0,1,2,3,0,1621702800,8043,0,42,42,25,0,-1,2,1,0,0,3,2,0,5,2,0,2,0,2,2,1,82,18,126,51,1.89,1.3,3.19,0,0,0,0,0,0,1,1,0,0,0,0,0,0,-1,-1,-1,-1,-1,-1,-1,-1,-1,42,59,75,75,75,59,75,75,42,9.17,2.83,2.17,3.5,/clubs/montreal-impact-1,teams/canada-montreal-impact.png,Montreal Impact,/clubs/fc-cincinnati-8043,teams/usa-fc-cincinnati.png,FC Cincinnati,1.82,0.71,2.0,0.33,1.33,0.25,59,42,25,25,25,34,34,34,1.53,0.89,2.42,/usa/montreal-impact-vs-fc-cincinnati-h2h-stats#1201459,5674,34,True,True,True,False,False,False,True,['56'],"['70', '86']"
MLS,2021,5674,1201460,20,10,2021,complete,65699,0,-1,"['47', '60', '69']",[],3,0,3,2,6,8,4,0,0,0,0,1,11,3,9,9,20,12,9,7,47,53,35,7206,2,,,0,2,1.89,3.45,4.1,1.04,1.17,1.47,2.18,3.7,15.0,5.0,2.57,1.62,1.27,1.5,2.5,3.15,1.3,5.75,1.1,1.24,1.28,1.91,2.22,2.44,4.0,2.06,2.82,3.7,0,0,1.23,1.43,1.75,2.25,3.05,3.95,2.7,2.0,1.6,1.35,1.42,8.0,3.5,1.58,19.75,2.34,3.65,7.25,1.25,2.14,4.47,11.5,3.58,1.63,1.17,1.01,1.12,1.64,2.95,5.95,5.45,2.14,1.35,1.1,0,0,0,0,3,0,0,3,0,3,0,1621711800,20,0,75,25,50,0,-1,2,1,2,3,0,3,5,3,0,1,0,0,1,0,1,47,52,100,124,2.37,1.36,3.72,1,0,1,0,0,0,1,1,0,0,0,1,0,0,-1,-1,-1,-1,-1,-1,-1,-1,-1,25,25,100,100,100,50,75,100,50,9.0,2.0,1.5,3.5,/clubs/portland-timbers-20,teams/usa-portland-timbers.png,Portland Timbers,/clubs/la-galaxy-10,teams/usa-la-galaxy.png,LA Galaxy,2.1,1.12,1.5,1.5,1.2,2.4,75,75,0,0,0,100,75,50,1.85,0.83,2.68,/usa/la-galaxy-vs-portland-timbers-h2h-stats#1201460,5674,34,True,True,True,False,False,False,False,"['47', '60', '69']",[]
MLS,2021,5674,1201461,7,677446,2021,complete,65699,0,-1,['69'],[],1,0,1,12,3,15,2,2,3,6,0,0,7,1,11,3,18,4,13,21,57,43,44,2414,28121,,,3,6,2.43,3.45,2.75,1.03,1.2,1.61,2.7,4.53,16.0,4.45,2.2,1.47,1.19,1.52,2.36,3.55,1.25,3.9,1.2,1.44,1.3,1.53,2.87,2.26,3.12,2.61,2.67,2.84,0,0,1.23,1.43,1.75,2.25,3.05,3.95,2.7,2.0,1.6,1.35,1.71,7.0,2.55,1.86,16.0,1.97,4.35,4.9,1.31,2.38,5.2,15.0,3.17,1.52,1.13,1.03,1.17,1.85,3.7,7.9,4.45,1.87,1.24,1.05,0,0,0,0,1,0,0,1,0,1,0,1621720800,7,0,59,25,34,0,-1,2,1,5,1,7,2,6,9,1,2,2,4,3,6,1,58,20,115,62,2.05,0.48,2.52,0,0,0,0,0,0,1,1,0,0,1,0,1,0,-1,-1,-1,-1,-1,-1,-1,-1,-1,17,42,59,84,84,42,42,59,59,10.33,3.33,3.67,2.84,/clubs/chicago-fire-7,teams/usa-chicago-fire.png,Chicago Fire,/clubs/club-internacional-de-futbol-miami-677446,teams/usa-club-internacional-de-futbol-miami.png,Inter Miami,1.53,1.06,0.5,2.33,0.2,1.33,84,59,42,17,17,100,75,59,1.49,0.97,2.46,/usa/chicago-fire-vs-club-internacional-de-futbol-miami-h2h-stats#1201461,5674,34,True,False,False,False,False,False,False,['69'],[]
MLS,2021,5674,1201462,2,9,2021,complete,65699,0,-1,['18'],"['82', '90+5']",1,2,3,1,4,5,1,1,2,3,0,0,2,4,14,6,16,10,7,8,43,57,36,762,13,,,2,3,1.64,3.9,5.0,1.04,1.23,1.64,2.7,5.15,13.75,4.02,2.16,1.47,1.16,1.74,1.98,2.3,1.54,5.25,1.11,1.18,1.25,2.18,2.11,2.29,5.05,1.92,2.7,4.6,0,0,1.23,1.43,1.75,2.25,3.05,3.95,2.7,2.0,1.6,1.35,1.34,8.5,4.0,1.49,13.75,2.75,2.7,7.75,1.33,2.51,5.6,19.0,3.05,1.47,1.11,1.03,1.19,1.94,3.95,8.95,4.25,1.79,1.21,1.04,0,0,0,0,3,1,0,0,2,2,1,1621726200,9,0,25,0,25,0,3154,2,1,1,2,0,2,3,2,0,1,2,2,1,4,1,49,48,108,106,1.51,1.27,2.78,0,0,0,0,0,0,1,1,0,0,0,0,0,0,-1,-1,-1,-1,-1,-1,-1,-1,-1,25,25,25,67,84,0,42,84,50,5.67,3.67,3.0,2.25,/clubs/new-york-city-fc-2,teams/usa-new-york-city-fc.png,New York City,/clubs/columbus-crew-9,teams/usa-columbus-crew.png,Columbus Crew,2.06,0.82,2.0,0.33,1.6,1.0,75,75,75,34,17,59,59,25,1.74,0.69,2.43,/usa/new-york-city-fc-vs-columbus-crew-h2h-stats#1201462,5674,34,True,True,True,False,False,False,True,['18'],"['82', '90+5']"
MLS,2021,5674,1201463,17,19,2021,complete,65699,0,-1,['12'],[],1,0,1,4,9,13,1,3,1,2,0,0,5,5,5,12,10,17,17,7,50,50,13864,21031,11435,,,1,2,2.15,3.45,3.35,1.07,1.3,1.87,3.05,5.75,9.5,3.4,1.91,1.36,1.14,1.71,2.05,2.9,1.36,5.0,1.12,1.25,1.26,1.92,2.29,2.33,4.08,2.08,2.76,3.75,0,0,1.23,1.43,1.75,2.25,3.05,3.95,2.7,2.0,1.6,1.35,1.42,8.0,3.5,1.59,17.0,2.37,3.35,6.75,1.29,2.33,5.05,14.5,3.27,1.54,1.13,1.03,1.16,1.83,3.6,7.9,4.7,1.9,1.25,1.05,0,0,0,0,1,1,0,0,0,0,1,1621724400,17,0,50,17,50,0,11525,2,1,1,3,3,6,4,9,0,1,1,1,1,2,1,26,52,95,119,1.18,1.8,2.98,0,0,0,0,0,0,1,1,0,0,0,0,0,0,-1,-1,-1,-1,-1,-1,-1,-1,-1,17,17,33,84,84,33,50,84,50,7.0,5.33,2.67,2.5,/clubs/orlando-city-sc-17,teams/usa-orlando-city-sc.png,Orlando City,/clubs/toronto-fc-19,teams/canada-toronto-fc.png,Toronto,1.82,0.53,1.67,0.33,1.8,1.0,84,84,67,17,17,0,0,0,1.55,0.99,2.54,/usa/orlando-city-sc-vs-toronto-fc-h2h-stats#1201463,5674,34,True,False,False,False,False,False,False,['12'],[]
MLS,2021,5674,1201464,13,14,2021,complete,65699,0,-1,"['43', '83']","['20', '86']",2,2,4,15,1,16,2,1,2,3,0,0,11,3,19,8,30,11,13,13,62,38,13893,12956,26962,,,2,3,2.0,3.5,3.7,1.07,1.29,1.83,2.95,5.75,9.75,3.5,1.95,1.38,1.15,1.71,2.05,2.8,1.37,4.35,1.17,1.28,1.28,1.8,2.5,2.3,4.0,2.2,2.66,3.57,0,0,1.23,1.43,1.75,2.25,3.05,3.95,2.7,2.0,1.6,1.35,1.47,7.5,3.25,1.57,14.5,2.4,3.4,6.0,1.33,2.49,5.55,19.0,3.03,1.47,1.11,1.03,1.19,1.94,3.95,8.95,4.25,1.79,1.21,1.04,0,0,0,0,4,1,1,1,1,2,2,1621728000,-1,0,84,17,17,0,-1,2,1,10,0,5,1,10,6,1,0,1,3,1,4,1,64,33,123,81,3.11,1.15,4.26,1,0,1,0,0,0,1,1,0,0,1,0,0,0,-1,-1,-1,-1,-1,-1,-1,-1,-1,17,17,67,84,84,84,84,67,17,7.0,4.0,5.0,2.67,/clubs/fc-dallas-13,teams/usa-fc-dallas.png,FC Dallas,/clubs/real-salt-lake-14,teams/usa-real-salt-lake.png,Real Salt Lake,1.29,1.05,1.67,3.0,1.0,1.75,84,84,34,17,17,17,17,17,1.34,1.34,2.68,/usa/fc-dallas-vs-real-salt-lake-h2h-stats#1201464,5674,34,True,True,True,True,False,False,True,"['43', '83']","['20', '86']"
MLS,2021,5674,1201465,11,4,2021,complete,65699,0,-1,"['36', '45+2', '82']",['7'],3,1,4,11,6,17,1,3,0,1,0,1,11,3,12,7,23,10,14,12,57,43,57,21032,11574,,,0,2,1.71,3.85,4.65,1.06,1.26,1.71,2.7,4.75,10.25,3.75,2.1,1.44,1.18,1.74,2.05,2.65,1.43,4.75,1.14,1.23,1.27,1.94,2.5,2.25,4.33,2.08,2.67,3.95,0,0,1.14,1.3,1.53,1.98,2.48,5.0,3.35,2.4,1.83,1.5,1.45,8.0,3.3,1.57,14.25,2.5,3.15,6.75,1.33,2.5,5.55,17.0,3.03,1.47,1.11,1.03,1.17,1.9,3.95,8.45,4.45,1.83,1.21,1.04,0,0,0,0,4,2,1,1,0,1,3,1621728000,11,0,42,42,25,0,-1,2,1,6,2,5,4,8,9,0,2,0,0,2,0,1,40,39,110,106,2.51,1.13,3.64,0,0,0,0,0,0,1,1,0,1,1,1,0,0,-1,-1,-1,-1,-1,-1,-1,-1,-1,25,25,42,42,100,42,67,75,25,16.83,1.0,5.67,2.34,/clubs/new-england-revolution-11,teams/usa-new-england-revolution.png,New England Revolution,/clubs/new-york-red-bulls-4,teams/usa-new-york-red-bulls.png,New York RB,2.22,1.0,3.0,0.0,1.83,1.2,75,75,59,59,0,75,75,59,1.28,1.48,2.76,/usa/new-york-red-bulls-vs-new-england-revolution-h2h-stats#1201465,5674,35,True,True,True,True,False,False,True,"['36', '45+2', '82']",['7']
MLS,2021,5674,1201466,6,5,2021,complete,65699,0,-1,"['8', '42']",['80'],2,1,3,6,6,12,1,1,4,3,0,0,3,2,11,10,14,12,15,8,39,61,40,28051,7207,,,4,3,1.56,4.1,6.0,1.05,1.24,1.67,2.65,4.85,12.0,4.05,2.2,1.47,1.18,1.71,2.05,2.45,1.49,6.0,1.09,1.17,1.21,2.35,2.05,2.5,5.5,1.81,2.9,4.72,0,0,1.14,1.3,1.55,2.0,2.5,5.0,3.3,2.38,1.8,1.49,1.29,9.0,4.4,1.36,18.75,3.1,2.75,8.5,1.28,2.28,4.9,14.5,3.37,1.56,1.14,1.04,1.16,1.79,3.45,7.4,4.7,1.94,1.27,1.06,0,0,0,0,3,2,0,0,1,1,2,1621731600,6,0,50,0,50,0,-1,2,1,4,3,2,3,7,5,2,1,2,2,3,4,1,32,38,82,109,1.33,1.18,2.51,0,0,0,0,0,0,1,1,1,0,0,1,0,0,-1,-1,-1,-1,-1,-1,-1,-1,-1,0,17,50,67,100,17,50,100,50,10.0,5.34,3.0,2.34,/clubs/houston-dynamo-6,teams/usa-houston-dynamo.png,Houston Dynamo,/clubs/vancouver-whitecaps-fc-5,teams/canada-vancouver-whitecaps-fc.png,Vancouver Whitecaps,1.41,0.89,2.33,0.33,1.33,1.17,100,84,50,33,0,84,84,67,1.37,1.29,2.66,/usa/vancouver-whitecaps-fc-vs-houston-dynamo-h2h-stats#1201466,5674,34,True,True,True,False,False,False,True,"['8', '42']",['80']
MLS,2021,5674,1201467,15,8,2021,complete,65699,0,-1,['4'],"['15', '60', '75']",1,3,4,8,2,10,1,1,2,1,0,0,5,7,12,8,17,15,5,6,57,43,3,1763,18,,,2,1,2.55,3.6,2.6,1.04,1.22,1.65,2.55,4.4,13.0,4.2,2.2,1.5,1.21,1.54,2.35,3.9,1.21,4.0,1.19,1.45,1.3,1.51,3.0,2.38,3.1,2.62,2.72,2.78,0,0,1.2,1.38,1.66,2.12,2.85,4.3,2.9,2.12,1.67,1.4,1.78,7.5,2.4,1.8,17.5,2.0,4.75,4.9,1.29,2.29,4.9,12.5,3.3,1.56,1.14,1.04,1.14,1.74,3.4,7.4,4.95,1.99,1.28,1.06,0,0,0,0,4,1,1,0,2,2,2,1621735200,8,0,59,29,29,0,-1,2,1,2,1,6,1,3,7,1,0,1,1,1,2,1,52,27,117,97,1.8,1.64,3.44,0,0,0,0,0,0,1,1,1,0,1,0,1,0,-1,-1,-1,-1,-1,-1,-1,-1,-1,13,42,59,71,100,29,67,88,46,14.0,2.33,3.67,2.84,/clubs/san-jose-earthquakes-15,teams/usa-san-jose-earthquakes.png,SJ Earthquakes,/clubs/sporting-kansas-city-8,teams/usa-sporting-kansas-city.png,Sporting KC,1.18,1.53,1.5,1.0,1.5,1.67,88,59,42,29,0,71,59,59,1.78,1.01,2.79,/usa/sporting-kansas-city-vs-san-jose-earthquakes-h2h-stats#1201467,5674,34,True,True,True,True,False,False,True,['4'],"['15', '60', '75']"
MLS,2021,5674,1201468,6490,12,2021,complete,65699,0,-1,"['14', '33']",['50'],2,1,3,7,2,9,3,2,1,1,0,0,6,2,12,9,18,11,12,17,57,43,31,211,11434,,,1,1,1.79,3.6,4.35,1.02,1.13,1.43,2.06,3.4,21.0,6.0,2.7,1.7,1.3,1.45,2.56,3.05,1.32,7.0,1.06,1.19,1.25,2.13,2.1,2.63,4.33,1.9,2.93,4.15,0,0,1.18,1.34,1.6,2.0,2.65,4.6,3.1,2.25,1.75,1.44,1.33,8.5,4.0,1.44,22.5,2.63,3.4,9.0,1.22,2.03,4.12,10.5,3.83,1.7,1.19,1.02,1.12,1.59,2.75,5.45,5.45,2.24,1.4,1.12,0,0,0,0,3,2,0,0,1,1,2,1621737000,6490,0,25,0,0,0,10483,2,1,2,1,5,1,3,6,0,0,1,1,0,2,1,46,50,113,92,1.89,1.2,3.09,0,0,0,0,0,0,1,1,0,0,0,0,0,0,-1,-1,-1,-1,-1,-1,-1,-1,-1,0,0,0,50,75,0,50,50,25,14.0,3.0,2.0,1.25,/clubs/los-angeles-fc-6490,teams/usa-los-angeles-fc.png,Los Angeles FC,/clubs/colorado-rapids-12,teams/usa-colorado-rapids.png,Colorado Rapids,1.76,1.59,2.0,2.0,1.0,2.0,100,100,100,50,25,100,75,50,1.67,1.51,3.18,/usa/colorado-rapids-vs-los-angeles-fc-h2h-stats#1201468,5674,34,True,True,True,False,False,False,True,"['14', '33']",['50']
MLS,2021,5674,1201469,18,1016,2021,complete,65699,0,-1,['6'],['86'],1,1,2,4,3,7,2,3,3,4,0,0,3,2,4,7,7,9,18,16,37,63,39,25,1778,,,3,4,1.77,3.5,4.8,1.06,1.26,1.74,2.75,5.25,10.0,3.75,2.05,1.43,1.17,1.69,2.1,2.4,1.51,5.25,1.11,1.18,1.28,2.11,2.25,2.3,4.75,1.95,2.66,4.5,0,0,1.22,1.44,1.79,2.26,3.04,3.82,2.7,2.03,1.61,1.33,1.38,8.0,3.75,1.44,13.5,2.88,2.8,8.25,1.32,2.48,5.5,19.0,3.08,1.48,1.11,1.03,1.2,1.94,3.95,8.45,4.15,1.79,1.21,1.04,0,0,0,0,2,1,0,0,1,1,1,1621801800,-1,0,34,17,0,0,-1,2,1,2,2,2,1,4,3,1,2,2,2,3,4,1,32,44,97,131,0.9,1.05,1.94,0,1,0,1,0,0,1,1,1,0,2,0,0,1,-1,-1,-1,-1,-1,-1,-1,-1,-1,0,17,50,84,84,33,50,84,34,9.33,2.67,3.67,2.34,/clubs/seattle-sounders-fc-18,teams/usa-seattle-sounders-fc.png,Seattle Sounders,/clubs/atlanta-united-fc-1016,teams/usa-atlanta-united-fc.png,Atlanta United FC,1.67,1.06,3.0,0.67,2.67,1.6,100,84,50,17,17,84,67,50,1.61,1.23,2.84,/usa/seattle-sounders-fc-vs-atlanta-united-fc-h2h-stats#1201469,5674,35,True,True,False,False,False,False,True,['6'],['86']
MLS,2021,5674,1201470,677447,1,2021,complete,65699,0,-1,"['54', '77']","['13', '42']",2,2,4,6,3,9,4,0,2,3,0,0,6,3,11,7,17,10,12,8,57,43,24,24795,39282,,,2,3,1.65,3.7,5.75,1.06,1.26,1.74,2.8,5.25,10.25,3.8,2.05,1.43,1.17,1.74,2.05,2.3,1.56,4.8,1.14,1.17,1.28,2.11,2.31,2.38,5.34,1.96,2.61,4.58,0,0,1.18,1.35,1.62,2.05,2.75,4.33,2.95,2.15,1.7,1.4,1.42,8.0,3.5,1.51,12.25,2.76,2.8,7.5,1.37,2.82,5.85,16.0,3.21,1.46,1.1,1.03,1.22,2.0,4.32,11.0,4.0,1.74,1.2,1.05,0,0,0,0,4,0,2,2,0,2,2,1619287200,-1,0,50,50,0,0,-1,2,1,3,2,3,1,5,4,0,1,2,2,1,4,1,50,25,136,99,1.86,1.03,2.9,0,0,0,0,0,0,1,1,0,0,1,1,0,1,-1,-1,-1,-1,-1,-1,-1,-1,-1,0,50,50,50,50,50,50,50,0,14.0,2.0,2.0,2.0,/clubs/nashville-sc-mls-677447,teams/usa-nashville-sc-mls.png,Nashville SC,/clubs/montreal-impact-1,teams/canada-montreal-impact.png,Montreal Impact,2.0,0.88,1.0,0.0,1.0,3.0,50,0,0,0,0,50,50,50,3.08,0.0,3.08,/usa/montreal-impact-vs-nashville-sc-mls-h2h-stats#1201470,5674,34,True,True,True,True,False,False,True,"['54', '77']","['13', '42']"
MLS,2021,5674,1201471,13401,16,2021,complete,65699,0,-1,[],['45+1'],0,1,1,8,5,13,0,2,0,2,0,0,7,4,10,6,17,10,13,13,52,48,13841,36107,12,,,0,2,2.85,3.3,2.5,1.08,1.35,1.95,3.25,6.25,8.25,3.1,1.83,1.32,1.12,1.77,2.0,3.45,1.25,3.15,1.3,1.51,1.32,1.42,3.4,2.2,3.1,2.93,2.53,2.68,0,0,1.22,1.43,1.78,2.25,2.98,3.82,2.74,2.04,1.62,1.34,1.87,7.0,2.28,2.1,12.25,1.83,4.65,4.15,1.37,2.66,6.05,17.0,2.85,1.42,1.09,1.02,1.2,1.95,4.5,11.0,4.1,1.69,1.18,1.04,0,0,0,0,1,0,1,0,0,0,1,1621811700,16,0,17,17,0,0,6200,2,1,1,4,7,1,5,8,0,0,0,2,0,2,1,60,41,113,104,2.0,1.22,3.22,0,0,0,0,0,0,1,1,0,0,0,1,0,0,-1,-1,-1,-1,-1,-1,-1,-1,-1,0,0,17,42,75,17,50,25,25,12.67,4.5,5.5,1.34,/clubs/dc-united-13401,teams/usa-dc-united.png,DC United,/clubs/philadelphia-union-16,teams/usa-philadelphia-union.png,Philadelphia Union,2.0,1.06,2.0,2.0,1.0,1.33,100,100,84,59,25,75,50,34,1.36,1.69,3.05,/usa/philadelphia-union-vs-dc-united-h2h-stats#1201471,5674,34,True,False,False,False,False,False,False,[],['45+1']
MLS,2021,5674,1201472,677447,698284,2021,complete,65699,0,-1,['35'],[],1,0,1,1,10,11,2,0,0,1,0,0,6,1,7,13,13,14,12,14,40,60,11,24795,2339,,,0,1,1.77,3.35,5.25,1.11,1.42,2.2,3.85,8.0,7.0,2.8,1.65,1.25,1.09,2.15,1.67,2.1,1.69,3.8,1.24,1.21,1.35,2.05,2.35,2.03,5.25,2.1,2.39,4.65,0,0,1.16,1.4,1.65,2.0,2.5,4.6,2.7,2.1,1.73,1.48,1.5,8.0,3.2,1.57,8.5,2.85,2.7,6.5,1.47,3.15,7.45,21.0,2.49,1.31,1.06,1.01,1.32,2.4,5.65,12.0,3.38,1.57,1.14,1.03,0,0,0,0,1,1,0,0,0,0,1,1621818000,677447,0,45,13,0,0,22421,2,1,1,2,0,8,3,8,0,0,0,1,0,1,1,46,42,86,128,1.57,1.27,2.84,0,0,0,0,0,0,1,1,0,0,1,1,0,0,-1,-1,-1,-1,-1,-1,-1,-1,-1,0,35,45,78,88,25,78,78,43,12.15,4.2,3.4,2.45,/clubs/nashville-sc-mls-677447,teams/usa-nashville-sc-mls.png,Nashville SC,/clubs/austin-fc-698284,teams/usa-austin-fc.png,Austin,2.0,0.47,1.5,1.2,1.4,1.2,100,65,55,23,13,100,75,55,2.01,1.4,3.41,/usa/nashville-sc-mls-vs-austin-fc-h2h-stats#1201472,5674,34,True,False,False,False,False,False,False,['35'],[]
MLS,2021,5674,1201473,1016,677447,2021,complete,65699,0,-1,"['6', '51']","['80', '83']",2,2,4,5,1,6,0,1,1,3,0,0,6,5,7,8,13,13,7,8,61,39,35,1778,24795,,,1,3,1.81,3.48,4.56,1.11,1.47,1.83,3.1,7.5,6.75,2.65,1.96,1.38,1.1,2.0,1.77,2.6,1.43,3.35,1.27,1.34,1.29,1.63,2.81,2.07,3.7,2.47,2.5,3.28,0,0,1.32,1.58,2.02,2.7,3.8,3.2,2.28,1.74,1.43,1.24,1.66,7.0,2.7,1.79,11.0,2.19,3.45,4.9,1.42,2.88,6.65,21.0,2.66,1.37,1.08,1.02,1.27,2.29,5.0,12.5,3.45,1.56,1.14,1.01,0,0,0,0,4,1,0,1,2,3,1,1622316600,-1,0,25,0,25,0,-1,2,1,2,0,3,1,2,4,1,0,0,3,1,3,1,45,29,84,110,1.57,1.39,2.96,0,0,0,0,0,0,1,1,1,0,2,0,0,0,-1,-1,-1,-1,-1,-1,-1,-1,-1,0,25,25,25,50,0,25,50,25,12.5,1.5,3.0,1.25,/clubs/atlanta-united-fc-1016,teams/usa-atlanta-united-fc.png,Atlanta United FC,/clubs/nashville-sc-mls-677447,teams/usa-nashville-sc-mls.png,Nashville SC,1.88,1.22,3.0,1.0,1.5,1.67,100,75,75,75,50,75,75,50,1.56,1.29,2.85,/usa/atlanta-united-fc-vs-nashville-sc-mls-h2h-stats#1201473,5674,35,True,True,True,True,False,False,True,"['6', '51']","['80', '83']"
MLS,2021,5674,1201474,677446,13401,2021,complete,65699,0,-1,[],"['15', '21', '71']",0,3,3,5,1,6,4,0,1,3,0,0,0,4,9,9,9,13,10,17,57,43,7,28121,36107,,,1,3,1.87,3.45,4.35,1.08,1.34,1.95,3.15,6.0,8.5,3.15,1.83,1.34,1.14,1.83,1.91,2.4,1.5,4.9,1.13,1.19,1.24,2.06,2.3,2.3,4.75,2.0,2.66,4.33,0,0,1.22,1.42,1.74,2.23,3.0,4.0,2.75,2.02,1.61,1.35,1.42,8.0,3.5,1.44,13.25,2.88,2.9,7.5,1.36,2.63,7.0,19.0,3.0,1.44,1.1,1.02,1.21,1.95,3.9,8.0,4.0,1.75,1.2,1.05,0,0,0,0,3,0,2,0,1,1,2,1622332800,13401,0,67,17,33,0,-1,2,1,1,0,4,1,1,5,0,0,1,3,0,4,1,30,31,116,105,0.8,1.33,2.14,0,0,0,0,0,0,1,1,0,0,0,0,0,0,-1,-1,-1,-1,-1,-1,-1,-1,-1,33,50,50,84,100,33,84,84,33,9.67,2.0,5.0,3.17,/clubs/club-internacional-de-futbol-miami-677446,teams/usa-club-internacional-de-futbol-miami.png,Inter Miami,/clubs/dc-united-13401,teams/usa-dc-united.png,DC United,1.35,0.76,0.33,0.0,1.14,0.86,67,50,50,17,0,84,33,33,1.44,1.21,2.65,/usa/dc-united-vs-club-internacional-de-futbol-miami-h2h-stats#1201474,5674,34,True,True,True,False,False,False,False,[],"['15', '21', '71']"
MLS,2021,5674,1201475,4,17,2021,complete,65699,0,-1,"['35', '60']",['84'],2,1,3,6,3,9,3,0,2,3,0,0,6,2,9,4,15,6,20,13,42,58,31,11574,21031,,,2,3,2.3,3.35,3.1,1.08,1.33,1.91,3.15,5.75,8.5,3.2,1.87,1.34,1.14,1.74,2.0,3.0,1.33,3.55,1.25,1.37,1.3,1.57,2.85,2.14,3.43,2.55,2.54,3.08,0,0,1.22,1.42,1.74,2.23,3.0,4.0,2.75,2.02,1.61,1.35,1.71,7.5,2.55,1.83,12.25,2.09,3.95,4.95,1.37,2.66,6.05,13.0,2.85,1.42,1.09,1.02,1.21,2.04,4.25,9.95,3.95,1.71,1.19,1.03,0,0,0,0,3,1,0,1,1,2,1,1622307600,4,0,42,0,17,0,-1,2,1,2,1,4,2,3,6,0,0,2,3,0,5,1,67,48,123,97,1.86,0.88,2.73,0,0,0,0,0,0,1,1,0,0,1,0,0,0,-1,-1,-1,-1,-1,-1,-1,-1,-1,0,0,17,75,100,0,67,75,34,5.33,4.67,4.33,1.92,/clubs/new-york-red-bulls-4,teams/usa-new-york-red-bulls.png,New York RB,/clubs/orlando-city-sc-17,teams/usa-orlando-city-sc.png,Orlando City,1.76,1.11,2.0,2.0,1.0,2.0,100,100,84,25,0,42,42,42,1.38,0.93,2.31,/usa/new-york-red-bulls-vs-orlando-city-sc-h2h-stats#1201475,5674,35,True,True,True,False,False,False,True,"['35', '60']",['84']
MLS,2021,5674,1201476,7,1,2021,complete,65699,0,-1,[],['87'],0,1,1,7,2,9,9,0,0,2,0,0,8,3,14,3,22,6,13,21,51,49,13864,2414,39282,,,0,2,1.8,3.75,4.3,1.05,1.21,1.59,2.4,3.95,12.0,4.25,2.3,1.56,1.25,1.54,2.4,2.75,1.38,4.7,1.14,1.21,1.28,1.9,2.28,2.28,4.28,2.1,2.64,3.9,0,0,1.22,1.42,1.74,2.23,3.0,4.0,2.75,2.02,1.61,1.35,1.47,7.5,3.25,1.59,14.0,2.45,3.35,6.75,1.32,2.44,5.4,12.0,3.12,1.49,1.12,1.03,1.16,1.83,3.6,7.9,4.65,1.9,1.25,1.05,0,0,0,0,1,0,0,0,1,1,0,1622307600,1,0,29,17,0,0,-1,2,1,2,2,5,0,4,5,0,1,0,1,1,1,1,63,17,151,78,2.41,0.72,3.13,0,0,0,0,0,0,1,1,0,0,0,0,0,0,-1,-1,-1,-1,-1,-1,-1,-1,-1,0,29,29,71,100,42,42,71,42,11.0,2.5,4.58,2.29,/clubs/chicago-fire-7,teams/usa-chicago-fire.png,Chicago Fire,/clubs/montreal-impact-1,teams/canada-montreal-impact.png,Montreal Impact,1.53,0.88,1.33,1.0,0.67,1.14,100,71,71,29,0,75,34,34,1.68,1.28,2.96,/usa/montreal-impact-vs-chicago-fire-h2h-stats#1201476,5674,34,True,False,False,False,False,False,False,[],['87']
MLS,2021,5674,1201477,8043,11,2021,complete,65699,0,-1,[],['70'],0,1,1,4,13,17,2,1,2,2,0,0,4,7,10,19,14,26,20,9,43,57,40,409,21032,,,2,2,3.88,3.9,1.83,1.06,1.28,1.71,2.95,4.95,10.25,3.6,2.12,1.4,1.17,1.74,2.05,4.5,1.15,2.85,1.36,1.82,1.27,1.25,4.03,2.21,2.44,3.65,2.63,2.19,0,0,1.14,1.3,1.55,2.0,2.5,5.0,3.3,2.38,1.8,1.49,3.1,8.0,1.5,2.35,13.5,1.64,6.25,3.5,1.35,2.55,5.75,17.0,2.97,1.45,1.1,1.04,1.17,1.9,3.95,8.45,4.45,1.83,1.21,1.04,0,0,0,0,1,0,0,0,1,1,0,1622314800,11,0,84,17,67,0,-1,2,1,0,9,4,4,9,8,1,1,1,1,2,2,1,42,56,84,145,1.47,2.54,4.0,0,0,0,0,0,0,1,1,0,0,0,2,1,0,-1,-1,-1,-1,-1,-1,-1,-1,-1,50,67,67,100,100,67,84,84,67,13.33,2.67,6.33,3.84,/clubs/fc-cincinnati-8043,teams/usa-fc-cincinnati.png,FC Cincinnati,/clubs/new-england-revolution-11,teams/usa-new-england-revolution.png,New England Revolution,0.47,2.0,0.0,0.67,0.8,2.0,50,34,34,0,0,84,67,67,1.41,1.53,2.94,/usa/new-england-revolution-vs-fc-cincinnati-h2h-stats#1201477,5674,34,True,False,False,False,False,False,False,[],['70']
MLS,2021,5674,1201478,9,19,2021,complete,65699,0,-1,"['12', '21']",['52'],2,1,3,4,3,7,3,1,0,0,0,0,7,2,4,8,11,10,10,13,49,51,3,13,11435,,,0,0,1.93,3.58,3.82,1.08,1.3,1.96,3.15,6.0,8.5,3.4,1.83,1.34,1.14,1.83,1.91,2.7,1.4,3.65,1.24,1.3,1.29,1.68,2.66,2.13,3.8,2.37,2.54,3.4,0,0,1.27,1.5,1.85,2.45,3.4,3.55,2.48,1.95,1.5,1.29,1.58,7.5,2.88,1.73,11.75,2.24,3.45,5.25,1.39,2.72,6.2,15.0,2.79,1.4,1.09,1.02,1.21,2.08,4.45,9.95,3.95,1.68,1.17,1.03,0,0,0,0,3,2,0,0,1,1,2,1622314800,9,0,50,13,50,0,-1,2,-1,2,1,2,2,3,4,0,0,0,0,0,0,1,43,41,105,96,1.5,1.08,2.58,0,0,0,0,0,0,1,1,0,0,1,0,-1,-1,-1,-1,-1,-1,-1,-1,-1,-1,-1,13,38,38,63,75,13,63,63,50,8.5,5.0,4.25,2.38,/clubs/columbus-crew-9,teams/usa-columbus-crew.png,Columbus Crew,/clubs/toronto-fc-19,teams/canada-toronto-fc.png,Toronto,1.94,0.53,2.0,0.25,1.33,0.83,88,63,63,38,25,38,13,13,1.19,1.19,2.38,/usa/columbus-crew-vs-toronto-fc-h2h-stats#1201478,5674,34,True,True,True,False,False,False,True,"['12', '21']",['52']
MLS,2021,5674,1201479,18,698284,2021,complete,65699,0,-1,[],[],0,0,0,7,7,14,1,2,1,2,0,0,3,3,12,8,15,11,12,13,56,44,13812,25,2339,,,1,2,1.49,4.35,6.25,1.07,1.29,1.8,2.95,5.5,9.75,3.5,2.0,1.38,1.15,1.95,1.8,2.1,1.69,5.5,1.12,1.14,1.14,2.45,2.05,2.38,6.0,1.8,2.7,5.5,0,0,1.17,1.36,1.6,2.1,2.76,4.5,2.89,2.2,1.65,1.4,1.42,8.0,3.5,1.36,9.5,3.4,2.45,8.5,1.33,2.63,7.0,19.0,3.25,1.44,1.1,1.02,1.2,2.0,4.33,11.0,4.33,1.73,1.2,1.05,0,0,0,0,0,0,0,0,0,0,0,1622424600,-1,0,29,0,0,0,12895,2,1,3,4,4,3,7,7,1,2,0,0,3,0,1,47,38,136,84,1.51,1.18,2.69,0,0,0,0,0,0,1,1,0,0,1,1,1,0,-1,-1,-1,-1,-1,-1,-1,-1,-1,0,21,42,84,100,13,67,84,50,10.83,2.0,3.33,2.46,/clubs/seattle-sounders-fc-18,teams/usa-seattle-sounders-fc.png,Seattle Sounders,/clubs/austin-fc-698284,teams/usa-austin-fc.png,Austin,1.67,0.47,2.5,1.0,2.43,1.0,100,79,59,17,0,88,75,46,1.43,1.38,2.81,/usa/seattle-sounders-fc-vs-austin-fc-h2h-stats#1201479,5674,34,False,False,False,False,False,False,False,[],[]
MLS,2021,5674,1201480,6490,2,2021,complete,65699,0,-1,['56'],"['70', '90']",1,2,3,4,4,8,2,2,1,2,0,1,6,4,4,5,10,9,12,8,59,41,39,211,762,,,1,3,2.15,3.68,3.11,1.02,1.16,1.75,2.3,3.92,19.0,5.05,2.0,1.56,1.24,1.52,2.38,3.0,1.33,5.5,1.11,1.21,1.24,2.0,2.18,2.41,4.22,2.0,2.82,3.92,0,0,1.17,1.33,1.58,2.0,2.6,4.7,3.15,2.28,1.8,1.46,1.46,8.0,3.3,1.55,19.0,2.43,3.55,7.25,1.26,2.21,4.67,12.5,3.47,1.6,1.15,1.01,1.14,1.71,3.25,6.95,4.95,2.04,1.3,1.07,0,0,0,0,3,0,0,1,2,3,0,1622322000,2,0,67,17,17,0,-1,2,1,3,0,1,4,3,5,0,0,1,3,0,4,1,53,36,170,78,1.46,1.11,2.58,0,0,0,0,0,0,1,1,0,0,0,0,0,0,-1,-1,-1,-1,-1,-1,-1,-1,-1,0,0,33,100,100,33,67,84,33,12.34,3.0,2.67,2.33,/clubs/los-angeles-fc-6490,teams/usa-los-angeles-fc.png,Los Angeles FC,/clubs/new-york-city-fc-2,teams/usa-new-york-city-fc.png,New York City,1.76,1.1,2.33,1.33,1.33,1.33,100,100,67,0,0,67,33,33,1.75,1.62,3.37,/usa/new-york-city-fc-vs-los-angeles-fc-h2h-stats#1201480,5674,34,True,True,True,False,False,False,True,['56'],"['70', '90']"
MLS,2021,5674,1201481,10,15,2021,complete,65699,0,-1,['70'],[],1,0,1,4,4,8,0,1,3,1,0,0,9,12,14,7,23,19,14,9,49,51,13893,2,1763,,,3,1,1.95,3.8,3.5,1.04,1.18,1.49,2.15,3.45,14.0,4.85,2.55,1.69,1.3,1.44,2.65,3.5,1.25,5.25,1.12,1.25,1.27,1.82,2.55,2.4,3.75,2.25,2.9,3.5,0,0,1.22,1.42,1.74,2.23,3.0,4.0,2.75,2.02,1.61,1.35,1.64,7.5,2.7,1.62,20.0,2.25,4.15,6.5,1.24,2.17,4.7,11.5,3.7,1.63,1.16,1.01,1.12,1.65,2.95,6.45,5.45,2.13,1.35,1.09,0,0,0,0,1,0,0,1,0,1,0,1622329200,10,0,84,17,59,0,-1,2,1,2,1,2,3,3,5,1,1,2,0,2,2,1,54,66,114,75,2.47,2.5,4.97,0,0,0,0,0,0,1,1,0,0,1,1,0,0,-1,-1,-1,-1,-1,-1,-1,-1,-1,17,17,84,100,100,17,100,100,84,9.5,4.0,4.67,3.17,/clubs/la-galaxy-10,teams/usa-la-galaxy.png,LA Galaxy,/clubs/san-jose-earthquakes-15,teams/usa-san-jose-earthquakes.png,SJ Earthquakes,1.71,1.24,3.0,1.5,2.0,1.29,84,84,17,0,0,59,59,42,1.23,1.3,2.53,/usa/la-galaxy-vs-san-jose-earthquakes-h2h-stats#1201481,5674,34,True,False,False,False,False,False,False,['70'],[]
MLS,2021,5674,1201482,8,6,2021,complete,65699,0,-1,"['51', '61', '65']","['13', '90+3']",3,2,5,11,2,13,0,0,1,3,0,0,9,4,12,5,21,9,10,14,68,32,36,18,28051,,,1,3,1.65,3.9,5.25,1.06,1.24,1.62,2.45,4.25,11.0,4.05,2.25,1.51,1.22,1.65,2.15,2.7,1.4,5.5,1.11,1.18,1.22,2.05,2.3,2.15,4.75,2.0,2.7,4.2,0,0,1.16,1.35,1.65,2.09,2.78,4.6,2.93,2.18,1.74,1.42,1.5,7.5,3.1,1.53,9.25,2.6,3.2,7.75,1.33,2.25,5.0,10.0,3.1,1.57,1.14,1.02,1.16,1.72,3.2,6.5,4.6,2.0,1.3,1.08,0,0,0,0,5,0,1,3,1,4,1,1622334600,8,0,84,50,0,0,20086,2,1,5,0,6,2,5,8,0,2,1,1,2,2,1,63,23,150,67,2.42,1.02,3.44,1,0,1,0,0,0,1,1,0,0,0,0,0,1,-1,-1,-1,-1,-1,-1,-1,-1,-1,0,17,67,100,100,67,100,67,17,10.66,4.0,4.33,2.84,/clubs/sporting-kansas-city-8,teams/usa-sporting-kansas-city.png,Sporting KC,/clubs/houston-dynamo-6,teams/usa-houston-dynamo.png,Houston Dynamo,1.84,0.35,2.33,0.33,1.86,1.57,100,84,33,0,0,50,50,17,2.16,1.33,3.49,/usa/houston-dynamo-vs-sporting-kansas-city-h2h-stats#1201482,5674,34,True,True,True,True,True,False,True,"['51', '61', '65']","['13', '90+3']"
MLS,2021,5674,1201483,12,13,2021,complete,65699,0,-1,"['13', '41', '71']",[],3,0,3,2,8,10,1,1,4,2,0,0,5,6,8,15,13,21,17,8,34,66,5016,11434,12956,,,4,2,1.71,3.95,4.4,1.05,1.24,1.65,2.5,4.25,12.0,4.05,2.2,1.5,1.22,1.62,2.2,2.8,1.37,4.65,1.15,1.25,1.2,1.9,2.4,2.38,4.0,2.1,2.65,3.75,0,0,1.14,1.3,1.56,2.0,2.52,5.0,3.2,2.36,1.8,1.5,1.57,7.5,2.88,1.53,9.75,2.5,3.3,6.25,1.3,2.5,6.0,17.0,3.4,1.5,1.13,1.03,1.17,1.83,3.5,7.25,4.4,1.87,1.26,1.06,0,0,0,0,3,2,0,1,0,1,2,1622336400,12,0,75,17,25,0,-1,2,1,1,4,1,4,5,5,0,1,4,1,1,5,1,31,55,69,109,1.39,2.14,3.53,1,0,0,0,1,0,1,1,0,0,0,1,0,0,-1,-1,-1,-1,-1,-1,-1,-1,-1,17,75,75,75,100,34,75,84,59,10.0,7.0,4.5,3.42,/clubs/colorado-rapids-12,teams/usa-colorado-rapids.png,Colorado Rapids,/clubs/fc-dallas-13,teams/usa-fc-dallas.png,FC Dallas,1.89,0.65,2.0,0.0,1.67,1.0,84,25,25,25,0,34,34,17,1.94,0.91,2.85,/usa/colorado-rapids-vs-fc-dallas-h2h-stats#1201483,5674,34,True,True,True,False,False,False,False,"['13', '41', '71']",[]
MLS,2021,5674,1201484,14,1015,2021,complete,65699,0,-1,['13'],['78'],1,1,2,5,3,8,2,1,0,0,0,0,5,1,8,10,13,11,5,10,47,53,57,26962,5,,,0,0,2.0,3.65,3.5,1.06,1.26,1.71,2.7,4.75,10.5,3.75,2.1,1.44,1.18,1.67,2.15,3.0,1.32,4.25,1.17,1.3,1.22,1.75,2.63,2.3,3.6,2.3,2.6,3.25,0,0,1.27,1.5,1.87,2.45,3.4,3.55,2.48,1.87,1.5,1.29,1.65,7.0,2.7,1.67,9.25,2.3,3.7,5.75,1.33,2.5,6.5,17.0,3.25,1.5,1.11,1.03,1.19,1.87,3.6,7.75,4.2,1.83,1.25,1.05,0,0,0,0,2,1,0,0,1,1,1,1622338200,-1,0,59,17,0,0,-1,2,-1,1,1,4,2,2,6,0,0,0,0,0,0,1,42,59,87,128,1.48,1.2,2.68,0,0,0,0,0,0,1,1,0,0,0,0,-1,-1,-1,-1,-1,-1,-1,-1,-1,-1,-1,25,67,84,84,84,42,59,84,84,10.33,4.17,4.33,3.42,/clubs/real-salt-lake-14,teams/usa-real-salt-lake.png,Real Salt Lake,/clubs/minnesota-united-fc-1015,teams/usa-minnesota-united-fc.png,Minnesota United,1.82,0.89,1.33,0.0,1.6,1.0,75,34,17,17,17,84,59,34,1.13,1.28,2.41,/usa/real-salt-lake-vs-minnesota-united-fc-h2h-stats#1201484,5674,35,True,True,False,False,False,False,True,['13'],['78']
MLS,2021,5674,1201485,16,20,2021,complete,65699,0,-1,"['26', '31', '63']",[],3,0,3,8,6,14,3,0,1,2,0,0,5,5,9,6,14,11,15,13,53,47,12,12,7206,,,1,2,1.74,4.2,4.1,1.05,1.22,1.62,2.5,4.2,13.0,4.15,2.25,1.51,1.22,1.65,2.15,3.1,1.31,4.4,1.17,1.25,1.18,1.95,2.5,2.38,4.0,2.2,2.7,3.6,0,0,1.27,1.5,1.87,2.45,3.4,3.55,2.48,1.87,1.5,1.29,1.53,7.5,3.05,1.57,10.0,2.4,3.65,5.75,1.3,2.5,6.0,17.0,3.4,1.5,1.13,1.03,1.17,1.8,3.5,7.0,4.5,1.9,1.26,1.07,0,0,0,0,3,2,0,1,0,1,2,1622415600,16,0,42,0,42,0,6635,2,1,4,1,4,5,5,9,1,0,0,2,1,2,1,77,38,107,85,1.79,1.32,3.11,0,0,0,0,0,0,1,1,0,0,1,0,1,0,-1,-1,-1,-1,-1,-1,-1,-1,-1,17,17,29,71,100,17,59,88,42,7.17,3.08,3.92,2.34,/clubs/philadelphia-union-16,teams/usa-philadelphia-union.png,Philadelphia Union,/clubs/portland-timbers-20,teams/usa-portland-timbers.png,Portland Timbers,2.0,1.28,1.0,1.0,1.57,1.5,84,84,71,29,0,42,42,29,1.27,1.29,2.56,/usa/philadelphia-union-vs-portland-timbers-h2h-stats#1201485,5674,37,True,True,True,False,False,False,False,"['26', '31', '63']",[]
MLS,2021,5674,1201486,14,5,2021,complete,65699,0,-1,"['43', '90+2', '90+5']",['54'],3,1,4,4,2,6,0,2,4,1,0,0,6,3,4,11,10,14,12,7,59,41,69,26962,7207,,,4,1,1.87,3.35,4.45,1.09,1.36,2.0,3.25,6.25,7.75,3.05,1.8,1.32,1.13,1.87,1.87,2.2,1.59,4.9,1.13,1.16,1.26,2.28,2.2,2.3,5.5,1.98,2.69,5.05,0,0,1.27,1.5,1.85,2.45,3.4,3.55,2.48,1.95,1.5,1.29,1.38,8.0,3.7,1.44,9.7,3.0,2.65,7.25,1.39,2.75,6.9,13.0,3.0,1.45,1.1,1.02,1.23,2.06,4.3,9.0,4.2,1.76,1.22,1.05,0,0,0,0,4,1,0,2,1,3,1,1624068000,14,0,63,13,13,0,-1,2,1,1,0,3,2,1,5,1,1,3,0,2,3,1,54,45,93,90,1.45,1.42,2.87,0,0,0,0,0,0,1,1,0,0,0,0,0,1,-1,-1,-1,-1,-1,-1,-1,-1,-1,0,25,63,75,88,38,75,88,38,11.0,2.5,3.75,2.5,/clubs/real-salt-lake-14,teams/usa-real-salt-lake.png,Real Salt Lake,/clubs/vancouver-whitecaps-fc-5,teams/canada-vancouver-whitecaps-fc.png,Vancouver Whitecaps,1.82,0.89,1.25,0.25,1.5,1.0,100,75,38,25,13,75,75,63,1.21,1.26,2.47,/usa/vancouver-whitecaps-fc-vs-real-salt-lake-h2h-stats#1201486,5674,35,True,True,True,True,False,False,True,"['43', '90+2', '90+5']",['54']
MLS,2021,5674,1201487,6490,6,2021,complete,65699,0,-1,['50'],['58'],1,1,2,8,2,10,1,1,0,3,0,0,5,2,11,1,16,3,8,19,65,35,13893,211,28051,,,0,3,1.44,4.33,6.0,1.02,1.14,1.44,2.15,3.4,10.5,5.5,2.6,1.67,1.3,1.62,2.2,2.35,1.53,7.75,1.04,1.07,1.14,2.9,1.83,2.75,6.0,1.67,3.1,5.5,0,0,1.14,1.3,1.55,1.92,2.5,5.0,3.3,2.38,1.82,1.49,1.22,9.5,5.1,1.3,10.5,3.4,2.55,10.75,1.22,2.1,4.5,13.0,4.0,1.67,1.18,1.04,1.13,1.62,2.9,5.5,5.25,2.15,1.36,1.11,0,0,0,0,2,0,0,1,1,2,0,1624158000,-1,0,88,38,25,0,-1,2,1,5,1,3,1,6,4,0,2,0,1,2,1,1,58,40,132,111,1.79,0.64,2.43,0,0,0,0,0,0,1,1,0,0,1,0,0,0,-1,-1,-1,-1,-1,-1,-1,-1,-1,13,25,63,100,100,50,75,75,38,9.0,3.75,3.25,3.0,/clubs/los-angeles-fc-6490,teams/usa-los-angeles-fc.png,Los Angeles FC,/clubs/houston-dynamo-6,teams/usa-houston-dynamo.png,Houston Dynamo,1.76,0.35,1.75,0.25,1.14,1.38,88,75,38,0,0,63,38,25,1.68,1.25,2.93,/usa/houston-dynamo-vs-los-angeles-fc-h2h-stats#1201487,5674,34,True,True,False,False,False,False,True,['50'],['58']
MLS,2021,5674,1201488,4,677447,2021,complete,65699,0,-1,"['37', '56']",[],2,0,2,5,3,8,3,3,2,0,0,0,8,2,8,6,16,8,16,14,59,41,20,11574,40174,,,2,0,2.45,3.2,2.95,1.11,1.43,2.15,3.65,7.0,7.0,2.8,1.67,1.27,1.1,1.95,1.8,2.75,1.39,3.3,1.28,1.39,1.33,1.6,3.02,2.1,3.74,2.72,2.42,3.4,0,0,1.27,1.5,1.95,2.45,3.4,3.55,2.48,1.85,1.5,1.29,1.79,7.0,2.4,1.95,8.3,2.27,3.75,4.8,1.45,3.1,8.3,15.0,2.75,1.37,1.07,1.02,1.29,2.32,5.3,10.0,3.64,1.61,1.16,1.04,0,0,0,0,2,1,0,1,0,1,1,1624060800,4,0,50,0,50,0,-1,2,1,0,1,5,2,1,7,0,0,2,0,0,2,1,55,25,134,93,1.98,0.84,2.82,0,0,0,0,0,0,1,1,0,0,0,0,0,0,-1,-1,-1,-1,-1,-1,-1,-1,-1,0,25,50,75,75,0,50,75,63,7.25,3.25,3.5,2.25,/clubs/new-york-red-bulls-4,teams/usa-new-york-red-bulls.png,New York RB,/clubs/nashville-sc-mls-677447,teams/usa-nashville-sc-mls.png,Nashville SC,1.76,1.22,2.25,1.0,1.29,1.57,100,75,50,25,25,50,38,38,1.5,1.34,2.84,/usa/new-york-red-bulls-vs-nashville-sc-mls-h2h-stats#1201488,5674,35,True,True,False,False,False,False,False,"['37', '56']",[]
MLS,2021,5674,1201489,8043,12,2021,complete,65699,0,-1,[],"['21', '72']",0,2,2,6,4,10,1,2,2,4,0,0,6,2,16,4,22,6,8,18,54,46,27,409,11434,,,2,4,3.0,3.45,2.3,1.06,1.27,1.71,2.7,4.6,10.25,3.7,2.1,1.44,1.19,1.61,2.25,4.05,1.19,3.1,1.31,1.69,1.3,1.38,3.5,2.3,2.75,3.3,2.66,2.52,0,0,1.22,1.42,1.74,2.23,3.0,4.0,2.75,2.02,1.61,1.35,2.55,7.5,1.71,2.2,11.25,1.73,5.5,3.95,1.34,2.56,6.25,13.0,3.26,1.51,1.12,1.02,1.21,1.96,3.95,7.5,4.45,1.84,1.25,1.07,0,0,0,0,2,0,1,0,1,1,1,1624145400,12,0,42,0,25,0,-1,2,1,3,2,3,2,5,5,2,2,0,2,4,2,1,57,42,94,97,2.21,0.84,3.05,0,0,0,0,0,0,1,1,0,0,0,0,0,0,-1,-1,-1,-1,-1,-1,-1,-1,-1,25,25,42,42,84,42,59,67,25,10.17,3.67,4.83,2.17,/clubs/fc-cincinnati-8043,teams/usa-fc-cincinnati.png,FC Cincinnati,/clubs/colorado-rapids-12,teams/usa-colorado-rapids.png,Colorado Rapids,0.47,1.59,0.0,1.33,0.67,1.86,75,75,59,59,17,100,84,67,1.44,1.41,2.85,/usa/colorado-rapids-vs-fc-cincinnati-h2h-stats#1201489,5674,34,True,True,False,False,False,False,False,[],"['21', '72']"
MLS,2021,5674,1201490,9,7,2021,complete,65699,0,-1,"['17', '34']",[],2,0,2,4,3,7,1,0,2,2,0,0,3,0,12,14,15,14,13,6,41,59,58,13,2414,,,2,2,1.77,3.9,4.25,1.05,1.24,1.62,2.45,4.15,12.0,4.05,2.25,1.53,1.22,1.61,2.25,2.5,1.47,4.4,1.17,1.22,1.32,1.95,2.5,2.2,4.33,2.18,2.6,4.3,0,0,1.27,1.5,1.95,2.45,3.4,3.55,2.48,1.85,1.5,1.29,1.48,7.5,3.25,1.57,8.5,2.6,3.1,6.75,1.44,2.79,7.1,13.0,2.79,1.44,1.1,1.02,1.24,2.05,4.3,9.0,4.05,1.77,1.22,1.05,0,0,0,0,2,2,0,0,0,0,2,1624145400,9,0,50,0,33,0,20064,2,1,2,1,2,2,3,4,2,1,0,1,3,1,1,46,56,81,115,1.49,1.29,2.78,0,0,0,0,0,0,1,1,0,0,1,0,0,0,-1,-1,-1,-1,-1,-1,-1,-1,-1,0,33,50,67,84,17,67,67,50,7.33,3.33,3.67,2.33,/clubs/columbus-crew-9,teams/usa-columbus-crew.png,Columbus Crew,/clubs/chicago-fire-7,teams/usa-chicago-fire.png,Chicago Fire,1.94,0.47,2.33,0.0,1.57,0.57,100,67,50,33,17,50,34,0,1.29,1.15,2.44,/usa/chicago-fire-vs-columbus-crew-h2h-stats#1201490,5674,34,True,True,False,False,False,False,False,"['17', '34']",[]
MLS,2021,5674,1201491,19,17,2021,complete,65699,0,-1,"['10', '39']","['1', '8', '84']",2,3,5,8,6,14,0,3,3,3,0,0,3,5,12,9,15,14,6,14,52,48,7,11435,21031,,,3,3,2.95,3.5,2.3,1.07,1.3,1.83,2.95,5.25,9.5,3.4,1.95,1.38,1.16,1.71,2.1,3.35,1.27,3.4,1.26,1.52,1.25,1.5,3.2,2.2,3.2,2.95,2.55,2.9,0,0,1.2,1.4,1.72,2.2,3.0,4.0,2.75,2.0,1.6,1.34,1.74,6.25,2.5,1.95,9.5,1.95,4.25,4.4,1.34,2.65,6.45,21.0,3.0,1.42,1.09,1.03,1.21,2.04,4.15,9.95,3.95,1.71,1.2,1.03,0,0,0,0,5,2,2,0,1,1,4,1624145400,17,0,59,0,42,0,-1,2,1,6,4,2,2,10,4,0,0,3,3,0,6,1,84,54,124,95,1.77,1.62,3.39,0,0,0,0,0,0,1,1,1,2,2,0,0,0,-1,-1,-1,-1,-1,-1,-1,-1,-1,0,25,42,84,100,0,100,84,42,9.5,3.33,5.5,2.5,/clubs/toronto-fc-19,teams/canada-toronto-fc.png,Toronto,/clubs/orlando-city-sc-17,teams/usa-orlando-city-sc.png,Orlando City,1.12,1.11,2.0,1.33,0.71,1.71,100,75,59,17,0,84,67,42,1.55,0.91,2.46,/usa/orlando-city-sc-vs-toronto-fc-h2h-stats#1201491,5674,34,True,True,True,True,True,False,True,"['10', '39']","['1', '8', '84']"
MLS,2021,5674,1201492,13401,677446,2021,complete,65699,0,-1,['72'],[],1,0,1,1,4,5,2,0,2,4,0,2,3,1,11,5,14,6,11,17,68,32,24,36107,28121,,,2,7,1.91,3.5,4.0,1.08,1.36,2.0,3.3,6.5,8.25,3.1,1.8,1.32,1.12,1.91,1.87,2.7,1.39,3.35,1.27,1.36,1.34,1.63,3.0,2.1,3.6,2.62,2.46,3.48,0,0,1.22,1.42,1.74,2.23,3.0,4.0,2.75,2.02,1.61,1.35,1.71,7.5,2.55,1.73,8.4,2.25,3.65,4.85,1.44,3.0,7.9,15.0,2.77,1.39,1.08,1.02,1.27,2.22,5.0,10.0,3.76,1.66,1.17,1.04,0,0,0,0,1,0,0,1,0,1,0,1624147200,13401,0,38,13,25,0,-1,2,1,1,4,0,0,5,0,2,2,0,4,4,4,1,57,26,151,88,1.52,0.65,2.17,1,0,1,0,0,0,1,1,0,0,0,0,0,0,-1,-1,-1,-1,-1,-1,-1,-1,-1,13,13,38,38,88,25,63,38,25,11.75,3.0,4.25,1.88,/clubs/dc-united-13401,teams/usa-dc-united.png,DC United,/clubs/club-internacional-de-futbol-miami-677446,teams/usa-club-internacional-de-futbol-miami.png,Inter Miami,2.0,1.06,1.5,1.75,1.13,1.0,88,88,63,63,13,100,100,75,1.52,0.85,2.37,/usa/dc-united-vs-club-internacional-de-futbol-miami-h2h-stats#1201492,5674,34,True,False,False,False,False,False,False,['72'],[]
MLS,2021,5674,1201493,13,1015,2021,complete,65699,0,-1,['68'],['36'],1,1,2,6,4,10,1,0,2,3,0,0,3,7,14,11,17,18,13,13,52,48,42,12956,5,,,2,3,1.95,3.85,3.45,1.04,1.2,1.57,2.35,3.95,13.0,4.4,2.35,1.57,1.25,1.54,2.4,3.05,1.31,4.5,1.15,1.31,1.27,1.84,2.5,2.3,4.0,2.3,2.75,3.6,0,0,1.18,1.34,1.61,2.02,2.7,4.5,3.1,2.23,1.74,1.43,1.57,7.5,2.88,1.62,12.5,2.38,3.75,6.0,1.32,2.43,5.75,12.0,3.38,1.56,1.14,1.03,1.18,1.88,3.68,7.5,4.8,1.92,1.28,1.07,0,0,0,0,2,0,1,1,0,1,1,1624149000,-1,0,71,25,25,0,-1,2,1,0,2,6,2,2,8,0,1,2,2,1,4,1,40,46,102,103,1.57,1.96,3.53,0,0,0,0,0,0,1,1,0,0,0,0,0,1,-1,-1,-1,-1,-1,-1,-1,-1,-1,29,59,59,88,88,54,71,75,59,11.17,3.25,3.33,3.21,/clubs/fc-dallas-13,teams/usa-fc-dallas.png,FC Dallas,/clubs/minnesota-united-fc-1015,teams/usa-minnesota-united-fc.png,Minnesota United,1.29,0.89,1.5,0.33,0.86,1.0,71,42,42,13,13,59,42,25,1.78,1.26,3.04,/usa/fc-dallas-vs-minnesota-united-fc-h2h-stats#1201493,5674,34,True,True,False,False,False,False,True,['68'],['36']
MLS,2021,5674,1201494,10,18,2021,complete,65699,0,-1,['21'],"['41', '49']",1,2,3,1,4,5,4,2,0,0,0,0,3,6,5,3,8,9,19,7,59,41,36,2,25,,,0,0,2.2,3.65,3.1,1.05,1.24,1.65,2.55,4.25,12.0,4.15,2.2,1.5,1.21,1.57,2.3,4.0,1.19,3.45,1.25,1.58,1.32,1.43,3.25,2.3,3.0,3.1,2.67,2.65,0,0,1.22,1.42,1.74,2.23,3.0,4.0,2.75,2.02,1.61,1.35,2.4,7.0,1.79,2.1,10.75,1.8,5.5,4.5,1.36,2.5,6.05,13.0,3.15,1.53,1.13,1.02,1.19,1.9,3.76,7.5,4.7,1.9,1.27,1.07,0,0,0,0,3,1,1,0,1,1,2,1624150800,18,0,59,13,42,0,-1,2,-1,1,3,0,1,4,1,0,0,0,0,0,0,1,40,32,118,77,1.02,1.23,2.25,1,0,1,0,0,0,1,1,0,0,0,1,-1,-1,-1,-1,-1,-1,-1,-1,-1,-1,-1,13,13,42,71,100,13,71,84,42,7.75,3.58,5.08,2.38,/clubs/la-galaxy-10,teams/usa-la-galaxy.png,LA Galaxy,/clubs/seattle-sounders-fc-18,teams/usa-seattle-sounders-fc.png,Seattle Sounders,1.71,1.82,3.0,2.33,2.14,2.25,88,88,59,29,0,75,59,46,1.54,1.19,2.73,/usa/la-galaxy-vs-seattle-sounders-fc-h2h-stats#1201494,5674,34,True,True,True,False,False,False,True,['21'],"['41', '49']"
MLS,2021,5674,1201495,20,8,2021,complete,65699,0,-1,"['36', '45+1']",['28'],2,1,3,2,10,12,2,1,2,3,0,0,3,3,3,15,6,18,6,10,35,65,35,7206,18,,,2,3,2.3,3.65,2.9,1.04,1.21,1.59,2.35,3.9,13.0,4.35,2.3,1.57,1.25,1.51,2.45,3.75,1.22,4.05,1.19,1.47,1.3,1.57,2.88,2.38,3.2,2.69,2.75,2.94,0,0,1.22,1.42,1.74,2.23,3.0,4.0,2.75,2.02,1.61,1.35,1.79,7.0,2.4,1.73,12.5,2.05,4.6,5.0,1.32,2.36,5.5,11.0,3.38,1.59,1.15,1.03,1.17,1.82,3.52,7.0,5.05,1.99,1.3,1.08,0,0,0,0,3,2,1,0,0,0,3,1624156200,20,0,71,42,29,0,-1,2,1,2,3,0,7,5,7,1,0,1,3,1,4,1,30,78,80,126,0.82,1.91,2.73,0,0,0,0,0,0,1,1,0,0,0,1,0,0,-1,-1,-1,-1,-1,-1,-1,-1,-1,0,25,88,88,100,42,42,100,71,10.08,2.92,1.75,3.0,/clubs/portland-timbers-20,teams/usa-portland-timbers.png,Portland Timbers,/clubs/sporting-kansas-city-8,teams/usa-sporting-kansas-city.png,Sporting KC,2.1,1.53,2.0,1.5,1.29,1.89,100,75,13,13,0,71,71,42,2.02,1.17,3.19,/usa/sporting-kansas-city-vs-portland-timbers-h2h-stats#1201495,5674,36,True,True,True,False,False,False,True,"['36', '45+1']",['28']
MLS,2021,5674,1201496,1016,16,2021,complete,65699,0,-1,"['58', '82']","['84', '90+3']",2,2,4,12,5,17,1,1,1,5,0,0,8,6,13,10,21,16,7,15,57,43,15,1778,40182,,,1,5,2.3,3.25,2.9,1.02,1.27,1.87,3.3,6.2,9.0,3.4,1.87,1.33,1.08,1.78,2.04,2.9,1.35,3.35,1.27,1.43,1.32,1.58,3.04,2.15,3.55,2.74,2.49,3.24,0,0,1.25,1.49,1.88,2.41,3.26,3.54,2.54,1.92,1.54,1.29,1.59,6.0,2.7,1.97,9.0,2.2,3.9,4.7,1.43,2.75,6.0,16.0,2.65,1.41,1.12,1.03,1.26,2.2,4.9,10.0,3.85,1.67,1.18,1.04,0,0,0,0,4,0,0,2,2,4,0,1624212000,-1,0,34,0,34,0,-1,2,1,6,4,6,1,10,7,0,2,1,3,2,4,1,35,46,90,114,2.13,1.77,3.9,0,0,0,0,0,0,1,1,0,0,0,1,0,0,-1,-1,-1,-1,-1,-1,-1,-1,-1,0,34,34,50,84,0,50,67,50,10.33,3.33,4.67,2.0,/clubs/atlanta-united-fc-1016,teams/usa-atlanta-united-fc.png,Atlanta United FC,/clubs/philadelphia-union-16,teams/usa-philadelphia-union.png,Philadelphia Union,1.88,1.06,2.33,2.33,1.43,1.75,100,67,67,50,17,50,33,17,1.56,1.53,3.09,/usa/philadelphia-union-vs-atlanta-united-fc-h2h-stats#1201496,5674,35,True,True,True,True,False,False,True,"['58', '82']","['84', '90+3']"
MLS,2021,5674,1201497,2,11,2021,complete,65699,0,-1,"['55', '85']","['27', '78', '88']",2,3,5,7,5,12,0,1,3,2,0,0,9,4,7,3,16,7,16,12,51,49,3,762,21032,,,3,2,2.15,3.55,3.2,1.05,1.24,1.65,2.5,4.25,12.0,4.1,2.2,1.5,1.22,1.54,2.35,3.15,1.3,4.4,1.16,1.33,1.29,1.78,2.63,2.3,3.6,2.38,2.73,3.46,0,0,1.12,1.29,1.5,1.85,2.43,5.25,3.45,2.45,1.95,1.52,1.56,7.5,2.88,1.67,11.75,2.3,3.85,6.0,1.33,2.43,5.75,13.0,3.32,1.56,1.14,1.04,1.18,1.87,3.68,9.0,4.85,1.93,1.28,1.06,0,0,0,0,5,0,1,2,2,4,1,1624145400,11,0,59,13,29,0,-1,2,1,2,2,5,3,4,8,1,1,2,1,2,3,1,51,45,103,110,2.01,1.06,3.07,1,0,0,0,1,0,1,1,0,0,1,0,0,0,-1,-1,-1,-1,-1,-1,-1,-1,-1,17,29,46,88,100,13,59,88,63,11.0,2.42,3.5,2.79,/clubs/new-york-city-fc-2,teams/usa-new-york-city-fc.png,New York City,/clubs/new-england-revolution-11,teams/usa-new-england-revolution.png,New England Revolution,2.06,2.0,1.33,1.25,1.57,2.13,84,71,54,13,0,54,42,42,1.66,1.78,3.44,/usa/new-york-city-fc-vs-new-england-revolution-h2h-stats#1201497,5674,35,True,True,True,True,True,False,True,"['55', '85']","['27', '78', '88']"
MLS,2021,5674,1201498,17,15,2021,complete,65699,0,-1,"['7', '16', '31', '49', '90']",[],5,0,5,2,5,7,1,0,0,2,0,0,8,1,9,9,17,10,8,9,43,57,11,21031,1763,,,0,2,1.56,4.35,5.5,1.05,1.22,1.61,2.4,4.1,13.0,4.25,2.3,1.54,1.24,1.71,2.1,2.5,1.49,5.25,1.13,1.24,1.24,1.97,2.25,2.3,4.33,2.1,2.55,4.2,0,0,1.23,1.5,1.75,2.2,3.05,3.72,2.4,1.95,1.6,1.33,1.7,7.0,2.7,1.55,9.0,2.55,3.05,8.0,1.34,2.7,6.5,15.5,3.0,1.4,1.08,1.01,1.22,2.1,4.4,9.25,3.75,1.65,1.17,1.03,0,0,0,0,5,3,0,2,0,2,3,1624406520,17,0,38,0,25,0,-1,2,1,0,3,2,2,3,4,0,1,0,1,1,1,1,39,40,75,111,1.91,1.0,2.91,1,0,1,0,0,0,1,1,1,0,0,0,0,0,-1,-1,-1,-1,-1,-1,-1,-1,-1,0,0,38,50,75,13,50,63,38,9.0,3.0,2.75,1.63,/clubs/orlando-city-sc-17,teams/usa-orlando-city-sc.png,Orlando City,/clubs/san-jose-earthquakes-15,teams/usa-san-jose-earthquakes.png,SJ Earthquakes,1.82,1.24,2.0,1.0,1.88,1.11,100,100,63,50,25,38,38,38,1.46,1.74,3.2,/usa/san-jose-earthquakes-vs-orlando-city-sc-h2h-stats#1201498,5674,34,True,True,True,True,True,False,False,"['7', '16', '31', '49', '90']",[]
MLS,2021,5674,1201499,11,4,2021,complete,65699,0,-1,"['26', '32', '51']","['53', '75']",3,2,5,2,6,8,1,1,1,1,0,0,6,5,4,15,10,20,10,14,50,50,12,21032,11574,,,1,1,1.57,4.1,5.5,1.05,1.25,1.65,2.5,4.3,12.0,3.95,2.2,1.5,1.21,1.67,2.15,2.65,1.42,4.8,1.14,1.24,1.26,1.91,2.45,2.05,4.6,2.1,2.55,4.1,0,0,1.23,1.5,1.75,2.2,3.1,3.72,2.4,1.95,1.6,1.32,1.5,7.5,3.3,1.6,8.0,2.55,3.3,7.0,1.34,2.55,5.75,12.5,3.0,1.45,1.1,1.01,1.2,1.91,3.8,7.75,4.0,1.8,1.22,1.05,0,0,0,0,5,2,0,1,2,3,2,1624489200,11,0,59,59,17,0,-1,2,1,1,3,1,3,4,4,1,1,0,0,2,0,1,34,49,118,117,1.31,1.97,3.28,0,0,0,0,0,0,1,1,0,0,0,2,0,0,-1,-1,-1,-1,-1,-1,-1,-1,-1,17,46,59,59,100,59,75,84,17,16.58,2.0,4.67,2.79,/clubs/new-england-revolution-11,teams/usa-new-england-revolution.png,New England Revolution,/clubs/new-york-red-bulls-4,teams/usa-new-york-red-bulls.png,New York RB,2.22,1.0,3.0,0.0,2.22,1.5,84,54,42,42,0,84,84,71,1.59,1.36,2.95,/usa/new-york-red-bulls-vs-new-england-revolution-h2h-stats#1201499,5674,35,True,True,True,True,True,False,True,"['26', '32', '51']","['53', '75']"
MLS,2021,5674,1201500,2,1016,2021,complete,65699,0,-1,['69'],[],1,0,1,4,2,6,3,0,0,3,0,0,7,2,11,4,18,6,20,19,47,53,31,762,1778,,,0,3,1.55,4.25,5.2,1.03,1.21,1.62,2.6,4.63,16.25,4.33,2.18,1.5,1.18,1.7,2.03,2.4,1.51,5.5,1.11,1.17,1.22,2.27,2.15,2.45,5.25,1.85,2.82,4.65,0,0,1.22,1.48,1.73,2.2,3.04,3.82,2.5,2.0,1.62,1.33,1.62,7.5,2.9,1.47,16.25,2.74,2.75,7.75,1.31,2.4,5.25,12.0,3.18,1.51,1.12,1.03,1.18,1.87,3.68,7.5,4.84,1.93,1.28,1.07,0,0,0,0,1,0,0,1,0,1,0,1624491000,2,0,75,13,25,0,-1,2,1,2,0,2,2,2,4,0,2,0,1,2,1,1,42,27,100,76,1.93,0.72,2.65,0,0,0,0,0,0,1,1,0,0,2,0,0,0,-1,-1,-1,-1,-1,-1,-1,-1,-1,25,25,50,88,88,13,75,88,50,7.25,3.5,4.75,2.75,/clubs/new-york-city-fc-2,teams/usa-new-york-city-fc.png,New York City,/clubs/atlanta-united-fc-1016,teams/usa-atlanta-united-fc.png,Atlanta United FC,2.06,1.06,1.0,0.75,1.38,1.38,75,75,50,13,13,50,50,50,1.75,1.18,2.93,/usa/new-york-city-fc-vs-atlanta-united-fc-h2h-stats#1201500,5674,35,True,False,False,False,False,False,False,['69'],[]
MLS,2021,5674,1201501,16,9,2021,complete,65699,0,-1,['24'],[],1,0,1,5,3,8,2,1,2,2,0,0,1,1,4,7,5,8,15,9,38,62,13893,40182,13,,,2,2,1.6,4.0,5.1,1.05,1.3,1.94,3.3,6.0,8.0,3.4,1.82,1.28,1.09,1.85,1.85,2.3,1.54,4.05,1.19,1.17,1.24,2.18,2.45,2.1,4.4,2.2,2.45,4.0,0,0,1.23,1.48,1.75,2.2,3.1,3.72,2.5,1.95,1.6,1.32,1.6,7.0,3.0,1.62,8.0,2.5,2.9,6.0,1.4,2.75,6.75,16.0,2.75,1.4,1.07,1.01,1.25,2.15,4.5,9.5,3.6,1.62,1.16,1.03,0,0,0,0,1,1,0,0,0,0,1,1624491000,16,0,33,0,20,0,-1,2,1,3,2,2,1,5,3,0,1,2,1,1,3,1,39,70,105,118,0.68,1.09,1.78,0,0,0,0,0,0,1,1,0,0,0,0,0,0,-1,-1,-1,-1,-1,-1,-1,-1,-1,0,0,33,65,88,10,55,78,33,7.45,3.5,3.5,1.85,/clubs/philadelphia-union-16,teams/usa-philadelphia-union.png,Philadelphia Union,/clubs/columbus-crew-9,teams/usa-columbus-crew.png,Columbus Crew,2.0,0.82,1.4,1.0,1.67,1.75,100,100,68,35,13,55,55,20,1.37,0.83,2.2,/usa/columbus-crew-vs-philadelphia-union-h2h-stats#1201501,5674,34,True,False,False,False,False,False,False,['24'],[]
MLS,2021,5674,1201502,1015,698284,2021,complete,65699,0,-1,"['10', '18']",[],2,0,2,5,4,9,2,2,0,2,0,0,3,3,10,8,13,11,16,7,52,48,44,5,2339,,,0,2,1.8,3.9,4.05,1.05,1.24,1.65,2.55,4.35,12.0,4.1,2.2,1.5,1.21,1.62,2.2,2.9,1.38,5.25,1.13,1.28,1.29,1.98,2.3,2.3,4.2,2.1,2.65,3.9,0,0,1.14,1.4,1.57,1.91,2.4,4.8,2.7,2.25,1.8,1.5,1.62,7.5,2.88,1.57,9.75,2.45,3.4,7.0,1.3,2.4,5.5,12.0,3.2,1.5,1.11,1.01,1.18,1.87,3.6,7.5,4.33,1.83,1.25,1.06,0,0,0,0,2,2,0,0,0,0,2,1624492800,1015,0,32,0,0,0,-1,2,1,4,2,1,2,6,3,0,2,0,0,2,0,1,54,44,111,91,1.43,1.23,2.65,0,0,0,0,0,0,1,1,1,0,0,0,0,0,-1,-1,-1,-1,-1,-1,-1,-1,-1,0,7,25,44,94,13,63,69,19,10.38,2.0,3.25,1.69,/clubs/minnesota-united-fc-1015,teams/usa-minnesota-united-fc.png,Minnesota United,/clubs/austin-fc-698284,teams/usa-austin-fc.png,Austin,1.94,0.47,1.5,1.0,1.0,1.0,100,94,75,57,7,75,75,50,1.98,1.3,3.28,/usa/minnesota-united-fc-vs-austin-fc-h2h-stats#1201502,5674,34,True,True,False,False,False,False,False,"['10', '18']",[]
MLS,2021,5674,1201503,7,8043,2021,complete,65699,0,-1,[],['50'],0,1,1,7,7,14,1,6,0,2,0,0,5,12,14,6,19,18,22,23,57,43,13967,2414,409,,,0,2,1.69,4.05,4.6,1.05,1.22,1.62,2.5,4.2,13.0,4.2,2.25,1.51,1.22,1.65,2.2,2.55,1.44,5.75,1.1,1.14,1.19,2.52,2.05,2.35,5.0,1.83,2.8,4.75,0,0,1.21,1.44,1.73,2.1,2.7,3.92,2.6,2.0,1.65,1.4,1.38,8.0,4.0,1.44,10.0,2.8,2.95,7.5,1.3,2.35,5.25,11.0,3.25,1.53,1.13,1.01,1.17,1.8,3.5,7.25,4.5,1.9,1.26,1.06,0,0,0,0,1,0,0,0,1,1,0,1624492800,8043,0,38,25,13,0,-1,2,1,2,5,5,1,7,6,0,0,0,2,0,2,1,41,38,105,96,1.85,2.25,4.1,0,0,0,0,0,0,1,1,0,0,0,1,0,0,-1,-1,-1,-1,-1,-1,-1,-1,-1,13,38,63,75,100,38,50,88,38,11.0,5.75,3.0,2.88,/clubs/chicago-fire-7,teams/usa-chicago-fire.png,Chicago Fire,/clubs/fc-cincinnati-8043,teams/usa-fc-cincinnati.png,FC Cincinnati,1.53,0.71,1.0,1.0,0.5,0.57,88,63,38,25,0,75,50,50,1.86,0.99,2.85,/usa/chicago-fire-vs-fc-cincinnati-h2h-stats#1201503,5674,34,True,False,False,False,False,False,False,[],['50']
MLS,2021,5674,1201504,1,13401,2021,complete,65699,0,-1,[],[],0,0,0,1,7,8,1,2,4,3,1,0,1,4,3,21,4,25,8,17,46,54,36,39282,36107,,,5,3,2.55,3.3,2.75,1.09,1.35,2.0,3.2,6.0,8.0,3.1,1.8,1.33,1.13,1.8,1.95,0.0,0.0,0.0,0.0,0.0,0.0,0.0,2.88,2.25,3.5,2.5,0.0,3.2,0,0,0.0,0.0,0.0,0.0,0.0,0.0,0.0,0.0,0.0,0.0,0.0,0.0,0.0,1.73,0.0,2.25,0.0,0.0,1.33,2.63,7.0,19.0,3.25,1.44,1.1,1.02,1.2,1.91,4.0,10.0,4.33,1.8,1.22,1.06,0,0,0,0,0,0,0,0,0,0,0,1624492800,-1,0,59,29,46,0,0,2,1,1,3,0,4,4,4,3,0,2,3,3,5,1,31,57,89,145,0.56,2.27,2.83,0,0,0,0,0,0,1,1,0,0,0,1,0,0,-1,-1,-1,-1,-1,-1,-1,-1,-1,29,42,71,71,84,42,54,84,46,7.92,2.5,3.92,3.13,/clubs/montreal-impact-1,teams/canada-montreal-impact.png,Montreal Impact,/clubs/dc-united-13401,teams/usa-dc-united.png,DC United,1.82,0.76,1.33,0.75,1.38,1.33,71,59,29,29,17,38,13,13,1.65,1.24,2.89,/usa/montreal-impact-vs-dc-united-h2h-stats#1201504,5674,34,False,False,False,False,False,False,False,[],[]
MLS,2021,5674,1201505,6,20,2021,complete,65699,0,-1,"['15', '33']","['50', '90+1']",2,2,4,7,4,11,1,1,1,3,0,0,3,3,8,11,11,14,18,15,49,51,7,28051,7206,,,1,3,2.05,3.8,3.2,1.05,1.24,1.65,2.5,4.2,12.0,4.1,2.2,1.51,1.22,1.59,2.25,3.35,1.27,4.35,1.17,1.49,1.24,1.55,2.65,2.3,3.4,2.4,2.7,3.1,0,0,1.21,1.48,1.73,2.2,2.93,3.92,2.5,2.0,1.62,1.35,1.62,7.5,2.88,1.75,10.0,2.1,4.05,5.75,1.28,2.3,5.0,10.5,3.3,1.55,1.14,1.02,1.17,1.8,3.5,7.25,4.5,1.9,1.26,1.06,0,0,0,0,4,2,0,0,2,2,2,1624494600,-1,0,50,0,38,0,-1,2,1,4,2,3,2,6,5,0,1,1,2,1,3,1,49,44,95,89,1.26,1.41,2.68,0,0,0,0,0,0,1,1,0,0,0,0,0,0,-1,-1,-1,-1,-1,-1,-1,-1,-1,13,13,50,75,100,38,63,100,38,9.0,4.75,3.75,2.5,/clubs/houston-dynamo-6,teams/usa-houston-dynamo.png,Houston Dynamo,/clubs/portland-timbers-20,teams/usa-portland-timbers.png,Portland Timbers,1.41,1.28,2.5,0.75,1.33,1.5,88,88,50,25,0,63,63,63,1.36,1.3,2.66,/usa/houston-dynamo-vs-portland-timbers-h2h-stats#1201505,5674,34,True,True,True,True,False,False,True,"['15', '33']","['50', '90+1']"
MLS,2021,5674,1201506,8,12,2021,complete,65699,0,-1,"['14', '38', '64']",['84'],3,1,4,2,1,3,4,3,0,0,0,0,8,3,9,8,17,11,5,8,56,44,40,18,11434,,,0,0,1.65,4.3,4.5,1.04,1.19,1.54,2.3,3.75,14.0,4.6,2.45,1.61,1.26,1.59,2.3,2.9,1.36,5.25,1.12,1.26,1.23,1.97,2.25,2.4,4.0,2.05,2.75,3.9,0,0,1.18,1.33,1.62,2.0,2.4,4.6,3.02,2.2,1.73,1.5,1.5,7.5,3.3,1.57,10.5,2.4,3.4,7.0,1.28,2.3,5.25,11.5,3.4,1.55,1.13,1.01,1.17,1.83,3.6,7.5,4.4,1.87,1.25,1.06,0,0,0,0,4,2,0,1,1,2,2,1624494600,8,0,53,0,10,0,-1,2,-1,0,0,2,1,0,3,0,0,0,0,0,0,1,40,29,124,89,1.93,1.12,3.05,0,0,0,0,0,0,1,1,0,0,0,0,-1,-1,-1,-1,-1,-1,-1,-1,-1,-1,-1,10,10,43,75,88,23,88,75,20,14.3,3.15,3.6,2.25,/clubs/sporting-kansas-city-8,teams/usa-sporting-kansas-city.png,Sporting KC,/clubs/colorado-rapids-12,teams/usa-colorado-rapids.png,Colorado Rapids,1.84,1.59,2.2,1.75,1.7,2.0,90,90,58,25,13,90,78,43,2.42,1.26,3.68,/usa/sporting-kansas-city-vs-colorado-rapids-h2h-stats#1201506,5674,35,True,True,True,True,False,False,True,"['14', '38', '64']",['84']
MLS,2021,5674,1201507,677447,19,2021,complete,65699,0,-1,"['62', '83', '90+2']","['26', '81']",3,2,5,5,5,10,1,2,3,3,0,0,10,5,5,4,15,9,17,12,58,42,13851,40174,11435,,,3,3,2.0,3.5,3.65,1.09,1.37,2.05,3.4,6.5,8.0,3.0,1.74,1.3,1.12,1.91,1.83,2.4,1.51,3.5,1.25,1.29,1.3,1.76,2.6,2.05,4.2,2.3,2.4,3.9,0,0,1.26,1.53,1.85,2.3,3.3,3.48,2.38,1.85,1.55,1.29,1.78,6.5,2.6,1.67,7.25,2.45,3.05,5.25,1.42,2.95,7.25,18.0,2.65,1.35,1.06,1.01,1.28,2.25,5.0,10.0,3.4,1.57,1.14,1.02,0,0,0,0,5,0,1,3,1,4,1,1624494600,677447,0,50,20,20,0,17008,2,1,3,2,2,3,5,5,2,1,1,2,3,3,1,57,47,125,78,2.07,1.26,3.33,0,0,0,0,0,0,1,1,0,0,0,1,0,1,-1,-1,-1,-1,-1,-1,-1,-1,-1,10,30,40,70,90,40,80,70,30,10.6,5.4,3.0,2.5,/clubs/nashville-sc-mls-677447,teams/usa-nashville-sc-mls.png,Nashville SC,/clubs/toronto-fc-19,teams/canada-toronto-fc.png,Toronto,2.0,0.53,1.8,0.2,1.38,0.63,90,70,60,30,10,60,40,40,1.92,1.17,3.09,/usa/toronto-fc-vs-nashville-sc-mls-h2h-stats#1201507,5674,34,True,True,True,True,True,False,True,"['62', '83', '90+2']","['26', '81']"
MLS,2021,5674,1201508,18,14,2021,complete,65699,0,-1,"['58', '88']",['79'],2,1,3,9,6,15,0,0,1,3,0,0,6,1,11,2,17,3,8,8,56,44,15,25,26962,,,1,3,1.62,3.9,5.5,1.06,1.27,1.77,2.8,5.0,10.5,3.65,2.05,1.42,1.17,1.77,2.0,2.25,1.57,4.8,1.14,1.17,1.24,2.25,2.15,2.25,5.0,1.95,2.65,4.6,0,0,1.19,1.4,1.67,2.05,2.6,4.4,2.7,2.1,1.7,1.44,1.6,7.0,3.0,1.48,9.0,2.75,2.65,7.0,1.34,2.55,6.0,13.5,3.0,1.45,1.1,1.01,1.2,1.95,3.9,8.25,4.0,1.75,1.22,1.04,0,0,0,0,3,0,0,2,1,3,0,1624500000,18,0,60,25,25,0,-1,2,1,3,3,6,3,6,9,0,1,1,2,1,3,1,67,38,117,88,1.98,0.55,2.53,1,1,1,1,0,0,1,1,0,0,1,0,0,0,-1,-1,-1,-1,-1,-1,-1,-1,-1,0,35,70,90,90,60,70,90,45,7.3,3.0,4.8,2.85,/clubs/seattle-sounders-fc-18,teams/usa-seattle-sounders-fc.png,Seattle Sounders,/clubs/real-salt-lake-14,teams/usa-real-salt-lake.png,Real Salt Lake,1.67,1.05,2.2,2.0,2.33,1.71,100,65,30,10,10,65,55,45,1.45,1.24,2.69,/usa/real-salt-lake-vs-seattle-sounders-fc-h2h-stats#1201508,5674,35,True,True,True,False,False,False,True,"['58', '88']",['79']
MLS,2021,5674,1201509,6490,13,2021,complete,65699,0,-1,"['4', '69']",[],2,0,2,4,2,6,2,1,1,3,0,0,9,1,11,12,20,13,15,10,50,50,13812,211,12956,,,1,3,1.34,5.25,8.0,1.03,1.15,1.43,2.0,3.25,17.0,5.5,2.8,1.8,1.33,1.67,2.15,2.4,1.51,7.75,1.05,1.12,1.17,2.79,1.9,2.45,5.75,1.67,3.1,5.25,0,0,1.22,1.48,1.75,2.2,3.1,3.8,2.5,1.95,1.62,1.32,1.36,8.5,4.0,1.36,11.5,3.1,2.6,10.25,1.25,2.1,4.4,9.25,3.6,1.65,1.17,1.03,1.13,1.65,2.9,5.75,5.25,2.1,1.36,1.1,0,0,0,0,2,1,0,1,0,1,1,1624501800,6490,0,57,0,37,0,-1,2,1,2,2,2,0,4,2,0,0,1,3,0,4,1,67,24,125,103,2.38,1.07,3.45,0,0,0,0,0,0,1,1,1,0,0,0,0,0,-1,-1,-1,-1,-1,-1,-1,-1,-1,0,17,54,84,100,27,54,100,47,11.67,5.47,2.93,2.54,/clubs/los-angeles-fc-6490,teams/usa-los-angeles-fc.png,Los Angeles FC,/clubs/fc-dallas-13,teams/usa-fc-dallas.png,FC Dallas,1.76,0.65,1.6,0.0,1.13,0.88,100,84,47,17,0,57,37,10,1.7,1.32,3.02,/usa/fc-dallas-vs-los-angeles-fc-h2h-stats#1201509,5674,34,True,True,False,False,False,False,False,"['4', '69']",[]
MLS,2021,5674,1201510,5,10,2021,complete,65699,0,-1,['90+2'],"['47', '90+3']",1,2,3,5,3,8,1,2,1,1,0,0,4,2,8,7,12,9,18,11,49,51,45098,7207,2,,,1,1,2.9,3.5,2.35,1.06,1.25,1.69,2.55,4.4,11.0,3.95,2.15,1.49,1.21,1.57,2.3,4.25,1.17,3.65,1.24,1.57,1.26,1.45,3.4,2.2,2.8,3.1,2.6,2.5,0,0,1.26,1.53,1.85,2.3,3.3,3.48,2.38,1.85,1.55,1.29,2.15,7.0,2.05,2.05,9.5,1.8,5.5,4.5,1.3,2.3,5.25,10.5,3.2,1.55,1.13,1.02,1.17,1.8,3.5,7.0,4.4,1.9,1.26,1.07,0,0,0,0,3,0,0,1,2,3,0,1624501800,10,0,17,0,17,0,-1,2,1,2,3,3,0,5,3,1,0,0,1,1,1,1,45,37,129,76,1.38,0.98,2.36,0,0,0,0,0,0,1,1,0,0,2,0,0,0,-1,-1,-1,-1,-1,-1,-1,-1,-1,17,17,50,67,100,17,50,84,50,10.0,2.67,3.0,2.5,/clubs/vancouver-whitecaps-fc-5,teams/canada-vancouver-whitecaps-fc.png,Vancouver Whitecaps,/clubs/la-galaxy-10,teams/usa-la-galaxy.png,LA Galaxy,1.94,1.12,2.0,1.0,0.88,1.88,84,84,50,34,0,67,33,17,1.06,1.0,2.06,/usa/vancouver-whitecaps-fc-vs-la-galaxy-h2h-stats#1201510,5674,34,True,True,True,False,False,False,True,['90+2'],"['47', '90+3']"
MLS,2021,5674,1201511,677446,17,2021,complete,65699,0,-1,['67'],"['73', '80']",1,2,3,5,4,9,1,1,3,3,0,0,3,6,7,5,10,11,10,9,47,53,3,28121,21031,,,3,3,2.45,3.5,2.75,1.03,1.19,1.61,3.0,4.5,16.0,4.5,2.25,1.4,1.19,1.51,2.38,3.9,1.21,3.8,1.21,1.48,1.31,1.48,3.2,2.43,3.17,2.72,2.67,2.72,0,0,1.27,1.53,1.94,2.52,3.4,3.4,2.44,1.86,1.5,1.27,1.83,6.5,2.5,1.91,16.0,1.91,4.8,4.75,1.36,2.52,5.15,12.0,3.3,1.56,1.13,1.03,1.18,1.85,3.6,7.0,4.84,1.95,1.29,1.08,0,0,0,0,3,0,0,1,2,3,0,1624665600,17,0,63,13,25,0,-1,2,1,4,1,1,3,5,4,0,1,3,2,1,5,1,36,36,113,91,1.12,1.38,2.5,0,0,0,0,0,0,1,1,0,0,2,0,0,1,-1,-1,-1,-1,-1,-1,-1,-1,-1,25,25,50,88,100,38,100,75,25,9.25,3.75,5.5,2.88,/clubs/club-internacional-de-futbol-miami-677446,teams/usa-club-internacional-de-futbol-miami.png,Inter Miami,/clubs/orlando-city-sc-17,teams/usa-orlando-city-sc.png,Orlando City,1.35,1.11,0.25,1.75,0.89,2.0,75,75,50,13,0,63,38,38,1.28,1.09,2.37,/usa/orlando-city-sc-vs-club-internacional-de-futbol-miami-h2h-stats#1201511,5674,34,True,True,True,False,False,False,True,['67'],"['73', '80']"
MLS,2021,5674,1201512,8,6490,2021,complete,65699,0,-1,"['61', '87']",['24'],2,1,3,8,1,9,0,1,1,2,0,1,2,2,13,6,15,8,13,8,57,43,11,18,211,,,1,4,2.1,3.9,3.1,1.03,1.17,1.47,2.15,3.35,16.0,5.0,2.6,1.69,1.31,1.43,2.7,3.8,1.22,4.2,1.18,1.43,1.28,1.56,2.95,2.49,3.35,2.64,2.78,2.96,0,0,1.2,1.36,1.68,2.14,2.82,4.25,2.89,2.13,1.71,1.41,1.64,7.5,2.7,1.82,18.0,1.98,4.55,5.25,1.3,2.42,5.35,10.0,3.52,1.6,1.16,1.04,1.17,1.8,3.44,6.5,5.15,2.01,1.31,1.1,0,0,0,0,3,0,1,2,0,2,1,1624743000,8,0,75,0,50,0,-1,2,1,3,1,5,0,4,5,1,1,0,2,2,2,1,48,27,115,95,1.44,0.85,2.29,0,0,0,0,0,0,1,1,0,0,0,0,0,0,-1,-1,-1,-1,-1,-1,-1,-1,-1,9,17,50,100,100,17,67,100,75,13.5,2.83,2.33,2.75,/clubs/sporting-kansas-city-8,teams/usa-sporting-kansas-city.png,Sporting KC,/clubs/los-angeles-fc-6490,teams/usa-los-angeles-fc.png,Los Angeles FC,1.84,0.88,2.33,0.33,1.82,1.33,92,84,50,0,0,84,84,59,2.34,1.41,3.75,/usa/sporting-kansas-city-vs-los-angeles-fc-h2h-stats#1201512,5674,34,True,True,True,False,False,False,True,"['61', '87']",['24']
MLS,2021,5674,1201513,1016,4,2021,complete,65699,0,-1,[],[],0,0,0,3,1,4,2,4,2,4,0,0,3,4,10,4,13,8,9,19,62,38,35,1778,11574,,,2,4,1.98,3.64,3.58,1.07,1.29,1.76,3.0,4.95,9.75,3.5,2.04,1.4,1.17,1.69,2.1,2.8,1.37,4.15,1.18,1.28,1.29,1.78,2.66,2.36,4.17,2.23,2.62,3.55,0,0,1.28,1.55,1.98,2.57,3.48,3.34,2.39,1.83,1.48,1.26,1.54,7.5,3.05,1.66,13.75,2.3,3.5,5.75,1.36,2.75,5.65,13.0,3.3,1.48,1.11,1.02,1.22,2.0,4.2,8.0,4.3,1.81,1.23,1.06,0,0,0,0,0,0,0,0,0,0,0,1624822200,-1,0,75,25,63,0,-1,2,1,0,1,3,0,1,3,0,1,2,3,1,5,1,42,39,108,135,1.34,1.09,2.43,0,0,0,0,0,0,1,1,0,0,0,0,0,0,-1,-1,-1,-1,-1,-1,-1,-1,-1,25,75,75,75,100,38,75,88,63,14.75,2.0,3.75,3.5,/clubs/atlanta-united-fc-1016,teams/usa-atlanta-united-fc.png,Atlanta United FC,/clubs/new-york-red-bulls-4,teams/usa-new-york-red-bulls.png,New York RB,1.88,1.0,2.0,0.0,1.22,1.33,75,25,25,25,0,50,50,38,1.7,1.51,3.21,/usa/new-york-red-bulls-vs-atlanta-united-fc-h2h-stats#1201513,5674,35,False,False,False,False,False,False,False,[],[]
MLS,2021,5674,1201514,19,8043,2021,complete,65699,0,-1,[],"['4', '68']",0,2,2,6,3,9,2,2,1,3,0,0,3,4,1,8,4,12,6,9,51,49,69,11435,409,,,1,3,1.74,3.9,4.4,1.05,1.24,1.62,2.45,4.15,12.0,4.1,2.25,1.51,1.22,1.61,2.25,2.25,1.56,5.5,1.11,1.16,1.22,2.37,2.18,2.47,5.68,1.82,2.79,4.93,0,0,1.25,1.49,1.88,2.43,3.26,3.54,2.54,1.93,1.53,1.29,1.3,8.5,4.3,1.44,15.25,2.87,2.6,7.75,1.35,2.69,5.55,13.0,3.38,1.5,1.11,1.02,1.21,1.95,3.94,8.0,4.44,1.85,1.25,1.06,0,0,0,0,2,0,1,0,1,1,1,1624748400,8043,0,54,27,27,0,-1,2,1,2,3,4,0,5,4,1,1,0,2,2,2,1,58,21,124,60,0.9,1.19,2.09,0,0,0,0,0,0,1,1,0,1,0,0,0,0,-1,-1,-1,-1,-1,-1,-1,-1,-1,27,54,74,90,100,37,80,100,37,11.0,4.13,4.07,3.44,/clubs/toronto-fc-19,teams/canada-toronto-fc.png,Toronto,/clubs/fc-cincinnati-8043,teams/usa-fc-cincinnati.png,FC Cincinnati,1.12,0.71,1.33,1.4,0.56,0.88,74,47,27,10,0,80,80,64,1.62,1.24,2.86,/usa/toronto-fc-vs-fc-cincinnati-h2h-stats#1201514,5674,34,True,True,False,False,False,False,False,[],"['4', '68']"
MLS,2021,5674,1201515,7,16,2021,complete,65699,0,-1,"['2', '56', '67']","['28', '45+2', '79']",3,3,6,6,6,12,3,4,3,4,0,0,6,7,12,8,18,15,10,10,43,57,24,2414,40182,,,3,4,2.5,3.4,2.5,1.03,1.2,1.57,2.6,4.48,16.5,4.48,2.25,1.47,1.2,1.52,2.36,3.85,1.21,3.75,1.22,1.5,1.29,1.48,3.02,2.27,2.97,2.73,2.7,2.68,0,0,1.27,1.52,1.93,2.49,3.4,3.4,2.46,1.88,1.51,1.27,1.8,7.0,2.4,1.92,16.5,1.9,4.75,4.6,1.31,2.37,5.15,12.0,3.18,1.52,1.13,1.03,1.18,1.88,3.68,7.0,4.84,1.92,1.28,1.08,0,0,0,0,6,1,2,2,1,3,3,1624752000,-1,0,23,10,13,0,-1,2,1,4,2,2,4,6,6,1,2,2,2,3,4,1,34,62,79,136,1.8,1.89,3.69,0,0,0,0,0,0,1,1,1,0,1,0,0,1,-1,-1,-1,-1,-1,-1,-1,-1,-1,0,23,23,45,88,10,23,65,35,12.6,5.2,4.9,1.78,/clubs/chicago-fire-7,teams/usa-chicago-fire.png,Chicago Fire,/clubs/philadelphia-union-16,teams/usa-philadelphia-union.png,Philadelphia Union,1.53,1.06,0.8,2.0,0.44,1.8,100,78,78,55,13,88,55,55,1.86,1.59,3.45,/usa/chicago-fire-vs-philadelphia-union-h2h-stats#1201515,5674,34,True,True,True,True,True,True,True,"['2', '56', '67']","['28', '45+2', '79']"
MLS,2021,5674,1201516,14,6,2021,complete,65699,0,-1,['11'],['52'],1,1,2,13,4,17,1,1,0,3,0,0,7,2,14,6,21,8,11,11,58,42,20,26962,28051,,,0,3,2.0,3.6,3.65,1.07,1.3,1.83,2.95,5.5,9.5,3.45,1.95,1.38,1.15,1.74,2.0,2.9,1.35,4.0,1.2,1.31,1.31,1.7,2.78,2.34,3.98,2.33,2.58,3.4,0,0,1.22,1.43,1.78,2.25,2.98,3.82,2.74,2.04,1.62,1.34,1.58,7.5,2.88,1.71,13.0,2.24,3.65,5.5,1.37,2.79,5.85,13.0,3.25,1.47,1.1,1.02,1.22,2.04,4.3,8.0,4.24,1.78,1.22,1.06,0,0,0,0,2,1,0,0,1,1,1,1624752000,-1,0,90,40,30,0,13588,2,1,6,3,7,1,9,8,0,1,0,2,1,2,1,48,21,119,85,2.16,0.81,2.97,0,0,0,0,0,0,1,1,0,0,3,0,0,0,-1,-1,-1,-1,-1,-1,-1,-1,-1,10,40,60,90,90,40,80,70,50,7.8,3.0,4.8,2.9,/clubs/real-salt-lake-14,teams/usa-real-salt-lake.png,Real Salt Lake,/clubs/houston-dynamo-6,teams/usa-houston-dynamo.png,Houston Dynamo,1.82,0.35,1.6,0.4,1.5,1.3,90,60,40,10,10,50,50,30,1.26,1.13,2.39,/usa/houston-dynamo-vs-real-salt-lake-h2h-stats#1201516,5674,34,True,True,False,False,False,False,True,['11'],['52']
MLS,2021,5674,1201517,677447,1,2021,complete,65699,0,-1,['90+4'],['63'],1,1,2,9,3,12,3,0,1,3,0,0,4,4,16,4,20,8,15,10,60,40,13889,40174,39282,,,1,3,1.49,4.1,6.75,1.08,1.34,1.91,3.2,6.0,8.75,3.15,1.87,1.33,1.13,2.05,1.71,0.0,0.0,0.0,0.0,0.0,0.0,0.0,2.2,2.25,5.5,1.91,0.0,5.0,0,0,0.0,0.0,0.0,0.0,0.0,0.0,0.0,0.0,0.0,0.0,0.0,0.0,0.0,1.4,0.0,3.2,0.0,0.0,1.4,2.75,8.0,21.0,2.75,1.4,1.08,1.02,1.22,2.1,4.5,13.0,4.0,1.67,1.18,1.04,0,0,0,0,2,0,0,1,1,2,0,1624753800,-1,0,35,9,9,0,-1,2,1,2,1,7,2,3,9,0,2,1,1,2,2,1,74,25,112,85,2.07,0.98,3.05,0,0,0,0,0,0,1,1,0,0,0,0,0,0,-1,-1,-1,-1,-1,-1,-1,-1,-1,9,35,35,64,92,37,62,74,37,8.97,2.9,4.03,2.34,/clubs/nashville-sc-mls-677447,teams/usa-nashville-sc-mls.png,Nashville SC,/clubs/montreal-impact-1,teams/canada-montreal-impact.png,Montreal Impact,2.0,0.88,2.0,1.4,1.56,1.33,92,65,65,37,9,80,34,25,1.95,1.17,3.12,/usa/montreal-impact-vs-nashville-sc-mls-h2h-stats#1201517,5674,34,True,True,False,False,False,False,True,['90+4'],['63']
MLS,2021,5674,1201518,18,5,2021,complete,65699,0,-1,"['40', '71']","['49', '56']",2,2,4,2,1,3,0,2,0,3,0,0,5,4,15,6,20,10,10,13,62,38,5016,25,7207,,,0,3,1.42,4.4,7.75,1.07,1.32,1.87,3.1,6.0,9.5,3.3,1.91,1.35,1.14,2.1,1.71,1.83,1.87,6.25,1.08,1.1,1.17,3.07,1.89,2.58,7.87,1.61,2.93,6.8,0,0,1.17,1.3,1.57,1.98,2.54,4.8,3.2,2.34,1.83,1.49,1.18,10.5,6.0,1.32,15.25,3.55,2.05,9.75,1.35,2.71,5.65,13.0,3.36,1.5,1.11,1.02,1.21,1.99,4.04,9.0,4.44,1.82,1.24,1.05,0,0,0,0,4,1,0,1,2,3,1,1624755600,-1,0,47,0,29,0,-1,2,1,1,1,1,0,2,1,0,2,0,1,2,1,1,57,33,136,68,2.03,1.15,3.18,0,0,0,0,0,0,1,1,0,0,0,0,0,0,-1,-1,-1,-1,-1,-1,-1,-1,-1,0,29,65,82,92,29,57,92,45,10.73,1.83,3.47,2.67,/clubs/seattle-sounders-fc-18,teams/usa-seattle-sounders-fc.png,Seattle Sounders,/clubs/vancouver-whitecaps-fc-5,teams/canada-vancouver-whitecaps-fc.png,Vancouver Whitecaps,1.67,0.89,2.33,0.2,2.4,0.78,100,72,35,19,9,82,74,55,1.54,1.29,2.83,/usa/vancouver-whitecaps-fc-vs-seattle-sounders-fc-h2h-stats#1201518,5674,35,True,True,True,True,False,False,True,"['40', '71']","['49', '56']"
MLS,2021,5674,1201519,15,10,2021,complete,65699,0,-1,['82'],"['11', '50', '70']",1,3,4,5,2,7,2,0,3,1,0,0,3,4,10,9,13,13,9,14,63,37,7,1763,2,,,3,1,2.15,3.75,3.1,1.03,1.17,1.5,2.1,3.4,16.0,4.95,2.55,1.69,1.3,1.44,2.65,3.75,1.22,5.5,1.11,1.31,1.27,1.78,2.53,2.63,3.8,2.18,2.87,3.3,0,0,1.2,1.41,1.74,2.18,2.89,4.04,2.82,2.09,1.65,1.36,1.52,7.5,3.05,1.65,23.0,2.16,4.25,6.5,1.24,2.2,4.25,9.0,3.7,1.71,1.18,1.05,1.13,1.68,3.04,6.0,5.85,2.19,1.38,1.11,0,0,0,0,4,0,1,1,2,3,1,1624759200,10,0,55,20,35,0,-1,2,1,0,0,5,2,0,7,1,0,2,1,1,3,1,70,28,107,75,1.54,1.3,2.84,0,0,0,0,0,0,1,1,0,0,0,0,1,0,-1,-1,-1,-1,-1,-1,-1,-1,-1,23,43,80,90,100,33,75,90,58,11.2,2.25,3.55,3.35,/clubs/san-jose-earthquakes-15,teams/usa-san-jose-earthquakes.png,SJ Earthquakes,/clubs/la-galaxy-10,teams/usa-la-galaxy.png,LA Galaxy,1.18,1.12,1.2,1.5,1.0,2.0,78,58,20,10,0,65,43,33,1.78,1.0,2.78,/usa/la-galaxy-vs-san-jose-earthquakes-h2h-stats#1201519,5674,34,True,True,True,True,False,False,True,['82'],"['11', '50', '70']"
MLS,2021,5674,1201520,20,1015,2021,complete,65699,0,-1,[],['2'],0,1,1,7,6,13,0,1,2,2,0,0,2,5,20,7,22,12,11,13,54,46,13812,7206,5,,,2,2,2.05,3.8,3.3,1.04,1.19,1.54,2.25,3.75,14.0,4.65,2.45,1.61,1.26,1.49,2.5,3.3,1.27,4.8,1.14,1.31,1.25,1.81,2.57,2.54,3.9,2.29,2.84,3.54,0,0,1.22,1.43,1.78,2.25,2.98,3.82,2.74,2.04,1.62,1.34,1.47,7.5,3.25,1.65,19.75,2.2,3.9,6.0,1.28,2.37,5.2,15.0,3.68,1.62,1.16,1.03,1.16,1.78,3.38,8.0,5.25,2.04,1.32,1.08,0,0,0,0,1,0,1,0,0,0,1,1624764600,1015,0,75,25,13,0,-1,2,1,0,0,7,6,0,13,1,0,1,2,1,3,1,57,49,123,123,1.94,1.47,3.41,0,0,0,0,0,0,1,1,0,1,0,0,0,0,-1,-1,-1,-1,-1,-1,-1,-1,-1,13,25,75,100,100,38,63,88,50,7.5,3.25,3.0,3.13,/clubs/portland-timbers-20,teams/usa-portland-timbers.png,Portland Timbers,/clubs/minnesota-united-fc-1015,teams/usa-minnesota-united-fc.png,Minnesota United,2.1,0.89,2.25,0.5,1.44,1.22,88,75,25,0,0,75,63,25,1.72,1.43,3.15,/usa/portland-timbers-vs-minnesota-united-fc-h2h-stats#1201520,5674,35,True,False,False,False,False,False,False,[],['2']
MLS,2021,5674,1201521,2,13401,2021,complete,65699,0,-1,"['84', '90+5']",['9'],2,1,3,4,5,9,6,0,0,3,0,0,7,6,7,4,14,10,11,19,64,36,12,762,36107,,,0,3,1.61,3.95,5.5,1.06,1.29,1.8,2.9,5.25,10.25,3.5,2.0,1.39,1.15,1.83,1.91,2.15,1.62,5.25,1.12,1.16,1.23,2.35,2.18,2.43,5.84,1.83,2.74,5.0,0,0,1.17,1.31,1.59,2.0,2.6,4.7,3.14,2.3,1.8,1.47,1.29,9.0,4.35,1.45,14.0,2.91,2.55,7.75,1.37,2.79,5.8,13.0,3.26,1.47,1.1,1.02,1.22,2.02,4.2,9.0,4.3,1.79,1.23,1.05,0,0,0,0,3,0,1,2,0,2,1,1624831200,2,0,50,10,30,0,-1,2,1,1,2,3,3,3,6,0,0,0,3,0,3,1,59,32,137,113,1.81,1.3,3.11,0,0,0,0,0,0,1,1,0,1,1,1,0,0,-1,-1,-1,-1,-1,-1,-1,-1,-1,30,40,60,70,90,20,60,90,50,8.0,2.4,4.2,2.9,/clubs/new-york-city-fc-2,teams/usa-new-york-city-fc.png,New York City,/clubs/dc-united-13401,teams/usa-dc-united.png,DC United,2.06,0.76,1.4,0.8,1.56,1.3,70,60,40,30,10,50,30,30,1.78,1.45,3.23,/usa/new-york-city-fc-vs-dc-united-h2h-stats#1201521,5674,34,True,True,True,False,False,False,True,"['84', '90+5']",['9']
MLS,2021,5674,1201522,698284,9,2021,complete,65699,0,-1,[],[],0,0,0,6,6,12,0,2,1,1,0,0,5,6,13,9,18,15,13,7,57,43,15,2339,13,,,1,1,2.7,3.2,2.7,1.09,1.36,2.0,3.25,6.0,7.75,3.05,1.8,1.33,1.13,1.8,1.95,3.1,1.33,3.05,1.34,1.5,1.28,1.47,3.4,2.1,3.25,2.88,2.45,2.88,0,0,1.22,1.44,1.75,2.24,3.2,3.8,2.6,1.95,1.58,1.3,1.8,7.0,2.5,2.1,7.0,1.83,4.35,4.25,1.4,3.0,9.0,23.0,2.75,1.36,1.07,1.01,1.25,2.1,4.5,13.0,3.75,1.67,1.18,1.04,0,0,0,0,0,0,0,0,0,0,0,1624838400,-1,0,10,0,0,0,20738,2,1,1,3,5,3,4,8,0,1,1,0,1,1,1,61,44,107,96,1.93,1.69,3.61,0,0,0,0,0,0,1,1,0,0,0,1,0,0,-1,-1,-1,-1,-1,-1,-1,-1,-1,0,0,10,20,40,0,30,30,10,11.4,2.4,2.6,0.7,/clubs/austin-fc-698284,teams/usa-austin-fc.png,Austin,/clubs/columbus-crew-9,teams/usa-columbus-crew.png,Columbus Crew,1.35,0.82,1.0,0.8,0.9,1.56,100,100,90,80,60,70,70,50,1.86,0.88,2.74,/usa/columbus-crew-vs-austin-fc-h2h-stats#1201522,5674,34,False,False,False,False,False,False,False,[],[]
MLS,2021,5674,1201523,13,11,2021,complete,65699,0,-1,"['11', '54']",['33'],2,1,3,2,4,6,1,1,5,2,0,0,4,5,4,12,8,17,10,6,44,56,39,12956,21032,,,5,2,2.7,3.5,2.5,1.05,1.22,1.65,2.45,4.15,12.0,4.15,2.2,1.51,1.22,1.53,2.4,3.4,1.26,3.6,1.25,1.47,1.3,1.47,3.1,2.25,3.25,2.63,2.55,2.88,0,0,1.14,1.32,1.6,2.01,2.64,5.0,3.1,2.28,1.8,1.46,2.15,7.5,2.0,1.8,8.5,2.1,4.55,4.9,1.33,2.63,6.5,19.0,3.25,1.44,1.11,1.02,1.2,1.94,3.95,8.45,4.15,1.79,1.21,1.04,0,0,0,0,3,1,1,1,0,1,2,1624842000,13,0,70,30,40,0,14889,2,1,2,1,0,3,3,3,2,1,3,1,3,4,1,31,74,101,135,1.02,1.96,2.99,0,0,0,0,0,0,1,1,0,0,1,0,0,0,-1,-1,-1,-1,-1,-1,-1,-1,-1,20,40,40,80,90,40,70,70,40,14.6,2.0,3.6,2.7,/clubs/fc-dallas-13,teams/usa-fc-dallas.png,FC Dallas,/clubs/new-england-revolution-11,teams/usa-new-england-revolution.png,New England Revolution,1.29,2.0,1.4,1.6,0.78,2.3,80,60,60,20,10,70,60,50,1.74,1.64,3.38,/usa/new-england-revolution-vs-fc-dallas-h2h-stats#1201523,5674,34,True,True,True,False,False,False,True,"['11', '54']",['33']
MLS,2021,5674,1201524,9,11,2021,complete,65699,0,-1,"['39', '69']","['13', '30']",2,2,4,8,3,11,0,1,3,1,0,0,7,5,12,4,19,9,11,9,68,32,35,13,21032,,,3,1,2.8,3.5,2.4,1.07,1.29,1.8,2.85,5.0,9.75,3.45,1.95,1.4,1.17,1.69,2.1,3.15,1.3,4.0,1.2,1.37,1.31,1.6,2.75,2.19,3.45,2.47,2.6,3.12,0,0,1.14,1.3,1.56,1.95,2.52,5.0,3.2,2.36,1.85,1.5,1.63,7.5,2.7,1.79,13.5,2.1,3.95,5.25,1.34,2.5,5.75,12.5,3.0,1.48,1.1,1.01,1.2,1.91,3.8,7.75,4.1,1.8,1.22,1.05,0,0,0,0,4,1,2,1,0,1,3,1625346000,-1,0,59,17,29,0,-1,2,1,4,2,4,1,6,5,0,0,3,1,0,4,1,40,27,121,75,1.98,1.12,3.1,0,0,0,0,0,0,1,1,0,0,2,0,0,0,-1,-1,-1,-1,-1,-1,-1,-1,-1,9,29,50,79,88,42,71,67,29,10.83,2.83,3.42,2.54,/clubs/columbus-crew-9,teams/usa-columbus-crew.png,Columbus Crew,/clubs/new-england-revolution-11,teams/usa-new-england-revolution.png,New England Revolution,1.94,2.0,2.5,1.33,1.5,2.09,92,71,50,21,13,46,25,25,1.34,1.69,3.03,/usa/columbus-crew-vs-new-england-revolution-h2h-stats#1201524,5674,34,True,True,True,True,False,False,True,"['39', '69']","['13', '30']"
MLS,2021,5674,1201525,13401,19,2021,complete,65699,0,-1,"['2', '8', '21', '71', '81', '85', '90']",['39'],7,1,8,2,6,8,4,2,1,3,0,1,12,4,12,3,24,7,13,14,52,48,19912,36107,11435,,,1,4,1.87,3.6,4.15,1.08,1.33,1.91,3.1,6.0,8.75,3.25,1.87,1.34,1.14,1.83,1.91,2.35,1.51,4.15,1.18,1.24,1.3,1.88,2.4,2.14,4.42,2.15,2.54,3.97,0,0,1.21,1.41,1.75,2.2,2.89,3.92,2.82,2.08,1.64,1.36,1.47,7.5,3.25,1.61,11.5,2.5,2.9,6.0,1.36,2.65,6.25,14.5,2.9,1.42,1.09,1.01,1.22,2.05,4.25,9.0,3.8,1.7,1.19,1.03,0,0,0,0,8,3,1,4,0,4,4,1625347800,13401,0,44,19,25,0,-1,2,1,0,1,2,5,1,7,0,2,1,2,2,3,1,37,29,107,118,2.62,0.95,3.57,0,0,0,0,0,0,1,1,2,0,0,0,0,0,-1,-1,-1,-1,-1,-1,-1,-1,-1,17,17,35,52,100,27,82,52,25,10.73,4.1,3.27,2.29,/clubs/dc-united-13401,teams/usa-dc-united.png,DC United,/clubs/toronto-fc-19,teams/canada-toronto-fc.png,Toronto,2.0,0.53,1.8,0.17,1.18,0.5,84,84,65,49,0,57,57,39,1.52,1.18,2.7,/usa/toronto-fc-vs-dc-united-h2h-stats#1201525,5674,34,True,True,True,True,True,True,True,"['2', '8', '21', '71', '81', '85', '90']",['39']
MLS,2021,5674,1201526,17,4,2021,complete,65699,0,-1,['59'],"['6', '79']",1,2,3,4,4,8,2,1,2,4,0,0,5,4,8,14,13,18,11,16,55,45,13893,21031,11574,,,2,4,1.67,4.0,4.7,1.05,1.22,1.62,2.5,4.25,12.0,4.2,2.25,1.5,1.21,1.65,2.15,2.75,1.39,5.0,1.12,1.22,1.25,2.04,2.21,2.32,4.42,1.99,2.76,4.07,0,0,1.21,1.41,1.75,2.2,2.89,3.92,2.82,2.08,1.64,1.36,1.4,9.1,3.98,1.54,16.25,2.5,3.2,6.75,1.3,2.4,5.25,11.5,3.2,1.5,1.12,1.01,1.18,1.85,3.6,7.5,4.33,1.85,1.25,1.06,0,0,0,0,3,0,1,1,1,2,1,1625355000,4,0,40,20,30,0,-1,2,1,3,1,1,3,4,4,2,2,0,2,4,2,1,37,45,93,123,1.44,1.75,3.19,1,0,0,0,1,0,1,1,0,1,0,0,1,0,-1,-1,-1,-1,-1,-1,-1,-1,-1,30,40,50,60,80,50,70,60,40,10.0,3.4,3.4,2.6,/clubs/orlando-city-sc-17,teams/usa-orlando-city-sc.png,Orlando City,/clubs/new-york-red-bulls-4,teams/usa-new-york-red-bulls.png,New York RB,1.82,1.0,2.2,0.2,2.1,1.3,70,60,50,40,20,30,30,30,1.55,1.43,2.98,/usa/new-york-red-bulls-vs-orlando-city-sc-h2h-stats#1201526,5674,35,True,True,True,False,False,False,True,['59'],"['6', '79']"
MLS,2021,5674,1201527,1,677446,2021,complete,65699,0,-1,['41'],[],1,0,1,5,2,7,1,4,3,3,0,0,5,2,12,3,17,5,20,12,51,49,13812,39282,28121,,,3,3,2.19,3.39,3.19,1.05,1.33,1.97,3.2,6.1,11.5,3.3,1.78,1.34,1.12,1.69,2.05,2.9,1.36,3.25,1.29,1.41,1.33,1.53,2.97,2.11,3.35,2.65,2.5,3.0,0,0,1.21,1.41,1.75,2.2,2.89,3.92,2.82,2.08,1.64,1.36,1.71,7.5,2.55,1.88,11.5,2.05,3.95,4.6,1.4,2.7,6.5,15.0,2.75,1.4,1.08,1.01,1.22,2.1,4.33,9.0,3.75,1.65,1.18,1.03,0,0,0,0,1,1,0,0,0,0,1,1625355000,1,0,45,13,45,0,-1,2,1,4,2,1,0,6,1,1,0,2,3,1,5,1,26,25,99,114,1.62,0.66,2.27,0,0,0,0,0,0,1,1,0,0,2,0,0,0,-1,-1,-1,-1,-1,-1,-1,-1,-1,23,23,45,45,65,23,23,65,45,7.75,2.95,6.1,2.13,/clubs/montreal-impact-1,teams/canada-montreal-impact.png,Montreal Impact,/clubs/club-internacional-de-futbol-miami-677446,teams/usa-club-internacional-de-futbol-miami.png,Inter Miami,1.82,1.06,1.25,1.4,1.3,0.8,78,78,55,55,35,40,40,30,1.38,0.81,2.19,/usa/montreal-impact-vs-club-internacional-de-futbol-miami-h2h-stats#1201527,5674,34,True,False,False,False,False,False,False,['41'],[]
MLS,2021,5674,1201528,1015,15,2021,complete,65699,0,-1,"['45+4', '69']","['15', '82']",2,2,4,7,4,11,1,1,2,3,0,0,5,2,12,7,17,9,15,15,62,38,13942,5,1763,,,2,3,1.51,4.45,5.75,1.04,1.18,1.51,2.2,3.65,14.0,4.75,2.5,1.65,1.27,1.62,2.2,2.4,1.5,5.25,1.12,1.16,1.19,2.2,2.15,2.25,5.0,1.91,2.7,4.6,0,0,1.15,1.35,1.65,2.09,2.78,4.75,2.93,2.18,1.74,1.42,1.37,8.5,3.75,1.48,9.25,2.7,2.8,7.5,1.33,2.4,5.5,12.0,3.1,1.5,1.11,1.01,1.18,1.87,3.6,7.75,4.25,1.83,1.25,1.05,0,0,0,0,4,1,1,1,1,2,2,1625356800,-1,0,30,0,10,0,19687,2,1,4,0,3,4,4,7,0,1,2,2,1,4,1,61,29,141,83,1.87,0.93,2.8,1,0,0,0,1,0,1,1,0,0,0,0,0,0,-1,-1,-1,-1,-1,-1,-1,-1,-1,10,10,40,50,90,30,60,70,30,10.2,1.8,3.2,2.0,/clubs/minnesota-united-fc-1015,teams/usa-minnesota-united-fc.png,Minnesota United,/clubs/san-jose-earthquakes-15,teams/usa-san-jose-earthquakes.png,SJ Earthquakes,1.94,1.24,1.8,0.8,1.4,0.91,90,90,60,50,10,50,40,30,1.87,1.59,3.46,/usa/san-jose-earthquakes-vs-minnesota-united-fc-h2h-stats#1201528,5674,34,True,True,True,True,False,False,True,"['45+4', '69']","['15', '82']"
MLS,2021,5674,1201529,7,1016,2021,complete,65699,0,-1,"['34', '45+6', '58']",[],3,0,3,7,4,11,1,5,2,3,0,0,5,3,9,9,14,12,16,9,36,64,27,2414,1778,,,2,3,2.0,3.5,3.59,1.04,1.28,1.82,3.3,6.0,12.0,3.6,1.92,1.33,1.12,1.7,2.05,2.8,1.37,3.75,1.22,1.28,1.25,1.75,2.6,2.15,3.9,2.3,2.5,3.6,0,0,1.28,1.53,1.95,2.52,3.4,3.34,2.44,1.85,1.5,1.27,1.65,7.0,2.7,1.7,8.5,2.3,3.55,5.0,1.36,2.6,6.0,14.0,2.9,1.44,1.09,1.01,1.22,2.0,4.1,8.5,3.9,1.72,1.2,1.04,0,0,0,0,3,2,0,1,0,1,2,1625356800,7,0,47,27,9,0,14898,2,1,4,1,3,3,5,6,2,1,0,2,3,2,1,42,46,101,97,1.54,1.31,2.85,0,0,0,0,0,0,1,1,0,0,0,0,0,0,-1,-1,-1,-1,-1,-1,-1,-1,-1,9,17,27,55,90,27,47,82,17,10.33,4.97,4.27,2.05,/clubs/chicago-fire-7,teams/usa-chicago-fire.png,Chicago Fire,/clubs/atlanta-united-fc-1016,teams/usa-atlanta-united-fc.png,Atlanta United FC,1.53,1.06,0.83,0.6,0.5,1.2,92,84,74,45,10,70,54,54,1.85,1.09,2.94,/usa/chicago-fire-vs-atlanta-united-fc-h2h-stats#1201529,5674,34,True,True,True,False,False,False,False,"['34', '45+6', '58']",[]
MLS,2021,5674,1201530,6,8043,2021,complete,65699,0,-1,['3'],['5'],1,1,2,10,2,12,0,1,3,1,0,0,4,4,17,7,21,11,15,12,52,48,42,28051,409,,,3,1,1.95,3.55,3.9,1.03,1.2,1.67,2.7,4.75,13.0,4.33,2.16,1.47,1.18,1.59,2.3,2.95,1.34,4.5,1.15,1.25,1.22,1.87,2.45,2.15,4.2,2.15,2.6,3.8,0,0,1.21,1.41,1.75,2.2,2.89,3.92,2.82,2.08,1.64,1.36,1.47,7.5,3.25,1.62,8.75,2.4,3.65,6.25,1.34,2.45,5.75,12.5,3.0,1.48,1.1,1.01,1.19,1.9,3.8,7.75,4.1,1.8,1.22,1.05,0,0,0,0,2,1,1,0,0,0,2,1625358600,-1,0,57,9,29,0,-1,2,1,2,0,8,2,2,10,0,0,3,1,0,4,1,66,28,126,81,2.08,1.18,3.26,0,0,0,0,0,0,1,1,1,1,0,0,0,0,-1,-1,-1,-1,-1,-1,-1,-1,-1,9,27,64,82,100,37,64,100,47,9.63,5.87,3.47,2.8,/clubs/houston-dynamo-6,teams/usa-houston-dynamo.png,Houston Dynamo,/clubs/fc-cincinnati-8043,teams/usa-fc-cincinnati.png,FC Cincinnati,1.41,0.71,2.2,1.67,1.27,1.11,92,74,37,19,0,74,65,65,1.34,1.24,2.58,/usa/houston-dynamo-vs-fc-cincinnati-h2h-stats#1201530,5674,34,True,True,False,False,False,False,True,['3'],['5']
MLS,2021,5674,1201531,698284,20,2021,complete,65699,0,-1,"['28', '33', '77', '81']",['45+7'],4,1,5,13,4,17,0,1,2,3,0,0,6,2,7,3,13,5,4,10,69,31,15,2339,7206,,,2,3,2.35,3.35,3.05,1.07,1.3,1.83,2.95,5.25,9.0,3.4,1.91,1.38,1.17,1.69,2.1,3.05,1.34,3.85,1.24,1.42,1.35,1.62,2.82,2.16,3.42,2.54,2.55,3.08,0,0,1.17,1.33,1.61,2.03,2.56,4.48,3.19,2.32,1.76,1.45,1.57,7.5,2.88,1.82,12.5,2.08,3.9,5.25,1.34,2.55,5.75,13.0,3.0,1.45,1.1,1.01,1.2,1.95,4.0,8.25,4.0,1.75,1.2,1.04,0,0,0,0,5,2,1,2,0,2,3,1625189400,698284,0,20,0,10,0,20738,2,1,10,3,3,1,13,4,2,1,0,2,3,2,1,58,30,115,77,1.67,0.68,2.35,0,0,0,0,0,0,1,1,0,0,4,0,0,0,-1,-1,-1,-1,-1,-1,-1,-1,-1,10,20,30,40,50,30,40,50,20,11.1,1.5,3.0,1.5,/clubs/austin-fc-698284,teams/usa-austin-fc.png,Austin,/clubs/portland-timbers-20,teams/usa-portland-timbers.png,Portland Timbers,1.35,1.28,1.0,0.8,0.91,1.3,90,80,70,60,50,80,80,80,1.89,1.32,3.21,/usa/portland-timbers-vs-austin-fc-h2h-stats#1201531,5674,34,True,True,True,True,True,False,True,"['28', '33', '77', '81']",['45+7']
MLS,2021,5674,1201532,14,6490,2021,complete,65699,0,-1,[],['69'],0,1,1,7,4,11,1,0,3,2,0,0,2,1,11,8,13,9,9,10,58,42,44,26962,211,,,3,2,3.15,3.65,2.15,1.05,1.22,1.62,2.45,4.15,13.0,4.15,2.25,1.53,1.24,1.56,2.35,3.95,1.2,3.3,1.28,1.62,1.2,1.4,3.5,2.3,2.75,3.1,2.6,2.4,0,0,1.22,1.43,1.77,2.24,2.98,3.82,2.74,2.05,1.62,1.34,1.96,7.0,2.17,2.2,9.75,1.73,5.0,4.0,1.33,2.5,6.5,17.0,3.25,1.5,1.11,1.03,1.19,1.9,3.8,7.75,4.2,1.8,1.22,1.05,0,0,0,0,1,0,0,0,1,1,0,1625364000,6490,0,79,9,34,0,-1,2,1,3,2,4,2,5,6,1,0,2,2,1,4,1,50,42,101,88,1.33,0.95,2.27,0,0,0,0,0,0,1,1,0,0,2,0,0,0,-1,-1,-1,-1,-1,-1,-1,-1,-1,0,17,50,92,92,9,67,92,75,10.83,2.33,3.58,2.5,/clubs/real-salt-lake-14,teams/usa-real-salt-lake.png,Real Salt Lake,/clubs/los-angeles-fc-6490,teams/usa-los-angeles-fc.png,Los Angeles FC,1.82,0.88,1.5,0.25,1.44,1.2,100,84,50,9,9,75,63,50,1.41,1.27,2.68,/usa/real-salt-lake-vs-los-angeles-fc-h2h-stats#1201532,5674,34,True,False,False,False,False,False,False,[],['69']
MLS,2021,5674,1201533,13,5,2021,complete,65699,0,-1,"['22', '90+4']","['30', '45+2']",2,2,4,7,5,12,0,1,2,4,0,0,9,2,10,3,19,5,11,11,57,43,13851,12956,7207,,,2,4,1.71,4.0,4.45,1.05,1.22,1.62,2.5,4.25,12.0,4.2,2.25,1.51,1.22,1.62,2.2,2.65,1.43,4.85,1.13,1.2,1.2,2.0,2.3,2.4,4.33,2.05,2.65,4.0,0,0,1.15,1.34,1.57,1.95,2.6,4.75,3.0,2.25,1.75,1.44,1.41,8.0,3.5,1.5,9.25,2.63,3.1,6.75,1.33,2.5,6.5,17.0,3.25,1.5,1.11,1.03,1.18,1.85,3.6,7.5,4.25,1.85,1.25,1.06,0,0,0,0,4,1,2,1,0,1,3,1625445000,-1,0,75,25,42,0,19096,2,1,2,3,5,2,5,7,1,1,1,3,2,4,1,61,26,143,81,2.28,0.66,2.93,0,0,0,0,0,0,1,1,0,0,1,0,0,0,-1,-1,-1,-1,-1,-1,-1,-1,-1,9,42,67,83,92,50,83,84,42,10.16,2.34,4.5,2.92,/clubs/fc-dallas-13,teams/usa-fc-dallas.png,FC Dallas,/clubs/vancouver-whitecaps-fc-5,teams/canada-vancouver-whitecaps-fc.png,Vancouver Whitecaps,1.29,0.89,1.67,0.33,1.0,0.8,92,59,34,17,9,59,59,42,1.62,1.27,2.89,/usa/vancouver-whitecaps-fc-vs-fc-dallas-h2h-stats#1201533,5674,34,True,True,True,True,False,False,True,"['22', '90+4']","['30', '45+2']"
MLS,2021,5674,1201534,12,18,2021,complete,65699,0,-1,['58'],['41'],1,1,2,7,0,7,1,0,2,2,0,0,3,1,14,6,17,7,12,5,50,50,39,11434,25,,,2,2,1.95,3.75,3.6,1.06,1.27,1.74,2.75,4.8,10.5,3.65,2.05,1.43,1.18,1.69,2.1,3.35,1.27,4.05,1.19,1.4,1.19,1.65,2.88,2.3,3.4,2.5,2.6,3.0,0,0,1.14,1.28,1.5,1.87,2.4,5.0,3.4,2.4,1.85,1.5,1.63,7.5,2.7,1.73,9.75,2.1,4.0,5.0,1.3,2.5,6.0,17.0,3.4,1.5,1.13,1.03,1.18,1.87,3.6,7.75,4.25,1.83,1.25,1.05,0,0,0,0,2,0,1,1,0,1,1,1625446800,-1,0,75,25,13,0,17104,2,1,3,0,4,0,3,4,2,2,0,0,4,0,1,61,19,132,74,1.73,0.66,2.39,0,0,0,0,0,0,1,1,0,0,1,0,0,0,-1,-1,-1,-1,-1,-1,-1,-1,-1,13,38,75,88,100,50,88,75,38,9.0,3.25,4.25,3.13,/clubs/colorado-rapids-12,teams/usa-colorado-rapids.png,Colorado Rapids,/clubs/seattle-sounders-fc-18,teams/usa-seattle-sounders-fc.png,Seattle Sounders,1.89,1.82,2.25,2.5,1.78,2.27,88,63,25,13,0,75,63,38,1.8,1.2,3.0,/usa/colorado-rapids-vs-seattle-sounders-fc-h2h-stats#1201534,5674,35,True,True,False,False,False,False,True,['58'],['41']
MLS,2021,5674,1201535,10,8,2021,complete,65699,0,-1,[],"['81', '90+5']",0,2,2,4,3,7,0,2,1,1,0,0,8,5,12,5,20,10,11,12,54,46,58,2,18,,,1,1,2.55,3.75,2.5,1.04,1.18,1.51,2.2,3.55,15.0,4.85,2.5,1.65,1.29,1.45,2.6,4.15,1.18,3.85,1.21,1.5,1.2,1.5,3.0,2.4,3.0,2.63,2.7,2.63,0,0,1.2,1.4,1.72,2.2,3.0,4.0,2.75,2.0,1.6,1.34,1.79,7.0,2.4,1.91,10.5,1.91,5.0,4.6,1.29,2.25,5.5,15.0,3.5,1.57,1.14,1.03,1.15,1.72,3.2,6.5,4.75,2.0,1.3,1.08,0,0,0,0,2,0,0,0,2,2,0,1625452200,8,0,70,50,30,0,23556,2,1,3,2,1,1,5,2,1,1,0,0,2,0,1,42,44,94,110,2.12,1.31,3.43,0,0,0,0,0,0,1,1,0,0,1,1,0,0,-1,-1,-1,-1,-1,-1,-1,-1,-1,10,30,70,80,100,50,70,90,50,10.6,3.8,3.4,2.9,/clubs/la-galaxy-10,teams/usa-la-galaxy.png,LA Galaxy,/clubs/sporting-kansas-city-8,teams/usa-sporting-kansas-city.png,Sporting KC,1.71,1.53,2.4,1.2,2.1,1.92,90,70,30,20,0,60,60,40,1.44,1.32,2.76,/usa/sporting-kansas-city-vs-la-galaxy-h2h-stats#1201535,5674,34,True,True,False,False,False,False,False,[],"['81', '90+5']"
MLS,2021,5674,1201536,677447,16,2021,complete,65699,0,-1,['2'],[],1,0,1,6,5,11,1,3,0,1,0,0,3,3,8,6,11,9,9,11,49,51,12,40174,40182,,,0,1,2.0,3.3,3.9,1.09,1.34,1.95,3.15,6.0,8.25,3.15,1.83,1.34,1.14,1.8,1.95,2.8,1.38,4.2,1.18,1.25,1.28,1.72,2.65,2.05,4.1,2.3,2.5,3.6,0,0,1.26,1.5,1.9,2.44,3.34,3.48,2.52,1.9,1.53,1.28,1.65,7.0,2.7,1.7,8.0,2.3,3.55,6.0,1.36,2.45,5.5,12.0,2.85,1.48,1.11,1.01,1.19,1.87,3.6,7.5,4.1,1.83,1.25,1.06,0,0,0,0,1,1,0,0,0,0,1,1625356800,677447,0,49,17,35,0,21822,2,1,2,2,4,3,4,7,0,0,0,1,0,1,1,42,57,89,126,1.21,1.2,2.42,0,0,0,0,0,0,1,1,1,0,1,0,0,0,-1,-1,-1,-1,-1,-1,-1,-1,-1,17,42,42,66,83,25,56,66,52,11.77,4.97,5.31,2.59,/clubs/nashville-sc-mls-677447,teams/usa-nashville-sc-mls.png,Nashville SC,/clubs/philadelphia-union-16,teams/usa-philadelphia-union.png,Philadelphia Union,2.0,1.06,1.86,1.8,1.5,1.73,83,59,59,35,17,90,66,59,1.96,1.65,3.61,/usa/philadelphia-union-vs-nashville-sc-mls-h2h-stats#1201536,5674,36,True,False,False,False,False,False,False,['2'],[]
MLS,2021,5674,1201537,4,16,2021,complete,65699,0,-1,['60'],['85'],1,1,2,5,5,10,1,4,2,2,0,1,3,6,9,6,12,12,12,14,46,54,13864,11574,40182,,,2,4,2.3,3.6,2.9,1.05,1.24,1.69,2.55,4.35,12.0,4.0,2.15,1.49,1.21,1.59,2.3,2.8,1.37,3.6,1.25,1.35,1.32,1.61,2.85,2.05,3.65,2.5,2.3,3.3,0,0,1.25,1.49,1.89,2.41,3.26,3.54,2.54,1.91,1.54,1.29,1.58,7.5,2.88,1.8,8.0,2.25,3.75,5.0,1.43,2.7,6.0,17.0,2.7,1.43,1.12,1.02,1.24,2.13,4.45,10.5,3.7,1.65,1.17,1.02,0,0,0,0,2,0,0,1,1,2,0,1625790600,-1,0,37,9,37,0,-1,2,1,3,4,2,1,7,3,1,1,1,2,2,3,1,46,39,97,135,1.31,1.48,2.78,1,0,1,0,0,0,1,1,0,0,2,1,0,0,-1,-1,-1,-1,-1,-1,-1,-1,-1,9,17,37,75,92,9,55,75,55,8.77,5.3,4.77,2.37,/clubs/new-york-red-bulls-4,teams/usa-new-york-red-bulls.png,New York RB,/clubs/philadelphia-union-16,teams/usa-philadelphia-union.png,Philadelphia Union,1.76,1.06,2.4,1.5,1.45,1.58,92,84,64,25,9,62,44,44,1.59,1.58,3.17,/usa/new-york-red-bulls-vs-philadelphia-union-h2h-stats#1201537,5674,35,True,True,False,False,False,False,True,['60'],['85']
MLS,2021,5674,1201538,11,19,2021,complete,65699,0,-1,"['56', '78']","['9', '15', '24']",2,3,5,7,6,13,1,1,1,2,0,0,6,8,15,4,21,12,9,15,61,39,13812,21032,11435,,,1,2,1.43,4.9,6.25,1.03,1.17,1.48,2.1,3.45,16.0,4.95,2.6,1.71,1.29,1.62,2.2,2.35,1.53,5.75,1.1,1.17,1.18,2.38,2.0,2.35,5.25,1.8,2.6,4.85,0,0,1.17,1.3,1.57,1.98,2.54,4.8,3.2,2.34,1.83,1.49,1.25,9.0,4.7,1.41,10.75,3.0,2.65,7.75,1.31,2.3,4.75,11.0,3.2,1.57,1.17,1.05,1.18,1.91,3.6,7.9,5.0,1.8,1.25,1.05,0,0,0,0,5,0,3,2,0,2,3,1625698800,19,0,66,35,32,0,-1,2,1,3,3,4,3,6,7,0,0,1,2,0,3,1,71,38,133,72,2.26,1.59,3.85,0,0,0,0,0,0,1,1,0,1,0,2,0,0,-1,-1,-1,-1,-1,-1,-1,-1,-1,32,42,59,73,100,52,73,93,39,11.57,3.43,3.8,3.33,/clubs/new-england-revolution-11,teams/usa-new-england-revolution.png,New England Revolution,/clubs/toronto-fc-19,teams/canada-toronto-fc.png,Toronto,2.22,0.53,3.0,0.14,2.0,0.45,69,59,42,27,0,55,55,37,1.53,1.15,2.68,/usa/new-england-revolution-vs-toronto-fc-h2h-stats#1201538,5674,34,True,True,True,True,True,False,True,"['56', '78']","['9', '15', '24']"
MLS,2021,5674,1201539,8043,9,2021,complete,65699,0,-1,"['1', '24']","['45+1', '77']",2,2,4,2,1,3,3,0,6,2,0,1,3,2,11,7,14,9,14,14,50,50,39,409,13,,,6,3,2.4,3.25,3.0,1.1,1.38,2.05,3.4,6.5,7.5,2.95,1.74,1.3,1.12,1.83,1.91,3.0,1.33,3.2,1.3,1.44,1.32,1.49,3.25,2.15,3.45,2.75,2.48,2.91,0,0,1.28,1.5,1.93,2.5,3.45,3.5,2.45,1.88,1.49,1.28,1.72,7.0,2.55,1.93,11.0,2.01,4.05,4.35,1.41,2.84,6.55,21.0,2.69,1.37,1.08,1.02,1.22,2.1,4.5,13.0,4.0,1.67,1.18,1.04,0,0,0,0,4,2,1,0,1,1,3,1625873400,-1,0,25,0,17,0,-1,2,1,1,1,1,0,2,1,3,3,3,0,6,3,1,52,21,103,96,1.47,0.87,2.35,0,0,0,0,0,0,1,1,1,0,0,0,0,0,-1,-1,-1,-1,-1,-1,-1,-1,-1,17,17,25,50,84,17,59,75,25,8.67,3.17,4.5,1.92,/clubs/fc-cincinnati-8043,teams/usa-fc-cincinnati.png,FC Cincinnati,/clubs/columbus-crew-9,teams/usa-columbus-crew.png,Columbus Crew,0.47,0.82,0.0,0.83,1.1,1.45,84,84,75,50,17,75,75,42,1.69,1.02,2.71,/usa/columbus-crew-vs-fc-cincinnati-h2h-stats#1201539,5674,34,True,True,True,True,False,False,True,"['1', '24']","['45+1', '77']"
MLS,2021,5674,1201540,1,2,2021,complete,65699,0,-1,"['43', '73']",['29'],2,1,3,3,3,6,3,3,1,4,0,0,6,4,3,6,9,10,10,15,41,59,42,39282,762,,,1,4,3.3,3.6,2.05,1.04,1.24,1.75,3.1,5.2,14.25,3.93,1.95,1.38,1.15,1.69,2.05,4.1,1.18,2.8,1.38,1.86,1.24,1.29,3.9,2.2,2.5,3.5,2.35,2.3,0,0,1.21,1.41,1.75,2.2,2.89,3.92,2.82,2.08,1.64,1.36,2.28,7.0,1.87,2.35,9.25,1.67,5.75,3.45,1.36,2.45,5.25,14.0,2.95,1.5,1.15,1.04,1.19,2.0,3.95,8.95,4.25,1.71,1.21,1.04,0,0,0,0,3,1,1,1,0,1,2,1625700600,1,0,58,23,45,0,-1,2,1,1,2,2,1,3,3,0,0,1,4,0,5,1,28,60,72,139,1.2,1.36,2.56,1,0,1,0,0,0,1,1,0,0,1,1,0,0,-1,-1,-1,-1,-1,-1,-1,-1,-1,10,10,45,70,80,23,45,58,45,8.5,2.85,4.85,2.25,/clubs/montreal-impact-1,teams/canada-montreal-impact.png,Montreal Impact,/clubs/new-york-city-fc-2,teams/usa-new-york-city-fc.png,New York City,1.82,1.1,1.6,1.75,1.45,1.7,90,90,55,30,20,13,13,13,1.43,1.5,2.93,/usa/montreal-impact-vs-new-york-city-fc-h2h-stats#1201540,5674,34,True,True,True,False,False,False,True,"['43', '73']",['29']
MLS,2021,5674,1201541,7,17,2021,complete,65699,0,-1,"['45+1', '72', '90+6']",['34'],3,1,4,9,8,17,2,1,3,1,0,0,6,9,8,11,14,20,8,8,47,53,5016,2414,21031,,,3,1,2.2,3.75,3.0,1.04,1.19,1.54,2.25,3.65,14.0,4.7,2.45,1.61,1.27,1.47,2.6,3.65,1.24,3.75,1.22,1.48,1.26,1.55,3.1,2.3,3.2,2.68,2.68,2.75,0,0,1.22,1.43,1.78,2.25,2.98,3.82,2.74,2.04,1.62,1.34,1.66,8.2,2.85,1.89,15.75,1.93,4.5,4.6,1.31,2.41,5.3,14.0,3.13,1.5,1.12,1.04,1.17,1.8,3.7,8.45,4.45,1.91,1.24,1.04,0,0,0,0,4,1,1,2,0,2,2,1625702400,7,0,55,25,27,0,8002,2,1,5,2,4,6,7,10,2,0,1,1,2,2,1,40,44,98,126,1.6,2.22,3.81,0,0,0,0,0,0,1,1,0,0,0,0,0,0,-1,-1,-1,-1,-1,-1,-1,-1,-1,17,25,52,69,100,32,62,83,35,11.09,4.46,4.71,2.69,/clubs/chicago-fire-7,teams/usa-chicago-fire.png,Chicago Fire,/clubs/orlando-city-sc-17,teams/usa-orlando-city-sc.png,Orlando City,1.53,1.11,1.14,2.0,0.73,1.91,83,76,49,32,0,90,56,56,1.8,1.15,2.95,/usa/chicago-fire-vs-orlando-city-sc-h2h-stats#1201541,5674,34,True,True,True,True,False,False,True,"['45+1', '72', '90+6']",['34']
MLS,2021,5674,1201542,698284,6490,2021,complete,65699,0,-1,[],"['39', '89']",0,2,2,8,3,11,2,3,3,2,0,0,3,6,12,6,15,12,5,11,60,40,13851,2339,211,,,3,2,2.85,3.6,2.35,1.05,1.25,1.69,2.6,4.45,11.0,3.9,2.15,1.48,1.2,1.59,2.25,4.0,1.21,3.4,1.28,1.6,1.33,1.46,3.45,2.3,2.9,2.91,2.65,2.57,0,0,1.17,1.33,1.56,2.06,2.66,4.5,3.03,2.29,1.68,1.42,2.05,7.0,2.05,2.0,15.0,1.84,5.25,4.25,1.32,2.44,5.35,13.0,3.1,1.49,1.12,1.04,1.17,1.95,3.7,8.45,4.45,1.83,1.24,1.04,0,0,0,0,2,0,1,0,1,1,1,1625706000,6490,0,47,17,20,0,20738,2,1,6,2,2,1,8,3,3,0,0,2,3,2,1,69,56,98,97,1.65,1.59,3.24,0,0,0,0,0,0,1,1,0,0,0,0,1,0,-1,-1,-1,-1,-1,-1,-1,-1,-1,17,17,37,57,67,17,37,67,57,13.33,1.13,3.13,1.94,/clubs/austin-fc-698284,teams/usa-austin-fc.png,Austin,/clubs/los-angeles-fc-6490,teams/usa-los-angeles-fc.png,Los Angeles FC,1.35,0.88,1.67,0.8,1.08,1.36,84,84,64,44,34,100,90,80,1.82,1.21,3.03,/usa/los-angeles-fc-vs-austin-fc-h2h-stats#1201542,5674,34,True,True,False,False,False,False,False,[],"['39', '89']"
MLS,2021,5674,1201543,12,1015,2021,complete,65699,0,-1,"['45', '81']",[],2,0,2,4,3,7,3,0,3,1,0,1,4,2,9,5,13,7,11,9,46,54,15,11434,5,,,3,3,1.91,3.9,3.65,1.04,1.18,1.51,2.2,3.6,14.0,4.75,2.5,1.65,1.28,1.48,2.55,2.7,1.4,4.05,1.19,1.35,1.26,1.7,2.55,2.3,4.3,2.17,2.64,3.7,0,0,1.18,1.35,1.65,2.09,2.74,4.5,2.93,2.18,1.74,1.43,1.37,8.5,3.75,1.63,13.75,2.36,3.2,5.5,1.34,2.54,5.7,14.0,2.98,1.46,1.11,1.03,1.19,2.0,3.95,8.95,4.25,1.71,1.21,1.04,0,0,0,0,2,1,0,1,0,1,1,1625706000,12,0,70,10,0,0,-1,2,1,3,1,1,2,4,3,2,1,1,1,3,2,1,42,36,105,120,1.41,0.86,2.27,0,0,0,0,0,0,1,1,0,0,1,0,0,0,-1,-1,-1,-1,-1,-1,-1,-1,-1,20,50,60,90,100,40,90,80,40,10.2,3.0,4.2,3.2,/clubs/colorado-rapids-12,teams/usa-colorado-rapids.png,Colorado Rapids,/clubs/minnesota-united-fc-1015,teams/usa-minnesota-united-fc.png,Minnesota United,1.89,0.89,2.0,1.0,1.7,1.36,80,50,40,10,0,70,60,20,1.79,1.44,3.23,/usa/colorado-rapids-vs-minnesota-united-fc-h2h-stats#1201543,5674,35,True,True,False,False,False,False,False,"['45', '81']",[]
MLS,2021,5674,1201544,18,6,2021,complete,65699,0,-1,"['62', '90+4']",[],2,0,2,5,7,12,0,1,2,1,0,0,6,3,12,9,18,12,8,20,48,52,12,25,28051,,,2,1,1.8,3.75,4.3,1.05,1.24,1.65,2.55,4.25,11.0,4.05,2.2,1.5,1.21,1.61,2.25,2.3,1.54,5.5,1.11,1.13,1.19,2.52,2.1,2.45,5.5,1.8,2.84,4.93,0,0,1.16,1.36,1.67,2.14,2.82,4.5,2.89,2.15,1.71,1.41,1.25,9.5,4.75,1.44,16.5,2.85,2.6,7.5,1.31,2.41,5.3,15.0,3.18,1.51,1.12,1.03,1.17,1.83,3.95,8.95,4.45,1.87,1.21,1.04,0,0,0,0,2,0,0,2,0,2,0,1625706000,18,0,72,25,31,0,27421,2,1,2,4,3,3,6,6,1,0,1,1,1,2,1,42,37,107,113,1.86,1.25,3.11,0,0,0,0,0,0,1,1,0,0,1,0,0,0,-1,-1,-1,-1,-1,-1,-1,-1,-1,9,31,54,93,93,32,63,77,45,8.21,2.21,4.1,2.79,/clubs/seattle-sounders-fc-18,teams/usa-seattle-sounders-fc.png,Seattle Sounders,/clubs/houston-dynamo-6,teams/usa-houston-dynamo.png,Houston Dynamo,1.67,0.35,2.14,0.5,2.17,1.25,92,69,47,7,7,69,62,38,1.61,1.08,2.69,/usa/houston-dynamo-vs-seattle-sounders-fc-h2h-stats#1201544,5674,34,True,True,False,False,False,False,False,"['62', '90+4']",[]
MLS,2021,5674,1201545,5,14,2021,complete,65699,0,-1,[],"['1', '57', '74', '90+4']",0,4,4,5,4,9,0,0,0,2,0,0,2,9,9,8,11,17,6,8,55,45,58,7207,26962,,,0,2,4.5,3.65,1.74,1.08,1.35,2.0,3.3,6.25,8.5,3.1,1.8,1.32,1.12,1.95,1.8,3.6,1.24,3.0,1.33,1.47,1.3,1.5,3.65,2.2,2.95,3.08,2.58,2.52,0,0,1.24,1.47,1.86,2.36,3.2,3.64,2.6,1.94,1.56,1.3,2.28,7.0,1.87,2.09,12.75,1.81,4.9,3.9,1.37,2.65,6.0,16.0,2.86,1.42,1.1,1.03,1.21,2.0,4.15,9.95,3.95,1.74,1.2,1.03,0,0,0,0,4,0,1,0,3,3,1,1625709600,14,0,63,17,46,0,12009,2,1,2,1,3,3,3,6,0,1,0,1,1,1,1,48,28,124,86,1.2,1.91,3.1,0,1,0,1,0,0,1,1,0,1,0,0,0,0,-1,-1,-1,-1,-1,-1,-1,-1,-1,0,17,63,75,100,34,46,88,59,8.5,2.83,5.0,2.54,/clubs/vancouver-whitecaps-fc-5,teams/canada-vancouver-whitecaps-fc.png,Vancouver Whitecaps,/clubs/real-salt-lake-14,teams/usa-real-salt-lake.png,Real Salt Lake,1.94,1.05,1.5,1.33,0.82,1.3,100,84,38,25,0,59,46,34,1.14,1.01,2.15,/usa/vancouver-whitecaps-fc-vs-real-salt-lake-h2h-stats#1201545,5674,35,True,True,True,True,False,False,False,[],"['1', '57', '74', '90+4']"
MLS,2021,5674,1201546,10,13,2021,complete,65699,0,-1,"['17', '27', '51']",['71'],3,1,4,2,2,4,0,3,1,3,0,0,5,4,7,9,12,13,6,15,53,47,35,2,12956,,,1,3,1.95,3.8,3.5,1.04,1.19,1.54,2.25,3.75,14.0,4.7,2.45,1.61,1.26,1.49,2.5,2.7,1.4,5.5,1.11,1.33,1.24,1.78,2.15,2.35,4.45,2.0,2.5,4.15,0,0,1.18,1.36,1.67,2.14,2.82,4.5,2.89,2.15,1.71,1.41,1.33,8.5,4.0,1.5,10.75,2.65,3.15,7.25,1.29,2.2,4.45,11.0,3.35,1.61,1.19,1.05,1.14,1.83,3.45,7.4,4.95,1.87,1.27,1.06,0,0,0,0,4,2,0,1,1,2,2,1625711400,10,0,38,17,29,0,16453,2,1,1,0,1,2,1,3,0,0,1,3,0,4,1,40,38,106,115,1.41,1.39,2.79,0,0,0,0,0,0,1,1,0,0,0,0,0,0,-1,-1,-1,-1,-1,-1,-1,-1,-1,9,21,50,79,100,29,71,100,38,8.0,5.17,4.5,2.59,/clubs/la-galaxy-10,teams/usa-la-galaxy.png,LA Galaxy,/clubs/fc-dallas-13,teams/usa-fc-dallas.png,FC Dallas,1.71,0.65,2.0,0.0,1.91,1.0,92,79,50,21,0,29,29,9,1.55,1.26,2.81,/usa/la-galaxy-vs-fc-dallas-h2h-stats#1201546,5674,34,True,True,True,True,False,False,True,"['17', '27', '51']",['71']
MLS,2021,5674,1201547,677447,1016,2021,complete,65699,0,-1,"['14', '48']","['5', '59']",2,2,4,6,3,9,6,1,3,4,0,1,10,2,8,5,18,7,15,17,50,50,13893,40174,1778,,,3,6,1.61,3.8,6.0,1.08,1.33,1.95,3.25,6.0,8.5,3.2,1.83,1.33,1.13,2.0,1.77,2.4,1.5,4.9,1.13,1.2,1.24,2.13,2.3,2.3,5.0,1.95,2.7,4.4,0,0,1.33,1.62,2.09,2.78,3.82,3.04,2.24,1.74,1.42,1.22,1.3,8.0,4.25,1.52,13.75,2.67,2.8,7.0,1.35,2.6,5.9,13.0,2.93,1.44,1.1,1.02,1.2,1.99,4.15,9.4,4.15,1.74,1.2,1.03,0,0,0,0,4,1,1,1,1,2,2,1625790600,-1,0,50,15,13,0,-1,2,1,3,0,3,3,3,6,1,2,2,3,3,5,1,35,28,87,105,2.09,0.8,2.89,1,0,1,0,0,0,1,1,0,1,0,0,0,0,-1,-1,-1,-1,-1,-1,-1,-1,-1,7,19,36,65,86,29,71,73,19,9.67,4.71,4.17,2.11,/clubs/nashville-sc-mls-677447,teams/usa-nashville-sc-mls.png,Nashville SC,/clubs/atlanta-united-fc-1016,teams/usa-atlanta-united-fc.png,Atlanta United FC,2.0,1.06,2.0,0.5,1.64,1.09,94,82,65,36,15,75,63,57,1.87,1.13,3.0,/usa/atlanta-united-fc-vs-nashville-sc-mls-h2h-stats#1201547,5674,35,True,True,True,True,False,False,True,"['14', '48']","['5', '59']"
MLS,2021,5674,1201548,1016,11,2021,complete,65699,0,-1,[],['18'],0,1,1,5,7,12,4,1,2,1,0,0,7,4,7,5,14,9,9,11,61,39,13864,1778,21032,,,2,1,3.35,3.65,2.05,1.05,1.24,1.65,2.5,4.15,11.0,4.05,2.2,1.5,1.22,1.57,2.3,3.65,1.24,3.3,1.28,1.6,1.22,1.4,3.4,2.3,2.88,3.0,2.55,2.6,0,0,1.25,1.45,1.93,2.4,3.3,3.6,2.55,1.88,1.5,1.28,2.4,7.0,1.79,2.1,9.25,1.73,4.6,4.05,1.33,2.63,6.5,19.0,3.25,1.44,1.11,1.02,1.2,2.0,4.0,8.5,4.0,1.72,1.2,1.04,0,0,0,0,1,0,1,0,0,0,1,1626555600,11,0,66,22,45,0,-1,2,1,4,5,1,2,9,3,0,0,2,1,0,3,1,34,32,67,98,1.62,1.09,2.71,0,0,0,0,0,0,1,1,0,0,1,2,0,0,-1,-1,-1,-1,-1,-1,-1,-1,-1,7,52,59,73,90,22,56,83,45,12.49,2.06,3.17,2.8,/clubs/atlanta-united-fc-1016,teams/usa-atlanta-united-fc.png,Atlanta United FC,/clubs/new-england-revolution-11,teams/usa-new-england-revolution.png,New England Revolution,1.88,2.0,1.8,1.29,1.08,1.85,93,49,42,27,10,56,49,39,1.63,1.61,3.24,/usa/new-england-revolution-vs-atlanta-united-fc-h2h-stats#1201548,5674,35,True,False,False,False,False,False,False,[],['18']
MLS,2021,5674,1201549,4,677446,2021,complete,65699,0,-1,['25'],[],1,0,1,6,5,11,3,2,1,1,0,0,5,1,5,6,10,7,11,9,53,47,15,11574,28121,,,1,1,1.66,3.8,5.1,1.06,1.28,1.84,3.1,5.5,10.5,3.55,1.89,1.36,1.15,1.95,1.83,2.3,1.54,4.15,1.18,1.2,1.26,1.87,2.5,2.2,4.5,2.2,2.45,4.0,0,0,1.17,1.35,1.62,2.05,2.75,4.4,2.95,2.15,1.7,1.4,1.46,8.0,3.3,1.57,7.75,2.63,2.9,6.0,1.4,3.0,8.0,23.0,2.75,1.36,1.08,1.01,1.22,2.05,4.2,8.75,3.8,1.7,1.19,1.04,0,0,0,0,1,1,0,0,0,0,1,1633816800,4,0,39,8,23,0,-1,2,1,4,2,2,3,6,5,0,0,1,1,0,2,1,85,58,108,102,1.6,0.94,2.54,0,0,0,0,0,0,1,1,0,0,1,1,0,0,-1,-1,-1,-1,-1,-1,-1,-1,-1,8,8,19,54,89,15,50,66,27,7.77,3.93,5.0,1.77,/clubs/new-york-red-bulls-4,teams/usa-new-york-red-bulls.png,New York RB,/clubs/club-internacional-de-futbol-miami-677446,teams/usa-club-internacional-de-futbol-miami.png,Inter Miami,1.76,1.06,1.54,1.15,1.26,1.19,92,92,81,46,12,74,50,43,1.58,0.91,2.49,/usa/new-york-red-bulls-vs-club-internacional-de-futbol-miami-h2h-stats#1201549,5674,34,True,False,False,False,False,False,False,['25'],[]
MLS,2021,5674,1201550,9,2,2021,complete,65699,0,-1,"['45+3', '62']",['47'],2,1,3,1,7,8,1,2,4,4,0,0,3,7,4,16,7,23,12,15,40,60,13851,13,762,,,4,4,2.5,3.4,2.55,1.03,1.25,1.71,2.8,5.0,9.0,3.6,2.12,1.42,1.14,1.67,2.1,3.15,1.3,3.6,1.24,1.4,1.25,1.57,3.0,2.25,3.4,2.6,2.55,3.0,0,0,1.25,1.45,1.93,2.4,3.3,3.6,2.55,1.88,1.5,1.28,1.88,7.0,2.28,1.73,9.0,2.1,4.1,4.95,1.36,2.63,7.0,19.0,3.0,1.44,1.1,1.02,1.2,1.95,3.9,8.25,4.0,1.75,1.22,1.04,0,0,0,0,3,1,0,1,1,2,1,1626564600,9,0,70,30,30,0,-1,2,1,1,2,0,5,3,5,2,3,2,1,5,3,1,24,69,77,108,0.84,2.43,3.27,0,0,0,0,0,0,1,1,0,0,0,0,1,0,-1,-1,-1,-1,-1,-1,-1,-1,-1,0,20,60,90,90,50,70,70,30,9.0,3.2,4.6,2.6,/clubs/columbus-crew-9,teams/usa-columbus-crew.png,Columbus Crew,/clubs/new-york-city-fc-2,teams/usa-new-york-city-fc.png,New York City,1.94,1.1,2.2,1.4,1.42,1.55,100,80,40,10,10,30,20,20,1.47,1.47,2.94,/usa/new-york-city-fc-vs-columbus-crew-h2h-stats#1201550,5674,34,True,True,True,False,False,False,True,"['45+3', '62']",['47']
MLS,2021,5674,1201551,16,13401,2021,complete,65699,0,-1,"['11', '83']",['51'],2,1,3,5,7,12,2,0,1,3,0,0,5,2,7,7,12,9,6,9,44,56,58,40182,36107,,,1,3,2.0,3.55,3.65,1.06,1.28,1.77,2.85,4.95,10.25,3.6,2.0,1.41,1.17,1.69,2.1,2.55,1.44,4.25,1.17,1.22,1.25,1.87,2.5,2.25,4.33,2.2,2.55,3.75,0,0,1.2,1.4,1.7,2.2,3.0,4.1,2.75,2.05,1.6,1.34,1.52,7.5,3.05,1.57,8.75,2.5,3.15,6.0,1.36,2.75,7.0,21.0,3.0,1.4,1.1,1.02,1.2,1.95,3.9,8.25,4.0,1.75,1.22,1.04,0,0,0,0,3,1,0,1,1,2,1,1626564600,16,0,42,9,25,0,-1,2,1,2,3,3,4,5,7,1,3,0,0,4,0,1,30,52,99,104,1.33,1.09,2.43,0,1,0,1,0,0,1,1,0,0,0,1,0,0,-1,-1,-1,-1,-1,-1,-1,-1,-1,9,17,50,67,92,25,67,75,33,9.34,2.67,4.5,2.34,/clubs/philadelphia-union-16,teams/usa-philadelphia-union.png,Philadelphia Union,/clubs/dc-united-13401,teams/usa-dc-united.png,DC United,2.0,0.76,1.67,0.67,1.54,1.33,92,84,50,33,9,59,34,25,1.26,1.42,2.68,/usa/philadelphia-union-vs-dc-united-h2h-stats#1201551,5674,34,True,True,True,False,False,False,True,"['11', '83']",['51']
MLS,2021,5674,1201552,19,17,2021,complete,65699,0,-1,['72'],['77'],1,1,2,1,3,4,3,3,2,2,0,0,3,5,9,5,12,10,11,20,52,48,42,11435,21031,,,2,2,2.4,3.9,2.6,1.03,1.17,1.5,2.2,3.45,16.0,4.95,2.5,1.67,1.3,1.43,2.65,4.25,1.17,3.8,1.21,1.55,1.22,1.44,3.1,2.4,2.88,2.75,2.7,2.6,0,0,1.2,1.4,1.7,2.2,2.95,4.1,2.75,2.05,1.6,1.35,2.33,8.0,1.92,2.0,10.0,1.8,5.0,4.5,1.29,2.25,5.5,15.0,3.5,1.57,1.14,1.03,1.15,1.72,3.2,6.5,4.75,2.0,1.3,1.08,0,0,0,0,2,0,0,1,1,2,0,1626564600,-1,0,67,29,29,0,-1,2,1,1,2,0,1,3,1,0,0,2,2,0,4,1,50,34,115,86,1.34,1.23,2.57,0,1,0,1,0,0,1,1,0,0,0,1,0,0,-1,-1,-1,-1,-1,-1,-1,-1,-1,21,42,59,92,100,29,92,92,38,11.25,3.0,4.92,3.13,/clubs/toronto-fc-19,teams/canada-toronto-fc.png,Toronto,/clubs/orlando-city-sc-17,teams/usa-orlando-city-sc.png,Orlando City,1.12,1.11,1.0,1.67,0.67,1.75,79,59,42,9,0,92,63,50,1.44,1.33,2.77,/usa/orlando-city-sc-vs-toronto-fc-h2h-stats#1201552,5674,34,True,True,False,False,False,False,True,['72'],['77']
MLS,2021,5674,1201553,1,8043,2021,complete,65699,0,-1,"['21', '34', '72', '74', '87']","['6', '14', '42', '46']",5,4,9,13,0,13,0,2,2,5,0,0,9,4,8,2,17,6,10,12,67,33,44,39282,409,,,2,5,2.0,3.7,3.5,1.06,1.26,1.71,2.7,4.75,10.5,3.75,2.1,1.43,1.18,1.67,2.15,2.95,1.34,4.1,1.19,1.33,1.25,1.67,2.75,2.25,3.6,2.4,2.55,3.2,0,0,1.25,1.45,1.88,2.4,3.3,3.6,2.55,1.93,1.5,1.28,1.58,7.5,2.88,1.73,9.0,2.25,3.65,5.5,1.33,2.5,6.5,19.0,3.25,1.5,1.11,1.02,1.18,1.83,3.75,10.0,4.5,1.83,1.25,1.06,0,0,0,0,9,2,3,3,1,4,5,1626564600,1,0,47,31,24,0,-1,2,1,4,0,9,0,4,9,1,3,1,2,4,3,1,73,18,139,47,2.24,0.79,3.03,1,0,1,0,0,0,1,1,0,1,0,0,0,0,-1,-1,-1,-1,-1,-1,-1,-1,-1,16,23,54,68,84,38,61,68,31,7.4,4.26,3.9,2.52,/clubs/montreal-impact-1,teams/canada-montreal-impact.png,Montreal Impact,/clubs/fc-cincinnati-8043,teams/usa-fc-cincinnati.png,FC Cincinnati,1.82,0.71,1.83,1.57,1.58,1.09,85,77,47,32,17,36,29,29,1.39,1.23,2.62,/usa/montreal-impact-vs-fc-cincinnati-h2h-stats#1201553,5674,34,True,True,True,True,True,True,True,"['21', '34', '72', '74', '87']","['6', '14', '42', '46']"
MLS,2021,5674,1201554,677447,7,2021,complete,65699,0,-1,"['10', '13', '16', '39', '62']",['47'],5,1,6,7,4,11,2,0,0,2,0,1,13,3,13,10,26,13,15,9,55,45,19912,40174,2414,,,0,4,1.65,3.95,4.9,1.06,1.27,1.77,2.8,4.95,10.5,3.65,2.05,1.42,1.17,1.8,1.95,2.5,1.45,4.65,1.15,1.18,1.18,2.15,2.2,2.25,4.75,1.95,2.7,4.4,0,0,1.25,1.48,1.85,2.4,3.3,3.6,2.5,1.95,1.5,1.28,1.38,8.0,3.7,1.5,9.5,2.65,3.0,6.75,1.3,2.4,5.5,12.0,3.2,1.5,1.11,1.01,1.18,1.87,3.6,7.5,4.33,1.85,1.25,1.06,0,0,0,0,6,4,0,1,1,2,4,1626568200,677447,0,41,11,29,0,23113,2,1,1,3,6,1,4,7,0,2,0,1,2,1,1,43,32,130,84,2.86,1.27,4.13,0,0,0,0,0,0,1,1,1,0,0,0,0,0,-1,-1,-1,-1,-1,-1,-1,-1,-1,6,35,35,71,95,29,77,59,47,9.69,3.53,3.67,2.41,/clubs/nashville-sc-mls-677447,teams/usa-nashville-sc-mls.png,Nashville SC,/clubs/chicago-fire-7,teams/usa-chicago-fire.png,Chicago Fire,2.0,0.47,1.89,0.0,1.58,0.92,95,66,66,29,6,75,59,28,1.89,1.19,3.08,/usa/chicago-fire-vs-nashville-sc-mls-h2h-stats#1201554,5674,34,True,True,True,True,True,True,True,"['10', '13', '16', '39', '62']",['47']
MLS,2021,5674,1201555,8,698284,2021,complete,65699,0,-1,['71'],['26'],1,1,2,13,2,15,2,2,1,2,0,0,8,3,22,6,30,9,9,7,60,40,12,18,2339,,,1,2,1.71,3.7,4.15,1.06,1.27,1.68,2.75,4.85,11.0,3.65,2.1,1.44,1.18,1.77,2.0,2.4,1.53,5.25,1.14,1.18,1.18,2.3,2.2,2.3,5.0,1.95,2.75,4.5,0,0,1.21,1.42,1.68,2.0,2.62,3.94,2.76,2.11,1.72,1.43,1.27,9.0,4.8,1.44,9.75,2.88,2.85,7.25,1.33,2.63,6.5,19.0,3.25,1.44,1.11,1.02,1.18,1.83,4.0,10.0,4.5,1.83,1.22,1.06,0,0,0,0,2,0,1,1,0,1,1,1623524400,-1,0,52,0,13,0,-1,2,1,4,1,9,1,5,10,1,0,0,2,1,2,1,108,17,146,34,3.22,0.9,4.12,0,0,0,0,0,0,1,1,0,0,0,0,0,0,-1,-1,-1,-1,-1,-1,-1,-1,-1,13,20,52,79,93,13,86,79,47,14.57,2.39,3.18,2.56,/clubs/sporting-kansas-city-8,teams/usa-sporting-kansas-city.png,Sporting KC,/clubs/austin-fc-698284,teams/usa-austin-fc.png,Austin,1.84,0.47,2.5,1.0,2.0,1.0,88,81,48,22,7,88,88,61,2.22,1.35,3.57,/usa/sporting-kansas-city-vs-austin-fc-h2h-stats#1201555,5674,34,True,True,False,False,False,False,True,['71'],['26']
MLS,2021,5674,1201556,12,15,2021,complete,65699,0,-1,['53'],['11'],1,1,2,3,1,4,1,1,4,1,0,0,2,3,13,4,15,7,18,10,49,51,13812,11434,1763,,,4,1,1.38,5.0,7.0,1.03,1.19,1.5,2.2,3.7,16.0,4.65,2.5,1.65,1.27,1.71,2.05,2.65,1.42,5.75,1.1,1.2,1.18,2.1,2.2,2.4,4.75,1.91,2.75,4.33,0,0,1.2,1.4,1.7,2.2,3.0,4.1,2.75,2.05,1.6,1.34,1.38,8.0,3.75,1.44,10.0,2.75,3.05,7.75,1.29,2.38,5.5,15.0,3.5,1.53,1.14,1.03,1.16,1.8,3.4,7.0,4.6,1.91,1.28,1.07,0,0,0,0,2,0,1,1,0,1,1,1626570000,-1,0,59,17,17,0,14664,2,1,2,0,1,1,2,2,1,0,3,1,1,4,1,51,15,111,65,1.46,0.77,2.23,0,0,0,0,0,0,1,1,0,0,0,0,0,0,-1,-1,-1,-1,-1,-1,-1,-1,-1,17,42,67,84,92,42,84,83,50,10.5,2.66,4.5,3.0,/clubs/colorado-rapids-12,teams/usa-colorado-rapids.png,Colorado Rapids,/clubs/san-jose-earthquakes-15,teams/usa-san-jose-earthquakes.png,SJ Earthquakes,1.89,1.24,2.17,0.83,1.82,0.92,83,59,33,17,9,50,50,34,1.73,1.48,3.21,/usa/colorado-rapids-vs-san-jose-earthquakes-h2h-stats#1201556,5674,34,True,True,False,False,False,False,True,['53'],['11']
MLS,2021,5674,1201557,5,10,2021,complete,65699,0,-1,"['48', '77']",['5'],2,1,3,4,1,5,5,3,1,1,0,0,3,3,8,6,11,9,10,8,49,51,13967,7207,2,,,1,1,2.9,3.6,2.3,1.06,1.26,1.71,2.65,4.55,11.0,3.8,2.1,1.45,1.2,1.62,2.2,4.75,1.14,3.4,1.26,1.78,1.2,1.3,3.6,2.4,2.6,3.25,2.7,2.25,0,0,1.25,1.45,1.95,2.4,3.3,3.6,2.55,1.85,1.5,1.28,2.7,7.0,1.65,2.3,10.0,1.62,6.0,4.05,1.29,2.25,5.5,15.0,3.5,1.57,1.14,1.03,1.15,1.72,3.2,6.5,4.75,2.0,1.3,1.08,0,0,0,0,3,0,1,2,0,2,1,1626573600,5,0,40,0,40,0,-1,2,1,0,1,4,0,1,4,0,0,1,1,0,2,1,43,28,113,75,1.23,0.99,2.21,0,0,0,0,0,0,1,1,0,1,0,1,0,0,-1,-1,-1,-1,-1,-1,-1,-1,-1,10,30,70,80,100,10,50,90,70,9.0,2.2,2.4,2.9,/clubs/vancouver-whitecaps-fc-5,teams/canada-vancouver-whitecaps-fc.png,Vancouver Whitecaps,/clubs/la-galaxy-10,teams/usa-la-galaxy.png,LA Galaxy,1.94,1.12,1.2,1.8,0.75,2.0,90,70,30,20,0,50,20,10,1.15,1.06,2.21,/usa/vancouver-whitecaps-fc-vs-la-galaxy-h2h-stats#1201557,5674,34,True,True,True,False,False,False,True,"['48', '77']",['5']
MLS,2021,5674,1201558,6490,14,2021,complete,65699,0,-1,"['10', '79']",['18'],2,1,3,13,6,19,4,0,1,4,0,0,8,2,23,1,31,3,8,15,57,43,12,211,26962,,,1,4,1.33,5.25,8.75,1.04,1.19,1.53,2.25,3.8,14.0,4.65,2.45,1.61,1.25,1.8,1.95,2.4,1.5,6.0,1.09,1.12,1.14,2.55,2.05,2.5,5.5,1.8,2.9,5.0,0,0,1.2,1.4,1.7,2.2,3.0,4.1,2.75,2.05,1.6,1.34,1.3,8.5,4.3,1.36,10.5,3.1,2.75,8.5,1.29,2.25,5.5,15.0,3.5,1.57,1.14,1.03,1.15,1.72,3.2,6.5,4.75,2.0,1.3,1.08,0,0,0,0,3,1,1,1,0,1,2,1626575400,6490,0,71,13,42,0,22490,2,1,6,1,7,5,7,12,0,1,1,3,1,4,1,81,37,133,81,3.09,0.61,3.7,1,0,0,0,1,0,1,1,1,0,3,0,0,0,-1,-1,-1,-1,-1,-1,-1,-1,-1,0,25,67,100,100,34,63,100,63,9.75,2.83,3.42,2.92,/clubs/los-angeles-fc-6490,teams/usa-los-angeles-fc.png,Los Angeles FC,/clubs/real-salt-lake-14,teams/usa-real-salt-lake.png,Real Salt Lake,1.76,1.05,1.83,1.75,1.5,1.45,100,75,34,0,0,71,42,34,1.81,1.23,3.04,/usa/real-salt-lake-vs-los-angeles-fc-h2h-stats#1201558,5674,34,True,True,True,False,False,False,True,"['10', '79']",['18']
MLS,2021,5674,1201559,20,13,2021,complete,65699,0,-1,['84'],[],1,0,1,5,5,10,2,1,2,2,0,0,2,2,9,6,11,8,11,18,50,50,13893,7206,12956,,,2,2,1.87,3.75,3.95,1.05,1.24,1.62,2.5,4.25,12.0,4.1,2.25,1.51,1.22,1.59,2.3,3.2,1.29,5.25,1.11,1.25,1.2,1.91,2.4,2.5,3.75,2.1,2.8,3.5,0,0,1.2,1.4,1.7,2.2,3.0,4.1,2.75,2.05,1.6,1.34,1.52,7.5,3.05,1.57,11.5,2.4,3.75,6.75,1.29,2.25,5.5,15.0,3.5,1.57,1.14,1.03,1.13,1.65,2.95,6.0,5.25,2.1,1.35,1.1,0,0,0,0,1,0,0,1,0,1,0,1626575400,20,0,50,20,30,0,23255,2,1,3,0,2,5,3,7,1,0,1,2,1,3,1,63,29,138,107,1.3,0.87,2.18,0,0,0,0,0,0,1,1,0,0,1,0,1,0,-1,-1,-1,-1,-1,-1,-1,-1,-1,0,20,70,80,100,40,70,80,40,8.0,4.4,4.0,2.7,/clubs/portland-timbers-20,teams/usa-portland-timbers.png,Portland Timbers,/clubs/fc-dallas-13,teams/usa-fc-dallas.png,FC Dallas,2.1,0.65,1.8,0.0,1.18,0.92,100,80,30,20,0,50,50,30,1.76,1.28,3.04,/usa/fc-dallas-vs-portland-timbers-h2h-stats#1201559,5674,34,True,False,False,False,False,False,False,['84'],[]
MLS,2021,5674,1201560,1015,18,2021,complete,65699,0,-1,['81'],[],1,0,1,6,1,7,2,3,1,3,0,0,2,4,8,7,10,11,12,13,51,49,35,5,25,,,1,3,2.0,3.75,3.35,1.05,1.22,1.65,2.5,4.2,12.0,4.15,2.2,1.51,1.22,1.57,2.3,2.9,1.35,4.15,1.18,1.33,1.22,1.83,2.6,2.35,3.75,2.4,2.65,3.5,0,0,1.17,1.35,1.62,2.05,2.75,4.4,2.95,2.15,1.7,1.4,1.58,7.5,2.88,1.69,9.75,2.3,3.5,5.5,1.29,2.5,5.95,19.0,3.35,1.47,1.1,1.04,1.19,1.94,3.95,8.95,4.25,1.79,1.21,1.04,0,0,0,0,1,0,0,1,0,1,0,1626631200,1015,0,57,19,19,0,19679,2,1,4,0,2,1,4,3,0,2,1,1,2,2,1,41,13,130,66,1.09,1.07,2.16,0,0,0,0,0,0,1,1,0,0,0,0,0,0,-1,-1,-1,-1,-1,-1,-1,-1,-1,0,9,37,65,100,35,74,74,19,8.1,2.2,3.3,2.1,/clubs/minnesota-united-fc-1015,teams/usa-minnesota-united-fc.png,Minnesota United,/clubs/seattle-sounders-fc-18,teams/usa-seattle-sounders-fc.png,Seattle Sounders,1.94,1.82,1.67,2.2,1.25,2.23,100,92,64,35,0,64,45,37,1.87,1.09,2.96,/usa/seattle-sounders-fc-vs-minnesota-united-fc-h2h-stats#1201560,5674,35,True,False,False,False,False,False,False,['81'],[]
MLS,2021,5674,1201561,677446,11,2021,complete,65699,0,-1,[],"['15', '27', '36', '45+4', '83']",0,5,5,10,3,13,1,1,2,0,0,0,2,10,15,3,17,13,11,9,49,51,12,28121,21032,,,2,0,2.83,3.35,2.19,1.06,1.28,1.67,3.0,4.85,10.0,3.6,2.07,1.38,1.18,1.67,2.1,3.85,1.21,2.95,1.34,1.65,1.3,1.35,3.6,2.1,2.6,3.15,2.4,2.45,0,0,1.2,1.4,1.7,2.2,2.95,4.1,2.75,2.05,1.6,1.35,2.29,7.9,1.82,2.2,9.25,1.77,5.25,3.75,1.34,2.45,5.25,14.0,3.0,1.5,1.15,1.03,1.19,1.95,3.95,8.95,4.25,1.69,1.21,1.04,0,0,0,0,5,0,4,0,1,1,4,1626910200,11,0,62,19,33,0,-1,2,1,5,1,5,2,6,7,1,0,1,0,1,1,1,59,20,124,97,1.64,1.68,3.32,0,0,0,0,0,0,1,1,0,0,1,0,0,0,-1,-1,-1,-1,-1,-1,-1,-1,-1,17,29,55,88,100,39,78,78,33,11.78,2.68,4.1,2.88,/clubs/club-internacional-de-futbol-miami-677446,teams/usa-club-internacional-de-futbol-miami.png,Inter Miami,/clubs/new-england-revolution-11,teams/usa-new-england-revolution.png,New England Revolution,1.35,2.0,0.2,1.5,0.73,1.93,84,72,45,13,0,68,42,42,1.25,1.54,2.79,/usa/new-england-revolution-vs-club-internacional-de-futbol-miami-h2h-stats#1201561,5674,34,True,True,True,True,True,False,False,[],"['15', '27', '36', '45+4', '83']"
MLS,2021,5674,1201562,8043,1016,2021,complete,65699,0,-1,['61'],['70'],1,1,2,6,12,18,3,1,3,2,0,0,7,8,8,13,15,21,11,9,44,56,45098,409,1778,,,3,2,2.25,3.35,3.2,1.08,1.31,1.87,3.0,5.5,8.75,3.35,1.91,1.37,1.15,1.71,2.05,2.85,1.36,3.1,1.31,1.41,1.33,1.52,3.15,1.95,3.3,2.8,2.2,3.05,0,0,1.26,1.48,2.0,2.5,3.5,3.5,2.45,1.8,1.48,1.26,2.05,7.0,2.15,1.95,7.5,2.1,3.85,4.3,1.43,2.8,6.5,18.0,2.65,1.4,1.11,1.02,1.25,2.24,4.95,11.5,3.6,1.59,1.14,1.01,0,0,0,0,2,0,0,1,1,2,0,1626912000,-1,0,54,27,20,0,23162,2,1,3,2,3,10,5,13,2,0,1,2,2,3,1,44,54,100,90,1.76,2.27,4.03,0,0,0,0,0,0,1,1,0,0,0,1,0,0,-1,-1,-1,-1,-1,-1,-1,-1,-1,13,32,47,73,93,47,73,93,20,7.89,4.14,6.89,2.57,/clubs/fc-cincinnati-8043,teams/usa-fc-cincinnati.png,FC Cincinnati,/clubs/atlanta-united-fc-1016,teams/usa-atlanta-united-fc.png,Atlanta United FC,0.47,1.06,0.25,0.57,1.0,1.0,88,68,54,27,7,66,59,47,1.64,1.08,2.72,/usa/atlanta-united-fc-vs-fc-cincinnati-h2h-stats#1201562,5674,34,True,True,False,False,False,False,True,['61'],['70']
MLS,2021,5674,1201563,9,677447,2021,complete,65699,0,-1,[],[],0,0,0,5,5,10,1,0,2,1,0,0,8,1,13,7,21,8,10,13,66,34,13812,13,40174,,,2,1,2.35,3.15,3.15,1.11,1.44,2.25,3.8,7.25,6.75,2.7,1.62,1.26,1.1,2.0,1.77,1.91,1.8,2.25,1.57,1.34,1.37,1.56,3.2,1.85,4.5,2.95,2.0,4.2,0,0,1.26,1.48,1.98,2.5,3.5,3.5,2.45,1.83,1.48,1.26,1.91,6.5,2.38,1.83,9.95,2.17,2.9,3.9,1.67,4.7,17.0,34.0,2.09,1.16,1.01,1.01,1.51,3.6,9.4,19.0,2.4,1.25,1.03,1.07,0,0,0,0,0,0,0,0,0,0,0,1626910200,-1,0,50,9,33,0,-1,2,1,1,4,4,1,5,5,2,1,0,0,3,0,1,62,38,129,86,2.33,0.86,3.19,0,0,0,0,0,0,1,1,0,0,0,3,0,0,-1,-1,-1,-1,-1,-1,-1,-1,-1,0,33,50,75,75,25,75,67,33,7.84,2.83,3.66,2.34,/clubs/columbus-crew-9,teams/usa-columbus-crew.png,Columbus Crew,/clubs/nashville-sc-mls-677447,teams/usa-nashville-sc-mls.png,Nashville SC,1.94,1.22,2.33,0.67,1.54,1.69,100,67,50,25,25,33,25,25,1.36,1.17,2.53,/usa/columbus-crew-vs-nashville-sc-mls-h2h-stats#1201563,5674,34,False,False,False,False,False,False,False,[],[]
MLS,2021,5674,1201564,19,4,2021,complete,65699,0,-1,['62'],['46'],1,1,2,5,9,14,1,1,3,1,0,0,1,1,5,15,6,16,14,19,52,48,44,11435,11574,,,3,1,2.15,3.6,3.15,1.05,1.25,1.69,2.6,4.4,11.0,3.9,2.15,1.48,1.2,1.61,2.25,3.65,1.24,3.5,1.25,1.5,1.3,1.47,3.05,2.25,2.9,2.85,2.4,2.7,0,0,1.25,1.48,1.85,2.4,3.4,3.6,2.5,1.95,1.5,1.28,1.91,6.5,2.38,1.95,10.0,1.91,4.55,4.35,1.33,2.4,5.0,13.0,3.1,1.53,1.16,1.04,1.17,2.0,3.7,8.45,4.45,1.74,1.24,1.04,0,0,0,0,2,0,0,1,1,2,0,1626910200,-1,0,64,27,45,0,-1,2,1,2,4,3,5,6,8,0,0,3,1,0,4,1,36,55,114,123,0.73,1.48,2.21,0,0,0,0,0,0,1,1,0,0,1,0,0,0,-1,-1,-1,-1,-1,-1,-1,-1,-1,27,45,54,84,92,35,82,84,45,11.6,3.3,5.03,3.0,/clubs/toronto-fc-19,teams/canada-toronto-fc.png,Toronto,/clubs/new-york-red-bulls-4,teams/usa-new-york-red-bulls.png,New York RB,1.12,1.0,1.0,0.67,0.69,1.42,74,55,47,17,9,57,47,37,1.42,1.48,2.9,/usa/new-york-red-bulls-vs-toronto-fc-h2h-stats#1201564,5674,34,True,True,False,False,False,False,True,['62'],['46']
MLS,2021,5674,1201565,2,1,2021,complete,65699,0,-1,['29'],[],1,0,1,9,7,16,3,3,1,2,0,0,3,2,15,6,18,8,10,8,44,56,15,762,39282,,,1,2,1.43,4.07,6.18,1.06,1.31,1.52,3.1,5.5,10.25,3.35,2.35,1.36,1.15,1.95,1.8,2.05,1.69,5.25,1.11,1.14,1.22,2.45,2.0,2.15,5.75,1.83,2.5,5.25,0,0,1.25,1.48,1.88,2.4,3.3,3.6,2.5,1.93,1.5,1.28,1.3,8.0,4.75,1.39,9.25,3.25,2.4,8.0,1.36,2.5,5.75,15.0,3.0,1.49,1.13,1.03,1.2,2.04,4.25,9.95,4.15,1.71,1.19,1.03,0,0,0,0,1,1,0,0,0,0,1,1626910200,2,0,50,0,25,0,-1,2,1,3,4,6,3,7,9,0,1,1,1,1,2,1,71,49,99,104,1.85,1.01,2.86,0,0,0,0,0,0,1,1,0,0,0,1,0,0,-1,-1,-1,-1,-1,-1,-1,-1,-1,17,25,42,75,100,17,50,92,67,6.83,2.66,3.83,2.59,/clubs/new-york-city-fc-2,teams/usa-new-york-city-fc.png,New York City,/clubs/montreal-impact-1,teams/canada-montreal-impact.png,Montreal Impact,2.06,0.88,1.67,1.33,1.42,1.69,84,75,58,25,0,59,25,25,1.79,1.14,2.93,/usa/montreal-impact-vs-new-york-city-fc-h2h-stats#1201565,5674,34,True,False,False,False,False,False,False,['29'],[]
MLS,2021,5674,1201566,7,13401,2021,complete,65699,0,-1,"['32', '61']","['82', '87']",2,2,4,1,3,4,0,0,2,2,0,0,3,6,7,4,10,10,12,16,52,48,42,2414,36107,,,2,2,2.15,3.65,3.2,1.06,1.26,1.71,2.7,4.65,11.0,3.8,2.1,1.44,1.19,1.62,2.2,2.85,1.36,4.5,1.15,1.26,1.27,1.9,2.3,2.15,4.1,2.2,2.45,3.6,0,0,1.2,1.4,1.7,2.2,2.95,4.1,2.75,2.05,1.6,1.35,1.75,7.5,2.5,1.61,10.5,2.4,3.4,6.0,1.31,2.3,4.8,12.0,3.25,1.56,1.17,1.04,1.17,1.95,3.7,8.45,4.45,1.8,1.24,1.04,0,0,0,0,4,1,0,1,2,3,1,1626912000,-1,0,48,26,21,0,8306,2,1,0,1,1,2,1,3,0,0,2,2,0,4,1,45,28,131,96,1.18,1.26,2.45,0,1,0,1,0,0,1,1,0,0,0,1,0,0,-1,-1,-1,-1,-1,-1,-1,-1,-1,14,34,61,67,93,40,61,87,41,12.07,3.32,4.45,2.73,/clubs/chicago-fire-7,teams/usa-chicago-fire.png,Chicago Fire,/clubs/dc-united-13401,teams/usa-dc-united.png,DC United,1.53,0.76,1.38,0.57,0.85,1.23,87,67,40,34,7,86,52,52,1.78,1.38,3.16,/usa/chicago-fire-vs-dc-united-h2h-stats#1201566,5674,34,True,True,True,True,False,False,True,"['32', '61']","['82', '87']"
MLS,2021,5674,1201567,8,15,2021,complete,65699,0,-1,['90+4'],['53'],1,1,2,6,9,15,1,4,2,4,0,1,7,1,9,14,16,15,16,19,54,46,13893,18,1763,,,2,5,1.43,4.26,5.99,1.04,1.19,1.49,2.1,3.7,14.0,4.65,2.51,1.65,1.27,1.74,2.0,2.35,1.53,6.0,1.1,1.16,1.2,2.44,1.95,2.25,5.5,1.8,2.65,4.7,0,0,1.2,1.36,1.68,2.14,2.82,4.1,2.89,2.13,1.71,1.41,1.36,8.5,4.0,1.4,11.0,3.0,2.65,8.0,1.3,2.25,4.6,12.0,3.3,1.59,1.18,1.05,1.16,1.91,3.7,7.9,4.7,1.83,1.24,1.05,0,0,0,0,2,0,0,1,1,2,0,1626913800,-1,0,72,7,29,0,17872,2,1,4,5,2,4,9,6,0,1,2,4,1,6,1,56,32,95,58,1.9,1.24,3.14,0,0,0,0,0,0,1,1,0,0,0,4,0,0,-1,-1,-1,-1,-1,-1,-1,-1,-1,14,29,64,86,93,29,86,93,57,12.72,2.43,3.15,2.86,/clubs/sporting-kansas-city-8,teams/usa-sporting-kansas-city.png,Sporting KC,/clubs/san-jose-earthquakes-15,teams/usa-san-jose-earthquakes.png,SJ Earthquakes,1.84,1.24,2.43,0.86,2.0,0.92,86,71,36,15,7,57,50,43,2.21,1.38,3.59,/usa/sporting-kansas-city-vs-san-jose-earthquakes-h2h-stats#1201567,5674,34,True,True,False,False,False,False,True,['90+4'],['53']
MLS,2021,5674,1201568,12,13,2021,complete,65699,0,-1,"['48', '55']",[],2,0,2,5,2,7,0,1,2,2,0,0,4,2,5,8,9,10,15,12,45,55,13889,11434,12956,,,2,2,1.57,4.4,5.25,1.05,1.25,1.65,2.55,4.45,12.0,3.95,2.2,1.49,1.2,1.74,2.05,2.5,1.47,5.25,1.11,1.2,1.24,2.14,2.15,2.2,4.65,1.95,2.5,4.5,0,0,1.19,1.39,1.85,2.15,2.8,4.14,2.9,1.95,1.67,1.38,1.6,7.0,3.0,1.47,10.25,2.85,2.9,7.25,1.32,2.3,4.8,12.0,3.15,1.57,1.17,1.04,1.17,1.91,3.7,8.45,4.45,1.8,1.24,1.04,0,0,0,0,2,0,0,2,0,2,0,1626915600,12,0,52,7,17,0,8321,2,1,2,0,3,2,2,5,1,2,1,0,3,1,1,65,35,99,92,1.32,1.03,2.36,0,0,0,0,0,0,1,1,0,0,0,0,0,0,-1,-1,-1,-1,-1,-1,-1,-1,-1,7,38,54,84,100,38,84,93,31,9.12,4.38,5.21,2.82,/clubs/colorado-rapids-12,teams/usa-colorado-rapids.png,Colorado Rapids,/clubs/fc-dallas-13,teams/usa-fc-dallas.png,FC Dallas,1.89,0.65,2.0,0.0,1.75,0.85,93,62,47,17,0,38,38,7,1.69,1.22,2.91,/usa/colorado-rapids-vs-fc-dallas-h2h-stats#1201568,5674,34,True,True,False,False,False,False,False,"['48', '55']",[]
MLS,2021,5674,1201569,14,10,2021,complete,65699,0,-1,"['9', '25']","['33', '77']",2,2,4,4,5,9,2,3,0,2,0,0,4,6,6,5,10,11,7,15,47,53,39,26962,2,,,0,2,1.95,3.6,3.75,1.06,1.25,1.67,2.6,4.5,10.75,3.9,2.15,1.48,1.2,1.61,2.25,2.9,1.36,4.9,1.13,1.25,1.24,1.97,2.25,2.2,4.2,2.1,2.5,3.75,0,0,1.2,1.4,1.9,2.18,2.89,4.1,2.86,1.9,1.65,1.36,1.5,7.5,3.3,1.57,10.75,2.45,3.35,6.5,1.3,2.25,4.6,11.0,3.3,1.59,1.18,1.05,1.16,1.87,3.45,7.9,4.7,1.83,1.27,1.05,0,0,0,0,4,2,1,0,1,1,3,1626919200,-1,0,69,7,32,0,16169,2,1,0,1,4,4,1,8,0,0,0,2,0,2,1,39,41,112,101,1.21,1.42,2.63,0,0,0,0,0,0,1,1,1,0,0,0,0,0,-1,-1,-1,-1,-1,-1,-1,-1,-1,9,31,72,86,93,16,69,93,63,10.03,2.62,2.83,2.9,/clubs/real-salt-lake-14,teams/usa-real-salt-lake.png,Real Salt Lake,/clubs/la-galaxy-10,teams/usa-la-galaxy.png,LA Galaxy,1.82,1.12,1.29,1.5,1.33,1.85,92,69,29,15,7,45,37,37,1.4,1.05,2.45,/usa/la-galaxy-vs-real-salt-lake-h2h-stats#1201569,5674,34,True,True,True,True,False,False,True,"['9', '25']","['33', '77']"
MLS,2021,5674,1201570,5,6,2021,complete,65699,0,-1,[],[],0,0,0,4,7,11,2,2,2,3,0,0,0,1,10,8,10,9,13,12,51,49,5016,7207,28051,,,2,3,2.65,3.5,2.55,1.06,1.28,1.8,2.8,4.9,10.25,3.6,2.0,1.42,1.17,1.67,2.15,3.15,1.3,3.95,1.2,1.48,1.28,1.51,2.65,2.3,3.3,2.5,2.4,3.1,0,0,1.18,1.35,1.66,2.11,2.78,4.5,2.93,2.17,1.73,1.42,2.15,7.5,2.0,1.77,10.0,2.15,3.9,5.0,1.33,2.4,4.95,13.0,3.15,1.53,1.16,1.04,1.17,2.0,3.95,8.45,4.45,1.74,1.21,1.04,0,0,0,0,0,0,0,0,0,0,0,1626832800,-1,0,60,22,23,0,-1,2,1,3,2,1,5,5,6,1,1,1,2,2,3,1,39,50,96,97,0.92,1.01,1.93,0,0,0,0,0,0,1,1,0,0,0,2,0,0,-1,-1,-1,-1,-1,-1,-1,-1,-1,7,23,47,84,100,22,61,77,55,8.31,3.26,3.93,2.6,/clubs/vancouver-whitecaps-fc-5,teams/canada-vancouver-whitecaps-fc.png,Vancouver Whitecaps,/clubs/houston-dynamo-6,teams/usa-houston-dynamo.png,Houston Dynamo,1.94,0.35,1.5,0.43,0.92,1.15,93,77,54,17,0,61,44,22,1.16,1.1,2.26,/usa/vancouver-whitecaps-fc-vs-houston-dynamo-h2h-stats#1201570,5674,34,False,False,False,False,False,False,False,[],[]
MLS,2021,5674,1201571,20,6490,2021,complete,65699,0,-1,"['2', '90+2']",['17'],2,1,3,3,11,14,0,3,1,0,0,0,3,8,4,11,7,19,12,8,46,54,13864,7206,211,,,1,0,2.9,3.3,2.18,1.05,1.25,1.52,2.95,4.6,11.0,3.8,2.35,1.4,1.19,1.62,2.15,3.65,1.24,3.4,1.26,1.51,1.3,1.45,3.2,2.1,2.85,2.85,2.4,2.65,0,0,1.23,1.45,1.82,2.3,3.1,3.72,2.67,1.99,1.59,1.32,2.5,7.0,1.8,2.0,10.25,1.87,4.6,4.15,1.33,2.4,5.0,13.0,3.15,1.53,1.16,1.04,1.17,2.0,3.95,8.95,4.45,1.74,1.21,1.04,0,0,0,0,3,1,1,1,0,1,2,1626921000,20,0,50,17,25,0,23500,2,1,0,4,3,7,4,10,0,0,1,0,0,1,1,44,67,108,136,0.98,2.25,3.23,0,0,0,0,0,0,1,1,1,0,0,1,0,0,-1,-1,-1,-1,-1,-1,-1,-1,-1,0,0,50,75,100,17,50,84,50,8.33,2.67,3.33,2.25,/clubs/portland-timbers-20,teams/usa-portland-timbers.png,Portland Timbers,/clubs/los-angeles-fc-6490,teams/usa-los-angeles-fc.png,Los Angeles FC,2.1,0.88,2.0,1.17,1.33,1.62,100,100,50,25,0,92,83,59,1.69,1.27,2.96,/usa/portland-timbers-vs-los-angeles-fc-h2h-stats#1201571,5674,34,True,True,True,False,False,False,True,"['2', '90+2']",['17']
MLS,2021,5674,1201572,17,16,2021,complete,65699,0,-1,"['10', '59']",['68'],2,1,3,2,3,5,1,2,2,1,0,0,2,2,3,17,5,19,7,7,50,50,35,21031,40182,,,2,1,2.0,3.65,3.6,1.06,1.25,1.69,2.6,4.5,11.0,3.85,2.1,1.47,1.2,1.62,2.2,3.2,1.3,4.75,1.14,1.28,1.3,1.76,2.6,2.1,3.9,2.25,2.45,3.4,0,0,1.16,1.33,1.6,2.0,2.65,4.6,3.1,2.2,1.72,1.42,1.79,7.5,2.62,1.65,10.0,2.3,3.9,6.5,1.34,2.3,4.9,12.0,3.05,1.56,1.17,1.04,1.17,1.8,3.6,7.9,4.45,1.91,1.25,1.05,0,0,0,0,3,1,0,1,1,2,1,1626999900,17,0,38,7,38,0,15432,2,1,1,1,1,2,2,3,1,0,1,1,1,2,1,40,70,74,118,0.75,1.84,2.6,0,0,0,0,0,0,1,1,1,0,0,0,0,0,-1,-1,-1,-1,-1,-1,-1,-1,-1,16,23,40,62,85,24,55,62,54,8.81,4.54,4.29,2.31,/clubs/orlando-city-sc-17,teams/usa-orlando-city-sc.png,Orlando City,/clubs/philadelphia-union-16,teams/usa-philadelphia-union.png,Philadelphia Union,1.82,1.06,1.83,1.43,1.69,1.64,85,77,61,38,16,52,44,37,1.53,1.56,3.09,/usa/philadelphia-union-vs-orlando-city-sc-h2h-stats#1201572,5674,35,True,True,True,False,False,False,True,"['10', '59']",['68']
MLS,2021,5674,1201573,698284,18,2021,complete,65699,0,-1,[],['67'],0,1,1,5,2,7,1,3,2,2,0,0,3,4,12,7,15,11,5,13,75,25,58,2339,25,,,2,2,2.05,3.45,3.65,1.09,1.36,2.0,3.3,6.0,8.0,3.05,1.77,1.32,1.13,1.87,1.87,2.2,1.62,4.8,1.15,1.32,1.35,1.78,2.3,2.1,5.25,1.91,2.5,4.75,0,0,1.2,1.39,1.71,2.18,2.93,4.0,2.78,2.03,1.61,1.34,1.63,7.5,2.7,1.48,9.0,3.0,2.6,7.0,1.44,2.8,6.75,19.0,2.6,1.4,1.1,1.02,1.21,2.05,4.45,9.95,3.95,1.74,1.17,1.03,0,0,0,0,1,0,0,0,1,1,0,1627003800,18,0,46,21,9,0,20738,2,1,2,0,3,2,2,5,0,1,2,1,1,3,1,60,18,159,53,1.61,1.1,2.71,0,0,0,0,0,0,1,1,0,0,1,0,0,0,-1,-1,-1,-1,-1,-1,-1,-1,-1,13,13,29,59,75,21,59,67,21,11.33,2.25,3.75,1.88,/clubs/austin-fc-698284,teams/usa-austin-fc.png,Austin,/clubs/seattle-sounders-fc-18,teams/usa-seattle-sounders-fc.png,Seattle Sounders,1.35,1.82,1.25,1.83,1.0,2.07,88,88,71,42,25,75,67,67,1.78,1.09,2.87,/usa/seattle-sounders-fc-vs-austin-fc-h2h-stats#1201573,5674,34,True,False,False,False,False,False,False,[],['67']
MLS,2021,5674,1201574,1016,9,2021,complete,65699,0,-1,[],['65'],0,1,1,11,4,15,1,1,0,2,0,0,5,2,14,7,19,9,9,8,58,42,12,40413,13,,,0,2,2.25,3.4,3.15,1.09,1.37,2.0,3.35,6.25,7.75,3.0,1.77,1.31,1.12,1.87,1.91,2.7,1.4,3.65,1.24,1.32,1.33,1.68,2.91,2.24,4.02,2.57,2.5,3.44,0,0,1.36,1.69,1.75,2.94,4.2,2.88,2.12,2.0,1.38,1.19,1.67,7.0,2.8,1.75,7.75,2.25,3.55,5.25,1.42,3.07,8.0,21.0,2.99,1.4,1.08,1.02,1.2,2.0,4.0,11.0,4.32,1.73,1.22,1.05,0,0,0,0,1,0,0,0,1,1,0,1627155000,9,0,40,7,25,0,-1,2,1,5,2,6,2,7,8,0,1,0,1,1,1,1,91,21,124,92,2.2,0.87,3.07,0,0,0,0,0,0,1,1,0,0,0,1,0,0,-1,-1,-1,-1,-1,-1,-1,-1,-1,0,32,40,47,77,7,54,62,32,8.71,2.96,3.38,1.95,/clubs/atlanta-united-fc-1016,teams/usa-atlanta-united-fc.png,Atlanta United FC,/clubs/columbus-crew-9,teams/usa-columbus-crew.png,Columbus Crew,1.88,0.82,1.5,0.86,1.0,1.5,100,68,61,54,23,47,47,24,1.63,1.0,2.63,/usa/columbus-crew-vs-atlanta-united-fc-h2h-stats#1201574,5674,34,True,False,False,False,False,False,False,[],['65']
MLS,2021,5674,1201575,677446,16,2021,complete,65699,0,-1,['71'],['85'],1,1,2,6,3,9,4,1,0,1,0,0,7,4,9,7,16,11,6,12,54,46,13893,28121,40182,,,0,1,2.53,2.98,2.64,1.1,1.35,1.82,3.3,6.0,7.75,3.2,1.88,1.32,1.13,1.77,1.95,3.0,1.33,3.05,1.32,1.47,1.35,1.49,3.3,1.95,3.3,2.85,2.2,3.0,0,0,1.22,1.43,1.79,2.26,3.02,3.82,2.74,2.03,1.61,1.33,1.96,7.9,2.28,2.05,7.25,2.0,4.2,4.3,1.47,2.8,6.5,17.0,2.55,1.39,1.11,1.02,1.27,2.22,5.0,10.0,3.76,1.66,1.17,1.04,0,0,0,0,2,0,0,1,1,2,0,1627255800,-1,0,50,7,42,0,-1,2,1,3,1,3,1,4,4,0,0,0,1,0,1,1,44,53,105,89,1.82,1.36,3.18,0,0,0,0,0,0,1,1,0,0,0,0,0,0,-1,-1,-1,-1,-1,-1,-1,-1,-1,23,29,53,82,94,32,67,73,48,11.05,4.3,5.5,2.86,/clubs/club-internacional-de-futbol-miami-677446,teams/usa-club-internacional-de-futbol-miami.png,Inter Miami,/clubs/philadelphia-union-16,teams/usa-philadelphia-union.png,Philadelphia Union,1.35,1.06,0.17,1.25,0.67,1.53,78,71,48,19,7,71,48,42,1.31,1.6,2.91,/usa/philadelphia-union-vs-club-internacional-de-futbol-miami-h2h-stats#1201575,5674,34,True,True,False,False,False,False,True,['71'],['85']
MLS,2021,5674,1201576,1015,20,2021,complete,65699,0,-1,"['74', '85']",['10'],2,1,3,10,4,14,0,1,1,0,0,0,6,3,22,5,28,8,19,15,56,44,42,5,7206,,,1,0,1.54,4.5,5.25,1.04,1.2,1.53,2.25,3.6,14.0,4.45,2.45,1.62,1.28,1.59,2.25,3.05,1.32,4.95,1.13,1.25,1.25,1.95,2.48,2.5,4.23,2.17,2.9,3.68,0,0,1.23,1.45,1.81,2.3,3.1,3.72,2.69,2.0,1.59,1.32,1.43,7.5,3.75,1.6,17.75,2.33,3.6,6.5,1.33,2.46,5.0,11.0,3.24,1.58,1.14,1.03,1.14,1.73,3.4,8.0,5.5,2.0,1.3,1.08,0,0,0,0,3,0,1,2,0,2,1,1627171200,1015,0,40,16,16,0,-1,2,1,5,1,5,3,6,8,0,0,1,0,0,1,1,71,31,125,95,2.69,0.95,3.64,0,0,0,0,0,0,1,1,0,1,0,0,0,0,-1,-1,-1,-1,-1,-1,-1,-1,-1,17,32,48,63,100,55,70,86,32,9.24,2.14,3.6,2.6,/clubs/minnesota-united-fc-1015,teams/usa-minnesota-united-fc.png,Minnesota United,/clubs/portland-timbers-20,teams/usa-portland-timbers.png,Portland Timbers,1.94,1.28,1.86,0.67,1.38,1.46,84,68,52,37,0,62,55,48,1.76,1.22,2.98,/usa/portland-timbers-vs-minnesota-united-fc-h2h-stats#1201576,5674,35,True,True,True,False,False,False,True,"['74', '85']",['10']
MLS,2021,5674,1201577,7,19,2021,complete,65699,0,-1,['77'],"['2', '76']",1,2,3,13,1,14,4,4,1,1,0,0,15,3,20,6,35,9,5,7,57,43,13864,2414,11435,,,1,1,2.25,3.8,2.8,1.04,1.18,1.51,2.25,3.6,15.0,4.75,2.45,1.62,1.27,1.45,2.6,3.4,1.26,4.5,1.15,1.35,1.25,1.75,2.72,2.49,3.7,2.32,3.1,3.17,0,0,1.22,1.43,1.78,2.25,2.98,3.82,2.74,2.04,1.62,1.34,1.67,7.0,2.8,1.72,18.5,2.11,4.0,5.75,1.33,2.43,5.0,11.0,3.24,1.6,1.14,1.03,1.14,1.73,3.4,8.0,5.5,2.0,1.3,1.08,0,0,0,0,3,0,1,1,1,2,1,1627171200,19,0,60,29,30,0,-1,2,1,7,1,6,0,8,6,0,0,1,1,0,2,1,95,21,114,85,3.92,0.94,4.86,0,0,0,0,0,0,1,1,0,1,2,0,0,0,-1,-1,-1,-1,-1,-1,-1,-1,-1,31,47,60,78,100,47,72,89,54,11.53,4.69,3.89,3.45,/clubs/chicago-fire-7,teams/usa-chicago-fire.png,Chicago Fire,/clubs/toronto-fc-19,teams/canada-toronto-fc.png,Toronto,1.53,0.53,1.33,0.5,0.86,0.71,70,53,41,23,0,64,53,46,1.71,1.21,2.92,/usa/chicago-fire-vs-toronto-fc-h2h-stats#1201577,5674,34,True,True,True,False,False,False,True,['77'],"['2', '76']"
MLS,2021,5674,1201578,13,10,2021,complete,65699,0,-1,"['27', '44', '50', '88']",[],4,0,4,3,9,12,0,1,2,3,0,0,6,3,5,13,11,16,11,14,49,51,44,12956,2,,,2,3,1.91,3.9,3.6,1.05,1.22,1.59,2.4,4.0,13.0,4.25,2.3,1.54,1.24,1.56,2.35,3.3,1.28,4.9,1.13,1.3,1.25,1.85,2.55,2.53,3.97,2.32,2.7,3.62,0,0,1.26,1.5,1.9,2.44,3.34,3.48,2.52,1.9,1.53,1.28,1.7,7.0,2.7,1.65,10.5,2.25,3.9,6.25,1.3,2.39,4.74,11.0,3.4,1.61,1.16,1.03,1.14,1.73,3.4,8.0,5.5,2.0,1.3,1.08,0,0,0,0,4,2,0,2,0,2,2,1627173000,13,0,79,36,36,0,-1,2,1,2,7,1,2,9,3,1,1,1,2,2,3,1,22,44,89,110,1.28,1.54,2.83,0,0,0,0,0,0,1,1,0,0,0,1,0,0,-1,-1,-1,-1,-1,-1,-1,-1,-1,14,43,79,93,93,50,79,86,50,9.86,2.57,3.43,3.22,/clubs/fc-dallas-13,teams/usa-fc-dallas.png,FC Dallas,/clubs/la-galaxy-10,teams/usa-la-galaxy.png,LA Galaxy,1.29,1.12,1.57,1.43,0.79,1.79,86,57,22,7,7,50,36,29,1.72,1.1,2.82,/usa/la-galaxy-vs-fc-dallas-h2h-stats#1201578,5674,34,True,True,True,True,False,False,False,"['27', '44', '50', '88']",[]
MLS,2021,5674,1201579,677447,8043,2021,complete,65699,0,-1,"['13', '35', '57']",[],3,0,3,3,5,8,1,0,2,2,0,0,4,1,4,6,8,7,14,15,34,66,5016,40174,409,,,2,2,1.59,3.8,6.0,1.08,1.33,1.91,3.2,6.0,8.75,3.2,1.87,1.34,1.13,1.95,1.8,2.2,1.61,5.5,1.11,1.13,1.27,2.35,2.19,2.43,5.82,2.02,2.6,5.0,0,0,1.19,1.26,1.5,1.85,2.36,4.2,3.48,2.52,1.95,1.56,1.38,8.0,4.0,1.48,8.5,2.85,2.6,8.5,1.37,2.79,7.0,19.0,3.26,1.47,1.1,1.02,1.2,1.91,4.0,10.0,4.32,1.8,1.22,1.06,0,0,0,0,3,2,0,1,0,1,2,1627173000,677447,0,55,29,33,0,23832,2,1,2,2,1,3,4,4,0,1,2,1,1,3,1,31,23,93,124,1.02,0.7,1.72,0,0,0,0,0,0,1,1,0,0,2,0,0,0,-1,-1,-1,-1,-1,-1,-1,-1,-1,23,44,57,79,95,45,78,79,44,9.63,5.08,3.5,3.27,/clubs/nashville-sc-mls-677447,teams/usa-nashville-sc-mls.png,Nashville SC,/clubs/fc-cincinnati-8043,teams/usa-fc-cincinnati.png,FC Cincinnati,2.0,0.71,2.0,1.38,1.64,1.0,78,57,44,22,5,88,67,62,1.99,1.17,3.16,/usa/fc-cincinnati-vs-nashville-sc-mls-h2h-stats#1201579,5674,34,True,True,True,False,False,False,False,"['13', '35', '57']",[]
MLS,2021,5674,1201580,15,6,2021,complete,65699,0,-1,['45+5'],['40'],1,1,2,3,5,8,1,1,1,4,1,0,5,5,11,5,16,10,13,19,65,35,15,1763,28051,,,3,4,2.1,3.6,3.35,1.06,1.28,1.77,2.8,4.95,10.0,3.6,2.0,1.42,1.17,1.69,2.1,3.4,1.26,4.05,1.19,1.4,1.3,1.6,2.93,2.41,3.53,2.42,2.8,3.22,0,0,1.19,1.36,1.62,2.03,2.65,4.4,2.9,2.15,1.7,1.42,1.62,7.5,2.88,1.8,15.0,2.05,4.25,5.25,1.36,2.58,5.5,12.0,3.0,1.54,1.13,1.03,1.18,1.83,3.74,9.0,4.5,1.83,1.25,1.07,0,0,0,0,2,1,1,0,0,0,2,1627178400,-1,0,71,36,29,0,-1,2,1,0,1,3,4,1,7,0,0,2,4,0,6,1,41,42,106,101,1.66,1.29,2.96,0,0,0,0,0,0,1,1,0,0,0,0,0,0,-1,-1,-1,-1,-1,-1,-1,-1,-1,15,46,53,86,94,36,82,73,44,10.46,2.67,5.33,2.92,/clubs/san-jose-earthquakes-15,teams/usa-san-jose-earthquakes.png,SJ Earthquakes,/clubs/houston-dynamo-6,teams/usa-houston-dynamo.png,Houston Dynamo,1.18,0.35,1.0,0.5,0.93,1.14,86,54,48,15,7,71,63,42,1.74,1.09,2.83,/usa/houston-dynamo-vs-san-jose-earthquakes-h2h-stats#1201580,5674,34,True,True,False,False,False,False,True,['45+5'],['40']
MLS,2021,5674,1201581,14,12,2021,complete,65699,0,-1,"['14', '30', '76']",[],3,0,3,2,6,8,1,1,2,3,0,0,3,1,3,9,6,10,8,9,42,58,24,26962,11434,,,2,3,2.25,3.3,3.2,1.08,1.33,1.91,3.05,5.75,8.5,3.25,1.87,1.36,1.15,1.71,2.05,3.0,1.32,3.75,1.22,1.37,1.3,1.65,2.94,2.33,3.72,2.52,2.6,3.38,0,0,1.21,1.41,1.75,2.2,2.89,3.92,2.82,2.08,1.64,1.36,1.8,7.0,2.5,1.79,12.75,2.12,3.9,5.25,1.37,2.8,7.0,21.0,3.24,1.47,1.1,1.02,1.2,1.91,4.0,10.0,4.32,1.8,1.22,1.06,0,0,0,0,3,2,0,1,0,1,2,1627178400,14,0,58,13,17,0,-1,2,1,1,3,1,3,4,4,0,2,2,1,2,3,1,30,40,68,114,0.81,1.0,1.82,0,0,0,0,0,0,1,1,0,0,0,0,0,0,-1,-1,-1,-1,-1,-1,-1,-1,-1,0,29,45,68,84,33,78,74,29,10.3,3.38,3.35,2.25,/clubs/real-salt-lake-14,teams/usa-real-salt-lake.png,Real Salt Lake,/clubs/colorado-rapids-12,teams/usa-colorado-rapids.png,Colorado Rapids,1.82,1.59,1.25,1.4,1.31,1.85,100,72,55,33,17,72,55,35,1.37,1.24,2.61,/usa/colorado-rapids-vs-real-salt-lake-h2h-stats#1201581,5674,35,True,True,True,False,False,False,False,"['14', '30', '76']",[]
MLS,2021,5674,1201582,6490,5,2021,complete,65699,0,-1,"['40', '75']","['25', '38']",2,2,4,5,5,10,2,3,2,4,0,0,6,4,6,3,12,7,17,19,54,46,39,211,7207,,,2,4,1.25,5.5,10.0,1.02,1.12,1.36,1.91,3.27,15.0,6.51,2.9,1.8,1.35,1.75,2.03,2.05,1.69,8.75,1.03,1.05,1.13,3.74,1.68,3.04,7.89,1.51,3.6,7.3,0,0,1.21,1.41,1.75,2.2,2.89,3.92,2.82,2.08,1.64,1.36,1.22,9.0,5.75,1.27,29.0,3.52,2.2,11.0,1.25,2.11,4.0,9.0,3.74,1.78,1.22,1.05,1.1,1.53,2.63,5.5,7.0,2.38,1.45,1.14,0,0,0,0,4,1,2,1,0,1,3,1627180200,-1,0,71,14,36,0,22049,2,1,3,4,2,1,7,3,0,1,2,3,1,5,1,48,48,127,96,1.54,1.08,2.62,0,0,0,0,0,0,1,1,0,0,1,1,0,0,-1,-1,-1,-1,-1,-1,-1,-1,-1,0,29,65,93,100,36,72,100,43,11.43,3.28,3.0,2.86,/clubs/los-angeles-fc-6490,teams/usa-los-angeles-fc.png,Los Angeles FC,/clubs/vancouver-whitecaps-fc-5,teams/canada-vancouver-whitecaps-fc.png,Vancouver Whitecaps,1.76,0.89,2.0,0.43,1.5,0.93,100,72,36,7,0,71,57,43,1.99,1.18,3.17,/usa/vancouver-whitecaps-fc-vs-los-angeles-fc-h2h-stats#1201582,5674,34,True,True,True,True,False,False,True,"['40', '75']","['25', '38']"
MLS,2021,5674,1201583,2,17,2021,complete,65699,0,-1,"['40', '53', '65', '79', '82']",[],5,0,5,6,5,11,2,2,1,2,0,0,13,3,7,3,20,6,12,10,61,39,13812,762,21031,,,1,2,1.7,3.61,4.06,1.05,1.22,1.52,2.65,4.25,12.0,4.15,2.35,1.47,1.21,1.61,2.15,2.7,1.39,5.25,1.12,1.21,1.26,2.1,2.3,2.25,4.35,2.0,2.6,3.95,0,0,1.36,1.68,2.19,2.94,4.14,2.89,2.13,1.68,1.38,1.19,1.33,9.3,4.74,1.53,10.5,2.6,3.2,7.0,1.34,2.4,5.25,13.0,3.05,1.53,1.15,1.04,1.18,1.8,3.76,7.5,4.8,1.95,1.27,1.07,0,0,0,0,5,1,0,4,0,4,1,1627250400,2,0,72,15,36,0,-1,2,1,2,2,4,3,4,7,0,1,1,1,1,2,1,50,18,124,92,2.54,0.74,3.27,0,0,0,0,0,0,1,1,0,0,0,0,0,0,-1,-1,-1,-1,-1,-1,-1,-1,-1,22,29,57,79,100,15,71,86,64,9.0,4.14,4.0,2.86,/clubs/new-york-city-fc-2,teams/usa-new-york-city-fc.png,New York City,/clubs/orlando-city-sc-17,teams/usa-orlando-city-sc.png,Orlando City,2.06,1.11,1.86,1.57,1.54,1.79,79,71,43,22,0,64,43,43,1.8,1.31,3.11,/usa/new-york-city-fc-vs-orlando-city-sc-h2h-stats#1201583,5674,35,True,True,True,True,True,False,False,"['40', '53', '65', '79', '82']",[]
MLS,2021,5674,1201584,11,1,2021,complete,65699,0,-1,"['29', '73']",['79'],2,1,3,2,5,7,4,1,2,0,0,0,6,5,9,15,15,20,14,7,41,59,58,21032,39282,,,2,0,1.32,4.57,7.49,1.03,1.15,1.51,2.22,3.15,18.0,5.5,2.46,1.58,1.34,1.59,2.25,2.15,1.62,7.0,1.06,1.09,1.18,3.05,1.8,2.5,6.0,1.65,2.8,5.5,0,0,1.19,1.4,1.73,2.17,2.84,4.1,2.86,2.11,1.66,1.37,1.3,9.9,4.98,1.31,12.0,3.4,2.35,9.75,1.28,2.15,4.35,10.75,3.4,1.61,1.2,1.05,1.16,1.83,3.38,7.0,5.3,1.91,1.32,1.08,0,0,0,0,3,1,0,1,1,2,1,1627250400,11,0,48,17,16,0,-1,2,1,0,2,2,2,2,4,0,0,2,0,0,2,1,37,44,117,110,1.64,1.93,3.58,0,0,0,0,0,0,1,1,0,0,0,0,0,0,-1,-1,-1,-1,-1,-1,-1,-1,-1,17,32,41,62,100,48,55,86,38,10.43,1.71,3.96,2.52,/clubs/new-england-revolution-11,teams/usa-new-england-revolution.png,New England Revolution,/clubs/montreal-impact-1,teams/canada-montreal-impact.png,Montreal Impact,2.22,0.88,2.5,1.14,2.0,1.57,84,68,60,38,0,77,56,48,1.66,1.12,2.78,/usa/montreal-impact-vs-new-england-revolution-h2h-stats#1201584,5674,34,True,True,True,False,False,False,True,"['29', '73']",['79']
MLS,2021,5674,1201585,13401,4,2021,complete,65699,0,-1,['27'],[],1,0,1,2,6,8,2,1,3,4,0,0,3,2,6,3,9,5,10,15,40,60,35,36107,11574,,,3,4,2.3,3.35,3.15,1.08,1.33,1.91,3.05,5.75,8.5,3.25,1.87,1.36,1.14,1.74,2.0,2.8,1.38,3.8,1.21,1.32,1.33,1.71,2.75,2.1,3.65,2.45,2.3,3.35,0,0,1.3,1.55,1.96,2.55,3.2,3.2,2.3,1.75,1.45,1.3,1.89,7.0,2.47,1.74,8.25,2.25,3.55,5.5,1.41,2.65,6.0,15.0,2.75,1.43,1.12,1.03,1.24,2.12,4.6,9.0,4.04,1.72,1.2,1.05,0,0,0,0,1,1,0,0,0,0,1,1627257600,13401,0,52,31,29,0,15912,2,1,1,2,1,4,3,5,1,0,2,4,1,6,1,36,58,98,117,1.05,0.89,1.94,0,0,0,0,0,0,1,1,0,0,0,0,0,0,-1,-1,-1,-1,-1,-1,-1,-1,-1,23,30,45,52,93,38,77,52,37,12.1,3.43,4.07,2.68,/clubs/dc-united-13401,teams/usa-dc-united.png,DC United,/clubs/new-york-red-bulls-4,teams/usa-new-york-red-bulls.png,New York RB,2.0,1.0,2.0,0.71,1.21,1.38,77,70,55,48,7,55,55,47,1.7,1.48,3.18,/usa/new-york-red-bulls-vs-dc-united-h2h-stats#1201585,5674,34,True,False,False,False,False,False,False,['27'],[]
MLS,2021,5674,1201586,18,8,2021,complete,65699,0,-1,['51'],"['31', '42', '72']",1,3,4,6,3,9,1,2,2,1,0,0,6,4,7,4,13,8,14,15,49,51,13851,25,18,,,2,1,2.2,3.45,3.25,1.08,1.33,1.91,3.1,5.75,8.75,3.25,1.87,1.35,1.14,1.77,2.0,3.25,1.28,3.9,1.21,1.4,1.31,1.62,2.9,2.15,3.35,2.55,2.3,3.2,0,0,1.26,1.5,1.9,2.44,3.3,3.48,2.52,1.9,1.53,1.29,2.02,7.7,2.22,1.8,9.5,2.15,4.1,5.0,1.36,2.45,5.5,13.0,2.95,1.5,1.14,1.04,1.22,2.0,4.24,8.0,4.3,1.74,1.22,1.06,0,0,0,0,4,0,2,1,1,2,2,1627261200,8,0,53,25,21,0,32790,2,1,5,1,1,2,6,3,1,0,1,1,1,2,1,28,43,113,120,1.46,1.11,2.57,0,0,0,0,0,0,1,1,0,0,0,1,0,0,-1,-1,-1,-1,-1,-1,-1,-1,-1,0,29,59,86,94,32,44,86,65,11.63,1.96,2.67,2.67,/clubs/seattle-sounders-fc-18,teams/usa-seattle-sounders-fc.png,Seattle Sounders,/clubs/sporting-kansas-city-8,teams/usa-sporting-kansas-city.png,Sporting KC,1.67,1.53,2.25,1.5,2.13,1.93,100,71,42,15,7,71,65,50,1.64,1.32,2.96,/usa/sporting-kansas-city-vs-seattle-sounders-fc-h2h-stats#1201586,5674,35,True,True,True,True,False,False,True,['51'],"['31', '42', '72']"
MLS,2021,5674,1201587,5,698284,2021,complete,65699,0,-1,"['70', '83']",['45'],2,1,3,5,4,9,3,4,1,2,0,0,8,5,8,8,16,13,7,9,51,49,84,41087,2339,,,1,2,2.05,3.6,3.35,1.05,1.25,1.67,2.6,4.45,11.0,3.95,2.15,1.48,1.2,1.62,2.25,3.3,1.36,4.75,1.21,1.33,1.22,1.8,2.4,2.38,4.0,2.1,2.75,3.6,0,0,1.17,1.33,1.58,1.99,2.69,4.5,3.01,2.24,1.74,1.42,1.7,7.5,2.55,1.57,16.0,2.5,4.25,7.0,1.3,2.5,6.0,17.0,3.4,1.5,1.13,1.03,1.17,1.8,3.5,9.0,5.0,1.91,1.29,1.07,0,0,0,0,3,0,1,2,0,2,1,1630796400,5,0,39,5,15,0,-1,2,1,2,2,3,2,4,5,0,1,1,1,1,2,1,44,46,120,88,1.9,1.5,3.4,0,0,0,0,0,0,1,1,0,0,1,0,0,1,-1,-1,-1,-1,-1,-1,-1,-1,-1,5,20,39,67,91,10,67,68,53,11.01,3.17,3.05,2.21,/clubs/vancouver-whitecaps-fc-5,teams/canada-vancouver-whitecaps-fc.png,Vancouver Whitecaps,/clubs/austin-fc-698284,teams/usa-austin-fc.png,Austin,1.94,0.47,1.7,0.73,1.24,0.9,95,81,61,33,10,80,66,43,1.2,1.28,2.48,/usa/vancouver-whitecaps-fc-vs-austin-fc-h2h-stats#1201587,5674,34,True,True,True,False,False,False,True,"['70', '83']",['45']
MLS,2021,5674,1201588,6490,1015,2021,complete,65699,0,-1,"['40', '77']","['49', '90+5']",2,2,4,6,2,8,2,2,0,2,0,0,5,4,15,3,20,7,7,16,60,40,27,211,5,,,0,2,1.54,4.3,5.62,1.02,1.17,1.48,1.75,3.97,19.75,4.95,2.54,2.1,1.24,1.62,2.16,2.55,1.45,6.5,1.08,1.17,1.21,2.39,1.99,2.46,5.05,1.79,2.94,4.75,0,0,1.22,1.44,1.81,2.3,3.04,3.78,2.69,2.0,1.59,1.33,1.55,7.0,3.2,1.44,19.75,2.74,2.9,9.0,1.27,2.23,4.75,12.5,3.45,1.58,1.15,1.04,1.14,1.69,3.05,6.45,4.95,2.07,1.33,1.09,0,0,0,0,4,1,0,1,2,3,1,1627525800,-1,0,63,13,13,0,22003,2,1,2,2,4,0,4,4,0,0,0,2,0,2,1,57,25,162,123,2.04,0.93,2.96,0,0,0,0,0,0,1,1,0,0,1,1,0,0,-1,-1,-1,-1,-1,-1,-1,-1,-1,9,23,42,92,100,28,73,92,36,11.13,3.3,2.88,2.65,/clubs/los-angeles-fc-6490,teams/usa-los-angeles-fc.png,Los Angeles FC,/clubs/minnesota-united-fc-1015,teams/usa-minnesota-united-fc.png,Minnesota United,1.76,0.89,1.88,0.83,1.47,1.5,92,78,59,9,0,71,50,21,1.94,1.34,3.28,/usa/minnesota-united-fc-vs-los-angeles-fc-h2h-stats#1201588,5674,34,True,True,True,True,False,False,True,"['40', '77']","['49', '90+5']"
MLS,2021,5674,1201589,677446,1,2021,complete,65699,0,-1,"['49', '69']",['20'],2,1,3,5,0,5,1,1,2,1,0,0,4,2,8,10,12,12,11,10,44,56,13864,28121,39282,,,2,1,1.8,3.5,4.2,1.02,1.31,1.87,3.3,6.8,9.2,3.55,1.91,1.33,1.12,1.8,1.96,2.65,1.42,3.75,1.22,1.32,1.29,1.71,2.81,2.26,4.15,2.45,2.53,3.74,0,0,1.26,1.5,1.9,2.44,3.34,3.48,2.52,1.9,1.53,1.28,1.88,7.0,2.28,1.67,11.5,2.38,3.35,5.25,1.41,3.01,7.4,15.0,3.04,1.42,1.09,1.02,1.26,2.17,4.8,10.0,3.84,1.69,1.18,1.04,0,0,0,0,3,0,1,2,0,2,1,1627776000,677446,0,48,0,34,0,-1,2,1,3,0,2,0,3,2,0,1,2,0,1,2,1,39,42,84,97,1.32,1.21,2.53,1,0,1,0,0,0,1,1,0,0,0,0,0,0,-1,-1,-1,-1,-1,-1,-1,-1,-1,15,21,41,82,100,34,61,81,47,9.77,2.75,4.14,2.57,/clubs/club-internacional-de-futbol-miami-677446,teams/usa-club-internacional-de-futbol-miami.png,Inter Miami,/clubs/montreal-impact-1,teams/canada-montreal-impact.png,Montreal Impact,1.35,0.88,0.29,1.0,0.69,1.47,86,80,59,19,0,67,27,27,1.39,1.22,2.61,/usa/montreal-impact-vs-club-internacional-de-futbol-miami-h2h-stats#1201589,5674,34,True,True,True,False,False,False,True,"['49', '69']",['20']
MLS,2021,5674,1201590,2,9,2021,complete,65699,0,-1,"['14', '35', '51', '71']",['90+7'],4,1,5,5,6,11,3,1,4,1,0,0,7,2,9,6,16,8,13,4,44,56,35,762,13,,,4,1,1.48,4.3,5.9,1.04,1.26,1.95,3.3,6.01,13.5,3.96,1.92,1.33,1.14,1.91,1.79,2.05,1.69,5.25,1.11,1.14,1.21,2.51,2.18,2.4,6.01,1.77,2.76,5.5,0,0,1.26,1.5,1.9,2.44,3.34,3.48,2.52,1.9,1.53,1.28,1.38,8.0,3.7,1.41,13.5,3.1,2.4,8.25,1.38,2.84,5.9,16.0,3.19,1.46,1.1,1.02,1.22,2.04,4.3,11.0,4.24,1.78,1.22,1.05,0,0,0,0,5,2,0,2,1,3,2,1627687800,2,0,38,7,13,0,-1,2,1,3,2,2,4,5,6,2,0,2,1,2,3,1,70,80,80,104,2.0,1.23,3.22,0,1,0,1,0,0,1,1,0,0,1,2,0,0,-1,-1,-1,-1,-1,-1,-1,-1,-1,19,26,44,57,88,7,63,76,44,7.76,3.63,3.13,2.32,/clubs/new-york-city-fc-2,teams/usa-new-york-city-fc.png,New York City,/clubs/columbus-crew-9,teams/usa-columbus-crew.png,Columbus Crew,2.06,0.82,2.0,1.13,1.64,1.6,82,76,57,44,13,57,50,38,1.89,0.98,2.87,/usa/new-york-city-fc-vs-columbus-crew-h2h-stats#1201590,5674,34,True,True,True,True,True,False,True,"['14', '35', '51', '71']",['90+7']
MLS,2021,5674,1201591,17,1016,2021,complete,65699,0,-1,"['43', '79', '87']","['1', '66']",3,2,5,6,4,10,0,3,1,1,0,0,9,3,5,3,14,6,8,13,49,51,69,21031,40413,,,1,1,1.74,3.95,4.25,1.05,1.24,1.62,2.5,4.25,12.0,4.05,2.25,1.5,1.22,1.62,2.2,2.5,1.47,4.15,1.18,1.26,1.26,1.89,2.59,2.31,4.51,2.15,2.6,3.83,0,0,1.26,1.5,1.9,2.44,3.34,3.48,2.52,1.9,1.53,1.28,1.78,7.8,2.59,1.62,12.25,2.44,3.05,5.75,1.39,2.91,6.4,16.0,3.13,1.44,1.08,1.03,1.21,2.09,4.45,9.95,3.95,1.67,1.17,1.03,0,0,0,0,5,1,1,2,1,3,2,1627689600,17,0,53,13,34,0,-1,2,1,2,3,4,1,5,5,0,0,1,1,0,2,1,60,44,86,85,1.94,0.92,2.86,0,0,0,0,0,0,1,1,0,1,0,1,0,0,-1,-1,-1,-1,-1,-1,-1,-1,-1,7,14,48,73,87,34,67,80,41,7.68,3.71,4.14,2.28,/clubs/orlando-city-sc-17,teams/usa-orlando-city-sc.png,Orlando City,/clubs/atlanta-united-fc-1016,teams/usa-atlanta-united-fc.png,Atlanta United FC,1.82,1.06,2.0,0.63,1.67,0.93,93,87,53,27,14,39,32,32,1.42,1.23,2.65,/usa/orlando-city-sc-vs-atlanta-united-fc-h2h-stats#1201591,5674,35,True,True,True,True,True,False,True,"['43', '79', '87']","['1', '66']"
MLS,2021,5674,1201592,10,20,2021,complete,65699,0,-1,"['27', '34', '53', '56']",['29'],4,1,5,3,4,7,3,1,1,3,0,0,7,3,11,5,18,8,9,16,54,46,12,2,7206,,,1,3,2.05,3.9,3.25,1.04,1.18,1.5,2.2,3.55,15.0,4.8,2.5,1.65,1.28,1.45,2.6,3.55,1.25,4.9,1.13,1.34,1.28,1.7,2.69,2.56,3.62,2.28,2.81,3.18,0,0,1.26,1.5,1.9,2.44,3.34,3.48,2.52,1.9,1.53,1.28,1.79,7.0,2.4,1.7,20.5,2.12,4.15,6.0,1.25,2.31,4.52,10.0,3.53,1.65,1.17,1.06,1.15,1.74,3.26,6.5,5.45,2.09,1.34,1.1,0,0,0,0,5,2,1,2,0,2,3,1627696800,10,0,57,22,29,0,-1,2,1,3,2,0,2,5,2,0,0,1,3,0,4,1,64,57,107,95,2.09,1.13,3.22,1,0,1,0,0,0,1,1,0,0,0,0,0,0,-1,-1,-1,-1,-1,-1,-1,-1,-1,22,36,64,86,100,50,79,100,57,7.42,2.86,3.72,3.08,/clubs/la-galaxy-10,teams/usa-la-galaxy.png,LA Galaxy,/clubs/portland-timbers-20,teams/usa-portland-timbers.png,Portland Timbers,1.71,1.28,2.14,0.57,1.67,1.36,79,64,36,14,0,50,50,43,1.53,1.18,2.71,/usa/la-galaxy-vs-portland-timbers-h2h-stats#1201592,5674,34,True,True,True,True,True,False,True,"['27', '34', '53', '56']",['29']
MLS,2021,5674,1201593,4,11,2021,complete,65699,0,-1,"['8', '63']","['60', '84', '90+1']",2,3,5,5,4,9,0,1,2,2,0,0,4,8,8,10,12,18,12,9,53,47,13851,11574,21032,,,2,2,2.3,3.4,2.8,1.04,1.2,1.67,2.75,3.85,14.0,4.5,2.15,1.45,1.25,1.5,2.5,3.2,1.29,4.0,1.2,1.38,1.29,1.62,2.91,2.39,3.61,2.44,2.67,3.07,0,0,1.14,1.3,1.56,1.95,2.52,5.0,3.2,2.36,1.85,1.5,1.86,7.5,2.28,1.73,15.5,2.2,3.95,5.25,1.32,2.63,5.35,14.0,3.1,1.52,1.12,1.04,1.2,1.92,3.84,7.5,4.64,1.88,1.26,1.07,0,0,0,0,5,1,0,1,3,4,1,1627768800,11,0,53,17,36,0,13444,2,1,1,1,4,3,2,7,1,2,1,0,3,1,1,52,36,121,81,1.42,1.95,3.38,0,0,0,0,0,0,1,1,1,0,1,0,0,0,-1,-1,-1,-1,-1,-1,-1,-1,-1,11,22,45,89,100,22,64,89,45,9.83,3.39,3.0,2.67,/clubs/new-york-red-bulls-4,teams/usa-new-york-red-bulls.png,New York RB,/clubs/new-england-revolution-11,teams/usa-new-england-revolution.png,New England Revolution,1.76,2.0,2.17,1.67,1.29,2.06,89,78,56,11,0,64,50,42,1.54,1.56,3.1,/usa/new-york-red-bulls-vs-new-england-revolution-h2h-stats#1201593,5674,35,True,True,True,True,True,False,True,"['8', '63']","['60', '84', '90+1']"
MLS,2021,5674,1201594,18,15,2021,complete,65699,0,-1,[],['45+1'],0,1,1,7,1,8,1,3,3,3,0,0,3,4,7,2,10,6,17,19,65,35,39,25,1763,,,3,3,1.62,3.9,5.25,1.07,1.29,1.8,2.9,5.25,10.0,3.55,2.0,1.39,1.16,1.8,1.95,2.55,1.45,5.5,1.11,1.17,1.18,2.3,2.1,2.4,5.5,1.95,2.9,4.5,0,0,1.18,1.33,1.62,2.05,2.69,4.5,3.04,2.24,1.77,1.45,1.37,8.5,3.75,1.4,10.5,3.0,2.9,7.5,1.26,2.51,5.45,15.0,3.5,1.56,1.12,1.01,1.16,1.83,3.7,7.9,4.7,1.9,1.24,1.05,0,0,0,0,1,0,1,0,0,0,1,1627765200,15,0,54,7,36,0,-1,2,1,4,0,3,1,4,4,1,0,2,3,1,5,1,58,40,122,72,1.27,0.95,2.23,0,0,0,0,0,0,1,1,0,0,0,0,0,0,-1,-1,-1,-1,-1,-1,-1,-1,-1,7,29,53,82,89,24,54,89,65,10.55,1.92,3.81,2.59,/clubs/seattle-sounders-fc-18,teams/usa-seattle-sounders-fc.png,Seattle Sounders,/clubs/san-jose-earthquakes-15,teams/usa-san-jose-earthquakes.png,SJ Earthquakes,1.67,1.24,2.0,0.88,2.0,0.93,94,71,47,18,12,64,53,47,1.62,1.36,2.98,/usa/san-jose-earthquakes-vs-seattle-sounders-fc-h2h-stats#1201594,5674,34,True,False,False,False,False,False,False,[],['45+1']
MLS,2021,5674,1201595,8043,13401,2021,complete,65699,0,-1,[],[],0,0,0,4,2,6,3,2,3,3,0,2,3,6,9,6,12,12,18,15,69,31,13812,409,36107,,,3,6,2.7,3.35,2.55,1.09,1.37,2.0,3.3,6.0,8.0,3.0,1.77,1.32,1.13,1.83,1.95,3.55,1.25,3.1,1.31,1.57,1.3,1.41,3.59,2.3,3.07,3.02,2.57,2.57,0,0,1.21,1.43,1.77,2.24,2.98,3.92,2.74,2.05,1.62,1.34,2.28,7.0,1.87,2.06,12.5,1.84,4.65,4.0,1.38,2.86,6.2,15.0,3.18,1.45,1.09,1.02,1.24,2.09,4.4,9.0,4.04,1.74,1.21,1.05,0,0,0,0,0,0,0,0,0,0,0,1627774200,-1,0,62,17,39,0,-1,2,1,2,0,2,2,2,4,1,2,2,3,3,5,1,40,18,107,97,1.27,1.32,2.59,0,0,0,0,0,0,1,1,0,0,2,0,0,0,-1,-1,-1,-1,-1,-1,-1,-1,-1,17,39,58,78,94,33,68,94,45,9.38,2.7,6.1,2.84,/clubs/fc-cincinnati-8043,teams/usa-fc-cincinnati.png,FC Cincinnati,/clubs/dc-united-13401,teams/usa-dc-united.png,DC United,0.47,0.76,0.4,0.63,0.93,1.33,84,62,43,23,7,72,53,43,1.66,1.36,3.02,/usa/fc-cincinnati-vs-dc-united-h2h-stats#1201595,5674,34,False,False,False,False,False,False,False,[],[]
MLS,2021,5674,1201596,6,14,2021,complete,65699,0,-1,[],[],0,0,0,9,4,13,2,1,0,2,0,1,3,4,11,7,14,11,11,12,45,55,5016,28051,26962,,,0,3,2.1,3.35,3.6,1.09,1.37,2.05,3.35,6.5,7.75,3.0,1.77,1.31,1.12,1.87,1.87,2.9,1.34,4.05,1.19,1.32,1.29,1.72,2.74,2.35,4.0,2.3,2.63,3.38,0,0,1.14,1.31,1.6,2.0,2.6,5.0,3.14,2.28,1.81,1.47,1.78,7.5,2.4,1.7,13.75,2.23,3.6,5.5,1.36,2.75,5.8,13.0,3.29,1.48,1.1,1.04,1.21,1.99,4.04,10.0,4.44,1.82,1.24,1.06,0,0,0,0,0,0,0,0,0,0,0,1627777800,-1,0,82,29,37,0,13444,2,1,4,4,5,0,8,5,0,1,0,2,1,2,1,56,55,106,85,1.5,1.37,2.87,0,0,0,0,0,0,1,1,0,0,3,0,0,0,-1,-1,-1,-1,-1,-1,-1,-1,-1,0,29,75,92,100,55,74,92,55,10.3,3.47,5.0,2.95,/clubs/houston-dynamo-6,teams/usa-houston-dynamo.png,Houston Dynamo,/clubs/real-salt-lake-14,teams/usa-real-salt-lake.png,Real Salt Lake,1.41,1.05,2.0,1.4,1.13,1.43,100,72,25,9,0,82,72,72,1.46,1.11,2.57,/usa/houston-dynamo-vs-real-salt-lake-h2h-stats#1201596,5674,34,False,False,False,False,False,False,False,[],[]
MLS,2021,5674,1201597,8,13,2021,complete,65699,0,-1,['85'],"['3', '51']",1,2,3,7,2,9,2,2,1,4,0,0,6,5,16,7,22,12,12,14,59,41,58,18,12956,,,1,4,1.57,4.2,5.5,1.05,1.25,1.65,2.5,4.25,11.0,3.9,2.2,1.5,1.22,1.71,2.1,2.4,1.51,6.0,1.09,1.16,1.21,2.43,2.09,2.6,5.59,1.85,2.97,5.15,0,0,1.21,1.43,1.77,2.24,2.98,3.92,2.74,2.05,1.62,1.34,1.38,8.0,3.75,1.36,18.25,3.1,2.7,8.25,1.3,2.45,5.5,15.0,3.52,1.58,1.15,1.03,1.17,1.83,3.52,8.0,5.0,1.97,1.3,1.08,0,0,0,0,3,0,1,1,1,2,1,1627777800,13,0,59,0,34,0,-1,2,1,3,1,4,1,4,5,0,0,1,4,0,5,1,86,21,155,71,2.43,1.26,3.69,0,0,0,0,0,0,1,1,0,1,0,0,0,0,-1,-1,-1,-1,-1,-1,-1,-1,-1,7,27,53,86,100,27,73,100,53,11.7,3.93,3.81,2.72,/clubs/sporting-kansas-city-8,teams/usa-sporting-kansas-city.png,Sporting KC,/clubs/fc-dallas-13,teams/usa-fc-dallas.png,FC Dallas,1.84,0.65,2.25,0.0,2.0,0.93,94,73,48,15,0,52,46,25,2.17,1.19,3.36,/usa/sporting-kansas-city-vs-fc-dallas-h2h-stats#1201597,5674,34,True,True,True,False,False,False,True,['85'],"['3', '51']"
MLS,2021,5674,1201598,698284,12,2021,complete,65699,0,-1,[],['29'],0,1,1,6,4,10,3,3,2,0,0,0,3,6,11,10,14,16,3,0,58,42,42,2339,11434,,,2,0,1.91,3.6,3.9,1.07,1.3,1.83,3.0,5.5,9.5,3.4,1.95,1.37,1.15,1.77,2.0,2.7,1.42,4.2,1.19,1.28,1.33,1.9,2.68,2.3,4.43,2.34,2.59,3.88,0,0,1.12,1.29,1.5,1.85,2.4,5.5,3.3,2.4,1.85,1.5,1.7,7.5,2.55,1.57,12.5,2.6,3.4,6.0,1.41,2.97,6.95,13.0,3.09,1.43,1.1,1.02,1.24,2.08,4.4,9.0,4.04,1.75,1.21,1.05,0,0,0,0,1,0,1,0,0,0,1,1627779600,12,0,27,10,9,0,-1,2,1,2,3,4,1,5,5,1,0,1,0,1,1,1,66,40,149,65,1.58,1.71,3.3,0,0,0,0,0,0,1,1,0,0,0,0,0,0,-1,-1,-1,-1,-1,-1,-1,-1,-1,10,19,35,54,72,35,62,64,19,12.37,2.63,3.63,1.89,/clubs/austin-fc-698284,teams/usa-austin-fc.png,Austin,/clubs/colorado-rapids-12,teams/usa-colorado-rapids.png,Colorado Rapids,1.35,1.59,1.0,1.17,0.93,1.71,90,82,65,47,29,74,65,49,1.74,1.2,2.94,/usa/colorado-rapids-vs-austin-fc-h2h-stats#1201598,5674,34,True,False,False,False,False,False,False,[],['29']
MLS,2021,5674,1201599,5,1015,2021,complete,65699,0,-1,"['36', '90+4']","['45', '75']",2,2,4,5,3,8,2,3,3,3,0,0,2,4,10,8,12,12,17,13,51,49,19912,7207,5,,,3,3,3.3,3.4,2.2,1.08,1.34,1.95,3.25,6.0,8.25,3.15,1.83,1.33,1.13,1.8,1.95,5.0,1.12,3.1,1.31,1.92,1.25,1.26,4.22,2.53,2.45,3.68,2.82,2.07,0,0,1.21,1.43,1.77,2.24,2.98,3.92,2.74,2.05,1.62,1.34,2.55,7.5,1.71,2.34,19.0,1.59,6.5,3.65,1.28,2.4,4.82,15.0,3.37,1.61,1.15,1.03,1.16,1.8,3.44,7.0,5.2,2.01,1.31,1.1,0,0,0,0,4,1,1,1,1,2,2,1627783200,-1,0,43,0,14,0,-1,2,1,1,1,4,2,2,6,1,1,2,2,2,4,1,39,32,93,135,1.18,1.29,2.47,1,0,1,0,0,0,1,1,0,0,1,0,0,0,-1,-1,-1,-1,-1,-1,-1,-1,-1,7,29,43,72,93,7,65,79,50,8.71,3.15,3.57,2.43,/clubs/vancouver-whitecaps-fc-5,teams/canada-vancouver-whitecaps-fc.png,Vancouver Whitecaps,/clubs/minnesota-united-fc-1015,teams/usa-minnesota-united-fc.png,Minnesota United,1.94,0.89,1.43,0.86,0.93,1.47,93,72,57,29,7,57,36,14,1.13,1.28,2.41,/usa/vancouver-whitecaps-fc-vs-minnesota-united-fc-h2h-stats#1201599,5674,35,True,True,True,True,False,False,True,"['36', '90+4']","['45', '75']"
MLS,2021,5674,1201600,16,7,2021,complete,65699,0,-1,['36'],['10'],1,1,2,13,1,14,2,1,2,2,0,1,5,2,21,2,26,4,17,8,56,44,13942,40182,2414,,,2,4,1.76,3.79,4.6,1.03,1.21,1.6,1.6,4.68,15.5,4.33,2.25,2.38,1.18,1.64,2.13,2.6,1.43,5.0,1.12,1.21,1.26,2.03,2.25,2.4,4.5,2.0,2.73,4.13,0,0,1.21,1.43,1.77,2.24,2.98,3.92,2.74,2.05,1.62,1.34,1.52,7.5,3.05,1.5,15.5,2.75,3.05,7.0,1.31,2.41,5.3,18.0,3.17,1.51,1.12,1.01,1.19,1.9,3.76,10.0,4.75,1.9,1.27,1.05,0,0,0,0,2,1,1,0,0,0,2,1627855200,-1,0,42,0,42,0,-1,2,1,5,0,8,1,5,9,1,2,1,1,3,2,1,91,37,131,80,2.64,0.67,3.31,0,0,0,0,0,0,1,1,0,1,3,0,0,0,-1,-1,-1,-1,-1,-1,-1,-1,-1,10,20,42,76,100,27,76,66,52,8.54,2.6,4.26,2.57,/clubs/philadelphia-union-16,teams/usa-philadelphia-union.png,Philadelphia Union,/clubs/chicago-fire-7,teams/usa-chicago-fire.png,Chicago Fire,2.0,0.47,1.86,0.0,1.5,0.8,90,80,59,25,0,59,59,32,1.27,1.2,2.47,/usa/chicago-fire-vs-philadelphia-union-h2h-stats#1201600,5674,34,True,True,False,False,False,False,True,['36'],['10']
MLS,2021,5674,1201601,19,677447,2021,complete,65699,0,-1,['19'],['41'],1,1,2,4,6,10,0,2,0,1,0,0,2,4,4,9,6,13,8,10,53,47,24,11435,40174,,,0,1,2.35,3.45,2.95,1.07,1.28,1.8,2.85,4.95,9.75,3.55,2.0,1.41,1.17,1.67,2.15,3.05,1.32,3.5,1.25,1.4,1.31,1.55,2.9,2.13,3.37,2.59,2.55,3.02,0,0,1.26,1.5,1.9,2.44,3.34,3.48,2.52,1.9,1.53,1.28,1.88,7.0,2.28,1.85,12.5,2.06,4.0,4.7,1.38,2.68,6.1,15.0,2.83,1.42,1.09,1.02,1.24,2.09,4.4,11.5,4.05,1.74,1.21,1.04,0,0,0,0,2,1,1,0,0,0,2,1627860600,-1,0,46,9,38,0,-1,2,1,2,3,2,3,5,5,0,0,0,1,0,1,1,52,29,112,126,0.91,1.33,2.24,0,0,0,0,0,0,1,1,0,0,2,0,0,0,-1,-1,-1,-1,-1,-1,-1,-1,-1,9,29,29,75,75,9,59,75,38,9.5,2.67,3.58,2.17,/clubs/toronto-fc-19,teams/canada-toronto-fc.png,Toronto,/clubs/nashville-sc-mls-677447,teams/usa-nashville-sc-mls.png,Nashville SC,1.12,1.22,1.0,0.75,0.87,1.73,92,71,71,25,25,67,59,38,1.31,1.09,2.4,/usa/toronto-fc-vs-nashville-sc-mls-h2h-stats#1201601,5674,34,True,True,False,False,False,False,True,['19'],['41']
MLS,2021,5674,1201602,9,13401,2021,complete,65699,0,-1,"['65', '71']","['19', '40', '45+3', '74']",2,4,6,5,2,7,2,0,3,1,0,0,4,5,12,4,16,9,7,15,70,30,44,13,36107,,,3,1,2.3,3.1,3.15,1.12,1.49,2.3,4.1,8.25,6.5,2.55,1.59,1.24,1.08,2.1,1.71,2.25,1.69,3.9,1.28,1.27,1.3,1.78,2.55,1.95,4.5,2.21,2.39,4.17,0,0,1.27,1.45,1.77,2.27,3.1,3.55,2.55,1.94,1.56,1.32,1.43,7.5,3.45,1.64,8.8,2.62,3.05,7.5,1.45,3.3,7.5,17.0,2.5,1.28,1.06,1.01,1.32,2.45,5.8,12.0,3.38,1.55,1.14,1.03,0,0,0,0,6,0,3,2,1,3,3,1628119800,13401,0,57,13,31,0,18398,2,1,0,2,5,0,2,5,3,0,0,1,3,1,1,63,23,134,77,1.75,1.09,2.85,0,1,0,1,0,0,1,1,0,0,0,0,0,0,-1,-1,-1,-1,-1,-1,-1,-1,-1,6,31,62,69,75,33,69,68,37,8.4,2.1,5.18,2.43,/clubs/columbus-crew-9,teams/usa-columbus-crew.png,Columbus Crew,/clubs/dc-united-13401,teams/usa-dc-united.png,DC United,1.94,0.76,2.14,0.67,1.5,1.31,95,69,38,31,26,50,26,18,1.5,1.36,2.86,/usa/columbus-crew-vs-dc-united-h2h-stats#1201602,5674,34,True,True,True,True,True,True,True,"['65', '71']","['19', '40', '45+3', '74']"
MLS,2021,5674,1201603,4,8043,2021,complete,65699,0,-1,[],[],0,0,0,7,4,11,1,1,2,3,0,0,5,2,17,7,22,9,17,17,52,48,13889,11574,409,,,2,3,1.71,3.65,4.75,1.06,1.26,1.71,2.7,4.75,10.25,3.75,2.1,1.44,1.18,1.74,2.1,2.4,1.61,6.5,1.14,1.11,1.19,2.64,2.0,2.35,5.2,1.83,2.79,4.88,0,0,1.26,1.36,1.63,2.03,2.7,3.65,2.9,2.13,1.7,1.41,1.27,8.5,4.6,1.45,15.0,2.85,2.9,12.0,1.37,2.45,5.3,17.0,2.85,1.47,1.12,1.03,1.21,1.95,3.94,10.0,4.44,1.85,1.25,1.06,0,0,0,0,0,0,0,0,0,0,0,1628121600,-1,0,51,17,40,0,9203,2,1,2,4,5,0,6,5,1,1,1,2,2,3,1,70,16,131,66,2.24,0.83,3.07,0,0,0,0,0,0,1,1,0,0,0,0,0,0,-1,-1,-1,-1,-1,-1,-1,-1,-1,18,24,55,95,100,28,68,95,52,7.33,4.25,3.71,3.14,/clubs/new-york-red-bulls-4,teams/usa-new-york-red-bulls.png,New York RB,/clubs/fc-cincinnati-8043,teams/usa-fc-cincinnati.png,FC Cincinnati,1.76,0.71,1.86,1.22,1.2,0.93,82,77,45,6,0,62,43,35,1.53,1.12,2.65,/usa/new-york-red-bulls-vs-fc-cincinnati-h2h-stats#1201603,5674,34,False,False,False,False,False,False,False,[],[]
MLS,2021,5674,1201604,11,677447,2021,complete,65699,0,-1,[],[],0,0,0,6,3,9,1,1,3,1,0,0,6,2,5,3,11,5,14,11,69,31,44,21032,40174,,,3,1,1.8,3.7,4.5,1.06,1.28,1.88,3.25,4.85,10.0,3.6,1.88,1.33,1.18,1.74,2.05,2.55,1.56,5.25,1.19,1.21,1.24,2.04,2.46,2.32,4.94,2.06,2.54,4.3,0,0,1.17,1.43,1.73,2.23,3.0,4.7,2.62,1.99,1.58,1.34,1.36,8.5,3.75,1.56,11.25,2.65,3.25,9.75,1.4,2.94,6.1,21.0,3.11,1.43,1.09,1.02,1.24,2.09,4.4,11.0,4.04,1.74,1.21,1.05,0,0,0,0,0,0,0,0,0,0,0,1628118000,-1,0,56,25,25,0,-1,2,1,1,2,5,1,3,6,2,1,1,0,3,1,1,0,0,0,0,1.53,0.67,2.2,0,0,0,0,0,0,1,1,0,0,0,0,0,0,-1,-1,-1,-1,-1,-1,-1,-1,-1,15,32,46,66,80,39,66,70,32,10.69,2.63,2.91,2.37,/clubs/new-england-revolution-11,teams/usa-new-england-revolution.png,New England Revolution,/clubs/nashville-sc-mls-677447,teams/usa-nashville-sc-mls.png,Nashville SC,2.22,1.22,2.57,0.8,2.12,1.69,86,69,55,35,20,66,66,39,1.65,1.14,2.79,/usa/new-england-revolution-vs-nashville-sc-mls-h2h-stats#1201604,5674,35,False,False,False,False,False,False,False,[],[]
MLS,2021,5674,1201605,17,677446,2021,complete,65699,0,-1,['45+1'],['66'],1,1,2,7,4,11,1,2,2,1,0,0,5,1,10,4,15,5,12,16,57,43,7,21031,28121,,,2,1,1.72,4.2,4.4,1.03,1.21,1.7,2.85,4.75,16.25,4.23,2.0,1.42,1.18,1.67,2.07,2.7,1.49,5.5,1.17,1.19,1.24,2.1,2.2,2.29,4.55,1.95,2.78,4.2,0,0,1.21,1.39,1.67,2.12,2.8,3.92,2.77,2.07,1.64,1.38,1.59,8.0,3.13,1.52,16.25,2.56,3.3,8.75,1.32,2.44,5.4,12.0,3.12,1.49,1.12,1.03,1.2,1.93,3.84,8.0,4.64,1.87,1.26,1.06,0,0,0,0,2,1,0,0,1,1,1,1628121600,-1,0,42,7,42,0,17966,2,1,3,3,4,1,6,5,0,0,2,1,0,3,1,33,40,90,96,1.54,0.69,2.23,0,0,0,0,0,0,1,1,0,0,0,1,0,0,-1,-1,-1,-1,-1,-1,-1,-1,-1,21,21,48,54,86,28,54,71,48,7.42,3.17,4.63,2.29,/clubs/orlando-city-sc-17,teams/usa-orlando-city-sc.png,Orlando City,/clubs/club-internacional-de-futbol-miami-677446,teams/usa-club-internacional-de-futbol-miami.png,Inter Miami,1.82,1.06,2.13,1.17,1.75,0.86,79,79,53,46,15,46,46,32,1.49,0.78,2.27,/usa/orlando-city-sc-vs-club-internacional-de-futbol-miami-h2h-stats#1201605,5674,34,True,True,False,False,False,False,True,['45+1'],['66']
MLS,2021,5674,1201606,16,19,2021,complete,65699,0,-1,"['12', '33', '36']",[],3,0,3,7,3,10,1,1,3,0,0,0,8,0,10,5,18,5,7,4,50,50,15,40182,11435,,,3,0,1.65,3.9,4.9,1.05,1.22,1.59,2.4,4.05,12.0,4.25,2.3,1.56,1.24,1.62,2.25,2.8,1.48,6.25,1.15,1.15,1.18,2.5,2.26,2.55,4.86,1.9,2.86,4.3,0,0,1.23,1.38,1.65,2.1,2.77,3.9,2.8,2.1,1.65,1.39,1.34,8.5,4.0,1.5,18.5,2.58,3.35,10.25,1.28,2.43,4.9,15.0,3.35,1.59,1.14,1.03,1.17,1.82,3.52,8.0,5.1,1.99,1.3,1.08,0,0,0,0,3,3,0,0,0,0,3,1628119800,16,0,64,18,41,0,-1,2,1,5,1,2,2,6,4,1,0,2,0,1,2,1,68,45,93,118,2.18,0.66,2.84,1,1,1,0,0,1,1,1,0,0,1,0,0,0,-1,-1,-1,-1,-1,-1,-1,-1,-1,22,22,53,82,100,35,82,76,53,10.46,4.44,3.77,3.01,/clubs/philadelphia-union-16,teams/usa-philadelphia-union.png,Philadelphia Union,/clubs/toronto-fc-19,teams/canada-toronto-fc.png,Toronto,2.0,0.53,1.75,0.78,1.47,0.88,78,78,48,18,0,54,54,42,1.44,1.18,2.62,/usa/philadelphia-union-vs-toronto-fc-h2h-stats#1201606,5674,34,True,True,True,False,False,False,False,"['12', '33', '36']",[]
MLS,2021,5674,1201607,1,1016,2021,complete,65699,0,-1,"['53', '63']","['65', '76']",2,2,4,5,5,10,2,1,2,3,2,1,4,4,7,9,11,13,8,8,44,56,40,39282,40413,,,6,5,2.1,3.6,3.15,1.05,1.24,1.65,2.55,4.35,12.0,4.05,2.2,1.5,1.21,1.61,2.3,3.15,1.38,3.95,1.27,1.35,1.27,1.7,2.73,2.15,3.58,2.42,2.61,3.2,0,0,1.35,1.63,2.07,2.77,3.45,2.95,2.13,1.67,1.39,1.28,1.65,7.0,2.7,1.76,13.25,2.14,4.2,5.75,1.37,2.64,5.95,13.0,2.87,1.43,1.1,1.02,1.23,2.06,4.3,9.0,4.2,1.76,1.22,1.05,0,0,0,0,4,0,0,2,2,4,0,1628119800,-1,0,62,38,38,0,-1,2,1,2,2,3,3,4,6,1,1,3,3,2,6,1,38,44,112,103,1.26,1.42,2.69,0,1,0,1,0,0,1,1,0,0,0,0,0,0,-1,-1,-1,-1,-1,-1,-1,-1,-1,20,26,51,68,80,44,62,73,38,9.36,3.68,5.07,2.79,/clubs/montreal-impact-1,teams/canada-montreal-impact.png,Montreal Impact,/clubs/atlanta-united-fc-1016,teams/usa-atlanta-united-fc.png,Atlanta United FC,1.82,1.06,2.0,0.56,1.38,0.88,80,75,50,33,20,41,35,29,1.51,1.19,2.7,/usa/montreal-impact-vs-atlanta-united-fc-h2h-stats#1201607,5674,34,True,True,True,True,False,False,True,"['53', '63']","['65', '76']"
MLS,2021,5674,1201608,1015,12,2021,complete,65699,0,-1,['8'],"['73', '84', '90+3']",1,3,4,7,4,11,0,0,1,1,0,1,3,11,12,8,15,19,13,11,56,44,13889,5,11434,,,1,3,2.1,3.5,3.1,1.01,1.24,1.65,2.65,5.15,10.5,3.88,2.15,1.47,1.12,1.66,2.22,3.3,1.29,4.0,1.2,1.38,1.3,1.68,2.78,2.26,3.65,2.56,2.62,3.3,0,0,1.21,1.48,1.75,2.2,2.98,3.92,2.5,1.95,1.62,1.34,1.73,7.5,2.6,1.87,10.5,2.25,4.4,6.25,1.36,2.62,6.5,12.5,3.15,1.49,1.11,1.01,1.22,2.0,4.2,8.0,4.3,1.81,1.23,1.05,0,0,0,0,4,1,0,0,3,3,1,1633896000,12,0,35,16,12,0,-1,2,1,1,2,7,2,3,9,0,1,1,1,1,2,1,43,36,124,90,1.48,2.23,3.71,0,1,0,1,0,0,1,1,1,0,0,0,0,0,-1,-1,-1,-1,-1,-1,-1,-1,-1,0,16,43,62,92,46,73,62,19,11.0,3.69,3.61,2.12,/clubs/minnesota-united-fc-1015,teams/usa-minnesota-united-fc.png,Minnesota United,/clubs/colorado-rapids-12,teams/usa-colorado-rapids.png,Colorado Rapids,1.94,1.59,2.0,1.62,1.41,1.78,100,85,58,39,8,73,58,39,1.82,1.39,3.21,/usa/colorado-rapids-vs-minnesota-united-fc-h2h-stats#1201608,5674,35,True,True,True,True,False,False,True,['8'],"['73', '84', '90+3']"
MLS,2021,5674,1201609,7,2,2021,complete,65699,0,-1,[],[],0,0,0,2,2,4,3,0,1,2,0,1,1,4,5,10,6,14,9,15,53,47,27,2414,762,,,1,3,3.2,4.0,2.04,1.02,1.17,1.5,2.4,4.18,19.5,5.29,2.4,1.57,1.24,1.48,2.48,5.5,1.18,3.55,1.32,1.86,1.21,1.33,3.9,2.54,2.57,3.33,2.8,2.21,0,0,1.23,1.48,1.82,2.35,3.2,3.9,2.47,1.88,1.52,1.3,2.4,7.0,1.79,2.19,19.5,1.66,7.75,4.45,1.27,2.36,4.7,15.0,3.43,1.63,1.15,1.03,1.16,1.78,3.38,8.0,5.25,2.04,1.32,1.08,0,0,0,0,0,0,0,0,0,0,0,1628121600,-1,0,67,32,40,0,8371,2,1,0,2,2,0,2,2,0,1,1,2,1,3,1,64,37,129,101,0.93,1.44,2.37,0,0,0,0,0,0,1,1,0,0,0,1,0,0,-1,-1,-1,-1,-1,-1,-1,-1,-1,5,20,64,85,100,37,64,87,50,12.07,4.27,4.63,2.79,/clubs/chicago-fire-7,teams/usa-chicago-fire.png,Chicago Fire,/clubs/new-york-city-fc-2,teams/usa-new-york-city-fc.png,New York City,1.53,1.1,1.2,1.17,0.81,1.73,95,80,37,15,0,54,44,44,1.93,1.63,3.56,/usa/new-york-city-fc-vs-chicago-fire-h2h-stats#1201609,5674,34,False,False,False,False,False,False,False,[],[]
MLS,2021,5674,1201610,698284,6,2021,complete,65699,0,-1,"['7', '45+1', '56']","['27', '86']",3,2,5,3,2,5,2,1,1,1,0,1,4,2,10,6,14,8,10,12,67,33,13893,2339,28051,,,1,3,1.91,3.35,3.95,1.09,1.37,2.0,3.35,6.5,8.0,3.0,1.77,1.31,1.12,1.95,1.83,2.55,1.54,4.05,1.26,1.25,1.33,1.96,2.35,2.1,4.4,2.15,2.5,4.08,0,0,1.11,1.22,1.44,1.75,2.25,5.5,3.78,2.61,1.95,1.57,1.5,8.0,3.1,1.61,10.5,2.56,3.35,6.75,1.37,2.8,6.2,15.0,2.8,1.37,1.08,1.02,1.27,2.24,5.05,10.0,3.76,1.65,1.17,1.04,0,0,0,0,5,2,1,1,1,2,3,1628125200,698284,0,48,31,11,0,20738,2,1,2,0,1,2,2,3,0,1,1,1,1,2,1,70,37,126,66,1.68,0.91,2.59,0,0,0,0,0,0,1,1,1,0,0,0,0,0,-1,-1,-1,-1,-1,-1,-1,-1,-1,14,20,25,61,78,31,59,53,25,11.61,2.61,4.5,1.97,/clubs/austin-fc-698284,teams/usa-austin-fc.png,Austin,/clubs/houston-dynamo-6,teams/usa-houston-dynamo.png,Houston Dynamo,1.35,0.35,0.83,0.56,0.87,1.13,86,81,75,39,22,75,75,56,1.72,1.11,2.83,/usa/houston-dynamo-vs-austin-fc-h2h-stats#1201610,5674,34,True,True,True,True,True,False,True,"['7', '45+1', '56']","['27', '86']"
MLS,2021,5674,1201611,18,13,2021,complete,65699,0,-1,['72'],['90+1'],1,1,2,3,5,8,1,2,1,0,0,0,6,3,10,6,16,9,9,10,48,52,24,25,12956,,,1,0,1.83,3.55,4.15,1.08,1.33,1.95,3.15,6.0,9.0,3.2,1.83,1.34,1.14,1.87,1.91,2.75,1.48,5.5,1.17,1.17,1.25,2.14,2.25,2.25,4.3,2.01,2.71,4.12,0,0,1.25,1.5,1.89,2.44,3.3,3.54,2.52,1.91,1.53,1.29,1.43,7.5,3.45,1.55,14.75,2.54,3.4,8.75,1.35,2.5,5.2,12.0,2.9,1.47,1.12,1.03,1.2,1.92,3.84,8.0,4.64,1.88,1.26,1.06,0,0,0,0,2,0,0,1,1,2,0,1628128800,-1,0,39,0,34,0,31628,2,1,2,2,1,3,4,4,0,0,1,0,0,1,1,82,40,106,98,2.02,1.08,3.1,0,0,0,0,0,0,1,1,0,0,0,0,0,0,-1,-1,-1,-1,-1,-1,-1,-1,-1,0,28,50,78,95,23,57,90,55,9.18,3.08,4.33,2.5,/clubs/seattle-sounders-fc-18,teams/usa-seattle-sounders-fc.png,Seattle Sounders,/clubs/fc-dallas-13,teams/usa-fc-dallas.png,FC Dallas,1.67,0.65,1.8,0.38,1.88,1.06,100,73,50,23,5,54,38,20,1.58,1.2,2.78,/usa/fc-dallas-vs-seattle-sounders-fc-h2h-stats#1201611,5674,34,True,True,False,False,False,False,True,['72'],['90+1']
MLS,2021,5674,1201612,6490,8,2021,complete,65699,0,-1,['82'],"['20', '28', '36', '58']",1,4,5,5,4,9,1,1,5,5,0,0,1,4,21,5,22,9,15,13,55,45,35,211,18,,,5,5,1.67,4.0,4.6,1.04,1.17,1.47,2.1,3.35,14.0,4.95,2.6,1.71,1.31,1.51,2.5,2.7,1.49,7.0,1.13,1.26,1.24,1.94,2.0,2.45,4.7,1.85,2.86,4.5,0,0,1.21,1.41,1.75,2.2,2.89,3.92,2.82,2.08,1.64,1.36,1.3,8.5,4.3,1.47,18.75,2.66,3.25,12.0,1.27,2.2,4.7,10.0,3.4,1.6,1.15,1.04,1.16,1.76,3.32,7.0,5.35,2.06,1.33,1.08,0,0,0,0,5,0,3,1,1,2,3,1628130600,8,0,75,33,31,0,22114,2,1,2,2,3,2,4,5,2,2,3,3,4,6,1,60,19,145,97,1.9,1.0,2.9,0,0,0,0,0,0,1,1,0,0,1,0,0,0,-1,-1,-1,-1,-1,-1,-1,-1,-1,0,33,64,93,100,45,62,93,58,12.57,3.54,1.92,2.89,/clubs/los-angeles-fc-6490,teams/usa-los-angeles-fc.png,Los Angeles FC,/clubs/sporting-kansas-city-8,teams/usa-sporting-kansas-city.png,Sporting KC,1.76,1.53,1.78,1.71,1.44,1.88,100,68,37,7,0,69,51,33,1.95,1.29,3.24,/usa/sporting-kansas-city-vs-los-angeles-fc-h2h-stats#1201612,5674,34,True,True,True,True,True,False,True,['82'],"['20', '28', '36', '58']"
MLS,2021,5674,1201613,20,15,2021,complete,65699,0,-1,['45+6'],['24'],1,1,2,6,4,10,0,1,5,3,1,0,4,8,16,5,20,13,13,10,58,42,3,7206,1763,,,6,3,1.83,3.8,3.8,1.05,1.24,1.65,2.5,4.25,13.0,4.1,2.2,1.5,1.22,1.61,2.25,3.2,1.38,5.75,1.17,1.24,1.21,2.03,2.3,2.25,4.0,2.05,2.84,3.7,0,0,1.22,1.45,1.81,2.28,3.04,3.8,2.69,2.0,1.6,1.33,1.78,7.0,2.4,1.58,19.5,2.34,3.9,8.25,1.28,2.25,4.8,11.0,3.3,1.55,1.15,1.03,1.16,1.8,3.44,7.0,5.2,2.01,1.31,1.08,0,0,0,0,2,1,1,0,0,0,2,1628130600,-1,0,57,27,24,0,22233,2,1,5,1,1,3,6,4,1,0,5,3,1,8,1,69,40,127,61,2.04,1.66,3.71,0,0,0,0,0,0,1,1,0,0,0,0,0,0,-1,-1,-1,-1,-1,-1,-1,-1,-1,6,11,58,69,95,33,62,75,43,8.73,2.73,3.76,2.38,/clubs/portland-timbers-20,teams/usa-portland-timbers.png,Portland Timbers,/clubs/san-jose-earthquakes-15,teams/usa-san-jose-earthquakes.png,SJ Earthquakes,2.1,1.24,2.14,1.11,1.27,1.06,95,89,43,31,6,65,65,51,1.59,1.32,2.91,/usa/san-jose-earthquakes-vs-portland-timbers-h2h-stats#1201613,5674,34,True,True,False,False,False,False,True,['45+6'],['24']
MLS,2021,5674,1201614,10,14,2021,complete,65699,0,-1,['53'],[],1,0,1,7,8,15,2,0,0,3,0,0,9,4,5,11,14,15,8,6,50,50,20,2,26962,,,0,3,1.8,3.9,3.85,1.05,1.24,1.65,2.55,4.3,13.0,4.1,2.2,1.5,1.21,1.65,2.2,3.5,1.33,4.8,1.21,1.31,1.25,1.79,2.55,2.3,3.4,2.33,2.73,3.18,0,0,1.25,1.49,1.88,2.41,3.26,3.54,2.54,1.92,1.54,1.29,1.53,7.5,3.05,1.72,17.0,2.13,4.5,7.0,1.3,2.3,5.2,11.0,3.2,1.55,1.13,1.03,1.18,1.86,3.68,7.0,4.9,1.94,1.28,1.08,0,0,0,0,1,0,0,1,0,1,0,1628130600,10,0,65,36,36,0,15544,2,1,6,2,1,6,8,7,0,1,0,2,1,2,1,40,75,96,110,1.81,1.77,3.57,0,0,0,0,0,0,1,1,0,0,0,0,0,0,-1,-1,-1,-1,-1,-1,-1,-1,-1,13,36,73,86,92,50,71,92,57,7.46,2.83,4.75,2.98,/clubs/la-galaxy-10,teams/usa-la-galaxy.png,LA Galaxy,/clubs/real-salt-lake-14,teams/usa-real-salt-lake.png,Real Salt Lake,1.71,1.05,2.25,1.33,1.75,1.4,88,65,28,15,9,54,46,40,1.6,1.15,2.75,/usa/la-galaxy-vs-real-salt-lake-h2h-stats#1201614,5674,34,True,False,False,False,False,False,False,['53'],[]
MLS,2021,5674,1201615,677446,677447,2021,complete,65699,0,-1,"['60', '90+5']",['48'],2,1,3,7,2,9,1,1,0,1,0,0,9,2,6,6,15,8,6,14,59,41,20,28121,40174,,,0,1,2.65,3.2,2.7,1.12,1.38,2.33,3.9,7.75,6.5,2.95,1.56,1.25,1.1,2.05,1.74,2.85,1.45,3.05,1.41,1.44,1.35,1.52,3.24,2.05,3.6,2.92,2.36,3.24,0,0,1.22,1.43,1.79,2.22,3.0,3.82,2.62,2.02,1.65,1.34,1.96,7.0,2.36,2.06,7.7,2.18,4.4,4.9,1.49,3.26,9.0,21.0,2.62,1.34,1.06,1.02,1.31,2.43,5.75,16.0,3.45,1.56,1.14,1.01,0,0,0,0,3,0,0,2,1,3,0,1628460000,677446,0,48,9,28,0,-1,2,1,3,0,4,2,3,6,0,1,0,0,1,0,1,42,22,150,64,1.9,0.81,2.71,0,0,0,0,0,0,1,1,0,0,2,0,0,0,-1,-1,-1,-1,-1,-1,-1,-1,-1,13,21,40,75,75,28,63,61,34,10.17,3.05,3.3,2.23,/clubs/club-internacional-de-futbol-miami-677446,teams/usa-club-internacional-de-futbol-miami.png,Inter Miami,/clubs/nashville-sc-mls-677447,teams/usa-nashville-sc-mls.png,Nashville SC,1.35,1.22,0.63,0.83,0.87,1.65,88,79,61,25,25,65,38,21,1.38,1.06,2.44,/usa/club-internacional-de-futbol-miami-vs-nashville-sc-mls-h2h-stats#1201615,5674,34,True,True,True,False,False,False,True,"['60', '90+5']",['48']
MLS,2021,5674,1201616,8043,17,2021,complete,65699,0,-1,['42'],['56'],1,1,2,2,6,8,1,0,1,3,0,0,2,5,15,8,17,13,5,9,46,54,24,409,21031,,,1,3,2.5,3.4,2.65,1.07,1.29,1.8,2.9,5.25,9.5,3.45,1.95,1.39,1.16,1.71,2.1,3.8,1.29,4.1,1.26,1.47,1.29,1.57,2.95,2.31,3.3,2.7,2.68,3.02,0,0,1.29,1.57,1.91,2.4,3.3,3.3,2.25,1.8,1.5,1.29,1.85,7.0,2.4,1.96,11.75,2.09,5.25,5.75,1.33,2.5,6.0,14.0,3.32,1.53,1.13,1.04,1.19,1.91,3.85,9.0,4.7,1.89,1.26,1.07,0,0,0,0,2,1,0,0,1,1,1,1628379000,-1,0,63,21,36,0,-1,2,1,1,1,1,5,2,6,0,0,1,3,0,4,1,36,53,93,130,1.47,1.57,3.04,0,0,0,0,0,0,1,1,0,0,0,0,0,0,-1,-1,-1,-1,-1,-1,-1,-1,-1,21,36,48,78,92,29,63,86,48,9.21,4.08,6.0,2.73,/clubs/fc-cincinnati-8043,teams/usa-fc-cincinnati.png,FC Cincinnati,/clubs/orlando-city-sc-17,teams/usa-orlando-city-sc.png,Orlando City,0.47,1.11,0.5,1.38,0.94,1.71,79,65,53,23,9,71,59,50,1.6,1.24,2.84,/usa/orlando-city-sc-vs-fc-cincinnati-h2h-stats#1201616,5674,34,True,True,False,False,False,False,True,['42'],['56']
MLS,2021,5674,1201617,9,1016,2021,complete,65699,0,-1,"['37', '90+1']","['5', '35', '65']",2,3,5,2,6,8,2,0,1,2,0,0,5,6,8,12,13,18,8,12,47,53,3,13,40413,,,1,2,1.95,3.3,3.9,1.09,1.38,2.05,3.45,6.75,7.75,2.95,1.74,1.3,1.11,1.95,1.83,2.55,1.54,4.05,1.26,1.27,1.3,1.87,2.56,2.18,4.45,2.33,2.53,3.98,0,0,1.3,1.57,1.95,2.4,3.6,3.2,2.25,1.75,1.5,1.26,1.75,7.0,2.63,1.73,9.1,2.59,3.4,6.75,1.42,2.91,7.6,18.0,2.88,1.41,1.09,1.03,1.26,2.19,4.84,11.0,3.84,1.68,1.18,1.05,0,0,0,0,5,1,2,1,1,2,3,1628379000,1016,0,67,22,39,0,-1,2,1,1,3,1,3,4,4,0,1,1,1,1,2,1,36,46,108,107,1.44,1.89,3.33,1,2,1,2,0,0,1,1,0,1,0,0,0,0,-1,-1,-1,-1,-1,-1,-1,-1,-1,12,34,57,78,83,45,68,77,39,8.68,3.5,5.38,2.68,/clubs/columbus-crew-9,teams/usa-columbus-crew.png,Columbus Crew,/clubs/atlanta-united-fc-1016,teams/usa-atlanta-united-fc.png,Atlanta United FC,1.94,1.06,1.88,0.6,1.41,0.88,89,67,44,23,18,54,43,27,1.53,1.22,2.75,/usa/columbus-crew-vs-atlanta-united-fc-h2h-stats#1201617,5674,34,True,True,True,True,True,False,True,"['37', '90+1']","['5', '35', '65']"
MLS,2021,5674,1201618,1015,6,2021,complete,65699,0,-1,"['14', '71']",[],2,0,2,10,6,16,1,3,0,3,0,0,5,2,7,7,12,9,10,11,54,46,44,5,28051,,,0,3,1.69,3.75,4.8,1.06,1.28,1.77,2.8,4.95,10.25,3.6,2.0,1.42,1.17,1.8,2.0,2.6,1.54,5.75,1.17,1.22,1.26,2.1,2.32,2.32,4.9,2.09,2.72,4.35,0,0,1.22,1.48,1.75,2.2,3.0,3.8,2.5,1.95,1.62,1.34,1.55,7.5,3.1,1.62,10.75,2.76,3.2,10.0,1.35,2.59,6.35,18.0,3.2,1.5,1.12,1.01,1.21,1.98,4.05,10.0,4.45,1.83,1.24,1.05,0,0,0,0,2,1,0,1,0,1,1,1628380800,1015,0,59,32,22,0,-1,2,1,4,2,6,4,6,10,0,2,0,1,2,1,1,58,46,106,110,1.53,1.05,2.58,0,0,0,0,0,0,1,1,0,0,0,0,0,0,-1,-1,-1,-1,-1,-1,-1,-1,-1,10,22,39,70,95,44,67,68,33,9.73,2.4,4.08,2.35,/clubs/minnesota-united-fc-1015,teams/usa-minnesota-united-fc.png,Minnesota United,/clubs/houston-dynamo-6,teams/usa-houston-dynamo.png,Houston Dynamo,1.94,0.35,2.0,0.5,1.44,1.06,90,79,62,30,5,62,55,39,1.88,1.09,2.97,/usa/houston-dynamo-vs-minnesota-united-fc-h2h-stats#1201618,5674,34,True,True,False,False,False,False,False,"['14', '71']",[]
MLS,2021,5674,1201619,19,2,2021,complete,65699,0,-1,"['49', '55']","['12', '21']",2,2,4,7,2,9,7,0,3,1,0,0,6,6,6,9,12,15,9,17,48,52,12,11435,762,,,3,1,3.9,3.95,1.8,1.05,1.24,1.62,2.5,4.15,12.0,4.05,2.25,1.5,1.22,1.65,2.2,5.75,1.17,3.4,1.34,1.91,1.26,1.3,3.9,2.44,2.44,3.65,2.86,2.21,0,0,1.27,1.55,1.85,2.3,3.3,3.4,2.3,1.85,1.55,1.29,2.6,6.5,1.78,2.38,19.0,1.67,8.0,4.15,1.28,2.28,5.2,14.0,3.68,1.63,1.16,1.02,1.16,1.78,3.38,8.0,5.25,2.04,1.32,1.08,0,0,0,0,4,0,2,2,0,2,2,1628380800,-1,0,71,29,43,0,-1,2,1,2,1,5,1,3,6,2,0,1,1,2,2,1,69,39,123,105,1.68,1.65,3.34,0,0,0,0,0,0,1,1,0,0,0,0,0,0,-1,-1,-1,-1,-1,-1,-1,-1,-1,7,15,43,93,93,29,64,79,43,9.58,2.86,4.86,2.5,/clubs/toronto-fc-19,teams/canada-toronto-fc.png,Toronto,/clubs/new-york-city-fc-2,teams/usa-new-york-city-fc.png,New York City,1.12,1.1,1.0,1.14,0.82,1.69,93,86,57,7,7,50,43,29,1.25,1.6,2.85,/usa/new-york-city-fc-vs-toronto-fc-h2h-stats#1201619,5674,34,True,True,True,True,False,False,True,"['49', '55']","['12', '21']"
MLS,2021,5674,1201620,13,698284,2021,complete,65699,0,-1,"['50', '63']",[],2,0,2,5,5,10,2,2,2,0,0,0,5,2,6,10,11,12,11,11,46,54,35,12956,2339,,,2,0,2.15,3.45,3.2,1.07,1.29,1.8,2.9,5.0,9.75,3.45,1.95,1.39,1.17,1.71,2.1,2.85,1.47,4.5,1.24,1.29,1.29,1.86,2.53,2.25,4.25,2.31,2.62,3.82,0,0,1.22,1.43,1.67,2.05,2.6,3.8,2.63,2.1,1.7,1.44,1.8,7.0,2.5,1.73,10.25,2.51,3.6,7.0,1.37,2.72,6.75,17.0,3.1,1.46,1.11,1.03,1.23,2.05,4.3,9.0,4.2,1.77,1.22,1.05,0,0,0,0,2,0,0,2,0,2,0,1628382600,13,0,54,25,13,0,-1,2,1,2,2,3,3,4,6,1,0,1,0,1,1,1,35,75,84,92,1.3,1.44,2.74,0,0,0,0,0,0,1,1,0,0,0,1,0,0,-1,-1,-1,-1,-1,-1,-1,-1,-1,7,31,43,78,89,43,83,66,36,11.0,2.21,3.94,2.45,/clubs/fc-dallas-13,teams/usa-fc-dallas.png,FC Dallas,/clubs/austin-fc-698284,teams/usa-austin-fc.png,Austin,1.29,0.47,1.75,0.89,1.06,1.0,94,70,58,23,12,82,76,59,1.66,1.29,2.95,/usa/fc-dallas-vs-austin-fc-h2h-stats#1201620,5674,34,True,True,False,False,False,False,False,"['50', '63']",[]
MLS,2021,5674,1201621,12,8,2021,complete,65699,0,-1,[],[],0,0,0,6,3,9,1,0,2,2,0,0,3,0,11,7,14,7,14,10,53,47,15,11434,18,,,2,2,2.1,3.6,3.2,1.06,1.26,1.71,2.7,4.7,10.75,3.75,2.1,1.44,1.19,1.65,2.2,3.35,1.35,3.9,1.28,1.42,1.3,1.61,2.9,2.25,3.5,2.64,2.61,3.2,0,0,1.22,1.44,1.73,2.1,2.7,4.0,2.6,2.0,1.65,1.4,2.05,7.0,2.15,1.93,10.5,2.17,4.6,5.75,1.36,2.62,6.5,14.0,3.15,1.49,1.11,1.04,1.22,2.01,4.2,10.5,4.3,1.8,1.23,1.04,0,0,0,0,0,0,0,0,0,0,0,1628384400,-1,0,69,26,19,0,-1,2,1,2,1,4,2,3,6,1,1,1,1,2,2,1,54,15,128,106,1.49,0.57,2.07,0,0,0,0,0,0,1,1,0,0,0,0,0,1,-1,-1,-1,-1,-1,-1,-1,-1,-1,13,44,63,94,100,51,76,88,57,10.63,2.88,4.26,3.13,/clubs/colorado-rapids-12,teams/usa-colorado-rapids.png,Colorado Rapids,/clubs/sporting-kansas-city-8,teams/usa-sporting-kansas-city.png,Sporting KC,1.89,1.53,2.13,1.88,1.8,1.94,88,57,38,7,0,57,44,26,1.64,1.25,2.89,/usa/sporting-kansas-city-vs-colorado-rapids-h2h-stats#1201621,5674,35,False,False,False,False,False,False,False,[],[]
MLS,2021,5674,1201622,20,14,2021,complete,65699,0,-1,"['10', '29', '62']","['40', '80']",3,2,5,1,14,15,0,1,1,5,0,0,4,7,9,16,13,23,14,14,36,64,13812,7206,26962,,,1,5,1.87,3.75,3.8,1.06,1.25,1.71,2.7,4.6,11.0,3.8,2.1,1.44,1.19,1.69,2.15,3.25,1.36,4.65,1.22,1.35,1.29,1.75,2.64,2.31,3.8,2.43,2.69,3.42,0,0,1.15,1.34,1.62,1.95,2.4,4.75,3.0,2.2,1.75,1.5,1.95,7.5,2.2,1.8,11.5,2.32,4.25,7.0,1.33,2.5,6.05,18.0,3.32,1.53,1.13,1.01,1.2,1.92,3.85,9.5,4.65,1.88,1.26,1.05,0,0,0,0,5,2,1,1,1,2,3,1628389800,20,0,60,40,21,0,-1,2,1,0,6,1,8,6,9,0,3,1,2,3,3,1,29,72,90,123,1.32,2.46,3.77,1,0,1,0,0,0,1,1,1,0,0,1,0,1,-1,-1,-1,-1,-1,-1,-1,-1,-1,0,15,67,73,93,47,60,75,34,8.93,1.84,5.0,2.48,/clubs/portland-timbers-20,teams/usa-portland-timbers.png,Portland Timbers,/clubs/real-salt-lake-14,teams/usa-real-salt-lake.png,Real Salt Lake,2.1,1.05,2.0,1.14,1.25,1.31,100,86,34,27,7,87,80,61,1.64,1.24,2.88,/usa/real-salt-lake-vs-portland-timbers-h2h-stats#1201622,5674,37,True,True,True,True,True,False,True,"['10', '29', '62']","['40', '80']"
MLS,2021,5674,1201623,7,4,2021,complete,65699,0,-1,"['2', '8']",['90+7'],2,1,3,3,6,9,0,2,1,4,0,0,3,4,6,9,9,13,9,15,38,62,5016,2414,11574,,,1,4,2.59,3.5,2.58,1.05,1.25,1.67,2.85,4.4,12.0,3.95,2.12,1.42,1.21,1.59,2.3,3.35,1.35,4.3,1.25,1.38,1.34,1.69,2.75,2.1,3.45,2.5,2.4,3.25,0,0,1.21,1.41,1.75,2.17,2.9,3.92,2.7,2.06,1.68,1.36,2.03,7.0,2.23,1.91,11.0,2.35,4.5,6.75,1.38,2.55,5.5,14.0,2.95,1.5,1.15,1.04,1.21,2.0,3.95,9.0,4.45,1.8,1.25,1.06,0,0,0,0,3,2,0,0,1,1,2,1628460000,7,0,54,26,39,0,-1,2,1,2,2,1,4,4,5,0,2,1,2,2,3,1,25,65,91,133,0.97,1.58,2.55,0,0,0,0,0,0,1,1,2,0,0,0,0,0,-1,-1,-1,-1,-1,-1,-1,-1,-1,17,37,53,64,90,37,65,73,48,13.29,4.02,4.48,2.64,/clubs/chicago-fire-7,teams/usa-chicago-fire.png,Chicago Fire,/clubs/new-york-red-bulls-4,teams/usa-new-york-red-bulls.png,New York RB,1.53,1.0,1.18,0.63,0.82,1.19,83,64,48,37,11,60,51,51,1.84,1.41,3.25,/usa/new-york-red-bulls-vs-chicago-fire-h2h-stats#1201623,5674,34,True,True,True,False,False,False,True,"['2', '8']",['90+7']
MLS,2021,5674,1201624,11,16,2021,complete,65699,0,-1,"['10', '39']",['31'],2,1,3,9,7,16,2,1,2,3,0,0,4,6,9,7,13,13,8,11,54,46,7,21032,40182,,,2,3,1.82,3.9,3.93,1.05,1.24,1.59,2.65,4.2,12.0,4.1,2.27,1.47,1.22,1.62,2.25,3.15,1.38,5.25,1.19,1.3,1.28,1.95,2.4,2.25,3.85,2.2,2.55,3.55,0,0,1.2,1.43,1.78,2.14,3.0,4.04,2.62,2.04,1.7,1.34,1.61,7.5,3.09,1.71,14.0,2.55,3.9,7.75,1.34,2.4,5.25,13.0,3.15,1.54,1.16,1.04,1.18,1.83,3.68,9.0,4.85,1.95,1.28,1.06,0,0,0,0,3,2,1,0,0,0,3,1628460000,11,0,60,18,41,0,-1,2,1,4,6,5,1,10,6,0,1,2,2,1,4,1,49,49,103,102,1.46,1.6,3.06,1,0,0,0,1,0,1,1,1,0,1,2,0,0,-1,-1,-1,-1,-1,-1,-1,-1,-1,18,30,48,65,89,31,54,78,53,10.92,3.82,4.66,2.54,/clubs/new-england-revolution-11,teams/usa-new-england-revolution.png,New England Revolution,/clubs/philadelphia-union-16,teams/usa-philadelphia-union.png,Philadelphia Union,2.22,1.06,2.38,1.22,2.06,1.56,82,71,53,36,12,77,60,47,1.64,1.57,3.21,/usa/new-england-revolution-vs-philadelphia-union-h2h-stats#1201624,5674,35,True,True,True,False,False,False,True,"['10', '39']",['31']
MLS,2021,5674,1201625,15,6490,2021,complete,65699,0,-1,"['11', '28']",['39'],2,1,3,6,3,9,1,0,2,2,0,0,2,7,13,10,15,17,11,15,48,52,69,1763,211,,,2,2,3.76,3.95,1.85,1.04,1.19,1.47,1.6,3.65,14.0,4.65,2.57,2.38,1.27,1.54,2.4,6.0,1.16,3.25,1.36,2.05,1.26,1.28,3.95,2.4,2.2,3.75,2.6,2.15,0,0,1.24,1.49,1.83,2.36,3.1,3.64,2.59,1.98,1.58,1.32,2.62,7.5,1.79,2.6,16.0,1.67,8.75,3.95,1.27,2.11,4.15,10.0,3.65,1.68,1.22,1.06,1.15,1.83,3.2,7.0,5.55,1.95,1.35,1.09,0,0,0,0,3,2,1,0,0,0,3,1628463600,15,0,64,29,29,0,-1,2,1,4,2,2,1,6,3,1,1,1,1,2,2,1,59,51,114,115,1.52,1.94,3.45,0,0,0,0,0,0,1,1,0,0,0,0,0,1,-1,-1,-1,-1,-1,-1,-1,-1,-1,7,29,50,86,100,29,79,86,50,11.15,2.57,4.43,2.72,/clubs/san-jose-earthquakes-15,teams/usa-san-jose-earthquakes.png,SJ Earthquakes,/clubs/los-angeles-fc-6490,teams/usa-los-angeles-fc.png,Los Angeles FC,1.18,0.88,1.0,1.0,1.06,1.35,93,72,50,14,0,79,65,50,1.73,1.41,3.14,/usa/san-jose-earthquakes-vs-los-angeles-fc-h2h-stats#1201625,5674,34,True,True,True,False,False,False,True,"['11', '28']",['39']
MLS,2021,5674,1201626,10,5,2021,complete,65699,0,-1,['32'],['50'],1,1,2,9,4,13,2,1,1,1,0,0,6,6,10,5,16,11,7,6,57,43,27,2,7207,,,1,1,1.51,4.3,5.75,1.05,1.27,1.71,2.7,4.75,12.0,3.7,2.1,1.44,1.18,1.83,1.95,2.65,1.51,6.25,1.15,1.2,1.24,2.4,2.1,2.3,4.6,1.91,2.7,4.45,0,0,1.46,1.52,1.85,2.3,3.15,2.66,2.5,1.96,1.61,1.31,1.56,7.5,3.32,1.56,14.0,3.0,3.1,10.25,1.33,2.35,4.9,13.0,3.25,1.57,1.17,1.04,1.17,1.8,3.6,8.5,5.0,1.95,1.29,1.06,0,0,0,0,2,1,0,0,1,1,1,1628467200,-1,0,66,29,36,0,16234,2,1,6,2,3,2,8,5,1,0,0,1,1,1,1,66,36,127,78,1.91,1.38,3.29,0,0,0,0,0,0,1,1,0,0,0,0,1,0,-1,-1,-1,-1,-1,-1,-1,-1,-1,11,48,72,83,100,47,78,100,47,8.13,3.38,4.06,3.14,/clubs/la-galaxy-10,teams/usa-la-galaxy.png,LA Galaxy,/clubs/vancouver-whitecaps-fc-5,teams/canada-vancouver-whitecaps-fc.png,Vancouver Whitecaps,1.71,0.89,2.33,0.5,1.82,0.94,89,53,29,18,0,54,54,36,1.62,1.17,2.79,/usa/vancouver-whitecaps-fc-vs-la-galaxy-h2h-stats#1201626,5674,34,True,True,False,False,False,False,True,['32'],['50']
MLS,2021,5674,1201627,13401,1,2021,complete,65699,0,-1,"['40', '54']",['16'],2,1,3,8,1,9,1,3,0,2,0,0,7,2,13,6,20,8,16,13,49,51,42,36107,39282,,,0,2,1.57,4.15,5.25,1.05,1.25,1.67,2.6,4.45,12.0,3.9,2.2,1.48,1.2,1.74,2.05,2.45,1.59,4.4,1.24,1.25,1.33,2.0,2.45,2.1,4.35,2.15,2.35,4.15,0,0,1.38,1.49,1.91,2.54,3.3,2.86,2.58,1.91,1.5,1.29,1.45,8.0,3.9,1.69,9.0,2.85,3.15,7.75,1.43,2.75,6.5,17.0,2.7,1.43,1.12,1.03,1.26,2.21,4.9,12.5,3.85,1.67,1.18,1.03,0,0,0,0,3,1,1,1,0,1,2,1628467200,13401,0,37,15,11,0,14169,2,1,4,1,4,0,5,4,0,1,0,1,1,1,1,54,15,124,89,2.15,0.77,2.91,0,0,0,0,0,0,1,1,0,0,2,0,0,1,-1,-1,-1,-1,-1,-1,-1,-1,-1,7,13,31,48,100,26,71,54,35,8.36,2.78,3.6,2.2,/clubs/dc-united-13401,teams/usa-dc-united.png,DC United,/clubs/montreal-impact-1,teams/canada-montreal-impact.png,Montreal Impact,2.0,0.88,2.14,0.89,1.41,1.35,93,88,69,52,0,57,40,33,1.61,1.22,2.83,/usa/montreal-impact-vs-dc-united-h2h-stats#1201627,5674,34,True,True,True,False,False,False,True,"['40', '54']",['16']
MLS,2021,5674,1201628,15,5,2021,complete,65699,0,-1,[],[],0,0,0,7,2,9,1,0,3,1,0,0,2,5,7,5,9,10,9,13,51,49,13841,1763,7207,,,3,1,1.54,4.05,6.0,1.06,1.29,1.8,2.9,5.25,10.25,3.45,2.0,1.38,1.16,1.87,1.91,2.8,1.47,5.5,1.17,1.23,1.26,1.98,2.3,2.25,4.2,2.1,2.5,3.95,0,0,1.22,1.42,1.74,2.23,3.0,4.0,2.75,2.02,1.61,1.35,1.38,8.0,3.75,1.65,12.0,2.75,3.5,9.0,1.36,2.45,5.5,14.0,3.05,1.53,1.15,1.04,1.17,1.91,3.7,8.45,4.45,1.87,1.24,1.04,0,0,0,0,0,0,0,0,0,0,0,1628908200,-1,0,77,36,29,0,11967,2,1,5,0,2,2,5,4,1,0,2,1,1,3,1,49,38,110,120,1.07,1.27,2.35,0,0,0,0,0,0,1,1,0,0,1,0,0,0,-1,-1,-1,-1,-1,-1,-1,-1,-1,7,53,71,89,100,47,95,82,36,10.36,2.46,5.08,3.18,/clubs/san-jose-earthquakes-15,teams/usa-san-jose-earthquakes.png,SJ Earthquakes,/clubs/vancouver-whitecaps-fc-5,teams/canada-vancouver-whitecaps-fc.png,Vancouver Whitecaps,1.18,0.89,1.25,0.56,1.17,0.94,94,47,30,12,0,71,58,41,1.7,1.19,2.89,/usa/vancouver-whitecaps-fc-vs-san-jose-earthquakes-h2h-stats#1201628,5674,34,False,False,False,False,False,False,False,[],[]
MLS,2021,5674,1201629,2,677446,2021,complete,65699,0,-1,"['20', '45+1']",[],2,0,2,4,7,11,0,3,2,3,0,0,3,2,10,6,13,8,17,14,53,47,58,762,28121,,,2,3,1.4,4.75,7.5,1.01,1.17,1.55,2.5,4.2,19.0,5.0,2.3,1.53,1.22,1.78,2.0,2.25,1.69,8.5,1.1,1.08,1.14,3.0,1.87,2.65,6.0,1.7,3.1,6.0,0,0,1.26,1.5,1.9,2.46,3.34,3.48,2.52,1.9,1.52,1.28,1.22,9.5,5.4,1.42,15.0,3.65,2.55,17.0,1.24,2.29,4.95,12.5,3.7,1.56,1.14,1.05,1.14,1.78,3.45,7.4,4.95,1.95,1.27,1.06,0,0,0,0,2,2,0,0,0,0,2,1628985600,2,0,50,0,31,0,-1,2,1,0,6,4,1,6,5,1,2,1,1,3,2,1,46,36,101,96,1.37,0.92,2.29,1,0,1,0,0,0,1,1,0,0,0,1,1,0,-1,-1,-1,-1,-1,-1,-1,-1,-1,29,29,48,61,93,13,61,80,54,8.6,4.15,4.81,2.6,/clubs/new-york-city-fc-2,teams/usa-new-york-city-fc.png,New York City,/clubs/club-internacional-de-futbol-miami-677446,teams/usa-club-internacional-de-futbol-miami.png,Inter Miami,2.06,1.06,2.11,1.14,1.65,1.0,71,71,52,40,7,69,64,57,1.9,0.77,2.67,/usa/new-york-city-fc-vs-club-internacional-de-futbol-miami-h2h-stats#1201629,5674,34,True,True,False,False,False,False,False,"['20', '45+1']",[]
MLS,2021,5674,1201630,1015,10,2021,complete,65699,0,-1,[],['43'],0,1,1,10,4,14,2,2,1,3,0,0,6,2,16,8,22,10,11,12,48,52,13893,5,2,,,1,3,1.69,3.95,4.4,1.04,1.2,1.56,2.35,3.8,13.0,4.45,2.35,1.57,1.25,1.57,2.35,3.15,1.39,6.0,1.15,1.23,1.25,2.02,2.2,2.3,4.15,2.1,2.55,3.8,0,0,1.26,1.5,1.9,2.44,3.34,3.48,2.52,1.9,1.53,1.28,1.38,8.0,3.7,1.65,14.0,2.7,3.85,9.75,1.3,2.2,4.45,10.75,3.4,1.65,1.2,1.06,1.14,1.8,3.25,6.95,4.95,1.95,1.3,1.07,0,0,0,0,1,0,1,0,0,0,1,1628978400,10,0,48,12,25,0,-1,2,1,3,2,7,2,5,9,1,1,0,2,2,2,1,67,40,116,87,2.29,1.07,3.35,0,0,0,0,0,0,1,1,0,0,0,1,1,0,-1,-1,-1,-1,-1,-1,-1,-1,-1,7,31,67,78,100,36,71,89,49,10.69,2.5,2.47,2.82,/clubs/minnesota-united-fc-1015,teams/usa-minnesota-united-fc.png,Minnesota United,/clubs/la-galaxy-10,teams/usa-la-galaxy.png,LA Galaxy,1.94,1.12,2.11,1.25,1.53,1.78,94,70,34,22,0,59,41,35,1.84,1.16,3.0,/usa/la-galaxy-vs-minnesota-united-fc-h2h-stats#1201630,5674,34,True,False,False,False,False,False,False,[],['43']
MLS,2021,5674,1201631,8043,16,2021,complete,65699,0,-1,['82'],"['45+3', '56']",1,2,3,9,5,14,0,3,1,1,0,0,7,5,10,8,17,13,14,9,63,37,19912,41788,40182,,,1,1,3.3,3.45,2.14,1.01,1.24,1.73,2.9,5.1,10.75,3.88,2.0,1.42,1.12,1.66,2.22,4.0,1.2,3.2,1.3,1.7,1.3,1.37,3.72,2.26,2.75,3.35,2.63,2.52,0,0,1.2,1.43,1.73,2.1,2.63,4.1,2.63,2.0,1.65,1.43,2.25,7.0,1.95,2.28,10.75,1.84,6.5,4.35,1.36,2.62,6.45,12.5,3.15,1.49,1.11,1.01,1.22,2.0,4.2,8.0,4.3,1.81,1.23,1.05,0,0,0,0,3,0,1,1,1,2,1,1633824000,16,0,55,25,30,0,-1,2,1,5,2,4,3,7,7,0,0,1,1,0,2,1,63,50,117,105,2.02,1.54,3.56,0,0,0,0,0,0,1,1,0,0,1,1,0,0,-1,-1,-1,-1,-1,-1,-1,-1,-1,8,21,34,67,88,29,54,71,38,9.0,4.42,5.92,2.21,/clubs/fc-cincinnati-8043,teams/usa-fc-cincinnati.png,FC Cincinnati,/clubs/philadelphia-union-16,teams/usa-philadelphia-union.png,Philadelphia Union,0.47,1.06,0.67,1.0,0.74,1.56,92,79,67,34,13,63,50,38,1.43,1.52,2.95,/usa/philadelphia-union-vs-fc-cincinnati-h2h-stats#1201631,5674,34,True,True,True,False,False,False,True,['82'],"['45+3', '56']"
MLS,2021,5674,1201632,7,9,2021,complete,65699,0,-1,['77'],[],1,0,1,2,3,5,2,3,0,1,0,0,7,1,10,12,17,13,13,5,46,54,20,2414,13,,,0,1,2.3,3.45,2.9,1.07,1.28,1.77,2.8,4.9,10.0,3.6,2.0,1.42,1.17,1.69,2.15,2.9,1.43,4.05,1.27,1.35,1.32,1.77,2.7,2.1,3.5,2.5,2.35,3.35,0,0,1.26,1.5,1.9,2.44,3.34,3.48,2.52,1.9,1.53,1.28,1.58,7.5,2.88,1.91,10.0,2.4,3.9,6.5,1.42,2.7,6.0,17.0,2.8,1.43,1.13,1.03,1.24,2.08,4.4,9.0,4.05,1.75,1.21,1.05,0,0,0,0,1,0,0,1,0,1,0,1629064800,7,0,42,18,18,0,13005,2,1,1,1,1,2,2,3,0,1,0,0,1,0,1,43,44,107,107,1.88,1.22,3.09,0,0,0,0,0,0,1,1,0,0,0,0,0,0,-1,-1,-1,-1,-1,-1,-1,-1,-1,10,28,46,56,85,32,57,75,32,9.8,3.64,3.34,2.28,/clubs/chicago-fire-7,teams/usa-chicago-fire.png,Chicago Fire,/clubs/columbus-crew-9,teams/usa-columbus-crew.png,Columbus Crew,1.53,0.82,1.33,1.0,0.94,1.33,91,73,55,45,15,70,57,46,1.77,1.01,2.78,/usa/chicago-fire-vs-columbus-crew-h2h-stats#1201632,5674,34,True,False,False,False,False,False,False,['77'],[]
MLS,2021,5674,1201633,19,11,2021,complete,65699,0,-1,['79'],"['19', '83']",1,2,3,5,5,10,2,2,1,1,0,0,5,3,5,8,10,11,4,10,64,36,69,11435,21032,,,1,1,3.4,4.0,1.95,1.04,1.19,1.55,2.55,3.65,14.0,4.6,2.35,1.52,1.27,1.48,2.6,4.7,1.22,3.75,1.29,1.6,1.28,1.4,3.6,2.15,3.0,3.1,2.7,2.6,0,0,1.14,1.3,1.55,2.0,2.5,5.0,3.3,2.38,1.8,1.49,2.4,7.5,1.78,2.25,13.0,1.91,7.0,5.0,1.33,2.34,4.95,12.5,3.1,1.54,1.14,1.05,1.14,1.71,3.05,6.45,4.95,2.04,1.33,1.09,0,0,0,0,3,0,1,1,1,2,1,1628985600,11,0,68,28,34,0,-1,2,1,3,4,2,1,7,3,0,0,1,1,0,2,1,76,36,143,94,1.54,1.17,2.72,0,1,0,1,0,0,1,1,0,0,1,1,0,0,-1,-1,-1,-1,-1,-1,-1,-1,-1,22,44,49,90,100,39,78,84,40,11.3,3.03,3.53,3.04,/clubs/toronto-fc-19,teams/canada-toronto-fc.png,Toronto,/clubs/new-england-revolution-11,teams/usa-new-england-revolution.png,New England Revolution,1.12,2.0,1.0,1.8,0.83,2.11,79,57,52,10,0,84,62,49,1.3,1.6,2.9,/usa/new-england-revolution-vs-toronto-fc-h2h-stats#1201633,5674,34,True,True,True,False,False,False,True,['79'],"['19', '83']"
MLS,2021,5674,1201634,1,4,2021,complete,65699,0,-1,"['71', '90+8']",['45+5'],2,1,3,6,3,9,0,1,1,5,0,0,7,5,10,8,17,13,13,15,63,37,3,39282,11574,,,1,5,2.5,3.6,2.6,1.07,1.29,1.68,3.4,5.25,9.5,3.5,2.08,1.33,1.17,1.69,2.15,3.3,1.36,3.75,1.29,1.44,1.25,1.57,3.1,2.15,3.5,2.75,2.55,3.1,0,0,1.26,1.5,1.9,2.44,3.34,3.48,2.52,1.9,1.53,1.28,1.72,7.0,2.55,2.0,10.0,2.25,4.6,5.75,1.36,2.7,6.45,19.0,2.95,1.41,1.09,1.03,1.21,1.99,4.15,9.4,3.95,1.74,1.2,1.03,0,0,0,0,3,0,1,2,0,2,1,1628985600,1,0,65,30,47,0,-1,2,1,2,2,4,1,4,5,0,0,1,5,0,6,1,42,40,98,112,1.87,1.47,3.34,1,1,1,1,0,0,1,1,0,0,0,1,0,0,-1,-1,-1,-1,-1,-1,-1,-1,-1,24,36,60,65,82,41,64,65,47,11.46,3.07,5.64,2.96,/clubs/montreal-impact-1,teams/canada-montreal-impact.png,Montreal Impact,/clubs/new-york-red-bulls-4,teams/usa-new-york-red-bulls.png,New York RB,1.82,1.0,1.88,0.56,1.28,1.12,77,65,41,36,18,35,29,23,1.48,1.43,2.91,/usa/montreal-impact-vs-new-york-red-bulls-h2h-stats#1201634,5674,34,True,True,True,False,False,False,True,"['71', '90+8']",['45+5']
MLS,2021,5674,1201635,13,8,2021,complete,65699,0,-1,[],"['12', '63']",0,2,2,5,6,11,1,1,6,1,0,0,1,5,16,6,17,11,11,7,49,51,7,12956,18,,,6,1,2.7,3.6,2.4,1.05,1.25,1.66,2.95,4.4,11.0,3.9,2.12,1.4,1.21,1.57,2.35,3.8,1.29,3.75,1.29,1.5,1.28,1.47,3.3,2.15,3.25,2.9,2.6,2.85,0,0,1.21,1.43,1.77,2.24,2.98,3.92,2.74,2.05,1.62,1.34,1.87,7.0,2.28,2.15,11.0,2.05,5.5,5.5,1.34,2.5,5.9,15.0,3.0,1.48,1.1,1.04,1.17,1.84,3.7,7.9,4.45,1.89,1.24,1.05,0,0,0,0,2,0,1,0,1,1,1,1628987400,8,0,67,39,28,0,14133,2,1,3,4,2,2,7,4,1,0,5,1,1,6,1,49,35,112,89,1.5,1.3,2.8,0,0,0,0,0,0,1,1,0,0,0,2,0,0,-1,-1,-1,-1,-1,-1,-1,-1,-1,11,44,62,84,89,62,67,78,56,11.0,2.22,4.0,2.89,/clubs/fc-dallas-13,teams/usa-fc-dallas.png,FC Dallas,/clubs/sporting-kansas-city-8,teams/usa-sporting-kansas-city.png,Sporting KC,1.29,1.53,1.89,1.78,1.17,1.89,89,56,39,17,11,73,56,39,1.62,1.18,2.8,/usa/sporting-kansas-city-vs-fc-dallas-h2h-stats#1201635,5674,34,True,True,False,False,False,False,False,[],"['12', '63']"
MLS,2021,5674,1201636,6,12,2021,complete,65699,0,-1,['45+6'],"['5', '60', '80']",1,3,4,9,7,16,3,1,0,1,0,0,11,6,15,8,26,14,12,12,54,46,13812,28051,11434,,,0,1,2.45,3.6,2.7,1.09,1.36,1.77,3.0,6.0,7.75,3.05,1.97,1.38,1.13,1.8,1.95,3.45,1.33,3.65,1.3,1.47,1.25,1.52,3.25,2.15,3.3,2.9,2.55,2.95,0,0,1.21,1.43,1.77,2.24,2.98,3.92,2.74,2.05,1.62,1.34,1.79,7.0,2.4,2.05,10.25,2.15,4.9,5.5,1.36,2.7,6.45,19.0,2.95,1.41,1.09,1.04,1.2,1.99,4.15,9.4,4.1,1.74,1.2,1.03,0,0,0,0,4,1,1,0,2,2,2,1628987400,12,0,50,7,22,0,13908,2,1,4,4,5,3,8,8,0,1,0,0,1,0,1,65,30,97,96,2.87,1.53,4.39,1,0,1,0,0,0,1,1,0,1,0,3,0,0,-1,-1,-1,-1,-1,-1,-1,-1,-1,0,14,43,64,86,43,72,64,29,11.0,4.57,3.28,2.07,/clubs/houston-dynamo-6,teams/usa-houston-dynamo.png,Houston Dynamo,/clubs/colorado-rapids-12,teams/usa-colorado-rapids.png,Colorado Rapids,1.41,1.59,1.86,1.43,1.0,1.75,100,86,57,36,14,79,72,50,1.47,1.27,2.74,/usa/houston-dynamo-vs-colorado-rapids-h2h-stats#1201636,5674,34,True,True,True,True,False,False,True,['45+6'],"['5', '60', '80']"
MLS,2021,5674,1201637,14,698284,2021,complete,65699,0,-1,['32'],[],1,0,1,6,4,10,0,0,1,1,0,1,9,1,8,9,17,10,11,6,43,57,40,26962,2339,,,1,3,1.8,3.75,4.2,1.07,1.29,1.88,3.1,5.25,9.75,3.5,1.85,1.36,1.16,1.74,2.05,2.75,1.49,4.75,1.21,1.25,1.22,1.95,2.5,2.25,4.33,2.2,2.65,4.0,0,0,1.13,1.26,1.46,1.77,2.18,5.1,3.5,2.55,1.95,1.61,1.5,8.0,3.1,1.71,10.5,2.65,3.5,7.75,1.34,2.6,6.4,19.0,3.0,1.44,1.09,1.03,1.19,1.94,3.95,8.95,4.25,1.79,1.21,1.04,0,0,0,0,1,1,0,0,0,0,1,1628992800,14,0,49,11,6,0,17506,2,1,1,3,5,1,4,6,0,1,1,1,1,2,1,47,55,80,115,2.04,1.11,3.15,0,0,0,0,0,0,1,1,0,0,0,2,0,0,-1,-1,-1,-1,-1,-1,-1,-1,-1,0,22,38,74,90,22,74,75,37,11.0,2.73,3.18,2.23,/clubs/real-salt-lake-14,teams/usa-real-salt-lake.png,Real Salt Lake,/clubs/austin-fc-698284,teams/usa-austin-fc.png,Austin,1.82,0.47,1.44,0.8,1.24,0.94,100,79,62,26,11,78,67,52,1.31,1.3,2.61,/usa/real-salt-lake-vs-austin-fc-h2h-stats#1201637,5674,34,True,False,False,False,False,False,False,['32'],[]
MLS,2021,5674,1201638,1016,6490,2021,complete,65699,0,-1,['46'],[],1,0,1,2,5,7,1,2,1,1,0,0,7,5,3,14,10,19,10,16,59,41,11,40852,211,,,1,1,2.61,3.67,2.11,1.03,1.22,1.63,2.7,4.75,13.0,4.2,2.14,1.45,1.17,1.57,2.35,4.05,1.27,3.55,1.32,1.57,1.25,1.45,3.3,2.25,3.0,3.0,2.65,2.7,0,0,1.21,1.43,1.77,2.24,2.98,3.92,2.74,2.05,1.62,1.34,2.28,7.0,1.87,2.2,12.0,1.95,5.75,4.75,1.3,2.45,5.9,17.0,3.2,1.49,1.1,1.04,1.17,1.87,3.75,8.45,4.45,1.87,1.25,1.04,0,0,0,0,1,0,0,1,0,1,0,1629057600,1016,0,53,13,34,0,67503,2,1,2,1,0,4,3,4,0,0,1,1,0,2,1,26,42,94,110,1.32,1.86,3.18,0,0,0,0,0,0,1,1,0,0,0,0,0,0,-1,-1,-1,-1,-1,-1,-1,-1,-1,0,22,47,66,93,13,53,80,47,11.34,2.82,3.06,2.26,/clubs/atlanta-united-fc-1016,teams/usa-atlanta-united-fc.png,Atlanta United FC,/clubs/los-angeles-fc-6490,teams/usa-los-angeles-fc.png,Los Angeles FC,1.88,0.88,1.29,0.88,1.0,1.28,100,79,54,35,7,79,66,53,1.71,1.48,3.19,/usa/atlanta-united-fc-vs-los-angeles-fc-h2h-stats#1201638,5674,34,True,False,False,False,False,False,False,['46'],[]
MLS,2021,5674,1201639,677447,13401,2021,complete,65699,0,-1,"['14', '31', '37', '80', '87']","['3', '41']",5,2,7,3,5,8,1,3,0,0,0,0,7,4,10,5,17,9,11,19,51,49,36,40174,36107,,,0,0,1.78,3.72,4.36,1.12,1.38,1.89,3.85,7.75,6.5,3.0,1.89,1.25,1.1,2.0,1.77,2.45,1.61,4.1,1.26,1.26,1.34,1.91,2.55,2.0,4.35,2.2,2.35,4.05,0,0,1.26,1.5,1.9,2.44,3.34,3.48,2.52,1.9,1.53,1.28,1.48,7.5,3.25,1.71,8.5,2.8,3.2,7.25,1.5,3.0,7.25,21.0,2.55,1.37,1.1,1.02,1.3,2.36,5.5,11.0,3.52,1.59,1.15,1.03,0,0,0,0,7,3,2,2,0,2,5,1629068400,677447,0,58,14,38,0,20022,2,-1,2,3,1,2,5,3,0,0,0,0,0,0,1,36,31,98,106,1.83,1.09,2.91,1,0,1,0,0,0,1,1,0,1,1,1,-1,-1,-1,-1,-1,-1,-1,-1,-1,-1,-1,19,43,63,72,86,38,76,77,48,10.08,3.15,4.25,2.91,/clubs/nashville-sc-mls-677447,teams/usa-nashville-sc-mls.png,Nashville SC,/clubs/dc-united-13401,teams/usa-dc-united.png,DC United,2.0,0.76,2.09,0.9,1.56,1.5,81,58,38,29,15,71,42,38,1.9,1.33,3.23,/usa/dc-united-vs-nashville-sc-mls-h2h-stats#1201639,5674,34,True,True,True,True,True,True,True,"['14', '31', '37', '80', '87']","['3', '41']"
MLS,2021,5674,1201640,20,18,2021,complete,65699,0,-1,"['32', '52']","['13', '29', '55', '72', '77', '90+4']",2,6,8,5,2,7,1,3,3,1,0,0,7,7,13,7,20,14,12,10,49,51,57,7206,25,,,3,1,2.5,3.3,2.7,1.08,1.33,1.91,3.1,5.75,8.25,3.2,1.83,1.35,1.14,1.77,2.0,3.55,1.32,3.95,1.27,1.42,1.25,1.53,3.0,2.25,3.25,2.6,2.55,2.88,0,0,1.18,1.35,1.65,2.09,2.74,4.5,2.93,2.18,1.74,1.43,1.78,7.5,2.4,1.8,9.0,2.1,5.0,6.0,1.33,2.63,6.5,19.0,3.25,1.44,1.11,1.02,1.19,1.9,3.75,7.75,4.2,1.8,1.22,1.05,0,0,0,0,8,1,2,1,4,5,3,1629079200,18,0,62,35,18,0,25218,2,1,1,1,4,1,2,5,0,0,3,1,0,4,1,64,25,129,94,2.22,1.56,3.78,0,0,0,0,0,0,1,1,0,0,0,1,0,0,-1,-1,-1,-1,-1,-1,-1,-1,-1,6,6,48,68,100,35,62,77,24,6.4,2.71,3.89,2.27,/clubs/portland-timbers-20,teams/usa-portland-timbers.png,Portland Timbers,/clubs/seattle-sounders-fc-18,teams/usa-seattle-sounders-fc.png,Seattle Sounders,2.1,1.82,2.11,2.0,1.35,1.83,95,95,52,33,0,66,59,43,1.61,1.09,2.7,/usa/seattle-sounders-fc-vs-portland-timbers-h2h-stats#1201640,5674,35,True,True,True,True,True,True,True,"['32', '52']","['13', '29', '55', '72', '77', '90+4']"
MLS,2021,5674,1201641,677446,7,2021,complete,65699,0,-1,"['34', '62', '90+3']","['40', '48']",3,2,5,6,2,8,1,1,3,1,0,0,3,3,8,5,11,8,17,16,54,46,27,28121,2414,,,3,1,1.98,3.55,3.55,1.03,1.22,1.7,2.9,3.95,10.75,3.55,2.07,1.42,1.18,1.77,1.8,3.05,1.4,4.45,1.24,1.34,1.3,1.8,2.55,2.15,3.75,2.35,2.4,3.5,0,0,1.27,1.55,1.95,2.39,2.63,3.4,2.42,1.86,1.56,1.43,1.55,7.0,3.2,1.8,11.0,2.5,4.0,6.75,1.38,2.5,5.5,14.0,3.0,1.51,1.15,1.04,1.19,2.05,3.84,8.95,4.25,1.77,1.22,1.04,0,0,0,0,5,1,1,2,1,3,2,1629329400,677446,0,59,9,39,0,13196,2,1,3,2,3,0,5,3,0,0,3,1,0,4,1,31,19,91,85,1.14,0.86,2.0,0,0,0,0,0,0,1,1,0,0,1,0,0,0,-1,-1,-1,-1,-1,-1,-1,-1,-1,20,28,50,92,100,42,75,70,53,9.11,2.45,4.56,2.97,/clubs/club-internacional-de-futbol-miami-677446,teams/usa-club-internacional-de-futbol-miami.png,Inter Miami,/clubs/chicago-fire-7,teams/usa-chicago-fire.png,Chicago Fire,1.35,0.47,0.89,0.17,0.94,1.05,81,73,50,9,0,67,45,28,1.44,1.11,2.55,/usa/chicago-fire-vs-club-internacional-de-futbol-miami-h2h-stats#1201641,5674,34,True,True,True,True,True,False,True,"['34', '62', '90+3']","['40', '48']"
MLS,2021,5674,1201642,4,9,2021,complete,65699,0,-1,['33'],[],1,0,1,6,3,9,2,2,1,1,0,0,5,4,11,6,16,10,10,7,44,56,11,11574,13,,,1,1,2.05,3.3,3.6,1.09,1.36,2.0,3.3,6.0,8.0,3.05,1.77,1.31,1.13,1.87,1.91,2.85,1.45,5.75,1.17,1.25,1.29,2.1,2.3,2.2,4.25,2.15,2.45,4.0,0,0,1.26,1.49,1.91,2.54,3.34,3.48,2.58,1.91,1.5,1.28,1.45,8.0,3.5,1.67,12.0,2.75,3.5,9.5,1.34,2.35,5.0,13.0,3.15,1.56,1.17,1.04,1.17,1.95,3.54,8.45,4.45,1.8,1.25,1.04,0,0,0,0,1,1,0,0,0,0,1,1629331200,4,0,40,5,30,0,10002,2,1,3,0,3,3,3,6,0,0,1,1,0,2,1,56,41,130,100,1.77,1.22,2.99,0,0,0,0,0,0,1,1,0,0,0,0,0,0,-1,-1,-1,-1,-1,-1,-1,-1,-1,12,17,34,64,84,10,50,79,42,7.58,3.4,3.35,2.09,/clubs/new-york-red-bulls-4,teams/usa-new-york-red-bulls.png,New York RB,/clubs/columbus-crew-9,teams/usa-columbus-crew.png,Columbus Crew,1.76,0.82,1.75,0.9,1.06,1.26,89,84,67,37,17,57,44,28,1.62,1.03,2.65,/usa/new-york-red-bulls-vs-columbus-crew-h2h-stats#1201642,5674,34,True,False,False,False,False,False,False,['33'],[]
MLS,2021,5674,1201643,1016,19,2021,complete,65699,0,-1,['20'],[],1,0,1,4,4,8,1,5,0,0,0,0,5,3,17,14,22,17,5,12,57,43,35,40852,11435,,,0,0,1.84,3.8,3.9,1.05,1.2,1.64,2.95,3.65,13.0,4.5,2.16,1.4,1.27,1.54,2.4,2.8,1.47,4.7,1.21,1.28,1.28,2.0,2.3,2.3,3.9,2.2,2.45,3.8,0,0,1.24,1.44,1.84,2.42,3.14,3.64,2.72,1.97,1.55,1.31,1.45,8.0,3.5,1.69,12.0,2.65,3.5,7.25,1.33,2.45,5.25,13.0,3.2,1.54,1.16,1.04,1.19,2.05,3.84,8.95,4.25,1.77,1.22,1.04,0,0,0,0,1,1,0,0,0,0,1,1629327600,1016,0,54,10,39,0,42502,2,-1,2,2,2,2,4,4,0,0,0,0,0,0,1,34,58,120,95,1.99,1.7,3.69,0,0,0,0,0,0,1,1,0,0,1,0,-1,-1,-1,-1,-1,-1,-1,-1,-1,-1,-1,20,39,54,64,94,25,64,78,49,10.33,3.8,3.08,2.9,/clubs/atlanta-united-fc-1016,teams/usa-atlanta-united-fc.png,Atlanta United FC,/clubs/toronto-fc-19,teams/canada-toronto-fc.png,Toronto,1.88,0.53,1.5,0.7,1.11,0.79,80,62,47,37,7,50,50,34,1.66,1.13,2.79,/usa/toronto-fc-vs-atlanta-united-fc-h2h-stats#1201643,5674,34,True,False,False,False,False,False,False,['20'],[]
MLS,2021,5674,1201644,10,12,2021,complete,65699,0,-1,['34'],"['13', '73']",1,2,3,6,3,9,1,7,1,3,0,0,7,3,12,12,19,15,12,15,65,35,44,2,11434,,,1,3,2.2,3.4,3.1,1.06,1.25,1.71,2.65,4.45,10.75,3.85,2.1,1.47,1.2,1.61,2.3,3.25,1.37,4.8,1.21,1.31,1.34,1.8,2.55,2.15,3.75,2.35,2.4,3.45,0,0,1.29,1.57,1.91,2.4,3.55,3.3,2.25,1.8,1.5,1.25,1.95,7.0,2.25,1.8,11.0,2.45,4.3,7.75,1.36,2.4,5.25,13.0,3.05,1.54,1.17,1.05,1.16,1.95,3.54,7.9,4.65,1.83,1.25,1.05,0,0,0,0,3,1,1,0,1,1,2,1629253800,12,0,49,22,22,0,15101,2,1,4,0,2,3,4,5,0,1,1,2,1,3,1,75,43,135,79,2.23,1.46,3.7,0,1,0,1,0,0,1,1,0,0,0,0,0,0,-1,-1,-1,-1,-1,-1,-1,-1,-1,10,28,50,72,94,45,79,82,38,9.0,3.88,3.0,2.53,/clubs/la-galaxy-10,teams/usa-la-galaxy.png,LA Galaxy,/clubs/colorado-rapids-12,teams/usa-colorado-rapids.png,Colorado Rapids,1.71,1.59,2.2,1.63,1.84,1.82,90,73,50,29,7,58,52,28,1.65,1.3,2.95,/usa/la-galaxy-vs-colorado-rapids-h2h-stats#1201644,5674,34,True,True,True,False,False,False,True,['34'],"['13', '73']"
MLS,2021,5674,1201645,15,1015,2021,complete,65699,0,-1,['12'],['22'],1,1,2,3,7,10,0,1,1,2,1,0,2,4,3,12,5,16,11,12,35,65,13864,1763,5,,,3,2,2.4,3.4,2.85,1.07,1.28,1.77,2.8,4.85,9.75,3.6,2.0,1.43,1.17,1.67,2.15,3.35,1.35,3.8,1.29,1.44,1.36,1.56,3.0,2.1,3.25,2.75,2.3,3.0,0,0,1.21,1.43,1.67,2.1,2.63,4.1,2.63,2.1,1.67,1.43,1.8,7.0,2.5,2.05,9.75,2.2,4.8,6.0,1.4,2.6,5.75,14.0,2.85,1.49,1.14,1.04,1.2,1.99,3.94,9.95,4.1,1.79,1.21,1.03,0,0,0,0,2,1,1,0,0,0,2,1629253800,-1,0,65,29,24,0,10353,2,1,2,5,1,2,7,3,1,0,1,2,1,3,1,36,62,87,122,0.73,1.74,2.47,0,0,0,0,0,0,1,1,0,0,1,1,0,0,-1,-1,-1,-1,-1,-1,-1,-1,-1,12,47,53,83,95,35,89,72,42,9.96,2.61,4.91,2.89,/clubs/san-jose-earthquakes-15,teams/usa-san-jose-earthquakes.png,SJ Earthquakes,/clubs/minnesota-united-fc-1015,teams/usa-minnesota-united-fc.png,Minnesota United,1.18,0.89,1.22,0.88,1.16,1.44,89,53,47,18,6,59,36,18,1.63,1.28,2.91,/usa/san-jose-earthquakes-vs-minnesota-united-fc-h2h-stats#1201645,5674,34,True,True,False,False,False,False,True,['12'],['22']
MLS,2021,5674,1201646,11,13401,2021,complete,65699,0,-1,"['49', '53', '85']","['10', '90+6']",3,2,5,2,8,10,0,2,3,2,1,0,6,9,11,13,17,22,12,11,54,46,15,21032,36107,,,4,2,1.64,3.6,5.6,1.06,1.25,1.83,2.95,4.45,10.75,3.85,1.93,1.42,1.2,1.67,2.15,2.35,1.65,5.75,1.17,1.17,1.28,2.35,2.1,2.2,5.5,1.95,2.5,5.0,0,0,1.18,1.33,1.66,2.03,2.5,4.5,3.02,2.2,1.78,1.48,1.5,7.5,3.3,1.54,10.5,3.25,2.85,11.0,1.37,2.5,5.5,14.0,3.0,1.51,1.15,1.04,1.19,2.05,3.84,8.95,4.25,1.74,1.22,1.04,0,0,0,0,5,0,1,3,1,4,1,1629327600,11,0,66,26,29,0,11419,2,1,0,3,2,5,3,7,2,1,2,1,3,3,1,40,59,110,84,1.79,2.43,4.22,0,0,0,0,0,0,1,1,0,1,0,1,0,0,-1,-1,-1,-1,-1,-1,-1,-1,-1,25,39,70,70,86,46,70,80,44,10.56,2.26,4.34,3.03,/clubs/new-england-revolution-11,teams/usa-new-england-revolution.png,New England Revolution,/clubs/dc-united-13401,teams/usa-dc-united.png,DC United,2.22,0.76,2.44,0.82,2.15,1.42,76,61,30,30,15,62,43,37,1.62,1.31,2.93,/usa/new-england-revolution-vs-dc-united-h2h-stats#1201646,5674,34,True,True,True,True,True,False,True,"['49', '53', '85']","['10', '90+6']"
MLS,2021,5674,1201647,16,2,2021,complete,65699,0,-1,['67'],[],1,0,1,5,7,12,0,2,1,2,0,0,3,3,4,12,7,15,10,17,41,59,36,40182,762,,,1,2,2.4,3.4,2.8,1.07,1.29,1.7,2.9,5.0,12.0,3.8,2.07,1.42,1.2,1.69,2.25,3.55,1.32,3.9,1.28,1.49,1.31,1.59,2.9,2.2,3.1,2.7,2.4,2.95,0,0,1.24,1.45,1.83,2.42,3.14,3.64,2.71,1.98,1.55,1.31,2.0,7.0,2.2,2.0,12.0,2.15,4.8,5.5,1.36,2.45,5.5,14.0,3.05,1.52,1.15,1.04,1.19,2.05,3.84,8.95,4.25,1.77,1.22,1.04,0,0,0,0,1,0,0,1,0,1,0,1629329400,16,0,60,18,36,0,15263,2,1,3,4,2,3,7,5,0,2,1,0,2,1,1,53,53,126,103,1.05,1.54,2.59,0,0,0,0,0,0,1,1,0,0,0,1,0,0,-1,-1,-1,-1,-1,-1,-1,-1,-1,0,7,54,83,94,36,71,66,42,10.22,3.14,4.63,2.36,/clubs/philadelphia-union-16,teams/usa-philadelphia-union.png,Philadelphia Union,/clubs/new-york-city-fc-2,teams/usa-new-york-city-fc.png,New York City,2.0,1.1,1.89,1.13,1.47,1.72,100,94,47,18,7,46,40,29,1.52,1.61,3.13,/usa/new-york-city-fc-vs-philadelphia-union-h2h-stats#1201647,5674,37,True,False,False,False,False,False,False,['67'],[]
MLS,2021,5674,1201648,8043,1,2021,complete,65699,0,-1,[],[],0,0,0,5,5,10,2,5,4,3,0,1,4,1,14,8,18,9,10,10,46,54,13851,409,39282,,,4,4,2.55,3.4,2.6,1.05,1.25,1.71,2.6,4.4,11.0,3.9,2.1,1.48,1.2,1.59,2.3,2.9,1.43,3.8,1.29,1.38,1.32,1.71,2.75,2.1,3.45,2.5,2.25,3.45,0,0,1.3,1.63,2.01,2.55,3.65,3.2,2.26,1.8,1.5,1.26,1.85,7.0,2.4,1.91,9.25,2.4,4.0,6.0,1.43,2.7,6.25,16.0,2.8,1.44,1.12,1.03,1.21,2.06,4.14,9.95,3.95,1.74,1.19,1.03,0,0,0,0,0,0,0,0,0,0,0,1629329400,-1,0,54,12,25,0,21115,2,1,4,1,1,4,5,5,1,2,3,2,3,5,1,36,45,90,108,1.68,0.98,2.65,0,0,0,0,0,0,1,1,0,0,1,0,0,0,-1,-1,-1,-1,-1,-1,-1,-1,-1,7,20,35,71,93,30,59,83,40,7.43,3.14,5.04,2.25,/clubs/fc-cincinnati-8043,teams/usa-fc-cincinnati.png,FC Cincinnati,/clubs/montreal-impact-1,teams/canada-montreal-impact.png,Montreal Impact,0.47,0.88,0.57,0.8,0.94,1.37,93,81,66,30,7,59,39,32,1.58,1.18,2.76,/usa/montreal-impact-vs-fc-cincinnati-h2h-stats#1201648,5674,34,False,False,False,False,False,False,False,[],[]
MLS,2021,5674,1201649,13,18,2021,complete,65699,0,-1,[],['63'],0,1,1,7,1,8,2,2,3,0,0,0,2,2,17,7,19,9,8,4,65,35,12,12956,25,,,3,0,2.6,3.3,2.6,1.08,1.33,1.91,3.05,5.5,8.75,3.25,1.87,1.36,1.15,1.74,2.05,3.15,1.39,4.35,1.24,1.36,1.3,1.8,2.5,2.15,3.85,2.3,2.4,3.55,0,0,1.21,1.44,1.76,2.19,2.7,3.92,2.6,2.05,1.67,1.4,1.75,7.5,2.5,1.77,11.0,2.55,4.1,6.75,1.37,2.5,5.5,14.0,3.0,1.51,1.15,1.04,1.18,2.05,3.74,8.95,4.4,1.74,1.23,1.04,0,0,0,0,1,0,0,0,1,1,0,1629333000,18,0,62,33,23,0,11535,2,1,2,1,5,0,3,5,1,0,2,0,1,2,1,67,35,133,94,1.83,0.97,2.8,0,0,0,0,0,0,1,1,0,0,1,0,0,0,-1,-1,-1,-1,-1,-1,-1,-1,-1,12,27,44,77,95,43,72,84,33,8.05,2.88,4.58,2.72,/clubs/fc-dallas-13,teams/usa-fc-dallas.png,FC Dallas,/clubs/seattle-sounders-fc-18,teams/usa-seattle-sounders-fc.png,Seattle Sounders,1.29,1.82,1.7,2.13,1.11,1.89,89,74,57,24,5,54,48,38,1.61,1.15,2.76,/usa/fc-dallas-vs-seattle-sounders-fc-h2h-stats#1201649,5674,34,True,False,False,False,False,False,False,[],['63']
MLS,2021,5674,1201650,677447,17,2021,complete,65699,0,-1,['23'],['58'],1,1,2,3,3,6,1,1,3,3,0,0,7,3,9,11,16,14,17,11,44,56,24,40174,21031,,,3,3,1.8,3.5,4.5,1.08,1.34,1.95,3.2,6.0,8.5,3.15,1.83,1.34,1.13,1.91,1.87,2.95,1.43,4.1,1.26,1.36,1.32,1.74,2.7,2.1,3.6,2.5,2.35,3.35,0,0,1.22,1.48,1.75,2.29,2.98,3.82,2.5,2.07,1.61,1.34,1.55,7.0,3.2,1.87,9.75,2.45,4.0,6.5,1.41,2.65,6.0,16.0,2.85,1.47,1.14,1.03,1.21,2.0,4.04,9.4,3.95,1.78,1.2,1.03,0,0,0,0,2,1,0,0,1,1,1,1629333000,-1,0,68,24,33,0,13154,2,1,1,1,2,2,2,4,1,1,2,2,2,4,1,43,32,99,113,1.81,1.34,3.15,0,0,0,0,0,0,1,1,0,0,1,0,0,0,-1,-1,-1,-1,-1,-1,-1,-1,-1,24,42,57,82,96,36,81,82,53,10.48,3.98,3.98,3.13,/clubs/nashville-sc-mls-677447,teams/usa-nashville-sc-mls.png,Nashville SC,/clubs/orlando-city-sc-17,teams/usa-orlando-city-sc.png,Orlando City,2.0,1.11,2.17,1.33,1.63,1.67,77,59,43,18,4,75,51,47,1.9,1.28,3.18,/usa/orlando-city-sc-vs-nashville-sc-mls-h2h-stats#1201650,5674,35,True,True,False,False,False,False,True,['23'],['58']
MLS,2021,5674,1201651,8,20,2021,complete,65699,0,-1,['90+1'],['17'],1,1,2,11,1,12,1,2,2,4,0,0,2,2,9,6,11,8,8,12,69,31,31,18,7206,,,2,4,1.57,4.45,4.8,1.03,1.16,1.43,2.0,3.15,17.0,5.25,2.75,1.77,1.34,1.53,2.45,2.65,1.53,6.5,1.14,1.19,1.25,2.4,2.1,2.3,4.75,1.95,2.6,4.5,0,0,1.2,1.44,1.78,2.15,2.63,4.05,2.6,2.04,1.69,1.43,1.25,9.0,5.25,1.56,13.0,3.0,3.15,11.0,1.33,2.3,4.75,12.0,3.25,1.59,1.18,1.05,1.15,1.91,3.4,7.9,4.9,1.87,1.27,1.05,0,0,0,0,2,0,1,1,0,1,1,1629333000,-1,0,76,13,29,0,17081,2,1,7,1,4,0,8,4,1,2,1,2,3,3,1,99,17,169,63,1.57,0.77,2.34,0,0,0,0,0,0,1,1,0,0,0,0,0,0,-1,-1,-1,-1,-1,-1,-1,-1,-1,25,36,71,94,100,43,89,100,65,11.75,2.56,3.33,3.25,/clubs/sporting-kansas-city-8,teams/usa-sporting-kansas-city.png,Sporting KC,/clubs/portland-timbers-20,teams/usa-portland-timbers.png,Portland Timbers,1.84,1.28,2.0,0.5,1.95,1.28,76,64,29,7,0,71,60,54,2.2,1.17,3.37,/usa/sporting-kansas-city-vs-portland-timbers-h2h-stats#1201651,5674,36,True,True,False,False,False,False,True,['90+1'],['17']
MLS,2021,5674,1201652,698284,5,2021,complete,65699,0,-1,['37'],"['52', '74']",1,2,3,4,10,14,2,0,2,1,0,0,2,8,7,9,9,17,15,11,62,38,13812,2339,7207,,,2,1,1.61,3.8,5.5,1.08,1.33,1.91,3.2,6.0,8.75,3.2,1.87,1.34,1.13,1.95,1.8,2.25,1.69,5.5,1.17,1.17,1.26,2.45,2.15,2.15,5.0,1.91,2.55,4.8,0,0,1.19,1.43,1.71,2.16,2.63,4.2,2.63,2.14,1.7,1.43,1.33,8.5,4.33,1.54,10.75,3.2,2.7,10.0,1.42,2.7,6.5,18.0,2.8,1.44,1.12,1.03,1.24,2.05,4.54,10.0,4.04,1.77,1.2,1.04,0,0,0,0,3,1,0,0,2,2,1,1629334800,5,0,50,25,22,0,20738,2,1,1,6,3,4,7,7,0,0,2,1,0,3,1,61,43,106,89,1.16,1.94,3.1,0,0,0,0,0,0,1,1,0,0,0,4,0,0,-1,-1,-1,-1,-1,-1,-1,-1,-1,15,40,50,62,81,35,69,74,30,11.04,2.49,3.91,2.45,/clubs/austin-fc-698284,teams/usa-austin-fc.png,Austin,/clubs/vancouver-whitecaps-fc-5,teams/canada-vancouver-whitecaps-fc.png,Vancouver Whitecaps,1.35,0.89,1.14,0.6,0.89,0.94,86,61,51,39,20,76,71,54,1.71,1.2,2.91,/usa/vancouver-whitecaps-fc-vs-austin-fc-h2h-stats#1201652,5674,34,True,True,True,False,False,False,True,['37'],"['52', '74']"
MLS,2021,5674,1201653,14,6,2021,complete,65699,0,-1,"['6', '88']",['51'],2,1,3,4,8,12,1,1,2,0,0,0,5,2,7,12,12,14,11,10,53,47,57,26962,28051,,,2,0,1.71,3.75,4.55,1.06,1.29,1.8,2.9,5.25,10.0,3.5,1.95,1.39,1.16,1.8,1.95,2.9,1.43,4.75,1.21,1.27,1.34,1.87,2.5,2.1,4.0,2.3,2.35,3.75,0,0,1.12,1.4,1.66,2.1,2.5,5.25,2.7,2.2,1.73,1.48,1.6,7.0,3.0,1.74,10.25,2.6,3.85,8.0,1.38,2.5,5.5,14.0,2.95,1.5,1.15,1.04,1.19,2.05,3.84,8.95,4.25,1.74,1.22,1.04,0,0,0,0,3,1,0,1,1,2,1,1629338400,14,0,67,33,19,0,13570,2,1,2,2,2,6,4,8,1,0,1,0,1,1,1,24,46,100,112,1.29,1.36,2.66,0,0,0,0,0,0,1,1,1,0,0,0,0,0,-1,-1,-1,-1,-1,-1,-1,-1,-1,9,29,43,81,91,38,77,72,33,9.82,2.75,4.43,2.52,/clubs/real-salt-lake-14,teams/usa-real-salt-lake.png,Real Salt Lake,/clubs/houston-dynamo-6,teams/usa-houston-dynamo.png,Houston Dynamo,1.82,0.35,1.6,0.45,1.33,0.95,91,72,57,20,10,62,57,43,1.38,1.09,2.47,/usa/houston-dynamo-vs-real-salt-lake-h2h-stats#1201653,5674,34,True,True,True,False,False,False,True,"['6', '88']",['51']
MLS,2021,5674,1201654,677446,19,2021,complete,65699,0,-1,"['15', '35', '48']",['62'],3,1,4,1,2,3,1,1,3,1,0,0,6,3,7,4,13,7,12,3,43,57,57,28121,11435,,,3,1,2.0,3.65,3.4,1.05,1.25,1.69,2.6,4.45,11.0,3.9,2.15,1.48,1.2,1.65,2.2,3.1,1.39,4.55,1.22,1.31,1.34,1.8,2.68,2.4,4.02,2.27,2.65,3.42,0,0,1.21,1.48,1.73,2.2,2.7,3.92,2.5,2.0,1.62,1.4,1.55,7.0,3.2,1.83,10.5,2.45,4.15,7.25,1.33,2.65,5.5,12.0,3.0,1.51,1.11,1.01,1.2,1.93,3.84,9.5,4.54,1.87,1.26,1.04,0,0,0,0,4,2,0,1,1,2,2,1629590400,677446,0,67,14,43,0,-1,2,1,1,2,0,0,3,0,1,0,2,1,1,3,1,41,38,96,118,1.54,0.95,2.49,0,0,0,0,0,0,1,1,0,0,0,0,0,0,-1,-1,-1,-1,-1,-1,-1,-1,-1,33,33,67,91,100,43,81,82,58,10.28,4.25,3.55,3.43,/clubs/club-internacional-de-futbol-miami-677446,teams/usa-club-internacional-de-futbol-miami.png,Inter Miami,/clubs/toronto-fc-19,teams/canada-toronto-fc.png,Toronto,1.35,0.53,1.1,0.64,1.06,0.75,67,67,33,9,0,53,33,24,1.41,1.18,2.59,/usa/toronto-fc-vs-club-internacional-de-futbol-miami-h2h-stats#1201654,5674,34,True,True,True,True,False,False,True,"['15', '35', '48']",['62']
MLS,2021,5674,1201655,10,15,2021,complete,65699,0,-1,['65'],"['52', '71']",1,2,3,12,6,18,2,1,2,3,0,0,3,6,14,12,17,18,10,13,54,46,7,2,1763,,,2,3,0.0,0.0,0.0,1.06,1.25,1.62,2.65,4.55,11.0,3.9,2.2,1.47,1.2,1.67,2.15,3.2,1.38,5.5,1.17,1.28,1.31,1.95,2.4,2.15,4.2,2.2,2.45,3.8,0,0,1.21,1.44,1.73,2.1,2.7,3.92,2.6,2.0,1.65,1.4,1.67,7.0,2.8,1.71,13.0,2.6,4.05,8.75,1.36,2.4,5.25,13.0,3.05,1.54,1.16,1.04,1.18,1.91,3.4,6.5,4.33,1.87,1.29,1.08,0,0,0,0,3,0,0,1,2,3,0,1629513000,15,0,62,28,29,0,17568,2,1,2,4,10,2,6,12,1,2,1,1,3,2,1,43,42,121,90,1.6,1.86,3.46,0,0,0,0,0,0,1,1,0,0,2,2,0,0,-1,-1,-1,-1,-1,-1,-1,-1,-1,14,24,48,76,95,38,72,85,48,9.04,3.31,3.85,2.56,/clubs/la-galaxy-10,teams/usa-la-galaxy.png,LA Galaxy,/clubs/san-jose-earthquakes-15,teams/usa-san-jose-earthquakes.png,SJ Earthquakes,1.71,1.24,2.0,1.1,1.75,1.15,86,77,53,24,5,48,43,34,1.7,1.35,3.05,/usa/la-galaxy-vs-san-jose-earthquakes-h2h-stats#1201655,5674,34,True,True,True,False,False,False,True,['65'],"['52', '71']"
MLS,2021,5674,1201656,1015,8,2021,complete,65699,0,-1,[],[],0,0,0,9,4,13,6,0,2,4,0,1,7,5,15,6,22,11,19,11,61,39,42,5,18,,,2,6,2.2,3.45,3.1,1.06,1.25,1.67,2.6,4.35,11.0,3.9,2.15,1.49,1.21,1.57,2.35,4.25,1.25,4.2,1.25,1.51,1.34,1.51,2.77,2.44,3.73,2.39,2.65,3.18,0,0,1.28,1.57,1.91,2.4,3.48,3.34,2.25,1.8,1.5,1.26,1.75,7.0,2.63,2.1,13.0,2.05,6.0,6.0,1.3,2.54,5.25,11.5,3.2,1.55,1.13,1.01,1.18,1.84,3.52,8.5,4.8,1.97,1.3,1.05,0,0,0,0,0,0,0,0,0,0,0,1629574200,-1,0,45,20,20,0,-1,2,1,5,4,4,0,9,4,1,2,1,3,3,4,1,72,31,117,69,2.39,1.27,3.66,0,0,0,0,0,0,1,1,0,0,0,1,1,0,-1,-1,-1,-1,-1,-1,-1,-1,-1,5,25,45,65,95,40,65,75,40,12.1,2.3,2.8,2.35,/clubs/minnesota-united-fc-1015,teams/usa-minnesota-united-fc.png,Minnesota United,/clubs/sporting-kansas-city-8,teams/usa-sporting-kansas-city.png,Sporting KC,1.94,1.53,1.9,1.9,1.42,1.9,95,75,55,35,5,75,55,45,1.88,1.19,3.07,/usa/sporting-kansas-city-vs-minnesota-united-fc-h2h-stats#1201656,5674,35,False,False,False,False,False,False,False,[],[]
MLS,2021,5674,1201657,9,18,2021,complete,65699,0,-1,['77'],"['88', '89']",1,2,3,4,7,11,2,2,1,1,0,0,2,4,9,14,11,18,15,12,44,56,13893,13,25,,,1,1,2.5,3.25,2.8,1.09,1.36,2.0,3.25,6.0,8.0,3.05,1.77,1.32,1.13,1.8,1.95,3.2,1.37,3.95,1.27,1.38,1.37,1.62,3.07,2.23,3.76,2.55,2.5,3.15,0,0,1.48,1.67,2.1,2.63,4.14,2.5,2.1,1.67,1.43,1.19,1.91,6.5,2.38,1.95,9.5,2.3,4.55,6.5,1.42,3.05,6.0,16.0,3.0,1.41,1.09,1.01,1.27,2.24,5.05,10.5,3.76,1.65,1.17,1.02,0,0,0,0,3,0,0,1,2,3,0,1629581400,18,0,62,22,33,0,-1,2,1,1,1,3,6,2,9,0,0,1,1,0,2,1,57,51,101,99,1.25,1.78,3.03,0,0,0,0,0,0,1,1,0,0,1,1,0,0,-1,-1,-1,-1,-1,-1,-1,-1,-1,17,28,50,67,89,39,67,78,33,6.22,3.45,3.89,2.72,/clubs/columbus-crew-9,teams/usa-columbus-crew.png,Columbus Crew,/clubs/seattle-sounders-fc-18,teams/usa-seattle-sounders-fc.png,Seattle Sounders,1.94,1.82,1.67,2.22,1.2,1.95,84,73,50,33,11,33,22,17,1.52,1.13,2.65,/usa/columbus-crew-vs-seattle-sounders-fc-h2h-stats#1201657,5674,34,True,True,True,False,False,False,True,['77'],"['88', '89']"
MLS,2021,5674,1201658,17,7,2021,complete,65699,0,-1,['51'],[],1,0,1,5,11,16,0,0,1,1,0,0,4,6,8,13,12,19,5,5,46,54,13841,21031,2414,,,1,1,1.62,4.0,5.0,1.04,1.19,1.54,2.25,3.75,14.0,4.6,2.45,1.61,1.26,1.59,2.3,2.9,1.43,5.5,1.17,1.25,1.31,2.0,2.26,2.6,4.68,1.97,2.8,4.08,0,0,1.22,1.48,1.75,2.2,3.04,3.8,2.5,1.95,1.62,1.33,1.53,7.0,3.25,1.67,12.0,2.75,3.65,9.5,1.29,2.35,4.75,9.75,3.3,1.63,1.15,1.02,1.16,1.74,3.2,7.5,5.35,2.09,1.35,1.06,0,0,0,0,1,0,0,1,0,1,0,1629593100,17,0,57,20,44,0,-1,2,1,0,2,5,9,2,14,0,0,1,1,0,2,1,33,48,92,122,1.28,1.97,3.25,0,0,0,0,0,0,1,1,0,0,0,1,0,0,-1,-1,-1,-1,-1,-1,-1,-1,-1,26,33,50,82,95,45,82,68,57,6.97,2.15,3.65,2.91,/clubs/orlando-city-sc-17,teams/usa-orlando-city-sc.png,Orlando City,/clubs/chicago-fire-7,teams/usa-chicago-fire.png,Chicago Fire,1.82,0.47,2.0,0.14,1.63,1.0,75,68,51,18,6,45,45,26,1.49,1.08,2.57,/usa/chicago-fire-vs-orlando-city-sc-h2h-stats#1201658,5674,34,True,False,False,False,False,False,False,['51'],[]
MLS,2021,5674,1201659,16,1,2021,complete,65699,0,-1,['87'],['45+1'],1,1,2,7,4,11,0,4,2,4,0,0,1,5,11,4,12,9,14,11,57,43,11,40182,39282,,,2,4,1.68,3.9,4.4,1.08,1.29,1.74,2.85,5.0,10.5,3.85,2.06,1.42,1.19,1.77,2.15,2.5,1.57,6.0,1.16,1.17,1.32,2.2,2.27,2.45,5.24,1.96,2.66,4.48,0,0,1.24,1.5,1.8,2.25,3.14,3.64,2.4,1.91,1.57,1.31,1.43,7.5,3.75,1.59,10.5,3.05,3.15,11.0,1.35,2.69,5.5,12.5,3.38,1.5,1.11,1.01,1.21,1.93,3.84,9.5,4.44,1.87,1.26,1.04,0,0,0,0,2,0,1,1,0,1,1,1629590400,-1,0,43,10,24,0,-1,2,1,3,1,4,3,4,7,2,1,0,3,3,3,1,61,33,132,73,1.28,1.16,2.44,0,0,0,0,0,0,1,1,0,0,0,0,2,0,-1,-1,-1,-1,-1,-1,-1,-1,-1,0,5,38,67,96,29,63,67,38,9.28,3.06,3.99,2.05,/clubs/philadelphia-union-16,teams/usa-philadelphia-union.png,Philadelphia Union,/clubs/montreal-impact-1,teams/canada-montreal-impact.png,Montreal Impact,2.0,0.88,2.0,0.82,1.55,1.35,100,96,62,33,5,67,49,34,1.47,1.16,2.63,/usa/montreal-impact-vs-philadelphia-union-h2h-stats#1201659,5674,34,True,True,False,False,False,False,True,['87'],['45+1']
MLS,2021,5674,1201660,4,2,2021,complete,65699,0,-1,['90+12'],['31'],1,1,2,1,8,9,2,3,5,3,0,2,5,6,7,5,12,11,20,24,51,49,31,11574,762,,,5,6,3.1,3.35,2.25,1.08,1.32,1.87,3.0,5.5,9.0,3.3,1.91,1.38,1.15,1.74,2.1,3.75,1.29,4.4,1.24,1.43,1.35,1.61,3.58,2.17,2.7,3.22,2.62,2.4,0,0,1.31,1.57,1.95,2.4,3.72,3.14,2.25,1.75,1.5,1.23,2.25,7.0,1.95,1.95,12.0,2.2,5.25,6.5,1.36,2.59,5.85,14.0,2.92,1.44,1.1,1.01,1.23,2.05,4.3,9.5,4.2,1.77,1.22,1.04,0,0,0,0,2,0,1,1,0,1,1,1632355200,-1,0,60,21,35,0,16072,2,1,1,7,0,1,8,1,1,2,4,3,3,7,1,35,54,63,60,1.36,1.5,2.86,1,0,1,0,0,0,1,1,0,0,0,2,0,0,-1,-1,-1,-1,-1,-1,-1,-1,-1,5,13,47,78,92,30,66,74,44,8.42,3.08,4.81,2.34,/clubs/new-york-red-bulls-4,teams/usa-new-york-red-bulls.png,New York RB,/clubs/new-york-city-fc-2,teams/usa-new-york-city-fc.png,New York City,1.76,1.1,1.64,1.0,1.13,1.58,96,87,53,22,9,44,26,22,1.61,1.64,3.25,/usa/new-york-city-fc-vs-new-york-red-bulls-h2h-stats#1201660,5674,35,True,True,False,False,False,False,True,['90+12'],['31']
MLS,2021,5674,1201661,13401,1016,2021,complete,65699,0,-1,['54'],"['25', '82']",1,2,3,8,3,11,0,2,4,1,0,0,8,6,19,8,27,14,17,11,47,53,20,36107,40852,,,4,1,1.95,3.6,3.5,1.06,1.29,1.8,2.9,5.0,10.25,3.5,1.95,1.39,1.17,1.74,2.05,2.95,1.43,5.5,1.17,1.25,1.3,2.05,2.69,2.29,4.31,2.23,2.59,3.63,0,0,1.25,1.55,1.85,2.3,3.2,3.54,2.3,1.85,1.55,1.3,1.67,7.0,2.8,1.69,12.0,2.7,3.75,9.25,1.4,2.94,6.0,15.0,3.1,1.43,1.09,1.01,1.24,2.11,4.6,10.0,4.04,1.73,1.2,1.03,0,0,0,0,3,0,1,1,1,2,1,1629590400,1016,0,56,37,23,0,-1,2,1,2,2,6,1,4,7,0,1,4,0,1,4,1,57,45,108,85,2.67,1.63,4.29,0,0,0,0,0,0,1,1,0,0,1,1,0,0,-1,-1,-1,-1,-1,-1,-1,-1,-1,16,25,47,60,96,42,76,65,29,9.95,3.7,4.41,2.6,/clubs/dc-united-13401,teams/usa-dc-united.png,DC United,/clubs/atlanta-united-fc-1016,teams/usa-atlanta-united-fc.png,Atlanta United FC,2.0,1.06,2.25,0.82,1.35,1.2,85,76,54,41,5,64,53,37,1.68,1.28,2.96,/usa/atlanta-united-fc-vs-dc-united-h2h-stats#1201661,5674,34,True,True,True,False,False,False,True,['54'],"['25', '82']"
MLS,2021,5674,1201662,11,8043,2021,complete,65699,0,-1,"['7', '21', '33', '61']",['54'],4,1,5,3,3,6,3,1,3,0,0,0,8,4,6,9,14,13,12,8,50,50,24,21032,409,,,3,0,1.42,4.8,6.75,1.04,1.24,1.62,2.45,4.15,13.0,4.05,2.25,1.53,1.22,1.83,1.95,2.35,1.65,8.75,1.09,1.11,1.2,3.05,1.88,2.71,7.08,1.61,3.07,6.15,0,0,1.2,1.4,1.67,2.05,2.6,4.35,2.7,2.1,1.7,1.44,1.33,8.5,4.33,1.4,16.0,3.6,2.65,17.0,1.29,2.44,4.75,10.5,3.3,1.59,1.15,1.02,1.17,1.82,3.52,8.0,5.05,1.99,1.3,1.06,0,0,0,0,5,3,0,1,1,2,3,1629590400,11,0,55,30,25,0,18268,2,1,1,2,2,1,3,3,0,0,3,0,0,3,1,41,35,119,78,1.75,1.35,3.11,0,0,0,0,0,0,1,1,1,0,0,0,0,0,-1,-1,-1,-1,-1,-1,-1,-1,-1,25,35,65,75,90,50,70,80,35,9.5,3.3,4.2,3.1,/clubs/new-england-revolution-11,teams/usa-new-england-revolution.png,New England Revolution,/clubs/fc-cincinnati-8043,teams/usa-fc-cincinnati.png,FC Cincinnati,2.22,0.71,2.5,1.2,2.19,0.94,75,65,35,25,10,75,65,55,1.64,1.09,2.73,/usa/new-england-revolution-vs-fc-cincinnati-h2h-stats#1201662,5674,34,True,True,True,True,True,False,True,"['7', '21', '33', '61']",['54']
MLS,2021,5674,1201663,6,13,2021,complete,65699,0,-1,"['25', '72']","['54', '58']",2,2,4,5,5,10,0,1,2,4,0,0,4,6,8,5,12,11,13,16,42,58,3,28051,12956,,,2,4,2.31,3.06,3.46,1.09,1.33,1.98,3.2,6.0,8.0,3.2,1.8,1.33,1.13,1.8,1.95,3.3,1.36,4.45,1.24,1.34,1.36,1.71,2.73,2.09,3.75,2.49,2.42,3.38,0,0,1.24,1.5,1.8,2.25,3.1,3.64,2.4,1.91,1.57,1.35,1.6,7.0,3.0,1.87,10.75,2.4,4.5,7.0,1.4,2.81,6.45,14.5,2.72,1.38,1.08,1.01,1.27,2.14,4.64,10.5,3.76,1.71,1.2,1.02,0,0,0,0,4,1,0,1,2,3,1,1629592200,-1,0,60,13,35,0,-1,2,1,2,0,3,5,2,8,0,2,2,2,2,4,1,62,19,118,85,1.49,1.26,2.75,1,0,1,0,0,0,1,1,0,0,0,0,0,0,-1,-1,-1,-1,-1,-1,-1,-1,-1,0,24,47,77,94,36,60,88,53,10.69,4.96,3.83,2.41,/clubs/houston-dynamo-6,teams/usa-houston-dynamo.png,Houston Dynamo,/clubs/fc-dallas-13,teams/usa-fc-dallas.png,FC Dallas,1.41,0.65,1.63,0.44,0.9,1.05,100,77,53,24,7,61,55,44,1.64,1.19,2.83,/usa/houston-dynamo-vs-fc-dallas-h2h-stats#1201663,5674,34,True,True,True,True,False,False,True,"['25', '72']","['54', '58']"
MLS,2021,5674,1201664,698284,20,2021,complete,65699,0,-1,"['11', '14', '29']",['55'],3,1,4,5,2,7,1,0,1,1,0,0,6,6,12,5,18,11,4,9,55,45,5016,2339,7206,,,1,1,2.03,3.63,3.55,1.05,1.26,1.7,2.85,4.4,11.0,3.8,2.12,1.42,1.21,1.62,2.25,3.2,1.38,4.6,1.22,1.33,1.3,1.83,2.65,2.41,4.13,2.38,2.69,3.58,0,0,1.12,1.29,1.57,1.91,2.3,5.2,3.28,2.25,1.8,1.55,1.43,8.0,3.6,1.77,12.0,2.5,4.15,7.0,1.35,2.64,5.5,13.0,3.39,1.53,1.11,1.02,1.2,1.93,3.84,8.0,4.6,1.87,1.26,1.06,0,0,0,0,4,3,0,0,1,1,3,1629594000,698284,0,53,24,12,0,20738,2,1,0,1,5,1,1,6,0,0,1,1,0,2,1,61,47,107,87,2.0,1.46,3.45,1,0,1,0,0,0,1,1,0,0,0,0,0,0,-1,-1,-1,-1,-1,-1,-1,-1,-1,29,35,53,70,88,41,76,82,47,10.19,2.49,3.97,2.73,/clubs/austin-fc-698284,teams/usa-austin-fc.png,Austin,/clubs/portland-timbers-20,teams/usa-portland-timbers.png,Portland Timbers,1.35,1.28,1.0,0.56,0.84,1.26,71,66,48,31,13,71,71,65,1.64,1.13,2.77,/usa/portland-timbers-vs-austin-fc-h2h-stats#1201664,5674,34,True,True,True,True,False,False,True,"['11', '14', '29']",['55']
MLS,2021,5674,1201665,12,14,2021,complete,65699,0,-1,"['64', '71']",['51'],2,1,3,4,6,10,1,3,1,4,0,0,6,2,6,16,12,18,9,9,47,53,36,11434,26962,,,1,4,1.74,3.88,4.62,1.06,1.29,1.84,3.3,5.25,10.25,3.55,1.93,1.33,1.16,1.87,1.91,2.95,1.43,4.35,1.25,1.31,1.34,1.8,2.41,2.36,4.94,2.02,2.65,4.22,0,0,1.23,1.48,1.75,2.2,3.1,3.72,2.5,1.95,1.6,1.32,1.55,7.0,3.2,1.83,9.75,2.5,3.95,7.25,1.38,2.83,6.0,14.5,3.21,1.46,1.09,1.01,1.23,2.06,4.3,9.5,4.2,1.76,1.22,1.04,0,0,0,0,3,0,0,2,1,3,0,1629594000,12,0,60,25,19,0,13134,2,1,2,3,2,3,5,5,0,1,1,3,1,4,1,49,53,84,101,1.53,1.66,3.19,0,0,0,0,0,0,1,1,0,0,0,2,0,1,-1,-1,-1,-1,-1,-1,-1,-1,-1,12,36,60,82,89,42,71,83,42,10.96,2.19,5.81,2.78,/clubs/colorado-rapids-12,teams/usa-colorado-rapids.png,Colorado Rapids,/clubs/real-salt-lake-14,teams/usa-real-salt-lake.png,Real Salt Lake,1.89,1.05,2.0,1.0,1.89,1.42,89,65,41,18,12,66,54,43,1.63,1.39,3.02,/usa/colorado-rapids-vs-real-salt-lake-h2h-stats#1201665,5674,35,True,True,True,False,False,False,True,"['64', '71']",['51']
MLS,2021,5674,1201666,5,6490,2021,complete,65699,0,-1,"['60', '89']",['45+2'],2,1,3,11,4,15,2,1,0,1,0,0,3,8,8,18,11,26,7,13,53,47,58,7207,211,,,0,1,4.29,3.58,1.86,1.03,1.2,1.6,2.35,4.33,13.0,4.5,2.2,1.58,1.2,1.55,2.4,5.5,1.18,3.1,1.39,1.87,1.25,1.25,4.0,2.38,2.4,3.75,2.75,2.25,0,0,1.25,1.55,1.91,2.38,3.2,3.54,2.3,1.8,1.53,1.3,2.9,7.5,1.62,2.4,12.0,1.57,8.75,3.95,1.3,2.34,5.45,14.5,3.2,1.54,1.12,1.04,1.15,1.74,3.25,7.4,4.9,1.99,1.3,1.06,0,0,0,0,3,0,1,2,0,2,1,1629597600,5,0,47,18,24,0,-1,2,1,7,2,4,2,9,6,0,0,0,1,0,1,1,48,58,100,104,1.26,2.61,3.87,0,1,0,1,0,0,1,1,0,0,3,1,0,0,-1,-1,-1,-1,-1,-1,-1,-1,-1,0,13,47,71,94,18,53,82,54,9.67,3.21,3.31,2.24,/clubs/vancouver-whitecaps-fc-5,teams/canada-vancouver-whitecaps-fc.png,Vancouver Whitecaps,/clubs/los-angeles-fc-6490,teams/usa-los-angeles-fc.png,Los Angeles FC,1.94,0.88,1.38,0.78,1.05,1.21,100,88,53,30,7,70,46,35,1.14,1.52,2.66,/usa/vancouver-whitecaps-fc-vs-los-angeles-fc-h2h-stats#1201666,5674,34,True,True,True,False,False,False,True,"['60', '89']",['45+2']
MLS,2021,5674,1201667,9,8043,2021,complete,65699,0,-1,"['45', '81', '82']","['45+3', '74']",3,2,5,6,8,14,3,0,0,0,0,0,9,4,11,13,20,17,7,7,51,49,12,13,409,,,0,0,1.77,3.45,4.75,1.08,1.36,2.0,3.35,6.5,8.25,3.05,1.77,1.31,1.12,1.95,1.83,2.65,1.51,4.4,1.24,1.23,1.3,1.89,2.4,2.12,4.52,2.15,2.51,4.05,0,0,1.22,1.42,1.74,2.23,3.0,4.0,2.75,2.02,1.61,1.35,1.42,8.0,3.5,1.61,10.75,2.54,3.45,7.5,1.4,2.81,6.5,21.0,2.73,1.38,1.08,1.02,1.26,2.2,4.9,13.0,3.84,1.67,1.18,1.04,0,0,0,0,5,1,1,2,1,3,2,1630103400,9,0,58,24,39,0,19949,2,-1,4,7,2,1,11,3,0,0,0,0,0,0,1,55,37,111,74,2.29,1.62,3.9,0,0,0,0,0,0,1,1,0,0,0,0,-1,-1,-1,-1,-1,-1,-1,-1,-1,-1,-1,24,38,67,81,86,53,72,76,43,7.46,3.51,4.01,3.18,/clubs/columbus-crew-9,teams/usa-columbus-crew.png,Columbus Crew,/clubs/fc-cincinnati-8043,teams/usa-fc-cincinnati.png,FC Cincinnati,1.94,0.71,1.5,1.09,1.14,0.89,77,62,33,19,15,52,43,38,1.5,1.12,2.62,/usa/columbus-crew-vs-fc-cincinnati-h2h-stats#1201667,5674,34,True,True,True,True,True,False,True,"['45', '81', '82']","['45+3', '74']"
MLS,2021,5674,1201668,1,19,2021,complete,65699,0,-1,"['23', '68', '75']",['58'],3,1,4,8,2,10,2,0,3,2,0,1,11,2,9,1,20,3,16,7,60,40,31,39282,11435,,,3,4,2.0,3.65,3.35,1.03,1.2,1.56,2.3,3.8,14.0,4.5,2.35,1.59,1.26,1.51,2.5,3.0,1.42,4.75,1.21,1.3,1.32,1.87,2.45,2.1,4.0,2.25,2.4,3.7,0,0,1.36,1.65,2.12,2.88,4.1,3.0,2.16,1.67,1.38,1.22,1.44,7.5,3.45,1.74,11.0,2.6,3.9,7.75,1.38,2.5,5.5,14.0,2.95,1.5,1.15,1.04,1.19,2.0,3.76,9.0,4.7,1.77,1.27,1.07,0,0,0,0,4,1,0,2,1,3,1,1630107000,1,0,67,25,43,0,-1,2,1,5,2,2,0,7,2,2,1,1,2,3,3,1,76,21,133,60,2.58,0.49,3.07,0,0,0,0,0,0,1,1,0,0,0,0,1,1,-1,-1,-1,-1,-1,-1,-1,-1,-1,28,38,67,75,89,42,74,71,57,9.22,3.86,4.06,3.4,/clubs/montreal-impact-1,teams/canada-montreal-impact.png,Montreal Impact,/clubs/toronto-fc-19,teams/canada-toronto-fc.png,Toronto,1.82,0.53,2.0,0.58,1.33,0.71,73,63,33,25,11,38,32,18,1.52,1.16,2.68,/usa/montreal-impact-vs-toronto-fc-h2h-stats#1201668,5674,34,True,True,True,True,False,False,True,"['23', '68', '75']",['58']
MLS,2021,5674,1201669,17,677446,2021,complete,65699,0,-1,[],[],0,0,0,10,4,14,2,2,1,2,0,0,2,3,15,4,17,7,11,14,56,44,31,21031,28121,,,1,2,1.84,3.9,4.04,1.06,1.27,1.75,2.7,4.8,12.0,4.0,1.95,1.47,1.21,1.74,2.15,2.75,1.49,5.5,1.18,1.25,1.28,2.1,2.3,2.2,4.35,2.1,2.5,4.05,0,0,1.24,1.57,1.98,2.4,3.14,3.64,2.25,1.83,1.5,1.31,1.45,8.7,3.68,1.62,12.0,2.8,3.4,8.75,1.36,2.5,5.5,14.0,3.0,1.51,1.15,1.04,1.21,1.91,4.04,10.0,4.44,1.87,1.24,1.06,0,0,0,0,0,0,0,0,0,0,0,1630110600,-1,0,44,5,33,0,17817,2,1,4,3,6,1,7,7,0,0,1,2,0,3,1,51,31,112,74,1.58,0.88,2.47,1,0,0,0,1,0,1,1,0,0,2,0,0,0,-1,-1,-1,-1,-1,-1,-1,-1,-1,17,17,38,60,89,28,60,72,38,8.33,3.18,4.33,2.19,/clubs/orlando-city-sc-17,teams/usa-orlando-city-sc.png,Orlando City,/clubs/club-internacional-de-futbol-miami-677446,teams/usa-club-internacional-de-futbol-miami.png,Inter Miami,1.82,1.06,2.1,1.0,1.7,1.16,84,84,63,40,12,58,58,47,1.47,0.79,2.26,/usa/orlando-city-sc-vs-club-internacional-de-futbol-miami-h2h-stats#1201669,5674,34,False,False,False,False,False,False,False,[],[]
MLS,2021,5674,1201670,1016,677447,2021,complete,65699,0,-1,[],"['45+2', '90+5']",0,2,2,6,1,7,2,1,2,3,0,0,4,4,7,12,11,16,10,11,61,39,13812,40852,40174,,,2,3,2.35,3.2,3.0,1.08,1.33,1.91,3.1,5.75,8.25,3.2,1.87,1.35,1.15,1.77,2.0,2.8,1.47,3.7,1.3,1.36,1.34,1.69,2.8,2.1,3.5,2.55,2.25,3.45,0,0,1.3,1.55,1.98,2.6,3.6,3.35,2.38,1.83,1.46,1.27,1.58,7.5,2.88,1.91,8.5,2.45,3.9,6.0,1.44,2.8,6.5,18.0,2.7,1.42,1.12,1.03,1.27,2.22,5.0,10.0,3.76,1.66,1.17,1.04,0,0,0,0,2,0,1,0,1,1,1,1630179000,677447,0,38,7,31,0,42506,2,1,1,0,5,1,1,6,1,1,1,2,2,3,1,50,37,141,101,1.35,1.56,2.92,0,0,0,0,0,0,1,1,0,0,1,0,0,0,-1,-1,-1,-1,-1,-1,-1,-1,-1,0,24,31,45,73,7,44,55,31,9.75,2.58,2.36,1.73,/clubs/atlanta-united-fc-1016,teams/usa-atlanta-united-fc.png,Atlanta United FC,/clubs/nashville-sc-mls-677447,teams/usa-nashville-sc-mls.png,Nashville SC,1.88,1.22,1.67,0.71,1.29,1.6,100,77,69,55,27,58,44,24,1.7,1.03,2.73,/usa/atlanta-united-fc-vs-nashville-sc-mls-h2h-stats#1201670,5674,35,True,True,False,False,False,False,False,[],"['45+2', '90+5']"
MLS,2021,5674,1201671,4,7,2021,complete,65699,0,-1,[],['32'],0,1,1,2,3,5,1,1,2,1,0,0,2,3,18,6,20,9,13,9,58,42,13864,11574,2414,,,2,1,1.91,3.55,3.9,1.06,1.27,1.71,2.7,4.65,10.5,3.7,2.1,1.44,1.19,1.69,2.1,2.85,1.45,4.95,1.2,1.26,1.31,1.95,2.4,2.15,4.1,2.2,2.4,3.9,0,0,1.25,1.47,1.85,2.38,3.25,3.7,2.55,1.95,1.54,1.3,1.38,8.0,3.7,1.71,10.75,2.7,3.65,8.5,1.37,2.5,5.5,14.0,3.0,1.51,1.15,1.04,1.21,2.05,3.94,8.0,4.44,1.77,1.25,1.06,0,0,0,0,1,0,1,0,0,0,1,1630188000,7,0,47,13,41,0,12018,2,1,1,2,1,1,3,2,0,0,2,1,0,3,1,65,25,146,74,1.88,0.97,2.84,0,0,0,0,0,0,1,1,0,0,0,1,0,0,-1,-1,-1,-1,-1,-1,-1,-1,-1,18,25,36,77,95,25,66,71,53,8.44,2.63,3.92,2.55,/clubs/new-york-red-bulls-4,teams/usa-new-york-red-bulls.png,New York RB,/clubs/chicago-fire-7,teams/usa-chicago-fire.png,Chicago Fire,1.76,0.47,1.89,0.13,1.16,0.95,82,76,65,24,6,65,48,30,1.63,1.19,2.82,/usa/new-york-red-bulls-vs-chicago-fire-h2h-stats#1201671,5674,34,True,False,False,False,False,False,False,[],['32']
MLS,2021,5674,1201672,2,11,2021,complete,65699,0,-1,"['31', '55']",[],2,0,2,7,10,17,3,0,5,2,0,0,6,2,13,10,19,12,13,7,52,48,39,762,21032,,,5,2,1.53,4.25,5.5,1.05,1.19,1.59,2.35,3.9,13.0,4.55,2.3,1.56,1.25,1.67,2.2,3.05,1.41,5.5,1.17,1.27,1.3,1.95,2.35,2.15,4.25,2.2,2.45,3.8,0,0,1.17,1.3,1.56,1.98,2.55,4.8,3.25,2.33,1.83,1.47,1.36,8.5,3.8,1.67,13.0,2.7,3.8,8.75,1.35,2.4,5.0,13.0,3.1,1.54,1.17,1.04,1.17,1.87,3.52,7.0,5.05,1.91,1.3,1.08,0,0,0,0,2,1,0,1,0,1,1,1630193400,2,0,57,14,33,0,22032,2,1,3,4,4,6,7,10,3,1,2,1,4,3,1,46,44,119,102,1.96,1.22,3.18,0,0,0,0,0,0,1,1,0,0,1,0,0,0,-1,-1,-1,-1,-1,-1,-1,-1,-1,34,43,62,81,100,28,81,81,53,10.53,3.2,3.06,3.19,/clubs/new-york-city-fc-2,teams/usa-new-york-city-fc.png,New York City,/clubs/new-england-revolution-11,teams/usa-new-england-revolution.png,New England Revolution,2.06,2.0,2.2,1.91,1.63,2.23,67,58,38,19,0,76,62,58,1.85,1.56,3.41,/usa/new-york-city-fc-vs-new-england-revolution-h2h-stats#1201672,5674,35,True,True,False,False,False,False,False,"['31', '55']",[]
MLS,2021,5674,1201673,6490,10,2021,complete,65699,0,-1,"['44', '58', '66']","['20', '64', '86']",3,3,6,7,9,16,1,1,1,4,0,0,10,5,15,5,25,10,9,12,47,53,3,211,2,,,1,4,1.59,4.4,4.75,1.03,1.17,1.47,2.1,3.35,16.0,5.0,2.6,1.71,1.31,1.54,2.4,2.9,1.44,7.25,1.12,1.17,1.25,2.45,2.05,2.4,4.45,1.95,2.65,4.25,0,0,1.25,1.47,1.85,2.38,3.25,3.7,2.55,1.95,1.54,1.3,1.3,8.5,4.3,1.57,15.0,2.9,3.4,13.0,1.27,2.1,4.15,10.0,3.65,1.71,1.22,1.06,1.14,1.77,3.1,6.5,5.75,2.0,1.37,1.1,0,0,0,0,6,1,1,2,2,4,2,1630191600,-1,0,68,16,37,0,22032,2,1,4,5,3,4,9,7,1,1,0,3,2,3,1,98,45,102,81,2.97,1.31,4.28,1,0,1,0,0,0,1,1,0,0,1,0,0,0,-1,-1,-1,-1,-1,-1,-1,-1,-1,11,37,75,95,100,37,74,95,59,10.91,3.56,2.64,3.17,/clubs/los-angeles-fc-6490,teams/usa-los-angeles-fc.png,Los Angeles FC,/clubs/la-galaxy-10,teams/usa-la-galaxy.png,LA Galaxy,1.76,1.12,1.6,1.44,1.15,1.67,90,63,26,6,0,63,37,27,1.94,1.15,3.09,/usa/la-galaxy-vs-los-angeles-fc-h2h-stats#1201673,5674,34,True,True,True,True,True,True,True,"['44', '58', '66']","['20', '64', '86']"
MLS,2021,5674,1201674,13401,16,2021,complete,65699,0,-1,"['36', '49', '90+5']",['22'],3,1,4,5,3,8,3,2,1,1,0,0,9,3,7,8,16,11,15,10,49,51,69,36107,40182,,,1,1,2.3,3.4,2.9,1.06,1.29,1.8,2.85,4.95,10.0,3.5,1.95,1.41,1.17,1.69,2.15,3.05,1.4,3.8,1.29,1.33,1.26,1.62,2.85,2.05,3.7,2.55,2.4,3.3,0,0,1.22,1.42,1.74,2.23,3.0,4.0,2.75,2.02,1.61,1.35,1.64,7.5,2.7,1.8,7.5,2.2,4.25,6.0,1.4,2.75,6.75,16.0,2.7,1.4,1.07,1.01,1.25,2.15,4.5,9.5,3.6,1.62,1.17,1.03,0,0,0,0,4,1,1,2,0,2,2,1630195200,13401,0,52,27,31,0,16593,2,1,4,1,1,2,5,3,0,0,1,1,0,2,1,58,58,122,110,2.06,1.33,3.4,1,0,1,0,0,0,1,1,0,0,0,0,0,0,-1,-1,-1,-1,-1,-1,-1,-1,-1,11,16,42,57,95,27,70,52,41,10.68,3.97,4.58,2.42,/clubs/dc-united-13401,teams/usa-dc-united.png,DC United,/clubs/philadelphia-union-16,teams/usa-philadelphia-union.png,Philadelphia Union,2.0,1.06,2.0,1.1,1.29,1.52,90,85,58,43,5,74,58,47,1.79,1.57,3.36,/usa/philadelphia-union-vs-dc-united-h2h-stats#1201674,5674,34,True,True,True,True,False,False,True,"['36', '49', '90+5']",['22']
MLS,2021,5674,1201675,6,1015,2021,complete,65699,0,-1,['1'],"['16', '73']",1,2,3,4,3,7,1,0,3,0,0,0,5,4,4,3,9,7,15,9,52,48,15,28051,5,,,3,0,2.2,3.5,3.3,1.07,1.3,1.77,3.2,5.25,9.25,3.45,2.03,1.35,1.16,1.71,2.1,3.35,1.34,3.65,1.31,1.4,1.26,1.53,3.1,2.2,3.25,2.75,2.5,2.88,0,0,1.17,1.32,1.58,2.0,2.6,4.7,3.2,2.28,1.8,1.46,1.63,7.5,2.7,1.8,8.5,2.1,4.85,5.5,1.36,2.63,7.0,19.0,3.0,1.44,1.1,1.02,1.2,1.95,3.8,8.0,4.0,1.75,1.22,1.05,0,0,0,0,3,1,1,0,1,1,2,1630198800,1015,0,73,22,28,0,14521,2,1,2,2,2,1,4,3,0,0,3,0,0,3,1,42,41,124,122,1.24,1.04,2.28,0,0,0,0,0,0,1,1,1,0,0,0,0,0,-1,-1,-1,-1,-1,-1,-1,-1,-1,6,39,50,84,95,39,78,78,50,10.89,3.77,3.67,2.73,/clubs/houston-dynamo-6,teams/usa-houston-dynamo.png,Houston Dynamo,/clubs/minnesota-united-fc-1015,teams/usa-minnesota-united-fc.png,Minnesota United,1.41,0.89,1.56,0.89,0.9,1.4,95,62,50,17,6,73,67,45,1.63,1.34,2.97,/usa/houston-dynamo-vs-minnesota-united-fc-h2h-stats#1201675,5674,34,True,True,True,False,False,False,True,['1'],"['16', '73']"
MLS,2021,5674,1201676,8,12,2021,complete,65699,0,-1,['41'],['17'],1,1,2,6,4,10,2,1,0,4,0,0,9,1,7,6,16,7,3,14,58,42,24,18,11434,,,0,4,1.9,3.85,3.95,1.05,1.24,1.73,2.5,4.3,12.0,4.1,2.09,1.53,1.21,1.62,2.25,2.85,1.45,5.5,1.18,1.22,1.2,1.95,2.4,2.3,4.33,2.1,2.6,3.75,0,0,1.28,1.5,1.93,2.5,3.45,3.5,2.45,1.88,1.49,1.28,1.38,8.0,3.7,1.53,9.0,2.6,3.5,8.5,1.33,2.5,6.5,19.0,3.25,1.5,1.11,1.02,1.2,1.95,3.9,8.0,4.1,1.75,1.22,1.05,0,0,0,0,2,1,1,0,0,0,2,1630198800,-1,0,67,11,26,0,19883,2,1,3,1,3,3,4,6,0,2,0,2,2,2,1,71,28,145,57,2.16,0.72,2.88,0,0,0,0,0,0,1,1,0,0,1,1,0,0,-1,-1,-1,-1,-1,-1,-1,-1,-1,5,21,58,84,95,38,90,84,41,12.63,3.94,3.07,2.62,/clubs/sporting-kansas-city-8,teams/usa-sporting-kansas-city.png,Sporting KC,/clubs/colorado-rapids-12,teams/usa-colorado-rapids.png,Colorado Rapids,1.84,1.59,1.9,1.78,1.86,1.95,95,79,42,17,6,79,58,36,2.14,1.32,3.46,/usa/sporting-kansas-city-vs-colorado-rapids-h2h-stats#1201676,5674,35,True,True,False,False,False,False,True,['41'],['17']
MLS,2021,5674,1201677,5,14,2021,complete,65699,0,-1,"['33', '53', '64', '69']",['90'],4,1,5,10,1,11,2,0,1,3,0,0,6,2,7,6,13,8,9,12,48,52,13851,41087,26962,,,1,3,2.3,3.2,3.05,1.09,1.36,2.0,3.25,6.0,8.0,3.05,1.8,1.32,1.13,1.83,1.95,3.4,1.34,3.35,1.34,1.48,1.26,1.45,3.2,2.2,3.2,2.75,2.45,2.75,0,0,1.2,1.41,1.74,2.18,2.89,4.04,2.82,2.09,1.65,1.36,2.17,7.0,1.96,1.95,8.25,1.95,4.9,4.85,1.36,2.75,7.0,21.0,3.0,1.4,1.1,1.02,1.22,2.05,4.2,8.75,3.8,1.7,1.19,1.04,0,0,0,0,5,1,0,3,1,4,1,1630288800,5,0,56,22,33,0,-1,2,1,5,0,5,1,5,6,1,1,0,2,2,2,1,52,30,92,81,1.62,0.87,2.49,0,0,0,0,0,0,1,1,0,0,1,0,0,0,-1,-1,-1,-1,-1,-1,-1,-1,-1,6,28,67,73,89,28,56,84,62,11.34,2.89,4.89,2.61,/clubs/vancouver-whitecaps-fc-5,teams/canada-vancouver-whitecaps-fc.png,Vancouver Whitecaps,/clubs/real-salt-lake-14,teams/usa-real-salt-lake.png,Real Salt Lake,1.94,1.05,1.56,0.89,1.15,1.35,95,73,33,28,11,73,56,45,1.15,1.42,2.57,/usa/vancouver-whitecaps-fc-vs-real-salt-lake-h2h-stats#1201677,5674,35,True,True,True,True,True,False,True,"['33', '53', '64', '69']",['90']
MLS,2021,5674,1201678,698284,13,2021,complete,65699,0,-1,"['13', '59', '68']","['5', '36', '38', '40', '53']",3,5,8,8,7,15,1,1,1,2,0,0,6,10,10,11,16,21,7,8,63,37,57,2339,12956,,,1,2,2.05,3.6,3.35,1.06,1.27,1.74,2.7,4.75,10.5,3.65,2.05,1.43,1.18,1.67,2.15,3.05,1.4,4.45,1.24,1.28,1.25,1.75,2.63,2.3,3.75,2.3,2.55,3.4,0,0,1.2,1.39,1.71,2.23,2.89,4.04,2.78,2.02,1.58,1.35,1.5,7.5,3.1,1.62,8.75,2.38,3.95,7.0,1.33,2.5,6.5,19.0,3.25,1.5,1.11,1.02,1.18,1.83,3.75,10.0,4.5,1.83,1.25,1.06,0,0,0,0,8,1,4,2,1,3,5,1630281600,13,0,47,11,31,0,20738,2,1,3,4,5,3,7,8,1,1,0,1,2,1,1,68,43,112,73,1.92,2.32,4.25,0,0,0,0,0,0,1,1,0,1,0,1,0,0,-1,-1,-1,-1,-1,-1,-1,-1,-1,11,32,47,68,89,27,64,84,47,10.26,3.53,4.17,2.47,/clubs/austin-fc-698284,teams/usa-austin-fc.png,Austin,/clubs/fc-dallas-13,teams/usa-fc-dallas.png,FC Dallas,1.35,0.65,1.22,0.5,0.95,1.05,89,69,53,32,11,54,49,28,1.68,1.19,2.87,/usa/fc-dallas-vs-austin-fc-h2h-stats#1201678,5674,34,True,True,True,True,True,True,True,"['13', '59', '68']","['5', '36', '38', '40', '53']"
MLS,2021,5674,1201679,18,20,2021,complete,65699,0,-1,[],"['58', '90+5']",0,2,2,12,2,14,1,0,0,2,0,0,4,2,10,8,14,10,12,11,55,45,35,25,7206,,,0,2,1.57,4.25,5.25,1.05,1.24,1.62,2.5,4.3,13.0,4.05,2.25,1.5,1.21,1.71,2.1,2.45,1.59,5.75,1.17,1.18,1.18,2.15,2.3,2.3,4.75,2.0,2.7,4.33,0,0,1.18,1.36,1.67,2.14,2.82,4.5,2.89,2.15,1.71,1.41,1.33,8.5,4.0,1.5,9.5,2.75,3.0,9.75,1.33,2.5,6.5,17.0,3.25,1.5,1.11,1.03,1.18,1.85,3.6,7.5,4.33,1.85,1.25,1.06,0,0,0,0,2,0,0,0,2,2,0,1630290600,20,0,58,10,23,0,45737,2,1,1,2,11,0,3,11,0,1,0,1,1,1,1,90,24,137,99,1.82,0.96,2.78,0,0,0,0,0,0,1,1,0,0,0,1,0,0,-1,-1,-1,-1,-1,-1,-1,-1,-1,15,39,58,86,96,39,68,91,57,8.85,1.73,3.74,2.93,/clubs/seattle-sounders-fc-18,teams/usa-seattle-sounders-fc.png,Seattle Sounders,/clubs/portland-timbers-20,teams/usa-portland-timbers.png,Portland Timbers,1.67,1.28,1.73,0.5,2.0,1.2,85,62,43,14,5,62,53,48,1.62,1.16,2.78,/usa/seattle-sounders-fc-vs-portland-timbers-h2h-stats#1201679,5674,35,True,True,False,False,False,False,False,[],"['58', '90+5']"
MLS,2021,5674,1201680,6,20,2021,complete,65699,0,-1,[],"['15', '20']",0,2,2,9,3,12,2,0,1,3,0,0,6,3,15,4,21,7,12,11,48,52,69,28051,7206,,,1,3,2.0,3.7,3.45,1.04,1.19,1.64,2.7,3.65,14.0,4.7,2.18,1.47,1.27,1.5,2.55,3.3,1.36,4.7,1.21,1.33,1.22,1.75,2.63,2.3,3.75,2.4,2.7,3.4,0,0,1.14,1.28,1.5,1.98,2.45,5.0,3.4,2.4,1.83,1.48,1.57,7.5,2.88,1.62,11.0,2.3,4.25,7.0,1.33,2.5,6.5,17.0,3.25,1.5,1.11,1.03,1.16,1.85,3.7,7.9,4.65,1.87,1.24,1.05,0,0,0,0,2,0,2,0,0,0,2,1630713600,20,0,72,24,20,0,-1,2,1,5,3,4,0,8,4,0,0,1,3,0,4,1,78,34,112,93,2.3,0.91,3.21,0,1,0,1,0,0,1,1,0,0,0,0,0,0,-1,-1,-1,-1,-1,-1,-1,-1,-1,14,38,62,86,95,53,76,90,53,9.78,3.11,3.79,2.94,/clubs/houston-dynamo-6,teams/usa-houston-dynamo.png,Houston Dynamo,/clubs/portland-timbers-20,teams/usa-portland-timbers.png,Portland Timbers,1.41,1.28,1.4,0.73,0.86,1.29,87,63,38,15,5,72,72,67,1.59,1.14,2.73,/usa/houston-dynamo-vs-portland-timbers-h2h-stats#1201680,5674,34,True,True,False,False,False,False,False,[],"['15', '20']"
MLS,2021,5674,1201681,6490,8,2021,complete,65699,0,-1,"['18', '61', '71', '87']",[],4,0,4,3,1,4,3,2,3,1,0,1,7,5,9,5,16,10,12,8,41,59,36,211,18,,,3,3,1.92,3.85,3.58,1.05,1.22,1.53,2.15,4.0,13.0,4.2,2.4,1.65,1.25,1.54,2.4,3.5,1.32,6.0,1.15,1.28,1.2,1.95,2.38,2.5,4.0,2.2,2.9,3.6,0,0,1.2,1.4,1.7,2.2,2.95,4.1,2.75,2.05,1.6,1.35,1.47,7.5,3.25,1.57,17.0,2.38,4.3,9.0,1.25,2.2,5.0,13.0,3.75,1.62,1.17,1.04,1.12,1.66,3.05,6.45,5.45,2.12,1.33,1.09,0,0,0,0,4,1,0,3,0,3,1,1630720800,6490,0,69,27,36,0,-1,2,1,1,1,2,0,2,2,1,0,2,2,1,4,1,41,54,93,116,1.8,1.38,3.18,1,0,1,0,0,0,1,1,0,0,0,0,0,0,-1,-1,-1,-1,-1,-1,-1,-1,-1,14,36,60,87,91,45,64,87,55,11.91,3.0,3.18,2.91,/clubs/los-angeles-fc-6490,teams/usa-los-angeles-fc.png,Los Angeles FC,/clubs/sporting-kansas-city-8,teams/usa-sporting-kansas-city.png,Sporting KC,1.76,1.53,1.55,1.82,1.14,1.82,87,64,41,14,9,78,50,36,2.04,1.2,3.24,/usa/sporting-kansas-city-vs-los-angeles-fc-h2h-stats#1201681,5674,34,True,True,True,True,False,False,False,"['18', '61', '71', '87']",[]
MLS,2021,5674,1201682,8043,677446,2021,complete,65699,0,-1,[],['90'],0,1,1,4,5,9,2,1,0,4,0,0,2,1,9,10,11,11,11,9,49,51,19912,409,28121,,,0,4,2.45,3.3,2.8,1.07,1.31,1.87,2.95,5.5,9.0,3.35,1.91,1.38,1.15,1.74,2.05,2.9,1.44,3.6,1.32,1.36,1.28,1.62,3.0,2.1,3.6,2.7,2.4,3.4,0,0,1.25,1.48,1.88,2.4,3.3,3.6,2.5,1.93,1.5,1.28,1.88,7.0,2.28,1.8,10.0,2.25,4.1,6.0,1.44,3.0,9.0,23.0,2.63,1.36,1.07,1.01,1.25,2.22,4.95,10.5,3.6,1.6,1.14,1.02,0,0,0,0,1,0,0,0,1,1,0,1630800000,677446,0,42,7,24,0,22234,2,1,1,2,3,3,3,6,0,1,0,3,1,3,1,33,45,99,110,1.08,1.1,2.18,0,0,0,0,0,0,1,1,0,0,0,0,0,0,-1,-1,-1,-1,-1,-1,-1,-1,-1,12,18,24,54,77,24,47,66,24,8.61,4.02,6.25,1.84,/clubs/fc-cincinnati-8043,teams/usa-fc-cincinnati.png,FC Cincinnati,/clubs/club-internacional-de-futbol-miami-677446,teams/usa-club-internacional-de-futbol-miami.png,Inter Miami,0.47,1.06,0.63,1.0,0.85,1.15,89,82,77,47,24,71,71,53,1.59,0.8,2.39,/usa/fc-cincinnati-vs-club-internacional-de-futbol-miami-h2h-stats#1201682,5674,34,True,False,False,False,False,False,False,[],['90']
MLS,2021,5674,1201683,17,9,2021,complete,65699,0,-1,"['26', '29', '69']","['52', '54']",3,2,5,2,5,7,1,2,2,0,0,0,6,3,6,10,12,13,5,13,48,52,7,21031,13,,,2,0,1.83,3.6,4.15,1.06,1.27,1.74,2.75,4.75,10.0,3.7,2.05,1.43,1.18,1.69,2.1,2.45,1.57,4.85,1.21,1.22,1.22,2.0,2.38,2.25,4.75,2.15,2.6,4.33,0,0,1.25,1.48,1.88,2.4,3.3,3.6,2.5,1.93,1.5,1.28,1.5,7.8,3.62,1.5,10.5,2.88,3.1,8.25,1.36,2.75,7.0,21.0,3.0,1.4,1.1,1.02,1.21,2.04,4.45,9.95,3.95,1.71,1.17,1.03,0,0,0,0,5,2,0,1,2,3,2,1630798200,17,0,36,9,23,0,-1,2,1,1,5,1,0,6,1,1,0,1,0,1,1,1,29,42,88,116,1.39,1.34,2.74,0,0,0,0,0,0,1,1,0,0,1,1,0,0,-1,-1,-1,-1,-1,-1,-1,-1,-1,14,18,36,50,82,23,60,69,32,7.91,2.81,2.73,2.0,/clubs/orlando-city-sc-17,teams/usa-orlando-city-sc.png,Orlando City,/clubs/columbus-crew-9,teams/usa-columbus-crew.png,Columbus Crew,1.82,0.82,2.0,0.82,1.67,1.23,87,82,64,50,18,50,45,32,1.48,1.05,2.53,/usa/columbus-crew-vs-orlando-city-sc-h2h-stats#1201683,5674,34,True,True,True,True,True,False,True,"['26', '29', '69']","['52', '54']"
MLS,2021,5674,1201684,14,13,2021,complete,65699,0,-1,"['42', '54', '72']","['19', '80']",3,2,5,3,4,7,2,1,2,2,0,0,11,2,13,12,24,14,11,14,54,46,27,26962,12956,,,2,2,1.91,3.65,3.65,1.06,1.25,1.71,2.65,4.6,11.0,3.8,2.1,1.45,1.19,1.67,2.2,2.8,1.47,4.25,1.25,1.28,1.25,1.85,2.6,2.2,4.33,2.35,2.6,3.75,0,0,1.17,1.35,1.62,2.05,2.75,4.4,2.95,2.15,1.7,1.4,1.52,7.5,3.05,1.62,10.0,2.5,3.65,6.75,1.36,2.7,6.9,21.0,2.95,1.41,1.07,1.03,1.21,2.04,4.25,9.95,3.95,1.71,1.19,1.03,0,0,0,0,5,1,1,2,1,3,2,1630800000,14,0,60,14,37,0,15882,2,1,0,2,3,2,2,5,1,1,1,1,2,2,1,51,36,114,62,2.65,1.28,3.93,0,0,0,0,0,0,1,1,0,0,0,0,0,0,-1,-1,-1,-1,-1,-1,-1,-1,-1,5,32,55,78,96,27,73,91,50,9.82,3.27,4.18,2.77,/clubs/real-salt-lake-14,teams/usa-real-salt-lake.png,Real Salt Lake,/clubs/fc-dallas-13,teams/usa-fc-dallas.png,FC Dallas,1.82,0.65,1.73,0.73,1.29,1.14,96,69,45,23,5,55,46,27,1.38,1.3,2.68,/usa/fc-dallas-vs-real-salt-lake-h2h-stats#1201684,5674,34,True,True,True,True,True,False,True,"['42', '54', '72']","['19', '80']"
MLS,2021,5674,1201685,677447,2,2021,complete,65699,0,-1,"['30', '32', '68']",['90'],3,1,4,8,5,13,2,0,3,3,1,1,10,7,5,16,15,23,8,8,43,57,13841,40174,762,,,5,5,2.65,3.2,2.6,1.09,1.35,1.95,3.15,6.0,8.0,3.1,1.83,1.34,1.14,1.77,2.0,3.4,1.34,3.55,1.32,1.47,1.28,1.52,3.25,2.15,3.3,2.9,2.5,3.0,0,0,1.25,1.45,1.88,2.4,3.3,3.6,2.55,1.93,1.5,1.28,2.28,7.0,1.88,1.95,10.0,2.05,4.9,5.25,1.36,2.7,6.9,21.0,2.9,1.41,1.07,1.03,1.21,2.04,4.15,9.95,3.95,1.71,1.2,1.03,0,0,0,0,4,2,0,1,1,2,2,1630711800,677447,0,65,23,32,0,-1,2,1,3,2,5,3,5,8,1,2,3,2,3,5,1,32,79,78,148,1.88,2.51,4.39,0,0,0,0,0,0,1,1,0,0,1,2,0,0,-1,-1,-1,-1,-1,-1,-1,-1,-1,12,29,55,78,91,40,71,78,45,10.02,3.64,4.1,2.74,/clubs/nashville-sc-mls-677447,teams/usa-nashville-sc-mls.png,Nashville SC,/clubs/new-york-city-fc-2,teams/usa-new-york-city-fc.png,New York City,2.0,1.1,2.08,1.0,1.67,1.7,89,72,45,23,10,55,38,34,1.89,1.6,3.49,/usa/new-york-city-fc-vs-nashville-sc-mls-h2h-stats#1201685,5674,36,True,True,True,True,False,False,True,"['30', '32', '68']",['90']
MLS,2021,5674,1201686,15,12,2021,complete,65699,0,-1,[],['89'],0,1,1,0,1,1,0,1,2,3,0,0,2,5,9,9,11,14,9,15,53,47,13893,1763,11434,,,2,3,2.6,3.42,2.54,1.06,1.25,1.67,2.75,4.45,10.75,3.9,2.08,1.45,1.2,1.59,2.3,3.75,1.3,4.0,1.27,1.45,1.25,1.55,3.1,2.25,3.2,2.8,2.6,3.0,0,0,1.25,1.45,1.9,2.4,3.3,3.6,2.55,1.9,1.5,1.28,1.72,7.0,2.55,1.8,11.0,2.05,5.25,5.75,1.34,2.6,6.4,19.0,3.0,1.44,1.09,1.04,1.19,1.94,3.95,8.95,4.25,1.79,1.21,1.04,0,0,0,0,1,0,0,0,1,1,0,1630807200,12,0,60,40,15,0,14142,2,1,0,0,0,1,0,1,0,1,2,2,1,4,1,35,48,111,109,1.1,1.59,2.69,0,0,0,0,0,0,1,1,0,0,0,0,0,1,-1,-1,-1,-1,-1,-1,-1,-1,-1,5,30,50,75,90,55,90,55,25,10.3,3.3,4.7,2.5,/clubs/san-jose-earthquakes-15,teams/usa-san-jose-earthquakes.png,SJ Earthquakes,/clubs/colorado-rapids-12,teams/usa-colorado-rapids.png,Colorado Rapids,1.18,1.59,1.2,1.7,1.24,1.9,95,70,50,25,10,75,50,20,1.54,1.26,2.8,/usa/colorado-rapids-vs-san-jose-earthquakes-h2h-stats#1201686,5674,34,True,False,False,False,False,False,False,[],['89']
MLS,2021,5674,1201687,677446,9,2021,complete,65699,0,-1,['16'],[],1,0,1,5,7,12,2,0,0,3,0,0,2,3,3,5,5,8,10,11,42,58,35,28121,13,,,0,3,2.0,3.8,3.5,1.05,1.3,1.86,3.1,6.5,11.0,3.4,2.0,1.36,1.1,1.75,2.0,2.7,1.5,4.15,1.26,1.28,1.25,1.75,2.6,2.2,4.33,2.25,2.4,3.6,0,0,1.28,1.53,1.94,2.52,3.4,3.34,2.44,1.86,1.5,1.27,1.53,7.5,3.05,1.62,7.75,2.5,3.55,7.0,1.36,2.75,8.0,21.0,3.0,1.4,1.08,1.02,1.25,2.15,4.5,9.25,3.6,1.62,1.17,1.03,0,0,0,0,1,1,0,0,0,0,1,1631404800,677446,0,53,9,36,0,-1,2,1,4,4,1,3,8,4,0,2,0,1,2,1,1,33,49,95,110,0.71,1.08,1.79,0,0,0,0,0,0,1,1,0,0,0,0,0,1,-1,-1,-1,-1,-1,-1,-1,-1,-1,22,31,53,71,92,35,66,79,45,8.97,3.14,3.51,2.68,/clubs/club-internacional-de-futbol-miami-677446,teams/usa-club-internacional-de-futbol-miami.png,Inter Miami,/clubs/columbus-crew-9,teams/usa-columbus-crew.png,Columbus Crew,1.35,0.82,1.27,0.75,1.24,1.17,78,70,47,29,9,53,30,22,1.42,1.07,2.49,/usa/columbus-crew-vs-club-internacional-de-futbol-miami-h2h-stats#1201687,5674,34,True,False,False,False,False,False,False,['16'],[]
MLS,2021,5674,1201688,1016,17,2021,complete,65699,0,-1,"['25', '38', '72']",[],3,0,3,4,3,7,3,1,3,1,0,0,6,2,13,6,19,8,12,13,55,45,13864,40852,21031,,,3,1,2.2,3.6,3.0,1.05,1.22,1.62,2.5,4.2,13.0,4.2,2.25,1.51,1.22,1.57,2.35,3.05,1.41,3.75,1.3,1.4,1.33,1.65,2.85,2.05,3.45,2.55,2.35,3.2,0,0,1.24,1.47,1.86,2.36,3.2,3.64,2.6,1.94,1.56,1.3,1.78,7.9,2.58,1.95,9.5,2.3,4.2,5.75,1.44,2.8,6.5,18.0,2.7,1.42,1.12,1.03,1.25,2.14,4.64,13.0,3.94,1.71,1.19,1.04,0,0,0,0,3,2,0,1,0,1,2,1631314800,1016,0,55,10,30,0,-1,2,1,1,1,3,2,2,5,2,1,1,0,3,1,1,34,39,107,86,1.87,0.93,2.8,0,0,0,0,0,0,1,1,0,0,0,0,0,0,-1,-1,-1,-1,-1,-1,-1,-1,-1,10,30,40,65,95,10,65,80,40,10.3,3.0,3.9,2.4,/clubs/atlanta-united-fc-1016,teams/usa-atlanta-united-fc.png,Atlanta United FC,/clubs/orlando-city-sc-17,teams/usa-orlando-city-sc.png,Orlando City,1.88,1.11,1.5,1.3,1.23,1.73,90,70,60,35,5,50,40,35,1.66,1.28,2.94,/usa/orlando-city-sc-vs-atlanta-united-fc-h2h-stats#1201688,5674,35,True,True,True,False,False,False,False,"['25', '38', '72']",[]
MLS,2021,5674,1201689,5,20,2021,complete,65699,0,-1,[],['66'],0,1,1,10,0,10,0,3,2,1,0,0,1,4,13,8,14,12,14,11,49,51,42,41087,7206,,,2,1,2.44,3.56,2.92,1.06,1.28,1.7,2.85,4.85,9.75,3.6,2.0,1.42,1.17,1.67,2.15,3.35,1.35,4.25,1.25,1.4,1.25,1.63,2.9,2.25,3.5,2.6,2.7,3.1,0,0,1.2,1.4,1.73,2.17,2.88,4.1,2.86,2.11,1.66,1.36,1.64,7.5,2.7,1.87,12.0,2.35,4.4,6.5,1.3,2.45,5.9,17.0,3.2,1.49,1.1,1.04,1.17,1.86,3.7,8.45,4.45,1.86,1.24,1.04,0,0,0,0,1,0,0,0,1,1,0,1631325600,20,0,57,13,18,0,-1,2,1,2,0,8,0,2,8,1,0,1,1,1,2,1,56,26,100,95,1.36,1.23,2.59,0,0,0,0,0,0,1,1,0,0,0,0,0,0,-1,-1,-1,-1,-1,-1,-1,-1,-1,17,35,61,83,96,34,74,87,62,9.17,2.83,3.62,2.91,/clubs/vancouver-whitecaps-fc-5,teams/canada-vancouver-whitecaps-fc.png,Vancouver Whitecaps,/clubs/portland-timbers-20,teams/usa-portland-timbers.png,Portland Timbers,1.94,1.28,1.82,0.92,1.32,1.36,83,66,39,18,5,66,52,47,1.26,1.12,2.38,/usa/vancouver-whitecaps-fc-vs-portland-timbers-h2h-stats#1201689,5674,35,True,False,False,False,False,False,False,[],['66']
MLS,2021,5674,1201690,12,10,2021,complete,65699,0,-1,['66'],['80'],1,1,2,6,4,10,0,1,3,2,0,0,3,3,12,5,15,8,15,5,48,52,13812,11434,2,,,3,2,1.65,4.2,4.45,1.03,1.17,1.48,2.1,3.35,15.0,5.0,2.6,1.69,1.31,1.53,2.45,3.1,1.39,5.75,1.17,1.25,1.22,1.95,2.4,2.35,4.2,2.2,2.8,3.75,0,0,1.33,1.62,2.09,2.78,3.82,3.04,2.24,1.74,1.42,1.22,1.73,7.0,2.55,1.69,13.0,2.65,3.9,9.0,1.28,2.39,5.45,14.5,3.4,1.52,1.12,1.05,1.16,1.79,3.6,7.9,4.7,1.94,1.25,1.05,0,0,0,0,2,0,0,1,1,2,0,1631388600,-1,0,60,15,25,0,-1,2,1,3,1,3,3,4,6,1,1,2,1,2,3,1,44,26,91,94,1.48,0.92,2.39,0,0,0,0,0,0,1,1,0,0,0,1,0,0,-1,-1,-1,-1,-1,-1,-1,-1,-1,15,40,70,90,95,35,75,85,55,9.8,2.9,4.1,3.15,/clubs/colorado-rapids-12,teams/usa-colorado-rapids.png,Colorado Rapids,/clubs/la-galaxy-10,teams/usa-la-galaxy.png,LA Galaxy,1.89,1.12,2.1,1.4,1.95,1.64,85,60,30,10,5,55,40,25,1.62,1.16,2.78,/usa/la-galaxy-vs-colorado-rapids-h2h-stats#1201690,5674,34,True,True,False,False,False,False,True,['66'],['80']
MLS,2021,5674,1201691,18,1015,2021,complete,65699,0,-1,['22'],[],1,0,1,6,6,12,1,1,2,4,0,0,6,4,4,12,10,16,7,14,49,51,58,25,5,,,2,4,1.95,3.35,3.85,1.08,1.34,1.95,3.2,6.0,8.25,3.15,1.83,1.34,1.13,1.87,1.91,2.75,1.49,4.9,1.2,1.25,1.22,1.95,2.5,2.25,4.33,2.2,2.7,4.0,0,0,1.21,1.43,1.77,2.24,2.98,3.92,2.74,2.05,1.62,1.34,1.47,7.5,3.25,1.69,11.0,2.7,3.45,8.25,1.33,2.55,5.95,19.0,3.1,1.46,1.1,1.04,1.19,1.94,3.95,8.95,4.25,1.79,1.21,1.04,0,0,0,0,1,1,0,0,0,0,1,1631394000,18,0,56,15,27,0,-1,2,1,2,2,4,4,4,8,1,0,1,4,1,5,1,34,58,113,124,1.31,1.72,3.03,0,0,0,0,0,0,1,1,0,0,1,0,0,0,-1,-1,-1,-1,-1,-1,-1,-1,-1,5,33,46,87,96,29,66,82,54,9.98,2.05,3.4,2.66,/clubs/seattle-sounders-fc-18,teams/usa-seattle-sounders-fc.png,Seattle Sounders,/clubs/minnesota-united-fc-1015,teams/usa-minnesota-united-fc.png,Minnesota United,1.67,0.89,1.58,1.1,1.91,1.48,95,68,54,14,4,59,45,26,1.64,1.31,2.95,/usa/seattle-sounders-fc-vs-minnesota-united-fc-h2h-stats#1201691,5674,35,True,False,False,False,False,False,False,['22'],[]
MLS,2021,5674,1201692,11,2,2021,complete,65699,0,-1,"['21', '65']",['11'],2,1,3,1,4,5,0,1,4,3,0,1,3,3,9,7,12,10,13,15,58,42,11,21032,762,,,4,4,2.5,3.45,2.65,1.05,1.22,1.65,2.5,4.15,13.0,4.15,2.2,1.51,1.22,1.56,2.4,3.05,1.4,4.4,1.24,1.33,1.3,1.83,2.55,2.2,3.55,2.4,2.4,3.4,0,0,1.21,1.43,1.77,2.24,2.98,3.92,2.74,2.05,1.62,1.34,1.47,7.5,3.25,1.8,11.0,2.45,3.95,6.75,1.36,2.5,5.5,14.0,3.05,1.5,1.15,1.04,1.21,2.05,3.95,8.0,4.45,1.74,1.25,1.06,0,0,0,0,3,1,1,1,0,1,2,1631401200,11,0,72,24,38,0,-1,2,1,1,2,0,2,3,2,0,1,4,3,1,7,1,43,34,115,90,1.29,1.1,2.38,0,0,0,0,0,0,1,1,0,0,1,2,0,0,-1,-1,-1,-1,-1,-1,-1,-1,-1,18,33,67,77,91,48,67,81,48,10.22,2.65,4.98,2.84,/clubs/new-england-revolution-11,teams/usa-new-england-revolution.png,New England Revolution,/clubs/new-york-city-fc-2,teams/usa-new-york-city-fc.png,New York City,2.22,1.1,2.55,0.9,2.17,1.62,82,68,34,24,10,57,47,38,1.65,1.69,3.34,/usa/new-york-city-fc-vs-new-england-revolution-h2h-stats#1201692,5674,35,True,True,True,False,False,False,True,"['21', '65']",['11']
MLS,2021,5674,1201693,4,13401,2021,complete,65699,0,-1,['5'],['44'],1,1,2,2,6,8,2,2,2,1,0,0,3,2,8,6,11,8,6,8,46,54,12,11574,36107,,,2,1,2.25,3.3,3.05,1.08,1.34,1.95,3.15,6.0,8.25,3.15,1.83,1.34,1.14,1.8,2.0,2.95,1.43,4.45,1.24,1.33,1.3,1.83,2.5,2.15,3.9,2.3,2.4,3.65,0,0,1.26,1.5,1.9,2.44,3.34,3.48,2.52,1.9,1.53,1.28,1.58,7.5,2.88,1.74,11.0,2.55,3.85,7.0,1.38,2.5,5.5,14.0,2.95,1.5,1.15,1.04,1.22,2.05,4.2,10.0,4.3,1.77,1.23,1.06,0,0,0,0,2,1,1,0,0,0,2,1631401200,-1,0,54,9,41,0,-1,2,1,0,3,2,4,3,6,1,0,1,1,1,2,1,32,40,110,122,1.15,0.95,2.1,0,1,0,1,0,0,1,1,1,0,0,1,0,0,-1,-1,-1,-1,-1,-1,-1,-1,-1,22,30,53,73,87,17,68,77,54,8.63,2.82,4.12,2.76,/clubs/new-york-red-bulls-4,teams/usa-new-york-red-bulls.png,New York RB,/clubs/dc-united-13401,teams/usa-dc-united.png,DC United,1.76,0.76,1.7,0.75,1.1,1.36,79,70,48,28,14,55,28,19,1.66,1.4,3.06,/usa/new-york-red-bulls-vs-dc-united-h2h-stats#1201693,5674,34,True,True,False,False,False,False,True,['5'],['44']
MLS,2021,5674,1201694,8043,19,2021,complete,65699,0,-1,"['39', '58']",[],2,0,2,3,3,6,3,2,4,1,0,0,5,4,7,9,12,13,7,5,51,49,40,409,11435,,,4,1,2.15,3.5,3.1,1.05,1.25,1.69,2.65,4.45,11.0,3.85,2.1,1.47,1.2,1.61,2.25,3.6,1.32,4.0,1.27,1.42,1.22,1.65,2.88,2.3,3.25,2.6,2.7,3.0,0,0,1.24,1.47,1.86,2.36,3.2,3.64,2.6,1.94,1.56,1.3,1.72,7.0,2.55,1.73,11.0,2.1,4.9,6.0,1.33,2.5,6.5,17.0,3.25,1.5,1.11,1.03,1.18,1.87,3.6,7.75,4.25,1.83,1.25,1.05,0,0,0,0,2,1,0,1,0,1,1,1631404800,8043,0,57,13,34,0,22636,2,1,2,3,1,0,5,1,1,1,3,0,2,3,1,51,45,121,102,1.49,1.43,2.92,0,0,0,0,0,0,1,1,0,0,0,1,0,0,-1,-1,-1,-1,-1,-1,-1,-1,-1,21,34,46,71,89,34,68,78,42,8.29,4.34,4.58,2.76,/clubs/fc-cincinnati-8043,teams/usa-fc-cincinnati.png,FC Cincinnati,/clubs/toronto-fc-19,teams/canada-toronto-fc.png,Toronto,0.47,0.53,0.56,0.54,0.81,0.68,79,66,55,30,11,57,51,28,1.53,1.11,2.64,/usa/toronto-fc-vs-fc-cincinnati-h2h-stats#1201694,5674,34,True,True,False,False,False,False,False,"['39', '58']",[]
MLS,2021,5674,1201695,13,15,2021,complete,65699,0,-1,['50'],['6'],1,1,2,8,5,13,0,1,2,2,0,0,6,2,11,12,17,14,17,10,59,41,5016,12956,1763,,,2,2,1.87,3.8,3.65,1.05,1.24,1.65,2.55,4.3,13.0,4.1,2.2,1.5,1.21,1.65,2.2,2.9,1.44,4.4,1.24,1.28,1.22,1.8,2.6,2.25,4.0,2.25,2.55,3.5,0,0,1.21,1.43,1.77,2.24,2.98,3.92,2.74,2.05,1.62,1.34,1.47,7.5,3.25,1.62,8.75,2.4,3.75,6.75,1.33,2.63,7.0,19.0,3.25,1.44,1.1,1.02,1.2,1.95,4.0,8.25,4.0,1.75,1.2,1.04,0,0,0,0,2,0,1,1,0,1,1,1631406600,-1,0,60,27,27,0,15237,2,1,4,0,4,5,4,9,2,0,0,2,2,2,1,55,27,123,69,1.9,1.22,3.11,0,1,0,1,0,0,1,1,0,1,0,0,1,0,-1,-1,-1,-1,-1,-1,-1,-1,-1,9,27,45,78,91,41,69,78,46,10.46,2.45,5.18,2.5,/clubs/fc-dallas-13,teams/usa-fc-dallas.png,FC Dallas,/clubs/san-jose-earthquakes-15,teams/usa-san-jose-earthquakes.png,SJ Earthquakes,1.29,1.24,1.55,1.27,1.09,1.18,91,73,55,23,9,60,60,45,1.63,1.4,3.03,/usa/fc-dallas-vs-san-jose-earthquakes-h2h-stats#1201695,5674,34,True,True,False,False,False,False,True,['50'],['6']
MLS,2021,5674,1201696,6,698284,2021,complete,65699,0,-1,"['1', '24', '64']",[],3,0,3,3,10,13,4,1,2,3,0,0,6,2,10,13,16,15,19,10,34,66,31,28051,2339,,,2,3,1.91,3.8,3.5,1.05,1.22,1.61,2.45,4.1,13.0,4.2,2.25,1.53,1.24,1.59,2.3,3.45,1.33,5.25,1.18,1.26,1.2,1.87,2.5,2.4,3.75,2.2,2.65,3.5,0,0,1.17,1.33,1.59,2.0,2.6,4.5,3.01,2.22,1.73,1.44,1.56,8.0,2.9,1.62,9.75,2.38,4.35,7.75,1.29,2.25,5.5,15.0,3.5,1.57,1.14,1.03,1.17,1.73,3.4,8.0,5.0,2.0,1.3,1.08,0,0,0,0,3,2,0,1,0,1,2,1631406600,6,0,53,14,14,0,14070,2,1,0,5,3,5,5,8,1,2,1,1,3,2,1,37,64,75,124,1.69,1.56,3.25,0,0,0,0,0,0,1,1,1,0,0,0,0,0,-1,-1,-1,-1,-1,-1,-1,-1,-1,0,18,40,75,92,32,74,66,44,11.65,3.68,3.22,2.24,/clubs/houston-dynamo-6,teams/usa-houston-dynamo.png,Houston Dynamo,/clubs/austin-fc-698284,teams/usa-austin-fc.png,Austin,1.41,0.47,1.27,0.67,0.83,0.86,100,83,60,26,9,91,83,62,1.65,1.3,2.95,/usa/houston-dynamo-vs-austin-fc-h2h-stats#1201696,5674,34,True,True,True,False,False,False,False,"['1', '24', '64']",[]
MLS,2021,5674,1201697,8,7,2021,complete,65699,0,-1,"['4', '6']",[],2,0,2,7,2,9,2,4,0,3,0,0,5,4,10,10,15,14,10,12,61,39,13889,18,2414,,,0,3,1.56,4.25,5.5,1.04,1.2,1.54,2.25,3.7,14.0,4.5,2.45,1.61,1.27,1.62,2.25,2.6,1.54,6.5,1.14,1.15,1.16,2.35,2.1,2.4,4.75,1.91,2.8,4.5,0,0,1.18,1.35,1.65,2.09,2.74,4.5,2.93,2.18,1.74,1.43,1.33,8.5,4.0,1.4,9.75,2.88,3.1,11.0,1.29,2.38,5.5,15.0,3.5,1.53,1.14,1.03,1.17,1.83,3.5,7.25,4.4,1.87,1.26,1.06,0,0,0,0,2,2,0,0,0,0,2,1631406600,8,0,68,16,35,0,18467,2,1,4,1,3,1,5,4,0,1,0,2,1,2,1,56,35,142,98,1.71,1.42,3.14,0,0,0,0,0,0,1,1,2,0,0,0,0,0,-1,-1,-1,-1,-1,-1,-1,-1,-1,16,26,44,84,100,36,85,74,50,11.87,2.22,3.38,2.75,/clubs/sporting-kansas-city-8,teams/usa-sporting-kansas-city.png,Sporting KC,/clubs/chicago-fire-7,teams/usa-chicago-fire.png,Chicago Fire,1.84,0.47,1.82,0.44,1.74,1.05,85,75,56,17,0,69,60,39,2.14,1.16,3.3,/usa/chicago-fire-vs-sporting-kansas-city-h2h-stats#1201697,5674,34,True,True,False,False,False,False,False,"['4', '6']",[]
MLS,2021,5674,1201698,1,677447,2021,complete,65699,0,-1,[],['66'],0,1,1,1,4,5,2,3,1,3,0,0,3,8,11,5,14,13,9,11,59,41,44,39282,40174,,,1,3,2.3,3.1,3.15,1.11,1.43,2.15,3.65,7.0,6.75,2.75,1.67,1.27,1.1,1.95,1.8,3.35,1.36,3.95,1.27,1.42,1.22,1.62,2.9,2.3,3.4,2.7,2.6,3.1,0,0,1.26,1.5,1.9,2.44,3.34,3.48,2.52,1.9,1.53,1.28,1.65,7.0,2.7,1.95,11.0,2.25,4.45,5.75,1.34,2.5,5.75,12.5,3.0,1.48,1.1,1.01,1.2,1.95,3.8,8.0,4.1,1.75,1.22,1.05,0,0,0,0,1,0,0,0,1,1,0,1631404800,677447,0,54,22,38,0,-1,2,1,1,2,0,2,3,2,1,1,0,2,2,2,1,39,25,130,92,1.39,1.57,2.96,0,0,0,0,0,0,1,1,0,0,0,2,0,0,-1,-1,-1,-1,-1,-1,-1,-1,-1,10,27,48,67,72,22,55,60,43,9.0,2.63,3.98,2.47,/clubs/montreal-impact-1,teams/canada-montreal-impact.png,Montreal Impact,/clubs/nashville-sc-mls-677447,teams/usa-nashville-sc-mls.png,Nashville SC,1.82,1.22,2.1,1.0,1.41,1.73,90,74,53,34,29,52,34,12,1.63,1.09,2.72,/usa/montreal-impact-vs-nashville-sc-mls-h2h-stats#1201698,5674,34,True,False,False,False,False,False,False,[],['66']
MLS,2021,5674,1201699,6490,14,2021,complete,65699,0,-1,"['1', '30', '59']","['28', '48']",3,2,5,3,4,7,0,3,3,2,0,0,7,2,5,8,12,10,11,12,42,58,15,211,26962,,,3,2,1.45,4.25,5.8,1.05,1.24,1.55,2.3,4.2,13.0,4.05,2.36,1.56,1.22,1.77,2.0,2.55,1.54,7.75,1.11,1.1,1.14,2.7,2.0,2.6,5.0,1.73,3.0,4.75,0,0,1.14,1.28,1.5,2.0,2.45,5.0,3.4,2.4,1.8,1.48,1.26,9.0,4.7,1.36,11.0,3.1,2.95,13.0,1.25,2.2,5.0,13.0,3.75,1.62,1.17,1.04,1.14,1.7,3.0,6.0,5.0,2.05,1.34,1.09,0,0,0,0,5,2,1,1,1,2,3,1631500200,6490,0,73,28,46,0,22130,2,1,1,2,2,2,3,4,1,2,2,0,3,2,1,46,60,119,130,1.59,1.22,2.81,0,0,0,0,0,0,1,1,1,0,0,0,0,0,-1,-1,-1,-1,-1,-1,-1,-1,-1,19,41,74,90,95,41,68,95,59,11.7,2.9,4.63,3.22,/clubs/los-angeles-fc-6490,teams/usa-los-angeles-fc.png,Los Angeles FC,/clubs/real-salt-lake-14,teams/usa-real-salt-lake.png,Real Salt Lake,1.76,1.05,1.67,0.8,1.23,1.36,82,59,27,10,5,79,61,48,2.02,1.37,3.39,/usa/real-salt-lake-vs-los-angeles-fc-h2h-stats#1201699,5674,34,True,True,True,True,True,False,True,"['1', '30', '59']","['28', '48']"
MLS,2021,5674,1201700,1016,8043,2021,complete,65699,0,-1,"['5', '40', '55', '86']",[],4,0,4,4,3,7,3,1,2,5,0,0,7,3,7,8,14,11,13,21,61,39,36,40852,409,,,2,5,1.54,4.25,5.5,1.05,1.25,1.67,2.6,4.55,12.0,3.9,2.15,1.48,1.2,1.77,2.0,2.25,1.71,6.25,1.15,1.14,1.26,2.55,2.05,2.2,5.75,1.91,2.5,5.25,0,0,1.27,1.55,1.9,2.3,3.4,3.55,2.3,1.9,1.55,1.29,1.3,8.5,4.3,1.5,10.75,3.4,2.7,13.0,1.36,2.45,5.5,14.0,3.0,1.53,1.15,1.04,1.18,2.03,4.04,10.0,4.5,1.76,1.2,1.06,0,0,0,0,4,2,0,2,0,2,2,1631746800,1016,0,39,17,30,0,-1,2,1,2,2,2,1,4,3,0,2,2,3,2,5,1,33,35,116,90,1.62,1.16,2.79,0,0,0,0,0,0,1,1,1,0,0,1,0,0,-1,-1,-1,-1,-1,-1,-1,-1,-1,17,35,52,64,92,34,65,78,35,9.48,3.39,3.2,2.75,/clubs/atlanta-united-fc-1016,teams/usa-atlanta-united-fc.png,Atlanta United FC,/clubs/fc-cincinnati-8043,teams/usa-fc-cincinnati.png,FC Cincinnati,1.88,0.71,1.64,1.0,1.3,0.91,84,66,49,36,9,52,47,43,1.68,1.16,2.84,/usa/atlanta-united-fc-vs-fc-cincinnati-h2h-stats#1201700,5674,34,True,True,True,True,False,False,False,"['5', '40', '55', '86']",[]
MLS,2021,5674,1201701,2,13,2021,complete,65699,0,-1,"['20', '57', '67']","['4', '63', '73']",3,3,6,4,5,9,1,0,0,0,1,0,6,6,12,5,18,11,10,12,60,40,13893,762,12956,,,2,0,1.36,5.25,7.5,1.03,1.15,1.43,2.05,3.3,17.0,5.5,2.75,1.77,1.32,1.69,2.15,1.95,1.91,7.25,1.12,1.1,1.21,3.1,1.87,2.3,7.0,1.69,2.7,6.5,0,0,1.22,1.42,1.72,2.2,2.95,3.82,2.65,2.0,1.6,1.35,1.35,8.0,4.72,1.4,11.0,4.05,2.3,17.0,1.36,2.45,5.5,14.0,3.05,1.53,1.15,1.04,1.16,2.05,3.74,9.0,5.2,1.74,1.23,1.07,0,0,0,0,6,1,1,2,2,4,2,1631662200,-1,0,52,9,43,0,-1,2,1,1,2,3,3,3,6,0,0,1,0,0,1,1,65,32,126,80,2.03,1.35,3.38,0,0,0,0,0,0,1,1,0,1,0,2,0,0,-1,-1,-1,-1,-1,-1,-1,-1,-1,27,39,57,83,100,26,75,91,66,9.0,4.27,4.42,3.17,/clubs/new-york-city-fc-2,teams/usa-new-york-city-fc.png,New York City,/clubs/fc-dallas-13,teams/usa-fc-dallas.png,FC Dallas,2.06,0.65,2.27,0.67,1.55,1.08,74,61,44,18,0,58,49,36,1.86,1.29,3.15,/usa/new-york-city-fc-vs-fc-dallas-h2h-stats#1201701,5674,34,True,True,True,True,True,True,True,"['20', '57', '67']","['4', '63', '73']"
MLS,2021,5674,1201702,19,677446,2021,complete,65699,0,-1,[],['90+5'],0,1,1,8,4,12,3,6,3,3,1,0,4,4,4,6,8,10,15,12,50,50,13851,11435,28121,,,5,3,2.35,3.3,2.95,1.08,1.33,1.91,3.05,5.75,8.5,3.2,1.87,1.36,1.14,1.77,2.05,3.4,1.34,3.8,1.29,1.45,1.37,1.54,3.0,2.1,3.2,2.8,2.3,3.0,0,0,1.26,1.47,1.8,2.33,3.15,3.48,2.5,1.9,1.53,1.31,1.84,7.5,2.52,2.05,9.75,2.2,4.85,6.0,1.41,2.6,5.75,15.0,2.85,1.48,1.14,1.04,1.24,2.0,4.04,9.0,4.04,1.78,1.2,1.05,0,0,0,0,1,0,0,0,1,1,0,1631662200,677446,0,54,11,32,0,-1,2,1,2,2,6,2,4,8,2,0,2,3,2,5,1,45,38,97,97,1.12,1.2,2.32,0,1,0,1,0,0,1,1,0,0,0,1,0,0,-1,-1,-1,-1,-1,-1,-1,-1,-1,11,22,32,70,90,27,59,75,38,9.64,3.91,5.1,2.25,/clubs/toronto-fc-19,teams/canada-toronto-fc.png,Toronto,/clubs/club-internacional-de-futbol-miami-677446,teams/usa-club-internacional-de-futbol-miami.png,Inter Miami,1.12,1.06,0.89,1.2,0.65,1.32,90,79,68,30,10,85,69,47,1.33,0.83,2.16,/usa/toronto-fc-vs-club-internacional-de-futbol-miami-h2h-stats#1201702,5674,34,True,False,False,False,False,False,False,[],['90+5']
MLS,2021,5674,1201703,9,4,2021,complete,65699,0,-1,"['74', '88']",['25'],2,1,3,6,3,9,1,2,0,1,0,0,3,3,10,7,13,10,5,8,60,40,57,13,11574,,,0,1,2.15,3.45,3.15,1.08,1.34,1.95,3.25,6.0,8.5,3.15,1.8,1.33,1.14,1.83,1.95,2.85,1.45,4.6,1.22,1.28,1.35,1.83,2.5,2.1,4.0,2.3,2.35,3.8,0,0,1.34,1.61,2.03,2.75,3.72,3.0,2.17,1.7,1.4,1.23,2.03,7.0,2.27,1.74,9.75,2.6,3.8,7.75,1.39,2.5,5.75,14.0,2.9,1.5,1.14,1.04,1.26,2.02,4.04,9.0,3.84,1.77,1.2,1.05,0,0,0,0,3,0,1,2,0,2,1,1631662200,9,0,72,24,48,0,-1,2,1,2,1,4,2,3,6,0,1,0,0,1,0,1,69,28,129,85,1.54,1.05,2.59,0,0,0,0,0,0,1,1,0,0,0,0,0,0,-1,-1,-1,-1,-1,-1,-1,-1,-1,24,38,67,76,86,48,77,72,53,10.27,3.13,5.01,2.94,/clubs/columbus-crew-9,teams/usa-columbus-crew.png,Columbus Crew,/clubs/new-york-red-bulls-4,teams/usa-new-york-red-bulls.png,New York RB,1.94,1.0,1.64,0.5,1.13,1.1,77,63,34,24,14,48,33,29,1.57,1.43,3.0,/usa/new-york-red-bulls-vs-columbus-crew-h2h-stats#1201703,5674,34,True,True,True,False,False,False,True,"['74', '88']",['25']
MLS,2021,5674,1201704,16,11,2021,complete,65699,0,-1,[],['33'],0,1,1,7,5,12,0,2,5,2,0,1,8,3,10,5,18,8,14,10,60,40,57,40182,21032,,,5,3,2.75,3.45,2.4,1.05,1.25,1.71,2.65,4.45,11.0,3.9,2.1,1.47,1.2,1.61,2.3,3.65,1.31,4.45,1.24,1.4,1.22,1.66,2.75,2.38,3.5,2.55,2.75,3.1,0,0,1.12,1.26,1.48,1.93,2.35,5.25,3.5,2.5,1.88,1.53,1.57,7.5,2.88,1.73,12.0,2.2,4.75,6.25,1.3,2.38,6.0,15.0,3.4,1.53,1.13,1.03,1.16,1.79,3.45,7.4,4.7,1.94,1.27,1.06,0,0,0,0,1,0,1,0,0,0,1,1630711800,11,0,52,17,30,0,-1,2,1,2,3,5,2,5,7,1,0,4,3,1,7,1,73,37,112,86,2.22,0.99,3.21,0,0,0,0,0,0,1,1,0,0,0,0,0,0,-1,-1,-1,-1,-1,-1,-1,-1,-1,13,21,47,78,100,30,78,74,30,12.26,2.47,3.33,2.59,/clubs/philadelphia-union-16,teams/usa-philadelphia-union.png,Philadelphia Union,/clubs/new-england-revolution-11,teams/usa-new-england-revolution.png,New England Revolution,2.0,2.0,1.91,1.75,1.45,2.13,88,79,53,22,0,78,70,57,1.46,1.53,2.99,/usa/new-england-revolution-vs-philadelphia-union-h2h-stats#1201704,5674,35,True,False,False,False,False,False,False,[],['33']
MLS,2021,5674,1201705,17,1,2021,complete,65699,0,-1,"['40', '63']","['18', '37', '73', '80']",2,4,6,0,9,9,1,1,1,2,2,0,4,7,5,8,9,15,10,9,40,60,69,21031,39282,,,4,2,1.8,3.7,4.05,1.06,1.25,1.69,2.65,4.55,11.0,3.85,2.1,1.47,1.2,1.67,2.15,2.05,1.8,6.0,1.16,1.13,1.27,2.45,2.1,2.15,6.0,1.87,2.45,5.75,0,0,1.25,1.55,1.85,2.3,3.2,3.54,2.3,1.95,1.55,1.3,1.47,7.5,3.72,1.5,9.5,3.6,2.55,13.0,1.42,2.65,6.25,17.0,2.8,1.45,1.12,1.03,1.18,1.91,4.0,10.0,4.5,1.87,1.22,1.06,0,0,0,0,6,1,2,1,2,3,3,1631748600,1,0,50,8,30,0,14133,2,1,0,4,0,5,4,5,2,1,1,1,3,2,1,38,42,92,110,1.13,1.75,2.88,0,0,0,0,0,0,1,1,0,0,0,0,0,0,-1,-1,-1,-1,-1,-1,-1,-1,-1,13,17,42,67,88,29,63,75,46,7.75,2.91,3.5,2.25,/clubs/orlando-city-sc-17,teams/usa-orlando-city-sc.png,Orlando City,/clubs/montreal-impact-1,teams/canada-montreal-impact.png,Montreal Impact,1.82,0.88,2.08,0.83,1.65,1.35,88,84,59,33,13,55,38,29,1.47,1.16,2.63,/usa/montreal-impact-vs-orlando-city-sc-h2h-stats#1201705,5674,34,True,True,True,True,True,True,True,"['40', '63']","['18', '37', '73', '80']"
MLS,2021,5674,1201706,13401,7,2021,complete,65699,0,-1,"['9', '35', '44']",[],3,0,3,5,6,11,4,2,2,2,0,0,3,2,6,12,9,14,6,8,47,53,40,36107,2414,,,2,2,1.54,4.3,5.5,1.05,1.24,1.61,2.4,4.05,13.0,4.1,2.3,1.54,1.24,1.71,2.1,2.9,1.44,6.0,1.15,1.22,1.28,2.2,2.2,2.25,4.35,2.1,2.5,4.15,0,0,1.27,1.5,1.88,2.45,3.4,3.55,2.48,1.93,1.5,1.29,1.38,8.0,3.7,1.62,13.0,2.8,3.55,10.25,1.32,2.26,4.7,12.0,3.25,1.6,1.19,1.05,1.2,1.91,3.34,10.0,4.64,1.91,1.28,1.06,0,0,0,0,3,3,0,0,0,0,3,1631748600,13401,0,45,30,20,0,-1,2,1,2,0,3,6,2,9,1,2,1,0,3,1,1,34,53,93,129,1.03,1.42,2.45,2,0,2,0,0,0,1,1,1,0,1,0,0,1,-1,-1,-1,-1,-1,-1,-1,-1,-1,15,25,40,60,100,45,85,50,35,9.3,2.8,3.9,2.6,/clubs/dc-united-13401,teams/usa-dc-united.png,DC United,/clubs/chicago-fire-7,teams/usa-chicago-fire.png,Chicago Fire,2.0,0.47,2.1,0.4,1.35,1.0,85,75,60,40,0,60,50,35,1.81,1.19,3.0,/usa/chicago-fire-vs-dc-united-h2h-stats#1201706,5674,34,True,True,True,False,False,False,False,"['9', '35', '44']",[]
MLS,2021,5674,1201707,8,1015,2021,complete,65699,0,-1,"['14', '36', '45', '52']",[],4,0,4,3,3,6,0,2,0,1,0,0,8,0,3,10,11,10,12,8,64,36,12,18,5,,,0,1,1.83,3.6,4.0,1.06,1.27,1.73,3.1,4.8,10.25,3.65,2.15,1.36,1.18,1.71,2.1,2.45,1.59,5.25,1.18,1.19,1.31,2.2,2.25,2.15,4.85,2.05,2.4,4.5,0,0,1.21,1.43,1.77,2.24,2.98,3.92,2.74,2.05,1.62,1.34,1.47,7.5,3.25,1.61,10.25,3.05,3.1,10.0,1.39,2.55,5.75,16.0,2.9,1.49,1.14,1.03,1.19,2.02,4.04,9.0,4.7,1.77,1.2,1.07,0,0,0,0,4,3,0,1,0,1,3,1631752200,8,0,74,18,26,0,-1,2,1,1,2,2,1,3,3,0,0,0,1,0,1,1,30,33,118,97,1.49,0.88,2.37,1,0,1,0,0,0,1,1,0,0,0,0,0,0,-1,-1,-1,-1,-1,-1,-1,-1,-1,9,27,48,91,100,35,92,78,43,12.09,2.85,3.26,2.74,/clubs/sporting-kansas-city-8,teams/usa-sporting-kansas-city.png,Sporting KC,/clubs/minnesota-united-fc-1015,teams/usa-minnesota-united-fc.png,Minnesota United,1.84,0.89,1.92,1.0,1.79,1.41,92,74,53,9,0,69,52,30,2.1,1.34,3.44,/usa/sporting-kansas-city-vs-minnesota-united-fc-h2h-stats#1201707,5674,35,True,True,True,True,False,False,False,"['14', '36', '45', '52']",[]
MLS,2021,5674,1201708,698284,6490,2021,complete,65699,0,-1,['67'],"['59', '81']",1,2,3,3,5,8,1,2,2,2,0,0,2,3,11,15,13,18,11,12,52,48,13841,2339,211,,,2,2,2.62,3.5,2.45,1.04,1.21,1.56,2.5,3.85,13.0,4.35,2.3,1.53,1.25,1.51,2.5,4.35,1.25,4.1,1.26,1.57,1.31,1.43,3.0,2.2,2.9,2.8,2.5,2.7,0,0,1.14,1.29,1.54,1.93,2.55,4.8,3.3,2.48,1.9,1.51,1.95,7.0,2.25,2.1,14.0,2.05,6.0,5.5,1.33,2.35,4.8,12.0,3.2,1.57,1.18,1.05,1.16,1.87,3.32,6.5,5.35,1.91,1.33,1.1,0,0,0,0,3,0,0,1,2,3,0,1631754000,6490,0,55,25,20,0,20738,2,1,2,4,1,1,6,2,1,1,1,1,2,2,1,40,79,69,110,1.25,1.91,3.16,0,1,0,1,0,0,1,1,0,0,0,1,0,0,-1,-1,-1,-1,-1,-1,-1,-1,-1,15,20,50,70,90,30,65,80,45,11.3,2.6,3.1,2.6,/clubs/austin-fc-698284,teams/usa-austin-fc.png,Austin,/clubs/los-angeles-fc-6490,teams/usa-los-angeles-fc.png,Los Angeles FC,1.35,0.88,1.1,0.7,0.83,1.3,85,80,50,30,10,80,70,60,1.7,1.63,3.33,/usa/los-angeles-fc-vs-austin-fc-h2h-stats#1201708,5674,34,True,True,True,False,False,False,True,['67'],"['59', '81']"
MLS,2021,5674,1201709,20,12,2021,complete,65699,0,-1,"['67', '90+1']","['64', '87']",2,2,4,5,6,11,1,0,4,3,1,0,4,6,7,16,11,22,13,9,38,62,7,7206,11434,,,5,3,2.05,3.75,3.2,1.06,1.26,1.56,2.7,4.5,10.5,3.8,2.3,1.47,1.2,1.61,2.25,3.9,1.28,4.15,1.26,1.47,1.36,1.54,2.95,2.15,3.1,2.7,2.45,2.9,0,0,1.25,1.48,1.87,2.39,3.2,3.54,2.57,1.93,1.55,1.3,1.72,7.0,2.55,2.0,12.0,2.15,5.5,6.0,1.35,2.35,4.95,12.0,3.1,1.57,1.17,1.05,1.18,1.95,3.54,8.0,4.84,1.83,1.25,1.08,0,0,0,0,4,0,0,2,2,4,0,1631757600,-1,0,58,44,20,0,16808,2,1,4,1,1,5,5,6,3,1,2,2,4,4,1,49,101,89,131,1.33,2.53,3.86,0,0,0,0,0,0,1,1,0,0,0,0,0,0,-1,-1,-1,-1,-1,-1,-1,-1,-1,10,19,58,72,96,58,76,67,29,8.2,3.18,4.0,2.69,/clubs/portland-timbers-20,teams/usa-portland-timbers.png,Portland Timbers,/clubs/colorado-rapids-12,teams/usa-colorado-rapids.png,Colorado Rapids,2.1,1.59,1.9,1.82,1.43,1.91,90,81,43,28,5,77,68,34,1.67,1.29,2.96,/usa/colorado-rapids-vs-portland-timbers-h2h-stats#1201709,5674,35,True,True,True,True,False,False,True,"['67', '90+1']","['64', '87']"
MLS,2021,5674,1201710,18,5,2021,complete,65699,0,-1,"['5', '14', '55', '90']",['45+1'],4,1,5,11,3,14,3,2,2,2,0,0,10,2,13,11,23,13,9,8,48,52,15,25,41087,,,2,2,1.64,3.65,5.5,1.04,1.28,1.84,2.85,5.5,8.5,3.3,1.89,1.42,1.11,1.91,1.8,2.3,1.55,4.75,1.15,1.15,1.18,2.25,2.15,2.2,5.25,1.95,2.6,4.75,0,0,1.19,1.35,1.64,2.11,2.5,4.35,2.93,2.24,1.72,1.48,1.4,8.0,3.8,1.48,8.5,2.85,2.85,9.75,1.36,2.7,6.5,15.0,2.9,1.4,1.08,1.01,1.22,2.1,4.33,9.0,3.8,1.65,1.18,1.03,0,0,0,0,5,2,1,2,0,2,3,1633827600,18,0,53,12,26,0,-1,2,1,7,2,4,1,9,5,2,1,0,1,3,1,1,37,35,105,106,2.42,1.22,3.64,0,0,0,0,0,0,1,1,1,0,1,0,0,0,-1,-1,-1,-1,-1,-1,-1,-1,-1,0,30,53,78,89,30,64,74,44,10.25,1.71,3.35,2.49,/clubs/seattle-sounders-fc-18,teams/usa-seattle-sounders-fc.png,Seattle Sounders,/clubs/vancouver-whitecaps-fc-5,teams/canada-vancouver-whitecaps-fc.png,Vancouver Whitecaps,1.67,0.89,1.79,0.85,2.0,1.37,100,71,48,22,11,78,64,53,1.6,1.19,2.79,/usa/vancouver-whitecaps-fc-vs-seattle-sounders-fc-h2h-stats#1201710,5674,35,True,True,True,True,True,False,True,"['5', '14', '55', '90']",['45+1']
MLS,2021,5674,1201711,10,6,2021,complete,65699,0,-1,['61'],['13'],1,1,2,7,5,12,1,2,1,5,0,0,4,2,7,7,11,9,9,13,64,36,39,2,28051,,,1,5,1.65,3.9,4.75,1.05,1.22,1.54,2.5,4.05,11.0,4.2,2.38,1.52,1.24,1.62,2.25,2.5,1.57,6.75,1.13,1.16,1.25,2.5,2.05,2.3,5.0,1.91,2.6,4.75,0,0,1.2,1.41,1.74,2.18,2.89,4.04,2.82,2.09,1.65,1.36,1.38,8.0,3.75,1.53,13.0,3.1,2.95,13.0,1.32,2.25,4.65,12.0,3.3,1.61,1.19,1.05,1.17,1.87,3.4,8.0,5.05,1.91,1.27,1.08,0,0,0,0,2,0,1,1,0,1,1,1631759400,-1,0,71,38,33,0,15341,2,1,4,3,3,2,7,5,0,0,1,5,0,6,1,47,37,147,91,1.34,0.98,2.32,0,0,0,0,0,0,1,1,0,0,0,2,0,0,-1,-1,-1,-1,-1,-1,-1,-1,-1,17,25,50,88,96,42,71,84,46,9.42,3.42,4.0,2.75,/clubs/la-galaxy-10,teams/usa-la-galaxy.png,LA Galaxy,/clubs/houston-dynamo-6,teams/usa-houston-dynamo.png,Houston Dynamo,1.71,0.35,1.83,0.42,1.61,0.92,83,75,50,13,4,59,55,42,1.7,1.11,2.81,/usa/houston-dynamo-vs-la-galaxy-h2h-stats#1201711,5674,34,True,True,False,False,False,False,True,['61'],['13']
MLS,2021,5674,1201712,15,14,2021,complete,65699,0,-1,"['26', '50', '65']","['45+2', '49', '71', '81']",3,4,7,4,3,7,2,0,3,5,0,0,6,13,9,4,15,17,15,16,54,46,20,1763,8,,,3,5,2.1,3.5,3.25,1.07,1.3,1.7,2.85,5.25,9.25,3.4,2.06,1.42,1.16,1.74,2.05,2.95,1.43,5.0,1.19,1.27,1.33,1.91,2.45,2.15,4.0,2.25,2.4,3.75,0,0,1.17,1.32,1.58,2.02,2.72,4.7,3.1,2.38,1.81,1.45,1.7,7.0,2.7,1.74,11.0,2.6,3.8,8.5,1.37,2.45,5.5,14.0,3.0,1.53,1.15,1.04,1.21,2.0,3.64,10.0,4.44,1.77,1.24,1.06,0,0,0,0,7,1,1,2,3,5,2,1631759400,14,0,69,41,37,0,9636,2,1,2,2,2,1,4,3,0,1,3,4,1,7,1,34,32,97,116,1.62,2.22,3.84,0,0,0,0,0,0,1,1,0,0,1,0,0,1,-1,-1,-1,-1,-1,-1,-1,-1,-1,18,41,64,78,91,45,73,73,46,10.54,2.0,5.91,2.91,/clubs/san-jose-earthquakes-15,teams/usa-san-jose-earthquakes.png,SJ Earthquakes,/clubs/real-salt-lake-14,teams/usa-real-salt-lake.png,Real Salt Lake,1.18,1.05,1.09,0.73,1.17,1.3,82,60,37,23,9,73,55,41,1.5,1.35,2.85,/usa/real-salt-lake-vs-san-jose-earthquakes-h2h-stats#1201712,5674,34,True,True,True,True,True,True,True,"['26', '50', '65']","['45+2', '49', '71', '81']"
MLS,2021,5674,1201713,677446,4,2021,complete,65699,0,-1,[],"['18', '31', '65', '89']",0,4,4,0,5,5,0,3,3,3,1,0,1,10,2,19,3,29,10,17,48,52,5016,28121,11574,,,4,3,2.25,3.15,3.25,1.09,1.36,2.0,3.3,6.25,7.75,3.0,1.77,1.32,1.12,1.8,1.95,2.75,1.48,4.4,1.24,1.29,1.31,1.91,2.5,2.2,3.65,2.35,2.4,3.55,0,0,1.29,1.57,1.95,2.4,3.55,3.26,2.25,1.75,1.5,1.25,1.91,6.5,2.38,1.77,10.25,2.55,3.6,7.0,1.37,2.55,5.75,15.0,3.0,1.49,1.14,1.03,1.22,2.0,4.0,9.5,3.8,1.73,1.2,1.04,0,0,0,0,4,0,2,0,2,2,2,1631919600,4,0,70,13,43,0,-1,2,1,0,1,0,4,1,4,4,0,0,3,4,3,1,7,48,57,112,0.32,2.87,3.19,0,0,0,0,0,0,1,1,0,0,0,0,1,0,-1,-1,-1,-1,-1,-1,-1,-1,-1,22,30,66,83,96,39,79,78,57,11.31,3.12,4.83,2.95,/clubs/club-internacional-de-futbol-miami-677446,teams/usa-club-internacional-de-futbol-miami.png,Inter Miami,/clubs/new-york-red-bulls-4,teams/usa-new-york-red-bulls.png,New York RB,1.35,1.0,1.42,0.45,1.39,1.05,79,70,35,18,5,57,26,26,1.36,1.4,2.76,/usa/new-york-red-bulls-vs-club-internacional-de-futbol-miami-h2h-stats#1201713,5674,34,True,True,True,True,False,False,False,[],"['18', '31', '65', '89']"
MLS,2021,5674,1201714,1016,13401,2021,complete,65699,0,-1,"['18', '64', '87']","['75', '90+4']",3,2,5,6,6,12,1,1,2,4,0,0,6,6,11,6,17,12,8,25,61,39,13893,40852,36107,,,2,4,2.1,3.5,3.3,1.06,1.27,1.77,2.75,4.8,10.25,3.65,2.05,1.43,1.18,1.67,2.15,2.65,1.51,4.65,1.22,1.26,1.3,2.0,2.4,2.2,4.0,2.25,2.4,3.9,0,0,1.28,1.57,1.98,2.4,3.48,3.34,2.25,1.83,1.5,1.26,1.6,7.0,3.0,1.71,10.5,2.7,3.4,7.75,1.38,2.55,5.75,15.0,2.95,1.5,1.14,1.04,1.25,2.12,4.6,10.0,3.94,1.72,1.2,1.03,0,0,0,0,5,1,0,2,2,4,1,1631993400,1016,0,47,12,32,0,-1,2,1,2,1,4,5,3,9,0,2,2,2,2,4,1,30,32,87,99,1.71,1.42,3.13,0,0,0,0,0,0,1,1,0,0,0,1,0,0,-1,-1,-1,-1,-1,-1,-1,-1,-1,16,40,56,64,89,28,68,76,44,10.04,2.75,3.81,2.74,/clubs/atlanta-united-fc-1016,teams/usa-atlanta-united-fc.png,Atlanta United FC,/clubs/dc-united-13401,teams/usa-dc-united.png,DC United,1.88,0.76,1.75,0.77,1.38,1.42,85,61,45,37,12,40,28,20,1.68,1.37,3.05,/usa/atlanta-united-fc-vs-dc-united-h2h-stats#1201714,5674,34,True,True,True,True,True,False,True,"['18', '64', '87']","['75', '90+4']"
MLS,2021,5674,1201715,11,9,2021,complete,65699,0,-1,['62'],['58'],1,1,2,14,2,16,0,1,0,2,0,0,7,2,25,4,32,6,2,10,61,39,3,21032,13,,,0,2,1.54,4.15,5.75,1.05,1.25,1.65,2.55,4.4,12.0,3.95,2.2,1.5,1.21,1.74,2.05,2.6,1.53,6.0,1.15,1.19,1.25,2.4,2.15,2.3,4.5,2.0,2.55,4.4,0,0,1.19,1.4,1.65,2.0,2.5,4.4,2.7,2.1,1.73,1.48,1.38,8.0,4.0,1.59,13.0,2.95,3.1,10.25,1.32,2.3,4.9,13.0,3.3,1.59,1.17,1.05,1.18,1.95,3.68,8.5,4.84,1.83,1.28,1.05,0,0,0,0,2,0,0,1,1,2,0,1632006000,-1,0,53,21,24,0,-1,2,1,7,1,7,1,8,8,0,0,0,2,0,2,1,113,20,145,63,3.31,0.67,3.98,0,0,0,0,0,0,1,1,0,0,0,1,0,0,-1,-1,-1,-1,-1,-1,-1,-1,-1,24,33,53,57,89,41,69,73,33,9.04,2.71,3.87,2.55,/clubs/new-england-revolution-11,teams/usa-new-england-revolution.png,New England Revolution,/clubs/columbus-crew-9,teams/usa-columbus-crew.png,Columbus Crew,2.22,0.82,2.58,0.69,2.2,1.2,76,68,47,44,12,61,52,37,1.62,1.07,2.69,/usa/columbus-crew-vs-new-england-revolution-h2h-stats#1201715,5674,34,True,True,False,False,False,False,True,['62'],['58']
MLS,2021,5674,1201716,8043,2,2021,complete,65699,0,-1,['4'],"['37', '60']",1,2,3,2,4,6,3,1,2,5,2,0,4,5,7,8,11,13,14,15,43,57,15,409,762,,,6,5,4.95,4.05,1.62,1.05,1.24,1.67,2.55,4.45,12.0,4.05,2.2,1.49,1.2,1.74,2.05,4.75,1.21,3.25,1.37,1.83,1.29,1.35,3.5,2.3,2.45,3.3,2.45,2.4,0,0,1.23,1.5,1.75,2.2,3.1,3.72,2.4,1.95,1.6,1.32,2.7,7.0,1.7,2.4,13.0,1.8,7.0,4.15,1.33,2.35,4.9,13.0,3.25,1.57,1.17,1.05,1.18,1.95,3.68,8.5,4.84,1.8,1.28,1.05,0,0,0,0,3,1,1,0,1,1,2,1632007800,2,0,57,19,28,0,-1,2,1,1,4,1,0,5,1,0,1,4,4,1,8,1,23,65,68,117,1.14,1.65,2.79,0,1,0,1,0,0,1,1,1,0,0,1,0,0,-1,-1,-1,-1,-1,-1,-1,-1,-1,5,19,42,71,86,33,57,81,33,8.66,3.38,5.91,2.23,/clubs/fc-cincinnati-8043,teams/usa-fc-cincinnati.png,FC Cincinnati,/clubs/new-york-city-fc-2,teams/usa-new-york-city-fc.png,New York City,0.47,1.1,0.8,0.82,0.87,1.52,95,81,58,29,15,48,39,29,1.53,1.64,3.17,/usa/new-york-city-fc-vs-fc-cincinnati-h2h-stats#1201716,5674,34,True,True,True,False,False,False,True,['4'],"['37', '60']"
MLS,2021,5674,1201717,19,677447,2021,complete,65699,0,-1,"['18', '79']",['74'],2,1,3,4,7,11,1,0,1,1,0,0,3,5,6,6,9,11,7,10,44,56,84,11435,40174,,,1,1,3.15,3.3,2.25,1.09,1.36,1.95,3.2,6.0,8.25,3.05,1.8,1.33,1.13,1.8,1.95,3.25,1.36,3.75,1.3,1.45,1.32,1.61,2.9,2.1,3.25,2.7,2.3,3.05,0,0,1.26,1.53,1.88,2.3,3.3,3.48,2.38,1.93,1.55,1.29,1.91,7.0,2.3,2.0,10.0,2.25,4.55,5.75,1.4,2.6,6.0,16.0,2.85,1.47,1.14,1.03,1.23,2.08,4.4,10.0,4.2,1.75,1.21,1.04,0,0,0,0,3,1,0,1,1,2,1,1632007800,19,0,52,16,31,0,-1,2,1,2,2,2,5,4,7,1,1,0,0,2,0,1,38,60,84,118,1.06,1.49,2.55,0,0,0,0,0,0,1,1,0,0,0,0,0,0,-1,-1,-1,-1,-1,-1,-1,-1,-1,5,21,31,73,84,21,57,73,36,9.26,3.53,3.86,2.13,/clubs/toronto-fc-19,teams/canada-toronto-fc.png,Toronto,/clubs/nashville-sc-mls-677447,teams/usa-nashville-sc-mls.png,Nashville SC,1.12,1.22,0.8,1.22,0.63,1.78,95,80,69,27,17,73,52,26,1.31,1.15,2.46,/usa/toronto-fc-vs-nashville-sc-mls-h2h-stats#1201717,5674,34,True,True,True,False,False,False,True,"['18', '79']",['74']
MLS,2021,5674,1201718,1015,10,2021,complete,65699,0,-1,"['4', '20', '66']",[],3,0,3,2,2,4,4,0,1,1,0,0,3,1,6,6,9,7,11,10,35,65,57,5,2,,,1,1,1.83,3.75,4.0,1.05,1.24,1.62,2.45,4.15,12.0,4.1,2.25,1.53,1.22,1.61,2.3,2.8,1.47,6.0,1.16,1.22,1.29,2.15,2.25,2.25,4.35,2.1,2.5,4.15,0,0,1.22,1.48,1.9,2.2,2.98,3.82,2.5,1.9,1.62,1.34,1.55,7.5,3.1,1.65,13.0,2.8,3.5,10.0,1.34,2.35,4.85,13.0,3.2,1.57,1.18,1.05,1.17,1.91,3.5,7.0,4.5,1.87,1.26,1.07,0,0,0,0,3,2,0,1,0,1,2,1632009600,1015,0,46,14,27,0,19400,2,1,1,1,1,1,2,2,0,0,1,1,0,2,1,20,78,77,171,0.93,1.1,2.03,0,0,0,0,0,0,1,1,1,0,1,1,0,0,-1,-1,-1,-1,-1,-1,-1,-1,-1,9,27,55,68,96,32,69,78,46,11.64,3.0,3.0,2.59,/clubs/minnesota-united-fc-1015,teams/usa-minnesota-united-fc.png,Minnesota United,/clubs/la-galaxy-10,teams/usa-la-galaxy.png,LA Galaxy,1.94,1.12,1.82,1.36,1.35,1.58,91,73,46,32,5,69,55,46,1.93,1.14,3.07,/usa/la-galaxy-vs-minnesota-united-fc-h2h-stats#1201718,5674,34,True,True,True,False,False,False,False,"['4', '20', '66']",[]
MLS,2021,5674,1201719,6,13,2021,complete,65699,0,-1,"['5', '20', '59']","['86', '90+4']",3,2,5,4,6,10,0,2,1,1,0,0,5,5,7,11,12,16,12,9,42,58,13864,28051,12956,,,1,1,2.25,3.4,3.0,1.05,1.22,1.62,2.45,4.15,12.0,4.15,2.25,1.51,1.22,0.0,0.0,3.2,1.38,4.0,1.27,1.39,1.32,1.69,2.7,2.15,3.4,2.55,2.35,3.25,0,0,1.18,1.33,1.62,2.04,2.67,4.6,3.04,2.25,1.78,1.45,1.6,7.0,3.0,1.91,10.5,2.35,4.35,6.0,1.38,2.55,5.75,14.0,2.95,1.49,1.14,1.04,1.22,2.05,4.3,9.5,4.3,1.74,1.22,1.04,0,0,0,0,5,2,0,1,2,3,2,1632015000,6,0,65,24,44,0,12353,2,1,3,3,1,4,6,5,1,0,0,1,1,1,1,49,57,87,96,1.46,1.77,3.23,1,0,1,0,0,0,1,1,1,0,0,1,0,0,-1,-1,-1,-1,-1,-1,-1,-1,-1,12,36,60,84,96,48,72,88,56,10.58,4.18,3.9,3.02,/clubs/houston-dynamo-6,teams/usa-houston-dynamo.png,Houston Dynamo,/clubs/fc-dallas-13,teams/usa-fc-dallas.png,FC Dallas,1.41,0.65,1.42,0.69,0.92,1.08,89,65,40,16,4,65,57,42,1.66,1.3,2.96,/usa/houston-dynamo-vs-fc-dallas-h2h-stats#1201719,5674,34,True,True,True,True,True,False,True,"['5', '20', '59']","['86', '90+4']"
MLS,2021,5674,1201720,698284,15,2021,complete,65699,0,-1,"['6', '35', '45']","['17', '49', '58', '63']",3,4,7,8,8,16,0,2,4,4,1,0,10,6,4,8,14,14,14,9,51,49,27,2339,41530,,,5,4,2.3,3.5,2.85,1.04,1.2,1.57,2.3,3.8,14.0,4.5,2.35,1.59,1.25,1.5,2.55,3.05,1.41,4.3,1.25,1.38,1.29,1.76,2.55,2.25,3.45,2.4,2.55,3.15,0,0,1.2,1.36,1.64,2.1,2.87,4.0,2.89,2.12,1.65,1.36,1.6,7.0,3.0,1.8,16.0,2.3,5.0,7.75,1.31,2.25,4.55,10.75,3.35,1.62,1.2,1.05,1.15,2.0,3.32,6.5,5.4,1.8,1.33,1.1,0,0,0,0,7,3,1,0,3,3,4,1632009600,15,0,61,22,30,0,20738,2,1,0,5,8,3,5,11,1,0,4,4,1,8,1,57,40,75,85,1.99,1.59,3.58,0,1,0,1,0,0,1,1,1,0,0,0,1,0,-1,-1,-1,-1,-1,-1,-1,-1,-1,18,27,49,70,87,31,66,74,48,10.94,2.6,4.06,2.62,/clubs/austin-fc-698284,teams/usa-austin-fc.png,Austin,/clubs/san-jose-earthquakes-15,teams/usa-san-jose-earthquakes.png,SJ Earthquakes,1.35,1.24,1.0,1.25,0.79,1.13,83,74,52,31,13,61,61,53,1.66,1.38,3.04,/usa/san-jose-earthquakes-vs-austin-fc-h2h-stats#1201720,5674,34,True,True,True,True,True,True,True,"['6', '35', '45']","['17', '49', '58', '63']"
MLS,2021,5674,1201721,14,18,2021,complete,65699,0,-1,['48'],[],1,0,1,7,6,13,1,0,4,1,0,0,5,2,11,6,16,8,18,6,44,56,31,8,25,,,4,1,2.4,3.15,3.0,1.08,1.33,1.91,3.05,5.75,8.25,3.2,1.87,1.36,1.14,1.74,2.05,3.1,1.39,3.9,1.28,1.4,1.32,1.69,2.8,2.15,3.3,2.6,2.35,3.15,0,0,1.17,1.32,1.6,2.0,2.6,4.8,3.1,2.28,1.81,1.47,1.8,7.0,2.5,1.95,10.25,2.3,4.25,6.0,1.38,2.55,5.75,15.0,2.95,1.49,1.14,1.04,1.23,2.08,4.4,10.0,4.2,1.75,1.21,1.04,0,0,0,0,1,0,0,1,0,1,0,1632015000,14,0,64,23,28,0,19850,2,1,5,3,2,3,8,5,2,1,2,0,3,2,1,39,47,106,108,1.65,1.0,2.64,0,0,0,0,0,0,1,1,0,0,1,1,0,0,-1,-1,-1,-1,-1,-1,-1,-1,-1,9,22,49,68,96,27,67,87,36,8.18,3.15,3.35,2.59,/clubs/real-salt-lake-14,teams/usa-real-salt-lake.png,Real Salt Lake,/clubs/seattle-sounders-fc-18,teams/usa-seattle-sounders-fc.png,Seattle Sounders,1.82,1.82,1.83,2.3,1.38,1.96,91,79,51,33,4,49,40,36,1.48,1.2,2.68,/usa/real-salt-lake-vs-seattle-sounders-fc-h2h-stats#1201721,5674,35,True,False,False,False,False,False,False,['48'],[]
MLS,2021,5674,1201722,1,7,2021,complete,65699,0,-1,"['60', '80']",[],2,0,2,5,8,13,2,2,0,2,0,0,7,2,4,9,11,11,13,9,62,38,42,39282,2414,,,0,2,2.03,3.67,3.65,1.05,1.22,1.62,2.7,4.1,13.0,4.15,2.18,1.47,1.24,1.65,2.2,3.05,1.4,4.45,1.24,1.32,1.35,1.77,2.65,2.1,3.65,2.45,2.35,3.4,0,0,1.27,1.52,1.92,2.49,3.4,3.4,2.46,1.88,1.51,1.27,1.6,7.0,3.0,1.83,10.25,2.45,4.15,7.25,1.38,2.5,5.5,14.0,2.95,1.51,1.15,1.04,1.19,2.05,3.76,8.5,4.74,1.74,1.27,1.05,0,0,0,0,2,0,0,2,0,2,0,1632070800,1,0,50,23,36,0,-1,2,1,1,4,4,4,5,8,0,1,0,1,1,1,1,41,42,120,79,1.5,1.14,2.63,0,0,0,0,0,0,1,1,0,0,0,2,0,0,-1,-1,-1,-1,-1,-1,-1,-1,-1,18,32,50,69,91,41,69,59,46,8.91,2.64,4.63,2.87,/clubs/montreal-impact-1,teams/canada-montreal-impact.png,Montreal Impact,/clubs/chicago-fire-7,teams/usa-chicago-fire.png,Chicago Fire,1.82,0.47,1.91,0.36,1.42,0.96,82,69,50,32,9,50,41,23,1.61,1.21,2.82,/usa/montreal-impact-vs-chicago-fire-h2h-stats#1201722,5674,34,True,True,False,False,False,False,False,"['60', '80']",[]
MLS,2021,5674,1201723,16,17,2021,complete,65699,0,-1,"['37', '61', '89']",['57'],3,1,4,4,3,7,3,2,1,6,0,1,9,4,5,4,14,8,19,12,51,49,35,40182,21031,,,1,8,1.65,3.9,5.0,1.06,1.28,1.8,2.9,5.0,10.5,3.6,2.0,1.4,1.17,1.8,1.95,2.9,1.44,5.0,1.19,1.26,1.33,1.95,2.4,2.15,4.1,2.2,2.4,3.9,0,0,1.2,1.35,1.66,2.11,2.78,4.0,2.93,2.17,1.73,1.42,1.55,7.0,3.2,1.71,10.75,2.7,3.75,8.75,1.36,2.45,5.25,14.0,3.0,1.53,1.15,1.04,1.18,2.0,3.68,8.5,4.9,1.77,1.28,1.05,0,0,0,0,4,1,0,2,1,3,1,1632081600,16,0,58,13,26,0,15032,2,1,4,1,0,2,5,2,0,1,1,6,1,7,1,51,43,95,96,1.88,1.11,2.99,1,0,1,0,0,0,1,1,0,0,1,0,0,0,-1,-1,-1,-1,-1,-1,-1,-1,-1,9,14,44,79,100,26,79,75,35,10.52,2.87,4.62,2.46,/clubs/philadelphia-union-16,teams/usa-philadelphia-union.png,Philadelphia Union,/clubs/orlando-city-sc-17,teams/usa-orlando-city-sc.png,Orlando City,2.0,1.11,1.75,1.18,1.39,1.58,91,87,56,21,0,65,56,47,1.52,1.25,2.77,/usa/philadelphia-union-vs-orlando-city-sc-h2h-stats#1201723,5674,35,True,True,True,True,False,False,True,"['37', '61', '89']",['57']
MLS,2021,5674,1201724,20,6490,2021,complete,65699,0,-1,"['21', '68']",['27'],2,1,3,4,9,13,4,1,4,0,0,0,5,3,5,8,10,11,11,13,51,49,11,7206,211,,,4,0,2.87,3.8,2.37,1.05,1.22,1.5,2.32,3.95,14.0,4.6,2.48,1.56,1.27,1.51,2.65,4.8,1.21,4.05,1.27,1.62,1.34,1.42,3.3,2.2,2.7,3.0,2.45,2.55,0,0,1.15,1.31,1.58,1.99,2.57,4.75,3.14,2.32,1.82,1.48,2.4,7.0,1.85,2.2,14.0,1.91,7.0,5.5,1.32,2.25,4.45,11.0,3.3,1.62,1.2,1.06,1.14,1.83,3.2,6.5,5.55,1.95,1.35,1.08,0,0,0,0,3,1,1,1,0,1,2,1632094200,20,0,69,37,32,0,21311,2,1,2,3,2,6,5,8,3,0,1,0,3,1,1,41,64,90,123,1.28,1.38,2.66,0,1,0,1,0,0,1,1,0,0,0,0,0,0,-1,-1,-1,-1,-1,-1,-1,-1,-1,9,14,64,82,100,37,60,82,50,8.91,2.36,3.82,2.82,/clubs/portland-timbers-20,teams/usa-portland-timbers.png,Portland Timbers,/clubs/los-angeles-fc-6490,teams/usa-los-angeles-fc.png,Los Angeles FC,2.1,0.88,1.82,0.91,1.42,1.38,91,87,36,18,0,82,73,55,1.64,1.65,3.29,/usa/portland-timbers-vs-los-angeles-fc-h2h-stats#1201724,5674,34,True,True,True,False,False,False,True,"['21', '68']",['27']
MLS,2021,5674,1201725,12,5,2021,complete,65699,0,-1,['28'],['41'],1,1,2,7,6,13,2,0,1,0,0,0,5,4,13,2,18,6,5,8,57,43,69,11434,41087,,,1,0,1.39,4.26,5.62,1.05,1.25,1.62,2.55,4.7,11.0,3.85,2.15,1.52,1.19,1.8,2.0,2.5,1.56,6.0,1.15,1.17,1.28,2.35,2.1,2.25,5.0,1.95,2.55,4.75,0,0,1.21,1.42,1.76,2.22,2.93,3.92,2.78,2.06,1.63,1.35,1.38,8.0,4.0,1.54,12.0,3.15,3.05,11.0,1.34,2.4,4.95,13.0,3.15,1.56,1.17,1.05,1.17,1.95,3.6,8.5,5.0,1.83,1.29,1.05,0,0,0,0,2,1,1,0,0,0,2,1632099600,-1,0,69,14,23,0,8454,2,1,4,2,3,4,6,7,1,0,0,0,1,0,1,55,21,118,78,1.89,0.82,2.71,0,0,0,0,0,0,1,1,0,0,0,0,0,0,-1,-1,-1,-1,-1,-1,-1,-1,-1,5,36,59,87,91,32,73,87,41,9.72,2.36,4.54,2.78,/clubs/colorado-rapids-12,teams/usa-colorado-rapids.png,Colorado Rapids,/clubs/vancouver-whitecaps-fc-5,teams/canada-vancouver-whitecaps-fc.png,Vancouver Whitecaps,1.89,0.89,2.0,0.82,1.87,1.26,96,64,41,14,9,69,59,32,1.6,1.27,2.87,/usa/vancouver-whitecaps-fc-vs-colorado-rapids-h2h-stats#1201725,5674,35,True,True,False,False,False,False,True,['28'],['41']
MLS,2021,5674,1201726,677446,677447,2021,complete,65699,0,-1,['64'],"['6', '39', '48', '70', '90+6']",1,5,6,5,5,10,4,0,1,1,1,0,5,9,5,10,10,19,10,16,55,45,20,28121,40174,,,2,1,3.1,3.2,2.3,1.1,1.42,2.1,3.6,7.0,7.0,2.8,1.69,1.28,1.11,1.95,1.83,3.0,1.33,3.2,1.3,1.44,1.26,1.48,3.2,2.0,3.4,2.85,2.35,3.0,0,0,1.28,1.53,1.95,2.54,3.48,3.34,2.43,1.85,1.49,1.26,1.75,7.0,2.63,1.95,7.25,2.05,4.6,4.75,1.51,3.05,7.25,21.0,2.45,1.36,1.1,1.01,1.26,2.2,4.6,9.75,3.5,1.6,1.16,1.02,0,0,0,0,6,0,2,1,3,4,2,1632353400,677447,0,51,9,38,0,13033,2,1,2,4,3,1,6,4,0,0,2,1,0,3,1,36,51,103,81,1.25,2.19,3.44,0,0,0,0,0,0,1,1,0,1,0,0,0,0,-1,-1,-1,-1,-1,-1,-1,-1,-1,12,24,50,76,85,28,64,73,46,9.05,2.74,3.58,2.47,/clubs/club-internacional-de-futbol-miami-677446,teams/usa-club-internacional-de-futbol-miami.png,Inter Miami,/clubs/nashville-sc-mls-677447,teams/usa-nashville-sc-mls.png,Nashville SC,1.35,1.22,1.31,1.1,1.33,1.71,89,76,51,24,15,57,32,22,1.28,1.18,2.46,/usa/club-internacional-de-futbol-miami-vs-nashville-sc-mls-h2h-stats#1201726,5674,34,True,True,True,True,True,True,True,['64'],"['6', '39', '48', '70', '90+6']"
MLS,2021,5674,1201727,16,1016,2021,complete,65699,0,-1,['70'],[],1,0,1,4,2,6,3,0,1,1,0,0,10,1,9,4,19,5,12,7,49,51,12,40182,40852,,,1,1,2.0,3.55,3.35,1.07,1.3,2.15,2.9,5.25,11.0,3.7,1.73,1.42,1.19,1.66,2.16,3.0,1.33,4.33,1.18,1.37,1.31,1.71,2.72,2.27,3.8,2.51,2.63,3.42,0,0,1.22,1.4,1.7,2.13,2.85,3.82,2.75,2.03,1.63,1.37,1.62,7.5,2.88,1.86,11.0,2.4,4.25,6.0,1.35,2.62,6.45,19.0,3.2,1.49,1.11,1.02,1.22,2.0,4.04,10.0,4.3,1.81,1.24,1.06,0,0,0,0,1,0,0,1,0,1,0,1632598200,16,0,61,21,41,0,-1,2,1,2,0,2,2,2,4,1,1,0,0,2,0,1,72,46,121,90,2.42,0.73,3.15,0,0,0,0,0,0,1,1,0,0,0,0,0,0,-1,-1,-1,-1,-1,-1,-1,-1,-1,9,21,48,76,96,33,72,77,41,10.41,3.37,4.83,2.49,/clubs/philadelphia-union-16,teams/usa-philadelphia-union.png,Philadelphia Union,/clubs/atlanta-united-fc-1016,teams/usa-atlanta-united-fc.png,Atlanta United FC,2.0,1.06,1.85,1.0,1.46,1.44,92,80,52,24,4,68,64,48,1.55,1.31,2.86,/usa/philadelphia-union-vs-atlanta-united-fc-h2h-stats#1201727,5674,35,True,False,False,False,False,False,False,['70'],[]
MLS,2021,5674,1201728,698284,10,2021,complete,65699,0,-1,"['64', '79']",[],2,0,2,4,10,14,1,1,2,0,0,0,5,9,7,6,12,15,8,11,40,60,5016,2339,2,,,2,0,2.4,3.9,2.7,1.05,1.24,1.63,1.67,4.15,12.0,4.05,2.14,2.25,1.22,1.56,2.4,5.0,1.13,4.33,1.18,1.6,1.22,1.47,3.2,2.4,2.85,2.9,2.85,2.6,0,0,1.12,1.29,1.49,1.84,2.38,5.2,3.3,2.42,1.86,1.51,1.75,7.5,2.5,2.0,25.0,1.87,7.0,6.0,1.24,2.09,4.45,10.5,3.7,1.67,1.17,1.02,1.12,1.62,2.9,5.95,5.45,2.19,1.36,1.1,0,0,0,0,2,0,0,2,0,2,0,1632706200,698284,0,58,25,34,0,-1,2,1,2,3,2,7,5,9,0,0,2,0,0,2,1,35,55,61,120,1.36,1.98,3.34,0,0,0,0,0,0,1,1,0,0,0,0,0,0,-1,-1,-1,-1,-1,-1,-1,-1,-1,25,42,71,80,92,42,71,84,59,10.83,2.5,3.59,3.34,/clubs/austin-fc-698284,teams/usa-austin-fc.png,Austin,/clubs/la-galaxy-10,teams/usa-la-galaxy.png,LA Galaxy,1.35,1.12,0.92,1.25,0.76,1.52,75,58,30,21,9,63,55,46,1.69,1.14,2.83,/usa/la-galaxy-vs-austin-fc-h2h-stats#1201728,5674,34,True,True,False,False,False,False,False,"['64', '79']",[]
MLS,2021,5674,1201729,11,17,2021,complete,65699,0,-1,"['9', '35']",['18'],2,1,3,4,3,7,2,1,1,2,0,0,4,2,12,10,16,12,13,10,54,46,13812,21032,21031,,,1,2,1.48,4.5,6.0,1.05,1.25,1.65,2.55,4.4,13.0,3.95,2.2,1.49,1.21,1.8,2.0,2.4,1.5,5.5,1.11,1.17,1.24,2.23,2.07,2.34,5.0,1.88,2.77,4.62,0,0,1.14,1.32,1.57,1.94,2.52,5.0,3.1,2.25,1.77,1.46,1.46,8.0,3.8,1.48,15.5,2.73,3.05,10.25,1.31,2.41,5.3,17.0,3.17,1.5,1.12,1.03,1.19,1.91,3.84,9.5,4.7,1.89,1.26,1.04,0,0,0,0,3,2,1,0,0,0,3,1632610800,11,0,76,24,36,0,23506,2,1,0,1,4,2,1,6,0,2,1,0,2,1,1,74,36,131,82,1.83,1.16,2.99,0,1,0,0,0,1,1,1,1,0,0,0,0,0,-1,-1,-1,-1,-1,-1,-1,-1,-1,24,36,64,85,96,40,76,89,48,10.25,2.73,5.07,3.04,/clubs/new-england-revolution-11,teams/usa-new-england-revolution.png,New England Revolution,/clubs/orlando-city-sc-17,teams/usa-orlando-city-sc.png,Orlando City,2.22,1.11,2.46,1.08,2.19,1.52,76,65,37,16,4,60,48,40,1.75,1.24,2.99,/usa/new-england-revolution-vs-orlando-city-sc-h2h-stats#1201729,5674,35,True,True,True,False,False,False,True,"['9', '35']",['18']
MLS,2021,5674,1201730,13401,8043,2021,complete,65699,0,-1,"['7', '21', '41', '72']","['80', '84']",4,2,6,7,8,15,4,4,1,0,0,0,9,5,13,10,22,15,12,14,46,54,11,36107,409,,,1,0,1.45,4.3,6.5,1.06,1.3,1.8,2.95,5.5,10.5,3.45,2.0,1.38,1.15,1.91,1.87,2.2,1.6,5.25,1.13,1.18,1.24,2.2,2.23,2.29,5.35,2.0,2.7,5.0,0,0,1.23,1.45,1.77,2.27,3.05,3.72,2.55,1.94,1.56,1.33,1.33,8.5,4.33,1.49,13.0,2.79,2.85,9.0,1.36,2.66,6.05,21.0,2.88,1.42,1.09,1.02,1.23,2.08,4.4,10.0,4.2,1.75,1.21,1.03,0,0,0,0,6,3,0,1,2,3,3,1632612600,13401,0,46,34,20,0,-1,2,1,3,2,4,6,5,10,1,0,0,0,1,0,1,61,47,104,90,2.45,1.64,4.09,0,0,0,0,0,0,1,1,1,0,1,0,0,0,-1,-1,-1,-1,-1,-1,-1,-1,-1,20,32,62,70,96,54,84,65,37,9.33,3.69,3.73,3.09,/clubs/dc-united-13401,teams/usa-dc-united.png,DC United,/clubs/fc-cincinnati-8043,teams/usa-fc-cincinnati.png,FC Cincinnati,2.0,0.71,2.18,0.92,1.36,0.83,80,68,38,30,4,63,55,50,1.74,1.16,2.9,/usa/fc-cincinnati-vs-dc-united-h2h-stats#1201730,5674,34,True,True,True,True,True,True,True,"['7', '21', '41', '72']","['80', '84']"
MLS,2021,5674,1201731,2,4,2021,complete,65699,0,-1,[],['43'],0,1,1,5,5,10,5,5,2,2,0,0,2,7,12,10,14,17,15,19,65,35,7,762,11574,,,2,2,1.61,4.0,5.25,1.05,1.24,1.65,2.5,4.3,12.0,4.05,2.2,1.5,1.21,1.69,2.15,2.4,1.5,5.5,1.11,1.16,1.21,2.42,2.07,2.4,5.55,1.86,3.0,4.64,0,0,1.23,1.5,1.83,2.27,3.1,3.72,2.54,1.99,1.63,1.32,1.34,8.5,4.7,1.43,18.0,2.82,2.9,11.0,1.29,2.33,5.05,15.0,3.28,1.54,1.13,1.04,1.14,1.72,3.2,8.0,5.2,2.05,1.32,1.06,0,0,0,0,1,0,1,0,0,0,1,1632614400,4,0,59,13,33,0,-1,2,1,1,2,4,3,3,7,0,1,2,1,1,3,1,38,27,97,103,1.3,1.76,3.07,0,0,0,0,0,0,1,1,0,0,1,1,0,0,-1,-1,-1,-1,-1,-1,-1,-1,-1,30,38,63,79,96,34,83,79,63,10.59,3.75,4.92,3.08,/clubs/new-york-city-fc-2,teams/usa-new-york-city-fc.png,New York City,/clubs/new-york-red-bulls-4,teams/usa-new-york-red-bulls.png,New York RB,2.06,1.0,2.17,0.67,1.56,1.13,71,63,38,21,4,63,42,42,1.87,1.52,3.39,/usa/new-york-city-fc-vs-new-york-red-bulls-h2h-stats#1201731,5674,35,True,False,False,False,False,False,False,[],['43']
MLS,2021,5674,1201732,9,1,2021,complete,65699,0,-1,"['44', '62']",['90+2'],2,1,3,1,4,5,5,1,2,0,0,0,3,4,8,6,11,10,15,8,42,58,20,13,39282,,,2,0,2.05,3.45,3.4,1.07,1.28,1.77,2.8,4.9,9.75,3.55,2.0,1.42,1.17,1.69,2.15,3.0,1.33,4.33,1.18,1.27,1.26,1.8,2.61,2.2,3.8,2.31,2.68,3.78,0,0,1.33,1.6,2.03,2.7,3.82,3.05,2.2,1.7,1.41,1.22,1.62,7.5,2.88,1.65,14.25,2.31,3.8,6.75,1.34,2.53,5.65,19.0,3.0,1.46,1.11,1.04,1.21,1.98,4.04,9.5,4.44,1.83,1.24,1.04,0,0,0,0,3,1,0,1,1,2,1,1632612600,9,0,65,20,37,0,-1,2,1,1,3,0,1,4,1,1,0,1,0,1,1,1,30,47,89,121,1.13,1.27,2.39,0,0,0,0,0,0,1,1,0,0,0,2,0,0,-1,-1,-1,-1,-1,-1,-1,-1,-1,17,29,57,76,88,41,69,76,52,8.11,3.21,3.98,2.74,/clubs/columbus-crew-9,teams/usa-columbus-crew.png,Columbus Crew,/clubs/montreal-impact-1,teams/canada-montreal-impact.png,Montreal Impact,1.94,0.88,1.75,1.0,1.19,1.48,84,72,44,24,13,60,32,24,1.57,1.2,2.77,/usa/montreal-impact-vs-columbus-crew-h2h-stats#1201732,5674,34,True,True,True,False,False,False,True,"['44', '62']",['90+2']
MLS,2021,5674,1201733,1015,6,2021,complete,65699,0,-1,"['1', '17']",[],2,0,2,5,9,14,1,1,1,2,0,0,6,7,6,9,12,16,12,15,49,51,3,5,28051,,,1,2,1.71,3.8,4.6,1.06,1.29,1.77,2.8,5.0,10.25,3.5,2.0,1.42,1.17,1.8,1.95,2.5,1.48,5.0,1.13,1.21,1.26,2.06,2.23,2.22,4.72,1.99,2.66,4.3,0,0,1.14,1.3,1.54,1.9,2.45,5.0,3.2,2.32,1.8,1.49,1.55,7.5,3.1,1.54,13.25,2.63,3.15,8.5,1.35,2.61,5.9,19.0,2.93,1.44,1.1,1.03,1.22,2.04,4.3,9.5,4.24,1.78,1.22,1.04,0,0,0,0,2,2,0,0,0,0,2,1632614400,1015,0,51,23,20,0,-1,2,1,3,6,2,3,9,5,1,1,0,1,2,1,1,48,43,108,111,1.53,1.82,3.35,0,0,0,0,0,0,1,1,1,0,1,0,0,0,-1,-1,-1,-1,-1,-1,-1,-1,-1,8,16,36,71,92,36,72,68,28,10.9,3.29,3.94,2.23,/clubs/minnesota-united-fc-1015,teams/usa-minnesota-united-fc.png,Minnesota United,/clubs/houston-dynamo-6,teams/usa-houston-dynamo.png,Houston Dynamo,1.94,0.35,1.92,0.46,1.42,1.0,93,85,65,29,8,68,64,52,1.85,1.1,2.95,/usa/houston-dynamo-vs-minnesota-united-fc-h2h-stats#1201733,5674,34,True,True,False,False,False,False,False,"['1', '17']",[]
MLS,2021,5674,1201734,12,19,2021,complete,65699,0,-1,[],[],0,0,0,3,2,5,1,0,1,1,0,0,2,2,9,6,11,8,7,6,62,38,13942,11434,11435,,,1,1,1.53,4.25,5.75,1.05,1.24,1.65,2.55,4.45,13.0,4.05,2.2,1.5,1.2,1.77,2.0,2.4,1.5,5.75,1.1,1.15,1.21,2.43,2.06,2.44,5.7,1.79,2.84,5.05,0,0,1.23,1.45,1.77,2.27,3.05,3.72,2.55,1.94,1.56,1.33,1.38,8.0,4.0,1.43,16.0,2.89,2.8,11.0,1.31,2.43,5.35,17.0,3.15,1.5,1.12,1.03,1.17,1.9,3.95,8.95,4.45,1.83,1.21,1.04,0,0,0,0,0,0,0,0,0,0,0,1632614400,-1,0,66,16,30,0,-1,2,1,2,0,1,2,2,3,1,0,0,1,1,1,1,43,31,133,82,1.16,0.88,2.04,0,0,0,0,0,0,1,1,0,0,0,0,0,0,-1,-1,-1,-1,-1,-1,-1,-1,-1,19,34,53,89,96,38,80,77,50,9.21,3.54,3.97,3.04,/clubs/colorado-rapids-12,teams/usa-colorado-rapids.png,Colorado Rapids,/clubs/toronto-fc-19,teams/canada-toronto-fc.png,Toronto,1.89,0.53,1.92,0.5,1.83,0.72,82,66,47,11,4,51,47,19,1.63,1.13,2.76,/usa/colorado-rapids-vs-toronto-fc-h2h-stats#1201734,5674,34,False,False,False,False,False,False,False,[],[]
MLS,2021,5674,1201735,15,6490,2021,complete,65699,0,-1,"['3', '47']",[],2,0,2,0,3,3,2,1,4,3,0,0,2,2,5,11,7,13,17,21,49,51,57,41530,211,,,4,3,2.8,3.6,2.3,1.04,1.19,1.54,2.3,3.75,14.0,4.55,2.4,1.59,1.26,1.49,2.55,4.5,1.17,3.8,1.22,1.67,1.28,1.35,3.4,2.36,2.55,3.12,2.78,2.33,0,0,1.17,1.33,1.63,2.05,2.7,4.4,3.04,2.22,1.77,1.44,2.05,7.5,2.1,2.09,19.25,1.72,7.25,4.8,1.27,2.22,4.7,10.0,3.42,1.59,1.15,1.04,1.16,1.77,3.38,6.5,5.3,2.05,1.32,1.1,0,0,0,0,2,1,0,1,0,1,1,1632621600,15,0,67,38,25,0,-1,2,1,0,1,0,2,1,2,2,1,2,2,3,4,1,30,46,92,129,0.81,1.31,2.12,0,0,0,0,0,0,1,1,1,0,0,1,0,0,-1,-1,-1,-1,-1,-1,-1,-1,-1,9,21,54,79,96,38,71,75,42,10.33,2.33,4.17,2.67,/clubs/san-jose-earthquakes-15,teams/usa-san-jose-earthquakes.png,SJ Earthquakes,/clubs/los-angeles-fc-6490,teams/usa-los-angeles-fc.png,Los Angeles FC,1.18,0.88,1.0,0.83,1.2,1.32,92,79,46,21,4,71,50,38,1.51,1.63,3.14,/usa/san-jose-earthquakes-vs-los-angeles-fc-h2h-stats#1201735,5674,34,True,True,False,False,False,False,False,"['3', '47']",[]
MLS,2021,5674,1201736,5,13,2021,complete,65699,0,-1,['20'],[],1,0,1,7,4,11,2,1,2,3,0,0,5,4,13,11,18,15,8,14,41,59,39,41087,35590,,,2,3,2.1,3.4,3.2,1.06,1.27,1.7,2.75,4.6,10.25,3.7,2.15,1.45,1.19,1.62,2.25,3.2,1.3,4.33,1.18,1.35,1.29,1.65,2.69,2.3,3.78,2.39,2.66,3.18,0,0,1.21,1.41,1.75,2.2,2.89,3.92,2.82,2.08,1.64,1.36,1.95,7.0,2.25,1.75,15.0,2.13,4.3,6.5,1.33,2.47,5.45,13.0,3.05,1.48,1.11,1.02,1.17,1.9,3.95,8.95,4.45,1.83,1.21,1.04,0,0,0,0,1,1,0,0,0,0,1,1632621600,5,0,57,15,45,0,-1,2,1,4,3,3,1,7,4,0,0,2,3,0,5,1,65,37,107,108,1.95,1.5,3.45,0,1,0,0,0,1,1,1,0,0,1,1,0,0,-1,-1,-1,-1,-1,-1,-1,-1,-1,19,38,61,77,96,26,65,92,69,10.54,3.69,3.64,3.04,/clubs/vancouver-whitecaps-fc-5,teams/canada-vancouver-whitecaps-fc.png,Vancouver Whitecaps,/clubs/fc-dallas-13,teams/usa-fc-dallas.png,FC Dallas,1.94,0.65,1.67,0.64,1.25,1.04,82,63,39,24,4,59,39,16,1.27,1.33,2.6,/usa/vancouver-whitecaps-fc-vs-fc-dallas-h2h-stats#1201736,5674,34,True,False,False,False,False,False,False,['20'],[]
MLS,2021,5674,1201737,20,14,2021,complete,65699,0,-1,"['27', '36', '48', '68', '85', '88']",['41'],6,1,7,7,7,14,1,0,1,2,0,0,11,9,8,10,19,19,14,9,41,59,24,7206,8,,,1,2,1.87,3.5,3.7,1.06,1.25,1.67,2.75,4.4,11.0,3.85,2.15,1.44,1.2,1.61,2.25,2.9,1.36,4.75,1.15,1.29,1.27,1.81,2.44,2.26,3.9,2.19,2.7,3.53,0,0,1.14,1.27,1.52,1.89,2.43,5.0,3.4,2.46,1.91,1.53,1.7,7.0,2.7,1.65,15.5,2.29,3.8,7.5,1.32,2.44,5.35,17.0,3.1,1.49,1.12,1.03,1.19,1.9,3.76,8.5,4.74,1.9,1.27,1.05,0,0,0,0,7,2,1,4,0,4,3,1632623400,20,0,75,50,46,0,-1,2,1,6,5,1,2,11,3,1,0,0,2,1,2,1,35,60,81,131,2.22,2.27,4.48,0,0,0,0,0,0,1,1,0,0,2,1,0,0,-1,-1,-1,-1,-1,-1,-1,-1,-1,25,38,79,83,96,54,67,84,55,9.17,2.25,5.75,3.42,/clubs/portland-timbers-20,teams/usa-portland-timbers.png,Portland Timbers,/clubs/real-salt-lake-14,teams/usa-real-salt-lake.png,Real Salt Lake,2.1,1.05,1.92,0.92,1.48,1.44,75,63,21,17,4,79,75,58,1.61,1.43,3.04,/usa/real-salt-lake-vs-portland-timbers-h2h-stats#1201737,5674,37,True,True,True,True,True,True,True,"['27', '36', '48', '68', '85', '88']",['41']
MLS,2021,5674,1201738,7,677447,2021,complete,65699,0,-1,[],[],0,0,0,5,3,8,1,4,1,1,0,0,4,4,5,1,9,5,13,15,63,37,13967,2414,40174,,,1,1,2.75,3.25,2.4,1.07,1.3,1.83,3.2,5.25,9.0,3.4,1.95,1.36,1.16,1.69,2.1,3.6,1.25,3.3,1.29,1.5,1.32,1.43,3.2,2.16,3.0,2.88,2.55,2.7,0,0,1.23,1.46,1.83,2.32,3.1,3.72,2.64,1.98,1.58,1.32,1.85,7.0,2.4,1.99,12.5,1.9,5.5,4.9,1.36,2.62,5.9,15.0,2.89,1.43,1.1,1.02,1.23,2.06,4.4,9.0,4.2,1.76,1.21,1.05,0,0,0,0,0,0,0,0,0,0,0,1632675600,-1,0,48,19,33,0,-1,2,1,3,1,2,2,4,4,0,0,1,1,0,2,1,56,43,115,86,1.26,0.92,2.18,0,0,0,0,0,0,1,1,0,0,0,1,0,0,-1,-1,-1,-1,-1,-1,-1,-1,-1,12,27,47,64,83,31,56,75,40,10.43,3.52,3.02,2.4,/clubs/chicago-fire-7,teams/usa-chicago-fire.png,Chicago Fire,/clubs/nashville-sc-mls-677447,teams/usa-nashville-sc-mls.png,Nashville SC,1.53,1.22,1.36,1.27,0.88,1.76,89,73,54,36,17,72,51,38,1.85,1.27,3.12,/usa/chicago-fire-vs-nashville-sc-mls-h2h-stats#1201738,5674,34,False,False,False,False,False,False,False,[],[]
MLS,2021,5674,1201739,8,18,2021,complete,65699,0,-1,['60'],"['31', '55']",1,2,3,9,2,11,2,3,1,3,0,0,5,3,10,5,15,8,11,13,65,35,13893,18,25,,,1,3,1.83,3.8,3.85,1.06,1.29,1.8,2.9,5.25,10.25,3.55,2.0,1.39,1.17,1.74,2.05,2.7,1.4,4.33,1.18,1.27,1.27,1.85,2.42,2.21,4.08,2.16,2.66,3.7,0,0,1.21,1.42,1.76,2.22,2.93,3.92,2.78,2.06,1.63,1.35,1.5,7.5,3.3,1.63,14.0,2.36,3.6,7.25,1.35,2.55,5.75,15.0,2.97,1.45,1.1,1.02,1.22,2.0,4.2,9.0,4.3,1.81,1.23,1.05,0,0,0,0,3,0,1,1,1,2,1,1632697200,18,0,66,13,29,0,-1,2,1,0,1,9,1,1,10,0,1,1,2,1,3,1,61,26,136,75,1.75,0.91,2.66,0,0,0,0,0,0,1,1,0,0,0,0,0,0,-1,-1,-1,-1,-1,-1,-1,-1,-1,9,16,45,78,100,28,69,88,37,10.53,3.19,2.63,2.61,/clubs/sporting-kansas-city-8,teams/usa-sporting-kansas-city.png,Sporting KC,/clubs/seattle-sounders-fc-18,teams/usa-seattle-sounders-fc.png,Seattle Sounders,1.84,1.82,2.0,2.09,1.84,1.88,92,84,55,23,0,61,45,37,2.06,1.18,3.24,/usa/sporting-kansas-city-vs-seattle-sounders-fc-h2h-stats#1201739,5674,35,True,True,True,False,False,False,True,['60'],"['31', '55']"
MLS,2021,5674,1201740,4,16,2021,complete,65699,0,-1,['37'],['17'],1,1,2,4,9,13,1,2,2,4,0,0,4,4,9,3,13,7,15,14,48,52,58,11574,40182,,,2,4,2.2,3.4,3.2,1.04,1.28,1.9,2.95,5.25,8.25,3.4,1.95,1.4,1.12,1.7,2.05,3.0,1.33,3.8,1.22,1.36,1.31,1.68,2.88,2.25,3.6,2.5,2.55,3.2,0,0,1.24,1.46,1.83,2.34,3.14,3.64,2.64,1.98,1.57,1.31,1.6,7.0,3.0,1.73,8.25,2.25,3.75,5.25,1.36,2.75,8.0,21.0,3.0,1.4,1.08,1.02,1.22,2.05,4.1,8.75,3.8,1.7,1.19,1.04,0,0,0,0,2,1,1,0,0,0,2,1632958200,-1,0,57,18,39,0,-1,2,1,1,5,3,4,6,7,0,1,2,3,1,5,1,47,51,107,126,1.45,1.11,2.56,0,0,0,0,0,0,1,1,0,0,0,1,0,0,-1,-1,-1,-1,-1,-1,-1,-1,-1,9,18,35,74,92,18,61,66,53,8.56,4.19,4.64,2.32,/clubs/new-york-red-bulls-4,teams/usa-new-york-red-bulls.png,New York RB,/clubs/philadelphia-union-16,teams/usa-philadelphia-union.png,Philadelphia Union,1.76,1.06,1.58,1.0,1.2,1.52,92,83,65,26,9,66,40,31,1.59,1.55,3.14,/usa/new-york-red-bulls-vs-philadelphia-union-h2h-stats#1201740,5674,35,True,True,False,False,False,False,True,['37'],['17']
MLS,2021,5674,1201741,19,8043,2021,complete,65699,0,-1,"['48', '55', '65']","['38', '72']",3,2,5,4,2,6,2,1,3,4,0,0,5,5,11,5,16,10,13,11,46,54,69,11435,41788,,,3,4,1.8,3.75,4.2,1.02,1.18,1.64,2.6,4.1,9.75,4.25,2.12,1.5,1.2,1.62,2.2,2.8,1.38,5.25,1.13,1.2,1.2,2.0,2.38,2.38,4.33,2.05,2.7,3.75,0,0,1.26,1.5,1.9,2.46,3.34,3.48,2.52,1.9,1.52,1.28,1.45,8.0,3.5,1.53,9.75,2.6,3.25,7.0,1.3,2.5,6.0,17.0,3.4,1.5,1.13,1.03,1.16,1.8,3.4,7.0,4.6,1.91,1.28,1.07,0,0,0,0,5,0,1,3,1,4,1,1632956400,19,0,62,24,41,0,-1,2,1,3,0,1,2,3,3,0,2,3,2,2,5,1,50,32,116,91,1.73,1.22,2.95,0,0,0,0,0,0,1,1,0,0,0,0,0,0,-1,-1,-1,-1,-1,-1,-1,-1,-1,23,39,58,89,97,46,76,89,53,9.55,3.95,4.04,3.22,/clubs/toronto-fc-19,teams/canada-toronto-fc.png,Toronto,/clubs/fc-cincinnati-8043,teams/usa-fc-cincinnati.png,FC Cincinnati,1.12,0.71,1.0,0.86,0.73,0.8,78,62,42,12,4,78,65,51,1.29,1.19,2.48,/usa/toronto-fc-vs-fc-cincinnati-h2h-stats#1201741,5674,34,True,True,True,True,True,False,True,"['48', '55', '65']","['38', '72']"
MLS,2021,5674,1201742,1016,677446,2021,complete,65699,0,-1,['78'],[],1,0,1,8,4,12,3,3,0,4,0,0,6,0,13,8,19,8,11,14,62,38,15,40852,28121,,,0,4,1.67,3.75,5.0,1.03,1.22,1.68,2.9,4.75,9.0,3.8,2.05,1.42,1.15,1.7,2.05,2.5,1.48,5.0,1.13,1.18,1.2,2.1,2.3,2.3,4.75,2.0,2.65,4.33,0,0,1.28,1.54,1.95,2.54,3.48,3.34,2.41,1.85,1.49,1.26,1.5,7.5,3.3,1.44,9.0,2.75,3.0,7.0,1.33,2.5,6.5,19.0,3.25,1.5,1.11,1.02,1.2,1.91,3.8,8.0,4.1,1.8,1.22,1.05,0,0,0,0,1,0,0,1,0,1,0,1632956400,1016,0,29,0,25,0,-1,2,1,7,1,1,3,8,4,0,2,0,2,2,2,1,49,31,137,87,1.98,0.74,2.72,1,0,1,0,0,0,1,1,0,0,1,1,0,0,-1,-1,-1,-1,-1,-1,-1,-1,-1,9,24,32,45,87,17,49,71,28,9.8,3.87,4.63,1.97,/clubs/atlanta-united-fc-1016,teams/usa-atlanta-united-fc.png,Atlanta United FC,/clubs/club-internacional-de-futbol-miami-677446,teams/usa-club-internacional-de-futbol-miami.png,Inter Miami,1.88,1.06,1.85,1.36,1.38,1.28,92,77,68,55,13,60,56,48,1.68,0.86,2.54,/usa/atlanta-united-fc-vs-club-internacional-de-futbol-miami-h2h-stats#1201742,5674,34,True,False,False,False,False,False,False,['78'],[]
MLS,2021,5674,1201743,1,11,2021,complete,65699,0,-1,['32'],"['10', '17', '30', '86']",1,4,5,6,6,12,0,4,2,2,0,0,6,8,13,7,19,15,17,11,53,47,31,39282,21032,,,2,2,2.4,3.5,2.75,1.02,1.18,1.52,2.4,4.0,10.0,4.33,2.35,1.57,1.2,1.5,2.5,3.8,1.22,4.0,1.2,1.49,1.28,1.57,3.0,2.3,3.1,2.63,2.77,2.75,0,0,1.21,1.41,1.75,2.2,2.89,3.92,2.82,2.08,1.64,1.36,2.15,7.0,2.05,1.8,10.0,2.0,4.75,5.0,1.3,2.38,6.0,15.0,3.4,1.53,1.13,1.03,1.17,1.73,3.5,8.0,5.0,2.0,1.29,1.08,0,0,0,0,5,1,3,0,1,1,4,1632958200,11,0,58,27,39,0,-1,2,1,3,4,3,2,7,5,1,0,1,2,1,3,1,64,44,106,111,2.08,1.83,3.91,0,0,0,0,0,0,1,1,0,1,1,1,0,0,-1,-1,-1,-1,-1,-1,-1,-1,-1,23,38,58,73,92,31,68,77,47,11.22,2.58,3.82,3.04,/clubs/montreal-impact-1,teams/canada-montreal-impact.png,Montreal Impact,/clubs/new-england-revolution-11,teams/usa-new-england-revolution.png,New England Revolution,1.82,2.0,2.0,1.93,1.42,2.21,77,62,43,27,9,64,52,41,1.6,1.52,3.12,/usa/montreal-impact-vs-new-england-revolution-h2h-stats#1201743,5674,34,True,True,True,True,True,False,True,['32'],"['10', '17', '30', '86']"
MLS,2021,5674,1201744,13401,1015,2021,complete,65699,0,-1,"['23', '45', '85']",['40'],3,1,4,3,5,8,2,0,2,4,0,0,5,2,10,4,15,6,14,15,55,45,13851,36107,5,,,2,4,1.91,3.6,3.75,1.03,1.22,1.65,2.9,4.5,9.25,3.9,2.1,1.42,1.16,1.67,2.1,2.9,1.36,4.75,1.15,1.25,1.22,1.85,2.5,2.3,4.0,2.2,2.65,3.6,0,0,1.22,1.44,1.8,2.28,3.04,3.82,2.7,2.01,1.6,1.33,1.67,7.0,2.8,1.57,9.25,2.5,3.5,6.5,1.33,2.5,6.5,19.0,3.25,1.5,1.11,1.02,1.19,1.87,3.6,7.75,4.25,1.83,1.25,1.05,0,0,0,0,4,2,1,1,0,1,3,1632958200,13401,0,54,29,17,0,-1,2,1,0,3,3,2,3,5,0,2,2,2,2,4,1,45,35,144,109,1.64,0.79,2.43,2,0,1,0,1,0,1,1,0,0,0,0,0,0,-1,-1,-1,-1,-1,-1,-1,-1,-1,13,34,54,71,100,46,92,63,33,9.75,3.5,3.67,2.88,/clubs/dc-united-13401,teams/usa-dc-united.png,DC United,/clubs/minnesota-united-fc-1015,teams/usa-minnesota-united-fc.png,Minnesota United,2.0,0.89,2.25,0.92,1.42,1.48,88,67,46,30,0,59,50,34,1.8,1.3,3.1,/usa/minnesota-united-fc-vs-dc-united-h2h-stats#1201744,5674,34,True,True,True,True,False,False,True,"['23', '45', '85']",['40']
MLS,2021,5674,1201745,13,8,2021,complete,65699,0,-1,['68'],"['13', '55', '61']",1,3,4,2,5,7,4,0,1,1,1,0,3,7,4,5,7,12,14,5,45,55,57,35590,18,,,3,1,2.5,3.5,2.63,1.03,1.19,1.66,2.75,4.2,9.5,4.2,2.08,1.45,1.19,1.57,2.25,3.8,1.22,3.8,1.22,1.45,1.25,1.5,3.1,2.3,3.1,2.75,2.6,2.75,0,0,1.21,1.42,1.77,2.24,2.93,3.92,2.78,2.05,1.62,1.35,2.1,7.0,2.1,1.83,9.5,2.0,4.75,5.0,1.33,2.5,6.5,17.0,3.25,1.5,1.11,1.03,1.17,1.8,3.5,7.0,4.4,1.9,1.26,1.07,0,0,0,0,4,0,1,1,2,3,1,1632960000,8,0,54,29,21,0,12387,2,1,2,5,0,0,7,0,0,0,2,1,0,3,1,32,45,81,105,0.89,1.58,2.47,0,1,0,1,0,0,1,1,0,0,0,3,0,0,-1,-1,-1,-1,-1,-1,-1,-1,-1,8,38,50,79,88,46,67,79,46,10.83,2.17,4.75,2.63,/clubs/fc-dallas-13,teams/usa-fc-dallas.png,FC Dallas,/clubs/sporting-kansas-city-8,teams/usa-sporting-kansas-city.png,Sporting KC,1.29,1.53,1.5,1.67,1.0,1.77,92,63,50,21,13,71,59,46,1.65,1.21,2.86,/usa/sporting-kansas-city-vs-fc-dallas-h2h-stats#1201745,5674,34,True,True,True,True,False,False,True,['68'],"['13', '55', '61']"
MLS,2021,5674,1201746,7,2,2021,complete,65699,0,-1,"['48', '66']",[],2,0,2,5,8,13,2,2,2,2,0,0,5,3,7,7,12,10,15,13,49,51,27,2414,762,,,2,2,3.75,3.6,1.91,1.02,1.17,1.59,2.4,3.9,10.0,4.4,2.2,1.55,1.22,1.57,2.25,4.75,1.15,3.0,1.33,1.87,1.2,1.26,4.0,2.3,2.5,3.6,2.7,2.2,0,0,1.22,1.43,1.78,2.25,2.98,3.82,2.74,2.04,1.62,1.34,2.5,7.5,1.75,2.4,10.0,1.57,6.5,3.6,1.3,2.5,6.0,17.0,3.4,1.5,1.13,1.03,1.16,1.75,3.3,6.75,4.6,1.95,1.28,1.07,0,0,0,0,2,0,0,2,0,2,0,1632960000,7,0,62,29,29,0,5593,2,1,3,2,2,6,5,8,1,2,1,0,3,1,1,42,46,116,108,1.42,1.18,2.61,0,0,0,0,0,0,1,1,0,0,2,0,0,1,-1,-1,-1,-1,-1,-1,-1,-1,-1,7,24,58,73,90,43,61,83,39,10.95,3.64,4.84,2.54,/clubs/chicago-fire-7,teams/usa-chicago-fire.png,Chicago Fire,/clubs/new-york-city-fc-2,teams/usa-new-york-city-fc.png,New York City,1.53,1.1,1.33,1.0,0.89,1.5,94,76,43,28,11,56,38,38,1.81,1.63,3.44,/usa/new-york-city-fc-vs-chicago-fire-h2h-stats#1201746,5674,34,True,True,False,False,False,False,False,"['48', '66']",[]
MLS,2021,5674,1201747,677447,17,2021,complete,65699,0,-1,"['11', '59']","['76', '90+3']",2,2,4,5,4,9,2,0,2,3,0,0,5,6,10,8,15,14,15,12,37,63,36,40174,21031,,,2,3,1.73,3.75,4.5,1.04,1.28,1.88,3.25,5.25,8.25,3.4,1.98,1.33,1.12,1.8,1.96,2.4,1.5,4.75,1.15,1.22,1.27,2.06,2.36,2.26,4.92,2.15,2.64,4.4,0,0,1.24,1.47,1.84,2.34,3.14,3.64,2.6,1.97,1.57,1.31,1.55,7.0,3.2,1.55,8.25,2.65,2.9,7.0,1.36,2.65,6.25,14.5,2.9,1.42,1.09,1.01,1.22,2.05,4.1,8.75,3.8,1.7,1.19,1.04,0,0,0,0,4,1,0,1,2,3,1,1632961800,-1,0,71,22,34,0,18648,2,1,4,1,1,3,5,4,1,1,1,2,2,3,1,24,39,77,128,1.47,1.6,3.07,1,1,0,1,1,0,1,1,0,0,1,0,0,0,-1,-1,-1,-1,-1,-1,-1,-1,-1,18,41,60,86,97,41,86,82,48,9.94,3.75,4.64,3.11,/clubs/nashville-sc-mls-677447,teams/usa-nashville-sc-mls.png,Nashville SC,/clubs/orlando-city-sc-17,teams/usa-orlando-city-sc.png,Orlando City,2.0,1.11,2.14,1.0,1.73,1.46,82,60,41,15,4,63,44,41,1.89,1.23,3.12,/usa/orlando-city-sc-vs-nashville-sc-mls-h2h-stats#1201747,5674,35,True,True,True,True,False,False,True,"['11', '59']","['76', '90+3']"
MLS,2021,5674,1201748,6,5,2021,complete,65699,0,-1,[],[],0,0,0,8,4,12,3,1,0,2,0,0,5,1,14,6,19,7,13,17,63,37,35,28051,41087,,,0,2,1.7,3.8,4.75,1.04,1.28,1.77,2.95,5.25,8.5,3.4,1.93,1.4,1.12,1.75,2.0,2.6,1.44,4.5,1.17,1.23,1.28,2.01,2.5,2.25,4.33,2.1,2.63,4.0,0,0,1.16,1.27,1.52,1.9,2.44,4.9,3.4,2.46,1.9,1.53,1.45,8.0,3.5,1.53,8.5,2.63,3.1,6.5,1.36,2.75,7.0,21.0,3.0,1.4,1.1,1.02,1.22,2.05,4.2,8.75,3.8,1.7,1.19,1.04,0,0,0,0,0,0,0,0,0,0,0,1632963600,-1,0,72,24,28,0,12114,2,1,5,0,3,4,5,7,0,0,0,2,0,2,1,68,27,131,73,2.04,0.71,2.76,0,0,0,0,0,0,1,1,0,0,0,0,0,0,-1,-1,-1,-1,-1,-1,-1,-1,-1,4,37,65,84,92,52,80,80,40,10.89,3.15,3.54,2.8,/clubs/houston-dynamo-6,teams/usa-houston-dynamo.png,Houston Dynamo,/clubs/vancouver-whitecaps-fc-5,teams/canada-vancouver-whitecaps-fc.png,Vancouver Whitecaps,1.41,0.89,1.54,0.83,0.96,1.32,96,64,36,16,8,84,80,64,1.64,1.23,2.87,/usa/vancouver-whitecaps-fc-vs-houston-dynamo-h2h-stats#1201748,5674,34,False,False,False,False,False,False,False,[],[]
MLS,2021,5674,1201749,12,698284,2021,complete,65699,0,-1,"['45+2', '46', '59']",[],3,0,3,5,4,9,4,0,1,4,0,0,5,4,4,4,9,8,13,17,56,44,13942,11434,2339,,,1,4,1.62,4.0,5.0,1.01,1.14,1.5,2.6,3.6,13.5,5.0,2.4,1.5,1.25,1.7,2.05,2.25,1.57,7.0,1.07,1.13,1.11,2.7,1.91,2.6,6.0,1.67,3.0,5.5,0,0,1.2,1.36,1.65,2.1,2.88,4.0,2.88,2.1,1.65,1.36,1.45,8.0,3.5,1.3,13.5,3.4,2.5,10.0,1.25,2.2,5.0,15.0,3.75,1.62,1.17,1.03,1.14,1.73,3.25,7.0,5.5,2.0,1.33,1.1,0,0,0,0,3,1,0,2,0,2,1,1632963600,12,0,47,8,8,0,8582,2,1,4,2,1,2,6,3,0,2,1,2,2,3,1,44,27,80,72,1.24,0.99,2.23,0,0,0,0,0,0,1,1,0,0,1,0,0,0,-1,-1,-1,-1,-1,-1,-1,-1,-1,4,16,35,77,89,23,70,66,38,10.46,2.77,3.92,2.19,/clubs/colorado-rapids-12,teams/usa-colorado-rapids.png,Colorado Rapids,/clubs/austin-fc-698284,teams/usa-austin-fc.png,Austin,1.89,0.47,1.85,0.62,1.8,0.85,96,85,66,23,12,77,66,35,1.59,1.32,2.91,/usa/colorado-rapids-vs-austin-fc-h2h-stats#1201749,5674,34,True,True,True,False,False,False,False,"['45+2', '46', '59']",[]
MLS,2021,5674,1201750,14,10,2021,complete,65699,0,-1,"['45', '90+5']",['76'],2,1,3,4,10,14,1,3,0,1,0,0,4,5,8,16,12,21,7,10,40,60,45098,8,2,,,0,1,1.95,3.75,3.5,1.02,1.18,1.55,2.5,4.0,10.0,4.33,2.29,1.53,1.2,1.62,2.2,3.2,1.3,4.75,1.15,1.32,1.27,1.83,2.5,2.3,4.0,2.2,2.79,3.5,0,0,1.22,1.38,1.72,2.2,2.94,4.0,2.8,2.07,1.67,1.38,1.8,7.0,2.5,1.62,10.0,2.38,3.8,6.5,1.3,2.5,6.0,17.0,3.4,1.5,1.13,1.03,1.16,1.75,3.3,6.75,4.6,1.95,1.28,1.07,0,0,0,0,3,1,0,1,1,2,1,1632965400,14,0,58,19,31,0,12114,2,1,1,3,3,7,4,10,0,0,0,1,0,1,1,41,67,117,139,1.35,2.16,3.51,0,0,0,0,0,0,1,1,0,0,1,0,0,0,-1,-1,-1,-1,-1,-1,-1,-1,-1,12,35,66,81,96,35,73,89,54,10.46,2.54,3.46,2.93,/clubs/real-salt-lake-14,teams/usa-real-salt-lake.png,Real Salt Lake,/clubs/la-galaxy-10,teams/usa-la-galaxy.png,LA Galaxy,1.82,1.12,1.92,1.15,1.38,1.46,89,66,35,20,4,62,50,42,1.5,1.2,2.7,/usa/la-galaxy-vs-real-salt-lake-h2h-stats#1201750,5674,34,True,True,True,False,False,False,True,"['45', '90+5']",['76']
MLS,2021,5674,1201751,6490,20,2021,complete,65699,0,-1,['55'],"['45', '59']",1,2,3,7,2,9,0,1,2,3,0,0,4,3,9,5,13,8,20,13,57,43,13893,211,7206,,,2,3,1.44,4.75,6.0,1.01,1.14,1.41,2.25,3.4,12.5,5.0,2.78,1.57,1.28,1.53,2.38,2.8,1.38,6.5,1.08,1.16,1.2,2.48,2.1,2.6,4.75,1.8,3.1,4.5,0,0,1.17,1.33,1.62,2.04,2.69,4.8,3.04,2.24,1.78,1.45,1.3,9.0,4.5,1.4,12.5,2.88,3.1,9.0,1.25,2.1,5.0,13.0,3.75,1.67,1.17,1.04,1.13,1.65,2.95,6.0,5.25,2.1,1.35,1.1,0,0,0,0,3,0,1,1,1,2,1,1632969000,20,0,66,23,27,0,22056,2,1,3,1,4,1,4,5,1,2,1,1,3,2,1,66,38,125,79,1.59,1.0,2.58,0,0,0,0,0,0,1,1,0,0,0,0,0,0,-1,-1,-1,-1,-1,-1,-1,-1,-1,23,42,62,93,100,50,77,96,54,9.15,2.85,3.54,3.23,/clubs/los-angeles-fc-6490,teams/usa-los-angeles-fc.png,Los Angeles FC,/clubs/portland-timbers-20,teams/usa-portland-timbers.png,Portland Timbers,1.76,1.28,1.77,1.08,1.27,1.54,77,58,39,8,0,66,54,43,1.98,1.13,3.11,/usa/portland-timbers-vs-los-angeles-fc-h2h-stats#1201751,5674,34,True,True,True,False,False,False,True,['55'],"['45', '59']"
MLS,2021,5674,1201752,15,18,2021,complete,65699,0,-1,['51'],"['25', '42', '49']",1,3,4,10,2,12,0,0,1,2,0,0,3,5,6,4,9,9,11,12,56,44,3,41530,25,,,1,2,2.3,3.5,2.88,1.04,1.25,1.88,2.8,5.0,8.75,3.6,1.82,1.44,1.14,1.7,2.05,3.2,1.3,3.6,1.25,1.43,1.31,1.6,3.0,2.2,3.5,2.6,2.57,3.0,0,0,1.18,1.37,1.67,2.07,2.72,4.32,2.99,2.2,1.72,1.4,1.73,7.5,2.6,1.8,8.75,2.2,4.2,5.0,1.36,2.75,7.0,21.0,3.0,1.4,1.1,1.02,1.2,1.95,3.8,8.0,4.0,1.75,1.22,1.05,0,0,0,0,4,0,2,1,1,2,2,1632969000,18,0,60,32,28,0,11361,2,1,3,1,7,1,4,8,1,1,0,1,2,1,1,53,36,126,91,1.18,1.19,2.36,0,1,0,1,0,0,1,1,0,0,1,0,0,0,-1,-1,-1,-1,-1,-1,-1,-1,-1,12,23,44,68,96,32,68,77,32,7.75,2.91,4.52,2.64,/clubs/san-jose-earthquakes-15,teams/usa-san-jose-earthquakes.png,SJ Earthquakes,/clubs/seattle-sounders-fc-18,teams/usa-seattle-sounders-fc.png,Seattle Sounders,1.18,1.82,1.15,2.17,1.27,1.92,89,77,56,33,4,52,37,29,1.46,1.16,2.62,/usa/san-jose-earthquakes-vs-seattle-sounders-fc-h2h-stats#1201752,5674,34,True,True,True,True,False,False,True,['51'],"['25', '42', '49']"
MLS,2021,5674,1201753,698284,14,2021,complete,65699,0,-1,"['17', '55']",['64'],2,1,3,12,3,15,1,1,1,0,0,0,7,3,10,5,17,8,8,7,50,50,13812,2339,8,,,1,0,2.25,3.61,2.6,1.03,1.18,1.6,2.38,4.0,17.5,4.33,2.25,1.53,1.2,1.53,2.35,3.4,1.29,4.5,1.17,1.4,1.18,1.67,2.6,2.35,3.3,2.4,2.7,3.1,0,0,1.14,1.3,1.58,1.95,2.6,4.8,3.2,2.24,1.75,1.44,1.7,7.0,2.7,1.75,10.5,2.05,4.2,5.75,1.26,2.25,5.0,10.5,3.5,1.57,1.14,1.02,1.16,1.75,3.4,7.0,4.6,1.95,1.28,1.07,0,0,0,0,3,1,0,1,1,2,1,1633203000,698284,0,66,39,39,0,-1,2,1,4,1,8,2,5,10,0,0,1,0,0,1,1,43,37,111,87,1.88,0.99,2.87,0,0,0,0,0,0,1,1,0,0,1,0,0,0,-1,-1,-1,-1,-1,-1,-1,-1,-1,35,46,70,77,89,46,66,85,62,11.39,2.07,5.15,3.5,/clubs/austin-fc-698284,teams/usa-austin-fc.png,Austin,/clubs/real-salt-lake-14,teams/usa-real-salt-lake.png,Real Salt Lake,1.35,1.05,1.08,0.85,0.81,1.44,66,54,31,23,12,73,69,62,1.66,1.49,3.15,/usa/real-salt-lake-vs-austin-fc-h2h-stats#1201753,5674,34,True,True,True,False,False,False,True,"['17', '55']",['64']
MLS,2021,5674,1201754,20,677446,2021,complete,65699,0,-1,['83'],[],1,0,1,8,1,9,2,0,1,1,0,0,5,5,16,7,21,12,10,9,49,51,12,7206,28121,,,1,1,1.81,3.8,4.3,1.03,1.2,1.69,2.7,4.58,16.0,4.4,2.14,1.45,1.19,1.69,2.18,0.0,0.0,0.0,0.0,1.17,1.25,2.34,2.22,2.51,5.23,1.97,2.82,4.8,0,0,1.2,1.37,1.65,2.1,2.75,4.0,2.85,2.1,1.65,1.4,1.57,7.5,3.26,1.47,16.0,2.72,3.1,10.75,1.32,2.57,5.85,12.0,3.38,1.54,1.13,1.01,1.18,1.9,3.76,8.5,4.74,1.9,1.27,1.05,0,0,0,0,1,0,0,1,0,1,0,1633296600,20,0,51,31,24,0,22006,2,1,2,0,6,1,2,7,0,1,1,0,1,1,1,87,63,116,103,2.3,1.57,3.86,0,0,0,0,0,0,1,1,0,0,0,0,0,1,-1,-1,-1,-1,-1,-1,-1,-1,-1,16,20,47,59,92,40,51,72,32,8.63,3.48,5.48,2.52,/clubs/portland-timbers-20,teams/usa-portland-timbers.png,Portland Timbers,/clubs/club-internacional-de-futbol-miami-677446,teams/usa-club-internacional-de-futbol-miami.png,Inter Miami,2.1,1.06,2.0,1.25,1.59,1.23,85,81,53,41,9,84,80,65,1.66,0.85,2.51,/usa/portland-timbers-vs-club-internacional-de-futbol-miami-h2h-stats#1201754,5674,34,True,False,False,False,False,False,False,['83'],[]
MLS,2021,5674,1201755,8,6,2021,complete,65699,0,-1,"['16', '26', '57', '90']","['50', '76']",4,2,6,8,1,9,1,5,1,3,0,0,9,5,8,7,17,12,5,13,58,42,58,18,28051,,,1,3,1.48,4.8,6.1,1.02,1.17,1.57,2.45,3.8,19.0,4.5,2.37,1.55,1.22,1.68,2.13,0.0,0.0,0.0,0.0,1.13,1.22,2.59,2.08,2.64,5.69,1.85,2.94,5.2,0,0,1.15,1.32,1.56,1.94,2.52,4.75,3.1,2.27,1.77,1.46,1.36,8.5,4.5,1.43,13.0,3.1,2.9,13.0,1.29,2.43,5.35,11.0,3.64,1.56,1.16,1.03,1.17,1.81,3.44,7.0,5.1,2.0,1.31,1.08,0,0,0,0,6,2,0,2,2,4,2,1633291200,8,0,75,22,33,0,17867,2,1,7,0,1,1,7,2,0,2,1,1,2,2,1,42,41,114,71,2.01,1.4,3.41,1,0,1,0,0,0,1,1,0,0,1,0,0,0,-1,-1,-1,-1,-1,-1,-1,-1,-1,11,21,47,97,97,40,86,75,43,12.28,3.0,3.71,2.72,/clubs/sporting-kansas-city-8,teams/usa-sporting-kansas-city.png,Sporting KC,/clubs/houston-dynamo-6,teams/usa-houston-dynamo.png,Houston Dynamo,1.84,0.35,1.86,0.43,1.81,0.96,90,79,54,4,4,75,64,50,2.04,1.15,3.19,/usa/houston-dynamo-vs-sporting-kansas-city-h2h-stats#1201755,5674,34,True,True,True,True,True,True,True,"['16', '26', '57', '90']","['50', '76']"
MLS,2021,5674,1201756,1,1016,2021,complete,65699,0,-1,"['49', '55']",['48'],2,1,3,8,4,12,3,2,3,1,0,0,5,3,5,8,10,11,10,7,39,61,40,39282,40852,,,3,1,2.13,3.65,2.75,1.03,1.22,1.68,2.75,4.5,15.5,3.8,2.11,1.45,1.17,1.6,2.2,3.3,1.29,4.0,1.2,1.3,1.22,1.75,2.6,2.2,3.7,2.3,2.6,3.4,0,0,1.29,1.53,1.9,2.5,3.6,3.3,2.33,1.8,1.47,1.25,1.95,7.0,2.25,1.7,9.25,2.2,4.2,5.5,1.33,2.45,5.5,12.5,3.1,1.48,1.11,1.01,1.19,1.9,3.75,7.75,4.2,1.8,1.22,1.05,0,0,0,0,3,0,0,2,1,3,0,1633215600,1,0,66,31,42,0,-1,2,1,5,4,3,0,9,3,0,0,3,1,0,4,1,42,52,69,132,1.28,1.3,2.58,1,0,1,0,0,0,1,1,0,0,2,1,0,0,-1,-1,-1,-1,-1,-1,-1,-1,-1,19,35,58,73,89,35,58,85,50,9.3,3.15,4.85,2.92,/clubs/montreal-impact-1,teams/canada-montreal-impact.png,Montreal Impact,/clubs/atlanta-united-fc-1016,teams/usa-atlanta-united-fc.png,Atlanta United FC,1.82,1.06,1.85,0.92,1.37,1.44,81,66,42,27,12,54,46,31,1.63,1.26,2.89,/usa/montreal-impact-vs-atlanta-united-fc-h2h-stats#1201756,5674,34,True,True,True,False,False,False,True,"['49', '55']",['48']
MLS,2021,5674,1201757,8043,4,2021,complete,65699,0,-1,[],['73'],0,1,1,2,6,8,1,3,2,1,0,0,0,5,6,13,6,18,11,14,59,41,13841,41788,11574,,,2,1,2.8,3.4,2.2,1.04,1.25,1.8,3.0,5.0,13.75,3.6,2.0,1.4,1.13,1.62,2.2,3.6,1.25,3.3,1.29,1.55,1.3,1.45,3.42,2.34,3.13,2.86,2.61,2.65,0,0,1.26,1.5,1.86,2.4,3.3,3.5,2.4,1.84,1.5,1.29,2.25,7.0,1.95,2.05,10.0,1.95,4.75,4.33,1.37,2.76,5.75,13.0,3.03,1.45,1.1,1.01,1.2,1.95,3.8,8.0,4.0,1.75,1.22,1.05,0,0,0,0,1,0,0,0,1,1,0,1633217400,4,0,54,17,25,0,-1,2,1,1,4,1,2,5,3,0,0,2,1,0,3,1,48,59,114,126,0.74,1.92,2.66,0,0,0,0,0,0,1,1,0,0,0,0,0,0,-1,-1,-1,-1,-1,-1,-1,-1,-1,12,25,45,67,87,33,70,76,36,9.71,4.12,6.12,2.35,/clubs/fc-cincinnati-8043,teams/usa-fc-cincinnati.png,FC Cincinnati,/clubs/new-york-red-bulls-4,teams/usa-new-york-red-bulls.png,New York RB,0.47,1.0,0.73,0.85,0.77,1.19,88,76,56,34,13,55,38,25,1.49,1.54,3.03,/usa/new-york-red-bulls-vs-fc-cincinnati-h2h-stats#1201757,5674,34,True,False,False,False,False,False,False,[],['73']
MLS,2021,5674,1201758,17,13401,2021,complete,65699,0,-1,"['16', '90+7']",['6'],2,1,3,9,5,14,2,2,0,3,0,0,3,2,8,7,11,9,9,15,64,36,5016,21031,36107,,,0,3,2.1,3.52,2.9,1.04,1.22,1.74,2.9,4.75,14.5,3.8,2.02,1.4,1.15,1.63,2.26,3.2,1.3,4.0,1.2,1.34,1.29,1.72,2.82,2.38,3.89,2.36,2.64,3.25,0,0,1.25,1.48,1.83,2.37,3.2,3.6,2.47,1.87,1.51,1.3,1.7,7.0,2.7,1.78,12.0,2.2,3.8,5.5,1.36,2.73,5.5,12.5,3.36,1.5,1.11,1.01,1.21,1.98,4.04,8.0,4.44,1.83,1.24,1.06,0,0,0,0,3,1,1,1,0,1,2,1633217400,17,0,63,18,45,0,-1,2,1,4,2,5,3,6,8,0,1,0,2,1,2,1,52,44,112,93,1.29,1.03,2.32,0,0,0,0,0,0,1,1,0,1,0,0,0,0,-1,-1,-1,-1,-1,-1,-1,-1,-1,34,41,63,74,86,37,74,78,56,8.72,2.31,3.89,3.1,/clubs/orlando-city-sc-17,teams/usa-orlando-city-sc.png,Orlando City,/clubs/dc-united-13401,teams/usa-dc-united.png,DC United,1.82,0.76,1.92,0.71,1.44,1.48,67,60,38,26,15,48,34,26,1.45,1.37,2.82,/usa/orlando-city-sc-vs-dc-united-h2h-stats#1201758,5674,34,True,True,True,False,False,False,True,"['16', '90+7']",['6']
MLS,2021,5674,1201759,16,9,2021,complete,65699,0,-1,"['25', '46', '89']",[],3,0,3,2,8,10,0,1,3,1,1,0,7,4,3,9,10,13,18,14,36,64,13864,40182,13,,,4,1,1.72,4.0,4.6,1.04,1.22,1.73,3.1,4.75,14.25,3.8,2.08,1.38,1.15,1.82,2.0,0.0,0.0,0.0,0.0,1.17,1.26,2.36,2.25,2.42,5.49,1.98,2.73,5.05,0,0,1.25,1.41,1.72,2.2,2.95,3.6,2.7,2.0,1.6,1.35,1.42,8.0,4.02,1.48,11.0,3.0,2.9,10.5,1.36,2.77,6.55,13.0,3.28,1.47,1.11,1.01,1.22,2.02,4.2,9.5,4.3,1.79,1.23,1.04,0,0,0,0,3,1,0,2,0,2,1,1633291200,16,0,40,7,25,0,15578,2,1,1,2,1,6,3,7,1,0,3,1,1,4,1,38,52,85,111,1.4,1.48,2.88,0,1,0,0,0,1,1,1,0,0,0,0,0,0,-1,-1,-1,-1,-1,-1,-1,-1,-1,7,14,33,54,93,21,64,64,29,9.43,3.0,3.57,2.0,/clubs/philadelphia-union-16,teams/usa-philadelphia-union.png,Philadelphia Union,/clubs/columbus-crew-9,teams/usa-columbus-crew.png,Columbus Crew,2.0,0.82,1.93,0.71,1.5,1.26,93,86,68,47,7,61,57,43,1.61,1.04,2.65,/usa/columbus-crew-vs-philadelphia-union-h2h-stats#1201759,5674,34,True,True,True,False,False,False,False,"['25', '46', '89']",[]
MLS,2021,5674,1201760,13,1015,2021,complete,65699,0,-1,[],[],0,0,0,3,6,9,2,1,1,1,0,1,5,7,8,11,13,18,7,9,48,52,69,35590,5,,,1,3,2.1,3.6,2.85,1.03,1.2,1.65,2.7,4.33,15.75,4.0,2.16,1.47,1.18,1.57,2.25,3.3,1.29,4.33,1.18,1.36,1.29,1.7,2.78,2.44,3.78,2.34,2.68,3.22,0,0,1.2,1.38,1.65,2.1,2.77,4.1,2.8,2.1,1.65,1.39,1.7,7.0,2.7,1.78,12.0,2.2,4.0,5.75,1.3,2.57,5.5,10.5,3.2,1.55,1.11,1.02,1.17,1.8,3.5,7.0,4.4,1.9,1.26,1.07,0,0,0,0,0,0,0,0,0,0,0,1633219200,-1,0,62,31,19,0,17231,2,1,2,2,1,4,4,5,1,1,0,1,2,1,1,34,68,86,130,1.42,2.12,3.54,0,0,0,0,0,0,1,1,0,0,1,0,0,0,-1,-1,-1,-1,-1,-1,-1,-1,-1,8,42,50,85,96,46,85,81,35,9.85,2.46,4.84,2.81,/clubs/fc-dallas-13,teams/usa-fc-dallas.png,FC Dallas,/clubs/minnesota-united-fc-1015,teams/usa-minnesota-united-fc.png,Minnesota United,1.29,0.89,1.38,0.85,0.96,1.42,92,58,50,15,4,54,50,31,1.59,1.26,2.85,/usa/fc-dallas-vs-minnesota-united-fc-h2h-stats#1201760,5674,34,False,False,False,False,False,False,False,[],[]
MLS,2021,5674,1201761,5,15,2021,complete,65699,0,-1,"['26', '59', '73']",[],3,0,3,4,4,8,2,2,3,3,0,0,5,5,10,6,15,11,11,13,40,60,84,41087,41530,,,3,3,2.1,3.6,2.85,1.03,1.2,1.7,2.7,4.5,15.0,4.0,2.1,1.47,1.17,1.57,2.25,3.3,1.29,4.33,1.18,1.36,1.29,1.7,2.79,2.42,3.74,2.38,2.66,3.18,0,0,1.2,1.37,1.65,2.1,2.75,4.1,2.85,2.1,1.65,1.4,1.75,7.5,2.5,1.8,11.0,2.2,4.0,5.75,1.33,2.61,5.5,12.0,3.0,1.5,1.11,1.01,1.19,1.9,3.8,7.75,4.2,1.8,1.22,1.05,0,0,0,0,3,1,0,2,0,2,1,1633226400,5,0,58,16,27,0,-1,2,1,1,2,3,2,3,5,1,0,2,3,1,5,1,38,54,94,100,1.57,1.44,3.01,0,0,0,0,0,0,1,1,0,0,0,0,0,0,-1,-1,-1,-1,-1,-1,-1,-1,-1,12,23,50,70,92,20,66,77,58,11.23,3.23,4.08,2.54,/clubs/vancouver-whitecaps-fc-5,teams/canada-vancouver-whitecaps-fc.png,Vancouver Whitecaps,/clubs/san-jose-earthquakes-15,teams/usa-san-jose-earthquakes.png,SJ Earthquakes,1.94,1.24,1.77,1.38,1.31,1.22,89,77,50,31,8,66,54,43,1.32,1.4,2.72,/usa/vancouver-whitecaps-fc-vs-san-jose-earthquakes-h2h-stats#1201761,5674,34,True,True,True,False,False,False,False,"['26', '59', '73']",[]
MLS,2021,5674,1201762,19,7,2021,complete,65699,0,-1,"['44', '56', '70']",['16'],3,1,4,4,4,8,2,1,2,1,0,0,7,6,7,6,14,12,14,16,54,46,20,11435,2414,,,2,1,2.15,3.8,3.2,1.03,1.18,1.63,2.55,4.0,16.25,4.33,2.24,1.52,1.2,1.57,2.33,0.0,0.0,0.0,0.0,1.33,1.3,1.74,2.7,2.45,3.76,2.45,2.7,3.42,0,0,1.25,1.46,1.8,2.32,3.1,3.6,2.52,1.9,1.54,1.32,1.59,7.5,3.18,1.73,13.0,2.25,4.4,7.0,1.31,2.51,5.65,11.0,3.44,1.52,1.14,1.03,1.18,1.86,3.68,7.5,4.9,1.94,1.28,1.07,0,0,0,0,4,1,1,2,0,2,2,1633291200,19,0,54,17,38,0,-1,2,1,1,0,3,4,1,7,1,0,1,1,1,2,1,56,46,112,92,1.78,1.51,3.3,1,0,0,0,1,0,1,1,0,0,0,0,1,0,-1,-1,-1,-1,-1,-1,-1,-1,-1,17,29,42,84,100,38,75,71,50,9.59,3.25,4.42,2.75,/clubs/toronto-fc-19,teams/canada-toronto-fc.png,Toronto,/clubs/chicago-fire-7,teams/usa-chicago-fire.png,Chicago Fire,1.12,0.47,1.17,0.33,0.81,0.96,83,71,59,17,0,75,63,42,1.32,1.2,2.52,/usa/chicago-fire-vs-toronto-fc-h2h-stats#1201762,5674,34,True,True,True,True,False,False,True,"['44', '56', '70']",['16']
MLS,2021,5674,1201763,2,677447,2021,complete,65699,0,-1,[],[],0,0,0,3,2,5,1,0,2,0,0,0,4,0,8,8,12,8,17,14,59,41,42,762,40174,,,2,0,2.0,3.5,3.8,1.04,1.27,1.77,3.1,6.06,13.5,3.9,2.01,1.38,1.14,1.81,2.0,2.5,1.48,4.75,1.15,1.2,1.27,2.16,2.38,2.37,5.04,1.98,2.68,4.33,0,0,1.25,1.46,1.8,2.32,3.1,3.6,2.52,1.9,1.54,1.32,1.38,8.0,4.0,1.53,11.0,2.8,3.1,9.0,1.37,2.83,5.75,14.0,3.22,1.46,1.1,1.01,1.22,2.04,4.3,9.5,4.24,1.78,1.22,1.04,0,0,0,0,0,0,0,0,0,0,0,1633276800,-1,0,44,8,32,0,-1,2,1,3,0,0,2,3,2,0,0,2,0,0,2,1,57,28,131,75,1.46,0.71,2.18,0,0,0,0,0,0,1,1,0,0,1,0,0,0,-1,-1,-1,-1,-1,-1,-1,-1,-1,23,28,44,68,84,20,68,68,48,8.84,3.71,3.42,2.54,/clubs/new-york-city-fc-2,teams/usa-new-york-city-fc.png,New York City,/clubs/nashville-sc-mls-677447,teams/usa-nashville-sc-mls.png,Nashville SC,2.06,1.22,2.0,1.25,1.44,1.7,77,73,57,33,17,68,52,36,1.83,1.24,3.07,/usa/new-york-city-fc-vs-nashville-sc-mls-h2h-stats#1201763,5674,36,False,False,False,False,False,False,False,[],[]
MLS,2021,5674,1201764,10,6490,2021,complete,65699,0,-1,['19'],['11'],1,1,2,4,5,9,2,3,3,2,0,0,1,7,9,8,10,15,12,16,64,36,7,2,211,,,3,2,2.45,3.65,2.5,1.01,1.13,1.45,2.35,3.6,11.5,5.0,2.55,1.52,1.25,1.45,2.69,0.0,0.0,0.0,0.0,1.52,1.27,1.55,3.02,2.57,3.13,2.73,2.86,2.78,0,0,1.2,1.36,1.63,2.03,2.7,4.1,2.9,2.13,1.7,1.41,1.96,7.5,2.35,1.91,13.0,2.0,6.0,6.0,1.26,2.26,4.8,10.0,3.84,1.68,1.18,1.04,1.14,1.71,3.15,6.0,5.65,2.14,1.36,1.11,0,0,0,0,2,1,1,0,0,0,2,1633305600,-1,0,66,27,27,0,25174,2,1,1,4,3,1,5,4,3,2,0,0,5,0,1,40,62,132,103,1.01,1.88,2.89,0,0,0,0,0,0,1,1,0,0,1,0,1,0,-1,-1,-1,-1,-1,-1,-1,-1,-1,8,12,54,85,100,31,66,96,46,10.23,3.16,3.0,2.58,/clubs/la-galaxy-10,teams/usa-la-galaxy.png,LA Galaxy,/clubs/los-angeles-fc-6490,teams/usa-los-angeles-fc.png,Los Angeles FC,1.71,0.88,1.77,0.77,1.41,1.22,93,89,46,15,0,66,54,46,1.67,1.6,3.27,/usa/la-galaxy-vs-los-angeles-fc-h2h-stats#1201764,5674,34,True,True,False,False,False,False,True,['19'],['11']
MLS,2021,5674,1201765,18,12,2021,complete,65699,0,-1,"['2', '22', '45+1']",[],3,0,3,1,8,9,0,2,0,4,0,1,7,4,4,7,11,11,5,15,50,50,11,25,11434,,,0,6,2.0,3.35,3.65,1.04,1.25,1.9,2.9,4.75,13.5,3.6,1.8,1.42,1.15,1.66,2.16,0.0,0.0,0.0,0.0,1.31,1.31,1.76,2.72,2.36,4.02,2.45,2.59,3.62,0,0,1.22,1.41,1.72,2.2,2.95,3.8,2.7,2.0,1.6,1.35,1.72,7.5,2.77,1.73,10.0,2.38,4.0,6.75,1.36,2.73,6.55,12.5,3.32,1.49,1.11,1.01,1.22,2.01,4.2,9.5,4.3,1.8,1.23,1.04,0,0,0,0,3,3,0,0,0,0,3,1633312800,18,0,44,13,24,0,31425,2,1,1,4,0,4,5,4,0,1,0,4,1,4,1,25,48,93,113,1.37,1.33,2.71,0,0,0,0,0,0,1,1,1,0,0,0,0,0,-1,-1,-1,-1,-1,-1,-1,-1,-1,0,24,44,72,92,33,61,72,44,10.25,2.77,3.62,2.32,/clubs/seattle-sounders-fc-18,teams/usa-seattle-sounders-fc.png,Seattle Sounders,/clubs/colorado-rapids-12,teams/usa-colorado-rapids.png,Colorado Rapids,1.67,1.59,1.69,1.75,1.96,1.85,100,76,56,28,8,72,56,36,1.61,1.39,3.0,/usa/colorado-rapids-vs-seattle-sounders-fc-h2h-stats#1201765,5674,35,True,True,True,False,False,False,False,"['2', '22', '45+1']",[]
MLS,2021,5674,1201766,1,16,2021,complete,65699,0,-1,"['33', '90+5']","['63', '77']",2,2,4,9,2,11,0,1,2,0,0,0,4,3,8,2,12,5,11,14,64,36,84,39282,40182,,,2,0,2.22,3.4,3.17,1.04,1.28,1.84,3.0,6.0,12.0,3.6,1.9,1.38,1.12,1.7,2.05,3.0,1.33,3.8,1.22,1.35,1.26,1.6,2.9,2.05,3.6,2.55,2.45,3.25,0,0,1.25,1.47,1.85,2.38,3.25,3.7,2.55,1.95,1.54,1.3,1.58,7.5,2.88,1.8,8.0,2.15,3.7,5.5,1.4,2.65,6.5,14.5,2.75,1.42,1.08,1.01,1.22,2.05,4.2,8.75,3.8,1.7,1.19,1.04,0,0,0,0,4,1,0,1,2,3,1,1634403600,-1,0,67,30,45,0,-1,2,1,6,0,3,2,6,5,1,0,1,0,1,1,1,56,26,142,92,1.46,0.73,2.19,0,0,0,0,0,0,1,1,0,0,3,0,0,0,-1,-1,-1,-1,-1,-1,-1,-1,-1,15,30,55,74,89,30,56,71,60,10.44,3.88,4.91,2.84,/clubs/montreal-impact-1,teams/canada-montreal-impact.png,Montreal Impact,/clubs/philadelphia-union-16,teams/usa-philadelphia-union.png,Philadelphia Union,1.82,1.06,1.93,1.15,1.43,1.61,86,71,45,26,11,64,53,42,1.61,1.52,3.13,/usa/montreal-impact-vs-philadelphia-union-h2h-stats#1201766,5674,34,True,True,True,True,False,False,True,"['33', '90+5']","['63', '77']"
MLS,2021,5674,1201767,6490,15,2021,complete,65699,0,-1,"['3', '28', '88']",['61'],3,1,4,3,3,6,1,1,3,3,0,0,6,6,5,10,11,16,19,12,37,63,35,211,41530,,,3,3,1.53,4.2,5.2,1.02,1.2,1.58,2.65,4.33,15.0,4.5,2.28,1.47,1.2,1.65,2.1,2.38,1.53,5.75,1.1,1.14,1.18,2.3,2.1,2.25,5.25,1.87,2.75,4.75,0,0,1.22,1.42,1.68,2.23,3.0,4.0,2.75,2.1,1.61,1.35,1.44,8.5,3.0,1.45,9.5,2.8,2.62,9.5,1.3,2.35,5.25,10.5,3.2,1.53,1.13,1.02,1.17,1.8,3.4,7.0,4.5,1.91,1.28,1.07,0,0,0,0,4,2,0,1,1,2,2,1634412600,6490,0,72,25,40,0,22003,2,1,1,0,1,3,1,4,0,2,3,1,2,4,1,57,32,89,90,1.53,1.66,3.19,1,0,1,0,0,0,1,1,1,0,1,0,0,0,-1,-1,-1,-1,-1,-1,-1,-1,-1,18,32,61,90,97,36,75,90,61,11.08,3.14,4.07,3.07,/clubs/los-angeles-fc-6490,teams/usa-los-angeles-fc.png,Los Angeles FC,/clubs/san-jose-earthquakes-15,teams/usa-san-jose-earthquakes.png,SJ Earthquakes,1.76,1.24,1.64,1.29,1.21,1.18,83,68,40,11,4,61,47,36,1.95,1.4,3.35,/usa/san-jose-earthquakes-vs-los-angeles-fc-h2h-stats#1201767,5674,34,True,True,True,True,False,False,True,"['3', '28', '88']",['61']
MLS,2021,5674,1201768,9,677446,2021,complete,65699,0,-1,"['39', '44', '64', '83']",[],4,0,4,5,3,8,1,2,1,5,0,0,5,1,10,5,15,6,15,11,53,47,69,13,28121,,,1,5,1.77,3.6,4.2,1.04,1.25,1.82,2.8,6.0,12.0,3.75,1.98,1.42,1.12,1.72,2.0,2.6,1.44,4.75,1.15,1.2,1.22,1.95,2.35,2.15,4.5,2.1,2.55,4.1,0,0,1.3,1.55,1.98,2.6,3.6,3.35,2.38,1.83,1.46,1.27,1.38,8.0,3.7,1.57,8.5,2.55,3.0,8.0,1.36,2.6,6.0,13.5,2.9,1.44,1.09,1.01,1.22,2.0,4.0,8.5,3.9,1.72,1.2,1.04,0,0,0,0,4,2,0,2,0,2,2,1634421600,9,0,49,12,34,0,-1,2,1,4,3,1,0,7,1,0,1,1,4,1,5,1,54,39,118,105,1.69,0.75,2.44,0,0,0,0,0,0,1,1,0,0,0,2,0,0,-1,-1,-1,-1,-1,-1,-1,-1,-1,15,23,46,57,86,30,57,71,38,8.15,3.99,4.63,2.29,/clubs/columbus-crew-9,teams/usa-columbus-crew.png,Columbus Crew,/clubs/club-internacional-de-futbol-miami-677446,teams/usa-club-internacional-de-futbol-miami.png,Inter Miami,1.94,1.06,1.85,1.07,1.21,1.14,85,78,55,43,15,66,51,44,1.53,0.91,2.44,/usa/columbus-crew-vs-club-internacional-de-futbol-miami-h2h-stats#1201768,5674,34,True,True,True,True,False,False,False,"['39', '44', '64', '83']",[]
MLS,2021,5674,1201769,11,7,2021,complete,65699,0,-1,"['47', '76']","['49', '88']",2,2,4,10,6,16,4,0,1,2,0,0,3,4,14,11,17,15,8,11,59,41,13893,21032,2414,,,1,2,1.4,4.6,5.8,1.01,1.14,1.45,2.2,3.6,12.5,5.5,2.55,1.62,1.28,1.6,2.2,2.4,1.5,7.0,1.07,1.12,1.12,2.65,1.9,2.5,5.5,1.7,3.0,5.25,0,0,1.17,1.3,1.56,1.98,2.55,4.8,3.25,2.33,1.83,1.47,1.2,10.0,5.5,1.4,12.5,2.9,2.62,12.0,1.25,2.1,4.4,9.25,3.6,1.65,1.17,1.03,1.13,1.65,2.95,6.0,5.25,2.1,1.35,1.1,0,0,0,0,4,0,0,2,2,4,0,1634425200,-1,0,59,30,30,0,-1,2,1,3,4,7,2,7,9,0,0,1,2,0,3,1,75,54,112,84,1.82,1.61,3.44,0,0,0,0,0,0,1,1,0,0,0,0,0,0,-1,-1,-1,-1,-1,-1,-1,-1,-1,22,34,55,78,97,56,74,67,45,10.08,2.44,4.15,2.88,/clubs/new-england-revolution-11,teams/usa-new-england-revolution.png,New England Revolution,/clubs/chicago-fire-7,teams/usa-chicago-fire.png,Chicago Fire,2.22,0.47,2.5,0.31,2.24,0.93,78,67,46,22,4,63,56,41,1.75,1.23,2.98,/usa/chicago-fire-vs-new-england-revolution-h2h-stats#1201769,5674,34,True,True,True,True,False,False,True,"['47', '76']","['49', '88']"
MLS,2021,5674,1201770,8043,17,2021,complete,65699,0,-1,[],['13'],0,1,1,4,6,10,1,2,2,2,0,0,5,7,5,11,10,18,14,14,52,48,24,41788,21031,,,2,2,2.7,3.25,2.37,1.04,1.22,1.66,2.9,5.0,13.0,4.2,2.12,1.4,1.16,1.57,2.25,3.8,1.22,3.6,1.25,1.57,1.25,1.4,3.4,2.15,2.85,3.1,2.55,2.55,0,0,1.23,1.5,1.85,2.25,3.1,3.72,2.4,1.95,1.57,1.32,2.29,7.8,1.96,2.05,9.0,1.83,5.0,4.4,1.34,2.4,5.5,12.0,3.0,1.5,1.11,1.01,1.19,1.87,3.6,7.75,4.2,1.83,1.25,1.05,0,0,0,0,1,0,1,0,0,0,1,1634427000,17,0,63,18,30,0,22488,2,1,2,5,2,1,7,3,0,0,2,2,0,4,1,65,39,126,101,1.46,1.91,3.37,0,0,0,0,0,0,1,1,0,0,0,1,0,0,-1,-1,-1,-1,-1,-1,-1,-1,-1,11,26,48,78,93,26,70,86,37,8.38,3.36,5.86,2.54,/clubs/fc-cincinnati-8043,teams/usa-fc-cincinnati.png,FC Cincinnati,/clubs/orlando-city-sc-17,teams/usa-orlando-city-sc.png,Orlando City,0.47,1.11,0.62,1.0,0.71,1.5,89,75,53,23,8,52,38,30,1.48,1.26,2.74,/usa/orlando-city-sc-vs-fc-cincinnati-h2h-stats#1201770,5674,34,True,False,False,False,False,False,False,[],['13']
MLS,2021,5674,1201771,13401,677447,2021,complete,65699,0,-1,[],[],0,0,0,5,4,9,2,1,2,2,0,0,4,2,7,5,11,7,13,23,53,47,31,36107,40174,,,2,2,1.94,3.4,3.45,1.04,1.26,1.86,2.8,5.25,8.5,3.5,1.94,1.42,1.13,1.7,2.05,2.8,1.38,4.0,1.2,1.26,1.25,1.78,2.55,2.15,4.0,2.25,2.5,3.7,0,0,1.3,1.55,1.98,2.6,3.6,3.35,2.38,1.83,1.46,1.27,1.48,7.5,3.25,1.67,8.5,2.35,3.4,6.5,1.36,2.6,6.0,13.5,2.9,1.44,1.09,1.01,1.22,2.0,4.0,8.5,3.9,1.72,1.2,1.04,0,0,0,0,0,0,0,0,0,0,0,1634427000,-1,0,46,23,23,0,18034,2,1,2,1,3,3,3,6,1,0,1,2,1,3,1,42,43,112,94,1.29,0.9,2.19,0,0,0,0,0,0,1,1,0,0,0,0,0,0,-1,-1,-1,-1,-1,-1,-1,-1,-1,12,23,47,58,81,35,69,54,31,9.31,3.38,3.0,2.39,/clubs/dc-united-13401,teams/usa-dc-united.png,DC United,/clubs/nashville-sc-mls-677447,teams/usa-nashville-sc-mls.png,Nashville SC,2.0,1.22,2.31,1.23,1.43,1.68,89,77,54,42,19,58,46,31,1.79,1.2,2.99,/usa/dc-united-vs-nashville-sc-mls-h2h-stats#1201771,5674,34,False,False,False,False,False,False,False,[],[]
MLS,2021,5674,1201772,19,1016,2021,complete,65699,0,-1,[],"['45+2', '90+7']",0,2,2,4,0,4,2,0,2,2,1,1,4,8,11,9,15,17,16,13,54,46,13841,11435,40852,,,4,4,2.16,3.4,2.9,1.02,1.2,1.58,2.65,4.75,15.0,4.5,2.25,1.47,1.18,1.55,2.3,3.3,1.29,4.33,1.18,1.36,1.22,1.65,2.7,2.25,3.4,2.45,2.65,3.1,0,0,1.3,1.56,2.0,2.63,3.65,3.3,2.33,1.8,1.45,1.26,1.58,7.0,2.88,1.75,9.5,2.1,4.0,5.8,1.3,2.35,5.25,11.5,3.2,1.53,1.12,1.01,1.18,1.85,3.6,7.25,4.33,1.87,1.25,1.06,0,0,0,0,2,0,1,0,1,1,1,1634427000,1016,0,74,26,48,0,-1,2,1,2,0,2,0,2,2,1,1,2,2,2,4,1,53,36,119,91,1.62,1.89,3.51,0,0,0,0,0,0,1,1,0,0,0,0,0,0,-1,-1,-1,-1,-1,-1,-1,-1,-1,15,34,56,86,97,34,67,93,56,9.45,3.79,4.73,2.86,/clubs/toronto-fc-19,teams/canada-toronto-fc.png,Toronto,/clubs/atlanta-united-fc-1016,teams/usa-atlanta-united-fc.png,Atlanta United FC,1.12,1.06,1.31,0.86,0.89,1.39,86,67,45,15,4,71,60,41,1.36,1.27,2.63,/usa/toronto-fc-vs-atlanta-united-fc-h2h-stats#1201772,5674,34,True,True,False,False,False,False,False,[],"['45+2', '90+7']"
MLS,2021,5674,1201773,6,18,2021,complete,65699,0,-1,"['14', '20']",['41'],2,1,3,5,7,12,1,0,2,2,0,0,3,3,10,9,13,12,13,12,42,58,20,28051,25,,,2,2,2.31,3.2,2.85,1.05,1.3,1.9,3.0,6.0,11.0,3.5,1.95,1.38,1.12,1.75,2.0,3.2,1.3,3.6,1.25,1.42,1.26,1.5,3.0,2.2,3.5,2.63,2.5,3.0,0,0,1.17,1.3,1.57,1.98,2.4,4.8,3.25,2.25,1.83,1.5,1.63,7.5,2.7,1.8,8.25,2.2,4.2,4.75,1.4,2.75,8.0,21.0,2.75,1.4,1.08,1.02,1.22,2.0,4.0,8.5,3.9,1.72,1.2,1.04,0,0,0,0,3,2,1,0,0,0,3,1634430600,6,0,63,18,34,0,-1,2,1,2,5,3,2,7,5,0,0,2,2,0,4,1,50,58,84,141,1.39,1.4,2.79,0,0,0,0,0,0,1,1,0,0,0,3,0,0,-1,-1,-1,-1,-1,-1,-1,-1,-1,8,22,52,71,93,40,63,82,41,9.2,3.9,3.19,2.56,/clubs/houston-dynamo-6,teams/usa-houston-dynamo.png,Houston Dynamo,/clubs/seattle-sounders-fc-18,teams/usa-seattle-sounders-fc.png,Seattle Sounders,1.41,1.82,1.5,2.23,0.93,2.04,93,78,49,30,7,70,66,59,1.67,1.16,2.83,/usa/houston-dynamo-vs-seattle-sounders-fc-h2h-stats#1201773,5674,34,True,True,True,False,False,False,True,"['14', '20']",['41']
MLS,2021,5674,1201774,698284,1015,2021,complete,65699,0,-1,[],['16'],0,1,1,8,2,10,3,0,1,3,0,0,9,1,11,10,20,11,10,8,66,34,13942,2339,5,,,1,3,2.34,3.35,2.65,1.01,1.22,1.58,2.65,4.8,11.0,4.1,2.25,1.47,1.14,1.67,2.1,3.4,1.29,3.8,1.22,1.45,1.22,1.53,3.0,2.2,3.4,2.63,2.6,3.0,0,0,1.2,1.4,1.73,2.25,3.0,4.0,2.75,2.0,1.57,1.33,1.64,7.5,2.7,1.8,9.5,2.1,4.0,5.0,1.36,2.63,7.0,19.0,3.0,1.44,1.1,1.02,1.2,1.91,4.0,11.0,4.33,1.8,1.22,1.05,0,0,0,0,1,0,1,0,0,0,1,1634432400,1015,0,57,29,22,0,-1,2,1,2,2,6,0,4,6,1,0,0,3,1,3,1,67,28,141,92,2.38,0.98,3.36,0,0,0,0,0,0,1,1,0,0,1,0,0,0,-1,-1,-1,-1,-1,-1,-1,-1,-1,18,40,54,75,90,40,75,75,43,10.92,2.35,4.07,2.93,/clubs/austin-fc-698284,teams/usa-austin-fc.png,Austin,/clubs/minnesota-united-fc-1015,teams/usa-minnesota-united-fc.png,Minnesota United,1.35,0.89,1.21,0.86,0.89,1.36,82,61,47,25,11,61,54,39,1.68,1.33,3.01,/usa/minnesota-united-fc-vs-austin-fc-h2h-stats#1201774,5674,34,True,False,False,False,False,False,False,[],['16']
MLS,2021,5674,1201775,14,12,2021,complete,65699,0,-1,"['13', '56', '90+6']",['73'],3,1,4,1,8,9,3,1,2,3,0,0,4,4,5,8,9,12,11,7,49,51,39,8,11434,,,2,3,2.45,3.35,2.55,1.03,1.25,1.72,2.9,5.5,13.0,3.75,2.04,1.4,1.14,1.62,2.2,3.4,1.29,3.6,1.25,1.34,1.22,1.67,3.0,2.25,3.25,2.63,2.55,2.88,0,0,1.22,1.44,1.73,2.1,2.7,4.0,2.6,2.0,1.65,1.4,1.71,7.5,2.55,1.8,9.0,2.05,4.4,5.0,1.33,2.63,7.0,19.0,3.25,1.44,1.1,1.02,1.2,1.95,3.9,8.25,4.0,1.75,1.22,1.04,0,0,0,0,4,1,0,2,1,3,1,1634434200,14,0,57,21,22,0,-1,2,1,0,5,1,3,5,4,0,2,2,1,2,3,1,42,44,96,120,1.16,1.37,2.53,0,0,0,0,0,0,1,1,0,0,0,1,0,0,-1,-1,-1,-1,-1,-1,-1,-1,-1,4,29,57,71,93,40,79,75,36,10.0,3.07,4.22,2.54,/clubs/real-salt-lake-14,teams/usa-real-salt-lake.png,Real Salt Lake,/clubs/colorado-rapids-12,teams/usa-colorado-rapids.png,Colorado Rapids,1.82,1.59,2.0,1.71,1.39,1.82,97,71,43,29,7,72,57,40,1.48,1.45,2.93,/usa/colorado-rapids-vs-real-salt-lake-h2h-stats#1201775,5674,35,True,True,True,True,False,False,True,"['13', '56', '90+6']",['73']
MLS,2021,5674,1201776,10,20,2021,complete,65699,0,-1,"['62', '90+2']",['72'],2,1,3,4,1,5,1,3,3,2,0,0,8,7,11,4,19,11,16,10,61,39,13864,2,7206,,,3,2,2.04,3.7,3.3,1.02,1.15,1.5,2.23,3.75,12.0,5.5,2.4,1.6,1.25,1.5,2.5,3.3,1.29,5.5,1.11,1.28,1.2,1.83,2.4,2.5,3.75,2.1,2.8,3.5,0,0,1.22,1.44,1.73,2.1,2.7,4.0,2.6,2.0,1.65,1.4,1.38,8.0,3.75,1.57,10.5,2.4,3.8,7.5,1.25,2.2,5.0,15.0,3.75,1.62,1.17,1.03,1.14,1.7,3.1,6.25,5.0,2.05,1.33,1.09,0,0,0,0,3,0,0,2,1,3,0,1634437800,10,0,64,25,22,0,-1,2,1,3,0,1,1,3,2,1,1,2,1,2,3,1,68,26,135,74,2.25,1.38,3.63,1,0,1,0,0,0,1,1,0,0,0,0,0,0,-1,-1,-1,-1,-1,-1,-1,-1,-1,18,29,54,86,100,47,75,93,47,8.15,2.86,3.71,2.86,/clubs/la-galaxy-10,teams/usa-la-galaxy.png,LA Galaxy,/clubs/portland-timbers-20,teams/usa-portland-timbers.png,Portland Timbers,1.71,1.28,1.71,1.21,1.39,1.64,83,72,47,14,0,64,54,47,1.62,1.12,2.74,/usa/la-galaxy-vs-portland-timbers-h2h-stats#1201776,5674,34,True,True,True,False,False,False,True,"['62', '90+2']",['72']
MLS,2021,5674,1201777,4,2,2021,complete,65699,0,-1,['3'],[],1,0,1,5,3,8,2,2,2,2,0,0,2,2,8,6,10,8,19,13,37,63,57,11574,762,,,2,2,2.35,3.5,2.98,1.07,1.33,1.91,3.25,6.5,9.5,3.25,1.9,1.33,1.1,1.75,2.0,3.2,1.3,3.3,1.29,1.44,1.28,1.45,3.1,2.1,3.4,2.75,2.35,3.0,0,0,1.27,1.5,1.9,2.45,3.4,3.55,2.48,1.9,1.5,1.29,1.72,7.0,2.55,1.83,7.25,2.1,4.0,4.5,1.4,3.0,8.0,23.0,2.75,1.36,1.08,1.01,1.26,2.15,4.6,9.5,3.5,1.62,1.16,1.03,0,0,0,0,1,1,0,0,0,0,1,1634490000,4,0,61,22,29,0,-1,2,1,2,1,3,2,3,5,2,1,0,1,3,1,1,42,48,112,122,1.09,1.01,2.1,0,0,0,0,0,0,1,1,1,0,0,0,0,0,-1,-1,-1,-1,-1,-1,-1,-1,-1,4,11,39,79,93,29,68,72,40,8.86,3.29,5.14,2.25,/clubs/new-york-red-bulls-4,teams/usa-new-york-red-bulls.png,New York RB,/clubs/new-york-city-fc-2,teams/usa-new-york-city-fc.png,New York City,1.76,1.1,1.64,0.93,1.32,1.43,97,90,61,22,7,54,33,29,1.58,1.6,3.18,/usa/new-york-city-fc-vs-new-york-red-bulls-h2h-stats#1201777,5674,35,True,False,False,False,False,False,False,['3'],[]
MLS,2021,5674,1201778,5,8,2021,complete,65699,0,-1,"['23', '36']",['43'],2,1,3,3,7,10,0,0,2,3,0,0,3,3,5,7,8,10,13,18,36,64,44,41087,18,,,2,3,2.7,3.55,2.4,1.04,1.22,1.63,2.65,5.0,13.0,4.2,2.14,1.47,1.16,1.57,2.25,3.6,1.25,3.8,1.22,1.5,1.22,1.48,3.1,2.3,3.1,2.75,2.6,2.75,0,0,1.22,1.42,1.74,2.23,3.0,4.0,2.75,2.02,1.61,1.35,1.71,7.5,2.55,2.05,9.25,1.8,4.75,5.0,1.33,2.5,6.5,17.0,3.25,1.5,1.11,1.03,1.18,1.87,3.6,7.5,4.25,1.83,1.25,1.06,0,0,0,0,3,2,1,0,0,0,3,1634522400,5,0,49,15,26,0,10990,2,1,3,2,0,5,5,5,0,1,2,2,1,4,1,26,53,92,102,0.92,1.23,2.15,0,0,0,0,0,0,1,1,0,0,0,1,0,0,-1,-1,-1,-1,-1,-1,-1,-1,-1,8,34,60,71,89,23,63,78,63,10.98,2.94,3.64,2.6,/clubs/vancouver-whitecaps-fc-5,teams/canada-vancouver-whitecaps-fc.png,Vancouver Whitecaps,/clubs/sporting-kansas-city-8,teams/usa-sporting-kansas-city.png,Sporting KC,1.94,1.53,1.86,1.77,1.32,1.86,93,67,41,30,11,67,45,34,1.34,1.24,2.58,/usa/vancouver-whitecaps-fc-vs-sporting-kansas-city-h2h-stats#1201778,5674,35,True,True,True,False,False,False,True,"['23', '36']",['43']
MLS,2021,5674,1201779,1016,2,2021,complete,65699,0,-1,['17'],['90'],1,1,2,5,1,6,1,0,2,2,0,0,7,4,7,9,14,13,14,18,54,46,69,40852,762,,,2,2,2.6,3.3,2.62,1.03,1.22,1.65,2.65,5.0,13.0,4.0,2.1,1.47,1.16,1.6,2.3,3.6,1.25,3.6,1.25,1.5,1.25,1.52,2.96,2.3,3.05,2.85,2.6,2.9,0,0,1.27,1.5,1.93,2.56,3.34,3.4,2.56,1.89,1.5,1.28,1.95,7.0,2.25,2.05,12.0,2.1,5.25,5.5,1.33,2.55,5.95,19.0,3.1,1.46,1.1,1.04,1.19,1.94,3.95,8.95,4.25,1.79,1.21,1.04,0,0,0,0,2,1,0,0,1,1,1,1634772600,-1,0,48,14,28,0,-1,2,1,2,1,3,0,3,3,0,1,2,1,1,3,1,34,39,121,100,1.63,1.39,3.02,0,0,0,0,0,0,1,1,0,0,0,1,0,0,-1,-1,-1,-1,-1,-1,-1,-1,-1,4,25,48,65,93,27,62,80,38,10.52,3.19,4.56,2.35,/clubs/atlanta-united-fc-1016,teams/usa-atlanta-united-fc.png,Atlanta United FC,/clubs/new-york-city-fc-2,teams/usa-new-york-city-fc.png,New York City,1.88,1.1,1.93,0.87,1.45,1.38,97,76,52,35,7,42,35,32,1.7,1.56,3.26,/usa/new-york-city-fc-vs-atlanta-united-fc-h2h-stats#1201779,5674,35,True,True,False,False,False,False,True,['17'],['90']
MLS,2021,5674,1201780,677446,19,2021,complete,65699,0,-1,"['10', '45', '61']",[],3,0,3,7,6,13,1,4,2,0,0,0,8,5,10,4,18,9,7,5,50,50,57,28121,11435,,,2,0,2.0,3.4,3.6,1.04,1.26,1.75,3.1,5.6,12.75,3.75,1.95,1.36,1.13,1.69,2.05,2.88,1.36,4.33,1.18,1.3,1.29,1.75,2.56,2.16,3.9,2.28,2.59,3.5,0,0,1.28,1.48,1.91,2.53,3.48,3.34,2.46,1.9,1.45,1.26,1.53,7.0,3.25,1.69,12.75,2.28,3.6,6.75,1.37,2.64,6.0,21.0,2.87,1.43,1.1,1.04,1.24,2.08,4.4,9.5,4.04,1.75,1.21,1.04,0,0,0,0,3,2,0,1,0,1,2,1634772600,677446,0,62,10,45,0,-1,2,1,5,5,2,1,10,3,1,0,1,0,1,1,1,30,48,103,119,1.92,1.28,3.2,0,0,0,0,0,0,1,1,1,0,0,0,0,0,-1,-1,-1,-1,-1,-1,-1,-1,-1,28,42,66,87,97,45,83,80,59,8.81,3.78,3.67,3.35,/clubs/club-internacional-de-futbol-miami-677446,teams/usa-club-internacional-de-futbol-miami.png,Inter Miami,/clubs/toronto-fc-19,teams/canada-toronto-fc.png,Toronto,1.35,0.53,1.21,0.53,1.1,0.86,72,59,35,14,4,49,35,21,1.28,1.11,2.39,/usa/toronto-fc-vs-club-internacional-de-futbol-miami-h2h-stats#1201780,5674,34,True,True,True,False,False,False,False,"['10', '45', '61']",[]
MLS,2021,5674,1201781,8043,7,2021,complete,65699,0,-1,"['28', '36', '90+1']","['14', '17', '71', '90+3']",3,4,7,5,7,12,3,0,3,3,0,0,7,10,11,4,18,14,16,12,41,59,13889,41788,2414,,,3,3,2.4,3.4,2.75,1.03,1.22,1.65,2.8,5.0,13.0,4.2,2.1,1.42,1.16,1.57,2.3,3.4,1.29,3.8,1.22,1.5,1.25,1.52,3.1,2.25,3.2,2.85,2.6,2.9,0,0,1.24,1.48,1.81,2.2,3.14,3.64,2.5,2.0,1.6,1.31,1.85,7.0,2.4,1.93,14.75,1.91,5.0,5.25,1.3,2.5,5.95,17.0,3.2,1.47,1.1,1.04,1.17,1.9,3.7,8.45,4.45,1.83,1.24,1.04,0,0,0,0,7,2,2,1,2,3,4,1634772600,7,0,43,18,25,0,-1,2,1,3,4,2,3,7,5,1,1,2,2,2,4,1,32,43,92,145,1.86,1.91,3.77,0,0,0,0,0,0,1,1,0,0,1,0,0,0,-1,-1,-1,-1,-1,-1,-1,-1,-1,11,25,36,68,93,36,64,68,36,8.58,3.0,5.0,2.36,/clubs/fc-cincinnati-8043,teams/usa-fc-cincinnati.png,FC Cincinnati,/clubs/chicago-fire-7,teams/usa-chicago-fire.png,Chicago Fire,0.47,0.47,0.57,0.36,0.69,0.93,90,75,64,32,7,61,54,36,1.48,1.26,2.74,/usa/chicago-fire-vs-fc-cincinnati-h2h-stats#1201781,5674,34,True,True,True,True,True,True,True,"['28', '36', '90+1']","['14', '17', '71', '90+3']"
MLS,2021,5674,1201782,17,1,2021,complete,65699,0,-1,['45'],['51'],1,1,2,7,3,10,2,1,2,1,0,0,3,2,12,4,15,6,9,10,53,47,69,21031,39282,,,2,1,1.83,3.6,4.0,1.03,1.2,1.62,2.5,4.5,16.25,4.47,2.15,1.53,1.19,1.59,2.22,3.0,1.33,5.0,1.13,1.27,1.27,1.84,2.3,2.31,4.13,2.08,2.74,3.78,0,0,1.25,1.47,1.88,2.49,3.2,3.55,2.63,1.93,1.52,1.3,1.5,7.5,3.3,1.59,16.25,2.39,3.7,8.25,1.3,2.37,5.15,12.0,3.2,1.52,1.13,1.03,1.17,1.9,3.7,8.45,4.45,1.83,1.24,1.04,0,0,0,0,2,1,0,0,1,1,1,1634772600,-1,0,57,18,36,0,-1,2,1,5,1,2,2,6,4,1,0,1,1,1,2,1,36,44,117,101,1.43,0.85,2.28,0,0,0,0,0,0,1,1,0,0,2,0,0,0,-1,-1,-1,-1,-1,-1,-1,-1,-1,18,22,50,71,90,36,68,79,50,8.21,2.86,3.43,2.58,/clubs/orlando-city-sc-17,teams/usa-orlando-city-sc.png,Orlando City,/clubs/montreal-impact-1,teams/canada-montreal-impact.png,Montreal Impact,1.82,0.88,2.0,0.93,1.55,1.41,82,79,50,29,11,57,36,29,1.44,1.21,2.65,/usa/montreal-impact-vs-orlando-city-sc-h2h-stats#1201782,5674,34,True,True,False,False,False,False,True,['45'],['51']
MLS,2021,5674,1201783,13401,11,2021,complete,65699,0,-1,"['51', '90+3']","['61', '64', '79']",2,3,5,5,7,12,2,1,1,1,0,0,3,8,15,10,18,18,10,11,45,55,20,36107,21032,,,1,1,2.05,3.7,3.2,1.03,1.18,1.57,2.5,4.23,17.75,4.72,2.25,1.53,1.21,1.51,2.39,3.3,1.29,4.75,1.15,1.38,1.26,1.65,2.54,2.31,3.52,2.3,2.75,3.2,0,0,1.19,1.34,1.68,2.07,2.74,4.5,2.98,2.16,1.75,1.43,1.67,8.3,2.82,1.71,17.75,2.14,4.5,7.25,1.29,2.31,4.97,12.0,3.28,1.55,1.14,1.03,1.18,1.85,3.64,7.0,4.94,1.95,1.29,1.08,0,0,0,0,5,0,0,2,3,5,0,1634772600,11,0,55,35,24,0,-1,2,1,4,2,1,5,6,6,1,1,0,0,2,0,1,60,45,113,131,1.78,2.03,3.81,0,0,0,0,0,0,1,1,0,0,1,0,0,0,-1,-1,-1,-1,-1,-1,-1,-1,-1,24,38,59,69,97,45,87,65,31,11.63,3.34,3.31,3.0,/clubs/dc-united-13401,teams/usa-dc-united.png,DC United,/clubs/new-england-revolution-11,teams/usa-new-england-revolution.png,New England Revolution,2.0,2.0,2.21,2.0,1.41,2.2,77,62,42,32,4,76,62,55,1.75,1.54,3.29,/usa/new-england-revolution-vs-dc-united-h2h-stats#1201783,5674,34,True,True,True,True,True,False,True,"['51', '90+3']","['61', '64', '79']"
MLS,2021,5674,1201784,13,6490,2021,complete,65699,0,-1,"['10', '45']","['33', '75', '79']",2,3,5,4,5,9,3,1,2,2,0,0,3,5,7,6,10,11,17,10,57,43,11,35590,211,,,2,2,2.75,3.4,2.4,1.06,1.27,1.7,2.8,4.85,11.0,3.9,2.0,1.44,1.2,1.62,2.24,3.6,1.25,3.6,1.25,1.53,1.3,1.49,3.24,2.27,3.06,2.96,2.64,2.79,0,0,1.2,1.36,1.63,2.11,2.5,4.25,2.89,2.2,1.7,1.48,1.88,7.5,2.3,2.1,11.0,2.05,5.5,5.25,1.35,2.65,6.3,13.0,3.2,1.52,1.12,1.02,1.21,1.97,4.04,8.0,4.44,1.83,1.24,1.06,0,0,0,0,5,2,1,0,2,2,3,1634774400,6490,0,61,29,21,0,12532,2,1,2,2,2,3,4,5,0,0,2,2,0,4,1,55,50,86,118,1.24,1.42,2.66,0,1,0,1,0,0,1,1,1,0,0,1,0,0,-1,-1,-1,-1,-1,-1,-1,-1,-1,4,18,47,83,93,36,68,83,40,10.43,2.72,4.14,2.43,/clubs/fc-dallas-13,teams/usa-fc-dallas.png,FC Dallas,/clubs/los-angeles-fc-6490,teams/usa-los-angeles-fc.png,Los Angeles FC,1.29,0.88,1.36,0.79,0.97,1.28,97,82,54,18,7,72,57,47,1.58,1.62,3.2,/usa/fc-dallas-vs-los-angeles-fc-h2h-stats#1201784,5674,34,True,True,True,True,True,False,True,"['10', '45']","['33', '75', '79']"
MLS,2021,5674,1201785,1015,16,2021,complete,65699,0,-1,"['41', '63', '67']","['45', '54']",3,2,5,5,5,10,1,2,1,3,1,0,3,5,8,12,11,17,11,11,42,58,3,5,40182,,,3,3,1.95,3.6,3.6,1.03,1.25,1.7,3.1,6.0,13.0,3.75,2.0,1.36,1.12,1.75,2.05,2.88,1.36,4.33,1.18,1.22,1.22,2.0,2.4,2.3,4.5,2.2,2.65,4.0,0,0,1.18,1.35,1.66,2.04,2.5,4.6,2.93,2.16,1.76,1.48,1.7,7.0,2.7,1.59,12.75,2.49,3.25,7.5,1.33,2.65,6.45,21.0,3.1,1.43,1.09,1.03,1.2,2.04,4.25,9.95,4.1,1.71,1.19,1.03,0,0,0,0,5,1,1,2,1,3,2,1634774400,1015,0,50,18,29,0,-1,2,1,2,2,3,3,4,6,0,1,2,2,1,4,1,66,56,94,102,1.38,1.83,3.21,0,0,0,0,0,0,1,1,0,0,1,0,0,1,-1,-1,-1,-1,-1,-1,-1,-1,-1,4,22,43,68,93,33,68,64,43,11.43,3.78,3.64,2.32,/clubs/minnesota-united-fc-1015,teams/usa-minnesota-united-fc.png,Minnesota United,/clubs/philadelphia-union-16,teams/usa-philadelphia-union.png,Philadelphia Union,1.94,1.06,1.86,1.14,1.41,1.59,97,79,57,32,7,75,64,57,1.8,1.46,3.26,/usa/philadelphia-union-vs-minnesota-united-fc-h2h-stats#1201785,5674,35,True,True,True,True,True,False,True,"['41', '63', '67']","['45', '54']"
MLS,2021,5674,1201786,6,10,2021,complete,65699,0,-1,[],"['39', '45+1', '47']",0,3,3,7,3,10,4,0,1,3,0,0,8,7,16,4,24,11,11,11,47,53,13812,28051,2,,,1,3,2.15,3.5,3.1,1.02,1.2,1.6,2.7,4.75,19.0,4.5,2.2,1.47,1.17,1.57,2.35,3.3,1.29,4.33,1.18,1.36,1.2,1.78,2.55,2.45,3.6,2.4,2.7,3.4,0,0,1.16,1.31,1.61,1.97,2.46,4.9,3.14,2.3,1.84,1.53,1.67,7.0,2.8,1.69,16.0,2.2,3.8,7.0,1.26,2.39,5.45,17.0,3.5,1.52,1.12,1.05,1.17,1.89,3.7,8.45,4.45,1.84,1.24,1.04,0,0,0,0,3,0,2,0,1,1,2,1634776200,10,0,62,21,35,0,13798,2,1,3,2,4,1,5,5,1,2,0,1,3,1,1,56,48,111,102,2.47,1.54,4.01,0,1,0,1,0,0,1,1,0,0,1,2,0,1,-1,-1,-1,-1,-1,-1,-1,-1,-1,11,32,70,87,94,48,72,80,56,11.47,3.56,3.03,2.95,/clubs/houston-dynamo-6,teams/usa-houston-dynamo.png,Houston Dynamo,/clubs/la-galaxy-10,teams/usa-la-galaxy.png,LA Galaxy,1.41,1.12,1.6,1.07,1.0,1.45,90,69,31,14,7,76,69,58,1.65,1.27,2.92,/usa/houston-dynamo-vs-la-galaxy-h2h-stats#1201786,5674,34,True,True,True,False,False,False,False,[],"['39', '45+1', '47']"
MLS,2021,5674,1201787,677447,9,2021,complete,65699,0,-1,['77'],['75'],1,1,2,8,8,16,3,2,2,1,0,0,4,6,6,3,10,9,12,11,51,49,58,40174,13,,,2,1,1.6,3.75,5.5,1.01,1.24,1.8,3.0,5.05,10.5,3.88,1.9,1.38,1.12,1.75,1.97,2.25,1.57,5.0,1.13,1.18,1.25,2.16,2.24,2.34,5.05,1.93,2.7,4.52,0,0,1.26,1.56,1.91,2.38,3.34,3.48,2.44,1.93,1.58,1.28,1.43,7.5,3.75,1.5,14.0,2.71,2.9,10.0,1.35,2.62,6.4,19.0,3.2,1.49,1.12,1.03,1.19,1.94,3.95,8.95,4.25,1.79,1.21,1.04,0,0,0,0,2,0,0,1,1,2,0,1634776200,-1,0,50,14,30,0,18381,2,1,4,5,4,3,9,7,0,0,2,1,0,3,1,0,0,0,0,1.34,1.29,2.62,0,0,0,0,0,0,1,1,0,0,0,0,0,0,-1,-1,-1,-1,-1,-1,-1,-1,-1,17,37,47,64,90,34,74,74,43,9.6,3.6,3.33,2.64,/clubs/nashville-sc-mls-677447,teams/usa-nashville-sc-mls.png,Nashville SC,/clubs/columbus-crew-9,teams/usa-columbus-crew.png,Columbus Crew,2.0,0.82,2.07,0.67,1.66,1.28,84,64,54,37,10,70,53,40,1.86,1.07,2.93,/usa/columbus-crew-vs-nashville-sc-mls-h2h-stats#1201787,5674,34,True,True,False,False,False,False,True,['77'],['75']
MLS,2021,5674,1201788,12,18,2021,complete,65699,0,-1,['66'],['81'],1,1,2,6,0,6,2,2,0,2,0,0,1,5,14,5,15,10,12,7,53,47,36,11434,25,,,0,2,2.05,3.5,3.4,1.02,1.2,1.85,2.7,4.75,15.0,4.33,1.85,1.47,1.18,1.55,2.35,2.9,1.36,4.0,1.2,1.36,1.25,1.72,2.75,2.3,3.6,2.45,2.7,3.3,0,0,1.22,1.44,1.75,2.1,2.63,3.82,2.6,2.05,1.65,1.43,1.6,7.0,3.0,1.73,15.75,2.13,4.25,6.75,1.29,2.4,5.45,15.0,3.3,1.51,1.12,1.04,1.16,1.85,3.7,7.9,4.65,1.87,1.24,1.05,0,0,0,0,2,0,0,1,1,2,0,1634778000,-1,0,61,18,25,0,9316,2,1,1,0,5,0,1,5,0,0,0,2,0,2,1,46,27,107,85,1.35,1.18,2.54,0,0,0,0,0,0,1,1,0,0,0,0,0,0,-1,-1,-1,-1,-1,-1,-1,-1,-1,7,18,47,75,93,29,61,79,40,8.28,3.07,3.85,2.5,/clubs/colorado-rapids-12,teams/usa-colorado-rapids.png,Colorado Rapids,/clubs/seattle-sounders-fc-18,teams/usa-seattle-sounders-fc.png,Seattle Sounders,1.89,1.82,1.93,2.07,1.76,1.97,93,83,54,25,7,57,47,32,1.57,1.18,2.75,/usa/colorado-rapids-vs-seattle-sounders-fc-h2h-stats#1201788,5674,35,True,True,False,False,False,False,True,['66'],['81']
MLS,2021,5674,1201789,20,5,2021,complete,65699,0,-1,"['15', '42']","['63', '75', '82']",2,3,5,7,5,12,0,1,1,1,0,0,2,4,10,7,12,11,14,10,49,51,5016,7206,41087,,,1,1,1.75,4.2,4.2,1.04,1.25,1.82,3.2,6.0,12.0,3.75,1.96,1.36,1.12,1.85,1.9,2.4,1.5,5.25,1.13,1.16,1.2,2.25,2.25,2.3,5.0,2.0,2.7,4.75,0,0,1.17,1.32,1.62,1.98,2.48,4.8,3.1,2.27,1.83,1.53,1.6,7.0,3.0,1.5,10.25,3.35,2.7,9.25,1.34,2.7,6.45,21.0,3.0,1.41,1.09,1.03,1.21,2.04,4.25,9.95,3.95,1.71,1.19,1.03,0,0,0,0,5,2,0,0,3,3,2,1634781600,5,0,71,43,25,0,16722,2,1,4,1,3,4,5,7,0,0,1,1,0,2,1,50,68,100,117,1.26,1.47,2.74,0,1,0,1,0,0,1,1,0,0,3,0,0,0,-1,-1,-1,-1,-1,-1,-1,-1,-1,14,36,68,79,93,50,72,79,40,9.14,2.36,4.14,3.08,/clubs/portland-timbers-20,teams/usa-portland-timbers.png,Portland Timbers,/clubs/vancouver-whitecaps-fc-5,teams/canada-vancouver-whitecaps-fc.png,Vancouver Whitecaps,2.1,0.89,2.07,0.79,1.59,1.38,86,64,33,21,7,86,79,61,1.7,1.19,2.89,/usa/vancouver-whitecaps-fc-vs-portland-timbers-h2h-stats#1201789,5674,35,True,True,True,True,True,False,True,"['15', '42']","['63', '75', '82']"
MLS,2021,5674,1201790,15,698284,2021,complete,65699,0,-1,"['47', '53', '59', '85']",[],4,0,4,10,8,18,1,0,2,2,0,0,9,4,11,12,20,16,12,8,55,45,13967,41530,2339,,,2,2,2.05,3.75,3.5,1.02,1.2,1.7,2.85,4.75,17.0,4.33,2.11,1.42,1.17,1.6,2.3,3.0,1.33,4.75,1.15,1.33,1.2,1.87,2.55,2.4,3.75,2.35,2.7,3.5,0,0,1.12,1.25,1.58,1.81,2.2,5.2,3.55,2.35,2.01,1.68,1.65,7.5,2.75,1.67,15.5,2.24,3.75,6.5,1.28,2.4,5.45,17.0,3.4,1.51,1.12,1.01,1.17,1.89,3.7,8.45,4.45,1.84,1.24,1.04,0,0,0,0,4,0,0,4,0,4,0,1634783400,15,0,47,22,15,0,12035,2,1,6,3,4,5,9,9,1,2,1,0,3,1,1,55,39,66,90,2.27,1.57,3.85,0,0,0,0,0,0,1,1,0,0,2,1,0,0,-1,-1,-1,-1,-1,-1,-1,-1,-1,7,25,43,75,93,32,83,64,40,10.43,2.36,4.57,2.5,/clubs/san-jose-earthquakes-15,teams/usa-san-jose-earthquakes.png,SJ Earthquakes,/clubs/austin-fc-698284,teams/usa-austin-fc.png,Austin,1.18,0.47,1.07,0.57,1.14,0.86,93,75,57,25,7,79,58,36,1.44,1.3,2.74,/usa/san-jose-earthquakes-vs-austin-fc-h2h-stats#1201790,5674,34,True,True,True,True,False,False,False,"['47', '53', '59', '85']",[]
MLS,2021,5674,1201791,677446,8043,2021,complete,65699,0,-1,"['6', '53', '69', '74', '85']",['21'],5,1,6,5,4,9,4,0,1,1,0,1,8,7,9,9,17,16,8,9,51,49,36,28121,41788,,,1,3,1.95,3.66,3.84,1.05,1.27,1.88,3.08,5.75,12.25,3.67,1.98,1.36,1.13,1.72,2.0,2.6,1.44,4.33,1.18,1.27,1.29,1.82,2.46,2.16,4.15,2.2,2.58,3.73,0,0,1.26,1.51,1.95,2.46,3.34,3.48,2.49,1.85,1.52,1.28,1.43,7.5,3.75,1.64,12.25,2.39,3.45,7.25,1.37,2.68,6.1,21.0,2.84,1.42,1.09,1.02,1.25,2.12,4.64,9.5,3.94,1.72,1.2,1.04,0,0,0,0,6,1,1,4,0,4,2,1635033600,677446,0,57,17,44,0,-1,2,1,5,0,0,4,5,4,0,1,1,1,1,2,1,39,36,85,97,1.91,1.76,3.68,0,0,0,0,0,0,1,1,1,0,0,0,0,0,-1,-1,-1,-1,-1,-1,-1,-1,-1,34,47,73,90,97,57,80,87,57,9.14,3.47,4.07,3.6,/clubs/club-internacional-de-futbol-miami-677446,teams/usa-club-internacional-de-futbol-miami.png,Inter Miami,/clubs/fc-cincinnati-8043,teams/usa-fc-cincinnati.png,FC Cincinnati,1.35,0.71,1.33,0.8,1.17,0.67,67,54,27,10,4,60,43,40,1.32,1.19,2.51,/usa/fc-cincinnati-vs-club-internacional-de-futbol-miami-h2h-stats#1201791,5674,34,True,True,True,True,True,True,True,"['6', '53', '69', '74', '85']",['21']
MLS,2021,5674,1201792,19,1,2021,complete,65699,0,-1,['90+5'],['55'],1,1,2,6,4,10,1,3,4,1,0,0,9,1,7,7,16,8,11,11,53,47,3,11435,39282,,,4,1,2.23,3.72,3.04,1.01,1.23,1.67,2.78,4.94,11.0,3.98,2.1,1.42,1.13,1.53,2.38,3.5,1.27,4.0,1.22,1.42,1.28,1.58,3.0,2.3,3.2,2.63,2.6,2.88,0,0,1.31,1.58,2.05,2.67,3.64,3.14,2.32,1.71,1.45,1.24,1.83,7.5,2.25,1.8,16.0,2.05,4.95,6.0,1.33,2.5,6.0,17.0,3.25,1.5,1.13,1.03,1.17,1.8,3.5,9.0,5.0,1.91,1.29,1.07,0,0,0,0,2,0,0,1,1,2,0,1635031800,-1,0,66,17,35,0,-1,2,1,2,3,4,1,5,5,1,0,3,1,1,4,1,95,27,149,119,2.33,0.79,3.12,0,0,0,0,0,0,1,1,0,0,0,0,1,0,-1,-1,-1,-1,-1,-1,-1,-1,-1,11,25,45,83,97,28,73,87,52,8.88,3.54,4.36,2.63,/clubs/toronto-fc-19,teams/canada-toronto-fc.png,Toronto,/clubs/montreal-impact-1,teams/canada-montreal-impact.png,Montreal Impact,1.12,0.88,1.21,0.93,0.83,1.4,90,76,55,17,4,69,45,28,1.38,1.18,2.56,/usa/montreal-impact-vs-toronto-fc-h2h-stats#1201792,5674,34,True,True,False,False,False,False,True,['90+5'],['55']
MLS,2021,5674,1201793,10,13,2021,complete,65699,0,-1,"['65', '83']","['30', '41']",2,2,4,4,5,9,3,2,3,5,0,0,6,6,7,5,13,11,9,19,59,41,27,2,35590,,,3,5,1.77,4.14,4.2,1.02,1.17,1.57,2.25,3.8,21.0,4.5,2.25,1.58,1.22,1.57,2.25,2.87,1.37,6.0,1.11,1.28,1.26,1.84,2.1,2.4,4.75,1.95,2.7,4.1,0,0,1.24,1.46,1.84,2.4,3.26,3.85,2.52,1.92,1.57,1.32,1.5,7.5,3.3,1.53,13.0,2.7,3.45,10.5,1.29,2.25,4.75,11.0,3.4,1.57,1.15,1.03,1.16,2.0,3.38,7.0,5.25,1.8,1.32,1.09,0,0,0,0,4,0,2,2,0,2,2,1635040800,-1,0,67,27,47,0,-1,2,1,1,4,3,1,5,4,1,0,2,5,1,7,1,56,25,118,73,1.65,1.3,2.95,1,0,1,0,0,0,1,1,0,0,0,0,1,0,-1,-1,-1,-1,-1,-1,-1,-1,-1,20,34,57,84,100,40,70,93,57,9.4,3.6,3.87,3.07,/clubs/la-galaxy-10,teams/usa-la-galaxy.png,LA Galaxy,/clubs/fc-dallas-13,teams/usa-fc-dallas.png,FC Dallas,1.71,0.65,1.8,0.6,1.5,0.93,80,67,44,17,0,53,40,23,1.66,1.34,3.0,/usa/la-galaxy-vs-fc-dallas-h2h-stats#1201793,5674,34,True,True,True,True,False,False,True,"['65', '83']","['30', '41']"
MLS,2021,5674,1201794,9,4,2021,complete,65699,0,-1,['18'],"['7', '87']",1,2,3,6,5,11,0,2,0,2,0,0,2,5,3,10,5,15,8,14,52,48,57,10695,11574,,,0,2,2.4,3.52,2.89,1.05,1.27,1.93,3.2,5.7,12.25,3.7,1.93,1.35,1.13,1.66,2.1,3.2,1.3,3.6,1.25,1.39,1.32,1.55,2.96,2.21,3.56,2.58,2.54,3.05,0,0,1.3,1.57,2.0,2.6,3.54,3.2,2.34,1.8,1.47,1.25,1.88,7.8,2.41,1.84,12.25,2.07,4.3,5.75,1.37,2.67,6.05,21.0,2.84,1.42,1.09,1.02,1.23,2.08,4.4,9.5,4.2,1.75,1.21,1.04,0,0,0,0,3,1,1,0,1,1,2,1635026400,4,0,64,18,40,0,-1,2,1,3,4,3,1,7,4,0,1,0,1,1,1,1,36,67,104,110,0.73,1.78,2.52,0,1,0,0,0,1,1,1,0,1,0,1,0,0,-1,-1,-1,-1,-1,-1,-1,-1,-1,18,36,68,75,90,43,79,75,57,9.85,3.79,4.42,2.89,/clubs/columbus-crew-9,teams/usa-columbus-crew.png,Columbus Crew,/clubs/new-york-red-bulls-4,teams/usa-new-york-red-bulls.png,New York RB,1.94,1.0,1.93,1.0,1.27,1.38,83,64,32,25,11,47,29,21,1.54,1.57,3.11,/usa/new-york-red-bulls-vs-columbus-crew-h2h-stats#1201794,5674,34,True,True,True,False,False,False,True,['18'],"['7', '87']"
MLS,2021,5674,1201795,17,11,2021,complete,65699,0,-1,"['39', '50']","['81', '90+3']",2,2,4,5,8,13,1,0,1,1,0,0,3,3,13,10,16,13,8,11,59,41,11,21031,21032,,,1,1,2.47,3.68,2.62,1.03,1.2,1.62,2.7,4.65,16.0,4.35,2.2,1.45,1.18,1.54,2.31,3.7,1.25,3.9,1.23,1.46,1.29,1.52,2.94,2.25,3.08,2.65,2.68,2.79,0,0,1.16,1.31,1.59,1.99,2.57,4.9,3.14,2.3,1.82,1.48,2.05,8.0,2.16,1.88,16.0,1.95,4.95,5.5,1.32,2.41,5.3,17.0,3.13,1.5,1.12,1.04,1.17,1.87,3.7,8.45,4.45,1.85,1.24,1.04,0,0,0,0,4,1,0,1,2,3,1,1635118200,-1,0,62,26,39,0,-1,2,1,3,2,2,6,5,8,0,0,1,1,0,2,1,78,39,98,98,1.78,1.32,3.1,1,0,1,0,0,0,1,1,0,0,0,0,0,0,-1,-1,-1,-1,-1,-1,-1,-1,-1,33,39,58,77,94,39,77,81,43,10.86,2.59,2.96,3.02,/clubs/orlando-city-sc-17,teams/usa-orlando-city-sc.png,Orlando City,/clubs/new-england-revolution-11,teams/usa-new-england-revolution.png,New England Revolution,1.82,2.0,1.93,2.06,1.53,2.23,68,62,43,23,7,71,61,51,1.44,1.57,3.01,/usa/new-england-revolution-vs-orlando-city-sc-h2h-stats#1201795,5674,35,True,True,True,True,False,False,True,"['39', '50']","['81', '90+3']"
MLS,2021,5674,1201796,2,13401,2021,complete,65699,0,-1,"['1', '7', '11', '44', '52', '74']",[],6,0,6,7,4,11,5,1,1,2,0,0,13,3,8,6,21,9,14,17,64,36,12,762,36107,,,1,2,1.69,3.98,4.94,1.04,1.26,1.8,3.1,5.5,13.5,3.77,1.91,1.38,1.14,1.82,1.89,2.25,1.57,4.75,1.15,1.18,1.24,2.22,2.15,2.23,5.1,1.9,2.7,4.67,0,0,1.24,1.47,1.9,2.34,3.14,3.64,2.6,1.9,1.57,1.31,1.45,7.5,3.6,1.49,13.5,2.78,2.8,10.25,1.36,2.62,5.95,19.0,2.92,1.43,1.1,1.03,1.23,2.08,4.4,9.5,4.2,1.75,1.21,1.04,0,0,0,0,6,4,0,2,0,2,4,1635031800,2,0,58,17,35,0,-1,2,1,2,3,6,1,5,7,1,1,0,1,2,1,1,52,32,119,78,2.61,1.02,3.63,0,0,0,0,0,0,1,1,2,0,1,0,0,1,-1,-1,-1,-1,-1,-1,-1,-1,-1,35,42,62,76,90,31,80,76,55,9.39,3.36,4.47,3.17,/clubs/new-york-city-fc-2,teams/usa-new-york-city-fc.png,New York City,/clubs/dc-united-13401,teams/usa-dc-united.png,DC United,2.06,0.76,1.93,0.67,1.37,1.37,66,59,39,25,10,62,45,39,1.8,1.35,3.15,/usa/new-york-city-fc-vs-dc-united-h2h-stats#1201796,5674,34,True,True,True,True,True,True,False,"['1', '7', '11', '44', '52', '74']",[]
MLS,2021,5674,1201797,16,677447,2021,complete,65699,0,-1,['18'],[],1,0,1,0,3,3,4,2,3,3,0,0,1,1,13,7,14,8,8,16,50,50,7,40182,40174,,,3,3,2.05,3.56,3.6,1.05,1.3,1.93,3.22,6.15,11.25,3.4,1.93,1.33,1.11,1.73,2.0,2.63,1.43,3.8,1.22,1.3,1.32,1.69,2.63,2.12,3.88,2.36,2.5,3.48,0,0,1.2,1.41,1.88,2.18,2.89,4.04,2.82,1.93,1.65,1.36,1.62,7.5,2.88,1.72,11.25,2.28,3.75,6.75,1.39,2.75,6.3,17.0,2.76,1.39,1.09,1.02,1.24,2.09,4.45,9.95,3.7,1.67,1.17,1.03,0,0,0,0,1,1,0,0,0,0,1,1635031800,16,0,38,7,28,0,-1,2,1,0,0,0,3,0,3,1,1,2,2,2,4,1,52,60,131,124,1.34,1.02,2.36,1,0,1,0,0,0,1,1,0,0,0,0,0,0,-1,-1,-1,-1,-1,-1,-1,-1,-1,4,11,35,59,79,17,58,59,31,9.46,2.74,3.49,1.89,/clubs/philadelphia-union-16,teams/usa-philadelphia-union.png,Philadelphia Union,/clubs/nashville-sc-mls-677447,teams/usa-nashville-sc-mls.png,Nashville SC,2.0,1.22,2.0,1.21,1.53,1.63,97,90,66,42,22,62,52,31,1.6,1.18,2.78,/usa/philadelphia-union-vs-nashville-sc-mls-h2h-stats#1201797,5674,36,True,False,False,False,False,False,False,['18'],[]
MLS,2021,5674,1201798,1015,6490,2021,complete,65699,0,-1,['65'],['32'],1,1,2,8,4,12,4,2,3,2,0,0,6,4,11,3,17,7,5,9,70,30,12,5,211,,,3,2,2.61,3.52,2.62,1.03,1.2,1.62,2.85,4.58,15.75,4.4,2.2,1.42,1.19,1.53,2.34,3.3,1.29,3.4,1.29,1.49,1.29,1.49,3.0,2.25,3.0,2.72,2.67,2.72,0,0,1.2,1.39,1.85,2.21,2.94,4.25,2.76,1.95,1.67,1.38,1.88,7.5,2.3,1.91,15.75,1.91,4.33,4.5,1.31,2.4,5.25,13.0,3.15,1.51,1.12,1.02,1.2,2.07,4.6,11.5,4.1,1.68,1.17,1.03,0,0,0,0,2,0,1,1,0,1,1,1635033600,-1,0,50,23,17,0,-1,2,1,3,3,5,1,6,6,1,0,2,2,1,4,1,101,37,155,70,2.23,0.99,3.22,0,0,0,0,0,0,1,1,0,0,1,0,0,0,-1,-1,-1,-1,-1,-1,-1,-1,-1,7,14,47,74,97,37,70,77,37,11.34,2.93,2.93,2.37,/clubs/minnesota-united-fc-1015,teams/usa-minnesota-united-fc.png,Minnesota United,/clubs/los-angeles-fc-6490,teams/usa-los-angeles-fc.png,Los Angeles FC,1.94,0.88,1.93,0.93,1.47,1.33,93,87,54,27,4,77,60,50,1.77,1.61,3.38,/usa/minnesota-united-fc-vs-los-angeles-fc-h2h-stats#1201798,5674,34,True,True,False,False,False,False,True,['65'],['32']
MLS,2021,5674,1201799,7,14,2021,complete,65699,0,-1,['45'],[],1,0,1,3,5,8,0,1,4,0,0,0,9,5,16,11,25,16,10,13,48,52,13812,2414,8,,,4,0,2.08,3.74,3.36,1.04,1.23,1.67,2.9,5.05,14.75,4.05,2.1,1.42,1.16,1.65,2.12,3.0,1.35,4.6,1.17,1.28,1.27,1.85,2.42,2.23,4.03,2.16,2.68,3.65,0,0,1.17,1.31,1.59,2.0,2.6,4.7,3.14,2.3,1.8,1.47,1.7,7.0,2.7,1.63,14.75,2.34,3.55,7.5,1.34,2.51,5.6,19.0,3.02,1.47,1.11,1.03,1.19,1.94,3.95,8.95,4.25,1.79,1.21,1.04,0,0,0,0,1,1,0,0,0,0,1,1635033600,7,0,62,34,41,0,-1,2,1,1,0,2,5,1,7,1,0,3,0,1,3,1,43,55,146,138,2.52,1.77,4.29,0,0,0,0,0,0,1,1,0,0,0,0,0,0,-1,-1,-1,-1,-1,-1,-1,-1,-1,25,41,68,75,91,44,61,87,58,11.18,3.24,4.56,3.15,/clubs/chicago-fire-7,teams/usa-chicago-fire.png,Chicago Fire,/clubs/real-salt-lake-14,teams/usa-real-salt-lake.png,Real Salt Lake,1.53,1.05,1.44,0.79,1.0,1.45,76,60,32,26,10,77,64,60,1.78,1.46,3.24,/usa/chicago-fire-vs-real-salt-lake-h2h-stats#1201799,5674,34,True,False,False,False,False,False,False,['45'],[]
MLS,2021,5674,1201800,12,20,2021,complete,65699,0,-1,"['45+2', '63']",[],2,0,2,4,3,7,2,2,1,2,0,0,4,5,7,3,11,8,12,13,44,56,15,11434,7206,,,1,2,1.8,3.94,4.24,1.04,1.23,1.67,2.9,5.05,14.75,4.05,2.1,1.42,1.16,1.68,2.06,2.63,1.43,4.75,1.15,1.23,1.25,2.0,2.27,2.25,4.42,2.03,2.71,4.03,0,0,1.25,1.48,1.87,2.39,3.2,3.54,2.57,1.93,1.55,1.3,1.38,8.0,4.0,1.56,14.75,2.5,3.3,8.5,1.33,2.51,5.6,19.0,3.03,1.47,1.11,1.03,1.2,1.94,3.94,9.5,4.54,1.86,1.25,1.04,0,0,0,0,2,1,0,1,0,1,1,1635037200,12,0,60,13,20,0,-1,2,1,2,2,2,1,4,3,0,0,1,2,0,3,1,45,25,104,109,1.31,1.05,2.36,0,0,0,0,0,0,1,1,0,0,1,1,0,0,-1,-1,-1,-1,-1,-1,-1,-1,-1,14,27,50,87,94,37,67,83,50,8.0,2.66,4.13,2.7,/clubs/colorado-rapids-12,teams/usa-colorado-rapids.png,Colorado Rapids,/clubs/portland-timbers-20,teams/usa-portland-timbers.png,Portland Timbers,1.89,1.28,1.87,1.13,1.73,1.53,87,74,50,13,7,60,50,33,1.55,1.14,2.69,/usa/colorado-rapids-vs-portland-timbers-h2h-stats#1201800,5674,35,True,True,False,False,False,False,False,"['45+2', '63']",[]
MLS,2021,5674,1201801,18,8,2021,complete,65699,0,-1,['58'],"['4', '79']",1,2,3,3,3,6,2,0,5,3,0,0,7,3,9,4,16,7,16,18,49,51,31,25,18,,,5,3,1.96,3.68,3.76,1.05,1.27,2.0,3.07,5.75,12.5,3.67,1.9,1.36,1.13,1.71,2.01,2.7,1.4,4.33,1.18,1.28,1.29,1.79,2.51,2.15,4.03,2.24,2.58,3.63,0,0,1.19,1.36,1.69,2.15,2.86,4.4,2.88,2.12,1.7,1.4,1.88,7.5,2.3,1.67,12.5,2.34,3.5,7.0,1.37,2.68,6.1,23.0,2.84,1.42,1.09,1.02,1.24,2.11,4.4,9.5,4.04,1.73,1.21,1.04,0,0,0,0,3,0,1,1,1,2,1,1635017400,8,0,49,18,28,0,32139,2,1,0,3,3,0,3,3,1,0,4,3,1,7,1,63,24,127,100,1.96,0.84,2.8,0,0,0,0,0,0,1,1,0,1,0,0,0,0,-1,-1,-1,-1,-1,-1,-1,-1,-1,7,35,56,80,90,35,59,72,59,11.0,1.87,3.54,2.66,/clubs/seattle-sounders-fc-18,teams/usa-seattle-sounders-fc.png,Seattle Sounders,/clubs/sporting-kansas-city-8,teams/usa-sporting-kansas-city.png,Sporting KC,1.67,1.53,1.87,1.64,1.93,1.79,93,65,45,21,11,72,52,42,1.65,1.24,2.89,/usa/sporting-kansas-city-vs-seattle-sounders-fc-h2h-stats#1201801,5674,35,True,True,True,False,False,False,True,['58'],"['4', '79']"
MLS,2021,5674,1201802,15,5,2021,complete,65699,0,-1,['60'],['53'],1,1,2,5,2,7,1,0,1,0,0,0,3,2,12,4,15,6,11,8,64,36,42,41530,41087,,,1,0,2.12,3.7,3.28,1.04,1.23,1.67,2.85,5.05,14.5,4.07,2.1,1.42,1.16,1.61,2.18,3.2,1.3,4.33,1.18,1.34,1.29,1.69,2.62,2.21,3.62,2.35,2.65,3.27,0,0,1.17,1.32,1.61,2.02,2.64,4.7,3.1,2.26,1.79,1.46,1.55,7.5,3.1,1.73,14.5,2.17,4.15,6.5,1.34,2.51,5.6,19.0,3.02,1.47,1.11,1.03,1.2,1.94,3.94,9.5,4.6,1.86,1.25,1.04,0,0,0,0,2,0,0,1,1,2,0,1635040800,-1,0,67,34,24,0,-1,2,1,3,1,2,1,4,3,1,0,0,0,1,0,1,75,35,97,113,1.69,0.79,2.49,0,0,0,0,0,0,1,1,0,0,2,1,0,0,-1,-1,-1,-1,-1,-1,-1,-1,-1,13,47,60,80,90,47,80,74,40,10.07,2.07,4.54,2.97,/clubs/san-jose-earthquakes-15,teams/usa-san-jose-earthquakes.png,SJ Earthquakes,/clubs/vancouver-whitecaps-fc-5,teams/canada-vancouver-whitecaps-fc.png,Vancouver Whitecaps,1.18,0.89,1.2,0.93,1.2,1.43,87,53,40,20,10,74,60,47,1.49,1.21,2.7,/usa/vancouver-whitecaps-fc-vs-san-jose-earthquakes-h2h-stats#1201802,5674,34,True,True,False,False,False,False,True,['60'],['53']
MLS,2021,5674,1201803,698284,6,2021,complete,65699,0,-1,"['7', '45+4']",['90+2'],2,1,3,10,10,20,1,0,3,2,0,0,7,7,14,9,21,16,9,12,48,52,13841,2339,28051,,,3,2,2.16,3.7,3.08,1.02,1.15,1.62,2.4,3.77,20.0,5.25,2.2,1.53,1.26,1.44,2.6,3.6,1.26,4.8,1.16,1.38,1.28,1.63,2.66,2.42,3.56,2.39,2.79,3.0,0,0,1.17,1.36,1.6,2.08,2.74,4.5,2.88,2.21,1.66,1.4,1.56,8.6,3.14,1.75,20.0,2.04,5.0,7.0,1.28,2.28,5.15,11.0,3.68,1.63,1.17,1.03,1.12,1.67,3.05,6.45,5.4,2.09,1.33,1.09,0,0,0,0,3,2,0,0,1,1,2,1635109200,698284,0,63,30,30,0,-1,2,1,5,3,5,7,8,12,1,1,2,1,2,3,1,53,53,88,95,2.19,1.88,4.07,1,0,0,0,1,0,1,1,1,0,2,0,0,0,-1,-1,-1,-1,-1,-1,-1,-1,-1,24,30,47,80,90,40,74,70,47,11.13,3.0,4.47,2.9,/clubs/austin-fc-698284,teams/usa-austin-fc.png,Austin,/clubs/houston-dynamo-6,teams/usa-houston-dynamo.png,Houston Dynamo,1.35,0.35,1.13,0.4,0.83,0.97,77,70,54,20,10,73,70,57,1.73,1.17,2.9,/usa/houston-dynamo-vs-austin-fc-h2h-stats#1201803,5674,34,True,True,True,False,False,False,True,"['7', '45+4']",['90+2']
MLS,2021,5674,1201804,1016,677446,2021,complete,65699,0,-1,"['59', '73']",['32'],2,1,3,3,3,6,2,4,3,5,0,0,9,6,5,5,14,11,10,25,61,39,15,40852,28121,,,3,5,1.55,4.1,5.25,1.03,1.2,1.65,2.6,4.52,17.0,4.43,2.1,1.5,1.19,1.68,2.06,2.4,1.5,5.5,1.11,1.18,1.22,2.29,2.06,2.36,4.97,1.85,2.84,4.63,0,0,1.29,1.55,1.98,2.57,3.54,3.3,2.39,1.83,1.48,1.25,1.43,7.5,3.75,1.47,17.0,2.72,2.95,10.25,1.3,2.37,5.2,15.0,3.22,1.52,1.13,1.03,1.17,1.83,3.74,8.5,4.5,1.83,1.22,1.05,0,0,0,0,3,0,1,2,0,2,1,1635377400,1016,0,27,0,20,0,-1,2,1,1,0,2,3,1,5,1,2,2,3,3,5,1,47,22,108,100,1.86,1.29,3.15,0,1,0,1,0,0,1,1,0,0,0,0,0,0,-1,-1,-1,-1,-1,-1,-1,-1,-1,7,23,30,43,90,17,50,74,27,9.66,3.8,4.47,1.94,/clubs/atlanta-united-fc-1016,teams/usa-atlanta-united-fc.png,Atlanta United FC,/clubs/club-internacional-de-futbol-miami-677446,teams/usa-club-internacional-de-futbol-miami.png,Inter Miami,1.88,1.06,1.87,1.0,1.43,1.23,93,77,70,57,10,60,54,47,1.7,0.9,2.6,/usa/atlanta-united-fc-vs-club-internacional-de-futbol-miami-h2h-stats#1201804,5674,34,True,True,True,False,False,False,True,"['59', '73']",['32']
MLS,2021,5674,1201805,1,6,2021,complete,65699,0,-1,"['58', '62']",[],2,0,2,7,5,12,2,2,1,3,0,0,6,3,5,4,11,7,11,9,50,50,15,39282,28051,,,1,3,1.7,3.8,4.5,1.03,1.22,1.69,2.74,4.95,15.0,4.1,2.09,1.44,1.17,1.66,2.09,2.6,1.44,5.0,1.13,1.24,1.26,1.98,2.35,2.27,4.3,2.05,2.71,3.95,0,0,1.22,1.42,1.74,2.23,3.0,4.0,2.75,2.02,1.61,1.35,1.34,8.5,4.0,1.57,15.0,2.47,3.15,8.75,1.34,2.56,6.2,17.0,3.26,1.51,1.12,1.02,1.21,1.95,3.94,9.5,4.44,1.85,1.25,1.04,0,0,0,0,2,0,0,2,0,2,0,1635982200,1,0,71,29,39,0,-1,2,1,4,1,3,4,5,7,0,1,1,2,1,3,1,62,34,123,90,1.57,0.91,2.48,0,0,0,0,0,0,1,1,0,0,1,0,0,0,-1,-1,-1,-1,-1,-1,-1,-1,-1,20,33,56,84,91,39,67,75,49,10.29,3.1,4.9,3.01,/clubs/montreal-impact-1,teams/canada-montreal-impact.png,Montreal Impact,/clubs/houston-dynamo-6,teams/usa-houston-dynamo.png,Houston Dynamo,1.82,0.35,1.87,0.38,1.34,0.91,81,68,45,17,10,64,58,45,1.6,1.21,2.81,/usa/montreal-impact-vs-houston-dynamo-h2h-stats#1201805,5674,34,True,True,False,False,False,False,False,"['58', '62']",[]
MLS,2021,5674,1201806,6490,18,2021,complete,65699,0,-1,"['21', '45+3', '51']",[],3,0,3,5,10,15,0,3,3,1,0,0,6,5,9,9,15,14,15,13,44,56,39,211,25,,,3,1,1.75,3.6,4.0,1.03,1.18,1.61,2.44,4.27,17.5,4.68,2.2,1.54,1.21,1.56,2.29,2.7,1.41,5.0,1.15,1.25,1.26,1.93,2.28,2.34,4.1,2.07,2.77,3.77,0,0,1.18,1.33,1.61,2.06,2.4,4.5,3.04,2.3,1.76,1.5,1.38,8.0,4.0,1.59,17.5,2.37,3.65,8.75,1.29,2.31,4.98,16.0,3.3,1.55,1.14,1.02,1.17,1.84,3.6,8.5,4.7,1.9,1.26,1.05,0,0,0,0,3,2,0,1,0,1,2,1635301800,6490,0,74,24,47,0,-1,2,1,3,3,2,7,6,9,0,0,3,1,0,4,1,36,54,118,117,1.64,1.63,3.27,0,0,0,0,0,0,1,1,0,0,1,1,0,0,-1,-1,-1,-1,-1,-1,-1,-1,-1,14,30,60,84,100,37,67,94,54,8.94,3.27,3.33,3.0,/clubs/los-angeles-fc-6490,teams/usa-los-angeles-fc.png,Los Angeles FC,/clubs/seattle-sounders-fc-18,teams/usa-seattle-sounders-fc.png,Seattle Sounders,1.76,1.82,1.73,2.0,1.32,1.87,87,70,40,17,0,57,40,34,1.93,1.18,3.11,/usa/seattle-sounders-fc-vs-los-angeles-fc-h2h-stats#1201806,5674,34,True,True,True,False,False,False,False,"['21', '45+3', '51']",[]
MLS,2021,5674,1201807,11,12,2021,complete,65699,0,-1,['74'],[],1,0,1,7,8,15,1,2,0,3,0,0,6,4,13,9,19,13,9,6,53,47,13864,21032,11434,,,0,3,1.75,3.75,4.2,1.03,1.2,1.57,2.65,4.48,16.75,4.47,2.25,1.47,1.19,1.59,2.21,2.9,1.36,5.25,1.13,1.25,1.26,1.95,2.29,2.31,4.15,2.06,2.76,3.82,0,0,1.2,1.32,1.61,2.02,2.64,4.25,3.1,2.26,1.79,1.46,1.6,7.0,3.0,1.58,16.75,2.4,3.5,8.25,1.3,2.37,5.15,15.0,3.2,1.52,1.13,1.03,1.14,1.8,3.5,8.5,5.0,1.91,1.25,1.05,0,0,0,0,1,0,0,1,0,1,0,1635375600,11,0,67,27,30,0,-1,2,1,4,3,3,5,7,8,0,1,0,2,1,2,1,67,40,136,88,2.11,1.39,3.5,0,0,0,0,0,0,1,1,0,0,0,2,0,0,-1,-1,-1,-1,-1,-1,-1,-1,-1,14,37,67,77,93,50,74,74,40,10.87,3.27,4.47,2.87,/clubs/new-england-revolution-11,teams/usa-new-england-revolution.png,New England Revolution,/clubs/colorado-rapids-12,teams/usa-colorado-rapids.png,Colorado Rapids,2.22,1.59,2.4,1.6,2.19,1.77,87,64,34,24,7,74,57,37,1.76,1.44,3.2,/usa/new-england-revolution-vs-colorado-rapids-h2h-stats#1201807,5674,35,True,False,False,False,False,False,False,['74'],[]
MLS,2021,5674,1201808,8043,677447,2021,complete,65699,0,-1,"['6', '17', '32']","['28', '45+2', '71', '76', '80', '90+2']",3,6,9,1,1,2,0,1,2,1,0,0,5,8,5,7,10,15,17,12,47,53,13851,41788,40174,,,2,1,3.5,3.4,2.0,1.04,1.24,1.9,3.0,5.3,13.25,3.93,1.8,1.4,1.15,1.63,2.14,3.8,1.22,2.7,1.4,1.69,1.3,1.32,3.7,2.19,2.61,3.35,2.6,2.35,0,0,1.25,1.48,1.98,2.39,3.2,3.54,2.57,1.83,1.55,1.3,2.4,7.0,1.85,2.21,13.25,1.72,6.25,3.95,1.35,2.56,5.75,19.0,2.95,1.45,1.1,1.03,1.17,2.0,4.0,9.5,4.5,1.73,1.2,1.04,0,0,0,0,9,3,2,0,4,4,5,1635377400,677447,0,40,14,27,0,-1,2,1,1,1,0,0,2,0,1,1,1,0,2,1,1,26,42,99,110,1.18,1.82,3.0,2,0,1,0,1,0,1,1,1,0,0,0,0,0,-1,-1,-1,-1,-1,-1,-1,-1,-1,10,17,30,54,74,20,54,64,27,8.06,3.27,4.4,1.94,/clubs/fc-cincinnati-8043,teams/usa-fc-cincinnati.png,FC Cincinnati,/clubs/nashville-sc-mls-677447,teams/usa-nashville-sc-mls.png,Nashville SC,0.47,1.22,0.53,1.13,0.65,1.58,90,84,70,47,27,57,43,23,1.5,1.17,2.67,/usa/fc-cincinnati-vs-nashville-sc-mls-h2h-stats#1201808,5674,34,True,True,True,True,True,True,True,"['6', '17', '32']","['28', '45+2', '71', '76', '80', '90+2']"
MLS,2021,5674,1201809,2,7,2021,complete,65699,0,-1,['51'],[],1,0,1,6,5,11,2,2,1,1,0,0,5,5,15,5,20,10,18,13,43,57,24,762,2414,,,1,1,1.43,4.5,6.75,1.02,1.17,1.53,2.35,4.05,19.75,4.87,2.35,1.54,1.23,1.71,2.02,2.38,1.53,6.0,1.09,1.17,1.21,2.29,2.0,2.37,5.6,1.69,3.0,5.45,0,0,1.2,1.4,1.73,2.18,2.89,4.1,2.86,2.11,1.65,1.36,1.29,9.0,4.75,1.38,19.75,3.0,2.65,14.0,1.29,2.32,5.3,11.0,3.64,1.61,1.16,1.03,1.17,1.8,3.44,7.0,5.15,2.01,1.31,1.08,0,0,0,0,1,0,0,1,0,1,0,1635377400,2,0,44,17,30,0,-1,2,1,4,4,2,1,8,3,0,1,1,0,1,1,1,62,30,115,98,2.06,1.21,3.27,1,0,1,0,0,0,1,1,0,0,2,0,0,0,-1,-1,-1,-1,-1,-1,-1,-1,-1,30,40,50,77,97,40,77,67,57,9.4,3.47,4.06,3.1,/clubs/new-york-city-fc-2,teams/usa-new-york-city-fc.png,New York City,/clubs/chicago-fire-7,teams/usa-chicago-fire.png,Chicago Fire,2.06,0.47,2.0,0.53,1.42,1.06,70,60,50,24,4,70,60,50,1.86,1.3,3.16,/usa/new-york-city-fc-vs-chicago-fire-h2h-stats#1201809,5674,34,True,False,False,False,False,False,False,['51'],[]
MLS,2021,5674,1201810,9,17,2021,complete,65699,0,-1,"['20', '31', '61']","['52', '90+2']",3,2,5,5,4,9,0,1,2,2,0,0,5,3,5,9,10,12,11,12,48,52,13893,10695,21031,,,2,2,2.0,3.4,3.5,1.04,1.22,1.8,2.85,4.95,14.5,4.13,1.9,1.42,1.17,1.62,2.17,3.0,1.33,4.0,1.2,1.28,1.28,1.8,2.45,2.24,3.93,2.2,2.66,3.57,0,0,1.24,1.47,1.93,2.34,3.14,3.64,2.6,1.88,1.57,1.31,1.75,7.5,2.5,1.65,14.5,2.3,3.55,7.25,1.33,2.48,5.5,17.0,3.05,1.48,1.11,1.03,1.17,1.91,3.74,9.5,4.5,1.8,1.22,1.04,0,0,0,0,5,2,0,1,2,3,2,1635377400,9,0,73,24,40,0,-1,2,1,4,2,1,2,6,3,1,1,1,1,2,2,1,57,41,87,97,1.4,1.27,2.67,0,1,0,1,0,0,1,1,0,0,0,1,0,0,-1,-1,-1,-1,-1,-1,-1,-1,-1,17,37,70,87,94,40,84,80,54,8.53,3.13,4.4,3.07,/clubs/columbus-crew-9,teams/usa-columbus-crew.png,Columbus Crew,/clubs/orlando-city-sc-17,teams/usa-orlando-city-sc.png,Orlando City,1.94,1.11,1.8,1.13,1.23,1.52,84,64,30,13,7,50,33,27,1.49,1.3,2.79,/usa/columbus-crew-vs-orlando-city-sc-h2h-stats#1201810,5674,34,True,True,True,True,True,False,True,"['20', '31', '61']","['52', '90+2']"
MLS,2021,5674,1201811,19,16,2021,complete,65699,0,-1,"['66', '70']","['1', '77']",2,2,4,6,4,10,1,0,1,1,0,0,5,4,11,11,16,15,9,13,60,40,44,11435,40182,,,1,1,2.5,3.5,2.6,1.03,1.18,1.7,2.46,4.24,15.75,4.1,2.0,1.44,1.17,1.61,2.25,3.6,1.25,3.8,1.22,1.47,1.29,1.5,2.97,2.25,3.05,2.68,2.68,2.75,0,0,1.22,1.43,1.85,2.26,2.98,3.82,2.74,1.95,1.61,1.34,2.05,7.0,2.15,1.9,15.75,1.93,5.25,5.5,1.31,2.41,5.1,13.0,3.13,1.5,1.12,1.02,1.21,1.95,3.94,8.0,4.44,1.85,1.25,1.06,0,0,0,0,4,0,1,2,1,3,1,1635377400,-1,0,73,27,50,0,-1,2,1,4,1,2,3,5,5,0,0,1,1,0,2,1,82,64,123,119,1.95,1.69,3.65,0,0,0,0,0,0,1,1,0,1,3,1,0,0,-1,-1,-1,-1,-1,-1,-1,-1,-1,13,33,50,87,97,30,70,80,64,10.14,4.2,4.94,2.84,/clubs/toronto-fc-19,teams/canada-toronto-fc.png,Toronto,/clubs/philadelphia-union-16,teams/usa-philadelphia-union.png,Philadelphia Union,1.12,1.06,1.2,1.07,0.84,1.58,87,67,50,14,4,77,64,43,1.44,1.49,2.93,/usa/philadelphia-union-vs-toronto-fc-h2h-stats#1201811,5674,34,True,True,True,True,False,False,True,"['66', '70']","['1', '77']"
MLS,2021,5674,1201812,13401,4,2021,complete,65699,0,-1,['9'],[],1,0,1,4,11,15,3,1,2,0,0,0,3,5,3,11,6,16,18,7,40,60,69,36107,11574,,,2,0,2.15,3.25,3.3,1.05,1.27,1.95,3.3,5.7,12.5,3.7,1.75,1.33,1.13,1.68,2.06,2.8,1.38,3.8,1.22,1.33,1.3,1.67,2.67,2.15,3.7,2.38,2.57,3.32,0,0,1.25,1.5,2.0,2.44,3.3,3.54,2.52,1.8,1.53,1.29,1.55,7.5,3.1,1.74,12.5,2.2,3.75,6.0,1.37,2.66,6.05,21.0,2.85,1.42,1.09,1.02,1.2,2.1,4.5,9.5,4.0,1.67,1.17,1.04,0,0,0,0,1,1,0,0,0,0,1,1635377400,13401,0,57,27,24,0,-1,2,1,0,5,4,6,5,10,1,0,1,0,1,1,1,29,48,107,132,0.82,1.72,2.53,0,0,0,0,0,0,1,1,1,0,0,0,0,0,-1,-1,-1,-1,-1,-1,-1,-1,-1,17,30,60,64,93,44,80,63,40,11.07,4.06,4.34,2.77,/clubs/dc-united-13401,teams/usa-dc-united.png,DC United,/clubs/new-york-red-bulls-4,teams/usa-new-york-red-bulls.png,New York RB,2.0,1.0,2.07,1.13,1.32,1.43,84,70,40,37,7,60,43,37,1.75,1.58,3.33,/usa/new-york-red-bulls-vs-dc-united-h2h-stats#1201812,5674,34,True,False,False,False,False,False,False,['9'],[]
MLS,2021,5674,1201813,13,14,2021,complete,65699,0,-1,['20'],"['80', '90']",1,2,3,7,9,16,1,2,1,0,0,0,3,6,21,8,24,14,13,10,45,55,31,35590,8,,,1,0,1.98,3.75,3.3,1.03,1.19,1.62,2.49,4.4,16.0,4.0,2.15,1.43,1.16,1.59,2.22,3.2,1.3,4.5,1.17,1.32,1.27,1.76,2.62,2.31,3.88,2.3,2.75,3.48,0,0,1.18,1.32,1.6,2.01,2.64,4.6,3.1,2.28,1.8,1.46,1.55,7.5,3.1,1.68,16.0,2.21,4.05,6.75,1.32,2.44,5.3,12.0,3.1,1.49,1.11,1.03,1.18,1.87,3.54,7.5,4.8,1.9,1.25,1.07,0,0,0,0,3,1,0,0,2,2,1,1635379200,14,0,67,37,37,0,-1,2,1,5,2,2,7,7,9,0,0,1,0,0,1,1,60,66,88,138,2.14,1.79,3.94,0,0,0,0,0,0,1,1,0,0,2,0,0,0,-1,-1,-1,-1,-1,-1,-1,-1,-1,23,44,64,80,90,47,73,84,54,10.4,2.33,5.33,3.14,/clubs/fc-dallas-13,teams/usa-fc-dallas.png,FC Dallas,/clubs/real-salt-lake-14,teams/usa-real-salt-lake.png,Real Salt Lake,1.29,1.05,1.27,0.73,0.94,1.4,77,57,37,20,10,70,60,50,1.56,1.48,3.04,/usa/fc-dallas-vs-real-salt-lake-h2h-stats#1201813,5674,34,True,True,True,False,False,False,True,['20'],"['80', '90']"
MLS,2021,5674,1201814,8,10,2021,complete,65699,0,-1,"['40', '82']",[],2,0,2,10,5,15,3,2,1,0,0,0,2,2,8,9,10,11,11,10,50,50,35,18,2,,,1,0,1.88,3.7,3.7,1.03,1.19,1.57,2.52,4.47,16.5,4.5,2.25,1.51,1.2,1.56,2.28,2.88,1.36,5.0,1.13,1.25,1.26,1.91,2.41,2.3,3.85,2.18,2.72,3.53,0,0,1.21,1.36,1.68,2.14,2.86,4.1,2.88,2.13,1.71,1.4,1.5,7.5,3.3,1.64,16.5,2.28,3.8,7.75,1.3,2.36,5.15,11.0,3.2,1.52,1.13,1.03,1.16,1.79,3.6,7.9,4.7,1.94,1.25,1.05,0,0,0,0,2,1,0,1,0,1,1,1635381000,8,0,67,10,40,0,-1,2,1,8,4,2,1,12,3,0,0,1,0,0,1,1,51,46,90,94,1.14,1.17,2.32,0,0,0,0,0,0,1,1,0,0,3,0,0,0,-1,-1,-1,-1,-1,-1,-1,-1,-1,13,30,70,97,100,40,83,90,60,12.73,2.8,2.67,3.17,/clubs/sporting-kansas-city-8,teams/usa-sporting-kansas-city.png,Sporting KC,/clubs/la-galaxy-10,teams/usa-la-galaxy.png,LA Galaxy,1.84,1.12,1.93,1.2,1.83,1.48,87,70,30,4,0,74,53,40,2.03,1.29,3.32,/usa/sporting-kansas-city-vs-la-galaxy-h2h-stats#1201814,5674,34,True,True,False,False,False,False,False,"['40', '82']",[]
MLS,2021,5674,1201815,20,15,2021,complete,65699,0,-1,"['34', '55']",[],2,0,2,3,4,7,3,0,3,2,0,0,2,3,21,14,23,17,12,14,41,59,58,7206,41530,,,3,2,1.8,3.6,4.0,1.01,1.2,1.73,2.4,5.5,11.0,4.0,2.0,1.53,1.11,1.65,2.11,2.8,1.38,5.0,1.13,1.26,1.26,1.9,2.32,2.2,4.5,2.12,2.62,3.88,0,0,1.17,1.35,1.65,2.09,2.78,4.8,2.93,2.18,1.74,1.42,1.67,7.0,2.8,1.61,15.0,2.39,3.35,7.5,1.33,2.5,5.3,17.0,3.05,1.47,1.11,1.03,1.17,1.83,3.74,9.5,4.5,1.83,1.22,1.04,0,0,0,0,2,1,0,1,0,1,1,1635386400,20,0,70,37,30,0,16086,2,1,1,1,2,3,2,5,2,1,1,1,3,2,1,57,60,105,101,2.0,1.71,3.71,0,0,0,0,0,0,1,1,0,0,0,1,0,0,-1,-1,-1,-1,-1,-1,-1,-1,-1,20,30,63,80,97,47,70,80,54,9.54,2.6,4.73,3.14,/clubs/portland-timbers-20,teams/usa-portland-timbers.png,Portland Timbers,/clubs/san-jose-earthquakes-15,teams/usa-san-jose-earthquakes.png,SJ Earthquakes,2.1,1.24,1.93,1.2,1.48,1.19,80,70,37,20,4,70,67,54,1.67,1.42,3.09,/usa/san-jose-earthquakes-vs-portland-timbers-h2h-stats#1201815,5674,34,True,True,False,False,False,False,False,"['34', '55']",[]
MLS,2021,5674,1201816,5,1015,2021,complete,65699,0,-1,"['45', '63']",['90+1'],2,1,3,4,7,11,6,0,2,2,0,0,2,5,7,13,9,18,13,11,42,58,20,41087,5,,,2,2,2.5,3.4,2.6,1.04,1.23,1.8,2.74,4.84,13.25,3.6,1.91,1.36,1.13,1.62,2.15,3.4,1.29,3.6,1.25,1.49,1.3,1.47,3.2,2.22,3.15,2.85,2.65,2.8,0,0,1.2,1.36,1.67,2.12,2.82,4.25,2.89,2.16,1.72,1.41,1.85,7.0,2.4,1.95,13.25,1.92,4.75,5.75,1.36,2.59,5.85,13.0,2.92,1.44,1.1,1.02,1.21,1.98,3.94,8.0,4.44,1.8,1.21,1.06,0,0,0,0,3,1,0,1,1,2,1,1635386400,5,0,50,20,17,0,-1,2,1,1,4,3,3,5,6,1,0,1,2,1,3,1,37,51,82,122,0.98,1.86,2.84,0,0,0,0,0,0,1,1,0,0,1,2,0,0,-1,-1,-1,-1,-1,-1,-1,-1,-1,7,30,54,70,93,27,77,70,44,10.07,2.86,3.94,2.54,/clubs/vancouver-whitecaps-fc-5,teams/canada-vancouver-whitecaps-fc.png,Vancouver Whitecaps,/clubs/minnesota-united-fc-1015,teams/usa-minnesota-united-fc.png,Minnesota United,1.94,0.89,1.93,1.0,1.42,1.45,93,70,47,30,7,60,44,20,1.31,1.3,2.61,/usa/vancouver-whitecaps-fc-vs-minnesota-united-fc-h2h-stats#1201816,5674,35,True,True,True,False,False,False,True,"['45', '63']",['90+1']
MLS,2021,5674,1201817,1016,19,2021,complete,65699,0,-1,['15'],['88'],1,1,2,8,1,9,2,1,1,2,0,0,5,8,15,3,20,11,13,9,58,42,58,40852,11435,,,1,2,1.59,4.34,4.98,1.02,1.16,1.54,2.32,3.94,15.0,4.9,2.38,1.54,1.2,1.66,2.22,2.55,1.46,6.5,1.1,1.16,1.21,2.46,2.06,2.51,5.2,1.86,2.98,4.95,0,0,1.3,1.57,2.01,2.64,3.64,3.2,2.34,1.8,1.46,1.24,1.38,8.0,4.0,1.47,18.5,2.94,2.8,9.0,1.29,2.32,5.3,15.0,3.64,1.61,1.16,1.02,1.16,1.8,3.45,8.0,5.2,2.01,1.31,1.07,0,0,0,0,2,1,0,0,1,1,1,1635631200,-1,0,47,7,32,0,43372,2,1,3,1,5,0,4,5,0,1,1,1,1,2,1,45,24,129,89,1.94,1.44,3.38,0,0,0,0,0,0,1,1,0,0,1,0,0,0,-1,-1,-1,-1,-1,-1,-1,-1,-1,16,35,54,69,94,29,76,78,44,9.37,3.94,3.06,2.78,/clubs/atlanta-united-fc-1016,teams/usa-atlanta-united-fc.png,Atlanta United FC,/clubs/toronto-fc-19,teams/canada-toronto-fc.png,Toronto,1.88,0.53,1.94,0.5,1.48,0.84,85,66,47,32,6,41,41,28,1.71,1.12,2.83,/usa/toronto-fc-vs-atlanta-united-fc-h2h-stats#1201817,5674,34,True,True,False,False,False,False,True,['15'],['88']
MLS,2021,5674,1201818,4,1,2021,complete,65699,0,-1,['90+1'],[],1,0,1,2,7,9,1,0,1,0,0,0,5,1,11,6,16,7,18,7,37,63,11,11574,39282,,,1,0,1.95,3.6,3.74,1.05,1.28,1.89,3.13,5.9,12.0,3.6,1.9,1.35,1.12,1.73,2.0,2.5,1.47,4.2,1.2,1.28,1.3,1.78,2.52,2.14,4.07,2.25,2.56,3.65,0,0,1.28,1.54,1.98,2.57,3.48,3.34,2.41,1.83,1.48,1.26,1.48,7.5,3.5,1.67,12.0,2.35,3.15,7.0,1.38,2.7,6.2,15.0,2.81,1.41,1.09,1.02,1.25,2.17,4.74,10.0,3.94,1.69,1.19,1.04,0,0,0,0,1,0,0,1,0,1,0,1635624000,4,0,55,13,29,0,16344,2,1,2,4,0,3,6,3,0,0,1,0,0,1,1,57,46,112,116,1.77,0.86,2.64,0,0,0,0,0,0,1,1,0,0,0,2,0,0,-1,-1,-1,-1,-1,-1,-1,-1,-1,7,10,29,71,94,19,68,67,42,7.76,3.49,3.87,2.12,/clubs/new-york-red-bulls-4,teams/usa-new-york-red-bulls.png,New York RB,/clubs/montreal-impact-1,teams/canada-montreal-impact.png,Montreal Impact,1.76,0.88,1.73,0.94,1.39,1.39,94,91,72,29,7,65,36,23,1.55,1.16,2.71,/usa/montreal-impact-vs-new-york-red-bulls-h2h-stats#1201818,5674,34,True,False,False,False,False,False,False,['90+1'],[]
MLS,2021,5674,1201819,677446,2,2021,complete,65699,0,-1,['56'],"['33', '60', '83']",1,3,4,3,2,5,3,1,3,2,0,0,3,4,9,5,12,9,14,17,50,50,13812,28121,762,,,3,2,3.73,3.76,1.94,1.04,1.22,1.72,2.71,4.9,14.75,4.15,2.1,1.45,1.17,1.61,2.18,4.8,1.16,2.87,1.37,1.8,1.28,1.28,3.92,2.24,2.45,3.55,2.67,2.2,0,0,1.26,1.51,1.9,2.46,3.34,3.48,2.49,1.9,1.52,1.28,2.5,6.5,1.83,2.3,14.75,1.65,7.75,3.6,1.33,2.47,5.5,12.0,3.07,1.48,1.11,1.03,1.21,1.95,3.94,8.0,4.44,1.85,1.25,1.06,0,0,0,0,4,0,1,1,2,3,1,1635615000,2,0,66,19,35,0,17595,2,1,0,0,3,2,0,5,2,0,1,2,2,3,1,47,27,122,101,1.32,1.06,2.38,0,0,0,0,0,0,1,1,0,0,0,0,0,0,-1,-1,-1,-1,-1,-1,-1,-1,-1,16,29,63,88,97,47,75,85,51,9.75,3.12,5.06,2.97,/clubs/club-internacional-de-futbol-miami-677446,teams/usa-club-internacional-de-futbol-miami.png,Inter Miami,/clubs/new-york-city-fc-2,teams/usa-new-york-city-fc.png,New York City,1.35,1.1,1.44,0.88,1.19,1.47,85,72,38,13,3,51,28,25,1.36,1.55,2.91,/usa/new-york-city-fc-vs-club-internacional-de-futbol-miami-h2h-stats#1201819,5674,34,True,True,True,True,False,False,True,['56'],"['33', '60', '83']"
MLS,2021,5674,1201820,1015,8,2021,complete,65699,0,-1,"['20', '39']",['8'],2,1,3,9,2,11,2,0,2,3,0,0,5,2,9,1,14,3,17,10,54,46,13864,5,18,,,2,3,2.0,3.6,3.4,1.0,1.19,1.62,2.57,4.45,12.5,4.4,2.15,1.48,1.16,1.59,2.36,3.1,1.33,4.6,1.17,1.33,1.28,1.79,2.58,2.34,3.84,2.38,2.73,3.46,0,0,1.21,1.38,1.71,2.19,2.9,4.2,2.8,2.09,1.68,1.39,1.72,8.2,2.69,1.76,12.5,2.35,3.8,6.5,1.32,2.45,5.8,17.0,3.38,1.55,1.14,1.01,1.19,1.89,3.76,9.0,4.8,1.91,1.27,1.06,0,0,0,0,3,2,1,0,0,0,3,1635699600,1015,0,49,20,23,0,-1,2,1,5,2,4,0,7,4,0,0,2,3,0,5,1,62,37,120,109,1.69,0.62,2.31,1,0,1,0,0,0,1,1,0,1,0,1,0,0,-1,-1,-1,-1,-1,-1,-1,-1,-1,7,30,53,72,91,39,71,71,43,11.36,2.62,3.57,2.5,/clubs/minnesota-united-fc-1015,teams/usa-minnesota-united-fc.png,Minnesota United,/clubs/sporting-kansas-city-8,teams/usa-sporting-kansas-city.png,Sporting KC,1.94,1.53,1.88,1.73,1.41,1.87,94,71,48,29,10,71,58,45,1.8,1.21,3.01,/usa/sporting-kansas-city-vs-minnesota-united-fc-h2h-stats#1201820,5674,35,True,True,True,False,False,False,True,"['20', '39']",['8']
MLS,2021,5674,1201821,13401,9,2021,complete,65699,0,-1,['3'],"['45', '66', '76']",1,3,4,2,6,8,2,0,2,1,0,0,3,10,8,9,11,19,20,15,44,56,36,36107,10695,,,2,1,1.69,3.88,4.74,1.03,1.22,1.83,2.9,5.0,15.0,4.2,1.95,1.42,1.16,1.8,1.95,2.4,1.51,5.25,1.14,1.18,1.25,2.15,2.25,2.25,5.0,1.95,2.65,4.5,0,0,1.24,1.47,1.85,2.34,3.14,3.64,2.6,1.87,1.57,1.31,1.41,6.5,3.3,1.44,14.0,3.0,3.0,9.5,1.36,2.75,7.0,21.0,3.0,1.4,1.1,1.02,1.22,2.0,4.33,11.0,4.0,1.73,1.2,1.05,0,0,0,0,4,1,1,0,2,2,2,1635636600,9,0,44,19,22,0,16787,2,1,1,5,1,1,6,2,1,1,1,0,2,1,1,41,51,105,114,1.21,2.27,3.48,0,1,0,1,0,0,1,1,1,0,0,1,0,0,-1,-1,-1,-1,-1,-1,-1,-1,-1,16,25,44,53,91,32,69,60,35,9.44,3.57,3.19,2.41,/clubs/dc-united-13401,teams/usa-dc-united.png,DC United,/clubs/columbus-crew-9,teams/usa-columbus-crew.png,Columbus Crew,2.0,0.82,2.13,0.69,1.38,1.28,85,75,57,47,10,66,56,44,1.7,1.09,2.79,/usa/columbus-crew-vs-dc-united-h2h-stats#1201821,5674,34,True,True,True,True,False,False,True,['3'],"['45', '66', '76']"
MLS,2021,5674,1201822,16,8043,2021,complete,65699,0,-1,"['11', '53']",[],2,0,2,5,3,8,3,0,0,0,0,0,7,2,12,5,19,7,12,16,51,49,24,40182,41788,,,0,0,1.36,4.6,8.5,1.0,1.18,1.6,2.17,4.2,12.75,4.6,2.2,1.61,1.18,1.86,1.94,2.05,1.7,7.5,1.08,1.09,1.18,3.04,1.86,2.57,6.7,1.68,3.08,6.4,0,0,1.19,1.36,1.66,2.12,2.78,4.4,2.89,2.17,1.72,1.42,1.29,9.0,4.75,1.36,17.25,3.55,2.25,15.0,1.3,2.38,5.55,12.0,3.52,1.58,1.15,1.03,1.18,1.85,3.6,7.5,4.95,1.95,1.29,1.07,0,0,0,0,2,1,0,1,0,1,1,1635723000,16,0,47,19,32,0,13488,2,-1,3,2,2,1,5,3,0,0,0,0,0,0,1,65,24,124,93,2.16,0.77,2.93,0,0,0,0,0,0,1,1,0,0,1,0,-1,-1,-1,-1,-1,-1,-1,-1,-1,-1,-1,22,31,57,76,97,41,78,76,44,9.19,3.38,4.25,3.0,/clubs/philadelphia-union-16,teams/usa-philadelphia-union.png,Philadelphia Union,/clubs/fc-cincinnati-8043,teams/usa-fc-cincinnati.png,FC Cincinnati,2.0,0.71,2.06,0.75,1.56,0.63,78,69,44,26,3,63,57,47,1.58,1.23,2.81,/usa/philadelphia-union-vs-fc-cincinnati-h2h-stats#1201822,5674,34,True,True,False,False,False,False,False,"['11', '53']",[]
MLS,2021,5674,1201823,13,698284,2021,complete,65699,0,-1,"['38', '80']",['36'],2,1,3,8,3,11,4,0,2,3,0,1,3,3,9,7,12,10,18,12,51,49,44,35590,2339,,,2,5,1.89,3.86,3.7,1.0,1.18,1.54,2.3,4.75,13.0,4.15,2.38,1.65,1.17,1.61,2.32,3.0,1.34,5.5,1.14,1.32,1.28,1.82,2.54,2.34,3.94,2.33,2.73,3.56,0,0,1.11,1.25,1.44,1.79,2.25,5.5,3.6,2.57,1.92,1.57,1.7,7.0,2.7,1.72,15.75,2.33,4.1,7.75,1.32,2.48,5.9,17.0,3.38,1.54,1.13,1.01,1.19,1.9,3.76,9.0,4.75,1.9,1.27,1.05,0,0,0,0,3,1,1,1,0,1,2,1635642000,13,0,45,16,10,0,16080,2,1,2,3,6,0,5,6,1,1,1,3,2,4,1,43,50,84,104,1.28,1.21,2.49,0,0,0,0,0,0,1,1,0,0,1,0,0,0,-1,-1,-1,-1,-1,-1,-1,-1,-1,7,26,45,77,91,29,74,74,46,10.89,2.65,4.31,2.45,/clubs/fc-dallas-13,teams/usa-fc-dallas.png,FC Dallas,/clubs/austin-fc-698284,teams/usa-austin-fc.png,Austin,1.29,0.47,1.19,0.53,0.91,0.9,94,75,55,23,10,85,68,49,1.59,1.32,2.91,/usa/fc-dallas-vs-austin-fc-h2h-stats#1201823,5674,34,True,True,True,False,False,False,True,"['38', '80']",['36']
MLS,2021,5674,1201824,14,15,2021,complete,65699,0,-1,"['9', '85', '90+3']","['37', '45+3', '69', '79']",3,4,7,0,10,10,0,2,1,4,0,0,3,5,16,9,19,14,13,20,60,40,13889,8,41530,,,1,4,1.76,3.94,4.2,1.03,1.21,1.64,2.61,4.65,16.0,4.33,2.18,1.48,1.18,1.62,2.16,2.65,1.43,5.25,1.14,1.24,1.26,1.98,2.26,2.3,4.28,2.04,2.74,3.93,0,0,1.12,1.3,1.57,1.97,2.54,5.2,3.2,2.34,1.83,1.49,1.5,7.5,3.3,1.57,16.0,2.45,3.2,8.75,1.31,2.41,5.3,12.0,3.15,1.5,1.12,1.03,1.19,1.91,3.76,7.5,4.7,1.89,1.27,1.07,0,0,0,0,7,1,2,2,2,4,3,1635622200,15,0,65,20,32,0,15553,2,1,0,5,0,5,5,5,0,2,1,2,2,3,1,51,29,122,71,1.78,1.44,3.22,0,0,0,0,0,0,1,1,1,0,0,0,0,0,-1,-1,-1,-1,-1,-1,-1,-1,-1,10,29,55,77,94,29,78,84,52,9.9,2.64,4.36,2.71,/clubs/real-salt-lake-14,teams/usa-real-salt-lake.png,Real Salt Lake,/clubs/san-jose-earthquakes-15,teams/usa-san-jose-earthquakes.png,SJ Earthquakes,1.82,1.24,2.07,1.13,1.45,1.16,91,71,45,23,7,59,52,46,1.46,1.44,2.9,/usa/real-salt-lake-vs-san-jose-earthquakes-h2h-stats#1201824,5674,34,True,True,True,True,True,True,True,"['9', '85', '90+3']","['37', '45+3', '69', '79']"
MLS,2021,5674,1201825,7,11,2021,complete,65699,0,-1,"['40', '63']","['11', '62', '90+1']",2,3,5,9,8,17,3,1,2,2,0,0,8,8,17,9,25,17,15,16,60,40,19912,2414,21032,,,2,2,2.95,3.6,2.2,1.05,1.24,1.62,2.45,4.1,12.0,4.1,2.25,1.53,1.24,1.56,2.4,4.5,1.17,3.3,1.29,1.67,1.22,1.34,3.5,2.3,2.75,3.2,2.6,2.38,0,0,1.17,1.31,1.59,1.99,2.57,4.7,3.14,2.3,1.82,1.48,2.05,7.5,2.1,2.25,9.5,1.67,6.75,4.45,1.3,2.38,6.0,17.0,3.4,1.53,1.13,1.03,1.17,1.83,3.75,9.0,5.0,1.83,1.25,1.07,0,0,0,0,5,1,1,1,2,3,2,1632355200,11,0,50,23,27,0,7052,2,1,4,2,5,6,6,11,2,1,0,1,3,1,1,85,41,100,107,2.74,1.93,4.67,0,0,0,0,0,0,1,1,0,0,0,2,0,0,-1,-1,-1,-1,-1,-1,-1,-1,-1,16,35,54,70,96,35,70,81,35,12.23,3.38,3.08,2.73,/clubs/chicago-fire-7,teams/usa-chicago-fire.png,Chicago Fire,/clubs/new-england-revolution-11,teams/usa-new-england-revolution.png,New England Revolution,1.53,2.0,1.46,1.85,0.92,2.15,85,66,46,31,4,81,62,58,1.78,1.49,3.27,/usa/chicago-fire-vs-new-england-revolution-h2h-stats#1201825,5674,34,True,True,True,True,True,False,True,"['40', '63']","['11', '62', '90+1']"
MLS,2021,5674,1201826,6,12,2021,complete,65699,0,-1,[],['58'],0,1,1,7,4,11,1,2,3,3,0,0,6,6,7,5,13,11,13,11,60,40,5016,28051,11434,,,3,3,2.5,3.4,2.62,1.01,1.21,1.62,2.69,4.7,11.5,4.2,2.15,1.44,1.14,1.59,2.36,3.7,1.24,3.75,1.24,1.51,1.29,1.53,3.06,2.3,3.18,2.8,2.67,2.91,0,0,1.18,1.34,1.65,2.08,2.74,4.6,2.98,2.18,1.75,1.43,1.88,8.1,2.38,2.01,11.5,2.04,4.75,5.0,1.33,2.5,6.05,18.0,3.32,1.53,1.13,1.01,1.2,1.92,3.85,9.0,4.65,1.88,1.26,1.05,0,0,0,0,1,0,0,0,1,1,0,1635706800,12,0,57,22,22,0,14474,2,1,3,1,4,3,4,7,2,1,1,2,3,3,1,61,41,129,90,1.69,1.42,3.11,0,0,0,0,0,0,1,1,0,0,0,0,0,1,-1,-1,-1,-1,-1,-1,-1,-1,-1,3,28,60,75,91,54,75,69,35,11.26,4.06,4.0,2.57,/clubs/houston-dynamo-6,teams/usa-houston-dynamo.png,Houston Dynamo,/clubs/colorado-rapids-12,teams/usa-colorado-rapids.png,Colorado Rapids,1.41,1.59,1.5,1.5,0.94,1.72,97,72,41,25,10,85,72,50,1.7,1.44,3.14,/usa/houston-dynamo-vs-colorado-rapids-h2h-stats#1201826,5674,34,True,False,False,False,False,False,False,[],['58']
MLS,2021,5674,1201827,17,677447,2021,complete,65699,0,-1,['18'],['53'],1,1,2,2,7,9,1,1,2,2,0,0,3,8,10,7,13,15,14,10,55,45,3,21031,40174,,,2,2,2.2,3.2,3.25,1.03,1.33,2.06,3.54,6.7,8.6,3.2,1.84,1.28,1.07,1.83,1.97,2.85,1.38,3.7,1.25,1.36,1.33,1.65,2.89,2.12,3.88,2.6,2.46,3.52,0,0,1.24,1.46,1.84,2.34,3.14,3.64,2.64,1.97,1.57,1.31,1.73,8.0,2.69,1.9,8.6,2.32,3.6,5.5,1.44,3.0,8.0,15.0,2.79,1.39,1.08,1.02,1.28,2.26,5.1,12.5,3.68,1.64,1.17,1.03,0,0,0,0,2,1,0,0,1,1,1,1635710400,-1,0,51,16,35,0,15959,2,1,1,4,1,3,5,4,0,1,2,1,1,3,1,53,43,115,85,1.42,1.82,3.24,0,0,0,0,0,0,1,1,0,0,0,2,0,0,-1,-1,-1,-1,-1,-1,-1,-1,-1,19,25,44,63,76,29,63,66,41,8.25,2.63,2.82,2.44,/clubs/orlando-city-sc-17,teams/usa-orlando-city-sc.png,Orlando City,/clubs/nashville-sc-mls-677447,teams/usa-nashville-sc-mls.png,Nashville SC,1.82,1.22,1.88,1.25,1.47,1.63,82,75,57,38,26,53,41,26,1.46,1.21,2.67,/usa/orlando-city-sc-vs-nashville-sc-mls-h2h-stats#1201827,5674,35,True,True,False,False,False,False,True,['18'],['53']
MLS,2021,5674,1201828,18,10,2021,complete,65699,0,-1,['50'],['19'],1,1,2,5,5,10,1,1,1,3,0,0,3,4,9,5,12,9,11,15,51,49,13893,25,2,,,1,3,1.82,3.65,3.6,1.03,1.22,1.7,2.85,5.0,13.0,4.2,2.08,1.42,1.16,1.66,2.2,2.7,1.41,4.6,1.17,1.25,1.22,1.9,2.5,2.25,4.2,2.25,2.7,3.75,0,0,1.2,1.43,1.7,2.1,2.63,4.25,2.63,2.05,1.67,1.43,1.6,7.0,3.0,1.67,11.5,2.58,3.3,7.0,1.31,2.5,5.95,19.0,3.2,1.47,1.1,1.02,1.17,1.9,3.95,8.45,4.45,1.83,1.21,1.04,0,0,0,0,2,0,1,1,0,1,1,1635818400,-1,0,47,10,35,0,32781,2,1,1,3,4,2,4,6,0,0,1,3,0,4,1,57,32,101,101,1.38,1.09,2.48,1,0,1,0,0,0,1,1,0,0,0,0,0,0,-1,-1,-1,-1,-1,-1,-1,-1,-1,10,28,63,88,97,32,66,85,63,10.88,2.32,3.19,2.88,/clubs/seattle-sounders-fc-18,teams/usa-seattle-sounders-fc.png,Seattle Sounders,/clubs/la-galaxy-10,teams/usa-la-galaxy.png,LA Galaxy,1.67,1.12,1.75,1.13,1.81,1.44,91,72,38,13,3,69,53,44,1.67,1.28,2.95,/usa/la-galaxy-vs-seattle-sounders-fc-h2h-stats#1201828,5674,34,True,True,False,False,False,False,True,['50'],['19']
MLS,2021,5674,1201829,6490,5,2021,complete,65699,0,-1,['45+2'],['14'],1,1,2,6,5,11,1,2,1,1,0,0,11,2,10,1,21,3,12,6,53,47,58,211,41087,,,1,1,1.49,4.7,6.8,1.02,1.17,1.54,2.35,4.02,20.0,4.9,2.38,1.52,1.23,1.64,2.12,2.5,1.48,6.0,1.09,1.16,1.2,2.46,1.97,2.45,5.15,1.76,2.96,4.88,0,0,1.17,1.3,1.57,1.91,2.4,4.8,3.2,2.25,1.8,1.5,1.33,8.5,4.33,1.43,20.0,2.79,2.88,8.5,1.27,2.24,4.78,11.0,3.42,1.58,1.15,1.03,1.17,1.8,3.44,7.0,5.15,2.01,1.31,1.08,0,0,0,0,2,1,1,0,0,0,2,1635906600,-1,0,75,25,38,0,-1,2,1,3,1,3,4,4,7,0,0,1,1,0,2,1,41,42,80,87,2.38,0.65,3.03,0,0,0,0,0,0,1,1,0,0,0,0,0,0,-1,-1,-1,-1,-1,-1,-1,-1,-1,16,44,69,91,94,47,78,91,54,10.31,2.56,3.44,3.16,/clubs/los-angeles-fc-6490,teams/usa-los-angeles-fc.png,Los Angeles FC,/clubs/vancouver-whitecaps-fc-5,teams/canada-vancouver-whitecaps-fc.png,Vancouver Whitecaps,1.76,0.89,1.81,0.94,1.38,1.47,85,56,32,10,7,72,57,44,1.91,1.19,3.1,/usa/vancouver-whitecaps-fc-vs-los-angeles-fc-h2h-stats#1201829,5674,34,True,True,False,False,False,False,True,['45+2'],['14']
MLS,2021,5674,1201830,4,1016,2021,complete,65699,0,-1,[],[],0,0,0,12,1,13,3,2,2,2,0,0,3,1,5,1,8,2,16,4,57,43,35,11574,40852,,,2,2,1.73,3.9,4.2,1.04,1.23,1.85,2.78,5.05,14.5,4.05,2.01,1.43,1.16,1.67,2.08,2.7,1.4,4.75,1.15,1.24,1.26,1.96,2.42,2.26,4.1,2.06,2.69,3.93,0,0,1.36,1.65,2.12,2.88,4.1,3.0,2.16,1.67,1.38,1.22,1.49,7.5,3.25,1.58,14.5,2.46,3.3,7.5,1.35,2.59,6.3,19.0,3.2,1.5,1.12,1.02,1.21,1.98,4.04,9.5,4.44,1.83,1.24,1.04,0,0,0,0,0,0,0,0,0,0,0,1635982200,-1,0,56,20,36,0,-1,2,1,8,0,4,1,8,5,0,1,2,1,1,3,1,77,15,155,72,1.29,0.32,1.61,0,0,0,0,0,0,1,1,0,0,3,0,0,0,-1,-1,-1,-1,-1,-1,-1,-1,-1,10,17,36,72,94,23,65,75,39,7.81,3.48,4.48,2.28,/clubs/new-york-red-bulls-4,teams/usa-new-york-red-bulls.png,New York RB,/clubs/atlanta-united-fc-1016,teams/usa-atlanta-united-fc.png,Atlanta United FC,1.76,1.06,1.81,1.0,1.44,1.47,91,84,64,29,7,62,42,33,1.56,1.31,2.87,/usa/new-york-red-bulls-vs-atlanta-united-fc-h2h-stats#1201830,5674,35,False,False,False,False,False,False,False,[],[]
MLS,2021,5674,1201831,698284,8,2021,complete,65699,0,-1,"['1', '22', '60']",['65'],3,1,4,4,6,10,6,0,1,1,0,0,5,4,3,6,8,10,11,11,38,62,20,2339,18,,,1,1,3.2,3.6,2.1,1.03,1.18,1.57,2.4,4.2,17.5,4.77,2.25,1.55,1.22,1.49,2.46,4.33,1.18,3.6,1.25,1.59,1.29,1.4,3.48,2.34,2.81,2.96,2.72,2.47,0,0,1.2,1.36,1.64,2.07,2.87,4.0,2.9,2.12,1.67,1.36,2.28,7.5,1.86,2.02,17.5,1.79,6.5,4.55,1.31,2.43,5.75,13.0,3.44,1.56,1.14,1.02,1.18,1.88,3.68,7.5,4.84,1.92,1.28,1.07,0,0,0,0,4,2,0,1,1,2,2,1635987600,698284,0,60,28,28,0,20738,2,1,3,5,1,1,8,2,0,1,1,0,1,1,1,24,86,55,153,1.03,1.55,2.58,0,0,0,0,0,0,1,1,1,0,0,0,0,0,-1,-1,-1,-1,-1,-1,-1,-1,-1,16,35,63,75,88,41,69,72,53,11.63,2.13,4.07,2.91,/clubs/austin-fc-698284,teams/usa-austin-fc.png,Austin,/clubs/sporting-kansas-city-8,teams/usa-sporting-kansas-city.png,Sporting KC,1.35,1.53,1.25,1.63,0.88,1.81,85,66,38,25,13,72,63,51,1.76,1.18,2.94,/usa/sporting-kansas-city-vs-austin-fc-h2h-stats#1201831,5674,34,True,True,True,True,False,False,True,"['1', '22', '60']",['65']
MLS,2021,5674,1201832,14,20,2021,complete,65699,0,-1,['88'],"['17', '38', '45']",1,3,4,4,5,9,2,0,1,2,0,0,7,3,10,8,17,11,6,14,66,34,11,8,7206,,,1,2,1.91,3.6,3.75,1.03,1.18,1.52,2.42,4.22,17.5,4.73,2.35,1.55,1.21,1.52,2.38,3.1,1.33,5.0,1.15,1.3,1.28,1.77,2.49,2.38,4.02,2.22,2.74,3.4,0,0,1.17,1.31,1.59,1.99,2.57,4.5,3.14,2.3,1.82,1.48,1.45,8.0,3.3,1.67,17.5,2.21,4.0,7.0,1.3,2.38,5.55,14.5,3.52,1.58,1.14,1.03,1.18,1.85,3.6,7.5,5.0,1.95,1.29,1.06,0,0,0,0,4,0,3,1,0,1,3,1635993000,20,0,63,19,29,0,18405,2,1,3,2,1,3,5,4,1,0,0,2,1,2,1,91,23,155,78,2.23,1.08,3.3,1,0,1,0,0,0,1,1,0,0,1,1,0,0,-1,-1,-1,-1,-1,-1,-1,-1,-1,16,35,60,82,97,38,78,91,50,7.69,2.44,3.88,2.94,/clubs/real-salt-lake-14,teams/usa-real-salt-lake.png,Real Salt Lake,/clubs/portland-timbers-20,teams/usa-portland-timbers.png,Portland Timbers,1.82,1.28,1.94,1.06,1.41,1.53,85,66,41,19,3,66,56,47,1.48,1.13,2.61,/usa/real-salt-lake-vs-portland-timbers-h2h-stats#1201832,5674,37,True,True,True,True,False,False,True,['88'],"['17', '38', '45']"
MLS,2021,5674,1201833,8043,1016,2021,complete,65699,0,-1,['21'],"['70', '79']",1,2,3,5,9,14,2,2,2,2,0,0,2,6,8,13,10,19,14,11,39,61,20,41788,40852,,,2,2,4.24,4.08,1.73,1.02,1.17,1.5,2.37,4.1,19.0,4.82,2.48,1.57,1.22,1.57,2.25,6.0,1.11,2.8,1.38,2.1,1.23,1.22,4.4,2.39,2.15,4.1,2.85,1.94,0,0,1.29,1.57,1.97,2.4,3.55,3.26,2.25,1.83,1.5,1.25,2.5,6.5,1.83,2.5,19.0,1.52,8.5,3.2,1.28,2.27,4.87,14.0,3.37,1.56,1.14,1.02,1.16,1.79,3.38,7.5,5.25,2.03,1.32,1.06,0,0,0,0,3,1,0,0,2,2,1,1636317000,1016,0,57,25,35,0,-1,2,1,4,4,1,5,8,6,1,0,1,2,1,3,1,41,62,53,121,1.06,2.07,3.13,0,0,0,0,0,0,1,1,0,0,1,1,0,0,-1,-1,-1,-1,-1,-1,-1,-1,-1,16,25,44,69,88,31,60,85,38,7.82,3.51,5.44,2.6,/clubs/fc-cincinnati-8043,teams/usa-fc-cincinnati.png,FC Cincinnati,/clubs/atlanta-united-fc-1016,teams/usa-atlanta-united-fc.png,Atlanta United FC,0.47,1.06,0.5,1.0,0.61,1.45,85,75,57,32,13,60,53,38,1.48,1.25,2.73,/usa/atlanta-united-fc-vs-fc-cincinnati-h2h-stats#1201833,5674,34,True,True,True,False,False,False,True,['21'],"['70', '79']"
MLS,2021,5674,1201834,9,7,2021,complete,65699,0,-1,"['31', '58']",[],2,0,2,9,4,13,0,2,0,4,0,0,8,3,20,12,28,15,3,14,51,49,13841,10695,21081,,,0,4,1.81,3.98,3.9,1.03,1.18,1.47,2.1,4.25,18.0,4.67,2.57,1.65,1.21,1.57,2.26,2.9,1.36,5.5,1.13,1.25,1.25,1.97,2.36,2.36,3.95,2.03,2.81,3.82,0,0,1.22,1.42,1.79,2.36,2.7,3.82,2.79,2.02,1.58,1.4,1.53,7.0,3.25,1.57,18.0,2.39,2.5,11.0,1.29,2.31,4.98,15.0,3.3,1.55,1.14,1.02,1.17,1.81,3.44,8.0,5.15,2.0,1.31,1.06,0,0,0,0,2,1,0,1,0,1,1,1636317000,9,0,60,25,41,0,-1,2,1,5,1,4,3,6,7,0,0,0,4,0,4,1,72,49,124,100,2.84,1.51,4.35,0,0,0,0,0,0,1,1,0,0,0,1,0,0,-1,-1,-1,-1,-1,-1,-1,-1,-1,22,41,63,82,94,53,75,72,57,8.88,2.69,3.69,3.13,/clubs/columbus-crew-9,teams/usa-columbus-crew.png,Columbus Crew,/clubs/chicago-fire-7,teams/usa-chicago-fire.png,Chicago Fire,1.94,0.47,1.88,0.5,1.33,1.03,78,60,38,19,7,60,47,38,1.48,1.29,2.77,/usa/chicago-fire-vs-columbus-crew-h2h-stats#1201834,5674,34,True,True,False,False,False,False,False,"['31', '58']",[]
MLS,2021,5674,1201835,677447,4,2021,complete,65699,0,-1,['37'],['1'],1,1,2,3,5,8,3,0,1,2,0,0,4,5,7,9,11,14,13,20,60,40,36,40174,11574,,,1,2,2.34,3.42,2.94,1.07,1.35,1.91,3.68,7.15,9.95,3.12,1.86,1.27,1.09,1.82,1.88,2.8,1.38,3.3,1.3,1.39,1.33,1.55,2.99,2.02,3.55,2.63,2.44,3.13,0,0,1.29,1.54,1.99,2.69,3.55,3.26,2.44,1.82,1.45,1.25,1.62,7.5,2.88,1.87,9.95,2.12,4.05,5.0,1.45,3.0,7.0,23.0,2.57,1.34,1.07,1.02,1.26,2.2,4.9,10.5,3.84,1.67,1.18,1.02,0,0,0,0,2,1,1,0,0,0,2,1636317000,-1,0,63,19,35,0,-1,2,1,3,4,0,1,7,1,0,1,1,1,1,2,1,42,45,90,124,1.28,1.57,2.85,0,0,0,0,0,0,1,1,0,1,0,1,0,0,-1,-1,-1,-1,-1,-1,-1,-1,-1,16,38,56,72,94,41,81,75,50,11.88,4.19,4.31,2.85,/clubs/nashville-sc-mls-677447,teams/usa-nashville-sc-mls.png,Nashville SC,/clubs/new-york-red-bulls-4,teams/usa-new-york-red-bulls.png,New York RB,2.0,1.0,2.0,1.06,1.61,1.42,85,63,44,29,6,69,47,41,1.83,1.59,3.42,/usa/new-york-red-bulls-vs-nashville-sc-mls-h2h-stats#1201835,5674,35,True,True,False,False,False,False,True,['37'],['1']
MLS,2021,5674,1201836,11,677446,2021,complete,65699,0,-1,[],['58'],0,1,1,10,2,12,2,0,1,3,0,0,4,3,12,4,16,7,8,12,65,35,35,21032,28121,,,1,3,1.43,4.84,6.4,1.02,1.15,1.44,1.93,3.65,23.0,5.35,2.67,1.77,1.27,1.65,2.11,2.25,1.58,7.5,1.08,1.13,1.17,2.78,1.83,2.57,5.7,1.65,3.1,5.55,0,0,1.14,1.31,1.57,1.95,2.4,4.8,3.14,2.25,1.85,1.5,1.3,9.0,4.5,1.37,23.0,3.0,2.65,13.0,1.24,2.14,4.47,14.0,3.62,1.63,1.17,1.02,1.15,1.74,3.26,7.5,5.45,2.09,1.34,1.06,0,0,0,0,1,0,0,0,1,1,0,1636317000,677446,0,50,16,26,0,31635,2,1,6,1,4,1,7,5,1,0,0,3,1,3,1,95,29,148,71,1.98,0.87,2.85,0,0,0,0,0,0,1,1,0,0,0,0,0,0,-1,-1,-1,-1,-1,-1,-1,-1,-1,16,26,47,57,91,35,54,75,35,10.13,3.63,5.01,2.35,/clubs/new-england-revolution-11,teams/usa-new-england-revolution.png,New England Revolution,/clubs/club-internacional-de-futbol-miami-677446,teams/usa-club-internacional-de-futbol-miami.png,Inter Miami,2.22,1.06,2.44,0.94,2.21,1.15,85,76,53,44,10,72,63,53,1.78,0.92,2.7,/usa/new-england-revolution-vs-club-internacional-de-futbol-miami-h2h-stats#1201836,5674,34,True,False,False,False,False,False,False,[],['58']
MLS,2021,5674,1201837,2,16,2021,complete,65699,0,-1,['53'],['26'],1,1,2,4,0,4,1,2,1,4,1,0,1,4,9,7,10,11,12,15,45,55,5016,762,40182,,,3,4,1.79,3.94,4.04,1.03,1.19,1.6,2.51,4.4,17.5,4.53,2.25,1.51,1.2,1.6,2.2,2.75,1.39,5.25,1.14,1.24,1.24,2.02,2.24,2.33,4.27,2.0,2.81,3.93,0,0,1.2,1.44,1.73,2.1,2.63,4.1,2.6,2.0,1.65,1.43,1.38,8.0,4.0,1.56,17.5,2.45,3.35,7.5,1.3,2.35,5.1,16.0,3.23,1.53,1.13,1.01,1.18,1.87,3.68,8.5,4.9,1.93,1.28,1.05,0,0,0,0,2,0,1,1,0,1,1,1636317000,-1,0,57,19,41,0,-1,2,1,1,0,3,0,1,3,1,2,1,2,3,3,1,38,61,92,135,0.98,1.43,2.41,0,0,0,0,0,0,1,1,0,0,1,0,0,0,-1,-1,-1,-1,-1,-1,-1,-1,-1,26,38,53,75,94,28,72,72,63,9.81,4.5,4.26,2.94,/clubs/new-york-city-fc-2,teams/usa-new-york-city-fc.png,New York City,/clubs/philadelphia-union-16,teams/usa-philadelphia-union.png,Philadelphia Union,2.06,1.06,2.06,1.06,1.52,1.61,76,63,47,25,6,78,66,53,1.87,1.5,3.37,/usa/new-york-city-fc-vs-philadelphia-union-h2h-stats#1201837,5674,37,True,True,False,False,False,False,True,['53'],['26']
MLS,2021,5674,1201838,19,13401,2021,complete,65699,0,-1,['18'],"['13', '30', '35']",1,3,4,4,6,10,3,1,1,4,0,0,5,10,11,8,16,18,8,20,68,32,42,11435,36107,,,1,4,2.76,3.68,2.36,1.03,1.2,1.6,2.35,4.5,16.75,4.45,2.25,1.52,1.19,1.54,2.33,4.1,1.21,3.6,1.26,1.56,1.28,1.44,3.17,2.26,2.84,2.86,2.72,2.55,0,0,1.25,1.52,1.86,2.31,3.2,3.55,2.38,1.94,1.56,1.3,2.15,7.0,2.05,1.98,16.75,1.83,5.5,4.5,1.31,2.38,5.2,17.0,3.17,1.51,1.13,1.01,1.18,1.86,3.64,8.0,4.9,1.94,1.29,1.06,0,0,0,0,4,1,3,0,0,0,4,1636317000,13401,0,72,22,44,0,-1,2,1,2,5,2,1,7,3,0,0,1,4,0,5,1,41,29,111,80,1.66,2.04,3.71,0,1,0,1,0,0,1,1,0,0,0,1,0,0,-1,-1,-1,-1,-1,-1,-1,-1,-1,26,44,63,88,94,35,78,88,60,9.87,3.0,4.82,3.25,/clubs/toronto-fc-19,teams/canada-toronto-fc.png,Toronto,/clubs/dc-united-13401,teams/usa-dc-united.png,DC United,1.12,0.76,1.19,0.63,0.85,1.33,76,57,38,13,7,66,51,31,1.47,1.33,2.8,/usa/toronto-fc-vs-dc-united-h2h-stats#1201838,5674,34,True,True,True,True,False,False,True,['18'],"['13', '30', '35']"
MLS,2021,5674,1201839,1,17,2021,complete,65699,0,-1,[],"['55', '86']",0,2,2,12,4,16,5,3,1,3,1,0,5,3,10,7,15,10,13,10,55,45,7,39282,21031,,,3,3,2.08,3.62,3.32,1.04,1.24,1.76,2.82,5.15,14.0,3.98,2.04,1.42,1.15,1.63,2.14,2.9,1.36,4.2,1.2,1.31,1.29,1.73,2.55,2.2,3.78,2.29,2.64,3.4,0,0,1.25,1.5,1.88,2.25,3.3,3.55,2.4,1.93,1.57,1.29,1.7,7.0,2.7,1.7,14.0,2.23,3.6,6.5,1.34,2.54,5.7,19.0,2.98,1.46,1.11,1.01,1.21,1.97,4.04,9.5,4.44,1.83,1.24,1.04,0,0,0,0,2,0,0,0,2,2,0,1636317000,17,0,69,22,41,0,-1,2,1,4,2,8,2,6,10,1,1,1,2,2,3,1,56,38,103,81,1.7,1.12,2.82,0,0,0,0,0,0,1,1,0,0,0,0,0,0,-1,-1,-1,-1,-1,-1,-1,-1,-1,19,38,63,82,94,28,69,81,57,9.88,2.88,4.94,3.1,/clubs/montreal-impact-1,teams/canada-montreal-impact.png,Montreal Impact,/clubs/orlando-city-sc-17,teams/usa-orlando-city-sc.png,Orlando City,1.82,1.11,1.94,1.06,1.39,1.45,81,63,38,19,7,56,41,32,1.6,1.3,2.9,/usa/montreal-impact-vs-orlando-city-sc-h2h-stats#1201839,5674,34,True,True,False,False,False,False,False,[],"['55', '86']"
MLS,2021,5674,1201840,12,6490,2021,complete,65699,0,-1,"['18', '33', '53', '63', '79']","['55', '71']",5,2,7,5,10,15,5,0,2,1,0,0,10,4,8,17,18,21,8,13,38,62,3,11434,211,,,2,1,2.23,3.64,2.99,1.02,1.17,1.6,2.34,4.08,18.5,4.87,2.25,1.58,1.23,1.48,2.46,3.75,1.24,4.6,1.17,1.39,1.28,1.63,2.65,2.33,3.3,2.4,2.76,3.02,0,0,1.21,1.44,1.75,2.17,2.7,3.92,2.6,2.05,1.66,1.4,1.7,7.0,2.7,1.76,18.5,2.05,4.4,6.0,1.28,2.27,4.85,15.0,3.33,1.56,1.14,1.02,1.17,1.8,3.44,7.5,5.1,2.01,1.31,1.06,0,0,0,0,7,2,0,3,2,5,2,1636326000,12,0,63,22,19,0,-1,2,1,3,6,3,4,9,7,1,0,1,1,1,2,1,18,70,58,106,1.96,2.1,4.06,0,0,0,0,0,0,1,1,0,0,0,1,0,0,-1,-1,-1,-1,-1,-1,-1,-1,-1,6,13,44,88,94,28,66,82,44,10.0,3.0,3.57,2.44,/clubs/colorado-rapids-12,teams/usa-colorado-rapids.png,Colorado Rapids,/clubs/los-angeles-fc-6490,teams/usa-los-angeles-fc.png,Los Angeles FC,1.89,0.88,1.94,0.94,1.76,1.36,94,88,57,13,7,66,47,32,1.54,1.57,3.11,/usa/colorado-rapids-vs-los-angeles-fc-h2h-stats#1201840,5674,34,True,True,True,True,True,True,True,"['18', '33', '53', '63', '79']","['55', '71']"
MLS,2021,5674,1201841,10,1015,2021,complete,65699,0,-1,"['45+1', '51', '75']","['22', '34', '62']",3,3,6,5,7,12,1,1,1,2,0,0,10,4,5,14,15,18,11,7,59,41,39,2,5,,,1,2,2.01,3.76,3.38,1.03,1.19,1.59,2.52,4.45,16.5,4.52,2.27,1.51,1.2,1.55,2.31,3.2,1.31,4.75,1.17,1.31,1.28,1.75,2.48,2.29,3.7,2.24,2.72,3.38,0,0,1.2,1.43,1.67,2.05,2.6,4.35,2.63,2.1,1.7,1.44,1.7,7.0,2.7,1.68,16.5,2.21,3.8,6.5,1.3,2.36,5.15,17.0,3.2,1.52,1.13,1.01,1.18,1.85,3.6,8.5,4.94,1.95,1.29,1.05,0,0,0,0,6,1,2,2,1,3,3,1636326000,-1,0,66,28,25,0,-1,2,1,2,6,3,1,8,4,1,1,0,1,2,1,1,38,48,113,120,1.93,1.77,3.7,0,1,0,0,0,1,1,1,0,0,0,1,0,1,-1,-1,-1,-1,-1,-1,-1,-1,-1,10,32,53,82,97,41,79,82,41,9.38,2.94,4.0,2.72,/clubs/la-galaxy-10,teams/usa-la-galaxy.png,LA Galaxy,/clubs/minnesota-united-fc-1015,teams/usa-minnesota-united-fc.png,Minnesota United,1.71,0.89,1.75,0.94,1.42,1.45,91,69,47,19,3,56,41,25,1.66,1.34,3.0,/usa/la-galaxy-vs-minnesota-united-fc-h2h-stats#1201841,5674,34,True,True,True,True,True,True,True,"['45+1', '51', '75']","['22', '34', '62']"
MLS,2021,5674,1201842,20,698284,2021,complete,65699,0,-1,"['17', '45', '53']",[],3,0,3,5,6,11,0,2,0,1,0,0,6,5,16,2,22,7,9,9,39,61,13812,42128,2339,,,0,1,1.71,4.18,4.22,1.02,1.11,1.5,2.3,3.3,23.5,5.5,2.48,1.61,1.29,1.48,2.5,3.0,1.34,6.5,1.1,1.22,1.23,2.08,2.15,2.4,4.5,1.93,2.95,3.95,0,0,1.12,1.22,1.44,1.7,2.23,5.2,3.82,2.74,2.15,1.66,1.7,7.0,2.7,1.55,17.0,2.5,3.85,10.75,1.25,2.1,4.33,10.0,3.6,1.65,1.18,1.04,1.13,1.66,3.0,6.0,5.95,2.22,1.39,1.11,0,0,0,0,3,2,0,1,0,1,2,1636326000,20,0,50,28,13,0,-1,2,1,2,1,3,5,3,8,0,0,0,1,0,1,1,46,62,95,135,2.13,1.26,3.39,0,0,0,0,0,0,1,1,0,0,1,0,0,0,-1,-1,-1,-1,-1,-1,-1,-1,-1,13,22,57,78,97,38,72,75,44,9.94,2.5,4.25,2.82,/clubs/portland-timbers-20,teams/usa-portland-timbers.png,Portland Timbers,/clubs/austin-fc-698284,teams/usa-austin-fc.png,Austin,2.1,0.47,2.0,0.5,1.58,0.94,88,79,44,22,3,91,78,56,1.69,1.31,3.0,/usa/portland-timbers-vs-austin-fc-h2h-stats#1201842,5674,34,True,True,True,False,False,False,False,"['17', '45', '53']",[]
MLS,2021,5674,1201843,15,13,2021,complete,65699,0,-1,['34'],['42'],1,1,2,10,0,10,1,2,2,3,0,0,7,1,16,6,23,7,7,19,60,40,13864,41530,35590,,,2,3,2.28,3.5,3.0,1.03,1.21,1.61,2.45,4.75,15.5,4.27,2.23,1.57,1.18,1.56,2.27,3.3,1.29,4.1,1.21,1.39,1.29,1.6,2.74,2.24,3.35,2.47,2.67,3.03,0,0,1.2,1.4,1.65,2.0,2.5,4.3,2.7,2.1,1.73,1.48,1.7,7.0,2.7,1.79,15.5,2.06,4.2,5.5,1.32,2.44,5.4,18.0,3.1,1.49,1.12,1.01,1.2,1.91,3.85,8.5,4.65,1.89,1.26,1.05,0,0,0,0,2,1,1,0,0,0,2,1636326000,-1,0,63,29,44,0,-1,2,1,5,0,5,0,5,5,2,0,0,3,2,3,1,51,20,116,88,2.31,0.67,2.98,0,1,0,0,0,1,1,1,0,0,1,0,0,0,-1,-1,-1,-1,-1,-1,-1,-1,-1,19,47,57,81,97,44,75,82,57,9.81,2.81,4.94,3.19,/clubs/san-jose-earthquakes-15,teams/usa-san-jose-earthquakes.png,SJ Earthquakes,/clubs/fc-dallas-13,teams/usa-fc-dallas.png,FC Dallas,1.18,0.65,1.19,0.63,1.21,0.97,82,53,44,19,3,56,38,19,1.51,1.34,2.85,/usa/fc-dallas-vs-san-jose-earthquakes-h2h-stats#1201843,5674,34,True,True,False,False,False,False,True,['34'],['42']
MLS,2021,5674,1201844,8,14,2021,complete,65699,0,-1,[],['90+5'],0,1,1,1,0,1,1,1,1,2,0,0,4,4,7,8,11,12,14,11,54,46,15,18,8,,,1,2,1.66,4.14,4.64,1.03,1.2,1.53,2.4,4.48,16.75,4.47,2.4,1.53,1.19,1.63,2.14,2.55,1.46,5.5,1.13,1.18,1.25,2.13,2.15,2.34,4.57,1.94,2.79,4.23,0,0,1.14,1.28,1.51,1.91,2.52,4.8,3.34,2.53,1.91,1.51,1.38,8.0,4.0,1.52,16.75,2.57,2.88,8.0,1.3,2.36,5.15,12.0,3.22,1.52,1.13,1.03,1.16,1.83,3.6,7.9,4.7,1.9,1.25,1.05,0,0,0,0,1,0,0,0,1,1,0,1636326000,14,0,75,22,44,0,-1,2,1,1,0,0,0,1,0,0,0,1,2,0,3,1,60,46,123,104,1.42,1.38,2.8,0,0,0,0,0,0,1,1,0,0,1,0,0,0,-1,-1,-1,-1,-1,-1,-1,-1,-1,22,35,69,91,97,41,85,88,60,13.07,2.56,3.69,3.28,/clubs/sporting-kansas-city-8,teams/usa-sporting-kansas-city.png,Sporting KC,/clubs/real-salt-lake-14,teams/usa-real-salt-lake.png,Real Salt Lake,1.84,1.05,2.0,0.88,1.76,1.36,79,66,32,10,3,78,63,54,1.98,1.5,3.48,/usa/sporting-kansas-city-vs-real-salt-lake-h2h-stats#1201844,5674,36,True,False,False,False,False,False,False,[],['90+5']
MLS,2021,5674,1201845,5,18,2021,complete,65699,0,-1,['20'],['8'],1,1,2,8,3,11,5,1,0,3,0,0,2,5,4,5,6,10,12,10,51,49,24,41087,25,,,0,3,2.76,3.5,2.43,1.04,1.26,1.81,2.97,5.5,13.25,3.8,1.98,1.38,1.14,1.65,2.12,3.6,1.26,3.2,1.31,1.54,1.3,1.43,3.28,2.15,2.94,2.92,2.6,2.61,0,0,1.2,1.4,1.65,2.13,2.5,4.3,2.7,2.23,1.71,1.48,1.8,7.0,2.5,2.01,13.25,1.86,4.8,4.2,1.36,2.62,5.95,17.5,2.88,1.43,1.1,1.01,1.22,2.04,4.3,9.5,4.24,1.78,1.22,1.04,0,0,0,0,2,1,1,0,0,0,2,1636326000,-1,0,57,16,32,0,-1,2,1,5,1,3,2,6,5,0,2,0,1,2,1,1,55,39,114,87,0.93,1.27,2.2,0,1,0,1,0,0,1,1,0,1,2,1,0,0,-1,-1,-1,-1,-1,-1,-1,-1,-1,6,16,57,69,97,22,63,82,51,9.19,3.69,3.38,2.53,/clubs/vancouver-whitecaps-fc-5,teams/canada-vancouver-whitecaps-fc.png,Vancouver Whitecaps,/clubs/seattle-sounders-fc-18,teams/usa-seattle-sounders-fc.png,Seattle Sounders,1.94,1.82,2.0,1.88,1.45,1.79,94,85,44,31,3,63,50,41,1.29,1.2,2.49,/usa/vancouver-whitecaps-fc-vs-seattle-sounders-fc-h2h-stats#1201845,5674,35,True,True,False,False,False,False,True,['20'],['8']
MLS,2021,5674,1448598,16,4,2021,complete,65703,0,-1,['120+3'],[],1,0,1,3,2,5,4,2,1,4,0,0,3,5,4,5,7,10,11,16,35,65,24,40182,11574,,,1,4,2.38,3.25,3.1,1.07,1.36,2.02,3.75,7.5,9.0,3.1,1.78,1.25,1.08,1.83,1.91,2.6,1.44,3.8,1.24,1.27,1.33,1.73,2.75,2.1,4.0,2.4,2.4,3.5,0,0,1.23,1.45,1.9,2.3,3.04,3.72,2.69,1.9,1.59,1.33,2.12,7.8,2.1,1.67,8.3,2.5,3.4,5.5,1.44,3.25,9.0,26.0,2.63,1.33,1.07,1.01,1.25,2.15,4.6,11.0,3.6,1.62,1.17,1.04,0,0,0,0,1,0,0,1,0,1,0,1637436600,16,1,53,15,24,0,-1,2,1,1,4,3,2,5,5,0,1,1,3,1,4,1,76,59,147,144,1.22,1.43,2.65,0,0,0,0,0,0,1,1,0,0,0,1,0,0,-1,-1,-1,-1,-1,-1,-1,-1,-1,8,18,40,68,94,25,74,64,41,10.06,3.76,4.44,2.28,/clubs/philadelphia-union-16,teams/usa-philadelphia-union.png,Philadelphia Union,/clubs/new-york-red-bulls-4,teams/usa-new-york-red-bulls.png,New York RB,1.57,1.37,1.59,1.41,1.59,1.41,93,82,61,32,6,64,49,37,1.55,1.57,3.12,/usa/new-york-red-bulls-vs-philadelphia-union-h2h-stats#1448598,5674,35,True,False,False,False,False,False,False,['120+3'],[]
MLS,2021,5674,1448599,8,5,2021,complete,65703,0,-1,"['17', '45+3', '58']",['39'],3,1,4,3,4,7,0,1,0,3,0,0,5,4,4,2,9,6,10,9,37,63,35,18,41087,,,0,3,1.66,4.1,4.95,1.02,1.2,1.53,2.6,4.5,15.0,4.5,2.3,1.5,1.2,1.67,2.1,2.6,1.44,5.75,1.12,1.16,1.26,2.2,2.2,2.38,4.75,1.95,2.75,4.33,0,0,1.2,1.41,1.85,2.18,2.89,4.04,2.82,1.95,1.65,1.36,1.22,11.0,6.0,1.44,12.75,2.88,2.9,9.5,1.3,2.5,6.0,17.0,3.4,1.5,1.13,1.03,1.17,1.77,3.3,7.25,4.6,1.93,1.28,1.08,0,0,0,0,4,2,1,1,0,1,3,1637445600,8,1,67,18,30,0,-1,2,1,2,2,1,2,4,3,0,0,0,3,0,3,1,37,65,91,126,1.19,1.14,2.34,0,1,0,1,0,0,1,1,0,0,0,0,0,0,-1,-1,-1,-1,-1,-1,-1,-1,-1,9,31,61,82,93,37,77,77,52,11.27,2.8,3.24,2.77,/clubs/sporting-kansas-city-8,teams/usa-sporting-kansas-city.png,Sporting KC,/clubs/vancouver-whitecaps-fc-5,teams/canada-vancouver-whitecaps-fc.png,Vancouver Whitecaps,1.69,1.4,1.71,1.44,1.71,1.44,91,70,40,18,8,75,59,44,1.57,1.21,2.78,/usa/vancouver-whitecaps-fc-vs-sporting-kansas-city-h2h-stats#1448599,5674,35,True,True,True,True,False,False,True,"['17', '45+3', '58']",['39']
MLS,2021,5674,1448600,2,1016,2021,complete,65703,0,-1,"['49', '53']",[],2,0,2,6,7,13,3,1,0,2,0,1,5,2,8,8,13,10,15,10,42,58,11,762,40852,,,0,3,1.69,3.9,4.95,1.03,1.25,1.9,3.1,5.5,13.0,4.0,2.0,1.38,1.14,1.8,1.91,2.4,1.51,5.0,1.15,1.18,1.26,2.1,2.25,2.25,5.0,1.95,2.6,4.5,0,0,1.23,1.46,1.83,2.34,3.14,3.72,2.64,1.98,1.57,1.31,1.46,8.6,3.64,1.44,10.5,3.0,2.8,8.5,1.36,2.63,7.0,21.0,3.0,1.44,1.1,1.02,1.21,1.95,4.0,9.25,4.0,1.75,1.21,1.05,0,0,0,0,2,0,0,2,0,2,0,1637524800,2,1,55,15,33,0,-1,2,1,2,1,4,6,3,10,0,1,0,2,1,2,1,52,51,105,112,1.55,1.15,2.7,0,0,0,0,0,0,1,1,0,0,1,0,0,0,-1,-1,-1,-1,-1,-1,-1,-1,-1,14,26,49,72,93,25,68,82,44,9.5,3.53,4.5,2.56,/clubs/new-york-city-fc-2,teams/usa-new-york-city-fc.png,New York City,/clubs/atlanta-united-fc-1016,teams/usa-atlanta-united-fc.png,Atlanta United FC,1.55,1.46,1.5,1.5,1.5,1.5,87,74,52,28,8,53,44,38,1.67,1.51,3.18,/usa/new-york-city-fc-vs-atlanta-united-fc-h2h-stats#1448600,5674,35,True,True,False,False,False,False,False,"['49', '53']",[]
MLS,2021,5674,1448601,20,1015,2021,complete,65703,0,-1,"['43', '46', '66']",['11'],3,1,4,8,5,13,1,0,2,6,0,0,4,6,14,4,18,10,15,21,48,52,7,42128,5,,,2,6,2.18,3.8,3.05,1.02,1.18,1.55,2.42,4.33,17.0,4.75,2.3,1.52,1.2,1.53,2.38,3.1,1.33,5.25,1.15,1.27,1.26,1.87,2.5,2.4,3.75,2.25,2.7,3.4,0,0,1.19,1.39,1.72,2.15,2.8,4.14,2.9,2.12,1.67,1.38,2.15,7.8,2.07,1.62,17.75,2.38,3.8,7.0,1.29,2.38,5.5,15.0,3.5,1.53,1.14,1.03,1.16,1.77,3.4,7.5,4.6,1.93,1.28,1.08,0,0,0,0,4,1,1,2,0,2,2,1637533800,20,1,56,38,24,0,-1,2,1,5,1,3,4,6,7,1,2,1,4,3,5,1,52,39,112,114,1.79,1.35,3.14,0,0,0,0,0,0,1,1,0,0,1,0,0,0,-1,-1,-1,-1,-1,-1,-1,-1,-1,15,31,56,78,97,47,78,78,37,9.38,2.56,3.94,2.86,/clubs/portland-timbers-20,teams/usa-portland-timbers.png,Portland Timbers,/clubs/minnesota-united-fc-1015,teams/usa-minnesota-united-fc.png,Minnesota United,1.71,1.4,1.62,1.44,1.62,1.44,85,70,44,22,3,71,62,47,1.42,1.58,3.0,/usa/portland-timbers-vs-minnesota-united-fc-h2h-stats#1448601,5674,35,True,True,True,True,False,False,True,"['43', '46', '66']",['11']
MLS,2021,5674,1448602,677447,17,2021,complete,65703,0,-1,"['21', '74', '90+4']",['14'],3,1,4,0,5,5,2,2,1,2,0,0,6,2,1,4,7,6,16,15,46,54,31,40174,21031,,,1,2,1.85,3.37,3.7,1.06,1.32,2.45,3.4,6.5,8.25,3.1,1.57,1.28,1.09,1.85,1.85,2.4,1.51,4.0,1.22,1.24,1.3,1.85,2.5,2.05,4.33,2.25,2.4,4.0,0,0,1.23,1.44,1.81,2.3,3.04,3.72,2.69,2.0,1.59,1.33,1.52,8.4,3.34,1.71,8.8,2.66,3.1,7.0,1.41,2.85,7.5,21.0,2.65,1.37,1.08,1.01,1.26,2.15,4.75,11.5,3.5,1.6,1.16,1.03,0,0,0,0,4,1,1,2,0,2,2,1637715600,677447,1,62,21,38,0,-1,2,1,0,2,0,3,2,3,0,1,1,1,1,2,1,0,0,0,0,1.02,0.86,1.88,0,0,0,0,0,0,1,1,0,0,0,1,0,0,-1,-1,-1,-1,-1,-1,-1,-1,-1,18,32,49,75,87,32,74,74,46,9.11,3.2,3.71,2.74,/clubs/nashville-sc-mls-677447,teams/usa-nashville-sc-mls.png,Nashville SC,/clubs/orlando-city-sc-17,teams/usa-orlando-city-sc.png,Orlando City,1.61,1.46,1.59,1.5,1.59,1.5,82,68,52,25,14,62,41,31,1.52,1.37,2.89,/usa/orlando-city-sc-vs-nashville-sc-mls-h2h-stats#1448602,5674,35,True,True,True,True,False,False,True,"['21', '74', '90+4']",['14']
MLS,2021,5674,1448603,18,14,2021,complete,65703,0,-1,[],[],0,0,0,15,1,16,3,0,2,3,0,0,3,0,18,0,21,0,11,18,62,38,13893,25,8,,,2,3,1.63,3.8,4.3,1.02,1.22,1.73,2.8,5.0,15.0,4.2,2.15,1.44,1.16,1.67,2.1,2.5,1.47,5.25,1.14,1.19,1.24,2.15,2.3,2.3,4.75,2.0,2.65,4.33,0,0,1.18,1.34,1.64,2.08,2.74,4.5,2.98,2.2,1.75,1.43,1.44,8.9,3.72,1.44,11.5,2.75,2.9,8.5,1.33,2.63,6.5,19.0,3.25,1.44,1.11,1.02,1.19,1.9,3.75,8.75,4.2,1.8,1.23,1.06,0,0,0,0,0,0,0,0,0,0,0,1637724600,-1,1,64,21,38,0,-1,2,1,2,0,9,1,2,10,0,0,2,3,0,5,1,93,38,182,123,2.22,0.3,2.52,0,0,0,0,0,0,1,1,0,0,0,0,0,0,-1,-1,-1,-1,-1,-1,-1,-1,-1,14,30,59,76,96,34,68,84,52,9.44,2.44,3.86,2.87,/clubs/seattle-sounders-fc-18,teams/usa-seattle-sounders-fc.png,Seattle Sounders,/clubs/real-salt-lake-14,teams/usa-real-salt-lake.png,Real Salt Lake,1.74,1.41,1.76,1.41,1.76,1.41,87,71,41,24,5,68,56,49,1.43,1.51,2.94,/usa/real-salt-lake-vs-seattle-sounders-fc-h2h-stats#1448603,5674,35,False,False,False,False,False,False,False,[],[]
MLS,2021,5674,1459666,11,2,2021,complete,65702,0,-1,"['9', '118']","['3', '109']",2,2,4,4,4,8,0,2,2,3,0,1,4,4,11,13,15,17,22,19,43,57,36,21032,762,,,2,4,1.9,3.6,3.9,1.02,1.17,1.75,2.3,3.8,17.0,4.5,2.1,1.55,1.22,1.55,2.38,3.5,1.27,4.75,1.17,1.35,1.27,1.77,2.61,2.38,3.74,2.4,2.78,3.4,0,0,1.19,1.33,1.63,2.05,2.7,4.4,3.04,2.22,1.77,1.44,1.67,8.3,2.85,1.73,15.0,2.2,4.0,7.0,1.3,2.36,5.5,11.0,3.52,1.59,1.15,1.03,1.17,1.83,3.52,7.0,5.05,1.98,1.3,1.08,0,0,0,0,4,1,1,1,1,2,2,1638318600,-1,1,61,27,32,0,25509,2,1,0,2,3,2,2,5,1,1,1,3,2,4,1,74,58,143,126,1.77,1.78,3.55,0,0,0,0,0,0,1,1,1,1,0,1,0,0,-1,-1,-1,-1,-1,-1,-1,-1,-1,23,35,57,77,96,35,71,81,45,11.07,3.15,4.08,2.91,/clubs/new-england-revolution-11,teams/usa-new-england-revolution.png,New England Revolution,/clubs/new-york-city-fc-2,teams/usa-new-york-city-fc.png,New York City,2.11,1.55,2.15,1.54,2.15,1.54,77,65,43,24,5,67,57,51,1.67,1.66,3.33,/usa/new-york-city-fc-vs-new-england-revolution-h2h-stats#1459666,5674,35,True,True,True,True,False,False,True,"['9', '118']","['3', '109']"
MLS,2021,5674,1459669,12,20,2021,complete,65702,0,-1,[],['90'],0,1,1,6,5,11,3,0,0,1,0,1,3,3,6,8,9,11,8,10,55,45,15,11434,42128,,,0,3,1.6,3.7,4.3,1.02,1.2,1.61,2.38,4.15,17.0,4.6,2.17,1.54,1.23,1.58,2.2,2.7,1.41,6.25,1.11,1.18,1.23,2.25,2.1,2.35,4.6,1.88,2.8,4.33,0,0,1.19,1.39,1.71,2.13,2.8,4.2,2.9,2.14,1.68,1.38,1.36,8.5,4.0,1.52,17.0,2.75,3.15,10.25,1.28,2.2,5.0,12.5,3.4,1.58,1.15,1.03,1.15,1.72,3.2,7.0,4.8,1.98,1.3,1.08,0,0,0,0,1,0,0,0,1,1,0,1637875800,20,1,58,12,21,0,-1,2,1,5,2,1,3,7,4,0,1,0,1,1,1,1,70,33,122,92,1.29,1.15,2.45,0,0,0,0,0,0,1,1,0,0,2,0,0,0,-1,-1,-1,-1,-1,-1,-1,-1,-1,13,30,57,81,96,45,71,82,42,8.94,2.96,4.33,2.87,/clubs/colorado-rapids-12,teams/usa-colorado-rapids.png,Colorado Rapids,/clubs/portland-timbers-20,teams/usa-portland-timbers.png,Portland Timbers,1.74,1.71,1.79,1.66,1.79,1.66,87,70,44,19,5,71,58,40,1.5,1.43,2.93,/usa/colorado-rapids-vs-portland-timbers-h2h-stats#1459669,5674,35,True,False,False,False,False,False,False,[],['90']
MLS,2021,5674,1464245,8,14,2021,complete,65702,0,-1,['24'],"['72', '90+1']",1,2,3,4,5,9,0,0,0,1,0,0,2,5,2,2,4,7,18,14,45,55,39,18,8,,,0,1,1.59,4.14,5.11,1.03,1.22,1.57,2.8,5.0,13.0,4.2,2.28,1.44,1.16,1.73,2.0,2.45,1.5,5.5,1.13,1.17,1.23,2.25,2.2,2.38,5.0,1.91,2.7,4.5,0,0,1.15,1.3,1.56,1.98,2.56,5.1,3.2,2.41,1.85,1.51,1.15,8.75,6.5,1.4,16.0,3.0,2.95,10.25,1.33,2.5,6.0,17.0,3.25,1.5,1.13,1.03,1.19,1.87,3.7,8.5,4.33,1.82,1.24,1.06,0,0,0,0,3,1,0,0,2,2,1,1638129600,14,1,69,22,39,0,-1,2,1,0,2,4,3,2,7,0,0,0,1,0,1,1,21,11,53,48,0.55,0.88,1.43,1,0,1,0,0,0,1,1,0,0,0,1,0,0,-1,-1,-1,-1,-1,-1,-1,-1,-1,15,37,66,82,93,40,77,83,53,10.77,2.25,3.71,3.01,/clubs/sporting-kansas-city-8,teams/usa-sporting-kansas-city.png,Sporting KC,/clubs/real-salt-lake-14,teams/usa-real-salt-lake.png,Real Salt Lake,1.69,1.41,1.74,1.4,1.74,1.4,86,63,34,19,8,71,56,44,1.56,1.47,3.03,/usa/sporting-kansas-city-vs-real-salt-lake-h2h-stats#1464245,5674,36,True,True,True,False,False,False,True,['24'],"['72', '90+1']"
MLS,2021,5674,1464246,16,677447,2021,complete,65702,0,-1,['45+2'],['38'],1,1,2,11,8,19,1,1,0,1,0,0,3,3,20,11,23,14,16,24,50,50,3,40182,40174,,,0,1,1.98,3.89,3.73,1.1,1.54,2.14,2.21,9.5,6.5,2.4,1.65,1.59,1.04,2.25,1.57,2.1,1.65,3.1,1.32,1.26,1.4,1.76,2.88,1.91,4.75,2.5,2.15,4.2,0,0,1.27,1.52,1.9,2.49,3.4,3.4,2.46,1.83,1.51,1.27,1.5,6.25,3.0,1.67,6.55,2.75,3.05,6.25,1.59,3.75,9.25,18.0,2.28,1.25,1.03,1.0,1.36,2.75,7.0,21.0,3.0,1.4,1.1,1.02,0,0,0,0,2,1,1,0,0,0,2,1638138600,-1,1,56,9,23,0,-1,2,1,5,2,6,6,7,12,0,0,0,1,0,1,1,69,44,150,112,2.16,1.42,3.58,0,0,0,0,0,0,1,1,0,0,2,0,0,0,-1,-1,-1,-1,-1,-1,-1,-1,-1,10,27,43,70,89,29,70,68,45,9.49,3.77,3.83,2.52,/clubs/philadelphia-union-16,teams/usa-philadelphia-union.png,Philadelphia Union,/clubs/nashville-sc-mls-677447,teams/usa-nashville-sc-mls.png,Nashville SC,1.57,1.61,1.63,1.63,1.63,1.63,90,73,57,30,12,65,50,36,1.54,1.51,3.05,/usa/philadelphia-union-vs-nashville-sc-mls-h2h-stats#1464246,5674,36,True,True,False,False,False,False,True,['45+2'],['38']
MLS,2021,5674,1466142,20,14,2021,complete,65701,0,-1,"['5', '61']",[],2,0,2,7,3,10,0,2,1,2,0,1,6,3,9,3,15,6,11,17,51,49,35,42128,8,,,1,3,1.85,3.75,3.75,1.03,1.18,1.53,2.21,4.0,12.0,4.4,2.35,1.59,1.21,1.53,2.35,3.2,1.32,5.0,1.15,1.28,1.27,1.83,2.45,2.25,3.8,2.2,2.7,3.5,0,0,1.17,1.28,1.5,1.88,2.38,4.5,3.5,2.48,1.93,1.54,1.75,7.5,2.53,1.62,18.75,2.29,3.9,7.5,1.29,2.25,5.25,13.0,3.25,1.55,1.14,1.03,1.16,1.75,3.3,7.25,4.75,1.93,1.28,1.08,0,0,0,0,2,1,0,1,0,1,1,1638660600,20,1,65,41,32,0,-1,2,1,4,0,3,3,4,6,0,0,1,3,0,4,1,53,53,105,120,1.75,0.99,2.74,0,0,0,0,0,0,1,1,1,0,2,0,0,0,-1,-1,-1,-1,-1,-1,-1,-1,-1,19,36,67,79,96,45,74,88,50,8.75,2.22,4.25,3.13,/clubs/portland-timbers-20,teams/usa-portland-timbers.png,Portland Timbers,/clubs/real-salt-lake-14,teams/usa-real-salt-lake.png,Real Salt Lake,1.71,1.41,1.69,1.44,1.69,1.44,81,64,34,21,4,74,63,53,1.43,1.46,2.89,/usa/real-salt-lake-vs-portland-timbers-h2h-stats#1466142,5674,37,True,True,False,False,False,False,False,"['5', '61']",[]
MLS,2021,5674,1467274,16,2,2021,complete,65701,0,-1,['63'],"['65', '88']",1,2,3,3,2,5,4,2,2,1,0,0,5,4,5,5,10,9,11,16,35,65,15,40182,762,,,2,1,2.3,3.25,2.87,1.07,1.33,1.83,3.4,6.75,8.0,3.0,1.95,1.27,1.09,1.8,1.91,3.1,1.33,3.1,1.33,1.46,1.33,1.46,3.25,2.1,3.4,2.88,2.35,2.88,0,0,1.2,1.38,1.71,2.12,2.85,4.25,2.88,2.0,1.66,1.38,1.8,5.75,2.25,1.91,10.0,2.1,4.55,4.75,1.44,3.25,9.0,26.0,2.63,1.33,1.07,1.01,1.26,2.2,4.8,12.0,3.5,1.58,1.16,1.03,0,0,0,0,3,0,0,1,2,3,0,1638734400,2,1,56,20,27,0,-1,2,1,1,2,2,0,3,2,0,1,2,0,1,2,1,38,44,127,122,1.27,1.18,2.46,0,0,0,0,0,0,1,1,0,0,0,0,0,0,-1,-1,-1,-1,-1,-1,-1,-1,-1,12,24,46,75,96,28,72,74,47,9.7,3.8,4.61,2.56,/clubs/philadelphia-union-16,teams/usa-philadelphia-union.png,Philadelphia Union,/clubs/new-york-city-fc-2,teams/usa-new-york-city-fc.png,New York City,1.57,1.55,1.61,1.53,1.61,1.53,89,77,54,25,5,60,52,42,1.56,1.67,3.23,/usa/new-york-city-fc-vs-philadelphia-union-h2h-stats#1467274,5674,37,True,True,True,False,False,False,True,['63'],"['65', '88']"
MLS,2021,5674,1485002,20,2,2021,complete,65700,0,-1,['90+4'],['41'],1,1,2,6,4,10,3,1,2,3,0,0,4,6,16,7,20,13,16,18,48,52,7,42128,762,,,2,3,2.1,3.45,3.05,1.06,1.28,1.9,3.1,5.75,8.75,3.3,1.83,1.33,1.12,1.67,2.1,3.3,1.3,3.3,1.3,1.46,1.33,1.46,3.25,2.2,3.2,2.88,2.4,2.75,0,0,1.2,1.37,1.69,2.15,2.86,4.25,2.84,2.12,1.7,1.4,2.08,7.8,2.14,2.1,11.25,1.83,4.75,4.2,1.4,2.75,8.0,21.0,2.75,1.4,1.08,1.02,1.23,2.05,4.33,10.5,3.75,1.68,1.19,1.04,0,0,0,0,2,0,1,1,0,1,1,1639252800,-1,1,58,37,29,0,25218,2,1,1,2,5,2,3,7,0,0,2,3,0,5,1,76,62,171,172,2.1,1.71,3.81,0,0,0,0,0,0,1,1,0,0,0,2,0,0,1,33,24,1,14,18,1,7,4,18,30,57,81,98,41,72,85,47,8.64,2.97,4.49,2.92,/clubs/portland-timbers-20,teams/usa-portland-timbers.png,Portland Timbers,/clubs/new-york-city-fc-2,teams/usa-new-york-city-fc.png,New York City,1.71,1.55,1.73,1.57,1.73,1.57,83,71,44,19,3,64,55,46,1.44,1.65,3.09,/usa/new-york-city-fc-vs-portland-timbers-h2h-stats#1485002,5674,38,True,True,False,False,False,False,True,['90+4'],['41']
